model,strategy,seed,seed_group,label_budget,n_labeled,labeled_benign,labeled_phish,scenario,target_fpr,threshold,calibration_empirical_fpr,recall,empirical_fpr,precision,f1,average_precision,roc_auc,fit_seconds
T0_E2E,RANDOM_GLOBAL,42,ORIGINAL5,0.25,1000,501,499,IID_ORIGINAL,0.005,0.998914122581482,0.00468384074941452,0.4924385633270321,0.004515805318615153,0.9830188679245283,0.6561712846347607,0.8661195425205894,0.8674249286491379,70.15994728699991
T0_E2E,RANDOM_GLOBAL,42,ORIGINAL5,0.25,1000,501,499,IID_BALANCED,0.005,0.998914122581482,0.00468384074941452,0.4924385633270321,0.002835538752362949,0.9942748091603053,0.6586599241466498,0.9117963515887739,0.8696393666403421,70.15994728699991
T0_E2E,RANDOM_GLOBAL,42,ORIGINAL5,0.25,1000,501,499,TEMPORAL,0.005,0.998914122581482,0.00468384074941452,0.46275,0.0025,0.9946265448683503,0.6316328271626003,0.9576023059584362,0.94739475,70.15994728699991
T0_E2E,RANDOM_GLOBAL,42,ORIGINAL5,0.25,1000,501,499,DOMAIN_OOD,0.005,0.998914122581482,0.00468384074941452,0.3203732503888025,0.00414722654224987,0.987220447284345,0.4837573385518591,0.9426210998130063,0.9360880463289708,70.15994728699991
T0_E2E,RANDOM_GLOBAL,42,ORIGINAL5,0.25,1000,501,499,TEMPLATE_OOD,0.005,0.998914122581482,0.00468384074941452,0.45433255269320844,0.00234192037470726,0.9948717948717949,0.6237942122186495,0.956677666579923,0.9465770410219987,70.15994728699991
T0_E2E,RANDOM_GLOBAL,42,ORIGINAL5,0.25,1000,501,499,DOMAIN_TEMPLATE_OOD,0.005,0.998914122581482,0.00468384074941452,0.3074433656957929,0.003236245954692557,0.9895833333333334,0.4691358024691358,0.9368459440212938,0.9289438329208022,70.15994728699991
T0_E2E,RANDOM_GLOBAL,42,ORIGINAL5,0.25,1000,501,499,IID_ORIGINAL,0.01,0.9983927607536317,0.00936768149882904,0.552930056710775,0.010536879076768691,0.9653465346534653,0.703125,0.8661195425205894,0.8674249286491379,70.15994728699991
T0_E2E,RANDOM_GLOBAL,42,ORIGINAL5,0.25,1000,501,499,IID_BALANCED,0.01,0.9983927607536317,0.00936768149882904,0.552930056710775,0.005671077504725898,0.9898477157360406,0.7095209217707702,0.9117963515887739,0.8696393666403421,70.15994728699991
T0_E2E,RANDOM_GLOBAL,42,ORIGINAL5,0.25,1000,501,499,TEMPORAL,0.01,0.9983927607536317,0.00936768149882904,0.5435,0.005,0.9908842297174111,0.7019696480464966,0.9576023059584362,0.94739475,70.15994728699991
T0_E2E,RANDOM_GLOBAL,42,ORIGINAL5,0.25,1000,501,499,DOMAIN_OOD,0.01,0.9983927607536317,0.00936768149882904,0.4048729911871436,0.005184033177812338,0.9873577749683944,0.5742647058823529,0.9426210998130063,0.9360880463289708,70.15994728699991
T0_E2E,RANDOM_GLOBAL,42,ORIGINAL5,0.25,1000,501,499,TEMPLATE_OOD,0.01,0.9983927607536317,0.00936768149882904,0.5283957845433255,0.004391100702576112,0.9917582417582418,0.6894576012223071,0.956677666579923,0.9465770410219987,70.15994728699991
T0_E2E,RANDOM_GLOBAL,42,ORIGINAL5,0.25,1000,501,499,DOMAIN_TEMPLATE_OOD,0.01,0.9983927607536317,0.00936768149882904,0.38673139158576053,0.004314994606256742,0.9889655172413793,0.5560294687863513,0.9368459440212938,0.9289438329208022,70.15994728699991
T0_E2E,RANDOM_GLOBAL,42,ORIGINAL5,0.25,1000,501,499,IID_ORIGINAL,0.02,0.9888634681701661,0.01990632318501171,0.6417769376181475,0.021073758153537382,0.941747572815534,0.7633501967397415,0.8661195425205894,0.8674249286491379,70.15994728699991
T0_E2E,RANDOM_GLOBAL,42,ORIGINAL5,0.25,1000,501,499,IID_BALANCED,0.02,0.9888634681701661,0.01990632318501171,0.6417769376181475,0.017013232514177693,0.9741750358680057,0.7737891737891738,0.9117963515887739,0.8696393666403421,70.15994728699991
T0_E2E,RANDOM_GLOBAL,42,ORIGINAL5,0.25,1000,501,499,TEMPORAL,0.02,0.9888634681701661,0.01990632318501171,0.65225,0.01175,0.9823042168674698,0.7839543269230769,0.9576023059584362,0.94739475,70.15994728699991
T0_E2E,RANDOM_GLOBAL,42,ORIGINAL5,0.25,1000,501,499,DOMAIN_OOD,0.02,0.9888634681701661,0.01990632318501171,0.5510627268014515,0.015552099533437015,0.9725526075022873,0.7035076108537393,0.9426210998130063,0.9360880463289708,70.15994728699991
T0_E2E,RANDOM_GLOBAL,42,ORIGINAL5,0.25,1000,501,499,TEMPLATE_OOD,0.02,0.9888634681701661,0.01990632318501171,0.6361241217798594,0.011124121779859485,0.9828132066938037,0.7723476097387596,0.956677666579923,0.9465770410219987,70.15994728699991
T0_E2E,RANDOM_GLOBAL,42,ORIGINAL5,0.25,1000,501,499,DOMAIN_TEMPLATE_OOD,0.02,0.9888634681701661,0.01990632318501171,0.52319309600863,0.014023732470334413,0.9738955823293173,0.6807017543859649,0.9368459440212938,0.9289438329208022,70.15994728699991
T0_E2E,RANDOM_GLOBAL,52,ORIGINAL5,0.25,1000,516,484,IID_ORIGINAL,0.005,0.9996330738067628,0.00468384074941452,0.5094517958412098,0.006021073758153537,0.9782214156079855,0.6699813548788067,0.8750224086292184,0.8827953603206686,70.10569111200016
T0_E2E,RANDOM_GLOBAL,52,ORIGINAL5,0.25,1000,516,484,IID_BALANCED,0.005,0.9996330738067628,0.00468384074941452,0.5094517958412098,0.003780718336483932,0.992633517495396,0.6733291692692067,0.9151138690516811,0.884258382438599,70.10569111200016
T0_E2E,RANDOM_GLOBAL,52,ORIGINAL5,0.25,1000,516,484,TEMPORAL,0.005,0.9996330738067628,0.00468384074941452,0.4925,0.00225,0.9954522486104093,0.6589730724201371,0.9658170930799559,0.959454125,70.10569111200016
T0_E2E,RANDOM_GLOBAL,52,ORIGINAL5,0.25,1000,516,484,DOMAIN_OOD,0.005,0.9996330738067628,0.00468384074941452,0.36599274235355106,0.002073613271124935,0.9943661971830986,0.535051155740811,0.9526689108867193,0.9458162379828656,70.10569111200016
T0_E2E,RANDOM_GLOBAL,52,ORIGINAL5,0.25,1000,516,484,TEMPLATE_OOD,0.005,0.9996330738067628,0.00468384074941452,0.47540983606557374,0.0020491803278688526,0.9957081545064378,0.6435506241331485,0.9635532573989292,0.9572971455445924,70.10569111200016
T0_E2E,RANDOM_GLOBAL,52,ORIGINAL5,0.25,1000,516,484,DOMAIN_TEMPLATE_OOD,0.005,0.9996330738067628,0.00468384074941452,0.35436893203883496,0.002157497303128371,0.9939485627836612,0.5224652087475149,0.9485028075783472,0.9409166919771124,70.10569111200016
T0_E2E,RANDOM_GLOBAL,52,ORIGINAL5,0.25,1000,516,484,IID_ORIGINAL,0.01,0.9991557598114015,0.00936768149882904,0.6190926275992439,0.01154039136979428,0.9660766961651918,0.7546082949308756,0.8750224086292184,0.8827953603206686,70.10569111200016
T0_E2E,RANDOM_GLOBAL,52,ORIGINAL5,0.25,1000,516,484,IID_BALANCED,0.01,0.9991557598114015,0.00936768149882904,0.6190926275992439,0.00945179584120983,0.9849624060150376,0.7603017991874638,0.9151138690516811,0.884258382438599,70.10569111200016
T0_E2E,RANDOM_GLOBAL,52,ORIGINAL5,0.25,1000,516,484,TEMPORAL,0.01,0.9991557598114015,0.00936768149882904,0.6185,0.00725,0.9884139033160207,0.760879594033523,0.9658170930799559,0.959454125,70.10569111200016
T0_E2E,RANDOM_GLOBAL,52,ORIGINAL5,0.25,1000,516,484,DOMAIN_OOD,0.01,0.9991557598114015,0.00936768149882904,0.5173665111456713,0.008812856402280975,0.9832512315270936,0.6779891304347826,0.9526689108867193,0.9458162379828656,70.10569111200016
T0_E2E,RANDOM_GLOBAL,52,ORIGINAL5,0.25,1000,516,484,TEMPLATE_OOD,0.01,0.9991557598114015,0.00936768149882904,0.6033372365339579,0.007318501170960188,0.9880153403643337,0.7491821155943293,0.9635532573989292,0.9572971455445924,70.10569111200016
T0_E2E,RANDOM_GLOBAL,52,ORIGINAL5,0.25,1000,516,484,DOMAIN_TEMPLATE_OOD,0.01,0.9991557598114015,0.00936768149882904,0.4967637540453074,0.008090614886731391,0.9839743589743589,0.6602150537634408,0.9485028075783472,0.9409166919771124,70.10569111200016
T0_E2E,RANDOM_GLOBAL,52,ORIGINAL5,0.25,1000,516,484,IID_ORIGINAL,0.02,0.9368651509284974,0.01990632318501171,0.7013232514177694,0.02609131961866533,0.9345088161209067,0.8012958963282938,0.8750224086292184,0.8827953603206686,70.10569111200016
T0_E2E,RANDOM_GLOBAL,52,ORIGINAL5,0.25,1000,516,484,IID_BALANCED,0.02,0.9368651509284974,0.01990632318501171,0.7013232514177694,0.026465028355387523,0.9636363636363636,0.811816192560175,0.9151138690516811,0.884258382438599,70.10569111200016
T0_E2E,RANDOM_GLOBAL,52,ORIGINAL5,0.25,1000,516,484,TEMPORAL,0.02,0.9368651509284974,0.01990632318501171,0.75275,0.01825,0.9763294422827496,0.8500846979107849,0.9658170930799559,0.959454125,70.10569111200016
T0_E2E,RANDOM_GLOBAL,52,ORIGINAL5,0.25,1000,516,484,DOMAIN_OOD,0.02,0.9368651509284974,0.01990632318501171,0.6910316226023847,0.023846552617936754,0.9666424945612763,0.805925030229746,0.9526689108867193,0.9458162379828656,70.10569111200016
T0_E2E,RANDOM_GLOBAL,52,ORIGINAL5,0.25,1000,516,484,TEMPLATE_OOD,0.02,0.9368651509284974,0.01990632318501171,0.7453161592505855,0.01873536299765808,0.9754789272030652,0.8450049784268171,0.9635532573989292,0.9572971455445924,70.10569111200016
T0_E2E,RANDOM_GLOBAL,52,ORIGINAL5,0.25,1000,516,484,DOMAIN_TEMPLATE_OOD,0.02,0.9368651509284974,0.01990632318501171,0.6639697950377562,0.022653721682847898,0.96700706991359,0.7873361048928685,0.9485028075783472,0.9409166919771124,70.10569111200016
T0_E2E,RANDOM_GLOBAL,62,ORIGINAL5,0.25,1000,499,501,IID_ORIGINAL,0.005,0.999267876148224,0.00468384074941452,0.5226843100189036,0.008529854490717512,0.9701754385964912,0.6793611793611793,0.8970277927238666,0.918433562838555,70.09801447000018
T0_E2E,RANDOM_GLOBAL,62,ORIGINAL5,0.25,1000,499,501,IID_BALANCED,0.005,0.999267876148224,0.00468384074941452,0.5226843100189036,0.004725897920604915,0.9910394265232975,0.6844059405940595,0.939128003607327,0.9221236344924438,70.09801447000018
T0_E2E,RANDOM_GLOBAL,62,ORIGINAL5,0.25,1000,499,501,TEMPORAL,0.005,0.999267876148224,0.00468384074941452,0.55625,0.0035,0.9937472085752568,0.7132553293797083,0.9748906004840869,0.9707368437499999,70.09801447000018
T0_E2E,RANDOM_GLOBAL,62,ORIGINAL5,0.25,1000,499,501,DOMAIN_OOD,0.005,0.999267876148224,0.00468384074941452,0.44375324002073613,0.002073613271124935,0.9953488372093023,0.6138400860523485,0.9674345328400639,0.9615653254022194,70.09801447000018
T0_E2E,RANDOM_GLOBAL,62,ORIGINAL5,0.25,1000,499,501,TEMPLATE_OOD,0.005,0.999267876148224,0.00468384074941452,0.5374707259953162,0.0032201405152224825,0.9940443963183541,0.6977009310279308,0.9736005672444323,0.9691990508915201,70.09801447000018
T0_E2E,RANDOM_GLOBAL,62,ORIGINAL5,0.25,1000,499,501,DOMAIN_TEMPLATE_OOD,0.005,0.999267876148224,0.00468384074941452,0.42340884573894283,0.0016181229773462784,0.9961928934010152,0.5942467827403483,0.9651777977718389,0.9591698872026897,70.09801447000018
T0_E2E,RANDOM_GLOBAL,62,ORIGINAL5,0.25,1000,499,501,IID_ORIGINAL,0.01,0.998210906982422,0.00936768149882904,0.6257088846880907,0.012543903662819869,0.9636098981077147,0.7587392550143266,0.8970277927238666,0.918433562838555,70.09801447000018
T0_E2E,RANDOM_GLOBAL,62,ORIGINAL5,0.25,1000,499,501,IID_BALANCED,0.01,0.998210906982422,0.00936768149882904,0.6257088846880907,0.006616257088846881,0.9895366218236173,0.76664736537348,0.939128003607327,0.9221236344924438,70.09801447000018
T0_E2E,RANDOM_GLOBAL,62,ORIGINAL5,0.25,1000,499,501,TEMPORAL,0.01,0.998210906982422,0.00936768149882904,0.67075,0.00725,0.9893067846607669,0.7994636471990465,0.9748906004840869,0.9707368437499999,70.09801447000018
T0_E2E,RANDOM_GLOBAL,62,ORIGINAL5,0.25,1000,499,501,DOMAIN_OOD,0.01,0.998210906982422,0.00936768149882904,0.5759460860549508,0.008812856402280975,0.9849290780141844,0.7268563951586523,0.9674345328400639,0.9615653254022194,70.09801447000018
T0_E2E,RANDOM_GLOBAL,62,ORIGINAL5,0.25,1000,499,501,TEMPLATE_OOD,0.01,0.998210906982422,0.00936768149882904,0.6572014051522248,0.007611241217798595,0.9885512989872303,0.7895199577984878,0.9736005672444323,0.9691990508915201,70.09801447000018
T0_E2E,RANDOM_GLOBAL,62,ORIGINAL5,0.25,1000,499,501,DOMAIN_TEMPLATE_OOD,0.01,0.998210906982422,0.00936768149882904,0.5539374325782093,0.008629989212513484,0.9846596356663471,0.7090093199861927,0.9651777977718389,0.9591698872026897,70.09801447000018
T0_E2E,RANDOM_GLOBAL,62,ORIGINAL5,0.25,1000,499,501,IID_ORIGINAL,0.02,0.9045662283897401,0.01990632318501171,0.72117202268431,0.026593075765178123,0.9350490196078431,0.8143009605122732,0.8970277927238666,0.918433562838555,70.09801447000018
T0_E2E,RANDOM_GLOBAL,62,ORIGINAL5,0.25,1000,499,501,IID_BALANCED,0.02,0.9045662283897401,0.01990632318501171,0.72117202268431,0.022684310018903593,0.9695044472681067,0.82710027100271,0.939128003607327,0.9221236344924438,70.09801447000018
T0_E2E,RANDOM_GLOBAL,62,ORIGINAL5,0.25,1000,499,501,TEMPORAL,0.02,0.9045662283897401,0.01990632318501171,0.82525,0.01725,0.9795252225519288,0.8957937584803256,0.9748906004840869,0.9707368437499999,70.09801447000018
T0_E2E,RANDOM_GLOBAL,62,ORIGINAL5,0.25,1000,499,501,DOMAIN_OOD,0.02,0.9045662283897401,0.01990632318501171,0.7858994297563504,0.023846552617936754,0.970550576184379,0.8685190489830994,0.9674345328400639,0.9615653254022194,70.09801447000018
T0_E2E,RANDOM_GLOBAL,62,ORIGINAL5,0.25,1000,499,501,TEMPLATE_OOD,0.02,0.9045662283897401,0.01990632318501171,0.8155737704918032,0.01756440281030445,0.9789177793394237,0.8898115618013415,0.9736005672444323,0.9691990508915201,70.09801447000018
T0_E2E,RANDOM_GLOBAL,62,ORIGINAL5,0.25,1000,499,501,DOMAIN_TEMPLATE_OOD,0.02,0.9045662283897401,0.01990632318501171,0.767529665587918,0.02319309600862999,0.970668485675307,0.8572289156626506,0.9651777977718389,0.9591698872026897,70.09801447000018
T0_E2E,RANDOM_GLOBAL,72,ORIGINAL5,0.25,1000,487,513,IID_ORIGINAL,0.005,0.9989637136459352,0.00468384074941452,0.5708884688090737,0.004515805318615153,0.9853181076672104,0.7229204069419509,0.8915873182752213,0.8874285424315917,70.17410093599983
T0_E2E,RANDOM_GLOBAL,72,ORIGINAL5,0.25,1000,487,513,IID_BALANCED,0.005,0.9989637136459352,0.00468384074941452,0.5708884688090737,0.003780718336483932,0.993421052631579,0.7250900360144058,0.9270693240919101,0.890557495149031,70.17410093599983
T0_E2E,RANDOM_GLOBAL,72,ORIGINAL5,0.25,1000,487,513,TEMPORAL,0.005,0.9989637136459352,0.00468384074941452,0.56475,0.0035,0.9938407391113067,0.7202295552367288,0.9699919568084299,0.9596380937500001,70.17410093599983
T0_E2E,RANDOM_GLOBAL,72,ORIGINAL5,0.25,1000,487,513,DOMAIN_OOD,0.005,0.9989637136459352,0.00468384074941452,0.44375324002073613,0.002592016588906169,0.9941927990708479,0.6136200716845878,0.9638647761461113,0.954222487739318,70.17410093599983
T0_E2E,RANDOM_GLOBAL,72,ORIGINAL5,0.25,1000,487,513,TEMPLATE_OOD,0.005,0.9989637136459352,0.00468384074941452,0.5626463700234192,0.002927400468384075,0.994824016563147,0.718773373223635,0.9701223419646147,0.9592777256360755,70.17410093599983
T0_E2E,RANDOM_GLOBAL,72,ORIGINAL5,0.25,1000,487,513,DOMAIN_TEMPLATE_OOD,0.005,0.9989637136459352,0.00468384074941452,0.4368932038834951,0.002157497303128371,0.995085995085995,0.6071964017991005,0.9612105554272523,0.9498389150139237,70.17410093599983
T0_E2E,RANDOM_GLOBAL,72,ORIGINAL5,0.25,1000,487,513,IID_ORIGINAL,0.01,0.9986032843589784,0.00936768149882904,0.6020793950850661,0.006522829904666332,0.98,0.7459016393442623,0.8915873182752213,0.8874285424315917,70.17410093599983
T0_E2E,RANDOM_GLOBAL,72,ORIGINAL5,0.25,1000,487,513,IID_BALANCED,0.01,0.9986032843589784,0.00936768149882904,0.6020793950850661,0.005671077504725898,0.9906687402799378,0.7489711934156379,0.9270693240919101,0.890557495149031,70.17410093599983
T0_E2E,RANDOM_GLOBAL,72,ORIGINAL5,0.25,1000,487,513,TEMPORAL,0.01,0.9986032843589784,0.00936768149882904,0.60325,0.00475,0.9921875,0.7503109452736318,0.9699919568084299,0.9596380937500001,70.17410093599983
T0_E2E,RANDOM_GLOBAL,72,ORIGINAL5,0.25,1000,487,513,DOMAIN_OOD,0.01,0.9986032843589784,0.00936768149882904,0.4950751684810783,0.002592016588906169,0.9947916666666666,0.6611284181377639,0.9638647761461113,0.954222487739318,70.17410093599983
T0_E2E,RANDOM_GLOBAL,72,ORIGINAL5,0.25,1000,487,513,TEMPLATE_OOD,0.01,0.9986032843589784,0.00936768149882904,0.5983606557377049,0.0032201405152224825,0.994647201946472,0.7472125753975507,0.9701223419646147,0.9592777256360755,70.17410093599983
T0_E2E,RANDOM_GLOBAL,72,ORIGINAL5,0.25,1000,487,513,DOMAIN_TEMPLATE_OOD,0.01,0.9986032843589784,0.00936768149882904,0.4886731391585761,0.002157497303128371,0.9956043956043956,0.6555716353111433,0.9612105554272523,0.9498389150139237,70.17410093599983
T0_E2E,RANDOM_GLOBAL,72,ORIGINAL5,0.25,1000,487,513,IID_ORIGINAL,0.02,0.04020024463534356,0.01990632318501171,0.7325141776937618,0.023582538886101356,0.9428223844282239,0.824468085106383,0.8915873182752213,0.8874285424315917,70.17410093599983
T0_E2E,RANDOM_GLOBAL,72,ORIGINAL5,0.25,1000,487,513,IID_BALANCED,0.02,0.04020024463534356,0.01990632318501171,0.7325141776937618,0.01984877126654064,0.9736180904522613,0.8360302049622438,0.9270693240919101,0.890557495149031,70.17410093599983
T0_E2E,RANDOM_GLOBAL,72,ORIGINAL5,0.25,1000,487,513,TEMPORAL,0.02,0.04020024463534356,0.01990632318501171,0.82625,0.022,0.9740642499263189,0.894089003111051,0.9699919568084299,0.9596380937500001,70.17410093599983
T0_E2E,RANDOM_GLOBAL,72,ORIGINAL5,0.25,1000,487,513,DOMAIN_OOD,0.02,0.04020024463534356,0.01990632318501171,0.7905650596163816,0.02436495593571799,0.9701017811704835,0.8711796629534418,0.9638647761461113,0.954222487739318,70.17410093599983
T0_E2E,RANDOM_GLOBAL,72,ORIGINAL5,0.25,1000,487,513,TEMPLATE_OOD,0.02,0.04020024463534356,0.01990632318501171,0.8272833723653396,0.020491803278688523,0.975828729281768,0.8954372623574145,0.9701223419646147,0.9592777256360755,70.17410093599983
T0_E2E,RANDOM_GLOBAL,72,ORIGINAL5,0.25,1000,487,513,DOMAIN_TEMPLATE_OOD,0.02,0.04020024463534356,0.01990632318501171,0.7815533980582524,0.02481121898597627,0.9692307692307692,0.8653329352045387,0.9612105554272523,0.9498389150139237,70.17410093599983
T0_E2E,RANDOM_GLOBAL,82,ORIGINAL5,0.25,1000,518,482,IID_ORIGINAL,0.005,0.999485731124878,0.00468384074941452,0.5264650283553876,0.008529854490717512,0.9703832752613241,0.6825980392156863,0.8960465957888851,0.9042091554846499,70.10938186600015
T0_E2E,RANDOM_GLOBAL,82,ORIGINAL5,0.25,1000,518,482,IID_BALANCED,0.005,0.999485731124878,0.00468384074941452,0.5264650283553876,0.008506616257088847,0.9840989399293286,0.6859605911330049,0.9315990860885701,0.9056106860681601,70.10938186600015
T0_E2E,RANDOM_GLOBAL,82,ORIGINAL5,0.25,1000,518,482,TEMPORAL,0.005,0.999485731124878,0.00468384074941452,0.52775,0.0045,0.99154532644434,0.6888562571381954,0.96681568806343,0.9609585000000002,70.10938186600015
T0_E2E,RANDOM_GLOBAL,82,ORIGINAL5,0.25,1000,518,482,DOMAIN_OOD,0.005,0.999485731124878,0.00468384074941452,0.4131674442716433,0.002073613271124935,0.9950062421972534,0.5838827838827839,0.9622624558021105,0.9552775688308728,70.10938186600015
T0_E2E,RANDOM_GLOBAL,82,ORIGINAL5,0.25,1000,518,482,TEMPLATE_OOD,0.005,0.999485731124878,0.00468384074941452,0.5187353629976581,0.0014637002341920376,0.9971862689926843,0.6824571538609667,0.9692662652962019,0.9614128597891723,70.10938186600015
T0_E2E,RANDOM_GLOBAL,82,ORIGINAL5,0.25,1000,518,482,DOMAIN_TEMPLATE_OOD,0.005,0.999485731124878,0.00468384074941452,0.3969795037756203,0.0016181229773462784,0.9959404600811907,0.5676822213652141,0.9591588048359313,0.9507467454257914,70.10938186600015
T0_E2E,RANDOM_GLOBAL,82,ORIGINAL5,0.25,1000,518,482,IID_ORIGINAL,0.01,0.999001443386078,0.00936768149882904,0.6238185255198487,0.012042147516307075,0.9649122807017544,0.7577497129735936,0.8960465957888851,0.9042091554846499,70.10938186600015
T0_E2E,RANDOM_GLOBAL,82,ORIGINAL5,0.25,1000,518,482,IID_BALANCED,0.01,0.999001443386078,0.00936768149882904,0.6238185255198487,0.012287334593572778,0.9806835066864784,0.7625649913344887,0.9315990860885701,0.9056106860681601,70.10938186600015
T0_E2E,RANDOM_GLOBAL,82,ORIGINAL5,0.25,1000,518,482,TEMPORAL,0.01,0.999001443386078,0.00936768149882904,0.637,0.00825,0.9872142580395196,0.7743504026743656,0.96681568806343,0.9609585000000002,70.10938186600015
T0_E2E,RANDOM_GLOBAL,82,ORIGINAL5,0.25,1000,518,482,DOMAIN_OOD,0.01,0.999001443386078,0.00936768149882904,0.5329186106791084,0.003110419906687403,0.9941972920696325,0.6938913263584205,0.9622624558021105,0.9552775688308728,70.10938186600015
T0_E2E,RANDOM_GLOBAL,82,ORIGINAL5,0.25,1000,518,482,TEMPLATE_OOD,0.01,0.999001443386078,0.00936768149882904,0.6258782201405152,0.004391100702576112,0.993032977241059,0.7678218710720057,0.9692662652962019,0.9614128597891723,70.10938186600015
T0_E2E,RANDOM_GLOBAL,82,ORIGINAL5,0.25,1000,518,482,DOMAIN_TEMPLATE_OOD,0.01,0.999001443386078,0.00936768149882904,0.517799352750809,0.002157497303128371,0.995850622406639,0.681334279630944,0.9591588048359313,0.9507467454257914,70.10938186600015
T0_E2E,RANDOM_GLOBAL,82,ORIGINAL5,0.25,1000,518,482,IID_ORIGINAL,0.02,0.9785903096199037,0.01990632318501171,0.6786389413988658,0.018564977420973405,0.9509933774834437,0.7920573634859349,0.8960465957888851,0.9042091554846499,70.10938186600015
T0_E2E,RANDOM_GLOBAL,82,ORIGINAL5,0.25,1000,518,482,IID_BALANCED,0.02,0.9785903096199037,0.01990632318501171,0.6786389413988658,0.017958412098298678,0.9742198100407056,0.8,0.9315990860885701,0.9056106860681601,70.10938186600015
T0_E2E,RANDOM_GLOBAL,82,ORIGINAL5,0.25,1000,518,482,TEMPORAL,0.02,0.9785903096199037,0.01990632318501171,0.7485,0.01525,0.9800327332242226,0.8487597448618002,0.96681568806343,0.9609585000000002,70.10938186600015
T0_E2E,RANDOM_GLOBAL,82,ORIGINAL5,0.25,1000,518,482,DOMAIN_OOD,0.02,0.9785903096199037,0.01990632318501171,0.6811819595645412,0.011923276308968377,0.9827973074046372,0.8046540110226577,0.9622624558021105,0.9552775688308728,70.10938186600015
T0_E2E,RANDOM_GLOBAL,82,ORIGINAL5,0.25,1000,518,482,TEMPLATE_OOD,0.02,0.9785903096199037,0.01990632318501171,0.742096018735363,0.011416861826697893,0.9848484848484849,0.8464106844741235,0.9692662652962019,0.9614128597891723,70.10938186600015
T0_E2E,RANDOM_GLOBAL,82,ORIGINAL5,0.25,1000,518,482,DOMAIN_TEMPLATE_OOD,0.02,0.9785903096199037,0.01990632318501171,0.6618122977346278,0.011326860841423949,0.9831730769230769,0.7911025145067698,0.9591588048359313,0.9507467454257914,70.10938186600015
T0_E2E,RANDOM_GLOBAL,242,REPLICATION5,0.25,1000,510,490,IID_ORIGINAL,0.005,0.999318838119507,0.00468384074941452,0.40359168241965976,0.0005017561465127947,0.9976635514018691,0.5746971736204576,0.8881720594111143,0.8858374348025272,70.15777187000003
T0_E2E,RANDOM_GLOBAL,242,REPLICATION5,0.25,1000,510,490,IID_BALANCED,0.005,0.999318838119507,0.00468384074941452,0.40359168241965976,0.0,1.0,0.5750841750841751,0.9254884375464856,0.888465235615939,70.15777187000003
T0_E2E,RANDOM_GLOBAL,242,REPLICATION5,0.25,1000,510,490,TEMPORAL,0.005,0.999318838119507,0.00468384074941452,0.434,0.0005,0.998849252013809,0.6050888811432555,0.9701623072623035,0.9600613750000001,70.15777187000003
T0_E2E,RANDOM_GLOBAL,242,REPLICATION5,0.25,1000,510,490,DOMAIN_OOD,0.005,0.999318838119507,0.00468384074941452,0.30637636080870917,0.0005184033177812338,0.9983108108108109,0.46886156287187625,0.9606840580108487,0.9511885249315984,70.15777187000003
T0_E2E,RANDOM_GLOBAL,242,REPLICATION5,0.25,1000,510,490,TEMPLATE_OOD,0.005,0.999318838119507,0.00468384074941452,0.4364754098360656,0.000585480093676815,0.9986604152712659,0.607455693623956,0.9692418750963283,0.9594464625073357,70.15777187000003
T0_E2E,RANDOM_GLOBAL,242,REPLICATION5,0.25,1000,510,490,DOMAIN_TEMPLATE_OOD,0.005,0.999318838119507,0.00468384074941452,0.3036677454153182,0.0005393743257820927,0.99822695035461,0.46567411083540117,0.9571225408282458,0.9455322117605713,70.15777187000003
T0_E2E,RANDOM_GLOBAL,242,REPLICATION5,0.25,1000,510,490,IID_ORIGINAL,0.01,0.9985134005546571,0.00936768149882904,0.5869565217391305,0.007024586051179127,0.9779527559055118,0.7336089781453042,0.8881720594111143,0.8858374348025272,70.15777187000003
T0_E2E,RANDOM_GLOBAL,242,REPLICATION5,0.25,1000,510,490,IID_BALANCED,0.01,0.9985134005546571,0.00936768149882904,0.5869565217391305,0.003780718336483932,0.9936,0.7379679144385026,0.9254884375464856,0.888465235615939,70.15777187000003
T0_E2E,RANDOM_GLOBAL,242,REPLICATION5,0.25,1000,510,490,TEMPORAL,0.01,0.9985134005546571,0.00936768149882904,0.64375,0.0035,0.9945925067593665,0.7816057064804978,0.9701623072623035,0.9600613750000001,70.15777187000003
T0_E2E,RANDOM_GLOBAL,242,REPLICATION5,0.25,1000,510,490,DOMAIN_OOD,0.01,0.9985134005546571,0.00936768149882904,0.5567651632970451,0.004665629860031105,0.9916897506925207,0.7131474103585658,0.9606840580108487,0.9511885249315984,70.15777187000003
T0_E2E,RANDOM_GLOBAL,242,REPLICATION5,0.25,1000,510,490,TEMPLATE_OOD,0.01,0.9985134005546571,0.00936768149882904,0.6320257611241218,0.00351288056206089,0.9944725932749885,0.7728655808126007,0.9692418750963283,0.9594464625073357,70.15777187000003
T0_E2E,RANDOM_GLOBAL,242,REPLICATION5,0.25,1000,510,490,DOMAIN_TEMPLATE_OOD,0.01,0.9985134005546571,0.00936768149882904,0.5323624595469255,0.0037756202804746495,0.9929577464788732,0.6931179775280899,0.9571225408282458,0.9455322117605713,70.15777187000003
T0_E2E,RANDOM_GLOBAL,242,REPLICATION5,0.25,1000,510,490,IID_ORIGINAL,0.02,0.9479621648788453,0.01990632318501171,0.6852551984877127,0.019568489713998997,0.9489528795811518,0.7958287596048299,0.8881720594111143,0.8858374348025272,70.15777187000003
T0_E2E,RANDOM_GLOBAL,242,REPLICATION5,0.25,1000,510,490,IID_BALANCED,0.02,0.9479621648788453,0.01990632318501171,0.6852551984877127,0.013232514177693762,0.9810554803788903,0.806900389538119,0.9254884375464856,0.888465235615939,70.15777187000003
T0_E2E,RANDOM_GLOBAL,242,REPLICATION5,0.25,1000,510,490,TEMPORAL,0.02,0.9479621648788453,0.01990632318501171,0.77125,0.011,0.9859379993608182,0.8654790293168747,0.9701623072623035,0.9600613750000001,70.15777187000003
T0_E2E,RANDOM_GLOBAL,242,REPLICATION5,0.25,1000,510,490,DOMAIN_OOD,0.02,0.9479621648788453,0.01990632318501171,0.7148781752203214,0.013996889580093312,0.980796586059744,0.8269865067466267,0.9606840580108487,0.9511885249315984,70.15777187000003
T0_E2E,RANDOM_GLOBAL,242,REPLICATION5,0.25,1000,510,490,TEMPLATE_OOD,0.02,0.9479621648788453,0.01990632318501171,0.7640515222482436,0.011416861826697893,0.9852774631936579,0.8606760098928277,0.9692418750963283,0.9594464625073357,70.15777187000003
T0_E2E,RANDOM_GLOBAL,242,REPLICATION5,0.25,1000,510,490,DOMAIN_TEMPLATE_OOD,0.02,0.9479621648788453,0.01990632318501171,0.6952535059331176,0.012944983818770227,0.9817212490479817,0.8140195768866435,0.9571225408282458,0.9455322117605713,70.15777187000003
T0_E2E,RANDOM_GLOBAL,252,REPLICATION5,0.25,1000,516,484,IID_ORIGINAL,0.005,0.9984691739082338,0.00468384074941452,0.5217391304347826,0.007024586051179127,0.9752650176678446,0.6798029556650246,0.8988374629498677,0.9166288057350064,70.17045114800021
T0_E2E,RANDOM_GLOBAL,252,REPLICATION5,0.25,1000,516,484,IID_BALANCED,0.005,0.9984691739082338,0.00468384074941452,0.5217391304347826,0.005671077504725898,0.989247311827957,0.6831683168316832,0.9374403634717001,0.9193622449891188,70.17045114800021
T0_E2E,RANDOM_GLOBAL,252,REPLICATION5,0.25,1000,516,484,TEMPORAL,0.005,0.9984691739082338,0.00468384074941452,0.53525,0.005,0.99074502545118,0.6950170426878753,0.9679501340297605,0.9646464375,70.17045114800021
T0_E2E,RANDOM_GLOBAL,252,REPLICATION5,0.25,1000,516,484,DOMAIN_OOD,0.005,0.9984691739082338,0.00468384074941452,0.4131674442716433,0.005702436495593572,0.9863861386138614,0.5823894775301425,0.9574863155003959,0.9557556608486711,70.17045114800021
T0_E2E,RANDOM_GLOBAL,252,REPLICATION5,0.25,1000,516,484,TEMPLATE_OOD,0.005,0.9984691739082338,0.00468384074941452,0.5304449648711944,0.0055620608899297425,0.9896231567449482,0.6906803887935964,0.9679536219589238,0.9645883094570804,70.17045114800021
T0_E2E,RANDOM_GLOBAL,252,REPLICATION5,0.25,1000,516,484,DOMAIN_TEMPLATE_OOD,0.005,0.9984691739082338,0.00468384074941452,0.3969795037756203,0.005933117583603021,0.9852744310575636,0.5659361783929258,0.9539133254941028,0.9524131618972477,70.17045114800021
T0_E2E,RANDOM_GLOBAL,252,REPLICATION5,0.25,1000,516,484,IID_ORIGINAL,0.01,0.997640371322632,0.00936768149882904,0.552930056710775,0.008028098344204716,0.9733777038269551,0.705244122965642,0.8988374629498677,0.9166288057350064,70.17045114800021
T0_E2E,RANDOM_GLOBAL,252,REPLICATION5,0.25,1000,516,484,IID_BALANCED,0.01,0.997640371322632,0.00936768149882904,0.552930056710775,0.006616257088846881,0.9881756756756757,0.7090909090909091,0.9374403634717001,0.9193622449891188,70.17045114800021
T0_E2E,RANDOM_GLOBAL,252,REPLICATION5,0.25,1000,516,484,TEMPORAL,0.01,0.997640371322632,0.00936768149882904,0.58125,0.007,0.9881002974925627,0.7319376672438218,0.9679501340297605,0.9646464375,70.17045114800021
T0_E2E,RANDOM_GLOBAL,252,REPLICATION5,0.25,1000,516,484,DOMAIN_OOD,0.01,0.997640371322632,0.00936768149882904,0.4701918092275791,0.008812856402280975,0.9816017316017316,0.6358219418156327,0.9574863155003959,0.9557556608486711,70.17045114800021
T0_E2E,RANDOM_GLOBAL,252,REPLICATION5,0.25,1000,516,484,TEMPLATE_OOD,0.01,0.997640371322632,0.00936768149882904,0.574648711943794,0.007611241217798595,0.9869281045751634,0.7263644773358002,0.9679536219589238,0.9645883094570804,70.17045114800021
T0_E2E,RANDOM_GLOBAL,252,REPLICATION5,0.25,1000,516,484,DOMAIN_TEMPLATE_OOD,0.01,0.997640371322632,0.00936768149882904,0.45091693635382957,0.009169363538295576,0.9800703399765534,0.6176579239009974,0.9539133254941028,0.9524131618972477,70.17045114800021
T0_E2E,RANDOM_GLOBAL,252,REPLICATION5,0.25,1000,516,484,IID_ORIGINAL,0.02,0.9798997044563295,0.01990632318501171,0.6408317580340265,0.01806322127446061,0.9495798319327731,0.7652370203160271,0.8988374629498677,0.9166288057350064,70.17045114800021
T0_E2E,RANDOM_GLOBAL,252,REPLICATION5,0.25,1000,516,484,IID_BALANCED,0.02,0.9798997044563295,0.01990632318501171,0.6408317580340265,0.015122873345935728,0.9769452449567724,0.773972602739726,0.9374403634717001,0.9193622449891188,70.17045114800021
T0_E2E,RANDOM_GLOBAL,252,REPLICATION5,0.25,1000,516,484,TEMPORAL,0.02,0.9798997044563295,0.01990632318501171,0.67875,0.0165,0.9762675296655879,0.8007668485474119,0.9679501340297605,0.9646464375,70.17045114800021
T0_E2E,RANDOM_GLOBAL,252,REPLICATION5,0.25,1000,516,484,DOMAIN_OOD,0.02,0.9798997044563295,0.01990632318501171,0.6029030585795749,0.017107309486780714,0.9724080267558528,0.74432,0.9574863155003959,0.9557556608486711,70.17045114800021
T0_E2E,RANDOM_GLOBAL,252,REPLICATION5,0.25,1000,516,484,TEMPLATE_OOD,0.02,0.9798997044563295,0.01990632318501171,0.6703747072599532,0.013758782201405152,0.9798887462558836,0.7961063792803754,0.9679536219589238,0.9645883094570804,70.17045114800021
T0_E2E,RANDOM_GLOBAL,252,REPLICATION5,0.25,1000,516,484,DOMAIN_TEMPLATE_OOD,0.02,0.9798997044563295,0.01990632318501171,0.5701186623516721,0.016181229773462782,0.9724011039558418,0.7188031281876912,0.9539133254941028,0.9524131618972477,70.17045114800021
T0_E2E,RANDOM_GLOBAL,262,REPLICATION5,0.25,1000,501,499,IID_ORIGINAL,0.005,0.9983642697334291,0.00468384074941452,0.4886578449905482,0.0055193176116407425,0.9791666666666666,0.6519546027742749,0.883034616568867,0.88448440050574,70.10487006599988
T0_E2E,RANDOM_GLOBAL,262,REPLICATION5,0.25,1000,501,499,IID_BALANCED,0.005,0.9983642697334291,0.00468384074941452,0.4886578449905482,0.003780718336483932,0.9923224568138196,0.6548448385053831,0.9215959728997726,0.8856274634524605,70.10487006599988
T0_E2E,RANDOM_GLOBAL,262,REPLICATION5,0.25,1000,501,499,TEMPORAL,0.005,0.9983642697334291,0.00468384074941452,0.47825,0.00275,0.9942827442827443,0.6458474004051317,0.9708870667650366,0.9648482500000001,70.10487006599988
T0_E2E,RANDOM_GLOBAL,262,REPLICATION5,0.25,1000,501,499,DOMAIN_OOD,0.005,0.9983642697334291,0.00468384074941452,0.33955417314670816,0.0036288232244686366,0.9894259818731118,0.5055962948668468,0.9602681759307738,0.9563811578534072,70.10487006599988
T0_E2E,RANDOM_GLOBAL,262,REPLICATION5,0.25,1000,501,499,TEMPLATE_OOD,0.005,0.9983642697334291,0.00468384074941452,0.47101873536299765,0.002927400468384075,0.993823347745522,0.6391261171797418,0.969760155366364,0.9633414219624963,70.10487006599988
T0_E2E,RANDOM_GLOBAL,262,REPLICATION5,0.25,1000,501,499,DOMAIN_TEMPLATE_OOD,0.005,0.9983642697334291,0.00468384074941452,0.3284789644012945,0.003236245954692557,0.9902439024390244,0.4933171324422843,0.9580007770024324,0.9529184980374221,70.10487006599988
T0_E2E,RANDOM_GLOBAL,262,REPLICATION5,0.25,1000,501,499,IID_ORIGINAL,0.01,0.995961368083954,0.00936768149882904,0.6408317580340265,0.01154039136979428,0.9671897289586305,0.770892552586697,0.883034616568867,0.88448440050574,70.10487006599988
T0_E2E,RANDOM_GLOBAL,262,REPLICATION5,0.25,1000,501,499,IID_BALANCED,0.01,0.995961368083954,0.00936768149882904,0.6408317580340265,0.008506616257088847,0.9868995633187773,0.7770773638968481,0.9215959728997726,0.8856274634524605,70.10487006599988
T0_E2E,RANDOM_GLOBAL,262,REPLICATION5,0.25,1000,501,499,TEMPORAL,0.01,0.995961368083954,0.00936768149882904,0.6545,0.009,0.9864355689525245,0.7868951006913135,0.9708870667650366,0.9648482500000001,70.10487006599988
T0_E2E,RANDOM_GLOBAL,262,REPLICATION5,0.25,1000,501,499,DOMAIN_OOD,0.01,0.995961368083954,0.00936768149882904,0.567651632970451,0.01088646967340591,0.9811827956989247,0.7192118226600985,0.9602681759307738,0.9563811578534072,70.10487006599988
T0_E2E,RANDOM_GLOBAL,262,REPLICATION5,0.25,1000,501,499,TEMPLATE_OOD,0.01,0.995961368083954,0.00936768149882904,0.6399297423887588,0.009074941451990632,0.9860171402796571,0.7761406000355051,0.969760155366364,0.9633414219624963,70.10487006599988
T0_E2E,RANDOM_GLOBAL,262,REPLICATION5,0.25,1000,501,499,DOMAIN_TEMPLATE_OOD,0.01,0.995961368083954,0.00936768149882904,0.540453074433657,0.010248112189859764,0.9813907933398629,0.6970434782608695,0.9580007770024324,0.9529184980374221,70.10487006599988
T0_E2E,RANDOM_GLOBAL,262,REPLICATION5,0.25,1000,501,499,IID_ORIGINAL,0.02,0.9111006855964662,0.01990632318501171,0.7003780718336484,0.021575514300050176,0.9451530612244898,0.8045602605863192,0.883034616568867,0.88448440050574,70.10487006599988
T0_E2E,RANDOM_GLOBAL,262,REPLICATION5,0.25,1000,501,499,IID_BALANCED,0.02,0.9111006855964662,0.01990632318501171,0.7003780718336484,0.01890359168241966,0.973718791064389,0.8147333699835074,0.9215959728997726,0.8856274634524605,70.10487006599988
T0_E2E,RANDOM_GLOBAL,262,REPLICATION5,0.25,1000,501,499,TEMPORAL,0.02,0.9111006855964662,0.01990632318501171,0.78075,0.01925,0.9759375,0.8675,0.9708870667650366,0.9648482500000001,70.10487006599988
T0_E2E,RANDOM_GLOBAL,262,REPLICATION5,0.25,1000,501,499,DOMAIN_OOD,0.02,0.9111006855964662,0.01990632318501171,0.7288750648004148,0.02332814930015552,0.968986905582357,0.8319526627218935,0.9602681759307738,0.9563811578534072,70.10487006599988
T0_E2E,RANDOM_GLOBAL,262,REPLICATION5,0.25,1000,501,499,TEMPLATE_OOD,0.02,0.9111006855964662,0.01990632318501171,0.7696135831381733,0.018442622950819672,0.9765973254086181,0.860838244924689,0.969760155366364,0.9633414219624963,70.10487006599988
T0_E2E,RANDOM_GLOBAL,262,REPLICATION5,0.25,1000,501,499,DOMAIN_TEMPLATE_OOD,0.02,0.9111006855964662,0.01990632318501171,0.7081984897518878,0.021035598705501618,0.9711538461538461,0.819089207735496,0.9580007770024324,0.9529184980374221,70.10487006599988
T0_E2E,RANDOM_GLOBAL,272,REPLICATION5,0.25,1000,489,511,IID_ORIGINAL,0.005,0.9993040561676027,0.00468384074941452,0.558601134215501,0.010035122930255895,0.967266775777414,0.7082085080886759,0.8849079349569416,0.8900708244451042,70.19080392100022
T0_E2E,RANDOM_GLOBAL,272,REPLICATION5,0.25,1000,489,511,IID_BALANCED,0.005,0.9993040561676027,0.00468384074941452,0.558601134215501,0.008506616257088847,0.985,0.7129071170084439,0.9244109338812683,0.8928744358403522,70.19080392100022
T0_E2E,RANDOM_GLOBAL,272,REPLICATION5,0.25,1000,489,511,TEMPORAL,0.005,0.9993040561676027,0.00468384074941452,0.5735,0.00575,0.9900733707380233,0.7262941269589995,0.9651927278532502,0.9565702812500001,70.19080392100022
T0_E2E,RANDOM_GLOBAL,272,REPLICATION5,0.25,1000,489,511,DOMAIN_OOD,0.005,0.9993040561676027,0.00468384074941452,0.4644893727319855,0.007776049766718507,0.9835345773874863,0.6309859154929578,0.9511730829427961,0.9441039483305881,70.19080392100022
T0_E2E,RANDOM_GLOBAL,272,REPLICATION5,0.25,1000,489,511,TEMPLATE_OOD,0.005,0.9993040561676027,0.00468384074941452,0.5638173302107728,0.0055620608899297425,0.9902313624678664,0.7185226636821489,0.964566777810803,0.9555919947594731,70.19080392100022
T0_E2E,RANDOM_GLOBAL,272,REPLICATION5,0.25,1000,489,511,DOMAIN_TEMPLATE_OOD,0.005,0.9993040561676027,0.00468384074941452,0.44552319309600863,0.007551240560949299,0.9833333333333333,0.6132145508537491,0.9471589933744272,0.938213420005609,70.19080392100022
T0_E2E,RANDOM_GLOBAL,272,REPLICATION5,0.25,1000,489,511,IID_ORIGINAL,0.01,0.998463273048401,0.00936768149882904,0.6379962192816635,0.012543903662819869,0.9642857142857143,0.7679180887372014,0.8849079349569416,0.8900708244451042,70.19080392100022
T0_E2E,RANDOM_GLOBAL,272,REPLICATION5,0.25,1000,489,511,IID_BALANCED,0.01,0.998463273048401,0.00936768149882904,0.6379962192816635,0.010396975425330813,0.9839650145772595,0.7740825688073395,0.9244109338812683,0.8928744358403522,70.19080392100022
T0_E2E,RANDOM_GLOBAL,272,REPLICATION5,0.25,1000,489,511,TEMPORAL,0.01,0.998463273048401,0.00936768149882904,0.68125,0.0085,0.9876766944545124,0.8063322976771712,0.9651927278532502,0.9565702812500001,70.19080392100022
T0_E2E,RANDOM_GLOBAL,272,REPLICATION5,0.25,1000,489,511,DOMAIN_OOD,0.01,0.998463273048401,0.00936768149882904,0.5977190254017626,0.012960082944530845,0.9787775891341256,0.7421950434502735,0.9511730829427961,0.9441039483305881,70.19080392100022
T0_E2E,RANDOM_GLOBAL,272,REPLICATION5,0.25,1000,489,511,TEMPLATE_OOD,0.01,0.998463273048401,0.00936768149882904,0.6692037470725996,0.008489461358313818,0.9874730021598273,0.797766532891293,0.964566777810803,0.9555919947594731,70.19080392100022
T0_E2E,RANDOM_GLOBAL,272,REPLICATION5,0.25,1000,489,511,DOMAIN_TEMPLATE_OOD,0.01,0.998463273048401,0.00936768149882904,0.5782092772384034,0.012405609492988134,0.9789954337899544,0.7270261105459478,0.9471589933744272,0.938213420005609,70.19080392100022
T0_E2E,RANDOM_GLOBAL,272,REPLICATION5,0.25,1000,489,511,IID_ORIGINAL,0.02,0.987240493297577,0.01990632318501171,0.6739130434782609,0.019568489713998997,0.9481382978723404,0.7878453038674034,0.8849079349569416,0.8900708244451042,70.19080392100022
T0_E2E,RANDOM_GLOBAL,272,REPLICATION5,0.25,1000,489,511,IID_BALANCED,0.02,0.987240493297577,0.01990632318501171,0.6739130434782609,0.015122873345935728,0.9780521262002744,0.7979854504756575,0.9244109338812683,0.8928744358403522,70.19080392100022
T0_E2E,RANDOM_GLOBAL,272,REPLICATION5,0.25,1000,489,511,TEMPORAL,0.02,0.987240493297577,0.01990632318501171,0.7525,0.01525,0.9801367632692934,0.8513647291755055,0.9651927278532502,0.9565702812500001,70.19080392100022
T0_E2E,RANDOM_GLOBAL,272,REPLICATION5,0.25,1000,489,511,DOMAIN_OOD,0.02,0.987240493297577,0.01990632318501171,0.6915500259201659,0.020736132711249352,0.9708879184861717,0.8077505298213745,0.9511730829427961,0.9441039483305881,70.19080392100022
T0_E2E,RANDOM_GLOBAL,272,REPLICATION5,0.25,1000,489,511,TEMPLATE_OOD,0.02,0.987240493297577,0.01990632318501171,0.7385831381733021,0.015515222482435597,0.9794254658385093,0.8421228304405874,0.964566777810803,0.9555919947594731,70.19080392100022
T0_E2E,RANDOM_GLOBAL,272,REPLICATION5,0.25,1000,489,511,DOMAIN_TEMPLATE_OOD,0.02,0.987240493297577,0.01990632318501171,0.6666666666666666,0.019417475728155338,0.9716981132075472,0.7907869481765835,0.9471589933744272,0.938213420005609,70.19080392100022
T0_E2E,RANDOM_GLOBAL,282,REPLICATION5,0.25,1000,505,495,IID_ORIGINAL,0.005,0.9989412426948548,0.00468384074941452,0.5727788279773157,0.004515805318615153,0.9853658536585366,0.7244471010161386,0.8906140336156775,0.8972497787625309,70.58687003199975
T0_E2E,RANDOM_GLOBAL,282,REPLICATION5,0.25,1000,505,495,IID_BALANCED,0.005,0.9989412426948548,0.00468384074941452,0.5727788279773157,0.005671077504725898,0.9901960784313726,0.725748502994012,0.9270391636915363,0.8989260865991759,70.58687003199975
T0_E2E,RANDOM_GLOBAL,282,REPLICATION5,0.25,1000,505,495,TEMPORAL,0.005,0.9989412426948548,0.00468384074941452,0.5765,0.00425,0.9926818768833405,0.7294006009805472,0.9739718821445584,0.9681259375000002,70.58687003199975
T0_E2E,RANDOM_GLOBAL,282,REPLICATION5,0.25,1000,505,495,DOMAIN_OOD,0.005,0.9989412426948548,0.00468384074941452,0.463452566096423,0.002073613271124935,0.9955456570155902,0.6324725857799788,0.971344083431201,0.9640802130371581,70.58687003199975
T0_E2E,RANDOM_GLOBAL,282,REPLICATION5,0.25,1000,505,495,TEMPLATE_OOD,0.005,0.9989412426948548,0.00468384074941452,0.5702576112412178,0.0026346604215456673,0.9954011241696474,0.725107016564303,0.974617434533449,0.9680028101673349,70.58687003199975
T0_E2E,RANDOM_GLOBAL,282,REPLICATION5,0.25,1000,505,495,DOMAIN_TEMPLATE_OOD,0.005,0.9989412426948548,0.00468384074941452,0.44606256742179073,0.0016181229773462784,0.9963855421686747,0.6162444113263785,0.969996615029114,0.961232106678583,70.58687003199975
T0_E2E,RANDOM_GLOBAL,282,REPLICATION5,0.25,1000,505,495,IID_ORIGINAL,0.01,0.9908213019371034,0.00936768149882904,0.6483931947069943,0.017059708981435023,0.9527777777777777,0.7716535433070866,0.8906140336156775,0.8972497787625309,70.58687003199975
T0_E2E,RANDOM_GLOBAL,282,REPLICATION5,0.25,1000,505,495,IID_BALANCED,0.01,0.9908213019371034,0.00936768149882904,0.6483931947069943,0.013232514177693762,0.98,0.7804323094425484,0.9270391636915363,0.8989260865991759,70.58687003199975
T0_E2E,RANDOM_GLOBAL,282,REPLICATION5,0.25,1000,505,495,TEMPORAL,0.01,0.9908213019371034,0.00936768149882904,0.72475,0.009,0.9877342419080068,0.8360490266762798,0.9739718821445584,0.9681259375000002,70.58687003199975
T0_E2E,RANDOM_GLOBAL,282,REPLICATION5,0.25,1000,505,495,DOMAIN_OOD,0.01,0.9908213019371034,0.00936768149882904,0.6521513737687922,0.00673924313115604,0.989771833202203,0.78625,0.971344083431201,0.9640802130371581,70.58687003199975
T0_E2E,RANDOM_GLOBAL,282,REPLICATION5,0.25,1000,505,495,TEMPLATE_OOD,0.01,0.9908213019371034,0.00936768149882904,0.7242388758782201,0.006440281030444965,0.9911858974358975,0.8369418132611637,0.974617434533449,0.9680028101673349,70.58687003199975
T0_E2E,RANDOM_GLOBAL,282,REPLICATION5,0.25,1000,505,495,DOMAIN_TEMPLATE_OOD,0.01,0.9908213019371034,0.00936768149882904,0.645091693635383,0.006472491909385114,0.9900662251655629,0.7811887655127367,0.969996615029114,0.961232106678583,70.58687003199975
T0_E2E,RANDOM_GLOBAL,282,REPLICATION5,0.25,1000,505,495,IID_ORIGINAL,0.02,0.6590211987495423,0.01990632318501171,0.6937618147448015,0.02408429503261415,0.9386189258312021,0.7978260869565217,0.8906140336156775,0.8972497787625309,70.58687003199975
T0_E2E,RANDOM_GLOBAL,282,REPLICATION5,0.25,1000,505,495,IID_BALANCED,0.02,0.6590211987495423,0.01990632318501171,0.6937618147448015,0.023629489603024575,0.9670619235836627,0.8079251513483764,0.9270391636915363,0.8989260865991759,70.58687003199975
T0_E2E,RANDOM_GLOBAL,282,REPLICATION5,0.25,1000,505,495,TEMPORAL,0.02,0.6590211987495423,0.01990632318501171,0.82525,0.01475,0.9824404761904761,0.8970108695652174,0.9739718821445584,0.9681259375000002,70.58687003199975
T0_E2E,RANDOM_GLOBAL,282,REPLICATION5,0.25,1000,505,495,DOMAIN_OOD,0.02,0.6590211987495423,0.01990632318501171,0.7926386728875064,0.012441679626749611,0.9845460399227302,0.8782309017805858,0.971344083431201,0.9640802130371581,70.58687003199975
T0_E2E,RANDOM_GLOBAL,282,REPLICATION5,0.25,1000,505,495,TEMPLATE_OOD,0.02,0.6590211987495423,0.01990632318501171,0.827576112412178,0.011124121779859485,0.9867364746945899,0.9001751313485113,0.974617434533449,0.9680028101673349,70.58687003199975
T0_E2E,RANDOM_GLOBAL,282,REPLICATION5,0.25,1000,505,495,DOMAIN_TEMPLATE_OOD,0.02,0.6590211987495423,0.01990632318501171,0.790722761596548,0.011326860841423949,0.9858776059179556,0.8775815624064651,0.969996615029114,0.961232106678583,70.58687003199975
T0_E2E,UNCERTAINTY_GLOBAL,42,ORIGINAL5,0.25,1000,500,500,IID_ORIGINAL,0.005,0.9971327781677247,0.00468384074941452,0.6880907372400756,0.006522829904666332,0.9824561403508771,0.8093385214007782,0.9113400448101898,0.9127432782223605,70.77910636499996
T0_E2E,UNCERTAINTY_GLOBAL,42,ORIGINAL5,0.25,1000,500,500,IID_BALANCED,0.005,0.9971327781677247,0.00468384074941452,0.6880907372400756,0.004725897920604915,0.9931787175989086,0.8129536571747628,0.939850082960206,0.9131815030678133,70.77910636499996
T0_E2E,UNCERTAINTY_GLOBAL,42,ORIGINAL5,0.25,1000,500,500,TEMPORAL,0.005,0.9971327781677247,0.00468384074941452,0.73025,0.00525,0.9928619986403807,0.8415442235666954,0.9806147362846209,0.9741048750000001,70.77910636499996
T0_E2E,UNCERTAINTY_GLOBAL,42,ORIGINAL5,0.25,1000,500,500,DOMAIN_OOD,0.005,0.9971327781677247,0.00468384074941452,0.6656298600311042,0.006220839813374806,0.9907407407407407,0.7962790697674419,0.9761215905352205,0.9695442753788522,70.77910636499996
T0_E2E,UNCERTAINTY_GLOBAL,42,ORIGINAL5,0.25,1000,500,500,TEMPLATE_OOD,0.005,0.9971327781677247,0.00468384074941452,0.71692037470726,0.00468384074941452,0.9935091277890467,0.8328515558578473,0.9801756096137588,0.9738229896231537,70.77910636499996
T0_E2E,UNCERTAINTY_GLOBAL,42,ORIGINAL5,0.25,1000,500,500,DOMAIN_TEMPLATE_OOD,0.005,0.9971327781677247,0.00468384074941452,0.6423948220064725,0.005393743257820928,0.9916736053288926,0.7797054009819967,0.9753402849236836,0.9682199716290268,70.77910636499996
T0_E2E,UNCERTAINTY_GLOBAL,42,ORIGINAL5,0.25,1000,500,500,IID_ORIGINAL,0.01,0.9913390278816224,0.00936768149882904,0.72117202268431,0.008529854490717512,0.9782051282051282,0.8302502720348205,0.9113400448101898,0.9127432782223605,70.77910636499996
T0_E2E,UNCERTAINTY_GLOBAL,42,ORIGINAL5,0.25,1000,500,500,IID_BALANCED,0.01,0.9913390278816224,0.00936768149882904,0.72117202268431,0.007561436672967864,0.9896238651102465,0.8343357025697102,0.939850082960206,0.9131815030678133,70.77910636499996
T0_E2E,UNCERTAINTY_GLOBAL,42,ORIGINAL5,0.25,1000,500,500,TEMPORAL,0.01,0.9913390278816224,0.00936768149882904,0.78875,0.00825,0.9896486825595985,0.8778519755147468,0.9806147362846209,0.9741048750000001,70.77910636499996
T0_E2E,UNCERTAINTY_GLOBAL,42,ORIGINAL5,0.25,1000,500,500,DOMAIN_OOD,0.01,0.9913390278816224,0.00936768149882904,0.7439087610160705,0.008812856402280975,0.9882920110192838,0.8488612836438924,0.9761215905352205,0.9695442753788522,70.77910636499996
T0_E2E,UNCERTAINTY_GLOBAL,42,ORIGINAL5,0.25,1000,500,500,TEMPLATE_OOD,0.01,0.9913390278816224,0.00936768149882904,0.7783957845433255,0.007903981264637002,0.9899478778853313,0.8715175352343494,0.9801756096137588,0.9738229896231537,70.77910636499996
T0_E2E,UNCERTAINTY_GLOBAL,42,ORIGINAL5,0.25,1000,500,500,DOMAIN_TEMPLATE_OOD,0.01,0.9913390278816224,0.00936768149882904,0.7179072276159655,0.008090614886731391,0.9888558692421991,0.831875,0.9753402849236836,0.9682199716290268,70.77910636499996
T0_E2E,UNCERTAINTY_GLOBAL,42,ORIGINAL5,0.25,1000,500,500,IID_ORIGINAL,0.02,0.00995565112680197,0.01990632318501171,0.7911153119092628,0.02809834420471651,0.9372900335946248,0.8580215274218349,0.9113400448101898,0.9127432782223605,70.77910636499996
T0_E2E,UNCERTAINTY_GLOBAL,42,ORIGINAL5,0.25,1000,500,500,IID_BALANCED,0.02,0.00995565112680197,0.01990632318501171,0.7911153119092628,0.022684310018903593,0.9721254355400697,0.8723293381969776,0.939850082960206,0.9131815030678133,70.77910636499996
T0_E2E,UNCERTAINTY_GLOBAL,42,ORIGINAL5,0.25,1000,500,500,TEMPORAL,0.02,0.00995565112680197,0.01990632318501171,0.903,0.026,0.9720129171151776,0.9362363919129082,0.9806147362846209,0.9741048750000001,70.77910636499996
T0_E2E,UNCERTAINTY_GLOBAL,42,ORIGINAL5,0.25,1000,500,500,DOMAIN_OOD,0.02,0.00995565112680197,0.01990632318501171,0.8916537065837221,0.03421461897356143,0.9630459126539753,0.9259757738896366,0.9761215905352205,0.9695442753788522,70.77910636499996
T0_E2E,UNCERTAINTY_GLOBAL,42,ORIGINAL5,0.25,1000,500,500,TEMPLATE_OOD,0.02,0.00995565112680197,0.01990632318501171,0.8992974238875878,0.026053864168618268,0.9718443530528313,0.934164512695758,0.9801756096137588,0.9738229896231537,70.77910636499996
T0_E2E,UNCERTAINTY_GLOBAL,42,ORIGINAL5,0.25,1000,500,500,DOMAIN_TEMPLATE_OOD,0.02,0.00995565112680197,0.01990632318501171,0.8770226537216829,0.032362459546925564,0.9644128113879004,0.9186440677966101,0.9753402849236836,0.9682199716290268,70.77910636499996
T0_E2E,UNCERTAINTY_GLOBAL,52,ORIGINAL5,0.25,1000,466,534,IID_ORIGINAL,0.005,0.998559057712555,0.00468384074941452,0.6020793950850661,0.009031610637230306,0.9725190839694656,0.7437244600116755,0.866137945799881,0.84772934002468,70.26048087799995
T0_E2E,UNCERTAINTY_GLOBAL,52,ORIGINAL5,0.25,1000,466,534,IID_BALANCED,0.005,0.998559057712555,0.00468384074941452,0.6020793950850661,0.006616257088846881,0.9891304347826086,0.7485311398354877,0.9077430686478106,0.8497655811693068,70.26048087799995
T0_E2E,UNCERTAINTY_GLOBAL,52,ORIGINAL5,0.25,1000,466,534,TEMPORAL,0.005,0.998559057712555,0.00468384074941452,0.58275,0.00625,0.9893887945670629,0.7334801762114538,0.9648025773901499,0.9523502500000002,70.26048087799995
T0_E2E,UNCERTAINTY_GLOBAL,52,ORIGINAL5,0.25,1000,466,534,DOMAIN_OOD,0.005,0.998559057712555,0.00468384074941452,0.4764126490409539,0.002073613271124935,0.9956663055254604,0.6444600280504909,0.9684519129013732,0.9569980551141468,70.26048087799995
T0_E2E,UNCERTAINTY_GLOBAL,52,ORIGINAL5,0.25,1000,466,534,TEMPLATE_OOD,0.005,0.998559057712555,0.00468384074941452,0.5764051522248244,0.004098360655737705,0.9929399899142713,0.7293943322837563,0.9667967581053376,0.9537574419044692,70.26048087799995
T0_E2E,UNCERTAINTY_GLOBAL,52,ORIGINAL5,0.25,1000,466,534,DOMAIN_TEMPLATE_OOD,0.005,0.998559057712555,0.00468384074941452,0.470873786407767,0.0016181229773462784,0.9965753424657534,0.6395604395604395,0.9648442851237247,0.9507287080966661,70.26048087799995
T0_E2E,UNCERTAINTY_GLOBAL,52,ORIGINAL5,0.25,1000,466,534,IID_ORIGINAL,0.01,0.9953724741935731,0.00936768149882904,0.6965973534971645,0.013547415955845458,0.9646596858638743,0.8090010976948409,0.866137945799881,0.84772934002468,70.26048087799995
T0_E2E,UNCERTAINTY_GLOBAL,52,ORIGINAL5,0.25,1000,466,534,IID_BALANCED,0.01,0.9953724741935731,0.00936768149882904,0.6965973534971645,0.011342155009451797,0.9839786381842457,0.8157166574432761,0.9077430686478106,0.8497655811693068,70.26048087799995
T0_E2E,UNCERTAINTY_GLOBAL,52,ORIGINAL5,0.25,1000,466,534,TEMPORAL,0.01,0.9953724741935731,0.00936768149882904,0.7335,0.01275,0.9829145728643216,0.8400858983536149,0.9648025773901499,0.9523502500000002,70.26048087799995
T0_E2E,UNCERTAINTY_GLOBAL,52,ORIGINAL5,0.25,1000,466,534,DOMAIN_OOD,0.01,0.9953724741935731,0.00936768149882904,0.6697770865733541,0.005184033177812338,0.9923195084485407,0.7997523986381925,0.9684519129013732,0.9569980551141468,70.26048087799995
T0_E2E,UNCERTAINTY_GLOBAL,52,ORIGINAL5,0.25,1000,466,534,TEMPLATE_OOD,0.01,0.9953724741935731,0.00936768149882904,0.7221896955503513,0.010831381733021077,0.985223642172524,0.8334459459459459,0.9667967581053376,0.9537574419044692,70.26048087799995
T0_E2E,UNCERTAINTY_GLOBAL,52,ORIGINAL5,0.25,1000,466,534,DOMAIN_TEMPLATE_OOD,0.01,0.9953724741935731,0.00936768149882904,0.6499460625674218,0.0048543689320388345,0.9925864909390445,0.7855280312907431,0.9648442851237247,0.9507287080966661,70.26048087799995
T0_E2E,UNCERTAINTY_GLOBAL,52,ORIGINAL5,0.25,1000,466,534,IID_ORIGINAL,0.02,0.10669060051441194,0.01990632318501171,0.7655954631379962,0.022579026593075764,0.9473684210526315,0.8468374281233665,0.866137945799881,0.84772934002468,70.26048087799995
T0_E2E,UNCERTAINTY_GLOBAL,52,ORIGINAL5,0.25,1000,466,534,IID_BALANCED,0.02,0.10669060051441194,0.01990632318501171,0.7655954631379962,0.020793950850661626,0.9735576923076923,0.8571428571428571,0.9077430686478106,0.8497655811693068,70.26048087799995
T0_E2E,UNCERTAINTY_GLOBAL,52,ORIGINAL5,0.25,1000,466,534,TEMPORAL,0.02,0.10669060051441194,0.01990632318501171,0.86075,0.02425,0.9725988700564971,0.9132625994694961,0.9648025773901499,0.9523502500000002,70.26048087799995
T0_E2E,UNCERTAINTY_GLOBAL,52,ORIGINAL5,0.25,1000,466,534,DOMAIN_OOD,0.02,0.10669060051441194,0.01990632318501171,0.831518921721099,0.018144116122343183,0.9786455155582673,0.899103139013453,0.9684519129013732,0.9569980551141468,70.26048087799995
T0_E2E,UNCERTAINTY_GLOBAL,52,ORIGINAL5,0.25,1000,466,534,TEMPLATE_OOD,0.02,0.10669060051441194,0.01990632318501171,0.8521662763466042,0.02107728337236534,0.9758632249413343,0.9098296608845132,0.9667967581053376,0.9537574419044692,70.26048087799995
T0_E2E,UNCERTAINTY_GLOBAL,52,ORIGINAL5,0.25,1000,466,534,DOMAIN_TEMPLATE_OOD,0.02,0.10669060051441194,0.01990632318501171,0.8166127292340885,0.016181229773462782,0.9805699481865285,0.8911124190700412,0.9648442851237247,0.9507287080966661,70.26048087799995
T0_E2E,UNCERTAINTY_GLOBAL,62,ORIGINAL5,0.25,1000,455,545,IID_ORIGINAL,0.005,0.9989392161369325,0.00468384074941452,0.6285444234404537,0.010035122930255895,0.9708029197080292,0.7630522088353414,0.872276735542929,0.8606789642766696,70.52801932699981
T0_E2E,UNCERTAINTY_GLOBAL,62,ORIGINAL5,0.25,1000,455,545,IID_BALANCED,0.005,0.9989392161369325,0.00468384074941452,0.6285444234404537,0.006616257088846881,0.9895833333333334,0.7687861271676301,0.9118737602650466,0.8626818443330319,70.52801932699981
T0_E2E,UNCERTAINTY_GLOBAL,62,ORIGINAL5,0.25,1000,455,545,TEMPORAL,0.005,0.9989392161369325,0.00468384074941452,0.58225,0.01,0.9831152384972562,0.7313550007850526,0.96105089582686,0.9504913749999998,70.52801932699981
T0_E2E,UNCERTAINTY_GLOBAL,62,ORIGINAL5,0.25,1000,455,545,DOMAIN_OOD,0.005,0.9989392161369325,0.00468384074941452,0.4800414722654225,0.002073613271124935,0.9956989247311828,0.6477789436866037,0.9682176567932803,0.955194527552908,70.52801932699981
T0_E2E,UNCERTAINTY_GLOBAL,62,ORIGINAL5,0.25,1000,455,545,TEMPLATE_OOD,0.005,0.9989392161369325,0.00468384074941452,0.5690866510538641,0.007903981264637002,0.9863013698630136,0.7217375162428068,0.9629120554471586,0.9518158109790545,70.52801932699981
T0_E2E,UNCERTAINTY_GLOBAL,62,ORIGINAL5,0.25,1000,455,545,DOMAIN_TEMPLATE_OOD,0.005,0.9989392161369325,0.00468384074941452,0.45792880258899676,0.0016181229773462784,0.9964788732394366,0.6274944567627494,0.9677149573575143,0.9545721138236928,70.52801932699981
T0_E2E,UNCERTAINTY_GLOBAL,62,ORIGINAL5,0.25,1000,455,545,IID_ORIGINAL,0.01,0.9976541399955751,0.00936768149882904,0.6786389413988658,0.013045659809332665,0.9650537634408602,0.7968923418423973,0.872276735542929,0.8606789642766696,70.52801932699981
T0_E2E,UNCERTAINTY_GLOBAL,62,ORIGINAL5,0.25,1000,455,545,IID_BALANCED,0.01,0.9976541399955751,0.00936768149882904,0.6786389413988658,0.00945179584120983,0.9862637362637363,0.8040313549832027,0.9118737602650466,0.8626818443330319,70.52801932699981
T0_E2E,UNCERTAINTY_GLOBAL,62,ORIGINAL5,0.25,1000,455,545,TEMPORAL,0.01,0.9976541399955751,0.00936768149882904,0.68575,0.013,0.9813953488372092,0.8073583517292127,0.96105089582686,0.9504913749999998,70.52801932699981
T0_E2E,UNCERTAINTY_GLOBAL,62,ORIGINAL5,0.25,1000,455,545,DOMAIN_OOD,0.01,0.9976541399955751,0.00936768149882904,0.607568688439606,0.003110419906687403,0.9949066213921901,0.7544254908271645,0.9682176567932803,0.955194527552908,70.52801932699981
T0_E2E,UNCERTAINTY_GLOBAL,62,ORIGINAL5,0.25,1000,455,545,TEMPLATE_OOD,0.01,0.9976541399955751,0.00936768149882904,0.6744730679156908,0.01053864168618267,0.9846153846153847,0.8005559416261293,0.9629120554471586,0.9518158109790545,70.52801932699981
T0_E2E,UNCERTAINTY_GLOBAL,62,ORIGINAL5,0.25,1000,455,545,DOMAIN_TEMPLATE_OOD,0.01,0.9976541399955751,0.00936768149882904,0.5900755124056095,0.002696871628910464,0.9954504094631483,0.7409414155096512,0.9677149573575143,0.9545721138236928,70.52801932699981
T0_E2E,UNCERTAINTY_GLOBAL,62,ORIGINAL5,0.25,1000,455,545,IID_ORIGINAL,0.02,0.038792591542005546,0.01990632318501171,0.7684310018903592,0.025087807325639738,0.9420625724217845,0.8464341488807913,0.872276735542929,0.8606789642766696,70.52801932699981
T0_E2E,UNCERTAINTY_GLOBAL,62,ORIGINAL5,0.25,1000,455,545,IID_BALANCED,0.02,0.038792591542005546,0.01990632318501171,0.7684310018903592,0.022684310018903593,0.9713261648745519,0.8580474934036939,0.9118737602650466,0.8626818443330319,70.52801932699981
T0_E2E,UNCERTAINTY_GLOBAL,62,ORIGINAL5,0.25,1000,455,545,TEMPORAL,0.02,0.038792591542005546,0.01990632318501171,0.8695,0.02575,0.9712370846132365,0.9175570505210394,0.96105089582686,0.9504913749999998,70.52801932699981
T0_E2E,UNCERTAINTY_GLOBAL,62,ORIGINAL5,0.25,1000,455,545,DOMAIN_OOD,0.02,0.038792591542005546,0.01990632318501171,0.8455158113011924,0.01866251944012442,0.9784043191361728,0.907119021134594,0.9682176567932803,0.955194527552908,70.52801932699981
T0_E2E,UNCERTAINTY_GLOBAL,62,ORIGINAL5,0.25,1000,455,545,TEMPLATE_OOD,0.02,0.038792591542005546,0.01990632318501171,0.8662177985948478,0.022833723653395786,0.9743167599604873,0.9170928250426158,0.9629120554471586,0.9518158109790545,70.52801932699981
T0_E2E,UNCERTAINTY_GLOBAL,62,ORIGINAL5,0.25,1000,455,545,DOMAIN_TEMPLATE_OOD,0.02,0.038792591542005546,0.01990632318501171,0.8327939590075513,0.017259978425026967,0.9796954314720813,0.9002915451895044,0.9677149573575143,0.9545721138236928,70.52801932699981
T0_E2E,UNCERTAINTY_GLOBAL,72,ORIGINAL5,0.25,1000,428,572,IID_ORIGINAL,0.005,0.9989012479782106,0.00468384074941452,0.6843100189035917,0.004515805318615153,0.9877216916780355,0.8084868788386377,0.8891710108766492,0.870668084989334,70.32017727699986
T0_E2E,UNCERTAINTY_GLOBAL,72,ORIGINAL5,0.25,1000,428,572,IID_BALANCED,0.005,0.9989012479782106,0.00468384074941452,0.6843100189035917,0.003780718336483932,0.9945054945054945,0.8107502799552072,0.9200335689981352,0.8717655740223912,70.32017727699986
T0_E2E,UNCERTAINTY_GLOBAL,72,ORIGINAL5,0.25,1000,428,572,TEMPORAL,0.005,0.9989012479782106,0.00468384074941452,0.66975,0.0035,0.9948013367991088,0.8005378753922008,0.973316081542462,0.960509875,70.32017727699986
T0_E2E,UNCERTAINTY_GLOBAL,72,ORIGINAL5,0.25,1000,428,572,DOMAIN_OOD,0.005,0.9989012479782106,0.00468384074941452,0.5847589424572317,0.004665629860031105,0.9920844327176781,0.735812133072407,0.9699364714544889,0.9608586683135177,70.32017727699986
T0_E2E,UNCERTAINTY_GLOBAL,72,ORIGINAL5,0.25,1000,428,572,TEMPLATE_OOD,0.005,0.9989012479782106,0.00468384074941452,0.6615925058548009,0.00351288056206089,0.9947183098591549,0.7946554149085795,0.9726179428653914,0.9598983842394792,70.32017727699986
T0_E2E,UNCERTAINTY_GLOBAL,72,ORIGINAL5,0.25,1000,428,572,DOMAIN_TEMPLATE_OOD,0.005,0.9989012479782106,0.00468384074941452,0.5765911542610572,0.004314994606256742,0.9925719591457753,0.7294438758103037,0.9689267677874859,0.9590954104888815,70.32017727699986
T0_E2E,UNCERTAINTY_GLOBAL,72,ORIGINAL5,0.25,1000,428,572,IID_ORIGINAL,0.01,0.9858275651931764,0.00936768149882904,0.7353497164461248,0.01154039136979428,0.9712858926342073,0.8370091447014524,0.8891710108766492,0.870668084989334,70.32017727699986
T0_E2E,UNCERTAINTY_GLOBAL,72,ORIGINAL5,0.25,1000,428,572,IID_BALANCED,0.01,0.9858275651931764,0.00936768149882904,0.7353497164461248,0.00945179584120983,0.9873096446700508,0.8429035752979415,0.9200335689981352,0.8717655740223912,70.32017727699986
T0_E2E,UNCERTAINTY_GLOBAL,72,ORIGINAL5,0.25,1000,428,572,TEMPORAL,0.01,0.9858275651931764,0.00936768149882904,0.80925,0.0075,0.9908172635445363,0.8908765652951699,0.973316081542462,0.960509875,70.32017727699986
T0_E2E,UNCERTAINTY_GLOBAL,72,ORIGINAL5,0.25,1000,428,572,DOMAIN_OOD,0.01,0.9858275651931764,0.00936768149882904,0.7625712804561949,0.00933125972006221,0.9879113498992612,0.8607372732592159,0.9699364714544889,0.9608586683135177,70.32017727699986
T0_E2E,UNCERTAINTY_GLOBAL,72,ORIGINAL5,0.25,1000,428,572,TEMPLATE_OOD,0.01,0.9858275651931764,0.00936768149882904,0.8018149882903981,0.00702576112412178,0.991313789359392,0.8865512218805632,0.9726179428653914,0.9598983842394792,70.32017727699986
T0_E2E,UNCERTAINTY_GLOBAL,72,ORIGINAL5,0.25,1000,428,572,DOMAIN_TEMPLATE_OOD,0.01,0.9858275651931764,0.00936768149882904,0.7448759439050702,0.008629989212513484,0.9885468861846815,0.849584743155952,0.9689267677874859,0.9590954104888815,70.32017727699986
T0_E2E,UNCERTAINTY_GLOBAL,72,ORIGINAL5,0.25,1000,428,572,IID_ORIGINAL,0.02,0.05964694544672967,0.01990632318501171,0.7731568998109641,0.018564977420973405,0.9567251461988304,0.8552012545739676,0.8891710108766492,0.870668084989334,70.32017727699986
T0_E2E,UNCERTAINTY_GLOBAL,72,ORIGINAL5,0.25,1000,428,572,IID_BALANCED,0.02,0.05964694544672967,0.01990632318501171,0.7731568998109641,0.01606805293005671,0.9796407185628743,0.8642366613840465,0.9200335689981352,0.8717655740223912,70.32017727699986
T0_E2E,UNCERTAINTY_GLOBAL,72,ORIGINAL5,0.25,1000,428,572,TEMPORAL,0.02,0.05964694544672967,0.01990632318501171,0.88,0.015,0.9832402234636871,0.9287598944591029,0.973316081542462,0.960509875,70.32017727699986
T0_E2E,UNCERTAINTY_GLOBAL,72,ORIGINAL5,0.25,1000,428,572,DOMAIN_OOD,0.02,0.05964694544672967,0.01990632318501171,0.8595127008812856,0.01866251944012442,0.9787485242030697,0.9152635937068727,0.9699364714544889,0.9608586683135177,70.32017727699986
T0_E2E,UNCERTAINTY_GLOBAL,72,ORIGINAL5,0.25,1000,428,572,TEMPLATE_OOD,0.02,0.05964694544672967,0.01990632318501171,0.8755854800936768,0.014344262295081968,0.9838815789473684,0.9265799256505576,0.9726179428653914,0.9598983842394792,70.32017727699986
T0_E2E,UNCERTAINTY_GLOBAL,72,ORIGINAL5,0.25,1000,428,572,DOMAIN_TEMPLATE_OOD,0.02,0.05964694544672967,0.01990632318501171,0.8425026968716289,0.016720604099244876,0.9805398618957941,0.9062953292718305,0.9689267677874859,0.9590954104888815,70.32017727699986
T0_E2E,UNCERTAINTY_GLOBAL,82,ORIGINAL5,0.25,1000,494,506,IID_ORIGINAL,0.005,0.998914122581482,0.00468384074941452,0.5151228733459358,0.0055193176116407425,0.9802158273381295,0.6753407682775713,0.8833891410629696,0.8766924784951489,70.40874056499979
T0_E2E,UNCERTAINTY_GLOBAL,82,ORIGINAL5,0.25,1000,494,506,IID_BALANCED,0.005,0.998914122581482,0.00468384074941452,0.5151228733459358,0.003780718336483932,0.9927140255009107,0.6782825140012445,0.9203984973773952,0.8778520659946183,70.40874056499979
T0_E2E,UNCERTAINTY_GLOBAL,82,ORIGINAL5,0.25,1000,494,506,TEMPORAL,0.005,0.998914122581482,0.00468384074941452,0.56425,0.00225,0.9960282436010591,0.7203957867858283,0.9759572113389908,0.9655441874999999,70.40874056499979
T0_E2E,UNCERTAINTY_GLOBAL,82,ORIGINAL5,0.25,1000,494,506,DOMAIN_OOD,0.005,0.998914122581482,0.00468384074941452,0.5225505443234837,0.0010368066355624676,0.998019801980198,0.6859476012249064,0.9781161556316701,0.9686790605102173,70.40874056499979
T0_E2E,UNCERTAINTY_GLOBAL,82,ORIGINAL5,0.25,1000,494,506,TEMPLATE_OOD,0.005,0.998914122581482,0.00468384074941452,0.550351288056206,0.001756440281030445,0.9968186638388123,0.7091663523198793,0.9761450057708113,0.9656947400029616,70.40874056499979
T0_E2E,UNCERTAINTY_GLOBAL,82,ORIGINAL5,0.25,1000,494,506,DOMAIN_TEMPLATE_OOD,0.005,0.998914122581482,0.00468384074941452,0.5161812297734628,0.0010787486515641855,0.9979144942648592,0.6804123711340206,0.9761713471677785,0.9655507378431311,70.40874056499979
T0_E2E,UNCERTAINTY_GLOBAL,82,ORIGINAL5,0.25,1000,494,506,IID_ORIGINAL,0.01,0.992031216621399,0.00936768149882904,0.7107750472589792,0.013547415955845458,0.9653401797175867,0.8187261839956451,0.8833891410629696,0.8766924784951489,70.40874056499979
T0_E2E,UNCERTAINTY_GLOBAL,82,ORIGINAL5,0.25,1000,494,506,IID_BALANCED,0.01,0.992031216621399,0.00936768149882904,0.7107750472589792,0.00945179584120983,0.9868766404199475,0.8263736263736263,0.9203984973773952,0.8778520659946183,70.40874056499979
T0_E2E,UNCERTAINTY_GLOBAL,82,ORIGINAL5,0.25,1000,494,506,TEMPORAL,0.01,0.992031216621399,0.00936768149882904,0.831,0.0115,0.9863501483679525,0.9020352781546811,0.9759572113389908,0.9655441874999999,70.40874056499979
T0_E2E,UNCERTAINTY_GLOBAL,82,ORIGINAL5,0.25,1000,494,506,DOMAIN_OOD,0.01,0.992031216621399,0.00936768149882904,0.7993779160186625,0.006220839813374806,0.9922779922779923,0.8854435831180018,0.9781161556316701,0.9686790605102173,70.40874056499979
T0_E2E,UNCERTAINTY_GLOBAL,82,ORIGINAL5,0.25,1000,494,506,TEMPLATE_OOD,0.01,0.992031216621399,0.00936768149882904,0.8237704918032787,0.009660421545667448,0.9884088514225501,0.8986108893501517,0.9761450057708113,0.9656947400029616,70.40874056499979
T0_E2E,UNCERTAINTY_GLOBAL,82,ORIGINAL5,0.25,1000,494,506,DOMAIN_TEMPLATE_OOD,0.01,0.992031216621399,0.00936768149882904,0.7799352750809061,0.005933117583603021,0.9924502402196294,0.8734521292660827,0.9761713471677785,0.9655507378431311,70.40874056499979
T0_E2E,UNCERTAINTY_GLOBAL,82,ORIGINAL5,0.25,1000,494,506,IID_ORIGINAL,0.02,0.06181932240724564,0.01990632318501171,0.7637051039697542,0.021073758153537382,0.9505882352941176,0.8469601677148847,0.8833891410629696,0.8766924784951489,70.40874056499979
T0_E2E,UNCERTAINTY_GLOBAL,82,ORIGINAL5,0.25,1000,494,506,IID_BALANCED,0.02,0.06181932240724564,0.01990632318501171,0.7637051039697542,0.01890359168241966,0.9758454106280193,0.8568398727465536,0.9203984973773952,0.8778520659946183,70.40874056499979
T0_E2E,UNCERTAINTY_GLOBAL,82,ORIGINAL5,0.25,1000,494,506,TEMPORAL,0.02,0.06181932240724564,0.01990632318501171,0.89575,0.026,0.9717927854624356,0.9322232340314818,0.9759572113389908,0.9655441874999999,70.40874056499979
T0_E2E,UNCERTAINTY_GLOBAL,82,ORIGINAL5,0.25,1000,494,506,DOMAIN_OOD,0.02,0.06181932240724564,0.01990632318501171,0.8838776568170036,0.01918092275790565,0.978760045924225,0.9289022064832471,0.9781161556316701,0.9686790605102173,70.40874056499979
T0_E2E,UNCERTAINTY_GLOBAL,82,ORIGINAL5,0.25,1000,494,506,TEMPLATE_OOD,0.02,0.06181932240724564,0.01990632318501171,0.8916861826697893,0.023126463700234193,0.97472,0.9313560617642562,0.9761450057708113,0.9656947400029616,70.40874056499979
T0_E2E,UNCERTAINTY_GLOBAL,82,ORIGINAL5,0.25,1000,494,506,DOMAIN_TEMPLATE_OOD,0.02,0.06181932240724564,0.01990632318501171,0.8694714131607335,0.016720604099244876,0.9811320754716981,0.9219330855018587,0.9761713471677785,0.9655507378431311,70.40874056499979
T0_E2E,UNCERTAINTY_GLOBAL,242,REPLICATION5,0.25,1000,470,530,IID_ORIGINAL,0.005,0.9972584247589112,0.00468384074941452,0.6625708884688091,0.006522829904666332,0.9817927170868347,0.791196388261851,0.8973220861918295,0.8927237770760991,70.33808376100023
T0_E2E,UNCERTAINTY_GLOBAL,242,REPLICATION5,0.25,1000,470,530,IID_BALANCED,0.005,0.9972584247589112,0.00468384074941452,0.6625708884688091,0.005671077504725898,0.9915134370579916,0.7943342776203967,0.9312827613909598,0.8955366618901448,70.33808376100023
T0_E2E,UNCERTAINTY_GLOBAL,242,REPLICATION5,0.25,1000,470,530,TEMPORAL,0.005,0.9972584247589112,0.00468384074941452,0.7225,0.00525,0.9927859841978701,0.8363478512516278,0.9753346327789632,0.9646120937499999,70.33808376100023
T0_E2E,UNCERTAINTY_GLOBAL,242,REPLICATION5,0.25,1000,470,530,DOMAIN_OOD,0.005,0.9972584247589112,0.00468384074941452,0.6594090202177294,0.00673924313115604,0.9898832684824903,0.791537025513379,0.9731540199137441,0.9642950722660674,70.33808376100023
T0_E2E,UNCERTAINTY_GLOBAL,242,REPLICATION5,0.25,1000,470,530,TEMPLATE_OOD,0.005,0.9972584247589112,0.00468384074941452,0.7078454332552693,0.00468384074941452,0.9934264585045193,0.8266666666666667,0.9757305973466606,0.9654494330989583,70.33808376100023
T0_E2E,UNCERTAINTY_GLOBAL,242,REPLICATION5,0.25,1000,470,530,DOMAIN_TEMPLATE_OOD,0.005,0.9972584247589112,0.00468384074941452,0.6305285868392665,0.005393743257820928,0.991518235793045,0.7708539399934059,0.9708558597786487,0.9602179433022742,70.33808376100023
T0_E2E,UNCERTAINTY_GLOBAL,242,REPLICATION5,0.25,1000,470,530,IID_ORIGINAL,0.01,0.857708513736725,0.00936768149882904,0.7362948960302458,0.014550928248871048,0.9641089108910891,0.834941050375134,0.8973220861918295,0.8927237770760991,70.33808376100023
T0_E2E,UNCERTAINTY_GLOBAL,242,REPLICATION5,0.25,1000,470,530,IID_BALANCED,0.01,0.857708513736725,0.00936768149882904,0.7362948960302458,0.012287334593572778,0.9835858585858586,0.8421621621621621,0.9312827613909598,0.8955366618901448,70.33808376100023
T0_E2E,UNCERTAINTY_GLOBAL,242,REPLICATION5,0.25,1000,470,530,TEMPORAL,0.01,0.857708513736725,0.00936768149882904,0.827,0.01025,0.987757539564049,0.9002585385766771,0.9753346327789632,0.9646120937499999,70.33808376100023
T0_E2E,UNCERTAINTY_GLOBAL,242,REPLICATION5,0.25,1000,470,530,DOMAIN_OOD,0.01,0.857708513736725,0.00936768149882904,0.7962674961119751,0.01347848626231208,0.9833546734955185,0.879977083930106,0.9731540199137441,0.9642950722660674,70.33808376100023
T0_E2E,UNCERTAINTY_GLOBAL,242,REPLICATION5,0.25,1000,470,530,TEMPLATE_OOD,0.01,0.857708513736725,0.00936768149882904,0.8182084309133489,0.009660421545667448,0.9883309759547383,0.8952594490711082,0.9757305973466606,0.9654494330989583,70.33808376100023
T0_E2E,UNCERTAINTY_GLOBAL,242,REPLICATION5,0.25,1000,470,530,DOMAIN_TEMPLATE_OOD,0.01,0.857708513736725,0.00936768149882904,0.7707659115426105,0.011866235167206042,0.9848380427291523,0.864750378214826,0.9708558597786487,0.9602179433022742,70.33808376100023
T0_E2E,UNCERTAINTY_GLOBAL,242,REPLICATION5,0.25,1000,470,530,IID_ORIGINAL,0.02,0.012995414435863497,0.01990632318501171,0.776937618147448,0.024586051179126944,0.9437428243398392,0.8522550544323484,0.8973220861918295,0.8927237770760991,70.33808376100023
T0_E2E,UNCERTAINTY_GLOBAL,242,REPLICATION5,0.25,1000,470,530,IID_BALANCED,0.02,0.012995414435863497,0.01990632318501171,0.776937618147448,0.021739130434782608,0.9727810650887574,0.8638991066736732,0.9312827613909598,0.8955366618901448,70.33808376100023
T0_E2E,UNCERTAINTY_GLOBAL,242,REPLICATION5,0.25,1000,470,530,TEMPORAL,0.02,0.012995414435863497,0.01990632318501171,0.87875,0.02,0.9777468706536857,0.9256089532587228,0.9753346327789632,0.9646120937499999,70.33808376100023
T0_E2E,UNCERTAINTY_GLOBAL,242,REPLICATION5,0.25,1000,470,530,DOMAIN_OOD,0.02,0.012995414435863497,0.01990632318501171,0.8589942975635044,0.02592016588906169,0.9707088459285296,0.9114411441144115,0.9731540199137441,0.9642950722660674,70.33808376100023
T0_E2E,UNCERTAINTY_GLOBAL,242,REPLICATION5,0.25,1000,470,530,TEMPLATE_OOD,0.02,0.012995414435863497,0.01990632318501171,0.8744145199063232,0.019613583138173303,0.9780615586116569,0.923338485316847,0.9757305973466606,0.9654494330989583,70.33808376100023
T0_E2E,UNCERTAINTY_GLOBAL,242,REPLICATION5,0.25,1000,470,530,DOMAIN_TEMPLATE_OOD,0.02,0.012995414435863497,0.01990632318501171,0.8441208198489751,0.023732470334412083,0.9726538222498446,0.9038406006352874,0.9708558597786487,0.9602179433022742,70.33808376100023
T0_E2E,UNCERTAINTY_GLOBAL,252,REPLICATION5,0.25,1000,468,532,IID_ORIGINAL,0.005,0.9969245791435243,0.00468384074941452,0.666351606805293,0.006021073758153537,0.9832635983263598,0.7943661971830986,0.8936629194245262,0.880037124263846,70.30484284100021
T0_E2E,UNCERTAINTY_GLOBAL,252,REPLICATION5,0.25,1000,468,532,IID_BALANCED,0.005,0.9969245791435243,0.00468384074941452,0.666351606805293,0.004725897920604915,0.9929577464788732,0.7975113122171946,0.9242305944213657,0.8804026214886309,70.30484284100021
T0_E2E,UNCERTAINTY_GLOBAL,252,REPLICATION5,0.25,1000,468,532,TEMPORAL,0.005,0.9969245791435243,0.00468384074941452,0.72,0.0035,0.995162404975812,0.835509138381201,0.9766528438938256,0.96617075,70.30484284100021
T0_E2E,UNCERTAINTY_GLOBAL,252,REPLICATION5,0.25,1000,468,532,DOMAIN_OOD,0.005,0.9969245791435243,0.00468384074941452,0.6568170036288232,0.00414722654224987,0.9937254901960785,0.7908863920099876,0.9744734075591315,0.9666278871960831,70.30484284100021
T0_E2E,UNCERTAINTY_GLOBAL,252,REPLICATION5,0.25,1000,468,532,TEMPLATE_OOD,0.005,0.9969245791435243,0.00468384074941452,0.7128220140515222,0.0032201405152224825,0.9955028618152085,0.8307744796997611,0.9764093768973144,0.9654478477093607,70.30484284100021
T0_E2E,UNCERTAINTY_GLOBAL,252,REPLICATION5,0.25,1000,468,532,DOMAIN_TEMPLATE_OOD,0.005,0.9969245791435243,0.00468384074941452,0.63915857605178,0.0037756202804746495,0.9941275167785235,0.778069599474721,0.9736944060426326,0.9644239866221203,70.30484284100021
T0_E2E,UNCERTAINTY_GLOBAL,252,REPLICATION5,0.25,1000,468,532,IID_ORIGINAL,0.01,0.9687085151672364,0.00936768149882904,0.72117202268431,0.011038635223281485,0.9719745222929936,0.8279978296256104,0.8936629194245262,0.880037124263846,70.30484284100021
T0_E2E,UNCERTAINTY_GLOBAL,252,REPLICATION5,0.25,1000,468,532,IID_BALANCED,0.01,0.9687085151672364,0.00936768149882904,0.72117202268431,0.010396975425330813,0.9857881136950905,0.8329694323144105,0.9242305944213657,0.8804026214886309,70.30484284100021
T0_E2E,UNCERTAINTY_GLOBAL,252,REPLICATION5,0.25,1000,468,532,TEMPORAL,0.01,0.9687085151672364,0.00936768149882904,0.81325,0.0085,0.9896562214785519,0.8928228351859476,0.9766528438938256,0.96617075,70.30484284100021
T0_E2E,UNCERTAINTY_GLOBAL,252,REPLICATION5,0.25,1000,468,532,DOMAIN_OOD,0.01,0.9687085151672364,0.00936768149882904,0.7791601866251944,0.010368066355624676,0.9868680236375574,0.8707995365005794,0.9744734075591315,0.9666278871960831,70.30484284100021
T0_E2E,UNCERTAINTY_GLOBAL,252,REPLICATION5,0.25,1000,468,532,TEMPLATE_OOD,0.01,0.9687085151672364,0.00936768149882904,0.8073770491803278,0.007903981264637002,0.9903052064631956,0.8895339461377197,0.9764093768973144,0.9654478477093607,70.30484284100021
T0_E2E,UNCERTAINTY_GLOBAL,252,REPLICATION5,0.25,1000,468,532,DOMAIN_TEMPLATE_OOD,0.01,0.9687085151672364,0.00936768149882904,0.7583603020496225,0.009708737864077669,0.9873595505617978,0.8578401464307505,0.9736944060426326,0.9644239866221203,70.30484284100021
T0_E2E,UNCERTAINTY_GLOBAL,252,REPLICATION5,0.25,1000,468,532,IID_ORIGINAL,0.02,0.13184244930744174,0.01990632318501171,0.7637051039697542,0.01806322127446061,0.957345971563981,0.8496319663512093,0.8936629194245262,0.880037124263846,70.30484284100021
T0_E2E,UNCERTAINTY_GLOBAL,252,REPLICATION5,0.25,1000,468,532,IID_BALANCED,0.02,0.13184244930744174,0.01990632318501171,0.7637051039697542,0.017013232514177693,0.9782082324455206,0.8577494692144374,0.9242305944213657,0.8804026214886309,70.30484284100021
T0_E2E,UNCERTAINTY_GLOBAL,252,REPLICATION5,0.25,1000,468,532,TEMPORAL,0.02,0.13184244930744174,0.01990632318501171,0.8865,0.02,0.9779371207942636,0.9299763965381589,0.9766528438938256,0.96617075,70.30484284100021
T0_E2E,UNCERTAINTY_GLOBAL,252,REPLICATION5,0.25,1000,468,532,DOMAIN_OOD,0.02,0.13184244930744174,0.01990632318501171,0.8698807672369103,0.02695697252462416,0.9699421965317919,0.9171904892047007,0.9744734075591315,0.9666278871960831,70.30484284100021
T0_E2E,UNCERTAINTY_GLOBAL,252,REPLICATION5,0.25,1000,468,532,TEMPLATE_OOD,0.02,0.13184244930744174,0.01990632318501171,0.8823185011709602,0.01873536299765808,0.9792072774528915,0.9282414536495226,0.9764093768973144,0.9654478477093607,70.30484284100021
T0_E2E,UNCERTAINTY_GLOBAL,252,REPLICATION5,0.25,1000,468,532,DOMAIN_TEMPLATE_OOD,0.02,0.13184244930744174,0.01990632318501171,0.8527508090614887,0.024271844660194174,0.9723247232472325,0.9086206896551724,0.9736944060426326,0.9644239866221203,70.30484284100021
T0_E2E,UNCERTAINTY_GLOBAL,262,REPLICATION5,0.25,1000,424,576,IID_ORIGINAL,0.005,0.9988969564437867,0.00468384074941452,0.5226843100189036,0.008028098344204716,0.9718804920913884,0.6797787338660111,0.8705276489931558,0.862436770663295,70.26248750800005
T0_E2E,UNCERTAINTY_GLOBAL,262,REPLICATION5,0.25,1000,424,576,IID_BALANCED,0.005,0.9988969564437867,0.00468384074941452,0.5226843100189036,0.005671077504725898,0.9892665474060823,0.683982683982684,0.9125278806111519,0.865640220696753,70.26248750800005
T0_E2E,UNCERTAINTY_GLOBAL,262,REPLICATION5,0.25,1000,424,576,TEMPORAL,0.005,0.9988969564437867,0.00468384074941452,0.46275,0.006,0.9872,0.630127659574468,0.9627364084465622,0.9513950937500001,70.26248750800005
T0_E2E,UNCERTAINTY_GLOBAL,262,REPLICATION5,0.25,1000,424,576,DOMAIN_OOD,0.005,0.9988969564437867,0.00468384074941452,0.33748055987558323,0.002073613271124935,0.9938931297709923,0.5038699690402477,0.9640145808355584,0.9537566234825147,70.26248750800005
T0_E2E,UNCERTAINTY_GLOBAL,262,REPLICATION5,0.25,1000,424,576,TEMPLATE_OOD,0.005,0.9988969564437867,0.00468384074941452,0.4613583138173302,0.0038056206088992973,0.9918187539332913,0.6297702297702298,0.9652449007261779,0.9537438161236009,70.26248750800005
T0_E2E,UNCERTAINTY_GLOBAL,262,REPLICATION5,0.25,1000,424,576,DOMAIN_TEMPLATE_OOD,0.005,0.9988969564437867,0.00468384074941452,0.3365695792880259,0.002157497303128371,0.9936305732484076,0.5028203062046737,0.9613703283811621,0.949089347618898,70.26248750800005
T0_E2E,UNCERTAINTY_GLOBAL,262,REPLICATION5,0.25,1000,424,576,IID_ORIGINAL,0.01,0.9934357404708863,0.00936768149882904,0.6550094517958412,0.014049172102358254,0.9611650485436893,0.7790893760539629,0.8705276489931558,0.862436770663295,70.26248750800005
T0_E2E,UNCERTAINTY_GLOBAL,262,REPLICATION5,0.25,1000,424,576,IID_BALANCED,0.01,0.9934357404708863,0.00936768149882904,0.6550094517958412,0.010396975425330813,0.984375,0.7866061293984109,0.9125278806111519,0.865640220696753,70.26248750800005
T0_E2E,UNCERTAINTY_GLOBAL,262,REPLICATION5,0.25,1000,424,576,TEMPORAL,0.01,0.9934357404708863,0.00936768149882904,0.643,0.01125,0.9828047382499044,0.7773915671754572,0.9627364084465622,0.9513950937500001,70.26248750800005
T0_E2E,UNCERTAINTY_GLOBAL,262,REPLICATION5,0.25,1000,424,576,DOMAIN_OOD,0.01,0.9934357404708863,0.00936768149882904,0.552099533437014,0.005702436495593572,0.9897769516728625,0.7088186356073212,0.9640145808355584,0.9537566234825147,70.26248750800005
T0_E2E,UNCERTAINTY_GLOBAL,262,REPLICATION5,0.25,1000,424,576,TEMPLATE_OOD,0.01,0.9934357404708863,0.00936768149882904,0.6314402810304449,0.009074941451990632,0.9858318098720292,0.7698072805139187,0.9652449007261779,0.9537438161236009,70.26248750800005
T0_E2E,UNCERTAINTY_GLOBAL,262,REPLICATION5,0.25,1000,424,576,DOMAIN_TEMPLATE_OOD,0.01,0.9934357404708863,0.00936768149882904,0.5339805825242718,0.005393743257820928,0.99,0.6937631394533987,0.9613703283811621,0.949089347618898,70.26248750800005
T0_E2E,UNCERTAINTY_GLOBAL,262,REPLICATION5,0.25,1000,424,576,IID_ORIGINAL,0.02,0.005021150223910809,0.01990632318501171,0.7438563327032136,0.02609131961866533,0.9380214541120382,0.8297311544544017,0.8705276489931558,0.862436770663295,70.26248750800005
T0_E2E,UNCERTAINTY_GLOBAL,262,REPLICATION5,0.25,1000,424,576,IID_BALANCED,0.02,0.005021150223910809,0.01990632318501171,0.7438563327032136,0.02551984877126654,0.9668304668304668,0.8408119658119658,0.9125278806111519,0.865640220696753,70.26248750800005
T0_E2E,UNCERTAINTY_GLOBAL,262,REPLICATION5,0.25,1000,424,576,TEMPORAL,0.02,0.005021150223910809,0.01990632318501171,0.83775,0.02825,0.9673787528868361,0.8979099678456591,0.9627364084465622,0.9513950937500001,70.26248750800005
T0_E2E,UNCERTAINTY_GLOBAL,262,REPLICATION5,0.25,1000,424,576,DOMAIN_OOD,0.02,0.005021150223910809,0.01990632318501171,0.8118195956454122,0.02332814930015552,0.9720670391061452,0.8847457627118644,0.9640145808355584,0.9537566234825147,70.26248750800005
T0_E2E,UNCERTAINTY_GLOBAL,262,REPLICATION5,0.25,1000,424,576,TEMPLATE_OOD,0.02,0.005021150223910809,0.01990632318501171,0.8281615925058547,0.025468384074941453,0.970164609053498,0.8935565382185723,0.9652449007261779,0.9537438161236009,70.26248750800005
T0_E2E,UNCERTAINTY_GLOBAL,262,REPLICATION5,0.25,1000,424,576,DOMAIN_TEMPLATE_OOD,0.02,0.005021150223910809,0.01990632318501171,0.7928802588996764,0.022114347357065803,0.9728656518861681,0.8736998514115899,0.9613703283811621,0.949089347618898,70.26248750800005
T0_E2E,UNCERTAINTY_GLOBAL,272,REPLICATION5,0.25,1000,459,541,IID_ORIGINAL,0.005,0.9330047965049745,0.00468384074941452,0.7051039697542533,0.008028098344204716,0.979002624671916,0.8197802197802198,0.8953941503841296,0.8807107959142444,70.53753269899971
T0_E2E,UNCERTAINTY_GLOBAL,272,REPLICATION5,0.25,1000,459,541,IID_BALANCED,0.005,0.9330047965049745,0.00468384074941452,0.7051039697542533,0.005671077504725898,0.9920212765957447,0.8243093922651934,0.9261259140917305,0.8827941581112131,70.53753269899971
T0_E2E,UNCERTAINTY_GLOBAL,272,REPLICATION5,0.25,1000,459,541,TEMPORAL,0.005,0.9330047965049745,0.00468384074941452,0.75875,0.0065,0.9915060437765436,0.8596516074210452,0.9737693355665825,0.9614153125,70.53753269899971
T0_E2E,UNCERTAINTY_GLOBAL,272,REPLICATION5,0.25,1000,459,541,DOMAIN_OOD,0.005,0.9330047965049745,0.00468384074941452,0.7060653188180405,0.00673924313115604,0.9905454545454545,0.8244552058111381,0.9693823308845206,0.9583482149215773,70.53753269899971
T0_E2E,UNCERTAINTY_GLOBAL,272,REPLICATION5,0.25,1000,459,541,TEMPLATE_OOD,0.005,0.9330047965049745,0.00468384074941452,0.7488290398126464,0.006440281030444965,0.9914728682170543,0.8532354903268846,0.972511952485015,0.9600057194000955,70.53753269899971
T0_E2E,UNCERTAINTY_GLOBAL,272,REPLICATION5,0.25,1000,459,541,DOMAIN_TEMPLATE_OOD,0.005,0.9330047965049745,0.00468384074941452,0.6914778856526429,0.006472491909385114,0.990726429675425,0.8144853875476493,0.96762699235724,0.9550860322414347,70.53753269899971
T0_E2E,UNCERTAINTY_GLOBAL,272,REPLICATION5,0.25,1000,459,541,IID_ORIGINAL,0.01,0.6305711865425111,0.00936768149882904,0.724007561436673,0.008028098344204716,0.979539641943734,0.8326086956521739,0.8953941503841296,0.8807107959142444,70.53753269899971
T0_E2E,UNCERTAINTY_GLOBAL,272,REPLICATION5,0.25,1000,459,541,IID_BALANCED,0.01,0.6305711865425111,0.00936768149882904,0.724007561436673,0.005671077504725898,0.9922279792746114,0.8371584699453551,0.9261259140917305,0.8827941581112131,70.53753269899971
T0_E2E,UNCERTAINTY_GLOBAL,272,REPLICATION5,0.25,1000,459,541,TEMPORAL,0.01,0.6305711865425111,0.00936768149882904,0.7965,0.008,0.9900559353635798,0.8827930174563591,0.9737693355665825,0.9614153125,70.53753269899971
T0_E2E,UNCERTAINTY_GLOBAL,272,REPLICATION5,0.25,1000,459,541,DOMAIN_OOD,0.01,0.6305711865425111,0.00936768149882904,0.7511664074650077,0.00933125972006221,0.9877300613496932,0.8533568904593639,0.9693823308845206,0.9583482149215773,70.53753269899971
T0_E2E,UNCERTAINTY_GLOBAL,272,REPLICATION5,0.25,1000,459,541,TEMPLATE_OOD,0.01,0.6305711865425111,0.00936768149882904,0.7868852459016393,0.00819672131147541,0.9896907216494846,0.8767123287671232,0.972511952485015,0.9600057194000955,70.53753269899971
T0_E2E,UNCERTAINTY_GLOBAL,272,REPLICATION5,0.25,1000,459,541,DOMAIN_TEMPLATE_OOD,0.01,0.6305711865425111,0.00936768149882904,0.7389428263214671,0.009169363538295576,0.9877433309300648,0.8454180808392472,0.96762699235724,0.9550860322414347,70.53753269899971
T0_E2E,UNCERTAINTY_GLOBAL,272,REPLICATION5,0.25,1000,459,541,IID_ORIGINAL,0.02,0.0022827750071883206,0.01990632318501171,0.7920604914933838,0.02408429503261415,0.945823927765237,0.8621399176954733,0.8953941503841296,0.8807107959142444,70.53753269899971
T0_E2E,UNCERTAINTY_GLOBAL,272,REPLICATION5,0.25,1000,459,541,IID_BALANCED,0.02,0.0022827750071883206,0.01990632318501171,0.7920604914933838,0.020793950850661626,0.9744186046511628,0.8738269030239834,0.9261259140917305,0.8827941581112131,70.53753269899971
T0_E2E,UNCERTAINTY_GLOBAL,272,REPLICATION5,0.25,1000,459,541,TEMPORAL,0.02,0.0022827750071883206,0.01990632318501171,0.90325,0.02625,0.9717590102205487,0.9362529152630215,0.9737693355665825,0.9614153125,70.53753269899971
T0_E2E,UNCERTAINTY_GLOBAL,272,REPLICATION5,0.25,1000,459,541,DOMAIN_OOD,0.02,0.0022827750071883206,0.01990632318501171,0.8921721099015034,0.033696215655780196,0.9636058230683091,0.9265141318977119,0.9693823308845206,0.9583482149215773,70.53753269899971
T0_E2E,UNCERTAINTY_GLOBAL,272,REPLICATION5,0.25,1000,459,541,TEMPLATE_OOD,0.02,0.0022827750071883206,0.01990632318501171,0.8998829039812647,0.027517564402810304,0.9703282828282829,0.9337788578371811,0.972511952485015,0.9600057194000955,70.53753269899971
T0_E2E,UNCERTAINTY_GLOBAL,272,REPLICATION5,0.25,1000,459,541,DOMAIN_TEMPLATE_OOD,0.02,0.0022827750071883206,0.01990632318501171,0.8807982740021575,0.03290183387270766,0.9639905548996458,0.9205186020293122,0.96762699235724,0.9550860322414347,70.53753269899971
T0_E2E,UNCERTAINTY_GLOBAL,282,REPLICATION5,0.25,1000,418,582,IID_ORIGINAL,0.005,0.9981720447540284,0.00468384074941452,0.6474480151228733,0.006021073758153537,0.9827833572453372,0.7806267806267806,0.9003848851705818,0.8864209990164063,70.78096649500003
T0_E2E,UNCERTAINTY_GLOBAL,282,REPLICATION5,0.25,1000,418,582,IID_BALANCED,0.005,0.9981720447540284,0.00468384074941452,0.6474480151228733,0.007561436672967864,0.9884559884559885,0.7824100513992005,0.9293144726546201,0.88730698861139,70.78096649500003
T0_E2E,UNCERTAINTY_GLOBAL,282,REPLICATION5,0.25,1000,418,582,TEMPORAL,0.005,0.9981720447540284,0.00468384074941452,0.641,0.0045,0.9930286599535244,0.7790945001519295,0.9705391710959407,0.9602843437499999,70.78096649500003
T0_E2E,UNCERTAINTY_GLOBAL,282,REPLICATION5,0.25,1000,418,582,DOMAIN_OOD,0.005,0.9981720447540284,0.00468384074941452,0.5443234836702955,0.004665629860031105,0.9915014164305949,0.7028112449799196,0.9647284024464131,0.9571411602290865,70.78096649500003
T0_E2E,UNCERTAINTY_GLOBAL,282,REPLICATION5,0.25,1000,418,582,TEMPLATE_OOD,0.005,0.9981720447540284,0.00468384074941452,0.627927400468384,0.004098360655737705,0.9935155164427976,0.7695067264573991,0.9706394240681463,0.9604911057072655,70.78096649500003
T0_E2E,UNCERTAINTY_GLOBAL,282,REPLICATION5,0.25,1000,418,582,DOMAIN_TEMPLATE_OOD,0.005,0.9981720447540284,0.00468384074941452,0.5253505933117584,0.0037756202804746495,0.9928644240570846,0.6871252204585538,0.9635953726474148,0.9534766370039879,70.78096649500003
T0_E2E,UNCERTAINTY_GLOBAL,282,REPLICATION5,0.25,1000,418,582,IID_ORIGINAL,0.01,0.9926542043685914,0.00936768149882904,0.7088846880907372,0.010035122930255895,0.974025974025974,0.8205689277899344,0.9003848851705818,0.8864209990164063,70.78096649500003
T0_E2E,UNCERTAINTY_GLOBAL,282,REPLICATION5,0.25,1000,418,582,IID_BALANCED,0.01,0.9926542043685914,0.00936768149882904,0.7088846880907372,0.00945179584120983,0.9868421052631579,0.8250825082508251,0.9293144726546201,0.88730698861139,70.78096649500003
T0_E2E,UNCERTAINTY_GLOBAL,282,REPLICATION5,0.25,1000,418,582,TEMPORAL,0.01,0.9926542043685914,0.00936768149882904,0.715,0.00875,0.9879101899827288,0.8295866569978245,0.9705391710959407,0.9602843437499999,70.78096649500003
T0_E2E,UNCERTAINTY_GLOBAL,282,REPLICATION5,0.25,1000,418,582,DOMAIN_OOD,0.01,0.9926542043685914,0.00936768149882904,0.6433385173665112,0.011404872991187144,0.9825811559778306,0.7775689223057645,0.9647284024464131,0.9571411602290865,70.78096649500003
T0_E2E,UNCERTAINTY_GLOBAL,282,REPLICATION5,0.25,1000,418,582,TEMPLATE_OOD,0.01,0.9926542043685914,0.00936768149882904,0.702576112412178,0.007903981264637002,0.9888751545117429,0.8214958069484853,0.9706394240681463,0.9604911057072655,70.78096649500003
T0_E2E,UNCERTAINTY_GLOBAL,282,REPLICATION5,0.25,1000,418,582,DOMAIN_TEMPLATE_OOD,0.01,0.9926542043685914,0.00936768149882904,0.6299892125134844,0.009708737864077669,0.984822934232715,0.7684210526315789,0.9635953726474148,0.9534766370039879,70.78096649500003
T0_E2E,UNCERTAINTY_GLOBAL,282,REPLICATION5,0.25,1000,418,582,IID_ORIGINAL,0.02,0.5175709128379823,0.01990632318501171,0.7627599243856332,0.021073758153537382,0.950530035335689,0.8463555322496067,0.9003848851705818,0.8864209990164063,70.78096649500003
T0_E2E,UNCERTAINTY_GLOBAL,282,REPLICATION5,0.25,1000,418,582,IID_BALANCED,0.02,0.5175709128379823,0.01990632318501171,0.7627599243856332,0.01890359168241966,0.9758162031438936,0.8562334217506631,0.9293144726546201,0.88730698861139,70.78096649500003
T0_E2E,UNCERTAINTY_GLOBAL,282,REPLICATION5,0.25,1000,418,582,TEMPORAL,0.02,0.5175709128379823,0.01990632318501171,0.80775,0.01675,0.9796846573681018,0.8854480679638257,0.9705391710959407,0.9602843437499999,70.78096649500003
T0_E2E,UNCERTAINTY_GLOBAL,282,REPLICATION5,0.25,1000,418,582,DOMAIN_OOD,0.02,0.5175709128379823,0.01990632318501171,0.7708657335406947,0.022291342664593053,0.9718954248366013,0.8597860653368026,0.9647284024464131,0.9571411602290865,70.78096649500003
T0_E2E,UNCERTAINTY_GLOBAL,282,REPLICATION5,0.25,1000,418,582,TEMPLATE_OOD,0.02,0.5175709128379823,0.01990632318501171,0.8018149882903981,0.016978922716627636,0.9792634966035038,0.8816996619990343,0.9706394240681463,0.9604911057072655,70.78096649500003
T0_E2E,UNCERTAINTY_GLOBAL,282,REPLICATION5,0.25,1000,418,582,DOMAIN_TEMPLATE_OOD,0.02,0.5175709128379823,0.01990632318501171,0.7594390507011867,0.021035598705501618,0.9730476848652384,0.8530748258103605,0.9635953726474148,0.9534766370039879,70.78096649500003
DAPT_E2E,RANDOM_GLOBAL,42,ORIGINAL5,0.25,1000,501,499,DOMAIN_OOD,0.005,0.999328136444092,0.0046838407494145,0.2773457750129601,0.0015552099533437,0.9944237918215614,0.433725172274017,0.9495895695431404,0.9474582516021726,72.78443239499938
DAPT_E2E,RANDOM_GLOBAL,42,ORIGINAL5,0.25,1000,501,499,DOMAIN_OOD,0.01,0.9989657402038576,0.009367681498829,0.4162778641783307,0.0046656298600311,0.9889162561576356,0.5859175483400219,0.9495895695431404,0.9474582516021726,72.78443239499938
DAPT_E2E,RANDOM_GLOBAL,42,ORIGINAL5,0.25,1000,501,499,DOMAIN_OOD,0.02,0.9959456324577332,0.0199063231850117,0.543286677034733,0.013478486262312,0.9757914338919924,0.697968697968698,0.9495895695431404,0.9474582516021726,72.78443239499938
DAPT_E2E,RANDOM_GLOBAL,42,ORIGINAL5,0.25,1000,501,499,DOMAIN_TEMPLATE_OOD,0.005,0.999328136444092,0.0046838407494145,0.261596548004315,0.0016181229773462,0.9938524590163934,0.4141759180187873,0.9442971592723216,0.9413094402725848,72.78443239499938
DAPT_E2E,RANDOM_GLOBAL,42,ORIGINAL5,0.25,1000,501,499,DOMAIN_TEMPLATE_OOD,0.01,0.9989657402038576,0.009367681498829,0.3883495145631068,0.0043149946062567,0.989010989010989,0.557707203718048,0.9442971592723216,0.9413094402725848,72.78443239499938
DAPT_E2E,RANDOM_GLOBAL,42,ORIGINAL5,0.25,1000,501,499,DOMAIN_TEMPLATE_OOD,0.02,0.9959456324577332,0.0199063231850117,0.5080906148867314,0.0124056094929881,0.9761658031088084,0.6683221000354735,0.9442971592723216,0.9413094402725848,72.78443239499938
DAPT_E2E,RANDOM_GLOBAL,42,ORIGINAL5,0.25,1000,501,499,IID_BALANCED,0.005,0.999328136444092,0.0046838407494145,0.4716446124763705,0.0085066162570888,0.9822834645669292,0.6372924648786717,0.9172097510149716,0.8895247658491786,72.78443239499938
DAPT_E2E,RANDOM_GLOBAL,42,ORIGINAL5,0.25,1000,501,499,IID_BALANCED,0.01,0.9989657402038576,0.009367681498829,0.5472589792060492,0.0122873345935727,0.9780405405405406,0.7018181818181818,0.9172097510149716,0.8895247658491786,72.78443239499938
DAPT_E2E,RANDOM_GLOBAL,42,ORIGINAL5,0.25,1000,501,499,IID_BALANCED,0.02,0.9959456324577332,0.0199063231850117,0.610586011342155,0.0217391304347826,0.9656203288490284,0.7481181239143022,0.9172097510149716,0.8895247658491786,72.78443239499938
DAPT_E2E,RANDOM_GLOBAL,42,ORIGINAL5,0.25,1000,501,499,IID_ORIGINAL,0.005,0.999328136444092,0.0046838407494145,0.4716446124763705,0.0055193176116407,0.9784313725490196,0.6364795918367347,0.8806515823181831,0.8916420135882014,72.78443239499938
DAPT_E2E,RANDOM_GLOBAL,42,ORIGINAL5,0.25,1000,501,499,IID_ORIGINAL,0.01,0.9989657402038576,0.009367681498829,0.5472589792060492,0.0100351229302558,0.96661101836394,0.6988533494266748,0.8806515823181831,0.8916420135882014,72.78443239499938
DAPT_E2E,RANDOM_GLOBAL,42,ORIGINAL5,0.25,1000,501,499,IID_ORIGINAL,0.02,0.9959456324577332,0.0199063231850117,0.610586011342155,0.0180632212744606,0.9472140762463344,0.7425287356321839,0.8806515823181831,0.8916420135882014,72.78443239499938
DAPT_E2E,RANDOM_GLOBAL,42,ORIGINAL5,0.25,1000,501,499,TEMPLATE_OOD,0.005,0.999328136444092,0.0046838407494145,0.4215456674473068,0.0011709601873536,0.997229916897507,0.5925925925925926,0.9627172437933624,0.9570826894651976,72.78443239499938
DAPT_E2E,RANDOM_GLOBAL,42,ORIGINAL5,0.25,1000,501,499,TEMPLATE_OOD,0.01,0.9989657402038576,0.009367681498829,0.5210772833723654,0.002927400468384,0.994413407821229,0.6838263542066846,0.9627172437933624,0.9570826894651976,72.78443239499938
DAPT_E2E,RANDOM_GLOBAL,42,ORIGINAL5,0.25,1000,501,499,TEMPLATE_OOD,0.02,0.9959456324577332,0.0199063231850117,0.617096018735363,0.0105386416861826,0.9832089552238806,0.758273381294964,0.9627172437933624,0.9570826894651976,72.78443239499938
DAPT_E2E,RANDOM_GLOBAL,42,ORIGINAL5,0.25,1000,501,499,TEMPORAL,0.005,0.999328136444092,0.0046838407494145,0.4245,0.001,0.9976498237367802,0.5955804980708523,0.9643857426308056,0.95838340625,72.78443239499938
DAPT_E2E,RANDOM_GLOBAL,42,ORIGINAL5,0.25,1000,501,499,TEMPORAL,0.01,0.9989657402038576,0.009367681498829,0.53825,0.00325,0.9939981532779316,0.6983457671099579,0.9643857426308056,0.95838340625,72.78443239499938
DAPT_E2E,RANDOM_GLOBAL,42,ORIGINAL5,0.25,1000,501,499,TEMPORAL,0.02,0.9959456324577332,0.0199063231850117,0.63825,0.0105,0.983815028901734,0.7742228961334344,0.9643857426308056,0.95838340625,72.78443239499938
DAPT_E2E,RANDOM_GLOBAL,52,ORIGINAL5,0.25,1000,516,484,DOMAIN_OOD,0.005,0.999474585056305,0.0046838407494145,0.270606531881804,0.0015552099533437,0.9942857142857144,0.4254278728606357,0.948657956344698,0.9408403454839654,72.80005954300032
DAPT_E2E,RANDOM_GLOBAL,52,ORIGINAL5,0.25,1000,516,484,DOMAIN_OOD,0.01,0.9991186261177064,0.009367681498829,0.4587869362363919,0.0041472265422498,0.9910414333706606,0.6272147413182141,0.948657956344698,0.9408403454839654,72.80005954300032
DAPT_E2E,RANDOM_GLOBAL,52,ORIGINAL5,0.25,1000,516,484,DOMAIN_OOD,0.02,0.5661309361457826,0.0199063231850117,0.6817003628823225,0.0233281493001555,0.9669117647058824,0.7996351474612344,0.948657956344698,0.9408403454839654,72.80005954300032
DAPT_E2E,RANDOM_GLOBAL,52,ORIGINAL5,0.25,1000,516,484,DOMAIN_TEMPLATE_OOD,0.005,0.999474585056305,0.0046838407494145,0.2599784250269687,0.0016181229773462,0.9938144329896909,0.4121419410004275,0.9441416547205868,0.9348033465645872,72.80005954300032
DAPT_E2E,RANDOM_GLOBAL,52,ORIGINAL5,0.25,1000,516,484,DOMAIN_TEMPLATE_OOD,0.01,0.9991186261177064,0.009367681498829,0.4325782092772384,0.0043149946062567,0.9901234567901236,0.6021021021021021,0.9441416547205868,0.9348033465645872,72.80005954300032
DAPT_E2E,RANDOM_GLOBAL,52,ORIGINAL5,0.25,1000,516,484,DOMAIN_TEMPLATE_OOD,0.02,0.5661309361457826,0.0199063231850117,0.6553398058252428,0.0210355987055016,0.9688995215311004,0.7818532818532818,0.9441416547205868,0.9348033465645872,72.80005954300032
DAPT_E2E,RANDOM_GLOBAL,52,ORIGINAL5,0.25,1000,516,484,IID_BALANCED,0.005,0.999474585056305,0.0046838407494145,0.4886578449905482,0.0066162570888468,0.9866412213740458,0.6536030341340076,0.9110682640889876,0.8714390493172909,72.80005954300032
DAPT_E2E,RANDOM_GLOBAL,52,ORIGINAL5,0.25,1000,516,484,IID_BALANCED,0.01,0.9991186261177064,0.009367681498829,0.5699432892249527,0.0113421550094517,0.9804878048780488,0.7208607292289301,0.9110682640889876,0.8714390493172909,72.80005954300032
DAPT_E2E,RANDOM_GLOBAL,52,ORIGINAL5,0.25,1000,516,484,IID_BALANCED,0.02,0.5661309361457826,0.0199063231850117,0.6729678638941399,0.0255198487712665,0.9634641407307172,0.7924318308291597,0.9110682640889876,0.8714390493172909,72.80005954300032
DAPT_E2E,RANDOM_GLOBAL,52,ORIGINAL5,0.25,1000,516,484,IID_ORIGINAL,0.005,0.999474585056305,0.0046838407494145,0.4886578449905482,0.0040140491721023,0.9847619047619048,0.6531901452937461,0.8720476791304428,0.8706896633491321,72.80005954300032
DAPT_E2E,RANDOM_GLOBAL,52,ORIGINAL5,0.25,1000,516,484,IID_ORIGINAL,0.01,0.9991186261177064,0.009367681498829,0.5699432892249527,0.0085298544907175,0.9725806451612904,0.7187127532777116,0.8720476791304428,0.8706896633491321,72.80005954300032
DAPT_E2E,RANDOM_GLOBAL,52,ORIGINAL5,0.25,1000,516,484,IID_ORIGINAL,0.02,0.5661309361457826,0.0199063231850117,0.6729678638941399,0.0235825388861013,0.938076416337286,0.7837094111172263,0.8720476791304428,0.8706896633491321,72.80005954300032
DAPT_E2E,RANDOM_GLOBAL,52,ORIGINAL5,0.25,1000,516,484,TEMPLATE_OOD,0.005,0.999474585056305,0.0046838407494145,0.4177400468384075,0.0017564402810304,0.9958129797627356,0.5885749639100846,0.9618490208381386,0.9528371018186904,72.80005954300032
DAPT_E2E,RANDOM_GLOBAL,52,ORIGINAL5,0.25,1000,516,484,TEMPLATE_OOD,0.01,0.9991186261177064,0.009367681498829,0.5644028103044496,0.0038056206088992,0.9933024214322514,0.7198058614896398,0.9618490208381386,0.9528371018186904,72.80005954300032
DAPT_E2E,RANDOM_GLOBAL,52,ORIGINAL5,0.25,1000,516,484,TEMPLATE_OOD,0.02,0.5661309361457826,0.0199063231850117,0.7423887587822015,0.017271662763466,0.9772639691714836,0.8437863916153718,0.9618490208381386,0.9528371018186904,72.80005954300032
DAPT_E2E,RANDOM_GLOBAL,52,ORIGINAL5,0.25,1000,516,484,TEMPORAL,0.005,0.999474585056305,0.0046838407494145,0.424,0.002,0.9953051643192488,0.5946704067321178,0.9634560662240454,0.954677875,72.80005954300032
DAPT_E2E,RANDOM_GLOBAL,52,ORIGINAL5,0.25,1000,516,484,TEMPORAL,0.01,0.9991186261177064,0.009367681498829,0.577,0.004,0.9931153184165232,0.7299177735610373,0.9634560662240454,0.954677875,72.80005954300032
DAPT_E2E,RANDOM_GLOBAL,52,ORIGINAL5,0.25,1000,516,484,TEMPORAL,0.02,0.5661309361457826,0.0199063231850117,0.74975,0.01775,0.9768729641693812,0.8483734087694483,0.9634560662240454,0.954677875,72.80005954300032
DAPT_E2E,RANDOM_GLOBAL,62,ORIGINAL5,0.25,1000,499,501,DOMAIN_OOD,0.005,0.9996762275695802,0.0046838407494145,0.3820632452047693,0.0036288232244686,0.9905913978494624,0.551440329218107,0.9597187029057704,0.955137688619932,72.83595201900062
DAPT_E2E,RANDOM_GLOBAL,62,ORIGINAL5,0.25,1000,499,501,DOMAIN_OOD,0.01,0.9994012117385864,0.009367681498829,0.5697252462415759,0.0129600829445308,0.9777580071174378,0.7199475925319359,0.9597187029057704,0.955137688619932,72.83595201900062
DAPT_E2E,RANDOM_GLOBAL,62,ORIGINAL5,0.25,1000,499,501,DOMAIN_OOD,0.02,0.9960082769393922,0.0199063231850117,0.7252462415759461,0.022291342664593,0.9701803051317616,0.8300207653515277,0.9597187029057704,0.955137688619932,72.83595201900062
DAPT_E2E,RANDOM_GLOBAL,62,ORIGINAL5,0.25,1000,499,501,DOMAIN_TEMPLATE_OOD,0.005,0.9996762275695802,0.0046838407494145,0.3613807982740021,0.0037756202804746,0.9896602658788776,0.5294350059265113,0.9559936371255456,0.9503468694760678,72.83595201900062
DAPT_E2E,RANDOM_GLOBAL,62,ORIGINAL5,0.25,1000,499,501,DOMAIN_TEMPLATE_OOD,0.01,0.9994012117385864,0.009367681498829,0.540453074433657,0.0124056094929881,0.977560975609756,0.696075026050712,0.9559936371255456,0.9503468694760678,72.83595201900062
DAPT_E2E,RANDOM_GLOBAL,62,ORIGINAL5,0.25,1000,499,501,DOMAIN_TEMPLATE_OOD,0.02,0.9960082769393922,0.0199063231850117,0.7006472491909385,0.0210355987055016,0.9708520179372198,0.8139097744360902,0.9559936371255456,0.9503468694760678,72.83595201900062
DAPT_E2E,RANDOM_GLOBAL,62,ORIGINAL5,0.25,1000,499,501,IID_BALANCED,0.005,0.9996762275695802,0.0046838407494145,0.5141776937618148,0.0085066162570888,0.9837251356238698,0.675356921166977,0.9187460553295494,0.8959842374777106,72.83595201900062
DAPT_E2E,RANDOM_GLOBAL,62,ORIGINAL5,0.25,1000,499,501,IID_BALANCED,0.01,0.9994012117385864,0.009367681498829,0.6001890359168242,0.0160680529300567,0.9739263803680982,0.7426900584795322,0.9187460553295494,0.8959842374777106,72.83595201900062
DAPT_E2E,RANDOM_GLOBAL,62,ORIGINAL5,0.25,1000,499,501,IID_BALANCED,0.02,0.9960082769393922,0.0199063231850117,0.6748582230623819,0.0245746691871455,0.9648648648648648,0.7942157953281423,0.9187460553295494,0.8959842374777106,72.83595201900062
DAPT_E2E,RANDOM_GLOBAL,62,ORIGINAL5,0.25,1000,499,501,IID_ORIGINAL,0.005,0.9996762275695802,0.0046838407494145,0.5141776937618148,0.0060210737581535,0.9784172661870504,0.6741016109045849,0.8797691155358721,0.8954345881663326,72.83595201900062
DAPT_E2E,RANDOM_GLOBAL,62,ORIGINAL5,0.25,1000,499,501,IID_ORIGINAL,0.01,0.9994012117385864,0.009367681498829,0.6001890359168242,0.0160561966884094,0.952023988005997,0.736231884057971,0.8797691155358721,0.8954345881663326,72.83595201900062
DAPT_E2E,RANDOM_GLOBAL,62,ORIGINAL5,0.25,1000,499,501,IID_ORIGINAL,0.02,0.9960082769393922,0.0199063231850117,0.6748582230623819,0.0260913196186653,0.9321148825065274,0.7828947368421053,0.8797691155358721,0.8954345881663326,72.83595201900062
DAPT_E2E,RANDOM_GLOBAL,62,ORIGINAL5,0.25,1000,499,501,TEMPLATE_OOD,0.005,0.9996762275695802,0.0046838407494145,0.5002927400468384,0.0043911007025761,0.9912993039443156,0.6649805447470817,0.9652544612931188,0.962351710369716,72.83595201900062
DAPT_E2E,RANDOM_GLOBAL,62,ORIGINAL5,0.25,1000,499,501,TEMPLATE_OOD,0.01,0.9994012117385864,0.009367681498829,0.6481264637002342,0.0105386416861826,0.984,0.7815037063183904,0.9652544612931188,0.962351710369716,72.83595201900062
DAPT_E2E,RANDOM_GLOBAL,62,ORIGINAL5,0.25,1000,499,501,TEMPLATE_OOD,0.02,0.9960082769393922,0.0199063231850117,0.7716627634660421,0.0175644028103044,0.9777448071216616,0.862565445026178,0.9652544612931188,0.962351710369716,72.83595201900062
DAPT_E2E,RANDOM_GLOBAL,62,ORIGINAL5,0.25,1000,499,501,TEMPORAL,0.005,0.9996762275695802,0.0046838407494145,0.515,0.00425,0.991815117958594,0.6779661016949152,0.9677193930394676,0.965259875,72.83595201900062
DAPT_E2E,RANDOM_GLOBAL,62,ORIGINAL5,0.25,1000,499,501,TEMPORAL,0.01,0.9994012117385864,0.009367681498829,0.664,0.0105,0.9844329132690882,0.7930725589728277,0.9677193930394676,0.965259875,72.83595201900062
DAPT_E2E,RANDOM_GLOBAL,62,ORIGINAL5,0.25,1000,499,501,TEMPORAL,0.02,0.9960082769393922,0.0199063231850117,0.7815,0.0175,0.9780976220275344,0.8688160088938299,0.9677193930394676,0.965259875,72.83595201900062
DAPT_E2E,RANDOM_GLOBAL,72,ORIGINAL5,0.25,1000,487,513,DOMAIN_OOD,0.005,0.9994230270385744,0.0046838407494145,0.3965785381026439,0.0020736132711249,0.9947984395318596,0.5670867309117865,0.9675321571281124,0.9578349177017936,72.97332040699985
DAPT_E2E,RANDOM_GLOBAL,72,ORIGINAL5,0.25,1000,487,513,DOMAIN_OOD,0.01,0.9967268705368044,0.009367681498829,0.6220839813374806,0.0041472265422498,0.9933774834437086,0.7650621613006057,0.9675321571281124,0.9578349177017936,72.97332040699985
DAPT_E2E,RANDOM_GLOBAL,72,ORIGINAL5,0.25,1000,487,513,DOMAIN_OOD,0.02,0.1388116329908371,0.0199063231850117,0.809227579056506,0.0171073094867807,0.979297365119197,0.886176554073233,0.9675321571281124,0.9578349177017936,72.97332040699985
DAPT_E2E,RANDOM_GLOBAL,72,ORIGINAL5,0.25,1000,487,513,DOMAIN_TEMPLATE_OOD,0.005,0.9994230270385744,0.0046838407494145,0.3791801510248112,0.0021574973031283,0.9943422913719944,0.5490042951971886,0.965201502586623,0.9545271659632109,72.97332040699985
DAPT_E2E,RANDOM_GLOBAL,72,ORIGINAL5,0.25,1000,487,513,DOMAIN_TEMPLATE_OOD,0.01,0.9967268705368044,0.009367681498829,0.6051779935275081,0.0043149946062567,0.9929203539823008,0.7520107238605898,0.965201502586623,0.9545271659632109,72.97332040699985
DAPT_E2E,RANDOM_GLOBAL,72,ORIGINAL5,0.25,1000,487,513,DOMAIN_TEMPLATE_OOD,0.02,0.1388116329908371,0.0199063231850117,0.8069039913700108,0.0172599784250269,0.9790575916230366,0.8846836191602602,0.965201502586623,0.9545271659632109,72.97332040699985
DAPT_E2E,RANDOM_GLOBAL,72,ORIGINAL5,0.25,1000,487,513,IID_BALANCED,0.005,0.9994230270385744,0.0046838407494145,0.4952741020793951,0.0037807183364839,0.9924242424242424,0.6607818411097099,0.920705925396061,0.8808430501606268,72.97332040699985
DAPT_E2E,RANDOM_GLOBAL,72,ORIGINAL5,0.25,1000,487,513,IID_BALANCED,0.01,0.9967268705368044,0.009367681498829,0.6285444234404537,0.0160680529300567,0.9750733137829912,0.764367816091954,0.920705925396061,0.8808430501606268,72.97332040699985
DAPT_E2E,RANDOM_GLOBAL,72,ORIGINAL5,0.25,1000,487,513,IID_BALANCED,0.02,0.1388116329908371,0.0199063231850117,0.7315689981096408,0.0226843100189035,0.9699248120300752,0.834051724137931,0.920705925396061,0.8808430501606268,72.97332040699985
DAPT_E2E,RANDOM_GLOBAL,72,ORIGINAL5,0.25,1000,487,513,IID_ORIGINAL,0.005,0.9994230270385744,0.0046838407494145,0.4952741020793951,0.0020070245860511,0.9924242424242424,0.6607818411097099,0.8880286734838049,0.8806467722093488,72.97332040699985
DAPT_E2E,RANDOM_GLOBAL,72,ORIGINAL5,0.25,1000,487,513,IID_ORIGINAL,0.01,0.9967268705368044,0.009367681498829,0.6285444234404537,0.0130456598093326,0.9623733719247468,0.7604345340194397,0.8880286734838049,0.8806467722093488,72.97332040699985
DAPT_E2E,RANDOM_GLOBAL,72,ORIGINAL5,0.25,1000,487,513,IID_ORIGINAL,0.02,0.1388116329908371,0.0199063231850117,0.7315689981096408,0.0190667335674862,0.9532019704433498,0.827807486631016,0.8880286734838049,0.8806467722093488,72.97332040699985
DAPT_E2E,RANDOM_GLOBAL,72,ORIGINAL5,0.25,1000,487,513,TEMPLATE_OOD,0.005,0.9994230270385744,0.0046838407494145,0.5207845433255269,0.0020491803278688,0.996080627099664,0.6839677047289504,0.9712987101945858,0.9599206653905852,72.97332040699985
DAPT_E2E,RANDOM_GLOBAL,72,ORIGINAL5,0.25,1000,487,513,TEMPLATE_OOD,0.01,0.9967268705368044,0.009367681498829,0.6967213114754098,0.0052693208430913,0.9924937447873228,0.8187134502923976,0.9712987101945858,0.9599206653905852,72.97332040699985
DAPT_E2E,RANDOM_GLOBAL,72,ORIGINAL5,0.25,1000,487,513,TEMPLATE_OOD,0.02,0.1388116329908371,0.0199063231850117,0.8474824355971897,0.0152224824355971,0.982354937224296,0.90994813767091,0.9712987101945858,0.9599206653905852,72.97332040699985
DAPT_E2E,RANDOM_GLOBAL,72,ORIGINAL5,0.25,1000,487,513,TEMPORAL,0.005,0.9994230270385744,0.0046838407494145,0.5215,0.00225,0.9957040572792364,0.684495488105004,0.97005792894174,0.95858371875,72.97332040699985
DAPT_E2E,RANDOM_GLOBAL,72,ORIGINAL5,0.25,1000,487,513,TEMPORAL,0.01,0.9967268705368044,0.009367681498829,0.69875,0.008,0.9886805801202688,0.8188076754064743,0.97005792894174,0.95858371875,72.97332040699985
DAPT_E2E,RANDOM_GLOBAL,72,ORIGINAL5,0.25,1000,487,513,TEMPORAL,0.02,0.1388116329908371,0.0199063231850117,0.84325,0.018,0.979100145137881,0.9061114842175956,0.97005792894174,0.95858371875,72.97332040699985
DAPT_E2E,RANDOM_GLOBAL,82,ORIGINAL5,0.25,1000,518,482,DOMAIN_OOD,0.005,0.9994837045669556,0.0046838407494145,0.3919129082426127,0.0020736132711249,0.9947368421052633,0.5622908144291558,0.963162959651454,0.955514061790773,72.87985073100026
DAPT_E2E,RANDOM_GLOBAL,82,ORIGINAL5,0.25,1000,518,482,DOMAIN_OOD,0.01,0.9984812140464784,0.009367681498829,0.5344738206324521,0.0041472265422498,0.9923002887391724,0.694743935309973,0.963162959651454,0.955514061790773,72.87985073100026
DAPT_E2E,RANDOM_GLOBAL,82,ORIGINAL5,0.25,1000,518,482,DOMAIN_OOD,0.02,0.9388568401336672,0.0199063231850117,0.6625194401244168,0.0124416796267496,0.9815668202764976,0.7910863509749304,0.963162959651454,0.955514061790773,72.87985073100026
DAPT_E2E,RANDOM_GLOBAL,82,ORIGINAL5,0.25,1000,518,482,DOMAIN_TEMPLATE_OOD,0.005,0.9994837045669556,0.0046838407494145,0.3786407766990291,0.0016181229773462,0.9957446808510638,0.5486518171160609,0.9608633833241088,0.9519772112892734,72.87985073100026
DAPT_E2E,RANDOM_GLOBAL,82,ORIGINAL5,0.25,1000,518,482,DOMAIN_TEMPLATE_OOD,0.01,0.9984812140464784,0.009367681498829,0.5107874865156419,0.0032362459546925,0.993704092339979,0.674741717135732,0.9608633833241088,0.9519772112892734,72.87985073100026
DAPT_E2E,RANDOM_GLOBAL,82,ORIGINAL5,0.25,1000,518,482,DOMAIN_TEMPLATE_OOD,0.02,0.9388568401336672,0.0199063231850117,0.6423948220064725,0.0113268608414239,0.9826732673267328,0.776908023483366,0.9608633833241088,0.9519772112892734,72.87985073100026
DAPT_E2E,RANDOM_GLOBAL,82,ORIGINAL5,0.25,1000,518,482,IID_BALANCED,0.005,0.9994837045669556,0.0046838407494145,0.502835538752363,0.0047258979206049,0.9906890130353816,0.6670846394984326,0.9218757156459076,0.8893201853909898,72.87985073100026
DAPT_E2E,RANDOM_GLOBAL,82,ORIGINAL5,0.25,1000,518,482,IID_BALANCED,0.01,0.9984812140464784,0.009367681498829,0.611531190926276,0.0151228733459357,0.975867269984917,0.7518884369552585,0.9218757156459076,0.8893201853909898,72.87985073100026
DAPT_E2E,RANDOM_GLOBAL,82,ORIGINAL5,0.25,1000,518,482,IID_BALANCED,0.02,0.9388568401336672,0.0199063231850117,0.6862003780718336,0.0245746691871455,0.9654255319148936,0.8022099447513812,0.9218757156459076,0.8893201853909898,72.87985073100026
DAPT_E2E,RANDOM_GLOBAL,82,ORIGINAL5,0.25,1000,518,482,IID_ORIGINAL,0.005,0.9994837045669556,0.0046838407494145,0.502835538752363,0.0030105368790767,0.9888475836431226,0.6666666666666666,0.8842205872483392,0.8876566565208855,72.87985073100026
DAPT_E2E,RANDOM_GLOBAL,82,ORIGINAL5,0.25,1000,518,482,IID_ORIGINAL,0.01,0.9984812140464784,0.009367681498829,0.611531190926276,0.0130456598093326,0.9613670133729568,0.7475447718082033,0.8842205872483392,0.8876566565208855,72.87985073100026
DAPT_E2E,RANDOM_GLOBAL,82,ORIGINAL5,0.25,1000,518,482,IID_ORIGINAL,0.02,0.9388568401336672,0.0199063231850117,0.6862003780718336,0.0280983442047165,0.928388746803069,0.7891304347826087,0.8842205872483392,0.8876566565208855,72.87985073100026
DAPT_E2E,RANDOM_GLOBAL,82,ORIGINAL5,0.25,1000,518,482,TEMPLATE_OOD,0.005,0.9994837045669556,0.0046838407494145,0.5140515222482436,0.0020491803278688,0.9960294951786728,0.6781231898049817,0.9697280679511388,0.9611099646792338,72.87985073100026
DAPT_E2E,RANDOM_GLOBAL,82,ORIGINAL5,0.25,1000,518,482,TEMPLATE_OOD,0.01,0.9984812140464784,0.009367681498829,0.6334894613583139,0.0052693208430913,0.9917506874427132,0.7731332618792426,0.9697280679511388,0.9611099646792338,72.87985073100026
DAPT_E2E,RANDOM_GLOBAL,82,ORIGINAL5,0.25,1000,518,482,TEMPLATE_OOD,0.02,0.9388568401336672,0.0199063231850117,0.7289227166276346,0.0131733021077283,0.9822485207100592,0.836834145521761,0.9697280679511388,0.9611099646792338,72.87985073100026
DAPT_E2E,RANDOM_GLOBAL,82,ORIGINAL5,0.25,1000,518,482,TEMPORAL,0.005,0.9994837045669556,0.0046838407494145,0.52,0.00375,0.9928400954653938,0.682526661197703,0.9687667511152064,0.96152721875,72.87985073100026
DAPT_E2E,RANDOM_GLOBAL,82,ORIGINAL5,0.25,1000,518,482,TEMPORAL,0.01,0.9984812140464784,0.009367681498829,0.6435,0.0095,0.9854517611026034,0.778584392014519,0.9687667511152064,0.96152721875,72.87985073100026
DAPT_E2E,RANDOM_GLOBAL,82,ORIGINAL5,0.25,1000,518,482,TEMPORAL,0.02,0.9388568401336672,0.0199063231850117,0.73775,0.01775,0.9765056254136334,0.8405012816861293,0.9687667511152064,0.96152721875,72.87985073100026
DAPT_E2E,RANDOM_GLOBAL,242,REPLICATION5,0.25,1000,510,490,DOMAIN_OOD,0.005,0.9992903470993044,0.0046838407494145,0.4110938310005184,0.0020736132711249,0.9949811794228356,0.5818048422597212,0.9682316570145314,0.9616268673201936,73.1232725739992
DAPT_E2E,RANDOM_GLOBAL,242,REPLICATION5,0.25,1000,510,490,DOMAIN_OOD,0.01,0.9986329674720764,0.009367681498829,0.6132711249351996,0.0046656298600311,0.9924496644295302,0.7580903556552387,0.9682316570145314,0.9616268673201936,73.1232725739992
DAPT_E2E,RANDOM_GLOBAL,242,REPLICATION5,0.25,1000,510,490,DOMAIN_OOD,0.02,0.980167329311371,0.0199063231850117,0.7682737169517885,0.013478486262312,0.9827586206896552,0.8623799825429154,0.9682316570145314,0.9616268673201936,73.1232725739992
DAPT_E2E,RANDOM_GLOBAL,242,REPLICATION5,0.25,1000,510,490,DOMAIN_TEMPLATE_OOD,0.005,0.9992903470993044,0.0046838407494145,0.3905070118662351,0.0021574973031283,0.9945054945054944,0.5608055770720372,0.9657533213955464,0.9585234526008084,73.1232725739992
DAPT_E2E,RANDOM_GLOBAL,242,REPLICATION5,0.25,1000,510,490,DOMAIN_TEMPLATE_OOD,0.01,0.9986329674720764,0.009367681498829,0.5906148867313916,0.0048543689320388,0.9918478260869564,0.7403651115618661,0.9657533213955464,0.9585234526008084,73.1232725739992
DAPT_E2E,RANDOM_GLOBAL,242,REPLICATION5,0.25,1000,510,490,DOMAIN_TEMPLATE_OOD,0.02,0.980167329311371,0.0199063231850117,0.7524271844660194,0.0129449838187702,0.9830866807610994,0.8524289642529789,0.9657533213955464,0.9585234526008084,73.1232725739992
DAPT_E2E,RANDOM_GLOBAL,242,REPLICATION5,0.25,1000,510,490,IID_BALANCED,0.005,0.9992903470993044,0.0046838407494145,0.5179584120982986,0.0066162570888468,0.9873873873873874,0.6794792312461252,0.9210001239729186,0.8935851072573354,73.1232725739992
DAPT_E2E,RANDOM_GLOBAL,242,REPLICATION5,0.25,1000,510,490,IID_BALANCED,0.01,0.9986329674720764,0.009367681498829,0.5850661625708885,0.0122873345935727,0.9794303797468354,0.7325443786982249,0.9210001239729186,0.8935851072573354,73.1232725739992
DAPT_E2E,RANDOM_GLOBAL,242,REPLICATION5,0.25,1000,510,490,IID_BALANCED,0.02,0.980167329311371,0.0199063231850117,0.6758034026465028,0.0274102079395085,0.961021505376344,0.7935627081021087,0.9210001239729186,0.8935851072573354,73.1232725739992
DAPT_E2E,RANDOM_GLOBAL,242,REPLICATION5,0.25,1000,510,490,IID_ORIGINAL,0.005,0.9992903470993044,0.0046838407494145,0.5179584120982986,0.0040140491721023,0.9856115107913668,0.6790582403965304,0.885558340629027,0.8934142845896366,73.1232725739992
DAPT_E2E,RANDOM_GLOBAL,242,REPLICATION5,0.25,1000,510,490,IID_ORIGINAL,0.01,0.9986329674720764,0.009367681498829,0.5850661625708885,0.0090316106372303,0.9717425431711146,0.7303834808259587,0.885558340629027,0.8934142845896366,73.1232725739992
DAPT_E2E,RANDOM_GLOBAL,242,REPLICATION5,0.25,1000,510,490,IID_ORIGINAL,0.02,0.980167329311371,0.0199063231850117,0.6758034026465028,0.0220772704465629,0.9420289855072465,0.787011557512383,0.885558340629027,0.8934142845896366,73.1232725739992
DAPT_E2E,RANDOM_GLOBAL,242,REPLICATION5,0.25,1000,510,490,TEMPLATE_OOD,0.005,0.9992903470993044,0.0046838407494145,0.5339578454332553,0.0026346604215456,0.995090016366612,0.6949895218136788,0.9727345239082454,0.9648746650971596,73.1232725739992
DAPT_E2E,RANDOM_GLOBAL,242,REPLICATION5,0.25,1000,510,490,TEMPLATE_OOD,0.01,0.9986329674720764,0.009367681498829,0.6832552693208431,0.0049765807962529,0.992769034453424,0.8094329807525577,0.9727345239082454,0.9648746650971596,73.1232725739992
DAPT_E2E,RANDOM_GLOBAL,242,REPLICATION5,0.25,1000,510,490,TEMPLATE_OOD,0.02,0.980167329311371,0.0199063231850117,0.8056206088992974,0.0140515222482435,0.9828571428571428,0.8854568854568855,0.9727345239082454,0.9648746650971596,73.1232725739992
DAPT_E2E,RANDOM_GLOBAL,242,REPLICATION5,0.25,1000,510,490,TEMPORAL,0.005,0.9992903470993044,0.0046838407494145,0.541,0.0025,0.9954001839926404,0.7010042112082928,0.9732636551876234,0.96556875,73.1232725739992
DAPT_E2E,RANDOM_GLOBAL,242,REPLICATION5,0.25,1000,510,490,TEMPORAL,0.01,0.9986329674720764,0.009367681498829,0.69025,0.00475,0.9931654676258992,0.8144542772861357,0.9732636551876234,0.96556875,73.1232725739992
DAPT_E2E,RANDOM_GLOBAL,242,REPLICATION5,0.25,1000,510,490,TEMPORAL,0.02,0.980167329311371,0.0199063231850117,0.8115,0.01425,0.9827429609445958,0.8889497466794468,0.9732636551876234,0.96556875,73.1232725739992
DAPT_E2E,RANDOM_GLOBAL,252,REPLICATION5,0.25,1000,516,484,DOMAIN_OOD,0.005,0.9995660185813904,0.0046838407494145,0.4038361845515811,0.0025920165889061,0.9936224489795918,0.5742720235901216,0.9608090189042424,0.9507265574337934,72.90370873000029
DAPT_E2E,RANDOM_GLOBAL,252,REPLICATION5,0.25,1000,516,484,DOMAIN_OOD,0.01,0.9991800189018252,0.009367681498829,0.5344738206324521,0.006739243131156,0.9875478927203064,0.6935755129498823,0.9608090189042424,0.9507265574337934,72.90370873000029
DAPT_E2E,RANDOM_GLOBAL,252,REPLICATION5,0.25,1000,516,484,DOMAIN_OOD,0.02,0.2665959000587464,0.0199063231850117,0.7433903576982893,0.0191809227579056,0.9748470428280082,0.8435294117647059,0.9608090189042424,0.9507265574337934,72.90370873000029
DAPT_E2E,RANDOM_GLOBAL,252,REPLICATION5,0.25,1000,516,484,DOMAIN_TEMPLATE_OOD,0.005,0.9995660185813904,0.0046838407494145,0.3883495145631068,0.0026968716289104,0.993103448275862,0.5583559519193486,0.957459552515538,0.9469801438098796,72.90370873000029
DAPT_E2E,RANDOM_GLOBAL,252,REPLICATION5,0.25,1000,516,484,DOMAIN_TEMPLATE_OOD,0.01,0.9991800189018252,0.009367681498829,0.5156418554476807,0.0070118662351672,0.9865841073271414,0.6772936592277718,0.957459552515538,0.9469801438098796,72.90370873000029
DAPT_E2E,RANDOM_GLOBAL,252,REPLICATION5,0.25,1000,516,484,DOMAIN_TEMPLATE_OOD,0.02,0.2665959000587464,0.0199063231850117,0.7222222222222222,0.0194174757281553,0.9738181818181818,0.8293589346546919,0.957459552515538,0.9469801438098796,72.90370873000029
DAPT_E2E,RANDOM_GLOBAL,252,REPLICATION5,0.25,1000,516,484,IID_BALANCED,0.005,0.9995660185813904,0.0046838407494145,0.4735349716446125,0.0047258979206049,0.9901185770750988,0.6406649616368286,0.9219994615494048,0.8868071512037193,72.90370873000029
DAPT_E2E,RANDOM_GLOBAL,252,REPLICATION5,0.25,1000,516,484,IID_BALANCED,0.01,0.9991800189018252,0.009367681498829,0.5699432892249527,0.0103969754253308,0.982084690553746,0.7212918660287081,0.9219994615494048,0.8868071512037193,72.90370873000029
DAPT_E2E,RANDOM_GLOBAL,252,REPLICATION5,0.25,1000,516,484,IID_BALANCED,0.02,0.2665959000587464,0.0199063231850117,0.7117202268431002,0.0255198487712665,0.9653846153846154,0.8193688792165397,0.9219994615494048,0.8868071512037193,72.90370873000029
DAPT_E2E,RANDOM_GLOBAL,252,REPLICATION5,0.25,1000,516,484,IID_ORIGINAL,0.005,0.9995660185813904,0.0046838407494145,0.4735349716446125,0.0050175614651279,0.980430528375734,0.638623326959847,0.8862695829815909,0.886483599972304,72.90370873000029
DAPT_E2E,RANDOM_GLOBAL,252,REPLICATION5,0.25,1000,516,484,IID_ORIGINAL,0.01,0.9991800189018252,0.009367681498829,0.5699432892249527,0.0100351229302558,0.9678972712680578,0.7174301011302796,0.8862695829815909,0.886483599972304,72.90370873000029
DAPT_E2E,RANDOM_GLOBAL,252,REPLICATION5,0.25,1000,516,484,IID_ORIGINAL,0.02,0.2665959000587464,0.0199063231850117,0.7117202268431002,0.0225790265930757,0.943609022556391,0.8114224137931034,0.8862695829815909,0.886483599972304,72.90370873000029
DAPT_E2E,RANDOM_GLOBAL,252,REPLICATION5,0.25,1000,516,484,TEMPLATE_OOD,0.005,0.9995660185813904,0.0046838407494145,0.5187353629976581,0.0020491803278688,0.9960652051714446,0.6821944177093359,0.9685782487939648,0.9576480308261438,72.90370873000029
DAPT_E2E,RANDOM_GLOBAL,252,REPLICATION5,0.25,1000,516,484,TEMPLATE_OOD,0.01,0.9991800189018252,0.009367681498829,0.6305620608899297,0.0058548009367681,0.9908003679852806,0.7706618962432916,0.9685782487939648,0.9576480308261438,72.90370873000029
DAPT_E2E,RANDOM_GLOBAL,252,REPLICATION5,0.25,1000,516,484,TEMPLATE_OOD,0.02,0.2665959000587464,0.0199063231850117,0.7871779859484778,0.0155152224824355,0.9806710430342817,0.8733354985384866,0.9685782487939648,0.9576480308261438,72.90370873000029
DAPT_E2E,RANDOM_GLOBAL,252,REPLICATION5,0.25,1000,516,484,TEMPORAL,0.005,0.9995660185813904,0.0046838407494145,0.525,0.00275,0.994789199431549,0.6872852233676976,0.968503734943734,0.95819271875,72.90370873000029
DAPT_E2E,RANDOM_GLOBAL,252,REPLICATION5,0.25,1000,516,484,TEMPORAL,0.01,0.9991800189018252,0.009367681498829,0.6345,0.008,0.9875486381322958,0.7726027397260274,0.968503734943734,0.95819271875,72.90370873000029
DAPT_E2E,RANDOM_GLOBAL,252,REPLICATION5,0.25,1000,516,484,TEMPORAL,0.02,0.2665959000587464,0.0199063231850117,0.794,0.01825,0.9775315481686672,0.8762587943164575,0.968503734943734,0.95819271875,72.90370873000029
DAPT_E2E,RANDOM_GLOBAL,262,REPLICATION5,0.25,1000,501,499,DOMAIN_OOD,0.005,0.998757600784302,0.0046838407494145,0.3602903058579575,0.0025920165889061,0.9928571428571428,0.5287181437809053,0.9583322791627232,0.9504200571829228,72.89216850600133
DAPT_E2E,RANDOM_GLOBAL,262,REPLICATION5,0.25,1000,501,499,DOMAIN_OOD,0.01,0.9978594183921816,0.009367681498829,0.5266977708657335,0.0057024364955935,0.9892891918208374,0.6874154262516915,0.9583322791627232,0.9504200571829228,72.89216850600133
DAPT_E2E,RANDOM_GLOBAL,262,REPLICATION5,0.25,1000,501,499,DOMAIN_OOD,0.02,0.9923638105392456,0.0199063231850117,0.6397096941420425,0.015552099533437,0.97626582278481,0.7729408080175384,0.9583322791627232,0.9504200571829228,72.89216850600133
DAPT_E2E,RANDOM_GLOBAL,262,REPLICATION5,0.25,1000,501,499,DOMAIN_TEMPLATE_OOD,0.005,0.998757600784302,0.0046838407494145,0.3532901833872707,0.0026968716289104,0.9924242424242424,0.5210819411296739,0.9536193266753272,0.9439711100172344,72.89216850600133
DAPT_E2E,RANDOM_GLOBAL,262,REPLICATION5,0.25,1000,501,499,DOMAIN_TEMPLATE_OOD,0.01,0.9978594183921816,0.009367681498829,0.4978425026968716,0.005933117583603,0.9882226980728052,0.6621233859397417,0.9536193266753272,0.9439711100172344,72.89216850600133
DAPT_E2E,RANDOM_GLOBAL,262,REPLICATION5,0.25,1000,501,499,DOMAIN_TEMPLATE_OOD,0.02,0.9923638105392456,0.0199063231850117,0.6094929881337648,0.0151024811218985,0.9758203799654576,0.750332005312085,0.9536193266753272,0.9439711100172344,72.89216850600133
DAPT_E2E,RANDOM_GLOBAL,262,REPLICATION5,0.25,1000,501,499,IID_BALANCED,0.005,0.998757600784302,0.0046838407494145,0.3459357277882797,0.0047258979206049,0.9865229110512128,0.5122463261021694,0.9074166236251214,0.8665585993474866,72.89216850600133
DAPT_E2E,RANDOM_GLOBAL,262,REPLICATION5,0.25,1000,501,499,IID_BALANCED,0.01,0.9978594183921816,0.009367681498829,0.5652173913043478,0.0113421550094517,0.980327868852459,0.7170263788968825,0.9074166236251214,0.8665585993474866,72.89216850600133
DAPT_E2E,RANDOM_GLOBAL,262,REPLICATION5,0.25,1000,501,499,IID_BALANCED,0.02,0.9923638105392456,0.0199063231850117,0.6323251417769377,0.0217391304347826,0.9667630057803468,0.7645714285714286,0.9074166236251214,0.8665585993474866,72.89216850600133
DAPT_E2E,RANDOM_GLOBAL,262,REPLICATION5,0.25,1000,501,499,IID_ORIGINAL,0.005,0.998757600784302,0.0046838407494145,0.3459357277882797,0.0040140491721023,0.9786096256684492,0.5111731843575419,0.8644191047723273,0.8659137320887756,72.89216850600133
DAPT_E2E,RANDOM_GLOBAL,262,REPLICATION5,0.25,1000,501,499,IID_ORIGINAL,0.01,0.9978594183921816,0.009367681498829,0.5652173913043478,0.0115403913697942,0.9629629629629628,0.7123287671232876,0.8644191047723273,0.8659137320887756,72.89216850600133
DAPT_E2E,RANDOM_GLOBAL,262,REPLICATION5,0.25,1000,501,499,IID_ORIGINAL,0.02,0.9923638105392456,0.0199063231850117,0.6323251417769377,0.0200702458605117,0.9435825105782792,0.7572156196943973,0.8644191047723273,0.8659137320887756,72.89216850600133
DAPT_E2E,RANDOM_GLOBAL,262,REPLICATION5,0.25,1000,501,499,TEMPLATE_OOD,0.005,0.998757600784302,0.0046838407494145,0.4879976580796253,0.0040983606557377,0.9916716240333135,0.6541102609378066,0.9640128862259756,0.9549803771616144,72.89216850600133
DAPT_E2E,RANDOM_GLOBAL,262,REPLICATION5,0.25,1000,501,499,TEMPLATE_OOD,0.01,0.9978594183921816,0.009367681498829,0.6144613583138173,0.0073185011709601,0.9882297551789078,0.7577617328519856,0.9640128862259756,0.9549803771616144,72.89216850600133
DAPT_E2E,RANDOM_GLOBAL,262,REPLICATION5,0.25,1000,501,499,TEMPLATE_OOD,0.02,0.9923638105392456,0.0199063231850117,0.699648711943794,0.0152224824355971,0.9787059787059788,0.8159781495390919,0.9640128862259756,0.9549803771616144,72.89216850600133
DAPT_E2E,RANDOM_GLOBAL,262,REPLICATION5,0.25,1000,501,499,TEMPORAL,0.005,0.998757600784302,0.0046838407494145,0.48625,0.005,0.989821882951654,0.6521374685666387,0.9634053022379964,0.954566125,72.89216850600133
DAPT_E2E,RANDOM_GLOBAL,262,REPLICATION5,0.25,1000,501,499,TEMPORAL,0.01,0.9978594183921816,0.009367681498829,0.62675,0.009,0.9858434919386552,0.7663151459575118,0.9634053022379964,0.954566125,72.89216850600133
DAPT_E2E,RANDOM_GLOBAL,262,REPLICATION5,0.25,1000,501,499,TEMPORAL,0.02,0.9923638105392456,0.0199063231850117,0.71475,0.0185,0.9747698602113876,0.8247511899610558,0.9634053022379964,0.954566125,72.89216850600133
DAPT_E2E,RANDOM_GLOBAL,272,REPLICATION5,0.25,1000,489,511,DOMAIN_OOD,0.005,0.999581038951874,0.0046838407494145,0.4090202177293934,0.0036288232244686,0.9912060301507538,0.5790825688073394,0.9480019422197312,0.9376556184143092,72.74182800699964
DAPT_E2E,RANDOM_GLOBAL,272,REPLICATION5,0.25,1000,489,511,DOMAIN_OOD,0.01,0.997667729854584,0.009367681498829,0.6241575946086055,0.0119232763089683,0.9812550937245312,0.7629911280101395,0.9480019422197312,0.9376556184143092,72.74182800699964
DAPT_E2E,RANDOM_GLOBAL,272,REPLICATION5,0.25,1000,489,511,DOMAIN_OOD,0.02,0.9476723670959474,0.0199063231850117,0.7112493519958528,0.0176257128045619,0.9758179231863442,0.8227886056971514,0.9480019422197312,0.9376556184143092,72.74182800699964
DAPT_E2E,RANDOM_GLOBAL,272,REPLICATION5,0.25,1000,489,511,DOMAIN_TEMPLATE_OOD,0.005,0.999581038951874,0.0046838407494145,0.3969795037756203,0.0026968716289104,0.9932523616734144,0.5672447013487476,0.9435488216069752,0.9310002339034292,72.74182800699964
DAPT_E2E,RANDOM_GLOBAL,272,REPLICATION5,0.25,1000,489,511,DOMAIN_TEMPLATE_OOD,0.01,0.997667729854584,0.009367681498829,0.5992448759439051,0.0097087378640776,0.9840566873339238,0.7448876969493798,0.9435488216069752,0.9310002339034292,72.74182800699964
DAPT_E2E,RANDOM_GLOBAL,272,REPLICATION5,0.25,1000,489,511,DOMAIN_TEMPLATE_OOD,0.02,0.9476723670959474,0.0199063231850117,0.6887810140237325,0.0156418554476806,0.9777947932618682,0.8082278481012658,0.9435488216069752,0.9310002339034292,72.74182800699964
DAPT_E2E,RANDOM_GLOBAL,272,REPLICATION5,0.25,1000,489,511,IID_BALANCED,0.005,0.999581038951874,0.0046838407494145,0.5444234404536862,0.0094517958412098,0.9829351535836176,0.7007299270072993,0.9153574247993728,0.8762444566736111,72.74182800699964
DAPT_E2E,RANDOM_GLOBAL,272,REPLICATION5,0.25,1000,489,511,IID_BALANCED,0.01,0.997667729854584,0.009367681498829,0.6493383742911153,0.0170132325141776,0.9744680851063828,0.7793533749290982,0.9153574247993728,0.8762444566736111,72.74182800699964
DAPT_E2E,RANDOM_GLOBAL,272,REPLICATION5,0.25,1000,489,511,IID_BALANCED,0.02,0.9476723670959474,0.0199063231850117,0.6786389413988658,0.0236294896030245,0.9663526244952894,0.7973348139922265,0.9153574247993728,0.8762444566736111,72.74182800699964
DAPT_E2E,RANDOM_GLOBAL,272,REPLICATION5,0.25,1000,489,511,IID_ORIGINAL,0.005,0.999581038951874,0.0046838407494145,0.5444234404536862,0.0050175614651279,0.9829351535836176,0.7007299270072993,0.8787920318538289,0.8757868987581299,72.74182800699964
DAPT_E2E,RANDOM_GLOBAL,272,REPLICATION5,0.25,1000,489,511,IID_ORIGINAL,0.01,0.997667729854584,0.009367681498829,0.6493383742911153,0.0155544405418966,0.9568245125348188,0.7736486486486487,0.8787920318538289,0.8757868987581299,72.74182800699964
DAPT_E2E,RANDOM_GLOBAL,272,REPLICATION5,0.25,1000,489,511,IID_ORIGINAL,0.02,0.9476723670959474,0.0199063231850117,0.6786389413988658,0.0230807827395885,0.9397905759162304,0.7881448957189902,0.8787920318538289,0.8757868987581299,72.74182800699964
DAPT_E2E,RANDOM_GLOBAL,272,REPLICATION5,0.25,1000,489,511,TEMPLATE_OOD,0.005,0.999581038951874,0.0046838407494145,0.5319086651053864,0.0020491803278688,0.9961622807017544,0.6935114503816794,0.9572971571590267,0.9457004062710814,72.74182800699964
DAPT_E2E,RANDOM_GLOBAL,272,REPLICATION5,0.25,1000,489,511,TEMPLATE_OOD,0.01,0.997667729854584,0.009367681498829,0.6973067915690867,0.0096604215456674,0.986335403726708,0.8170125192934317,0.9572971571590267,0.9457004062710814,72.74182800699964
DAPT_E2E,RANDOM_GLOBAL,272,REPLICATION5,0.25,1000,489,511,TEMPLATE_OOD,0.02,0.9476723670959474,0.0199063231850117,0.7614168618266979,0.015807962529274,0.9796610169491524,0.8568604842694778,0.9572971571590267,0.9457004062710814,72.74182800699964
DAPT_E2E,RANDOM_GLOBAL,272,REPLICATION5,0.25,1000,489,511,TEMPORAL,0.005,0.999581038951874,0.0046838407494145,0.53925,0.00275,0.9949261992619928,0.6994163424124513,0.958303862385983,0.94697115625,72.74182800699964
DAPT_E2E,RANDOM_GLOBAL,272,REPLICATION5,0.25,1000,489,511,TEMPORAL,0.01,0.997667729854584,0.009367681498829,0.70475,0.01175,0.9836008374040476,0.8211476842411884,0.958303862385983,0.94697115625,72.74182800699964
DAPT_E2E,RANDOM_GLOBAL,272,REPLICATION5,0.25,1000,489,511,TEMPORAL,0.02,0.9476723670959474,0.0199063231850117,0.769,0.01875,0.976198032370676,0.8602992588449168,0.958303862385983,0.94697115625,72.74182800699964
DAPT_E2E,RANDOM_GLOBAL,282,REPLICATION5,0.25,1000,505,495,DOMAIN_OOD,0.005,0.9996451139450074,0.0046838407494145,0.4178330741316744,0.0,1.0,0.5893967093235832,0.9711339370619848,0.9609711368404702,72.8596736139989
DAPT_E2E,RANDOM_GLOBAL,282,REPLICATION5,0.25,1000,505,495,DOMAIN_OOD,0.01,0.9995875954627992,0.009367681498829,0.5132192846034215,0.0015552099533437,0.9969788519637462,0.6776180698151951,0.9711339370619848,0.9609711368404702,72.8596736139989
DAPT_E2E,RANDOM_GLOBAL,282,REPLICATION5,0.25,1000,505,495,DOMAIN_OOD,0.02,0.9941347241401672,0.0199063231850117,0.8154484188698807,0.0150336962156557,0.9818976279650437,0.8909657320872274,0.9711339370619848,0.9609711368404702,72.8596736139989
DAPT_E2E,RANDOM_GLOBAL,282,REPLICATION5,0.25,1000,505,495,DOMAIN_TEMPLATE_OOD,0.005,0.9996451139450074,0.0046838407494145,0.3964401294498382,0.0,1.0,0.5677867902665121,0.970665497033926,0.959749700056672,72.8596736139989
DAPT_E2E,RANDOM_GLOBAL,282,REPLICATION5,0.25,1000,505,495,DOMAIN_TEMPLATE_OOD,0.01,0.9995875954627992,0.009367681498829,0.4983818770226537,0.0010787486515641,0.9978401727861772,0.6647482014388489,0.970665497033926,0.959749700056672,72.8596736139989
DAPT_E2E,RANDOM_GLOBAL,282,REPLICATION5,0.25,1000,505,495,DOMAIN_TEMPLATE_OOD,0.02,0.9941347241401672,0.0199063231850117,0.8074433656957929,0.0140237324703344,0.9829284307288249,0.8865857269766064,0.970665497033926,0.959749700056672,72.8596736139989
DAPT_E2E,RANDOM_GLOBAL,282,REPLICATION5,0.25,1000,505,495,IID_BALANCED,0.005,0.9996451139450074,0.0046838407494145,0.5349716446124764,0.0066162570888468,0.987783595113438,0.6940527283874923,0.919191058986342,0.8871752173555698,72.8596736139989
DAPT_E2E,RANDOM_GLOBAL,282,REPLICATION5,0.25,1000,505,495,IID_BALANCED,0.01,0.9995875954627992,0.009367681498829,0.5973534971644613,0.0094517958412098,0.9844236760124612,0.7435294117647059,0.919191058986342,0.8871752173555698,72.8596736139989
DAPT_E2E,RANDOM_GLOBAL,282,REPLICATION5,0.25,1000,505,495,IID_BALANCED,0.02,0.9941347241401672,0.0199063231850117,0.719281663516068,0.0293005671077504,0.960858585858586,0.8227027027027027,0.919191058986342,0.8871752173555698,72.8596736139989
DAPT_E2E,RANDOM_GLOBAL,282,REPLICATION5,0.25,1000,505,495,IID_ORIGINAL,0.005,0.9996451139450074,0.0046838407494145,0.5349716446124764,0.0035122930255895,0.987783595113438,0.6940527283874923,0.8855514460267291,0.8870251930907515,72.8596736139989
DAPT_E2E,RANDOM_GLOBAL,282,REPLICATION5,0.25,1000,505,495,IID_ORIGINAL,0.01,0.9995875954627992,0.009367681498829,0.5973534971644613,0.0065228299046663,0.97984496124031,0.7422196124486201,0.8855514460267291,0.8870251930907515,72.8596736139989
DAPT_E2E,RANDOM_GLOBAL,282,REPLICATION5,0.25,1000,505,495,IID_ORIGINAL,0.02,0.9941347241401672,0.0199063231850117,0.719281663516068,0.0240842950326141,0.9406674907292956,0.8152115693626139,0.8855514460267291,0.8870251930907515,72.8596736139989
DAPT_E2E,RANDOM_GLOBAL,282,REPLICATION5,0.25,1000,505,495,TEMPLATE_OOD,0.005,0.9996451139450074,0.0046838407494145,0.5216627634660421,0.001463700234192,0.9972020145495244,0.6849894291754757,0.97359121049265,0.9638988363754531,72.8596736139989
DAPT_E2E,RANDOM_GLOBAL,282,REPLICATION5,0.25,1000,505,495,TEMPLATE_OOD,0.01,0.9995875954627992,0.009367681498829,0.6088992974238876,0.0020491803278688,0.9966459032103496,0.7559512992912957,0.97359121049265,0.9638988363754531,72.8596736139989
DAPT_E2E,RANDOM_GLOBAL,282,REPLICATION5,0.25,1000,505,495,TEMPLATE_OOD,0.02,0.9941347241401672,0.0199063231850117,0.852751756440281,0.0128805620608899,0.985120054108894,0.9141691511062294,0.97359121049265,0.9638988363754531,72.8596736139989
DAPT_E2E,RANDOM_GLOBAL,282,REPLICATION5,0.25,1000,505,495,TEMPORAL,0.005,0.9996451139450074,0.0046838407494145,0.53175,0.002,0.9962529274004684,0.693398533007335,0.9719534030990552,0.9627474375,72.8596736139989
DAPT_E2E,RANDOM_GLOBAL,282,REPLICATION5,0.25,1000,505,495,TEMPORAL,0.01,0.9995875954627992,0.009367681498829,0.61625,0.00475,0.9923510466988728,0.7603331276989512,0.9719534030990552,0.9627474375,72.8596736139989
DAPT_E2E,RANDOM_GLOBAL,282,REPLICATION5,0.25,1000,505,495,TEMPORAL,0.02,0.9941347241401672,0.0199063231850117,0.849,0.01675,0.9806526133410338,0.9100897762293984,0.9719534030990552,0.9627474375,72.8596736139989
DAPT_E2E,UNCERTAINTY_GLOBAL,42,ORIGINAL5,0.25,1000,509,491,DOMAIN_OOD,0.005,0.9966495633125306,0.0046838407494145,0.6226023846552617,0.0051840331778123,0.9917423616845582,0.7649681528662421,0.968980781755264,0.9587956703513882,73.22230657700038
DAPT_E2E,UNCERTAINTY_GLOBAL,42,ORIGINAL5,0.25,1000,509,491,DOMAIN_OOD,0.01,0.9699566364288332,0.009367681498829,0.7480559875583204,0.0103680663556246,0.9863294600136704,0.8508254716981132,0.968980781755264,0.9587956703513882,73.22230657700038
DAPT_E2E,UNCERTAINTY_GLOBAL,42,ORIGINAL5,0.25,1000,509,491,DOMAIN_OOD,0.02,0.0109445778653025,0.0199063231850117,0.871435977190254,0.0347330222913426,0.9616704805491992,0.9143323361435952,0.968980781755264,0.9587956703513882,73.22230657700038
DAPT_E2E,UNCERTAINTY_GLOBAL,42,ORIGINAL5,0.25,1000,509,491,DOMAIN_TEMPLATE_OOD,0.005,0.9966495633125306,0.0046838407494145,0.5938511326860841,0.0048543689320388,0.991891891891892,0.742914979757085,0.9667412205265896,0.9556965376473968,73.22230657700038
DAPT_E2E,UNCERTAINTY_GLOBAL,42,ORIGINAL5,0.25,1000,509,491,DOMAIN_TEMPLATE_OOD,0.01,0.9699566364288332,0.009367681498829,0.7254584681769147,0.0097087378640776,0.9867938371239912,0.8361827789866335,0.9667412205265896,0.9556965376473968,73.22230657700038
DAPT_E2E,UNCERTAINTY_GLOBAL,42,ORIGINAL5,0.25,1000,509,491,DOMAIN_TEMPLATE_OOD,0.02,0.0109445778653025,0.0199063231850117,0.8570658036677454,0.0323624595469255,0.9636143117040632,0.907222380816443,0.9667412205265896,0.9556965376473968,73.22230657700038
DAPT_E2E,UNCERTAINTY_GLOBAL,42,ORIGINAL5,0.25,1000,509,491,IID_BALANCED,0.005,0.9966495633125306,0.0046838407494145,0.668241965973535,0.0094517958412098,0.9860529986052998,0.7966197183098591,0.9234008707707716,0.8891611665195593,73.22230657700038
DAPT_E2E,UNCERTAINTY_GLOBAL,42,ORIGINAL5,0.25,1000,509,491,IID_BALANCED,0.01,0.9699566364288332,0.009367681498829,0.7277882797731569,0.0122873345935727,0.983397190293742,0.8365019011406845,0.9234008707707716,0.8891611665195593,73.22230657700038
DAPT_E2E,UNCERTAINTY_GLOBAL,42,ORIGINAL5,0.25,1000,509,491,IID_BALANCED,0.02,0.0109445778653025,0.0199063231850117,0.7873345935727788,0.0293005671077504,0.9641203703703703,0.8668054110301769,0.9234008707707716,0.8891611665195593,73.22230657700038
DAPT_E2E,UNCERTAINTY_GLOBAL,42,ORIGINAL5,0.25,1000,509,491,IID_ORIGINAL,0.005,0.9966495633125306,0.0046838407494145,0.668241965973535,0.0085298544907175,0.9765193370165746,0.7934904601571269,0.8932187471500018,0.8908502537709962,73.22230657700038
DAPT_E2E,UNCERTAINTY_GLOBAL,42,ORIGINAL5,0.25,1000,509,491,IID_ORIGINAL,0.01,0.9699566364288332,0.009367681498829,0.7277882797731569,0.0110386352232814,0.9722222222222222,0.8324324324324325,0.8932187471500018,0.8908502537709962,73.22230657700038
DAPT_E2E,UNCERTAINTY_GLOBAL,42,ORIGINAL5,0.25,1000,509,491,IID_ORIGINAL,0.02,0.0109445778653025,0.0199063231850117,0.7873345935727788,0.0265930757651781,0.9401805869074492,0.8569958847736625,0.8932187471500018,0.8908502537709962,73.22230657700038
DAPT_E2E,UNCERTAINTY_GLOBAL,42,ORIGINAL5,0.25,1000,509,491,TEMPLATE_OOD,0.005,0.9966495633125306,0.0046838407494145,0.6785714285714286,0.0046838407494145,0.9931448157669236,0.8062608695652174,0.972227945795795,0.961971688198257,73.22230657700038
DAPT_E2E,UNCERTAINTY_GLOBAL,42,ORIGINAL5,0.25,1000,509,491,TEMPLATE_OOD,0.01,0.9699566364288332,0.009367681498829,0.775175644028103,0.0084894613583138,0.9891669779604034,0.8691941572296078,0.972227945795795,0.961971688198257,73.22230657700038
DAPT_E2E,UNCERTAINTY_GLOBAL,42,ORIGINAL5,0.25,1000,509,491,TEMPLATE_OOD,0.02,0.0109445778653025,0.0199063231850117,0.8814402810304449,0.0245901639344262,0.972859450726979,0.9248963292888958,0.972227945795795,0.961971688198257,73.22230657700038
DAPT_E2E,UNCERTAINTY_GLOBAL,42,ORIGINAL5,0.25,1000,509,491,TEMPORAL,0.005,0.9966495633125306,0.0046838407494145,0.693,0.005,0.9928366762177652,0.8162544169611308,0.9722934854254336,0.9620444375,73.22230657700038
DAPT_E2E,UNCERTAINTY_GLOBAL,42,ORIGINAL5,0.25,1000,509,491,TEMPORAL,0.01,0.9699566364288332,0.009367681498829,0.78575,0.009,0.9886756841774142,0.8756094163532525,0.9722934854254336,0.9620444375,73.22230657700038
DAPT_E2E,UNCERTAINTY_GLOBAL,42,ORIGINAL5,0.25,1000,509,491,TEMPORAL,0.02,0.0109445778653025,0.0199063231850117,0.886,0.02525,0.9722908093278464,0.927141922825376,0.9722934854254336,0.9620444375,73.22230657700038
DAPT_E2E,UNCERTAINTY_GLOBAL,52,ORIGINAL5,0.25,1000,494,506,DOMAIN_OOD,0.005,0.997053623199463,0.0046838407494145,0.6526697770865734,0.0025920165889061,0.9960443037974684,0.7886000626370184,0.9689652570349852,0.9541695455653404,73.14979068199955
DAPT_E2E,UNCERTAINTY_GLOBAL,52,ORIGINAL5,0.25,1000,494,506,DOMAIN_OOD,0.01,0.9947391152381898,0.009367681498829,0.7024364955935718,0.0041472265422498,0.9941305942773294,0.8232077764277035,0.9689652570349852,0.9541695455653404,73.14979068199955
DAPT_E2E,UNCERTAINTY_GLOBAL,52,ORIGINAL5,0.25,1000,494,506,DOMAIN_OOD,0.02,0.0102684320881962,0.0199063231850117,0.8859512700881286,0.029030585795749,0.968271954674221,0.9252842447211694,0.9689652570349852,0.9541695455653404,73.14979068199955
DAPT_E2E,UNCERTAINTY_GLOBAL,52,ORIGINAL5,0.25,1000,494,506,DOMAIN_TEMPLATE_OOD,0.005,0.997053623199463,0.0046838407494145,0.627831715210356,0.0021574973031283,0.9965753424657534,0.7703507610853739,0.966963036605638,0.9512256074216046,73.14979068199955
DAPT_E2E,UNCERTAINTY_GLOBAL,52,ORIGINAL5,0.25,1000,494,506,DOMAIN_TEMPLATE_OOD,0.01,0.9947391152381898,0.009367681498829,0.680151024811219,0.0037756202804746,0.9944794952681388,0.8078155028827675,0.966963036605638,0.9512256074216046,73.14979068199955
DAPT_E2E,UNCERTAINTY_GLOBAL,52,ORIGINAL5,0.25,1000,494,506,DOMAIN_TEMPLATE_OOD,0.02,0.0102684320881962,0.0199063231850117,0.8781014023732471,0.0269687162891046,0.9702026221692492,0.9218573046432617,0.966963036605638,0.9512256074216046,73.14979068199955
DAPT_E2E,UNCERTAINTY_GLOBAL,52,ORIGINAL5,0.25,1000,494,506,IID_BALANCED,0.005,0.997053623199463,0.0046838407494145,0.6502835538752363,0.0075614366729678,0.9885057471264368,0.7844925883694412,0.9227173115792956,0.8765687479675959,73.14979068199955
DAPT_E2E,UNCERTAINTY_GLOBAL,52,ORIGINAL5,0.25,1000,494,506,IID_BALANCED,0.01,0.9947391152381898,0.009367681498829,0.6691871455576559,0.0085066162570888,0.98744769874477,0.7977464788732395,0.9227173115792956,0.8765687479675959,73.14979068199955
DAPT_E2E,UNCERTAINTY_GLOBAL,52,ORIGINAL5,0.25,1000,494,506,IID_BALANCED,0.02,0.0102684320881962,0.0199063231850117,0.7637051039697542,0.0226843100189035,0.971153846153846,0.855026455026455,0.9227173115792956,0.8765687479675959,73.14979068199955
DAPT_E2E,UNCERTAINTY_GLOBAL,52,ORIGINAL5,0.25,1000,494,506,IID_ORIGINAL,0.005,0.997053623199463,0.0046838407494145,0.6502835538752363,0.0060210737581535,0.9828571428571428,0.782707622298066,0.8923096282253273,0.8764501369158786,73.14979068199955
DAPT_E2E,UNCERTAINTY_GLOBAL,52,ORIGINAL5,0.25,1000,494,506,IID_ORIGINAL,0.01,0.9947391152381898,0.009367681498829,0.6691871455576559,0.0075263421976919,0.979253112033195,0.7950589556428973,0.8923096282253273,0.8764501369158786,73.14979068199955
DAPT_E2E,UNCERTAINTY_GLOBAL,52,ORIGINAL5,0.25,1000,494,506,IID_ORIGINAL,0.02,0.0102684320881962,0.0199063231850117,0.7637051039697542,0.0260913196186653,0.9395348837209302,0.8425443169968717,0.8923096282253273,0.8764501369158786,73.14979068199955
DAPT_E2E,UNCERTAINTY_GLOBAL,52,ORIGINAL5,0.25,1000,494,506,TEMPLATE_OOD,0.005,0.997053623199463,0.0046838407494145,0.7186768149882904,0.0035128805620608,0.9951357924604785,0.8346081930987591,0.9712663717945164,0.956701467539448,73.14979068199955
DAPT_E2E,UNCERTAINTY_GLOBAL,52,ORIGINAL5,0.25,1000,494,506,TEMPLATE_OOD,0.01,0.9947391152381898,0.009367681498829,0.7561475409836066,0.0046838407494145,0.993843786071566,0.8588528678304239,0.9712663717945164,0.956701467539448,73.14979068199955
DAPT_E2E,UNCERTAINTY_GLOBAL,52,ORIGINAL5,0.25,1000,494,506,TEMPLATE_OOD,0.02,0.0102684320881962,0.0199063231850117,0.8981264637002342,0.0222482435597189,0.975826972010178,0.9353658536585366,0.9712663717945164,0.956701467539448,73.14979068199955
DAPT_E2E,UNCERTAINTY_GLOBAL,52,ORIGINAL5,0.25,1000,494,506,TEMPORAL,0.005,0.997053623199463,0.0046838407494145,0.7285,0.00425,0.9941999317639032,0.8408599047756457,0.9721569053450942,0.9587024062499998,73.14979068199955
DAPT_E2E,UNCERTAINTY_GLOBAL,52,ORIGINAL5,0.25,1000,494,506,TEMPORAL,0.01,0.9947391152381898,0.009367681498829,0.76775,0.00525,0.9932082794307892,0.8660462492949803,0.9721569053450942,0.9587024062499998,73.14979068199955
DAPT_E2E,UNCERTAINTY_GLOBAL,52,ORIGINAL5,0.25,1000,494,506,TEMPORAL,0.02,0.0102684320881962,0.0199063231850117,0.9015,0.02375,0.9743312618211294,0.9365017530190884,0.9721569053450942,0.9587024062499998,73.14979068199955
DAPT_E2E,UNCERTAINTY_GLOBAL,62,ORIGINAL5,0.25,1000,518,482,DOMAIN_OOD,0.005,0.9984238147735596,0.0046838407494145,0.5018144116122343,0.0020736132711249,0.9958847736625516,0.667356084108928,0.972644563384045,0.9627503432507196,73.13425921799899
DAPT_E2E,UNCERTAINTY_GLOBAL,62,ORIGINAL5,0.25,1000,518,482,DOMAIN_OOD,0.01,0.6779006123542787,0.009367681498829,0.831518921721099,0.0108864696734059,0.9870769230769232,0.9026449071468768,0.972644563384045,0.9627503432507196,73.13425921799899
DAPT_E2E,UNCERTAINTY_GLOBAL,62,ORIGINAL5,0.25,1000,518,482,DOMAIN_OOD,0.02,0.0231534112244844,0.0199063231850117,0.8823224468636599,0.0212545360290305,0.9764773379231212,0.9270152505446624,0.972644563384045,0.9627503432507196,73.13425921799899
DAPT_E2E,UNCERTAINTY_GLOBAL,62,ORIGINAL5,0.25,1000,518,482,DOMAIN_TEMPLATE_OOD,0.005,0.9984238147735596,0.0046838407494145,0.4692556634304207,0.0010787486515641,0.9977064220183486,0.6382978723404256,0.9709946344102888,0.9600391700966684,73.13425921799899
DAPT_E2E,UNCERTAINTY_GLOBAL,62,ORIGINAL5,0.25,1000,518,482,DOMAIN_TEMPLATE_OOD,0.01,0.6779006123542787,0.009367681498829,0.8166127292340885,0.0091693635382955,0.9888961463096017,0.8945347119645495,0.9709946344102888,0.9600391700966684,73.13425921799899
DAPT_E2E,UNCERTAINTY_GLOBAL,62,ORIGINAL5,0.25,1000,518,482,DOMAIN_TEMPLATE_OOD,0.02,0.0231534112244844,0.0199063231850117,0.8743257820927723,0.0188781014023732,0.9788647342995168,0.9236467236467236,0.9709946344102888,0.9600391700966684,73.13425921799899
DAPT_E2E,UNCERTAINTY_GLOBAL,62,ORIGINAL5,0.25,1000,518,482,IID_BALANCED,0.005,0.9984238147735596,0.0046838407494145,0.5746691871455577,0.0056710775047258,0.990228013029316,0.7272727272727273,0.923802800880259,0.8858092631172702,73.13425921799899
DAPT_E2E,UNCERTAINTY_GLOBAL,62,ORIGINAL5,0.25,1000,518,482,IID_BALANCED,0.01,0.6779006123542787,0.009367681498829,0.7419659735349716,0.0151228733459357,0.9800249687890136,0.8445400753093061,0.923802800880259,0.8858092631172702,73.13425921799899
DAPT_E2E,UNCERTAINTY_GLOBAL,62,ORIGINAL5,0.25,1000,518,482,IID_BALANCED,0.02,0.0231534112244844,0.0199063231850117,0.775047258979206,0.0198487712665406,0.9750297265160524,0.8636124275934702,0.923802800880259,0.8858092631172702,73.13425921799899
DAPT_E2E,UNCERTAINTY_GLOBAL,62,ORIGINAL5,0.25,1000,518,482,IID_ORIGINAL,0.005,0.9984238147735596,0.0046838407494145,0.5746691871455577,0.0030105368790767,0.990228013029316,0.7272727272727273,0.8933430047719517,0.8869305802824061,73.13425921799899
DAPT_E2E,UNCERTAINTY_GLOBAL,62,ORIGINAL5,0.25,1000,518,482,IID_ORIGINAL,0.01,0.6779006123542787,0.009367681498829,0.7419659735349716,0.0125439036628198,0.9691358024691358,0.8404710920770878,0.8933430047719517,0.8869305802824061,73.13425921799899
DAPT_E2E,UNCERTAINTY_GLOBAL,62,ORIGINAL5,0.25,1000,518,482,IID_ORIGINAL,0.02,0.0231534112244844,0.0199063231850117,0.775047258979206,0.0185649774209734,0.9568261376896148,0.856396866840731,0.8933430047719517,0.8869305802824061,73.13425921799899
DAPT_E2E,UNCERTAINTY_GLOBAL,62,ORIGINAL5,0.25,1000,518,482,TEMPLATE_OOD,0.005,0.9984238147735596,0.0046838407494145,0.5728922716627635,0.001463700234192,0.9974515800203874,0.7277798438081071,0.9749961509640812,0.9650810228350948,73.13425921799899
DAPT_E2E,UNCERTAINTY_GLOBAL,62,ORIGINAL5,0.25,1000,518,482,TEMPLATE_OOD,0.01,0.6779006123542787,0.009367681498829,0.852751756440281,0.0087822014051522,0.9898063200815496,0.916181789589558,0.9749961509640812,0.9650810228350948,73.13425921799899
DAPT_E2E,UNCERTAINTY_GLOBAL,62,ORIGINAL5,0.25,1000,518,482,TEMPLATE_OOD,0.02,0.0231534112244844,0.0199063231850117,0.8946135831381733,0.0152224824355971,0.9832689832689832,0.9368485591661556,0.9749961509640812,0.9650810228350948,73.13425921799899
DAPT_E2E,UNCERTAINTY_GLOBAL,62,ORIGINAL5,0.25,1000,518,482,TEMPORAL,0.005,0.9984238147735596,0.0046838407494145,0.591,0.00225,0.9962073324905184,0.7418798054291542,0.9762867154647002,0.9672588125,73.13425921799899
DAPT_E2E,UNCERTAINTY_GLOBAL,62,ORIGINAL5,0.25,1000,518,482,TEMPORAL,0.01,0.6779006123542787,0.009367681498829,0.859,0.00925,0.9893463864094444,0.919577144386458,0.9762867154647002,0.9672588125,73.13425921799899
DAPT_E2E,UNCERTAINTY_GLOBAL,62,ORIGINAL5,0.25,1000,518,482,TEMPORAL,0.02,0.0231534112244844,0.0199063231850117,0.8985,0.01625,0.9822355834927576,0.9385037211124168,0.9762867154647002,0.9672588125,73.13425921799899
DAPT_E2E,UNCERTAINTY_GLOBAL,72,ORIGINAL5,0.25,1000,544,456,DOMAIN_OOD,0.005,0.9923638105392456,0.0046838407494145,0.7024364955935718,0.0041472265422498,0.9941305942773294,0.8232077764277035,0.9722604613381528,0.9613784153412984,73.03163619800034
DAPT_E2E,UNCERTAINTY_GLOBAL,72,ORIGINAL5,0.25,1000,544,456,DOMAIN_OOD,0.01,0.5306925773620607,0.009367681498829,0.7879730430274754,0.0093312597200622,0.988296488946684,0.876838765503317,0.9722604613381528,0.9613784153412984,73.03163619800034
DAPT_E2E,UNCERTAINTY_GLOBAL,72,ORIGINAL5,0.25,1000,544,456,DOMAIN_OOD,0.02,0.013649976812303,0.0199063231850117,0.8501814411612234,0.0228097459823742,0.973871733966746,0.907832825906449,0.9722604613381528,0.9613784153412984,73.03163619800034
DAPT_E2E,UNCERTAINTY_GLOBAL,72,ORIGINAL5,0.25,1000,544,456,DOMAIN_TEMPLATE_OOD,0.005,0.9923638105392456,0.0046838407494145,0.680151024811219,0.0043149946062567,0.9936958234830576,0.8075568363752802,0.9701398321200204,0.9583157323912028,73.03163619800034
DAPT_E2E,UNCERTAINTY_GLOBAL,72,ORIGINAL5,0.25,1000,544,456,DOMAIN_TEMPLATE_OOD,0.01,0.5306925773620607,0.009367681498829,0.7680690399137001,0.0086299892125134,0.9888888888888888,0.864602307225258,0.9701398321200204,0.9583157323912028,73.03163619800034
DAPT_E2E,UNCERTAINTY_GLOBAL,72,ORIGINAL5,0.25,1000,544,456,DOMAIN_TEMPLATE_OOD,0.02,0.013649976812303,0.0199063231850117,0.8327939590075513,0.0204962243797195,0.9759797724399494,0.8987194412107101,0.9701398321200204,0.9583157323912028,73.03163619800034
DAPT_E2E,UNCERTAINTY_GLOBAL,72,ORIGINAL5,0.25,1000,544,456,IID_BALANCED,0.005,0.9923638105392456,0.0046838407494145,0.7032136105860114,0.0075614366729678,0.9893617021276596,0.8220994475138121,0.9259961925081384,0.8875102290229094,73.03163619800034
DAPT_E2E,UNCERTAINTY_GLOBAL,72,ORIGINAL5,0.25,1000,544,456,IID_BALANCED,0.01,0.5306925773620607,0.009367681498829,0.7485822306238186,0.0141776937618147,0.9814126394052044,0.8493297587131368,0.9259961925081384,0.8875102290229094,73.03163619800034
DAPT_E2E,UNCERTAINTY_GLOBAL,72,ORIGINAL5,0.25,1000,544,456,IID_BALANCED,0.02,0.013649976812303,0.0199063231850117,0.7854442344045368,0.0198487712665406,0.9753521126760564,0.8701570680628272,0.9259961925081384,0.8875102290229094,73.03163619800034
DAPT_E2E,UNCERTAINTY_GLOBAL,72,ORIGINAL5,0.25,1000,544,456,IID_ORIGINAL,0.005,0.9923638105392456,0.0046838407494145,0.7032136105860114,0.0070245860511791,0.9815303430079156,0.8193832599118943,0.8974819440022759,0.8879082459686407,73.03163619800034
DAPT_E2E,UNCERTAINTY_GLOBAL,72,ORIGINAL5,0.25,1000,544,456,IID_ORIGINAL,0.01,0.5306925773620607,0.009367681498829,0.7485822306238186,0.012042147516307,0.9705882352941176,0.8452508004268944,0.8974819440022759,0.8879082459686407,73.03163619800034
DAPT_E2E,UNCERTAINTY_GLOBAL,72,ORIGINAL5,0.25,1000,544,456,IID_ORIGINAL,0.02,0.013649976812303,0.0199063231850117,0.7854442344045368,0.0180632212744606,0.9584775086505192,0.8633766233766234,0.8974819440022759,0.8879082459686407,73.03163619800034
DAPT_E2E,UNCERTAINTY_GLOBAL,72,ORIGINAL5,0.25,1000,544,456,TEMPLATE_OOD,0.005,0.9923638105392456,0.0046838407494145,0.7494145199063232,0.0035128805620608,0.995334370139969,0.8550434201736807,0.9750604964471412,0.9632211894432592,73.03163619800034
DAPT_E2E,UNCERTAINTY_GLOBAL,72,ORIGINAL5,0.25,1000,544,456,TEMPLATE_OOD,0.01,0.5306925773620607,0.009367681498829,0.8208430913348946,0.0073185011709601,0.991162955107812,0.8979983987189751,0.9750604964471412,0.9632211894432592,73.03163619800034
DAPT_E2E,UNCERTAINTY_GLOBAL,72,ORIGINAL5,0.25,1000,544,456,TEMPLATE_OOD,0.02,0.013649976812303,0.0199063231850117,0.8688524590163934,0.0155152224824355,0.9824561403508772,0.9221687121329812,0.9750604964471412,0.9632211894432592,73.03163619800034
DAPT_E2E,UNCERTAINTY_GLOBAL,72,ORIGINAL5,0.25,1000,544,456,TEMPORAL,0.005,0.9923638105392456,0.0046838407494145,0.75925,0.0035,0.995411340544084,0.8614380938873919,0.975072120139387,0.96285646875,73.03163619800034
DAPT_E2E,UNCERTAINTY_GLOBAL,72,ORIGINAL5,0.25,1000,544,456,TEMPORAL,0.01,0.5306925773620607,0.009367681498829,0.82675,0.0075,0.991009889121966,0.9014583617282268,0.975072120139387,0.96285646875,73.03163619800034
DAPT_E2E,UNCERTAINTY_GLOBAL,72,ORIGINAL5,0.25,1000,544,456,TEMPORAL,0.02,0.013649976812303,0.0199063231850117,0.87375,0.01675,0.9811903425042112,0.9243586352816716,0.975072120139387,0.96285646875,73.03163619800034
DAPT_E2E,UNCERTAINTY_GLOBAL,82,ORIGINAL5,0.25,1000,543,457,DOMAIN_OOD,0.005,0.9988597631454468,0.0046838407494145,0.5609123898392949,0.0046656298600311,0.9917506874427132,0.7165562913907285,0.9716036844827666,0.962052151535014,73.10607284499929
DAPT_E2E,UNCERTAINTY_GLOBAL,82,ORIGINAL5,0.25,1000,543,457,DOMAIN_OOD,0.01,0.9902727007865908,0.009367681498829,0.7340590979782271,0.0093312597200622,0.98744769874477,0.8421052631578947,0.9716036844827666,0.962052151535014,73.10607284499929
DAPT_E2E,UNCERTAINTY_GLOBAL,82,ORIGINAL5,0.25,1000,543,457,DOMAIN_OOD,0.02,0.0184048917144537,0.0199063231850117,0.8724727838258165,0.0285121824779678,0.9683544303797468,0.9179165530406328,0.9716036844827666,0.962052151535014,73.10607284499929
DAPT_E2E,UNCERTAINTY_GLOBAL,82,ORIGINAL5,0.25,1000,543,457,DOMAIN_TEMPLATE_OOD,0.005,0.9988597631454468,0.0046838407494145,0.5312837108953614,0.0026968716289104,0.9949494949494948,0.6926863572433193,0.971704801801124,0.9619499632853074,73.10607284499929
DAPT_E2E,UNCERTAINTY_GLOBAL,82,ORIGINAL5,0.25,1000,543,457,DOMAIN_TEMPLATE_OOD,0.01,0.9902727007865908,0.009367681498829,0.7119741100323624,0.0064724919093851,0.990990990990991,0.8286252354048964,0.971704801801124,0.9619499632853074,73.10607284499929
DAPT_E2E,UNCERTAINTY_GLOBAL,82,ORIGINAL5,0.25,1000,543,457,DOMAIN_TEMPLATE_OOD,0.02,0.0184048917144537,0.0199063231850117,0.8522114347357066,0.0253505933117583,0.9711124769514444,0.9077851192186154,0.971704801801124,0.9619499632853074,73.10607284499929
DAPT_E2E,UNCERTAINTY_GLOBAL,82,ORIGINAL5,0.25,1000,543,457,IID_BALANCED,0.005,0.9988597631454468,0.0046838407494145,0.5954631379962193,0.0056710775047258,0.9905660377358492,0.743801652892562,0.9308350118798624,0.897977780239493,73.10607284499929
DAPT_E2E,UNCERTAINTY_GLOBAL,82,ORIGINAL5,0.25,1000,543,457,IID_BALANCED,0.01,0.9902727007865908,0.009367681498829,0.6862003780718336,0.0085066162570888,0.9877551020408164,0.8098159509202454,0.9308350118798624,0.897977780239493,73.10607284499929
DAPT_E2E,UNCERTAINTY_GLOBAL,82,ORIGINAL5,0.25,1000,543,457,IID_BALANCED,0.02,0.0184048917144537,0.0199063231850117,0.775047258979206,0.0189035916824196,0.9761904761904762,0.8640674394099052,0.9308350118798624,0.897977780239493,73.10607284499929
DAPT_E2E,UNCERTAINTY_GLOBAL,82,ORIGINAL5,0.25,1000,543,457,IID_ORIGINAL,0.005,0.9988597631454468,0.0046838407494145,0.5954631379962193,0.0045158053186151,0.9859154929577464,0.7424867413081909,0.9018256996628664,0.8976875112041484,73.10607284499929
DAPT_E2E,UNCERTAINTY_GLOBAL,82,ORIGINAL5,0.25,1000,543,457,IID_ORIGINAL,0.01,0.9902727007865908,0.009367681498829,0.6862003780718336,0.0095333667837431,0.974496644295302,0.8053244592346089,0.9018256996628664,0.8976875112041484,73.10607284499929
DAPT_E2E,UNCERTAINTY_GLOBAL,82,ORIGINAL5,0.25,1000,543,457,IID_ORIGINAL,0.02,0.0184048917144537,0.0199063231850117,0.775047258979206,0.0230807827395885,0.9468822170900691,0.8523908523908524,0.9018256996628664,0.8976875112041484,73.10607284499929
DAPT_E2E,UNCERTAINTY_GLOBAL,82,ORIGINAL5,0.25,1000,543,457,TEMPLATE_OOD,0.005,0.9988597631454468,0.0046838407494145,0.6282201405152225,0.0023419203747072,0.9962859795728876,0.7705565529622981,0.976561681575235,0.966504359907091,73.10607284499929
DAPT_E2E,UNCERTAINTY_GLOBAL,82,ORIGINAL5,0.25,1000,543,457,TEMPLATE_OOD,0.01,0.9902727007865908,0.009367681498829,0.7740046838407494,0.0067330210772833,0.9913760779902512,0.8693079072825908,0.976561681575235,0.966504359907091,73.10607284499929
DAPT_E2E,UNCERTAINTY_GLOBAL,82,ORIGINAL5,0.25,1000,543,457,TEMPLATE_OOD,0.02,0.0184048917144537,0.0199063231850117,0.8831967213114754,0.0213700234192037,0.9763754045307445,0.9274515831540115,0.976561681575235,0.966504359907091,73.10607284499929
DAPT_E2E,UNCERTAINTY_GLOBAL,82,ORIGINAL5,0.25,1000,543,457,TEMPORAL,0.005,0.9988597631454468,0.0046838407494145,0.64275,0.00375,0.994199535962877,0.7807470391740055,0.9756722777935584,0.96692021875,73.10607284499929
DAPT_E2E,UNCERTAINTY_GLOBAL,82,ORIGINAL5,0.25,1000,543,457,TEMPORAL,0.01,0.9902727007865908,0.009367681498829,0.7875,0.00825,0.9896324222431668,0.8770708617569261,0.9756722777935584,0.96692021875,73.10607284499929
DAPT_E2E,UNCERTAINTY_GLOBAL,82,ORIGINAL5,0.25,1000,543,457,TEMPORAL,0.02,0.0184048917144537,0.0199063231850117,0.8875,0.0235,0.9742041712403952,0.9288330716902146,0.9756722777935584,0.96692021875,73.10607284499929
DAPT_E2E,UNCERTAINTY_GLOBAL,242,REPLICATION5,0.25,1000,473,527,DOMAIN_OOD,0.005,0.9984542131423952,0.0046838407494145,0.5479523068947642,0.0015552099533437,0.9971698113207548,0.7072599531615925,0.975123949685316,0.9663526953881992,73.16401895600029
DAPT_E2E,UNCERTAINTY_GLOBAL,242,REPLICATION5,0.25,1000,473,527,DOMAIN_OOD,0.01,0.8218319416046144,0.009367681498829,0.8247796785899429,0.0119232763089683,0.9857496902106568,0.8981089472198701,0.975123949685316,0.9663526953881992,73.16401895600029
DAPT_E2E,UNCERTAINTY_GLOBAL,242,REPLICATION5,0.25,1000,473,527,DOMAIN_OOD,0.02,0.0376439951360225,0.0199063231850117,0.8911353032659409,0.029030585795749,0.968450704225352,0.9281857451403888,0.975123949685316,0.9663526953881992,73.16401895600029
DAPT_E2E,UNCERTAINTY_GLOBAL,242,REPLICATION5,0.25,1000,473,527,DOMAIN_TEMPLATE_OOD,0.005,0.9984542131423952,0.0046838407494145,0.5237324703344121,0.0016181229773462,0.9969199178644764,0.6867043847241867,0.973425248218678,0.96424041315957,73.16401895600029
DAPT_E2E,UNCERTAINTY_GLOBAL,242,REPLICATION5,0.25,1000,473,527,DOMAIN_TEMPLATE_OOD,0.01,0.8218319416046144,0.009367681498829,0.8085221143473571,0.0107874865156418,0.9868334430546412,0.8888230062259117,0.973425248218678,0.96424041315957,73.16401895600029
DAPT_E2E,UNCERTAINTY_GLOBAL,242,REPLICATION5,0.25,1000,473,527,DOMAIN_TEMPLATE_OOD,0.02,0.0376439951360225,0.0199063231850117,0.877562028047465,0.0269687162891046,0.970184853905784,0.9215519682809402,0.973425248218678,0.96424041315957,73.16401895600029
DAPT_E2E,UNCERTAINTY_GLOBAL,242,REPLICATION5,0.25,1000,473,527,IID_BALANCED,0.005,0.9984542131423952,0.0046838407494145,0.5935727788279773,0.0066162570888468,0.988976377952756,0.74187832250443,0.9267959079365252,0.8953950636254158,73.16401895600029
DAPT_E2E,UNCERTAINTY_GLOBAL,242,REPLICATION5,0.25,1000,473,527,IID_BALANCED,0.01,0.8218319416046144,0.009367681498829,0.7400756143667296,0.0160680529300567,0.97875,0.8428417653390743,0.9267959079365252,0.8953950636254158,73.16401895600029
DAPT_E2E,UNCERTAINTY_GLOBAL,242,REPLICATION5,0.25,1000,473,527,IID_BALANCED,0.02,0.0376439951360225,0.0199063231850117,0.7674858223062382,0.0226843100189035,0.971291866028708,0.8574445617740233,0.9267959079365252,0.8953950636254158,73.16401895600029
DAPT_E2E,UNCERTAINTY_GLOBAL,242,REPLICATION5,0.25,1000,473,527,IID_ORIGINAL,0.005,0.9984542131423952,0.0046838407494145,0.5935727788279773,0.0035122930255895,0.988976377952756,0.74187832250443,0.896787284819353,0.8954497641556411,73.16401895600029
DAPT_E2E,UNCERTAINTY_GLOBAL,242,REPLICATION5,0.25,1000,473,527,IID_ORIGINAL,0.01,0.8218319416046144,0.009367681498829,0.7400756143667296,0.0140491721023582,0.9654747225647348,0.8378812199036918,0.896787284819353,0.8954497641556411,73.16401895600029
DAPT_E2E,UNCERTAINTY_GLOBAL,242,REPLICATION5,0.25,1000,473,527,IID_ORIGINAL,0.02,0.0376439951360225,0.0199063231850117,0.7674858223062382,0.0230807827395885,0.9463869463869464,0.8475991649269311,0.896787284819353,0.8954497641556411,73.16401895600029
DAPT_E2E,UNCERTAINTY_GLOBAL,242,REPLICATION5,0.25,1000,473,527,TEMPLATE_OOD,0.005,0.9984542131423952,0.0046838407494145,0.6226580796252927,0.002927400468384,0.9953205428170332,0.7660723933009185,0.9748442575496368,0.968324601407346,73.16401895600029
DAPT_E2E,UNCERTAINTY_GLOBAL,242,REPLICATION5,0.25,1000,473,527,TEMPLATE_OOD,0.01,0.8218319416046144,0.009367681498829,0.849824355971897,0.010831381733021,0.9874149659863946,0.9134675896790434,0.9748442575496368,0.968324601407346,73.16401895600029
DAPT_E2E,UNCERTAINTY_GLOBAL,242,REPLICATION5,0.25,1000,473,527,TEMPLATE_OOD,0.02,0.0376439951360225,0.0199063231850117,0.8990046838407494,0.0219555035128805,0.9761602034329308,0.9359951234379762,0.9748442575496368,0.968324601407346,73.16401895600029
DAPT_E2E,UNCERTAINTY_GLOBAL,242,REPLICATION5,0.25,1000,473,527,TEMPORAL,0.005,0.9984542131423952,0.0046838407494145,0.63725,0.00325,0.9949258391881344,0.7768972874123743,0.974202374743226,0.96779728125,73.16401895600029
DAPT_E2E,UNCERTAINTY_GLOBAL,242,REPLICATION5,0.25,1000,473,527,TEMPORAL,0.01,0.8218319416046144,0.009367681498829,0.85525,0.0125,0.985594929415154,0.9158077901218044,0.974202374743226,0.96779728125,73.16401895600029
DAPT_E2E,UNCERTAINTY_GLOBAL,242,REPLICATION5,0.25,1000,473,527,TEMPORAL,0.02,0.0376439951360225,0.0199063231850117,0.90275,0.0235,0.9746288798920378,0.9373134328358208,0.974202374743226,0.96779728125,73.16401895600029
DAPT_E2E,UNCERTAINTY_GLOBAL,252,REPLICATION5,0.25,1000,443,557,DOMAIN_OOD,0.005,0.9976125955581666,0.0046838407494145,0.6635562467599793,0.0051840331778123,0.992248062015504,0.795278036657347,0.9701591490130228,0.9576164304558858,73.16961749899929
DAPT_E2E,UNCERTAINTY_GLOBAL,252,REPLICATION5,0.25,1000,443,557,DOMAIN_OOD,0.01,0.8625254034996034,0.009367681498829,0.8040435458786936,0.0098496630378434,0.9878980891719744,0.8865390111460417,0.9701591490130228,0.9576164304558858,73.16961749899929
DAPT_E2E,UNCERTAINTY_GLOBAL,252,REPLICATION5,0.25,1000,443,557,DOMAIN_OOD,0.02,0.0190144348889589,0.0199063231850117,0.8766200103680664,0.0264385692068429,0.970723306544202,0.9212748569871968,0.9701591490130228,0.9576164304558858,73.16961749899929
DAPT_E2E,UNCERTAINTY_GLOBAL,252,REPLICATION5,0.25,1000,443,557,DOMAIN_TEMPLATE_OOD,0.005,0.9976125955581666,0.0046838407494145,0.6423948220064725,0.0048543689320388,0.9925,0.7799607072691552,0.9673736443268356,0.953723922967804,73.16961749899929
DAPT_E2E,UNCERTAINTY_GLOBAL,252,REPLICATION5,0.25,1000,443,557,DOMAIN_TEMPLATE_OOD,0.01,0.8625254034996034,0.009367681498829,0.7820927723840345,0.0091693635382955,0.9884117246080436,0.8732309545317676,0.9673736443268356,0.953723922967804,73.16961749899929
DAPT_E2E,UNCERTAINTY_GLOBAL,252,REPLICATION5,0.25,1000,443,557,DOMAIN_TEMPLATE_OOD,0.02,0.0190144348889589,0.0199063231850117,0.8619201725997843,0.0242718446601941,0.9726110772976264,0.9139262224764084,0.9673736443268356,0.953723922967804,73.16961749899929
DAPT_E2E,UNCERTAINTY_GLOBAL,252,REPLICATION5,0.25,1000,443,557,IID_BALANCED,0.005,0.9976125955581666,0.0046838407494145,0.6776937618147448,0.0066162570888468,0.9903314917127072,0.8047138047138047,0.9101242256401684,0.8534185483899787,73.16961749899929
DAPT_E2E,UNCERTAINTY_GLOBAL,252,REPLICATION5,0.25,1000,443,557,IID_BALANCED,0.01,0.8625254034996034,0.009367681498829,0.7495274102079396,0.0094517958412098,0.987546699875467,0.8522299838796346,0.9101242256401684,0.8534185483899787,73.16961749899929
DAPT_E2E,UNCERTAINTY_GLOBAL,252,REPLICATION5,0.25,1000,443,557,IID_BALANCED,0.02,0.0190144348889589,0.0199063231850117,0.774102079395085,0.0179584120982986,0.977326968973747,0.8639240506329114,0.9101242256401684,0.8534185483899787,73.16961749899929
DAPT_E2E,UNCERTAINTY_GLOBAL,252,REPLICATION5,0.25,1000,443,557,IID_ORIGINAL,0.005,0.9976125955581666,0.0046838407494145,0.6776937618147448,0.0045158053186151,0.987603305785124,0.8038116591928252,0.8780978270720395,0.851713985717497,73.16961749899929
DAPT_E2E,UNCERTAINTY_GLOBAL,252,REPLICATION5,0.25,1000,443,557,IID_ORIGINAL,0.01,0.8625254034996034,0.009367681498829,0.7495274102079396,0.0090316106372303,0.9778051787916152,0.8485821294810059,0.8780978270720395,0.851713985717497,73.16961749899929
DAPT_E2E,UNCERTAINTY_GLOBAL,252,REPLICATION5,0.25,1000,443,557,IID_ORIGINAL,0.02,0.0190144348889589,0.0199063231850117,0.774102079395085,0.0185649774209734,0.9567757009345794,0.8557993730407524,0.8780978270720395,0.851713985717497,73.16961749899929
DAPT_E2E,UNCERTAINTY_GLOBAL,252,REPLICATION5,0.25,1000,443,557,TEMPLATE_OOD,0.005,0.9976125955581666,0.0046838407494145,0.7151639344262295,0.0035128805620608,0.9951120162932792,0.8322261965593596,0.9722662106292774,0.9576416035710172,73.16961749899929
DAPT_E2E,UNCERTAINTY_GLOBAL,252,REPLICATION5,0.25,1000,443,557,TEMPLATE_OOD,0.01,0.8625254034996034,0.009367681498829,0.8319672131147541,0.0076112412177985,0.9909344490934447,0.9045194143857416,0.9722662106292774,0.9576416035710172,73.16961749899929
DAPT_E2E,UNCERTAINTY_GLOBAL,252,REPLICATION5,0.25,1000,443,557,TEMPLATE_OOD,0.02,0.0190144348889589,0.0199063231850117,0.8870023419203747,0.0193208430913348,0.9786821705426356,0.9305896805896806,0.9722662106292774,0.9576416035710172,73.16961749899929
DAPT_E2E,UNCERTAINTY_GLOBAL,252,REPLICATION5,0.25,1000,443,557,TEMPORAL,0.005,0.9976125955581666,0.0046838407494145,0.7255,0.00325,0.995540308747856,0.8393347794649313,0.972304597125832,0.95740490625,73.16961749899929
DAPT_E2E,UNCERTAINTY_GLOBAL,252,REPLICATION5,0.25,1000,443,557,TEMPORAL,0.01,0.8625254034996034,0.009367681498829,0.838,0.0085,0.9899586532782044,0.907663146493366,0.972304597125832,0.95740490625,73.16961749899929
DAPT_E2E,UNCERTAINTY_GLOBAL,252,REPLICATION5,0.25,1000,443,557,TEMPORAL,0.02,0.0190144348889589,0.0199063231850117,0.89,0.0215,0.9764125068568296,0.9312058592728224,0.972304597125832,0.95740490625,73.16961749899929
DAPT_E2E,UNCERTAINTY_GLOBAL,262,REPLICATION5,0.25,1000,502,498,DOMAIN_OOD,0.005,0.999293088912964,0.0046838407494145,0.2731985484707102,0.0015552099533437,0.9943396226415094,0.428629524196828,0.9635316795813076,0.9567267600652614,73.15139330600141
DAPT_E2E,UNCERTAINTY_GLOBAL,262,REPLICATION5,0.25,1000,502,498,DOMAIN_OOD,0.01,0.99903404712677,0.009367681498829,0.4821150855365474,0.0036288232244686,0.992529348986126,0.6489881367759944,0.9635316795813076,0.9567267600652614,73.15139330600141
DAPT_E2E,UNCERTAINTY_GLOBAL,262,REPLICATION5,0.25,1000,502,498,DOMAIN_OOD,0.02,0.7174080014228822,0.0199063231850117,0.7651632970451011,0.0217729393468118,0.9723320158102768,0.856396866840731,0.9635316795813076,0.9567267600652614,73.15139330600141
DAPT_E2E,UNCERTAINTY_GLOBAL,262,REPLICATION5,0.25,1000,502,498,DOMAIN_TEMPLATE_OOD,0.005,0.999293088912964,0.0046838407494145,0.2772384034519957,0.0010787486515641,0.996124031007752,0.4337552742616034,0.9612110736266322,0.9531292729559924,73.15139330600141
DAPT_E2E,UNCERTAINTY_GLOBAL,262,REPLICATION5,0.25,1000,502,498,DOMAIN_TEMPLATE_OOD,0.01,0.99903404712677,0.009367681498829,0.459007551240561,0.0032362459546925,0.9929988331388564,0.6278126152711176,0.9612110736266322,0.9531292729559924,73.15139330600141
DAPT_E2E,UNCERTAINTY_GLOBAL,262,REPLICATION5,0.25,1000,502,498,DOMAIN_TEMPLATE_OOD,0.02,0.7174080014228822,0.0199063231850117,0.7389428263214671,0.0199568500539374,0.9737029140014216,0.8402330573443729,0.9612110736266322,0.9531292729559924,73.15139330600141
DAPT_E2E,UNCERTAINTY_GLOBAL,262,REPLICATION5,0.25,1000,502,498,IID_BALANCED,0.005,0.999293088912964,0.0046838407494145,0.5255198487712666,0.0132325141776937,0.975438596491228,0.683046683046683,0.9185891697417148,0.8987545606254981,73.15139330600141
DAPT_E2E,UNCERTAINTY_GLOBAL,262,REPLICATION5,0.25,1000,502,498,IID_BALANCED,0.01,0.99903404712677,0.009367681498829,0.6408317580340265,0.0160680529300567,0.9755395683453236,0.773531089560753,0.9185891697417148,0.8987545606254981,73.15139330600141
DAPT_E2E,UNCERTAINTY_GLOBAL,262,REPLICATION5,0.25,1000,502,498,IID_BALANCED,0.02,0.7174080014228822,0.0199063231850117,0.7448015122873346,0.0283553875236294,0.9633251833740832,0.8400852878464818,0.9185891697417148,0.8987545606254981,73.15139330600141
DAPT_E2E,UNCERTAINTY_GLOBAL,262,REPLICATION5,0.25,1000,502,498,IID_ORIGINAL,0.005,0.999293088912964,0.0046838407494145,0.5255198487712666,0.0105368790767686,0.9636048526863084,0.6801223241590214,0.8816547407570453,0.8989542320617435,73.15139330600141
DAPT_E2E,UNCERTAINTY_GLOBAL,262,REPLICATION5,0.25,1000,502,498,IID_ORIGINAL,0.01,0.99903404712677,0.009367681498829,0.6408317580340265,0.0130456598093326,0.9630681818181818,0.7695800227014756,0.8816547407570453,0.8989542320617435,73.15139330600141
DAPT_E2E,UNCERTAINTY_GLOBAL,262,REPLICATION5,0.25,1000,502,498,IID_ORIGINAL,0.02,0.7174080014228822,0.0199063231850117,0.7448015122873346,0.0270948319116909,0.9358669833729216,0.8294736842105264,0.8816547407570453,0.8989542320617435,73.15139330600141
DAPT_E2E,UNCERTAINTY_GLOBAL,262,REPLICATION5,0.25,1000,502,498,TEMPLATE_OOD,0.005,0.999293088912964,0.0046838407494145,0.3992974238875878,0.0043911007025761,0.9891225525743292,0.5689259645464025,0.9643201716286468,0.9598545075111476,73.15139330600141
DAPT_E2E,UNCERTAINTY_GLOBAL,262,REPLICATION5,0.25,1000,502,498,TEMPLATE_OOD,0.01,0.99903404712677,0.009367681498829,0.569672131147541,0.0084894613583138,0.9853164556962024,0.7219439807085883,0.9643201716286468,0.9598545075111476,73.15139330600141
DAPT_E2E,UNCERTAINTY_GLOBAL,262,REPLICATION5,0.25,1000,502,498,TEMPLATE_OOD,0.02,0.7174080014228822,0.0199063231850117,0.7953747072599532,0.0234192037470726,0.9713979263496604,0.8746177370030581,0.9643201716286468,0.9598545075111476,73.15139330600141
DAPT_E2E,UNCERTAINTY_GLOBAL,262,REPLICATION5,0.25,1000,502,498,TEMPORAL,0.005,0.999293088912964,0.0046838407494145,0.405,0.007,0.983009708737864,0.5736543909348442,0.9610132242186304,0.95736396875,73.15139330600141
DAPT_E2E,UNCERTAINTY_GLOBAL,262,REPLICATION5,0.25,1000,502,498,TEMPORAL,0.01,0.99903404712677,0.009367681498829,0.5855,0.01075,0.9819706498951782,0.7335943617854346,0.9610132242186304,0.95736396875,73.15139330600141
DAPT_E2E,UNCERTAINTY_GLOBAL,262,REPLICATION5,0.25,1000,502,498,TEMPORAL,0.02,0.7174080014228822,0.0199063231850117,0.80775,0.026,0.968815592203898,0.8809815950920246,0.9610132242186304,0.95736396875,73.15139330600141
DAPT_E2E,UNCERTAINTY_GLOBAL,272,REPLICATION5,0.25,1000,464,536,DOMAIN_OOD,0.005,0.9966885447502136,0.0046838407494145,0.6951788491446346,0.0041472265422498,0.994069681245367,0.8181818181818182,0.969755748496932,0.9589836553803088,73.07767365199834
DAPT_E2E,UNCERTAINTY_GLOBAL,272,REPLICATION5,0.25,1000,464,536,DOMAIN_OOD,0.01,0.7897205948829652,0.009367681498829,0.8164852255054432,0.0098496630378434,0.9880803011292346,0.8941243258586432,0.969755748496932,0.9589836553803088,73.07767365199834
DAPT_E2E,UNCERTAINTY_GLOBAL,272,REPLICATION5,0.25,1000,464,536,DOMAIN_OOD,0.02,0.019870713353157,0.0199063231850117,0.8729911871435977,0.0233281493001555,0.9739733950260266,0.9207217058501912,0.969755748496932,0.9589836553803088,73.07767365199834
DAPT_E2E,UNCERTAINTY_GLOBAL,272,REPLICATION5,0.25,1000,464,536,DOMAIN_TEMPLATE_OOD,0.005,0.9966885447502136,0.0046838407494145,0.6758360302049622,0.0037756202804746,0.9944444444444444,0.804752729608221,0.968199887058318,0.9565749846682702,73.07767365199834
DAPT_E2E,UNCERTAINTY_GLOBAL,272,REPLICATION5,0.25,1000,464,536,DOMAIN_TEMPLATE_OOD,0.01,0.7897205948829652,0.009367681498829,0.8096008629989212,0.0091693635382955,0.9888010540184452,0.8902728351126927,0.968199887058318,0.9565749846682702,73.07767365199834
DAPT_E2E,UNCERTAINTY_GLOBAL,272,REPLICATION5,0.25,1000,464,536,DOMAIN_TEMPLATE_OOD,0.02,0.019870713353157,0.0199063231850117,0.8689320388349514,0.0221143473570658,0.975181598062954,0.9189960068454078,0.968199887058318,0.9565749846682702,73.07767365199834
DAPT_E2E,UNCERTAINTY_GLOBAL,272,REPLICATION5,0.25,1000,464,536,IID_BALANCED,0.005,0.9966885447502136,0.0046838407494145,0.6909262759924386,0.0094517958412098,0.9865047233468286,0.8126737076153419,0.9240699800823304,0.888274055624444,73.07767365199834
DAPT_E2E,UNCERTAINTY_GLOBAL,272,REPLICATION5,0.25,1000,464,536,IID_BALANCED,0.01,0.7897205948829652,0.009367681498829,0.7476370510396976,0.0132325141776937,0.982608695652174,0.8491680085882984,0.9240699800823304,0.888274055624444,73.07767365199834
DAPT_E2E,UNCERTAINTY_GLOBAL,272,REPLICATION5,0.25,1000,464,536,IID_BALANCED,0.02,0.019870713353157,0.0199063231850117,0.7693761814744802,0.0217391304347826,0.972520908004779,0.8591029023746701,0.9240699800823304,0.888274055624444,73.07767365199834
DAPT_E2E,UNCERTAINTY_GLOBAL,272,REPLICATION5,0.25,1000,464,536,IID_ORIGINAL,0.005,0.9966885447502136,0.0046838407494145,0.6909262759924386,0.0055193176116407,0.9851752021563344,0.8122222222222222,0.8944853016994493,0.8878017769186483,73.07767365199834
DAPT_E2E,UNCERTAINTY_GLOBAL,272,REPLICATION5,0.25,1000,464,536,IID_ORIGINAL,0.01,0.7897205948829652,0.009367681498829,0.7476370510396976,0.0105368790767686,0.9741379310344828,0.8459893048128342,0.8944853016994493,0.8878017769186483,73.07767365199834
DAPT_E2E,UNCERTAINTY_GLOBAL,272,REPLICATION5,0.25,1000,464,536,IID_ORIGINAL,0.02,0.019870713353157,0.0199063231850117,0.7693761814744802,0.0185649774209734,0.9565217391304348,0.8528025144054479,0.8944853016994493,0.8878017769186483,73.07767365199834
DAPT_E2E,UNCERTAINTY_GLOBAL,272,REPLICATION5,0.25,1000,464,536,TEMPLATE_OOD,0.005,0.9966885447502136,0.0046838407494145,0.7423887587822015,0.0043911007025761,0.9941199529596236,0.8500083794201442,0.9714331116413706,0.9594758136390812,73.07767365199834
DAPT_E2E,UNCERTAINTY_GLOBAL,272,REPLICATION5,0.25,1000,464,536,TEMPLATE_OOD,0.01,0.7897205948829652,0.009367681498829,0.8451405152224825,0.0087822014051522,0.9897154610901612,0.9117321964313913,0.9714331116413706,0.9594758136390812,73.07767365199834
DAPT_E2E,UNCERTAINTY_GLOBAL,272,REPLICATION5,0.25,1000,464,536,TEMPLATE_OOD,0.02,0.019870713353157,0.0199063231850117,0.8896370023419203,0.0166861826697892,0.9815891472868216,0.9333538083538084,0.9714331116413706,0.9594758136390812,73.07767365199834
DAPT_E2E,UNCERTAINTY_GLOBAL,272,REPLICATION5,0.25,1000,464,536,TEMPORAL,0.005,0.9966885447502136,0.0046838407494145,0.747,0.0045,0.994011976047904,0.8529831572937482,0.9716853125218028,0.95916840625,73.07767365199834
DAPT_E2E,UNCERTAINTY_GLOBAL,272,REPLICATION5,0.25,1000,464,536,TEMPORAL,0.01,0.7897205948829652,0.009367681498829,0.847,0.00875,0.9897750511247444,0.9128384750101036,0.9716853125218028,0.95916840625,73.07767365199834
DAPT_E2E,UNCERTAINTY_GLOBAL,272,REPLICATION5,0.25,1000,464,536,TEMPORAL,0.02,0.019870713353157,0.0199063231850117,0.89175,0.0175,0.980753368160572,0.934136441010868,0.9716853125218028,0.95916840625,73.07767365199834
DAPT_E2E,UNCERTAINTY_GLOBAL,282,REPLICATION5,0.25,1000,508,492,DOMAIN_OOD,0.005,0.9967206120491028,0.0046838407494145,0.7522032141005702,0.0041472265422498,0.9945167923235092,0.8565525383707202,0.9737175401627204,0.9601341398818236,73.18300403199828
DAPT_E2E,UNCERTAINTY_GLOBAL,282,REPLICATION5,0.25,1000,508,492,DOMAIN_OOD,0.01,0.9772625565528872,0.009367681498829,0.8278900984966304,0.0077760497667185,0.990694789081886,0.9020050833097994,0.9737175401627204,0.9601341398818236,73.18300403199828
DAPT_E2E,UNCERTAINTY_GLOBAL,282,REPLICATION5,0.25,1000,508,492,DOMAIN_OOD,0.02,0.0089334025979042,0.0199063231850117,0.913426645930534,0.0305857957490927,0.9676002196595276,0.9397333333333332,0.9737175401627204,0.9601341398818236,73.18300403199828
DAPT_E2E,UNCERTAINTY_GLOBAL,282,REPLICATION5,0.25,1000,508,492,DOMAIN_TEMPLATE_OOD,0.005,0.9967206120491028,0.0046838407494145,0.7330097087378641,0.0026968716289104,0.99633431085044,0.8446239900559354,0.9726284978593892,0.9578617444541032,73.18300403199828
DAPT_E2E,UNCERTAINTY_GLOBAL,282,REPLICATION5,0.25,1000,508,492,DOMAIN_TEMPLATE_OOD,0.01,0.9772625565528872,0.009367681498829,0.813915857605178,0.0064724919093851,0.9921104536489151,0.8942222222222223,0.9726284978593892,0.9578617444541032,73.18300403199828
DAPT_E2E,UNCERTAINTY_GLOBAL,282,REPLICATION5,0.25,1000,508,492,DOMAIN_TEMPLATE_OOD,0.02,0.0089334025979042,0.0199063231850117,0.9056094929881338,0.0285868392664509,0.9693995381062356,0.9364194088120468,0.9726284978593892,0.9578617444541032,73.18300403199828
DAPT_E2E,UNCERTAINTY_GLOBAL,282,REPLICATION5,0.25,1000,508,492,IID_BALANCED,0.005,0.9967206120491028,0.0046838407494145,0.6814744801512287,0.0075614366729678,0.9890260631001372,0.8069390039171797,0.919867156965284,0.8800376821123422,73.18300403199828
DAPT_E2E,UNCERTAINTY_GLOBAL,282,REPLICATION5,0.25,1000,508,492,IID_BALANCED,0.01,0.9772625565528872,0.009367681498829,0.7325141776937618,0.0103969754253308,0.986005089058524,0.8405639913232104,0.919867156965284,0.8800376821123422,73.18300403199828
DAPT_E2E,UNCERTAINTY_GLOBAL,282,REPLICATION5,0.25,1000,508,492,IID_BALANCED,0.02,0.0089334025979042,0.0199063231850117,0.7901701323251418,0.0255198487712665,0.9687137891077636,0.8703800104112441,0.919867156965284,0.8800376821123422,73.18300403199828
DAPT_E2E,UNCERTAINTY_GLOBAL,282,REPLICATION5,0.25,1000,508,492,IID_ORIGINAL,0.005,0.9967206120491028,0.0046838407494145,0.6814744801512287,0.0060210737581535,0.9836289222373806,0.8051367950865438,0.8907730764709842,0.8812165831829172,73.18300403199828
DAPT_E2E,UNCERTAINTY_GLOBAL,282,REPLICATION5,0.25,1000,508,492,IID_ORIGINAL,0.01,0.9772625565528872,0.009367681498829,0.7325141776937618,0.0085298544907175,0.9785353535353536,0.8378378378378378,0.8907730764709842,0.8812165831829172,73.18300403199828
DAPT_E2E,UNCERTAINTY_GLOBAL,282,REPLICATION5,0.25,1000,508,492,IID_ORIGINAL,0.02,0.0089334025979042,0.0199063231850117,0.7901701323251418,0.0270948319116909,0.9393258426966292,0.8583162217659137,0.8907730764709842,0.8812165831829172,73.18300403199828
DAPT_E2E,UNCERTAINTY_GLOBAL,282,REPLICATION5,0.25,1000,508,492,TEMPLATE_OOD,0.005,0.9967206120491028,0.0046838407494145,0.7877634660421545,0.0038056206088992,0.9951923076923076,0.8794117647058823,0.9737353466008358,0.9594622735549474,73.18300403199828
DAPT_E2E,UNCERTAINTY_GLOBAL,282,REPLICATION5,0.25,1000,508,492,TEMPLATE_OOD,0.01,0.9772625565528872,0.009367681498829,0.8515807962529274,0.0064402810304449,0.9924940293415216,0.9166535371041435,0.9737353466008358,0.9594622735549474,73.18300403199828
DAPT_E2E,UNCERTAINTY_GLOBAL,282,REPLICATION5,0.25,1000,508,492,TEMPLATE_OOD,0.02,0.0089334025979042,0.0199063231850117,0.9183255269320844,0.0222482435597189,0.9763460939931528,0.9464474279680192,0.9737353466008358,0.9594622735549474,73.18300403199828
DAPT_E2E,UNCERTAINTY_GLOBAL,282,REPLICATION5,0.25,1000,508,492,TEMPORAL,0.005,0.9967206120491028,0.0046838407494145,0.7945,0.005,0.9937460913070668,0.883023061961656,0.973645634559208,0.959198875,73.18300403199828
DAPT_E2E,UNCERTAINTY_GLOBAL,282,REPLICATION5,0.25,1000,508,492,TEMPORAL,0.01,0.9772625565528872,0.009367681498829,0.85575,0.0075,0.9913119026933102,0.918556286059305,0.973645634559208,0.959198875,73.18300403199828
DAPT_E2E,UNCERTAINTY_GLOBAL,282,REPLICATION5,0.25,1000,508,492,TEMPORAL,0.02,0.0089334025979042,0.0199063231850117,0.9195,0.0235,0.9750795334040296,0.9464745239320638,0.973645634559208,0.959198875,73.18300403199828
