representation,classifier,seed,label_budget,scenario,n_test,target_fpr,threshold,calibration_empirical_fpr,average_precision,roc_auc,precision,recall,f1,empirical_fpr,tp,fp,tn,fn,prevalence_phish
BASE,LOGREG,42,0.1,IID_BALANCED,2116,0.005,0.9933828711509706,0.00468384074941452,0.9037980924555247,0.8915509164132489,0.9891696750902527,0.2589792060491493,0.41048689138576777,0.002835538752362949,274,3,1055,784,0.5
BASE,LOGREG,42,0.1,TEMPORAL,2116,0.005,0.9933828711509706,0.00468384074941452,0.9125575354570317,0.9069882540442609,0.9789473684210527,0.17580340264650285,0.2980769230769231,0.003780718336483932,186,4,1054,872,0.5
BASE,LOGREG,42,0.1,DOMAIN_OOD,2116,0.005,0.9933828711509706,0.00468384074941452,0.8872050860421479,0.8882990698289387,0.9831932773109243,0.11058601134215501,0.1988105352591334,0.001890359168241966,117,2,1056,941,0.5
BASE,LOGREG,42,0.1,TEMPLATE_OOD,2116,0.005,0.9933828711509706,0.00468384074941452,0.9094846379028645,0.9023865337816832,0.9883040935672515,0.15973534971644612,0.27502034174125306,0.001890359168241966,169,2,1056,889,0.5
BASE,LOGREG,42,0.1,DOMAIN_TEMPLATE_OOD,2116,0.005,0.9933828711509706,0.00468384074941452,0.8804328071886078,0.8754176478786168,0.9826086956521739,0.10680529300567108,0.1926683716965047,0.001890359168241966,113,2,1056,945,0.5
BASE,LOGREG,42,0.1,IID_BALANCED,2116,0.01,0.9837507009506227,0.00936768149882904,0.9037980924555247,0.8915509164132489,0.9896373056994818,0.3610586011342155,0.5290858725761773,0.003780718336483932,382,4,1054,676,0.5
BASE,LOGREG,42,0.1,TEMPORAL,2116,0.01,0.9837507009506227,0.00936768149882904,0.9125575354570317,0.9069882540442609,0.985239852398524,0.2523629489603025,0.4018058690744921,0.003780718336483932,267,4,1054,791,0.5
BASE,LOGREG,42,0.1,DOMAIN_OOD,2116,0.01,0.9837507009506227,0.00936768149882904,0.8872050860421479,0.8882990698289387,0.9787234042553191,0.17391304347826086,0.2953451043338684,0.003780718336483932,184,4,1054,874,0.5
BASE,LOGREG,42,0.1,TEMPLATE_OOD,2116,0.01,0.9837507009506227,0.00936768149882904,0.9094846379028645,0.9023865337816832,0.9800796812749004,0.23251417769376181,0.3758594346829641,0.004725897920604915,246,5,1053,812,0.5
BASE,LOGREG,42,0.1,DOMAIN_TEMPLATE_OOD,2116,0.01,0.9837507009506227,0.00936768149882904,0.8804328071886078,0.8754176478786168,0.9719101123595506,0.16351606805293006,0.27993527508090615,0.004725897920604915,173,5,1053,885,0.5
BASE,LOGREG,42,0.1,IID_BALANCED,2116,0.02,0.9305425882339479,0.01990632318501171,0.9037980924555247,0.8915509164132489,0.967680608365019,0.4810964083175803,0.6426767676767676,0.01606805293005671,509,17,1041,549,0.5
BASE,LOGREG,42,0.1,TEMPORAL,2116,0.02,0.9305425882339479,0.01990632318501171,0.9125575354570317,0.9069882540442609,0.9588744588744589,0.41871455576559546,0.5828947368421052,0.017958412098298678,443,19,1039,615,0.5
BASE,LOGREG,42,0.1,DOMAIN_OOD,2116,0.02,0.9305425882339479,0.01990632318501171,0.8872050860421479,0.8882990698289387,0.9302949061662198,0.3279773156899811,0.48497554157931516,0.024574669187145556,347,26,1032,711,0.5
BASE,LOGREG,42,0.1,TEMPLATE_OOD,2116,0.02,0.9305425882339479,0.01990632318501171,0.9094846379028645,0.9023865337816832,0.9527027027027027,0.3998109640831758,0.563249001331558,0.01984877126654064,423,21,1037,635,0.5
BASE,LOGREG,42,0.1,DOMAIN_TEMPLATE_OOD,2116,0.02,0.9305425882339479,0.01990632318501171,0.8804328071886078,0.8754176478786168,0.9361111111111111,0.31852551984877125,0.47531734837799716,0.021739130434782608,337,23,1035,721,0.5
BASE,XGBOOST,42,0.1,IID_BALANCED,2116,0.005,0.9927988052368165,0.00468384074941452,0.8671597506491449,0.8762824246625762,0.9385964912280702,0.10113421550094517,0.1825938566552901,0.006616257088846881,107,7,1051,951,0.5
BASE,XGBOOST,42,0.1,TEMPORAL,2116,0.005,0.9927988052368165,0.00468384074941452,0.8910007320040991,0.887456627156135,0.9655172413793104,0.18525519848771266,0.31086439333862015,0.006616257088846881,196,7,1051,862,0.5
BASE,XGBOOST,42,0.1,DOMAIN_OOD,2116,0.005,0.9927988052368165,0.00468384074941452,0.8628956960908192,0.8634760453257385,1.0,0.07655954631379962,0.14223002633889376,0.0,81,0,1058,977,0.5
BASE,XGBOOST,42,0.1,TEMPLATE_OOD,2116,0.005,0.9927988052368165,0.00468384074941452,0.8833813566606079,0.8745993260458615,0.9944444444444445,0.16918714555765596,0.28917609046849757,0.000945179584120983,179,1,1057,879,0.5
BASE,XGBOOST,42,0.1,DOMAIN_TEMPLATE_OOD,2116,0.005,0.9927988052368165,0.00468384074941452,0.8491207548920585,0.850692893464503,0.9861111111111112,0.0671077504725898,0.1256637168141593,0.000945179584120983,71,1,1057,987,0.5
BASE,XGBOOST,42,0.1,IID_BALANCED,2116,0.01,0.9896691441535951,0.00936768149882904,0.8671597506491449,0.8762824246625762,0.9391891891891891,0.13137996219281664,0.23051409618573798,0.008506616257088847,139,9,1049,919,0.5
BASE,XGBOOST,42,0.1,TEMPORAL,2116,0.01,0.9896691441535951,0.00936768149882904,0.8910007320040991,0.887456627156135,0.9625,0.21833648393194707,0.3559322033898305,0.008506616257088847,231,9,1049,827,0.5
BASE,XGBOOST,42,0.1,DOMAIN_OOD,2116,0.01,0.9896691441535951,0.00936768149882904,0.8628956960908192,0.8634760453257385,0.9557522123893806,0.10207939508506617,0.18445772843723313,0.004725897920604915,108,5,1053,950,0.5
BASE,XGBOOST,42,0.1,TEMPLATE_OOD,2116,0.01,0.9896691441535951,0.00936768149882904,0.8833813566606079,0.8745993260458615,0.9822222222222222,0.20888468809073724,0.34450506625097427,0.003780718336483932,221,4,1054,837,0.5
BASE,XGBOOST,42,0.1,DOMAIN_TEMPLATE_OOD,2116,0.01,0.9896691441535951,0.00936768149882904,0.8491207548920585,0.850692893464503,0.9504950495049505,0.09073724007561437,0.16566005176876616,0.004725897920604915,96,5,1053,962,0.5
BASE,XGBOOST,42,0.1,IID_BALANCED,2116,0.02,0.9622293710708619,0.01990632318501171,0.8671597506491449,0.8762824246625762,0.9314720812182741,0.34688090737240074,0.5055096418732782,0.02551984877126654,367,27,1031,691,0.5
BASE,XGBOOST,42,0.1,TEMPORAL,2116,0.02,0.9622293710708619,0.01990632318501171,0.8910007320040991,0.887456627156135,0.9489795918367347,0.3516068052930057,0.5131034482758621,0.01890359168241966,372,20,1038,686,0.5
BASE,XGBOOST,42,0.1,DOMAIN_OOD,2116,0.02,0.9622293710708619,0.01990632318501171,0.8628956960908192,0.8634760453257385,0.9377431906614786,0.2277882797731569,0.3665399239543726,0.015122873345935728,241,16,1042,817,0.5
BASE,XGBOOST,42,0.1,TEMPLATE_OOD,2116,0.02,0.9622293710708619,0.01990632318501171,0.8833813566606079,0.8745993260458615,0.9501385041551247,0.32419659735349715,0.4834390415785765,0.017013232514177693,343,18,1040,715,0.5
BASE,XGBOOST,42,0.1,DOMAIN_TEMPLATE_OOD,2116,0.02,0.9622293710708619,0.01990632318501171,0.8491207548920585,0.850692893464503,0.9288702928870293,0.20982986767485823,0.34232845026985353,0.01606805293005671,222,17,1041,836,0.5
BASE,MLP,42,0.1,IID_BALANCED,2116,0.005,0.9951568245887757,0.00468384074941452,0.9020461070448695,0.8933045908212164,0.9809782608695652,0.34120982986767484,0.5063113604488079,0.006616257088846881,361,7,1051,697,0.5
BASE,MLP,42,0.1,TEMPORAL,2116,0.005,0.9951568245887757,0.00468384074941452,0.9024334412910447,0.8943444670366386,0.9641791044776119,0.3052930056710775,0.4637473079684135,0.011342155009451797,323,12,1046,735,0.5
BASE,MLP,42,0.1,DOMAIN_OOD,2116,0.005,0.9951568245887757,0.00468384074941452,0.8714965722052502,0.8693802909509328,0.961352657004831,0.1880907372400756,0.31462450592885377,0.007561436672967864,199,8,1050,859,0.5
BASE,MLP,42,0.1,TEMPLATE_OOD,2116,0.005,0.9951568245887757,0.00468384074941452,0.8954820574770284,0.8859423744197599,0.9707792207792207,0.2826086956521739,0.4377745241581259,0.008506616257088847,299,9,1049,759,0.5
BASE,MLP,42,0.1,DOMAIN_TEMPLATE_OOD,2116,0.005,0.9951568245887757,0.00468384074941452,0.8623621470962458,0.8559217555683405,0.9685863874345549,0.17485822306238186,0.2962369895916733,0.005671077504725898,185,6,1052,873,0.5
BASE,MLP,42,0.1,IID_BALANCED,2116,0.01,0.9860240221023561,0.00936768149882904,0.9020461070448695,0.8933045908212164,0.9713024282560706,0.4158790170132325,0.5823957643944407,0.012287334593572778,440,13,1045,618,0.5
BASE,MLP,42,0.1,TEMPORAL,2116,0.01,0.9860240221023561,0.00936768149882904,0.9024334412910447,0.8943444670366386,0.9603960396039604,0.3667296786389414,0.53077975376197,0.015122873345935728,388,16,1042,670,0.5
BASE,MLP,42,0.1,DOMAIN_OOD,2116,0.01,0.9860240221023561,0.00936768149882904,0.8714965722052502,0.8693802909509328,0.935251798561151,0.24574669187145556,0.38922155688622756,0.017013232514177693,260,18,1040,798,0.5
BASE,MLP,42,0.1,TEMPLATE_OOD,2116,0.01,0.9860240221023561,0.00936768149882904,0.8954820574770284,0.8859423744197599,0.9552631578947368,0.3431001890359168,0.5048678720445062,0.01606805293005671,363,17,1041,695,0.5
BASE,MLP,42,0.1,DOMAIN_TEMPLATE_OOD,2116,0.01,0.9860240221023561,0.00936768149882904,0.8623621470962458,0.8559217555683405,0.9420849420849421,0.23062381852551986,0.3705391040242976,0.014177693761814745,244,15,1043,814,0.5
BASE,MLP,42,0.1,IID_BALANCED,2116,0.02,0.9409886598587037,0.01990632318501171,0.9020461070448695,0.8933045908212164,0.945750452079566,0.4943289224952741,0.6492861576660459,0.02835538752362949,523,30,1028,535,0.5
BASE,MLP,42,0.1,TEMPORAL,2116,0.02,0.9409886598587037,0.01990632318501171,0.9024334412910447,0.8943444670366386,0.949343339587242,0.4782608695652174,0.6360779384035198,0.02551984877126654,506,27,1031,552,0.5
BASE,MLP,42,0.1,DOMAIN_OOD,2116,0.02,0.9409886598587037,0.01990632318501171,0.8714965722052502,0.8693802909509328,0.9363636363636364,0.389413988657845,0.5500667556742324,0.026465028355387523,412,28,1030,646,0.5
BASE,MLP,42,0.1,TEMPLATE_OOD,2116,0.02,0.9409886598587037,0.01990632318501171,0.8954820574770284,0.8859423744197599,0.9477756286266924,0.46313799621928164,0.6222222222222222,0.02551984877126654,490,27,1031,568,0.5
BASE,MLP,42,0.1,DOMAIN_TEMPLATE_OOD,2116,0.02,0.9409886598587037,0.01990632318501171,0.8623621470962458,0.8559217555683405,0.9308641975308642,0.3563327032136106,0.5153793574846206,0.026465028355387523,377,28,1030,681,0.5
DAPT,LOGREG,42,0.1,IID_BALANCED,2116,0.005,0.993604600429535,0.00468384074941452,0.8911862092883179,0.8820401585185873,0.9751552795031055,0.14839319470699433,0.2575881870385562,0.003780718336483932,157,4,1054,901,0.5
DAPT,LOGREG,42,0.1,TEMPORAL,2116,0.005,0.993604600429535,0.00468384074941452,0.9059265053230412,0.8955219213767819,0.9779735682819384,0.20982986767485823,0.34552529182879377,0.004725897920604915,222,5,1053,836,0.5
DAPT,LOGREG,42,0.1,DOMAIN_OOD,2116,0.005,0.993604600429535,0.00468384074941452,0.896152414665593,0.8861630354379808,0.9865771812080537,0.1389413988657845,0.2435791217895609,0.001890359168241966,147,2,1056,911,0.5
DAPT,LOGREG,42,0.1,TEMPLATE_OOD,2116,0.005,0.993604600429535,0.00468384074941452,0.9092236869448018,0.8972371811135609,0.9803921568627451,0.1890359168241966,0.31695721077654515,0.003780718336483932,200,4,1054,858,0.5
DAPT,LOGREG,42,0.1,DOMAIN_TEMPLATE_OOD,2116,0.005,0.993604600429535,0.00468384074941452,0.8726352044592993,0.8640049170779122,0.9626865671641791,0.1219281663516068,0.21644295302013422,0.004725897920604915,129,5,1053,929,0.5
DAPT,LOGREG,42,0.1,IID_BALANCED,2116,0.01,0.9579655528068544,0.00936768149882904,0.8911862092883179,0.8820401585185873,0.9631336405529954,0.3950850661625709,0.5603217158176944,0.015122873345935728,418,16,1042,640,0.5
DAPT,LOGREG,42,0.1,TEMPORAL,2116,0.01,0.9579655528068544,0.00936768149882904,0.9059265053230412,0.8955219213767819,0.9856459330143541,0.389413988657845,0.5582655826558266,0.005671077504725898,412,6,1052,646,0.5
DAPT,LOGREG,42,0.1,DOMAIN_OOD,2116,0.01,0.9579655528068544,0.00936768149882904,0.896152414665593,0.8861630354379808,0.9805194805194806,0.28544423440453687,0.44216691068814057,0.005671077504725898,302,6,1052,756,0.5
DAPT,LOGREG,42,0.1,TEMPLATE_OOD,2116,0.01,0.9579655528068544,0.00936768149882904,0.9092236869448018,0.8972371811135609,0.982051282051282,0.3620037807183365,0.5290055248618785,0.006616257088846881,383,7,1051,675,0.5
DAPT,LOGREG,42,0.1,DOMAIN_TEMPLATE_OOD,2116,0.01,0.9579655528068544,0.00936768149882904,0.8726352044592993,0.8640049170779122,0.9735849056603774,0.2438563327032136,0.3900226757369615,0.006616257088846881,258,7,1051,800,0.5
DAPT,LOGREG,42,0.1,IID_BALANCED,2116,0.02,0.913230061531067,0.01990632318501171,0.8911862092883179,0.8820401585185873,0.9467140319715808,0.503780718336484,0.6576187538556446,0.02835538752362949,533,30,1028,525,0.5
DAPT,LOGREG,42,0.1,TEMPORAL,2116,0.02,0.913230061531067,0.01990632318501171,0.9059265053230412,0.8955219213767819,0.977859778597786,0.500945179584121,0.6625,0.011342155009451797,530,12,1046,528,0.5
DAPT,LOGREG,42,0.1,DOMAIN_OOD,2116,0.02,0.913230061531067,0.01990632318501171,0.896152414665593,0.8861630354379808,0.9669811320754716,0.387523629489603,0.553306342780027,0.013232514177693762,410,14,1044,648,0.5
DAPT,LOGREG,42,0.1,TEMPLATE_OOD,2116,0.02,0.913230061531067,0.01990632318501171,0.9092236869448018,0.8972371811135609,0.9721669980119284,0.4621928166351607,0.6265214606021781,0.013232514177693762,489,14,1044,569,0.5
DAPT,LOGREG,42,0.1,DOMAIN_TEMPLATE_OOD,2116,0.02,0.913230061531067,0.01990632318501171,0.8726352044592993,0.8640049170779122,0.9585492227979274,0.3497164461247637,0.5124653739612188,0.015122873345935728,370,16,1042,688,0.5
DAPT,XGBOOST,42,0.1,IID_BALANCED,2116,0.005,0.9880515336990358,0.00468384074941452,0.8689512930357273,0.8616884230688141,0.9754098360655737,0.22495274102079396,0.3655913978494624,0.005671077504725898,238,6,1052,820,0.5
DAPT,XGBOOST,42,0.1,TEMPORAL,2116,0.005,0.9880515336990358,0.00468384074941452,0.8768491570739627,0.8700699683034294,0.984251968503937,0.23629489603024575,0.38109756097560976,0.003780718336483932,250,4,1054,808,0.5
DAPT,XGBOOST,42,0.1,DOMAIN_OOD,2116,0.005,0.9880515336990358,0.00468384074941452,0.8578537098002815,0.8535668468880542,0.9813664596273292,0.14933837429111532,0.25922887612797374,0.002835538752362949,158,3,1055,900,0.5
DAPT,XGBOOST,42,0.1,TEMPLATE_OOD,2116,0.005,0.9880515336990358,0.00468384074941452,0.8764508130267252,0.8675569341161589,0.9829059829059829,0.21739130434782608,0.3560371517027864,0.003780718336483932,230,4,1054,828,0.5
DAPT,XGBOOST,42,0.1,DOMAIN_TEMPLATE_OOD,2116,0.005,0.9880515336990358,0.00468384074941452,0.8361195082406812,0.8335921112345939,0.9696969696969697,0.12098298676748583,0.21512605042016808,0.003780718336483932,128,4,1054,930,0.5
DAPT,XGBOOST,42,0.1,IID_BALANCED,2116,0.01,0.979153871536255,0.00936768149882904,0.8689512930357273,0.8616884230688141,0.9515669515669516,0.31568998109640833,0.4740951029098652,0.01606805293005671,334,17,1041,724,0.5
DAPT,XGBOOST,42,0.1,TEMPORAL,2116,0.01,0.979153871536255,0.00936768149882904,0.8768491570739627,0.8700699683034294,0.9540983606557377,0.27504725897920607,0.42699926632428464,0.013232514177693762,291,14,1044,767,0.5
DAPT,XGBOOST,42,0.1,DOMAIN_OOD,2116,0.01,0.979153871536255,0.00936768149882904,0.8578537098002815,0.8535668468880542,0.9655172413793104,0.18525519848771266,0.31086439333862015,0.006616257088846881,196,7,1051,862,0.5
DAPT,XGBOOST,42,0.1,TEMPLATE_OOD,2116,0.01,0.979153871536255,0.00936768149882904,0.8764508130267252,0.8675569341161589,0.9615384615384616,0.2599243856332703,0.40922619047619047,0.010396975425330813,275,11,1047,783,0.5
DAPT,XGBOOST,42,0.1,DOMAIN_TEMPLATE_OOD,2116,0.01,0.979153871536255,0.00936768149882904,0.8361195082406812,0.8335921112345939,0.9470588235294117,0.15217391304347827,0.26221498371335505,0.008506616257088847,161,9,1049,897,0.5
DAPT,XGBOOST,42,0.1,IID_BALANCED,2116,0.02,0.9385442137718202,0.01990632318501171,0.8689512930357273,0.8616884230688141,0.9284294234592445,0.44139886578449905,0.598334401024984,0.034026465028355386,467,36,1022,591,0.5
DAPT,XGBOOST,42,0.1,TEMPORAL,2116,0.02,0.9385442137718202,0.01990632318501171,0.8768491570739627,0.8700699683034294,0.9380733944954128,0.38657844990548207,0.5475234270414994,0.02551984877126654,409,27,1031,649,0.5
DAPT,XGBOOST,42,0.1,DOMAIN_OOD,2116,0.02,0.9385442137718202,0.01990632318501171,0.8578537098002815,0.8535668468880542,0.9359756097560976,0.29017013232514177,0.443001443001443,0.01984877126654064,307,21,1037,751,0.5
DAPT,XGBOOST,42,0.1,TEMPLATE_OOD,2116,0.02,0.9385442137718202,0.01990632318501171,0.8764508130267252,0.8675569341161589,0.9473684210526315,0.3742911153119093,0.5365853658536586,0.020793950850661626,396,22,1036,662,0.5
DAPT,XGBOOST,42,0.1,DOMAIN_TEMPLATE_OOD,2116,0.02,0.9385442137718202,0.01990632318501171,0.8361195082406812,0.8335921112345939,0.9266666666666666,0.2627599243856333,0.40942562592047127,0.020793950850661626,278,22,1036,780,0.5
DAPT,MLP,42,0.1,IID_BALANCED,2116,0.005,0.9953033924102784,0.00468384074941452,0.8864140450923769,0.8869063146572518,0.9471698113207547,0.23724007561436672,0.3794406651549509,0.013232514177693762,251,14,1044,807,0.5
DAPT,MLP,42,0.1,TEMPORAL,2116,0.005,0.9953033924102784,0.00468384074941452,0.9000987506475151,0.8958832872952855,0.9650145772594753,0.31285444234404536,0.4725196288365453,0.011342155009451797,331,12,1046,727,0.5
DAPT,MLP,42,0.1,DOMAIN_OOD,2116,0.005,0.9953033924102784,0.00468384074941452,0.8848938921610082,0.8793019964908644,0.9751243781094527,0.18525519848771266,0.3113582208101668,0.004725897920604915,196,5,1053,862,0.5
DAPT,MLP,42,0.1,TEMPLATE_OOD,2116,0.005,0.9953033924102784,0.00468384074941452,0.9023956585680222,0.8928132403757848,0.98,0.277882797731569,0.4329896907216495,0.005671077504725898,294,6,1052,764,0.5
DAPT,MLP,42,0.1,DOMAIN_TEMPLATE_OOD,2116,0.005,0.9953033924102784,0.00468384074941452,0.8630882551422496,0.8594116837775736,0.9720670391061452,0.16446124763705103,0.2813257881972514,0.004725897920604915,174,5,1053,884,0.5
DAPT,MLP,42,0.1,IID_BALANCED,2116,0.01,0.9883024096488954,0.00936768149882904,0.8864140450923769,0.8869063146572518,0.9429429429429429,0.29678638941398866,0.45147375988497485,0.017958412098298678,314,19,1039,744,0.5
DAPT,MLP,42,0.1,TEMPORAL,2116,0.01,0.9883024096488954,0.00936768149882904,0.9000987506475151,0.8958832872952855,0.9627039627039627,0.390359168241966,0.5554808338937458,0.015122873345935728,413,16,1042,645,0.5
DAPT,MLP,42,0.1,DOMAIN_OOD,2116,0.01,0.9883024096488954,0.00936768149882904,0.8848938921610082,0.8793019964908644,0.9725085910652921,0.2674858223062382,0.4195700518902891,0.007561436672967864,283,8,1050,775,0.5
DAPT,MLP,42,0.1,TEMPLATE_OOD,2116,0.01,0.9883024096488954,0.00936768149882904,0.9023956585680222,0.8928132403757848,0.9762532981530343,0.3497164461247637,0.5149617258176757,0.008506616257088847,370,9,1049,688,0.5
DAPT,MLP,42,0.1,DOMAIN_TEMPLATE_OOD,2116,0.01,0.9883024096488954,0.00936768149882904,0.8630882551422496,0.8594116837775736,0.9609375,0.23251417769376181,0.3744292237442922,0.00945179584120983,246,10,1048,812,0.5
DAPT,MLP,42,0.1,IID_BALANCED,2116,0.02,0.9425010681152345,0.01990632318501171,0.8864140450923769,0.8869063146572518,0.9296875,0.4499054820415879,0.6063694267515923,0.034026465028355386,476,36,1022,582,0.5
DAPT,MLP,42,0.1,TEMPORAL,2116,0.02,0.9425010681152345,0.01990632318501171,0.9000987506475151,0.8958832872952855,0.9550359712230215,0.501890359168242,0.6579925650557621,0.023629489603024575,531,25,1033,527,0.5
DAPT,MLP,42,0.1,DOMAIN_OOD,2116,0.02,0.9425010681152345,0.01990632318501171,0.8848938921610082,0.8793019964908644,0.9490022172949002,0.4045368620037807,0.5672630881378397,0.021739130434782608,428,23,1035,630,0.5
DAPT,MLP,42,0.1,TEMPLATE_OOD,2116,0.02,0.9425010681152345,0.01990632318501171,0.9023956585680222,0.8928132403757848,0.9551656920077972,0.46313799621928164,0.6238064926798218,0.021739130434782608,490,23,1035,568,0.5
DAPT,MLP,42,0.1,DOMAIN_TEMPLATE_OOD,2116,0.02,0.9425010681152345,0.01990632318501171,0.8630882551422496,0.8594116837775736,0.9485861182519281,0.3487712665406427,0.5100207325501037,0.01890359168241966,369,20,1038,689,0.5
CONTRASTIVE,LOGREG,42,0.1,IID_BALANCED,2116,0.005,0.9992507696151735,0.00468384074941452,0.8435109946396964,0.8497244864047799,0.9047619047619048,0.035916824196597356,0.06909090909090909,0.003780718336483932,38,4,1054,1020,0.5
CONTRASTIVE,LOGREG,42,0.1,TEMPORAL,2116,0.005,0.9992507696151735,0.00468384074941452,0.8490202622562737,0.8467308221454326,0.9411764705882353,0.030245746691871456,0.05860805860805861,0.001890359168241966,32,2,1056,1026,0.5
CONTRASTIVE,LOGREG,42,0.1,DOMAIN_OOD,2116,0.005,0.9992507696151735,0.00468384074941452,0.8386655506945145,0.8307217312688278,1.0,0.034026465028355386,0.06581352833638025,0.0,36,0,1058,1022,0.5
CONTRASTIVE,LOGREG,42,0.1,TEMPLATE_OOD,2116,0.005,0.9992507696151735,0.00468384074941452,0.8587066703786386,0.8544655715209709,1.0,0.03969754253308128,0.07636363636363637,0.0,42,0,1058,1016,0.5
CONTRASTIVE,LOGREG,42,0.1,DOMAIN_TEMPLATE_OOD,2116,0.005,0.9992507696151735,0.00468384074941452,0.8244574958542779,0.8130152479443684,1.0,0.024574669187145556,0.04797047970479705,0.0,26,0,1058,1032,0.5
CONTRASTIVE,LOGREG,42,0.1,IID_BALANCED,2116,0.01,0.9915851354599,0.00936768149882904,0.8435109946396964,0.8497244864047799,0.9504132231404959,0.21739130434782608,0.35384615384615387,0.011342155009451797,230,12,1046,828,0.5
CONTRASTIVE,LOGREG,42,0.1,TEMPORAL,2116,0.01,0.9915851354599,0.00936768149882904,0.8490202622562737,0.8467308221454326,0.9521531100478469,0.1880907372400756,0.31412786108918705,0.00945179584120983,199,10,1048,859,0.5
CONTRASTIVE,LOGREG,42,0.1,DOMAIN_OOD,2116,0.01,0.9915851354599,0.00936768149882904,0.8386655506945145,0.8307217312688278,0.9545454545454546,0.1389413988657845,0.24257425742574257,0.006616257088846881,147,7,1051,911,0.5
CONTRASTIVE,LOGREG,42,0.1,TEMPLATE_OOD,2116,0.01,0.9915851354599,0.00936768149882904,0.8587066703786386,0.8544655715209709,0.9605911330049262,0.1843100189035917,0.30927835051546393,0.007561436672967864,195,8,1050,863,0.5
CONTRASTIVE,LOGREG,42,0.1,DOMAIN_TEMPLATE_OOD,2116,0.01,0.9915851354599,0.00936768149882904,0.8244574958542779,0.8130152479443684,0.9645390070921985,0.1285444234404537,0.2268557130942452,0.004725897920604915,136,5,1053,922,0.5
CONTRASTIVE,LOGREG,42,0.1,IID_BALANCED,2116,0.02,0.9833229184150697,0.01990632318501171,0.8435109946396964,0.8497244864047799,0.93125,0.28166351606805295,0.432510885341074,0.020793950850661626,298,22,1036,760,0.5
CONTRASTIVE,LOGREG,42,0.1,TEMPORAL,2116,0.02,0.9833229184150697,0.01990632318501171,0.8490202622562737,0.8467308221454326,0.9370860927152318,0.2674858223062382,0.4161764705882353,0.017958412098298678,283,19,1039,775,0.5
CONTRASTIVE,LOGREG,42,0.1,DOMAIN_OOD,2116,0.02,0.9833229184150697,0.01990632318501171,0.8386655506945145,0.8307217312688278,0.9330543933054394,0.2107750472589792,0.3438704703161141,0.015122873345935728,223,16,1042,835,0.5
CONTRASTIVE,LOGREG,42,0.1,TEMPLATE_OOD,2116,0.02,0.9833229184150697,0.01990632318501171,0.8587066703786386,0.8544655715209709,0.9522184300341296,0.2637051039697543,0.41302738712065135,0.013232514177693762,279,14,1044,779,0.5
CONTRASTIVE,LOGREG,42,0.1,DOMAIN_TEMPLATE_OOD,2116,0.02,0.9833229184150697,0.01990632318501171,0.8244574958542779,0.8130152479443684,0.9357798165137615,0.19281663516068054,0.31974921630094044,0.013232514177693762,204,14,1044,854,0.5
CONTRASTIVE,XGBOOST,42,0.1,IID_BALANCED,2116,0.005,0.9926748871803285,0.00468384074941452,0.8107757450371089,0.8093855081992989,0.9541284403669725,0.09829867674858223,0.17823479005998286,0.004725897920604915,104,5,1053,954,0.5
CONTRASTIVE,XGBOOST,42,0.1,TEMPORAL,2116,0.005,0.9926748871803285,0.00468384074941452,0.8319518472386367,0.8201925379054534,0.968421052631579,0.08695652173913043,0.1595836947094536,0.002835538752362949,92,3,1055,966,0.5
CONTRASTIVE,XGBOOST,42,0.1,DOMAIN_OOD,2116,0.005,0.9926748871803285,0.00468384074941452,0.8088974784526558,0.8020518794601219,0.9393939393939394,0.05860113421550094,0.1103202846975089,0.003780718336483932,62,4,1054,996,0.5
CONTRASTIVE,XGBOOST,42,0.1,TEMPLATE_OOD,2116,0.005,0.9926748871803285,0.00468384074941452,0.823850414089834,0.8223660936031533,0.9494949494949495,0.0888468809073724,0.16248919619706137,0.004725897920604915,94,5,1053,964,0.5
CONTRASTIVE,XGBOOST,42,0.1,DOMAIN_TEMPLATE_OOD,2116,0.005,0.9926748871803285,0.00468384074941452,0.7884629683160411,0.7835243942095691,0.9473684210526315,0.05103969754253308,0.0968609865470852,0.002835538752362949,54,3,1055,1004,0.5
CONTRASTIVE,XGBOOST,42,0.1,IID_BALANCED,2116,0.01,0.9845676422119142,0.00936768149882904,0.8107757450371089,0.8093855081992989,0.923469387755102,0.17107750472589792,0.2886762360446571,0.014177693761814745,181,15,1043,877,0.5
CONTRASTIVE,XGBOOST,42,0.1,TEMPORAL,2116,0.01,0.9845676422119142,0.00936768149882904,0.8319518472386367,0.8201925379054534,0.9545454545454546,0.1389413988657845,0.24257425742574257,0.006616257088846881,147,7,1051,911,0.5
CONTRASTIVE,XGBOOST,42,0.1,DOMAIN_OOD,2116,0.01,0.9845676422119142,0.00936768149882904,0.8088974784526558,0.8020518794601219,0.9212598425196851,0.11058601134215501,0.19746835443037974,0.00945179584120983,117,10,1048,941,0.5
CONTRASTIVE,XGBOOST,42,0.1,TEMPLATE_OOD,2116,0.01,0.9845676422119142,0.00936768149882904,0.823850414089834,0.8223660936031533,0.9447852760736196,0.14555765595463138,0.25225225225225223,0.008506616257088847,154,9,1049,904,0.5
CONTRASTIVE,XGBOOST,42,0.1,DOMAIN_TEMPLATE_OOD,2116,0.01,0.9845676422119142,0.00936768149882904,0.7884629683160411,0.7835243942095691,0.9306930693069307,0.0888468809073724,0.1622088006902502,0.006616257088846881,94,7,1051,964,0.5
CONTRASTIVE,XGBOOST,42,0.1,IID_BALANCED,2116,0.02,0.9740747213363649,0.01990632318501171,0.8107757450371089,0.8093855081992989,0.9272030651340997,0.22873345935727787,0.36694465504169826,0.017958412098298678,242,19,1039,816,0.5
CONTRASTIVE,XGBOOST,42,0.1,TEMPORAL,2116,0.02,0.9740747213363649,0.01990632318501171,0.8319518472386367,0.8201925379054534,0.9436619718309859,0.1899810964083176,0.3162863886703383,0.011342155009451797,201,12,1046,857,0.5
CONTRASTIVE,XGBOOST,42,0.1,DOMAIN_OOD,2116,0.02,0.9740747213363649,0.01990632318501171,0.8088974784526558,0.8020518794601219,0.9042553191489362,0.16068052930056712,0.27287319422150885,0.017013232514177693,170,18,1040,888,0.5
CONTRASTIVE,XGBOOST,42,0.1,TEMPLATE_OOD,2116,0.02,0.9740747213363649,0.01990632318501171,0.823850414089834,0.8223660936031533,0.9223744292237442,0.19092627599243855,0.3163664839467502,0.01606805293005671,202,17,1041,856,0.5
CONTRASTIVE,XGBOOST,42,0.1,DOMAIN_TEMPLATE_OOD,2116,0.02,0.9740747213363649,0.01990632318501171,0.7884629683160411,0.7835243942095691,0.922077922077922,0.1342155009451796,0.23432343234323433,0.011342155009451797,142,12,1046,916,0.5
CONTRASTIVE,MLP,42,0.1,IID_BALANCED,2116,0.005,0.9996737241744996,0.00468384074941452,0.8480674867406417,0.856740970765542,0.948905109489051,0.12287334593572778,0.2175732217573222,0.006616257088846881,130,7,1051,928,0.5
CONTRASTIVE,MLP,42,0.1,TEMPORAL,2116,0.005,0.9996737241744996,0.00468384074941452,0.8605571309667289,0.8613100832258318,0.9507042253521126,0.1275992438563327,0.225,0.006616257088846881,135,7,1051,923,0.5
CONTRASTIVE,MLP,42,0.1,DOMAIN_OOD,2116,0.005,0.9996737241744996,0.00468384074941452,0.8497399289543182,0.8464824668293781,0.9605263157894737,0.06899810964083176,0.12874779541446207,0.002835538752362949,73,3,1055,985,0.5
CONTRASTIVE,MLP,42,0.1,TEMPLATE_OOD,2116,0.005,0.9996737241744996,0.00468384074941452,0.8733838542716618,0.8659488781129284,0.9722222222222222,0.1323251417769376,0.23294509151414308,0.003780718336483932,140,4,1054,918,0.5
CONTRASTIVE,MLP,42,0.1,DOMAIN_TEMPLATE_OOD,2116,0.005,0.9996737241744996,0.00468384074941452,0.8393631307610938,0.8284239979131007,0.9552238805970149,0.06049149338374291,0.11377777777777778,0.002835538752362949,64,3,1055,994,0.5
CONTRASTIVE,MLP,42,0.1,IID_BALANCED,2116,0.01,0.9986003041267396,0.00936768149882904,0.8480674867406417,0.856740970765542,0.961864406779661,0.21455576559546313,0.3508500772797527,0.008506616257088847,227,9,1049,831,0.5
CONTRASTIVE,MLP,42,0.1,TEMPORAL,2116,0.01,0.9986003041267396,0.00936768149882904,0.8605571309667289,0.8613100832258318,0.9581589958158996,0.21644612476370512,0.35312259059367773,0.00945179584120983,229,10,1048,829,0.5
CONTRASTIVE,MLP,42,0.1,DOMAIN_OOD,2116,0.01,0.9986003041267396,0.00936768149882904,0.8497399289543182,0.8464824668293781,0.9395973154362416,0.1323251417769376,0.231980115990058,0.008506616257088847,140,9,1049,918,0.5
CONTRASTIVE,MLP,42,0.1,TEMPLATE_OOD,2116,0.01,0.9986003041267396,0.00936768149882904,0.8733838542716618,0.8659488781129284,0.9691629955947136,0.20793950850661624,0.3424124513618677,0.006616257088846881,220,7,1051,838,0.5
CONTRASTIVE,MLP,42,0.1,DOMAIN_TEMPLATE_OOD,2116,0.01,0.9986003041267396,0.00936768149882904,0.8393631307610938,0.8284239979131007,0.9496402877697842,0.12476370510396975,0.22055137844611528,0.006616257088846881,132,7,1051,926,0.5
CONTRASTIVE,MLP,42,0.1,IID_BALANCED,2116,0.02,0.9957457184791566,0.01990632318501171,0.8480674867406417,0.856740970765542,0.9325153374233128,0.28733459357277885,0.4393063583815029,0.020793950850661626,304,22,1036,754,0.5
CONTRASTIVE,MLP,42,0.1,TEMPORAL,2116,0.02,0.9957457184791566,0.01990632318501171,0.8605571309667289,0.8613100832258318,0.9463722397476341,0.2835538752362949,0.43636363636363634,0.01606805293005671,300,17,1041,758,0.5
CONTRASTIVE,MLP,42,0.1,DOMAIN_OOD,2116,0.02,0.9957457184791566,0.01990632318501171,0.8497399289543182,0.8464824668293781,0.923728813559322,0.2060491493383743,0.3369397217928903,0.017013232514177693,218,18,1040,840,0.5
CONTRASTIVE,MLP,42,0.1,TEMPLATE_OOD,2116,0.02,0.9957457184791566,0.01990632318501171,0.8733838542716618,0.8659488781129284,0.9633333333333334,0.2731568998109641,0.4256259204712813,0.010396975425330813,289,11,1047,769,0.5
CONTRASTIVE,MLP,42,0.1,DOMAIN_TEMPLATE_OOD,2116,0.02,0.9957457184791566,0.01990632318501171,0.8393631307610938,0.8284239979131007,0.9559471365638766,0.2051039697542533,0.3377431906614786,0.00945179584120983,217,10,1048,841,0.5
BASE,LOGREG,42,0.25,IID_BALANCED,2116,0.005,0.9976651072502137,0.00468384074941452,0.9177763846888436,0.9039749357670963,0.9951219512195122,0.19281663516068054,0.32304038004750596,0.000945179584120983,204,1,1057,854,0.5
BASE,LOGREG,42,0.25,TEMPORAL,2116,0.005,0.9976651072502137,0.00468384074941452,0.9300433618034504,0.9228508331516825,0.9909502262443439,0.20699432892249528,0.3424550430023456,0.001890359168241966,219,2,1056,839,0.5
BASE,LOGREG,42,0.25,DOMAIN_OOD,2116,0.005,0.9976651072502137,0.00468384074941452,0.9187999264700449,0.914386205023567,0.9842105263157894,0.1767485822306238,0.29967948717948717,0.002835538752362949,187,3,1055,871,0.5
BASE,LOGREG,42,0.25,TEMPLATE_OOD,2116,0.005,0.9976651072502137,0.00468384074941452,0.927084086948244,0.9190308067795641,0.9909502262443439,0.20699432892249528,0.3424550430023456,0.001890359168241966,219,2,1056,839,0.5
BASE,LOGREG,42,0.25,DOMAIN_TEMPLATE_OOD,2116,0.005,0.9976651072502137,0.00468384074941452,0.9093792478717413,0.9026000478843342,0.9893048128342246,0.17485822306238186,0.2971887550200803,0.001890359168241966,185,2,1056,873,0.5
BASE,LOGREG,42,0.25,IID_BALANCED,2116,0.01,0.9787207245826722,0.00936768149882904,0.9177763846888436,0.9039749357670963,0.9882352941176471,0.39697542533081287,0.5664194200944033,0.004725897920604915,420,5,1053,638,0.5
BASE,LOGREG,42,0.25,TEMPORAL,2116,0.01,0.9787207245826722,0.00936768149882904,0.9300433618034504,0.9228508331516825,0.9788732394366197,0.3941398865784499,0.5619946091644205,0.008506616257088847,417,9,1049,641,0.5
BASE,LOGREG,42,0.25,DOMAIN_OOD,2116,0.01,0.9787207245826722,0.00936768149882904,0.9187999264700449,0.914386205023567,0.9703504043126685,0.34026465028355385,0.5038488453463961,0.010396975425330813,360,11,1047,698,0.5
BASE,LOGREG,42,0.25,TEMPLATE_OOD,2116,0.01,0.9787207245826722,0.00936768149882904,0.927084086948244,0.9190308067795641,0.9806295399515739,0.3827977315689981,0.5506458191706323,0.007561436672967864,405,8,1050,653,0.5
BASE,LOGREG,42,0.25,DOMAIN_TEMPLATE_OOD,2116,0.01,0.9787207245826722,0.00936768149882904,0.9093792478717413,0.9026000478843342,0.9774647887323944,0.3279773156899811,0.49115357395612175,0.007561436672967864,347,8,1050,711,0.5
BASE,LOGREG,42,0.25,IID_BALANCED,2116,0.02,0.8899601101875306,0.01990632318501171,0.9177763846888436,0.9039749357670963,0.9666110183639399,0.5472589792060492,0.6988533494266748,0.01890359168241966,579,20,1038,479,0.5
BASE,LOGREG,42,0.25,TEMPORAL,2116,0.02,0.8899601101875306,0.01990632318501171,0.9300433618034504,0.9228508331516825,0.9664536741214057,0.5718336483931947,0.7185273159144893,0.01984877126654064,605,21,1037,453,0.5
BASE,LOGREG,42,0.25,DOMAIN_OOD,2116,0.02,0.8899601101875306,0.01990632318501171,0.9187999264700449,0.914386205023567,0.9537190082644628,0.5453686200378072,0.6939266386049309,0.026465028355387523,577,28,1030,481,0.5
BASE,LOGREG,42,0.25,TEMPLATE_OOD,2116,0.02,0.8899601101875306,0.01990632318501171,0.927084086948244,0.9190308067795641,0.9582664526484751,0.5642722117202268,0.710291493158834,0.024574669187145556,597,26,1032,461,0.5
BASE,LOGREG,42,0.25,DOMAIN_TEMPLATE_OOD,2116,0.02,0.8899601101875306,0.01990632318501171,0.9093792478717413,0.9026000478843342,0.9586330935251799,0.503780718336484,0.6604708798017348,0.021739130434782608,533,23,1035,525,0.5
BASE,XGBOOST,42,0.25,IID_BALANCED,2116,0.005,0.9927962422370912,0.00468384074941452,0.9091361043085434,0.9049433428268197,0.9873417721518988,0.2948960302457467,0.45414847161572053,0.003780718336483932,312,4,1054,746,0.5
BASE,XGBOOST,42,0.25,TEMPORAL,2116,0.005,0.9927962422370912,0.00468384074941452,0.9220157730168962,0.9180981342976905,0.9888888888888889,0.2523629489603025,0.40210843373493976,0.002835538752362949,267,3,1055,791,0.5
BASE,XGBOOST,42,0.25,DOMAIN_OOD,2116,0.005,0.9927962422370912,0.00468384074941452,0.8935418773513719,0.8919605240118496,0.9864864864864865,0.13799621928166353,0.24212271973466004,0.001890359168241966,146,2,1056,912,0.5
BASE,XGBOOST,42,0.25,TEMPLATE_OOD,2116,0.005,0.9927962422370912,0.00468384074941452,0.9107637751477187,0.9036095497085845,0.9923664122137404,0.24574669187145556,0.3939393939393939,0.001890359168241966,260,2,1056,798,0.5
BASE,XGBOOST,42,0.25,DOMAIN_TEMPLATE_OOD,2116,0.005,0.9927962422370912,0.00468384074941452,0.88621650430804,0.8822014108011335,0.993103448275862,0.13610586011342155,0.23940149625935161,0.000945179584120983,144,1,1057,914,0.5
BASE,XGBOOST,42,0.25,IID_BALANCED,2116,0.01,0.9846884012222291,0.00936768149882904,0.9091361043085434,0.9049433428268197,0.9863013698630136,0.34026465028355385,0.5059732958538299,0.004725897920604915,360,5,1053,698,0.5
BASE,XGBOOST,42,0.25,TEMPORAL,2116,0.01,0.9846884012222291,0.00936768149882904,0.9220157730168962,0.9180981342976905,0.9886363636363636,0.32892249527410206,0.49361702127659574,0.003780718336483932,348,4,1054,710,0.5
BASE,XGBOOST,42,0.25,DOMAIN_OOD,2116,0.01,0.9846884012222291,0.00936768149882904,0.8935418773513719,0.8919605240118496,0.9795918367346939,0.22684310018903592,0.3683806600153492,0.004725897920604915,240,5,1053,818,0.5
BASE,XGBOOST,42,0.25,TEMPLATE_OOD,2116,0.01,0.9846884012222291,0.00936768149882904,0.9107637751477187,0.9036095497085845,0.9913793103448276,0.32608695652173914,0.4907539118065434,0.002835538752362949,345,3,1055,713,0.5
BASE,XGBOOST,42,0.25,DOMAIN_TEMPLATE_OOD,2116,0.01,0.9846884012222291,0.00936768149882904,0.88621650430804,0.8822014108011335,0.9831223628691983,0.22022684310018903,0.3598455598455598,0.003780718336483932,233,4,1054,825,0.5
BASE,XGBOOST,42,0.25,IID_BALANCED,2116,0.02,0.9372364282608033,0.01990632318501171,0.9091361043085434,0.9049433428268197,0.951171875,0.4603024574669187,0.6203821656050955,0.023629489603024575,487,25,1033,571,0.5
BASE,XGBOOST,42,0.25,TEMPORAL,2116,0.02,0.9372364282608033,0.01990632318501171,0.9220157730168962,0.9180981342976905,0.9692028985507246,0.505671077504726,0.6645962732919255,0.01606805293005671,535,17,1041,523,0.5
BASE,XGBOOST,42,0.25,DOMAIN_OOD,2116,0.02,0.9372364282608033,0.01990632318501171,0.8935418773513719,0.8919605240118496,0.9471458773784355,0.42344045368620037,0.5852384062704115,0.023629489603024575,448,25,1033,610,0.5
BASE,XGBOOST,42,0.25,TEMPLATE_OOD,2116,0.02,0.9372364282608033,0.01990632318501171,0.9107637751477187,0.9036095497085845,0.9680451127819549,0.4867674858223062,0.6477987421383647,0.01606805293005671,515,17,1041,543,0.5
BASE,XGBOOST,42,0.25,DOMAIN_TEMPLATE_OOD,2116,0.02,0.9372364282608033,0.01990632318501171,0.88621650430804,0.8822014108011335,0.9555555555555556,0.4064272211720227,0.5702917771883289,0.01890359168241966,430,20,1038,628,0.5
BASE,MLP,42,0.25,IID_BALANCED,2116,0.005,0.9907682538032533,0.00468384074941452,0.9201195641823804,0.9119866281209685,0.9827586206896551,0.3771266540642722,0.5450819672131147,0.006616257088846881,399,7,1051,659,0.5
BASE,MLP,42,0.25,TEMPORAL,2116,0.005,0.9907682538032533,0.00468384074941452,0.9309702578339621,0.9261464545938587,0.9854227405247813,0.31947069943289225,0.4825124910778016,0.004725897920604915,338,5,1053,720,0.5
BASE,MLP,42,0.25,DOMAIN_OOD,2116,0.005,0.9907682538032533,0.00468384074941452,0.8993323221357165,0.8994397711557633,0.9768518518518519,0.1994328922495274,0.33124018838304553,0.004725897920604915,211,5,1053,847,0.5
BASE,MLP,42,0.25,TEMPLATE_OOD,2116,0.005,0.9907682538032533,0.00468384074941452,0.9179204371237821,0.9132123241412087,0.9815384615384616,0.30151228733459357,0.4613159797541576,0.005671077504725898,319,6,1052,739,0.5
BASE,MLP,42,0.25,DOMAIN_TEMPLATE_OOD,2116,0.005,0.9907682538032533,0.00468384074941452,0.8938125434849868,0.8939058250935352,0.9791666666666666,0.1776937618147448,0.3008,0.003780718336483932,188,4,1054,870,0.5
BASE,MLP,42,0.25,IID_BALANCED,2116,0.01,0.9807485342025758,0.00936768149882904,0.9201195641823804,0.9119866281209685,0.978494623655914,0.43005671077504726,0.5975049244911359,0.00945179584120983,455,10,1048,603,0.5
BASE,MLP,42,0.25,TEMPORAL,2116,0.01,0.9807485342025758,0.00936768149882904,0.9309702578339621,0.9261464545938587,0.9875,0.3733459357277883,0.541838134430727,0.004725897920604915,395,5,1053,663,0.5
BASE,MLP,42,0.25,DOMAIN_OOD,2116,0.01,0.9807485342025758,0.00936768149882904,0.8993323221357165,0.8994397711557633,0.9645390070921985,0.2570888468809074,0.4059701492537313,0.00945179584120983,272,10,1048,786,0.5
BASE,MLP,42,0.25,TEMPLATE_OOD,2116,0.01,0.9807485342025758,0.00936768149882904,0.9179204371237821,0.9132123241412087,0.978494623655914,0.3440453686200378,0.509090909090909,0.007561436672967864,364,8,1050,694,0.5
BASE,MLP,42,0.25,DOMAIN_TEMPLATE_OOD,2116,0.01,0.9807485342025758,0.00936768149882904,0.8938125434849868,0.8939058250935352,0.9723320158102767,0.23251417769376181,0.37528604118993136,0.006616257088846881,246,7,1051,812,0.5
BASE,MLP,42,0.25,IID_BALANCED,2116,0.02,0.9347304105758668,0.01990632318501171,0.9201195641823804,0.9119866281209685,0.9621342512908778,0.5283553875236295,0.6821232458816352,0.020793950850661626,559,22,1036,499,0.5
BASE,MLP,42,0.25,TEMPORAL,2116,0.02,0.9347304105758668,0.01990632318501171,0.9309702578339621,0.9261464545938587,0.9725274725274725,0.501890359168242,0.6620947630922693,0.014177693761814745,531,15,1043,527,0.5
BASE,MLP,42,0.25,DOMAIN_OOD,2116,0.02,0.9347304105758668,0.01990632318501171,0.8993323221357165,0.8994397711557633,0.9505376344086022,0.41776937618147447,0.5804333552199606,0.021739130434782608,442,23,1035,616,0.5
BASE,MLP,42,0.25,TEMPLATE_OOD,2116,0.02,0.9347304105758668,0.01990632318501171,0.9179204371237821,0.9132123241412087,0.9619047619047619,0.4773156899810964,0.6380290587492103,0.01890359168241966,505,20,1038,553,0.5
BASE,MLP,42,0.25,DOMAIN_TEMPLATE_OOD,2116,0.02,0.9347304105758668,0.01990632318501171,0.8938125434849868,0.8939058250935352,0.9484304932735426,0.3998109640831758,0.5625,0.021739130434782608,423,23,1035,635,0.5
DAPT,LOGREG,42,0.25,IID_BALANCED,2116,0.005,0.9954190254211427,0.00468384074941452,0.9136421979685253,0.8998806465099825,0.9921568627450981,0.2391304347826087,0.38537699923838536,0.001890359168241966,253,2,1056,805,0.5
DAPT,LOGREG,42,0.25,TEMPORAL,2116,0.005,0.9954190254211427,0.00468384074941452,0.9330541436440791,0.9251324859473773,0.9905362776025236,0.29678638941398866,0.4567272727272727,0.002835538752362949,314,3,1055,744,0.5
DAPT,LOGREG,42,0.25,DOMAIN_OOD,2116,0.005,0.9954190254211427,0.00468384074941452,0.9223033367632336,0.9163525001697392,0.9927797833935018,0.2599243856332703,0.41198501872659177,0.001890359168241966,275,2,1056,783,0.5
DAPT,LOGREG,42,0.25,TEMPLATE_OOD,2116,0.005,0.9954190254211427,0.00468384074941452,0.9299999905388129,0.9218368645052012,0.9868421052631579,0.2835538752362949,0.44052863436123346,0.003780718336483932,300,4,1054,758,0.5
DAPT,LOGREG,42,0.25,DOMAIN_TEMPLATE_OOD,2116,0.005,0.9954190254211427,0.00468384074941452,0.9024902724536137,0.8981242920086763,0.9885057471264368,0.2438563327032136,0.3912054586808188,0.002835538752362949,258,3,1055,800,0.5
DAPT,LOGREG,42,0.25,IID_BALANCED,2116,0.01,0.9860131144523622,0.00936768149882904,0.9136421979685253,0.8998806465099825,0.9928400954653938,0.3931947069943289,0.5633039945836155,0.002835538752362949,416,3,1055,642,0.5
DAPT,LOGREG,42,0.25,TEMPORAL,2116,0.01,0.9860131144523622,0.00936768149882904,0.9330541436440791,0.9251324859473773,0.9884259259259259,0.40359168241965976,0.5731543624161074,0.004725897920604915,427,5,1053,631,0.5
DAPT,LOGREG,42,0.25,DOMAIN_OOD,2116,0.01,0.9860131144523622,0.00936768149882904,0.9223033367632336,0.9163525001697392,0.9863387978142076,0.34120982986767484,0.5070224719101124,0.004725897920604915,361,5,1053,697,0.5
DAPT,LOGREG,42,0.25,TEMPLATE_OOD,2116,0.01,0.9860131144523622,0.00936768149882904,0.9299999905388129,0.9218368645052012,0.9829268292682927,0.3809073724007561,0.5490463215258855,0.006616257088846881,403,7,1051,655,0.5
DAPT,LOGREG,42,0.25,DOMAIN_TEMPLATE_OOD,2116,0.01,0.9860131144523622,0.00936768149882904,0.9024902724536137,0.8981242920086763,0.9771428571428571,0.32325141776937616,0.48579545454545453,0.007561436672967864,342,8,1050,716,0.5
DAPT,LOGREG,42,0.25,IID_BALANCED,2116,0.02,0.9403496980667115,0.01990632318501171,0.9136421979685253,0.8998806465099825,0.9653846153846154,0.47448015122873344,0.6362484157160964,0.017013232514177693,502,18,1040,556,0.5
DAPT,LOGREG,42,0.25,TEMPORAL,2116,0.02,0.9403496980667115,0.01990632318501171,0.9330541436440791,0.9251324859473773,0.9795918367346939,0.5444234404536862,0.6998784933171325,0.011342155009451797,576,12,1046,482,0.5
DAPT,LOGREG,42,0.25,DOMAIN_OOD,2116,0.02,0.9403496980667115,0.01990632318501171,0.9223033367632336,0.9163525001697392,0.9775967413441955,0.45368620037807184,0.6197546804389928,0.010396975425330813,480,11,1047,578,0.5
DAPT,LOGREG,42,0.25,TEMPLATE_OOD,2116,0.02,0.9403496980667115,0.01990632318501171,0.9299999905388129,0.9218368645052012,0.978494623655914,0.5160680529300568,0.6757425742574258,0.011342155009451797,546,12,1046,512,0.5
DAPT,LOGREG,42,0.25,DOMAIN_TEMPLATE_OOD,2116,0.02,0.9403496980667115,0.01990632318501171,0.9024902724536137,0.8981242920086763,0.9760348583877996,0.42344045368620037,0.5906394199077126,0.010396975425330813,448,11,1047,610,0.5
DAPT,XGBOOST,42,0.25,IID_BALANCED,2116,0.005,0.9960894584655763,0.00468384074941452,0.9000198785817045,0.8954969071722871,0.9821428571428571,0.20793950850661624,0.34321372854914195,0.003780718336483932,220,4,1054,838,0.5
DAPT,XGBOOST,42,0.25,TEMPORAL,2116,0.005,0.9960894584655763,0.00468384074941452,0.9225899798871774,0.9185573236230575,0.9863636363636363,0.2051039697542533,0.3395931142410016,0.002835538752362949,217,3,1055,841,0.5
DAPT,XGBOOST,42,0.25,DOMAIN_OOD,2116,0.005,0.9960894584655763,0.00468384074941452,0.8996259026744333,0.8986326163785864,0.9923076923076923,0.1219281663516068,0.21717171717171718,0.000945179584120983,129,1,1057,929,0.5
DAPT,XGBOOST,42,0.25,TEMPLATE_OOD,2116,0.005,0.9960894584655763,0.00468384074941452,0.9149059243724154,0.9104884559446256,0.9852941176470589,0.1899810964083176,0.3185419968304279,0.002835538752362949,201,3,1055,857,0.5
DAPT,XGBOOST,42,0.25,DOMAIN_TEMPLATE_OOD,2116,0.005,0.9960894584655763,0.00468384074941452,0.8859009216771246,0.8874092788404844,0.9719626168224299,0.09829867674858223,0.17854077253218884,0.002835538752362949,104,3,1055,954,0.5
DAPT,XGBOOST,42,0.25,IID_BALANCED,2116,0.01,0.9857930541038514,0.00936768149882904,0.9000198785817045,0.8954969071722871,0.975669099756691,0.3790170132325142,0.5459496255956433,0.00945179584120983,401,10,1048,657,0.5
DAPT,XGBOOST,42,0.25,TEMPORAL,2116,0.01,0.9857930541038514,0.00936768149882904,0.9225899798871774,0.9185573236230575,0.9846625766871165,0.30340264650283555,0.4638728323699422,0.004725897920604915,321,5,1053,737,0.5
DAPT,XGBOOST,42,0.25,DOMAIN_OOD,2116,0.01,0.9857930541038514,0.00936768149882904,0.8996259026744333,0.8986326163785864,0.9790794979079498,0.22117202268431002,0.3608326908249807,0.004725897920604915,234,5,1053,824,0.5
DAPT,XGBOOST,42,0.25,TEMPLATE_OOD,2116,0.01,0.9857930541038514,0.00936768149882904,0.9149059243724154,0.9104884559446256,0.9808306709265175,0.29017013232514177,0.44784828592268416,0.005671077504725898,307,6,1052,751,0.5
DAPT,XGBOOST,42,0.25,DOMAIN_TEMPLATE_OOD,2116,0.01,0.9857930541038514,0.00936768149882904,0.8859009216771246,0.8874092788404844,0.9705882352941176,0.18714555765595464,0.31378763866877973,0.005671077504725898,198,6,1052,860,0.5
DAPT,XGBOOST,42,0.25,IID_BALANCED,2116,0.02,0.9162178039550782,0.01990632318501171,0.9000198785817045,0.8954969071722871,0.9343696027633851,0.5113421550094518,0.660965180207697,0.035916824196597356,541,38,1020,517,0.5
DAPT,XGBOOST,42,0.25,TEMPORAL,2116,0.02,0.9162178039550782,0.01990632318501171,0.9225899798871774,0.9185573236230575,0.9686274509803922,0.4669187145557656,0.6301020408163265,0.015122873345935728,494,16,1042,564,0.5
DAPT,XGBOOST,42,0.25,DOMAIN_OOD,2116,0.02,0.9162178039550782,0.01990632318501171,0.8996259026744333,0.8986326163785864,0.9495412844036697,0.391304347826087,0.5542168674698795,0.020793950850661626,414,22,1036,644,0.5
DAPT,XGBOOST,42,0.25,TEMPLATE_OOD,2116,0.02,0.9162178039550782,0.01990632318501171,0.9149059243724154,0.9104884559446256,0.9578313253012049,0.45085066162570886,0.6131105398457584,0.01984877126654064,477,21,1037,581,0.5
DAPT,XGBOOST,42,0.25,DOMAIN_TEMPLATE_OOD,2116,0.02,0.9162178039550782,0.01990632318501171,0.8859009216771246,0.8874092788404844,0.9477611940298507,0.3601134215500945,0.5219178082191781,0.01984877126654064,381,21,1037,677,0.5
DAPT,MLP,42,0.25,IID_BALANCED,2116,0.005,0.9433161020278932,0.00468384074941452,0.9031099608918588,0.8979107779060251,0.9690140845070423,0.32514177693761814,0.4869072894550602,0.010396975425330813,344,11,1047,714,0.5
DAPT,MLP,42,0.25,TEMPORAL,2116,0.005,0.9433161020278932,0.00468384074941452,0.9272278643995775,0.9251539266940869,0.9839080459770115,0.4045368620037807,0.5733422638981915,0.006616257088846881,428,7,1051,630,0.5
DAPT,MLP,42,0.25,DOMAIN_OOD,2116,0.005,0.9433161020278932,0.00468384074941452,0.9088453220328995,0.9065799864923296,0.9741935483870968,0.28544423440453687,0.4415204678362573,0.007561436672967864,302,8,1050,756,0.5
DAPT,MLP,42,0.25,TEMPLATE_OOD,2116,0.005,0.9433161020278932,0.00468384074941452,0.9225952171425373,0.9163614338142018,0.9741602067183462,0.3563327032136106,0.5217993079584775,0.00945179584120983,377,10,1048,681,0.5
DAPT,MLP,42,0.25,DOMAIN_TEMPLATE_OOD,2116,0.005,0.9433161020278932,0.00468384074941452,0.8907576836160913,0.891196250728092,0.9675090252707581,0.2533081285444234,0.40149812734082396,0.008506616257088847,268,9,1049,790,0.5
DAPT,MLP,42,0.25,IID_BALANCED,2116,0.01,0.9192200303077699,0.00936768149882904,0.9031099608918588,0.8979107779060251,0.9602977667493796,0.3657844990548204,0.5297741273100616,0.015122873345935728,387,16,1042,671,0.5
DAPT,MLP,42,0.25,TEMPORAL,2116,0.01,0.9192200303077699,0.00936768149882904,0.9272278643995775,0.9251539266940869,0.9796747967479674,0.4555765595463138,0.6219354838709678,0.00945179584120983,482,10,1048,576,0.5
DAPT,MLP,42,0.25,DOMAIN_OOD,2116,0.01,0.9192200303077699,0.00936768149882904,0.9088453220328995,0.9065799864923296,0.9699453551912568,0.33553875236294894,0.49859550561797755,0.010396975425330813,355,11,1047,703,0.5
DAPT,MLP,42,0.25,TEMPLATE_OOD,2116,0.01,0.9192200303077699,0.00936768149882904,0.9225952171425373,0.9163614338142018,0.974477958236659,0.39697542533081287,0.5641370047011417,0.010396975425330813,420,11,1047,638,0.5
DAPT,MLP,42,0.25,DOMAIN_TEMPLATE_OOD,2116,0.01,0.9192200303077699,0.00936768149882904,0.8907576836160913,0.891196250728092,0.9691358024691358,0.29678638941398866,0.4544138929088278,0.00945179584120983,314,10,1048,744,0.5
DAPT,MLP,42,0.25,IID_BALANCED,2116,0.02,0.8286707997322084,0.01990632318501171,0.9031099608918588,0.8979107779060251,0.9403508771929825,0.5066162570888468,0.6584766584766585,0.03213610586011342,536,34,1024,522,0.5
DAPT,MLP,42,0.25,TEMPORAL,2116,0.02,0.8286707997322084,0.01990632318501171,0.9272278643995775,0.9251539266940869,0.9689542483660131,0.5604914933837429,0.7101796407185629,0.017958412098298678,593,19,1039,465,0.5
DAPT,MLP,42,0.25,DOMAIN_OOD,2116,0.02,0.8286707997322084,0.01990632318501171,0.9088453220328995,0.9065799864923296,0.950592885375494,0.4546313799621928,0.6150895140664961,0.023629489603024575,481,25,1033,577,0.5
DAPT,MLP,42,0.25,TEMPLATE_OOD,2116,0.02,0.8286707997322084,0.01990632318501171,0.9225952171425373,0.9163614338142018,0.9700176366843033,0.5198487712665406,0.676923076923077,0.01606805293005671,550,17,1041,508,0.5
DAPT,MLP,42,0.25,DOMAIN_TEMPLATE_OOD,2116,0.02,0.8286707997322084,0.01990632318501171,0.8907576836160913,0.891196250728092,0.9533333333333334,0.4054820415879017,0.5689655172413793,0.01984877126654064,429,21,1037,629,0.5
CONTRASTIVE,LOGREG,42,0.25,IID_BALANCED,2116,0.005,0.997809410095215,0.00468384074941452,0.8673941211969283,0.8660587619398158,0.9696969696969697,0.12098298676748583,0.21512605042016808,0.003780718336483932,128,4,1054,930,0.5
CONTRASTIVE,LOGREG,42,0.25,TEMPORAL,2116,0.005,0.997809410095215,0.00468384074941452,0.8808927205525007,0.8768541779081693,1.0,0.10775047258979206,0.1945392491467577,0.0,114,0,1058,944,0.5
CONTRASTIVE,LOGREG,42,0.25,DOMAIN_OOD,2116,0.005,0.997809410095215,0.00468384074941452,0.8530463896883069,0.853561486701377,0.97,0.09168241965973535,0.16753022452504318,0.002835538752362949,97,3,1055,961,0.5
CONTRASTIVE,LOGREG,42,0.25,TEMPLATE_OOD,2116,0.005,0.997809410095215,0.00468384074941452,0.8797931801680532,0.8767880689391477,0.9917355371900827,0.11342155009451796,0.2035623409669211,0.000945179584120983,120,1,1057,938,0.5
CONTRASTIVE,LOGREG,42,0.25,DOMAIN_TEMPLATE_OOD,2116,0.005,0.997809410095215,0.00468384074941452,0.8422246651811589,0.8393837929395621,0.9770114942528736,0.08034026465028356,0.14847161572052403,0.001890359168241966,85,2,1056,973,0.5
CONTRASTIVE,LOGREG,42,0.25,IID_BALANCED,2116,0.01,0.9937848448753358,0.00936768149882904,0.8673941211969283,0.8660587619398158,0.9636363636363636,0.2003780718336484,0.3317683881064163,0.007561436672967864,212,8,1050,846,0.5
CONTRASTIVE,LOGREG,42,0.25,TEMPORAL,2116,0.01,0.9937848448753358,0.00936768149882904,0.8808927205525007,0.8768541779081693,0.9811320754716981,0.19659735349716445,0.32755905511811023,0.003780718336483932,208,4,1054,850,0.5
CONTRASTIVE,LOGREG,42,0.25,DOMAIN_OOD,2116,0.01,0.9937848448753358,0.00936768149882904,0.8530463896883069,0.853561486701377,0.9657142857142857,0.15973534971644612,0.27412814274128144,0.005671077504725898,169,6,1052,889,0.5
CONTRASTIVE,LOGREG,42,0.25,TEMPLATE_OOD,2116,0.01,0.9937848448753358,0.00936768149882904,0.8797931801680532,0.8767880689391477,0.9809523809523809,0.1947069943289225,0.3249211356466877,0.003780718336483932,206,4,1054,852,0.5
CONTRASTIVE,LOGREG,42,0.25,DOMAIN_TEMPLATE_OOD,2116,0.01,0.9937848448753358,0.00936768149882904,0.8422246651811589,0.8393837929395621,0.9751552795031055,0.14839319470699433,0.2575881870385562,0.003780718336483932,157,4,1054,901,0.5
CONTRASTIVE,LOGREG,42,0.25,IID_BALANCED,2116,0.02,0.9577944278717042,0.01990632318501171,0.8673941211969283,0.8660587619398158,0.9386363636363636,0.390359168241966,0.5514018691588785,0.02551984877126654,413,27,1031,645,0.5
CONTRASTIVE,LOGREG,42,0.25,TEMPORAL,2116,0.02,0.9577944278717042,0.01990632318501171,0.8808927205525007,0.8768541779081693,0.9387755102040817,0.391304347826087,0.552368245496998,0.02551984877126654,414,27,1031,644,0.5
CONTRASTIVE,LOGREG,42,0.25,DOMAIN_OOD,2116,0.02,0.9577944278717042,0.01990632318501171,0.8530463896883069,0.853561486701377,0.9293193717277487,0.33553875236294894,0.4930555555555556,0.02551984877126654,355,27,1031,703,0.5
CONTRASTIVE,LOGREG,42,0.25,TEMPLATE_OOD,2116,0.02,0.9577944278717042,0.01990632318501171,0.8797931801680532,0.8767880689391477,0.944954128440367,0.389413988657845,0.5515394912985274,0.022684310018903593,412,24,1034,646,0.5
CONTRASTIVE,LOGREG,42,0.25,DOMAIN_TEMPLATE_OOD,2116,0.02,0.9577944278717042,0.01990632318501171,0.8422246651811589,0.8393837929395621,0.9272727272727272,0.33742911153119093,0.49480249480249483,0.026465028355387523,357,28,1030,701,0.5
CONTRASTIVE,XGBOOST,42,0.25,IID_BALANCED,2116,0.005,0.9883656501770021,0.00468384074941452,0.84663114012523,0.8502435311480449,0.9457831325301205,0.14839319470699433,0.2565359477124183,0.008506616257088847,157,9,1049,901,0.5
CONTRASTIVE,XGBOOST,42,0.25,TEMPORAL,2116,0.005,0.9883656501770021,0.00468384074941452,0.8626270750657568,0.8562085255555834,0.9680851063829787,0.1720226843100189,0.29213483146067415,0.005671077504725898,182,6,1052,876,0.5
CONTRASTIVE,XGBOOST,42,0.25,DOMAIN_OOD,2116,0.005,0.9883656501770021,0.00468384074941452,0.8410698071630398,0.8321359271872242,0.9672131147540983,0.11153119092627599,0.2,0.003780718336483932,118,4,1054,940,0.5
CONTRASTIVE,XGBOOST,42,0.25,TEMPLATE_OOD,2116,0.005,0.9883656501770021,0.00468384074941452,0.8667714903583013,0.8575994939983776,0.978021978021978,0.16824196597353497,0.2870967741935484,0.003780718336483932,178,4,1054,880,0.5
CONTRASTIVE,XGBOOST,42,0.25,DOMAIN_TEMPLATE_OOD,2116,0.005,0.9883656501770021,0.00468384074941452,0.829085526081162,0.819391189997177,0.9646017699115044,0.10302457466918714,0.18616567036720752,0.003780718336483932,109,4,1054,949,0.5
CONTRASTIVE,XGBOOST,42,0.25,IID_BALANCED,2116,0.01,0.9841850996017457,0.00936768149882904,0.84663114012523,0.8502435311480449,0.9507389162561576,0.1824196597353497,0.3061062648691515,0.00945179584120983,193,10,1048,865,0.5
CONTRASTIVE,XGBOOST,42,0.25,TEMPORAL,2116,0.01,0.9841850996017457,0.00936768149882904,0.8626270750657568,0.8562085255555834,0.9629629629629629,0.19659735349716445,0.32653061224489793,0.007561436672967864,208,8,1050,850,0.5
CONTRASTIVE,XGBOOST,42,0.25,DOMAIN_OOD,2116,0.01,0.9841850996017457,0.00936768149882904,0.8410698071630398,0.8321359271872242,0.9470198675496688,0.13516068052930058,0.23655913978494625,0.007561436672967864,143,8,1050,915,0.5
CONTRASTIVE,XGBOOST,42,0.25,TEMPLATE_OOD,2116,0.01,0.9841850996017457,0.00936768149882904,0.8667714903583013,0.8575994939983776,0.9747474747474747,0.1824196597353497,0.3073248407643312,0.004725897920604915,193,5,1053,865,0.5
CONTRASTIVE,XGBOOST,42,0.25,DOMAIN_TEMPLATE_OOD,2116,0.01,0.9841850996017457,0.00936768149882904,0.829085526081162,0.819391189997177,0.9696969696969697,0.12098298676748583,0.21512605042016808,0.003780718336483932,128,4,1054,930,0.5
CONTRASTIVE,XGBOOST,42,0.25,IID_BALANCED,2116,0.02,0.9596649408340455,0.01990632318501171,0.84663114012523,0.8502435311480449,0.926984126984127,0.27599243856332706,0.42534595775673706,0.021739130434782608,292,23,1035,766,0.5
CONTRASTIVE,XGBOOST,42,0.25,TEMPORAL,2116,0.02,0.9596649408340455,0.01990632318501171,0.8626270750657568,0.8562085255555834,0.9538461538461539,0.29300567107750475,0.4483007953723789,0.014177693761814745,310,15,1043,748,0.5
CONTRASTIVE,XGBOOST,42,0.25,DOMAIN_OOD,2116,0.02,0.9596649408340455,0.01990632318501171,0.8410698071630398,0.8321359271872242,0.93359375,0.22589792060491493,0.3637747336377473,0.01606805293005671,239,17,1041,819,0.5
CONTRASTIVE,XGBOOST,42,0.25,TEMPLATE_OOD,2116,0.02,0.9596649408340455,0.01990632318501171,0.8667714903583013,0.8575994939983776,0.946875,0.28638941398865786,0.4397677793904209,0.01606805293005671,303,17,1041,755,0.5
CONTRASTIVE,XGBOOST,42,0.25,DOMAIN_TEMPLATE_OOD,2116,0.02,0.9596649408340455,0.01990632318501171,0.829085526081162,0.819391189997177,0.9469387755102041,0.21928166351606806,0.3561013046815042,0.012287334593572778,232,13,1045,826,0.5
CONTRASTIVE,MLP,42,0.25,IID_BALANCED,2116,0.005,0.9917105436325074,0.00468384074941452,0.8707872879727342,0.8763163725115333,0.9576719576719577,0.17107750472589792,0.29029671210906177,0.007561436672967864,181,8,1050,877,0.5
CONTRASTIVE,MLP,42,0.25,TEMPORAL,2116,0.005,0.9917105436325074,0.00468384074941452,0.8843146041250348,0.8811155263167298,0.9525862068965517,0.20888468809073724,0.3426356589147287,0.010396975425330813,221,11,1047,837,0.5
CONTRASTIVE,MLP,42,0.25,DOMAIN_OOD,2116,0.005,0.9917105436325074,0.00468384074941452,0.8642130503233308,0.8605270492887033,0.9508196721311475,0.16446124763705103,0.28041901692183724,0.008506616257088847,174,9,1049,884,0.5
CONTRASTIVE,MLP,42,0.25,TEMPLATE_OOD,2116,0.005,0.9917105436325074,0.00468384074941452,0.8878468814322763,0.8788303000632502,0.9754098360655737,0.22495274102079396,0.3655913978494624,0.005671077504725898,238,6,1052,820,0.5
CONTRASTIVE,MLP,42,0.25,DOMAIN_TEMPLATE_OOD,2116,0.005,0.9917105436325074,0.00468384074941452,0.8532169956227939,0.8447207521413946,0.9542857142857143,0.15784499054820417,0.2708840227088402,0.007561436672967864,167,8,1050,891,0.5
CONTRASTIVE,MLP,42,0.25,IID_BALANCED,2116,0.01,0.9808922410011293,0.00936768149882904,0.8707872879727342,0.8763163725115333,0.9456521739130435,0.24669187145557656,0.391304347826087,0.014177693761814745,261,15,1043,797,0.5
CONTRASTIVE,MLP,42,0.25,TEMPORAL,2116,0.01,0.9808922410011293,0.00936768149882904,0.8843146041250348,0.8811155263167298,0.960960960960961,0.30245746691871456,0.46010064701653486,0.012287334593572778,320,13,1045,738,0.5
CONTRASTIVE,MLP,42,0.25,DOMAIN_OOD,2116,0.01,0.9808922410011293,0.00936768149882904,0.8642130503233308,0.8605270492887033,0.9528985507246377,0.2485822306238185,0.39430284857571213,0.012287334593572778,263,13,1045,795,0.5
CONTRASTIVE,MLP,42,0.25,TEMPLATE_OOD,2116,0.01,0.9808922410011293,0.00936768149882904,0.8878468814322763,0.8788303000632502,0.9626168224299065,0.29206049149338376,0.448150833937636,0.011342155009451797,309,12,1046,749,0.5
CONTRASTIVE,MLP,42,0.25,DOMAIN_TEMPLATE_OOD,2116,0.01,0.9808922410011293,0.00936768149882904,0.8532169956227939,0.8447207521413946,0.9550561797752809,0.24102079395085066,0.3849056603773585,0.011342155009451797,255,12,1046,803,0.5
CONTRASTIVE,MLP,42,0.25,IID_BALANCED,2116,0.02,0.9657124280929567,0.01990632318501171,0.8707872879727342,0.8763163725115333,0.9376770538243626,0.31285444234404536,0.46917080085046065,0.020793950850661626,331,22,1036,727,0.5
CONTRASTIVE,MLP,42,0.25,TEMPORAL,2116,0.02,0.9657124280929567,0.01990632318501171,0.8843146041250348,0.8811155263167298,0.9585365853658536,0.3714555765595463,0.5354223433242506,0.01606805293005671,393,17,1041,665,0.5
CONTRASTIVE,MLP,42,0.25,DOMAIN_OOD,2116,0.02,0.9657124280929567,0.01990632318501171,0.8642130503233308,0.8605270492887033,0.9542857142857143,0.31568998109640833,0.4744318181818182,0.015122873345935728,334,16,1042,724,0.5
CONTRASTIVE,MLP,42,0.25,TEMPLATE_OOD,2116,0.02,0.9657124280929567,0.01990632318501171,0.8878468814322763,0.8788303000632502,0.9553349875930521,0.3638941398865784,0.5270362765229295,0.017013232514177693,385,18,1040,673,0.5
CONTRASTIVE,MLP,42,0.25,DOMAIN_TEMPLATE_OOD,2116,0.02,0.9657124280929567,0.01990632318501171,0.8532169956227939,0.8447207521413946,0.9504373177842566,0.30812854442344045,0.46538187009279086,0.01606805293005671,326,17,1041,732,0.5
BASE,LOGREG,42,1.0,IID_BALANCED,2116,0.005,0.9941252470016481,0.00468384074941452,0.933757155456087,0.9207058651162625,0.9936908517350158,0.29773156899810965,0.4581818181818182,0.001890359168241966,315,2,1056,743,0.5
BASE,LOGREG,42,1.0,TEMPORAL,2116,0.005,0.9941252470016481,0.00468384074941452,0.9482099370719944,0.9418250006253551,0.994475138121547,0.34026465028355385,0.5070422535211268,0.001890359168241966,360,2,1056,698,0.5
BASE,LOGREG,42,1.0,DOMAIN_OOD,2116,0.005,0.9941252470016481,0.00468384074941452,0.9267180762817451,0.924384739905875,0.9793388429752066,0.22400756143667297,0.3646153846153846,0.004725897920604915,237,5,1053,821,0.5
BASE,LOGREG,42,1.0,TEMPLATE_OOD,2116,0.005,0.9941252470016481,0.00468384074941452,0.9412801874570603,0.9336319552888962,0.9968652037617555,0.3005671077504726,0.46187363834422657,0.000945179584120983,318,1,1057,740,0.5
BASE,LOGREG,42,1.0,DOMAIN_TEMPLATE_OOD,2116,0.005,0.9941252470016481,0.00468384074941452,0.9210694680697082,0.9166937653882026,0.9785407725321889,0.21550094517958412,0.35321456235476373,0.004725897920604915,228,5,1053,830,0.5
BASE,LOGREG,42,1.0,IID_BALANCED,2116,0.01,0.9726248383522035,0.00936768149882904,0.933757155456087,0.9207058651162625,0.9879032258064516,0.46313799621928164,0.6306306306306306,0.005671077504725898,490,6,1052,568,0.5
BASE,LOGREG,42,1.0,TEMPORAL,2116,0.01,0.9726248383522035,0.00936768149882904,0.9482099370719944,0.9418250006253551,0.9853479853479854,0.5085066162570888,0.6708229426433915,0.007561436672967864,538,8,1050,520,0.5
BASE,LOGREG,42,1.0,DOMAIN_OOD,2116,0.01,0.9726248383522035,0.00936768149882904,0.9267180762817451,0.924384739905875,0.9684684684684685,0.4064272211720227,0.5725699067909454,0.013232514177693762,430,14,1044,628,0.5
BASE,LOGREG,42,1.0,TEMPLATE_OOD,2116,0.01,0.9726248383522035,0.00936768149882904,0.9412801874570603,0.9336319552888962,0.9860279441117764,0.4669187145557656,0.6337395766516998,0.006616257088846881,494,7,1051,564,0.5
BASE,LOGREG,42,1.0,DOMAIN_TEMPLATE_OOD,2116,0.01,0.9726248383522035,0.00936768149882904,0.9210694680697082,0.9166937653882026,0.9780487804878049,0.3790170132325142,0.5463215258855586,0.008506616257088847,401,9,1049,657,0.5
BASE,LOGREG,42,1.0,IID_BALANCED,2116,0.02,0.9327628612518312,0.01990632318501171,0.933757155456087,0.9207058651162625,0.9767827529021559,0.556710775047259,0.7092113184828417,0.013232514177693762,589,14,1044,469,0.5
BASE,LOGREG,42,1.0,TEMPORAL,2116,0.02,0.9327628612518312,0.01990632318501171,0.9482099370719944,0.9418250006253551,0.9808306709265175,0.5803402646502835,0.7292161520190024,0.011342155009451797,614,12,1046,444,0.5
BASE,LOGREG,42,1.0,DOMAIN_OOD,2116,0.02,0.9327628612518312,0.01990632318501171,0.9267180762817451,0.924384739905875,0.9626998223801065,0.5122873345935728,0.6687230104873535,0.01984877126654064,542,21,1037,516,0.5
BASE,LOGREG,42,1.0,TEMPLATE_OOD,2116,0.02,0.9327628612518312,0.01990632318501171,0.9412801874570603,0.9336319552888962,0.973421926910299,0.553875236294896,0.7060240963855422,0.015122873345935728,586,16,1042,472,0.5
BASE,LOGREG,42,1.0,DOMAIN_TEMPLATE_OOD,2116,0.02,0.9327628612518312,0.01990632318501171,0.9210694680697082,0.9166937653882026,0.9614643545279383,0.4716446124763705,0.6328471781864299,0.01890359168241966,499,20,1038,559,0.5
BASE,XGBOOST,42,1.0,IID_BALANCED,2116,0.005,0.9923813939094545,0.00468384074941452,0.9317935954289526,0.9255693411615883,0.9904988123515439,0.3941398865784499,0.563894523326572,0.003780718336483932,417,4,1054,641,0.5
BASE,XGBOOST,42,1.0,TEMPORAL,2116,0.005,0.9923813939094545,0.00468384074941452,0.9421489578093233,0.9388081088904056,0.9916666666666667,0.33742911153119093,0.5035260930888575,0.002835538752362949,357,3,1055,701,0.5
BASE,XGBOOST,42,1.0,DOMAIN_OOD,2116,0.005,0.9923813939094545,0.00468384074941452,0.9219291742071735,0.9206942513784614,0.987603305785124,0.22589792060491493,0.3676923076923077,0.002835538752362949,239,3,1055,819,0.5
BASE,XGBOOST,42,1.0,TEMPLATE_OOD,2116,0.005,0.9923813939094545,0.00468384074941452,0.9341934681188335,0.9299119857347565,0.9970674486803519,0.32136105860113423,0.4860614724803431,0.000945179584120983,340,1,1057,718,0.5
BASE,XGBOOST,42,1.0,DOMAIN_TEMPLATE_OOD,2116,0.005,0.9923813939094545,0.00468384074941452,0.9127327213244893,0.9111817067549072,0.9864864864864865,0.20699432892249528,0.3421875,0.002835538752362949,219,3,1055,839,0.5
BASE,XGBOOST,42,1.0,IID_BALANCED,2116,0.01,0.9742978215217591,0.00936768149882904,0.9317935954289526,0.9255693411615883,0.9821782178217822,0.46880907372400754,0.6346769033909149,0.008506616257088847,496,9,1049,562,0.5
BASE,XGBOOST,42,1.0,TEMPORAL,2116,0.01,0.9742978215217591,0.00936768149882904,0.9421489578093233,0.9388081088904056,0.9813278008298755,0.44706994328922495,0.6142857142857143,0.008506616257088847,473,9,1049,585,0.5
BASE,XGBOOST,42,1.0,DOMAIN_OOD,2116,0.01,0.9742978215217591,0.00936768149882904,0.9219291742071735,0.9206942513784614,0.9867724867724867,0.35255198487712663,0.5194986072423399,0.004725897920604915,373,5,1053,685,0.5
BASE,XGBOOST,42,1.0,TEMPLATE_OOD,2116,0.01,0.9742978215217591,0.00936768149882904,0.9341934681188335,0.9299119857347565,0.9823399558498896,0.42060491493383745,0.5890138980807412,0.007561436672967864,445,8,1050,613,0.5
BASE,XGBOOST,42,1.0,DOMAIN_TEMPLATE_OOD,2116,0.01,0.9742978215217591,0.00936768149882904,0.9127327213244893,0.9111817067549072,0.9798850574712644,0.3223062381852552,0.4850640113798009,0.006616257088846881,341,7,1051,717,0.5
BASE,XGBOOST,42,1.0,IID_BALANCED,2116,0.02,0.9129865169525148,0.01990632318501171,0.9317935954289526,0.9255693411615883,0.9673202614379085,0.5595463137996219,0.7089820359281437,0.01890359168241966,592,20,1038,466,0.5
BASE,XGBOOST,42,1.0,TEMPORAL,2116,0.02,0.9129865169525148,0.01990632318501171,0.9421489578093233,0.9388081088904056,0.9766277128547579,0.552930056710775,0.7060953530476766,0.013232514177693762,585,14,1044,473,0.5
BASE,XGBOOST,42,1.0,DOMAIN_OOD,2116,0.02,0.9129865169525148,0.01990632318501171,0.9219291742071735,0.9206942513784614,0.9650092081031307,0.4952741020793951,0.6545908806995627,0.017958412098298678,524,19,1039,534,0.5
BASE,XGBOOST,42,1.0,TEMPLATE_OOD,2116,0.02,0.9129865169525148,0.01990632318501171,0.9341934681188335,0.9299119857347565,0.9740932642487047,0.5330812854442344,0.6890653634697618,0.014177693761814745,564,15,1043,494,0.5
BASE,XGBOOST,42,1.0,DOMAIN_TEMPLATE_OOD,2116,0.02,0.9129865169525148,0.01990632318501171,0.9127327213244893,0.9111817067549072,0.9629629629629629,0.4669187145557656,0.6288987905792489,0.017958412098298678,494,19,1039,564,0.5
BASE,MLP,42,1.0,IID_BALANCED,2116,0.005,0.9998250603675843,0.00468384074941452,0.9385647426869208,0.9298369431212725,0.994579945799458,0.34688090737240074,0.5143658023826209,0.001890359168241966,367,2,1056,691,0.5
BASE,MLP,42,1.0,TEMPORAL,2116,0.005,0.9998250603675843,0.00468384074941452,0.9506317634061096,0.9459621713758884,0.99079754601227,0.3052930056710775,0.4667630057803468,0.002835538752362949,323,3,1055,735,0.5
BASE,MLP,42,1.0,DOMAIN_OOD,2116,0.005,0.9998250603675843,0.00468384074941452,0.9355988153417909,0.9318952548054075,0.9914163090128756,0.21833648393194707,0.3578621223857475,0.001890359168241966,231,2,1056,827,0.5
BASE,MLP,42,1.0,TEMPLATE_OOD,2116,0.005,0.9998250603675843,0.00468384074941452,0.9463766034743787,0.941372511533335,0.9966777408637874,0.2835538752362949,0.44150110375275936,0.000945179584120983,300,1,1057,758,0.5
BASE,MLP,42,1.0,DOMAIN_TEMPLATE_OOD,2116,0.005,0.9998250603675843,0.00468384074941452,0.9302703765581436,0.9270304387134123,0.9888268156424581,0.16729678638941398,0.28617623282134197,0.001890359168241966,177,2,1056,881,0.5
BASE,MLP,42,1.0,IID_BALANCED,2116,0.01,0.9949670433998109,0.00936768149882904,0.9385647426869208,0.9298369431212725,0.9866920152091255,0.4905482041587902,0.6553030303030303,0.006616257088846881,519,7,1051,539,0.5
BASE,MLP,42,1.0,TEMPORAL,2116,0.01,0.9949670433998109,0.00936768149882904,0.9506317634061096,0.9459621713758884,0.9903100775193798,0.4829867674858223,0.6493011435832274,0.004725897920604915,511,5,1053,547,0.5
BASE,MLP,42,1.0,DOMAIN_OOD,2116,0.01,0.9949670433998109,0.00936768149882904,0.9355988153417909,0.9318952548054075,0.9762931034482759,0.4281663516068053,0.59526938239159,0.010396975425330813,453,11,1047,605,0.5
BASE,MLP,42,1.0,TEMPLATE_OOD,2116,0.01,0.9949670433998109,0.00936768149882904,0.9463766034743787,0.941372511533335,0.9842829076620825,0.4735349716446125,0.6394384173580089,0.007561436672967864,501,8,1050,557,0.5
BASE,MLP,42,1.0,DOMAIN_TEMPLATE_OOD,2116,0.01,0.9949670433998109,0.00936768149882904,0.9302703765581436,0.9270304387134123,0.9809976247030879,0.390359168241966,0.5584854631507775,0.007561436672967864,413,8,1050,645,0.5
BASE,MLP,42,1.0,IID_BALANCED,2116,0.02,0.8707193732261659,0.01990632318501171,0.9385647426869208,0.9298369431212725,0.9731258840169731,0.6502835538752363,0.7796033994334277,0.017958412098298678,688,19,1039,370,0.5
BASE,MLP,42,1.0,TEMPORAL,2116,0.02,0.8707193732261659,0.01990632318501171,0.9506317634061096,0.9459621713758884,0.9717912552891397,0.6512287334593573,0.77985285795133,0.01890359168241966,689,20,1038,369,0.5
BASE,MLP,42,1.0,DOMAIN_OOD,2116,0.02,0.8707193732261659,0.01990632318501171,0.9355988153417909,0.9318952548054075,0.9538239538239538,0.6247637051039697,0.7549971444888635,0.030245746691871456,661,32,1026,397,0.5
BASE,MLP,42,1.0,TEMPLATE_OOD,2116,0.02,0.8707193732261659,0.01990632318501171,0.9463766034743787,0.941372511533335,0.9682080924855492,0.6332703213610587,0.7657142857142857,0.020793950850661626,670,22,1036,388,0.5
BASE,MLP,42,1.0,DOMAIN_TEMPLATE_OOD,2116,0.02,0.8707193732261659,0.01990632318501171,0.9302703765581436,0.9270304387134123,0.9647239263803681,0.5945179584120983,0.735672514619883,0.021739130434782608,629,23,1035,429,0.5
DAPT,LOGREG,42,1.0,IID_BALANCED,2116,0.005,0.9936721324920655,0.00468384074941452,0.9288733151485472,0.9204485761557457,0.9850299401197605,0.31096408317580343,0.47270114942528735,0.004725897920604915,329,5,1053,729,0.5
DAPT,LOGREG,42,1.0,TEMPORAL,2116,0.005,0.9936721324920655,0.00468384074941452,0.9544885174765394,0.9490407052576284,0.9925742574257426,0.3790170132325142,0.5485636114911081,0.002835538752362949,401,3,1055,657,0.5
DAPT,LOGREG,42,1.0,DOMAIN_OOD,2116,0.005,0.9936721324920655,0.00468384074941452,0.9364811254375499,0.9332192209147337,0.9837662337662337,0.28638941398865786,0.44363103953147875,0.004725897920604915,303,5,1053,755,0.5
DAPT,LOGREG,42,1.0,TEMPLATE_OOD,2116,0.005,0.9936721324920655,0.00468384074941452,0.9490546601113158,0.9422609624751199,0.9943977591036415,0.33553875236294894,0.5017667844522968,0.001890359168241966,355,2,1056,703,0.5
DAPT,LOGREG,42,1.0,DOMAIN_TEMPLATE_OOD,2116,0.005,0.9936721324920655,0.00468384074941452,0.9268142735629623,0.9228454729650051,0.9890909090909091,0.2570888468809074,0.4081020255063766,0.002835538752362949,272,3,1055,786,0.5
DAPT,LOGREG,42,1.0,IID_BALANCED,2116,0.01,0.9721338748931886,0.00936768149882904,0.9288733151485472,0.9204485761557457,0.9858012170385395,0.45935727788279773,0.6266924564796905,0.006616257088846881,486,7,1051,572,0.5
DAPT,LOGREG,42,1.0,TEMPORAL,2116,0.01,0.9721338748931886,0.00936768149882904,0.9544885174765394,0.9490407052576284,0.9859649122807017,0.5311909262759924,0.6904176904176904,0.007561436672967864,562,8,1050,496,0.5
DAPT,LOGREG,42,1.0,DOMAIN_OOD,2116,0.01,0.9721338748931886,0.00936768149882904,0.9364811254375499,0.9332192209147337,0.9755600814663951,0.45274102079395084,0.618463524854745,0.011342155009451797,479,12,1046,579,0.5
DAPT,LOGREG,42,1.0,TEMPLATE_OOD,2116,0.01,0.9721338748931886,0.00936768149882904,0.9490546601113158,0.9422609624751199,0.9833641404805915,0.502835538752363,0.66541588492808,0.008506616257088847,532,9,1049,526,0.5
DAPT,LOGREG,42,1.0,DOMAIN_TEMPLATE_OOD,2116,0.01,0.9721338748931886,0.00936768149882904,0.9268142735629623,0.9228454729650051,0.9798657718120806,0.41398865784499056,0.5820598006644518,0.008506616257088847,438,9,1049,620,0.5
DAPT,LOGREG,42,1.0,IID_BALANCED,2116,0.02,0.9129421710968019,0.01990632318501171,0.9288733151485472,0.9204485761557457,0.9743178170144462,0.5737240075614367,0.7221891731112433,0.015122873345935728,607,16,1042,451,0.5
DAPT,LOGREG,42,1.0,TEMPORAL,2116,0.02,0.9129421710968019,0.01990632318501171,0.9544885174765394,0.9490407052576284,0.9825072886297376,0.6370510396975425,0.7729357798165137,0.011342155009451797,674,12,1046,384,0.5
DAPT,LOGREG,42,1.0,DOMAIN_OOD,2116,0.02,0.9129421710968019,0.01990632318501171,0.9364811254375499,0.9332192209147337,0.9734660033167496,0.554820415879017,0.7068031306441902,0.015122873345935728,587,16,1042,471,0.5
DAPT,LOGREG,42,1.0,TEMPLATE_OOD,2116,0.02,0.9129421710968019,0.01990632318501171,0.9490546601113158,0.9422609624751199,0.9819004524886877,0.6153119092627599,0.7565368971528181,0.011342155009451797,651,12,1046,407,0.5
DAPT,LOGREG,42,1.0,DOMAIN_TEMPLATE_OOD,2116,0.02,0.9129421710968019,0.01990632318501171,0.9268142735629623,0.9228454729650051,0.9754385964912281,0.5255198487712666,0.683046683046683,0.013232514177693762,556,14,1044,502,0.5
DAPT,XGBOOST,42,1.0,IID_BALANCED,2116,0.005,0.992429554462433,0.00468384074941452,0.9261190202940398,0.9169608813576282,0.98989898989899,0.3705103969754253,0.5392022008253095,0.003780718336483932,392,4,1054,666,0.5
DAPT,XGBOOST,42,1.0,TEMPORAL,2116,0.005,0.992429554462433,0.00468384074941452,0.9408170850599991,0.936579164597039,0.9873417721518988,0.3686200378071834,0.5368203716448727,0.004725897920604915,390,5,1053,668,0.5
DAPT,XGBOOST,42,1.0,DOMAIN_OOD,2116,0.005,0.992429554462433,0.00468384074941452,0.9265023341440535,0.9226167716667679,0.9864406779661017,0.27504725897920607,0.43015521064301554,0.003780718336483932,291,4,1054,767,0.5
DAPT,XGBOOST,42,1.0,TEMPLATE_OOD,2116,0.005,0.992429554462433,0.00468384074941452,0.937878878362113,0.9300593908683858,0.9838709677419355,0.34593572778827975,0.5118881118881119,0.005671077504725898,366,6,1052,692,0.5
DAPT,XGBOOST,42,1.0,DOMAIN_TEMPLATE_OOD,2116,0.005,0.992429554462433,0.00468384074941452,0.9127888109406366,0.9134562126350321,0.9800796812749004,0.23251417769376181,0.3758594346829641,0.004725897920604915,246,5,1053,812,0.5
DAPT,XGBOOST,42,1.0,IID_BALANCED,2116,0.01,0.9709704518318177,0.00936768149882904,0.9261190202940398,0.9169608813576282,0.9829867674858223,0.4914933837429111,0.6553245116572148,0.008506616257088847,520,9,1049,538,0.5
DAPT,XGBOOST,42,1.0,TEMPORAL,2116,0.01,0.9709704518318177,0.00936768149882904,0.9408170850599991,0.936579164597039,0.9872727272727273,0.5132325141776938,0.6753731343283582,0.006616257088846881,543,7,1051,515,0.5
DAPT,XGBOOST,42,1.0,DOMAIN_OOD,2116,0.01,0.9709704518318177,0.00936768149882904,0.9265023341440535,0.9226167716667679,0.9807692307692307,0.43383742911153117,0.601572739187418,0.008506616257088847,459,9,1049,599,0.5
DAPT,XGBOOST,42,1.0,TEMPLATE_OOD,2116,0.01,0.9709704518318177,0.00936768149882904,0.937878878362113,0.9300593908683858,0.9883495145631068,0.4810964083175803,0.6471710108073745,0.005671077504725898,509,6,1052,549,0.5
DAPT,XGBOOST,42,1.0,DOMAIN_TEMPLATE_OOD,2116,0.01,0.9709704518318177,0.00936768149882904,0.9127888109406366,0.9134562126350321,0.9855072463768116,0.3856332703213611,0.5543478260869565,0.005671077504725898,408,6,1052,650,0.5
DAPT,XGBOOST,42,1.0,IID_BALANCED,2116,0.02,0.8748275041580201,0.01990632318501171,0.9261190202940398,0.9169608813576282,0.9626749611197511,0.5850661625708885,0.7278071722516167,0.022684310018903593,619,24,1034,439,0.5
DAPT,XGBOOST,42,1.0,TEMPORAL,2116,0.02,0.8748275041580201,0.01990632318501171,0.9408170850599991,0.936579164597039,0.9734513274336283,0.6238185255198487,0.7603686635944701,0.017013232514177693,660,18,1040,398,0.5
DAPT,XGBOOST,42,1.0,DOMAIN_OOD,2116,0.02,0.8748275041580201,0.01990632318501171,0.9265023341440535,0.9226167716667679,0.9685430463576159,0.552930056710775,0.703971119133574,0.017958412098298678,585,19,1039,473,0.5
DAPT,XGBOOST,42,1.0,TEMPLATE_OOD,2116,0.02,0.8748275041580201,0.01990632318501171,0.937878878362113,0.9300593908683858,0.9742033383915023,0.6068052930056711,0.7478159580663949,0.01606805293005671,642,17,1041,416,0.5
DAPT,XGBOOST,42,1.0,DOMAIN_TEMPLATE_OOD,2116,0.02,0.8748275041580201,0.01990632318501171,0.9127888109406366,0.9134562126350321,0.9630281690140845,0.5170132325141777,0.6728167281672817,0.01984877126654064,547,21,1037,511,0.5
DAPT,MLP,42,1.0,IID_BALANCED,2116,0.005,0.9988441467285157,0.00468384074941452,0.9417117545755489,0.9336587562222833,0.9920792079207921,0.4735349716446125,0.6410748560460653,0.003780718336483932,501,4,1054,557,0.5
DAPT,MLP,42,1.0,TEMPORAL,2116,0.005,0.9988441467285157,0.00468384074941452,0.9560375987721997,0.9536321518290742,0.9916492693110647,0.44896030245746693,0.6180871828236825,0.003780718336483932,475,4,1054,583,0.5
DAPT,MLP,42,1.0,DOMAIN_OOD,2116,0.005,0.9988441467285157,0.00468384074941452,0.9450911123524339,0.94203047444799,0.9918478260869565,0.3449905482041588,0.511921458625526,0.002835538752362949,365,3,1055,693,0.5
DAPT,MLP,42,1.0,TEMPLATE_OOD,2116,0.005,0.9988441467285157,0.00468384074941452,0.9537254469455684,0.9492193781468762,0.9931506849315068,0.4111531190926276,0.5815508021390374,0.002835538752362949,435,3,1055,623,0.5
DAPT,MLP,42,1.0,DOMAIN_TEMPLATE_OOD,2116,0.005,0.9988441467285157,0.00468384074941452,0.9338144326711347,0.9339589266762197,0.9874213836477987,0.29678638941398866,0.4563953488372093,0.003780718336483932,314,4,1054,744,0.5
DAPT,MLP,42,1.0,IID_BALANCED,2116,0.01,0.9880155920982362,0.00936768149882904,0.9417117545755489,0.9336587562222833,0.976897689768977,0.5595463137996219,0.7115384615384616,0.013232514177693762,592,14,1044,466,0.5
DAPT,MLP,42,1.0,TEMPORAL,2116,0.01,0.9880155920982362,0.00936768149882904,0.9560375987721997,0.9536321518290742,0.9844827586206897,0.5396975425330813,0.6971916971916972,0.008506616257088847,571,9,1049,487,0.5
DAPT,MLP,42,1.0,DOMAIN_OOD,2116,0.01,0.9880155920982362,0.00936768149882904,0.9450911123524339,0.94203047444799,0.9805825242718447,0.4773156899810964,0.642085187539733,0.00945179584120983,505,10,1048,553,0.5
DAPT,MLP,42,1.0,TEMPLATE_OOD,2116,0.01,0.9880155920982362,0.00936768149882904,0.9537254469455684,0.9492193781468762,0.9838998211091234,0.5198487712665406,0.6802721088435374,0.008506616257088847,550,9,1049,508,0.5
DAPT,MLP,42,1.0,DOMAIN_TEMPLATE_OOD,2116,0.01,0.9880155920982362,0.00936768149882904,0.9338144326711347,0.9339589266762197,0.9846827133479212,0.42533081285444235,0.594059405940594,0.006616257088846881,450,7,1051,608,0.5
DAPT,MLP,42,1.0,IID_BALANCED,2116,0.02,0.8525867462158204,0.01990632318501171,0.9417117545755489,0.9336587562222833,0.9659090909090909,0.6427221172022685,0.771850170261067,0.022684310018903593,680,24,1034,378,0.5
DAPT,MLP,42,1.0,TEMPORAL,2116,0.02,0.8525867462158204,0.01990632318501171,0.9560375987721997,0.9536321518290742,0.9701492537313433,0.6758034026465028,0.7966573816155988,0.020793950850661626,715,22,1036,343,0.5
DAPT,MLP,42,1.0,DOMAIN_OOD,2116,0.02,0.8525867462158204,0.01990632318501171,0.9450911123524339,0.94203047444799,0.9572039942938659,0.6342155009451795,0.762933484934622,0.02835538752362949,671,30,1028,387,0.5
DAPT,MLP,42,1.0,TEMPLATE_OOD,2116,0.02,0.8525867462158204,0.01990632318501171,0.9537254469455684,0.9492193781468762,0.9654218533886584,0.6597353497164461,0.7838293093767547,0.023629489603024575,698,25,1033,360,0.5
DAPT,MLP,42,1.0,DOMAIN_TEMPLATE_OOD,2116,0.02,0.8525867462158204,0.01990632318501171,0.9338144326711347,0.9339589266762197,0.9531722054380665,0.5964083175803403,0.7337209302325581,0.02930056710775047,631,31,1027,427,0.5
CONTRASTIVE,LOGREG,42,1.0,IID_BALANCED,2116,0.005,0.9975478649139405,0.00468384074941452,0.8601003337289939,0.8537499865995335,0.975609756097561,0.1890359168241966,0.3167062549485352,0.004725897920604915,200,5,1053,858,0.5
CONTRASTIVE,LOGREG,42,1.0,TEMPORAL,2116,0.005,0.9975478649139405,0.00468384074941452,0.8737286540603287,0.8722167230677421,0.9705882352941176,0.09357277882797732,0.1706896551724138,0.002835538752362949,99,3,1055,959,0.5
CONTRASTIVE,LOGREG,42,1.0,DOMAIN_OOD,2116,0.005,0.9975478649139405,0.00468384074941452,0.8538682837276447,0.8507402417801535,0.968421052631579,0.08695652173913043,0.1595836947094536,0.002835538752362949,92,3,1055,966,0.5
CONTRASTIVE,LOGREG,42,1.0,TEMPLATE_OOD,2116,0.005,0.9975478649139405,0.00468384074941452,0.879227946158956,0.8778011442211826,0.9734513274336283,0.10396975425330812,0.18787361229718189,0.002835538752362949,110,3,1055,948,0.5
CONTRASTIVE,LOGREG,42,1.0,DOMAIN_TEMPLATE_OOD,2116,0.005,0.9975478649139405,0.00468384074941452,0.843045342884052,0.8431922055738794,0.9512195121951219,0.07372400756143667,0.1368421052631579,0.003780718336483932,78,4,1054,980,0.5
CONTRASTIVE,LOGREG,42,1.0,IID_BALANCED,2116,0.01,0.9908021688461305,0.00936768149882904,0.8601003337289939,0.8537499865995335,0.9551282051282052,0.28166351606805295,0.43503649635036495,0.013232514177693762,298,14,1044,760,0.5
CONTRASTIVE,LOGREG,42,1.0,TEMPORAL,2116,0.01,0.9908021688461305,0.00936768149882904,0.8737286540603287,0.8722167230677421,0.975,0.1843100189035917,0.31001589825119236,0.004725897920604915,195,5,1053,863,0.5
CONTRASTIVE,LOGREG,42,1.0,DOMAIN_OOD,2116,0.01,0.9908021688461305,0.00936768149882904,0.8538682837276447,0.8507402417801535,0.9651162790697675,0.15689981096408318,0.26991869918699185,0.005671077504725898,166,6,1052,892,0.5
CONTRASTIVE,LOGREG,42,1.0,TEMPLATE_OOD,2116,0.01,0.9908021688461305,0.00936768149882904,0.879227946158956,0.8778011442211826,0.9673469387755103,0.22400756143667297,0.36377590176515734,0.007561436672967864,237,8,1050,821,0.5
CONTRASTIVE,LOGREG,42,1.0,DOMAIN_TEMPLATE_OOD,2116,0.01,0.9908021688461305,0.00936768149882904,0.843045342884052,0.8431922055738794,0.976878612716763,0.15973534971644612,0.2745735174654752,0.003780718336483932,169,4,1054,889,0.5
CONTRASTIVE,LOGREG,42,1.0,IID_BALANCED,2116,0.02,0.9674619436264039,0.01990632318501171,0.8601003337289939,0.8537499865995335,0.9316037735849056,0.3733459357277883,0.5330634278002699,0.027410207939508508,395,29,1029,663,0.5
CONTRASTIVE,LOGREG,42,1.0,TEMPORAL,2116,0.02,0.9674619436264039,0.01990632318501171,0.8737286540603287,0.8722167230677421,0.9661016949152542,0.32325141776937616,0.48441926345609065,0.011342155009451797,342,12,1046,716,0.5
CONTRASTIVE,LOGREG,42,1.0,DOMAIN_OOD,2116,0.02,0.9674619436264039,0.01990632318501171,0.8538682837276447,0.8507402417801535,0.9522184300341296,0.2637051039697543,0.41302738712065135,0.013232514177693762,279,14,1044,779,0.5
CONTRASTIVE,LOGREG,42,1.0,TEMPLATE_OOD,2116,0.02,0.9674619436264039,0.01990632318501171,0.879227946158956,0.8778011442211826,0.9538043478260869,0.33175803402646503,0.49228611500701264,0.01606805293005671,351,17,1041,707,0.5
CONTRASTIVE,LOGREG,42,1.0,DOMAIN_TEMPLATE_OOD,2116,0.02,0.9674619436264039,0.01990632318501171,0.843045342884052,0.8431922055738794,0.9432624113475178,0.2514177693761815,0.3970149253731343,0.015122873345935728,266,16,1042,792,0.5
CONTRASTIVE,XGBOOST,42,1.0,IID_BALANCED,2116,0.005,0.993243157863617,0.00468384074941452,0.8718891954363615,0.8712411690924489,0.9763313609467456,0.15595463137996218,0.26894865525672373,0.003780718336483932,165,4,1054,893,0.5
CONTRASTIVE,XGBOOST,42,1.0,TEMPORAL,2116,0.005,0.993243157863617,0.00468384074941452,0.8764976808800724,0.874062414013672,0.9695121951219512,0.1502835538752363,0.2602291325695581,0.004725897920604915,159,5,1053,899,0.5
CONTRASTIVE,XGBOOST,42,1.0,DOMAIN_OOD,2116,0.005,0.993243157863617,0.00468384074941452,0.8502939609809024,0.8450950718443687,0.9690721649484536,0.0888468809073724,0.16277056277056276,0.002835538752362949,94,3,1055,964,0.5
CONTRASTIVE,XGBOOST,42,1.0,TEMPLATE_OOD,2116,0.005,0.993243157863617,0.00468384074941452,0.880736656134506,0.873699708048499,0.9760479041916168,0.15406427221172023,0.26612244897959186,0.003780718336483932,163,4,1054,895,0.5
CONTRASTIVE,XGBOOST,42,1.0,DOMAIN_TEMPLATE_OOD,2116,0.005,0.993243157863617,0.00468384074941452,0.842699361788217,0.8371343012639321,0.97,0.09168241965973535,0.16753022452504318,0.002835538752362949,97,3,1055,961,0.5
CONTRASTIVE,XGBOOST,42,1.0,IID_BALANCED,2116,0.01,0.9703722596168519,0.00936768149882904,0.8718891954363615,0.8712411690924489,0.9649122807017544,0.31190926275992437,0.4714285714285714,0.011342155009451797,330,12,1046,728,0.5
CONTRASTIVE,XGBOOST,42,1.0,TEMPORAL,2116,0.01,0.9703722596168519,0.00936768149882904,0.8764976808800724,0.874062414013672,0.961038961038961,0.27977315689981097,0.4333821376281113,0.011342155009451797,296,12,1046,762,0.5
CONTRASTIVE,XGBOOST,42,1.0,DOMAIN_OOD,2116,0.01,0.9703722596168519,0.00936768149882904,0.8502939609809024,0.8450950718443687,0.9517543859649122,0.2051039697542533,0.33748055987558323,0.010396975425330813,217,11,1047,841,0.5
CONTRASTIVE,XGBOOST,42,1.0,TEMPLATE_OOD,2116,0.01,0.9703722596168519,0.00936768149882904,0.880736656134506,0.873699708048499,0.9619047619047619,0.28638941398865786,0.44136926438455937,0.011342155009451797,303,12,1046,755,0.5
CONTRASTIVE,XGBOOST,42,1.0,DOMAIN_TEMPLATE_OOD,2116,0.01,0.9703722596168519,0.00936768149882904,0.842699361788217,0.8371343012639321,0.9444444444444444,0.19281663516068054,0.3202511773940345,0.011342155009451797,204,12,1046,854,0.5
CONTRASTIVE,XGBOOST,42,1.0,IID_BALANCED,2116,0.02,0.9402825832366944,0.01990632318501171,0.8718891954363615,0.8712411690924489,0.927437641723356,0.38657844990548207,0.5456971314209473,0.030245746691871456,409,32,1026,649,0.5
CONTRASTIVE,XGBOOST,42,1.0,TEMPORAL,2116,0.02,0.9402825832366944,0.01990632318501171,0.8764976808800724,0.874062414013672,0.9526184538653366,0.3610586011342155,0.5236463331048663,0.017958412098298678,382,19,1039,676,0.5
CONTRASTIVE,XGBOOST,42,1.0,DOMAIN_OOD,2116,0.02,0.9402825832366944,0.01990632318501171,0.8502939609809024,0.8450950718443687,0.9409937888198758,0.28638941398865786,0.4391304347826087,0.017958412098298678,303,19,1039,755,0.5
CONTRASTIVE,XGBOOST,42,1.0,TEMPLATE_OOD,2116,0.02,0.9402825832366944,0.01990632318501171,0.880736656134506,0.873699708048499,0.9570707070707071,0.35822306238185253,0.5213204951856947,0.01606805293005671,379,17,1041,679,0.5
CONTRASTIVE,XGBOOST,42,1.0,DOMAIN_TEMPLATE_OOD,2116,0.02,0.9402825832366944,0.01990632318501171,0.842699361788217,0.8371343012639321,0.9417808219178082,0.2599243856332703,0.4074074074074074,0.01606805293005671,275,17,1041,783,0.5
CONTRASTIVE,MLP,42,1.0,IID_BALANCED,2116,0.005,0.9946628808975221,0.00468384074941452,0.8923770407455696,0.8921825250767399,0.9644012944983819,0.28166351606805295,0.4359912216532553,0.010396975425330813,298,11,1047,760,0.5
CONTRASTIVE,MLP,42,1.0,TEMPORAL,2116,0.005,0.9946628808975221,0.00468384074941452,0.8896147632033224,0.8904011563709393,0.9786476868327402,0.2599243856332703,0.4107542942494399,0.005671077504725898,275,6,1052,783,0.5
CONTRASTIVE,MLP,42,1.0,DOMAIN_OOD,2116,0.005,0.9946628808975221,0.00468384074941452,0.8731793769164533,0.8696206059869711,0.9757281553398058,0.1899810964083176,0.3180379746835443,0.004725897920604915,201,5,1053,857,0.5
CONTRASTIVE,MLP,42,1.0,TEMPLATE_OOD,2116,0.005,0.9946628808975221,0.00468384074941452,0.8958824724463705,0.891184636990291,0.9816849816849816,0.2533081285444234,0.4027047332832457,0.004725897920604915,268,5,1053,790,0.5
CONTRASTIVE,MLP,42,1.0,DOMAIN_TEMPLATE_OOD,2116,0.005,0.9946628808975221,0.00468384074941452,0.8644212580757378,0.8590887325302583,0.9791666666666666,0.1776937618147448,0.3008,0.003780718336483932,188,4,1054,870,0.5
CONTRASTIVE,MLP,42,1.0,IID_BALANCED,2116,0.01,0.9826052188873292,0.00936768149882904,0.8923770407455696,0.8921825250767399,0.9483568075117371,0.3818525519848771,0.5444743935309974,0.020793950850661626,404,22,1036,654,0.5
CONTRASTIVE,MLP,42,1.0,TEMPORAL,2116,0.01,0.9826052188873292,0.00936768149882904,0.8896147632033224,0.8904011563709393,0.9731182795698925,0.34215500945179583,0.5062937062937063,0.00945179584120983,362,10,1048,696,0.5
CONTRASTIVE,MLP,42,1.0,DOMAIN_OOD,2116,0.01,0.9826052188873292,0.00936768149882904,0.8731793769164533,0.8696206059869711,0.9579288025889967,0.27977315689981097,0.43306510607168985,0.012287334593572778,296,13,1045,762,0.5
CONTRASTIVE,MLP,42,1.0,TEMPLATE_OOD,2116,0.01,0.9826052188873292,0.00936768149882904,0.8958824724463705,0.891184636990291,0.967479674796748,0.33742911153119093,0.5003503854239664,0.011342155009451797,357,12,1046,701,0.5
CONTRASTIVE,MLP,42,1.0,DOMAIN_TEMPLATE_OOD,2116,0.01,0.9826052188873292,0.00936768149882904,0.8644212580757378,0.8590887325302583,0.9676258992805755,0.2542533081285444,0.4026946107784431,0.008506616257088847,269,9,1049,789,0.5
CONTRASTIVE,MLP,42,1.0,IID_BALANCED,2116,0.02,0.9610196352005006,0.01990632318501171,0.8923770407455696,0.8921825250767399,0.9428571428571428,0.4678638941398866,0.6253948199620973,0.02835538752362949,495,30,1028,563,0.5
CONTRASTIVE,MLP,42,1.0,TEMPORAL,2116,0.02,0.9610196352005006,0.01990632318501171,0.8896147632033224,0.8904011563709393,0.9575892857142857,0.4054820415879017,0.5697211155378487,0.017958412098298678,429,19,1039,629,0.5
CONTRASTIVE,MLP,42,1.0,DOMAIN_OOD,2116,0.02,0.9610196352005006,0.01990632318501171,0.8731793769164533,0.8696206059869711,0.9454545454545454,0.3440453686200378,0.5045045045045045,0.01984877126654064,364,21,1037,694,0.5
CONTRASTIVE,MLP,42,1.0,TEMPLATE_OOD,2116,0.02,0.9610196352005006,0.01990632318501171,0.8958824724463705,0.891184636990291,0.9487750556792873,0.40264650283553877,0.5653616456536165,0.021739130434782608,426,23,1035,632,0.5
CONTRASTIVE,MLP,42,1.0,DOMAIN_TEMPLATE_OOD,2116,0.02,0.9610196352005006,0.01990632318501171,0.8644212580757378,0.8590887325302583,0.95,0.32325141776937616,0.4823695345557123,0.017013232514177693,342,18,1040,716,0.5
BASE,LOGREG,52,0.1,IID_BALANCED,2116,0.005,0.9896670579910279,0.00468384074941452,0.8993387007893024,0.8850829578224777,0.9704301075268817,0.34120982986767484,0.5048951048951049,0.010396975425330813,361,11,1047,697,0.5
BASE,LOGREG,52,0.1,TEMPORAL,2116,0.005,0.9896670579910279,0.00468384074941452,0.9077305932935623,0.8929499251360594,0.9741379310344828,0.32041587901701324,0.4822190611664296,0.008506616257088847,339,9,1049,719,0.5
BASE,LOGREG,52,0.1,DOMAIN_OOD,2116,0.005,0.9896670579910279,0.00468384074941452,0.8863302837120643,0.8710365886342601,0.9743589743589743,0.32325141776937616,0.4854506742370476,0.008506616257088847,342,9,1049,716,0.5
BASE,LOGREG,52,0.1,TEMPLATE_OOD,2116,0.005,0.9896670579910279,0.00468384074941452,0.9000148875528355,0.8841636858072977,0.9836065573770492,0.34026465028355385,0.5056179775280899,0.005671077504725898,360,6,1052,698,0.5
BASE,LOGREG,52,0.1,DOMAIN_TEMPLATE_OOD,2116,0.005,0.9896670579910279,0.00468384074941452,0.8751438782568317,0.8573940201757426,0.9823529411764705,0.31568998109640833,0.47782546494992845,0.005671077504725898,334,6,1052,724,0.5
BASE,LOGREG,52,0.1,IID_BALANCED,2116,0.01,0.9824826121330262,0.00936768149882904,0.8993387007893024,0.8850829578224777,0.9673659673659674,0.39224952741020797,0.5581708137188971,0.013232514177693762,415,14,1044,643,0.5
BASE,LOGREG,52,0.1,TEMPORAL,2116,0.01,0.9824826121330262,0.00936768149882904,0.9077305932935623,0.8929499251360594,0.96875,0.3809073724007561,0.5468113975576662,0.012287334593572778,403,13,1045,655,0.5
BASE,LOGREG,52,0.1,DOMAIN_OOD,2116,0.01,0.9824826121330262,0.00936768149882904,0.8863302837120643,0.8710365886342601,0.9604938271604938,0.3676748582230624,0.531784005468216,0.015122873345935728,389,16,1042,669,0.5
BASE,LOGREG,52,0.1,TEMPLATE_OOD,2116,0.01,0.9824826121330262,0.00936768149882904,0.9000148875528355,0.8841636858072977,0.9736842105263158,0.3846880907372401,0.551490514905149,0.010396975425330813,407,11,1047,651,0.5
BASE,LOGREG,52,0.1,DOMAIN_TEMPLATE_OOD,2116,0.01,0.9824826121330262,0.00936768149882904,0.8751438782568317,0.8573940201757426,0.9769820971867008,0.3610586011342155,0.5272601794340924,0.008506616257088847,382,9,1049,676,0.5
BASE,LOGREG,52,0.1,IID_BALANCED,2116,0.02,0.9524946808815004,0.01990632318501171,0.8993387007893024,0.8850829578224777,0.9624765478424016,0.4848771266540643,0.64487743557511,0.01890359168241966,513,20,1038,545,0.5
BASE,LOGREG,52,0.1,TEMPORAL,2116,0.02,0.9524946808815004,0.01990632318501171,0.9077305932935623,0.8929499251360594,0.9684601113172542,0.4933837429111531,0.6537257357545397,0.01606805293005671,522,17,1041,536,0.5
BASE,LOGREG,52,0.1,DOMAIN_OOD,2116,0.02,0.9524946808815004,0.01990632318501171,0.8863302837120643,0.8710365886342601,0.9536679536679536,0.4669187145557656,0.6269035532994924,0.022684310018903593,494,24,1034,564,0.5
BASE,LOGREG,52,0.1,TEMPLATE_OOD,2116,0.02,0.9524946808815004,0.01990632318501171,0.9000148875528355,0.8841636858072977,0.9537037037037037,0.4867674858223062,0.6445556946182729,0.023629489603024575,515,25,1033,543,0.5
BASE,LOGREG,52,0.1,DOMAIN_TEMPLATE_OOD,2116,0.02,0.9524946808815004,0.01990632318501171,0.8751438782568317,0.8573940201757426,0.9567010309278351,0.43856332703213613,0.6014257939079715,0.01984877126654064,464,21,1037,594,0.5
BASE,XGBOOST,52,0.1,IID_BALANCED,2116,0.005,0.9863870143890382,0.00468384074941452,0.8764367621109189,0.882853120164665,0.9614243323442137,0.30623818525519847,0.4645161290322581,0.012287334593572778,324,13,1045,734,0.5
BASE,XGBOOST,52,0.1,TEMPORAL,2116,0.005,0.9863870143890382,0.00468384074941452,0.8787728252572038,0.8753300981628853,0.9504132231404959,0.21739130434782608,0.35384615384615387,0.011342155009451797,230,12,1046,828,0.5
BASE,XGBOOST,52,0.1,DOMAIN_OOD,2116,0.005,0.9863870143890382,0.00468384074941452,0.8364268564812029,0.8384198527020701,0.9323308270676691,0.11720226843100189,0.20822837951301426,0.008506616257088847,124,9,1049,934,0.5
BASE,XGBOOST,52,0.1,TEMPLATE_OOD,2116,0.005,0.9863870143890382,0.00468384074941452,0.871438098651738,0.8628712375956347,0.9783549783549783,0.21361058601134217,0.35065942591155935,0.004725897920604915,226,5,1053,832,0.5
BASE,XGBOOST,52,0.1,DOMAIN_TEMPLATE_OOD,2116,0.005,0.9863870143890382,0.00468384074941452,0.8348014515694074,0.8318152093510244,0.9477611940298507,0.12003780718336483,0.21308724832214765,0.006616257088846881,127,7,1051,931,0.5
BASE,XGBOOST,52,0.1,IID_BALANCED,2116,0.01,0.9813884496688844,0.00936768149882904,0.8764367621109189,0.882853120164665,0.9626865671641791,0.3657844990548204,0.5301369863013699,0.014177693761814745,387,15,1043,671,0.5
BASE,XGBOOST,52,0.1,TEMPORAL,2116,0.01,0.9813884496688844,0.00936768149882904,0.8787728252572038,0.8753300981628853,0.9455782312925171,0.2627599243856333,0.41124260355029585,0.015122873345935728,278,16,1042,780,0.5
BASE,XGBOOST,52,0.1,DOMAIN_OOD,2116,0.01,0.9813884496688844,0.00936768149882904,0.8364268564812029,0.8384198527020701,0.9217877094972067,0.15595463137996218,0.2667744543249798,0.013232514177693762,165,14,1044,893,0.5
BASE,XGBOOST,52,0.1,TEMPLATE_OOD,2116,0.01,0.9813884496688844,0.00936768149882904,0.871438098651738,0.8628712375956347,0.9678571428571429,0.2561436672967864,0.40508221225710017,0.008506616257088847,271,9,1049,787,0.5
BASE,XGBOOST,52,0.1,DOMAIN_TEMPLATE_OOD,2116,0.01,0.9813884496688844,0.00936768149882904,0.8348014515694074,0.8318152093510244,0.9405405405405406,0.16446124763705103,0.27996781979082863,0.010396975425330813,174,11,1047,884,0.5
BASE,XGBOOST,52,0.1,IID_BALANCED,2116,0.02,0.9601421356201173,0.01990632318501171,0.8764367621109189,0.882853120164665,0.9420289855072463,0.43005671077504726,0.5905256327060351,0.026465028355387523,455,28,1030,603,0.5
BASE,XGBOOST,52,0.1,TEMPORAL,2116,0.02,0.9601421356201173,0.01990632318501171,0.8787728252572038,0.8753300981628853,0.9507389162561576,0.3648393194706994,0.5273224043715847,0.01890359168241966,386,20,1038,672,0.5
BASE,XGBOOST,52,0.1,DOMAIN_OOD,2116,0.02,0.9601421356201173,0.01990632318501171,0.8364268564812029,0.8384198527020701,0.9186440677966101,0.2561436672967864,0.4005912786400591,0.022684310018903593,271,24,1034,787,0.5
BASE,XGBOOST,52,0.1,TEMPLATE_OOD,2116,0.02,0.9601421356201173,0.01990632318501171,0.871438098651738,0.8628712375956347,0.949748743718593,0.3572778827977316,0.5192307692307693,0.01890359168241966,378,20,1038,680,0.5
BASE,XGBOOST,52,0.1,DOMAIN_TEMPLATE_OOD,2116,0.02,0.9601421356201173,0.01990632318501171,0.8348014515694074,0.8318152093510244,0.921311475409836,0.2655954631379962,0.41232575201760824,0.022684310018903593,281,24,1034,777,0.5
BASE,MLP,52,0.1,IID_BALANCED,2116,0.005,0.9404240846633912,0.00468384074941452,0.8645084382027931,0.8702977762372204,0.9596774193548387,0.22495274102079396,0.36447166921898927,0.00945179584120983,238,10,1048,820,0.5
BASE,MLP,52,0.1,TEMPORAL,2116,0.005,0.9404240846633912,0.00468384074941452,0.8666923655864271,0.861433814201636,0.9791666666666666,0.1776937618147448,0.3008,0.003780718336483932,188,4,1054,870,0.5
BASE,MLP,52,0.1,DOMAIN_OOD,2116,0.005,0.9404240846633912,0.00468384074941452,0.768855852453407,0.7993726794858509,0.8934426229508197,0.10302457466918714,0.1847457627118644,0.012287334593572778,109,13,1045,949,0.5
BASE,MLP,52,0.1,TEMPLATE_OOD,2116,0.005,0.9404240846633912,0.00468384074941452,0.8309171995376536,0.8368716521167378,0.9521531100478469,0.1880907372400756,0.31412786108918705,0.00945179584120983,199,10,1048,859,0.5
BASE,MLP,52,0.1,DOMAIN_TEMPLATE_OOD,2116,0.005,0.9404240846633912,0.00468384074941452,0.7786947393420228,0.798069260758788,0.8849557522123894,0.0945179584120983,0.1707941929974381,0.012287334593572778,100,13,1045,958,0.5
BASE,MLP,52,0.1,IID_BALANCED,2116,0.01,0.9207226037979127,0.00936768149882904,0.8645084382027931,0.8702977762372204,0.9379084967320261,0.2712665406427221,0.4208211143695015,0.017958412098298678,287,19,1039,771,0.5
BASE,MLP,52,0.1,TEMPORAL,2116,0.01,0.9207226037979127,0.00936768149882904,0.8666923655864271,0.861433814201636,0.9558232931726908,0.22495274102079396,0.3641928079571538,0.010396975425330813,238,11,1047,820,0.5
BASE,MLP,52,0.1,DOMAIN_OOD,2116,0.01,0.9207226037979127,0.00936768149882904,0.768855852453407,0.7993726794858509,0.806060606060606,0.12570888468809074,0.21749795584627965,0.030245746691871456,133,32,1026,925,0.5
BASE,MLP,52,0.1,TEMPLATE_OOD,2116,0.01,0.9207226037979127,0.00936768149882904,0.8309171995376536,0.8368716521167378,0.9259259259259259,0.23629489603024575,0.37650602409638556,0.01890359168241966,250,20,1038,808,0.5
BASE,MLP,52,0.1,DOMAIN_TEMPLATE_OOD,2116,0.01,0.9207226037979127,0.00936768149882904,0.7786947393420228,0.798069260758788,0.8376623376623377,0.1219281663516068,0.21287128712871287,0.023629489603024575,129,25,1033,929,0.5
BASE,MLP,52,0.1,IID_BALANCED,2116,0.02,0.8975333571434022,0.01990632318501171,0.8645084382027931,0.8702977762372204,0.9224376731301939,0.31474480151228734,0.4693446088794926,0.026465028355387523,333,28,1030,725,0.5
BASE,MLP,52,0.1,TEMPORAL,2116,0.02,0.8975333571434022,0.01990632318501171,0.8666923655864271,0.861433814201636,0.9383561643835616,0.2589792060491493,0.4059259259259259,0.017013232514177693,274,18,1040,784,0.5
BASE,MLP,52,0.1,DOMAIN_OOD,2116,0.02,0.8975333571434022,0.01990632318501171,0.768855852453407,0.7993726794858509,0.7794871794871795,0.14366729678638943,0.24261771747805266,0.04064272211720227,152,43,1015,906,0.5
BASE,MLP,52,0.1,TEMPLATE_OOD,2116,0.02,0.8975333571434022,0.01990632318501171,0.8309171995376536,0.8368716521167378,0.9032258064516129,0.2646502835538752,0.4093567251461988,0.02835538752362949,280,30,1028,778,0.5
BASE,MLP,52,0.1,DOMAIN_TEMPLATE_OOD,2116,0.02,0.8975333571434022,0.01990632318501171,0.7786947393420228,0.798069260758788,0.8121546961325967,0.1389413988657845,0.23728813559322035,0.03213610586011342,147,34,1024,911,0.5
DAPT,LOGREG,52,0.1,IID_BALANCED,2116,0.005,0.9873433113098146,0.00468384074941452,0.8968748742477421,0.8851883748271339,0.9777158774373259,0.33175803402646503,0.4954128440366973,0.007561436672967864,351,8,1050,707,0.5
DAPT,LOGREG,52,0.1,TEMPORAL,2116,0.005,0.9873433113098146,0.00468384074941452,0.9114417940633499,0.8992195568197655,0.9789156626506024,0.30718336483931946,0.4676258992805755,0.006616257088846881,325,7,1051,733,0.5
DAPT,LOGREG,52,0.1,DOMAIN_OOD,2116,0.005,0.9873433113098146,0.00468384074941452,0.8934272506721398,0.8802641499994639,0.9785714285714285,0.2589792060491493,0.40956651718983555,0.005671077504725898,274,6,1052,784,0.5
DAPT,LOGREG,52,0.1,TEMPLATE_OOD,2116,0.005,0.9873433113098146,0.00468384074941452,0.9083459965035463,0.8954352650254966,0.9781931464174455,0.29678638941398866,0.45540246555474984,0.006616257088846881,314,7,1051,744,0.5
DAPT,LOGREG,52,0.1,DOMAIN_TEMPLATE_OOD,2116,0.005,0.9873433113098146,0.00468384074941452,0.8790238230420211,0.8661472050199934,0.9742647058823529,0.2504725897920605,0.39849624060150374,0.006616257088846881,265,7,1051,793,0.5
DAPT,LOGREG,52,0.1,IID_BALANCED,2116,0.01,0.9782524704933168,0.00936768149882904,0.8968748742477421,0.8851883748271339,0.9801324503311258,0.41965973534971646,0.5876902713434812,0.008506616257088847,444,9,1049,614,0.5
DAPT,LOGREG,52,0.1,TEMPORAL,2116,0.01,0.9782524704933168,0.00936768149882904,0.9114417940633499,0.8992195568197655,0.9809069212410502,0.388468809073724,0.5565335138794855,0.007561436672967864,411,8,1050,647,0.5
DAPT,LOGREG,52,0.1,DOMAIN_OOD,2116,0.01,0.9782524704933168,0.00936768149882904,0.8934272506721398,0.8802641499994639,0.964769647696477,0.33648393194706994,0.4989488437281009,0.012287334593572778,356,13,1045,702,0.5
DAPT,LOGREG,52,0.1,TEMPLATE_OOD,2116,0.01,0.9782524704933168,0.00936768149882904,0.9083459965035463,0.8954352650254966,0.9751243781094527,0.3705103969754253,0.536986301369863,0.00945179584120983,392,10,1048,666,0.5
DAPT,LOGREG,52,0.1,DOMAIN_TEMPLATE_OOD,2116,0.01,0.9782524704933168,0.00936768149882904,0.8790238230420211,0.8661472050199934,0.9719887955182073,0.3279773156899811,0.49045936395759715,0.00945179584120983,347,10,1048,711,0.5
DAPT,LOGREG,52,0.1,IID_BALANCED,2116,0.02,0.9434404373168946,0.01990632318501171,0.8968748742477421,0.8851883748271339,0.9528795811518325,0.5160680529300568,0.6695278969957081,0.02551984877126654,546,27,1031,512,0.5
DAPT,LOGREG,52,0.1,TEMPORAL,2116,0.02,0.9434404373168946,0.01990632318501171,0.9114417940633499,0.8992195568197655,0.9725776965265083,0.502835538752363,0.6629283489096574,0.014177693761814745,532,15,1043,526,0.5
DAPT,LOGREG,52,0.1,DOMAIN_OOD,2116,0.02,0.9434404373168946,0.01990632318501171,0.8934272506721398,0.8802641499994639,0.9541108986615678,0.4716446124763705,0.6312460468058191,0.022684310018903593,499,24,1034,559,0.5
DAPT,LOGREG,52,0.1,TEMPLATE_OOD,2116,0.02,0.9434404373168946,0.01990632318501171,0.9083459965035463,0.8954352650254966,0.974025974025974,0.4962192816635161,0.6574827802128992,0.013232514177693762,525,14,1044,533,0.5
DAPT,LOGREG,52,0.1,DOMAIN_TEMPLATE_OOD,2116,0.02,0.9434404373168946,0.01990632318501171,0.8790238230420211,0.8661472050199934,0.9637826961770624,0.45274102079395084,0.6160771704180065,0.017013232514177693,479,18,1040,579,0.5
DAPT,XGBOOST,52,0.1,IID_BALANCED,2116,0.005,0.9941792488098146,0.00468384074941452,0.8557077699458839,0.8490388291922915,0.9672131147540983,0.22306238185255198,0.36251920122887865,0.007561436672967864,236,8,1050,822,0.5
DAPT,XGBOOST,52,0.1,TEMPORAL,2116,0.005,0.9941792488098146,0.00468384074941452,0.8721501149394122,0.8686959737851137,0.9481481481481482,0.12098298676748583,0.2145850796311819,0.006616257088846881,128,7,1051,930,0.5
DAPT,XGBOOST,52,0.1,DOMAIN_OOD,2116,0.005,0.9941792488098146,0.00468384074941452,0.829844512882864,0.8346525348322797,0.9634146341463414,0.07466918714555766,0.13859649122807016,0.002835538752362949,79,3,1055,979,0.5
DAPT,XGBOOST,52,0.1,TEMPLATE_OOD,2116,0.005,0.9941792488098146,0.00468384074941452,0.8696956918327673,0.8604421796663104,0.9785714285714285,0.12948960302457466,0.2287145242070117,0.002835538752362949,137,3,1055,921,0.5
DAPT,XGBOOST,52,0.1,DOMAIN_TEMPLATE_OOD,2116,0.005,0.9941792488098146,0.00468384074941452,0.8215207661062929,0.8258636154101794,0.922077922077922,0.0671077504725898,0.12511013215859032,0.005671077504725898,71,6,1052,987,0.5
DAPT,XGBOOST,52,0.1,IID_BALANCED,2116,0.01,0.9891316890716554,0.00936768149882904,0.8557077699458839,0.8490388291922915,0.9508196721311475,0.32892249527410206,0.4887640449438202,0.017013232514177693,348,18,1040,710,0.5
DAPT,XGBOOST,52,0.1,TEMPORAL,2116,0.01,0.9891316890716554,0.00936768149882904,0.8721501149394122,0.8686959737851137,0.9487179487179487,0.20982986767485823,0.34365325077399383,0.011342155009451797,222,12,1046,836,0.5
DAPT,XGBOOST,52,0.1,DOMAIN_OOD,2116,0.01,0.9891316890716554,0.00936768149882904,0.829844512882864,0.8346525348322797,0.9512195121951219,0.14744801512287334,0.2553191489361702,0.007561436672967864,156,8,1050,902,0.5
DAPT,XGBOOST,52,0.1,TEMPLATE_OOD,2116,0.01,0.9891316890716554,0.00936768149882904,0.8696956918327673,0.8604421796663104,0.9557522123893806,0.20415879017013233,0.3364485981308411,0.00945179584120983,216,10,1048,842,0.5
DAPT,XGBOOST,52,0.1,DOMAIN_TEMPLATE_OOD,2116,0.01,0.9891316890716554,0.00936768149882904,0.8215207661062929,0.8258636154101794,0.9305555555555556,0.1266540642722117,0.22296173044925124,0.00945179584120983,134,10,1048,924,0.5
DAPT,XGBOOST,52,0.1,IID_BALANCED,2116,0.02,0.972596049308777,0.01990632318501171,0.8557077699458839,0.8490388291922915,0.926829268292683,0.43100189035916825,0.5883870967741935,0.034026465028355386,456,36,1022,602,0.5
DAPT,XGBOOST,52,0.1,TEMPORAL,2116,0.02,0.972596049308777,0.01990632318501171,0.8721501149394122,0.8686959737851137,0.9484536082474226,0.34782608695652173,0.5089903181189488,0.01890359168241966,368,20,1038,690,0.5
DAPT,XGBOOST,52,0.1,DOMAIN_OOD,2116,0.02,0.972596049308777,0.01990632318501171,0.829844512882864,0.8346525348322797,0.918918918918919,0.2570888468809074,0.4017725258493353,0.022684310018903593,272,24,1034,786,0.5
DAPT,XGBOOST,52,0.1,TEMPLATE_OOD,2116,0.02,0.972596049308777,0.01990632318501171,0.8696956918327673,0.8604421796663104,0.9521276595744681,0.3383742911153119,0.499302649930265,0.017013232514177693,358,18,1040,700,0.5
DAPT,XGBOOST,52,0.1,DOMAIN_TEMPLATE_OOD,2116,0.02,0.972596049308777,0.01990632318501171,0.8215207661062929,0.8258636154101794,0.9309090909090909,0.24196597353497165,0.3840960240060015,0.017958412098298678,256,19,1039,802,0.5
DAPT,MLP,52,0.1,IID_BALANCED,2116,0.005,0.9954718351364137,0.00468384074941452,0.850799786323265,0.8575467854960493,0.9477611940298507,0.12003780718336483,0.21308724832214765,0.006616257088846881,127,7,1051,931,0.5
DAPT,MLP,52,0.1,TEMPORAL,2116,0.005,0.9954718351364137,0.00468384074941452,0.8654512631810157,0.8633750951433135,1.0,0.03780718336483932,0.07285974499089254,0.0,40,0,1058,1018,0.5
DAPT,MLP,52,0.1,DOMAIN_OOD,2116,0.005,0.9954718351364137,0.00468384074941452,0.8051290394871135,0.8268391693854724,0.8297872340425532,0.036862003780718335,0.07058823529411765,0.007561436672967864,39,8,1050,1019,0.5
DAPT,MLP,52,0.1,TEMPLATE_OOD,2116,0.005,0.9954718351364137,0.00468384074941452,0.8420466366337573,0.8527333378597132,0.8958333333333334,0.04064272211720227,0.07775768535262206,0.004725897920604915,43,5,1053,1015,0.5
DAPT,MLP,52,0.1,DOMAIN_TEMPLATE_OOD,2116,0.005,0.9954718351364137,0.00468384074941452,0.8073562308655637,0.8175329919489996,0.88,0.020793950850661626,0.040627885503231764,0.002835538752362949,22,3,1055,1036,0.5
DAPT,MLP,52,0.1,IID_BALANCED,2116,0.01,0.9874181747436525,0.00936768149882904,0.850799786323265,0.8575467854960493,0.9276595744680851,0.2060491493383743,0.337200309358082,0.01606805293005671,218,17,1041,840,0.5
DAPT,MLP,52,0.1,TEMPORAL,2116,0.01,0.9874181747436525,0.00936768149882904,0.8654512631810157,0.8633750951433135,0.9455782312925171,0.13137996219281664,0.23070539419087138,0.007561436672967864,139,8,1050,919,0.5
DAPT,MLP,52,0.1,DOMAIN_OOD,2116,0.01,0.9874181747436525,0.00936768149882904,0.8051290394871135,0.8268391693854724,0.8782608695652174,0.09546313799621928,0.17220801364023872,0.013232514177693762,101,14,1044,957,0.5
DAPT,MLP,52,0.1,TEMPLATE_OOD,2116,0.01,0.9874181747436525,0.00936768149882904,0.8420466366337573,0.8527333378597132,0.9013157894736842,0.12948960302457466,0.22644628099173553,0.014177693761814745,137,15,1043,921,0.5
DAPT,MLP,52,0.1,DOMAIN_TEMPLATE_OOD,2116,0.01,0.9874181747436525,0.00936768149882904,0.8073562308655637,0.8175329919489996,0.9090909090909091,0.08506616257088846,0.15557476231633535,0.008506616257088847,90,9,1049,968,0.5
DAPT,MLP,52,0.1,IID_BALANCED,2116,0.02,0.9802942276000978,0.01990632318501171,0.850799786323265,0.8575467854960493,0.9146757679180887,0.2533081285444234,0.39674315321983716,0.023629489603024575,268,25,1033,790,0.5
DAPT,MLP,52,0.1,TEMPORAL,2116,0.02,0.9802942276000978,0.01990632318501171,0.8654512631810157,0.8633750951433135,0.95260663507109,0.1899810964083176,0.31678486997635935,0.00945179584120983,201,10,1048,857,0.5
DAPT,MLP,52,0.1,DOMAIN_OOD,2116,0.02,0.9802942276000978,0.01990632318501171,0.8051290394871135,0.8268391693854724,0.8703703703703703,0.1332703213610586,0.23114754098360657,0.01984877126654064,141,21,1037,917,0.5
DAPT,MLP,52,0.1,TEMPLATE_OOD,2116,0.02,0.9802942276000978,0.01990632318501171,0.8420466366337573,0.8527333378597132,0.9230769230769231,0.18147448015122875,0.3033175355450237,0.015122873345935728,192,16,1042,866,0.5
DAPT,MLP,52,0.1,DOMAIN_TEMPLATE_OOD,2116,0.02,0.9802942276000978,0.01990632318501171,0.8073562308655637,0.8175329919489996,0.8943661971830986,0.12003780718336483,0.21166666666666667,0.014177693761814745,127,15,1043,931,0.5
CONTRASTIVE,LOGREG,52,0.1,IID_BALANCED,2116,0.005,0.9946445226669313,0.00468384074941452,0.8502978633913442,0.8542466972316423,0.9428571428571428,0.18714555765595464,0.31230283911671924,0.011342155009451797,198,12,1046,860,0.5
CONTRASTIVE,LOGREG,52,0.1,TEMPORAL,2116,0.005,0.9946445226669313,0.00468384074941452,0.85056200105551,0.8349272443994984,0.9604743083003953,0.22967863894139887,0.3707093821510298,0.00945179584120983,243,10,1048,815,0.5
CONTRASTIVE,LOGREG,52,0.1,DOMAIN_OOD,2116,0.005,0.9946445226669313,0.00468384074941452,0.8147625360298492,0.8066946944872266,0.9157303370786517,0.15406427221172023,0.26375404530744334,0.014177693761814745,163,15,1043,895,0.5
CONTRASTIVE,LOGREG,52,0.1,TEMPLATE_OOD,2116,0.005,0.9946445226669313,0.00468384074941452,0.8602993704933364,0.8442856836560761,0.9721115537848606,0.23062381852551986,0.372803666921314,0.006616257088846881,244,7,1051,814,0.5
CONTRASTIVE,LOGREG,52,0.1,DOMAIN_TEMPLATE_OOD,2116,0.005,0.9946445226669313,0.00468384074941452,0.8107557332388378,0.7976198984423297,0.9272727272727272,0.1446124763705104,0.25020441537203597,0.011342155009451797,153,12,1046,905,0.5
CONTRASTIVE,LOGREG,52,0.1,IID_BALANCED,2116,0.01,0.9908534288406373,0.00936768149882904,0.8502978633913442,0.8542466972316423,0.9425287356321839,0.23251417769376181,0.3730098559514784,0.014177693761814745,246,15,1043,812,0.5
CONTRASTIVE,LOGREG,52,0.1,TEMPORAL,2116,0.01,0.9908534288406373,0.00936768149882904,0.85056200105551,0.8349272443994984,0.9533333333333334,0.27032136105860116,0.4212076583210604,0.013232514177693762,286,14,1044,772,0.5
CONTRASTIVE,LOGREG,52,0.1,DOMAIN_OOD,2116,0.01,0.9908534288406373,0.00936768149882904,0.8147625360298492,0.8066946944872266,0.9209302325581395,0.18714555765595464,0.3110761979575805,0.01606805293005671,198,17,1041,860,0.5
CONTRASTIVE,LOGREG,52,0.1,TEMPLATE_OOD,2116,0.01,0.9908534288406373,0.00936768149882904,0.8602993704933364,0.8442856836560761,0.9547038327526133,0.2589792060491493,0.4074349442379182,0.012287334593572778,274,13,1045,784,0.5
CONTRASTIVE,LOGREG,52,0.1,DOMAIN_TEMPLATE_OOD,2116,0.01,0.9908534288406373,0.00936768149882904,0.8107557332388378,0.7976198984423297,0.9336734693877551,0.17296786389413987,0.291866028708134,0.012287334593572778,183,13,1045,875,0.5
CONTRASTIVE,LOGREG,52,0.1,IID_BALANCED,2116,0.02,0.9735143780708314,0.01990632318501171,0.8502978633913442,0.8542466972316423,0.9262899262899262,0.3563327032136106,0.5146757679180888,0.02835538752362949,377,30,1028,681,0.5
CONTRASTIVE,LOGREG,52,0.1,TEMPORAL,2116,0.02,0.9735143780708314,0.01990632318501171,0.85056200105551,0.8349272443994984,0.9369158878504673,0.3790170132325142,0.5397039030955586,0.02551984877126654,401,27,1031,657,0.5
CONTRASTIVE,LOGREG,52,0.1,DOMAIN_OOD,2116,0.02,0.9735143780708314,0.01990632318501171,0.8147625360298492,0.8066946944872266,0.9154078549848943,0.28638941398865786,0.43628509719222464,0.026465028355387523,303,28,1030,755,0.5
CONTRASTIVE,LOGREG,52,0.1,TEMPLATE_OOD,2116,0.02,0.9735143780708314,0.01990632318501171,0.8602993704933364,0.8442856836560761,0.9439024390243902,0.3657844990548204,0.5272479564032697,0.021739130434782608,387,23,1035,671,0.5
CONTRASTIVE,LOGREG,52,0.1,DOMAIN_TEMPLATE_OOD,2116,0.02,0.9735143780708314,0.01990632318501171,0.8107557332388378,0.7976198984423297,0.9193548387096774,0.26937618147448017,0.4166666666666667,0.023629489603024575,285,25,1033,773,0.5
CONTRASTIVE,XGBOOST,52,0.1,IID_BALANCED,2116,0.005,0.9882668852806092,0.00468384074941452,0.8113295074161863,0.8183941952751741,0.9166666666666666,0.10396975425330812,0.1867572156196944,0.00945179584120983,110,10,1048,948,0.5
CONTRASTIVE,XGBOOST,52,0.1,TEMPORAL,2116,0.005,0.9882668852806092,0.00468384074941452,0.8360297263567084,0.8198271518469417,0.9647058823529412,0.15500945179584122,0.2671009771986971,0.005671077504725898,164,6,1052,894,0.5
CONTRASTIVE,XGBOOST,52,0.1,DOMAIN_OOD,2116,0.005,0.9882668852806092,0.00468384074941452,0.8028728301058655,0.7880233775608292,0.9775280898876404,0.08223062381852551,0.15170008718395817,0.001890359168241966,87,2,1056,971,0.5
CONTRASTIVE,XGBOOST,52,0.1,TEMPLATE_OOD,2116,0.005,0.9882668852806092,0.00468384074941452,0.840882769323098,0.8261485986685295,0.9705882352941176,0.12476370510396975,0.22110552763819097,0.003780718336483932,132,4,1054,926,0.5
CONTRASTIVE,XGBOOST,52,0.1,DOMAIN_TEMPLATE_OOD,2116,0.005,0.9882668852806092,0.00468384074941452,0.7988166201811627,0.7824318094918186,0.9722222222222222,0.0661625708884688,0.12389380530973451,0.001890359168241966,70,2,1056,988,0.5
CONTRASTIVE,XGBOOST,52,0.1,IID_BALANCED,2116,0.01,0.9791569709777833,0.00936768149882904,0.8113295074161863,0.8183941952751741,0.8928571428571429,0.16540642722117202,0.27910685805422647,0.01984877126654064,175,21,1037,883,0.5
CONTRASTIVE,XGBOOST,52,0.1,TEMPORAL,2116,0.01,0.9791569709777833,0.00936768149882904,0.8360297263567084,0.8198271518469417,0.9508928571428571,0.20132325141776938,0.33229329173166927,0.010396975425330813,213,11,1047,845,0.5
CONTRASTIVE,XGBOOST,52,0.1,DOMAIN_OOD,2116,0.01,0.9791569709777833,0.00936768149882904,0.8028728301058655,0.7880233775608292,0.9253731343283582,0.11720226843100189,0.2080536912751678,0.00945179584120983,124,10,1048,934,0.5
CONTRASTIVE,XGBOOST,52,0.1,TEMPLATE_OOD,2116,0.01,0.9791569709777833,0.00936768149882904,0.840882769323098,0.8261485986685295,0.9680851063829787,0.1720226843100189,0.29213483146067415,0.005671077504725898,182,6,1052,876,0.5
CONTRASTIVE,XGBOOST,52,0.1,DOMAIN_TEMPLATE_OOD,2116,0.01,0.9791569709777833,0.00936768149882904,0.7988166201811627,0.7824318094918186,0.9464285714285714,0.1001890359168242,0.1811965811965812,0.005671077504725898,106,6,1052,952,0.5
CONTRASTIVE,XGBOOST,52,0.1,IID_BALANCED,2116,0.02,0.952178180217743,0.01990632318501171,0.8113295074161863,0.8183941952751741,0.89171974522293,0.2646502835538752,0.40816326530612246,0.03213610586011342,280,34,1024,778,0.5
CONTRASTIVE,XGBOOST,52,0.1,TEMPORAL,2116,0.02,0.952178180217743,0.01990632318501171,0.8360297263567084,0.8198271518469417,0.9329446064139941,0.30245746691871456,0.4568165596002855,0.021739130434782608,320,23,1035,738,0.5
CONTRASTIVE,XGBOOST,52,0.1,DOMAIN_OOD,2116,0.02,0.952178180217743,0.01990632318501171,0.8028728301058655,0.7880233775608292,0.9264069264069265,0.20226843100189035,0.33204034134988364,0.01606805293005671,214,17,1041,844,0.5
CONTRASTIVE,XGBOOST,52,0.1,TEMPLATE_OOD,2116,0.02,0.952178180217743,0.01990632318501171,0.840882769323098,0.8261485986685295,0.948051948051948,0.27599243856332706,0.42752562225475843,0.015122873345935728,292,16,1042,766,0.5
CONTRASTIVE,XGBOOST,52,0.1,DOMAIN_TEMPLATE_OOD,2116,0.02,0.952178180217743,0.01990632318501171,0.7988166201811627,0.7824318094918186,0.9495412844036697,0.1956521739130435,0.32445141065830724,0.010396975425330813,207,11,1047,851,0.5
CONTRASTIVE,MLP,52,0.1,IID_BALANCED,2116,0.005,0.9989770650863649,0.00468384074941452,0.8520162403466294,0.8502372775969211,0.9537037037037037,0.1947069943289225,0.32339089481946626,0.00945179584120983,206,10,1048,852,0.5
CONTRASTIVE,MLP,52,0.1,TEMPORAL,2116,0.005,0.9989770650863649,0.00468384074941452,0.8459059168202293,0.8293754310483452,0.9587155963302753,0.19754253308128544,0.3275862068965517,0.008506616257088847,209,9,1049,849,0.5
CONTRASTIVE,MLP,52,0.1,DOMAIN_OOD,2116,0.005,0.9989770650863649,0.00468384074941452,0.811023024304581,0.7988920494137743,0.9230769230769231,0.11342155009451796,0.20202020202020202,0.00945179584120983,120,10,1048,938,0.5
CONTRASTIVE,MLP,52,0.1,TEMPLATE_OOD,2116,0.005,0.9989770650863649,0.00468384074941452,0.8595804972472301,0.8422961610343016,0.9629629629629629,0.19659735349716445,0.32653061224489793,0.007561436672967864,208,8,1050,850,0.5
CONTRASTIVE,MLP,52,0.1,DOMAIN_TEMPLATE_OOD,2116,0.005,0.9989770650863649,0.00468384074941452,0.8067690630962419,0.794374752091366,0.9224137931034483,0.10113421550094517,0.18228279386712096,0.008506616257088847,107,9,1049,951,0.5
CONTRASTIVE,MLP,52,0.1,IID_BALANCED,2116,0.01,0.9967520236968995,0.00936768149882904,0.8520162403466294,0.8502372775969211,0.9375,0.26937618147448017,0.4185022026431718,0.017958412098298678,285,19,1039,773,0.5
CONTRASTIVE,MLP,52,0.1,TEMPORAL,2116,0.01,0.9967520236968995,0.00936768149882904,0.8459059168202293,0.8293754310483452,0.9544072948328267,0.29678638941398866,0.4527757750540735,0.014177693761814745,314,15,1043,744,0.5
CONTRASTIVE,MLP,52,0.1,DOMAIN_OOD,2116,0.01,0.9967520236968995,0.00936768149882904,0.811023024304581,0.7988920494137743,0.9208333333333333,0.20888468809073724,0.3405238828967643,0.017958412098298678,221,19,1039,837,0.5
CONTRASTIVE,MLP,52,0.1,TEMPLATE_OOD,2116,0.01,0.9967520236968995,0.00936768149882904,0.8595804972472301,0.8422961610343016,0.9631901840490797,0.29678638941398866,0.45375722543352603,0.011342155009451797,314,12,1046,744,0.5
CONTRASTIVE,MLP,52,0.1,DOMAIN_TEMPLATE_OOD,2116,0.01,0.9967520236968995,0.00936768149882904,0.8067690630962419,0.794374752091366,0.9192825112107623,0.1937618147448015,0.3200624512099922,0.017013232514177693,205,18,1040,853,0.5
CONTRASTIVE,MLP,52,0.1,IID_BALANCED,2116,0.02,0.9929701685905458,0.01990632318501171,0.8520162403466294,0.8502372775969211,0.926509186351706,0.333648393194707,0.4906184850590688,0.026465028355387523,353,28,1030,705,0.5
CONTRASTIVE,MLP,52,0.1,TEMPORAL,2116,0.02,0.9929701685905458,0.01990632318501171,0.8459059168202293,0.8293754310483452,0.9454094292803971,0.3601134215500945,0.5215605749486653,0.020793950850661626,381,22,1036,677,0.5
CONTRASTIVE,MLP,52,0.1,DOMAIN_OOD,2116,0.02,0.9929701685905458,0.01990632318501171,0.811023024304581,0.7988920494137743,0.92,0.2608695652173913,0.406480117820324,0.022684310018903593,276,24,1034,782,0.5
CONTRASTIVE,MLP,52,0.1,TEMPLATE_OOD,2116,0.02,0.9929701685905458,0.01990632318501171,0.8595804972472301,0.8422961610343016,0.9557291666666666,0.34688090737240074,0.5090152565880721,0.01606805293005671,367,17,1041,691,0.5
CONTRASTIVE,MLP,52,0.1,DOMAIN_TEMPLATE_OOD,2116,0.02,0.9929701685905458,0.01990632318501171,0.8067690630962419,0.794374752091366,0.9172661870503597,0.24102079395085066,0.38173652694610777,0.021739130434782608,255,23,1035,803,0.5
BASE,LOGREG,52,0.25,IID_BALANCED,2116,0.005,0.9966238737106324,0.00468384074941452,0.9116633850872597,0.9050058783380563,0.9771428571428571,0.32325141776937616,0.48579545454545453,0.007561436672967864,342,8,1050,716,0.5
BASE,LOGREG,52,0.25,TEMPORAL,2116,0.005,0.9966238737106324,0.00468384074941452,0.9322090986087559,0.9276825947591668,0.9736842105263158,0.3846880907372401,0.551490514905149,0.010396975425330813,407,11,1047,651,0.5
BASE,LOGREG,52,0.25,DOMAIN_OOD,2116,0.005,0.9966238737106324,0.00468384074941452,0.9279719776602933,0.9209604739834405,0.9814323607427056,0.3497164461247637,0.5156794425087108,0.006616257088846881,370,7,1051,688,0.5
BASE,LOGREG,52,0.25,TEMPLATE_OOD,2116,0.005,0.9966238737106324,0.00468384074941452,0.9274488636392574,0.9210158625791073,0.9764397905759162,0.35255198487712663,0.5180555555555556,0.008506616257088847,373,9,1049,685,0.5
BASE,LOGREG,52,0.25,DOMAIN_TEMPLATE_OOD,2116,0.005,0.9966238737106324,0.00468384074941452,0.919329792149719,0.9093065347822514,0.9836065573770492,0.34026465028355385,0.5056179775280899,0.005671077504725898,360,6,1052,698,0.5
BASE,LOGREG,52,0.25,IID_BALANCED,2116,0.01,0.9868993163108827,0.00936768149882904,0.9116633850872597,0.9050058783380563,0.9719827586206896,0.42627599243856334,0.5926412614980289,0.012287334593572778,451,13,1045,607,0.5
BASE,LOGREG,52,0.25,TEMPORAL,2116,0.01,0.9868993163108827,0.00936768149882904,0.9322090986087559,0.9276825947591668,0.9721189591078067,0.4943289224952741,0.6553884711779449,0.014177693761814745,523,15,1043,535,0.5
BASE,LOGREG,52,0.25,DOMAIN_OOD,2116,0.01,0.9868993163108827,0.00936768149882904,0.9279719776602933,0.9209604739834405,0.9690522243713733,0.4735349716446125,0.6361904761904762,0.015122873345935728,501,16,1042,557,0.5
BASE,LOGREG,52,0.25,TEMPLATE_OOD,2116,0.01,0.9868993163108827,0.00936768149882904,0.9274488636392574,0.9210158625791073,0.9652509652509652,0.4725897920604915,0.6345177664974619,0.017013232514177693,500,18,1040,558,0.5
BASE,LOGREG,52,0.25,DOMAIN_TEMPLATE_OOD,2116,0.01,0.9868993163108827,0.00936768149882904,0.919329792149719,0.9093065347822514,0.9754601226993865,0.45085066162570886,0.616677440206852,0.011342155009451797,477,12,1046,581,0.5
BASE,LOGREG,52,0.25,IID_BALANCED,2116,0.02,0.9586400389671327,0.01990632318501171,0.9116633850872597,0.9050058783380563,0.9546247818499127,0.5170132325141777,0.6707541385652973,0.024574669187145556,547,26,1032,511,0.5
BASE,LOGREG,52,0.25,TEMPORAL,2116,0.02,0.9586400389671327,0.01990632318501171,0.9322090986087559,0.9276825947591668,0.968798751950078,0.5869565217391305,0.7310182460270748,0.01890359168241966,621,20,1038,437,0.5
BASE,LOGREG,52,0.25,DOMAIN_OOD,2116,0.02,0.9586400389671327,0.01990632318501171,0.9279719776602933,0.9209604739834405,0.9633173843700159,0.5708884688090737,0.716913946587537,0.021739130434782608,604,23,1035,454,0.5
BASE,LOGREG,52,0.25,TEMPLATE_OOD,2116,0.02,0.9586400389671327,0.01990632318501171,0.9274488636392574,0.9210158625791073,0.9538950715421304,0.5671077504725898,0.7113218731475993,0.027410207939508508,600,29,1029,458,0.5
BASE,LOGREG,52,0.25,DOMAIN_TEMPLATE_OOD,2116,0.02,0.9586400389671327,0.01990632318501171,0.919329792149719,0.9093065347822514,0.9583333333333334,0.5434782608695652,0.6936067551266586,0.023629489603024575,575,25,1033,483,0.5
BASE,XGBOOST,52,0.25,IID_BALANCED,2116,0.005,0.9964565634727479,0.00468384074941452,0.900500280057102,0.9056785817660743,0.9783549783549783,0.21361058601134217,0.35065942591155935,0.004725897920604915,226,5,1053,832,0.5
BASE,XGBOOST,52,0.25,TEMPORAL,2116,0.005,0.9964565634727479,0.00468384074941452,0.9180994787822016,0.9167804217394877,0.9826839826839827,0.21455576559546313,0.352211016291699,0.003780718336483932,227,4,1054,831,0.5
BASE,XGBOOST,52,0.25,DOMAIN_OOD,2116,0.005,0.9964565634727479,0.00468384074941452,0.8967205001903967,0.8949090733666618,0.9714285714285714,0.1285444234404537,0.2270450751252087,0.003780718336483932,136,4,1054,922,0.5
BASE,XGBOOST,52,0.25,TEMPLATE_OOD,2116,0.005,0.9964565634727479,0.00468384074941452,0.9114579265132603,0.9059340839976988,0.985981308411215,0.1994328922495274,0.33176100628930816,0.002835538752362949,211,3,1055,847,0.5
BASE,XGBOOST,52,0.25,DOMAIN_TEMPLATE_OOD,2116,0.005,0.9964565634727479,0.00468384074941452,0.8886259975870671,0.8863908433717718,0.972972972972973,0.13610586011342155,0.23880597014925373,0.003780718336483932,144,4,1054,914,0.5
BASE,XGBOOST,52,0.25,IID_BALANCED,2116,0.01,0.9921095967292787,0.00936768149882904,0.900500280057102,0.9056785817660743,0.96045197740113,0.32136105860113423,0.48158640226628896,0.013232514177693762,340,14,1044,718,0.5
BASE,XGBOOST,52,0.25,TEMPORAL,2116,0.01,0.9921095967292787,0.00936768149882904,0.9180994787822016,0.9167804217394877,0.9724770642201835,0.3005671077504726,0.4592057761732852,0.008506616257088847,318,9,1049,740,0.5
BASE,XGBOOST,52,0.25,DOMAIN_OOD,2116,0.01,0.9921095967292787,0.00936768149882904,0.8967205001903967,0.8949090733666618,0.9790794979079498,0.22117202268431002,0.3608326908249807,0.004725897920604915,234,5,1053,824,0.5
BASE,XGBOOST,52,0.25,TEMPLATE_OOD,2116,0.01,0.9921095967292787,0.00936768149882904,0.9114579265132603,0.9059340839976988,0.9813084112149533,0.29773156899810965,0.45685279187817257,0.005671077504725898,315,6,1052,743,0.5
BASE,XGBOOST,52,0.25,DOMAIN_TEMPLATE_OOD,2116,0.01,0.9921095967292787,0.00936768149882904,0.8886259975870671,0.8863908433717718,0.9723502304147466,0.1994328922495274,0.33098039215686276,0.005671077504725898,211,6,1052,847,0.5
BASE,XGBOOST,52,0.25,IID_BALANCED,2116,0.02,0.9415359497070314,0.01990632318501171,0.900500280057102,0.9056785817660743,0.9355992844364938,0.4943289224952741,0.6468769325912183,0.034026465028355386,523,36,1022,535,0.5
BASE,XGBOOST,52,0.25,TEMPORAL,2116,0.02,0.9415359497070314,0.01990632318501171,0.9180994787822016,0.9167804217394877,0.9504424778761061,0.5075614366729678,0.6617375231053605,0.026465028355387523,537,28,1030,521,0.5
BASE,XGBOOST,52,0.25,DOMAIN_OOD,2116,0.02,0.9415359497070314,0.01990632318501171,0.8967205001903967,0.8949090733666618,0.9417879417879418,0.4281663516068053,0.5886939571150097,0.026465028355387523,453,28,1030,605,0.5
BASE,XGBOOST,52,0.25,TEMPLATE_OOD,2116,0.02,0.9415359497070314,0.01990632318501171,0.9114579265132603,0.9059340839976988,0.9553903345724907,0.48582230623818523,0.6441102756892231,0.022684310018903593,514,24,1034,544,0.5
BASE,XGBOOST,52,0.25,DOMAIN_TEMPLATE_OOD,2116,0.02,0.9415359497070314,0.01990632318501171,0.8886259975870671,0.8863908433717718,0.9355509355509356,0.42533081285444235,0.5847953216374269,0.02930056710775047,450,31,1027,608,0.5
BASE,MLP,52,0.25,IID_BALANCED,2116,0.005,0.999423384666443,0.00468384074941452,0.9145822263971042,0.9106787425716747,0.9830508474576272,0.32892249527410206,0.49291784702549574,0.005671077504725898,348,6,1052,710,0.5
BASE,MLP,52,0.25,TEMPORAL,2116,0.005,0.999423384666443,0.00468384074941452,0.9246129072558652,0.9173919297029384,0.9826989619377162,0.2684310018903592,0.4216778025241277,0.004725897920604915,284,5,1053,774,0.5
BASE,MLP,52,0.25,DOMAIN_OOD,2116,0.005,0.999423384666443,0.00468384074941452,0.9070586338577744,0.9019175174474078,0.9671361502347418,0.1947069943289225,0.3241542092840283,0.006616257088846881,206,7,1051,852,0.5
BASE,MLP,52,0.25,TEMPLATE_OOD,2116,0.005,0.999423384666443,0.00468384074941452,0.919810037319808,0.916598175392455,0.9775280898876404,0.24669187145557656,0.3939622641509434,0.005671077504725898,261,6,1052,797,0.5
BASE,MLP,52,0.25,DOMAIN_TEMPLATE_OOD,2116,0.005,0.999423384666443,0.00468384074941452,0.9036635263960267,0.8963491768539993,0.9845360824742269,0.18052930056710775,0.305111821086262,0.002835538752362949,191,3,1055,867,0.5
BASE,MLP,52,0.25,IID_BALANCED,2116,0.01,0.9844682812690736,0.00936768149882904,0.9145822263971042,0.9106787425716747,0.9536541889483066,0.505671077504726,0.6609017912291538,0.024574669187145556,535,26,1032,523,0.5
BASE,MLP,52,0.25,TEMPORAL,2116,0.01,0.9844682812690736,0.00936768149882904,0.9246129072558652,0.9173919297029384,0.9603960396039604,0.5500945179584121,0.6995192307692307,0.022684310018903593,582,24,1034,476,0.5
BASE,MLP,52,0.25,DOMAIN_OOD,2116,0.01,0.9844682812690736,0.00936768149882904,0.9070586338577744,0.9019175174474078,0.9535714285714286,0.504725897920605,0.6600741656365884,0.024574669187145556,534,26,1032,524,0.5
BASE,MLP,52,0.25,TEMPLATE_OOD,2116,0.01,0.9844682812690736,0.00936768149882904,0.919810037319808,0.916598175392455,0.958974358974359,0.5302457466918714,0.6828971393791844,0.022684310018903593,561,24,1034,497,0.5
BASE,MLP,52,0.25,DOMAIN_TEMPLATE_OOD,2116,0.01,0.9844682812690736,0.00936768149882904,0.9036635263960267,0.8963491768539993,0.9544554455445544,0.4555765595463138,0.6167626359564939,0.021739130434782608,482,23,1035,576,0.5
BASE,MLP,52,0.25,IID_BALANCED,2116,0.02,0.9566177725791932,0.01990632318501171,0.9145822263971042,0.9106787425716747,0.9378980891719745,0.556710775047259,0.6986951364175563,0.036862003780718335,589,39,1019,469,0.5
BASE,MLP,52,0.25,TEMPORAL,2116,0.02,0.9566177725791932,0.01990632318501171,0.9246129072558652,0.9173919297029384,0.9576642335766423,0.6200378071833649,0.7527251864601262,0.027410207939508508,656,29,1029,402,0.5
BASE,MLP,52,0.25,DOMAIN_OOD,2116,0.02,0.9566177725791932,0.01990632318501171,0.9070586338577744,0.9019175174474078,0.942457231726283,0.5727788279773157,0.7125220458553791,0.03497164461247637,606,37,1021,452,0.5
BASE,MLP,52,0.25,TEMPLATE_OOD,2116,0.02,0.9566177725791932,0.01990632318501171,0.919810037319808,0.916598175392455,0.9512555391432792,0.6086956521739131,0.7423631123919309,0.031190926275992438,644,33,1025,414,0.5
BASE,MLP,52,0.25,DOMAIN_TEMPLATE_OOD,2116,0.02,0.9566177725791932,0.01990632318501171,0.9036635263960267,0.8963491768539993,0.9473684210526315,0.5274102079395085,0.6775956284153005,0.02930056710775047,558,31,1027,500,0.5
DAPT,LOGREG,52,0.25,IID_BALANCED,2116,0.005,0.9955955743789674,0.00468384074941452,0.9111518062995705,0.9047226818085985,0.9683098591549296,0.2599243856332703,0.4098360655737705,0.008506616257088847,275,9,1049,783,0.5
DAPT,LOGREG,52,0.25,TEMPORAL,2116,0.005,0.9955955743789674,0.00468384074941452,0.9306496820970133,0.9274838211698786,0.9691011235955056,0.32608695652173914,0.48797736916548795,0.010396975425330813,345,11,1047,713,0.5
DAPT,LOGREG,52,0.25,DOMAIN_OOD,2116,0.005,0.9955955743789674,0.00468384074941452,0.9286542794324966,0.9229133686629194,0.9933110367892977,0.28071833648393196,0.43773028739867353,0.001890359168241966,297,2,1056,761,0.5
DAPT,LOGREG,52,0.25,TEMPLATE_OOD,2116,0.005,0.9955955743789674,0.00468384074941452,0.9313922053612061,0.9245017706483324,0.9906542056074766,0.3005671077504726,0.4612037708484409,0.002835538752362949,318,3,1055,740,0.5
DAPT,LOGREG,52,0.25,DOMAIN_TEMPLATE_OOD,2116,0.005,0.9955955743789674,0.00468384074941452,0.9155595936887737,0.9120277228854956,0.9897610921501706,0.2741020793950851,0.4293116210214656,0.002835538752362949,290,3,1055,768,0.5
DAPT,LOGREG,52,0.25,IID_BALANCED,2116,0.01,0.985702931880951,0.00936768149882904,0.9111518062995705,0.9047226818085985,0.9731958762886598,0.44612476370510395,0.6117952041477641,0.012287334593572778,472,13,1045,586,0.5
DAPT,LOGREG,52,0.25,TEMPORAL,2116,0.01,0.985702931880951,0.00936768149882904,0.9306496820970133,0.9274838211698786,0.9745762711864406,0.43478260869565216,0.6013071895424836,0.011342155009451797,460,12,1046,598,0.5
DAPT,LOGREG,52,0.25,DOMAIN_OOD,2116,0.01,0.985702931880951,0.00936768149882904,0.9286542794324966,0.9229133686629194,0.979498861047836,0.4064272211720227,0.5744822979291917,0.008506616257088847,430,9,1049,628,0.5
DAPT,LOGREG,52,0.25,TEMPLATE_OOD,2116,0.01,0.985702931880951,0.00936768149882904,0.9313922053612061,0.9245017706483324,0.9755011135857461,0.41398865784499056,0.5812873258128732,0.010396975425330813,438,11,1047,620,0.5
DAPT,LOGREG,52,0.25,DOMAIN_TEMPLATE_OOD,2116,0.01,0.985702931880951,0.00936768149882904,0.9155595936887737,0.9120277228854956,0.9797979797979798,0.3667296786389414,0.5337001375515819,0.007561436672967864,388,8,1050,670,0.5
DAPT,LOGREG,52,0.25,IID_BALANCED,2116,0.02,0.9461299777030946,0.01990632318501171,0.9111518062995705,0.9047226818085985,0.9450726978998385,0.552930056710775,0.6976744186046512,0.03213610586011342,585,34,1024,473,0.5
DAPT,LOGREG,52,0.25,TEMPORAL,2116,0.02,0.9461299777030946,0.01990632318501171,0.9306496820970133,0.9274838211698786,0.9639498432601881,0.5812854442344045,0.7252358490566038,0.021739130434782608,615,23,1035,443,0.5
DAPT,LOGREG,52,0.25,DOMAIN_OOD,2116,0.02,0.9461299777030946,0.01990632318501171,0.9286542794324966,0.9229133686629194,0.965964343598055,0.5633270321361059,0.7116417910447761,0.01984877126654064,596,21,1037,462,0.5
DAPT,LOGREG,52,0.25,TEMPLATE_OOD,2116,0.02,0.9461299777030946,0.01990632318501171,0.9313922053612061,0.9245017706483324,0.9660194174757282,0.5642722117202268,0.7124105011933174,0.01984877126654064,597,21,1037,461,0.5
DAPT,LOGREG,52,0.25,DOMAIN_TEMPLATE_OOD,2116,0.02,0.9461299777030946,0.01990632318501171,0.9155595936887737,0.9120277228854956,0.9614035087719298,0.5179584120982986,0.6732186732186732,0.020793950850661626,548,22,1036,510,0.5
DAPT,XGBOOST,52,0.25,IID_BALANCED,2116,0.005,0.9945755004882814,0.00468384074941452,0.8875824353185571,0.8803606333596579,0.9719298245614035,0.2618147448015123,0.41250930752047654,0.007561436672967864,277,8,1050,781,0.5
DAPT,XGBOOST,52,0.25,TEMPORAL,2116,0.005,0.9945755004882814,0.00468384074941452,0.9067465285410112,0.9035496942906864,0.9742647058823529,0.2504725897920605,0.39849624060150374,0.006616257088846881,265,7,1051,793,0.5
DAPT,XGBOOST,52,0.25,DOMAIN_OOD,2116,0.005,0.9945755004882814,0.00468384074941452,0.8903512091720776,0.888028380401728,0.9795918367346939,0.18147448015122875,0.3062200956937799,0.003780718336483932,192,4,1054,866,0.5
DAPT,XGBOOST,52,0.25,TEMPLATE_OOD,2116,0.005,0.9945755004882814,0.00468384074941452,0.9031234618649082,0.8980715835063482,0.980544747081712,0.2381852551984877,0.3832699619771863,0.004725897920604915,252,5,1053,806,0.5
DAPT,XGBOOST,52,0.25,DOMAIN_TEMPLATE_OOD,2116,0.005,0.9945755004882814,0.00468384074941452,0.8756213572863336,0.875930439070758,0.9707602339181286,0.15689981096408318,0.2701383238405207,0.004725897920604915,166,5,1053,892,0.5
DAPT,XGBOOST,52,0.25,IID_BALANCED,2116,0.01,0.9873211383819581,0.00936768149882904,0.8875824353185571,0.8803606333596579,0.9529085872576177,0.32514177693761814,0.48484848484848486,0.01606805293005671,344,17,1041,714,0.5
DAPT,XGBOOST,52,0.25,TEMPORAL,2116,0.01,0.9873211383819581,0.00936768149882904,0.9067465285410112,0.9035496942906864,0.9787234042553191,0.34782608695652173,0.5132496513249651,0.007561436672967864,368,8,1050,690,0.5
DAPT,XGBOOST,52,0.25,DOMAIN_OOD,2116,0.01,0.9873211383819581,0.00936768149882904,0.8903512091720776,0.888028380401728,0.9740740740740741,0.2485822306238185,0.3960843373493976,0.006616257088846881,263,7,1051,795,0.5
DAPT,XGBOOST,52,0.25,TEMPLATE_OOD,2116,0.01,0.9873211383819581,0.00936768149882904,0.9031234618649082,0.8980715835063482,0.9747191011235955,0.3279773156899811,0.4908062234794908,0.008506616257088847,347,9,1049,711,0.5
DAPT,XGBOOST,52,0.25,DOMAIN_TEMPLATE_OOD,2116,0.01,0.9873211383819581,0.00936768149882904,0.8756213572863336,0.875930439070758,0.9711934156378601,0.22306238185255198,0.3627978478093774,0.006616257088846881,236,7,1051,822,0.5
DAPT,XGBOOST,52,0.25,IID_BALANCED,2116,0.02,0.9728013277053834,0.01990632318501171,0.8875824353185571,0.8803606333596579,0.9358974358974359,0.41398865784499056,0.5740498034076016,0.02835538752362949,438,30,1028,620,0.5
DAPT,XGBOOST,52,0.25,TEMPORAL,2116,0.02,0.9728013277053834,0.01990632318501171,0.9067465285410112,0.9035496942906864,0.9688796680497925,0.44139886578449905,0.6064935064935065,0.014177693761814745,467,15,1043,591,0.5
DAPT,XGBOOST,52,0.25,DOMAIN_OOD,2116,0.02,0.9728013277053834,0.01990632318501171,0.8903512091720776,0.888028380401728,0.9578947368421052,0.3440453686200378,0.5062586926286509,0.015122873345935728,364,16,1042,694,0.5
DAPT,XGBOOST,52,0.25,TEMPLATE_OOD,2116,0.02,0.9728013277053834,0.01990632318501171,0.9031234618649082,0.8980715835063482,0.9692307692307692,0.4168241965973535,0.5829477858559154,0.013232514177693762,441,14,1044,617,0.5
DAPT,XGBOOST,52,0.25,DOMAIN_TEMPLATE_OOD,2116,0.02,0.9728013277053834,0.01990632318501171,0.8756213572863336,0.875930439070758,0.9653179190751445,0.31568998109640833,0.4757834757834758,0.011342155009451797,334,12,1046,724,0.5
DAPT,MLP,52,0.25,IID_BALANCED,2116,0.005,0.9975656270980836,0.00468384074941452,0.8950935541450735,0.8889552460147012,0.9622641509433962,0.2892249527410208,0.44476744186046513,0.011342155009451797,306,12,1046,752,0.5
DAPT,MLP,52,0.25,TEMPORAL,2116,0.005,0.9975656270980836,0.00468384074941452,0.9188754017464729,0.9144451670770187,0.9740634005763689,0.31947069943289225,0.4811387900355872,0.008506616257088847,338,9,1049,720,0.5
DAPT,MLP,52,0.25,DOMAIN_OOD,2116,0.005,0.9975656270980836,0.00468384074941452,0.9116992291986261,0.9073317526738397,0.9816176470588235,0.2523629489603025,0.40150375939849625,0.004725897920604915,267,5,1053,791,0.5
DAPT,MLP,52,0.25,TEMPLATE_OOD,2116,0.005,0.9975656270980836,0.00468384074941452,0.9196619620040214,0.9147565045865331,0.9852941176470589,0.3166351606805293,0.4792560801144492,0.004725897920604915,335,5,1053,723,0.5
DAPT,MLP,52,0.25,DOMAIN_TEMPLATE_OOD,2116,0.005,0.9975656270980836,0.00468384074941452,0.8998962781867342,0.8963165690517116,0.9878048780487805,0.22967863894139887,0.3726993865030675,0.002835538752362949,243,3,1055,815,0.5
DAPT,MLP,52,0.25,IID_BALANCED,2116,0.01,0.9907472133636476,0.00936768149882904,0.8950935541450735,0.8889552460147012,0.948780487804878,0.3676748582230624,0.5299727520435967,0.01984877126654064,389,21,1037,669,0.5
DAPT,MLP,52,0.25,TEMPORAL,2116,0.01,0.9907472133636476,0.00936768149882904,0.9188754017464729,0.9144451670770187,0.9738430583501007,0.45746691871455575,0.622508038585209,0.012287334593572778,484,13,1045,574,0.5
DAPT,MLP,52,0.25,DOMAIN_OOD,2116,0.01,0.9907472133636476,0.00936768149882904,0.9116992291986261,0.9073317526738397,0.9703196347031964,0.4017013232514178,0.5681818181818182,0.012287334593572778,425,13,1045,633,0.5
DAPT,MLP,52,0.25,TEMPLATE_OOD,2116,0.01,0.9907472133636476,0.00936768149882904,0.9196619620040214,0.9147565045865331,0.9786780383795309,0.43383742911153117,0.6011787819253438,0.00945179584120983,459,10,1048,599,0.5
DAPT,MLP,52,0.25,DOMAIN_TEMPLATE_OOD,2116,0.01,0.9907472133636476,0.00936768149882904,0.8998962781867342,0.8963165690517116,0.9738903394255874,0.35255198487712663,0.5176960444136016,0.00945179584120983,373,10,1048,685,0.5
DAPT,MLP,52,0.25,IID_BALANCED,2116,0.02,0.9405919313430787,0.01990632318501171,0.8950935541450735,0.8889552460147012,0.9251592356687898,0.5491493383742911,0.6892052194543298,0.0444234404536862,581,47,1011,477,0.5
DAPT,MLP,52,0.25,TEMPORAL,2116,0.02,0.9405919313430787,0.01990632318501171,0.9188754017464729,0.9144451670770187,0.957345971563981,0.5727788279773157,0.716735659373152,0.02551984877126654,606,27,1031,452,0.5
DAPT,MLP,52,0.25,DOMAIN_OOD,2116,0.02,0.9405919313430787,0.01990632318501171,0.9116992291986261,0.9073317526738397,0.95578231292517,0.5311909262759924,0.6828675577156743,0.024574669187145556,562,26,1032,496,0.5
DAPT,MLP,52,0.25,TEMPLATE_OOD,2116,0.02,0.9405919313430787,0.01990632318501171,0.9196619620040214,0.9147565045865331,0.9660194174757282,0.5642722117202268,0.7124105011933174,0.01984877126654064,597,21,1037,461,0.5
DAPT,MLP,52,0.25,DOMAIN_TEMPLATE_OOD,2116,0.02,0.9405919313430787,0.01990632318501171,0.8998962781867342,0.8963165690517116,0.9590316573556797,0.4867674858223062,0.64576802507837,0.020793950850661626,515,22,1036,543,0.5
CONTRASTIVE,LOGREG,52,0.25,IID_BALANCED,2116,0.005,0.9920207858085633,0.00468384074941452,0.8741331285280269,0.8771346943442883,0.9509433962264151,0.2381852551984877,0.38095238095238093,0.012287334593572778,252,13,1045,806,0.5
CONTRASTIVE,LOGREG,52,0.25,TEMPORAL,2116,0.005,0.9920207858085633,0.00468384074941452,0.8715447265170191,0.8542422304094112,0.9772727272727273,0.2844990548204159,0.4407027818448023,0.006616257088846881,301,7,1051,757,0.5
CONTRASTIVE,LOGREG,52,0.25,DOMAIN_OOD,2116,0.005,0.9920207858085633,0.00468384074941452,0.8461452852999851,0.8342634746159426,0.9649122807017544,0.20793950850661624,0.3421461897356143,0.007561436672967864,220,8,1050,838,0.5
CONTRASTIVE,LOGREG,52,0.25,TEMPLATE_OOD,2116,0.005,0.9920207858085633,0.00468384074941452,0.8763466456016686,0.8652315064625984,0.9709677419354839,0.2844990548204159,0.44005847953216376,0.008506616257088847,301,9,1049,757,0.5
CONTRASTIVE,LOGREG,52,0.25,DOMAIN_TEMPLATE_OOD,2116,0.005,0.9920207858085633,0.00468384074941452,0.8406248284244566,0.8251426703020643,0.965,0.1824196597353497,0.3068362480127186,0.006616257088846881,193,7,1051,865,0.5
CONTRASTIVE,LOGREG,52,0.25,IID_BALANCED,2116,0.01,0.980917513370514,0.00936768149882904,0.8741331285280269,0.8771346943442883,0.9453551912568307,0.3270321361058601,0.4859550561797753,0.01890359168241966,346,20,1038,712,0.5
CONTRASTIVE,LOGREG,52,0.25,TEMPORAL,2116,0.01,0.980917513370514,0.00936768149882904,0.8715447265170191,0.8542422304094112,0.9660194174757282,0.3761814744801512,0.5414965986394558,0.013232514177693762,398,14,1044,660,0.5
CONTRASTIVE,LOGREG,52,0.25,DOMAIN_OOD,2116,0.01,0.980917513370514,0.00936768149882904,0.8461452852999851,0.8342634746159426,0.9455128205128205,0.27882797731569,0.4306569343065693,0.01606805293005671,295,17,1041,763,0.5
CONTRASTIVE,LOGREG,52,0.25,TEMPLATE_OOD,2116,0.01,0.980917513370514,0.00936768149882904,0.8763466456016686,0.8652315064625984,0.9571788413098237,0.3591682419659735,0.5223367697594502,0.01606805293005671,380,17,1041,678,0.5
CONTRASTIVE,LOGREG,52,0.25,DOMAIN_TEMPLATE_OOD,2116,0.01,0.980917513370514,0.00936768149882904,0.8406248284244566,0.8251426703020643,0.9453924914675768,0.2618147448015123,0.4100666173205033,0.015122873345935728,277,16,1042,781,0.5
CONTRASTIVE,LOGREG,52,0.25,IID_BALANCED,2116,0.02,0.9685452580451966,0.01990632318501171,0.8741331285280269,0.8771346943442883,0.9386363636363636,0.390359168241966,0.5514018691588785,0.02551984877126654,413,27,1031,645,0.5
CONTRASTIVE,LOGREG,52,0.25,TEMPORAL,2116,0.02,0.9685452580451966,0.01990632318501171,0.8715447265170191,0.8542422304094112,0.9501039501039501,0.43194706994328924,0.5938921377517868,0.022684310018903593,457,24,1034,601,0.5
CONTRASTIVE,LOGREG,52,0.25,DOMAIN_OOD,2116,0.02,0.9685452580451966,0.01990632318501171,0.8461452852999851,0.8342634746159426,0.9375,0.32608695652173914,0.4838709677419355,0.021739130434782608,345,23,1035,713,0.5
CONTRASTIVE,LOGREG,52,0.25,TEMPLATE_OOD,2116,0.02,0.9685452580451966,0.01990632318501171,0.8763466456016686,0.8652315064625984,0.9438444924406048,0.41304347826086957,0.5746219592373438,0.024574669187145556,437,26,1032,621,0.5
CONTRASTIVE,LOGREG,52,0.25,DOMAIN_TEMPLATE_OOD,2116,0.02,0.9685452580451966,0.01990632318501171,0.8406248284244566,0.8251426703020643,0.9430199430199431,0.31285444234404536,0.46983676366217175,0.01890359168241966,331,20,1038,727,0.5
CONTRASTIVE,XGBOOST,52,0.25,IID_BALANCED,2116,0.005,0.9841528534889222,0.00468384074941452,0.8349680586159584,0.8469970447504119,0.9154228855721394,0.17391304347826086,0.29229547259729943,0.01606805293005671,184,17,1041,874,0.5
CONTRASTIVE,XGBOOST,52,0.25,TEMPORAL,2116,0.005,0.9841528534889222,0.00468384074941452,0.8504684390372074,0.8274252164622053,0.9662162162162162,0.27032136105860116,0.4224519940915805,0.00945179584120983,286,10,1048,772,0.5
CONTRASTIVE,XGBOOST,52,0.25,DOMAIN_OOD,2116,0.005,0.9841528534889222,0.00468384074941452,0.8235604867137762,0.8058620788233317,0.9779005524861878,0.16729678638941398,0.2857142857142857,0.003780718336483932,177,4,1054,881,0.5
CONTRASTIVE,XGBOOST,52,0.25,TEMPLATE_OOD,2116,0.005,0.9841528534889222,0.00468384074941452,0.8516599991799035,0.83657416175614,0.9651162790697675,0.23534971644612476,0.378419452887538,0.008506616257088847,249,9,1049,809,0.5
CONTRASTIVE,XGBOOST,52,0.25,DOMAIN_TEMPLATE_OOD,2116,0.005,0.9841528534889222,0.00468384074941452,0.8124923420839065,0.7958867714166258,0.9790209790209791,0.1323251417769376,0.2331390507910075,0.002835538752362949,140,3,1055,918,0.5
CONTRASTIVE,XGBOOST,52,0.25,IID_BALANCED,2116,0.01,0.9809733033180238,0.00936768149882904,0.8349680586159584,0.8469970447504119,0.9095022624434389,0.1899810964083176,0.31430805316653637,0.01890359168241966,201,20,1038,857,0.5
CONTRASTIVE,XGBOOST,52,0.25,TEMPORAL,2116,0.01,0.9809733033180238,0.00936768149882904,0.8504684390372074,0.8274252164622053,0.9616613418530351,0.2844990548204159,0.4390955506929249,0.011342155009451797,301,12,1046,757,0.5
CONTRASTIVE,XGBOOST,52,0.25,DOMAIN_OOD,2116,0.01,0.9809733033180238,0.00936768149882904,0.8235604867137762,0.8058620788233317,0.9746192893401016,0.18147448015122875,0.30597609561752986,0.004725897920604915,192,5,1053,866,0.5
CONTRASTIVE,XGBOOST,52,0.25,TEMPLATE_OOD,2116,0.01,0.9809733033180238,0.00936768149882904,0.8516599991799035,0.83657416175614,0.9636363636363636,0.2504725897920605,0.3975993998499625,0.00945179584120983,265,10,1048,793,0.5
CONTRASTIVE,XGBOOST,52,0.25,DOMAIN_TEMPLATE_OOD,2116,0.01,0.9809733033180238,0.00936768149882904,0.8124923420839065,0.7958867714166258,0.9743589743589743,0.14366729678638943,0.2504118616144975,0.003780718336483932,152,4,1054,906,0.5
CONTRASTIVE,XGBOOST,52,0.25,IID_BALANCED,2116,0.02,0.9674683809280397,0.01990632318501171,0.8349680586159584,0.8469970447504119,0.9147540983606557,0.2637051039697543,0.40939104915627295,0.024574669187145556,279,26,1032,779,0.5
CONTRASTIVE,XGBOOST,52,0.25,TEMPORAL,2116,0.02,0.9674683809280397,0.01990632318501171,0.8504684390372074,0.8274252164622053,0.9478021978021978,0.32608695652173914,0.48523206751054854,0.017958412098298678,345,19,1039,713,0.5
CONTRASTIVE,XGBOOST,52,0.25,DOMAIN_OOD,2116,0.02,0.9674683809280397,0.01990632318501171,0.8235604867137762,0.8058620788233317,0.952,0.22495274102079396,0.363914373088685,0.011342155009451797,238,12,1046,820,0.5
CONTRASTIVE,XGBOOST,52,0.25,TEMPLATE_OOD,2116,0.02,0.9674683809280397,0.01990632318501171,0.8516599991799035,0.83657416175614,0.9538461538461539,0.29300567107750475,0.4483007953723789,0.014177693761814745,310,15,1043,748,0.5
CONTRASTIVE,XGBOOST,52,0.25,DOMAIN_TEMPLATE_OOD,2116,0.02,0.9674683809280397,0.01990632318501171,0.8124923420839065,0.7958867714166258,0.9458128078817734,0.18147448015122875,0.3045202220459952,0.010396975425330813,192,11,1047,866,0.5
CONTRASTIVE,MLP,52,0.25,IID_BALANCED,2116,0.005,0.9908658862113954,0.00468384074941452,0.8716183188662708,0.879415453775537,0.955719557195572,0.2448015122873346,0.3897667419112114,0.011342155009451797,259,12,1046,799,0.5
CONTRASTIVE,MLP,52,0.25,TEMPORAL,2116,0.005,0.9908658862113954,0.00468384074941452,0.870494661505201,0.8560512934130453,0.9587301587301588,0.28544423440453687,0.4399126001456664,0.012287334593572778,302,13,1045,756,0.5
CONTRASTIVE,MLP,52,0.25,DOMAIN_OOD,2116,0.005,0.9908658862113954,0.00468384074941452,0.8495012744331134,0.841681526295289,0.9605263157894737,0.20699432892249528,0.3405909797822706,0.008506616257088847,219,9,1049,839,0.5
CONTRASTIVE,MLP,52,0.25,TEMPLATE_OOD,2116,0.005,0.9908658862113954,0.00468384074941452,0.8815045818441982,0.8699672313921121,0.9743589743589743,0.28733459357277885,0.44379562043795623,0.007561436672967864,304,8,1050,754,0.5
CONTRASTIVE,MLP,52,0.25,DOMAIN_TEMPLATE_OOD,2116,0.005,0.9908658862113954,0.00468384074941452,0.840194189363475,0.8317071122530294,0.957345971563981,0.19092627599243855,0.31836091410559497,0.008506616257088847,202,9,1049,856,0.5
CONTRASTIVE,MLP,52,0.25,IID_BALANCED,2116,0.01,0.9855802655220033,0.00936768149882904,0.8716183188662708,0.879415453775537,0.9430379746835443,0.28166351606805295,0.43377001455604075,0.017013232514177693,298,18,1040,760,0.5
CONTRASTIVE,MLP,52,0.25,TEMPORAL,2116,0.01,0.9855802655220033,0.00936768149882904,0.870494661505201,0.8560512934130453,0.9610027855153204,0.32608695652173914,0.48694424841213835,0.013232514177693762,345,14,1044,713,0.5
CONTRASTIVE,MLP,52,0.25,DOMAIN_OOD,2116,0.01,0.9855802655220033,0.00936768149882904,0.8495012744331134,0.841681526295289,0.9428571428571428,0.2495274102079395,0.39461883408071746,0.015122873345935728,264,16,1042,794,0.5
CONTRASTIVE,MLP,52,0.25,TEMPLATE_OOD,2116,0.01,0.9855802655220033,0.00936768149882904,0.8815045818441982,0.8699672313921121,0.9722991689750693,0.33175803402646503,0.49471458773784355,0.00945179584120983,351,10,1048,707,0.5
CONTRASTIVE,MLP,52,0.25,DOMAIN_TEMPLATE_OOD,2116,0.01,0.9855802655220033,0.00936768149882904,0.840194189363475,0.8317071122530294,0.9558232931726908,0.22495274102079396,0.3641928079571538,0.010396975425330813,238,11,1047,820,0.5
CONTRASTIVE,MLP,52,0.25,IID_BALANCED,2116,0.02,0.9628323912620546,0.01990632318501171,0.8716183188662708,0.879415453775537,0.9293598233995585,0.39792060491493386,0.557246856386499,0.030245746691871456,421,32,1026,637,0.5
CONTRASTIVE,MLP,52,0.25,TEMPORAL,2116,0.02,0.9628323912620546,0.01990632318501171,0.870494661505201,0.8560512934130453,0.9452332657200812,0.44045368620037806,0.600902643455835,0.02551984877126654,466,27,1031,592,0.5
CONTRASTIVE,MLP,52,0.25,DOMAIN_OOD,2116,0.02,0.9628323912620546,0.01990632318501171,0.8495012744331134,0.841681526295289,0.9451697127937336,0.34215500945179583,0.5024288688410826,0.01984877126654064,362,21,1037,696,0.5
CONTRASTIVE,MLP,52,0.25,TEMPLATE_OOD,2116,0.02,0.9628323912620546,0.01990632318501171,0.8815045818441982,0.8699672313921121,0.9613733905579399,0.42344045368620037,0.5879265091863517,0.017013232514177693,448,18,1040,610,0.5
CONTRASTIVE,MLP,52,0.25,DOMAIN_TEMPLATE_OOD,2116,0.02,0.9628323912620546,0.01990632318501171,0.840194189363475,0.8317071122530294,0.9436619718309859,0.3166351606805293,0.47416843595187547,0.01890359168241966,335,20,1038,723,0.5
BASE,LOGREG,52,1.0,IID_BALANCED,2116,0.005,0.9941252470016481,0.00468384074941452,0.933757155456087,0.9207058651162625,0.9936908517350158,0.29773156899810965,0.4581818181818182,0.001890359168241966,315,2,1056,743,0.5
BASE,LOGREG,52,1.0,TEMPORAL,2116,0.005,0.9941252470016481,0.00468384074941452,0.9482099370719944,0.9418250006253551,0.994475138121547,0.34026465028355385,0.5070422535211268,0.001890359168241966,360,2,1056,698,0.5
BASE,LOGREG,52,1.0,DOMAIN_OOD,2116,0.005,0.9941252470016481,0.00468384074941452,0.9267180762817451,0.924384739905875,0.9793388429752066,0.22400756143667297,0.3646153846153846,0.004725897920604915,237,5,1053,821,0.5
BASE,LOGREG,52,1.0,TEMPLATE_OOD,2116,0.005,0.9941252470016481,0.00468384074941452,0.9412801874570603,0.9336319552888962,0.9968652037617555,0.3005671077504726,0.46187363834422657,0.000945179584120983,318,1,1057,740,0.5
BASE,LOGREG,52,1.0,DOMAIN_TEMPLATE_OOD,2116,0.005,0.9941252470016481,0.00468384074941452,0.9210694680697082,0.9166937653882026,0.9785407725321889,0.21550094517958412,0.35321456235476373,0.004725897920604915,228,5,1053,830,0.5
BASE,LOGREG,52,1.0,IID_BALANCED,2116,0.01,0.9726248383522035,0.00936768149882904,0.933757155456087,0.9207058651162625,0.9879032258064516,0.46313799621928164,0.6306306306306306,0.005671077504725898,490,6,1052,568,0.5
BASE,LOGREG,52,1.0,TEMPORAL,2116,0.01,0.9726248383522035,0.00936768149882904,0.9482099370719944,0.9418250006253551,0.9853479853479854,0.5085066162570888,0.6708229426433915,0.007561436672967864,538,8,1050,520,0.5
BASE,LOGREG,52,1.0,DOMAIN_OOD,2116,0.01,0.9726248383522035,0.00936768149882904,0.9267180762817451,0.924384739905875,0.9684684684684685,0.4064272211720227,0.5725699067909454,0.013232514177693762,430,14,1044,628,0.5
BASE,LOGREG,52,1.0,TEMPLATE_OOD,2116,0.01,0.9726248383522035,0.00936768149882904,0.9412801874570603,0.9336319552888962,0.9860279441117764,0.4669187145557656,0.6337395766516998,0.006616257088846881,494,7,1051,564,0.5
BASE,LOGREG,52,1.0,DOMAIN_TEMPLATE_OOD,2116,0.01,0.9726248383522035,0.00936768149882904,0.9210694680697082,0.9166937653882026,0.9780487804878049,0.3790170132325142,0.5463215258855586,0.008506616257088847,401,9,1049,657,0.5
BASE,LOGREG,52,1.0,IID_BALANCED,2116,0.02,0.9327628612518312,0.01990632318501171,0.933757155456087,0.9207058651162625,0.9767827529021559,0.556710775047259,0.7092113184828417,0.013232514177693762,589,14,1044,469,0.5
BASE,LOGREG,52,1.0,TEMPORAL,2116,0.02,0.9327628612518312,0.01990632318501171,0.9482099370719944,0.9418250006253551,0.9808306709265175,0.5803402646502835,0.7292161520190024,0.011342155009451797,614,12,1046,444,0.5
BASE,LOGREG,52,1.0,DOMAIN_OOD,2116,0.02,0.9327628612518312,0.01990632318501171,0.9267180762817451,0.924384739905875,0.9626998223801065,0.5122873345935728,0.6687230104873535,0.01984877126654064,542,21,1037,516,0.5
BASE,LOGREG,52,1.0,TEMPLATE_OOD,2116,0.02,0.9327628612518312,0.01990632318501171,0.9412801874570603,0.9336319552888962,0.973421926910299,0.553875236294896,0.7060240963855422,0.015122873345935728,586,16,1042,472,0.5
BASE,LOGREG,52,1.0,DOMAIN_TEMPLATE_OOD,2116,0.02,0.9327628612518312,0.01990632318501171,0.9210694680697082,0.9166937653882026,0.9614643545279383,0.4716446124763705,0.6328471781864299,0.01890359168241966,499,20,1038,559,0.5
BASE,XGBOOST,52,1.0,IID_BALANCED,2116,0.005,0.9896005392074586,0.00468384074941452,0.9323197944693348,0.9261366275849502,0.9953810623556582,0.40737240075614367,0.5781354795439303,0.001890359168241966,431,2,1056,627,0.5
BASE,XGBOOST,52,1.0,TEMPORAL,2116,0.005,0.9896005392074586,0.00468384074941452,0.9411282916698216,0.9379826401420807,0.9893333333333333,0.3506616257088847,0.5177948360083741,0.003780718336483932,371,4,1054,687,0.5
BASE,XGBOOST,52,1.0,DOMAIN_OOD,2116,0.005,0.9896005392074586,0.00468384074941452,0.921643886897501,0.9208595238010155,0.9846153846153847,0.24196597353497165,0.3884673748103187,0.003780718336483932,256,4,1054,802,0.5
BASE,XGBOOST,52,1.0,TEMPLATE_OOD,2116,0.005,0.9896005392074586,0.00468384074941452,0.9316590505139837,0.9283003562737411,0.9917808219178083,0.34215500945179583,0.5087842586085735,0.002835538752362949,362,3,1055,696,0.5
BASE,XGBOOST,52,1.0,DOMAIN_TEMPLATE_OOD,2116,0.005,0.9896005392074586,0.00468384074941452,0.910301177563859,0.9100516007304147,0.9838056680161943,0.22967863894139887,0.3724137931034483,0.003780718336483932,243,4,1054,815,0.5
BASE,XGBOOST,52,1.0,IID_BALANCED,2116,0.01,0.9760836362838746,0.00936768149882904,0.9323197944693348,0.9261366275849502,0.9919028340080972,0.46313799621928164,0.6314432989690721,0.003780718336483932,490,4,1054,568,0.5
BASE,XGBOOST,52,1.0,TEMPORAL,2116,0.01,0.9760836362838746,0.00936768149882904,0.9411282916698216,0.9379826401420807,0.9868995633187773,0.42722117202268434,0.5963060686015831,0.005671077504725898,452,6,1052,606,0.5
BASE,XGBOOST,52,1.0,DOMAIN_OOD,2116,0.01,0.9760836362838746,0.00936768149882904,0.921643886897501,0.9208595238010155,0.9797687861271677,0.32041587901701324,0.4829059829059829,0.006616257088846881,339,7,1051,719,0.5
BASE,XGBOOST,52,1.0,TEMPLATE_OOD,2116,0.01,0.9760836362838746,0.00936768149882904,0.9316590505139837,0.9283003562737411,0.9816091954022989,0.40359168241965976,0.5720026791694575,0.007561436672967864,427,8,1050,631,0.5
BASE,XGBOOST,52,1.0,DOMAIN_TEMPLATE_OOD,2116,0.01,0.9760836362838746,0.00936768149882904,0.910301177563859,0.9100516007304147,0.9750778816199377,0.29584120982986767,0.45395213923132705,0.007561436672967864,313,8,1050,745,0.5
BASE,XGBOOST,52,1.0,IID_BALANCED,2116,0.02,0.8836242556571962,0.01990632318501171,0.9323197944693348,0.9261366275849502,0.9651898734177216,0.5765595463137996,0.7218934911242604,0.020793950850661626,610,22,1036,448,0.5
BASE,XGBOOST,52,1.0,TEMPORAL,2116,0.02,0.8836242556571962,0.01990632318501171,0.9411282916698216,0.9379826401420807,0.9742351046698873,0.5718336483931947,0.7206670637284097,0.015122873345935728,605,16,1042,453,0.5
BASE,XGBOOST,52,1.0,DOMAIN_OOD,2116,0.02,0.8836242556571962,0.01990632318501171,0.921643886897501,0.9208595238010155,0.9535283993115319,0.5236294896030246,0.6760219646125687,0.02551984877126654,554,27,1031,504,0.5
BASE,XGBOOST,52,1.0,TEMPLATE_OOD,2116,0.02,0.8836242556571962,0.01990632318501171,0.9316590505139837,0.9283003562737411,0.9636963696369637,0.5519848771266541,0.7019230769230769,0.020793950850661626,584,22,1036,474,0.5
BASE,XGBOOST,52,1.0,DOMAIN_TEMPLATE_OOD,2116,0.02,0.8836242556571962,0.01990632318501171,0.910301177563859,0.9100516007304147,0.9569288389513109,0.4829867674858223,0.6419597989949749,0.021739130434782608,511,23,1035,547,0.5
BASE,MLP,52,1.0,IID_BALANCED,2116,0.005,0.9997069239616395,0.00468384074941452,0.9404687104796192,0.9308969200367352,0.9950124688279302,0.3771266540642722,0.546949965729952,0.001890359168241966,399,2,1056,659,0.5
BASE,MLP,52,1.0,TEMPORAL,2116,0.005,0.9997069239616395,0.00468384074941452,0.9511161674642322,0.9466514020461619,0.990909090909091,0.30907372400756145,0.4711815561959654,0.002835538752362949,327,3,1055,731,0.5
BASE,MLP,52,1.0,DOMAIN_OOD,2116,0.005,0.9997069239616395,0.00468384074941452,0.9401528881282992,0.9392074427978746,0.9955357142857143,0.2107750472589792,0.34789391575663026,0.000945179584120983,223,1,1057,835,0.5
BASE,MLP,52,1.0,TEMPLATE_OOD,2116,0.005,0.9997069239616395,0.00468384074941452,0.9471226723671173,0.9433883884062735,0.9966666666666667,0.2826086956521739,0.44035346097201766,0.000945179584120983,299,1,1057,759,0.5
BASE,MLP,52,1.0,DOMAIN_TEMPLATE_OOD,2116,0.005,0.9997069239616395,0.00468384074941452,0.9379289858040252,0.9358340986488756,1.0,0.18052930056710775,0.3058446757405925,0.0,191,0,1058,867,0.5
BASE,MLP,52,1.0,IID_BALANCED,2116,0.01,0.9886716604232789,0.00936768149882904,0.9404687104796192,0.9308969200367352,0.9826388888888888,0.5349716446124764,0.6927784577723378,0.00945179584120983,566,10,1048,492,0.5
BASE,MLP,52,1.0,TEMPORAL,2116,0.01,0.9886716604232789,0.00936768149882904,0.9511161674642322,0.9466514020461619,0.9850187265917603,0.497164461247637,0.6608040201005025,0.007561436672967864,526,8,1050,532,0.5
BASE,MLP,52,1.0,DOMAIN_OOD,2116,0.01,0.9886716604232789,0.00936768149882904,0.9401528881282992,0.9392074427978746,0.9762419006479481,0.42722117202268434,0.5943458251150558,0.010396975425330813,452,11,1047,606,0.5
BASE,MLP,52,1.0,TEMPLATE_OOD,2116,0.01,0.9886716604232789,0.00936768149882904,0.9471226723671173,0.9433883884062735,0.9806201550387597,0.4782608695652174,0.6429479034307497,0.00945179584120983,506,10,1048,552,0.5
BASE,MLP,52,1.0,DOMAIN_TEMPLATE_OOD,2116,0.01,0.9886716604232789,0.00936768149882904,0.9379289858040252,0.9358340986488756,0.9876847290640394,0.3790170132325142,0.5478142076502732,0.004725897920604915,401,5,1053,657,0.5
BASE,MLP,52,1.0,IID_BALANCED,2116,0.02,0.9042509794235231,0.01990632318501171,0.9404687104796192,0.9308969200367352,0.9681159420289855,0.6313799621928167,0.7643020594965675,0.020793950850661626,668,22,1036,390,0.5
BASE,MLP,52,1.0,TEMPORAL,2116,0.02,0.9042509794235231,0.01990632318501171,0.9511161674642322,0.9466514020461619,0.9681620839363242,0.6323251417769377,0.7650085763293311,0.020793950850661626,669,22,1036,389,0.5
BASE,MLP,52,1.0,DOMAIN_OOD,2116,0.02,0.9042509794235231,0.01990632318501171,0.9401528881282992,0.9392074427978746,0.9510791366906475,0.6247637051039697,0.7541357672561323,0.03213610586011342,661,34,1024,397,0.5
BASE,MLP,52,1.0,TEMPLATE_OOD,2116,0.02,0.9042509794235231,0.01990632318501171,0.9471226723671173,0.9433883884062735,0.9649122807017544,0.6238185255198487,0.7577497129735936,0.022684310018903593,660,24,1034,398,0.5
BASE,MLP,52,1.0,DOMAIN_TEMPLATE_OOD,2116,0.02,0.9042509794235231,0.01990632318501171,0.9379289858040252,0.9358340986488756,0.9577464788732394,0.5784499054820416,0.7212728344136712,0.02551984877126654,612,27,1031,446,0.5
DAPT,LOGREG,52,1.0,IID_BALANCED,2116,0.005,0.9930763244628907,0.00468384074941452,0.931480684412849,0.923779038811325,0.9930313588850174,0.26937618147448017,0.42379182156133827,0.001890359168241966,285,2,1056,773,0.5
DAPT,LOGREG,52,1.0,TEMPORAL,2116,0.005,0.9930763244628907,0.00468384074941452,0.9519558507595619,0.947144985902709,0.9924242424242424,0.3714555765595463,0.5405777166437414,0.002835538752362949,393,3,1055,665,0.5
DAPT,LOGREG,52,1.0,DOMAIN_OOD,2116,0.005,0.9930763244628907,0.00468384074941452,0.9318855302889679,0.9307973099009794,0.977491961414791,0.28733459357277885,0.4441197954711468,0.006616257088846881,304,7,1051,754,0.5
DAPT,LOGREG,52,1.0,TEMPLATE_OOD,2116,0.005,0.9930763244628907,0.00468384074941452,0.9466557881080686,0.9410549204726969,0.9887005649717514,0.33081285444234404,0.49575070821529743,0.003780718336483932,350,4,1054,708,0.5
DAPT,LOGREG,52,1.0,DOMAIN_TEMPLATE_OOD,2116,0.005,0.9930763244628907,0.00468384074941452,0.9205643658845064,0.9193166834023605,0.9735849056603774,0.2438563327032136,0.3900226757369615,0.006616257088846881,258,7,1051,800,0.5
DAPT,LOGREG,52,1.0,IID_BALANCED,2116,0.01,0.9602425694465638,0.00936768149882904,0.931480684412849,0.923779038811325,0.972972972972973,0.40831758034026466,0.5752330226364847,0.011342155009451797,432,12,1046,626,0.5
DAPT,LOGREG,52,1.0,TEMPORAL,2116,0.01,0.9602425694465638,0.00936768149882904,0.9519558507595619,0.947144985902709,0.983957219251337,0.5217391304347826,0.6819024088943793,0.008506616257088847,552,9,1049,506,0.5
DAPT,LOGREG,52,1.0,DOMAIN_OOD,2116,0.01,0.9602425694465638,0.00936768149882904,0.9318855302889679,0.9307973099009794,0.9726890756302521,0.43761814744801514,0.6036505867014341,0.012287334593572778,463,13,1045,595,0.5
DAPT,LOGREG,52,1.0,TEMPLATE_OOD,2116,0.01,0.9602425694465638,0.00936768149882904,0.9466557881080686,0.9410549204726969,0.9808429118773946,0.4839319470699433,0.6481012658227848,0.00945179584120983,512,10,1048,546,0.5
DAPT,LOGREG,52,1.0,DOMAIN_TEMPLATE_OOD,2116,0.01,0.9602425694465638,0.00936768149882904,0.9205643658845064,0.9193166834023605,0.9772209567198178,0.4054820415879017,0.5731462925851704,0.00945179584120983,429,10,1048,629,0.5
DAPT,LOGREG,52,1.0,IID_BALANCED,2116,0.02,0.8827694654464723,0.01990632318501171,0.931480684412849,0.923779038811325,0.9662058371735791,0.5945179584120983,0.7361029842012873,0.020793950850661626,629,22,1036,429,0.5
DAPT,LOGREG,52,1.0,TEMPORAL,2116,0.02,0.8827694654464723,0.01990632318501171,0.9519558507595619,0.947144985902709,0.9819277108433735,0.6162570888468809,0.7572590011614402,0.011342155009451797,652,12,1046,406,0.5
DAPT,LOGREG,52,1.0,DOMAIN_OOD,2116,0.02,0.8827694654464723,0.01990632318501171,0.9318855302889679,0.9307973099009794,0.965,0.5472589792060492,0.6984318455971049,0.01984877126654064,579,21,1037,479,0.5
DAPT,LOGREG,52,1.0,TEMPLATE_OOD,2116,0.02,0.8827694654464723,0.01990632318501171,0.9466557881080686,0.9410549204726969,0.9736024844720497,0.5926275992438563,0.736780258519389,0.01606805293005671,627,17,1041,431,0.5
DAPT,LOGREG,52,1.0,DOMAIN_TEMPLATE_OOD,2116,0.02,0.8827694654464723,0.01990632318501171,0.9205643658845064,0.9193166834023605,0.967391304347826,0.504725897920605,0.6633540372670808,0.017013232514177693,534,18,1040,524,0.5
DAPT,XGBOOST,52,1.0,IID_BALANCED,2116,0.005,0.9814760684967042,0.00468384074941452,0.9195306845444036,0.9131962435811765,0.9723618090452262,0.3657844990548204,0.5315934065934066,0.010396975425330813,387,11,1047,671,0.5
DAPT,XGBOOST,52,1.0,TEMPORAL,2116,0.005,0.9814760684967042,0.00468384074941452,0.9366582072352645,0.9316719136938476,0.9912854030501089,0.43005671077504726,0.5998681608437706,0.003780718336483932,455,4,1054,603,0.5
DAPT,XGBOOST,52,1.0,DOMAIN_OOD,2116,0.005,0.9814760684967042,0.00468384074941452,0.922106610223621,0.9155172044125057,0.9889807162534435,0.3393194706994329,0.5052779732582688,0.003780718336483932,359,4,1054,699,0.5
DAPT,XGBOOST,52,1.0,TEMPLATE_OOD,2116,0.005,0.9814760684967042,0.00468384074941452,0.9346030650388153,0.9280430673132243,0.9908256880733946,0.40831758034026466,0.5783132530120482,0.003780718336483932,432,4,1054,626,0.5
DAPT,XGBOOST,52,1.0,DOMAIN_TEMPLATE_OOD,2116,0.005,0.9814760684967042,0.00468384074941452,0.9120152432355535,0.9096120654228652,0.9868421052631579,0.2835538752362949,0.44052863436123346,0.003780718336483932,300,4,1054,758,0.5
DAPT,XGBOOST,52,1.0,IID_BALANCED,2116,0.01,0.9471212029457093,0.00936768149882904,0.9195306845444036,0.9131962435811765,0.9603960396039604,0.45841209829867674,0.6206014075495841,0.01890359168241966,485,20,1038,573,0.5
DAPT,XGBOOST,52,1.0,TEMPORAL,2116,0.01,0.9471212029457093,0.00936768149882904,0.9366582072352645,0.9316719136938476,0.9840142095914742,0.5236294896030246,0.6835286859962986,0.008506616257088847,554,9,1049,504,0.5
DAPT,XGBOOST,52,1.0,DOMAIN_OOD,2116,0.01,0.9471212029457093,0.00936768149882904,0.922106610223621,0.9155172044125057,0.9812889812889813,0.44612476370510395,0.6133853151397011,0.008506616257088847,472,9,1049,586,0.5
DAPT,XGBOOST,52,1.0,TEMPLATE_OOD,2116,0.01,0.9471212029457093,0.00936768149882904,0.9346030650388153,0.9280430673132243,0.9886578449905482,0.4943289224952741,0.6591052299936988,0.005671077504725898,523,6,1052,535,0.5
DAPT,XGBOOST,52,1.0,DOMAIN_TEMPLATE_OOD,2116,0.01,0.9471212029457093,0.00936768149882904,0.9120152432355535,0.9096120654228652,0.9833729216152018,0.391304347826087,0.5598377281947262,0.006616257088846881,414,7,1051,644,0.5
DAPT,XGBOOST,52,1.0,IID_BALANCED,2116,0.02,0.8886552453041078,0.01990632318501171,0.9195306845444036,0.9131962435811765,0.9596122778675282,0.5614366729678639,0.7084078711985689,0.023629489603024575,594,25,1033,464,0.5
DAPT,XGBOOST,52,1.0,TEMPORAL,2116,0.02,0.8886552453041078,0.01990632318501171,0.9366582072352645,0.9316719136938476,0.9759615384615384,0.5756143667296786,0.7241379310344828,0.014177693761814745,609,15,1043,449,0.5
DAPT,XGBOOST,52,1.0,DOMAIN_OOD,2116,0.02,0.8886552453041078,0.01990632318501171,0.922106610223621,0.9155172044125057,0.9671848013816926,0.5293005671077504,0.6841783750763591,0.017958412098298678,560,19,1039,498,0.5
DAPT,XGBOOST,52,1.0,TEMPLATE_OOD,2116,0.02,0.8886552453041078,0.01990632318501171,0.9346030650388153,0.9280430673132243,0.9801652892561984,0.5604914933837429,0.7131689717378232,0.011342155009451797,593,12,1046,465,0.5
DAPT,XGBOOST,52,1.0,DOMAIN_TEMPLATE_OOD,2116,0.02,0.8886552453041078,0.01990632318501171,0.9120152432355535,0.9096120654228652,0.9747081712062257,0.4735349716446125,0.6374045801526718,0.012287334593572778,501,13,1045,557,0.5
DAPT,MLP,52,1.0,IID_BALANCED,2116,0.005,0.9875028729438783,0.00468384074941452,0.9315715534027409,0.9223005206527994,0.9888475836431226,0.2514177693761815,0.400904295403165,0.002835538752362949,266,3,1055,792,0.5
DAPT,MLP,52,1.0,TEMPORAL,2116,0.005,0.9875028729438783,0.00468384074941452,0.9437458057052407,0.939074331495385,0.9940828402366864,0.31758034026465026,0.4813753581661891,0.001890359168241966,336,2,1056,722,0.5
DAPT,MLP,52,1.0,DOMAIN_OOD,2116,0.005,0.9875028729438783,0.00468384074941452,0.9334089567948929,0.9308330444788291,0.9952153110047847,0.19659735349716445,0.3283346487766377,0.000945179584120983,208,1,1057,850,0.5
DAPT,MLP,52,1.0,TEMPLATE_OOD,2116,0.005,0.9875028729438783,0.00468384074941452,0.9421733726723803,0.9367694512240881,1.0,0.2882797731568998,0.4475421863536317,0.0,305,0,1058,753,0.5
DAPT,MLP,52,1.0,DOMAIN_TEMPLATE_OOD,2116,0.005,0.9875028729438783,0.00468384074941452,0.9228141094086126,0.9230375463209465,0.9885057471264368,0.16257088846880907,0.2792207792207792,0.001890359168241966,172,2,1056,886,0.5
DAPT,MLP,52,1.0,IID_BALANCED,2116,0.01,0.8633882999420167,0.00936768149882904,0.9315715534027409,0.9223005206527994,0.9717813051146384,0.5207939508506616,0.6781538461538461,0.015122873345935728,551,16,1042,507,0.5
DAPT,MLP,52,1.0,TEMPORAL,2116,0.01,0.8633882999420167,0.00936768149882904,0.9437458057052407,0.939074331495385,0.9802513464991023,0.5160680529300568,0.6761609907120743,0.010396975425330813,546,11,1047,512,0.5
DAPT,MLP,52,1.0,DOMAIN_OOD,2116,0.01,0.8633882999420167,0.00936768149882904,0.9334089567948929,0.9308330444788291,0.9761431411530815,0.46408317580340264,0.6290839205637412,0.011342155009451797,491,12,1046,567,0.5
DAPT,MLP,52,1.0,TEMPLATE_OOD,2116,0.01,0.8633882999420167,0.00936768149882904,0.9421733726723803,0.9367694512240881,0.9812734082397003,0.4952741020793951,0.6582914572864321,0.00945179584120983,524,10,1048,534,0.5
DAPT,MLP,52,1.0,DOMAIN_TEMPLATE_OOD,2116,0.01,0.8633882999420167,0.00936768149882904,0.9228141094086126,0.9230375463209465,0.9745370370370371,0.39792060491493386,0.5651006711409396,0.010396975425330813,421,11,1047,637,0.5
DAPT,MLP,52,1.0,IID_BALANCED,2116,0.02,0.6901479363441468,0.01990632318501171,0.9315715534027409,0.9223005206527994,0.9567809239940388,0.6068052930056711,0.7426257952573742,0.027410207939508508,642,29,1029,416,0.5
DAPT,MLP,52,1.0,TEMPORAL,2116,0.02,0.6901479363441468,0.01990632318501171,0.9437458057052407,0.939074331495385,0.9667149059334298,0.6313799621928167,0.7638650657518582,0.021739130434782608,668,23,1035,390,0.5
DAPT,MLP,52,1.0,DOMAIN_OOD,2116,0.02,0.6901479363441468,0.01990632318501171,0.9334089567948929,0.9308330444788291,0.958204334365325,0.5850661625708885,0.7265258215962441,0.02551984877126654,619,27,1031,439,0.5
DAPT,MLP,52,1.0,TEMPLATE_OOD,2116,0.02,0.6901479363441468,0.01990632318501171,0.9421733726723803,0.9367694512240881,0.9640718562874252,0.6086956521739131,0.746234067207416,0.022684310018903593,644,24,1034,414,0.5
DAPT,MLP,52,1.0,DOMAIN_TEMPLATE_OOD,2116,0.02,0.6901479363441468,0.01990632318501171,0.9228141094086126,0.9230375463209465,0.9533333333333334,0.5406427221172023,0.6899879372738239,0.026465028355387523,572,28,1030,486,0.5
CONTRASTIVE,LOGREG,52,1.0,IID_BALANCED,2116,0.005,0.9922129511833192,0.00468384074941452,0.8884764591772447,0.8791635250016974,0.9771241830065359,0.2826086956521739,0.43841642228739003,0.006616257088846881,299,7,1051,759,0.5
CONTRASTIVE,LOGREG,52,1.0,TEMPORAL,2116,0.005,0.9922129511833192,0.00468384074941452,0.8985161551685263,0.8805455598000294,0.9789473684210527,0.2637051039697543,0.41548771407297097,0.005671077504725898,279,6,1052,779,0.5
CONTRASTIVE,LOGREG,52,1.0,DOMAIN_OOD,2116,0.005,0.9922129511833192,0.00468384074941452,0.872347224463709,0.8536293823992911,0.985,0.18620037807183365,0.31319554848966613,0.002835538752362949,197,3,1055,861,0.5
CONTRASTIVE,LOGREG,52,1.0,TEMPLATE_OOD,2116,0.005,0.9922129511833192,0.00468384074941452,0.899547479066194,0.8835177833126668,0.9895104895104895,0.2674858223062382,0.4211309523809524,0.002835538752362949,283,3,1055,775,0.5
CONTRASTIVE,LOGREG,52,1.0,DOMAIN_TEMPLATE_OOD,2116,0.005,0.9922129511833192,0.00468384074941452,0.8680172414074412,0.8469890044703957,0.9887640449438202,0.166351606805293,0.284789644012945,0.001890359168241966,176,2,1056,882,0.5
CONTRASTIVE,LOGREG,52,1.0,IID_BALANCED,2116,0.01,0.9843730926513673,0.00936768149882904,0.8884764591772447,0.8791635250016974,0.967828418230563,0.34120982986767484,0.5045422781271838,0.011342155009451797,361,12,1046,697,0.5
CONTRASTIVE,LOGREG,52,1.0,TEMPORAL,2116,0.01,0.9843730926513673,0.00936768149882904,0.8985161551685263,0.8805455598000294,0.984,0.3487712665406427,0.515003489183531,0.005671077504725898,369,6,1052,689,0.5
CONTRASTIVE,LOGREG,52,1.0,DOMAIN_OOD,2116,0.01,0.9843730926513673,0.00936768149882904,0.872347224463709,0.8536293823992911,0.9824561403508771,0.2646502835538752,0.41697691734921816,0.004725897920604915,280,5,1053,778,0.5
CONTRASTIVE,LOGREG,52,1.0,TEMPLATE_OOD,2116,0.01,0.9843730926513673,0.00936768149882904,0.899547479066194,0.8835177833126668,0.9868073878627969,0.3534971644612476,0.5205288796102993,0.004725897920604915,374,5,1053,684,0.5
CONTRASTIVE,LOGREG,52,1.0,DOMAIN_TEMPLATE_OOD,2116,0.01,0.9843730926513673,0.00936768149882904,0.8680172414074412,0.8469890044703957,0.9838709677419355,0.23062381852551986,0.37366003062787134,0.003780718336483932,244,4,1054,814,0.5
CONTRASTIVE,LOGREG,52,1.0,IID_BALANCED,2116,0.02,0.9459620714187623,0.01990632318501171,0.8884764591772447,0.8791635250016974,0.941747572815534,0.45841209829867674,0.6166560712015258,0.02835538752362949,485,30,1028,573,0.5
CONTRASTIVE,LOGREG,52,1.0,TEMPORAL,2116,0.02,0.9459620714187623,0.01990632318501171,0.8985161551685263,0.8805455598000294,0.9609375,0.46502835538752363,0.6267515923566879,0.01890359168241966,492,20,1038,566,0.5
CONTRASTIVE,LOGREG,52,1.0,DOMAIN_OOD,2116,0.02,0.9459620714187623,0.01990632318501171,0.872347224463709,0.8536293823992911,0.9574944071588367,0.4045368620037807,0.5687707641196014,0.017958412098298678,428,19,1039,630,0.5
CONTRASTIVE,LOGREG,52,1.0,TEMPLATE_OOD,2116,0.02,0.9459620714187623,0.01990632318501171,0.899547479066194,0.8835177833126668,0.9601518026565465,0.4782608695652174,0.6384858044164038,0.01984877126654064,506,21,1037,552,0.5
CONTRASTIVE,LOGREG,52,1.0,DOMAIN_TEMPLATE_OOD,2116,0.02,0.9459620714187623,0.01990632318501171,0.8680172414074412,0.8469890044703957,0.965,0.3648393194706994,0.5294924554183813,0.013232514177693762,386,14,1044,672,0.5
CONTRASTIVE,XGBOOST,52,1.0,IID_BALANCED,2116,0.005,0.992655634880066,0.00468384074941452,0.8788142889444073,0.8824734402750134,0.9657142857142857,0.15973534971644612,0.27412814274128144,0.005671077504725898,169,6,1052,889,0.5
CONTRASTIVE,XGBOOST,52,1.0,TEMPORAL,2116,0.005,0.992655634880066,0.00468384074941452,0.8811156560628961,0.8613882526148777,0.9789915966386554,0.22022684310018903,0.3595679012345679,0.004725897920604915,233,5,1053,825,0.5
CONTRASTIVE,XGBOOST,52,1.0,DOMAIN_OOD,2116,0.005,0.992655634880066,0.00468384074941452,0.8484136172861403,0.8303599186681008,0.9807692307692307,0.1446124763705104,0.25205930807248766,0.002835538752362949,153,3,1055,905,0.5
CONTRASTIVE,XGBOOST,52,1.0,TEMPLATE_OOD,2116,0.005,0.992655634880066,0.00468384074941452,0.8828821478638902,0.863560021583685,0.9867256637168141,0.2107750472589792,0.34735202492211836,0.002835538752362949,223,3,1055,835,0.5
CONTRASTIVE,XGBOOST,52,1.0,DOMAIN_TEMPLATE_OOD,2116,0.005,0.992655634880066,0.00468384074941452,0.8438739211309512,0.8237713558770874,0.9763779527559056,0.11720226843100189,0.20928270042194091,0.002835538752362949,124,3,1055,934,0.5
CONTRASTIVE,XGBOOST,52,1.0,IID_BALANCED,2116,0.01,0.9856772422790528,0.00936768149882904,0.8788142889444073,0.8824734402750134,0.9628099173553719,0.22022684310018903,0.35846153846153844,0.008506616257088847,233,9,1049,825,0.5
CONTRASTIVE,XGBOOST,52,1.0,TEMPORAL,2116,0.01,0.9856772422790528,0.00936768149882904,0.8811156560628961,0.8613882526148777,0.976897689768977,0.27977315689981097,0.43497428361498897,0.006616257088846881,296,7,1051,762,0.5
CONTRASTIVE,XGBOOST,52,1.0,DOMAIN_OOD,2116,0.01,0.9856772422790528,0.00936768149882904,0.8484136172861403,0.8303599186681008,0.9754901960784313,0.1880907372400756,0.3153724247226624,0.004725897920604915,199,5,1053,859,0.5
CONTRASTIVE,XGBOOST,52,1.0,TEMPLATE_OOD,2116,0.01,0.9856772422790528,0.00936768149882904,0.8828821478638902,0.863560021583685,0.9856115107913669,0.2589792060491493,0.4101796407185629,0.003780718336483932,274,4,1054,784,0.5
CONTRASTIVE,XGBOOST,52,1.0,DOMAIN_TEMPLATE_OOD,2116,0.01,0.9856772422790528,0.00936768149882904,0.8438739211309512,0.8237713558770874,0.9767441860465116,0.15879017013232513,0.2731707317073171,0.003780718336483932,168,4,1054,890,0.5
CONTRASTIVE,XGBOOST,52,1.0,IID_BALANCED,2116,0.02,0.9716414213180543,0.01990632318501171,0.8788142889444073,0.8824734402750134,0.9472140762463344,0.3052930056710775,0.46175839885632597,0.017013232514177693,323,18,1040,735,0.5
CONTRASTIVE,XGBOOST,52,1.0,TEMPORAL,2116,0.02,0.9716414213180543,0.01990632318501171,0.8811156560628961,0.8613882526148777,0.9655172413793104,0.3440453686200378,0.5073170731707317,0.012287334593572778,364,13,1045,694,0.5
CONTRASTIVE,XGBOOST,52,1.0,DOMAIN_OOD,2116,0.02,0.9716414213180543,0.01990632318501171,0.8484136172861403,0.8303599186681008,0.9511278195488722,0.2391304347826087,0.3821752265861027,0.012287334593572778,253,13,1045,805,0.5
CONTRASTIVE,XGBOOST,52,1.0,TEMPLATE_OOD,2116,0.02,0.9716414213180543,0.01990632318501171,0.8828821478638902,0.863560021583685,0.9770773638968482,0.3223062381852552,0.48471926083866385,0.007561436672967864,341,8,1050,717,0.5
CONTRASTIVE,XGBOOST,52,1.0,DOMAIN_TEMPLATE_OOD,2116,0.02,0.9716414213180543,0.01990632318501171,0.8438739211309512,0.8237713558770874,0.9623430962343096,0.21739130434782608,0.3546646106399383,0.008506616257088847,230,9,1049,828,0.5
CONTRASTIVE,MLP,52,1.0,IID_BALANCED,2116,0.005,0.981436312198639,0.00468384074941452,0.8964949627689724,0.8940166022848689,0.9724770642201835,0.3005671077504726,0.4592057761732852,0.008506616257088847,318,9,1049,740,0.5
CONTRASTIVE,MLP,52,1.0,TEMPORAL,2116,0.005,0.981436312198639,0.00468384074941452,0.8884624242406102,0.8727241540732058,0.9658119658119658,0.32041587901701324,0.48119233498935415,0.011342155009451797,339,12,1046,719,0.5
CONTRASTIVE,MLP,52,1.0,DOMAIN_OOD,2116,0.005,0.981436312198639,0.00468384074941452,0.8686833165980961,0.8538973917331627,0.9781659388646288,0.21172022684310018,0.3480963480963481,0.004725897920604915,224,5,1053,834,0.5
CONTRASTIVE,MLP,52,1.0,TEMPLATE_OOD,2116,0.005,0.981436312198639,0.00468384074941452,0.8990132358987208,0.8858923460107704,0.9794117647058823,0.31474480151228734,0.47639484978540775,0.006616257088846881,333,7,1051,725,0.5
CONTRASTIVE,MLP,52,1.0,DOMAIN_TEMPLATE_OOD,2116,0.005,0.981436312198639,0.00468384074941452,0.8602174182404386,0.8440962903934734,0.9805825242718447,0.19092627599243855,0.31962025316455694,0.003780718336483932,202,4,1054,856,0.5
CONTRASTIVE,MLP,52,1.0,IID_BALANCED,2116,0.01,0.9709212183952333,0.00936768149882904,0.8964949627689724,0.8940166022848689,0.9583333333333334,0.34782608695652173,0.5104022191400832,0.015122873345935728,368,16,1042,690,0.5
CONTRASTIVE,MLP,52,1.0,TEMPORAL,2116,0.01,0.9709212183952333,0.00936768149882904,0.8884624242406102,0.8727241540732058,0.9679802955665024,0.3714555765595463,0.5368852459016393,0.012287334593572778,393,13,1045,665,0.5
CONTRASTIVE,MLP,52,1.0,DOMAIN_OOD,2116,0.01,0.9709212183952333,0.00936768149882904,0.8686833165980961,0.8538973917331627,0.9713261648745519,0.2561436672967864,0.4053851907255049,0.007561436672967864,271,8,1050,787,0.5
CONTRASTIVE,MLP,52,1.0,TEMPLATE_OOD,2116,0.01,0.9709212183952333,0.00936768149882904,0.8990132358987208,0.8858923460107704,0.97911227154047,0.3544423440453686,0.520471894517696,0.007561436672967864,375,8,1050,683,0.5
CONTRASTIVE,MLP,52,1.0,DOMAIN_TEMPLATE_OOD,2116,0.01,0.9709212183952333,0.00936768149882904,0.8602174182404386,0.8440962903934734,0.97265625,0.23534971644612476,0.3789954337899543,0.006616257088846881,249,7,1051,809,0.5
CONTRASTIVE,MLP,52,1.0,IID_BALANCED,2116,0.02,0.93635231256485,0.01990632318501171,0.8964949627689724,0.8940166022848689,0.9386503067484663,0.43383742911153117,0.5934065934065934,0.02835538752362949,459,30,1028,599,0.5
CONTRASTIVE,MLP,52,1.0,TEMPORAL,2116,0.02,0.93635231256485,0.01990632318501171,0.8884624242406102,0.8727241540732058,0.9631901840490797,0.44517958412098296,0.6089204912734324,0.017013232514177693,471,18,1040,587,0.5
CONTRASTIVE,MLP,52,1.0,DOMAIN_OOD,2116,0.02,0.93635231256485,0.01990632318501171,0.8686833165980961,0.8538973917331627,0.9588688946015425,0.35255198487712663,0.5155494125777471,0.015122873345935728,373,16,1042,685,0.5
CONTRASTIVE,MLP,52,1.0,TEMPLATE_OOD,2116,0.02,0.93635231256485,0.01990632318501171,0.8990132358987208,0.8858923460107704,0.9672131147540983,0.44612476370510395,0.610608020698577,0.015122873345935728,472,16,1042,586,0.5
CONTRASTIVE,MLP,52,1.0,DOMAIN_TEMPLATE_OOD,2116,0.02,0.93635231256485,0.01990632318501171,0.8602174182404386,0.8440962903934734,0.9527777777777777,0.32419659735349715,0.4837799717912553,0.01606805293005671,343,17,1041,715,0.5
BASE,LOGREG,62,0.1,IID_BALANCED,2116,0.005,0.9928123354911805,0.00468384074941452,0.9039167477242702,0.8906191372958217,0.9809782608695652,0.34120982986767484,0.5063113604488079,0.006616257088846881,361,7,1051,697,0.5
BASE,LOGREG,62,0.1,TEMPORAL,2116,0.005,0.9928123354911805,0.00468384074941452,0.9161063655596648,0.9085748693007816,0.985207100591716,0.31474480151228734,0.47707736389684813,0.004725897920604915,333,5,1053,725,0.5
BASE,LOGREG,62,0.1,DOMAIN_OOD,2116,0.005,0.9928123354911805,0.00468384074941452,0.8814643648994417,0.8795047902201607,0.9681978798586572,0.2589792060491493,0.4086502609992543,0.008506616257088847,274,9,1049,784,0.5
BASE,LOGREG,62,0.1,TEMPLATE_OOD,2116,0.005,0.9928123354911805,0.00468384074941452,0.9065142028280665,0.8972881028869966,0.9783950617283951,0.2996219281663516,0.45875542691751087,0.006616257088846881,317,7,1051,741,0.5
BASE,LOGREG,62,0.1,DOMAIN_TEMPLATE_OOD,2116,0.005,0.9928123354911805,0.00468384074941452,0.878584365780112,0.8764861117563189,0.9705882352941176,0.2495274102079395,0.3969924812030075,0.007561436672967864,264,8,1050,794,0.5
BASE,LOGREG,62,0.1,IID_BALANCED,2116,0.01,0.9873656034469606,0.00936768149882904,0.9039167477242702,0.8906191372958217,0.9793103448275862,0.40264650283553877,0.5706630944407234,0.008506616257088847,426,9,1049,632,0.5
BASE,LOGREG,62,0.1,TEMPORAL,2116,0.01,0.9873656034469606,0.00936768149882904,0.9161063655596648,0.9085748693007816,0.9879227053140096,0.38657844990548207,0.5557065217391305,0.004725897920604915,409,5,1053,649,0.5
BASE,LOGREG,62,0.1,DOMAIN_OOD,2116,0.01,0.9873656034469606,0.00936768149882904,0.8814643648994417,0.8795047902201607,0.9627507163323782,0.31758034026465026,0.47761194029850745,0.012287334593572778,336,13,1045,722,0.5
BASE,LOGREG,62,0.1,TEMPLATE_OOD,2116,0.01,0.9873656034469606,0.00936768149882904,0.9065142028280665,0.8972881028869966,0.9703703703703703,0.3714555765595463,0.5372522214627478,0.011342155009451797,393,12,1046,665,0.5
BASE,LOGREG,62,0.1,DOMAIN_TEMPLATE_OOD,2116,0.01,0.9873656034469606,0.00936768149882904,0.878584365780112,0.8764861117563189,0.9711815561959655,0.31852551984877125,0.4797153024911032,0.00945179584120983,337,10,1048,721,0.5
BASE,LOGREG,62,0.1,IID_BALANCED,2116,0.02,0.9515076875686647,0.01990632318501171,0.9039167477242702,0.8906191372958217,0.9605488850771869,0.5293005671077504,0.6825106642291285,0.021739130434782608,560,23,1035,498,0.5
BASE,LOGREG,62,0.1,TEMPORAL,2116,0.02,0.9515076875686647,0.01990632318501171,0.9161063655596648,0.9085748693007816,0.9630931458699473,0.5179584120982986,0.6736324523663184,0.01984877126654064,548,21,1037,510,0.5
BASE,LOGREG,62,0.1,DOMAIN_OOD,2116,0.02,0.9515076875686647,0.01990632318501171,0.8814643648994417,0.8795047902201607,0.9432485322896281,0.4555765595463138,0.6144040790312301,0.027410207939508508,482,29,1029,576,0.5
BASE,LOGREG,62,0.1,TEMPLATE_OOD,2116,0.02,0.9515076875686647,0.01990632318501171,0.9065142028280665,0.8972881028869966,0.9601449275362319,0.500945179584121,0.6583850931677019,0.020793950850661626,530,22,1036,528,0.5
BASE,LOGREG,62,0.1,DOMAIN_TEMPLATE_OOD,2116,0.02,0.9515076875686647,0.01990632318501171,0.878584365780112,0.8764861117563189,0.9513184584178499,0.44328922495274103,0.6047711154094133,0.022684310018903593,469,24,1034,589,0.5
BASE,XGBOOST,62,0.1,IID_BALANCED,2116,0.005,0.9944494962692262,0.00468384074941452,0.8742213011965463,0.8592772324284146,0.9915254237288136,0.22117202268431002,0.3616692426584235,0.001890359168241966,234,2,1056,824,0.5
BASE,XGBOOST,62,0.1,TEMPORAL,2116,0.005,0.9944494962692262,0.00468384074941452,0.8715127696280442,0.8652315064625983,0.9647887323943662,0.12948960302457466,0.22833333333333333,0.004725897920604915,137,5,1053,921,0.5
BASE,XGBOOST,62,0.1,DOMAIN_OOD,2116,0.005,0.9944494962692262,0.00468384074941452,0.8166714771416705,0.8304778427750044,0.9104477611940298,0.057655954631379965,0.10844444444444444,0.005671077504725898,61,6,1052,997,0.5
BASE,XGBOOST,62,0.1,TEMPLATE_OOD,2116,0.005,0.9944494962692262,0.00468384074941452,0.8498065620538264,0.8464377986070661,0.9421487603305785,0.10775047258979206,0.19338422391857507,0.006616257088846881,114,7,1051,944,0.5
BASE,XGBOOST,62,0.1,DOMAIN_TEMPLATE_OOD,2116,0.005,0.9944494962692262,0.00468384074941452,0.8124777188693989,0.8216451484950382,0.921875,0.055765595463137994,0.1051693404634581,0.004725897920604915,59,5,1053,999,0.5
BASE,XGBOOST,62,0.1,IID_BALANCED,2116,0.01,0.987343192100525,0.00936768149882904,0.8742213011965463,0.8592772324284146,0.9847328244274809,0.3657844990548204,0.5334252239834597,0.005671077504725898,387,6,1052,671,0.5
BASE,XGBOOST,62,0.1,TEMPORAL,2116,0.01,0.987343192100525,0.00936768149882904,0.8715127696280442,0.8652315064625983,0.9765625,0.23629489603024575,0.380517503805175,0.005671077504725898,250,6,1052,808,0.5
BASE,XGBOOST,62,0.1,DOMAIN_OOD,2116,0.01,0.987343192100525,0.00936768149882904,0.8166714771416705,0.8304778427750044,0.9205298013245033,0.13137996219281664,0.22994210090984285,0.011342155009451797,139,12,1046,919,0.5
BASE,XGBOOST,62,0.1,TEMPLATE_OOD,2116,0.01,0.987343192100525,0.00936768149882904,0.8498065620538264,0.8464377986070661,0.9628099173553719,0.22022684310018903,0.35846153846153844,0.008506616257088847,233,9,1049,825,0.5
BASE,XGBOOST,62,0.1,DOMAIN_TEMPLATE_OOD,2116,0.01,0.987343192100525,0.00936768149882904,0.8124777188693989,0.8216451484950382,0.910958904109589,0.12570888468809074,0.22093023255813954,0.012287334593572778,133,13,1045,925,0.5
BASE,XGBOOST,62,0.1,IID_BALANCED,2116,0.02,0.9508956074714662,0.01990632318501171,0.8742213011965463,0.8592772324284146,0.9339622641509434,0.4678638941398866,0.6234256926952141,0.0330812854442344,495,35,1023,563,0.5
BASE,XGBOOST,62,0.1,TEMPORAL,2116,0.02,0.9508956074714662,0.01990632318501171,0.8715127696280442,0.8652315064625983,0.9472527472527472,0.40737240075614367,0.5697290152015863,0.022684310018903593,431,24,1034,627,0.5
BASE,XGBOOST,62,0.1,DOMAIN_OOD,2116,0.02,0.9508956074714662,0.01990632318501171,0.8166714771416705,0.8304778427750044,0.8986666666666666,0.31852551984877125,0.4703419399860433,0.035916824196597356,337,38,1020,721,0.5
BASE,XGBOOST,62,0.1,TEMPLATE_OOD,2116,0.02,0.9508956074714662,0.01990632318501171,0.8498065620538264,0.8464377986070661,0.9387755102040817,0.391304347826087,0.552368245496998,0.02551984877126654,414,27,1031,644,0.5
BASE,XGBOOST,62,0.1,DOMAIN_TEMPLATE_OOD,2116,0.02,0.9508956074714662,0.01990632318501171,0.8124777188693989,0.8216451484950382,0.8990825688073395,0.277882797731569,0.42454873646209385,0.031190926275992438,294,33,1025,764,0.5
BASE,MLP,62,0.1,IID_BALANCED,2116,0.005,0.9913244247436525,0.00468384074941452,0.8955781104488114,0.8828513334357725,0.9861495844875346,0.33648393194706994,0.5017618040873855,0.004725897920604915,356,5,1053,702,0.5
BASE,MLP,62,0.1,TEMPORAL,2116,0.005,0.9913244247436525,0.00468384074941452,0.8977107836427292,0.8875736578985923,0.986159169550173,0.26937618147448017,0.42316258351893093,0.003780718336483932,285,4,1054,773,0.5
BASE,MLP,62,0.1,DOMAIN_OOD,2116,0.005,0.9913244247436525,0.00468384074941452,0.8548723952371686,0.8509144478471704,0.972972972972973,0.17013232514177692,0.28962188254223653,0.004725897920604915,180,5,1053,878,0.5
BASE,MLP,62,0.1,TEMPLATE_OOD,2116,0.005,0.9913244247436525,0.00468384074941452,0.8879386743882023,0.876094818128866,0.9880478087649402,0.23440453686200377,0.3789152024446142,0.002835538752362949,248,3,1055,810,0.5
BASE,MLP,62,0.1,DOMAIN_TEMPLATE_OOD,2116,0.005,0.9913244247436525,0.00468384074941452,0.8523916536684972,0.844161505998049,0.9869281045751634,0.14272211720226843,0.24938067712634188,0.001890359168241966,151,2,1056,907,0.5
BASE,MLP,62,0.1,IID_BALANCED,2116,0.01,0.9880822896957399,0.00936768149882904,0.8955781104488114,0.8828513334357725,0.9844155844155844,0.35822306238185253,0.5252945252945252,0.005671077504725898,379,6,1052,679,0.5
BASE,MLP,62,0.1,TEMPORAL,2116,0.01,0.9880822896957399,0.00936768149882904,0.8977107836427292,0.8875736578985923,0.9840764331210191,0.29206049149338376,0.45043731778425655,0.004725897920604915,309,5,1053,749,0.5
BASE,MLP,62,0.1,DOMAIN_OOD,2116,0.01,0.9880822896957399,0.00936768149882904,0.8548723952371686,0.8509144478471704,0.9712918660287081,0.19187145557655955,0.32044198895027626,0.005671077504725898,203,6,1052,855,0.5
BASE,MLP,62,0.1,TEMPLATE_OOD,2116,0.01,0.9880822896957399,0.00936768149882904,0.8879386743882023,0.876094818128866,0.9890909090909091,0.2570888468809074,0.4081020255063766,0.002835538752362949,272,3,1055,786,0.5
BASE,MLP,62,0.1,DOMAIN_TEMPLATE_OOD,2116,0.01,0.9880822896957399,0.00936768149882904,0.8523916536684972,0.844161505998049,0.9833333333333333,0.16729678638941398,0.2859450726978998,0.002835538752362949,177,3,1055,881,0.5
BASE,MLP,62,0.1,IID_BALANCED,2116,0.02,0.97159081697464,0.01990632318501171,0.8955781104488114,0.8828513334357725,0.9780701754385965,0.4215500945179584,0.5891677675033025,0.00945179584120983,446,10,1048,612,0.5
BASE,MLP,62,0.1,TEMPORAL,2116,0.02,0.97159081697464,0.01990632318501171,0.8977107836427292,0.8875736578985923,0.974293059125964,0.35822306238185253,0.5238424326192122,0.00945179584120983,379,10,1048,679,0.5
BASE,MLP,62,0.1,DOMAIN_OOD,2116,0.02,0.97159081697464,0.01990632318501171,0.8548723952371686,0.8509144478471704,0.9464285714285714,0.2504725897920605,0.3961136023916293,0.014177693761814745,265,15,1043,793,0.5
BASE,MLP,62,0.1,TEMPLATE_OOD,2116,0.02,0.97159081697464,0.01990632318501171,0.8879386743882023,0.876094818128866,0.9594202898550724,0.31285444234404536,0.4718460441910192,0.013232514177693762,331,14,1044,727,0.5
BASE,MLP,62,0.1,DOMAIN_TEMPLATE_OOD,2116,0.02,0.97159081697464,0.01990632318501171,0.8523916536684972,0.844161505998049,0.9402390438247012,0.22306238185255198,0.3605805958747135,0.014177693761814745,236,15,1043,822,0.5
DAPT,LOGREG,62,0.1,IID_BALANCED,2116,0.005,0.9910168051719667,0.00468384074941452,0.8944329257652783,0.8751085437802181,0.9673024523160763,0.33553875236294894,0.4982456140350877,0.011342155009451797,355,12,1046,703,0.5
DAPT,LOGREG,62,0.1,TEMPORAL,2116,0.005,0.9910168051719667,0.00468384074941452,0.9133939115627852,0.9025428725597748,0.9813432835820896,0.2485822306238185,0.39668174962292607,0.004725897920604915,263,5,1053,795,0.5
DAPT,LOGREG,62,0.1,DOMAIN_OOD,2116,0.005,0.9910168051719667,0.00468384074941452,0.8833065477681558,0.875601680954542,0.9807692307692307,0.19281663516068054,0.3222748815165877,0.003780718336483932,204,4,1054,854,0.5
DAPT,LOGREG,62,0.1,TEMPLATE_OOD,2116,0.005,0.9910168051719667,0.00468384074941452,0.9071866474888947,0.891648293137889,0.9918032786885246,0.22873345935727787,0.3717357910906298,0.001890359168241966,242,2,1056,816,0.5
DAPT,LOGREG,62,0.1,DOMAIN_TEMPLATE_OOD,2116,0.005,0.9910168051719667,0.00468384074941452,0.8709291163723003,0.858022948745895,0.9744897959183674,0.18052930056710775,0.30462519936204147,0.004725897920604915,191,5,1053,867,0.5
DAPT,LOGREG,62,0.1,IID_BALANCED,2116,0.01,0.9823117852211,0.00936768149882904,0.8944329257652783,0.8751085437802181,0.9652173913043478,0.41965973534971646,0.5849802371541502,0.015122873345935728,444,16,1042,614,0.5
DAPT,LOGREG,62,0.1,TEMPORAL,2116,0.01,0.9823117852211,0.00936768149882904,0.9133939115627852,0.9025428725597748,0.9799498746867168,0.3695652173913043,0.5367192862045299,0.007561436672967864,391,8,1050,667,0.5
DAPT,LOGREG,62,0.1,DOMAIN_OOD,2116,0.01,0.9823117852211,0.00936768149882904,0.8833065477681558,0.875601680954542,0.9654088050314465,0.29017013232514177,0.44622093023255816,0.010396975425330813,307,11,1047,751,0.5
DAPT,LOGREG,62,0.1,TEMPLATE_OOD,2116,0.01,0.9823117852211,0.00936768149882904,0.9071866474888947,0.891648293137889,0.9830508474576272,0.32892249527410206,0.49291784702549574,0.005671077504725898,348,6,1052,710,0.5
DAPT,LOGREG,62,0.1,DOMAIN_TEMPLATE_OOD,2116,0.01,0.9823117852211,0.00936768149882904,0.8709291163723003,0.858022948745895,0.9655172413793104,0.2646502835538752,0.41543026706231456,0.00945179584120983,280,10,1048,778,0.5
DAPT,LOGREG,62,0.1,IID_BALANCED,2116,0.02,0.9537951946258546,0.01990632318501171,0.8944329257652783,0.8751085437802181,0.9549393414211439,0.5207939508506616,0.674006116207951,0.024574669187145556,551,26,1032,507,0.5
DAPT,LOGREG,62,0.1,TEMPORAL,2116,0.02,0.9537951946258546,0.01990632318501171,0.9133939115627852,0.9025428725597748,0.9719298245614035,0.5236294896030246,0.6805896805896806,0.015122873345935728,554,16,1042,504,0.5
DAPT,LOGREG,62,0.1,DOMAIN_OOD,2116,0.02,0.9537951946258546,0.01990632318501171,0.8833065477681558,0.875601680954542,0.9494949494949495,0.444234404536862,0.6052801030264006,0.023629489603024575,470,25,1033,588,0.5
DAPT,LOGREG,62,0.1,TEMPLATE_OOD,2116,0.02,0.9537951946258546,0.01990632318501171,0.9071866474888947,0.891648293137889,0.9685185185185186,0.4943289224952741,0.6545682102628285,0.01606805293005671,523,17,1041,535,0.5
DAPT,LOGREG,62,0.1,DOMAIN_TEMPLATE_OOD,2116,0.02,0.9537951946258546,0.01990632318501171,0.8709291163723003,0.858022948745895,0.9607843137254902,0.4168241965973535,0.5814106789716545,0.017013232514177693,441,18,1040,617,0.5
DAPT,XGBOOST,62,0.1,IID_BALANCED,2116,0.005,0.9911448359489442,0.00468384074941452,0.8761365495633893,0.8619077440403657,0.9751552795031055,0.29678638941398866,0.45507246376811594,0.007561436672967864,314,8,1050,744,0.5
DAPT,XGBOOST,62,0.1,TEMPORAL,2116,0.005,0.9911448359489442,0.00468384074941452,0.8726775634985691,0.8647598100349841,0.9657142857142857,0.15973534971644612,0.27412814274128144,0.005671077504725898,169,6,1052,889,0.5
DAPT,XGBOOST,62,0.1,DOMAIN_OOD,2116,0.005,0.9911448359489442,0.00468384074941452,0.8248783831530487,0.8241599694112014,0.9215686274509803,0.0888468809073724,0.16206896551724137,0.007561436672967864,94,8,1050,964,0.5
DAPT,XGBOOST,62,0.1,TEMPLATE_OOD,2116,0.005,0.9911448359489442,0.00468384074941452,0.8678418700840725,0.8564452671338366,0.9583333333333334,0.15217391304347827,0.2626427406199021,0.006616257088846881,161,7,1051,897,0.5
DAPT,XGBOOST,62,0.1,DOMAIN_TEMPLATE_OOD,2116,0.005,0.9911448359489442,0.00468384074941452,0.8164815242272976,0.8098446975246658,0.91,0.08601134215500945,0.15716753022452504,0.008506616257088847,91,9,1049,967,0.5
DAPT,XGBOOST,62,0.1,IID_BALANCED,2116,0.01,0.984684705734253,0.00936768149882904,0.8761365495633893,0.8619077440403657,0.9643765903307888,0.35822306238185253,0.5223983459682977,0.013232514177693762,379,14,1044,679,0.5
DAPT,XGBOOST,62,0.1,TEMPORAL,2116,0.01,0.984684705734253,0.00936768149882904,0.8726775634985691,0.8647598100349841,0.972,0.22967863894139887,0.37155963302752293,0.006616257088846881,243,7,1051,815,0.5
DAPT,XGBOOST,62,0.1,DOMAIN_OOD,2116,0.01,0.984684705734253,0.00936768149882904,0.8248783831530487,0.8241599694112014,0.9216867469879518,0.1446124763705104,0.25,0.012287334593572778,153,13,1045,905,0.5
DAPT,XGBOOST,62,0.1,TEMPLATE_OOD,2116,0.01,0.984684705734253,0.00936768149882904,0.8678418700840725,0.8564452671338366,0.9568627450980393,0.23062381852551986,0.37166793602437165,0.010396975425330813,244,11,1047,814,0.5
DAPT,XGBOOST,62,0.1,DOMAIN_TEMPLATE_OOD,2116,0.01,0.984684705734253,0.00936768149882904,0.8164815242272976,0.8098446975246658,0.9364161849710982,0.15311909262759923,0.26320064987814784,0.010396975425330813,162,11,1047,896,0.5
DAPT,XGBOOST,62,0.1,IID_BALANCED,2116,0.02,0.9676225185394288,0.01990632318501171,0.8761365495633893,0.8619077440403657,0.9480249480249481,0.43100189035916825,0.5925925925925926,0.023629489603024575,456,25,1033,602,0.5
DAPT,XGBOOST,62,0.1,TEMPORAL,2116,0.02,0.9676225185394288,0.01990632318501171,0.8726775634985691,0.8647598100349841,0.9509536784741145,0.32986767485822305,0.4898245614035088,0.017013232514177693,349,18,1040,709,0.5
DAPT,XGBOOST,62,0.1,DOMAIN_OOD,2116,0.02,0.9676225185394288,0.01990632318501171,0.8248783831530487,0.8241599694112014,0.9228187919463087,0.2599243856332703,0.4056047197640118,0.021739130434782608,275,23,1035,783,0.5
DAPT,XGBOOST,62,0.1,TEMPLATE_OOD,2116,0.02,0.9676225185394288,0.01990632318501171,0.8678418700840725,0.8564452671338366,0.9394736842105263,0.33742911153119093,0.4965229485396384,0.021739130434782608,357,23,1035,701,0.5
DAPT,XGBOOST,62,0.1,DOMAIN_TEMPLATE_OOD,2116,0.02,0.9676225185394288,0.01990632318501171,0.8164815242272976,0.8098446975246658,0.9335664335664335,0.2523629489603025,0.39732142857142855,0.017958412098298678,267,19,1039,791,0.5
DAPT,MLP,62,0.1,IID_BALANCED,2116,0.005,0.9856083393096925,0.00468384074941452,0.8857103436900917,0.8750192073355942,0.9740932642487047,0.3553875236294896,0.5207756232686981,0.00945179584120983,376,10,1048,682,0.5
DAPT,MLP,62,0.1,TEMPORAL,2116,0.005,0.9856083393096925,0.00468384074941452,0.8805738841198593,0.8737381227196872,0.979253112033195,0.22306238185255198,0.36335642802155504,0.004725897920604915,236,5,1053,822,0.5
DAPT,MLP,62,0.1,DOMAIN_OOD,2116,0.005,0.9856083393096925,0.00468384074941452,0.8466035598097845,0.8442137678181538,0.972972972972973,0.13610586011342155,0.23880597014925373,0.003780718336483932,144,4,1054,914,0.5
DAPT,MLP,62,0.1,TEMPLATE_OOD,2116,0.005,0.9856083393096925,0.00468384074941452,0.8742934705342466,0.8652623275359937,0.9813953488372092,0.1994328922495274,0.3315003927729772,0.003780718336483932,211,4,1054,847,0.5
DAPT,MLP,62,0.1,DOMAIN_TEMPLATE_OOD,2116,0.005,0.9856083393096925,0.00468384074941452,0.8276524884325733,0.8258475348501471,0.9765625,0.11814744801512288,0.21079258010118043,0.002835538752362949,125,3,1055,933,0.5
DAPT,MLP,62,0.1,IID_BALANCED,2116,0.01,0.9732083082199098,0.00936768149882904,0.8857103436900917,0.8750192073355942,0.9573991031390134,0.40359168241965976,0.5678191489361702,0.017958412098298678,427,19,1039,631,0.5
DAPT,MLP,62,0.1,TEMPORAL,2116,0.01,0.9732083082199098,0.00936768149882904,0.8805738841198593,0.8737381227196872,0.9721254355400697,0.2637051039697543,0.41486988847583645,0.007561436672967864,279,8,1050,779,0.5
DAPT,MLP,62,0.1,DOMAIN_OOD,2116,0.01,0.9732083082199098,0.00936768149882904,0.8466035598097845,0.8442137678181538,0.9552238805970149,0.18147448015122875,0.3050039714058777,0.008506616257088847,192,9,1049,866,0.5
DAPT,MLP,62,0.1,TEMPLATE_OOD,2116,0.01,0.9732083082199098,0.00936768149882904,0.8742934705342466,0.8652623275359937,0.978021978021978,0.2523629489603025,0.40120210368144255,0.005671077504725898,267,6,1052,791,0.5
DAPT,MLP,62,0.1,DOMAIN_TEMPLATE_OOD,2116,0.01,0.9732083082199098,0.00936768149882904,0.8276524884325733,0.8258475348501471,0.9476744186046512,0.15406427221172023,0.26504065040650404,0.008506616257088847,163,9,1049,895,0.5
DAPT,MLP,62,0.1,IID_BALANCED,2116,0.02,0.9461587071418763,0.01990632318501171,0.8857103436900917,0.8750192073355942,0.9546313799621928,0.4773156899810964,0.6364209199747952,0.022684310018903593,505,24,1034,553,0.5
DAPT,MLP,62,0.1,TEMPORAL,2116,0.02,0.9461587071418763,0.01990632318501171,0.8805738841198593,0.8737381227196872,0.9653333333333334,0.34215500945179583,0.5052337752965806,0.012287334593572778,362,13,1045,696,0.5
DAPT,MLP,62,0.1,DOMAIN_OOD,2116,0.02,0.9461587071418763,0.01990632318501171,0.8466035598097845,0.8442137678181538,0.9305555555555556,0.2533081285444234,0.39821693907875183,0.01890359168241966,268,20,1038,790,0.5
DAPT,MLP,62,0.1,TEMPLATE_OOD,2116,0.02,0.9461587071418763,0.01990632318501171,0.8742934705342466,0.8652623275359937,0.9620991253644315,0.31190926275992437,0.47109207708779444,0.012287334593572778,330,13,1045,728,0.5
DAPT,MLP,62,0.1,DOMAIN_TEMPLATE_OOD,2116,0.02,0.9461587071418763,0.01990632318501171,0.8276524884325733,0.8258475348501471,0.9369747899159664,0.2107750472589792,0.3441358024691358,0.014177693761814745,223,15,1043,835,0.5
CONTRASTIVE,LOGREG,62,0.1,IID_BALANCED,2116,0.005,0.9974020123481752,0.00468384074941452,0.8448166772981169,0.8361462401863915,0.9590163934426229,0.11058601134215501,0.19830508474576272,0.004725897920604915,117,5,1053,941,0.5
CONTRASTIVE,LOGREG,62,0.1,TEMPORAL,2116,0.005,0.9974020123481752,0.00468384074941452,0.8305188705905353,0.815894561554597,0.9545454545454546,0.07939508506616257,0.14659685863874344,0.003780718336483932,84,4,1054,974,0.5
CONTRASTIVE,LOGREG,62,0.1,DOMAIN_OOD,2116,0.005,0.9974020123481752,0.00468384074941452,0.8066147239703427,0.7821780939890866,1.0,0.06521739130434782,0.12244897959183673,0.0,69,0,1058,989,0.5
CONTRASTIVE,LOGREG,62,0.1,TEMPLATE_OOD,2116,0.005,0.9974020123481752,0.00468384074941452,0.8415998800558279,0.8188935860006217,0.9747899159663865,0.10964083175803403,0.19711129991503823,0.002835538752362949,116,3,1055,942,0.5
CONTRASTIVE,LOGREG,62,0.1,DOMAIN_TEMPLATE_OOD,2116,0.005,0.9974020123481752,0.00468384074941452,0.7934070730206106,0.767563545013061,0.967741935483871,0.05671077504725898,0.10714285714285714,0.001890359168241966,60,2,1056,998,0.5
CONTRASTIVE,LOGREG,62,0.1,IID_BALANCED,2116,0.01,0.9917588829994203,0.00936768149882904,0.8448166772981169,0.8361462401863915,0.9572649572649573,0.21172022684310018,0.34674922600619196,0.00945179584120983,224,10,1048,834,0.5
CONTRASTIVE,LOGREG,62,0.1,TEMPORAL,2116,0.01,0.9917588829994203,0.00936768149882904,0.8305188705905353,0.815894561554597,0.9479166666666666,0.1720226843100189,0.2912,0.00945179584120983,182,10,1048,876,0.5
CONTRASTIVE,LOGREG,62,0.1,DOMAIN_OOD,2116,0.01,0.9917588829994203,0.00936768149882904,0.8066147239703427,0.7821780939890866,0.954248366013072,0.13799621928166353,0.24112303881090008,0.006616257088846881,146,7,1051,912,0.5
CONTRASTIVE,LOGREG,62,0.1,TEMPLATE_OOD,2116,0.01,0.9917588829994203,0.00936768149882904,0.8415998800558279,0.8188935860006217,0.9620853080568721,0.19187145557655955,0.3199369582348306,0.007561436672967864,203,8,1050,855,0.5
CONTRASTIVE,LOGREG,62,0.1,DOMAIN_TEMPLATE_OOD,2116,0.01,0.9917588829994203,0.00936768149882904,0.7934070730206106,0.767563545013061,0.9436619718309859,0.1266540642722117,0.22333333333333333,0.007561436672967864,134,8,1050,924,0.5
CONTRASTIVE,LOGREG,62,0.1,IID_BALANCED,2116,0.02,0.975779950618744,0.01990632318501171,0.8448166772981169,0.8361462401863915,0.928374655647383,0.31852551984877125,0.47431386347642507,0.024574669187145556,337,26,1032,721,0.5
CONTRASTIVE,LOGREG,62,0.1,TEMPORAL,2116,0.02,0.975779950618744,0.01990632318501171,0.8305188705905353,0.815894561554597,0.9384615384615385,0.2882797731568998,0.4410701373825018,0.01890359168241966,305,20,1038,753,0.5
CONTRASTIVE,LOGREG,62,0.1,DOMAIN_OOD,2116,0.02,0.975779950618744,0.01990632318501171,0.8066147239703427,0.7821780939890866,0.9525691699604744,0.2277882797731569,0.36765827612509533,0.011342155009451797,241,12,1046,817,0.5
CONTRASTIVE,LOGREG,62,0.1,TEMPLATE_OOD,2116,0.02,0.975779950618744,0.01990632318501171,0.8415998800558279,0.8188935860006217,0.9478527607361963,0.29206049149338376,0.44653179190751446,0.01606805293005671,309,17,1041,749,0.5
CONTRASTIVE,LOGREG,62,0.1,DOMAIN_TEMPLATE_OOD,2116,0.02,0.975779950618744,0.01990632318501171,0.7934070730206106,0.767563545013061,0.9508196721311475,0.21928166351606806,0.3563748079877112,0.011342155009451797,232,12,1046,826,0.5
CONTRASTIVE,XGBOOST,62,0.1,IID_BALANCED,2116,0.005,0.9943422079086305,0.00468384074941452,0.8071760709601057,0.8051098659595984,0.948051948051948,0.06899810964083176,0.12863436123348018,0.003780718336483932,73,4,1054,985,0.5
CONTRASTIVE,XGBOOST,62,0.1,TEMPORAL,2116,0.005,0.9943422079086305,0.00468384074941452,0.8295164347172715,0.8144875125517705,0.9428571428571428,0.062381852551984876,0.11702127659574468,0.003780718336483932,66,4,1054,992,0.5
CONTRASTIVE,XGBOOST,62,0.1,DOMAIN_OOD,2116,0.005,0.9943422079086305,0.00468384074941452,0.7970703195478288,0.7825863615410179,0.9736842105263158,0.03497164461247637,0.06751824817518248,0.000945179584120983,37,1,1057,1021,0.5
CONTRASTIVE,XGBOOST,62,0.1,TEMPLATE_OOD,2116,0.005,0.9943422079086305,0.00468384074941452,0.8365235479882664,0.8159445899635865,0.9876543209876543,0.07561436672967864,0.14047410008779632,0.000945179584120983,80,1,1057,978,0.5
CONTRASTIVE,XGBOOST,62,0.1,DOMAIN_TEMPLATE_OOD,2116,0.005,0.9943422079086305,0.00468384074941452,0.7856831954158556,0.7629144764348326,0.9722222222222222,0.0330812854442344,0.06398537477148081,0.000945179584120983,35,1,1057,1023,0.5
CONTRASTIVE,XGBOOST,62,0.1,IID_BALANCED,2116,0.01,0.984284281730652,0.00936768149882904,0.8071760709601057,0.8051098659595984,0.9393939393939394,0.14650283553875237,0.2534750613246116,0.00945179584120983,155,10,1048,903,0.5
CONTRASTIVE,XGBOOST,62,0.1,TEMPORAL,2116,0.01,0.984284281730652,0.00936768149882904,0.8295164347172715,0.8144875125517705,0.9463087248322147,0.1332703213610586,0.23363711681855842,0.007561436672967864,141,8,1050,917,0.5
CONTRASTIVE,XGBOOST,62,0.1,DOMAIN_OOD,2116,0.01,0.984284281730652,0.00936768149882904,0.7970703195478288,0.7825863615410179,0.9191919191919192,0.08601134215500945,0.15730337078651685,0.007561436672967864,91,8,1050,967,0.5
CONTRASTIVE,XGBOOST,62,0.1,TEMPLATE_OOD,2116,0.01,0.984284281730652,0.00936768149882904,0.8365235479882664,0.8159445899635865,0.9814814814814815,0.1502835538752363,0.260655737704918,0.002835538752362949,159,3,1055,899,0.5
CONTRASTIVE,XGBOOST,62,0.1,DOMAIN_TEMPLATE_OOD,2116,0.01,0.984284281730652,0.00936768149882904,0.7856831954158556,0.7629144764348326,0.9534883720930233,0.07750472589792061,0.14335664335664336,0.003780718336483932,82,4,1054,976,0.5
CONTRASTIVE,XGBOOST,62,0.1,IID_BALANCED,2116,0.02,0.9539441466331483,0.01990632318501171,0.8071760709601057,0.8051098659595984,0.903448275862069,0.24763705103969755,0.3887240356083086,0.026465028355387523,262,28,1030,796,0.5
CONTRASTIVE,XGBOOST,62,0.1,TEMPORAL,2116,0.02,0.9539441466331483,0.01990632318501171,0.8295164347172715,0.8144875125517705,0.9387755102040817,0.2608695652173913,0.40828402366863903,0.017013232514177693,276,18,1040,782,0.5
CONTRASTIVE,XGBOOST,62,0.1,DOMAIN_OOD,2116,0.02,0.9539441466331483,0.01990632318501171,0.7970703195478288,0.7825863615410179,0.9288702928870293,0.20982986767485823,0.34232845026985353,0.01606805293005671,222,17,1041,836,0.5
CONTRASTIVE,XGBOOST,62,0.1,TEMPLATE_OOD,2116,0.02,0.9539441466331483,0.01990632318501171,0.8365235479882664,0.8159445899635865,0.9550173010380623,0.2608695652173913,0.40979955456570155,0.012287334593572778,276,13,1045,782,0.5
CONTRASTIVE,XGBOOST,62,0.1,DOMAIN_TEMPLATE_OOD,2116,0.02,0.9539441466331483,0.01990632318501171,0.7856831954158556,0.7629144764348326,0.9292452830188679,0.18620037807183365,0.3102362204724409,0.014177693761814745,197,15,1043,861,0.5
CONTRASTIVE,MLP,62,0.1,IID_BALANCED,2116,0.005,0.9858248233795167,0.00468384074941452,0.812644780355594,0.8119717982711612,0.907563025210084,0.10207939508506617,0.18351741716227699,0.010396975425330813,108,11,1047,950,0.5
CONTRASTIVE,MLP,62,0.1,TEMPORAL,2116,0.005,0.9858248233795167,0.00468384074941452,0.8060366517504447,0.7872166694658752,0.9436619718309859,0.06332703213610585,0.11868910540301152,0.003780718336483932,67,4,1054,991,0.5
CONTRASTIVE,MLP,62,0.1,DOMAIN_OOD,2116,0.005,0.9858248233795167,0.00468384074941452,0.7823103445484308,0.7656794393959427,0.9814814814814815,0.0500945179584121,0.09532374100719425,0.000945179584120983,53,1,1057,1005,0.5
CONTRASTIVE,MLP,62,0.1,TEMPLATE_OOD,2116,0.005,0.9858248233795167,0.00468384074941452,0.8124217775606281,0.7872765248837732,0.99,0.09357277882797732,0.17098445595854922,0.000945179584120983,99,1,1057,959,0.5
CONTRASTIVE,MLP,62,0.1,DOMAIN_TEMPLATE_OOD,2116,0.005,0.9858248233795167,0.00468384074941452,0.7669449508845865,0.7456305544934444,0.94,0.0444234404536862,0.08483754512635379,0.002835538752362949,47,3,1055,1011,0.5
CONTRASTIVE,MLP,62,0.1,IID_BALANCED,2116,0.01,0.9781566858291627,0.00936768149882904,0.812644780355594,0.8119717982711612,0.9090909090909091,0.1323251417769376,0.23102310231023102,0.013232514177693762,140,14,1044,918,0.5
CONTRASTIVE,MLP,62,0.1,TEMPORAL,2116,0.01,0.9781566858291627,0.00936768149882904,0.8060366517504447,0.7872166694658752,0.9444444444444444,0.09640831758034027,0.17495711835334476,0.005671077504725898,102,6,1052,956,0.5
CONTRASTIVE,MLP,62,0.1,DOMAIN_OOD,2116,0.01,0.9781566858291627,0.00936768149882904,0.7823103445484308,0.7656794393959427,0.95,0.07183364839319471,0.1335676625659051,0.003780718336483932,76,4,1054,982,0.5
CONTRASTIVE,MLP,62,0.1,TEMPLATE_OOD,2116,0.01,0.9781566858291627,0.00936768149882904,0.8124217775606281,0.7872765248837732,0.9694656488549618,0.12003780718336483,0.21362489486963834,0.003780718336483932,127,4,1054,931,0.5
CONTRASTIVE,MLP,62,0.1,DOMAIN_TEMPLATE_OOD,2116,0.01,0.9781566858291627,0.00936768149882904,0.7669449508845865,0.7456305544934444,0.9066666666666666,0.06427221172022685,0.12003530450132392,0.006616257088846881,68,7,1051,990,0.5
CONTRASTIVE,MLP,62,0.1,IID_BALANCED,2116,0.02,0.9493690729141236,0.01990632318501171,0.812644780355594,0.8119717982711612,0.9140893470790378,0.2514177693761815,0.39436619718309857,0.023629489603024575,266,25,1033,792,0.5
CONTRASTIVE,MLP,62,0.1,TEMPORAL,2116,0.02,0.9493690729141236,0.01990632318501171,0.8060366517504447,0.7872166694658752,0.944206008583691,0.20793950850661624,0.34082106893880715,0.012287334593572778,220,13,1045,838,0.5
CONTRASTIVE,MLP,62,0.1,DOMAIN_OOD,2116,0.02,0.9493690729141236,0.01990632318501171,0.7823103445484308,0.7656794393959427,0.9157303370786517,0.15406427221172023,0.26375404530744334,0.014177693761814745,163,15,1043,895,0.5
CONTRASTIVE,MLP,62,0.1,TEMPLATE_OOD,2116,0.02,0.9493690729141236,0.01990632318501171,0.8124217775606281,0.7872765248837732,0.9475982532751092,0.2051039697542533,0.3372183372183372,0.011342155009451797,217,12,1046,841,0.5
CONTRASTIVE,MLP,62,0.1,DOMAIN_TEMPLATE_OOD,2116,0.02,0.9493690729141236,0.01990632318501171,0.7669449508845865,0.7456305544934444,0.9157303370786517,0.15406427221172023,0.26375404530744334,0.014177693761814745,163,15,1043,895,0.5
BASE,LOGREG,62,0.25,IID_BALANCED,2116,0.005,0.9986783862113954,0.00468384074941452,0.9100901729147833,0.897704857401167,0.9814814814814815,0.1502835538752363,0.260655737704918,0.002835538752362949,159,3,1055,899,0.5
BASE,LOGREG,62,0.25,TEMPORAL,2116,0.005,0.9986783862113954,0.00468384074941452,0.9302843514273655,0.9241194106653422,0.9926470588235294,0.2551984877126654,0.40601503759398494,0.001890359168241966,270,2,1056,788,0.5
BASE,LOGREG,62,0.25,DOMAIN_OOD,2116,0.005,0.9986783862113954,0.00468384074941452,0.8998806514933304,0.9010277264589536,0.9795081967213115,0.22589792060491493,0.3671274961597542,0.004725897920604915,239,5,1053,819,0.5
BASE,LOGREG,62,0.25,TEMPLATE_OOD,2116,0.005,0.9986783862113954,0.00468384074941452,0.9207115050086604,0.9149043564023855,0.9881422924901185,0.23629489603024575,0.38138825324180015,0.002835538752362949,250,3,1055,808,0.5
BASE,LOGREG,62,0.25,DOMAIN_TEMPLATE_OOD,2116,0.005,0.9986783862113954,0.00468384074941452,0.8971781370712817,0.8945776351571069,0.9864864864864865,0.20699432892249528,0.3421875,0.002835538752362949,219,3,1055,839,0.5
BASE,LOGREG,62,0.25,IID_BALANCED,2116,0.01,0.9914733767509462,0.00936768149882904,0.9100901729147833,0.897704857401167,0.981081081081081,0.3431001890359168,0.5084033613445378,0.006616257088846881,363,7,1051,695,0.5
BASE,LOGREG,62,0.25,TEMPORAL,2116,0.01,0.9914733767509462,0.00936768149882904,0.9302843514273655,0.9241194106653422,0.9821029082774049,0.41493383742911155,0.5833887043189369,0.007561436672967864,439,8,1050,619,0.5
BASE,LOGREG,62,0.25,DOMAIN_OOD,2116,0.01,0.9914733767509462,0.00936768149882904,0.8998806514933304,0.9010277264589536,0.9562982005141388,0.3516068052930057,0.5141672425708362,0.01606805293005671,372,17,1041,686,0.5
BASE,LOGREG,62,0.25,TEMPLATE_OOD,2116,0.01,0.9914733767509462,0.00936768149882904,0.9207115050086604,0.9149043564023855,0.9806763285024155,0.3837429111531191,0.5516304347826086,0.007561436672967864,406,8,1050,652,0.5
BASE,LOGREG,62,0.25,DOMAIN_TEMPLATE_OOD,2116,0.01,0.9914733767509462,0.00936768149882904,0.8971781370712817,0.8945776351571069,0.968503937007874,0.3487712665406427,0.512856150104239,0.011342155009451797,369,12,1046,689,0.5
BASE,LOGREG,62,0.25,IID_BALANCED,2116,0.02,0.9477602243423463,0.01990632318501171,0.9100901729147833,0.897704857401167,0.9690189328743546,0.5321361058601134,0.6870042708968883,0.017013232514177693,563,18,1040,495,0.5
BASE,LOGREG,62,0.25,TEMPORAL,2116,0.02,0.9477602243423463,0.01990632318501171,0.9302843514273655,0.9241194106653422,0.9605678233438486,0.5756143667296786,0.7198581560283688,0.023629489603024575,609,25,1033,449,0.5
BASE,LOGREG,62,0.25,DOMAIN_OOD,2116,0.02,0.9477602243423463,0.01990632318501171,0.8998806514933304,0.9010277264589536,0.9322916666666666,0.5075614366729678,0.6572827417380661,0.036862003780718335,537,39,1019,521,0.5
BASE,LOGREG,62,0.25,TEMPLATE_OOD,2116,0.02,0.9477602243423463,0.01990632318501171,0.9207115050086604,0.9149043564023855,0.9479674796747968,0.5510396975425331,0.6969515839808726,0.030245746691871456,583,32,1026,475,0.5
BASE,LOGREG,62,0.25,DOMAIN_TEMPLATE_OOD,2116,0.02,0.9477602243423463,0.01990632318501171,0.8971781370712817,0.8945776351571069,0.9361702127659575,0.499054820415879,0.6510480887792849,0.034026465028355386,528,36,1022,530,0.5
BASE,XGBOOST,62,0.25,IID_BALANCED,2116,0.005,0.992563307285309,0.00468384074941452,0.9038259759270337,0.8971174702777649,0.9873817034700315,0.29584120982986767,0.4552727272727273,0.003780718336483932,313,4,1054,745,0.5
BASE,XGBOOST,62,0.25,TEMPORAL,2116,0.005,0.992563307285309,0.00468384074941452,0.9179200230204976,0.9116909244892635,0.9911764705882353,0.31852551984877125,0.4821173104434907,0.002835538752362949,337,3,1055,721,0.5
BASE,XGBOOST,62,0.25,DOMAIN_OOD,2116,0.005,0.992563307285309,0.00468384074941452,0.8830226614329098,0.8765995690409911,0.975,0.1843100189035917,0.31001589825119236,0.004725897920604915,195,5,1053,863,0.5
BASE,XGBOOST,62,0.25,TEMPLATE_OOD,2116,0.005,0.992563307285309,0.00468384074941452,0.9023135468262132,0.8928489749536344,0.9838709677419355,0.2882797731568998,0.44590643274853803,0.004725897920604915,305,5,1053,753,0.5
BASE,XGBOOST,62,0.25,DOMAIN_TEMPLATE_OOD,2116,0.005,0.992563307285309,0.00468384074941452,0.8767410965071951,0.8712492093724651,0.96875,0.17580340264650285,0.2976,0.005671077504725898,186,6,1052,872,0.5
BASE,XGBOOST,62,0.25,IID_BALANCED,2116,0.01,0.9780477285385133,0.00936768149882904,0.9038259759270337,0.8971174702777649,0.9726651480637813,0.40359168241965976,0.5704742818971276,0.011342155009451797,427,12,1046,631,0.5
BASE,XGBOOST,62,0.25,TEMPORAL,2116,0.01,0.9780477285385133,0.00936768149882904,0.9179200230204976,0.9116909244892635,0.9850427350427351,0.43572778827977315,0.6041939711664482,0.006616257088846881,461,7,1051,597,0.5
BASE,XGBOOST,62,0.25,DOMAIN_OOD,2116,0.01,0.9780477285385133,0.00936768149882904,0.8830226614329098,0.8765995690409911,0.9656084656084656,0.3449905482041588,0.5083565459610028,0.012287334593572778,365,13,1045,693,0.5
BASE,XGBOOST,62,0.25,TEMPLATE_OOD,2116,0.01,0.9780477285385133,0.00936768149882904,0.9023135468262132,0.8928489749536344,0.9684684684684685,0.4064272211720227,0.5725699067909454,0.013232514177693762,430,14,1044,628,0.5
BASE,XGBOOST,62,0.25,DOMAIN_TEMPLATE_OOD,2116,0.01,0.9780477285385133,0.00936768149882904,0.8767410965071951,0.8712492093724651,0.9566473988439307,0.31285444234404536,0.47150997150997154,0.014177693761814745,331,15,1043,727,0.5
BASE,XGBOOST,62,0.25,IID_BALANCED,2116,0.02,0.9338761568069459,0.01990632318501171,0.9038259759270337,0.8971174702777649,0.9634369287020109,0.498109640831758,0.6566978193146418,0.01890359168241966,527,20,1038,531,0.5
BASE,XGBOOST,62,0.25,TEMPORAL,2116,0.02,0.9338761568069459,0.01990632318501171,0.9179200230204976,0.9116909244892635,0.9697986577181208,0.5463137996219282,0.6989117291414753,0.017013232514177693,578,18,1040,480,0.5
BASE,XGBOOST,62,0.25,DOMAIN_OOD,2116,0.02,0.9338761568069459,0.01990632318501171,0.8830226614329098,0.8765995690409911,0.9481765834932822,0.4669187145557656,0.6257124762507916,0.02551984877126654,494,27,1031,564,0.5
BASE,XGBOOST,62,0.25,TEMPLATE_OOD,2116,0.02,0.9338761568069459,0.01990632318501171,0.9023135468262132,0.8928489749536344,0.955249569707401,0.5245746691871456,0.677242220866382,0.024574669187145556,555,26,1032,503,0.5
BASE,XGBOOST,62,0.25,DOMAIN_TEMPLATE_OOD,2116,0.02,0.9338761568069459,0.01990632318501171,0.8767410965071951,0.8712492093724651,0.9363817097415507,0.44517958412098296,0.6034593209481102,0.030245746691871456,471,32,1026,587,0.5
BASE,MLP,62,0.25,IID_BALANCED,2116,0.005,0.9820255041122438,0.00468384074941452,0.9085741599882311,0.8996948267051647,0.9947089947089947,0.3553875236294896,0.5236768802228412,0.001890359168241966,376,2,1056,682,0.5
BASE,MLP,62,0.25,TEMPORAL,2116,0.005,0.9820255041122438,0.00468384074941452,0.9107995692748554,0.89741317390947,0.9829683698296837,0.3818525519848771,0.5500340367597005,0.006616257088846881,404,7,1051,654,0.5
BASE,MLP,62,0.25,DOMAIN_OOD,2116,0.005,0.9820255041122438,0.00468384074941452,0.880347943917897,0.8677722349477024,0.9713375796178344,0.2882797731568998,0.4446064139941691,0.008506616257088847,305,9,1049,753,0.5
BASE,MLP,62,0.25,TEMPLATE_OOD,2116,0.005,0.9820255041122438,0.00468384074941452,0.9016108554691908,0.8874021319249146,0.9757412398921833,0.34215500945179583,0.5066480055983205,0.008506616257088847,362,9,1049,696,0.5
BASE,MLP,62,0.25,DOMAIN_TEMPLATE_OOD,2116,0.005,0.9820255041122438,0.00468384074941452,0.8710192658035738,0.8568472811346444,0.9748201438848921,0.2561436672967864,0.405688622754491,0.006616257088846881,271,7,1051,787,0.5
BASE,MLP,62,0.25,IID_BALANCED,2116,0.01,0.9615125060081483,0.00936768149882904,0.9085741599882311,0.8996948267051647,0.9911894273127754,0.42533081285444235,0.5952380952380952,0.003780718336483932,450,4,1054,608,0.5
BASE,MLP,62,0.25,TEMPORAL,2116,0.01,0.9615125060081483,0.00936768149882904,0.9107995692748554,0.89741317390947,0.9749478079331941,0.44139886578449905,0.6076772934287573,0.011342155009451797,467,12,1046,591,0.5
BASE,MLP,62,0.25,DOMAIN_OOD,2116,0.01,0.9615125060081483,0.00936768149882904,0.880347943917897,0.8677722349477024,0.9540816326530612,0.3534971644612476,0.5158620689655172,0.017013232514177693,374,18,1040,684,0.5
BASE,MLP,62,0.25,TEMPLATE_OOD,2116,0.01,0.9615125060081483,0.00936768149882904,0.9016108554691908,0.8874021319249146,0.9553571428571429,0.4045368620037807,0.5683930942895087,0.01890359168241966,428,20,1038,630,0.5
BASE,MLP,62,0.25,DOMAIN_TEMPLATE_OOD,2116,0.01,0.9615125060081483,0.00936768149882904,0.8710192658035738,0.8568472811346444,0.9571428571428572,0.3166351606805293,0.4758522727272727,0.014177693761814745,335,15,1043,723,0.5
BASE,MLP,62,0.25,IID_BALANCED,2116,0.02,0.8943365216255189,0.01990632318501171,0.9085741599882311,0.8996948267051647,0.9618181818181818,0.5,0.6579601990049752,0.01984877126654064,529,21,1037,529,0.5
BASE,MLP,62,0.25,TEMPORAL,2116,0.02,0.8943365216255189,0.01990632318501171,0.9107995692748554,0.89741317390947,0.9685430463576159,0.552930056710775,0.703971119133574,0.017958412098298678,585,19,1039,473,0.5
BASE,MLP,62,0.25,DOMAIN_OOD,2116,0.02,0.8943365216255189,0.01990632318501171,0.880347943917897,0.8677722349477024,0.9459962756052142,0.48015122873345933,0.6369905956112852,0.027410207939508508,508,29,1029,550,0.5
BASE,MLP,62,0.25,TEMPLATE_OOD,2116,0.02,0.8943365216255189,0.01990632318501171,0.9016108554691908,0.8874021319249146,0.9517241379310345,0.5217391304347826,0.673992673992674,0.026465028355387523,552,28,1030,506,0.5
BASE,MLP,62,0.25,DOMAIN_TEMPLATE_OOD,2116,0.02,0.8943365216255189,0.01990632318501171,0.8710192658035738,0.8568472811346444,0.9469387755102041,0.43856332703213613,0.599483204134367,0.024574669187145556,464,26,1032,594,0.5
DAPT,LOGREG,62,0.25,IID_BALANCED,2116,0.005,0.9942080974578859,0.00468384074941452,0.9035209196964356,0.8847407992395682,0.9819819819819819,0.30907372400756145,0.4701653486700216,0.005671077504725898,327,6,1052,731,0.5
DAPT,LOGREG,62,0.25,TEMPORAL,2116,0.005,0.9942080974578859,0.00468384074941452,0.9348499156493613,0.9260624783359122,0.9948453608247423,0.3648393194706994,0.5338865836791148,0.001890359168241966,386,2,1056,672,0.5
DAPT,LOGREG,62,0.25,DOMAIN_OOD,2116,0.005,0.9942080974578859,0.00468384074941452,0.9071361821285664,0.9039606419359565,0.9814814814814815,0.3005671077504726,0.4602026049204052,0.005671077504725898,318,6,1052,740,0.5
DAPT,LOGREG,62,0.25,TEMPLATE_OOD,2116,0.005,0.9942080974578859,0.00468384074941452,0.9269555792374307,0.9157959341197323,0.9916201117318436,0.33553875236294894,0.501412429378531,0.002835538752362949,355,3,1055,703,0.5
DAPT,LOGREG,62,0.25,DOMAIN_TEMPLATE_OOD,2116,0.005,0.9942080974578859,0.00468384074941452,0.8966378782262338,0.890508360104488,0.9811320754716981,0.2948960302457467,0.45348837209302323,0.005671077504725898,312,6,1052,746,0.5
DAPT,LOGREG,62,0.25,IID_BALANCED,2116,0.01,0.9866172075271608,0.00936768149882904,0.9035209196964356,0.8847407992395682,0.9733656174334141,0.3799621928166352,0.5465669612508498,0.010396975425330813,402,11,1047,656,0.5
DAPT,LOGREG,62,0.25,TEMPORAL,2116,0.01,0.9866172075271608,0.00936768149882904,0.9348499156493613,0.9260624783359122,0.9917184265010351,0.45274102079395084,0.6216742375081116,0.003780718336483932,479,4,1054,579,0.5
DAPT,LOGREG,62,0.25,DOMAIN_OOD,2116,0.01,0.9866172075271608,0.00936768149882904,0.9071361821285664,0.9039606419359565,0.9802955665024631,0.3761814744801512,0.5437158469945356,0.007561436672967864,398,8,1050,660,0.5
DAPT,LOGREG,62,0.25,TEMPLATE_OOD,2116,0.01,0.9866172075271608,0.00936768149882904,0.9269555792374307,0.9157959341197323,0.9932584269662922,0.41776937618147447,0.5881570192947438,0.002835538752362949,442,3,1055,616,0.5
DAPT,LOGREG,62,0.25,DOMAIN_TEMPLATE_OOD,2116,0.01,0.9866172075271608,0.00936768149882904,0.8966378782262338,0.890508360104488,0.984375,0.3572778827977316,0.5242718446601942,0.005671077504725898,378,6,1052,680,0.5
DAPT,LOGREG,62,0.25,IID_BALANCED,2116,0.02,0.965132772922516,0.01990632318501171,0.9035209196964356,0.8847407992395682,0.9613152804642167,0.46975425330812853,0.6311111111111111,0.01890359168241966,497,20,1038,561,0.5
DAPT,LOGREG,62,0.25,TEMPORAL,2116,0.02,0.965132772922516,0.01990632318501171,0.9348499156493613,0.9260624783359122,0.9809688581314879,0.5359168241965974,0.6931540342298288,0.010396975425330813,567,11,1047,491,0.5
DAPT,LOGREG,62,0.25,DOMAIN_OOD,2116,0.02,0.965132772922516,0.01990632318501171,0.9071361821285664,0.9039606419359565,0.9704724409448819,0.4659735349716446,0.6296296296296297,0.014177693761814745,493,15,1043,565,0.5
DAPT,LOGREG,62,0.25,TEMPLATE_OOD,2116,0.02,0.965132772922516,0.01990632318501171,0.9269555792374307,0.9157959341197323,0.9781021897810219,0.5066162570888468,0.6674968866749689,0.011342155009451797,536,12,1046,522,0.5
DAPT,LOGREG,62,0.25,DOMAIN_TEMPLATE_OOD,2116,0.02,0.965132772922516,0.01990632318501171,0.8966378782262338,0.890508360104488,0.9786780383795309,0.43383742911153117,0.6011787819253438,0.00945179584120983,459,10,1048,599,0.5
DAPT,XGBOOST,62,0.25,IID_BALANCED,2116,0.005,0.9972029924392701,0.00468384074941452,0.8852086677389945,0.8790402407081164,0.9788135593220338,0.21833648393194707,0.357032457496136,0.004725897920604915,231,5,1053,827,0.5
DAPT,XGBOOST,62,0.25,TEMPORAL,2116,0.005,0.9972029924392701,0.00468384074941452,0.9086461758299362,0.89719697971348,1.0,0.16824196597353497,0.28802588996763756,0.0,178,0,1058,880,0.5
DAPT,XGBOOST,62,0.25,DOMAIN_OOD,2116,0.005,0.9972029924392701,0.00468384074941452,0.8822608824013399,0.8702245203526289,0.9897959183673469,0.09168241965973535,0.16782006920415224,0.000945179584120983,97,1,1057,961,0.5
DAPT,XGBOOST,62,0.25,TEMPLATE_OOD,2116,0.005,0.9972029924392701,0.00468384074941452,0.9035721109887577,0.8903082464685302,0.9947089947089947,0.1776937618147448,0.301523656776263,0.000945179584120983,188,1,1057,870,0.5
DAPT,XGBOOST,62,0.25,DOMAIN_TEMPLATE_OOD,2116,0.005,0.9972029924392701,0.00468384074941452,0.8687294666957389,0.8572037335486937,0.9761904761904762,0.07750472589792061,0.1436077057793345,0.001890359168241966,82,2,1056,976,0.5
DAPT,XGBOOST,62,0.25,IID_BALANCED,2116,0.01,0.9890839457511903,0.00936768149882904,0.8852086677389945,0.8790402407081164,0.9606299212598425,0.34593572778827975,0.5086865879082696,0.014177693761814745,366,15,1043,692,0.5
DAPT,XGBOOST,62,0.25,TEMPORAL,2116,0.01,0.9890839457511903,0.00936768149882904,0.9086461758299362,0.89719697971348,0.9833333333333333,0.33459357277882795,0.4992947813822285,0.005671077504725898,354,6,1052,704,0.5
DAPT,XGBOOST,62,0.25,DOMAIN_OOD,2116,0.01,0.9890839457511903,0.00936768149882904,0.8822608824013399,0.8702245203526289,0.9765625,0.23629489603024575,0.380517503805175,0.005671077504725898,250,6,1052,808,0.5
DAPT,XGBOOST,62,0.25,TEMPLATE_OOD,2116,0.01,0.9890839457511903,0.00936768149882904,0.9035721109887577,0.8903082464685302,0.9880952380952381,0.31379962192816635,0.4763271162123386,0.003780718336483932,332,4,1054,726,0.5
DAPT,XGBOOST,62,0.25,DOMAIN_TEMPLATE_OOD,2116,0.01,0.9890839457511903,0.00936768149882904,0.8687294666957389,0.8572037335486937,0.9663865546218487,0.21739130434782608,0.3549382716049383,0.007561436672967864,230,8,1050,828,0.5
DAPT,XGBOOST,62,0.25,IID_BALANCED,2116,0.02,0.9543758630752565,0.01990632318501171,0.8852086677389945,0.8790402407081164,0.9391634980988594,0.4669187145557656,0.6237373737373737,0.030245746691871456,494,32,1026,564,0.5
DAPT,XGBOOST,62,0.25,TEMPORAL,2116,0.02,0.9543758630752565,0.01990632318501171,0.9086461758299362,0.89719697971348,0.9606003752345216,0.4839319470699433,0.6436203645505971,0.01984877126654064,512,21,1037,546,0.5
DAPT,XGBOOST,62,0.25,DOMAIN_OOD,2116,0.02,0.9543758630752565,0.01990632318501171,0.8822608824013399,0.8702245203526289,0.9556541019955654,0.40737240075614367,0.5712392312789927,0.01890359168241966,431,20,1038,627,0.5
DAPT,XGBOOST,62,0.25,TEMPLATE_OOD,2116,0.02,0.9543758630752565,0.01990632318501171,0.9035721109887577,0.8903082464685302,0.9722772277227723,0.46408317580340264,0.6282789507357646,0.013232514177693762,491,14,1044,567,0.5
DAPT,XGBOOST,62,0.25,DOMAIN_TEMPLATE_OOD,2116,0.02,0.9543758630752565,0.01990632318501171,0.8687294666957389,0.8572037335486937,0.9627791563275434,0.3667296786389414,0.5311430527036276,0.014177693761814745,388,15,1043,670,0.5
DAPT,MLP,62,0.25,IID_BALANCED,2116,0.005,0.9941483736038209,0.00468384074941452,0.9022143230988775,0.8874409932783258,0.9853658536585366,0.3818525519848771,0.5504087193460491,0.005671077504725898,404,6,1052,654,0.5
DAPT,MLP,62,0.25,TEMPORAL,2116,0.005,0.9941483736038209,0.00468384074941452,0.9109337398387016,0.8991597014018674,0.9871794871794872,0.29111531190926276,0.44963503649635034,0.003780718336483932,308,4,1054,750,0.5
DAPT,MLP,62,0.25,DOMAIN_OOD,2116,0.005,0.9941483736038209,0.00468384074941452,0.8929257254857326,0.8816309976022099,0.9957081545064378,0.21928166351606806,0.35941130906274205,0.000945179584120983,232,1,1057,826,0.5
DAPT,MLP,62,0.25,TEMPLATE_OOD,2116,0.005,0.9941483736038209,0.00468384074941452,0.905873303571155,0.8926676219710479,0.9867986798679867,0.2826086956521739,0.4393828067597355,0.003780718336483932,299,4,1054,759,0.5
DAPT,MLP,62,0.25,DOMAIN_TEMPLATE_OOD,2116,0.005,0.9941483736038209,0.00468384074941452,0.8712388541273197,0.8622883172944638,0.9800995024875622,0.18620037807183365,0.3129467831612391,0.003780718336483932,197,4,1054,861,0.5
DAPT,MLP,62,0.25,IID_BALANCED,2116,0.01,0.9792017340660096,0.00936768149882904,0.9022143230988775,0.8874409932783258,0.9799196787148594,0.4612476370510397,0.6272493573264781,0.00945179584120983,488,10,1048,570,0.5
DAPT,MLP,62,0.25,TEMPORAL,2116,0.01,0.9792017340660096,0.00936768149882904,0.9109337398387016,0.8991597014018674,0.9844789356984479,0.41965973534971646,0.588469184890656,0.006616257088846881,444,7,1051,614,0.5
DAPT,MLP,62,0.25,DOMAIN_OOD,2116,0.01,0.9792017340660096,0.00936768149882904,0.8929257254857326,0.8816309976022099,0.9746835443037974,0.3638941398865784,0.5299380591878872,0.00945179584120983,385,10,1048,673,0.5
DAPT,MLP,62,0.25,TEMPLATE_OOD,2116,0.01,0.9792017340660096,0.00936768149882904,0.905873303571155,0.8926676219710479,0.9793103448275862,0.40264650283553877,0.5706630944407234,0.008506616257088847,426,9,1049,632,0.5
DAPT,MLP,62,0.25,DOMAIN_TEMPLATE_OOD,2116,0.01,0.9792017340660096,0.00936768149882904,0.8712388541273197,0.8622883172944638,0.9763313609467456,0.31190926275992437,0.47277936962750716,0.007561436672967864,330,8,1050,728,0.5
DAPT,MLP,62,0.25,IID_BALANCED,2116,0.02,0.9350150227546693,0.01990632318501171,0.9022143230988775,0.8874409932783258,0.9552980132450332,0.5453686200378072,0.694344163658243,0.02551984877126654,577,27,1031,481,0.5
DAPT,MLP,62,0.25,TEMPORAL,2116,0.02,0.9350150227546693,0.01990632318501171,0.9109337398387016,0.8991597014018674,0.9682274247491639,0.5472589792060492,0.6992753623188406,0.017958412098298678,579,19,1039,479,0.5
DAPT,MLP,62,0.25,DOMAIN_OOD,2116,0.02,0.9350150227546693,0.01990632318501171,0.8929257254857326,0.8816309976022099,0.9573643410852714,0.4669187145557656,0.627700127064803,0.020793950850661626,494,22,1036,564,0.5
DAPT,MLP,62,0.25,TEMPLATE_OOD,2116,0.02,0.9350150227546693,0.01990632318501171,0.905873303571155,0.8926676219710479,0.9570446735395189,0.5264650283553876,0.6792682926829269,0.023629489603024575,557,25,1033,501,0.5
DAPT,MLP,62,0.25,DOMAIN_TEMPLATE_OOD,2116,0.02,0.9350150227546693,0.01990632318501171,0.8712388541273197,0.8622883172944638,0.9545454545454546,0.4168241965973535,0.5802631578947368,0.01984877126654064,441,21,1037,617,0.5
CONTRASTIVE,LOGREG,62,0.25,IID_BALANCED,2116,0.005,0.9889472723007203,0.00468384074941452,0.8733201471549513,0.8622610696788534,0.9615384615384616,0.2599243856332703,0.40922619047619047,0.010396975425330813,275,11,1047,783,0.5
CONTRASTIVE,LOGREG,62,0.25,TEMPORAL,2116,0.005,0.9889472723007203,0.00468384074941452,0.8664441701051055,0.8417172608731388,0.9697885196374623,0.30340264650283555,0.46220302375809935,0.00945179584120983,321,10,1048,737,0.5
CONTRASTIVE,LOGREG,62,0.25,DOMAIN_OOD,2116,0.005,0.9889472723007203,0.00468384074941452,0.8413764727171715,0.8091898613855726,0.9649122807017544,0.2599243856332703,0.4095309009679821,0.00945179584120983,275,10,1048,783,0.5
CONTRASTIVE,LOGREG,62,0.25,TEMPLATE_OOD,2116,0.005,0.9889472723007203,0.00468384074941452,0.8669998506377647,0.8364339035380806,0.9738372093023255,0.3166351606805293,0.47788873038516405,0.008506616257088847,335,9,1049,723,0.5
CONTRASTIVE,LOGREG,62,0.25,DOMAIN_TEMPLATE_OOD,2116,0.005,0.9889472723007203,0.00468384074941452,0.8347086996904535,0.7978745073095079,0.9652777777777778,0.2627599243856333,0.413075780089153,0.00945179584120983,278,10,1048,780,0.5
CONTRASTIVE,LOGREG,62,0.25,IID_BALANCED,2116,0.01,0.9859473705291749,0.00936768149882904,0.8733201471549513,0.8622610696788534,0.9576547231270358,0.277882797731569,0.4307692307692308,0.012287334593572778,294,13,1045,764,0.5
CONTRASTIVE,LOGREG,62,0.25,TEMPORAL,2116,0.01,0.9859473705291749,0.00936768149882904,0.8664441701051055,0.8417172608731388,0.9638888888888889,0.3279773156899811,0.4894217207334274,0.012287334593572778,347,13,1045,711,0.5
CONTRASTIVE,LOGREG,62,0.25,DOMAIN_OOD,2116,0.01,0.9859473705291749,0.00936768149882904,0.8413764727171715,0.8091898613855726,0.9672131147540983,0.27882797731569,0.4328686720469552,0.00945179584120983,295,10,1048,763,0.5
CONTRASTIVE,LOGREG,62,0.25,TEMPLATE_OOD,2116,0.01,0.9859473705291749,0.00936768149882904,0.8669998506377647,0.8364339035380806,0.9755434782608695,0.3393194706994329,0.5035063113604488,0.008506616257088847,359,9,1049,699,0.5
CONTRASTIVE,LOGREG,62,0.25,DOMAIN_TEMPLATE_OOD,2116,0.01,0.9859473705291749,0.00936768149882904,0.8347086996904535,0.7978745073095079,0.9648562300319489,0.28544423440453687,0.44055433989788473,0.010396975425330813,302,11,1047,756,0.5
CONTRASTIVE,LOGREG,62,0.25,IID_BALANCED,2116,0.02,0.9660555124282838,0.01990632318501171,0.8733201471549513,0.8622610696788534,0.9560185185185185,0.390359168241966,0.5543624161073826,0.017958412098298678,413,19,1039,645,0.5
CONTRASTIVE,LOGREG,62,0.25,TEMPORAL,2116,0.02,0.9660555124282838,0.01990632318501171,0.8664441701051055,0.8417172608731388,0.9558139534883721,0.388468809073724,0.5524193548387096,0.017958412098298678,411,19,1039,647,0.5
CONTRASTIVE,LOGREG,62,0.25,DOMAIN_OOD,2116,0.02,0.9660555124282838,0.01990632318501171,0.8413764727171715,0.8091898613855726,0.9513513513513514,0.332703213610586,0.49299719887955185,0.017013232514177693,352,18,1040,706,0.5
CONTRASTIVE,LOGREG,62,0.25,TEMPLATE_OOD,2116,0.02,0.9660555124282838,0.01990632318501171,0.8669998506377647,0.8364339035380806,0.9659090909090909,0.4017013232514178,0.5674232309746329,0.014177693761814745,425,15,1043,633,0.5
CONTRASTIVE,LOGREG,62,0.25,DOMAIN_TEMPLATE_OOD,2116,0.02,0.9660555124282838,0.01990632318501171,0.8347086996904535,0.7978745073095079,0.9526315789473684,0.34215500945179583,0.5034770514603616,0.017013232514177693,362,18,1040,696,0.5
CONTRASTIVE,XGBOOST,62,0.25,IID_BALANCED,2116,0.005,0.996831238269806,0.00468384074941452,0.8335902715460526,0.8354878305895133,0.9682539682539683,0.057655954631379965,0.10883140053523639,0.001890359168241966,61,2,1056,997,0.5
CONTRASTIVE,XGBOOST,62,0.25,TEMPORAL,2116,0.005,0.996831238269806,0.00468384074941452,0.8597768790985842,0.8429313431555776,0.9618320610687023,0.11909262759924386,0.21194280908326324,0.004725897920604915,126,5,1053,932,0.5
CONTRASTIVE,XGBOOST,62,0.25,DOMAIN_OOD,2116,0.005,0.996831238269806,0.00468384074941452,0.8409755253691374,0.8180055817410601,1.0,0.0671077504725898,0.12577502214348982,0.0,71,0,1058,987,0.5
CONTRASTIVE,XGBOOST,62,0.25,TEMPLATE_OOD,2116,0.005,0.996831238269806,0.00468384074941452,0.8605489149943096,0.8379177818832837,0.9928057553956835,0.13043478260869565,0.23057644110275688,0.000945179584120983,138,1,1057,920,0.5
CONTRASTIVE,XGBOOST,62,0.25,DOMAIN_TEMPLATE_OOD,2116,0.005,0.996831238269806,0.00468384074941452,0.8363014514191981,0.8095489938929606,1.0,0.0661625708884688,0.12411347517730496,0.0,70,0,1058,988,0.5
CONTRASTIVE,XGBOOST,62,0.25,IID_BALANCED,2116,0.01,0.9872777462005616,0.00936768149882904,0.8335902715460526,0.8354878305895133,0.9444444444444444,0.16068052930056712,0.27463651050080773,0.00945179584120983,170,10,1048,888,0.5
CONTRASTIVE,XGBOOST,62,0.25,TEMPORAL,2116,0.01,0.9872777462005616,0.00936768149882904,0.8597768790985842,0.8429313431555776,0.9591078066914498,0.2438563327032136,0.3888470233609646,0.010396975425330813,258,11,1047,800,0.5
CONTRASTIVE,XGBOOST,62,0.25,DOMAIN_OOD,2116,0.01,0.9872777462005616,0.00936768149882904,0.8409755253691374,0.8180055817410601,0.9895287958115183,0.1786389413988658,0.3026421136909528,0.001890359168241966,189,2,1056,869,0.5
CONTRASTIVE,XGBOOST,62,0.25,TEMPLATE_OOD,2116,0.01,0.9872777462005616,0.00936768149882904,0.8605489149943096,0.8379177818832837,0.9621212121212122,0.24007561436672967,0.3842662632375189,0.00945179584120983,254,10,1048,804,0.5
CONTRASTIVE,XGBOOST,62,0.25,DOMAIN_TEMPLATE_OOD,2116,0.01,0.9872777462005616,0.00936768149882904,0.8363014514191981,0.8095489938929606,0.9792746113989638,0.1786389413988658,0.302158273381295,0.003780718336483932,189,4,1054,869,0.5
CONTRASTIVE,XGBOOST,62,0.25,IID_BALANCED,2116,0.02,0.9723358750343324,0.01990632318501171,0.8335902715460526,0.8354878305895133,0.916083916083916,0.24763705103969755,0.3898809523809524,0.022684310018903593,262,24,1034,796,0.5
CONTRASTIVE,XGBOOST,62,0.25,TEMPORAL,2116,0.02,0.9723358750343324,0.01990632318501171,0.8597768790985842,0.8429313431555776,0.9518413597733711,0.31758034026465026,0.47625797306874557,0.01606805293005671,336,17,1041,722,0.5
CONTRASTIVE,XGBOOST,62,0.25,DOMAIN_OOD,2116,0.02,0.9723358750343324,0.01990632318501171,0.8409755253691374,0.8180055817410601,0.952054794520548,0.2627599243856333,0.41185185185185186,0.013232514177693762,278,14,1044,780,0.5
CONTRASTIVE,XGBOOST,62,0.25,TEMPLATE_OOD,2116,0.02,0.9723358750343324,0.01990632318501171,0.8605489149943096,0.8379177818832837,0.9598853868194842,0.3166351606805293,0.47619047619047616,0.013232514177693762,335,14,1044,723,0.5
CONTRASTIVE,XGBOOST,62,0.25,DOMAIN_TEMPLATE_OOD,2116,0.02,0.9723358750343324,0.01990632318501171,0.8363014514191981,0.8095489938929606,0.9633699633699634,0.2485822306238185,0.39519158527422993,0.00945179584120983,263,10,1048,795,0.5
CONTRASTIVE,MLP,62,0.25,IID_BALANCED,2116,0.005,0.9959235191345216,0.00468384074941452,0.8585153305815928,0.8581194321060888,0.9369747899159664,0.2107750472589792,0.3441358024691358,0.014177693761814745,223,15,1043,835,0.5
CONTRASTIVE,MLP,62,0.25,TEMPORAL,2116,0.005,0.9959235191345216,0.00468384074941452,0.8616693867544458,0.839491890037557,0.9607142857142857,0.2542533081285444,0.4020926756352765,0.010396975425330813,269,11,1047,789,0.5
CONTRASTIVE,MLP,62,0.25,DOMAIN_OOD,2116,0.005,0.9959235191345216,0.00468384074941452,0.8383940275820905,0.8093837214704064,0.9902912621359223,0.19281663516068054,0.3227848101265823,0.001890359168241966,204,2,1056,854,0.5
CONTRASTIVE,MLP,62,0.25,TEMPLATE_OOD,2116,0.005,0.9959235191345216,0.00468384074941452,0.8676109392119443,0.8365250267115969,0.9814814814814815,0.2504725897920605,0.3990963855421687,0.004725897920604915,265,5,1053,793,0.5
CONTRASTIVE,MLP,62,0.25,DOMAIN_TEMPLATE_OOD,2116,0.005,0.9959235191345216,0.00468384074941452,0.82965192152959,0.7969132471653546,0.9720930232558139,0.19754253308128544,0.3283582089552239,0.005671077504725898,209,6,1052,849,0.5
CONTRASTIVE,MLP,62,0.25,IID_BALANCED,2116,0.01,0.9943097829818727,0.00936768149882904,0.8585153305815928,0.8581194321060888,0.9360902255639098,0.23534971644612476,0.37613293051359514,0.01606805293005671,249,17,1041,809,0.5
CONTRASTIVE,MLP,62,0.25,TEMPORAL,2116,0.01,0.9943097829818727,0.00936768149882904,0.8616693867544458,0.839491890037557,0.9648562300319489,0.28544423440453687,0.44055433989788473,0.010396975425330813,302,11,1047,756,0.5
CONTRASTIVE,MLP,62,0.25,DOMAIN_OOD,2116,0.01,0.9943097829818727,0.00936768149882904,0.8383940275820905,0.8093837214704064,0.9911111111111112,0.2107750472589792,0.34762275915822294,0.001890359168241966,223,2,1056,835,0.5
CONTRASTIVE,MLP,62,0.25,TEMPLATE_OOD,2116,0.01,0.9943097829818727,0.00936768149882904,0.8676109392119443,0.8365250267115969,0.9836065573770492,0.2835538752362949,0.4402054292002935,0.004725897920604915,300,5,1053,758,0.5
CONTRASTIVE,MLP,62,0.25,DOMAIN_TEMPLATE_OOD,2116,0.01,0.9943097829818727,0.00936768149882904,0.82965192152959,0.7969132471653546,0.9746835443037974,0.21833648393194707,0.3567567567567568,0.005671077504725898,231,6,1052,827,0.5
CONTRASTIVE,MLP,62,0.25,IID_BALANCED,2116,0.02,0.9658820033073426,0.01990632318501171,0.8585153305815928,0.8581194321060888,0.9190871369294605,0.41871455576559546,0.5753246753246753,0.036862003780718335,443,39,1019,615,0.5
CONTRASTIVE,MLP,62,0.25,TEMPORAL,2116,0.02,0.9658820033073426,0.01990632318501171,0.8616693867544458,0.839491890037557,0.9549356223175965,0.42060491493383745,0.583989501312336,0.01984877126654064,445,21,1037,613,0.5
CONTRASTIVE,MLP,62,0.25,DOMAIN_OOD,2116,0.02,0.9658820033073426,0.01990632318501171,0.8383940275820905,0.8093837214704064,0.9465648854961832,0.3516068052930057,0.512749827705031,0.01984877126654064,372,21,1037,686,0.5
CONTRASTIVE,MLP,62,0.25,TEMPLATE_OOD,2116,0.02,0.9658820033073426,0.01990632318501171,0.8676109392119443,0.8365250267115969,0.9552238805970149,0.42344045368620037,0.5867714472822528,0.01984877126654064,448,21,1037,610,0.5
CONTRASTIVE,MLP,62,0.25,DOMAIN_TEMPLATE_OOD,2116,0.02,0.9658820033073426,0.01990632318501171,0.82965192152959,0.7969132471653546,0.9431524547803618,0.3449905482041588,0.5051903114186851,0.020793950850661626,365,22,1036,693,0.5
BASE,LOGREG,62,1.0,IID_BALANCED,2116,0.005,0.9941252470016481,0.00468384074941452,0.933757155456087,0.9207058651162625,0.9936908517350158,0.29773156899810965,0.4581818181818182,0.001890359168241966,315,2,1056,743,0.5
BASE,LOGREG,62,1.0,TEMPORAL,2116,0.005,0.9941252470016481,0.00468384074941452,0.9482099370719944,0.9418250006253551,0.994475138121547,0.34026465028355385,0.5070422535211268,0.001890359168241966,360,2,1056,698,0.5
BASE,LOGREG,62,1.0,DOMAIN_OOD,2116,0.005,0.9941252470016481,0.00468384074941452,0.9267180762817451,0.924384739905875,0.9793388429752066,0.22400756143667297,0.3646153846153846,0.004725897920604915,237,5,1053,821,0.5
BASE,LOGREG,62,1.0,TEMPLATE_OOD,2116,0.005,0.9941252470016481,0.00468384074941452,0.9412801874570603,0.9336319552888962,0.9968652037617555,0.3005671077504726,0.46187363834422657,0.000945179584120983,318,1,1057,740,0.5
BASE,LOGREG,62,1.0,DOMAIN_TEMPLATE_OOD,2116,0.005,0.9941252470016481,0.00468384074941452,0.9210694680697082,0.9166937653882026,0.9785407725321889,0.21550094517958412,0.35321456235476373,0.004725897920604915,228,5,1053,830,0.5
BASE,LOGREG,62,1.0,IID_BALANCED,2116,0.01,0.9726248383522035,0.00936768149882904,0.933757155456087,0.9207058651162625,0.9879032258064516,0.46313799621928164,0.6306306306306306,0.005671077504725898,490,6,1052,568,0.5
BASE,LOGREG,62,1.0,TEMPORAL,2116,0.01,0.9726248383522035,0.00936768149882904,0.9482099370719944,0.9418250006253551,0.9853479853479854,0.5085066162570888,0.6708229426433915,0.007561436672967864,538,8,1050,520,0.5
BASE,LOGREG,62,1.0,DOMAIN_OOD,2116,0.01,0.9726248383522035,0.00936768149882904,0.9267180762817451,0.924384739905875,0.9684684684684685,0.4064272211720227,0.5725699067909454,0.013232514177693762,430,14,1044,628,0.5
BASE,LOGREG,62,1.0,TEMPLATE_OOD,2116,0.01,0.9726248383522035,0.00936768149882904,0.9412801874570603,0.9336319552888962,0.9860279441117764,0.4669187145557656,0.6337395766516998,0.006616257088846881,494,7,1051,564,0.5
BASE,LOGREG,62,1.0,DOMAIN_TEMPLATE_OOD,2116,0.01,0.9726248383522035,0.00936768149882904,0.9210694680697082,0.9166937653882026,0.9780487804878049,0.3790170132325142,0.5463215258855586,0.008506616257088847,401,9,1049,657,0.5
BASE,LOGREG,62,1.0,IID_BALANCED,2116,0.02,0.9327628612518312,0.01990632318501171,0.933757155456087,0.9207058651162625,0.9767827529021559,0.556710775047259,0.7092113184828417,0.013232514177693762,589,14,1044,469,0.5
BASE,LOGREG,62,1.0,TEMPORAL,2116,0.02,0.9327628612518312,0.01990632318501171,0.9482099370719944,0.9418250006253551,0.9808306709265175,0.5803402646502835,0.7292161520190024,0.011342155009451797,614,12,1046,444,0.5
BASE,LOGREG,62,1.0,DOMAIN_OOD,2116,0.02,0.9327628612518312,0.01990632318501171,0.9267180762817451,0.924384739905875,0.9626998223801065,0.5122873345935728,0.6687230104873535,0.01984877126654064,542,21,1037,516,0.5
BASE,LOGREG,62,1.0,TEMPLATE_OOD,2116,0.02,0.9327628612518312,0.01990632318501171,0.9412801874570603,0.9336319552888962,0.973421926910299,0.553875236294896,0.7060240963855422,0.015122873345935728,586,16,1042,472,0.5
BASE,LOGREG,62,1.0,DOMAIN_TEMPLATE_OOD,2116,0.02,0.9327628612518312,0.01990632318501171,0.9210694680697082,0.9166937653882026,0.9614643545279383,0.4716446124763705,0.6328471781864299,0.01890359168241966,499,20,1038,559,0.5
BASE,XGBOOST,62,1.0,IID_BALANCED,2116,0.005,0.9872642755508424,0.00468384074941452,0.9304936457536666,0.924600934101865,0.9912087912087912,0.42627599243856334,0.5961665565102445,0.003780718336483932,451,4,1054,607,0.5
BASE,XGBOOST,62,1.0,TEMPORAL,2116,0.005,0.9872642755508424,0.00468384074941452,0.9410307820664874,0.9376172540835689,0.9927884615384616,0.390359168241966,0.5603799185888738,0.002835538752362949,413,3,1055,645,0.5
BASE,XGBOOST,62,1.0,DOMAIN_OOD,2116,0.005,0.9872642755508424,0.00468384074941452,0.9208565658976352,0.9204843107335952,0.9933774834437086,0.2835538752362949,0.4411764705882353,0.001890359168241966,300,2,1056,758,0.5
BASE,XGBOOST,62,1.0,TEMPLATE_OOD,2116,0.005,0.9872642755508424,0.00468384074941452,0.9320136138633089,0.9278411669483742,0.9869451697127938,0.3572778827977316,0.5246356696738376,0.004725897920604915,378,5,1053,680,0.5
BASE,XGBOOST,62,1.0,DOMAIN_TEMPLATE_OOD,2116,0.005,0.9872642755508424,0.00468384074941452,0.9124355300627093,0.9114845573021823,0.9847328244274809,0.2438563327032136,0.39090909090909093,0.003780718336483932,258,4,1054,800,0.5
BASE,XGBOOST,62,1.0,IID_BALANCED,2116,0.01,0.9626537561416627,0.00936768149882904,0.9304936457536666,0.924600934101865,0.9812382739212008,0.4943289224952741,0.6574481458202388,0.00945179584120983,523,10,1048,535,0.5
BASE,XGBOOST,62,1.0,TEMPORAL,2116,0.01,0.9626537561416627,0.00936768149882904,0.9410307820664874,0.9376172540835689,0.9800399201596807,0.46408317580340264,0.6298909557408595,0.00945179584120983,491,10,1048,567,0.5
BASE,XGBOOST,62,1.0,DOMAIN_OOD,2116,0.01,0.9626537561416627,0.00936768149882904,0.9208565658976352,0.9204843107335952,0.969626168224299,0.39224952741020797,0.5585464333781965,0.012287334593572778,415,13,1045,643,0.5
BASE,XGBOOST,62,1.0,TEMPLATE_OOD,2116,0.01,0.9626537561416627,0.00936768149882904,0.9320136138633089,0.9278411669483742,0.9749478079331941,0.44139886578449905,0.6076772934287573,0.011342155009451797,467,12,1046,591,0.5
BASE,XGBOOST,62,1.0,DOMAIN_TEMPLATE_OOD,2116,0.01,0.9626537561416627,0.00936768149882904,0.9124355300627093,0.9114845573021823,0.9708222811671088,0.34593572778827975,0.5101045296167247,0.010396975425330813,366,11,1047,692,0.5
BASE,XGBOOST,62,1.0,IID_BALANCED,2116,0.02,0.9044615626335145,0.01990632318501171,0.9304936457536666,0.924600934101865,0.9620462046204621,0.5510396975425331,0.7007211538461539,0.021739130434782608,583,23,1035,475,0.5
BASE,XGBOOST,62,1.0,TEMPORAL,2116,0.02,0.9044615626335145,0.01990632318501171,0.9410307820664874,0.9376172540835689,0.9750830564784053,0.554820415879017,0.7072289156626506,0.014177693761814745,587,15,1043,471,0.5
BASE,XGBOOST,62,1.0,DOMAIN_OOD,2116,0.02,0.9044615626335145,0.01990632318501171,0.9208565658976352,0.9204843107335952,0.9584086799276673,0.500945179584121,0.6579764121663563,0.021739130434782608,530,23,1035,528,0.5
BASE,XGBOOST,62,1.0,TEMPLATE_OOD,2116,0.02,0.9044615626335145,0.01990632318501171,0.9320136138633089,0.9278411669483742,0.967741935483871,0.5387523629489603,0.692167577413479,0.017958412098298678,570,19,1039,488,0.5
BASE,XGBOOST,62,1.0,DOMAIN_TEMPLATE_OOD,2116,0.02,0.9044615626335145,0.01990632318501171,0.9124355300627093,0.9114845573021823,0.9600798403193613,0.4546313799621928,0.6170622193713919,0.01890359168241966,481,20,1038,577,0.5
BASE,MLP,62,1.0,IID_BALANCED,2116,0.005,0.9989726543426515,0.00468384074941452,0.9413455363891242,0.9349259936892735,0.9885321100917431,0.40737240075614367,0.5769745649263721,0.004725897920604915,431,5,1053,627,0.5
BASE,MLP,62,1.0,TEMPORAL,2116,0.005,0.9989726543426515,0.00468384074941452,0.9556537484355049,0.9512544623554089,0.9881516587677726,0.3941398865784499,0.5635135135135135,0.004725897920604915,417,5,1053,641,0.5
BASE,MLP,62,1.0,DOMAIN_OOD,2116,0.005,0.9989726543426515,0.00468384074941452,0.9451371098689373,0.9424378486354752,0.9885057471264368,0.32514177693761814,0.48933143669985774,0.003780718336483932,344,4,1054,714,0.5
BASE,MLP,62,1.0,TEMPLATE_OOD,2116,0.005,0.9989726543426515,0.00468384074941452,0.9496909721016406,0.9448445724536434,0.9948586118251928,0.3657844990548204,0.5348997926744989,0.001890359168241966,387,2,1056,671,0.5
BASE,MLP,62,1.0,DOMAIN_TEMPLATE_OOD,2116,0.005,0.9989726543426515,0.00468384074941452,0.9402610336987924,0.9361708970451077,0.9935064935064936,0.2892249527410208,0.4480234260614934,0.001890359168241966,306,2,1056,752,0.5
BASE,MLP,62,1.0,IID_BALANCED,2116,0.01,0.9912247061729432,0.00936768149882904,0.9413455363891242,0.9349259936892735,0.9876977152899824,0.5311909262759924,0.690842040565458,0.006616257088846881,562,7,1051,496,0.5
BASE,MLP,62,1.0,TEMPORAL,2116,0.01,0.9912247061729432,0.00936768149882904,0.9556537484355049,0.9512544623554089,0.9875,0.5226843100189036,0.6835599505562423,0.006616257088846881,553,7,1051,505,0.5
BASE,MLP,62,1.0,DOMAIN_OOD,2116,0.01,0.9912247061729432,0.00936768149882904,0.9451371098689373,0.9424378486354752,0.9844357976653697,0.4782608695652174,0.6437659033078881,0.007561436672967864,506,8,1050,552,0.5
BASE,MLP,62,1.0,TEMPLATE_OOD,2116,0.01,0.9912247061729432,0.00936768149882904,0.9496909721016406,0.9448445724536434,0.9834862385321101,0.5066162570888468,0.6687461010605116,0.008506616257088847,536,9,1049,522,0.5
BASE,MLP,62,1.0,DOMAIN_TEMPLATE_OOD,2116,0.01,0.9912247061729432,0.00936768149882904,0.9402610336987924,0.9361708970451077,0.9874739039665971,0.44706994328922495,0.6154847104749512,0.005671077504725898,473,6,1052,585,0.5
BASE,MLP,62,1.0,IID_BALANCED,2116,0.02,0.9105550646781922,0.01990632318501171,0.9413455363891242,0.9349259936892735,0.9742489270386266,0.6436672967863895,0.7751849743881616,0.017013232514177693,681,18,1040,377,0.5
BASE,MLP,62,1.0,TEMPORAL,2116,0.02,0.9105550646781922,0.01990632318501171,0.9556537484355049,0.9512544623554089,0.9739130434782609,0.6351606805293005,0.7688787185354691,0.017013232514177693,672,18,1040,386,0.5
BASE,MLP,62,1.0,DOMAIN_OOD,2116,0.02,0.9105550646781922,0.01990632318501171,0.9451371098689373,0.9424378486354752,0.9563953488372093,0.6219281663516069,0.7537227949599083,0.02835538752362949,658,30,1028,400,0.5
BASE,MLP,62,1.0,TEMPLATE_OOD,2116,0.02,0.9105550646781922,0.01990632318501171,0.9496909721016406,0.9448445724536434,0.9647577092511013,0.6209829867674859,0.7556066705002875,0.022684310018903593,657,24,1034,401,0.5
BASE,MLP,62,1.0,DOMAIN_TEMPLATE_OOD,2116,0.02,0.9105550646781922,0.01990632318501171,0.9402610336987924,0.9361708970451077,0.9582689335394127,0.5860113421550095,0.7272727272727273,0.02551984877126654,620,27,1031,438,0.5
DAPT,LOGREG,62,1.0,IID_BALANCED,2116,0.005,0.9854148626327516,0.00468384074941452,0.9338098802711656,0.9223541225195737,0.9880382775119617,0.390359168241966,0.559620596205962,0.004725897920604915,413,5,1053,645,0.5
DAPT,LOGREG,62,1.0,TEMPORAL,2116,0.005,0.9854148626327516,0.00468384074941452,0.954686917999678,0.9495311623386137,0.9910714285714286,0.41965973534971646,0.5896414342629482,0.003780718336483932,444,4,1054,614,0.5
DAPT,LOGREG,62,1.0,DOMAIN_OOD,2116,0.005,0.9854148626327516,0.00468384074941452,0.9362668660186892,0.9369374037399808,0.9719626168224299,0.2948960302457467,0.45250181290790426,0.008506616257088847,312,9,1049,746,0.5
DAPT,LOGREG,62,1.0,TEMPLATE_OOD,2116,0.005,0.9854148626327516,0.00468384074941452,0.9487492416526697,0.9430096018810682,0.9872773536895675,0.3667296786389414,0.534803583735355,0.004725897920604915,388,5,1053,670,0.5
DAPT,LOGREG,62,1.0,DOMAIN_TEMPLATE_OOD,2116,0.005,0.9854148626327516,0.00468384074941452,0.9286969948690025,0.9267476888661774,0.9783393501805054,0.2561436672967864,0.4059925093632959,0.005671077504725898,271,6,1052,787,0.5
DAPT,LOGREG,62,1.0,IID_BALANCED,2116,0.01,0.9381694793701173,0.00936768149882904,0.9338098802711656,0.9223541225195737,0.9794871794871794,0.5415879017013232,0.6975045648204504,0.011342155009451797,573,12,1046,485,0.5
DAPT,LOGREG,62,1.0,TEMPORAL,2116,0.01,0.9381694793701173,0.00936768149882904,0.954686917999678,0.9495311623386137,0.9863013698630136,0.5444234404536862,0.7015834348355664,0.007561436672967864,576,8,1050,482,0.5
DAPT,LOGREG,62,1.0,DOMAIN_OOD,2116,0.01,0.9381694793701173,0.00936768149882904,0.9362668660186892,0.9369374037399808,0.9741035856573705,0.4621928166351607,0.6269230769230769,0.012287334593572778,489,13,1045,569,0.5
DAPT,LOGREG,62,1.0,TEMPLATE_OOD,2116,0.01,0.9381694793701173,0.00936768149882904,0.9487492416526697,0.9430096018810682,0.9826689774696707,0.5359168241965974,0.6935779816513762,0.00945179584120983,567,10,1048,491,0.5
DAPT,LOGREG,62,1.0,DOMAIN_TEMPLATE_OOD,2116,0.01,0.9381694793701173,0.00936768149882904,0.9286969948690025,0.9267476888661774,0.9782608695652174,0.42533081285444235,0.5928853754940712,0.00945179584120983,450,10,1048,608,0.5
DAPT,LOGREG,62,1.0,IID_BALANCED,2116,0.02,0.8954939246177674,0.01990632318501171,0.9338098802711656,0.9223541225195737,0.9762658227848101,0.5831758034026465,0.7301775147928994,0.014177693761814745,617,15,1043,441,0.5
DAPT,LOGREG,62,1.0,TEMPORAL,2116,0.02,0.8954939246177674,0.01990632318501171,0.954686917999678,0.9495311623386137,0.9863013698630136,0.6124763705103969,0.7556851311953353,0.008506616257088847,648,9,1049,410,0.5
DAPT,LOGREG,62,1.0,DOMAIN_OOD,2116,0.02,0.8954939246177674,0.01990632318501171,0.9362668660186892,0.9369374037399808,0.9692307692307692,0.5359168241965974,0.6902008520998174,0.017013232514177693,567,18,1040,491,0.5
DAPT,LOGREG,62,1.0,TEMPLATE_OOD,2116,0.02,0.8954939246177674,0.01990632318501171,0.9487492416526697,0.9430096018810682,0.9763406940063092,0.5850661625708885,0.7316784869976359,0.014177693761814745,619,15,1043,439,0.5
DAPT,LOGREG,62,1.0,DOMAIN_TEMPLATE_OOD,2116,0.02,0.8954939246177674,0.01990632318501171,0.9286969948690025,0.9267476888661774,0.9733333333333334,0.4829867674858223,0.6456096020214782,0.013232514177693762,511,14,1044,547,0.5
DAPT,XGBOOST,62,1.0,IID_BALANCED,2116,0.005,0.9954734444618226,0.00468384074941452,0.9218173503539332,0.9130506251764395,0.9923469387755102,0.3676748582230624,0.5365517241379311,0.002835538752362949,389,3,1055,669,0.5
DAPT,XGBOOST,62,1.0,TEMPORAL,2116,0.005,0.9954734444618226,0.00468384074941452,0.9351847402740832,0.9292392823067384,0.9967320261437909,0.2882797731568998,0.4472140762463343,0.000945179584120983,305,1,1057,753,0.5
DAPT,XGBOOST,62,1.0,DOMAIN_OOD,2116,0.005,0.9954734444618226,0.00468384074941452,0.9187349670507824,0.9136134447775701,0.9952380952380953,0.19754253308128544,0.32965299684542587,0.000945179584120983,209,1,1057,849,0.5
DAPT,XGBOOST,62,1.0,TEMPLATE_OOD,2116,0.005,0.9954734444618226,0.00468384074941452,0.9316370119117676,0.9260303172158476,0.9966216216216216,0.27882797731569,0.4357459379615953,0.000945179584120983,295,1,1057,763,0.5
DAPT,XGBOOST,62,1.0,DOMAIN_TEMPLATE_OOD,2116,0.005,0.9954734444618226,0.00468384074941452,0.9060950974303691,0.902677770591157,0.989010989010989,0.17013232514177692,0.2903225806451613,0.001890359168241966,180,2,1056,878,0.5
DAPT,XGBOOST,62,1.0,IID_BALANCED,2116,0.01,0.9656567573547364,0.00936768149882904,0.9218173503539332,0.9130506251764395,0.9744525547445255,0.504725897920605,0.6650062266500623,0.013232514177693762,534,14,1044,524,0.5
DAPT,XGBOOST,62,1.0,TEMPORAL,2116,0.01,0.9656567573547364,0.00936768149882904,0.9351847402740832,0.9292392823067384,0.9818548387096774,0.4603024574669187,0.6267696267696268,0.008506616257088847,487,9,1049,571,0.5
DAPT,XGBOOST,62,1.0,DOMAIN_OOD,2116,0.01,0.9656567573547364,0.00936768149882904,0.9187349670507824,0.9136134447775701,0.975669099756691,0.3790170132325142,0.5459496255956433,0.00945179584120983,401,10,1048,657,0.5
DAPT,XGBOOST,62,1.0,TEMPLATE_OOD,2116,0.01,0.9656567573547364,0.00936768149882904,0.9316370119117676,0.9260303172158476,0.9801762114537445,0.42060491493383745,0.5886243386243386,0.008506616257088847,445,9,1049,613,0.5
DAPT,XGBOOST,62,1.0,DOMAIN_TEMPLATE_OOD,2116,0.01,0.9656567573547364,0.00936768149882904,0.9060950974303691,0.902677770591157,0.977961432506887,0.33553875236294894,0.4996481351161154,0.007561436672967864,355,8,1050,703,0.5
DAPT,XGBOOST,62,1.0,IID_BALANCED,2116,0.02,0.8714582324028016,0.01990632318501171,0.9218173503539332,0.9130506251764395,0.9482758620689655,0.5718336483931947,0.7134433962264151,0.031190926275992438,605,33,1025,453,0.5
DAPT,XGBOOST,62,1.0,TEMPORAL,2116,0.02,0.8714582324028016,0.01990632318501171,0.9351847402740832,0.9292392823067384,0.9754098360655737,0.5623818525519849,0.7134292565947242,0.014177693761814745,595,15,1043,463,0.5
DAPT,XGBOOST,62,1.0,DOMAIN_OOD,2116,0.02,0.8714582324028016,0.01990632318501171,0.9187349670507824,0.9136134447775701,0.9626334519572953,0.5113421550094518,0.6679012345679012,0.01984877126654064,541,21,1037,517,0.5
DAPT,XGBOOST,62,1.0,TEMPLATE_OOD,2116,0.02,0.8714582324028016,0.01990632318501171,0.9316370119117676,0.9260303172158476,0.9658703071672355,0.5349716446124764,0.6885644768856448,0.01890359168241966,566,20,1038,492,0.5
DAPT,XGBOOST,62,1.0,DOMAIN_TEMPLATE_OOD,2116,0.02,0.8714582324028016,0.01990632318501171,0.9060950974303691,0.902677770591157,0.9602385685884692,0.45652173913043476,0.6188340807174888,0.01890359168241966,483,20,1038,575,0.5
DAPT,MLP,62,1.0,IID_BALANCED,2116,0.005,0.9997193217277528,0.00468384074941452,0.9391796026334506,0.9322512605372337,0.9911894273127754,0.42533081285444235,0.5952380952380952,0.003780718336483932,450,4,1054,608,0.5
DAPT,MLP,62,1.0,TEMPORAL,2116,0.005,0.9997193217277528,0.00468384074941452,0.9516563705183139,0.9477569405483827,0.9892183288409704,0.34688090737240074,0.5136459062281316,0.003780718336483932,367,4,1054,691,0.5
DAPT,MLP,62,1.0,DOMAIN_OOD,2116,0.005,0.9997193217277528,0.00468384074941452,0.9403252844294304,0.9401838901376139,0.9924812030075187,0.2495274102079395,0.3987915407854985,0.001890359168241966,264,2,1056,794,0.5
DAPT,MLP,62,1.0,TEMPLATE_OOD,2116,0.005,0.9997193217277528,0.00468384074941452,0.9467833502559198,0.9425754267601959,0.9941348973607038,0.32041587901701324,0.48463187991422446,0.001890359168241966,339,2,1056,719,0.5
DAPT,MLP,62,1.0,DOMAIN_TEMPLATE_OOD,2116,0.005,0.9997193217277528,0.00468384074941452,0.9277306999006749,0.9279894654464499,0.9911504424778761,0.21172022684310018,0.34890965732087226,0.001890359168241966,224,2,1056,834,0.5
DAPT,MLP,62,1.0,IID_BALANCED,2116,0.01,0.9945344924926759,0.00936768149882904,0.9391796026334506,0.9322512605372337,0.9788732394366197,0.5255198487712666,0.6838868388683886,0.011342155009451797,556,12,1046,502,0.5
DAPT,MLP,62,1.0,TEMPORAL,2116,0.01,0.9945344924926759,0.00936768149882904,0.9516563705183139,0.9477569405483827,0.9827586206896551,0.4848771266540643,0.649367088607595,0.008506616257088847,513,9,1049,545,0.5
DAPT,MLP,62,1.0,DOMAIN_OOD,2116,0.01,0.9945344924926759,0.00936768149882904,0.9403252844294304,0.9401838901376139,0.9792626728110599,0.4017013232514178,0.5697050938337802,0.008506616257088847,425,9,1049,633,0.5
DAPT,MLP,62,1.0,TEMPLATE_OOD,2116,0.01,0.9945344924926759,0.00936768149882904,0.9467833502559198,0.9425754267601959,0.9837067209775967,0.45652173913043476,0.6236281471917366,0.007561436672967864,483,8,1050,575,0.5
DAPT,MLP,62,1.0,DOMAIN_TEMPLATE_OOD,2116,0.01,0.9945344924926759,0.00936768149882904,0.9277306999006749,0.9279894654464499,0.9787234042553191,0.34782608695652173,0.5132496513249651,0.007561436672967864,368,8,1050,690,0.5
DAPT,MLP,62,1.0,IID_BALANCED,2116,0.02,0.9404441714286805,0.01990632318501171,0.9391796026334506,0.9322512605372337,0.9664233576642336,0.6257088846880907,0.759609868043603,0.021739130434782608,662,23,1035,396,0.5
DAPT,MLP,62,1.0,TEMPORAL,2116,0.02,0.9404441714286805,0.01990632318501171,0.9516563705183139,0.9477569405483827,0.9746835443037974,0.5822306238185255,0.7289940828402367,0.015122873345935728,616,16,1042,442,0.5
DAPT,MLP,62,1.0,DOMAIN_OOD,2116,0.02,0.9404441714286805,0.01990632318501171,0.9403252844294304,0.9401838901376139,0.9663299663299664,0.5425330812854442,0.6949152542372882,0.01890359168241966,574,20,1038,484,0.5
DAPT,MLP,62,1.0,TEMPLATE_OOD,2116,0.02,0.9404441714286805,0.01990632318501171,0.9467833502559198,0.9425754267601959,0.9696,0.5727788279773157,0.7201426024955436,0.017958412098298678,606,19,1039,452,0.5
DAPT,MLP,62,1.0,DOMAIN_TEMPLATE_OOD,2116,0.02,0.9404441714286805,0.01990632318501171,0.9277306999006749,0.9279894654464499,0.9626168224299065,0.4867674858223062,0.6465787821720025,0.01890359168241966,515,20,1038,543,0.5
CONTRASTIVE,LOGREG,62,1.0,IID_BALANCED,2116,0.005,0.989529848098755,0.00468384074941452,0.8680663125710881,0.8617831197001155,0.9625850340136054,0.2674858223062382,0.41863905325443784,0.010396975425330813,283,11,1047,775,0.5
CONTRASTIVE,LOGREG,62,1.0,TEMPORAL,2116,0.005,0.989529848098755,0.00468384074941452,0.8789102033939601,0.8651350231024044,0.9682539682539683,0.2882797731568998,0.4442825928623452,0.00945179584120983,305,10,1048,753,0.5
CONTRASTIVE,LOGREG,62,1.0,DOMAIN_OOD,2116,0.005,0.989529848098755,0.00468384074941452,0.8517581630165932,0.8323244270853806,0.9777777777777777,0.20793950850661624,0.34294621979734996,0.004725897920604915,220,5,1053,838,0.5
CONTRASTIVE,LOGREG,62,1.0,TEMPLATE_OOD,2116,0.005,0.989529848098755,0.00468384074941452,0.8791175503048227,0.8613033829924849,0.9723076923076923,0.29867674858223064,0.4569775849602314,0.008506616257088847,316,9,1049,742,0.5
CONTRASTIVE,LOGREG,62,1.0,DOMAIN_TEMPLATE_OOD,2116,0.005,0.989529848098755,0.00468384074941452,0.8458014382541688,0.8253034759023875,0.9715639810426541,0.1937618147448015,0.32308904649330183,0.005671077504725898,205,6,1052,853,0.5
CONTRASTIVE,LOGREG,62,1.0,IID_BALANCED,2116,0.01,0.9844276309013368,0.00936768149882904,0.8680663125710881,0.8617831197001155,0.9575757575757575,0.29867674858223064,0.4553314121037464,0.013232514177693762,316,14,1044,742,0.5
CONTRASTIVE,LOGREG,62,1.0,TEMPORAL,2116,0.01,0.9844276309013368,0.00936768149882904,0.8789102033939601,0.8651350231024044,0.9715099715099715,0.3223062381852552,0.48403122782114977,0.00945179584120983,341,10,1048,717,0.5
CONTRASTIVE,LOGREG,62,1.0,DOMAIN_OOD,2116,0.01,0.9844276309013368,0.00936768149882904,0.8517581630165932,0.8323244270853806,0.9689922480620154,0.23629489603024575,0.3799392097264438,0.007561436672967864,250,8,1050,808,0.5
CONTRASTIVE,LOGREG,62,1.0,TEMPLATE_OOD,2116,0.01,0.9844276309013368,0.00936768149882904,0.8791175503048227,0.8613033829924849,0.9688385269121813,0.32325141776937616,0.4847625797306875,0.010396975425330813,342,11,1047,716,0.5
CONTRASTIVE,LOGREG,62,1.0,DOMAIN_TEMPLATE_OOD,2116,0.01,0.9844276309013368,0.00936768149882904,0.8458014382541688,0.8253034759023875,0.9586776859504132,0.21928166351606806,0.3569230769230769,0.00945179584120983,232,10,1048,826,0.5
CONTRASTIVE,LOGREG,62,1.0,IID_BALANCED,2116,0.02,0.9435843229293824,0.01990632318501171,0.8680663125710881,0.8617831197001155,0.9238683127572016,0.42438563327032136,0.5816062176165803,0.03497164461247637,449,37,1021,609,0.5
CONTRASTIVE,LOGREG,62,1.0,TEMPORAL,2116,0.02,0.9435843229293824,0.01990632318501171,0.8789102033939601,0.8651350231024044,0.9458917835671342,0.44612476370510395,0.6062941554271034,0.02551984877126654,472,27,1031,586,0.5
CONTRASTIVE,LOGREG,62,1.0,DOMAIN_OOD,2116,0.02,0.9435843229293824,0.01990632318501171,0.8517581630165932,0.8323244270853806,0.9460154241645244,0.34782608695652173,0.5086385625431928,0.01984877126654064,368,21,1037,690,0.5
CONTRASTIVE,LOGREG,62,1.0,TEMPLATE_OOD,2116,0.02,0.9435843229293824,0.01990632318501171,0.8791175503048227,0.8613033829924849,0.9487704918032787,0.43761814744801514,0.5989650711513583,0.023629489603024575,463,25,1033,595,0.5
CONTRASTIVE,LOGREG,62,1.0,DOMAIN_TEMPLATE_OOD,2116,0.02,0.9435843229293824,0.01990632318501171,0.8458014382541688,0.8253034759023875,0.9454545454545454,0.3440453686200378,0.5045045045045045,0.01984877126654064,364,21,1037,694,0.5
CONTRASTIVE,XGBOOST,62,1.0,IID_BALANCED,2116,0.005,0.9828533530235292,0.00468384074941452,0.8598153554902869,0.8687370685496406,0.9475806451612904,0.222117202268431,0.35987748851454826,0.012287334593572778,235,13,1045,823,0.5
CONTRASTIVE,XGBOOST,62,1.0,TEMPORAL,2116,0.005,0.9828533530235292,0.00468384074941452,0.8828780746027536,0.8669914344216895,0.9764309764309764,0.2741020793950851,0.4280442804428044,0.006616257088846881,290,7,1051,768,0.5
CONTRASTIVE,XGBOOST,62,1.0,DOMAIN_OOD,2116,0.005,0.9828533530235292,0.00468384074941452,0.856059482097605,0.8378534596431544,0.973568281938326,0.20888468809073724,0.34396887159533074,0.005671077504725898,221,6,1052,837,0.5
CONTRASTIVE,XGBOOST,62,1.0,TEMPLATE_OOD,2116,0.005,0.9828533530235292,0.00468384074941452,0.8820544872353001,0.8629346664713176,0.9831081081081081,0.27504725897920607,0.4298375184638109,0.004725897920604915,291,5,1053,767,0.5
CONTRASTIVE,XGBOOST,62,1.0,DOMAIN_TEMPLATE_OOD,2116,0.005,0.9828533530235292,0.00468384074941452,0.8496493378254857,0.826463956318052,0.9904761904761905,0.19659735349716445,0.3280757097791798,0.001890359168241966,208,2,1056,850,0.5
CONTRASTIVE,XGBOOST,62,1.0,IID_BALANCED,2116,0.01,0.9724566936492921,0.00936768149882904,0.8598153554902869,0.8687370685496406,0.9451612903225807,0.276937618147448,0.4283625730994152,0.01606805293005671,293,17,1041,765,0.5
CONTRASTIVE,XGBOOST,62,1.0,TEMPORAL,2116,0.01,0.9724566936492921,0.00936768149882904,0.8828780746027536,0.8669914344216895,0.9753424657534246,0.33648393194706994,0.500351370344343,0.008506616257088847,356,9,1049,702,0.5
CONTRASTIVE,XGBOOST,62,1.0,DOMAIN_OOD,2116,0.01,0.9724566936492921,0.00936768149882904,0.856059482097605,0.8378534596431544,0.9787985865724381,0.2618147448015123,0.41312453392990306,0.005671077504725898,277,6,1052,781,0.5
CONTRASTIVE,XGBOOST,62,1.0,TEMPLATE_OOD,2116,0.01,0.9724566936492921,0.00936768149882904,0.8820544872353001,0.8629346664713176,0.9775280898876404,0.32892249527410206,0.49222065063649223,0.007561436672967864,348,8,1050,710,0.5
CONTRASTIVE,XGBOOST,62,1.0,DOMAIN_TEMPLATE_OOD,2116,0.01,0.9724566936492921,0.00936768149882904,0.8496493378254857,0.826463956318052,0.980544747081712,0.2381852551984877,0.3832699619771863,0.004725897920604915,252,5,1053,806,0.5
CONTRASTIVE,XGBOOST,62,1.0,IID_BALANCED,2116,0.02,0.9370187520980836,0.01990632318501171,0.8598153554902869,0.8687370685496406,0.9180722891566265,0.3601134215500945,0.5173116089613035,0.03213610586011342,381,34,1024,677,0.5
CONTRASTIVE,XGBOOST,62,1.0,TEMPORAL,2116,0.02,0.9370187520980836,0.01990632318501171,0.8828780746027536,0.8669914344216895,0.9534412955465587,0.44517958412098296,0.6069587628865979,0.021739130434782608,471,23,1035,587,0.5
CONTRASTIVE,XGBOOST,62,1.0,DOMAIN_OOD,2116,0.02,0.9370187520980836,0.01990632318501171,0.856059482097605,0.8378534596431544,0.9573333333333334,0.3393194706994329,0.5010467550593162,0.015122873345935728,359,16,1042,699,0.5
CONTRASTIVE,XGBOOST,62,1.0,TEMPLATE_OOD,2116,0.02,0.9370187520980836,0.01990632318501171,0.8820544872353001,0.8629346664713176,0.9648351648351648,0.41493383742911155,0.5803040317250495,0.015122873345935728,439,16,1042,619,0.5
CONTRASTIVE,XGBOOST,62,1.0,DOMAIN_TEMPLATE_OOD,2116,0.02,0.9370187520980836,0.01990632318501171,0.8496493378254857,0.826463956318052,0.9628571428571429,0.31852551984877125,0.4786931818181818,0.012287334593572778,337,13,1045,721,0.5
CONTRASTIVE,MLP,62,1.0,IID_BALANCED,2116,0.005,0.9902929067611695,0.00468384074941452,0.8799700522479956,0.8865766631765896,0.9407114624505929,0.22495274102079396,0.36308161708619374,0.014177693761814745,238,15,1043,820,0.5
CONTRASTIVE,MLP,62,1.0,TEMPORAL,2116,0.005,0.9902929067611695,0.00468384074941452,0.8901892619834921,0.8751898399448257,0.9752321981424149,0.29773156899810965,0.4561911658218682,0.007561436672967864,315,8,1050,743,0.5
CONTRASTIVE,MLP,62,1.0,DOMAIN_OOD,2116,0.005,0.9902929067611695,0.00468384074941452,0.8712379239225374,0.8536445695948771,0.9911111111111112,0.2107750472589792,0.34762275915822294,0.001890359168241966,223,2,1056,835,0.5
CONTRASTIVE,MLP,62,1.0,TEMPLATE_OOD,2116,0.005,0.9902929067611695,0.00468384074941452,0.8914307766212715,0.873778324119768,0.987012987012987,0.28733459357277885,0.445095168374817,0.003780718336483932,304,4,1054,754,0.5
CONTRASTIVE,MLP,62,1.0,DOMAIN_TEMPLATE_OOD,2116,0.005,0.9902929067611695,0.00468384074941452,0.8651583466996318,0.8438104137706768,0.987012987012987,0.21550094517958412,0.3537626066718386,0.002835538752362949,228,3,1055,830,0.5
CONTRASTIVE,MLP,62,1.0,IID_BALANCED,2116,0.01,0.9661619067192079,0.00936768149882904,0.8799700522479956,0.8865766631765896,0.9271844660194175,0.3610586011342155,0.5197278911564626,0.02835538752362949,382,30,1028,676,0.5
CONTRASTIVE,MLP,62,1.0,TEMPORAL,2116,0.01,0.9661619067192079,0.00936768149882904,0.8901892619834921,0.8751898399448257,0.9621380846325167,0.40831758034026466,0.5733244857332449,0.01606805293005671,432,17,1041,626,0.5
CONTRASTIVE,MLP,62,1.0,DOMAIN_OOD,2116,0.01,0.9661619067192079,0.00936768149882904,0.8712379239225374,0.8536445695948771,0.9645776566757494,0.33459357277882795,0.4968421052631579,0.012287334593572778,354,13,1045,704,0.5
CONTRASTIVE,MLP,62,1.0,TEMPLATE_OOD,2116,0.01,0.9661619067192079,0.00936768149882904,0.8914307766212715,0.873778324119768,0.959731543624161,0.4054820415879017,0.5700996677740864,0.017013232514177693,429,18,1040,629,0.5
CONTRASTIVE,MLP,62,1.0,DOMAIN_TEMPLATE_OOD,2116,0.01,0.9661619067192079,0.00936768149882904,0.8651583466996318,0.8438104137706768,0.9607843137254902,0.32419659735349715,0.48480565371024736,0.013232514177693762,343,14,1044,715,0.5
CONTRASTIVE,MLP,62,1.0,IID_BALANCED,2116,0.02,0.9049394130706788,0.01990632318501171,0.8799700522479956,0.8865766631765896,0.9226713532513181,0.4962192816635161,0.645359557467732,0.04158790170132325,525,44,1014,533,0.5
CONTRASTIVE,MLP,62,1.0,TEMPORAL,2116,0.02,0.9049394130706788,0.01990632318501171,0.8901892619834921,0.8751898399448257,0.962432915921288,0.5085066162570888,0.6654298082869512,0.01984877126654064,538,21,1037,520,0.5
CONTRASTIVE,MLP,62,1.0,DOMAIN_OOD,2116,0.02,0.9049394130706788,0.01990632318501171,0.8712379239225374,0.8536445695948771,0.949290060851927,0.44234404536862004,0.6034816247582205,0.023629489603024575,468,25,1033,590,0.5
CONTRASTIVE,MLP,62,1.0,TEMPLATE_OOD,2116,0.02,0.9049394130706788,0.01990632318501171,0.8914307766212715,0.873778324119768,0.9513513513513514,0.499054820415879,0.6546807191568506,0.02551984877126654,528,27,1031,530,0.5
CONTRASTIVE,MLP,62,1.0,DOMAIN_TEMPLATE_OOD,2116,0.02,0.9049394130706788,0.01990632318501171,0.8651583466996318,0.8438104137706768,0.956989247311828,0.42060491493383745,0.5843729481286933,0.01890359168241966,445,20,1038,613,0.5
BASE,LOGREG,72,0.1,IID_BALANCED,2116,0.005,0.9985003471374513,0.00468384074941452,0.902441313606155,0.8977964272569066,0.9944444444444445,0.16918714555765596,0.28917609046849757,0.000945179584120983,179,1,1057,879,0.5
BASE,LOGREG,72,0.1,TEMPORAL,2116,0.005,0.9985003471374513,0.00468384074941452,0.9280178034051891,0.9293616732358733,0.9940119760479041,0.15689981096408318,0.2710204081632653,0.000945179584120983,166,1,1057,892,0.5
BASE,LOGREG,72,0.1,DOMAIN_OOD,2116,0.005,0.9985003471374513,0.00468384074941452,0.9074913735691236,0.9161139718625934,0.9577464788732394,0.1285444234404537,0.22666666666666666,0.005671077504725898,136,6,1052,922,0.5
BASE,LOGREG,72,0.1,TEMPLATE_OOD,2116,0.005,0.9985003471374513,0.00468384074941452,0.9081246197938178,0.9176755729146193,0.958041958041958,0.12948960302457466,0.22814321398834306,0.005671077504725898,137,6,1052,921,0.5
BASE,LOGREG,72,0.1,DOMAIN_TEMPLATE_OOD,2116,0.005,0.9985003471374513,0.00468384074941452,0.9038945354930649,0.912352907543927,0.96,0.13610586011342155,0.23841059602649006,0.005671077504725898,144,6,1052,914,0.5
BASE,LOGREG,72,0.1,IID_BALANCED,2116,0.01,0.9971863627433778,0.00936768149882904,0.902441313606155,0.8977964272569066,0.9871244635193133,0.21739130434782608,0.3563129357087529,0.002835538752362949,230,3,1055,828,0.5
BASE,LOGREG,72,0.1,TEMPORAL,2116,0.01,0.9971863627433778,0.00936768149882904,0.9280178034051891,0.9293616732358733,0.9912663755458515,0.21455576559546313,0.35275835275835277,0.001890359168241966,227,2,1056,831,0.5
BASE,LOGREG,72,0.1,DOMAIN_OOD,2116,0.01,0.9971863627433778,0.00936768149882904,0.9074913735691236,0.9161139718625934,0.9615384615384616,0.1890359168241966,0.315955766192733,0.007561436672967864,200,8,1050,858,0.5
BASE,LOGREG,72,0.1,TEMPLATE_OOD,2116,0.01,0.9971863627433778,0.00936768149882904,0.9081246197938178,0.9176755729146193,0.9581151832460733,0.17296786389413987,0.2930344275420336,0.007561436672967864,183,8,1050,875,0.5
BASE,LOGREG,72,0.1,DOMAIN_TEMPLATE_OOD,2116,0.01,0.9971863627433778,0.00936768149882904,0.9038945354930649,0.912352907543927,0.9663461538461539,0.1899810964083176,0.3175355450236967,0.006616257088846881,201,7,1051,857,0.5
BASE,LOGREG,72,0.1,IID_BALANCED,2116,0.02,0.9844465255737306,0.01990632318501171,0.902441313606155,0.8977964272569066,0.9485861182519281,0.3487712665406427,0.5100207325501037,0.01890359168241966,369,20,1038,689,0.5
BASE,LOGREG,72,0.1,TEMPORAL,2116,0.02,0.9844465255737306,0.01990632318501171,0.9280178034051891,0.9293616732358733,0.9705882352941176,0.4054820415879017,0.572,0.012287334593572778,429,13,1045,629,0.5
BASE,LOGREG,72,0.1,DOMAIN_OOD,2116,0.02,0.9844465255737306,0.01990632318501171,0.9074913735691236,0.9161139718625934,0.9472527472527472,0.40737240075614367,0.5697290152015863,0.022684310018903593,431,24,1034,627,0.5
BASE,LOGREG,72,0.1,TEMPLATE_OOD,2116,0.02,0.9844465255737306,0.01990632318501171,0.9081246197938178,0.9176755729146193,0.9440559440559441,0.3827977315689981,0.5447209145931405,0.022684310018903593,405,24,1034,653,0.5
BASE,LOGREG,72,0.1,DOMAIN_TEMPLATE_OOD,2116,0.02,0.9844465255737306,0.01990632318501171,0.9038945354930649,0.912352907543927,0.9521640091116174,0.3950850661625709,0.5584502338009352,0.01984877126654064,418,21,1037,640,0.5
BASE,XGBOOST,72,0.1,IID_BALANCED,2116,0.005,0.9925348758697511,0.00468384074941452,0.8842209291158446,0.8842914369231099,0.9851301115241635,0.2504725897920605,0.39939713639789,0.003780718336483932,265,4,1054,793,0.5
BASE,XGBOOST,72,0.1,TEMPORAL,2116,0.005,0.9925348758697511,0.00468384074941452,0.8832410897723697,0.9007177289961085,0.9541984732824428,0.11814744801512288,0.21026072329688814,0.005671077504725898,125,6,1052,933,0.5
BASE,XGBOOST,72,0.1,DOMAIN_OOD,2116,0.005,0.9925348758697511,0.00468384074941452,0.8500505650823784,0.8708605958383508,0.9340659340659341,0.08034026465028356,0.14795474325500435,0.005671077504725898,85,6,1052,973,0.5
BASE,XGBOOST,72,0.1,TEMPLATE_OOD,2116,0.005,0.9925348758697511,0.00468384074941452,0.8661979421242426,0.8821402153365662,0.9285714285714286,0.11058601134215501,0.19763513513513514,0.008506616257088847,117,9,1049,941,0.5
BASE,XGBOOST,72,0.1,DOMAIN_TEMPLATE_OOD,2116,0.005,0.9925348758697511,0.00468384074941452,0.8512006336721338,0.8662177808112465,0.9368421052631579,0.08412098298676748,0.15437987857762359,0.005671077504725898,89,6,1052,969,0.5
BASE,XGBOOST,72,0.1,IID_BALANCED,2116,0.01,0.987275779247284,0.00936768149882904,0.8842209291158446,0.8842914369231099,0.9607250755287009,0.3005671077504726,0.45788336933045354,0.012287334593572778,318,13,1045,740,0.5
BASE,XGBOOST,72,0.1,TEMPORAL,2116,0.01,0.987275779247284,0.00936768149882904,0.8832410897723697,0.9007177289961085,0.9392523364485982,0.1899810964083176,0.3160377358490566,0.012287334593572778,201,13,1045,857,0.5
BASE,XGBOOST,72,0.1,DOMAIN_OOD,2116,0.01,0.987275779247284,0.00936768149882904,0.8500505650823784,0.8708605958383508,0.920863309352518,0.12098298676748583,0.21386800334168754,0.010396975425330813,128,11,1047,930,0.5
BASE,XGBOOST,72,0.1,TEMPLATE_OOD,2116,0.01,0.987275779247284,0.00936768149882904,0.8661979421242426,0.8821402153365662,0.9227053140096618,0.18052930056710775,0.3019762845849802,0.015122873345935728,191,16,1042,867,0.5
BASE,XGBOOST,72,0.1,DOMAIN_TEMPLATE_OOD,2116,0.01,0.987275779247284,0.00936768149882904,0.8512006336721338,0.8662177808112465,0.9493670886075949,0.14177693761814744,0.24671052631578946,0.007561436672967864,150,8,1050,908,0.5
BASE,XGBOOST,72,0.1,IID_BALANCED,2116,0.02,0.9680494070053102,0.01990632318501171,0.8842209291158446,0.8842914369231099,0.9220489977728286,0.391304347826087,0.5494359654943597,0.0330812854442344,414,35,1023,644,0.5
BASE,XGBOOST,72,0.1,TEMPORAL,2116,0.02,0.9680494070053102,0.01990632318501171,0.8832410897723697,0.9007177289961085,0.9265822784810127,0.34593572778827975,0.503785271851342,0.027410207939508508,366,29,1029,692,0.5
BASE,XGBOOST,72,0.1,DOMAIN_OOD,2116,0.02,0.9680494070053102,0.01990632318501171,0.8500505650823784,0.8708605958383508,0.9046052631578947,0.2599243856332703,0.40381791483113066,0.027410207939508508,275,29,1029,783,0.5
BASE,XGBOOST,72,0.1,TEMPLATE_OOD,2116,0.02,0.9680494070053102,0.01990632318501171,0.8661979421242426,0.8821402153365662,0.9246753246753247,0.33648393194706994,0.4934164934164934,0.027410207939508508,356,29,1029,702,0.5
BASE,XGBOOST,72,0.1,DOMAIN_TEMPLATE_OOD,2116,0.02,0.9680494070053102,0.01990632318501171,0.8512006336721338,0.8662177808112465,0.9153605015673981,0.27599243856332706,0.4241103848946986,0.02551984877126654,292,27,1031,766,0.5
BASE,MLP,72,0.1,IID_BALANCED,2116,0.005,0.9986126422882081,0.00468384074941452,0.9064815244523018,0.9014511812064708,0.9871794871794872,0.29111531190926276,0.44963503649635034,0.003780718336483932,308,4,1054,750,0.5
BASE,MLP,72,0.1,TEMPORAL,2116,0.005,0.9986126422882081,0.00468384074941452,0.9155474310520572,0.9185242691385465,0.9715302491103203,0.2580340264650284,0.4077669902912621,0.007561436672967864,273,8,1050,785,0.5
BASE,MLP,72,0.1,DOMAIN_OOD,2116,0.005,0.9986126422882081,0.00468384074941452,0.8694921858405101,0.8912909473593933,0.9257142857142857,0.15311909262759923,0.26277372262773724,0.012287334593572778,162,13,1045,896,0.5
BASE,MLP,72,0.1,TEMPLATE_OOD,2116,0.005,0.9986126422882081,0.00468384074941452,0.901174458025738,0.9067363252704215,0.96875,0.23440453686200377,0.3774733637747336,0.007561436672967864,248,8,1050,810,0.5
BASE,MLP,72,0.1,DOMAIN_TEMPLATE_OOD,2116,0.005,0.9986126422882081,0.00468384074941452,0.8681926763013108,0.8867356820480201,0.9090909090909091,0.14177693761814744,0.24529844644317253,0.014177693761814745,150,15,1043,908,0.5
BASE,MLP,72,0.1,IID_BALANCED,2116,0.01,0.9953225255012513,0.00936768149882904,0.9064815244523018,0.9014511812064708,0.969047619047619,0.3846880907372401,0.550744248985115,0.012287334593572778,407,13,1045,651,0.5
BASE,MLP,72,0.1,TEMPORAL,2116,0.01,0.9953225255012513,0.00936768149882904,0.9155474310520572,0.9185242691385465,0.964824120603015,0.3629489603024575,0.5274725274725275,0.013232514177693762,384,14,1044,674,0.5
BASE,MLP,72,0.1,DOMAIN_OOD,2116,0.01,0.9953225255012513,0.00936768149882904,0.8694921858405101,0.8912909473593933,0.920265780730897,0.2618147448015123,0.40765268579838115,0.022684310018903593,277,24,1034,781,0.5
BASE,MLP,72,0.1,TEMPLATE_OOD,2116,0.01,0.9953225255012513,0.00936768149882904,0.901174458025738,0.9067363252704215,0.9468085106382979,0.33648393194706994,0.496513249651325,0.01890359168241966,356,20,1038,702,0.5
BASE,MLP,72,0.1,DOMAIN_TEMPLATE_OOD,2116,0.01,0.9953225255012513,0.00936768149882904,0.8681926763013108,0.8867356820480201,0.9169811320754717,0.22967863894139887,0.3673469387755102,0.020793950850661626,243,22,1036,815,0.5
BASE,MLP,72,0.1,IID_BALANCED,2116,0.02,0.9859415888786317,0.01990632318501171,0.9064815244523018,0.9014511812064708,0.95,0.4669187145557656,0.6261089987325729,0.024574669187145556,494,26,1032,564,0.5
BASE,MLP,72,0.1,TEMPORAL,2116,0.02,0.9859415888786317,0.01990632318501171,0.9155474310520572,0.9185242691385465,0.9533980582524272,0.46408317580340264,0.6242848061029879,0.022684310018903593,491,24,1034,567,0.5
BASE,MLP,72,0.1,DOMAIN_OOD,2116,0.02,0.9859415888786317,0.01990632318501171,0.8694921858405101,0.8912909473593933,0.9191685912240185,0.3761814744801512,0.533869885982562,0.0330812854442344,398,35,1023,660,0.5
BASE,MLP,72,0.1,TEMPLATE_OOD,2116,0.02,0.9859415888786317,0.01990632318501171,0.901174458025738,0.9067363252704215,0.926829268292683,0.43100189035916825,0.5883870967741935,0.034026465028355386,456,36,1022,602,0.5
BASE,MLP,72,0.1,DOMAIN_TEMPLATE_OOD,2116,0.02,0.9859415888786317,0.01990632318501171,0.8681926763013108,0.8867356820480201,0.9166666666666666,0.3534971644612476,0.5102319236016372,0.03213610586011342,374,34,1024,684,0.5
DAPT,LOGREG,72,0.1,IID_BALANCED,2116,0.005,0.9970574378967286,0.00468384074941452,0.8985197690650116,0.8947723886063872,0.9797297297297297,0.13705103969754254,0.24046434494195687,0.002835538752362949,145,3,1055,913,0.5
DAPT,LOGREG,72,0.1,TEMPORAL,2116,0.005,0.9970574378967286,0.00468384074941452,0.9193921270635459,0.9230125321164517,0.967032967032967,0.0831758034026465,0.15317667536988686,0.002835538752362949,88,3,1055,970,0.5
DAPT,LOGREG,72,0.1,DOMAIN_OOD,2116,0.005,0.9970574378967286,0.00468384074941452,0.9021989346719147,0.9096987217741503,0.9866666666666667,0.06994328922495274,0.13062665489849956,0.000945179584120983,74,1,1057,984,0.5
DAPT,LOGREG,72,0.1,TEMPLATE_OOD,2116,0.005,0.9970574378967286,0.00468384074941452,0.9087020787674623,0.9113880739419886,0.9882352941176471,0.07939508506616257,0.14698162729658792,0.000945179584120983,84,1,1057,974,0.5
DAPT,LOGREG,72,0.1,DOMAIN_TEMPLATE_OOD,2116,0.005,0.9970574378967286,0.00468384074941452,0.8872665167493934,0.8965224895565695,0.9710144927536232,0.06332703213610585,0.1188997338065661,0.001890359168241966,67,2,1056,991,0.5
DAPT,LOGREG,72,0.1,IID_BALANCED,2116,0.01,0.9886798858642579,0.00936768149882904,0.8985197690650116,0.8947723886063872,0.9699570815450643,0.21361058601134217,0.35011618900077457,0.006616257088846881,226,7,1051,832,0.5
DAPT,LOGREG,72,0.1,TEMPORAL,2116,0.01,0.9886798858642579,0.00936768149882904,0.9193921270635459,0.9230125321164517,0.9767441860465116,0.19848771266540643,0.32992930086410055,0.004725897920604915,210,5,1053,848,0.5
DAPT,LOGREG,72,0.1,DOMAIN_OOD,2116,0.01,0.9886798858642579,0.00936768149882904,0.9021989346719147,0.9096987217741503,0.9613259668508287,0.16446124763705103,0.28087167070217917,0.006616257088846881,174,7,1051,884,0.5
DAPT,LOGREG,72,0.1,TEMPLATE_OOD,2116,0.01,0.9886798858642579,0.00936768149882904,0.9087020787674623,0.9113880739419886,0.9698492462311558,0.1824196597353497,0.30708035003977724,0.005671077504725898,193,6,1052,865,0.5
DAPT,LOGREG,72,0.1,DOMAIN_TEMPLATE_OOD,2116,0.01,0.9886798858642579,0.00936768149882904,0.8872665167493934,0.8965224895565695,0.9570552147239264,0.14744801512287334,0.25552825552825553,0.006616257088846881,156,7,1051,902,0.5
DAPT,LOGREG,72,0.1,IID_BALANCED,2116,0.02,0.9563098549842836,0.01990632318501171,0.8985197690650116,0.8947723886063872,0.953125,0.40359168241965976,0.5670650730411687,0.01984877126654064,427,21,1037,631,0.5
DAPT,LOGREG,72,0.1,TEMPORAL,2116,0.02,0.9563098549842836,0.01990632318501171,0.9193921270635459,0.9230125321164517,0.972972972972973,0.3742911153119093,0.5406143344709897,0.010396975425330813,396,11,1047,662,0.5
DAPT,LOGREG,72,0.1,DOMAIN_OOD,2116,0.02,0.9563098549842836,0.01990632318501171,0.9021989346719147,0.9096987217741503,0.9577464788732394,0.32136105860113423,0.48124557678697805,0.014177693761814745,340,15,1043,718,0.5
DAPT,LOGREG,72,0.1,TEMPLATE_OOD,2116,0.02,0.9563098549842836,0.01990632318501171,0.9087020787674623,0.9113880739419886,0.9641025641025641,0.3553875236294896,0.5193370165745856,0.013232514177693762,376,14,1044,682,0.5
DAPT,LOGREG,72,0.1,DOMAIN_TEMPLATE_OOD,2116,0.02,0.9563098549842836,0.01990632318501171,0.8872665167493934,0.8965224895565695,0.9526813880126183,0.28544423440453687,0.43927272727272726,0.014177693761814745,302,15,1043,756,0.5
DAPT,XGBOOST,72,0.1,IID_BALANCED,2116,0.005,0.9973385930061341,0.00468384074941452,0.8594132432922448,0.8688523125632055,0.9532710280373832,0.09640831758034027,0.17510729613733905,0.004725897920604915,102,5,1053,956,0.5
DAPT,XGBOOST,72,0.1,TEMPORAL,2116,0.005,0.9973385930061341,0.00468384074941452,0.8768767672712854,0.8865543290654336,0.9512195121951219,0.036862003780718335,0.07097361237488627,0.001890359168241966,39,2,1056,1019,0.5
DAPT,XGBOOST,72,0.1,DOMAIN_OOD,2116,0.005,0.9973385930061341,0.00468384074941452,0.8413320865209181,0.86582023363267,0.9166666666666666,0.031190926275992438,0.0603290676416819,0.002835538752362949,33,3,1055,1025,0.5
DAPT,XGBOOST,72,0.1,TEMPLATE_OOD,2116,0.005,0.9973385930061341,0.00468384074941452,0.8677439843170807,0.8844584960745566,0.9411764705882353,0.045368620037807186,0.08656447249774572,0.002835538752362949,48,3,1055,1010,0.5
DAPT,XGBOOST,72,0.1,DOMAIN_TEMPLATE_OOD,2116,0.005,0.9973385930061341,0.00468384074941452,0.8254198918933155,0.8517827980889148,0.9032258064516129,0.026465028355387523,0.051423324150596875,0.002835538752362949,28,3,1055,1030,0.5
DAPT,XGBOOST,72,0.1,IID_BALANCED,2116,0.01,0.9952955842018129,0.00936768149882904,0.8594132432922448,0.8688523125632055,0.9526627218934911,0.15217391304347827,0.2624286878565607,0.007561436672967864,161,8,1050,897,0.5
DAPT,XGBOOST,72,0.1,TEMPORAL,2116,0.01,0.9952955842018129,0.00936768149882904,0.8768767672712854,0.8865543290654336,0.9466666666666667,0.0671077504725898,0.12533097969991175,0.003780718336483932,71,4,1054,987,0.5
DAPT,XGBOOST,72,0.1,DOMAIN_OOD,2116,0.01,0.9952955842018129,0.00936768149882904,0.8413320865209181,0.86582023363267,0.921875,0.055765595463137994,0.1051693404634581,0.004725897920604915,59,5,1053,999,0.5
DAPT,XGBOOST,72,0.1,TEMPLATE_OOD,2116,0.01,0.9952955842018129,0.00936768149882904,0.8677439843170807,0.8844584960745566,0.9473684210526315,0.08506616257088846,0.15611448395490027,0.004725897920604915,90,5,1053,968,0.5
DAPT,XGBOOST,72,0.1,DOMAIN_TEMPLATE_OOD,2116,0.01,0.9952955842018129,0.00936768149882904,0.8254198918933155,0.8517827980889148,0.90625,0.054820415879017016,0.10338680926916222,0.005671077504725898,58,6,1052,1000,0.5
DAPT,XGBOOST,72,0.1,IID_BALANCED,2116,0.02,0.9884444475173951,0.01990632318501171,0.8594132432922448,0.8688523125632055,0.9172413793103448,0.2514177693761815,0.39465875370919884,0.022684310018903593,266,24,1034,792,0.5
DAPT,XGBOOST,72,0.1,TEMPORAL,2116,0.02,0.9884444475173951,0.01990632318501171,0.8768767672712854,0.8865543290654336,0.965,0.1824196597353497,0.3068362480127186,0.006616257088846881,193,7,1051,865,0.5
DAPT,XGBOOST,72,0.1,DOMAIN_OOD,2116,0.02,0.9884444475173951,0.01990632318501171,0.8413320865209181,0.86582023363267,0.9146341463414634,0.14177693761814744,0.24549918166939444,0.013232514177693762,150,14,1044,908,0.5
DAPT,XGBOOST,72,0.1,TEMPLATE_OOD,2116,0.02,0.9884444475173951,0.01990632318501171,0.8677439843170807,0.8844584960745566,0.9476190476190476,0.1880907372400756,0.3138801261829653,0.010396975425330813,199,11,1047,859,0.5
DAPT,XGBOOST,72,0.1,DOMAIN_TEMPLATE_OOD,2116,0.02,0.9884444475173951,0.01990632318501171,0.8254198918933155,0.8517827980889148,0.9142857142857143,0.12098298676748583,0.21368948247078465,0.011342155009451797,128,12,1046,930,0.5
DAPT,MLP,72,0.1,IID_BALANCED,2116,0.005,0.9964710474014283,0.00468384074941452,0.8916489762622426,0.8898856850854592,0.9758064516129032,0.11436672967863894,0.20473773265651438,0.002835538752362949,121,3,1055,937,0.5
DAPT,MLP,72,0.1,TEMPORAL,2116,0.005,0.9964710474014283,0.00468384074941452,0.9166821143347893,0.916937653882026,0.9874213836477987,0.14839319470699433,0.2580115036976171,0.001890359168241966,157,2,1056,901,0.5
DAPT,MLP,72,0.1,DOMAIN_OOD,2116,0.005,0.9964710474014283,0.00468384074941452,0.8910887279617815,0.9002281652795696,0.96,0.09073724007561437,0.16580310880829016,0.003780718336483932,96,4,1054,962,0.5
DAPT,MLP,72,0.1,TEMPLATE_OOD,2116,0.005,0.9964710474014283,0.00468384074941452,0.9067748045744661,0.9069167848885618,0.987012987012987,0.14366729678638943,0.2508250825082508,0.001890359168241966,152,2,1056,906,0.5
DAPT,MLP,72,0.1,DOMAIN_TEMPLATE_OOD,2116,0.005,0.9964710474014283,0.00468384074941452,0.8738118901165278,0.8830943285651495,0.9795918367346939,0.09073724007561437,0.16608996539792387,0.001890359168241966,96,2,1056,962,0.5
DAPT,MLP,72,0.1,IID_BALANCED,2116,0.01,0.9852277040481568,0.00936768149882904,0.8916489762622426,0.8898856850854592,0.9712041884816754,0.3506616257088847,0.5152777777777777,0.010396975425330813,371,11,1047,687,0.5
DAPT,MLP,72,0.1,TEMPORAL,2116,0.01,0.9852277040481568,0.00936768149882904,0.9166821143347893,0.916937653882026,0.9846153846153847,0.30245746691871456,0.462762111352133,0.004725897920604915,320,5,1053,738,0.5
DAPT,MLP,72,0.1,DOMAIN_OOD,2116,0.01,0.9852277040481568,0.00936768149882904,0.8910887279617815,0.9002281652795696,0.9669117647058824,0.2485822306238185,0.3954887218045113,0.008506616257088847,263,9,1049,795,0.5
DAPT,MLP,72,0.1,TEMPLATE_OOD,2116,0.01,0.9852277040481568,0.00936768149882904,0.9067748045744661,0.9069167848885618,0.98125,0.29678638941398866,0.45573294629898403,0.005671077504725898,314,6,1052,744,0.5
DAPT,MLP,72,0.1,DOMAIN_TEMPLATE_OOD,2116,0.01,0.9852277040481568,0.00936768149882904,0.8738118901165278,0.8830943285651495,0.9649122807017544,0.20793950850661624,0.3421461897356143,0.007561436672967864,220,8,1050,838,0.5
DAPT,MLP,72,0.1,IID_BALANCED,2116,0.02,0.915974795818329,0.01990632318501171,0.8916489762622426,0.8898856850854592,0.9239669421487603,0.5283553875236295,0.672279013830427,0.043478260869565216,559,46,1012,499,0.5
DAPT,MLP,72,0.1,TEMPORAL,2116,0.02,0.915974795818329,0.01990632318501171,0.9166821143347893,0.916937653882026,0.9619047619047619,0.4773156899810964,0.6380290587492103,0.01890359168241966,505,20,1038,553,0.5
DAPT,MLP,72,0.1,DOMAIN_OOD,2116,0.02,0.915974795818329,0.01990632318501171,0.8910887279617815,0.9002281652795696,0.9404255319148936,0.41776937618147447,0.5785340314136126,0.026465028355387523,442,28,1030,616,0.5
DAPT,MLP,72,0.1,TEMPLATE_OOD,2116,0.02,0.915974795818329,0.01990632318501171,0.9067748045744661,0.9069167848885618,0.9523809523809523,0.45368620037807184,0.614596670934699,0.022684310018903593,480,24,1034,578,0.5
DAPT,MLP,72,0.1,DOMAIN_TEMPLATE_OOD,2116,0.02,0.915974795818329,0.01990632318501171,0.8738118901165278,0.8830943285651495,0.9228971962616822,0.3733459357277883,0.531628532974428,0.031190926275992438,395,33,1025,663,0.5
CONTRASTIVE,LOGREG,72,0.1,IID_BALANCED,2116,0.005,0.991140127182007,0.00468384074941452,0.8196706596953718,0.8194144174727791,0.9479768786127167,0.15500945179584122,0.26645004061738425,0.008506616257088847,164,9,1049,894,0.5
CONTRASTIVE,LOGREG,72,0.1,TEMPORAL,2116,0.005,0.991140127182007,0.00468384074941452,0.813655653271484,0.8140104559374788,0.948905109489051,0.12287334593572778,0.2175732217573222,0.006616257088846881,130,7,1051,928,0.5
CONTRASTIVE,LOGREG,72,0.1,DOMAIN_OOD,2116,0.005,0.991140127182007,0.00468384074941452,0.7781145557493448,0.7759397300609988,0.9473684210526315,0.10207939508506617,0.18430034129692832,0.005671077504725898,108,6,1052,950,0.5
CONTRASTIVE,LOGREG,72,0.1,TEMPLATE_OOD,2116,0.005,0.991140127182007,0.00468384074941452,0.8250759836255299,0.8168048999253148,0.9580838323353293,0.15122873345935728,0.2612244897959184,0.006616257088846881,160,7,1051,898,0.5
CONTRASTIVE,LOGREG,72,0.1,DOMAIN_TEMPLATE_OOD,2116,0.005,0.991140127182007,0.00468384074941452,0.7729777209322045,0.773586608109605,0.9215686274509803,0.0888468809073724,0.16206896551724137,0.007561436672967864,94,8,1050,964,0.5
CONTRASTIVE,LOGREG,72,0.1,IID_BALANCED,2116,0.01,0.9863097071647645,0.00936768149882904,0.8196706596953718,0.8194144174727791,0.9205607476635514,0.18620037807183365,0.30974842767295596,0.01606805293005671,197,17,1041,861,0.5
CONTRASTIVE,LOGREG,72,0.1,TEMPORAL,2116,0.01,0.9863097071647645,0.00936768149882904,0.813655653271484,0.8140104559374788,0.9375,0.15595463137996218,0.26742301458670986,0.010396975425330813,165,11,1047,893,0.5
CONTRASTIVE,LOGREG,72,0.1,DOMAIN_OOD,2116,0.01,0.9863097071647645,0.00936768149882904,0.7781145557493448,0.7759397300609988,0.9241379310344827,0.1266540642722117,0.2227763923524522,0.010396975425330813,134,11,1047,924,0.5
CONTRASTIVE,LOGREG,72,0.1,TEMPLATE_OOD,2116,0.01,0.9863097071647645,0.00936768149882904,0.8250759836255299,0.8168048999253148,0.95,0.17958412098298676,0.302066772655008,0.00945179584120983,190,10,1048,868,0.5
CONTRASTIVE,LOGREG,72,0.1,DOMAIN_TEMPLATE_OOD,2116,0.01,0.9863097071647645,0.00936768149882904,0.7729777209322045,0.773586608109605,0.921875,0.11153119092627599,0.19898819561551434,0.00945179584120983,118,10,1048,940,0.5
CONTRASTIVE,LOGREG,72,0.1,IID_BALANCED,2116,0.02,0.9739800691604615,0.01990632318501171,0.8196706596953718,0.8194144174727791,0.9158249158249159,0.2570888468809074,0.4014760147601476,0.023629489603024575,272,25,1033,786,0.5
CONTRASTIVE,LOGREG,72,0.1,TEMPORAL,2116,0.02,0.9739800691604615,0.01990632318501171,0.813655653271484,0.8140104559374788,0.9196787148594378,0.21644612476370512,0.35042081101759753,0.01890359168241966,229,20,1038,829,0.5
CONTRASTIVE,LOGREG,72,0.1,DOMAIN_OOD,2116,0.02,0.9739800691604615,0.01990632318501171,0.7781145557493448,0.7759397300609988,0.8826530612244898,0.16351606805293006,0.2759170653907496,0.021739130434782608,173,23,1035,885,0.5
CONTRASTIVE,LOGREG,72,0.1,TEMPLATE_OOD,2116,0.02,0.9739800691604615,0.01990632318501171,0.8250759836255299,0.8168048999253148,0.9384615384615385,0.23062381852551986,0.37025796661608495,0.015122873345935728,244,16,1042,814,0.5
CONTRASTIVE,LOGREG,72,0.1,DOMAIN_TEMPLATE_OOD,2116,0.02,0.9739800691604615,0.01990632318501171,0.7729777209322045,0.773586608109605,0.8900523560209425,0.16068052930056712,0.2722177742193755,0.01984877126654064,170,21,1037,888,0.5
CONTRASTIVE,XGBOOST,72,0.1,IID_BALANCED,2116,0.005,0.9850608706474305,0.00468384074941452,0.8037611680715591,0.8010664984759203,0.9508196721311475,0.10964083175803403,0.19661016949152543,0.005671077504725898,116,6,1052,942,0.5
CONTRASTIVE,XGBOOST,72,0.1,TEMPORAL,2116,0.005,0.9850608706474305,0.00468384074941452,0.8106598744799911,0.8063346686153923,0.9310344827586207,0.10207939508506617,0.1839863713798978,0.007561436672967864,108,8,1050,950,0.5
CONTRASTIVE,XGBOOST,72,0.1,DOMAIN_OOD,2116,0.005,0.9850608706474305,0.00468384074941452,0.7883176320428391,0.7737054255809548,0.967032967032967,0.0831758034026465,0.15317667536988686,0.002835538752362949,88,3,1055,970,0.5
CONTRASTIVE,XGBOOST,72,0.1,TEMPLATE_OOD,2116,0.005,0.9850608706474305,0.00468384074941452,0.822327165030284,0.8073397036174114,0.9568965517241379,0.10491493383742911,0.1890971039182283,0.004725897920604915,111,5,1053,947,0.5
CONTRASTIVE,XGBOOST,72,0.1,DOMAIN_TEMPLATE_OOD,2116,0.005,0.9850608706474305,0.00468384074941452,0.7892581873333739,0.7791629889830296,0.9710144927536232,0.06332703213610585,0.1188997338065661,0.001890359168241966,67,2,1056,991,0.5
CONTRASTIVE,XGBOOST,72,0.1,IID_BALANCED,2116,0.01,0.9762983322143556,0.00936768149882904,0.8037611680715591,0.8010664984759203,0.9272727272727272,0.1446124763705104,0.25020441537203597,0.011342155009451797,153,12,1046,905,0.5
CONTRASTIVE,XGBOOST,72,0.1,TEMPORAL,2116,0.01,0.9762983322143556,0.00936768149882904,0.8106598744799911,0.8063346686153923,0.9235294117647059,0.14839319470699433,0.255700325732899,0.012287334593572778,157,13,1045,901,0.5
CONTRASTIVE,XGBOOST,72,0.1,DOMAIN_OOD,2116,0.01,0.9762983322143556,0.00936768149882904,0.7883176320428391,0.7737054255809548,0.920863309352518,0.12098298676748583,0.21386800334168754,0.010396975425330813,128,11,1047,930,0.5
CONTRASTIVE,XGBOOST,72,0.1,TEMPLATE_OOD,2116,0.01,0.9762983322143556,0.00936768149882904,0.822327165030284,0.8073397036174114,0.9567567567567568,0.16729678638941398,0.2847948511665326,0.007561436672967864,177,8,1050,881,0.5
CONTRASTIVE,XGBOOST,72,0.1,DOMAIN_TEMPLATE_OOD,2116,0.01,0.9762983322143556,0.00936768149882904,0.7892581873333739,0.7791629889830296,0.9345794392523364,0.0945179584120983,0.17167381974248927,0.006616257088846881,100,7,1051,958,0.5
CONTRASTIVE,XGBOOST,72,0.1,IID_BALANCED,2116,0.02,0.9471099972724916,0.01990632318501171,0.8037611680715591,0.8010664984759203,0.8989169675090253,0.23534971644612476,0.37303370786516854,0.026465028355387523,249,28,1030,809,0.5
CONTRASTIVE,XGBOOST,72,0.1,TEMPORAL,2116,0.02,0.9471099972724916,0.01990632318501171,0.8106598744799911,0.8063346686153923,0.9055944055944056,0.2448015122873346,0.3854166666666667,0.02551984877126654,259,27,1031,799,0.5
CONTRASTIVE,XGBOOST,72,0.1,DOMAIN_OOD,2116,0.02,0.9471099972724916,0.01990632318501171,0.7883176320428391,0.7737054255809548,0.9142857142857143,0.21172022684310018,0.34382194934765925,0.01984877126654064,224,21,1037,834,0.5
CONTRASTIVE,XGBOOST,72,0.1,TEMPLATE_OOD,2116,0.02,0.9471099972724916,0.01990632318501171,0.822327165030284,0.8073397036174114,0.9273927392739274,0.2655954631379962,0.4129316678912564,0.020793950850661626,281,22,1036,777,0.5
CONTRASTIVE,XGBOOST,72,0.1,DOMAIN_TEMPLATE_OOD,2116,0.02,0.9471099972724916,0.01990632318501171,0.7892581873333739,0.7791629889830296,0.9009433962264151,0.18052930056710775,0.30078740157480316,0.01984877126654064,191,21,1037,867,0.5
CONTRASTIVE,MLP,72,0.1,IID_BALANCED,2116,0.005,0.9990768432617189,0.00468384074941452,0.8412058068198993,0.8468880542879706,0.950354609929078,0.1266540642722117,0.22351959966638865,0.006616257088846881,134,7,1051,924,0.5
CONTRASTIVE,MLP,72,0.1,TEMPORAL,2116,0.005,0.9990768432617189,0.00468384074941452,0.8292844191731631,0.8220096411891038,0.9565217391304348,0.10396975425330812,0.1875532821824382,0.004725897920604915,110,5,1053,948,0.5
CONTRASTIVE,MLP,72,0.1,DOMAIN_OOD,2116,0.005,0.9990768432617189,0.00468384074941452,0.7983469924754529,0.7862102944171869,0.9466666666666667,0.0671077504725898,0.12533097969991175,0.003780718336483932,71,4,1054,987,0.5
CONTRASTIVE,MLP,72,0.1,TEMPLATE_OOD,2116,0.005,0.9990768432617189,0.00468384074941452,0.8328614448150474,0.8185210530265401,0.9659863945578231,0.1342155009451796,0.23568464730290456,0.004725897920604915,142,5,1053,916,0.5
CONTRASTIVE,MLP,72,0.1,DOMAIN_TEMPLATE_OOD,2116,0.005,0.9990768432617189,0.00468384074941452,0.7926341089957579,0.7846357395806904,0.9384615384615385,0.057655954631379965,0.10863757791629564,0.003780718336483932,61,4,1054,997,0.5
CONTRASTIVE,MLP,72,0.1,IID_BALANCED,2116,0.01,0.9980430603027345,0.00936768149882904,0.8412058068198993,0.8468880542879706,0.9396984924623115,0.1767485822306238,0.2975338106603023,0.011342155009451797,187,12,1046,871,0.5
CONTRASTIVE,MLP,72,0.1,TEMPORAL,2116,0.01,0.9980430603027345,0.00936768149882904,0.8292844191731631,0.8220096411891038,0.9333333333333333,0.14555765595463138,0.2518397383483238,0.010396975425330813,154,11,1047,904,0.5
CONTRASTIVE,MLP,72,0.1,DOMAIN_OOD,2116,0.01,0.9980430603027345,0.00936768149882904,0.7983469924754529,0.7862102944171869,0.9568965517241379,0.10491493383742911,0.1890971039182283,0.004725897920604915,111,5,1053,947,0.5
CONTRASTIVE,MLP,72,0.1,TEMPLATE_OOD,2116,0.01,0.9980430603027345,0.00936768149882904,0.8328614448150474,0.8185210530265401,0.9574468085106383,0.17013232514177692,0.28892455858747995,0.007561436672967864,180,8,1050,878,0.5
CONTRASTIVE,MLP,72,0.1,DOMAIN_TEMPLATE_OOD,2116,0.01,0.9980430603027345,0.00936768149882904,0.7926341089957579,0.7846357395806904,0.9615384615384616,0.0945179584120983,0.1721170395869191,0.003780718336483932,100,4,1054,958,0.5
CONTRASTIVE,MLP,72,0.1,IID_BALANCED,2116,0.02,0.9947276711463929,0.01990632318501171,0.8412058068198993,0.8468880542879706,0.9387755102040817,0.2608695652173913,0.40828402366863903,0.017013232514177693,276,18,1040,782,0.5
CONTRASTIVE,MLP,72,0.1,TEMPORAL,2116,0.02,0.9947276711463929,0.01990632318501171,0.8292844191731631,0.8220096411891038,0.9307359307359307,0.20321361058601134,0.3335919317300233,0.015122873345935728,215,16,1042,843,0.5
CONTRASTIVE,MLP,72,0.1,DOMAIN_OOD,2116,0.02,0.9947276711463929,0.01990632318501171,0.7983469924754529,0.7862102944171869,0.93048128342246,0.16446124763705103,0.27951807228915665,0.012287334593572778,174,13,1045,884,0.5
CONTRASTIVE,MLP,72,0.1,TEMPLATE_OOD,2116,0.02,0.9947276711463929,0.01990632318501171,0.8328614448150474,0.8185210530265401,0.9446640316205533,0.22589792060491493,0.36460717009916094,0.013232514177693762,239,14,1044,819,0.5
CONTRASTIVE,MLP,72,0.1,DOMAIN_TEMPLATE_OOD,2116,0.02,0.9947276711463929,0.01990632318501171,0.7926341089957579,0.7846357395806904,0.9135802469135802,0.13988657844990549,0.24262295081967214,0.013232514177693762,148,14,1044,910,0.5
BASE,LOGREG,72,0.25,IID_BALANCED,2116,0.005,0.9989858269691468,0.00468384074941452,0.9192824981563628,0.9118597703696026,0.989247311827957,0.17391304347826086,0.2958199356913183,0.001890359168241966,184,2,1056,874,0.5
BASE,LOGREG,72,0.25,TEMPORAL,2116,0.005,0.9989858269691468,0.00468384074941452,0.9469419866222504,0.9440450112742594,0.9903846153846154,0.1947069943289225,0.325434439178515,0.001890359168241966,206,2,1056,852,0.5
BASE,LOGREG,72,0.25,DOMAIN_OOD,2116,0.005,0.9989858269691468,0.00468384074941452,0.9278506262576114,0.9316428793493449,0.9761904761904762,0.15500945179584122,0.26753670473083196,0.003780718336483932,164,4,1054,894,0.5
BASE,LOGREG,72,0.25,TEMPLATE_OOD,2116,0.005,0.9989858269691468,0.00468384074941452,0.9347571933943641,0.934000914805193,0.9877300613496932,0.15217391304347827,0.26371826371826373,0.001890359168241966,161,2,1056,897,0.5
BASE,LOGREG,72,0.25,DOMAIN_TEMPLATE_OOD,2116,0.005,0.9989858269691468,0.00468384074941452,0.9202513488759085,0.9206647703517354,0.9878787878787879,0.15406427221172023,0.26655764513491415,0.001890359168241966,163,2,1056,895,0.5
BASE,LOGREG,72,0.25,IID_BALANCED,2116,0.01,0.9923676848411561,0.00936768149882904,0.9192824981563628,0.9118597703696026,0.9841772151898734,0.2939508506616257,0.45269286754002913,0.004725897920604915,311,5,1053,747,0.5
BASE,LOGREG,72,0.25,TEMPORAL,2116,0.01,0.9923676848411561,0.00936768149882904,0.9469419866222504,0.9440450112742594,0.981941309255079,0.4111531190926276,0.5796135909393737,0.007561436672967864,435,8,1050,623,0.5
BASE,LOGREG,72,0.25,DOMAIN_OOD,2116,0.01,0.9923676848411561,0.00936768149882904,0.9278506262576114,0.9316428793493449,0.9738717339667459,0.387523629489603,0.5544286680189318,0.010396975425330813,410,11,1047,648,0.5
BASE,LOGREG,72,0.25,TEMPLATE_OOD,2116,0.01,0.9923676848411561,0.00936768149882904,0.9347571933943641,0.934000914805193,0.9692671394799054,0.387523629489603,0.5536799459824443,0.012287334593572778,410,13,1045,648,0.5
BASE,LOGREG,72,0.25,DOMAIN_TEMPLATE_OOD,2116,0.01,0.9923676848411561,0.00936768149882904,0.9202513488759085,0.9206647703517354,0.9760191846522782,0.3846880907372401,0.551864406779661,0.00945179584120983,407,10,1048,651,0.5
BASE,LOGREG,72,0.25,IID_BALANCED,2116,0.02,0.9624411463737489,0.01990632318501171,0.9192824981563628,0.9118597703696026,0.9681274900398407,0.45935727788279773,0.6230769230769231,0.015122873345935728,486,16,1042,572,0.5
BASE,LOGREG,72,0.25,TEMPORAL,2116,0.02,0.9624411463737489,0.01990632318501171,0.9469419866222504,0.9440450112742594,0.9788617886178862,0.5689981096408318,0.7196652719665272,0.012287334593572778,602,13,1045,456,0.5
BASE,LOGREG,72,0.25,DOMAIN_OOD,2116,0.02,0.9624411463737489,0.01990632318501171,0.9278506262576114,0.9316428793493449,0.9579967689822294,0.5604914933837429,0.7072152653548003,0.024574669187145556,593,26,1032,465,0.5
BASE,LOGREG,72,0.25,TEMPLATE_OOD,2116,0.02,0.9624411463737489,0.01990632318501171,0.9347571933943641,0.934000914805193,0.9595959595959596,0.5387523629489603,0.6900726392251816,0.022684310018903593,570,24,1034,488,0.5
BASE,LOGREG,72,0.25,DOMAIN_TEMPLATE_OOD,2116,0.02,0.9624411463737489,0.01990632318501171,0.9202513488759085,0.9206647703517354,0.9521367521367521,0.5264650283553876,0.6780279975654291,0.026465028355387523,557,28,1030,501,0.5
BASE,XGBOOST,72,0.25,IID_BALANCED,2116,0.005,0.9952510595321656,0.00468384074941452,0.9069661263381732,0.9030878248719808,0.984472049689441,0.2996219281663516,0.45942028985507244,0.004725897920604915,317,5,1053,741,0.5
BASE,XGBOOST,72,0.25,TEMPORAL,2116,0.005,0.9952510595321656,0.00468384074941452,0.916580896631541,0.9188405201525152,0.982532751091703,0.21266540642722118,0.34965034965034963,0.003780718336483932,225,4,1054,833,0.5
BASE,XGBOOST,72,0.25,DOMAIN_OOD,2116,0.005,0.9952510595321656,0.00468384074941452,0.885022558588096,0.8926881693533113,0.9666666666666667,0.10964083175803403,0.1969439728353141,0.003780718336483932,116,4,1054,942,0.5
BASE,XGBOOST,72,0.25,TEMPLATE_OOD,2116,0.005,0.9952510595321656,0.00468384074941452,0.90113528228548,0.9038632652113164,0.981651376146789,0.20226843100189035,0.335423197492163,0.003780718336483932,214,4,1054,844,0.5
BASE,XGBOOST,72,0.25,DOMAIN_TEMPLATE_OOD,2116,0.005,0.9952510595321656,0.00468384074941452,0.8747946093949908,0.8837893661043236,0.9689922480620154,0.11814744801512288,0.21061499578770007,0.003780718336483932,125,4,1054,933,0.5
BASE,XGBOOST,72,0.25,IID_BALANCED,2116,0.01,0.9933007955551149,0.00936768149882904,0.9069661263381732,0.9030878248719808,0.9857549857549858,0.3270321361058601,0.49112845990063875,0.004725897920604915,346,5,1053,712,0.5
BASE,XGBOOST,72,0.25,TEMPORAL,2116,0.01,0.9933007955551149,0.00936768149882904,0.916580896631541,0.9188405201525152,0.9814814814814815,0.2504725897920605,0.3990963855421687,0.004725897920604915,265,5,1053,793,0.5
BASE,XGBOOST,72,0.25,DOMAIN_OOD,2116,0.01,0.9933007955551149,0.00936768149882904,0.885022558588096,0.8926881693533113,0.9731543624161074,0.13705103969754254,0.24026512013256007,0.003780718336483932,145,4,1054,913,0.5
BASE,XGBOOST,72,0.25,TEMPLATE_OOD,2116,0.01,0.9933007955551149,0.00936768149882904,0.90113528228548,0.9038632652113164,0.9803921568627451,0.23629489603024575,0.38080731150038083,0.004725897920604915,250,5,1053,808,0.5
BASE,XGBOOST,72,0.25,DOMAIN_TEMPLATE_OOD,2116,0.01,0.9933007955551149,0.00936768149882904,0.8747946093949908,0.8837893661043236,0.967948717948718,0.14272211720226843,0.2487644151565074,0.004725897920604915,151,5,1053,907,0.5
BASE,XGBOOST,72,0.25,IID_BALANCED,2116,0.02,0.964436173439026,0.01990632318501171,0.9069661263381732,0.9030878248719808,0.9607072691552063,0.4621928166351607,0.624122527121889,0.01890359168241966,489,20,1038,569,0.5
BASE,XGBOOST,72,0.25,TEMPORAL,2116,0.02,0.964436173439026,0.01990632318501171,0.916580896631541,0.9188405201525152,0.963855421686747,0.45368620037807184,0.6169665809768637,0.017013232514177693,480,18,1040,578,0.5
BASE,XGBOOST,72,0.25,DOMAIN_OOD,2116,0.02,0.964436173439026,0.01990632318501171,0.885022558588096,0.8926881693533113,0.9433497536945813,0.3620037807183365,0.523224043715847,0.021739130434782608,383,23,1035,675,0.5
BASE,XGBOOST,72,0.25,TEMPLATE_OOD,2116,0.02,0.964436173439026,0.01990632318501171,0.90113528228548,0.9038632652113164,0.9386503067484663,0.43383742911153117,0.5934065934065934,0.02835538752362949,459,30,1028,599,0.5
BASE,XGBOOST,72,0.25,DOMAIN_TEMPLATE_OOD,2116,0.02,0.964436173439026,0.01990632318501171,0.8747946093949908,0.8837893661043236,0.925,0.3497164461247637,0.5075445816186557,0.02835538752362949,370,30,1028,688,0.5
BASE,MLP,72,0.25,IID_BALANCED,2116,0.005,0.994399130344391,0.00468384074941452,0.9217646240426969,0.9135562694530108,0.9901234567901235,0.3790170132325142,0.5481886534518113,0.003780718336483932,401,4,1054,657,0.5
BASE,MLP,72,0.25,TEMPORAL,2116,0.005,0.994399130344391,0.00468384074941452,0.9379204249934787,0.9324303801087045,0.9870801033591732,0.3610586011342155,0.528719723183391,0.004725897920604915,382,5,1053,676,0.5
BASE,MLP,72,0.25,DOMAIN_OOD,2116,0.005,0.994399130344391,0.00468384074941452,0.9148584995880611,0.9135357220707473,0.9743589743589743,0.28733459357277885,0.44379562043795623,0.007561436672967864,304,8,1050,754,0.5
BASE,MLP,72,0.25,TEMPLATE_OOD,2116,0.005,0.994399130344391,0.00468384074941452,0.932379626027742,0.9268486390486026,0.9813829787234043,0.3487712665406427,0.5146443514644351,0.006616257088846881,369,7,1051,689,0.5
BASE,MLP,72,0.25,DOMAIN_TEMPLATE_OOD,2116,0.005,0.994399130344391,0.00468384074941452,0.906748469245292,0.9053873449566004,0.9697986577181208,0.2731568998109641,0.42625368731563423,0.008506616257088847,289,9,1049,769,0.5
BASE,MLP,72,0.25,IID_BALANCED,2116,0.01,0.982609510421753,0.00936768149882904,0.9217646240426969,0.9135562694530108,0.9779116465863453,0.4603024574669187,0.6259640102827764,0.010396975425330813,487,11,1047,571,0.5
BASE,MLP,72,0.25,TEMPORAL,2116,0.01,0.982609510421753,0.00936768149882904,0.9379204249934787,0.9324303801087045,0.9847328244274809,0.4877126654064272,0.6523388116308471,0.007561436672967864,516,8,1050,542,0.5
BASE,MLP,72,0.25,DOMAIN_OOD,2116,0.01,0.982609510421753,0.00936768149882904,0.9148584995880611,0.9135357220707473,0.964509394572025,0.43667296786389415,0.6011711125569291,0.01606805293005671,462,17,1041,596,0.5
BASE,MLP,72,0.25,TEMPLATE_OOD,2116,0.01,0.982609510421753,0.00936768149882904,0.932379626027742,0.9268486390486026,0.980544747081712,0.4763705103969754,0.6412213740458015,0.00945179584120983,504,10,1048,554,0.5
BASE,MLP,72,0.25,DOMAIN_TEMPLATE_OOD,2116,0.01,0.982609510421753,0.00936768149882904,0.906748469245292,0.9053873449566004,0.9666666666666667,0.4111531190926276,0.5769230769230769,0.014177693761814745,435,15,1043,623,0.5
BASE,MLP,72,0.25,IID_BALANCED,2116,0.02,0.938300132751465,0.01990632318501171,0.9217646240426969,0.9135562694530108,0.96,0.5671077504725898,0.7130124777183601,0.023629489603024575,600,25,1033,458,0.5
BASE,MLP,72,0.25,TEMPORAL,2116,0.02,0.938300132751465,0.01990632318501171,0.9379204249934787,0.9324303801087045,0.9694656488549618,0.6001890359168242,0.7413893753648569,0.01890359168241966,635,20,1038,423,0.5
BASE,MLP,72,0.25,DOMAIN_OOD,2116,0.02,0.938300132751465,0.01990632318501171,0.9148584995880611,0.9135357220707473,0.9477124183006536,0.5482041587901701,0.6946107784431138,0.030245746691871456,580,32,1026,478,0.5
BASE,MLP,72,0.25,TEMPLATE_OOD,2116,0.02,0.938300132751465,0.01990632318501171,0.932379626027742,0.9268486390486026,0.967032967032967,0.5822306238185255,0.7268436578171091,0.01984877126654064,616,21,1037,442,0.5
BASE,MLP,72,0.25,DOMAIN_TEMPLATE_OOD,2116,0.02,0.938300132751465,0.01990632318501171,0.906748469245292,0.9053873449566004,0.9413793103448276,0.5160680529300568,0.6666666666666666,0.03213610586011342,546,34,1024,512,0.5
DAPT,LOGREG,72,0.25,IID_BALANCED,2116,0.005,0.9977443218231202,0.00468384074941452,0.9167264134885829,0.9069694933908898,1.0,0.16918714555765596,0.28940986257073564,0.0,179,0,1058,879,0.5
DAPT,LOGREG,72,0.25,TEMPORAL,2116,0.005,0.9977443218231202,0.00468384074941452,0.9392859126220681,0.9410039986992615,0.9736842105263158,0.13988657844990549,0.24462809917355371,0.003780718336483932,148,4,1054,910,0.5
DAPT,LOGREG,72,0.25,DOMAIN_OOD,2116,0.005,0.9977443218231202,0.00468384074941452,0.9259969612518546,0.9289989672707001,0.9924812030075187,0.12476370510396975,0.2216624685138539,0.000945179584120983,132,1,1057,926,0.5
DAPT,LOGREG,72,0.25,TEMPLATE_OOD,2116,0.005,0.9977443218231202,0.00468384074941452,0.9277228287248676,0.9281985127268699,0.9798657718120806,0.13799621928166353,0.24192212096106047,0.002835538752362949,146,3,1055,912,0.5
DAPT,LOGREG,72,0.25,DOMAIN_TEMPLATE_OOD,2116,0.005,0.9977443218231202,0.00468384074941452,0.9082120764926341,0.9142647074588784,0.9658119658119658,0.10680529300567108,0.19234042553191488,0.003780718336483932,113,4,1054,945,0.5
DAPT,LOGREG,72,0.25,IID_BALANCED,2116,0.01,0.9932118058204652,0.00936768149882904,0.9167264134885829,0.9069694933908898,0.9892086330935251,0.2599243856332703,0.4116766467065868,0.002835538752362949,275,3,1055,783,0.5
DAPT,LOGREG,72,0.25,TEMPORAL,2116,0.01,0.9932118058204652,0.00936768149882904,0.9392859126220681,0.9410039986992615,0.9855595667870036,0.2580340264650284,0.40898876404494383,0.003780718336483932,273,4,1054,785,0.5
DAPT,LOGREG,72,0.25,DOMAIN_OOD,2116,0.01,0.9932118058204652,0.00936768149882904,0.9259969612518546,0.9289989672707001,0.9786324786324786,0.21644612476370512,0.3544891640866873,0.004725897920604915,229,5,1053,829,0.5
DAPT,LOGREG,72,0.25,TEMPLATE_OOD,2116,0.01,0.9932118058204652,0.00936768149882904,0.9277228287248676,0.9281985127268699,0.9803921568627451,0.23629489603024575,0.38080731150038083,0.004725897920604915,250,5,1053,808,0.5
DAPT,LOGREG,72,0.25,DOMAIN_TEMPLATE_OOD,2116,0.01,0.9932118058204652,0.00936768149882904,0.9082120764926341,0.9142647074588784,0.9710144927536232,0.1899810964083176,0.31778656126482213,0.005671077504725898,201,6,1052,857,0.5
DAPT,LOGREG,72,0.25,IID_BALANCED,2116,0.02,0.9514523148536683,0.01990632318501171,0.9167264134885829,0.9069694933908898,0.9697508896797153,0.5151228733459358,0.6728395061728395,0.01606805293005671,545,17,1041,513,0.5
DAPT,LOGREG,72,0.25,TEMPORAL,2116,0.02,0.9514523148536683,0.01990632318501171,0.9392859126220681,0.9410039986992615,0.9807321772639692,0.4810964083175803,0.6455294863665187,0.00945179584120983,509,10,1048,549,0.5
DAPT,LOGREG,72,0.25,DOMAIN_OOD,2116,0.02,0.9514523148536683,0.01990632318501171,0.9259969612518546,0.9289989672707001,0.9651416122004357,0.41871455576559546,0.5840474620962426,0.015122873345935728,443,16,1042,615,0.5
DAPT,LOGREG,72,0.25,TEMPLATE_OOD,2116,0.02,0.9514523148536683,0.01990632318501171,0.9277228287248676,0.9281985127268699,0.96875,0.43950850661625707,0.6046814044213265,0.014177693761814745,465,15,1043,593,0.5
DAPT,LOGREG,72,0.25,DOMAIN_TEMPLATE_OOD,2116,0.02,0.9514523148536683,0.01990632318501171,0.9082120764926341,0.9142647074588784,0.9564164648910412,0.3733459357277883,0.5370496261046906,0.017013232514177693,395,18,1040,663,0.5
DAPT,XGBOOST,72,0.25,IID_BALANCED,2116,0.005,0.9956238865852357,0.00468384074941452,0.9021704773399443,0.8962786010627463,0.9800664451827242,0.27882797731569,0.43414275202354674,0.005671077504725898,295,6,1052,763,0.5
DAPT,XGBOOST,72,0.25,TEMPORAL,2116,0.005,0.9956238865852357,0.00468384074941452,0.9164595623782803,0.9139305891559848,0.9898477157360406,0.1843100189035917,0.3107569721115538,0.001890359168241966,195,2,1056,863,0.5
DAPT,XGBOOST,72,0.25,DOMAIN_OOD,2116,0.005,0.9956238865852357,0.00468384074941452,0.8903738387824768,0.8970192001886785,0.9924242424242424,0.12381852551984877,0.22016806722689075,0.000945179584120983,131,1,1057,927,0.5
DAPT,XGBOOST,72,0.25,TEMPLATE_OOD,2116,0.005,0.9956238865852357,0.00468384074941452,0.9098787196754318,0.9092466793643532,0.9902439024390244,0.19187145557655955,0.32145684877276326,0.001890359168241966,203,2,1056,855,0.5
DAPT,XGBOOST,72,0.25,DOMAIN_TEMPLATE_OOD,2116,0.005,0.9956238865852357,0.00468384074941452,0.8742878961060105,0.8834391672413978,0.9770992366412213,0.12098298676748583,0.21530698065601345,0.002835538752362949,128,3,1055,930,0.5
DAPT,XGBOOST,72,0.25,IID_BALANCED,2116,0.01,0.9907273054122926,0.00936768149882904,0.9021704773399443,0.8962786010627463,0.9714964370546318,0.38657844990548207,0.5530764029749831,0.011342155009451797,409,12,1046,649,0.5
DAPT,XGBOOST,72,0.25,TEMPORAL,2116,0.01,0.9907273054122926,0.00936768149882904,0.9164595623782803,0.9139305891559848,0.9822695035460993,0.2618147448015123,0.4134328358208955,0.004725897920604915,277,5,1053,781,0.5
DAPT,XGBOOST,72,0.25,DOMAIN_OOD,2116,0.01,0.9907273054122926,0.00936768149882904,0.8903738387824768,0.8970192001886785,0.9552238805970149,0.18147448015122875,0.3050039714058777,0.008506616257088847,192,9,1049,866,0.5
DAPT,XGBOOST,72,0.25,TEMPLATE_OOD,2116,0.01,0.9907273054122926,0.00936768149882904,0.9098787196754318,0.9092466793643532,0.9776119402985075,0.24763705103969755,0.3951734539969834,0.005671077504725898,262,6,1052,796,0.5
DAPT,XGBOOST,72,0.25,DOMAIN_TEMPLATE_OOD,2116,0.01,0.9907273054122926,0.00936768149882904,0.8742878961060105,0.8834391672413978,0.9485714285714286,0.15689981096408318,0.26926196269261965,0.008506616257088847,166,9,1049,892,0.5
DAPT,XGBOOST,72,0.25,IID_BALANCED,2116,0.02,0.974614441394806,0.01990632318501171,0.9021704773399443,0.8962786010627463,0.9521988527724665,0.4706994328922495,0.6299810246679317,0.023629489603024575,498,25,1033,560,0.5
DAPT,XGBOOST,72,0.25,TEMPORAL,2116,0.02,0.974614441394806,0.01990632318501171,0.9164595623782803,0.9139305891559848,0.972636815920398,0.3695652173913043,0.5356164383561643,0.010396975425330813,391,11,1047,667,0.5
DAPT,XGBOOST,72,0.25,DOMAIN_OOD,2116,0.02,0.974614441394806,0.01990632318501171,0.8903738387824768,0.8970192001886785,0.9429530201342282,0.2655954631379962,0.4144542772861357,0.01606805293005671,281,17,1041,777,0.5
DAPT,XGBOOST,72,0.25,TEMPLATE_OOD,2116,0.02,0.974614441394806,0.01990632318501171,0.9098787196754318,0.9092466793643532,0.9639175257731959,0.3534971644612476,0.5172890733056709,0.013232514177693762,374,14,1044,684,0.5
DAPT,XGBOOST,72,0.25,DOMAIN_TEMPLATE_OOD,2116,0.02,0.974614441394806,0.01990632318501171,0.8742878961060105,0.8834391672413978,0.9333333333333333,0.2514177693761815,0.39612807148175727,0.017958412098298678,266,19,1039,792,0.5
DAPT,MLP,72,0.25,IID_BALANCED,2116,0.005,0.9796397089958192,0.00468384074941452,0.908157898094238,0.9015110366243688,0.9845758354755784,0.3620037807183365,0.5293711126468555,0.005671077504725898,383,6,1052,675,0.5
DAPT,MLP,72,0.25,TEMPORAL,2116,0.005,0.9796397089958192,0.00468384074941452,0.9331529934325842,0.9320426599390368,0.9855491329479769,0.3223062381852552,0.48575498575498577,0.004725897920604915,341,5,1053,717,0.5
DAPT,MLP,72,0.25,DOMAIN_OOD,2116,0.005,0.9796397089958192,0.00468384074941452,0.9161815886493307,0.9195444913361517,0.979757085020243,0.22873345935727787,0.3708812260536398,0.004725897920604915,242,5,1053,816,0.5
DAPT,MLP,72,0.25,TEMPLATE_OOD,2116,0.005,0.9796397089958192,0.00468384074941452,0.9262383534856153,0.9231063353833069,0.9910979228486647,0.31568998109640833,0.47885304659498207,0.002835538752362949,334,3,1055,724,0.5
DAPT,MLP,72,0.25,DOMAIN_TEMPLATE_OOD,2116,0.005,0.9796397089958192,0.00468384074941452,0.8980595418527093,0.9051104019782663,0.9769585253456221,0.2003780718336484,0.3325490196078431,0.004725897920604915,212,5,1053,846,0.5
DAPT,MLP,72,0.25,IID_BALANCED,2116,0.01,0.967296600341797,0.00936768149882904,0.908157898094238,0.9015110366243688,0.9722772277227723,0.46408317580340264,0.6282789507357646,0.013232514177693762,491,14,1044,567,0.5
DAPT,MLP,72,0.25,TEMPORAL,2116,0.01,0.967296600341797,0.00936768149882904,0.9331529934325842,0.9320426599390368,0.9848101265822785,0.3676748582230624,0.5354439091534756,0.005671077504725898,389,6,1052,669,0.5
DAPT,MLP,72,0.25,DOMAIN_OOD,2116,0.01,0.967296600341797,0.00936768149882904,0.9161815886493307,0.9195444913361517,0.9706840390879479,0.28166351606805295,0.43663003663003663,0.008506616257088847,298,9,1049,760,0.5
DAPT,MLP,72,0.25,TEMPLATE_OOD,2116,0.01,0.967296600341797,0.00936768149882904,0.9262383534856153,0.9231063353833069,0.9841688654353562,0.35255198487712663,0.5191370911621433,0.005671077504725898,373,6,1052,685,0.5
DAPT,MLP,72,0.25,DOMAIN_TEMPLATE_OOD,2116,0.01,0.967296600341797,0.00936768149882904,0.8980595418527093,0.9051104019782663,0.9660377358490566,0.24196597353497165,0.3869992441421013,0.008506616257088847,256,9,1049,802,0.5
DAPT,MLP,72,0.25,IID_BALANCED,2116,0.02,0.93802148103714,0.01990632318501171,0.908157898094238,0.9015110366243688,0.9479166666666666,0.5160680529300568,0.6682986536107711,0.02835538752362949,546,30,1028,512,0.5
DAPT,MLP,72,0.25,TEMPORAL,2116,0.02,0.93802148103714,0.01990632318501171,0.9331529934325842,0.9320426599390368,0.9818181818181818,0.45935727788279773,0.6258853831294269,0.008506616257088847,486,9,1049,572,0.5
DAPT,MLP,72,0.25,DOMAIN_OOD,2116,0.02,0.93802148103714,0.01990632318501171,0.9161815886493307,0.9195444913361517,0.9675925925925926,0.3950850661625709,0.5610738255033557,0.013232514177693762,418,14,1044,640,0.5
DAPT,MLP,72,0.25,TEMPLATE_OOD,2116,0.02,0.93802148103714,0.01990632318501171,0.9262383534856153,0.9231063353833069,0.967948717948718,0.4281663516068053,0.5937090432503277,0.014177693761814745,453,15,1043,605,0.5
DAPT,MLP,72,0.25,DOMAIN_TEMPLATE_OOD,2116,0.02,0.93802148103714,0.01990632318501171,0.8980595418527093,0.9051104019782663,0.954177897574124,0.33459357277882795,0.49545136459062283,0.01606805293005671,354,17,1041,704,0.5
CONTRASTIVE,LOGREG,72,0.25,IID_BALANCED,2116,0.005,0.9946551322937013,0.00468384074941452,0.8552571793218275,0.854054623875701,0.9543147208121827,0.1776937618147448,0.299601593625498,0.008506616257088847,188,9,1049,870,0.5
CONTRASTIVE,LOGREG,72,0.25,TEMPORAL,2116,0.005,0.9946551322937013,0.00468384074941452,0.8699681968120778,0.8700583545656284,0.9554455445544554,0.1824196597353497,0.30634920634920637,0.008506616257088847,193,9,1049,865,0.5
CONTRASTIVE,LOGREG,72,0.25,DOMAIN_OOD,2116,0.005,0.9946551322937013,0.00468384074941452,0.855671834497846,0.844210641042592,0.9622641509433962,0.1446124763705104,0.2514379622021364,0.005671077504725898,153,6,1052,905,0.5
CONTRASTIVE,LOGREG,72,0.25,TEMPLATE_OOD,2116,0.005,0.9946551322937013,0.00468384074941452,0.8732869638658352,0.8682698389442577,0.9567307692307693,0.1880907372400756,0.31437598736176936,0.008506616257088847,199,9,1049,859,0.5
CONTRASTIVE,LOGREG,72,0.25,DOMAIN_TEMPLATE_OOD,2116,0.005,0.9946551322937013,0.00468384074941452,0.8404822359203079,0.8378373790831223,0.9533333333333334,0.13516068052930058,0.2367549668874172,0.006616257088846881,143,7,1051,915,0.5
CONTRASTIVE,LOGREG,72,0.25,IID_BALANCED,2116,0.01,0.9899672269821168,0.00936768149882904,0.8552571793218275,0.854054623875701,0.9558823529411765,0.24574669187145556,0.39097744360902253,0.011342155009451797,260,12,1046,798,0.5
CONTRASTIVE,LOGREG,72,0.25,TEMPORAL,2116,0.01,0.9899672269821168,0.00936768149882904,0.8699681968120778,0.8700583545656284,0.9511278195488722,0.2391304347826087,0.3821752265861027,0.012287334593572778,253,13,1045,805,0.5
CONTRASTIVE,LOGREG,72,0.25,DOMAIN_OOD,2116,0.01,0.9899672269821168,0.00936768149882904,0.855671834497846,0.844210641042592,0.9658536585365853,0.18714555765595464,0.31353919239904987,0.006616257088846881,198,7,1051,860,0.5
CONTRASTIVE,LOGREG,72,0.25,TEMPLATE_OOD,2116,0.01,0.9899672269821168,0.00936768149882904,0.8732869638658352,0.8682698389442577,0.9545454545454546,0.2381852551984877,0.3812405446293495,0.011342155009451797,252,12,1046,806,0.5
CONTRASTIVE,LOGREG,72,0.25,DOMAIN_TEMPLATE_OOD,2116,0.01,0.9899672269821168,0.00936768149882904,0.8404822359203079,0.8378373790831223,0.949748743718593,0.1786389413988658,0.30071599045346065,0.00945179584120983,189,10,1048,869,0.5
CONTRASTIVE,LOGREG,72,0.25,IID_BALANCED,2116,0.02,0.9774356484413148,0.01990632318501171,0.8552571793218275,0.854054623875701,0.937007874015748,0.33742911153119093,0.4961779013203614,0.022684310018903593,357,24,1034,701,0.5
CONTRASTIVE,LOGREG,72,0.25,TEMPORAL,2116,0.02,0.9774356484413148,0.01990632318501171,0.8699681968120778,0.8700583545656284,0.94579945799458,0.32986767485822305,0.48913805185704273,0.01890359168241966,349,20,1038,709,0.5
CONTRASTIVE,LOGREG,72,0.25,DOMAIN_OOD,2116,0.02,0.9774356484413148,0.01990632318501171,0.855671834497846,0.844210641042592,0.9595959595959596,0.26937618147448017,0.42066420664206644,0.011342155009451797,285,12,1046,773,0.5
CONTRASTIVE,LOGREG,72,0.25,TEMPLATE_OOD,2116,0.02,0.9774356484413148,0.01990632318501171,0.8732869638658352,0.8682698389442577,0.95,0.32325141776937616,0.4823695345557123,0.017013232514177693,342,18,1040,716,0.5
CONTRASTIVE,LOGREG,72,0.25,DOMAIN_TEMPLATE_OOD,2116,0.02,0.9774356484413148,0.01990632318501171,0.8404822359203079,0.8378373790831223,0.9486166007905138,0.22684310018903592,0.36613272311212813,0.012287334593572778,240,13,1045,818,0.5
CONTRASTIVE,XGBOOST,72,0.25,IID_BALANCED,2116,0.005,0.989943027496338,0.00468384074941452,0.8300246537362739,0.8308253615445914,0.9295774647887324,0.18714555765595464,0.31156569630212433,0.014177693761814745,198,15,1043,860,0.5
CONTRASTIVE,XGBOOST,72,0.25,TEMPORAL,2116,0.005,0.989943027496338,0.00468384074941452,0.84119598707898,0.834757951836936,0.9633507853403142,0.17391304347826086,0.2946357085668535,0.006616257088846881,184,7,1051,874,0.5
CONTRASTIVE,XGBOOST,72,0.25,DOMAIN_OOD,2116,0.005,0.989943027496338,0.00468384074941452,0.8230402607379979,0.8084037006728821,0.9568345323741008,0.12570888468809074,0.2222222222222222,0.005671077504725898,133,6,1052,925,0.5
CONTRASTIVE,XGBOOST,72,0.25,TEMPLATE_OOD,2116,0.005,0.989943027496338,0.00468384074941452,0.8498077256931328,0.835732612447783,0.9720670391061452,0.16446124763705103,0.2813257881972514,0.004725897920604915,174,5,1053,884,0.5
CONTRASTIVE,XGBOOST,72,0.25,DOMAIN_TEMPLATE_OOD,2116,0.005,0.989943027496338,0.00468384074941452,0.8189048718271656,0.8071529904481474,0.9553571428571429,0.10113421550094517,0.1829059829059829,0.004725897920604915,107,5,1053,951,0.5
CONTRASTIVE,XGBOOST,72,0.25,IID_BALANCED,2116,0.01,0.9822475314140321,0.00936768149882904,0.8300246537362739,0.8308253615445914,0.9304029304029304,0.24007561436672967,0.3816679188580015,0.017958412098298678,254,19,1039,804,0.5
CONTRASTIVE,XGBOOST,72,0.25,TEMPORAL,2116,0.01,0.9822475314140321,0.00936768149882904,0.84119598707898,0.834757951836936,0.9612403100775194,0.23440453686200377,0.3768996960486322,0.00945179584120983,248,10,1048,810,0.5
CONTRASTIVE,XGBOOST,72,0.25,DOMAIN_OOD,2116,0.01,0.9822475314140321,0.00936768149882904,0.8230402607379979,0.8084037006728821,0.9414634146341463,0.1824196597353497,0.3056215360253365,0.011342155009451797,193,12,1046,865,0.5
CONTRASTIVE,XGBOOST,72,0.25,TEMPLATE_OOD,2116,0.01,0.9822475314140321,0.00936768149882904,0.8498077256931328,0.835732612447783,0.967741935483871,0.22684310018903592,0.3675344563552833,0.007561436672967864,240,8,1050,818,0.5
CONTRASTIVE,XGBOOST,72,0.25,DOMAIN_TEMPLATE_OOD,2116,0.01,0.9822475314140321,0.00936768149882904,0.8189048718271656,0.8071529904481474,0.9438202247191011,0.15879017013232513,0.27184466019417475,0.00945179584120983,168,10,1048,890,0.5
CONTRASTIVE,XGBOOST,72,0.25,IID_BALANCED,2116,0.02,0.9572163820266725,0.01990632318501171,0.8300246537362739,0.8308253615445914,0.9193954659949622,0.3449905482041588,0.5017182130584192,0.030245746691871456,365,32,1026,693,0.5
CONTRASTIVE,XGBOOST,72,0.25,TEMPORAL,2116,0.02,0.9572163820266725,0.01990632318501171,0.84119598707898,0.834757951836936,0.928388746803069,0.3431001890359168,0.5010351966873706,0.026465028355387523,363,28,1030,695,0.5
CONTRASTIVE,XGBOOST,72,0.25,DOMAIN_OOD,2116,0.02,0.9572163820266725,0.01990632318501171,0.8230402607379979,0.8084037006728821,0.9339622641509434,0.28071833648393196,0.4316860465116279,0.01984877126654064,297,21,1037,761,0.5
CONTRASTIVE,XGBOOST,72,0.25,TEMPLATE_OOD,2116,0.02,0.9572163820266725,0.01990632318501171,0.8498077256931328,0.835732612447783,0.9386666666666666,0.332703213610586,0.49127704117236565,0.021739130434782608,352,23,1035,706,0.5
CONTRASTIVE,XGBOOST,72,0.25,DOMAIN_TEMPLATE_OOD,2116,0.02,0.9572163820266725,0.01990632318501171,0.8189048718271656,0.8071529904481474,0.9357142857142857,0.24763705103969755,0.39162929745889385,0.017013232514177693,262,18,1040,796,0.5
CONTRASTIVE,MLP,72,0.25,IID_BALANCED,2116,0.005,0.9998149275779725,0.00468384074941452,0.8560812918689858,0.8618903234336641,0.9513888888888888,0.12948960302457466,0.22795341098169716,0.006616257088846881,137,7,1051,921,0.5
CONTRASTIVE,MLP,72,0.25,TEMPORAL,2116,0.005,0.9998149275779725,0.00468384074941452,0.8625646719381648,0.8607883583892282,0.941747572815534,0.09168241965973535,0.16709732988802756,0.005671077504725898,97,6,1052,961,0.5
CONTRASTIVE,MLP,72,0.25,DOMAIN_OOD,2116,0.005,0.9998149275779725,0.00468384074941452,0.8337655775118713,0.8303983333392891,0.9358974358974359,0.06899810964083176,0.12852112676056338,0.004725897920604915,73,5,1053,985,0.5
CONTRASTIVE,MLP,72,0.25,TEMPLATE_OOD,2116,0.005,0.9998149275779725,0.00468384074941452,0.865807819684931,0.856763751558921,0.9576271186440678,0.10680529300567108,0.1921768707482993,0.004725897920604915,113,5,1053,945,0.5
CONTRASTIVE,MLP,72,0.25,DOMAIN_TEMPLATE_OOD,2116,0.005,0.9998149275779725,0.00468384074941452,0.8367642250503028,0.8284677727709664,0.9642857142857143,0.05103969754253308,0.09694793536804308,0.001890359168241966,54,2,1056,1004,0.5
CONTRASTIVE,MLP,72,0.25,IID_BALANCED,2116,0.01,0.9975011944770814,0.00936768149882904,0.8560812918689858,0.8618903234336641,0.9375,0.26937618147448017,0.4185022026431718,0.017958412098298678,285,19,1039,773,0.5
CONTRASTIVE,MLP,72,0.25,TEMPORAL,2116,0.01,0.9975011944770814,0.00936768149882904,0.8625646719381648,0.8607883583892282,0.9558823529411765,0.24574669187145556,0.39097744360902253,0.011342155009451797,260,12,1046,798,0.5
CONTRASTIVE,MLP,72,0.25,DOMAIN_OOD,2116,0.01,0.9975011944770814,0.00936768149882904,0.8337655775118713,0.8303983333392891,0.9447236180904522,0.1776937618147448,0.29912490055688146,0.010396975425330813,188,11,1047,870,0.5
CONTRASTIVE,MLP,72,0.25,TEMPLATE_OOD,2116,0.01,0.9975011944770814,0.00936768149882904,0.865807819684931,0.856763751558921,0.9618320610687023,0.2381852551984877,0.38181818181818183,0.00945179584120983,252,10,1048,806,0.5
CONTRASTIVE,MLP,72,0.25,DOMAIN_TEMPLATE_OOD,2116,0.01,0.9975011944770814,0.00936768149882904,0.8367642250503028,0.8284677727709664,0.9562841530054644,0.16540642722117202,0.28203062046736505,0.007561436672967864,175,8,1050,883,0.5
CONTRASTIVE,MLP,72,0.25,IID_BALANCED,2116,0.02,0.993024230003357,0.01990632318501171,0.8560812918689858,0.8618903234336641,0.9254498714652957,0.34026465028355385,0.497581202487906,0.027410207939508508,360,29,1029,698,0.5
CONTRASTIVE,MLP,72,0.25,TEMPORAL,2116,0.02,0.993024230003357,0.01990632318501171,0.8625646719381648,0.8607883583892282,0.945,0.3572778827977316,0.5185185185185185,0.020793950850661626,378,22,1036,680,0.5
CONTRASTIVE,MLP,72,0.25,DOMAIN_OOD,2116,0.02,0.993024230003357,0.01990632318501171,0.8337655775118713,0.8303983333392891,0.930379746835443,0.277882797731569,0.4279475982532751,0.020793950850661626,294,22,1036,764,0.5
CONTRASTIVE,MLP,72,0.25,TEMPLATE_OOD,2116,0.02,0.993024230003357,0.01990632318501171,0.865807819684931,0.856763751558921,0.9539295392953929,0.332703213610586,0.4933426769446391,0.01606805293005671,352,17,1041,706,0.5
CONTRASTIVE,MLP,72,0.25,DOMAIN_TEMPLATE_OOD,2116,0.02,0.993024230003357,0.01990632318501171,0.8367642250503028,0.8284677727709664,0.9456521739130435,0.24669187145557656,0.391304347826087,0.014177693761814745,261,15,1043,797,0.5
BASE,LOGREG,72,1.0,IID_BALANCED,2116,0.005,0.9941252470016481,0.00468384074941452,0.933757155456087,0.9207058651162625,0.9936908517350158,0.29773156899810965,0.4581818181818182,0.001890359168241966,315,2,1056,743,0.5
BASE,LOGREG,72,1.0,TEMPORAL,2116,0.005,0.9941252470016481,0.00468384074941452,0.9482099370719944,0.9418250006253551,0.994475138121547,0.34026465028355385,0.5070422535211268,0.001890359168241966,360,2,1056,698,0.5
BASE,LOGREG,72,1.0,DOMAIN_OOD,2116,0.005,0.9941252470016481,0.00468384074941452,0.9267180762817451,0.924384739905875,0.9793388429752066,0.22400756143667297,0.3646153846153846,0.004725897920604915,237,5,1053,821,0.5
BASE,LOGREG,72,1.0,TEMPLATE_OOD,2116,0.005,0.9941252470016481,0.00468384074941452,0.9412801874570603,0.9336319552888962,0.9968652037617555,0.3005671077504726,0.46187363834422657,0.000945179584120983,318,1,1057,740,0.5
BASE,LOGREG,72,1.0,DOMAIN_TEMPLATE_OOD,2116,0.005,0.9941252470016481,0.00468384074941452,0.9210694680697082,0.9166937653882026,0.9785407725321889,0.21550094517958412,0.35321456235476373,0.004725897920604915,228,5,1053,830,0.5
BASE,LOGREG,72,1.0,IID_BALANCED,2116,0.01,0.9726248383522035,0.00936768149882904,0.933757155456087,0.9207058651162625,0.9879032258064516,0.46313799621928164,0.6306306306306306,0.005671077504725898,490,6,1052,568,0.5
BASE,LOGREG,72,1.0,TEMPORAL,2116,0.01,0.9726248383522035,0.00936768149882904,0.9482099370719944,0.9418250006253551,0.9853479853479854,0.5085066162570888,0.6708229426433915,0.007561436672967864,538,8,1050,520,0.5
BASE,LOGREG,72,1.0,DOMAIN_OOD,2116,0.01,0.9726248383522035,0.00936768149882904,0.9267180762817451,0.924384739905875,0.9684684684684685,0.4064272211720227,0.5725699067909454,0.013232514177693762,430,14,1044,628,0.5
BASE,LOGREG,72,1.0,TEMPLATE_OOD,2116,0.01,0.9726248383522035,0.00936768149882904,0.9412801874570603,0.9336319552888962,0.9860279441117764,0.4669187145557656,0.6337395766516998,0.006616257088846881,494,7,1051,564,0.5
BASE,LOGREG,72,1.0,DOMAIN_TEMPLATE_OOD,2116,0.01,0.9726248383522035,0.00936768149882904,0.9210694680697082,0.9166937653882026,0.9780487804878049,0.3790170132325142,0.5463215258855586,0.008506616257088847,401,9,1049,657,0.5
BASE,LOGREG,72,1.0,IID_BALANCED,2116,0.02,0.9327628612518312,0.01990632318501171,0.933757155456087,0.9207058651162625,0.9767827529021559,0.556710775047259,0.7092113184828417,0.013232514177693762,589,14,1044,469,0.5
BASE,LOGREG,72,1.0,TEMPORAL,2116,0.02,0.9327628612518312,0.01990632318501171,0.9482099370719944,0.9418250006253551,0.9808306709265175,0.5803402646502835,0.7292161520190024,0.011342155009451797,614,12,1046,444,0.5
BASE,LOGREG,72,1.0,DOMAIN_OOD,2116,0.02,0.9327628612518312,0.01990632318501171,0.9267180762817451,0.924384739905875,0.9626998223801065,0.5122873345935728,0.6687230104873535,0.01984877126654064,542,21,1037,516,0.5
BASE,LOGREG,72,1.0,TEMPLATE_OOD,2116,0.02,0.9327628612518312,0.01990632318501171,0.9412801874570603,0.9336319552888962,0.973421926910299,0.553875236294896,0.7060240963855422,0.015122873345935728,586,16,1042,472,0.5
BASE,LOGREG,72,1.0,DOMAIN_TEMPLATE_OOD,2116,0.02,0.9327628612518312,0.01990632318501171,0.9210694680697082,0.9166937653882026,0.9614643545279383,0.4716446124763705,0.6328471781864299,0.01890359168241966,499,20,1038,559,0.5
BASE,XGBOOST,72,1.0,IID_BALANCED,2116,0.005,0.9881691932678224,0.00468384074941452,0.9304703817324338,0.9242319745855682,0.9955654101995566,0.42438563327032136,0.5950960901259112,0.001890359168241966,449,2,1056,609,0.5
BASE,XGBOOST,72,1.0,TEMPORAL,2116,0.005,0.9881691932678224,0.00468384074941452,0.9437728310061133,0.9408851812279115,0.9900744416873449,0.3771266540642722,0.5462012320328542,0.003780718336483932,399,4,1054,659,0.5
BASE,XGBOOST,72,1.0,DOMAIN_OOD,2116,0.005,0.9881691932678224,0.00468384074941452,0.9219915140606804,0.9208211091298274,0.9867109634551495,0.28071833648393196,0.4370860927152318,0.003780718336483932,297,4,1054,761,0.5
BASE,XGBOOST,72,1.0,TEMPLATE_OOD,2116,0.005,0.9881691932678224,0.00468384074941452,0.9338141014992006,0.9292839505290504,0.989501312335958,0.3563327032136106,0.5239749826268242,0.003780718336483932,377,4,1054,681,0.5
BASE,XGBOOST,72,1.0,DOMAIN_TEMPLATE_OOD,2116,0.005,0.9881691932678224,0.00468384074941452,0.9135928642904089,0.9119231992452859,0.9850746268656716,0.2495274102079395,0.39819004524886875,0.003780718336483932,264,4,1054,794,0.5
BASE,XGBOOST,72,1.0,IID_BALANCED,2116,0.01,0.9646029472351075,0.00936768149882904,0.9304703817324338,0.9242319745855682,0.9830827067669173,0.4943289224952741,0.6578616352201258,0.008506616257088847,523,9,1049,535,0.5
BASE,XGBOOST,72,1.0,TEMPORAL,2116,0.01,0.9646029472351075,0.00936768149882904,0.9437728310061133,0.9408851812279115,0.9845559845559846,0.4820415879017013,0.6472081218274112,0.007561436672967864,510,8,1050,548,0.5
BASE,XGBOOST,72,1.0,DOMAIN_OOD,2116,0.01,0.9646029472351075,0.00936768149882904,0.9219915140606804,0.9208211091298274,0.9836065573770492,0.39697542533081287,0.5656565656565656,0.006616257088846881,420,7,1051,638,0.5
BASE,XGBOOST,72,1.0,TEMPLATE_OOD,2116,0.01,0.9646029472351075,0.00936768149882904,0.9338141014992006,0.9292839505290504,0.9857142857142858,0.45652173913043476,0.624031007751938,0.006616257088846881,483,7,1051,575,0.5
BASE,XGBOOST,72,1.0,DOMAIN_TEMPLATE_OOD,2116,0.01,0.9646029472351075,0.00936768149882904,0.9135928642904089,0.9119231992452859,0.9798994974874372,0.3686200378071834,0.5357142857142857,0.007561436672967864,390,8,1050,668,0.5
BASE,XGBOOST,72,1.0,IID_BALANCED,2116,0.02,0.8777087330818177,0.01990632318501171,0.9304703817324338,0.9242319745855682,0.9633757961783439,0.5718336483931947,0.7176749703440095,0.021739130434782608,605,23,1035,453,0.5
BASE,XGBOOST,72,1.0,TEMPORAL,2116,0.02,0.8777087330818177,0.01990632318501171,0.9437728310061133,0.9408851812279115,0.9734375,0.5888468809073724,0.7338044758539458,0.01606805293005671,623,17,1041,435,0.5
BASE,XGBOOST,72,1.0,DOMAIN_OOD,2116,0.02,0.8777087330818177,0.01990632318501171,0.9219915140606804,0.9208211091298274,0.9576271186440678,0.5340264650283554,0.6856796116504854,0.023629489603024575,565,25,1033,493,0.5
BASE,XGBOOST,72,1.0,TEMPLATE_OOD,2116,0.02,0.8777087330818177,0.01990632318501171,0.9338141014992006,0.9292839505290504,0.9663461538461539,0.5699432892249527,0.7170035671819263,0.01984877126654064,603,21,1037,455,0.5
BASE,XGBOOST,72,1.0,DOMAIN_TEMPLATE_OOD,2116,0.02,0.8777087330818177,0.01990632318501171,0.9135928642904089,0.9119231992452859,0.9581818181818181,0.498109640831758,0.6554726368159204,0.021739130434782608,527,23,1035,531,0.5
BASE,MLP,72,1.0,IID_BALANCED,2116,0.005,0.9977351427078248,0.00468384074941452,0.9337872041589886,0.9235985791931848,0.9901960784313726,0.3818525519848771,0.5511596180081856,0.003780718336483932,404,4,1054,654,0.5
BASE,MLP,72,1.0,TEMPORAL,2116,0.005,0.9977351427078248,0.00468384074941452,0.9477716778634818,0.9405680368494966,0.9948586118251928,0.3657844990548204,0.5348997926744989,0.001890359168241966,387,2,1056,671,0.5
BASE,MLP,72,1.0,DOMAIN_OOD,2116,0.005,0.9977351427078248,0.00468384074941452,0.9382532841470962,0.9343189525480541,0.9863481228668942,0.2731568998109641,0.42783123612139157,0.003780718336483932,289,4,1054,769,0.5
BASE,MLP,72,1.0,TEMPLATE_OOD,2116,0.005,0.9977351427078248,0.00468384074941452,0.9465634708108149,0.9396442980120855,0.9914529914529915,0.32892249527410206,0.49396735273243436,0.002835538752362949,348,3,1055,710,0.5
BASE,MLP,72,1.0,DOMAIN_TEMPLATE_OOD,2116,0.005,0.9977351427078248,0.00468384074941452,0.9337842038002974,0.9291687065154857,0.9879032258064516,0.23156899810964082,0.37519142419601836,0.002835538752362949,245,3,1055,813,0.5
BASE,MLP,72,1.0,IID_BALANCED,2116,0.01,0.9783656597137452,0.00936768149882904,0.9337872041589886,0.9235985791931848,0.9808695652173913,0.5330812854442344,0.6907532149418248,0.010396975425330813,564,11,1047,494,0.5
BASE,MLP,72,1.0,TEMPORAL,2116,0.01,0.9783656597137452,0.00936768149882904,0.9477716778634818,0.9405680368494966,0.9880749574105622,0.5482041587901701,0.7051671732522796,0.006616257088846881,580,7,1051,478,0.5
BASE,MLP,72,1.0,DOMAIN_OOD,2116,0.01,0.9783656597137452,0.00936768149882904,0.9382532841470962,0.9343189525480541,0.9755244755244755,0.5274102079395085,0.6846625766871166,0.013232514177693762,558,14,1044,500,0.5
BASE,MLP,72,1.0,TEMPLATE_OOD,2116,0.01,0.9783656597137452,0.00936768149882904,0.9465634708108149,0.9396442980120855,0.9826989619377162,0.5368620037807184,0.6943765281173594,0.00945179584120983,568,10,1048,490,0.5
BASE,MLP,72,1.0,DOMAIN_TEMPLATE_OOD,2116,0.01,0.9783656597137452,0.00936768149882904,0.9337842038002974,0.9291687065154857,0.9805068226120858,0.47542533081285443,0.6403564608529599,0.00945179584120983,503,10,1048,555,0.5
BASE,MLP,72,1.0,IID_BALANCED,2116,0.02,0.8664894104003907,0.01990632318501171,0.9337872041589886,0.9235985791931848,0.9680696661828737,0.6304347826086957,0.7635947338294219,0.020793950850661626,667,22,1036,391,0.5
BASE,MLP,72,1.0,TEMPORAL,2116,0.02,0.8664894104003907,0.01990632318501171,0.9477716778634818,0.9405680368494966,0.9688346883468835,0.6758034026465028,0.7962138084632516,0.021739130434782608,715,23,1035,343,0.5
BASE,MLP,72,1.0,DOMAIN_OOD,2116,0.02,0.8664894104003907,0.01990632318501171,0.9382532841470962,0.9343189525480541,0.9588313413014609,0.6824196597353497,0.7973495306460519,0.02930056710775047,722,31,1027,336,0.5
BASE,MLP,72,1.0,TEMPLATE_OOD,2116,0.02,0.8664894104003907,0.01990632318501171,0.9465634708108149,0.9396442980120855,0.967032967032967,0.665406427221172,0.7883538633818589,0.022684310018903593,704,24,1034,354,0.5
BASE,MLP,72,1.0,DOMAIN_TEMPLATE_OOD,2116,0.02,0.8664894104003907,0.01990632318501171,0.9337842038002974,0.9291687065154857,0.9562764456981664,0.6408317580340265,0.767402376910017,0.02930056710775047,678,31,1027,380,0.5
DAPT,LOGREG,72,1.0,IID_BALANCED,2116,0.005,0.9943872094154359,0.00468384074941452,0.9347312651790387,0.9251825143563666,0.991044776119403,0.31379962192816635,0.4766690595836324,0.002835538752362949,332,3,1055,726,0.5
DAPT,LOGREG,72,1.0,TEMPORAL,2116,0.005,0.9943872094154359,0.00468384074941452,0.9525841397189494,0.9470047276846495,0.9939393939393939,0.31001890359168244,0.47262247838616717,0.001890359168241966,328,2,1056,730,0.5
DAPT,LOGREG,72,1.0,DOMAIN_OOD,2116,0.005,0.9943872094154359,0.00468384074941452,0.9308967402933772,0.9284745623407579,0.9906542056074766,0.2003780718336484,0.3333333333333333,0.001890359168241966,212,2,1056,846,0.5
DAPT,LOGREG,72,1.0,TEMPLATE_OOD,2116,0.005,0.9943872094154359,0.00468384074941452,0.9442529272881773,0.9385472464721037,0.9966666666666667,0.2826086956521739,0.44035346097201766,0.000945179584120983,299,1,1057,759,0.5
DAPT,LOGREG,72,1.0,DOMAIN_TEMPLATE_OOD,2116,0.005,0.9943872094154359,0.00468384074941452,0.9205230213758901,0.9185081885785142,0.9836956521739131,0.17107750472589792,0.2914653784219002,0.002835538752362949,181,3,1055,877,0.5
DAPT,LOGREG,72,1.0,IID_BALANCED,2116,0.01,0.9750152230262757,0.00936768149882904,0.9347312651790387,0.9251825143563666,0.9876796714579056,0.4546313799621928,0.6226537216828479,0.005671077504725898,481,6,1052,577,0.5
DAPT,LOGREG,72,1.0,TEMPORAL,2116,0.01,0.9750152230262757,0.00936768149882904,0.9525841397189494,0.9470047276846495,0.9914712153518124,0.43950850661625707,0.6090373280943026,0.003780718336483932,465,4,1054,593,0.5
DAPT,LOGREG,72,1.0,DOMAIN_OOD,2116,0.01,0.9750152230262757,0.00936768149882904,0.9308967402933772,0.9284745623407579,0.9862258953168044,0.3383742911153119,0.5038705137227305,0.004725897920604915,358,5,1053,700,0.5
DAPT,LOGREG,72,1.0,TEMPLATE_OOD,2116,0.01,0.9750152230262757,0.00936768149882904,0.9442529272881773,0.9385472464721037,0.988558352402746,0.40831758034026466,0.5779264214046823,0.004725897920604915,432,5,1053,626,0.5
DAPT,LOGREG,72,1.0,DOMAIN_TEMPLATE_OOD,2116,0.01,0.9750152230262757,0.00936768149882904,0.9205230213758901,0.9185081885785142,0.9810725552050473,0.2939508506616257,0.45236363636363636,0.005671077504725898,311,6,1052,747,0.5
DAPT,LOGREG,72,1.0,IID_BALANCED,2116,0.02,0.9158665537834169,0.01990632318501171,0.9347312651790387,0.9251825143563666,0.973109243697479,0.5472589792060492,0.7005444646098004,0.015122873345935728,579,16,1042,479,0.5
DAPT,LOGREG,72,1.0,TEMPORAL,2116,0.02,0.9158665537834169,0.01990632318501171,0.9525841397189494,0.9470047276846495,0.9787234042553191,0.5652173913043478,0.7165967645296585,0.012287334593572778,598,13,1045,460,0.5
DAPT,LOGREG,72,1.0,DOMAIN_OOD,2116,0.02,0.9158665537834169,0.01990632318501171,0.9308967402933772,0.9284745623407579,0.9724409448818898,0.4669187145557656,0.6309067688378033,0.013232514177693762,494,14,1044,564,0.5
DAPT,LOGREG,72,1.0,TEMPLATE_OOD,2116,0.02,0.9158665537834169,0.01990632318501171,0.9442529272881773,0.9385472464721037,0.9755244755244755,0.5274102079395085,0.6846625766871166,0.013232514177693762,558,14,1044,500,0.5
DAPT,LOGREG,72,1.0,DOMAIN_TEMPLATE_OOD,2116,0.02,0.9158665537834169,0.01990632318501171,0.9205230213758901,0.9185081885785142,0.9739130434782609,0.42344045368620037,0.5902503293807642,0.011342155009451797,448,12,1046,610,0.5
DAPT,XGBOOST,72,1.0,IID_BALANCED,2116,0.005,0.986536204814911,0.00468384074941452,0.9334226836983898,0.9275365296722067,0.9938271604938271,0.45652173913043476,0.6256476683937824,0.002835538752362949,483,3,1055,575,0.5
DAPT,XGBOOST,72,1.0,TEMPORAL,2116,0.005,0.986536204814911,0.00468384074941452,0.9405147360683167,0.9369820719622928,0.9872448979591837,0.3657844990548204,0.5337931034482759,0.004725897920604915,387,5,1053,671,0.5
DAPT,XGBOOST,72,1.0,DOMAIN_OOD,2116,0.005,0.986536204814911,0.00468384074941452,0.9248416081051971,0.9235396171397329,0.980327868852459,0.2826086956521739,0.4387380777696258,0.005671077504725898,299,6,1052,759,0.5
DAPT,XGBOOST,72,1.0,TEMPLATE_OOD,2116,0.005,0.986536204814911,0.00468384074941452,0.9405212136240507,0.936310261898721,0.9897172236503856,0.3638941398865784,0.5321354526606773,0.003780718336483932,385,4,1054,673,0.5
DAPT,XGBOOST,72,1.0,DOMAIN_TEMPLATE_OOD,2116,0.005,0.986536204814911,0.00468384074941452,0.9127763414505897,0.913089933212074,0.9773584905660377,0.2448015122873346,0.3915343915343915,0.005671077504725898,259,6,1052,799,0.5
DAPT,XGBOOST,72,1.0,IID_BALANCED,2116,0.01,0.9513621330261232,0.00936768149882904,0.9334226836983898,0.9275365296722067,0.9717813051146384,0.5207939508506616,0.6781538461538461,0.015122873345935728,551,16,1042,507,0.5
DAPT,XGBOOST,72,1.0,TEMPORAL,2116,0.01,0.9513621330261232,0.00936768149882904,0.9405147360683167,0.9369820719622928,0.9807321772639692,0.4810964083175803,0.6455294863665187,0.00945179584120983,509,10,1048,549,0.5
DAPT,XGBOOST,72,1.0,DOMAIN_OOD,2116,0.01,0.9513621330261232,0.00936768149882904,0.9248416081051971,0.9235396171397329,0.9769585253456221,0.4007561436672968,0.5683646112600537,0.00945179584120983,424,10,1048,634,0.5
DAPT,XGBOOST,72,1.0,TEMPLATE_OOD,2116,0.01,0.9513621330261232,0.00936768149882904,0.9405212136240507,0.936310261898721,0.9760956175298805,0.46313799621928164,0.6282051282051282,0.011342155009451797,490,12,1046,568,0.5
DAPT,XGBOOST,72,1.0,DOMAIN_TEMPLATE_OOD,2116,0.01,0.9513621330261232,0.00936768149882904,0.9127763414505897,0.913089933212074,0.9659685863874345,0.3487712665406427,0.5125,0.012287334593572778,369,13,1045,689,0.5
DAPT,XGBOOST,72,1.0,IID_BALANCED,2116,0.02,0.89032781124115,0.01990632318501171,0.9334226836983898,0.9275365296722067,0.9600638977635783,0.5680529300567108,0.7137767220902613,0.023629489603024575,601,25,1033,457,0.5
DAPT,XGBOOST,72,1.0,TEMPORAL,2116,0.02,0.89032781124115,0.01990632318501171,0.9405147360683167,0.9369820719622928,0.9683333333333334,0.5491493383742911,0.7008443908323281,0.017958412098298678,581,19,1039,477,0.5
DAPT,XGBOOST,72,1.0,DOMAIN_OOD,2116,0.02,0.89032781124115,0.01990632318501171,0.9248416081051971,0.9235396171397329,0.9614643545279383,0.4716446124763705,0.6328471781864299,0.01890359168241966,499,20,1038,559,0.5
DAPT,XGBOOST,72,1.0,TEMPLATE_OOD,2116,0.02,0.89032781124115,0.01990632318501171,0.9405212136240507,0.936310261898721,0.9716312056737588,0.5179584120982986,0.6757090012330457,0.015122873345935728,548,16,1042,510,0.5
DAPT,XGBOOST,72,1.0,DOMAIN_TEMPLATE_OOD,2116,0.02,0.89032781124115,0.01990632318501171,0.9127763414505897,0.913089933212074,0.9521829521829522,0.43289224952741023,0.5951916829109811,0.021739130434782608,458,23,1035,600,0.5
DAPT,MLP,72,1.0,IID_BALANCED,2116,0.005,0.9905256032943727,0.00468384074941452,0.9344274959791016,0.9280386004909932,0.9818548387096774,0.4603024574669187,0.6267696267696268,0.008506616257088847,487,9,1049,571,0.5
DAPT,MLP,72,1.0,TEMPORAL,2116,0.005,0.9905256032943727,0.00468384074941452,0.9511818505368078,0.9483358407095458,0.9931662870159453,0.4120982986767486,0.58249832999332,0.002835538752362949,436,3,1055,622,0.5
DAPT,MLP,72,1.0,DOMAIN_OOD,2116,0.005,0.9905256032943727,0.00468384074941452,0.929617621287761,0.9295903745341105,0.9853372434017595,0.31758034026465026,0.48034310221586846,0.004725897920604915,336,5,1053,722,0.5
DAPT,MLP,72,1.0,TEMPLATE_OOD,2116,0.005,0.9905256032943727,0.00468384074941452,0.9455596283465354,0.9412282331752673,0.9902439024390244,0.3837429111531191,0.553133514986376,0.003780718336483932,406,4,1054,652,0.5
DAPT,MLP,72,1.0,DOMAIN_TEMPLATE_OOD,2116,0.005,0.9905256032943727,0.00468384074941452,0.9180190783885108,0.9182410726090887,0.9823321554770318,0.2627599243856333,0.4146159582401193,0.004725897920604915,278,5,1053,780,0.5
DAPT,MLP,72,1.0,IID_BALANCED,2116,0.01,0.9658782482147218,0.00936768149882904,0.9344274959791016,0.9280386004909932,0.9763113367174281,0.5453686200378072,0.6998180715585203,0.013232514177693762,577,14,1044,481,0.5
DAPT,MLP,72,1.0,TEMPORAL,2116,0.01,0.9658782482147218,0.00936768149882904,0.9511818505368078,0.9483358407095458,0.9848484848484849,0.4914933837429111,0.6557377049180327,0.007561436672967864,520,8,1050,538,0.5
DAPT,MLP,72,1.0,DOMAIN_OOD,2116,0.01,0.9658782482147218,0.00936768149882904,0.929617621287761,0.9295903745341105,0.9714285714285714,0.41776937618147447,0.5842696629213483,0.012287334593572778,442,13,1045,616,0.5
DAPT,MLP,72,1.0,TEMPLATE_OOD,2116,0.01,0.9658782482147218,0.00936768149882904,0.9455596283465354,0.9412282331752673,0.9779559118236473,0.4612476370510397,0.6268464996788696,0.010396975425330813,488,11,1047,570,0.5
DAPT,MLP,72,1.0,DOMAIN_TEMPLATE_OOD,2116,0.01,0.9658782482147218,0.00936768149882904,0.9180190783885108,0.9182410726090887,0.9766233766233766,0.3553875236294896,0.5211365211365211,0.008506616257088847,376,9,1049,682,0.5
DAPT,MLP,72,1.0,IID_BALANCED,2116,0.02,0.8903843164443971,0.01990632318501171,0.9344274959791016,0.9280386004909932,0.9683257918552036,0.6068052930056711,0.7460778617083091,0.01984877126654064,642,21,1037,416,0.5
DAPT,MLP,72,1.0,TEMPORAL,2116,0.02,0.8903843164443971,0.01990632318501171,0.9511818505368078,0.9483358407095458,0.9742765273311897,0.5727788279773157,0.7214285714285714,0.015122873345935728,606,16,1042,452,0.5
DAPT,MLP,72,1.0,DOMAIN_OOD,2116,0.02,0.8903843164443971,0.01990632318501171,0.929617621287761,0.9295903745341105,0.9485420240137221,0.5226843100189036,0.6739792809262645,0.02835538752362949,553,30,1028,505,0.5
DAPT,MLP,72,1.0,TEMPLATE_OOD,2116,0.02,0.8903843164443971,0.01990632318501171,0.9455596283465354,0.9412282331752673,0.965742251223491,0.5595463137996219,0.708557749850389,0.01984877126654064,592,21,1037,466,0.5
DAPT,MLP,72,1.0,DOMAIN_TEMPLATE_OOD,2116,0.02,0.8903843164443971,0.01990632318501171,0.9180190783885108,0.9182410726090887,0.9584905660377359,0.48015122873345933,0.6397984886649875,0.020793950850661626,508,22,1036,550,0.5
CONTRASTIVE,LOGREG,72,1.0,IID_BALANCED,2116,0.005,0.9909853339195253,0.00468384074941452,0.870083836553554,0.8628926783423444,0.9561128526645768,0.2882797731568998,0.4429920116194626,0.013232514177693762,305,14,1044,753,0.5
CONTRASTIVE,LOGREG,72,1.0,TEMPORAL,2116,0.005,0.9909853339195253,0.00468384074941452,0.8843728407689269,0.8806482967113468,0.9586466165413534,0.24102079395085066,0.3851963746223565,0.010396975425330813,255,11,1047,803,0.5
CONTRASTIVE,LOGREG,72,1.0,DOMAIN_OOD,2116,0.005,0.9909853339195253,0.00468384074941452,0.8613000862095178,0.8461420949753611,0.9761904761904762,0.1937618147448015,0.32334384858044163,0.004725897920604915,205,5,1053,853,0.5
CONTRASTIVE,LOGREG,72,1.0,TEMPLATE_OOD,2116,0.005,0.9909853339195253,0.00468384074941452,0.8949074714860518,0.8858566114329207,0.9768339768339769,0.2391304347826087,0.384206529992407,0.005671077504725898,253,6,1052,805,0.5
CONTRASTIVE,LOGREG,72,1.0,DOMAIN_TEMPLATE_OOD,2116,0.005,0.9909853339195253,0.00468384074941452,0.8628030767589333,0.8520972623739909,0.9735449735449735,0.17391304347826086,0.2951082598235766,0.004725897920604915,184,5,1053,874,0.5
CONTRASTIVE,LOGREG,72,1.0,IID_BALANCED,2116,0.01,0.9851626753807069,0.00936768149882904,0.870083836553554,0.8628926783423444,0.9530386740331491,0.32608695652173914,0.4859154929577465,0.01606805293005671,345,17,1041,713,0.5
CONTRASTIVE,LOGREG,72,1.0,TEMPORAL,2116,0.01,0.9851626753807069,0.00936768149882904,0.8843728407689269,0.8806482967113468,0.9584664536741214,0.2835538752362949,0.437636761487965,0.012287334593572778,300,13,1045,758,0.5
CONTRASTIVE,LOGREG,72,1.0,DOMAIN_OOD,2116,0.01,0.9851626753807069,0.00936768149882904,0.8613000862095178,0.8461420949753611,0.967741935483871,0.22684310018903592,0.3675344563552833,0.007561436672967864,240,8,1050,818,0.5
CONTRASTIVE,LOGREG,72,1.0,TEMPLATE_OOD,2116,0.01,0.9851626753807069,0.00936768149882904,0.8949074714860518,0.8858566114329207,0.9700996677740864,0.27599243856332706,0.4297277409860191,0.008506616257088847,292,9,1049,766,0.5
CONTRASTIVE,LOGREG,72,1.0,DOMAIN_TEMPLATE_OOD,2116,0.01,0.9851626753807069,0.00936768149882904,0.8628030767589333,0.8520972623739909,0.9565217391304348,0.20793950850661624,0.3416149068322981,0.00945179584120983,220,10,1048,838,0.5
CONTRASTIVE,LOGREG,72,1.0,IID_BALANCED,2116,0.02,0.9553897976875306,0.01990632318501171,0.870083836553554,0.8628926783423444,0.9461206896551724,0.41493383742911155,0.5768725361366623,0.023629489603024575,439,25,1033,619,0.5
CONTRASTIVE,LOGREG,72,1.0,TEMPORAL,2116,0.02,0.9553897976875306,0.01990632318501171,0.8843728407689269,0.8806482967113468,0.9551569506726457,0.40264650283553877,0.5664893617021277,0.01890359168241966,426,20,1038,632,0.5
CONTRASTIVE,LOGREG,72,1.0,DOMAIN_OOD,2116,0.02,0.9553897976875306,0.01990632318501171,0.8613000862095178,0.8461420949753611,0.9551451187335093,0.34215500945179583,0.5038274182324287,0.01606805293005671,362,17,1041,696,0.5
CONTRASTIVE,LOGREG,72,1.0,TEMPLATE_OOD,2116,0.02,0.9553897976875306,0.01990632318501171,0.8949074714860518,0.8858566114329207,0.9638009049773756,0.40264650283553877,0.568,0.015122873345935728,426,16,1042,632,0.5
CONTRASTIVE,LOGREG,72,1.0,DOMAIN_TEMPLATE_OOD,2116,0.02,0.9553897976875306,0.01990632318501171,0.8628030767589333,0.8520972623739909,0.9606741573033708,0.32325141776937616,0.4837340876944837,0.013232514177693762,342,14,1044,716,0.5
CONTRASTIVE,XGBOOST,72,1.0,IID_BALANCED,2116,0.005,0.983092486858368,0.00468384074941452,0.8618563542723343,0.8581980481773579,0.9540229885057471,0.23534971644612476,0.3775587566338135,0.011342155009451797,249,12,1046,809,0.5
CONTRASTIVE,XGBOOST,72,1.0,TEMPORAL,2116,0.005,0.983092486858368,0.00468384074941452,0.8728224681081819,0.860111634821202,0.9734848484848485,0.24291115311909262,0.3888048411497731,0.006616257088846881,257,7,1051,801,0.5
CONTRASTIVE,XGBOOST,72,1.0,DOMAIN_OOD,2116,0.005,0.983092486858368,0.00468384074941452,0.8451124545588942,0.8287697299537952,0.9653179190751445,0.15784499054820417,0.27132412672623885,0.005671077504725898,167,6,1052,891,0.5
CONTRASTIVE,XGBOOST,72,1.0,TEMPLATE_OOD,2116,0.005,0.983092486858368,0.00468384074941452,0.8759767317314513,0.8641791231449288,0.9768339768339769,0.2391304347826087,0.384206529992407,0.005671077504725898,253,6,1052,805,0.5
CONTRASTIVE,XGBOOST,72,1.0,DOMAIN_TEMPLATE_OOD,2116,0.005,0.983092486858368,0.00468384074941452,0.8385336989916824,0.8256635017742218,0.9568345323741008,0.12570888468809074,0.2222222222222222,0.005671077504725898,133,6,1052,925,0.5
CONTRASTIVE,XGBOOST,72,1.0,IID_BALANCED,2116,0.01,0.9633803963661195,0.00936768149882904,0.8618563542723343,0.8581980481773579,0.9349593495934959,0.32608695652173914,0.4835318850735809,0.022684310018903593,345,24,1034,713,0.5
CONTRASTIVE,XGBOOST,72,1.0,TEMPORAL,2116,0.01,0.9633803963661195,0.00936768149882904,0.8728224681081819,0.860111634821202,0.9597855227882037,0.3383742911153119,0.5003494060097834,0.014177693761814745,358,15,1043,700,0.5
CONTRASTIVE,XGBOOST,72,1.0,DOMAIN_OOD,2116,0.01,0.9633803963661195,0.00936768149882904,0.8451124545588942,0.8287697299537952,0.9522058823529411,0.2448015122873346,0.3894736842105263,0.012287334593572778,259,13,1045,799,0.5
CONTRASTIVE,XGBOOST,72,1.0,TEMPLATE_OOD,2116,0.01,0.9633803963661195,0.00936768149882904,0.8759767317314513,0.8641791231449288,0.9583333333333334,0.32608695652173914,0.48660084626234135,0.014177693761814745,345,15,1043,713,0.5
CONTRASTIVE,XGBOOST,72,1.0,DOMAIN_TEMPLATE_OOD,2116,0.01,0.9633803963661195,0.00936768149882904,0.8385336989916824,0.8256635017742218,0.9583333333333334,0.21739130434782608,0.3543913713405239,0.00945179584120983,230,10,1048,828,0.5
CONTRASTIVE,XGBOOST,72,1.0,IID_BALANCED,2116,0.02,0.9139559864997865,0.01990632318501171,0.8618563542723343,0.8581980481773579,0.9206349206349206,0.43856332703213613,0.5941101152368758,0.03780718336483932,464,40,1018,594,0.5
CONTRASTIVE,XGBOOST,72,1.0,TEMPORAL,2116,0.02,0.9139559864997865,0.01990632318501171,0.8728224681081819,0.860111634821202,0.9421965317919075,0.4621928166351607,0.6201648700063411,0.02835538752362949,489,30,1028,569,0.5
CONTRASTIVE,XGBOOST,72,1.0,DOMAIN_OOD,2116,0.02,0.9139559864997865,0.01990632318501171,0.8451124545588942,0.8287697299537952,0.9555555555555556,0.3657844990548204,0.5290498974709501,0.017013232514177693,387,18,1040,671,0.5
CONTRASTIVE,XGBOOST,72,1.0,TEMPLATE_OOD,2116,0.02,0.9139559864997865,0.01990632318501171,0.8759767317314513,0.8641791231449288,0.9493927125506073,0.44328922495274103,0.604381443298969,0.023629489603024575,469,25,1033,589,0.5
CONTRASTIVE,XGBOOST,72,1.0,DOMAIN_TEMPLATE_OOD,2116,0.02,0.9139559864997865,0.01990632318501171,0.8385336989916824,0.8256635017742218,0.9512195121951219,0.33175803402646503,0.49194113524877364,0.017013232514177693,351,18,1040,707,0.5
CONTRASTIVE,MLP,72,1.0,IID_BALANCED,2116,0.005,0.9991039633750917,0.00468384074941452,0.879578053929792,0.8753837000296596,0.9700374531835206,0.2448015122873346,0.3909433962264151,0.007561436672967864,259,8,1050,799,0.5
CONTRASTIVE,MLP,72,1.0,TEMPORAL,2116,0.005,0.9991039633750917,0.00468384074941452,0.8904987660492725,0.8784662540514077,0.9783393501805054,0.2561436672967864,0.4059925093632959,0.005671077504725898,271,6,1052,787,0.5
CONTRASTIVE,MLP,72,1.0,DOMAIN_OOD,2116,0.005,0.9991039633750917,0.00468384074941452,0.8593135261487852,0.8437425180727627,0.9772727272727273,0.16257088846880907,0.2787682333873582,0.003780718336483932,172,4,1054,886,0.5
CONTRASTIVE,MLP,72,1.0,TEMPLATE_OOD,2116,0.005,0.9991039633750917,0.00468384074941452,0.8939943009064357,0.8809323866052508,0.9849624060150376,0.24763705103969755,0.3957703927492447,0.003780718336483932,262,4,1054,796,0.5
CONTRASTIVE,MLP,72,1.0,DOMAIN_TEMPLATE_OOD,2116,0.005,0.9991039633750917,0.00468384074941452,0.8516341327416583,0.838591378675748,0.9743589743589743,0.14366729678638943,0.2504118616144975,0.003780718336483932,152,4,1054,906,0.5
CONTRASTIVE,MLP,72,1.0,IID_BALANCED,2116,0.01,0.9938883185386659,0.00936768149882904,0.879578053929792,0.8753837000296596,0.9478672985781991,0.3780718336483932,0.5405405405405406,0.020793950850661626,400,22,1036,658,0.5
CONTRASTIVE,MLP,72,1.0,TEMPORAL,2116,0.01,0.9938883185386659,0.00936768149882904,0.8904987660492725,0.8784662540514077,0.9566265060240964,0.3752362948960302,0.5390359809911744,0.017013232514177693,397,18,1040,661,0.5
CONTRASTIVE,MLP,72,1.0,DOMAIN_OOD,2116,0.01,0.9938883185386659,0.00936768149882904,0.8593135261487852,0.8437425180727627,0.956953642384106,0.2731568998109641,0.425,0.012287334593572778,289,13,1045,769,0.5
CONTRASTIVE,MLP,72,1.0,TEMPLATE_OOD,2116,0.01,0.9938883185386659,0.00936768149882904,0.8939943009064357,0.8809323866052508,0.9620253164556962,0.3591682419659735,0.5230557467309016,0.014177693761814745,380,15,1043,678,0.5
CONTRASTIVE,MLP,72,1.0,DOMAIN_TEMPLATE_OOD,2116,0.01,0.9938883185386659,0.00936768149882904,0.8516341327416583,0.838591378675748,0.9552238805970149,0.24196597353497165,0.3861236802413273,0.011342155009451797,256,12,1046,802,0.5
CONTRASTIVE,MLP,72,1.0,IID_BALANCED,2116,0.02,0.9800680279731752,0.01990632318501171,0.879578053929792,0.8753837000296596,0.9324324324324325,0.45652173913043476,0.6129441624365483,0.0330812854442344,483,35,1023,575,0.5
CONTRASTIVE,MLP,72,1.0,TEMPORAL,2116,0.02,0.9800680279731752,0.01990632318501171,0.8904987660492725,0.8784662540514077,0.9542743538767395,0.45368620037807184,0.6149903907751442,0.021739130434782608,480,23,1035,578,0.5
CONTRASTIVE,MLP,72,1.0,DOMAIN_OOD,2116,0.02,0.9800680279731752,0.01990632318501171,0.8593135261487852,0.8437425180727627,0.948019801980198,0.3620037807183365,0.5239398084815321,0.01984877126654064,383,21,1037,675,0.5
CONTRASTIVE,MLP,72,1.0,TEMPLATE_OOD,2116,0.02,0.9800680279731752,0.01990632318501171,0.8939943009064357,0.8809323866052508,0.9441117764471058,0.44706994328922495,0.6067992302758178,0.026465028355387523,473,28,1030,585,0.5
CONTRASTIVE,MLP,72,1.0,DOMAIN_TEMPLATE_OOD,2116,0.02,0.9800680279731752,0.01990632318501171,0.8516341327416583,0.838591378675748,0.9411764705882353,0.31758034026465026,0.47491166077738517,0.01984877126654064,336,21,1037,722,0.5
BASE,LOGREG,82,0.1,IID_BALANCED,2116,0.005,0.9784204959869386,0.00468384074941452,0.9121070616992788,0.9014511812064707,0.9727047146401985,0.3705103969754253,0.5366187542778919,0.010396975425330813,392,11,1047,666,0.5
BASE,LOGREG,82,0.1,TEMPORAL,2116,0.005,0.9784204959869386,0.00468384074941452,0.9113717037472109,0.8947589881396936,0.9746835443037974,0.43667296786389415,0.6031331592689295,0.011342155009451797,462,12,1046,596,0.5
BASE,LOGREG,82,0.1,DOMAIN_OOD,2116,0.005,0.9784204959869386,0.00468384074941452,0.8928322056091393,0.8762064886846459,0.9702233250620348,0.3695652173913043,0.5352498288843258,0.011342155009451797,391,12,1046,667,0.5
BASE,LOGREG,82,0.1,TEMPLATE_OOD,2116,0.005,0.9784204959869386,0.00468384074941452,0.9078325598258669,0.8850418630579509,0.9806451612903225,0.43100189035916825,0.5988181221273802,0.008506616257088847,456,9,1049,602,0.5
BASE,LOGREG,82,0.1,DOMAIN_TEMPLATE_OOD,2116,0.005,0.9784204959869386,0.00468384074941452,0.8851151689473811,0.8631580075828775,0.9719387755102041,0.3601134215500945,0.5255172413793103,0.010396975425330813,381,11,1047,677,0.5
BASE,LOGREG,82,0.1,IID_BALANCED,2116,0.01,0.9732957482337953,0.00936768149882904,0.9121070616992788,0.9014511812064707,0.9745370370370371,0.39792060491493386,0.5651006711409396,0.010396975425330813,421,11,1047,637,0.5
BASE,LOGREG,82,0.1,TEMPORAL,2116,0.01,0.9732957482337953,0.00936768149882904,0.9113717037472109,0.8947589881396936,0.9722222222222222,0.46313799621928164,0.6274007682458387,0.013232514177693762,490,14,1044,568,0.5
BASE,LOGREG,82,0.1,DOMAIN_OOD,2116,0.01,0.9732957482337953,0.00936768149882904,0.8928322056091393,0.8762064886846459,0.9679633867276888,0.3998109640831758,0.565886287625418,0.013232514177693762,423,14,1044,635,0.5
BASE,LOGREG,82,0.1,TEMPLATE_OOD,2116,0.01,0.9732957482337953,0.00936768149882904,0.9078325598258669,0.8850418630579509,0.9775967413441955,0.45368620037807184,0.6197546804389928,0.010396975425330813,480,11,1047,578,0.5
BASE,LOGREG,82,0.1,DOMAIN_TEMPLATE_OOD,2116,0.01,0.9732957482337953,0.00936768149882904,0.8851151689473811,0.8631580075828775,0.973621103117506,0.3837429111531191,0.5505084745762712,0.010396975425330813,406,11,1047,652,0.5
BASE,LOGREG,82,0.1,IID_BALANCED,2116,0.02,0.9193833470344545,0.01990632318501171,0.9121070616992788,0.9014511812064707,0.9646643109540636,0.5160680529300568,0.6724137931034483,0.01890359168241966,546,20,1038,512,0.5
BASE,LOGREG,82,0.1,TEMPORAL,2116,0.02,0.9193833470344545,0.01990632318501171,0.9113717037472109,0.8947589881396936,0.9597989949748744,0.5415879017013232,0.6924471299093655,0.022684310018903593,573,24,1034,485,0.5
BASE,LOGREG,82,0.1,DOMAIN_OOD,2116,0.02,0.9193833470344545,0.01990632318501171,0.8928322056091393,0.8762064886846459,0.9487632508833922,0.5075614366729678,0.6613300492610837,0.027410207939508508,537,29,1029,521,0.5
BASE,LOGREG,82,0.1,TEMPLATE_OOD,2116,0.02,0.9193833470344545,0.01990632318501171,0.9078325598258669,0.8850418630579509,0.9616026711185309,0.5444234404536862,0.6952323476161738,0.021739130434782608,576,23,1035,482,0.5
BASE,LOGREG,82,0.1,DOMAIN_TEMPLATE_OOD,2116,0.02,0.9193833470344545,0.01990632318501171,0.8851151689473811,0.8631580075828775,0.9548022598870056,0.4792060491493384,0.6381371932032724,0.022684310018903593,507,24,1034,551,0.5
BASE,XGBOOST,82,0.1,IID_BALANCED,2116,0.005,0.9813676476478578,0.00468384074941452,0.8852633007193482,0.8830916484718108,0.9565217391304348,0.29111531190926276,0.4463768115942029,0.013232514177693762,308,14,1044,750,0.5
BASE,XGBOOST,82,0.1,TEMPORAL,2116,0.005,0.9813676476478578,0.00468384074941452,0.8859182851328411,0.8769095665038361,0.9694189602446484,0.2996219281663516,0.45776173285198557,0.00945179584120983,317,10,1048,741,0.5
BASE,XGBOOST,82,0.1,DOMAIN_OOD,2116,0.005,0.9813676476478578,0.00468384074941452,0.8573421543630448,0.8475419970626177,0.9757281553398058,0.1899810964083176,0.3180379746835443,0.004725897920604915,201,5,1053,857,0.5
BASE,XGBOOST,82,0.1,TEMPLATE_OOD,2116,0.005,0.9813676476478578,0.00468384074941452,0.8793245369309519,0.8653521106628408,0.9745222929936306,0.2892249527410208,0.446064139941691,0.007561436672967864,306,8,1050,752,0.5
BASE,XGBOOST,82,0.1,DOMAIN_TEMPLATE_OOD,2116,0.005,0.9813676476478578,0.00468384074941452,0.8499176476028159,0.8408453371736093,0.9675675675675676,0.16918714555765596,0.28801287208366855,0.005671077504725898,179,6,1052,879,0.5
BASE,XGBOOST,82,0.1,IID_BALANCED,2116,0.01,0.9685075283050538,0.00936768149882904,0.8852633007193482,0.8830916484718108,0.9505208333333334,0.3449905482041588,0.5062413314840499,0.017958412098298678,365,19,1039,693,0.5
BASE,XGBOOST,82,0.1,TEMPORAL,2116,0.01,0.9685075283050538,0.00936768149882904,0.8859182851328411,0.8769095665038361,0.9546599496221663,0.35822306238185253,0.5209621993127148,0.017013232514177693,379,18,1040,679,0.5
BASE,XGBOOST,82,0.1,DOMAIN_OOD,2116,0.01,0.9685075283050538,0.00936768149882904,0.8573421543630448,0.8475419970626177,0.9518900343642611,0.2618147448015123,0.4106745737583395,0.013232514177693762,277,14,1044,781,0.5
BASE,XGBOOST,82,0.1,TEMPLATE_OOD,2116,0.01,0.9685075283050538,0.00936768149882904,0.8793245369309519,0.8653521106628408,0.9624664879356568,0.3393194706994329,0.5017470300489169,0.013232514177693762,359,14,1044,699,0.5
BASE,XGBOOST,82,0.1,DOMAIN_TEMPLATE_OOD,2116,0.01,0.9685075283050538,0.00936768149882904,0.8499176476028159,0.8408453371736093,0.9486166007905138,0.22684310018903592,0.36613272311212813,0.012287334593572778,240,13,1045,818,0.5
BASE,XGBOOST,82,0.1,IID_BALANCED,2116,0.02,0.9217746257781984,0.01990632318501171,0.8852633007193482,0.8830916484718108,0.9298597194388778,0.43856332703213613,0.5960179833012202,0.0330812854442344,464,35,1023,594,0.5
BASE,XGBOOST,82,0.1,TEMPORAL,2116,0.02,0.9217746257781984,0.01990632318501171,0.8859182851328411,0.8769095665038361,0.9455645161290323,0.44328922495274103,0.6036036036036037,0.02551984877126654,469,27,1031,589,0.5
BASE,XGBOOST,82,0.1,DOMAIN_OOD,2116,0.02,0.9217746257781984,0.01990632318501171,0.8573421543630448,0.8475419970626177,0.928395061728395,0.3553875236294896,0.5140123034859877,0.027410207939508508,376,29,1029,682,0.5
BASE,XGBOOST,82,0.1,TEMPLATE_OOD,2116,0.02,0.9217746257781984,0.01990632318501171,0.8793245369309519,0.8653521106628408,0.9457202505219207,0.4281663516068053,0.5894599869876382,0.024574669187145556,453,26,1032,605,0.5
BASE,XGBOOST,82,0.1,DOMAIN_TEMPLATE_OOD,2116,0.02,0.9217746257781984,0.01990632318501171,0.8499176476028159,0.8408453371736093,0.9249329758713136,0.32608695652173914,0.48218029350104824,0.026465028355387523,345,28,1030,713,0.5
BASE,MLP,82,0.1,IID_BALANCED,2116,0.005,0.9676996469497682,0.00468384074941452,0.8928617656193052,0.8864596324341323,0.9840255591054313,0.29111531190926276,0.44930707512764406,0.004725897920604915,308,5,1053,750,0.5
BASE,MLP,82,0.1,TEMPORAL,2116,0.005,0.9676996469497682,0.00468384074941452,0.8968859113218364,0.882999631933848,0.9824046920821115,0.3166351606805293,0.4789135096497498,0.005671077504725898,335,6,1052,723,0.5
BASE,MLP,82,0.1,DOMAIN_OOD,2116,0.005,0.9676996469497682,0.00468384074941452,0.8702459168828189,0.8606708809645477,0.9631147540983607,0.222117202268431,0.36098310291858676,0.008506616257088847,235,9,1049,823,0.5
BASE,MLP,82,0.1,TEMPLATE_OOD,2116,0.005,0.9676996469497682,0.00468384074941452,0.8907923527236292,0.8752211077004441,0.9865771812080537,0.277882797731569,0.4336283185840708,0.003780718336483932,294,4,1054,764,0.5
BASE,MLP,82,0.1,DOMAIN_TEMPLATE_OOD,2116,0.005,0.9676996469497682,0.00468384074941452,0.8631492135127647,0.8470703006350035,0.9671361502347418,0.1947069943289225,0.3241542092840283,0.006616257088846881,206,7,1051,852,0.5
BASE,MLP,82,0.1,IID_BALANCED,2116,0.01,0.9271207451820375,0.00936768149882904,0.8928617656193052,0.8864596324341323,0.9483568075117371,0.3818525519848771,0.5444743935309974,0.020793950850661626,404,22,1036,654,0.5
BASE,MLP,82,0.1,TEMPORAL,2116,0.01,0.9271207451820375,0.00936768149882904,0.8968859113218364,0.882999631933848,0.9591002044989775,0.44328922495274103,0.6063348416289592,0.01890359168241966,469,20,1038,589,0.5
BASE,MLP,82,0.1,DOMAIN_OOD,2116,0.01,0.9271207451820375,0.00936768149882904,0.8702459168828189,0.8606708809645477,0.9477611940298507,0.3601134215500945,0.5219178082191781,0.01984877126654064,381,21,1037,677,0.5
BASE,MLP,82,0.1,TEMPLATE_OOD,2116,0.01,0.9271207451820375,0.00936768149882904,0.8907923527236292,0.8752211077004441,0.9600886917960089,0.40926275992438566,0.5738899933730948,0.017013232514177693,433,18,1040,625,0.5
BASE,MLP,82,0.1,DOMAIN_TEMPLATE_OOD,2116,0.01,0.9271207451820375,0.00936768149882904,0.8631492135127647,0.8470703006350035,0.9553072625698324,0.32325141776937616,0.4830508474576271,0.015122873345935728,342,16,1042,716,0.5
BASE,MLP,82,0.1,IID_BALANCED,2116,0.02,0.8798022270202638,0.01990632318501171,0.8928617656193052,0.8864596324341323,0.93359375,0.45179584120982985,0.6089171974522293,0.03213610586011342,478,34,1024,580,0.5
BASE,MLP,82,0.1,TEMPORAL,2116,0.02,0.8798022270202638,0.01990632318501171,0.8968859113218364,0.882999631933848,0.9535714285714286,0.504725897920605,0.6600741656365884,0.024574669187145556,534,26,1032,524,0.5
BASE,MLP,82,0.1,DOMAIN_OOD,2116,0.02,0.8798022270202638,0.01990632318501171,0.8702459168828189,0.8606708809645477,0.9368421052631579,0.42060491493383745,0.5805609915198956,0.02835538752362949,445,30,1028,613,0.5
BASE,MLP,82,0.1,TEMPLATE_OOD,2116,0.02,0.8798022270202638,0.01990632318501171,0.8907923527236292,0.8752211077004441,0.9598470363288719,0.47448015122873344,0.6350411132194813,0.01984877126654064,502,21,1037,556,0.5
BASE,MLP,82,0.1,DOMAIN_TEMPLATE_OOD,2116,0.02,0.8798022270202638,0.01990632318501171,0.8631492135127647,0.8470703006350035,0.9447004608294931,0.387523629489603,0.5495978552278821,0.022684310018903593,410,24,1034,648,0.5
DAPT,LOGREG,82,0.1,IID_BALANCED,2116,0.005,0.9918944239616395,0.00468384074941452,0.9072981858930504,0.8998860066966599,0.9899497487437185,0.18620037807183365,0.3134447096260939,0.001890359168241966,197,2,1056,861,0.5
DAPT,LOGREG,82,0.1,TEMPORAL,2116,0.005,0.9918944239616395,0.00468384074941452,0.9084447409674739,0.899994997159101,0.9820143884892086,0.2580340264650284,0.4086826347305389,0.004725897920604915,273,5,1053,785,0.5
DAPT,LOGREG,82,0.1,DOMAIN_OOD,2116,0.005,0.9918944239616395,0.00468384074941452,0.8985047443207409,0.8896149956582489,0.9896907216494846,0.18147448015122875,0.30670926517571884,0.001890359168241966,192,2,1056,866,0.5
DAPT,LOGREG,82,0.1,TEMPLATE_OOD,2116,0.005,0.9918944239616395,0.00468384074941452,0.9109607943624333,0.8970504679442969,0.9920634920634921,0.23629489603024575,0.3816793893129771,0.001890359168241966,250,2,1056,808,0.5
DAPT,LOGREG,82,0.1,DOMAIN_TEMPLATE_OOD,2116,0.005,0.9918944239616395,0.00468384074941452,0.8834132030767554,0.8730734595716854,0.9828571428571429,0.16257088846880907,0.27899432278994324,0.002835538752362949,172,3,1055,886,0.5
DAPT,LOGREG,82,0.1,IID_BALANCED,2116,0.01,0.9791481494903566,0.00936768149882904,0.9072981858930504,0.8998860066966599,0.9640102827763496,0.3544423440453686,0.5183137525915688,0.013232514177693762,375,14,1044,683,0.5
DAPT,LOGREG,82,0.1,TEMPORAL,2116,0.01,0.9791481494903566,0.00936768149882904,0.9084447409674739,0.899994997159101,0.9701492537313433,0.3686200378071834,0.5342465753424658,0.011342155009451797,390,12,1046,668,0.5
DAPT,LOGREG,82,0.1,DOMAIN_OOD,2116,0.01,0.9791481494903566,0.00936768149882904,0.8985047443207409,0.8896149956582489,0.9754601226993865,0.3005671077504726,0.4595375722543353,0.007561436672967864,318,8,1050,740,0.5
DAPT,LOGREG,82,0.1,TEMPLATE_OOD,2116,0.01,0.9791481494903566,0.00936768149882904,0.9109607943624333,0.8970504679442969,0.9838274932614556,0.3449905482041588,0.5108467459762072,0.005671077504725898,365,6,1052,693,0.5
DAPT,LOGREG,82,0.1,DOMAIN_TEMPLATE_OOD,2116,0.01,0.9791481494903566,0.00936768149882904,0.8834132030767554,0.8730734595716854,0.9710144927536232,0.2533081285444234,0.4017991004497751,0.007561436672967864,268,8,1050,790,0.5
DAPT,LOGREG,82,0.1,IID_BALANCED,2116,0.02,0.9154087305068971,0.01990632318501171,0.9072981858930504,0.8998860066966599,0.9566724436741768,0.5217391304347826,0.6752293577981652,0.023629489603024575,552,25,1033,506,0.5
DAPT,LOGREG,82,0.1,TEMPORAL,2116,0.02,0.9154087305068971,0.01990632318501171,0.9084447409674739,0.899994997159101,0.9595070422535211,0.5151228733459358,0.6703567035670357,0.021739130434782608,545,23,1035,513,0.5
DAPT,LOGREG,82,0.1,DOMAIN_OOD,2116,0.02,0.9154087305068971,0.01990632318501171,0.8985047443207409,0.8896149956582489,0.960820895522388,0.4867674858223062,0.6461731493099122,0.01984877126654064,515,21,1037,543,0.5
DAPT,LOGREG,82,0.1,TEMPLATE_OOD,2116,0.02,0.9154087305068971,0.01990632318501171,0.9109607943624333,0.8970504679442969,0.9749552772808586,0.5151228733459358,0.6740878169449598,0.013232514177693762,545,14,1044,513,0.5
DAPT,LOGREG,82,0.1,DOMAIN_TEMPLATE_OOD,2116,0.02,0.9154087305068971,0.01990632318501171,0.8834132030767554,0.8730734595716854,0.9661016949152542,0.43100189035916825,0.596078431372549,0.015122873345935728,456,16,1042,602,0.5
DAPT,XGBOOST,82,0.1,IID_BALANCED,2116,0.005,0.9929361939430238,0.00468384074941452,0.8816613518123397,0.8724284504415007,0.9883040935672515,0.15973534971644612,0.27502034174125306,0.001890359168241966,169,2,1056,889,0.5
DAPT,XGBOOST,82,0.1,TEMPORAL,2116,0.005,0.9929361939430238,0.00468384074941452,0.8893326898863797,0.8741571106449734,0.983957219251337,0.17391304347826086,0.2955823293172691,0.002835538752362949,184,3,1055,874,0.5
DAPT,XGBOOST,82,0.1,DOMAIN_OOD,2116,0.005,0.9929361939430238,0.00468384074941452,0.8664892873434176,0.8528459017799395,0.9714285714285714,0.09640831758034027,0.17540842648323302,0.002835538752362949,102,3,1055,956,0.5
DAPT,XGBOOST,82,0.1,TEMPLATE_OOD,2116,0.005,0.9929361939430238,0.00468384074941452,0.887650564855102,0.8691104948881686,0.9893617021276596,0.17580340264650285,0.2985553772070626,0.001890359168241966,186,2,1056,872,0.5
DAPT,XGBOOST,82,0.1,DOMAIN_TEMPLATE_OOD,2116,0.005,0.9929361939430238,0.00468384074941452,0.8541110071981767,0.8345444377342849,0.9795918367346939,0.09073724007561437,0.16608996539792387,0.001890359168241966,96,2,1056,962,0.5
DAPT,XGBOOST,82,0.1,IID_BALANCED,2116,0.01,0.9807276725769044,0.00936768149882904,0.8816613518123397,0.8724284504415007,0.9628571428571429,0.31852551984877125,0.4786931818181818,0.012287334593572778,337,13,1045,721,0.5
DAPT,XGBOOST,82,0.1,TEMPORAL,2116,0.01,0.9807276725769044,0.00936768149882904,0.8893326898863797,0.8741571106449734,0.9730538922155688,0.30718336483931946,0.46695402298850575,0.008506616257088847,325,9,1049,733,0.5
DAPT,XGBOOST,82,0.1,DOMAIN_OOD,2116,0.01,0.9807276725769044,0.00936768149882904,0.8664892873434176,0.8528459017799395,0.9700854700854701,0.21455576559546313,0.35139318885448917,0.006616257088846881,227,7,1051,831,0.5
DAPT,XGBOOST,82,0.1,TEMPLATE_OOD,2116,0.01,0.9807276725769044,0.00936768149882904,0.887650564855102,0.8691104948881686,0.9877675840978594,0.3052930056710775,0.4664259927797834,0.003780718336483932,323,4,1054,735,0.5
DAPT,XGBOOST,82,0.1,DOMAIN_TEMPLATE_OOD,2116,0.01,0.9807276725769044,0.00936768149882904,0.8541110071981767,0.8345444377342849,0.9803921568627451,0.1890359168241966,0.31695721077654515,0.003780718336483932,200,4,1054,858,0.5
DAPT,XGBOOST,82,0.1,IID_BALANCED,2116,0.02,0.9481658339500428,0.01990632318501171,0.8816613518123397,0.8724284504415007,0.9356223175965666,0.4120982986767486,0.5721784776902887,0.02835538752362949,436,30,1028,622,0.5
DAPT,XGBOOST,82,0.1,TEMPORAL,2116,0.02,0.9481658339500428,0.01990632318501171,0.8893326898863797,0.8741571106449734,0.9508928571428571,0.40264650283553877,0.5657370517928287,0.020793950850661626,426,22,1036,632,0.5
DAPT,XGBOOST,82,0.1,DOMAIN_OOD,2116,0.02,0.9481658339500428,0.01990632318501171,0.8664892873434176,0.8528459017799395,0.940677966101695,0.31474480151228734,0.471671388101983,0.01984877126654064,333,21,1037,725,0.5
DAPT,XGBOOST,82,0.1,TEMPLATE_OOD,2116,0.02,0.9481658339500428,0.01990632318501171,0.887650564855102,0.8691104948881686,0.9608294930875576,0.3941398865784499,0.5589812332439679,0.01606805293005671,417,17,1041,641,0.5
DAPT,XGBOOST,82,0.1,DOMAIN_TEMPLATE_OOD,2116,0.02,0.9481658339500428,0.01990632318501171,0.8541110071981767,0.8345444377342849,0.9381107491856677,0.2722117202268431,0.421978021978022,0.017958412098298678,288,19,1039,770,0.5
DAPT,MLP,82,0.1,IID_BALANCED,2116,0.005,0.9849576950073243,0.00468384074941452,0.8937785540436245,0.8900295167613037,0.9829545454545454,0.16351606805293006,0.28038897893030795,0.002835538752362949,173,3,1055,885,0.5
DAPT,MLP,82,0.1,TEMPORAL,2116,0.005,0.9849576950073243,0.00468384074941452,0.9099084866595843,0.8996403314739441,0.9834983498349835,0.28166351606805295,0.43791329904481996,0.004725897920604915,298,5,1053,760,0.5
DAPT,MLP,82,0.1,DOMAIN_OOD,2116,0.005,0.9849576950073243,0.00468384074941452,0.8889716065178412,0.8798272947852531,0.9701492537313433,0.1843100189035917,0.30976965845909454,0.005671077504725898,195,6,1052,863,0.5
DAPT,MLP,82,0.1,TEMPLATE_OOD,2116,0.005,0.9849576950073243,0.00468384074941452,0.9067530508888987,0.8929275910249034,0.9863013698630136,0.2722117202268431,0.4266666666666667,0.003780718336483932,288,4,1054,770,0.5
DAPT,MLP,82,0.1,DOMAIN_TEMPLATE_OOD,2116,0.005,0.9849576950073243,0.00468384074941452,0.8737286709705625,0.8624290221947463,0.9651162790697675,0.15689981096408318,0.26991869918699185,0.005671077504725898,166,6,1052,892,0.5
DAPT,MLP,82,0.1,IID_BALANCED,2116,0.01,0.9715791940689088,0.00936768149882904,0.8937785540436245,0.8900295167613037,0.9696969696969697,0.30245746691871456,0.4610951008645533,0.00945179584120983,320,10,1048,738,0.5
DAPT,MLP,82,0.1,TEMPORAL,2116,0.01,0.9715791940689088,0.00936768149882904,0.9099084866595843,0.8996403314739441,0.9864130434782609,0.3431001890359168,0.5091164095371669,0.004725897920604915,363,5,1053,695,0.5
DAPT,MLP,82,0.1,DOMAIN_OOD,2116,0.01,0.9715791940689088,0.00936768149882904,0.8889716065178412,0.8798272947852531,0.9678571428571429,0.2561436672967864,0.40508221225710017,0.008506616257088847,271,9,1049,787,0.5
DAPT,MLP,82,0.1,TEMPLATE_OOD,2116,0.01,0.9715791940689088,0.00936768149882904,0.9067530508888987,0.8929275910249034,0.989100817438692,0.3431001890359168,0.5094736842105263,0.003780718336483932,363,4,1054,695,0.5
DAPT,MLP,82,0.1,DOMAIN_TEMPLATE_OOD,2116,0.01,0.9715791940689088,0.00936768149882904,0.8737286709705625,0.8624290221947463,0.972,0.22967863894139887,0.37155963302752293,0.006616257088846881,243,7,1051,815,0.5
DAPT,MLP,82,0.1,IID_BALANCED,2116,0.02,0.9180951714515687,0.01990632318501171,0.8937785540436245,0.8900295167613037,0.9598393574297188,0.45179584120982985,0.6143958868894601,0.01890359168241966,478,20,1038,580,0.5
DAPT,MLP,82,0.1,TEMPORAL,2116,0.02,0.9180951714515687,0.01990632318501171,0.9099084866595843,0.8996403314739441,0.9730215827338129,0.5113421550094518,0.6703841387856257,0.014177693761814745,541,15,1043,517,0.5
DAPT,MLP,82,0.1,DOMAIN_OOD,2116,0.02,0.9180951714515687,0.01990632318501171,0.8889716065178412,0.8798272947852531,0.9558232931726908,0.4499054820415879,0.6118251928020566,0.020793950850661626,476,22,1036,582,0.5
DAPT,MLP,82,0.1,TEMPLATE_OOD,2116,0.02,0.9180951714515687,0.01990632318501171,0.9067530508888987,0.8929275910249034,0.9722222222222222,0.4962192816635161,0.6570713391739674,0.014177693761814745,525,15,1043,533,0.5
DAPT,MLP,82,0.1,DOMAIN_TEMPLATE_OOD,2116,0.02,0.9180951714515687,0.01990632318501171,0.8737286709705625,0.8624290221947463,0.963302752293578,0.39697542533081287,0.5622489959839357,0.015122873345935728,420,16,1042,638,0.5
CONTRASTIVE,LOGREG,82,0.1,IID_BALANCED,2116,0.005,0.993169128894806,0.00468384074941452,0.8368912499655183,0.8358800175814124,0.9642857142857143,0.20415879017013233,0.3369734789391576,0.007561436672967864,216,8,1050,842,0.5
CONTRASTIVE,LOGREG,82,0.1,TEMPORAL,2116,0.005,0.993169128894806,0.00468384074941452,0.8108743234141775,0.7997201982554379,0.9541666666666667,0.21644612476370512,0.35285053929121724,0.010396975425330813,229,11,1047,829,0.5
CONTRASTIVE,LOGREG,82,0.1,DOMAIN_OOD,2116,0.005,0.993169128894806,0.00468384074941452,0.8054840927942883,0.78913606297862,0.9625,0.14555765595463138,0.25287356321839083,0.005671077504725898,154,6,1052,904,0.5
CONTRASTIVE,LOGREG,82,0.1,TEMPLATE_OOD,2116,0.005,0.993169128894806,0.00468384074941452,0.8308246703782158,0.8078212270539342,0.9795918367346939,0.22684310018903592,0.3683806600153492,0.004725897920604915,240,5,1053,818,0.5
CONTRASTIVE,LOGREG,82,0.1,DOMAIN_TEMPLATE_OOD,2116,0.005,0.993169128894806,0.00468384074941452,0.800396496779199,0.7740368637905095,0.9797297297297297,0.13705103969754254,0.24046434494195687,0.002835538752362949,145,3,1055,913,0.5
CONTRASTIVE,LOGREG,82,0.1,IID_BALANCED,2116,0.01,0.9901188015937806,0.00936768149882904,0.8368912499655183,0.8358800175814124,0.9382239382239382,0.22967863894139887,0.3690205011389522,0.015122873345935728,243,16,1042,815,0.5
CONTRASTIVE,LOGREG,82,0.1,TEMPORAL,2116,0.01,0.9901188015937806,0.00936768149882904,0.8108743234141775,0.7997201982554379,0.9525547445255474,0.24669187145557656,0.3918918918918919,0.012287334593572778,261,13,1045,797,0.5
CONTRASTIVE,LOGREG,82,0.1,DOMAIN_OOD,2116,0.01,0.9901188015937806,0.00936768149882904,0.8054840927942883,0.78913606297862,0.956989247311828,0.16824196597353497,0.2861736334405145,0.007561436672967864,178,8,1050,880,0.5
CONTRASTIVE,LOGREG,82,0.1,TEMPLATE_OOD,2116,0.01,0.9901188015937806,0.00936768149882904,0.8308246703782158,0.8078212270539342,0.9785714285714285,0.2589792060491493,0.40956651718983555,0.005671077504725898,274,6,1052,784,0.5
CONTRASTIVE,LOGREG,82,0.1,DOMAIN_TEMPLATE_OOD,2116,0.01,0.9901188015937806,0.00936768149882904,0.800396496779199,0.7740368637905095,0.9766081871345029,0.15784499054820417,0.27176566314076483,0.003780718336483932,167,4,1054,891,0.5
CONTRASTIVE,LOGREG,82,0.1,IID_BALANCED,2116,0.02,0.9690193533897401,0.01990632318501171,0.8368912499655183,0.8358800175814124,0.8987012987012987,0.3270321361058601,0.47955647955647956,0.036862003780718335,346,39,1019,712,0.5
CONTRASTIVE,LOGREG,82,0.1,TEMPORAL,2116,0.02,0.9690193533897401,0.01990632318501171,0.8108743234141775,0.7997201982554379,0.9466666666666667,0.33553875236294894,0.4954640614096302,0.01890359168241966,355,20,1038,703,0.5
CONTRASTIVE,LOGREG,82,0.1,DOMAIN_OOD,2116,0.02,0.9690193533897401,0.01990632318501171,0.8054840927942883,0.78913606297862,0.9403508771929825,0.2533081285444234,0.3991064780342517,0.01606805293005671,268,17,1041,790,0.5
CONTRASTIVE,LOGREG,82,0.1,TEMPLATE_OOD,2116,0.02,0.9690193533897401,0.01990632318501171,0.8308246703782158,0.8078212270539342,0.9435483870967742,0.33175803402646503,0.4909090909090909,0.01984877126654064,351,21,1037,707,0.5
CONTRASTIVE,LOGREG,82,0.1,DOMAIN_TEMPLATE_OOD,2116,0.02,0.9690193533897401,0.01990632318501171,0.800396496779199,0.7740368637905095,0.9659090909090909,0.24102079395085066,0.3857791225416036,0.008506616257088847,255,9,1049,803,0.5
CONTRASTIVE,XGBOOST,82,0.1,IID_BALANCED,2116,0.005,0.9880093932151796,0.00468384074941452,0.8129582037611767,0.8144196168538563,0.9058823529411765,0.07277882797731569,0.1347331583552056,0.007561436672967864,77,8,1050,981,0.5
CONTRASTIVE,XGBOOST,82,0.1,TEMPORAL,2116,0.005,0.9880093932151796,0.00468384074941452,0.7889141032003729,0.7729576795394528,0.9632352941176471,0.12381852551984877,0.21943048576214405,0.004725897920604915,131,5,1053,927,0.5
CONTRASTIVE,XGBOOST,82,0.1,DOMAIN_OOD,2116,0.005,0.9880093932151796,0.00468384074941452,0.7833516085990425,0.7591900400584617,0.9583333333333334,0.06521739130434782,0.12212389380530973,0.002835538752362949,69,3,1055,989,0.5
CONTRASTIVE,XGBOOST,82,0.1,TEMPLATE_OOD,2116,0.005,0.9880093932151796,0.00468384074941452,0.8102482601774139,0.778230316501156,0.9869281045751634,0.14272211720226843,0.24938067712634188,0.001890359168241966,151,2,1056,907,0.5
CONTRASTIVE,XGBOOST,82,0.1,DOMAIN_TEMPLATE_OOD,2116,0.005,0.9880093932151796,0.00468384074941452,0.7666488392072723,0.7428914991012754,0.9523809523809523,0.05671077504725898,0.10704727921498662,0.002835538752362949,60,3,1055,998,0.5
CONTRASTIVE,XGBOOST,82,0.1,IID_BALANCED,2116,0.01,0.9692643880844117,0.00936768149882904,0.8129582037611767,0.8144196168538563,0.9190751445086706,0.1502835538752363,0.25832656376929325,0.013232514177693762,159,14,1044,899,0.5
CONTRASTIVE,XGBOOST,82,0.1,TEMPORAL,2116,0.01,0.9692643880844117,0.00936768149882904,0.7889141032003729,0.7729576795394528,0.9447236180904522,0.1776937618147448,0.29912490055688146,0.010396975425330813,188,11,1047,870,0.5
CONTRASTIVE,XGBOOST,82,0.1,DOMAIN_OOD,2116,0.01,0.9692643880844117,0.00936768149882904,0.7833516085990425,0.7591900400584617,0.952755905511811,0.11436672967863894,0.2042194092827004,0.005671077504725898,121,6,1052,937,0.5
CONTRASTIVE,XGBOOST,82,0.1,TEMPLATE_OOD,2116,0.01,0.9692643880844117,0.00936768149882904,0.8102482601774139,0.778230316501156,0.9680365296803652,0.2003780718336484,0.33202819107282694,0.006616257088846881,212,7,1051,846,0.5
CONTRASTIVE,XGBOOST,82,0.1,DOMAIN_TEMPLATE_OOD,2116,0.01,0.9692643880844117,0.00936768149882904,0.7666488392072723,0.7428914991012754,0.9327731092436975,0.10491493383742911,0.18861512319456245,0.007561436672967864,111,8,1050,947,0.5
CONTRASTIVE,XGBOOST,82,0.1,IID_BALANCED,2116,0.02,0.9396817684173585,0.01990632318501171,0.8129582037611767,0.8144196168538563,0.9121621621621622,0.2551984877126654,0.3988183161004431,0.024574669187145556,270,26,1032,788,0.5
CONTRASTIVE,XGBOOST,82,0.1,TEMPORAL,2116,0.02,0.9396817684173585,0.01990632318501171,0.7889141032003729,0.7729576795394528,0.9047619047619048,0.2514177693761815,0.39349112426035504,0.026465028355387523,266,28,1030,792,0.5
CONTRASTIVE,XGBOOST,82,0.1,DOMAIN_OOD,2116,0.02,0.9396817684173585,0.01990632318501171,0.7833516085990425,0.7591900400584617,0.9299065420560748,0.1880907372400756,0.3128930817610063,0.014177693761814745,199,15,1043,859,0.5
CONTRASTIVE,XGBOOST,82,0.1,TEMPLATE_OOD,2116,0.02,0.9396817684173585,0.01990632318501171,0.8102482601774139,0.778230316501156,0.9387096774193548,0.27504725897920607,0.42543859649122806,0.017958412098298678,291,19,1039,767,0.5
CONTRASTIVE,XGBOOST,82,0.1,DOMAIN_TEMPLATE_OOD,2116,0.02,0.9396817684173585,0.01990632318501171,0.7666488392072723,0.7428914991012754,0.9141414141414141,0.17107750472589792,0.28821656050955413,0.01606805293005671,181,17,1041,877,0.5
CONTRASTIVE,MLP,82,0.1,IID_BALANCED,2116,0.005,0.9258035421371461,0.00468384074941452,0.8443463203727675,0.8463118342201464,0.9631578947368421,0.17296786389413987,0.2932692307692308,0.006616257088846881,183,7,1051,875,0.5
CONTRASTIVE,MLP,82,0.1,TEMPORAL,2116,0.005,0.9258035421371461,0.00468384074941452,0.8108602752494862,0.7951417054684624,0.9483568075117371,0.19092627599243855,0.31785995279307633,0.010396975425330813,202,11,1047,856,0.5
CONTRASTIVE,MLP,82,0.1,DOMAIN_OOD,2116,0.005,0.9258035421371461,0.00468384074941452,0.7813519781098166,0.7676368008976525,0.943089430894309,0.10964083175803403,0.1964436917866215,0.006616257088846881,116,7,1051,942,0.5
CONTRASTIVE,MLP,82,0.1,TEMPLATE_OOD,2116,0.005,0.9258035421371461,0.00468384074941452,0.8211944298998084,0.7951899471485593,0.9707317073170731,0.1880907372400756,0.31512272367379257,0.005671077504725898,199,6,1052,859,0.5
CONTRASTIVE,MLP,82,0.1,DOMAIN_TEMPLATE_OOD,2116,0.005,0.9258035421371461,0.00468384074941452,0.7777025625347425,0.7584824954170404,0.9380530973451328,0.1001890359168242,0.18104184457728437,0.006616257088846881,106,7,1051,952,0.5
CONTRASTIVE,MLP,82,0.1,IID_BALANCED,2116,0.01,0.8972678184509278,0.00936768149882904,0.8443463203727675,0.8463118342201464,0.9404761904761905,0.22400756143667297,0.3618320610687023,0.014177693761814745,237,15,1043,821,0.5
CONTRASTIVE,MLP,82,0.1,TEMPORAL,2116,0.01,0.8972678184509278,0.00936768149882904,0.8108602752494862,0.7951417054684624,0.9418604651162791,0.22967863894139887,0.36930091185410335,0.014177693761814745,243,15,1043,815,0.5
CONTRASTIVE,MLP,82,0.1,DOMAIN_OOD,2116,0.01,0.8972678184509278,0.00936768149882904,0.7813519781098166,0.7676368008976525,0.9337748344370861,0.1332703213610586,0.23325062034739455,0.00945179584120983,141,10,1048,917,0.5
CONTRASTIVE,MLP,82,0.1,TEMPLATE_OOD,2116,0.01,0.8972678184509278,0.00936768149882904,0.8211944298998084,0.7951899471485593,0.9629629629629629,0.22117202268431002,0.35972328977709456,0.008506616257088847,234,9,1049,824,0.5
CONTRASTIVE,MLP,82,0.1,DOMAIN_TEMPLATE_OOD,2116,0.01,0.8972678184509278,0.00936768149882904,0.7777025625347425,0.7584824954170404,0.9194630872483222,0.12948960302457466,0.22700911350455674,0.011342155009451797,137,12,1046,921,0.5
CONTRASTIVE,MLP,82,0.1,IID_BALANCED,2116,0.02,0.8426956534385682,0.01990632318501171,0.8443463203727675,0.8463118342201464,0.9074074074074074,0.32419659735349715,0.4777158774373259,0.0330812854442344,343,35,1023,715,0.5
CONTRASTIVE,MLP,82,0.1,TEMPORAL,2116,0.02,0.8426956534385682,0.01990632318501171,0.8108602752494862,0.7951417054684624,0.9186746987951807,0.2882797731568998,0.43884892086330934,0.02551984877126654,305,27,1031,753,0.5
CONTRASTIVE,MLP,82,0.1,DOMAIN_OOD,2116,0.02,0.8426956534385682,0.01990632318501171,0.7813519781098166,0.7676368008976525,0.9045454545454545,0.1880907372400756,0.3114241001564945,0.01984877126654064,199,21,1037,859,0.5
CONTRASTIVE,MLP,82,0.1,TEMPLATE_OOD,2116,0.02,0.8426956534385682,0.01990632318501171,0.8211944298998084,0.7951899471485593,0.9352941176470588,0.3005671077504726,0.45493562231759654,0.020793950850661626,318,22,1036,740,0.5
CONTRASTIVE,MLP,82,0.1,DOMAIN_TEMPLATE_OOD,2116,0.02,0.8426956534385682,0.01990632318501171,0.7777025625347425,0.7584824954170404,0.9066666666666666,0.19281663516068054,0.3180046765393609,0.01984877126654064,204,21,1037,854,0.5
BASE,LOGREG,82,0.25,IID_BALANCED,2116,0.005,0.995047152042389,0.00468384074941452,0.9078575353711189,0.9036658316686976,0.9835164835164835,0.16918714555765596,0.2887096774193548,0.002835538752362949,179,3,1055,879,0.5
BASE,LOGREG,82,0.25,TEMPORAL,2116,0.005,0.995047152042389,0.00468384074941452,0.9293894912733844,0.9220539520656373,0.9859154929577465,0.33081285444234404,0.4953998584571833,0.004725897920604915,350,5,1053,708,0.5
BASE,LOGREG,82,0.25,DOMAIN_OOD,2116,0.005,0.995047152042389,0.00468384074941452,0.9189055315296626,0.9086463384564806,0.98989898989899,0.277882797731569,0.43394833948339484,0.002835538752362949,294,3,1055,764,0.5
BASE,LOGREG,82,0.25,TEMPLATE_OOD,2116,0.005,0.995047152042389,0.00468384074941452,0.923310837217898,0.9123752416550825,0.9822485207100592,0.31379962192816635,0.47564469914040114,0.005671077504725898,332,6,1052,726,0.5
BASE,LOGREG,82,0.25,DOMAIN_TEMPLATE_OOD,2116,0.005,0.995047152042389,0.00468384074941452,0.9073278258109303,0.893545799221701,0.9929078014184397,0.2646502835538752,0.417910447761194,0.001890359168241966,280,2,1056,778,0.5
BASE,LOGREG,82,0.25,IID_BALANCED,2116,0.01,0.9842016696929933,0.00936768149882904,0.9078575353711189,0.9036658316686976,0.9619047619047619,0.28638941398865786,0.44136926438455937,0.011342155009451797,303,12,1046,755,0.5
BASE,LOGREG,82,0.25,TEMPORAL,2116,0.01,0.9842016696929933,0.00936768149882904,0.9293894912733844,0.9220539520656373,0.96900826446281,0.44328922495274103,0.6083009079118028,0.014177693761814745,469,15,1043,589,0.5
BASE,LOGREG,82,0.25,DOMAIN_OOD,2116,0.01,0.9842016696929933,0.00936768149882904,0.9189055315296626,0.9086463384564806,0.9695550351288056,0.391304347826087,0.5575757575757576,0.012287334593572778,414,13,1045,644,0.5
BASE,LOGREG,82,0.25,TEMPLATE_OOD,2116,0.01,0.9842016696929933,0.00936768149882904,0.923310837217898,0.9123752416550825,0.9661733615221987,0.43194706994328924,0.596995427824951,0.015122873345935728,457,16,1042,601,0.5
BASE,LOGREG,82,0.25,DOMAIN_TEMPLATE_OOD,2116,0.01,0.9842016696929933,0.00936768149882904,0.9073278258109303,0.893545799221701,0.9732360097323601,0.3780718336483932,0.5445881552076243,0.010396975425330813,400,11,1047,658,0.5
BASE,LOGREG,82,0.25,IID_BALANCED,2116,0.02,0.9368869662284852,0.01990632318501171,0.9078575353711189,0.9036658316686976,0.9569288389513109,0.4829867674858223,0.6419597989949749,0.021739130434782608,511,23,1035,547,0.5
BASE,LOGREG,82,0.25,TEMPORAL,2116,0.02,0.9368869662284852,0.01990632318501171,0.9293894912733844,0.9220539520656373,0.9671592775041051,0.556710775047259,0.7066586682663467,0.01890359168241966,589,20,1038,469,0.5
BASE,LOGREG,82,0.25,DOMAIN_OOD,2116,0.02,0.9368869662284852,0.01990632318501171,0.9189055315296626,0.9086463384564806,0.9686956521739131,0.5264650283553876,0.6821800367421923,0.017013232514177693,557,18,1040,501,0.5
BASE,LOGREG,82,0.25,TEMPLATE_OOD,2116,0.02,0.9368869662284852,0.01990632318501171,0.923310837217898,0.9123752416550825,0.9584026622296173,0.5444234404536862,0.6943942133815552,0.023629489603024575,576,25,1033,482,0.5
BASE,LOGREG,82,0.25,DOMAIN_TEMPLATE_OOD,2116,0.02,0.9368869662284852,0.01990632318501171,0.9073278258109303,0.893545799221701,0.9681647940074907,0.4886578449905482,0.6494974874371859,0.01606805293005671,517,17,1041,541,0.5
BASE,XGBOOST,82,0.25,IID_BALANCED,2116,0.005,0.994814157485962,0.00468384074941452,0.891127325311527,0.8956925539860134,0.9669811320754716,0.1937618147448015,0.3228346456692913,0.006616257088846881,205,7,1051,853,0.5
BASE,XGBOOST,82,0.25,TEMPORAL,2116,0.005,0.994814157485962,0.00468384074941452,0.9025105553722651,0.8962366129337731,0.977491961414791,0.28733459357277885,0.4441197954711468,0.006616257088846881,304,7,1051,754,0.5
BASE,XGBOOST,82,0.25,DOMAIN_OOD,2116,0.005,0.994814157485962,0.00468384074941452,0.8847902665863087,0.8754998374076707,0.9817351598173516,0.20321361058601134,0.33672670321064996,0.003780718336483932,215,4,1054,843,0.5
BASE,XGBOOST,82,0.25,TEMPLATE_OOD,2116,0.005,0.994814157485962,0.00468384074941452,0.9020000367408822,0.8921539374144603,0.9933554817275747,0.2826086956521739,0.44002943340691686,0.001890359168241966,299,2,1056,759,0.5
BASE,XGBOOST,82,0.25,DOMAIN_TEMPLATE_OOD,2116,0.005,0.994814157485962,0.00468384074941452,0.8735176084405589,0.8653404969250396,0.9849246231155779,0.18525519848771266,0.3118536197295147,0.002835538752362949,196,3,1055,862,0.5
BASE,XGBOOST,82,0.25,IID_BALANCED,2116,0.01,0.9832073450088502,0.00936768149882904,0.891127325311527,0.8956925539860134,0.9605263157894737,0.3449905482041588,0.5076495132127955,0.014177693761814745,365,15,1043,693,0.5
BASE,XGBOOST,82,0.25,TEMPORAL,2116,0.01,0.9832073450088502,0.00936768149882904,0.9025105553722651,0.8962366129337731,0.971830985915493,0.391304347826087,0.5579514824797843,0.011342155009451797,414,12,1046,644,0.5
BASE,XGBOOST,82,0.25,DOMAIN_OOD,2116,0.01,0.9832073450088502,0.00936768149882904,0.8847902665863087,0.8754998374076707,0.9752321981424149,0.29773156899810965,0.4561911658218682,0.007561436672967864,315,8,1050,743,0.5
BASE,XGBOOST,82,0.25,TEMPLATE_OOD,2116,0.01,0.9832073450088502,0.00936768149882904,0.9020000367408822,0.8921539374144603,0.9746192893401016,0.3629489603024575,0.5289256198347108,0.00945179584120983,384,10,1048,674,0.5
BASE,XGBOOST,82,0.25,DOMAIN_TEMPLATE_OOD,2116,0.01,0.9832073450088502,0.00936768149882904,0.8735176084405589,0.8653404969250396,0.9730639730639731,0.2731568998109641,0.4265682656826568,0.007561436672967864,289,8,1050,769,0.5
BASE,XGBOOST,82,0.25,IID_BALANCED,2116,0.02,0.9488802552223207,0.01990632318501171,0.891127325311527,0.8956925539860134,0.9454545454545454,0.44234404536862004,0.6027044430135222,0.02551984877126654,468,27,1031,590,0.5
BASE,XGBOOST,82,0.25,TEMPORAL,2116,0.02,0.9488802552223207,0.01990632318501171,0.9025105553722651,0.8962366129337731,0.9586466165413534,0.4820415879017013,0.6415094339622641,0.020793950850661626,510,22,1036,548,0.5
BASE,XGBOOST,82,0.25,DOMAIN_OOD,2116,0.02,0.9488802552223207,0.01990632318501171,0.8847902665863087,0.8754998374076707,0.9613636363636363,0.3998109640831758,0.5647530040053405,0.01606805293005671,423,17,1041,635,0.5
BASE,XGBOOST,82,0.25,TEMPLATE_OOD,2116,0.02,0.9488802552223207,0.01990632318501171,0.9020000367408822,0.8921539374144603,0.9584158415841584,0.45746691871455575,0.619321817018554,0.01984877126654064,484,21,1037,574,0.5
BASE,XGBOOST,82,0.25,DOMAIN_TEMPLATE_OOD,2116,0.02,0.9488802552223207,0.01990632318501171,0.8735176084405589,0.8653404969250396,0.9529702970297029,0.3638941398865784,0.5266757865937073,0.017958412098298678,385,19,1039,673,0.5
BASE,MLP,82,0.25,IID_BALANCED,2116,0.005,0.9946187734603883,0.00468384074941452,0.9149574610263718,0.9110887968524983,0.9768115942028985,0.31852551984877125,0.4803991446899501,0.007561436672967864,337,8,1050,721,0.5
BASE,MLP,82,0.25,TEMPORAL,2116,0.005,0.9946187734603883,0.00468384074941452,0.9231700266430622,0.91925504125557,0.9779411764705882,0.3771266540642722,0.5443383356070941,0.008506616257088847,399,9,1049,659,0.5
BASE,MLP,82,0.25,DOMAIN_OOD,2116,0.005,0.9946187734603883,0.00468384074941452,0.9092283433002237,0.9026768772267109,0.9839743589743589,0.29017013232514177,0.4481751824817518,0.004725897920604915,307,5,1053,751,0.5
BASE,MLP,82,0.25,TEMPLATE_OOD,2116,0.005,0.9946187734603883,0.00468384074941452,0.9209842990577053,0.9139207621470763,0.9893333333333333,0.3506616257088847,0.5177948360083741,0.003780718336483932,371,4,1054,687,0.5
BASE,MLP,82,0.25,DOMAIN_TEMPLATE_OOD,2116,0.005,0.9946187734603883,0.00468384074941452,0.8992003494648879,0.8901791553060487,0.9890909090909091,0.2570888468809074,0.4081020255063766,0.002835538752362949,272,3,1055,786,0.5
BASE,MLP,82,0.25,IID_BALANCED,2116,0.01,0.9885501265525819,0.00936768149882904,0.9149574610263718,0.9110887968524983,0.972636815920398,0.3695652173913043,0.5356164383561643,0.010396975425330813,391,11,1047,667,0.5
BASE,MLP,82,0.25,TEMPORAL,2116,0.01,0.9885501265525819,0.00936768149882904,0.9231700266430622,0.91925504125557,0.975103734439834,0.444234404536862,0.6103896103896104,0.011342155009451797,470,12,1046,588,0.5
BASE,MLP,82,0.25,DOMAIN_OOD,2116,0.01,0.9885501265525819,0.00936768149882904,0.9092283433002237,0.9026768772267109,0.9828850855745721,0.3799621928166352,0.5480572597137015,0.006616257088846881,402,7,1051,656,0.5
BASE,MLP,82,0.25,TEMPLATE_OOD,2116,0.01,0.9885501265525819,0.00936768149882904,0.9209842990577053,0.9139207621470763,0.98068669527897,0.43194706994328924,0.5997375328083989,0.008506616257088847,457,9,1049,601,0.5
BASE,MLP,82,0.25,DOMAIN_TEMPLATE_OOD,2116,0.01,0.9885501265525819,0.00936768149882904,0.8992003494648879,0.8901791553060487,0.986449864498645,0.3440453686200378,0.5101611772950245,0.004725897920604915,364,5,1053,694,0.5
BASE,MLP,82,0.25,IID_BALANCED,2116,0.02,0.9341390728950502,0.01990632318501171,0.9149574610263718,0.9110887968524983,0.9496527777777778,0.5170132325141777,0.6695226438188494,0.027410207939508508,547,29,1029,511,0.5
BASE,MLP,82,0.25,TEMPORAL,2116,0.02,0.9341390728950502,0.01990632318501171,0.9231700266430622,0.91925504125557,0.9639934533551555,0.556710775047259,0.7058118633912522,0.020793950850661626,589,22,1036,469,0.5
BASE,MLP,82,0.25,DOMAIN_OOD,2116,0.02,0.9341390728950502,0.01990632318501171,0.9092283433002237,0.9026768772267109,0.9546279491833031,0.497164461247637,0.653822249844624,0.023629489603024575,526,25,1033,532,0.5
BASE,MLP,82,0.25,TEMPLATE_OOD,2116,0.02,0.9341390728950502,0.01990632318501171,0.9209842990577053,0.9139207621470763,0.9647058823529412,0.5425330812854442,0.6944948578342408,0.01984877126654064,574,21,1037,484,0.5
BASE,MLP,82,0.25,DOMAIN_TEMPLATE_OOD,2116,0.02,0.9341390728950502,0.01990632318501171,0.8992003494648879,0.8901791553060487,0.9581673306772909,0.4546313799621928,0.6166666666666667,0.01984877126654064,481,21,1037,577,0.5
DAPT,LOGREG,82,0.25,IID_BALANCED,2116,0.005,0.9913753867149354,0.00468384074941452,0.9002668129267796,0.9069185716174543,0.9577464788732394,0.19281663516068054,0.3210070810385523,0.008506616257088847,204,9,1049,854,0.5
DAPT,LOGREG,82,0.25,TEMPORAL,2116,0.005,0.9913753867149354,0.00468384074941452,0.9244133227280052,0.924484796723854,0.9690140845070423,0.32514177693761814,0.4869072894550602,0.010396975425330813,344,11,1047,714,0.5
DAPT,LOGREG,82,0.25,DOMAIN_OOD,2116,0.005,0.9913753867149354,0.00468384074941452,0.9246044218704159,0.9179373286973673,0.9871382636655949,0.29017013232514177,0.44850255661066474,0.003780718336483932,307,4,1054,751,0.5
DAPT,LOGREG,82,0.25,TEMPLATE_OOD,2116,0.005,0.9913753867149354,0.00468384074941452,0.9280242645305292,0.9227784706315373,0.981651376146789,0.30340264650283555,0.4635379061371841,0.005671077504725898,321,6,1052,737,0.5
DAPT,LOGREG,82,0.25,DOMAIN_TEMPLATE_OOD,2116,0.005,0.9913753867149354,0.00468384074941452,0.9076146484156059,0.9011554775747657,0.9791666666666666,0.2665406427221172,0.41901931649331353,0.005671077504725898,282,6,1052,776,0.5
DAPT,LOGREG,82,0.25,IID_BALANCED,2116,0.01,0.9852555990219117,0.00936768149882904,0.9002668129267796,0.9069185716174543,0.9509433962264151,0.2381852551984877,0.38095238095238093,0.012287334593572778,252,13,1045,806,0.5
DAPT,LOGREG,82,0.25,TEMPORAL,2116,0.01,0.9852555990219117,0.00936768149882904,0.9244133227280052,0.924484796723854,0.9662650602409638,0.3790170132325142,0.5444670739986422,0.013232514177693762,401,14,1044,657,0.5
DAPT,LOGREG,82,0.25,DOMAIN_OOD,2116,0.01,0.9852555990219117,0.00936768149882904,0.9246044218704159,0.9179373286973673,0.9889807162534435,0.3393194706994329,0.5052779732582688,0.003780718336483932,359,4,1054,699,0.5
DAPT,LOGREG,82,0.25,TEMPLATE_OOD,2116,0.01,0.9852555990219117,0.00936768149882904,0.9280242645305292,0.9227784706315373,0.984375,0.3572778827977316,0.5242718446601942,0.005671077504725898,378,6,1052,680,0.5
DAPT,LOGREG,82,0.25,DOMAIN_TEMPLATE_OOD,2116,0.01,0.9852555990219117,0.00936768149882904,0.9076146484156059,0.9011554775747657,0.981651376146789,0.30340264650283555,0.4635379061371841,0.005671077504725898,321,6,1052,737,0.5
DAPT,LOGREG,82,0.25,IID_BALANCED,2116,0.02,0.946810007095337,0.01990632318501171,0.9002668129267796,0.9069185716174543,0.9407744874715261,0.390359168241966,0.5517702070808284,0.024574669187145556,413,26,1032,645,0.5
DAPT,LOGREG,82,0.25,TEMPORAL,2116,0.02,0.946810007095337,0.01990632318501171,0.9244133227280052,0.924484796723854,0.9636363636363636,0.5510396975425331,0.7011425135297655,0.020793950850661626,583,22,1036,475,0.5
DAPT,LOGREG,82,0.25,DOMAIN_OOD,2116,0.02,0.946810007095337,0.01990632318501171,0.9246044218704159,0.9179373286973673,0.9751332149200711,0.5189035916824196,0.6773596545342381,0.013232514177693762,549,14,1044,509,0.5
DAPT,LOGREG,82,0.25,TEMPLATE_OOD,2116,0.02,0.946810007095337,0.01990632318501171,0.9280242645305292,0.9227784706315373,0.9690721649484536,0.5330812854442344,0.6878048780487804,0.017013232514177693,564,18,1040,494,0.5
DAPT,LOGREG,82,0.25,DOMAIN_TEMPLATE_OOD,2116,0.02,0.946810007095337,0.01990632318501171,0.9076146484156059,0.9011554775747657,0.9727095516569201,0.4716446124763705,0.6352641629535328,0.013232514177693762,499,14,1044,559,0.5
DAPT,XGBOOST,82,0.25,IID_BALANCED,2116,0.005,0.9978008866310121,0.00468384074941452,0.8954839986447825,0.8922611411480089,0.9819277108433735,0.15406427221172023,0.26633986928104575,0.002835538752362949,163,3,1055,895,0.5
DAPT,XGBOOST,82,0.25,TEMPORAL,2116,0.005,0.9978008866310121,0.00468384074941452,0.9145880845841559,0.9079343269928281,0.9906542056074766,0.2003780718336484,0.3333333333333333,0.001890359168241966,212,2,1056,846,0.5
DAPT,XGBOOST,82,0.25,DOMAIN_OOD,2116,0.005,0.9978008866310121,0.00468384074941452,0.8981099787503161,0.8905717889801709,0.9863945578231292,0.13705103969754254,0.24066390041493776,0.001890359168241966,145,2,1056,913,0.5
DAPT,XGBOOST,82,0.25,TEMPLATE_OOD,2116,0.005,0.9978008866310121,0.00468384074941452,0.911325351376969,0.9017343777359286,0.9906976744186047,0.20132325141776938,0.33464257659073054,0.001890359168241966,213,2,1056,845,0.5
DAPT,XGBOOST,82,0.25,DOMAIN_TEMPLATE_OOD,2116,0.005,0.9978008866310121,0.00468384074941452,0.884628087840799,0.8739873714001879,0.9925925925925926,0.1266540642722117,0.22464375523889354,0.000945179584120983,134,1,1057,924,0.5
DAPT,XGBOOST,82,0.25,IID_BALANCED,2116,0.01,0.9927229285240174,0.00936768149882904,0.8954839986447825,0.8922611411480089,0.9636871508379888,0.32608695652173914,0.4872881355932203,0.012287334593572778,345,13,1045,713,0.5
DAPT,XGBOOST,82,0.25,TEMPORAL,2116,0.01,0.9927229285240174,0.00936768149882904,0.9145880845841559,0.9079343269928281,0.9770773638968482,0.3223062381852552,0.48471926083866385,0.007561436672967864,341,8,1050,717,0.5
DAPT,XGBOOST,82,0.25,DOMAIN_OOD,2116,0.01,0.9927229285240174,0.00936768149882904,0.8981099787503161,0.8905717889801709,0.9847908745247148,0.2448015122873346,0.39212717638152916,0.003780718336483932,259,4,1054,799,0.5
DAPT,XGBOOST,82,0.25,TEMPLATE_OOD,2116,0.01,0.9927229285240174,0.00936768149882904,0.911325351376969,0.9017343777359286,0.9880952380952381,0.31379962192816635,0.4763271162123386,0.003780718336483932,332,4,1054,726,0.5
DAPT,XGBOOST,82,0.25,DOMAIN_TEMPLATE_OOD,2116,0.01,0.9927229285240174,0.00936768149882904,0.884628087840799,0.8739873714001879,0.9786324786324786,0.21644612476370512,0.3544891640866873,0.004725897920604915,229,5,1053,829,0.5
DAPT,XGBOOST,82,0.25,IID_BALANCED,2116,0.02,0.954813301563263,0.01990632318501171,0.8954839986447825,0.8922611411480089,0.9471698113207547,0.47448015122873344,0.6322418136020151,0.026465028355387523,502,28,1030,556,0.5
DAPT,XGBOOST,82,0.25,TEMPORAL,2116,0.02,0.954813301563263,0.01990632318501171,0.9145880845841559,0.9079343269928281,0.9620938628158845,0.503780718336484,0.6612903225806451,0.01984877126654064,533,21,1037,525,0.5
DAPT,XGBOOST,82,0.25,DOMAIN_OOD,2116,0.02,0.954813301563263,0.01990632318501171,0.8981099787503161,0.8905717889801709,0.9591002044989775,0.44328922495274103,0.6063348416289592,0.01890359168241966,469,20,1038,589,0.5
DAPT,XGBOOST,82,0.25,TEMPLATE_OOD,2116,0.02,0.954813301563263,0.01990632318501171,0.911325351376969,0.9017343777359286,0.9630314232902033,0.4924385633270321,0.6516572858036273,0.01890359168241966,521,20,1038,537,0.5
DAPT,XGBOOST,82,0.25,DOMAIN_TEMPLATE_OOD,2116,0.02,0.954813301563263,0.01990632318501171,0.884628087840799,0.8739873714001879,0.9536423841059603,0.40831758034026466,0.57180675049636,0.01984877126654064,432,21,1037,626,0.5
DAPT,MLP,82,0.25,IID_BALANCED,2116,0.005,0.9949688315391542,0.00468384074941452,0.9098633799595408,0.9112893571706792,0.9786324786324786,0.21644612476370512,0.3544891640866873,0.004725897920604915,229,5,1053,829,0.5
DAPT,MLP,82,0.25,TEMPORAL,2116,0.005,0.9949688315391542,0.00468384074941452,0.9298917428801126,0.9272104516493294,0.9837837837837838,0.3440453686200378,0.5098039215686274,0.005671077504725898,364,6,1052,694,0.5
DAPT,MLP,82,0.25,DOMAIN_OOD,2116,0.005,0.9949688315391542,0.00468384074941452,0.9222365371098742,0.9159102847688508,0.9899665551839465,0.27977315689981097,0.43625644804716285,0.002835538752362949,296,3,1055,762,0.5
DAPT,MLP,82,0.25,TEMPLATE_OOD,2116,0.005,0.9949688315391542,0.00468384074941452,0.9310551208966253,0.9246322018574833,0.9888579387186629,0.33553875236294894,0.5010585744530699,0.003780718336483932,355,4,1054,703,0.5
DAPT,MLP,82,0.25,DOMAIN_TEMPLATE_OOD,2116,0.005,0.9949688315391542,0.00468384074941452,0.9042663526109715,0.8991695284107762,0.9851851851851852,0.2514177693761815,0.4006024096385542,0.003780718336483932,266,4,1054,792,0.5
DAPT,MLP,82,0.25,IID_BALANCED,2116,0.01,0.9817142486572267,0.00936768149882904,0.9098633799595408,0.9112893571706792,0.9618834080717489,0.4054820415879017,0.5704787234042553,0.01606805293005671,429,17,1041,629,0.5
DAPT,MLP,82,0.25,TEMPORAL,2116,0.01,0.9817142486572267,0.00936768149882904,0.9298917428801126,0.9272104516493294,0.980544747081712,0.4763705103969754,0.6412213740458015,0.00945179584120983,504,10,1048,554,0.5
DAPT,MLP,82,0.25,DOMAIN_OOD,2116,0.01,0.9817142486572267,0.00936768149882904,0.9222365371098742,0.9159102847688508,0.9827213822894169,0.43005671077504726,0.5982905982905983,0.007561436672967864,455,8,1050,603,0.5
DAPT,MLP,82,0.25,TEMPLATE_OOD,2116,0.01,0.9817142486572267,0.00936768149882904,0.9310551208966253,0.9246322018574833,0.985655737704918,0.4546313799621928,0.6222509702457956,0.006616257088846881,481,7,1051,577,0.5
DAPT,MLP,82,0.25,DOMAIN_TEMPLATE_OOD,2116,0.01,0.9817142486572267,0.00936768149882904,0.9042663526109715,0.8991695284107762,0.9776674937965261,0.3724007561436673,0.5393566050650239,0.008506616257088847,394,9,1049,664,0.5
DAPT,MLP,82,0.25,IID_BALANCED,2116,0.02,0.9348122477531434,0.01990632318501171,0.9098633799595408,0.9112893571706792,0.9410714285714286,0.498109640831758,0.6514215080346106,0.031190926275992438,527,33,1025,531,0.5
DAPT,MLP,82,0.25,TEMPORAL,2116,0.02,0.9348122477531434,0.01990632318501171,0.9298917428801126,0.9272104516493294,0.9638932496075353,0.5803402646502835,0.7244837758112095,0.021739130434782608,614,23,1035,444,0.5
DAPT,MLP,82,0.25,DOMAIN_OOD,2116,0.02,0.9348122477531434,0.01990632318501171,0.9222365371098742,0.9159102847688508,0.9644670050761421,0.5387523629489603,0.6913280776228017,0.01984877126654064,570,21,1037,488,0.5
DAPT,MLP,82,0.25,TEMPLATE_OOD,2116,0.02,0.9348122477531434,0.01990632318501171,0.9310551208966253,0.9246322018574833,0.9670510708401977,0.554820415879017,0.7051051051051052,0.01890359168241966,587,20,1038,471,0.5
DAPT,MLP,82,0.25,DOMAIN_TEMPLATE_OOD,2116,0.02,0.9348122477531434,0.01990632318501171,0.9042663526109715,0.8991695284107762,0.9657794676806084,0.48015122873345933,0.6414141414141414,0.017013232514177693,508,18,1040,550,0.5
CONTRASTIVE,LOGREG,82,0.25,IID_BALANCED,2116,0.005,0.9967432022094728,0.00468384074941452,0.8515358328687463,0.8602107982747345,0.9573170731707317,0.14839319470699433,0.2569558101472995,0.006616257088846881,157,7,1051,901,0.5
CONTRASTIVE,LOGREG,82,0.25,TEMPORAL,2116,0.005,0.9967432022094728,0.00468384074941452,0.8534251578890039,0.8497459271514897,0.9527896995708155,0.20982986767485823,0.3439194422927963,0.010396975425330813,222,11,1047,836,0.5
CONTRASTIVE,LOGREG,82,0.25,DOMAIN_OOD,2116,0.005,0.9967432022094728,0.00468384074941452,0.8408511177478564,0.8333848506830664,0.9612903225806452,0.14083175803402648,0.24567188788128608,0.005671077504725898,149,6,1052,909,0.5
CONTRASTIVE,LOGREG,82,0.25,TEMPLATE_OOD,2116,0.005,0.9967432022094728,0.00468384074941452,0.8616843936036052,0.8466584596252872,0.9612068965517241,0.2107750472589792,0.3457364341085271,0.008506616257088847,223,9,1049,835,0.5
CONTRASTIVE,LOGREG,82,0.25,DOMAIN_TEMPLATE_OOD,2116,0.005,0.9967432022094728,0.00468384074941452,0.8400547971397333,0.8267453661186173,0.9562043795620438,0.12381852551984877,0.2192468619246862,0.005671077504725898,131,6,1052,927,0.5
CONTRASTIVE,LOGREG,82,0.25,IID_BALANCED,2116,0.01,0.9946473240852357,0.00936768149882904,0.8515358328687463,0.8602107982747345,0.9569377990430622,0.1890359168241966,0.31570639305445936,0.008506616257088847,200,9,1049,858,0.5
CONTRASTIVE,LOGREG,82,0.25,TEMPORAL,2116,0.01,0.9946473240852357,0.00936768149882904,0.8534251578890039,0.8497459271514897,0.947565543071161,0.2391304347826087,0.3818867924528302,0.013232514177693762,253,14,1044,805,0.5
CONTRASTIVE,LOGREG,82,0.25,DOMAIN_OOD,2116,0.01,0.9946473240852357,0.00936768149882904,0.8408511177478564,0.8333848506830664,0.9485714285714286,0.15689981096408318,0.26926196269261965,0.008506616257088847,166,9,1049,892,0.5
CONTRASTIVE,LOGREG,82,0.25,TEMPLATE_OOD,2116,0.01,0.9946473240852357,0.00936768149882904,0.8616843936036052,0.8466584596252872,0.9588014981273408,0.24196597353497165,0.3864150943396226,0.010396975425330813,256,11,1047,802,0.5
CONTRASTIVE,LOGREG,82,0.25,DOMAIN_TEMPLATE_OOD,2116,0.01,0.9946473240852357,0.00936768149882904,0.8400547971397333,0.8267453661186173,0.9583333333333334,0.15217391304347827,0.2626427406199021,0.006616257088846881,161,7,1051,897,0.5
CONTRASTIVE,LOGREG,82,0.25,IID_BALANCED,2116,0.02,0.9819425344467164,0.01990632318501171,0.8515358328687463,0.8602107982747345,0.9246376811594202,0.30151228733459357,0.4547398431931575,0.024574669187145556,319,26,1032,739,0.5
CONTRASTIVE,LOGREG,82,0.25,TEMPORAL,2116,0.02,0.9819425344467164,0.01990632318501171,0.8534251578890039,0.8497459271514897,0.9335106382978723,0.33175803402646503,0.4895397489539749,0.023629489603024575,351,25,1033,707,0.5
CONTRASTIVE,LOGREG,82,0.25,DOMAIN_OOD,2116,0.02,0.9819425344467164,0.01990632318501171,0.8408511177478564,0.8333848506830664,0.9323843416370107,0.24763705103969755,0.39133681852128455,0.017958412098298678,262,19,1039,796,0.5
CONTRASTIVE,LOGREG,82,0.25,TEMPLATE_OOD,2116,0.02,0.9819425344467164,0.01990632318501171,0.8616843936036052,0.8466584596252872,0.9534246575342465,0.32892249527410206,0.48910751932536894,0.01606805293005671,348,17,1041,710,0.5
CONTRASTIVE,LOGREG,82,0.25,DOMAIN_TEMPLATE_OOD,2116,0.02,0.9819425344467164,0.01990632318501171,0.8400547971397333,0.8267453661186173,0.9420849420849421,0.23062381852551986,0.3705391040242976,0.014177693761814745,244,15,1043,814,0.5
CONTRASTIVE,XGBOOST,82,0.25,IID_BALANCED,2116,0.005,0.988089144229889,0.00468384074941452,0.8286774388891636,0.8395669326510411,0.907103825136612,0.15689981096408318,0.26752618855761484,0.01606805293005671,166,17,1041,892,0.5
CONTRASTIVE,XGBOOST,82,0.25,TEMPORAL,2116,0.005,0.988089144229889,0.00468384074941452,0.8366101886600867,0.8272358231996024,0.9478672985781991,0.1890359168241966,0.31520882584712373,0.010396975425330813,200,11,1047,858,0.5
CONTRASTIVE,XGBOOST,82,0.25,DOMAIN_OOD,2116,0.005,0.988089144229889,0.00468384074941452,0.8210947576063301,0.8073414903463038,0.9734513274336283,0.10396975425330812,0.18787361229718189,0.002835538752362949,110,3,1055,948,0.5
CONTRASTIVE,XGBOOST,82,0.25,TEMPLATE_OOD,2116,0.005,0.988089144229889,0.00468384074941452,0.8421846303493901,0.82057579125289,0.9720930232558139,0.19754253308128544,0.3283582089552239,0.005671077504725898,209,6,1052,849,0.5
CONTRASTIVE,XGBOOST,82,0.25,DOMAIN_TEMPLATE_OOD,2116,0.005,0.988089144229889,0.00468384074941452,0.8084714046686334,0.7916281031014041,0.9557522123893806,0.10207939508506617,0.18445772843723313,0.004725897920604915,108,5,1053,950,0.5
CONTRASTIVE,XGBOOST,82,0.25,IID_BALANCED,2116,0.01,0.9784093499183656,0.00936768149882904,0.8286774388891636,0.8395669326510411,0.9212598425196851,0.22117202268431002,0.3567073170731707,0.01890359168241966,234,20,1038,824,0.5
CONTRASTIVE,XGBOOST,82,0.25,TEMPORAL,2116,0.01,0.9784093499183656,0.00936768149882904,0.8366101886600867,0.8272358231996024,0.927007299270073,0.24007561436672967,0.3813813813813814,0.01890359168241966,254,20,1038,804,0.5
CONTRASTIVE,XGBOOST,82,0.25,DOMAIN_OOD,2116,0.01,0.9784093499183656,0.00936768149882904,0.8210947576063301,0.8073414903463038,0.9308176100628931,0.13988657844990549,0.24322103533278555,0.010396975425330813,148,11,1047,910,0.5
CONTRASTIVE,XGBOOST,82,0.25,TEMPLATE_OOD,2116,0.01,0.9784093499183656,0.00936768149882904,0.8421846303493901,0.82057579125289,0.9589552238805971,0.24291115311909262,0.38763197586727,0.010396975425330813,257,11,1047,801,0.5
CONTRASTIVE,XGBOOST,82,0.25,DOMAIN_TEMPLATE_OOD,2116,0.01,0.9784093499183656,0.00936768149882904,0.8084714046686334,0.7916281031014041,0.9230769230769231,0.13610586011342155,0.2372322899505766,0.011342155009451797,144,12,1046,914,0.5
CONTRASTIVE,XGBOOST,82,0.25,IID_BALANCED,2116,0.02,0.9651890993118287,0.01990632318501171,0.8286774388891636,0.8395669326510411,0.9104938271604939,0.27882797731569,0.426917510853835,0.027410207939508508,295,29,1029,763,0.5
CONTRASTIVE,XGBOOST,82,0.25,TEMPORAL,2116,0.02,0.9651890993118287,0.01990632318501171,0.8366101886600867,0.8272358231996024,0.9296636085626911,0.28733459357277885,0.4389891696750903,0.021739130434782608,304,23,1035,754,0.5
CONTRASTIVE,XGBOOST,82,0.25,DOMAIN_OOD,2116,0.02,0.9651890993118287,0.01990632318501171,0.8210947576063301,0.8073414903463038,0.9395348837209302,0.19092627599243855,0.3173605655930872,0.012287334593572778,202,13,1045,856,0.5
CONTRASTIVE,XGBOOST,82,0.25,TEMPLATE_OOD,2116,0.02,0.9651890993118287,0.01990632318501171,0.8421846303493901,0.82057579125289,0.9541284403669725,0.2948960302457467,0.4505415162454874,0.014177693761814745,312,15,1043,746,0.5
CONTRASTIVE,XGBOOST,82,0.25,DOMAIN_TEMPLATE_OOD,2116,0.02,0.9651890993118287,0.01990632318501171,0.8084714046686334,0.7916281031014041,0.9342723004694836,0.1880907372400756,0.3131392604248623,0.013232514177693762,199,14,1044,859,0.5
CONTRASTIVE,MLP,82,0.25,IID_BALANCED,2116,0.005,0.9994068145751954,0.00468384074941452,0.8633805206191119,0.8724641850193503,0.9597989949748744,0.18052930056710775,0.3038981702466189,0.007561436672967864,191,8,1050,867,0.5
CONTRASTIVE,MLP,82,0.25,TEMPORAL,2116,0.005,0.9994068145751954,0.00468384074941452,0.8573311984844333,0.8527945333242807,0.9732824427480916,0.24102079395085066,0.38636363636363635,0.006616257088846881,255,7,1051,803,0.5
CONTRASTIVE,MLP,82,0.25,DOMAIN_OOD,2116,0.005,0.9994068145751954,0.00468384074941452,0.8404798136775142,0.8362632709288489,0.963855421686747,0.15122873345935728,0.26143790849673204,0.005671077504725898,160,6,1052,898,0.5
CONTRASTIVE,MLP,82,0.25,TEMPLATE_OOD,2116,0.005,0.9994068145751954,0.00468384074941452,0.8612776162063891,0.8518444402357054,0.9838056680161943,0.22967863894139887,0.3724137931034483,0.003780718336483932,243,4,1054,815,0.5
CONTRASTIVE,MLP,82,0.25,DOMAIN_TEMPLATE_OOD,2116,0.005,0.9994068145751954,0.00468384074941452,0.8389399661872432,0.8277767553718004,0.9736842105263158,0.13988657844990549,0.24462809917355371,0.003780718336483932,148,4,1054,910,0.5
CONTRASTIVE,MLP,82,0.25,IID_BALANCED,2116,0.01,0.9983016252517701,0.00936768149882904,0.8633805206191119,0.8724641850193503,0.9545454545454546,0.2580340264650284,0.40625,0.012287334593572778,273,13,1045,785,0.5
CONTRASTIVE,MLP,82,0.25,TEMPORAL,2116,0.01,0.9983016252517701,0.00936768149882904,0.8573311984844333,0.8527945333242807,0.9542682926829268,0.29584120982986767,0.45165945165945165,0.014177693761814745,313,15,1043,745,0.5
CONTRASTIVE,MLP,82,0.25,DOMAIN_OOD,2116,0.01,0.9983016252517701,0.00936768149882904,0.8404798136775142,0.8362632709288489,0.9641255605381166,0.20321361058601134,0.3356752537080406,0.007561436672967864,215,8,1050,843,0.5
CONTRASTIVE,MLP,82,0.25,TEMPLATE_OOD,2116,0.01,0.9983016252517701,0.00936768149882904,0.8612776162063891,0.8518444402357054,0.9725609756097561,0.30151228733459357,0.4603174603174603,0.008506616257088847,319,9,1049,739,0.5
CONTRASTIVE,MLP,82,0.25,DOMAIN_TEMPLATE_OOD,2116,0.01,0.9983016252517701,0.00936768149882904,0.8389399661872432,0.8277767553718004,0.9761904761904762,0.1937618147448015,0.32334384858044163,0.004725897920604915,205,5,1053,853,0.5
CONTRASTIVE,MLP,82,0.25,IID_BALANCED,2116,0.02,0.9933400750160218,0.01990632318501171,0.8633805206191119,0.8724641850193503,0.9339853300733496,0.3610586011342155,0.5207907293796864,0.02551984877126654,382,27,1031,676,0.5
CONTRASTIVE,MLP,82,0.25,TEMPORAL,2116,0.02,0.9933400750160218,0.01990632318501171,0.8573311984844333,0.8527945333242807,0.9322429906542056,0.3771266540642722,0.5370121130551817,0.027410207939508508,399,29,1029,659,0.5
CONTRASTIVE,MLP,82,0.25,DOMAIN_OOD,2116,0.02,0.9933400750160218,0.01990632318501171,0.8404798136775142,0.8362632709288489,0.9391025641025641,0.276937618147448,0.42773722627737226,0.017958412098298678,293,19,1039,765,0.5
CONTRASTIVE,MLP,82,0.25,TEMPLATE_OOD,2116,0.02,0.9933400750160218,0.01990632318501171,0.8612776162063891,0.8518444402357054,0.9456264775413712,0.3780718336483932,0.5401755570560433,0.021739130434782608,400,23,1035,658,0.5
CONTRASTIVE,MLP,82,0.25,DOMAIN_TEMPLATE_OOD,2116,0.02,0.9933400750160218,0.01990632318501171,0.8389399661872432,0.8277767553718004,0.9562289562289562,0.2684310018903592,0.4191881918819188,0.012287334593572778,284,13,1045,774,0.5
BASE,LOGREG,82,1.0,IID_BALANCED,2116,0.005,0.9941252470016481,0.00468384074941452,0.933757155456087,0.9207058651162625,0.9936908517350158,0.29773156899810965,0.4581818181818182,0.001890359168241966,315,2,1056,743,0.5
BASE,LOGREG,82,1.0,TEMPORAL,2116,0.005,0.9941252470016481,0.00468384074941452,0.9482099370719944,0.9418250006253551,0.994475138121547,0.34026465028355385,0.5070422535211268,0.001890359168241966,360,2,1056,698,0.5
BASE,LOGREG,82,1.0,DOMAIN_OOD,2116,0.005,0.9941252470016481,0.00468384074941452,0.9267180762817451,0.924384739905875,0.9793388429752066,0.22400756143667297,0.3646153846153846,0.004725897920604915,237,5,1053,821,0.5
BASE,LOGREG,82,1.0,TEMPLATE_OOD,2116,0.005,0.9941252470016481,0.00468384074941452,0.9412801874570603,0.9336319552888962,0.9968652037617555,0.3005671077504726,0.46187363834422657,0.000945179584120983,318,1,1057,740,0.5
BASE,LOGREG,82,1.0,DOMAIN_TEMPLATE_OOD,2116,0.005,0.9941252470016481,0.00468384074941452,0.9210694680697082,0.9166937653882026,0.9785407725321889,0.21550094517958412,0.35321456235476373,0.004725897920604915,228,5,1053,830,0.5
BASE,LOGREG,82,1.0,IID_BALANCED,2116,0.01,0.9726248383522035,0.00936768149882904,0.933757155456087,0.9207058651162625,0.9879032258064516,0.46313799621928164,0.6306306306306306,0.005671077504725898,490,6,1052,568,0.5
BASE,LOGREG,82,1.0,TEMPORAL,2116,0.01,0.9726248383522035,0.00936768149882904,0.9482099370719944,0.9418250006253551,0.9853479853479854,0.5085066162570888,0.6708229426433915,0.007561436672967864,538,8,1050,520,0.5
BASE,LOGREG,82,1.0,DOMAIN_OOD,2116,0.01,0.9726248383522035,0.00936768149882904,0.9267180762817451,0.924384739905875,0.9684684684684685,0.4064272211720227,0.5725699067909454,0.013232514177693762,430,14,1044,628,0.5
BASE,LOGREG,82,1.0,TEMPLATE_OOD,2116,0.01,0.9726248383522035,0.00936768149882904,0.9412801874570603,0.9336319552888962,0.9860279441117764,0.4669187145557656,0.6337395766516998,0.006616257088846881,494,7,1051,564,0.5
BASE,LOGREG,82,1.0,DOMAIN_TEMPLATE_OOD,2116,0.01,0.9726248383522035,0.00936768149882904,0.9210694680697082,0.9166937653882026,0.9780487804878049,0.3790170132325142,0.5463215258855586,0.008506616257088847,401,9,1049,657,0.5
BASE,LOGREG,82,1.0,IID_BALANCED,2116,0.02,0.9327628612518312,0.01990632318501171,0.933757155456087,0.9207058651162625,0.9767827529021559,0.556710775047259,0.7092113184828417,0.013232514177693762,589,14,1044,469,0.5
BASE,LOGREG,82,1.0,TEMPORAL,2116,0.02,0.9327628612518312,0.01990632318501171,0.9482099370719944,0.9418250006253551,0.9808306709265175,0.5803402646502835,0.7292161520190024,0.011342155009451797,614,12,1046,444,0.5
BASE,LOGREG,82,1.0,DOMAIN_OOD,2116,0.02,0.9327628612518312,0.01990632318501171,0.9267180762817451,0.924384739905875,0.9626998223801065,0.5122873345935728,0.6687230104873535,0.01984877126654064,542,21,1037,516,0.5
BASE,LOGREG,82,1.0,TEMPLATE_OOD,2116,0.02,0.9327628612518312,0.01990632318501171,0.9412801874570603,0.9336319552888962,0.973421926910299,0.553875236294896,0.7060240963855422,0.015122873345935728,586,16,1042,472,0.5
BASE,LOGREG,82,1.0,DOMAIN_TEMPLATE_OOD,2116,0.02,0.9327628612518312,0.01990632318501171,0.9210694680697082,0.9166937653882026,0.9614643545279383,0.4716446124763705,0.6328471781864299,0.01890359168241966,499,20,1038,559,0.5
BASE,XGBOOST,82,1.0,IID_BALANCED,2116,0.005,0.9907761216163636,0.00468384074941452,0.930233220797613,0.9242292944922296,0.9929245283018868,0.39792060491493386,0.5681511470985156,0.002835538752362949,421,3,1055,637,0.5
BASE,XGBOOST,82,1.0,TEMPORAL,2116,0.005,0.9907761216163636,0.00468384074941452,0.9410290628233356,0.9381228983601402,0.9863760217983651,0.34215500945179583,0.5080701754385964,0.004725897920604915,362,5,1053,696,0.5
BASE,XGBOOST,82,1.0,DOMAIN_OOD,2116,0.005,0.9907761216163636,0.00468384074941452,0.9222799290493601,0.9224702598975847,0.9882352941176471,0.2381852551984877,0.38385376999238385,0.002835538752362949,252,3,1055,806,0.5
BASE,XGBOOST,82,1.0,TEMPLATE_OOD,2116,0.005,0.9907761216163636,0.00468384074941452,0.9316638607333333,0.9270666199734849,0.989100817438692,0.3431001890359168,0.5094736842105263,0.003780718336483932,363,4,1054,695,0.5
BASE,XGBOOST,82,1.0,DOMAIN_TEMPLATE_OOD,2116,0.005,0.9907761216163636,0.00468384074941452,0.9144116865301211,0.9142111055921043,0.9828326180257511,0.21644612476370512,0.35476374903175834,0.003780718336483932,229,4,1054,829,0.5
BASE,XGBOOST,82,1.0,IID_BALANCED,2116,0.01,0.951195001602173,0.00936768149882904,0.930233220797613,0.9242292944922296,0.9731182795698925,0.5132325141776938,0.6720297029702971,0.014177693761814745,543,15,1043,515,0.5
BASE,XGBOOST,82,1.0,TEMPORAL,2116,0.01,0.951195001602173,0.00936768149882904,0.9410290628233356,0.9381228983601402,0.9770723104056437,0.5236294896030246,0.6818461538461539,0.012287334593572778,554,13,1045,504,0.5
BASE,XGBOOST,82,1.0,DOMAIN_OOD,2116,0.01,0.951195001602173,0.00936768149882904,0.9222799290493601,0.9224702598975847,0.9695740365111561,0.45179584120982985,0.6163765312701482,0.014177693761814745,478,15,1043,580,0.5
BASE,XGBOOST,82,1.0,TEMPLATE_OOD,2116,0.01,0.951195001602173,0.00936768149882904,0.9316638607333333,0.9270666199734849,0.975517890772128,0.4896030245746692,0.6519823788546255,0.012287334593572778,518,13,1045,540,0.5
BASE,XGBOOST,82,1.0,DOMAIN_TEMPLATE_OOD,2116,0.01,0.951195001602173,0.00936768149882904,0.9144116865301211,0.9142111055921043,0.9757174392935982,0.41776937618147447,0.585043017868961,0.010396975425330813,442,11,1047,616,0.5
BASE,XGBOOST,82,1.0,IID_BALANCED,2116,0.02,0.8690348863601686,0.01990632318501171,0.930233220797613,0.9242292944922296,0.9565217391304348,0.5822306238185255,0.7238542890716804,0.026465028355387523,616,28,1030,442,0.5
BASE,XGBOOST,82,1.0,TEMPORAL,2116,0.02,0.8690348863601686,0.01990632318501171,0.9410290628233356,0.9381228983601402,0.9723926380368099,0.5992438563327032,0.7415204678362574,0.017013232514177693,634,18,1040,424,0.5
BASE,XGBOOST,82,1.0,DOMAIN_OOD,2116,0.02,0.8690348863601686,0.01990632318501171,0.9222799290493601,0.9224702598975847,0.9498381877022654,0.554820415879017,0.7004773269689738,0.02930056710775047,587,31,1027,471,0.5
BASE,XGBOOST,82,1.0,TEMPLATE_OOD,2116,0.02,0.8690348863601686,0.01990632318501171,0.9316638607333333,0.9270666199734849,0.9676898222940227,0.5661625708884688,0.714370900417412,0.01890359168241966,599,20,1038,459,0.5
BASE,XGBOOST,82,1.0,DOMAIN_TEMPLATE_OOD,2116,0.02,0.8690348863601686,0.01990632318501171,0.9144116865301211,0.9142111055921043,0.9660107334525939,0.5103969754253308,0.6679035250463822,0.017958412098298678,540,19,1039,518,0.5
BASE,MLP,82,1.0,IID_BALANCED,2116,0.005,0.9997183680534364,0.00468384074941452,0.9422499097972281,0.935544648568294,0.9930394431554525,0.4045368620037807,0.5748824714573539,0.002835538752362949,428,3,1055,630,0.5
BASE,MLP,82,1.0,TEMPORAL,2116,0.005,0.9997183680534364,0.00468384074941452,0.9552060771550368,0.9536075843068028,0.9841688654353562,0.35255198487712663,0.5191370911621433,0.005671077504725898,373,6,1052,685,0.5
BASE,MLP,82,1.0,DOMAIN_OOD,2116,0.005,0.9997183680534364,0.00468384074941452,0.9443152393686232,0.9426987110537769,0.9816849816849816,0.2533081285444234,0.4027047332832457,0.004725897920604915,268,5,1053,790,0.5
BASE,MLP,82,1.0,TEMPLATE_OOD,2116,0.005,0.9997183680534364,0.00468384074941452,0.9506613677453369,0.9477078055038397,0.9910979228486647,0.31568998109640833,0.47885304659498207,0.002835538752362949,334,3,1055,724,0.5
BASE,MLP,82,1.0,DOMAIN_TEMPLATE_OOD,2116,0.005,0.9997183680534364,0.00468384074941452,0.9407534776304646,0.9384797974564125,0.9874476987447699,0.22306238185255198,0.36391673091750193,0.002835538752362949,236,3,1055,822,0.5
BASE,MLP,82,1.0,IID_BALANCED,2116,0.01,0.99761700630188,0.00936768149882904,0.9422499097972281,0.935544648568294,0.9869402985074627,0.5,0.6637390213299874,0.006616257088846881,529,7,1051,529,0.5
BASE,MLP,82,1.0,TEMPORAL,2116,0.01,0.99761700630188,0.00936768149882904,0.9552060771550368,0.9536075843068028,0.9866412213740458,0.4886578449905482,0.6536030341340076,0.006616257088846881,517,7,1051,541,0.5
BASE,MLP,82,1.0,DOMAIN_OOD,2116,0.01,0.99761700630188,0.00936768149882904,0.9443152393686232,0.9426987110537769,0.9863013698630136,0.40831758034026466,0.5775401069518716,0.005671077504725898,432,6,1052,626,0.5
BASE,MLP,82,1.0,TEMPLATE_OOD,2116,0.01,0.99761700630188,0.00936768149882904,0.9506613677453369,0.9477078055038397,0.9835051546391752,0.45085066162570886,0.6182760855476345,0.007561436672967864,477,8,1050,581,0.5
BASE,MLP,82,1.0,DOMAIN_TEMPLATE_OOD,2116,0.01,0.99761700630188,0.00936768149882904,0.9407534776304646,0.9384797974564125,0.9896103896103896,0.3601134215500945,0.5280665280665281,0.003780718336483932,381,4,1054,677,0.5
BASE,MLP,82,1.0,IID_BALANCED,2116,0.02,0.9086251258850099,0.01990632318501171,0.9422499097972281,0.935544648568294,0.9621318373071529,0.6483931947069943,0.7747035573122529,0.02551984877126654,686,27,1031,372,0.5
BASE,MLP,82,1.0,TEMPORAL,2116,0.02,0.9086251258850099,0.01990632318501171,0.9552060771550368,0.9536075843068028,0.9736477115117892,0.6635160680529301,0.7892074198988196,0.017958412098298678,702,19,1039,356,0.5
BASE,MLP,82,1.0,DOMAIN_OOD,2116,0.02,0.9086251258850099,0.01990632318501171,0.9443152393686232,0.9426987110537769,0.9529569892473119,0.6701323251417769,0.7869034406215316,0.0330812854442344,709,35,1023,349,0.5
BASE,MLP,82,1.0,TEMPLATE_OOD,2116,0.02,0.9086251258850099,0.01990632318501171,0.9506613677453369,0.9477078055038397,0.9651324965132496,0.6540642722117203,0.7797183098591549,0.023629489603024575,692,25,1033,366,0.5
BASE,MLP,82,1.0,DOMAIN_TEMPLATE_OOD,2116,0.02,0.9086251258850099,0.01990632318501171,0.9407534776304646,0.9384797974564125,0.9614835948644793,0.6370510396975425,0.7663445139283684,0.02551984877126654,674,27,1031,384,0.5
DAPT,LOGREG,82,1.0,IID_BALANCED,2116,0.005,0.996743142604828,0.00468384074941452,0.9397190818516867,0.9340044882629779,0.9903846153846154,0.1947069943289225,0.325434439178515,0.001890359168241966,206,2,1056,852,0.5
DAPT,LOGREG,82,1.0,TEMPORAL,2116,0.005,0.996743142604828,0.00468384074941452,0.9567802580867256,0.9531385679725274,0.9888475836431226,0.2514177693761815,0.400904295403165,0.002835538752362949,266,3,1055,792,0.5
DAPT,LOGREG,82,1.0,DOMAIN_OOD,2116,0.005,0.996743142604828,0.00468384074941452,0.9401508157329692,0.9409119821612988,0.9903846153846154,0.1947069943289225,0.325434439178515,0.001890359168241966,206,2,1056,852,0.5
DAPT,LOGREG,82,1.0,TEMPLATE_OOD,2116,0.005,0.996743142604828,0.00468384074941452,0.9507549211764972,0.9465723392926698,0.9919354838709677,0.23251417769376181,0.3767228177641654,0.001890359168241966,246,2,1056,812,0.5
DAPT,LOGREG,82,1.0,DOMAIN_TEMPLATE_OOD,2116,0.005,0.996743142604828,0.00468384074941452,0.9292096289271262,0.9294277822048949,0.988950276243094,0.16918714555765596,0.28894269572235676,0.001890359168241966,179,2,1056,879,0.5
DAPT,LOGREG,82,1.0,IID_BALANCED,2116,0.01,0.9648672938346864,0.00936768149882904,0.9397190818516867,0.9340044882629779,0.982791586998088,0.48582230623818523,0.6502213788741303,0.008506616257088847,514,9,1049,544,0.5
DAPT,LOGREG,82,1.0,TEMPORAL,2116,0.01,0.9648672938346864,0.00936768149882904,0.9567802580867256,0.9531385679725274,0.9888888888888889,0.504725897920605,0.6683354192740926,0.005671077504725898,534,6,1052,524,0.5
DAPT,LOGREG,82,1.0,DOMAIN_OOD,2116,0.01,0.9648672938346864,0.00936768149882904,0.9401508157329692,0.9409119821612988,0.9820224719101124,0.41304347826086957,0.5815036593479708,0.007561436672967864,437,8,1050,621,0.5
DAPT,LOGREG,82,1.0,TEMPLATE_OOD,2116,0.01,0.9648672938346864,0.00936768149882904,0.9507549211764972,0.9465723392926698,0.9857433808553971,0.45746691871455575,0.6249193027759845,0.006616257088846881,484,7,1051,574,0.5
DAPT,LOGREG,82,1.0,DOMAIN_TEMPLATE_OOD,2116,0.01,0.9648672938346864,0.00936768149882904,0.9292096289271262,0.9294277822048949,0.9820971867007673,0.3629489603024575,0.5300207039337475,0.006616257088846881,384,7,1051,674,0.5
DAPT,LOGREG,82,1.0,IID_BALANCED,2116,0.02,0.9100803136825563,0.01990632318501171,0.9397190818516867,0.9340044882629779,0.9728,0.5746691871455577,0.7225193107546048,0.01606805293005671,608,17,1041,450,0.5
DAPT,LOGREG,82,1.0,TEMPORAL,2116,0.02,0.9100803136825563,0.01990632318501171,0.9567802580867256,0.9531385679725274,0.981651376146789,0.6068052930056711,0.75,0.011342155009451797,642,12,1046,416,0.5
DAPT,LOGREG,82,1.0,DOMAIN_OOD,2116,0.02,0.9100803136825563,0.01990632318501171,0.9401508157329692,0.9409119821612988,0.9708904109589042,0.5359168241965974,0.6906211936662606,0.01606805293005671,567,17,1041,491,0.5
DAPT,LOGREG,82,1.0,TEMPLATE_OOD,2116,0.02,0.9100803136825563,0.01990632318501171,0.9507549211764972,0.9465723392926698,0.9764890282131662,0.5888468809073724,0.7346698113207547,0.014177693761814745,623,15,1043,435,0.5
DAPT,LOGREG,82,1.0,DOMAIN_TEMPLATE_OOD,2116,0.02,0.9100803136825563,0.01990632318501171,0.9292096289271262,0.9294277822048949,0.9666666666666667,0.4933837429111531,0.6533166458072591,0.017013232514177693,522,18,1040,536,0.5
DAPT,XGBOOST,82,1.0,IID_BALANCED,2116,0.005,0.9833492040634156,0.00468384074941452,0.9279952449044279,0.9181329755110939,0.9879518072289156,0.46502835538752363,0.6323907455012854,0.005671077504725898,492,6,1052,566,0.5
DAPT,XGBOOST,82,1.0,TEMPORAL,2116,0.005,0.9833492040634156,0.00468384074941452,0.9408915861506695,0.9394191701716332,0.9821428571428571,0.4158790170132325,0.5843293492695883,0.007561436672967864,440,8,1050,618,0.5
DAPT,XGBOOST,82,1.0,DOMAIN_OOD,2116,0.005,0.9833492040634156,0.00468384074941452,0.9236123256999058,0.9250163485693662,0.9773371104815864,0.32608695652173914,0.4890148830616584,0.007561436672967864,345,8,1050,713,0.5
DAPT,XGBOOST,82,1.0,TEMPLATE_OOD,2116,0.005,0.9833492040634156,0.00468384074941452,0.9370656572138056,0.934124199098774,0.9862068965517241,0.4054820415879017,0.5746818486269256,0.005671077504725898,429,6,1052,629,0.5
DAPT,XGBOOST,82,1.0,DOMAIN_TEMPLATE_OOD,2116,0.005,0.9833492040634156,0.00468384074941452,0.9124459209161908,0.9148248469666703,0.970873786407767,0.2835538752362949,0.4389173372348208,0.008506616257088847,300,9,1049,758,0.5
DAPT,XGBOOST,82,1.0,IID_BALANCED,2116,0.01,0.9580472707748414,0.00936768149882904,0.9279952449044279,0.9181329755110939,0.9788359788359788,0.5245746691871456,0.683076923076923,0.011342155009451797,555,12,1046,503,0.5
DAPT,XGBOOST,82,1.0,TEMPORAL,2116,0.01,0.9580472707748414,0.00936768149882904,0.9408915861506695,0.9394191701716332,0.9769230769230769,0.48015122873345933,0.6438529784537389,0.011342155009451797,508,12,1046,550,0.5
DAPT,XGBOOST,82,1.0,DOMAIN_OOD,2116,0.01,0.9580472707748414,0.00936768149882904,0.9236123256999058,0.9250163485693662,0.9643652561247216,0.40926275992438566,0.5746516257465163,0.015122873345935728,433,16,1042,625,0.5
DAPT,XGBOOST,82,1.0,TEMPLATE_OOD,2116,0.01,0.9580472707748414,0.00936768149882904,0.9370656572138056,0.934124199098774,0.9781312127236581,0.46502835538752363,0.6303651505445227,0.010396975425330813,492,11,1047,566,0.5
DAPT,XGBOOST,82,1.0,DOMAIN_TEMPLATE_OOD,2116,0.01,0.9580472707748414,0.00936768149882904,0.9124459209161908,0.9148248469666703,0.9673366834170855,0.3638941398865784,0.5288461538461539,0.012287334593572778,385,13,1045,673,0.5
DAPT,XGBOOST,82,1.0,IID_BALANCED,2116,0.02,0.9024512171745301,0.01990632318501171,0.9279952449044279,0.9181329755110939,0.967948717948718,0.5708884688090737,0.718192627824019,0.01890359168241966,604,20,1038,454,0.5
DAPT,XGBOOST,82,1.0,TEMPORAL,2116,0.02,0.9024512171745301,0.01990632318501171,0.9408915861506695,0.9394191701716332,0.9704918032786886,0.5595463137996219,0.709832134292566,0.017013232514177693,592,18,1040,466,0.5
DAPT,XGBOOST,82,1.0,DOMAIN_OOD,2116,0.02,0.9024512171745301,0.01990632318501171,0.9236123256999058,0.9250163485693662,0.9558823529411765,0.4914933837429111,0.6491885143570537,0.022684310018903593,520,24,1034,538,0.5
DAPT,XGBOOST,82,1.0,TEMPLATE_OOD,2116,0.02,0.9024512171745301,0.01990632318501171,0.9370656572138056,0.934124199098774,0.966044142614601,0.5378071833648393,0.6909532483302975,0.01890359168241966,569,20,1038,489,0.5
DAPT,XGBOOST,82,1.0,DOMAIN_TEMPLATE_OOD,2116,0.02,0.9024512171745301,0.01990632318501171,0.9124459209161908,0.9148248469666703,0.9627450980392157,0.46408317580340264,0.6262755102040817,0.017958412098298678,491,19,1039,567,0.5
DAPT,MLP,82,1.0,IID_BALANCED,2116,0.005,0.996884047985077,0.00468384074941452,0.9433514274445376,0.9395053798406954,0.9850427350427351,0.43572778827977315,0.6041939711664482,0.006616257088846881,461,7,1051,597,0.5
DAPT,MLP,82,1.0,TEMPORAL,2116,0.005,0.996884047985077,0.00468384074941452,0.9557024885860268,0.9548935824271639,0.9849785407725322,0.43383742911153117,0.6023622047244095,0.006616257088846881,459,7,1051,599,0.5
DAPT,MLP,82,1.0,DOMAIN_OOD,2116,0.005,0.996884047985077,0.00468384074941452,0.9441129670296327,0.9445234079352204,0.9811320754716981,0.3440453686200378,0.509447165850245,0.006616257088846881,364,7,1051,694,0.5
DAPT,MLP,82,1.0,TEMPLATE_OOD,2116,0.005,0.996884047985077,0.00468384074941452,0.9518997704728022,0.9494695201918232,0.9908466819221968,0.40926275992438566,0.5792642140468227,0.003780718336483932,433,4,1054,625,0.5
DAPT,MLP,82,1.0,DOMAIN_TEMPLATE_OOD,2116,0.005,0.996884047985077,0.00468384074941452,0.9303411553033976,0.9325804653356728,0.9781931464174455,0.29678638941398866,0.45540246555474984,0.006616257088846881,314,7,1051,744,0.5
DAPT,MLP,82,1.0,IID_BALANCED,2116,0.01,0.9867315888404847,0.00936768149882904,0.9433514274445376,0.9395053798406954,0.9748201438848921,0.5122873345935728,0.6716232961586122,0.013232514177693762,542,14,1044,516,0.5
DAPT,MLP,82,1.0,TEMPORAL,2116,0.01,0.9867315888404847,0.00936768149882904,0.9557024885860268,0.9548935824271639,0.9836660617059891,0.5122873345935728,0.6737103791174642,0.008506616257088847,542,9,1049,516,0.5
DAPT,MLP,82,1.0,DOMAIN_OOD,2116,0.01,0.9867315888404847,0.00936768149882904,0.9441129670296327,0.9445234079352204,0.9774127310061602,0.4499054820415879,0.6161812297734628,0.010396975425330813,476,11,1047,582,0.5
DAPT,MLP,82,1.0,TEMPLATE_OOD,2116,0.01,0.9867315888404847,0.00936768149882904,0.9518997704728022,0.9494695201918232,0.982791586998088,0.48582230623818523,0.6502213788741303,0.008506616257088847,514,9,1049,544,0.5
DAPT,MLP,82,1.0,DOMAIN_TEMPLATE_OOD,2116,0.01,0.9867315888404847,0.00936768149882904,0.9303411553033976,0.9325804653356728,0.9789227166276346,0.3950850661625709,0.562962962962963,0.008506616257088847,418,9,1049,640,0.5
DAPT,MLP,82,1.0,IID_BALANCED,2116,0.02,0.9093564748764039,0.01990632318501171,0.9433514274445376,0.9395053798406954,0.9659763313609467,0.6172022684310019,0.7531718569780853,0.021739130434782608,653,23,1035,405,0.5
DAPT,MLP,82,1.0,TEMPORAL,2116,0.02,0.9093564748764039,0.01990632318501171,0.9557024885860268,0.9548935824271639,0.968609865470852,0.6124763705103969,0.7504342790966995,0.01984877126654064,648,21,1037,410,0.5
DAPT,MLP,82,1.0,DOMAIN_OOD,2116,0.02,0.9093564748764039,0.01990632318501171,0.9441129670296327,0.9445234079352204,0.9653543307086614,0.5793950850661626,0.7241582988777319,0.020793950850661626,613,22,1036,445,0.5
DAPT,MLP,82,1.0,TEMPLATE_OOD,2116,0.02,0.9093564748764039,0.01990632318501171,0.9518997704728022,0.9494695201918232,0.9664634146341463,0.5992438563327032,0.7397899649941657,0.020793950850661626,634,22,1036,424,0.5
DAPT,MLP,82,1.0,DOMAIN_TEMPLATE_OOD,2116,0.02,0.9093564748764039,0.01990632318501171,0.9303411553033976,0.9325804653356728,0.9540816326530612,0.5302457466918714,0.6816524908869988,0.02551984877126654,561,27,1031,497,0.5
CONTRASTIVE,LOGREG,82,1.0,IID_BALANCED,2116,0.005,0.9923335909843446,0.00468384074941452,0.868904327310347,0.8622941241633643,0.953125,0.23062381852551986,0.3713850837138508,0.011342155009451797,244,12,1046,814,0.5
CONTRASTIVE,LOGREG,82,1.0,TEMPORAL,2116,0.005,0.9923335909843446,0.00468384074941452,0.8773157264485909,0.8703603117484572,0.9711191335740073,0.2542533081285444,0.40299625468164796,0.007561436672967864,269,8,1050,789,0.5
CONTRASTIVE,LOGREG,82,1.0,DOMAIN_OOD,2116,0.005,0.9923335909843446,0.00468384074941452,0.8628938286866537,0.8517845848178072,0.9682539682539683,0.17296786389413987,0.293504410585405,0.005671077504725898,183,6,1052,875,0.5
CONTRASTIVE,LOGREG,82,1.0,TEMPLATE_OOD,2116,0.005,0.9923335909843446,0.00468384074941452,0.875708024638413,0.8624790506037356,0.9773584905660377,0.2448015122873346,0.3915343915343915,0.005671077504725898,259,6,1052,799,0.5
CONTRASTIVE,LOGREG,82,1.0,DOMAIN_TEMPLATE_OOD,2116,0.005,0.9923335909843446,0.00468384074941452,0.852631896066637,0.83976436619366,0.9717514124293786,0.16257088846880907,0.2785425101214575,0.004725897920604915,172,5,1053,886,0.5
CONTRASTIVE,LOGREG,82,1.0,IID_BALANCED,2116,0.01,0.9895641803741456,0.00936768149882904,0.868904327310347,0.8622941241633643,0.9554794520547946,0.2637051039697543,0.41333333333333333,0.012287334593572778,279,13,1045,779,0.5
CONTRASTIVE,LOGREG,82,1.0,TEMPORAL,2116,0.01,0.9895641803741456,0.00936768149882904,0.8773157264485909,0.8703603117484572,0.9616613418530351,0.2844990548204159,0.4390955506929249,0.011342155009451797,301,12,1046,757,0.5
CONTRASTIVE,LOGREG,82,1.0,DOMAIN_OOD,2116,0.01,0.9895641803741456,0.00936768149882904,0.8628938286866537,0.8517845848178072,0.966183574879227,0.1890359168241966,0.31620553359683795,0.006616257088846881,200,7,1051,858,0.5
CONTRASTIVE,LOGREG,82,1.0,TEMPLATE_OOD,2116,0.01,0.9895641803741456,0.00936768149882904,0.875708024638413,0.8624790506037356,0.9730639730639731,0.2731568998109641,0.4265682656826568,0.007561436672967864,289,8,1050,769,0.5
CONTRASTIVE,LOGREG,82,1.0,DOMAIN_TEMPLATE_OOD,2116,0.01,0.9895641803741456,0.00936768149882904,0.852631896066637,0.83976436619366,0.9595959595959596,0.17958412098298676,0.30254777070063693,0.007561436672967864,190,8,1050,868,0.5
CONTRASTIVE,LOGREG,82,1.0,IID_BALANCED,2116,0.02,0.9544537663459779,0.01990632318501171,0.868904327310347,0.8622941241633643,0.9293598233995585,0.39792060491493386,0.557246856386499,0.030245746691871456,421,32,1026,637,0.5
CONTRASTIVE,LOGREG,82,1.0,TEMPORAL,2116,0.02,0.9544537663459779,0.01990632318501171,0.8773157264485909,0.8703603117484572,0.9473684210526315,0.40831758034026466,0.570673712021136,0.022684310018903593,432,24,1034,626,0.5
CONTRASTIVE,LOGREG,82,1.0,DOMAIN_OOD,2116,0.02,0.9544537663459779,0.01990632318501171,0.8628938286866537,0.8517845848178072,0.9517426273458445,0.33553875236294894,0.49615653389238296,0.017013232514177693,355,18,1040,703,0.5
CONTRASTIVE,LOGREG,82,1.0,TEMPLATE_OOD,2116,0.02,0.9544537663459779,0.01990632318501171,0.875708024638413,0.8624790506037356,0.954337899543379,0.3950850661625709,0.5588235294117647,0.01890359168241966,418,20,1038,640,0.5
CONTRASTIVE,LOGREG,82,1.0,DOMAIN_TEMPLATE_OOD,2116,0.02,0.9544537663459779,0.01990632318501171,0.852631896066637,0.83976436619366,0.9403409090909091,0.31285444234404536,0.4695035460992908,0.01984877126654064,331,21,1037,727,0.5
CONTRASTIVE,XGBOOST,82,1.0,IID_BALANCED,2116,0.005,0.9946367144584657,0.00468384074941452,0.8641921283355051,0.8716512233732727,0.9669421487603306,0.11058601134215501,0.1984732824427481,0.003780718336483932,117,4,1054,941,0.5
CONTRASTIVE,XGBOOST,82,1.0,TEMPORAL,2116,0.005,0.9946367144584657,0.00468384074941452,0.875144366241233,0.861591046344174,0.9826589595375722,0.16068052930056712,0.27619821283509344,0.002835538752362949,170,3,1055,888,0.5
CONTRASTIVE,XGBOOST,82,1.0,DOMAIN_OOD,2116,0.005,0.9946367144584657,0.00468384074941452,0.8486142971882831,0.838516336062264,0.9893617021276596,0.08790170132325142,0.16145833333333334,0.000945179584120983,93,1,1057,965,0.5
CONTRASTIVE,XGBOOST,82,1.0,TEMPLATE_OOD,2116,0.005,0.9946367144584657,0.00468384074941452,0.8746668897589008,0.8618876433403253,0.9886363636363636,0.16446124763705103,0.2820097244732577,0.001890359168241966,174,2,1056,884,0.5
CONTRASTIVE,XGBOOST,82,1.0,DOMAIN_TEMPLATE_OOD,2116,0.005,0.9946367144584657,0.00468384074941452,0.8420536787805994,0.8277852423340396,0.987012987012987,0.07183364839319471,0.13392070484581498,0.000945179584120983,76,1,1057,982,0.5
CONTRASTIVE,XGBOOST,82,1.0,IID_BALANCED,2116,0.01,0.9796441793441774,0.00936768149882904,0.8641921283355051,0.8716512233732727,0.950530035335689,0.2542533081285444,0.40119313944817303,0.013232514177693762,269,14,1044,789,0.5
CONTRASTIVE,XGBOOST,82,1.0,TEMPORAL,2116,0.01,0.9796441793441774,0.00936768149882904,0.875144366241233,0.861591046344174,0.9716312056737588,0.2589792060491493,0.408955223880597,0.007561436672967864,274,8,1050,784,0.5
CONTRASTIVE,XGBOOST,82,1.0,DOMAIN_OOD,2116,0.01,0.9796441793441774,0.00936768149882904,0.8486142971882831,0.838516336062264,0.9619565217391305,0.16729678638941398,0.28502415458937197,0.006616257088846881,177,7,1051,881,0.5
CONTRASTIVE,XGBOOST,82,1.0,TEMPLATE_OOD,2116,0.01,0.9796441793441774,0.00936768149882904,0.8746668897589008,0.8618876433403253,0.974169741697417,0.2495274102079395,0.3972911963882618,0.006616257088846881,264,7,1051,794,0.5
CONTRASTIVE,XGBOOST,82,1.0,DOMAIN_TEMPLATE_OOD,2116,0.01,0.9796441793441774,0.00936768149882904,0.8420536787805994,0.8277852423340396,0.9743589743589743,0.14366729678638943,0.2504118616144975,0.003780718336483932,152,4,1054,906,0.5
CONTRASTIVE,XGBOOST,82,1.0,IID_BALANCED,2116,0.02,0.9513012766838075,0.01990632318501171,0.8641921283355051,0.8716512233732727,0.9301745635910225,0.35255198487712663,0.5113091158327622,0.026465028355387523,373,28,1030,685,0.5
CONTRASTIVE,XGBOOST,82,1.0,TEMPORAL,2116,0.02,0.9513012766838075,0.01990632318501171,0.875144366241233,0.861591046344174,0.9509043927648578,0.34782608695652173,0.5093425605536333,0.017958412098298678,368,19,1039,690,0.5
CONTRASTIVE,XGBOOST,82,1.0,DOMAIN_OOD,2116,0.02,0.9513012766838075,0.01990632318501171,0.8486142971882831,0.838516336062264,0.9434628975265018,0.2523629489603025,0.3982102908277405,0.015122873345935728,267,16,1042,791,0.5
CONTRASTIVE,XGBOOST,82,1.0,TEMPLATE_OOD,2116,0.02,0.9513012766838075,0.01990632318501171,0.8746668897589008,0.8618876433403253,0.9544235924932976,0.33648393194706994,0.4975541579315164,0.01606805293005671,356,17,1041,702,0.5
CONTRASTIVE,XGBOOST,82,1.0,DOMAIN_TEMPLATE_OOD,2116,0.02,0.9513012766838075,0.01990632318501171,0.8420536787805994,0.8277852423340396,0.9619771863117871,0.2391304347826087,0.38304314912944737,0.00945179584120983,253,10,1048,805,0.5
CONTRASTIVE,MLP,82,1.0,IID_BALANCED,2116,0.005,0.9993197917938234,0.00468384074941452,0.8926369113337584,0.8930781229340946,0.9744525547445255,0.2523629489603025,0.4009009009009009,0.006616257088846881,267,7,1051,791,0.5
CONTRASTIVE,MLP,82,1.0,TEMPORAL,2116,0.005,0.9993197917938234,0.00468384074941452,0.8839589066719675,0.8831010287984964,0.9747292418772563,0.2551984877126654,0.4044943820224719,0.006616257088846881,270,7,1051,788,0.5
CONTRASTIVE,MLP,82,1.0,DOMAIN_OOD,2116,0.005,0.9993197917938234,0.00468384074941452,0.8660040281656547,0.8626389628396126,0.9810126582278481,0.14650283553875237,0.25493421052631576,0.002835538752362949,155,3,1055,903,0.5
CONTRASTIVE,MLP,82,1.0,TEMPLATE_OOD,2116,0.005,0.9993197917938234,0.00468384074941452,0.8914446035728539,0.881104805943375,0.9883268482490273,0.24007561436672967,0.38631178707224334,0.002835538752362949,254,3,1055,804,0.5
CONTRASTIVE,MLP,82,1.0,DOMAIN_TEMPLATE_OOD,2116,0.005,0.9993197917938234,0.00468384074941452,0.8605742473560007,0.853696384732759,0.9863945578231292,0.13705103969754254,0.24066390041493776,0.001890359168241966,145,2,1056,913,0.5
CONTRASTIVE,MLP,82,1.0,IID_BALANCED,2116,0.01,0.9959062337875367,0.00936768149882904,0.8926369113337584,0.8930781229340946,0.9645569620253165,0.3601134215500945,0.5244322092222987,0.013232514177693762,381,14,1044,677,0.5
CONTRASTIVE,MLP,82,1.0,TEMPORAL,2116,0.01,0.9959062337875367,0.00936768149882904,0.8839589066719675,0.8831010287984964,0.9479166666666666,0.3440453686200378,0.5048543689320388,0.01890359168241966,364,20,1038,694,0.5
CONTRASTIVE,MLP,82,1.0,DOMAIN_OOD,2116,0.01,0.9959062337875367,0.00936768149882904,0.8660040281656547,0.8626389628396126,0.9580152671755725,0.23724007561436672,0.3803030303030303,0.010396975425330813,251,11,1047,807,0.5
CONTRASTIVE,MLP,82,1.0,TEMPLATE_OOD,2116,0.01,0.9959062337875367,0.00936768149882904,0.8914446035728539,0.881104805943375,0.9681697612732095,0.3449905482041588,0.5087108013937283,0.011342155009451797,365,12,1046,693,0.5
CONTRASTIVE,MLP,82,1.0,DOMAIN_TEMPLATE_OOD,2116,0.01,0.9959062337875367,0.00936768149882904,0.8605742473560007,0.853696384732759,0.9603174603174603,0.22873345935727787,0.36946564885496186,0.00945179584120983,242,10,1048,816,0.5
CONTRASTIVE,MLP,82,1.0,IID_BALANCED,2116,0.02,0.9862673282623292,0.01990632318501171,0.8926369113337584,0.8930781229340946,0.9439834024896265,0.43005671077504726,0.5909090909090909,0.02551984877126654,455,27,1031,603,0.5
CONTRASTIVE,MLP,82,1.0,TEMPORAL,2116,0.02,0.9862673282623292,0.01990632318501171,0.8839589066719675,0.8831010287984964,0.9432314410480349,0.40831758034026466,0.5699208443271768,0.024574669187145556,432,26,1032,626,0.5
CONTRASTIVE,MLP,82,1.0,DOMAIN_OOD,2116,0.02,0.9862673282623292,0.01990632318501171,0.8660040281656547,0.8626389628396126,0.9425287356321839,0.31001890359168244,0.4665718349928876,0.01890359168241966,328,20,1038,730,0.5
CONTRASTIVE,MLP,82,1.0,TEMPLATE_OOD,2116,0.02,0.9862673282623292,0.01990632318501171,0.8914446035728539,0.881104805943375,0.9568034557235421,0.41871455576559546,0.5825115055884287,0.01890359168241966,443,20,1038,615,0.5
CONTRASTIVE,MLP,82,1.0,DOMAIN_TEMPLATE_OOD,2116,0.02,0.9862673282623292,0.01990632318501171,0.8605742473560007,0.853696384732759,0.9486404833836858,0.29678638941398866,0.4521238300935925,0.01606805293005671,314,17,1041,744,0.5
