representation,classifier,seed,label_budget,target_fpr,comparison,iid_n,ood_n,iid_prevalence,ood_prevalence,iid_ap,ood_ap,ap_delta_ood_minus_iid,iid_empirical_fpr,ood_empirical_fpr,empirical_fpr_delta,iid_recall,ood_recall,recall_delta
BASE,LOGREG,42,0.1,0.005,IID_BALANCED->TEMPORAL,2116,8000,0.5,0.5,0.9037980924555247,0.918040854089804,0.014242761634279288,0.002835538752362949,0.00175,-0.0010855387523629491,0.2589792060491493,0.17375,-0.08522920604914933
BASE,LOGREG,42,0.1,0.005,IID_BALANCED->DOMAIN_OOD,2116,3858,0.5,0.5,0.9037980924555247,0.8895582305703407,-0.014239861885184002,0.002835538752362949,0.002592016588906169,-0.00024352216345678015,0.2589792060491493,0.11353032659409021,-0.1454488794550591
BASE,LOGREG,42,0.1,0.005,IID_BALANCED->TEMPLATE_OOD,2116,6832,0.5,0.5,0.9037980924555247,0.9166973883424776,0.012899295886952933,0.002835538752362949,0.001756440281030445,-0.0010790984713325042,0.2589792060491493,0.16334894613583137,-0.09563025991331794
BASE,LOGREG,42,0.1,0.005,IID_BALANCED->DOMAIN_TEMPLATE_OOD,2116,3708,0.5,0.5,0.9037980924555247,0.8796824802823101,-0.024115612173214562,0.002835538752362949,0.002696871628910464,-0.00013866712345248508,0.2589792060491493,0.10679611650485436,-0.15218308954429494
BASE,LOGREG,42,0.1,0.01,IID_BALANCED->TEMPORAL,2116,8000,0.5,0.5,0.9037980924555247,0.918040854089804,0.014242761634279288,0.003780718336483932,0.004,0.00021928166351606803,0.3610586011342155,0.25575,-0.10530860113421553
BASE,LOGREG,42,0.1,0.01,IID_BALANCED->DOMAIN_OOD,2116,3858,0.5,0.5,0.9037980924555247,0.8895582305703407,-0.014239861885184002,0.003780718336483932,0.005184033177812338,0.001403314841328406,0.3610586011342155,0.17884914463452567,-0.18220945649968984
BASE,LOGREG,42,0.1,0.01,IID_BALANCED->TEMPLATE_OOD,2116,6832,0.5,0.5,0.9037980924555247,0.9166973883424776,0.012899295886952933,0.003780718336483932,0.004391100702576112,0.00061038236609218,0.3610586011342155,0.2459016393442623,-0.11515696178995322
BASE,LOGREG,42,0.1,0.01,IID_BALANCED->DOMAIN_TEMPLATE_OOD,2116,3708,0.5,0.5,0.9037980924555247,0.8796824802823101,-0.024115612173214562,0.003780718336483932,0.005393743257820928,0.001613024921336996,0.3610586011342155,0.16666666666666666,-0.19439193446754885
BASE,LOGREG,42,0.1,0.02,IID_BALANCED->TEMPORAL,2116,8000,0.5,0.5,0.9037980924555247,0.918040854089804,0.014242761634279288,0.01606805293005671,0.0165,0.00043194706994328924,0.4810964083175803,0.4295,-0.05159640831758033
BASE,LOGREG,42,0.1,0.02,IID_BALANCED->DOMAIN_OOD,2116,3858,0.5,0.5,0.9037980924555247,0.8895582305703407,-0.014239861885184002,0.01606805293005671,0.021254536029030584,0.005186483098973873,0.4810964083175803,0.3452566096423017,-0.13583979867527862
BASE,LOGREG,42,0.1,0.02,IID_BALANCED->TEMPLATE_OOD,2116,6832,0.5,0.5,0.9037980924555247,0.9166973883424776,0.012899295886952933,0.01606805293005671,0.015515222482435597,-0.0005528304476211145,0.4810964083175803,0.4153981264637002,-0.0656982818538801
BASE,LOGREG,42,0.1,0.02,IID_BALANCED->DOMAIN_TEMPLATE_OOD,2116,3708,0.5,0.5,0.9037980924555247,0.8796824802823101,-0.024115612173214562,0.01606805293005671,0.020496224379719527,0.0044281714496628155,0.4810964083175803,0.32470334412081986,-0.15639306419676047
BASE,LOGREG,42,0.25,0.005,IID_BALANCED->TEMPORAL,2116,8000,0.5,0.5,0.9177763846888436,0.9364627804978285,0.0186863958089849,0.000945179584120983,0.00125,0.000304820415879017,0.19281663516068054,0.214,0.021183364839319457
BASE,LOGREG,42,0.25,0.005,IID_BALANCED->DOMAIN_OOD,2116,3858,0.5,0.5,0.9177763846888436,0.9163930765037394,-0.0013833081851042373,0.000945179584120983,0.0015552099533437014,0.0006100303692227184,0.19281663516068054,0.18040435458786935,-0.012412280572811185
BASE,LOGREG,42,0.25,0.005,IID_BALANCED->TEMPLATE_OOD,2116,6832,0.5,0.5,0.9177763846888436,0.9314459231083095,0.013669538419465943,0.000945179584120983,0.0014637002341920376,0.0005185206500710546,0.19281663516068054,0.21311475409836064,0.020298118937680104
BASE,LOGREG,42,0.25,0.005,IID_BALANCED->DOMAIN_TEMPLATE_OOD,2116,3708,0.5,0.5,0.9177763846888436,0.9084288200381455,-0.009347564650698081,0.000945179584120983,0.0016181229773462784,0.0006729433932252954,0.19281663516068054,0.18122977346278318,-0.011586861697897355
BASE,LOGREG,42,0.25,0.01,IID_BALANCED->TEMPORAL,2116,8000,0.5,0.5,0.9177763846888436,0.9364627804978285,0.0186863958089849,0.004725897920604915,0.00625,0.0015241020793950854,0.39697542533081287,0.402,0.005024574669187154
BASE,LOGREG,42,0.25,0.01,IID_BALANCED->DOMAIN_OOD,2116,3858,0.5,0.5,0.9177763846888436,0.9163930765037394,-0.0013833081851042373,0.004725897920604915,0.008812856402280975,0.00408695848167606,0.39697542533081287,0.3499222395023328,-0.04705318582848006
BASE,LOGREG,42,0.25,0.01,IID_BALANCED->TEMPLATE_OOD,2116,6832,0.5,0.5,0.9177763846888436,0.9314459231083095,0.013669538419465943,0.004725897920604915,0.00702576112412178,0.002299863203516865,0.39697542533081287,0.3931498829039813,-0.003825542426831585
BASE,LOGREG,42,0.25,0.01,IID_BALANCED->DOMAIN_TEMPLATE_OOD,2116,3708,0.5,0.5,0.9177763846888436,0.9084288200381455,-0.009347564650698081,0.004725897920604915,0.008629989212513484,0.0039040912919085687,0.39697542533081287,0.33495145631067963,-0.06202396902013324
BASE,LOGREG,42,0.25,0.02,IID_BALANCED->TEMPORAL,2116,8000,0.5,0.5,0.9177763846888436,0.9364627804978285,0.0186863958089849,0.01890359168241966,0.021,0.0020964083175803415,0.5472589792060492,0.58325,0.03599102079395089
BASE,LOGREG,42,0.25,0.02,IID_BALANCED->DOMAIN_OOD,2116,3858,0.5,0.5,0.9177763846888436,0.9163930765037394,-0.0013833081851042373,0.01890359168241966,0.026438569206842923,0.0075349775244232635,0.5472589792060492,0.5443234836702955,-0.002935495535753674
BASE,LOGREG,42,0.25,0.02,IID_BALANCED->TEMPLATE_OOD,2116,6832,0.5,0.5,0.9177763846888436,0.9314459231083095,0.013669538419465943,0.01890359168241966,0.02224824355971897,0.00334465187729931,0.5472589792060492,0.5766978922716628,0.029438913065613637
BASE,LOGREG,42,0.25,0.02,IID_BALANCED->DOMAIN_TEMPLATE_OOD,2116,3708,0.5,0.5,0.9177763846888436,0.9084288200381455,-0.009347564650698081,0.01890359168241966,0.026429341963322545,0.0075257502809028855,0.5472589792060492,0.5167206040992449,-0.03053837510680424
BASE,LOGREG,42,1.0,0.005,IID_BALANCED->TEMPORAL,2116,8000,0.5,0.5,0.933757155456087,0.9499098889746075,0.016152733518520535,0.001890359168241966,0.00275,0.0008596408317580338,0.29773156899810965,0.322,0.024268431001890356
BASE,LOGREG,42,1.0,0.005,IID_BALANCED->DOMAIN_OOD,2116,3858,0.5,0.5,0.933757155456087,0.925876188699382,-0.00788096675670491,0.001890359168241966,0.00414722654224987,0.0022568673740079046,0.29773156899810965,0.2332814930015552,-0.06445007599655445
BASE,LOGREG,42,1.0,0.005,IID_BALANCED->TEMPLATE_OOD,2116,6832,0.5,0.5,0.933757155456087,0.9457954310921128,0.012038275636025886,0.001890359168241966,0.0032201405152224825,0.0013297813469805165,0.29773156899810965,0.3190866510538642,0.021355082055754537
BASE,LOGREG,42,1.0,0.005,IID_BALANCED->DOMAIN_TEMPLATE_OOD,2116,3708,0.5,0.5,0.933757155456087,0.9213074954291286,-0.012449660026958353,0.001890359168241966,0.004314994606256742,0.002424635438014776,0.29773156899810965,0.22168284789644013,-0.07604872110166952
BASE,LOGREG,42,1.0,0.01,IID_BALANCED->TEMPORAL,2116,8000,0.5,0.5,0.933757155456087,0.9499098889746075,0.016152733518520535,0.005671077504725898,0.0075,0.0018289224952741014,0.46313799621928164,0.4945,0.03136200378071835
BASE,LOGREG,42,1.0,0.01,IID_BALANCED->DOMAIN_OOD,2116,3858,0.5,0.5,0.933757155456087,0.925876188699382,-0.00788096675670491,0.005671077504725898,0.01088646967340591,0.005215392168680012,0.46313799621928164,0.40435458786936235,-0.0587834083499193
BASE,LOGREG,42,1.0,0.01,IID_BALANCED->TEMPLATE_OOD,2116,6832,0.5,0.5,0.933757155456087,0.9457954310921128,0.012038275636025886,0.005671077504725898,0.007903981264637002,0.002232903759911104,0.46313799621928164,0.4882903981264637,0.025152401907182043
BASE,LOGREG,42,1.0,0.01,IID_BALANCED->DOMAIN_TEMPLATE_OOD,2116,3708,0.5,0.5,0.933757155456087,0.9213074954291286,-0.012449660026958353,0.005671077504725898,0.010248112189859764,0.004577034685133865,0.46313799621928164,0.3888888888888889,-0.07424910733039275
BASE,LOGREG,42,1.0,0.02,IID_BALANCED->TEMPORAL,2116,8000,0.5,0.5,0.933757155456087,0.9499098889746075,0.016152733518520535,0.013232514177693762,0.01375,0.0005174858223062385,0.556710775047259,0.58225,0.02553922495274108
BASE,LOGREG,42,1.0,0.02,IID_BALANCED->DOMAIN_OOD,2116,3858,0.5,0.5,0.933757155456087,0.925876188699382,-0.00788096675670491,0.013232514177693762,0.020736132711249352,0.00750361853355559,0.556710775047259,0.5002592016588906,-0.05645157338836837
BASE,LOGREG,42,1.0,0.02,IID_BALANCED->TEMPLATE_OOD,2116,6832,0.5,0.5,0.933757155456087,0.9457954310921128,0.012038275636025886,0.013232514177693762,0.014929742388758781,0.00169722821106502,0.556710775047259,0.5711358313817331,0.014425056334474107
BASE,LOGREG,42,1.0,0.02,IID_BALANCED->DOMAIN_TEMPLATE_OOD,2116,3708,0.5,0.5,0.933757155456087,0.9213074954291286,-0.012449660026958353,0.013232514177693762,0.019956850053937433,0.006724335876243671,0.556710775047259,0.47518878101402373,-0.08152199403323523
BASE,LOGREG,52,0.1,0.005,IID_BALANCED->TEMPORAL,2116,8000,0.5,0.5,0.8993387007893024,0.9123922244125747,0.013053523623272278,0.010396975425330813,0.006,-0.004396975425330813,0.34120982986767484,0.33125,-0.009959829867674852
BASE,LOGREG,52,0.1,0.005,IID_BALANCED->DOMAIN_OOD,2116,3858,0.5,0.5,0.8993387007893024,0.8854540099057087,-0.013884690883593787,0.010396975425330813,0.00673924313115604,-0.0036577322941747734,0.34120982986767484,0.32089165370658373,-0.020318176161091106
BASE,LOGREG,52,0.1,0.005,IID_BALANCED->TEMPLATE_OOD,2116,6832,0.5,0.5,0.8993387007893024,0.907010480456393,0.007671779667090539,0.010396975425330813,0.004976580796252928,-0.0054203946290778855,0.34120982986767484,0.33138173302107726,-0.009828096846597578
BASE,LOGREG,52,0.1,0.005,IID_BALANCED->DOMAIN_TEMPLATE_OOD,2116,3708,0.5,0.5,0.8993387007893024,0.8744923072350446,-0.024846393554257884,0.010396975425330813,0.007011866235167206,-0.003385109190163607,0.34120982986767484,0.3220064724919094,-0.01920335737576545
BASE,LOGREG,52,0.1,0.01,IID_BALANCED->TEMPORAL,2116,8000,0.5,0.5,0.8993387007893024,0.9123922244125747,0.013053523623272278,0.013232514177693762,0.01075,-0.0024825141776937624,0.39224952741020797,0.39,-0.002249527410207952
BASE,LOGREG,52,0.1,0.01,IID_BALANCED->DOMAIN_OOD,2116,3858,0.5,0.5,0.8993387007893024,0.8854540099057087,-0.013884690883593787,0.013232514177693762,0.012960082944530845,-0.0002724312331629161,0.39224952741020797,0.36391912908242613,-0.028330398327781836
BASE,LOGREG,52,0.1,0.01,IID_BALANCED->TEMPLATE_OOD,2116,6832,0.5,0.5,0.8993387007893024,0.907010480456393,0.007671779667090539,0.013232514177693762,0.009660421545667448,-0.003572092632026314,0.39224952741020797,0.3861241217798595,-0.006125405630348468
BASE,LOGREG,52,0.1,0.01,IID_BALANCED->DOMAIN_TEMPLATE_OOD,2116,3708,0.5,0.5,0.8993387007893024,0.8744923072350446,-0.024846393554257884,0.013232514177693762,0.012944983818770227,-0.0002875303589235344,0.39224952741020797,0.3667745415318231,-0.02547498587838487
BASE,LOGREG,52,0.1,0.02,IID_BALANCED->TEMPORAL,2116,8000,0.5,0.5,0.8993387007893024,0.9123922244125747,0.013053523623272278,0.01890359168241966,0.01775,-0.0011535916824196614,0.4848771266540643,0.50075,0.015872873345935734
BASE,LOGREG,52,0.1,0.02,IID_BALANCED->DOMAIN_OOD,2116,3858,0.5,0.5,0.8993387007893024,0.8854540099057087,-0.013884690883593787,0.01890359168241966,0.024883359253499222,0.0059797675710795625,0.4848771266540643,0.4701918092275791,-0.014685317426485212
BASE,LOGREG,52,0.1,0.02,IID_BALANCED->TEMPLATE_OOD,2116,6832,0.5,0.5,0.8993387007893024,0.907010480456393,0.007671779667090539,0.01890359168241966,0.01756440281030445,-0.0013391888721152115,0.4848771266540643,0.49004683840749413,0.00516971175342984
BASE,LOGREG,52,0.1,0.02,IID_BALANCED->DOMAIN_TEMPLATE_OOD,2116,3708,0.5,0.5,0.8993387007893024,0.8744923072350446,-0.024846393554257884,0.01890359168241966,0.02535059331175836,0.0064470016293387,0.4848771266540643,0.45037756202804746,-0.03449956462601683
BASE,LOGREG,52,0.25,0.005,IID_BALANCED->TEMPORAL,2116,8000,0.5,0.5,0.9116627659270797,0.938939723257684,0.027276957330604312,0.007561436672967864,0.00775,0.00018856332703213585,0.32325141776937616,0.36875,0.04549858223062386
BASE,LOGREG,52,0.25,0.005,IID_BALANCED->DOMAIN_OOD,2116,3858,0.5,0.5,0.9116627659270797,0.9263392427658415,0.01467647683876172,0.007561436672967864,0.006220839813374806,-0.0013405968595930585,0.32325141776937616,0.3462934162778642,0.023041998508488037
BASE,LOGREG,52,0.25,0.005,IID_BALANCED->TEMPLATE_OOD,2116,6832,0.5,0.5,0.9116627659270797,0.9365696938112558,0.024906927884176033,0.007561436672967864,0.006440281030444965,-0.001121155642522899,0.32325141776937616,0.3635831381733021,0.040331720403925964
BASE,LOGREG,52,0.25,0.005,IID_BALANCED->DOMAIN_TEMPLATE_OOD,2116,3708,0.5,0.5,0.9116627659270797,0.92000824818065,0.008345482253570236,0.007561436672967864,0.006472491909385114,-0.0010889447635827505,0.32325141776937616,0.3419633225458468,0.018711904776470667
BASE,LOGREG,52,0.25,0.01,IID_BALANCED->TEMPORAL,2116,8000,0.5,0.5,0.9116627659270797,0.938939723257684,0.027276957330604312,0.012287334593572778,0.01275,0.000462665406427221,0.42627599243856334,0.5015,0.0752240075614366
BASE,LOGREG,52,0.25,0.01,IID_BALANCED->DOMAIN_OOD,2116,3858,0.5,0.5,0.9116627659270797,0.9263392427658415,0.01467647683876172,0.012287334593572778,0.012441679626749611,0.00015434503317683299,0.42627599243856334,0.4691550025920166,0.042879010153453245
BASE,LOGREG,52,0.25,0.01,IID_BALANCED->TEMPLATE_OOD,2116,6832,0.5,0.5,0.9116627659270797,0.9365696938112558,0.024906927884176033,0.012287334593572778,0.011416861826697893,-0.0008704727668748854,0.42627599243856334,0.4918032786885246,0.06552728624996124
BASE,LOGREG,52,0.25,0.01,IID_BALANCED->DOMAIN_TEMPLATE_OOD,2116,3708,0.5,0.5,0.9116627659270797,0.92000824818065,0.008345482253570236,0.012287334593572778,0.012405609492988134,0.00011827489941535624,0.42627599243856334,0.45685005393743255,0.03057406149886921
BASE,LOGREG,52,0.25,0.02,IID_BALANCED->TEMPORAL,2116,8000,0.5,0.5,0.9116627659270797,0.938939723257684,0.027276957330604312,0.024574669187145556,0.01975,-0.004824669187145556,0.5170132325141777,0.59625,0.0792367674858222
BASE,LOGREG,52,0.25,0.02,IID_BALANCED->DOMAIN_OOD,2116,3858,0.5,0.5,0.9116627659270797,0.9263392427658415,0.01467647683876172,0.024574669187145556,0.023846552617936754,-0.0007281165692088025,0.5170132325141777,0.5717988595127009,0.054785626998523185
BASE,LOGREG,52,0.25,0.02,IID_BALANCED->TEMPLATE_OOD,2116,6832,0.5,0.5,0.9116627659270797,0.9365696938112558,0.024906927884176033,0.024574669187145556,0.019028103044496487,-0.005546566142649069,0.5170132325141777,0.5837236533957846,0.06671042088160684
BASE,LOGREG,52,0.25,0.02,IID_BALANCED->DOMAIN_TEMPLATE_OOD,2116,3708,0.5,0.5,0.9116627659270797,0.92000824818065,0.008345482253570236,0.024574669187145556,0.023732470334412083,-0.000842198852733473,0.5170132325141777,0.5512405609492989,0.03422732843512111
BASE,LOGREG,52,1.0,0.005,IID_BALANCED->TEMPORAL,2116,8000,0.5,0.5,0.933757155456087,0.9499098889746075,0.016152733518520535,0.001890359168241966,0.00275,0.0008596408317580338,0.29773156899810965,0.322,0.024268431001890356
BASE,LOGREG,52,1.0,0.005,IID_BALANCED->DOMAIN_OOD,2116,3858,0.5,0.5,0.933757155456087,0.925876188699382,-0.00788096675670491,0.001890359168241966,0.00414722654224987,0.0022568673740079046,0.29773156899810965,0.2332814930015552,-0.06445007599655445
BASE,LOGREG,52,1.0,0.005,IID_BALANCED->TEMPLATE_OOD,2116,6832,0.5,0.5,0.933757155456087,0.9457954310921128,0.012038275636025886,0.001890359168241966,0.0032201405152224825,0.0013297813469805165,0.29773156899810965,0.3190866510538642,0.021355082055754537
BASE,LOGREG,52,1.0,0.005,IID_BALANCED->DOMAIN_TEMPLATE_OOD,2116,3708,0.5,0.5,0.933757155456087,0.9213074954291286,-0.012449660026958353,0.001890359168241966,0.004314994606256742,0.002424635438014776,0.29773156899810965,0.22168284789644013,-0.07604872110166952
BASE,LOGREG,52,1.0,0.01,IID_BALANCED->TEMPORAL,2116,8000,0.5,0.5,0.933757155456087,0.9499098889746075,0.016152733518520535,0.005671077504725898,0.0075,0.0018289224952741014,0.46313799621928164,0.4945,0.03136200378071835
BASE,LOGREG,52,1.0,0.01,IID_BALANCED->DOMAIN_OOD,2116,3858,0.5,0.5,0.933757155456087,0.925876188699382,-0.00788096675670491,0.005671077504725898,0.01088646967340591,0.005215392168680012,0.46313799621928164,0.40435458786936235,-0.0587834083499193
BASE,LOGREG,52,1.0,0.01,IID_BALANCED->TEMPLATE_OOD,2116,6832,0.5,0.5,0.933757155456087,0.9457954310921128,0.012038275636025886,0.005671077504725898,0.007903981264637002,0.002232903759911104,0.46313799621928164,0.4882903981264637,0.025152401907182043
BASE,LOGREG,52,1.0,0.01,IID_BALANCED->DOMAIN_TEMPLATE_OOD,2116,3708,0.5,0.5,0.933757155456087,0.9213074954291286,-0.012449660026958353,0.005671077504725898,0.010248112189859764,0.004577034685133865,0.46313799621928164,0.3888888888888889,-0.07424910733039275
BASE,LOGREG,52,1.0,0.02,IID_BALANCED->TEMPORAL,2116,8000,0.5,0.5,0.933757155456087,0.9499098889746075,0.016152733518520535,0.013232514177693762,0.01375,0.0005174858223062385,0.556710775047259,0.58225,0.02553922495274108
BASE,LOGREG,52,1.0,0.02,IID_BALANCED->DOMAIN_OOD,2116,3858,0.5,0.5,0.933757155456087,0.925876188699382,-0.00788096675670491,0.013232514177693762,0.020736132711249352,0.00750361853355559,0.556710775047259,0.5002592016588906,-0.05645157338836837
BASE,LOGREG,52,1.0,0.02,IID_BALANCED->TEMPLATE_OOD,2116,6832,0.5,0.5,0.933757155456087,0.9457954310921128,0.012038275636025886,0.013232514177693762,0.014929742388758781,0.00169722821106502,0.556710775047259,0.5711358313817331,0.014425056334474107
BASE,LOGREG,52,1.0,0.02,IID_BALANCED->DOMAIN_TEMPLATE_OOD,2116,3708,0.5,0.5,0.933757155456087,0.9213074954291286,-0.012449660026958353,0.013232514177693762,0.019956850053937433,0.006724335876243671,0.556710775047259,0.47518878101402373,-0.08152199403323523
BASE,LOGREG,62,0.1,0.005,IID_BALANCED->TEMPORAL,2116,8000,0.5,0.5,0.9039167477242702,0.9184294318654724,0.014512684141202215,0.006616257088846881,0.0055,-0.001116257088846881,0.34120982986767484,0.3175,-0.023709829867674836
BASE,LOGREG,62,0.1,0.005,IID_BALANCED->DOMAIN_OOD,2116,3858,0.5,0.5,0.9039167477242702,0.8855641610722524,-0.018352586652017777,0.006616257088846881,0.008812856402280975,0.0021965993134340943,0.34120982986767484,0.2700881285640228,-0.07112170130365203
BASE,LOGREG,62,0.1,0.005,IID_BALANCED->TEMPLATE_OOD,2116,6832,0.5,0.5,0.9039167477242702,0.9127579057506428,0.008841158026372531,0.006616257088846881,0.006147540983606557,-0.0004687161052403235,0.34120982986767484,0.3085480093676815,-0.03266182049999333
BASE,LOGREG,62,0.1,0.005,IID_BALANCED->DOMAIN_TEMPLATE_OOD,2116,3708,0.5,0.5,0.9039167477242702,0.8780934277212462,-0.02582332000302401,0.006616257088846881,0.008629989212513484,0.002013732123666603,0.34120982986767484,0.26429341963322545,-0.0769164102344494
BASE,LOGREG,62,0.1,0.01,IID_BALANCED->TEMPORAL,2116,8000,0.5,0.5,0.9039167477242702,0.9184294318654724,0.014512684141202215,0.008506616257088847,0.0075,-0.0010066162570888468,0.40264650283553877,0.385,-0.017646502835538758
BASE,LOGREG,62,0.1,0.01,IID_BALANCED->DOMAIN_OOD,2116,3858,0.5,0.5,0.9039167477242702,0.8855641610722524,-0.018352586652017777,0.008506616257088847,0.011404872991187144,0.002898256734098298,0.40264650283553877,0.33177812337998963,-0.07086837945554914
BASE,LOGREG,62,0.1,0.01,IID_BALANCED->TEMPLATE_OOD,2116,6832,0.5,0.5,0.9039167477242702,0.9127579057506428,0.008841158026372531,0.008506616257088847,0.00819672131147541,-0.0003098949456134363,0.40264650283553877,0.3788056206088993,-0.023840882226639493
BASE,LOGREG,62,0.1,0.01,IID_BALANCED->DOMAIN_TEMPLATE_OOD,2116,3708,0.5,0.5,0.9039167477242702,0.8780934277212462,-0.02582332000302401,0.008506616257088847,0.010787486515641856,0.0022808702585530097,0.40264650283553877,0.33063646170442285,-0.07201004113111592
BASE,LOGREG,62,0.1,0.02,IID_BALANCED->TEMPORAL,2116,8000,0.5,0.5,0.9039167477242702,0.9184294318654724,0.014512684141202215,0.021739130434782608,0.02,-0.0017391304347826077,0.5293005671077504,0.5285,-0.0008005671077504495
BASE,LOGREG,62,0.1,0.02,IID_BALANCED->DOMAIN_OOD,2116,3858,0.5,0.5,0.9039167477242702,0.8855641610722524,-0.018352586652017777,0.021739130434782608,0.02436495593571799,0.0026258255009353818,0.5293005671077504,0.46241575946086055,-0.06688480764688987
BASE,LOGREG,62,0.1,0.02,IID_BALANCED->TEMPLATE_OOD,2116,6832,0.5,0.5,0.9039167477242702,0.9127579057506428,0.008841158026372531,0.021739130434782608,0.01990632318501171,-0.0018328072497708972,0.5293005671077504,0.5190281030444965,-0.010272464063253883
BASE,LOGREG,62,0.1,0.02,IID_BALANCED->DOMAIN_TEMPLATE_OOD,2116,3708,0.5,0.5,0.9039167477242702,0.8780934277212462,-0.02582332000302401,0.021739130434782608,0.024271844660194174,0.0025327142254115663,0.5293005671077504,0.447680690399137,-0.08161987670861343
BASE,LOGREG,62,0.25,0.005,IID_BALANCED->TEMPORAL,2116,8000,0.5,0.5,0.9101010488366469,0.9298274500182462,0.019726401181599296,0.002835538752362949,0.002,-0.0008355387523629491,0.1502835538752363,0.24725,0.09696644612476371
BASE,LOGREG,62,0.25,0.005,IID_BALANCED->DOMAIN_OOD,2116,3858,0.5,0.5,0.9101010488366469,0.9010605181257381,-0.009040530710908823,0.002835538752362949,0.002592016588906169,-0.00024352216345678015,0.1502835538752363,0.22757905650596164,0.07729550263072535
BASE,LOGREG,62,0.25,0.005,IID_BALANCED->TEMPLATE_OOD,2116,6832,0.5,0.5,0.9101010488366469,0.9263277616319344,0.016226712795287535,0.002835538752362949,0.00234192037470726,-0.0004936183776556892,0.1502835538752363,0.24151053864168617,0.09122698476644989
BASE,LOGREG,62,0.25,0.005,IID_BALANCED->DOMAIN_TEMPLATE_OOD,2116,3708,0.5,0.5,0.9101010488366469,0.8968117348118001,-0.013289314024846788,0.002835538752362949,0.002696871628910464,-0.00013866712345248508,0.1502835538752363,0.21467098166127294,0.06438742778603665
BASE,LOGREG,62,0.25,0.01,IID_BALANCED->TEMPORAL,2116,8000,0.5,0.5,0.9101010488366469,0.9298274500182462,0.019726401181599296,0.006616257088846881,0.008,0.0013837429111531194,0.3431001890359168,0.41075,0.06764981096408318
BASE,LOGREG,62,0.25,0.01,IID_BALANCED->DOMAIN_OOD,2116,3858,0.5,0.5,0.9101010488366469,0.9010605181257381,-0.009040530710908823,0.006616257088846881,0.011923276308968377,0.005307019220121496,0.3431001890359168,0.3691031622602385,0.026002973224321657
BASE,LOGREG,62,0.25,0.01,IID_BALANCED->TEMPLATE_OOD,2116,6832,0.5,0.5,0.9101010488366469,0.9263277616319344,0.016226712795287535,0.006616257088846881,0.008782201405152224,0.0021659443163053434,0.3431001890359168,0.40895784543325525,0.06585765639733843
BASE,LOGREG,62,0.25,0.01,IID_BALANCED->DOMAIN_TEMPLATE_OOD,2116,3708,0.5,0.5,0.9101010488366469,0.8968117348118001,-0.013289314024846788,0.006616257088846881,0.011866235167206042,0.005249978078359161,0.3431001890359168,0.3667745415318231,0.02367435249590627
BASE,LOGREG,62,0.25,0.02,IID_BALANCED->TEMPORAL,2116,8000,0.5,0.5,0.9101010488366469,0.9298274500182462,0.019726401181599296,0.017013232514177693,0.0255,0.008486767485822305,0.5321361058601134,0.565,0.03286389413988655
BASE,LOGREG,62,0.25,0.02,IID_BALANCED->DOMAIN_OOD,2116,3858,0.5,0.5,0.9101010488366469,0.9010605181257381,-0.009040530710908823,0.017013232514177693,0.03732503888024884,0.020311806366071144,0.5321361058601134,0.5127008812856402,-0.01943522457447322
BASE,LOGREG,62,0.25,0.02,IID_BALANCED->TEMPLATE_OOD,2116,6832,0.5,0.5,0.9101010488366469,0.9263277616319344,0.016226712795287535,0.017013232514177693,0.028395784543325527,0.011382552029147834,0.5321361058601134,0.5685011709601874,0.03636506510007398
BASE,LOGREG,62,0.25,0.02,IID_BALANCED->DOMAIN_TEMPLATE_OOD,2116,3708,0.5,0.5,0.9101010488366469,0.8968117348118001,-0.013289314024846788,0.017013232514177693,0.037756202804746494,0.0207429702905688,0.5321361058601134,0.5064724919093851,-0.025663613950728248
BASE,LOGREG,62,1.0,0.005,IID_BALANCED->TEMPORAL,2116,8000,0.5,0.5,0.933757155456087,0.9499098889746075,0.016152733518520535,0.001890359168241966,0.00275,0.0008596408317580338,0.29773156899810965,0.322,0.024268431001890356
BASE,LOGREG,62,1.0,0.005,IID_BALANCED->DOMAIN_OOD,2116,3858,0.5,0.5,0.933757155456087,0.925876188699382,-0.00788096675670491,0.001890359168241966,0.00414722654224987,0.0022568673740079046,0.29773156899810965,0.2332814930015552,-0.06445007599655445
BASE,LOGREG,62,1.0,0.005,IID_BALANCED->TEMPLATE_OOD,2116,6832,0.5,0.5,0.933757155456087,0.9457954310921128,0.012038275636025886,0.001890359168241966,0.0032201405152224825,0.0013297813469805165,0.29773156899810965,0.3190866510538642,0.021355082055754537
BASE,LOGREG,62,1.0,0.005,IID_BALANCED->DOMAIN_TEMPLATE_OOD,2116,3708,0.5,0.5,0.933757155456087,0.9213074954291286,-0.012449660026958353,0.001890359168241966,0.004314994606256742,0.002424635438014776,0.29773156899810965,0.22168284789644013,-0.07604872110166952
BASE,LOGREG,62,1.0,0.01,IID_BALANCED->TEMPORAL,2116,8000,0.5,0.5,0.933757155456087,0.9499098889746075,0.016152733518520535,0.005671077504725898,0.0075,0.0018289224952741014,0.46313799621928164,0.4945,0.03136200378071835
BASE,LOGREG,62,1.0,0.01,IID_BALANCED->DOMAIN_OOD,2116,3858,0.5,0.5,0.933757155456087,0.925876188699382,-0.00788096675670491,0.005671077504725898,0.01088646967340591,0.005215392168680012,0.46313799621928164,0.40435458786936235,-0.0587834083499193
BASE,LOGREG,62,1.0,0.01,IID_BALANCED->TEMPLATE_OOD,2116,6832,0.5,0.5,0.933757155456087,0.9457954310921128,0.012038275636025886,0.005671077504725898,0.007903981264637002,0.002232903759911104,0.46313799621928164,0.4882903981264637,0.025152401907182043
BASE,LOGREG,62,1.0,0.01,IID_BALANCED->DOMAIN_TEMPLATE_OOD,2116,3708,0.5,0.5,0.933757155456087,0.9213074954291286,-0.012449660026958353,0.005671077504725898,0.010248112189859764,0.004577034685133865,0.46313799621928164,0.3888888888888889,-0.07424910733039275
BASE,LOGREG,62,1.0,0.02,IID_BALANCED->TEMPORAL,2116,8000,0.5,0.5,0.933757155456087,0.9499098889746075,0.016152733518520535,0.013232514177693762,0.01375,0.0005174858223062385,0.556710775047259,0.58225,0.02553922495274108
BASE,LOGREG,62,1.0,0.02,IID_BALANCED->DOMAIN_OOD,2116,3858,0.5,0.5,0.933757155456087,0.925876188699382,-0.00788096675670491,0.013232514177693762,0.020736132711249352,0.00750361853355559,0.556710775047259,0.5002592016588906,-0.05645157338836837
BASE,LOGREG,62,1.0,0.02,IID_BALANCED->TEMPLATE_OOD,2116,6832,0.5,0.5,0.933757155456087,0.9457954310921128,0.012038275636025886,0.013232514177693762,0.014929742388758781,0.00169722821106502,0.556710775047259,0.5711358313817331,0.014425056334474107
BASE,LOGREG,62,1.0,0.02,IID_BALANCED->DOMAIN_TEMPLATE_OOD,2116,3708,0.5,0.5,0.933757155456087,0.9213074954291286,-0.012449660026958353,0.013232514177693762,0.019956850053937433,0.006724335876243671,0.556710775047259,0.47518878101402373,-0.08152199403323523
BASE,LOGREG,72,0.1,0.005,IID_BALANCED->TEMPORAL,2116,8000,0.5,0.5,0.902441313606155,0.925013646181051,0.022572332574895992,0.000945179584120983,0.00425,0.0033048204158790174,0.16918714555765596,0.1445,-0.02468714555765597
BASE,LOGREG,72,0.1,0.005,IID_BALANCED->DOMAIN_OOD,2116,3858,0.5,0.5,0.902441313606155,0.9012352664105068,-0.0012060471956482077,0.000945179584120983,0.007776049766718507,0.006830870182597524,0.16918714555765596,0.13426645930533956,-0.034920686252316396
BASE,LOGREG,72,0.1,0.005,IID_BALANCED->TEMPLATE_OOD,2116,6832,0.5,0.5,0.902441313606155,0.9162784283597804,0.013837114753625368,0.000945179584120983,0.004976580796252928,0.004031401212131944,0.16918714555765596,0.13466042154566746,-0.0345267240119885
BASE,LOGREG,72,0.1,0.005,IID_BALANCED->DOMAIN_TEMPLATE_OOD,2116,3708,0.5,0.5,0.902441313606155,0.8943362936326795,-0.008105019973475458,0.000945179584120983,0.008090614886731391,0.0071454353026104075,0.16918714555765596,0.1343042071197411,-0.03488293843791487
BASE,LOGREG,72,0.1,0.01,IID_BALANCED->TEMPORAL,2116,8000,0.5,0.5,0.902441313606155,0.925013646181051,0.022572332574895992,0.002835538752362949,0.0055,0.0026644612476370505,0.21739130434782608,0.20075,-0.01664130434782607
BASE,LOGREG,72,0.1,0.01,IID_BALANCED->DOMAIN_OOD,2116,3858,0.5,0.5,0.902441313606155,0.9012352664105068,-0.0012060471956482077,0.002835538752362949,0.00933125972006221,0.00649572096769926,0.21739130434782608,0.19388284085018145,-0.023508463497644627
BASE,LOGREG,72,0.1,0.01,IID_BALANCED->TEMPLATE_OOD,2116,6832,0.5,0.5,0.902441313606155,0.9162784283597804,0.013837114753625368,0.002835538752362949,0.006440281030444965,0.003604742278082016,0.21739130434782608,0.188231850117096,-0.029159454230730075
BASE,LOGREG,72,0.1,0.01,IID_BALANCED->DOMAIN_TEMPLATE_OOD,2116,3708,0.5,0.5,0.902441313606155,0.8943362936326795,-0.008105019973475458,0.002835538752362949,0.009708737864077669,0.00687319911171472,0.21739130434782608,0.18878101402373246,-0.028610290324093623
BASE,LOGREG,72,0.1,0.02,IID_BALANCED->TEMPORAL,2116,8000,0.5,0.5,0.902441313606155,0.925013646181051,0.022572332574895992,0.01890359168241966,0.01625,-0.0026535916824196593,0.3487712665406427,0.41025,0.06147873345935728
BASE,LOGREG,72,0.1,0.02,IID_BALANCED->DOMAIN_OOD,2116,3858,0.5,0.5,0.902441313606155,0.9012352664105068,-0.0012060471956482077,0.01890359168241966,0.02332814930015552,0.0044245576177358616,0.3487712665406427,0.40539139450492484,0.05662012796428212
BASE,LOGREG,72,0.1,0.02,IID_BALANCED->TEMPLATE_OOD,2116,6832,0.5,0.5,0.902441313606155,0.9162784283597804,0.013837114753625368,0.01890359168241966,0.018442622950819672,-0.000460968731599988,0.3487712665406427,0.39988290398126464,0.051111637440621915
BASE,LOGREG,72,0.1,0.02,IID_BALANCED->DOMAIN_TEMPLATE_OOD,2116,3708,0.5,0.5,0.902441313606155,0.8943362936326795,-0.008105019973475458,0.01890359168241966,0.023732470334412083,0.004828878651992424,0.3487712665406427,0.4029126213592233,0.05414135481858057
BASE,LOGREG,72,0.25,0.005,IID_BALANCED->TEMPORAL,2116,8000,0.5,0.5,0.9192824260602847,0.944772042320277,0.025489616259992354,0.001890359168241966,0.002,0.00010964083175803402,0.17391304347826086,0.17875,0.0048369565217391275
BASE,LOGREG,72,0.25,0.005,IID_BALANCED->DOMAIN_OOD,2116,3858,0.5,0.5,0.9192824260602847,0.9250716547003521,0.005789228640067479,0.001890359168241966,0.003110419906687403,0.0012200607384454368,0.17391304347826086,0.16640746500777606,-0.007505578470484803
BASE,LOGREG,72,0.25,0.005,IID_BALANCED->TEMPLATE_OOD,2116,6832,0.5,0.5,0.9192824260602847,0.939581767222561,0.020299341162276385,0.001890359168241966,0.00234192037470726,0.0004515612064652939,0.17391304347826086,0.16510538641686182,-0.008807657061399049
BASE,LOGREG,72,0.25,0.005,IID_BALANCED->DOMAIN_TEMPLATE_OOD,2116,3708,0.5,0.5,0.9192824260602847,0.9203942810768461,0.0011118550165614138,0.001890359168241966,0.003236245954692557,0.0013458867864505908,0.17391304347826086,0.15426105717367852,-0.019651986304582342
BASE,LOGREG,72,0.25,0.01,IID_BALANCED->TEMPORAL,2116,8000,0.5,0.5,0.9192824260602847,0.944772042320277,0.025489616259992354,0.004725897920604915,0.00775,0.003024102079395085,0.2939508506616257,0.4055,0.11154914933837434
BASE,LOGREG,72,0.25,0.01,IID_BALANCED->DOMAIN_OOD,2116,3858,0.5,0.5,0.9192824260602847,0.9250716547003521,0.005789228640067479,0.004725897920604915,0.01088646967340591,0.006160571752800995,0.2939508506616257,0.3908761016070503,0.09692525094542459
BASE,LOGREG,72,0.25,0.01,IID_BALANCED->TEMPLATE_OOD,2116,6832,0.5,0.5,0.9192824260602847,0.939581767222561,0.020299341162276385,0.004725897920604915,0.008782201405152224,0.004056303484547309,0.2939508506616257,0.40134660421545665,0.10739575355383096
BASE,LOGREG,72,0.25,0.01,IID_BALANCED->DOMAIN_TEMPLATE_OOD,2116,3708,0.5,0.5,0.9192824260602847,0.9203942810768461,0.0011118550165614138,0.004725897920604915,0.010787486515641856,0.006061588595036941,0.2939508506616257,0.38403451995685006,0.09008366929522438
BASE,LOGREG,72,0.25,0.02,IID_BALANCED->TEMPORAL,2116,8000,0.5,0.5,0.9192824260602847,0.944772042320277,0.025489616259992354,0.015122873345935728,0.017,0.001877126654064273,0.45935727788279773,0.57375,0.11439272211720225
BASE,LOGREG,72,0.25,0.02,IID_BALANCED->DOMAIN_OOD,2116,3858,0.5,0.5,0.9192824260602847,0.9250716547003521,0.005789228640067479,0.015122873345935728,0.024883359253499222,0.009760485907563494,0.45935727788279773,0.552099533437014,0.09274225555421628
BASE,LOGREG,72,0.25,0.02,IID_BALANCED->TEMPLATE_OOD,2116,6832,0.5,0.5,0.9192824260602847,0.939581767222561,0.020299341162276385,0.015122873345935728,0.019028103044496487,0.0039052296985607592,0.45935727788279773,0.5635245901639344,0.10416731228113668
BASE,LOGREG,72,0.25,0.02,IID_BALANCED->DOMAIN_TEMPLATE_OOD,2116,3708,0.5,0.5,0.9192824260602847,0.9203942810768461,0.0011118550165614138,0.015122873345935728,0.02481121898597627,0.00968834564004054,0.45935727788279773,0.5345199568500539,0.0751626789672562
BASE,LOGREG,72,1.0,0.005,IID_BALANCED->TEMPORAL,2116,8000,0.5,0.5,0.933757155456087,0.9499098889746075,0.016152733518520535,0.001890359168241966,0.00275,0.0008596408317580338,0.29773156899810965,0.322,0.024268431001890356
BASE,LOGREG,72,1.0,0.005,IID_BALANCED->DOMAIN_OOD,2116,3858,0.5,0.5,0.933757155456087,0.925876188699382,-0.00788096675670491,0.001890359168241966,0.00414722654224987,0.0022568673740079046,0.29773156899810965,0.2332814930015552,-0.06445007599655445
BASE,LOGREG,72,1.0,0.005,IID_BALANCED->TEMPLATE_OOD,2116,6832,0.5,0.5,0.933757155456087,0.9457954310921128,0.012038275636025886,0.001890359168241966,0.0032201405152224825,0.0013297813469805165,0.29773156899810965,0.3190866510538642,0.021355082055754537
BASE,LOGREG,72,1.0,0.005,IID_BALANCED->DOMAIN_TEMPLATE_OOD,2116,3708,0.5,0.5,0.933757155456087,0.9213074954291286,-0.012449660026958353,0.001890359168241966,0.004314994606256742,0.002424635438014776,0.29773156899810965,0.22168284789644013,-0.07604872110166952
BASE,LOGREG,72,1.0,0.01,IID_BALANCED->TEMPORAL,2116,8000,0.5,0.5,0.933757155456087,0.9499098889746075,0.016152733518520535,0.005671077504725898,0.0075,0.0018289224952741014,0.46313799621928164,0.4945,0.03136200378071835
BASE,LOGREG,72,1.0,0.01,IID_BALANCED->DOMAIN_OOD,2116,3858,0.5,0.5,0.933757155456087,0.925876188699382,-0.00788096675670491,0.005671077504725898,0.01088646967340591,0.005215392168680012,0.46313799621928164,0.40435458786936235,-0.0587834083499193
BASE,LOGREG,72,1.0,0.01,IID_BALANCED->TEMPLATE_OOD,2116,6832,0.5,0.5,0.933757155456087,0.9457954310921128,0.012038275636025886,0.005671077504725898,0.007903981264637002,0.002232903759911104,0.46313799621928164,0.4882903981264637,0.025152401907182043
BASE,LOGREG,72,1.0,0.01,IID_BALANCED->DOMAIN_TEMPLATE_OOD,2116,3708,0.5,0.5,0.933757155456087,0.9213074954291286,-0.012449660026958353,0.005671077504725898,0.010248112189859764,0.004577034685133865,0.46313799621928164,0.3888888888888889,-0.07424910733039275
BASE,LOGREG,72,1.0,0.02,IID_BALANCED->TEMPORAL,2116,8000,0.5,0.5,0.933757155456087,0.9499098889746075,0.016152733518520535,0.013232514177693762,0.01375,0.0005174858223062385,0.556710775047259,0.58225,0.02553922495274108
BASE,LOGREG,72,1.0,0.02,IID_BALANCED->DOMAIN_OOD,2116,3858,0.5,0.5,0.933757155456087,0.925876188699382,-0.00788096675670491,0.013232514177693762,0.020736132711249352,0.00750361853355559,0.556710775047259,0.5002592016588906,-0.05645157338836837
BASE,LOGREG,72,1.0,0.02,IID_BALANCED->TEMPLATE_OOD,2116,6832,0.5,0.5,0.933757155456087,0.9457954310921128,0.012038275636025886,0.013232514177693762,0.014929742388758781,0.00169722821106502,0.556710775047259,0.5711358313817331,0.014425056334474107
BASE,LOGREG,72,1.0,0.02,IID_BALANCED->DOMAIN_TEMPLATE_OOD,2116,3708,0.5,0.5,0.933757155456087,0.9213074954291286,-0.012449660026958353,0.013232514177693762,0.019956850053937433,0.006724335876243671,0.556710775047259,0.47518878101402373,-0.08152199403323523
BASE,LOGREG,82,0.1,0.005,IID_BALANCED->TEMPORAL,2116,8000,0.5,0.5,0.9121070616992788,0.9183353739439633,0.006228312244684453,0.010396975425330813,0.009,-0.001396975425330814,0.3705103969754253,0.43625,0.06573960302457471
BASE,LOGREG,82,0.1,0.005,IID_BALANCED->DOMAIN_OOD,2116,3858,0.5,0.5,0.9121070616992788,0.895039262458001,-0.01706779924127777,0.010396975425330813,0.008812856402280975,-0.0015841190230498382,0.3705103969754253,0.37169517884914466,0.0011847818737193427
BASE,LOGREG,82,0.1,0.005,IID_BALANCED->TEMPLATE_OOD,2116,6832,0.5,0.5,0.9121070616992788,0.9151866444330703,0.003079582733791497,0.010396975425330813,0.007318501170960188,-0.0030784742543706256,0.3705103969754253,0.43471896955503514,0.06420857257960982
BASE,LOGREG,82,0.1,0.005,IID_BALANCED->DOMAIN_TEMPLATE_OOD,2116,3708,0.5,0.5,0.9121070616992788,0.8852642596721233,-0.0268428020271555,0.010396975425330813,0.008090614886731391,-0.0023063605385994224,0.3705103969754253,0.3565264293419633,-0.013983967633461991
BASE,LOGREG,82,0.1,0.01,IID_BALANCED->TEMPORAL,2116,8000,0.5,0.5,0.9121070616992788,0.9183353739439633,0.006228312244684453,0.010396975425330813,0.01025,-0.00014697542533081281,0.39792060491493386,0.46,0.06207939508506616
BASE,LOGREG,82,0.1,0.01,IID_BALANCED->DOMAIN_OOD,2116,3858,0.5,0.5,0.9121070616992788,0.895039262458001,-0.01706779924127777,0.010396975425330813,0.010368066355624676,-2.890906970613727e-05,0.39792060491493386,0.3976153447382063,-0.0003052601767275509
BASE,LOGREG,82,0.1,0.01,IID_BALANCED->TEMPLATE_OOD,2116,6832,0.5,0.5,0.9121070616992788,0.9151866444330703,0.003079582733791497,0.010396975425330813,0.008782201405152224,-0.001614774020178589,0.39792060491493386,0.45784543325526933,0.05992482834033547
BASE,LOGREG,82,0.1,0.01,IID_BALANCED->DOMAIN_TEMPLATE_OOD,2116,3708,0.5,0.5,0.9121070616992788,0.8852642596721233,-0.0268428020271555,0.010396975425330813,0.009708737864077669,-0.0006882375612531442,0.39792060491493386,0.3802588996763754,-0.01766170523855848
BASE,LOGREG,82,0.1,0.02,IID_BALANCED->TEMPORAL,2116,8000,0.5,0.5,0.9121070616992788,0.9183353739439633,0.006228312244684453,0.01890359168241966,0.02025,0.0013464083175803408,0.5160680529300568,0.561,0.0449319470699433
BASE,LOGREG,82,0.1,0.02,IID_BALANCED->DOMAIN_OOD,2116,3858,0.5,0.5,0.9121070616992788,0.895039262458001,-0.01706779924127777,0.01890359168241966,0.02436495593571799,0.00546136425329833,0.5160680529300568,0.5059616381544841,-0.010106414775572614
BASE,LOGREG,82,0.1,0.02,IID_BALANCED->TEMPLATE_OOD,2116,6832,0.5,0.5,0.9121070616992788,0.9151866444330703,0.003079582733791497,0.01890359168241966,0.019613583138173303,0.0007099914557536433,0.5160680529300568,0.552400468384075,0.03633241545401822
BASE,LOGREG,82,0.1,0.02,IID_BALANCED->DOMAIN_TEMPLATE_OOD,2116,3708,0.5,0.5,0.9121070616992788,0.8852642596721233,-0.0268428020271555,0.01890359168241966,0.024271844660194174,0.005368252977774515,0.5160680529300568,0.47950377562028046,-0.036564277309776294
BASE,LOGREG,82,0.25,0.005,IID_BALANCED->TEMPORAL,2116,8000,0.5,0.5,0.9078575353711189,0.9315582063736056,0.02370067100248674,0.002835538752362949,0.00425,0.0014144612476370512,0.16918714555765596,0.3245,0.15531285444234405
BASE,LOGREG,82,0.25,0.005,IID_BALANCED->DOMAIN_OOD,2116,3858,0.5,0.5,0.9078575353711189,0.9172521281618927,0.009394592790773815,0.002835538752362949,0.002592016588906169,-0.00024352216345678015,0.16918714555765596,0.27993779160186627,0.11075064604421031
BASE,LOGREG,82,0.25,0.005,IID_BALANCED->TEMPLATE_OOD,2116,6832,0.5,0.5,0.9078575353711189,0.9296675059286768,0.021809970557557845,0.002835538752362949,0.0038056206088992973,0.0009700818565363482,0.16918714555765596,0.31791569086651056,0.1487285453088546
BASE,LOGREG,82,0.25,0.005,IID_BALANCED->DOMAIN_TEMPLATE_OOD,2116,3708,0.5,0.5,0.9078575353711189,0.9101934739335718,0.002335938562452844,0.002835538752362949,0.002696871628910464,-0.00013866712345248508,0.16918714555765596,0.26537216828478966,0.0961850227271337
BASE,LOGREG,82,0.25,0.01,IID_BALANCED->TEMPORAL,2116,8000,0.5,0.5,0.9078575353711189,0.9315582063736056,0.02370067100248674,0.011342155009451797,0.01225,0.0009078449905482039,0.28638941398865786,0.44475,0.15836058601134212
BASE,LOGREG,82,0.25,0.01,IID_BALANCED->DOMAIN_OOD,2116,3858,0.5,0.5,0.9078575353711189,0.9172521281618927,0.009394592790773815,0.011342155009451797,0.01088646967340591,-0.0004556853360458864,0.28638941398865786,0.39813374805598756,0.1117443340673297
BASE,LOGREG,82,0.25,0.01,IID_BALANCED->TEMPLATE_OOD,2116,6832,0.5,0.5,0.9078575353711189,0.9296675059286768,0.021809970557557845,0.011342155009451797,0.010831381733021077,-0.0005107732764307194,0.28638941398865786,0.4420374707259953,0.15564805673733745
BASE,LOGREG,82,0.25,0.01,IID_BALANCED->DOMAIN_TEMPLATE_OOD,2116,3708,0.5,0.5,0.9078575353711189,0.9101934739335718,0.002335938562452844,0.011342155009451797,0.010787486515641856,-0.0005546684938099403,0.28638941398865786,0.3856526429341963,0.09926322894553846
BASE,LOGREG,82,0.25,0.02,IID_BALANCED->TEMPORAL,2116,8000,0.5,0.5,0.9078575353711189,0.9315582063736056,0.02370067100248674,0.021739130434782608,0.02075,-0.000989130434782607,0.4829867674858223,0.56675,0.08376323251417767
BASE,LOGREG,82,0.25,0.02,IID_BALANCED->DOMAIN_OOD,2116,3858,0.5,0.5,0.9078575353711189,0.9172521281618927,0.009394592790773815,0.021739130434782608,0.018144116122343183,-0.0035950143124394256,0.4829867674858223,0.5225505443234837,0.03956377683766138
BASE,LOGREG,82,0.25,0.02,IID_BALANCED->TEMPLATE_OOD,2116,6832,0.5,0.5,0.9078575353711189,0.9296675059286768,0.021809970557557845,0.021739130434782608,0.01873536299765808,-0.0030037674371245285,0.4829867674858223,0.5573770491803278,0.07439028169450551
BASE,LOGREG,82,0.25,0.02,IID_BALANCED->DOMAIN_TEMPLATE_OOD,2116,3708,0.5,0.5,0.9078575353711189,0.9101934739335718,0.002335938562452844,0.021739130434782608,0.017259978425026967,-0.004479152009755641,0.4829867674858223,0.49730312837108953,0.01431636088526722
BASE,LOGREG,82,1.0,0.005,IID_BALANCED->TEMPORAL,2116,8000,0.5,0.5,0.933757155456087,0.9499098889746075,0.016152733518520535,0.001890359168241966,0.00275,0.0008596408317580338,0.29773156899810965,0.322,0.024268431001890356
BASE,LOGREG,82,1.0,0.005,IID_BALANCED->DOMAIN_OOD,2116,3858,0.5,0.5,0.933757155456087,0.925876188699382,-0.00788096675670491,0.001890359168241966,0.00414722654224987,0.0022568673740079046,0.29773156899810965,0.2332814930015552,-0.06445007599655445
BASE,LOGREG,82,1.0,0.005,IID_BALANCED->TEMPLATE_OOD,2116,6832,0.5,0.5,0.933757155456087,0.9457954310921128,0.012038275636025886,0.001890359168241966,0.0032201405152224825,0.0013297813469805165,0.29773156899810965,0.3190866510538642,0.021355082055754537
BASE,LOGREG,82,1.0,0.005,IID_BALANCED->DOMAIN_TEMPLATE_OOD,2116,3708,0.5,0.5,0.933757155456087,0.9213074954291286,-0.012449660026958353,0.001890359168241966,0.004314994606256742,0.002424635438014776,0.29773156899810965,0.22168284789644013,-0.07604872110166952
BASE,LOGREG,82,1.0,0.01,IID_BALANCED->TEMPORAL,2116,8000,0.5,0.5,0.933757155456087,0.9499098889746075,0.016152733518520535,0.005671077504725898,0.0075,0.0018289224952741014,0.46313799621928164,0.4945,0.03136200378071835
BASE,LOGREG,82,1.0,0.01,IID_BALANCED->DOMAIN_OOD,2116,3858,0.5,0.5,0.933757155456087,0.925876188699382,-0.00788096675670491,0.005671077504725898,0.01088646967340591,0.005215392168680012,0.46313799621928164,0.40435458786936235,-0.0587834083499193
BASE,LOGREG,82,1.0,0.01,IID_BALANCED->TEMPLATE_OOD,2116,6832,0.5,0.5,0.933757155456087,0.9457954310921128,0.012038275636025886,0.005671077504725898,0.007903981264637002,0.002232903759911104,0.46313799621928164,0.4882903981264637,0.025152401907182043
BASE,LOGREG,82,1.0,0.01,IID_BALANCED->DOMAIN_TEMPLATE_OOD,2116,3708,0.5,0.5,0.933757155456087,0.9213074954291286,-0.012449660026958353,0.005671077504725898,0.010248112189859764,0.004577034685133865,0.46313799621928164,0.3888888888888889,-0.07424910733039275
BASE,LOGREG,82,1.0,0.02,IID_BALANCED->TEMPORAL,2116,8000,0.5,0.5,0.933757155456087,0.9499098889746075,0.016152733518520535,0.013232514177693762,0.01375,0.0005174858223062385,0.556710775047259,0.58225,0.02553922495274108
BASE,LOGREG,82,1.0,0.02,IID_BALANCED->DOMAIN_OOD,2116,3858,0.5,0.5,0.933757155456087,0.925876188699382,-0.00788096675670491,0.013232514177693762,0.020736132711249352,0.00750361853355559,0.556710775047259,0.5002592016588906,-0.05645157338836837
BASE,LOGREG,82,1.0,0.02,IID_BALANCED->TEMPLATE_OOD,2116,6832,0.5,0.5,0.933757155456087,0.9457954310921128,0.012038275636025886,0.013232514177693762,0.014929742388758781,0.00169722821106502,0.556710775047259,0.5711358313817331,0.014425056334474107
BASE,LOGREG,82,1.0,0.02,IID_BALANCED->DOMAIN_TEMPLATE_OOD,2116,3708,0.5,0.5,0.933757155456087,0.9213074954291286,-0.012449660026958353,0.013232514177693762,0.019956850053937433,0.006724335876243671,0.556710775047259,0.47518878101402373,-0.08152199403323523
BASE,MLP,42,0.1,0.005,IID_BALANCED->TEMPORAL,2116,8000,0.5,0.5,0.9020461070448695,0.9094466636506398,0.007400556605770214,0.006616257088846881,0.0085,0.0018837429111531198,0.34120982986767484,0.3135,-0.02770982986767484
BASE,MLP,42,0.1,0.005,IID_BALANCED->DOMAIN_OOD,2116,3858,0.5,0.5,0.9020461070448695,0.8702722232146491,-0.031773883830220395,0.006616257088846881,0.009849663037843442,0.003233405948996561,0.34120982986767484,0.19595645412130638,-0.14525337574636846
BASE,MLP,42,0.1,0.005,IID_BALANCED->TEMPLATE_OOD,2116,6832,0.5,0.5,0.9020461070448695,0.9054913172079063,0.0034452101630367826,0.006616257088846881,0.007318501170960188,0.0007022440821133069,0.34120982986767484,0.3050351288056206,-0.036174701062054226
BASE,MLP,42,0.1,0.005,IID_BALANCED->DOMAIN_TEMPLATE_OOD,2116,3708,0.5,0.5,0.9020461070448695,0.8580664870002435,-0.04397962004462608,0.006616257088846881,0.009708737864077669,0.0030924807752307883,0.34120982986767484,0.17853290183387271,-0.16267692803380213
BASE,MLP,42,0.1,0.01,IID_BALANCED->TEMPORAL,2116,8000,0.5,0.5,0.9020461070448695,0.9094466636506398,0.007400556605770214,0.012287334593572778,0.014,0.001712665406427222,0.4158790170132325,0.37725,-0.038629017013232514
BASE,MLP,42,0.1,0.01,IID_BALANCED->DOMAIN_OOD,2116,3858,0.5,0.5,0.9020461070448695,0.8702722232146491,-0.031773883830220395,0.012287334593572778,0.01762571280456195,0.005338378210989172,0.4158790170132325,0.2545360290305858,-0.16134298798264668
BASE,MLP,42,0.1,0.01,IID_BALANCED->TEMPLATE_OOD,2116,6832,0.5,0.5,0.9020461070448695,0.9054913172079063,0.0034452101630367826,0.012287334593572778,0.012587822014051522,0.00030048742047874416,0.4158790170132325,0.35802107728337235,-0.05785793972986014
BASE,MLP,42,0.1,0.01,IID_BALANCED->DOMAIN_TEMPLATE_OOD,2116,3708,0.5,0.5,0.9020461070448695,0.8580664870002435,-0.04397962004462608,0.012287334593572778,0.01779935275080906,0.0055120181572362835,0.4158790170132325,0.2308522114347357,-0.1850268055784968
BASE,MLP,42,0.1,0.02,IID_BALANCED->TEMPORAL,2116,8000,0.5,0.5,0.9020461070448695,0.9094466636506398,0.007400556605770214,0.02835538752362949,0.02325,-0.00510538752362949,0.4943289224952741,0.49275,-0.0015789224952740821
BASE,MLP,42,0.1,0.02,IID_BALANCED->DOMAIN_OOD,2116,3858,0.5,0.5,0.9020461070448695,0.8702722232146491,-0.031773883830220395,0.02835538752362949,0.02851218247796786,0.0001567949543383705,0.4943289224952741,0.3939865215137377,-0.1003424009815364
BASE,MLP,42,0.1,0.02,IID_BALANCED->TEMPLATE_OOD,2116,6832,0.5,0.5,0.9020461070448695,0.9054913172079063,0.0034452101630367826,0.02835538752362949,0.022833723653395786,-0.005521663870233704,0.4943289224952741,0.46604215456674475,-0.028286767928529355
BASE,MLP,42,0.1,0.02,IID_BALANCED->DOMAIN_TEMPLATE_OOD,2116,3708,0.5,0.5,0.9020461070448695,0.8580664870002435,-0.04397962004462608,0.02835538752362949,0.028586839266450916,0.00023145174282142647,0.4943289224952741,0.36138079827400216,-0.13294812422127195
BASE,MLP,42,0.25,0.005,IID_BALANCED->TEMPORAL,2116,8000,0.5,0.5,0.9201195641823804,0.932125377759016,0.01200581357663566,0.006616257088846881,0.0045,-0.002116257088846881,0.3771266540642722,0.32275,-0.05437665406427222
BASE,MLP,42,0.25,0.005,IID_BALANCED->DOMAIN_OOD,2116,3858,0.5,0.5,0.9201195641823804,0.8971163480498583,-0.023003216132522097,0.006616257088846881,0.005702436495593572,-0.0009138205932533085,0.3771266540642722,0.20269569725246242,-0.17443095681180978
BASE,MLP,42,0.25,0.005,IID_BALANCED->TEMPLATE_OOD,2116,6832,0.5,0.5,0.9201195641823804,0.9256942404195135,0.005574676237133147,0.006616257088846881,0.005269320843091335,-0.001346936245755546,0.3771266540642722,0.3164519906323185,-0.06067466343195371
BASE,MLP,42,0.25,0.005,IID_BALANCED->DOMAIN_TEMPLATE_OOD,2116,3708,0.5,0.5,0.9201195641823804,0.8880807092531171,-0.03203885492926328,0.006616257088846881,0.005933117583603021,-0.0006831395052438599,0.3771266540642722,0.18770226537216828,-0.18942438869210393
BASE,MLP,42,0.25,0.01,IID_BALANCED->TEMPORAL,2116,8000,0.5,0.5,0.9201195641823804,0.932125377759016,0.01200581357663566,0.00945179584120983,0.00675,-0.00270179584120983,0.43005671077504726,0.375,-0.05505671077504726
BASE,MLP,42,0.25,0.01,IID_BALANCED->DOMAIN_OOD,2116,3858,0.5,0.5,0.9201195641823804,0.8971163480498583,-0.023003216132522097,0.00945179584120983,0.00933125972006221,-0.00012053612114762066,0.43005671077504726,0.2643856920684292,-0.16567101870661805
BASE,MLP,42,0.25,0.01,IID_BALANCED->TEMPLATE_OOD,2116,6832,0.5,0.5,0.9201195641823804,0.9256942404195135,0.005574676237133147,0.00945179584120983,0.007903981264637002,-0.0015478145765728275,0.43005671077504726,0.36416861826697894,-0.06588809250806832
BASE,MLP,42,0.25,0.01,IID_BALANCED->DOMAIN_TEMPLATE_OOD,2116,3708,0.5,0.5,0.9201195641823804,0.8880807092531171,-0.03203885492926328,0.00945179584120983,0.009708737864077669,0.00025694202286783915,0.43005671077504726,0.24002157497303128,-0.19003513580201598
BASE,MLP,42,0.25,0.02,IID_BALANCED->TEMPORAL,2116,8000,0.5,0.5,0.9201195641823804,0.932125377759016,0.01200581357663566,0.020793950850661626,0.0165,-0.004293950850661626,0.5283553875236295,0.515,-0.013355387523629525
BASE,MLP,42,0.25,0.02,IID_BALANCED->DOMAIN_OOD,2116,3858,0.5,0.5,0.9201195641823804,0.8971163480498583,-0.023003216132522097,0.020793950850661626,0.023846552617936754,0.0030526017672751274,0.5283553875236295,0.4250907205806117,-0.10326466694301784
BASE,MLP,42,0.25,0.02,IID_BALANCED->TEMPLATE_OOD,2116,6832,0.5,0.5,0.9201195641823804,0.9256942404195135,0.005574676237133147,0.020793950850661626,0.018442622950819672,-0.0023513278998419547,0.5283553875236295,0.5011709601873536,-0.027184427336275907
BASE,MLP,42,0.25,0.02,IID_BALANCED->DOMAIN_TEMPLATE_OOD,2116,3708,0.5,0.5,0.9201195641823804,0.8880807092531171,-0.03203885492926328,0.020793950850661626,0.024271844660194174,0.003477893809532548,0.5283553875236295,0.40507011866235165,-0.12328526886127789
BASE,MLP,42,1.0,0.005,IID_BALANCED->TEMPORAL,2116,8000,0.5,0.5,0.9385647426869208,0.9537058038224173,0.015141061135496514,0.001890359168241966,0.0015,-0.000390359168241966,0.34688090737240074,0.3055,-0.041380907372400744
BASE,MLP,42,1.0,0.005,IID_BALANCED->DOMAIN_OOD,2116,3858,0.5,0.5,0.9385647426869208,0.934763519200416,-0.003801223486504801,0.001890359168241966,0.0015552099533437014,-0.00033514921489826463,0.34688090737240074,0.21254536029030585,-0.13433554708209489
BASE,MLP,42,1.0,0.005,IID_BALANCED->TEMPLATE_OOD,2116,6832,0.5,0.5,0.9385647426869208,0.949315865088425,0.01075112240150422,0.001890359168241966,0.001756440281030445,-0.00013391888721152106,0.34688090737240074,0.28951990632318503,-0.05736100104921571
BASE,MLP,42,1.0,0.005,IID_BALANCED->DOMAIN_TEMPLATE_OOD,2116,3708,0.5,0.5,0.9385647426869208,0.928845857332534,-0.009718885354386808,0.001890359168241966,0.0016181229773462784,-0.00027223619089568763,0.34688090737240074,0.18608414239482202,-0.16079676497757872
BASE,MLP,42,1.0,0.01,IID_BALANCED->TEMPORAL,2116,8000,0.5,0.5,0.9385647426869208,0.9537058038224173,0.015141061135496514,0.006616257088846881,0.006,-0.0006162570888468806,0.4905482041587902,0.50025,0.009701795841209782
BASE,MLP,42,1.0,0.01,IID_BALANCED->DOMAIN_OOD,2116,3858,0.5,0.5,0.9385647426869208,0.934763519200416,-0.003801223486504801,0.006616257088846881,0.008812856402280975,0.0021965993134340943,0.4905482041587902,0.42923794712286156,-0.06131025703592863
BASE,MLP,42,1.0,0.01,IID_BALANCED->TEMPLATE_OOD,2116,6832,0.5,0.5,0.9385647426869208,0.949315865088425,0.01075112240150422,0.006616257088846881,0.006440281030444965,-0.00017597605840191568,0.4905482041587902,0.47892271662763464,-0.011625487531155554
BASE,MLP,42,1.0,0.01,IID_BALANCED->DOMAIN_TEMPLATE_OOD,2116,3708,0.5,0.5,0.9385647426869208,0.928845857332534,-0.009718885354386808,0.006616257088846881,0.008629989212513484,0.002013732123666603,0.4905482041587902,0.395361380798274,-0.0951868233605162
BASE,MLP,42,1.0,0.02,IID_BALANCED->TEMPORAL,2116,8000,0.5,0.5,0.9385647426869208,0.9537058038224173,0.015141061135496514,0.017958412098298678,0.02075,0.002791587901701323,0.6502835538752363,0.6665,0.016216446124763695
BASE,MLP,42,1.0,0.02,IID_BALANCED->DOMAIN_OOD,2116,3858,0.5,0.5,0.9385647426869208,0.934763519200416,-0.003801223486504801,0.017958412098298678,0.029030585795749093,0.011072173697450415,0.6502835538752363,0.6267496111975117,-0.023533942677724573
BASE,MLP,42,1.0,0.02,IID_BALANCED->TEMPLATE_OOD,2116,6832,0.5,0.5,0.9385647426869208,0.949315865088425,0.01075112240150422,0.017958412098298678,0.021370023419203747,0.0034116113209050683,0.6502835538752363,0.6475409836065574,-0.0027425702686788567
BASE,MLP,42,1.0,0.02,IID_BALANCED->DOMAIN_TEMPLATE_OOD,2116,3708,0.5,0.5,0.9385647426869208,0.928845857332534,-0.009718885354386808,0.017958412098298678,0.02750809061488673,0.009549678516588053,0.6502835538752363,0.5965480043149946,-0.053735549560241735
BASE,MLP,52,0.1,0.005,IID_BALANCED->TEMPORAL,2116,8000,0.5,0.5,0.8645084382027931,0.8572965922936038,-0.0072118459091893294,0.00945179584120983,0.00825,-0.0012017958412098295,0.22495274102079396,0.187,-0.03795274102079396
BASE,MLP,52,0.1,0.005,IID_BALANCED->DOMAIN_OOD,2116,3858,0.5,0.5,0.8645084382027931,0.7786720859720466,-0.08583635223074648,0.00945179584120983,0.014515292897874546,0.0050634970566647165,0.22495274102079396,0.10834629341627787,-0.11660644760451609
BASE,MLP,52,0.1,0.005,IID_BALANCED->TEMPLATE_OOD,2116,6832,0.5,0.5,0.8645084382027931,0.8471495790833004,-0.017358859119492753,0.00945179584120983,0.00936768149882904,-8.41143423807901e-05,0.22495274102079396,0.18998829039812645,-0.03496445062266751
BASE,MLP,52,0.1,0.005,IID_BALANCED->DOMAIN_TEMPLATE_OOD,2116,3708,0.5,0.5,0.8645084382027931,0.7687763665460199,-0.09573207165677322,0.00945179584120983,0.014563106796116505,0.005111310954906675,0.22495274102079396,0.10625674217907227,-0.11869599884172169
BASE,MLP,52,0.1,0.01,IID_BALANCED->TEMPORAL,2116,8000,0.5,0.5,0.8645084382027931,0.8572965922936038,-0.0072118459091893294,0.017958412098298678,0.015,-0.0029584120982986788,0.2712665406427221,0.2335,-0.037766540642722085
BASE,MLP,52,0.1,0.01,IID_BALANCED->DOMAIN_OOD,2116,3858,0.5,0.5,0.8645084382027931,0.7786720859720466,-0.08583635223074648,0.017958412098298678,0.027475375842405392,0.009516963744106714,0.2712665406427221,0.13011923276308968,-0.14114730787963242
BASE,MLP,52,0.1,0.01,IID_BALANCED->TEMPLATE_OOD,2116,6832,0.5,0.5,0.8645084382027931,0.8471495790833004,-0.017358859119492753,0.017958412098298678,0.01727166276346604,-0.0006867493348326377,0.2712665406427221,0.2344847775175644,-0.036781763125157685
BASE,MLP,52,0.1,0.01,IID_BALANCED->DOMAIN_TEMPLATE_OOD,2116,3708,0.5,0.5,0.8645084382027931,0.7687763665460199,-0.09573207165677322,0.017958412098298678,0.028047464940668825,0.010089052842370147,0.2712665406427221,0.12837108953613807,-0.14289545110658403
BASE,MLP,52,0.1,0.02,IID_BALANCED->TEMPORAL,2116,8000,0.5,0.5,0.8645084382027931,0.8572965922936038,-0.0072118459091893294,0.026465028355387523,0.02075,-0.005715028355387522,0.31474480151228734,0.26725,-0.047494801512287355
BASE,MLP,52,0.1,0.02,IID_BALANCED->DOMAIN_OOD,2116,3858,0.5,0.5,0.8645084382027931,0.7786720859720466,-0.08583635223074648,0.026465028355387523,0.0368066355624676,0.010341607207080074,0.31474480151228734,0.14930015552099535,-0.165444645991292
BASE,MLP,52,0.1,0.02,IID_BALANCED->TEMPLATE_OOD,2116,6832,0.5,0.5,0.8645084382027931,0.8471495790833004,-0.017358859119492753,0.026465028355387523,0.024004683840749413,-0.0024603445146381096,0.31474480151228734,0.26990632318501173,-0.04483847832727561
BASE,MLP,52,0.1,0.02,IID_BALANCED->DOMAIN_TEMPLATE_OOD,2116,3708,0.5,0.5,0.8645084382027931,0.7687763665460199,-0.09573207165677322,0.026465028355387523,0.037756202804746494,0.011291174449358971,0.31474480151228734,0.14724919093851133,-0.16749561057377602
BASE,MLP,52,0.25,0.005,IID_BALANCED->TEMPORAL,2116,8000,0.5,0.5,0.9145822263971042,0.9317732443237148,0.017191017926610597,0.005671077504725898,0.00525,-0.00042107750472589797,0.32892249527410206,0.27275,-0.05617249527410206
BASE,MLP,52,0.25,0.005,IID_BALANCED->DOMAIN_OOD,2116,3858,0.5,0.5,0.9145822263971042,0.9098049013512496,-0.004777325045854597,0.005671077504725898,0.004665629860031105,-0.0010054476446947937,0.32892249527410206,0.2011404872991187,-0.12778200797498335
BASE,MLP,52,0.25,0.005,IID_BALANCED->TEMPLATE_OOD,2116,6832,0.5,0.5,0.9145822263971042,0.9281080017633704,0.013525775366266202,0.005671077504725898,0.00468384074941452,-0.0009872367553113784,0.32892249527410206,0.2538056206088993,-0.07511687466520278
BASE,MLP,52,0.25,0.005,IID_BALANCED->DOMAIN_TEMPLATE_OOD,2116,3708,0.5,0.5,0.9145822263971042,0.9018134782599003,-0.012768748137203856,0.005671077504725898,0.0048543689320388345,-0.0008167085726870638,0.32892249527410206,0.1871628910463862,-0.14175960422771586
BASE,MLP,52,0.25,0.01,IID_BALANCED->TEMPORAL,2116,8000,0.5,0.5,0.9145822263971042,0.9317732443237148,0.017191017926610597,0.024574669187145556,0.01925,-0.005324669187145557,0.505671077504726,0.5615,0.05582892249527405
BASE,MLP,52,0.25,0.01,IID_BALANCED->DOMAIN_OOD,2116,3858,0.5,0.5,0.9145822263971042,0.9098049013512496,-0.004777325045854597,0.024574669187145556,0.02280974598237429,-0.0017649232047712675,0.505671077504726,0.4924831518921721,-0.01318792561255383
BASE,MLP,52,0.25,0.01,IID_BALANCED->TEMPLATE_OOD,2116,6832,0.5,0.5,0.9145822263971042,0.9281080017633704,0.013525775366266202,0.024574669187145556,0.018149882903981264,-0.006424786283164292,0.505671077504726,0.5386416861826698,0.03297060867794388
BASE,MLP,52,0.25,0.01,IID_BALANCED->DOMAIN_TEMPLATE_OOD,2116,3708,0.5,0.5,0.9145822263971042,0.9018134782599003,-0.012768748137203856,0.024574669187145556,0.022114347357065803,-0.002460321830079753,0.505671077504726,0.4633225458468177,-0.04234853165790825
BASE,MLP,52,0.25,0.02,IID_BALANCED->TEMPORAL,2116,8000,0.5,0.5,0.9145822263971042,0.9317732443237148,0.017191017926610597,0.036862003780718335,0.02675,-0.010112003780718335,0.556710775047259,0.628,0.07128922495274104
BASE,MLP,52,0.25,0.02,IID_BALANCED->DOMAIN_OOD,2116,3858,0.5,0.5,0.9145822263971042,0.9098049013512496,-0.004777325045854597,0.036862003780718335,0.030585795749092794,-0.006276208031625541,0.556710775047259,0.5624675997926387,0.005756824745379752
BASE,MLP,52,0.25,0.02,IID_BALANCED->TEMPLATE_OOD,2116,6832,0.5,0.5,0.9145822263971042,0.9281080017633704,0.013525775366266202,0.036862003780718335,0.024882903981264637,-0.011979099799453698,0.556710775047259,0.6083138173302107,0.05160304228295176
BASE,MLP,52,0.25,0.02,IID_BALANCED->DOMAIN_TEMPLATE_OOD,2116,3708,0.5,0.5,0.9145822263971042,0.9018134782599003,-0.012768748137203856,0.036862003780718335,0.030204962243797196,-0.0066570415369211385,0.556710775047259,0.5323624595469255,-0.02434831550033345
BASE,MLP,52,1.0,0.005,IID_BALANCED->TEMPORAL,2116,8000,0.5,0.5,0.9404687104796192,0.9558876777966643,0.015418967317045063,0.001890359168241966,0.00125,-0.000640359168241966,0.3771266540642722,0.31825,-0.05887665406427223
BASE,MLP,52,1.0,0.005,IID_BALANCED->DOMAIN_OOD,2116,3858,0.5,0.5,0.9404687104796192,0.9401941310269034,-0.0002745794527158063,0.001890359168241966,0.0005184033177812338,-0.0013719558504607322,0.3771266540642722,0.21099015033696217,-0.16613650372731004
BASE,MLP,52,1.0,0.005,IID_BALANCED->TEMPLATE_OOD,2116,6832,0.5,0.5,0.9404687104796192,0.951508045225544,0.011039334745924778,0.001890359168241966,0.0014637002341920376,-0.00042665893404992845,0.3771266540642722,0.3012295081967213,-0.07589714586755092
BASE,MLP,52,1.0,0.005,IID_BALANCED->DOMAIN_TEMPLATE_OOD,2116,3708,0.5,0.5,0.9404687104796192,0.9348670648853273,-0.005601645594291882,0.001890359168241966,0.0005393743257820927,-0.0013509848424598733,0.3771266540642722,0.18608414239482202,-0.1910425116694502
BASE,MLP,52,1.0,0.01,IID_BALANCED->TEMPORAL,2116,8000,0.5,0.5,0.9404687104796192,0.9558876777966643,0.015418967317045063,0.00945179584120983,0.00825,-0.0012017958412098295,0.5349716446124764,0.50825,-0.026721644612476392
BASE,MLP,52,1.0,0.01,IID_BALANCED->DOMAIN_OOD,2116,3858,0.5,0.5,0.9404687104796192,0.9401941310269034,-0.0002745794527158063,0.00945179584120983,0.010368066355624676,0.0009162705144148461,0.5349716446124764,0.43286677034733023,-0.10210487426514614
BASE,MLP,52,1.0,0.01,IID_BALANCED->TEMPLATE_OOD,2116,6832,0.5,0.5,0.9404687104796192,0.951508045225544,0.011039334745924778,0.00945179584120983,0.00819672131147541,-0.0012550745297344196,0.5349716446124764,0.48243559718969553,-0.05253604742278084
BASE,MLP,52,1.0,0.01,IID_BALANCED->DOMAIN_TEMPLATE_OOD,2116,3708,0.5,0.5,0.9404687104796192,0.9348670648853273,-0.005601645594291882,0.00945179584120983,0.008629989212513484,-0.0008218066286963463,0.5349716446124764,0.39374325782092773,-0.14122838679154864
BASE,MLP,52,1.0,0.02,IID_BALANCED->TEMPORAL,2116,8000,0.5,0.5,0.9404687104796192,0.9558876777966643,0.015418967317045063,0.020793950850661626,0.0215,0.0007060491493383718,0.6313799621928167,0.65375,0.022370037807183385
BASE,MLP,52,1.0,0.02,IID_BALANCED->DOMAIN_OOD,2116,3858,0.5,0.5,0.9404687104796192,0.9401941310269034,-0.0002745794527158063,0.020793950850661626,0.02851218247796786,0.007718231627306234,0.6313799621928167,0.6148263348885433,-0.016553627304273344
BASE,MLP,52,1.0,0.02,IID_BALANCED->TEMPLATE_OOD,2116,6832,0.5,0.5,0.9404687104796192,0.951508045225544,0.011039334745924778,0.020793950850661626,0.023126463700234193,0.002332512849572567,0.6313799621928167,0.6355386416861827,0.004158679493366013
BASE,MLP,52,1.0,0.02,IID_BALANCED->DOMAIN_TEMPLATE_OOD,2116,3708,0.5,0.5,0.9404687104796192,0.9348670648853273,-0.005601645594291882,0.020793950850661626,0.02750809061488673,0.006714139764225104,0.6313799621928167,0.580906148867314,-0.050473813325502714
BASE,MLP,62,0.1,0.005,IID_BALANCED->TEMPORAL,2116,8000,0.5,0.5,0.8955781104488114,0.9027186686156339,0.007140558166822464,0.004725897920604915,0.00375,-0.0009758979206049151,0.33648393194706994,0.26525,-0.07123393194706995
BASE,MLP,62,0.1,0.005,IID_BALANCED->DOMAIN_OOD,2116,3858,0.5,0.5,0.8955781104488114,0.8575769392740427,-0.038001171174768755,0.004725897920604915,0.005184033177812338,0.00045813525720742303,0.33648393194706994,0.1715914981855884,-0.16489243376148155
BASE,MLP,62,0.1,0.005,IID_BALANCED->TEMPLATE_OOD,2116,6832,0.5,0.5,0.8955781104488114,0.895623829678643,4.571922983154231e-05,0.004725897920604915,0.0038056206088992973,-0.0009202773117056176,0.33648393194706994,0.2502927400468384,-0.08619119190023156
BASE,MLP,62,0.1,0.005,IID_BALANCED->DOMAIN_TEMPLATE_OOD,2116,3708,0.5,0.5,0.8955781104488114,0.8469133235837831,-0.04866478686502829,0.004725897920604915,0.004314994606256742,-0.00041090331434817315,0.33648393194706994,0.15210355987055016,-0.18438037207651978
BASE,MLP,62,0.1,0.01,IID_BALANCED->TEMPORAL,2116,8000,0.5,0.5,0.8955781104488114,0.9027186686156339,0.007140558166822464,0.005671077504725898,0.00475,-0.0009210775047258984,0.35822306238185253,0.2885,-0.06972306238185255
BASE,MLP,62,0.1,0.01,IID_BALANCED->DOMAIN_OOD,2116,3858,0.5,0.5,0.8955781104488114,0.8575769392740427,-0.038001171174768755,0.005671077504725898,0.005702436495593572,3.135899086767393e-05,0.35822306238185253,0.19284603421461896,-0.16537702816723357
BASE,MLP,62,0.1,0.01,IID_BALANCED->TEMPLATE_OOD,2116,6832,0.5,0.5,0.8955781104488114,0.895623829678643,4.571922983154231e-05,0.005671077504725898,0.00468384074941452,-0.0009872367553113784,0.35822306238185253,0.273711943793911,-0.08451111858794152
BASE,MLP,62,0.1,0.01,IID_BALANCED->DOMAIN_TEMPLATE_OOD,2116,3708,0.5,0.5,0.8955781104488114,0.8469133235837831,-0.04866478686502829,0.005671077504725898,0.0048543689320388345,-0.0008167085726870638,0.35822306238185253,0.17421790722761596,-0.18400515515423657
BASE,MLP,62,0.1,0.02,IID_BALANCED->TEMPORAL,2116,8000,0.5,0.5,0.8955781104488114,0.9027186686156339,0.007140558166822464,0.00945179584120983,0.01125,0.0017982041587901697,0.4215500945179584,0.3615,-0.0600500945179584
BASE,MLP,62,0.1,0.02,IID_BALANCED->DOMAIN_OOD,2116,3858,0.5,0.5,0.8955781104488114,0.8575769392740427,-0.038001171174768755,0.00945179584120983,0.014515292897874546,0.0050634970566647165,0.4215500945179584,0.2545360290305858,-0.16701406548737258
BASE,MLP,62,0.1,0.02,IID_BALANCED->TEMPLATE_OOD,2116,6832,0.5,0.5,0.8955781104488114,0.895623829678643,4.571922983154231e-05,0.00945179584120983,0.0117096018735363,0.0022578060323264707,0.4215500945179584,0.34045667447306793,-0.08109342004489045
BASE,MLP,62,0.1,0.02,IID_BALANCED->DOMAIN_TEMPLATE_OOD,2116,3708,0.5,0.5,0.8955781104488114,0.8469133235837831,-0.04866478686502829,0.00945179584120983,0.014023732470334413,0.004571936629124583,0.4215500945179584,0.2297734627831715,-0.19177663173478687
BASE,MLP,62,0.25,0.005,IID_BALANCED->TEMPORAL,2116,8000,0.5,0.5,0.9085741599882311,0.9157362715187515,0.007162111530520376,0.001890359168241966,0.005,0.0031096408317580343,0.3553875236294896,0.378,0.022612476370510393
BASE,MLP,62,0.25,0.005,IID_BALANCED->DOMAIN_OOD,2116,3858,0.5,0.5,0.9085741599882311,0.8817100173567283,-0.02686414263150283,0.001890359168241966,0.007776049766718507,0.005885690598476542,0.3553875236294896,0.2846034214618974,-0.07078410216759223
BASE,MLP,62,0.25,0.005,IID_BALANCED->TEMPLATE_OOD,2116,6832,0.5,0.5,0.9085741599882311,0.9105415885372715,0.0019674285490404175,0.001890359168241966,0.0055620608899297425,0.0036717017216877767,0.3553875236294896,0.3638758782201405,0.008488354590650893
BASE,MLP,62,0.25,0.005,IID_BALANCED->DOMAIN_TEMPLATE_OOD,2116,3708,0.5,0.5,0.9085741599882311,0.8721632965405901,-0.036410863447640995,0.001890359168241966,0.007551240560949299,0.005660881392707333,0.3553875236294896,0.2626752966558792,-0.09271222697361042
BASE,MLP,62,0.25,0.01,IID_BALANCED->TEMPORAL,2116,8000,0.5,0.5,0.9085741599882311,0.9157362715187515,0.007162111530520376,0.003780718336483932,0.0115,0.007719281663516068,0.42533081285444235,0.4415,0.01616918714555765
BASE,MLP,62,0.25,0.01,IID_BALANCED->DOMAIN_OOD,2116,3858,0.5,0.5,0.9085741599882311,0.8817100173567283,-0.02686414263150283,0.003780718336483932,0.017107309486780714,0.013326591150296782,0.42533081285444235,0.35303265940902023,-0.07229815344542212
BASE,MLP,62,0.25,0.01,IID_BALANCED->TEMPLATE_OOD,2116,6832,0.5,0.5,0.9085741599882311,0.9105415885372715,0.0019674285490404175,0.003780718336483932,0.012587822014051522,0.00880710367756759,0.42533081285444235,0.4244730679156909,-0.0008577449387514591
BASE,MLP,62,0.25,0.01,IID_BALANCED->DOMAIN_TEMPLATE_OOD,2116,3708,0.5,0.5,0.9085741599882311,0.8721632965405901,-0.036410863447640995,0.003780718336483932,0.016720604099244876,0.012939885762760945,0.42533081285444235,0.3268608414239482,-0.09846997143049413
BASE,MLP,62,0.25,0.02,IID_BALANCED->TEMPORAL,2116,8000,0.5,0.5,0.9085741599882311,0.9157362715187515,0.007162111530520376,0.01984877126654064,0.0205,0.0006512287334593594,0.5,0.55625,0.05625000000000002
BASE,MLP,62,0.25,0.02,IID_BALANCED->DOMAIN_OOD,2116,3858,0.5,0.5,0.9085741599882311,0.8817100173567283,-0.02686414263150283,0.01984877126654064,0.02695697252462416,0.007108201258083518,0.5,0.47433903576982894,-0.025660964230171057
BASE,MLP,62,0.25,0.02,IID_BALANCED->TEMPLATE_OOD,2116,6832,0.5,0.5,0.9085741599882311,0.9105415885372715,0.0019674285490404175,0.01984877126654064,0.021370023419203747,0.001521252152663105,0.5,0.5389344262295082,0.03893442622950816
BASE,MLP,62,0.25,0.02,IID_BALANCED->DOMAIN_TEMPLATE_OOD,2116,3708,0.5,0.5,0.9085741599882311,0.8721632965405901,-0.036410863447640995,0.01984877126654064,0.026429341963322545,0.006580570696781904,0.5,0.4557713052858684,-0.0442286947141316
BASE,MLP,62,1.0,0.005,IID_BALANCED->TEMPORAL,2116,8000,0.5,0.5,0.9413455363891242,0.9583723105512812,0.017026774162157032,0.004725897920604915,0.003,-0.0017258979206049149,0.40737240075614367,0.3975,-0.009872400756143651
BASE,MLP,62,1.0,0.005,IID_BALANCED->DOMAIN_OOD,2116,3858,0.5,0.5,0.9413455363891242,0.9440218339907891,0.0026762976016648787,0.004725897920604915,0.0036288232244686366,-0.0010970746961362784,0.40737240075614367,0.321410057024365,-0.08596234373177869
BASE,MLP,62,1.0,0.005,IID_BALANCED->TEMPLATE_OOD,2116,6832,0.5,0.5,0.9413455363891242,0.9546068170837135,0.013261280694589317,0.004725897920604915,0.002927400468384075,-0.0017984974522208398,0.40737240075614367,0.38729508196721313,-0.020077318788930543
BASE,MLP,62,1.0,0.005,IID_BALANCED->DOMAIN_TEMPLATE_OOD,2116,3708,0.5,0.5,0.9413455363891242,0.9401959447910853,-0.001149591598038957,0.004725897920604915,0.003236245954692557,-0.0014896519659123582,0.40737240075614367,0.3063646170442287,-0.10100778371191499
BASE,MLP,62,1.0,0.01,IID_BALANCED->TEMPORAL,2116,8000,0.5,0.5,0.9413455363891242,0.9583723105512812,0.017026774162157032,0.006616257088846881,0.00625,-0.0003662570888468804,0.5311909262759924,0.53225,0.0010590737240075976
BASE,MLP,62,1.0,0.01,IID_BALANCED->DOMAIN_OOD,2116,3858,0.5,0.5,0.9413455363891242,0.9440218339907891,0.0026762976016648787,0.006616257088846881,0.007257646448937273,0.0006413893600903924,0.5311909262759924,0.48367029548989116,-0.04752063078610125
BASE,MLP,62,1.0,0.01,IID_BALANCED->TEMPLATE_OOD,2116,6832,0.5,0.5,0.9413455363891242,0.9546068170837135,0.013261280694589317,0.006616257088846881,0.006440281030444965,-0.00017597605840191568,0.5311909262759924,0.5196135831381733,-0.011577343137819107
BASE,MLP,62,1.0,0.01,IID_BALANCED->DOMAIN_TEMPLATE_OOD,2116,3708,0.5,0.5,0.9413455363891242,0.9401959447910853,-0.001149591598038957,0.006616257088846881,0.006472491909385114,-0.0001437651794617672,0.5311909262759924,0.4557713052858684,-0.075419620990124
BASE,MLP,62,1.0,0.02,IID_BALANCED->TEMPORAL,2116,8000,0.5,0.5,0.9413455363891242,0.9583723105512812,0.017026774162157032,0.017013232514177693,0.0185,0.001486767485822306,0.6436672967863895,0.65425,0.010582703213610545
BASE,MLP,62,1.0,0.02,IID_BALANCED->DOMAIN_OOD,2116,3858,0.5,0.5,0.9413455363891242,0.9440218339907891,0.0026762976016648787,0.017013232514177693,0.026438569206842923,0.00942533669266523,0.6436672967863895,0.6174183514774495,-0.026248945308939953
BASE,MLP,62,1.0,0.02,IID_BALANCED->TEMPLATE_OOD,2116,6832,0.5,0.5,0.9413455363891242,0.9546068170837135,0.013261280694589317,0.017013232514177693,0.019320843091334895,0.002307610577157202,0.6436672967863895,0.6384660421545667,-0.005201254631822749
BASE,MLP,62,1.0,0.02,IID_BALANCED->DOMAIN_TEMPLATE_OOD,2116,3708,0.5,0.5,0.9413455363891242,0.9401959447910853,-0.001149591598038957,0.017013232514177693,0.02481121898597627,0.007797986471798576,0.6436672967863895,0.5868392664509169,-0.05682803033547257
BASE,MLP,72,0.1,0.005,IID_BALANCED->TEMPORAL,2116,8000,0.5,0.5,0.9064815244523018,0.9174490261676487,0.010967501715346883,0.003780718336483932,0.00775,0.003969281663516068,0.29111531190926276,0.2585,-0.032615311909262756
BASE,MLP,72,0.1,0.005,IID_BALANCED->DOMAIN_OOD,2116,3858,0.5,0.5,0.9064815244523018,0.8712317389426518,-0.03524978550964997,0.003780718336483932,0.012960082944530845,0.009179364608046914,0.29111531190926276,0.15863141524105753,-0.13248389666820523
BASE,MLP,72,0.1,0.005,IID_BALANCED->TEMPLATE_OOD,2116,6832,0.5,0.5,0.9064815244523018,0.9093181388167847,0.0028366143644829034,0.003780718336483932,0.009074941451990632,0.0052942231155067,0.29111531190926276,0.25526932084309134,-0.03584599106617142
BASE,MLP,72,0.1,0.005,IID_BALANCED->DOMAIN_TEMPLATE_OOD,2116,3708,0.5,0.5,0.9064815244523018,0.8621875935591705,-0.04429393089313127,0.003780718336483932,0.01348435814455232,0.009703639808068388,0.29111531190926276,0.15318230852211434,-0.13793300338714842
BASE,MLP,72,0.1,0.01,IID_BALANCED->TEMPORAL,2116,8000,0.5,0.5,0.9064815244523018,0.9174490261676487,0.010967501715346883,0.012287334593572778,0.016,0.003712665406427222,0.3846880907372401,0.36275,-0.021938090737240068
BASE,MLP,72,0.1,0.01,IID_BALANCED->DOMAIN_OOD,2116,3858,0.5,0.5,0.9064815244523018,0.8712317389426518,-0.03524978550964997,0.012287334593572778,0.02280974598237429,0.01052241138880151,0.3846880907372401,0.2607568688439606,-0.12393122189327949
BASE,MLP,72,0.1,0.01,IID_BALANCED->TEMPLATE_OOD,2116,6832,0.5,0.5,0.9064815244523018,0.9093181388167847,0.0028366143644829034,0.012287334593572778,0.01873536299765808,0.006448028404085301,0.3846880907372401,0.35802107728337235,-0.02666701345386774
BASE,MLP,72,0.1,0.01,IID_BALANCED->DOMAIN_TEMPLATE_OOD,2116,3708,0.5,0.5,0.9064815244523018,0.8621875935591705,-0.04429393089313127,0.012287334593572778,0.023732470334412083,0.011445135740839305,0.3846880907372401,0.2535059331175836,-0.13118215761965646
BASE,MLP,72,0.1,0.02,IID_BALANCED->TEMPORAL,2116,8000,0.5,0.5,0.9064815244523018,0.9174490261676487,0.010967501715346883,0.024574669187145556,0.02475,0.0001753308128544448,0.4669187145557656,0.466,-0.0009187145557655874
BASE,MLP,72,0.1,0.02,IID_BALANCED->DOMAIN_OOD,2116,3858,0.5,0.5,0.9064815244523018,0.8712317389426518,-0.03524978550964997,0.024574669187145556,0.0368066355624676,0.012231966375322041,0.4669187145557656,0.37636080870917576,-0.09055790584658985
BASE,MLP,72,0.1,0.02,IID_BALANCED->TEMPLATE_OOD,2116,6832,0.5,0.5,0.9064815244523018,0.9093181388167847,0.0028366143644829034,0.024574669187145556,0.028981264637002343,0.0044065954498567865,0.4669187145557656,0.46048009367681497,-0.0064386208789506405
BASE,MLP,72,0.1,0.02,IID_BALANCED->DOMAIN_TEMPLATE_OOD,2116,3708,0.5,0.5,0.9064815244523018,0.8621875935591705,-0.04429393089313127,0.024574669187145556,0.038295577130528585,0.013720907943383029,0.4669187145557656,0.36839266450916935,-0.09852605004659626
BASE,MLP,72,0.25,0.005,IID_BALANCED->TEMPORAL,2116,8000,0.5,0.5,0.9217646240426969,0.9404459686642013,0.018681344621504392,0.003780718336483932,0.00525,0.0014692816635160683,0.3790170132325142,0.37425,-0.004767013232514161
BASE,MLP,72,0.25,0.005,IID_BALANCED->DOMAIN_OOD,2116,3858,0.5,0.5,0.9217646240426969,0.9119091733156228,-0.009855450727074055,0.003780718336483932,0.00933125972006221,0.005550541383578278,0.3790170132325142,0.2856402280974598,-0.09337678513505437
BASE,MLP,72,0.25,0.005,IID_BALANCED->TEMPLATE_OOD,2116,6832,0.5,0.5,0.9217646240426969,0.9353758454933137,0.013611221450616773,0.003780718336483932,0.006147540983606557,0.002366822647122625,0.3790170132325142,0.36885245901639346,-0.010164554216120725
BASE,MLP,72,0.25,0.005,IID_BALANCED->DOMAIN_TEMPLATE_OOD,2116,3708,0.5,0.5,0.9217646240426969,0.9041990061073157,-0.01756561793538114,0.003780718336483932,0.009708737864077669,0.0059280195275937374,0.3790170132325142,0.2750809061488673,-0.10393610708364687
BASE,MLP,72,0.25,0.01,IID_BALANCED->TEMPORAL,2116,8000,0.5,0.5,0.9217646240426969,0.9404459686642013,0.018681344621504392,0.010396975425330813,0.0095,-0.0008969754253308135,0.4603024574669187,0.4985,0.038197542533081275
BASE,MLP,72,0.25,0.01,IID_BALANCED->DOMAIN_OOD,2116,3858,0.5,0.5,0.9217646240426969,0.9119091733156228,-0.009855450727074055,0.010396975425330813,0.015552099533437015,0.005155124108106202,0.4603024574669187,0.4307931570762053,-0.029509300390713422
BASE,MLP,72,0.25,0.01,IID_BALANCED->TEMPLATE_OOD,2116,6832,0.5,0.5,0.9217646240426969,0.9353758454933137,0.013611221450616773,0.010396975425330813,0.010831381733021077,0.0004344063076902639,0.4603024574669187,0.4929742388758782,0.03267178140895949
BASE,MLP,72,0.25,0.01,IID_BALANCED->DOMAIN_TEMPLATE_OOD,2116,3708,0.5,0.5,0.9217646240426969,0.9041990061073157,-0.01756561793538114,0.010396975425330813,0.01564185544768069,0.0052448800223498775,0.4603024574669187,0.4223300970873786,-0.037972360379540104
BASE,MLP,72,0.25,0.02,IID_BALANCED->TEMPORAL,2116,8000,0.5,0.5,0.9217646240426969,0.9404459686642013,0.018681344621504392,0.023629489603024575,0.0215,-0.0021294896030245765,0.5671077504725898,0.61175,0.04464224952741025
BASE,MLP,72,0.25,0.02,IID_BALANCED->DOMAIN_OOD,2116,3858,0.5,0.5,0.9217646240426969,0.9119091733156228,-0.009855450727074055,0.023629489603024575,0.03162260238465526,0.007993112781630684,0.5671077504725898,0.5536547433903577,-0.013453007082232071
BASE,MLP,72,0.25,0.02,IID_BALANCED->TEMPLATE_OOD,2116,6832,0.5,0.5,0.9217646240426969,0.9353758454933137,0.013611221450616773,0.023629489603024575,0.0234192037470726,-0.00021028585595197352,0.5671077504725898,0.5957259953161592,0.02861824484356945
BASE,MLP,72,0.25,0.02,IID_BALANCED->DOMAIN_TEMPLATE_OOD,2116,3708,0.5,0.5,0.9217646240426969,0.9041990061073157,-0.01756561793538114,0.023629489603024575,0.030744336569579287,0.007114846966554712,0.5671077504725898,0.5221143473570659,-0.04499340311552391
BASE,MLP,72,1.0,0.005,IID_BALANCED->TEMPORAL,2116,8000,0.5,0.5,0.9337872041589886,0.9533543411988284,0.01956713703983981,0.003780718336483932,0.00225,-0.0015307183364839322,0.3818525519848771,0.36325,-0.01860255198487709
BASE,MLP,72,1.0,0.005,IID_BALANCED->DOMAIN_OOD,2116,3858,0.5,0.5,0.9337872041589886,0.9384129244635855,0.004625720304596848,0.003780718336483932,0.002592016588906169,-0.001188701747577763,0.3818525519848771,0.27527216174183516,-0.10658039024304194
BASE,MLP,72,1.0,0.005,IID_BALANCED->TEMPLATE_OOD,2116,6832,0.5,0.5,0.9337872041589886,0.9499608498549342,0.016173645695945593,0.003780718336483932,0.00234192037470726,-0.001438797961776672,0.3818525519848771,0.3427985948477752,-0.03905395713710191
BASE,MLP,72,1.0,0.005,IID_BALANCED->DOMAIN_TEMPLATE_OOD,2116,3708,0.5,0.5,0.9337872041589886,0.9339594439194417,0.00017223976045310785,0.003780718336483932,0.002696871628910464,-0.001083846707573468,0.3818525519848771,0.2405609492988134,-0.14129160268606372
BASE,MLP,72,1.0,0.01,IID_BALANCED->TEMPORAL,2116,8000,0.5,0.5,0.9337872041589886,0.9533543411988284,0.01956713703983981,0.010396975425330813,0.0085,-0.0018969754253308126,0.5330812854442344,0.5675,0.03441871455576562
BASE,MLP,72,1.0,0.01,IID_BALANCED->DOMAIN_OOD,2116,3858,0.5,0.5,0.9337872041589886,0.9384129244635855,0.004625720304596848,0.010396975425330813,0.01088646967340591,0.000489494248075097,0.5330812854442344,0.5220321410057024,-0.011049144438532
BASE,MLP,72,1.0,0.01,IID_BALANCED->TEMPLATE_OOD,2116,6832,0.5,0.5,0.9337872041589886,0.9499608498549342,0.016173645695945593,0.010396975425330813,0.007903981264637002,-0.002492994160693811,0.5330812854442344,0.5468384074941453,0.013757122049910864
BASE,MLP,72,1.0,0.01,IID_BALANCED->DOMAIN_TEMPLATE_OOD,2116,3708,0.5,0.5,0.9337872041589886,0.9339594439194417,0.00017223976045310785,0.010396975425330813,0.009708737864077669,-0.0006882375612531442,0.5330812854442344,0.4848975188781014,-0.04818376656613299
BASE,MLP,72,1.0,0.02,IID_BALANCED->TEMPORAL,2116,8000,0.5,0.5,0.9337872041589886,0.9533543411988284,0.01956713703983981,0.020793950850661626,0.023,0.002206049149338373,0.6304347826086957,0.69525,0.06481521739130436
BASE,MLP,72,1.0,0.02,IID_BALANCED->DOMAIN_OOD,2116,3858,0.5,0.5,0.9337872041589886,0.9384129244635855,0.004625720304596848,0.020793950850661626,0.029548989113530325,0.008755038262868699,0.6304347826086957,0.6734059097978227,0.04297112718912699
BASE,MLP,72,1.0,0.02,IID_BALANCED->TEMPLATE_OOD,2116,6832,0.5,0.5,0.9337872041589886,0.9499608498549342,0.016173645695945593,0.020793950850661626,0.023126463700234193,0.002332512849572567,0.6304347826086957,0.6788641686182669,0.04842938600957125
BASE,MLP,72,1.0,0.02,IID_BALANCED->DOMAIN_TEMPLATE_OOD,2116,3708,0.5,0.5,0.9337872041589886,0.9339594439194417,0.00017223976045310785,0.020793950850661626,0.02696871628910464,0.006174765438443013,0.6304347826086957,0.6434735706580367,0.013038788049340999
BASE,MLP,82,0.1,0.005,IID_BALANCED->TEMPORAL,2116,8000,0.5,0.5,0.8928617656193052,0.9040095697681501,0.011147804148844864,0.004725897920604915,0.00575,0.001024102079395085,0.29111531190926276,0.30575,0.014634688090737258
BASE,MLP,82,0.1,0.005,IID_BALANCED->DOMAIN_OOD,2116,3858,0.5,0.5,0.8928617656193052,0.873089687489414,-0.019772078129891235,0.004725897920604915,0.00673924313115604,0.002013345210551125,0.29111531190926276,0.21461897356143078,-0.07649633834783198
BASE,MLP,82,0.1,0.005,IID_BALANCED->TEMPLATE_OOD,2116,6832,0.5,0.5,0.8928617656193052,0.899752774898517,0.006891009279211824,0.004725897920604915,0.0055620608899297425,0.0008361629693248275,0.29111531190926276,0.29830210772833726,0.0071867958190744985
BASE,MLP,82,0.1,0.005,IID_BALANCED->DOMAIN_TEMPLATE_OOD,2116,3708,0.5,0.5,0.8928617656193052,0.8617684078630009,-0.031093357756304285,0.004725897920604915,0.006472491909385114,0.0017465939887801986,0.29111531190926276,0.1925566343042071,-0.09855867760505566
BASE,MLP,82,0.1,0.01,IID_BALANCED->TEMPORAL,2116,8000,0.5,0.5,0.8928617656193052,0.9040095697681501,0.011147804148844864,0.020793950850661626,0.01475,-0.006043950850661627,0.3818525519848771,0.44725,0.06539744801512287
BASE,MLP,82,0.1,0.01,IID_BALANCED->DOMAIN_OOD,2116,3858,0.5,0.5,0.8928617656193052,0.873089687489414,-0.019772078129891235,0.020793950850661626,0.01658890616899948,-0.004205044681662145,0.3818525519848771,0.35666148263348885,-0.025191069351388262
BASE,MLP,82,0.1,0.01,IID_BALANCED->TEMPLATE_OOD,2116,6832,0.5,0.5,0.8928617656193052,0.899752774898517,0.006891009279211824,0.020793950850661626,0.013758782201405152,-0.007035168649256475,0.3818525519848771,0.43208430913348944,0.05023175714861233
BASE,MLP,82,0.1,0.01,IID_BALANCED->DOMAIN_TEMPLATE_OOD,2116,3708,0.5,0.5,0.8928617656193052,0.8617684078630009,-0.031093357756304285,0.020793950850661626,0.016181229773462782,-0.004612721077198845,0.3818525519848771,0.33225458468176916,-0.04959796730310795
BASE,MLP,82,0.1,0.02,IID_BALANCED->TEMPORAL,2116,8000,0.5,0.5,0.8928617656193052,0.9040095697681501,0.011147804148844864,0.03213610586011342,0.0225,-0.009636105860113424,0.45179584120982985,0.50825,0.05645415879017013
BASE,MLP,82,0.1,0.02,IID_BALANCED->DOMAIN_OOD,2116,3858,0.5,0.5,0.8928617656193052,0.873089687489414,-0.019772078129891235,0.03213610586011342,0.026438569206842923,-0.0056975366532705,0.45179584120982985,0.42094349403836184,-0.03085234717146801
BASE,MLP,82,0.1,0.02,IID_BALANCED->TEMPLATE_OOD,2116,6832,0.5,0.5,0.8928617656193052,0.899752774898517,0.006891009279211824,0.03213610586011342,0.02107728337236534,-0.011058822487748084,0.45179584120982985,0.49063231850117095,0.0388364772913411
BASE,MLP,82,0.1,0.02,IID_BALANCED->DOMAIN_TEMPLATE_OOD,2116,3708,0.5,0.5,0.8928617656193052,0.8617684078630009,-0.031093357756304285,0.03213610586011342,0.026429341963322545,-0.005706763896790878,0.45179584120982985,0.3959007551240561,-0.05589508608577376
BASE,MLP,82,0.25,0.005,IID_BALANCED->TEMPORAL,2116,8000,0.5,0.5,0.9149574610263718,0.9306372930089575,0.015679831982585712,0.007561436672967864,0.00575,-0.0018114366729678642,0.31852551984877125,0.37125,0.05272448015122877
BASE,MLP,82,0.25,0.005,IID_BALANCED->DOMAIN_OOD,2116,3858,0.5,0.5,0.9149574610263718,0.9096843049602445,-0.005273156066127216,0.007561436672967864,0.0036288232244686366,-0.003932613448499227,0.31852551984877125,0.28512182477967857,-0.03340369506909269
BASE,MLP,82,0.25,0.005,IID_BALANCED->TEMPLATE_OOD,2116,6832,0.5,0.5,0.9149574610263718,0.9273579242276084,0.012400463201236667,0.007561436672967864,0.00468384074941452,-0.002877595923553344,0.31852551984877125,0.3644613583138173,0.045935838465046064
BASE,MLP,82,0.25,0.005,IID_BALANCED->DOMAIN_TEMPLATE_OOD,2116,3708,0.5,0.5,0.9149574610263718,0.9007544119564976,-0.01420304906987413,0.007561436672967864,0.0037756202804746495,-0.0037858163924932146,0.31852551984877125,0.26483279395900755,-0.053692725889763704
BASE,MLP,82,0.25,0.01,IID_BALANCED->TEMPORAL,2116,8000,0.5,0.5,0.9149574610263718,0.9306372930089575,0.015679831982585712,0.010396975425330813,0.0095,-0.0008969754253308135,0.3695652173913043,0.454,0.08443478260869569
BASE,MLP,82,0.25,0.01,IID_BALANCED->DOMAIN_OOD,2116,3858,0.5,0.5,0.9149574610263718,0.9096843049602445,-0.005273156066127216,0.010396975425330813,0.006220839813374806,-0.004176135611956008,0.3695652173913043,0.37532400207361327,0.005758784682308948
BASE,MLP,82,0.25,0.01,IID_BALANCED->TEMPLATE_OOD,2116,6832,0.5,0.5,0.9149574610263718,0.9273579242276084,0.012400463201236667,0.010396975425330813,0.007611241217798595,-0.0027857342075322186,0.3695652173913043,0.44437939110070257,0.07481417370939825
BASE,MLP,82,0.25,0.01,IID_BALANCED->DOMAIN_TEMPLATE_OOD,2116,3708,0.5,0.5,0.9149574610263718,0.9007544119564976,-0.01420304906987413,0.010396975425330813,0.006472491909385114,-0.0039244835159457,0.3695652173913043,0.3592233009708738,-0.01034191642043053
BASE,MLP,82,0.25,0.02,IID_BALANCED->TEMPORAL,2116,8000,0.5,0.5,0.9149574610263718,0.9306372930089575,0.015679831982585712,0.027410207939508508,0.02175,-0.00566020793950851,0.5170132325141777,0.574,0.05698676748582221
BASE,MLP,82,0.25,0.02,IID_BALANCED->DOMAIN_OOD,2116,3858,0.5,0.5,0.9149574610263718,0.9096843049602445,-0.005273156066127216,0.027410207939508508,0.021254536029030584,-0.006155671910477924,0.5170132325141777,0.49922239502332816,-0.017790837490849587
BASE,MLP,82,0.25,0.02,IID_BALANCED->TEMPLATE_OOD,2116,6832,0.5,0.5,0.9149574610263718,0.9273579242276084,0.012400463201236667,0.027410207939508508,0.018442622950819672,-0.008967584988688836,0.5170132325141777,0.5535714285714286,0.03655819605725086
BASE,MLP,82,0.25,0.02,IID_BALANCED->DOMAIN_TEMPLATE_OOD,2116,3708,0.5,0.5,0.9149574610263718,0.9007544119564976,-0.01420304906987413,0.027410207939508508,0.020496224379719527,-0.006913983559788981,0.5170132325141777,0.46817691477885653,-0.04883631773532121
BASE,MLP,82,1.0,0.005,IID_BALANCED->TEMPORAL,2116,8000,0.5,0.5,0.9422499097972281,0.9595671727443342,0.017317262947106116,0.002835538752362949,0.00325,0.0004144612476370507,0.4045368620037807,0.35675,-0.047786862003780683
BASE,MLP,82,1.0,0.005,IID_BALANCED->DOMAIN_OOD,2116,3858,0.5,0.5,0.9422499097972281,0.9432168593716501,0.0009669495744220047,0.002835538752362949,0.00414722654224987,0.0013116877898869212,0.4045368620037807,0.25660964230171074,-0.14792721970206996
BASE,MLP,82,1.0,0.005,IID_BALANCED->TEMPLATE_OOD,2116,6832,0.5,0.5,0.9422499097972281,0.955694244779633,0.013444334982404937,0.002835538752362949,0.0032201405152224825,0.0003846017628595334,0.4045368620037807,0.3363583138173302,-0.06817854818645047
BASE,MLP,82,1.0,0.005,IID_BALANCED->DOMAIN_TEMPLATE_OOD,2116,3708,0.5,0.5,0.9422499097972281,0.9383220434592217,-0.003927866338006458,0.002835538752362949,0.0037756202804746495,0.0009400815281117004,0.4045368620037807,0.22761596548004315,-0.17692089652373755
BASE,MLP,82,1.0,0.01,IID_BALANCED->TEMPORAL,2116,8000,0.5,0.5,0.9422499097972281,0.9595671727443342,0.017317262947106116,0.006616257088846881,0.00525,-0.0013662570888468804,0.5,0.4915,-0.008500000000000008
BASE,MLP,82,1.0,0.01,IID_BALANCED->DOMAIN_OOD,2116,3858,0.5,0.5,0.9422499097972281,0.9432168593716501,0.0009669495744220047,0.006616257088846881,0.006220839813374806,-0.0003954172754720752,0.5,0.4126490409538621,-0.08735095904613788
BASE,MLP,82,1.0,0.01,IID_BALANCED->TEMPLATE_OOD,2116,6832,0.5,0.5,0.9422499097972281,0.955694244779633,0.013444334982404937,0.006616257088846881,0.005269320843091335,-0.001346936245755546,0.5,0.46633489461358313,-0.03366510538641687
BASE,MLP,82,1.0,0.01,IID_BALANCED->DOMAIN_TEMPLATE_OOD,2116,3708,0.5,0.5,0.9422499097972281,0.9383220434592217,-0.003927866338006458,0.006616257088846881,0.005393743257820928,-0.0012225138310259526,0.5,0.37594390507011866,-0.12405609492988134
BASE,MLP,82,1.0,0.02,IID_BALANCED->TEMPORAL,2116,8000,0.5,0.5,0.9422499097972281,0.9595671727443342,0.017317262947106116,0.02551984877126654,0.02,-0.005519848771266541,0.6483931947069943,0.68675,0.03835680529300567
BASE,MLP,82,1.0,0.02,IID_BALANCED->DOMAIN_OOD,2116,3858,0.5,0.5,0.9422499097972281,0.9432168593716501,0.0009669495744220047,0.02551984877126654,0.03006739243131156,0.00454754366004502,0.6483931947069943,0.6614826334888543,0.013089438781859974
BASE,MLP,82,1.0,0.02,IID_BALANCED->TEMPLATE_OOD,2116,6832,0.5,0.5,0.9422499097972281,0.955694244779633,0.013444334982404937,0.02551984877126654,0.021370023419203747,-0.004149825352062795,0.6483931947069943,0.6697892271662763,0.02139603245928201
BASE,MLP,82,1.0,0.02,IID_BALANCED->DOMAIN_TEMPLATE_OOD,2116,3708,0.5,0.5,0.9422499097972281,0.9383220434592217,-0.003927866338006458,0.02551984877126654,0.028586839266450916,0.0030669904951843747,0.6483931947069943,0.6294498381877023,-0.01894335651929202
BASE,XGBOOST,42,0.1,0.005,IID_BALANCED->TEMPORAL,2116,8000,0.5,0.5,0.8671597506491449,0.8975444058416377,0.030384655192492893,0.006616257088846881,0.00375,-0.002866257088846881,0.10113421550094517,0.17825,0.07711578449905482
BASE,XGBOOST,42,0.1,0.005,IID_BALANCED->DOMAIN_OOD,2116,3858,0.5,0.5,0.8671597506491449,0.8586989145683616,-0.008460836080783296,0.006616257088846881,0.0015552099533437014,-0.005061047135503179,0.10113421550094517,0.0782789009849663,-0.022855314515978872
BASE,XGBOOST,42,0.1,0.005,IID_BALANCED->TEMPLATE_OOD,2116,6832,0.5,0.5,0.8671597506491449,0.8943356991801402,0.027175948530995364,0.006616257088846881,0.0020491803278688526,-0.004567076760978029,0.10113421550094517,0.18149882903981265,0.08036461353886748
BASE,XGBOOST,42,0.1,0.005,IID_BALANCED->DOMAIN_TEMPLATE_OOD,2116,3708,0.5,0.5,0.8671597506491449,0.8464937847397371,-0.020665965909407724,0.006616257088846881,0.0016181229773462784,-0.004998134111500603,0.10113421550094517,0.07335490830636461,-0.027779307194580563
BASE,XGBOOST,42,0.1,0.01,IID_BALANCED->TEMPORAL,2116,8000,0.5,0.5,0.8671597506491449,0.8975444058416377,0.030384655192492893,0.008506616257088847,0.006,-0.0025066162570888464,0.13137996219281664,0.2145,0.08312003780718336
BASE,XGBOOST,42,0.1,0.01,IID_BALANCED->DOMAIN_OOD,2116,3858,0.5,0.5,0.8671597506491449,0.8586989145683616,-0.008460836080783296,0.008506616257088847,0.005184033177812338,-0.0033225830792765086,0.13137996219281664,0.10471747019180923,-0.026662492001007412
BASE,XGBOOST,42,0.1,0.01,IID_BALANCED->TEMPLATE_OOD,2116,6832,0.5,0.5,0.8671597506491449,0.8943356991801402,0.027175948530995364,0.008506616257088847,0.004391100702576112,-0.0041155155545127345,0.13137996219281664,0.2154566744730679,0.08407671228025126
BASE,XGBOOST,42,0.1,0.01,IID_BALANCED->DOMAIN_TEMPLATE_OOD,2116,3708,0.5,0.5,0.8671597506491449,0.8464937847397371,-0.020665965909407724,0.008506616257088847,0.005393743257820928,-0.0031128729992679184,0.13137996219281664,0.09816612729234088,-0.03321383490047576
BASE,XGBOOST,42,0.1,0.02,IID_BALANCED->TEMPORAL,2116,8000,0.5,0.5,0.8671597506491449,0.8975444058416377,0.030384655192492893,0.02551984877126654,0.016,-0.009519848771266541,0.34688090737240074,0.35775,0.010869092627599275
BASE,XGBOOST,42,0.1,0.02,IID_BALANCED->DOMAIN_OOD,2116,3858,0.5,0.5,0.8671597506491449,0.8586989145683616,-0.008460836080783296,0.02551984877126654,0.01866251944012442,-0.006857329331142123,0.34688090737240074,0.23742871954380507,-0.10945218782859567
BASE,XGBOOST,42,0.1,0.02,IID_BALANCED->TEMPLATE_OOD,2116,6832,0.5,0.5,0.8671597506491449,0.8943356991801402,0.027175948530995364,0.02551984877126654,0.01522248243559719,-0.010297366335669352,0.34688090737240074,0.343384074941452,-0.0034968324309487264
BASE,XGBOOST,42,0.1,0.02,IID_BALANCED->DOMAIN_TEMPLATE_OOD,2116,3708,0.5,0.5,0.8671597506491449,0.8464937847397371,-0.020665965909407724,0.02551984877126654,0.019417475728155338,-0.006102373043111203,0.34688090737240074,0.2168284789644013,-0.13005242840799944
BASE,XGBOOST,42,0.25,0.005,IID_BALANCED->TEMPORAL,2116,8000,0.5,0.5,0.9091361043085434,0.9256401476110678,0.016504043302524418,0.003780718336483932,0.00125,-0.0025307183364839322,0.2948960302457467,0.2545,-0.04039603024574667
BASE,XGBOOST,42,0.25,0.005,IID_BALANCED->DOMAIN_OOD,2116,3858,0.5,0.5,0.9091361043085434,0.8937490233996681,-0.015387080908875306,0.003780718336483932,0.0010368066355624676,-0.0027439117009214645,0.2948960302457467,0.1394504924831519,-0.1554455377625948
BASE,XGBOOST,42,0.25,0.005,IID_BALANCED->TEMPLATE_OOD,2116,6832,0.5,0.5,0.9091361043085434,0.9188520663073494,0.009715961998805978,0.003780718336483932,0.0014637002341920376,-0.0023170181022918943,0.2948960302457467,0.25731850117096017,-0.03757752907478651
BASE,XGBOOST,42,0.25,0.005,IID_BALANCED->DOMAIN_TEMPLATE_OOD,2116,3708,0.5,0.5,0.9091361043085434,0.8842646063958204,-0.02487149791272303,0.003780718336483932,0.0010787486515641855,-0.0027019696849197466,0.2948960302457467,0.13754045307443366,-0.15735557717131302
BASE,XGBOOST,42,0.25,0.01,IID_BALANCED->TEMPORAL,2116,8000,0.5,0.5,0.9091361043085434,0.9256401476110678,0.016504043302524418,0.004725897920604915,0.003,-0.0017258979206049149,0.34026465028355385,0.345,0.0047353497164461245
BASE,XGBOOST,42,0.25,0.01,IID_BALANCED->DOMAIN_OOD,2116,3858,0.5,0.5,0.9091361043085434,0.8937490233996681,-0.015387080908875306,0.004725897920604915,0.0036288232244686366,-0.0010970746961362784,0.34026465028355385,0.23431829963711767,-0.10594635064643618
BASE,XGBOOST,42,0.25,0.01,IID_BALANCED->TEMPLATE_OOD,2116,6832,0.5,0.5,0.9091361043085434,0.9188520663073494,0.009715961998805978,0.004725897920604915,0.00351288056206089,-0.001213017358544025,0.34026465028355385,0.34192037470725994,0.0016557244237060953
BASE,XGBOOST,42,0.25,0.01,IID_BALANCED->DOMAIN_TEMPLATE_OOD,2116,3708,0.5,0.5,0.9091361043085434,0.8842646063958204,-0.02487149791272303,0.004725897920604915,0.0037756202804746495,-0.0009502776401302654,0.34026465028355385,0.2222222222222222,-0.11804242806133164
BASE,XGBOOST,42,0.25,0.02,IID_BALANCED->TEMPORAL,2116,8000,0.5,0.5,0.9091361043085434,0.9256401476110678,0.016504043302524418,0.023629489603024575,0.01725,-0.006379489603024573,0.4603024574669187,0.514,0.05369754253308129
BASE,XGBOOST,42,0.25,0.02,IID_BALANCED->DOMAIN_OOD,2116,3858,0.5,0.5,0.9091361043085434,0.8937490233996681,-0.015387080908875306,0.023629489603024575,0.022291342664593053,-0.0013381469384315219,0.4603024574669187,0.42457231726283046,-0.03573014020408827
BASE,XGBOOST,42,0.25,0.02,IID_BALANCED->TEMPLATE_OOD,2116,6832,0.5,0.5,0.9091361043085434,0.9188520663073494,0.009715961998805978,0.023629489603024575,0.01873536299765808,-0.004894126605366495,0.4603024574669187,0.5032201405152225,0.042917683048303734
BASE,XGBOOST,42,0.25,0.02,IID_BALANCED->DOMAIN_TEMPLATE_OOD,2116,3708,0.5,0.5,0.9091361043085434,0.8842646063958204,-0.02487149791272303,0.023629489603024575,0.022114347357065803,-0.0015151422459587713,0.4603024574669187,0.40938511326860844,-0.05091734419831029
BASE,XGBOOST,42,1.0,0.005,IID_BALANCED->TEMPORAL,2116,8000,0.5,0.5,0.9317935954289526,0.9446516721337634,0.012858076704810872,0.003780718336483932,0.00225,-0.0015307183364839322,0.3941398865784499,0.34275,-0.051389886578449895
BASE,XGBOOST,42,1.0,0.005,IID_BALANCED->DOMAIN_OOD,2116,3858,0.5,0.5,0.9317935954289526,0.9195105381638496,-0.012283057265102926,0.003780718336483932,0.003110419906687403,-0.0006702984297965293,0.3941398865784499,0.2363919129082426,-0.1577479736702073
BASE,XGBOOST,42,1.0,0.005,IID_BALANCED->TEMPLATE_OOD,2116,6832,0.5,0.5,0.9317935954289526,0.9387830009192383,0.006989405490285705,0.003780718336483932,0.00234192037470726,-0.001438797961776672,0.3941398865784499,0.3316744730679157,-0.062465413510534196
BASE,XGBOOST,42,1.0,0.005,IID_BALANCED->DOMAIN_TEMPLATE_OOD,2116,3708,0.5,0.5,0.9317935954289526,0.9113305524347777,-0.020463042994174896,0.003780718336483932,0.002696871628910464,-0.001083846707573468,0.3941398865784499,0.21089536138079829,-0.1832445251976516
BASE,XGBOOST,42,1.0,0.01,IID_BALANCED->TEMPORAL,2116,8000,0.5,0.5,0.9317935954289526,0.9446516721337634,0.012858076704810872,0.008506616257088847,0.00525,-0.0032566162570888462,0.46880907372400754,0.454,-0.014809073724007527
BASE,XGBOOST,42,1.0,0.01,IID_BALANCED->DOMAIN_OOD,2116,3858,0.5,0.5,0.9317935954289526,0.9195105381638496,-0.012283057265102926,0.008506616257088847,0.007257646448937273,-0.0012489698081515734,0.46880907372400754,0.36236391912908245,-0.1064451545949251
BASE,XGBOOST,42,1.0,0.01,IID_BALANCED->TEMPLATE_OOD,2116,6832,0.5,0.5,0.9317935954289526,0.9387830009192383,0.006989405490285705,0.008506616257088847,0.00585480093676815,-0.0026518153203206963,0.46880907372400754,0.4370608899297424,-0.03174818379426514
BASE,XGBOOST,42,1.0,0.01,IID_BALANCED->DOMAIN_TEMPLATE_OOD,2116,3708,0.5,0.5,0.9317935954289526,0.9113305524347777,-0.020463042994174896,0.008506616257088847,0.007011866235167206,-0.0014947500219216403,0.46880907372400754,0.33063646170442285,-0.1381726120195847
BASE,XGBOOST,42,1.0,0.02,IID_BALANCED->TEMPORAL,2116,8000,0.5,0.5,0.9317935954289526,0.9446516721337634,0.012858076704810872,0.01890359168241966,0.01425,-0.004653591682419659,0.5595463137996219,0.568,0.008453686200378008
BASE,XGBOOST,42,1.0,0.02,IID_BALANCED->DOMAIN_OOD,2116,3858,0.5,0.5,0.9317935954289526,0.9195105381638496,-0.012283057265102926,0.01890359168241966,0.021254536029030584,0.0023509443466109246,0.5595463137996219,0.49818558838776567,-0.061360725411856276
BASE,XGBOOST,42,1.0,0.02,IID_BALANCED->TEMPLATE_OOD,2116,6832,0.5,0.5,0.9317935954289526,0.9387830009192383,0.006989405490285705,0.01890359168241966,0.016100702576112413,-0.002802889106307247,0.5595463137996219,0.5483021077283372,-0.011244206071284735
BASE,XGBOOST,42,1.0,0.02,IID_BALANCED->DOMAIN_TEMPLATE_OOD,2116,3708,0.5,0.5,0.9317935954289526,0.9113305524347777,-0.020463042994174896,0.01890359168241966,0.021035598705501618,0.0021320070230819582,0.5595463137996219,0.4703344120819849,-0.08921190171763704
BASE,XGBOOST,52,0.1,0.005,IID_BALANCED->TEMPORAL,2116,8000,0.5,0.5,0.8764367621109189,0.885069317176889,0.008632555065970049,0.012287334593572778,0.00825,-0.004037334593572778,0.30623818525519847,0.222,-0.08423818525519847
BASE,XGBOOST,52,0.1,0.005,IID_BALANCED->DOMAIN_OOD,2116,3858,0.5,0.5,0.8764367621109189,0.8353349361519611,-0.04110182595895784,0.012287334593572778,0.00933125972006221,-0.002956074873510569,0.30623818525519847,0.12752721617418353,-0.17871096908101494
BASE,XGBOOST,52,0.1,0.005,IID_BALANCED->TEMPLATE_OOD,2116,6832,0.5,0.5,0.8764367621109189,0.8805041419073664,0.004067379796447446,0.012287334593572778,0.006440281030444965,-0.005847053563127813,0.30623818525519847,0.2230679156908665,-0.08317026956433196
BASE,XGBOOST,52,0.1,0.005,IID_BALANCED->DOMAIN_TEMPLATE_OOD,2116,3708,0.5,0.5,0.8764367621109189,0.8273468804900992,-0.04908988162081973,0.012287334593572778,0.009169363538295576,-0.003117971055277202,0.30623818525519847,0.1272923408845739,-0.17894584437062458
BASE,XGBOOST,52,0.1,0.01,IID_BALANCED->TEMPORAL,2116,8000,0.5,0.5,0.8764367621109189,0.885069317176889,0.008632555065970049,0.014177693761814745,0.011,-0.0031776937618147455,0.3657844990548204,0.2665,-0.0992844990548204
BASE,XGBOOST,52,0.1,0.01,IID_BALANCED->DOMAIN_OOD,2116,3858,0.5,0.5,0.8764367621109189,0.8353349361519611,-0.04110182595895784,0.014177693761814745,0.012960082944530845,-0.0012176108172838995,0.3657844990548204,0.16485225505443235,-0.20093224400038806
BASE,XGBOOST,52,0.1,0.01,IID_BALANCED->TEMPLATE_OOD,2116,6832,0.5,0.5,0.8764367621109189,0.8805041419073664,0.004067379796447446,0.014177693761814745,0.00936768149882904,-0.004810012262985705,0.3657844990548204,0.2666861826697892,-0.0990983163850312
BASE,XGBOOST,52,0.1,0.01,IID_BALANCED->DOMAIN_TEMPLATE_OOD,2116,3708,0.5,0.5,0.8764367621109189,0.8273468804900992,-0.04908988162081973,0.014177693761814745,0.012944983818770227,-0.0012327099430445177,0.3657844990548204,0.1704422869471413,-0.1953422121076791
BASE,XGBOOST,52,0.1,0.02,IID_BALANCED->TEMPORAL,2116,8000,0.5,0.5,0.8764367621109189,0.885069317176889,0.008632555065970049,0.026465028355387523,0.0205,-0.005965028355387522,0.43005671077504726,0.37575,-0.054306710775047284
BASE,XGBOOST,52,0.1,0.02,IID_BALANCED->DOMAIN_OOD,2116,3858,0.5,0.5,0.8764367621109189,0.8353349361519611,-0.04110182595895784,0.026465028355387523,0.02695697252462416,0.0004919441692366362,0.43005671077504726,0.2669777086573354,-0.16307900211771187
BASE,XGBOOST,52,0.1,0.02,IID_BALANCED->TEMPLATE_OOD,2116,6832,0.5,0.5,0.8764367621109189,0.8805041419073664,0.004067379796447446,0.026465028355387523,0.019613583138173303,-0.00685144521721422,0.43005671077504726,0.37236533957845436,-0.0576913711965929
BASE,XGBOOST,52,0.1,0.02,IID_BALANCED->DOMAIN_TEMPLATE_OOD,2116,3708,0.5,0.5,0.8764367621109189,0.8273468804900992,-0.04908988162081973,0.026465028355387523,0.02696871628910464,0.0005036879337171167,0.43005671077504726,0.2745415318230852,-0.15551517895196204
BASE,XGBOOST,52,0.25,0.005,IID_BALANCED->TEMPORAL,2116,8000,0.5,0.5,0.900500280057102,0.9219367671890218,0.021436487131919812,0.004725897920604915,0.0035,-0.0012258979206049149,0.21361058601134217,0.21725,0.0036394139886578303
BASE,XGBOOST,52,0.25,0.005,IID_BALANCED->DOMAIN_OOD,2116,3858,0.5,0.5,0.900500280057102,0.8956006921218126,-0.00489958793528944,0.004725897920604915,0.003110419906687403,-0.0016154780139175122,0.21361058601134217,0.13893208916537067,-0.0746784968459715
BASE,XGBOOST,52,0.25,0.005,IID_BALANCED->TEMPLATE_OOD,2116,6832,0.5,0.5,0.900500280057102,0.9180200706898105,0.017519790632708476,0.004725897920604915,0.0032201405152224825,-0.0015057574053824324,0.21361058601134217,0.21282201405152223,-0.0007885719598199337
BASE,XGBOOST,52,0.25,0.005,IID_BALANCED->DOMAIN_TEMPLATE_OOD,2116,3708,0.5,0.5,0.900500280057102,0.8870930807902543,-0.013407199266847747,0.004725897920604915,0.003236245954692557,-0.0014896519659123582,0.21361058601134217,0.1353829557713053,-0.07822763024003687
BASE,XGBOOST,52,0.25,0.01,IID_BALANCED->TEMPORAL,2116,8000,0.5,0.5,0.900500280057102,0.9219367671890218,0.021436487131919812,0.013232514177693762,0.00675,-0.006482514177693762,0.32136105860113423,0.30925,-0.012111058601134206
BASE,XGBOOST,52,0.25,0.01,IID_BALANCED->DOMAIN_OOD,2116,3858,0.5,0.5,0.900500280057102,0.8956006921218126,-0.00489958793528944,0.013232514177693762,0.005184033177812338,-0.008048480999881424,0.32136105860113423,0.22654224987039917,-0.09481880873073506
BASE,XGBOOST,52,0.25,0.01,IID_BALANCED->TEMPLATE_OOD,2116,6832,0.5,0.5,0.900500280057102,0.9180200706898105,0.017519790632708476,0.013232514177693762,0.005269320843091335,-0.007963193334602426,0.32136105860113423,0.3018149882903981,-0.01954607031073613
BASE,XGBOOST,52,0.25,0.01,IID_BALANCED->DOMAIN_TEMPLATE_OOD,2116,3708,0.5,0.5,0.900500280057102,0.8870930807902543,-0.013407199266847747,0.013232514177693762,0.005393743257820928,-0.007838770919872833,0.32136105860113423,0.21197411003236247,-0.10938694856877176
BASE,XGBOOST,52,0.25,0.02,IID_BALANCED->TEMPORAL,2116,8000,0.5,0.5,0.900500280057102,0.9219367671890218,0.021436487131919812,0.034026465028355386,0.0245,-0.009526465028355385,0.4943289224952741,0.51875,0.02442107750472594
BASE,XGBOOST,52,0.25,0.02,IID_BALANCED->DOMAIN_OOD,2116,3858,0.5,0.5,0.900500280057102,0.8956006921218126,-0.00489958793528944,0.034026465028355386,0.029548989113530325,-0.004477475914825061,0.4943289224952741,0.43753240020736134,-0.056796522287912765
BASE,XGBOOST,52,0.25,0.02,IID_BALANCED->TEMPLATE_OOD,2116,6832,0.5,0.5,0.900500280057102,0.9180200706898105,0.017519790632708476,0.034026465028355386,0.022833723653395786,-0.0111927413749596,0.4943289224952741,0.5017564402810304,0.007427517785756288
BASE,XGBOOST,52,0.25,0.02,IID_BALANCED->DOMAIN_TEMPLATE_OOD,2116,3708,0.5,0.5,0.900500280057102,0.8870930807902543,-0.013407199266847747,0.034026465028355386,0.0296655879180151,-0.004360877110340285,0.4943289224952741,0.42179072276159657,-0.07253819973367753
BASE,XGBOOST,52,1.0,0.005,IID_BALANCED->TEMPORAL,2116,8000,0.5,0.5,0.9323197944693348,0.9441699403286538,0.011850145859318983,0.001890359168241966,0.00275,0.0008596408317580338,0.40737240075614367,0.35975,-0.04762240075614366
BASE,XGBOOST,52,1.0,0.005,IID_BALANCED->DOMAIN_OOD,2116,3858,0.5,0.5,0.9323197944693348,0.9188753519141308,-0.01344444255520394,0.001890359168241966,0.0036288232244686366,0.0017384640562266706,0.40737240075614367,0.25194401244167963,-0.15542838831446404
BASE,XGBOOST,52,1.0,0.005,IID_BALANCED->TEMPLATE_OOD,2116,6832,0.5,0.5,0.9323197944693348,0.9381736411108883,0.005853846641553528,0.001890359168241966,0.002927400468384075,0.0010370413001421091,0.40737240075614367,0.3515807962529274,-0.0557916045032163
BASE,XGBOOST,52,1.0,0.005,IID_BALANCED->DOMAIN_TEMPLATE_OOD,2116,3708,0.5,0.5,0.9323197944693348,0.9103052578122457,-0.02201453665708908,0.001890359168241966,0.003236245954692557,0.0013458867864505908,0.40737240075614367,0.2308522114347357,-0.17652018932140798
BASE,XGBOOST,52,1.0,0.01,IID_BALANCED->TEMPORAL,2116,8000,0.5,0.5,0.9323197944693348,0.9441699403286538,0.011850145859318983,0.003780718336483932,0.00625,0.0024692816635160683,0.46313799621928164,0.4335,-0.029637996219281648
BASE,XGBOOST,52,1.0,0.01,IID_BALANCED->DOMAIN_OOD,2116,3858,0.5,0.5,0.9323197944693348,0.9188753519141308,-0.01344444255520394,0.003780718336483932,0.008812856402280975,0.005032138065797043,0.46313799621928164,0.3312597200622084,-0.13187827615707326
BASE,XGBOOST,52,1.0,0.01,IID_BALANCED->TEMPLATE_OOD,2116,6832,0.5,0.5,0.9323197944693348,0.9381736411108883,0.005853846641553528,0.003780718336483932,0.00702576112412178,0.003245042787637848,0.46313799621928164,0.4180327868852459,-0.04510520933403572
BASE,XGBOOST,52,1.0,0.01,IID_BALANCED->DOMAIN_TEMPLATE_OOD,2116,3708,0.5,0.5,0.9323197944693348,0.9103052578122457,-0.02201453665708908,0.003780718336483932,0.008629989212513484,0.004849270876029552,0.46313799621928164,0.2998921251348436,-0.16324587108443805
BASE,XGBOOST,52,1.0,0.02,IID_BALANCED->TEMPORAL,2116,8000,0.5,0.5,0.9323197944693348,0.9441699403286538,0.011850145859318983,0.020793950850661626,0.0175,-0.003293950850661625,0.5765595463137996,0.58775,0.011190453686200419
BASE,XGBOOST,52,1.0,0.02,IID_BALANCED->DOMAIN_OOD,2116,3858,0.5,0.5,0.9323197944693348,0.9188753519141308,-0.01344444255520394,0.020793950850661626,0.02695697252462416,0.006163021673962533,0.5765595463137996,0.5241057542768274,-0.0524537920369722
BASE,XGBOOST,52,1.0,0.02,IID_BALANCED->TEMPLATE_OOD,2116,6832,0.5,0.5,0.9323197944693348,0.9381736411108883,0.005853846641553528,0.020793950850661626,0.019320843091334895,-0.0014731077593267312,0.5765595463137996,0.5676229508196722,-0.008936595494127397
BASE,XGBOOST,52,1.0,0.02,IID_BALANCED->DOMAIN_TEMPLATE_OOD,2116,3708,0.5,0.5,0.9323197944693348,0.9103052578122457,-0.02201453665708908,0.020793950850661626,0.025889967637540454,0.005096016786878828,0.5765595463137996,0.4913700107874865,-0.08518953552631309
BASE,XGBOOST,62,0.1,0.005,IID_BALANCED->TEMPORAL,2116,8000,0.5,0.5,0.8742213011965463,0.8745946672473406,0.0003733660507942993,0.001890359168241966,0.003,0.001109640831758034,0.22117202268431002,0.11775,-0.10342202268431003
BASE,XGBOOST,62,0.1,0.005,IID_BALANCED->DOMAIN_OOD,2116,3858,0.5,0.5,0.8742213011965463,0.8205223580859157,-0.053698943110630615,0.001890359168241966,0.00414722654224987,0.0022568673740079046,0.22117202268431002,0.06013478486262312,-0.16103723782168688
BASE,XGBOOST,62,0.1,0.005,IID_BALANCED->TEMPLATE_OOD,2116,6832,0.5,0.5,0.8742213011965463,0.8669573839613183,-0.007263917235228012,0.001890359168241966,0.0032201405152224825,0.0013297813469805165,0.22117202268431002,0.11533957845433256,-0.10583244422997747
BASE,XGBOOST,62,0.1,0.005,IID_BALANCED->DOMAIN_TEMPLATE_OOD,2116,3708,0.5,0.5,0.8742213011965463,0.8084818929786752,-0.06573940821787105,0.001890359168241966,0.0037756202804746495,0.0018852611122326835,0.22117202268431002,0.06040992448759439,-0.16076209819671564
BASE,XGBOOST,62,0.1,0.01,IID_BALANCED->TEMPORAL,2116,8000,0.5,0.5,0.8742213011965463,0.8745946672473406,0.0003733660507942993,0.005671077504725898,0.00725,0.001578922495274102,0.3657844990548204,0.2315,-0.1342844990548204
BASE,XGBOOST,62,0.1,0.01,IID_BALANCED->DOMAIN_OOD,2116,3858,0.5,0.5,0.8742213011965463,0.8205223580859157,-0.053698943110630615,0.005671077504725898,0.01088646967340591,0.005215392168680012,0.3657844990548204,0.13789528252980818,-0.22788921652501223
BASE,XGBOOST,62,0.1,0.01,IID_BALANCED->TEMPLATE_OOD,2116,6832,0.5,0.5,0.8742213011965463,0.8669573839613183,-0.007263917235228012,0.005671077504725898,0.007903981264637002,0.002232903759911104,0.3657844990548204,0.22745901639344263,-0.13832548266137779
BASE,XGBOOST,62,0.1,0.01,IID_BALANCED->DOMAIN_TEMPLATE_OOD,2116,3708,0.5,0.5,0.8742213011965463,0.8084818929786752,-0.06573940821787105,0.005671077504725898,0.010787486515641856,0.005116409010915958,0.3657844990548204,0.13214670981661272,-0.2336377892382077
BASE,XGBOOST,62,0.1,0.02,IID_BALANCED->TEMPORAL,2116,8000,0.5,0.5,0.8742213011965463,0.8745946672473406,0.0003733660507942993,0.0330812854442344,0.025,-0.0080812854442344,0.4678638941398866,0.41375,-0.0541138941398866
BASE,XGBOOST,62,0.1,0.02,IID_BALANCED->DOMAIN_OOD,2116,3858,0.5,0.5,0.8742213011965463,0.8205223580859157,-0.053698943110630615,0.0330812854442344,0.03732503888024884,0.004243753436014436,0.4678638941398866,0.3146708138932089,-0.15319308024667772
BASE,XGBOOST,62,0.1,0.02,IID_BALANCED->TEMPLATE_OOD,2116,6832,0.5,0.5,0.8742213011965463,0.8669573839613183,-0.007263917235228012,0.0330812854442344,0.027517564402810304,-0.005563721041424097,0.4678638941398866,0.406615925058548,-0.061247969081338616
BASE,XGBOOST,62,0.1,0.02,IID_BALANCED->DOMAIN_TEMPLATE_OOD,2116,3708,0.5,0.5,0.8742213011965463,0.8084818929786752,-0.06573940821787105,0.0330812854442344,0.037756202804746494,0.004674917360512093,0.4678638941398866,0.2918015102481122,-0.17606238389177442
BASE,XGBOOST,62,0.25,0.005,IID_BALANCED->TEMPORAL,2116,8000,0.5,0.5,0.9038259759270337,0.9185938713307445,0.014767895403710818,0.003780718336483932,0.00325,-0.0005307183364839322,0.29584120982986767,0.3045,0.008658790170132324
BASE,XGBOOST,62,0.25,0.005,IID_BALANCED->DOMAIN_OOD,2116,3858,0.5,0.5,0.9038259759270337,0.8846979755026226,-0.019128000424411096,0.003780718336483932,0.004665629860031105,0.0008849115235471726,0.29584120982986767,0.19388284085018145,-0.10195836897968621
BASE,XGBOOST,62,0.25,0.005,IID_BALANCED->TEMPLATE_OOD,2116,6832,0.5,0.5,0.9038259759270337,0.911678703349172,0.007852727422138273,0.003780718336483932,0.0038056206088992973,2.4902272415365263e-05,0.29584120982986767,0.30415690866510536,0.008315698835237695
BASE,XGBOOST,62,0.25,0.005,IID_BALANCED->DOMAIN_TEMPLATE_OOD,2116,3708,0.5,0.5,0.9038259759270337,0.8746033024966917,-0.029222673430342017,0.003780718336483932,0.0048543689320388345,0.0010736505955549025,0.29584120982986767,0.18338727076591155,-0.11245393906395612
BASE,XGBOOST,62,0.25,0.01,IID_BALANCED->TEMPORAL,2116,8000,0.5,0.5,0.9038259759270337,0.9185938713307445,0.014767895403710818,0.011342155009451797,0.0085,-0.002842155009451796,0.40359168241965976,0.43175,0.028158317580340264
BASE,XGBOOST,62,0.25,0.01,IID_BALANCED->DOMAIN_OOD,2116,3858,0.5,0.5,0.9038259759270337,0.8846979755026226,-0.019128000424411096,0.011342155009451797,0.012441679626749611,0.0010995246172978146,0.40359168241965976,0.33955417314670816,-0.0640375092729516
BASE,XGBOOST,62,0.25,0.01,IID_BALANCED->TEMPLATE_OOD,2116,6832,0.5,0.5,0.9038259759270337,0.911678703349172,0.007852727422138273,0.011342155009451797,0.009953161592505855,-0.0013889934169459411,0.40359168241965976,0.4253512880562061,0.02175960563654633
BASE,XGBOOST,62,0.25,0.01,IID_BALANCED->DOMAIN_TEMPLATE_OOD,2116,3708,0.5,0.5,0.9038259759270337,0.8746033024966917,-0.029222673430342017,0.011342155009451797,0.012944983818770227,0.0016028288093184306,0.40359168241965976,0.3209277238403452,-0.08266395857931458
BASE,XGBOOST,62,0.25,0.02,IID_BALANCED->TEMPORAL,2116,8000,0.5,0.5,0.9038259759270337,0.9185938713307445,0.014767895403710818,0.01890359168241966,0.02075,0.0018464083175803413,0.498109640831758,0.552,0.05389035916824203
BASE,XGBOOST,62,0.25,0.02,IID_BALANCED->DOMAIN_OOD,2116,3858,0.5,0.5,0.9038259759270337,0.8846979755026226,-0.019128000424411096,0.01890359168241966,0.029548989113530325,0.010645397431110665,0.498109640831758,0.48055987558320373,-0.017549765248554283
BASE,XGBOOST,62,0.25,0.02,IID_BALANCED->TEMPLATE_OOD,2116,6832,0.5,0.5,0.9038259759270337,0.911678703349172,0.007852727422138273,0.01890359168241966,0.023126463700234193,0.004222872017814534,0.498109640831758,0.5401053864168618,0.04199574558510377
BASE,XGBOOST,62,0.25,0.02,IID_BALANCED->DOMAIN_TEMPLATE_OOD,2116,3708,0.5,0.5,0.9038259759270337,0.8746033024966917,-0.029222673430342017,0.01890359168241966,0.02912621359223301,0.01022262190981335,0.498109640831758,0.45037756202804746,-0.047732078803710554
BASE,XGBOOST,62,1.0,0.005,IID_BALANCED->TEMPORAL,2116,8000,0.5,0.5,0.9304936457536666,0.9439454823909516,0.013451836637284997,0.003780718336483932,0.00275,-0.0010307183364839322,0.42627599243856334,0.3875,-0.038775992438563334
BASE,XGBOOST,62,1.0,0.005,IID_BALANCED->DOMAIN_OOD,2116,3858,0.5,0.5,0.9304936457536666,0.918630512238359,-0.011863133515307545,0.003780718336483932,0.0036288232244686366,-0.00015189511201529546,0.42627599243856334,0.28615863141524106,-0.14011736102332228
BASE,XGBOOST,62,1.0,0.005,IID_BALANCED->TEMPLATE_OOD,2116,6832,0.5,0.5,0.9304936457536666,0.9379855713501095,0.007491925596442961,0.003780718336483932,0.002927400468384075,-0.0008533178680998569,0.42627599243856334,0.37177985948477754,-0.0544961329537858
BASE,XGBOOST,62,1.0,0.005,IID_BALANCED->DOMAIN_TEMPLATE_OOD,2116,3708,0.5,0.5,0.9304936457536666,0.9108628087132487,-0.019630837040417903,0.003780718336483932,0.003236245954692557,-0.0005444723817913753,0.42627599243856334,0.2551240560949299,-0.17115193634363346
BASE,XGBOOST,62,1.0,0.01,IID_BALANCED->TEMPORAL,2116,8000,0.5,0.5,0.9304936457536666,0.9439454823909516,0.013451836637284997,0.00945179584120983,0.0085,-0.0009517958412098293,0.4943289224952741,0.47875,-0.015578922495274095
BASE,XGBOOST,62,1.0,0.01,IID_BALANCED->DOMAIN_OOD,2116,3858,0.5,0.5,0.9304936457536666,0.918630512238359,-0.011863133515307545,0.00945179584120983,0.012960082944530845,0.0035082871033210155,0.4943289224952741,0.3867288750648004,-0.10760004743047369
BASE,XGBOOST,62,1.0,0.01,IID_BALANCED->TEMPLATE_OOD,2116,6832,0.5,0.5,0.9304936457536666,0.9379855713501095,0.007491925596442961,0.00945179584120983,0.009074941451990632,-0.0003768543892191979,0.4943289224952741,0.4587236533957845,-0.03560526909948958
BASE,XGBOOST,62,1.0,0.01,IID_BALANCED->DOMAIN_TEMPLATE_OOD,2116,3708,0.5,0.5,0.9304936457536666,0.9108628087132487,-0.019630837040417903,0.00945179584120983,0.011866235167206042,0.002414439325996212,0.4943289224952741,0.35382955771305286,-0.14049936478222125
BASE,XGBOOST,62,1.0,0.02,IID_BALANCED->TEMPORAL,2116,8000,0.5,0.5,0.9304936457536666,0.9439454823909516,0.013451836637284997,0.021739130434782608,0.016,-0.005739130434782608,0.5510396975425331,0.56725,0.016210302457466907
BASE,XGBOOST,62,1.0,0.02,IID_BALANCED->DOMAIN_OOD,2116,3858,0.5,0.5,0.9304936457536666,0.918630512238359,-0.011863133515307545,0.021739130434782608,0.02332814930015552,0.0015890188653729133,0.5510396975425331,0.49922239502332816,-0.051817302519204966
BASE,XGBOOST,62,1.0,0.02,IID_BALANCED->TEMPLATE_OOD,2116,6832,0.5,0.5,0.9304936457536666,0.9379855713501095,0.007491925596442961,0.021739130434782608,0.01756440281030445,-0.00417472762447816,0.5510396975425331,0.5456674473067916,-0.005372250235741505
BASE,XGBOOST,62,1.0,0.02,IID_BALANCED->DOMAIN_TEMPLATE_OOD,2116,3708,0.5,0.5,0.9304936457536666,0.9108628087132487,-0.019630837040417903,0.021739130434782608,0.022653721682847898,0.0009145912480652899,0.5510396975425331,0.4622437971952535,-0.08879590034727963
BASE,XGBOOST,72,0.1,0.005,IID_BALANCED->TEMPORAL,2116,8000,0.5,0.5,0.8842209291158446,0.8926100362029488,0.008389107087104164,0.003780718336483932,0.00575,0.001969281663516068,0.2504725897920605,0.119,-0.1314725897920605
BASE,XGBOOST,72,0.1,0.005,IID_BALANCED->DOMAIN_OOD,2116,3858,0.5,0.5,0.8842209291158446,0.8492352701699688,-0.0349856589458758,0.003780718336483932,0.006220839813374806,0.0024401214768908735,0.2504725897920605,0.07724209434940384,-0.17323049544265667
BASE,XGBOOST,72,0.1,0.005,IID_BALANCED->TEMPLATE_OOD,2116,6832,0.5,0.5,0.8842209291158446,0.8825154662309138,-0.0017054628849307862,0.003780718336483932,0.006733021077283372,0.00295230274079944,0.2504725897920605,0.11475409836065574,-0.13571849143140474
BASE,XGBOOST,72,0.1,0.005,IID_BALANCED->DOMAIN_TEMPLATE_OOD,2116,3708,0.5,0.5,0.8842209291158446,0.8401710716920899,-0.04404985742375467,0.003780718336483932,0.006472491909385114,0.0026917735729011815,0.2504725897920605,0.08468176914778856,-0.16579082064427192
BASE,XGBOOST,72,0.1,0.01,IID_BALANCED->TEMPORAL,2116,8000,0.5,0.5,0.8842209291158446,0.8926100362029488,0.008389107087104164,0.012287334593572778,0.0095,-0.0027873345935727784,0.3005671077504726,0.1965,-0.10406710775047257
BASE,XGBOOST,72,0.1,0.01,IID_BALANCED->DOMAIN_OOD,2116,3858,0.5,0.5,0.8842209291158446,0.8492352701699688,-0.0349856589458758,0.012287334593572778,0.011404872991187144,-0.0008824616023856337,0.3005671077504726,0.13011923276308968,-0.1704478749873829
BASE,XGBOOST,72,0.1,0.01,IID_BALANCED->TEMPLATE_OOD,2116,6832,0.5,0.5,0.8842209291158446,0.8825154662309138,-0.0017054628849307862,0.012287334593572778,0.011124121779859485,-0.0011632128137132932,0.3005671077504726,0.1873536299765808,-0.11321347777389176
BASE,XGBOOST,72,0.1,0.01,IID_BALANCED->DOMAIN_TEMPLATE_OOD,2116,3708,0.5,0.5,0.8842209291158446,0.8401710716920899,-0.04404985742375467,0.012287334593572778,0.011866235167206042,-0.0004210994263667365,0.3005671077504726,0.1343042071197411,-0.16626290063073149
BASE,XGBOOST,72,0.1,0.02,IID_BALANCED->TEMPORAL,2116,8000,0.5,0.5,0.8842209291158446,0.8926100362029488,0.008389107087104164,0.0330812854442344,0.0235,-0.009581285444234401,0.391304347826087,0.3615,-0.029804347826086985
BASE,XGBOOST,72,0.1,0.02,IID_BALANCED->DOMAIN_OOD,2116,3858,0.5,0.5,0.8842209291158446,0.8492352701699688,-0.0349856589458758,0.0330812854442344,0.03006739243131156,-0.00301389301292284,0.391304347826087,0.27682737169517885,-0.11447697613090813
BASE,XGBOOST,72,0.1,0.02,IID_BALANCED->TEMPLATE_OOD,2116,6832,0.5,0.5,0.8842209291158446,0.8825154662309138,-0.0017054628849307862,0.0330812854442344,0.02459016393442623,-0.008491121509808172,0.391304347826087,0.3518735362997658,-0.03943081152632116
BASE,XGBOOST,72,0.1,0.02,IID_BALANCED->DOMAIN_TEMPLATE_OOD,2116,3708,0.5,0.5,0.8842209291158446,0.8401710716920899,-0.04404985742375467,0.0330812854442344,0.0296655879180151,-0.0034156975262192996,0.391304347826087,0.2680690399137001,-0.12323530791238685
BASE,XGBOOST,72,0.25,0.005,IID_BALANCED->TEMPORAL,2116,8000,0.5,0.5,0.9069661263381732,0.9201493909109851,0.013183264572811937,0.004725897920604915,0.003,-0.0017258979206049149,0.2996219281663516,0.21375,-0.08587192816635159
BASE,XGBOOST,72,0.25,0.005,IID_BALANCED->DOMAIN_OOD,2116,3858,0.5,0.5,0.9069661263381732,0.8798253907739193,-0.027140735564253893,0.004725897920604915,0.0036288232244686366,-0.0010970746961362784,0.2996219281663516,0.11612234318299637,-0.18349958498335522
BASE,XGBOOST,72,0.25,0.005,IID_BALANCED->TEMPLATE_OOD,2116,6832,0.5,0.5,0.9069661263381732,0.9123696786644295,0.005403552326256333,0.004725897920604915,0.00351288056206089,-0.001213017358544025,0.2996219281663516,0.21165105386416863,-0.08797087430218295
BASE,XGBOOST,72,0.25,0.005,IID_BALANCED->DOMAIN_TEMPLATE_OOD,2116,3708,0.5,0.5,0.9069661263381732,0.8707785635239498,-0.03618756281422342,0.004725897920604915,0.0037756202804746495,-0.0009502776401302654,0.2996219281663516,0.1186623516720604,-0.18095957649429117
BASE,XGBOOST,72,0.25,0.01,IID_BALANCED->TEMPORAL,2116,8000,0.5,0.5,0.9069661263381732,0.9201493909109851,0.013183264572811937,0.004725897920604915,0.00375,-0.0009758979206049151,0.3270321361058601,0.25375,-0.07328213610586015
BASE,XGBOOST,72,0.25,0.01,IID_BALANCED->DOMAIN_OOD,2116,3858,0.5,0.5,0.9069661263381732,0.8798253907739193,-0.027140735564253893,0.004725897920604915,0.004665629860031105,-6.026806057381033e-05,0.3270321361058601,0.1472265422498704,-0.17980559385598974
BASE,XGBOOST,72,0.25,0.01,IID_BALANCED->TEMPLATE_OOD,2116,6832,0.5,0.5,0.9069661263381732,0.9123696786644295,0.005403552326256333,0.004725897920604915,0.004391100702576112,-0.00033479721802880287,0.3270321361058601,0.251463700234192,-0.07556843587166812
BASE,XGBOOST,72,0.25,0.01,IID_BALANCED->DOMAIN_TEMPLATE_OOD,2116,3708,0.5,0.5,0.9069661263381732,0.8707785635239498,-0.03618756281422342,0.004725897920604915,0.0048543689320388345,0.00012847101143391958,0.3270321361058601,0.14563106796116504,-0.1814010681446951
BASE,XGBOOST,72,0.25,0.02,IID_BALANCED->TEMPORAL,2116,8000,0.5,0.5,0.9069661263381732,0.9201493909109851,0.013183264572811937,0.01890359168241966,0.01925,0.00034640831758033994,0.4621928166351607,0.46275,0.0005571833648392865
BASE,XGBOOST,72,0.25,0.02,IID_BALANCED->DOMAIN_OOD,2116,3858,0.5,0.5,0.9069661263381732,0.8798253907739193,-0.027140735564253893,0.01890359168241966,0.029030585795749093,0.010126994113329433,0.4621928166351607,0.37221358216692585,-0.08997923446823486
BASE,XGBOOST,72,0.25,0.02,IID_BALANCED->TEMPLATE_OOD,2116,6832,0.5,0.5,0.9069661263381732,0.9123696786644295,0.005403552326256333,0.01890359168241966,0.021955503512880562,0.0030519118304609023,0.4621928166351607,0.45169789227166274,-0.01049492436349797
BASE,XGBOOST,72,0.25,0.02,IID_BALANCED->DOMAIN_TEMPLATE_OOD,2116,3708,0.5,0.5,0.9069661263381732,0.8707785635239498,-0.03618756281422342,0.01890359168241966,0.0296655879180151,0.010761996235595442,0.4621928166351607,0.3505933117583603,-0.11159950487680043
BASE,XGBOOST,72,1.0,0.005,IID_BALANCED->TEMPORAL,2116,8000,0.5,0.5,0.9304703817324338,0.9453749255893922,0.014904543856958385,0.001890359168241966,0.00275,0.0008596408317580338,0.42438563327032136,0.38775,-0.03663563327032138
BASE,XGBOOST,72,1.0,0.005,IID_BALANCED->DOMAIN_OOD,2116,3858,0.5,0.5,0.9304703817324338,0.9199436676020775,-0.01052671413035633,0.001890359168241966,0.0036288232244686366,0.0017384640562266706,0.42438563327032136,0.288232244686366,-0.13615338858395537
BASE,XGBOOST,72,1.0,0.005,IID_BALANCED->TEMPLATE_OOD,2116,6832,0.5,0.5,0.9304703817324338,0.9396827179748242,0.009212336242390373,0.001890359168241966,0.002927400468384075,0.0010370413001421091,0.42438563327032136,0.3744145199063232,-0.049971113363998176
BASE,XGBOOST,72,1.0,0.005,IID_BALANCED->DOMAIN_TEMPLATE_OOD,2116,3708,0.5,0.5,0.9304703817324338,0.9124643096248397,-0.018006072107594084,0.001890359168241966,0.003236245954692557,0.0013458867864505908,0.42438563327032136,0.25674217907227614,-0.16764345419804522
BASE,XGBOOST,72,1.0,0.01,IID_BALANCED->TEMPORAL,2116,8000,0.5,0.5,0.9304703817324338,0.9453749255893922,0.014904543856958385,0.008506616257088847,0.00625,-0.0022566162570888462,0.4943289224952741,0.49025,-0.004078922495274084
BASE,XGBOOST,72,1.0,0.01,IID_BALANCED->DOMAIN_OOD,2116,3858,0.5,0.5,0.9304703817324338,0.9199436676020775,-0.01052671413035633,0.008506616257088847,0.00933125972006221,0.0008246434629733627,0.4943289224952741,0.401244167962675,-0.09308475453259912
BASE,XGBOOST,72,1.0,0.01,IID_BALANCED->TEMPLATE_OOD,2116,6832,0.5,0.5,0.9304703817324338,0.9396827179748242,0.009212336242390373,0.008506616257088847,0.006733021077283372,-0.0017735951798054745,0.4943289224952741,0.4724824355971897,-0.021846486898084383
BASE,XGBOOST,72,1.0,0.01,IID_BALANCED->DOMAIN_TEMPLATE_OOD,2116,3708,0.5,0.5,0.9304703817324338,0.9124643096248397,-0.018006072107594084,0.008506616257088847,0.008629989212513484,0.00012337295542463704,0.4943289224952741,0.3743257820927724,-0.1200031404025017
BASE,XGBOOST,72,1.0,0.02,IID_BALANCED->TEMPORAL,2116,8000,0.5,0.5,0.9304703817324338,0.9453749255893922,0.014904543856958385,0.021739130434782608,0.018,-0.0037391304347826095,0.5718336483931947,0.59925,0.027416351606805223
BASE,XGBOOST,72,1.0,0.02,IID_BALANCED->DOMAIN_OOD,2116,3858,0.5,0.5,0.9304703817324338,0.9199436676020775,-0.01052671413035633,0.021739130434782608,0.026438569206842923,0.004699438772060315,0.5718336483931947,0.5329186106791084,-0.03891503771408633
BASE,XGBOOST,72,1.0,0.02,IID_BALANCED->TEMPLATE_OOD,2116,6832,0.5,0.5,0.9304703817324338,0.9396827179748242,0.009212336242390373,0.021739130434782608,0.019613583138173303,-0.002125547296609305,0.5718336483931947,0.580503512880562,0.008669864487367285
BASE,XGBOOST,72,1.0,0.02,IID_BALANCED->DOMAIN_TEMPLATE_OOD,2116,3708,0.5,0.5,0.9304703817324338,0.9124643096248397,-0.018006072107594084,0.021739130434782608,0.02535059331175836,0.0036114628769757517,0.5718336483931947,0.505933117583603,-0.06590053080959168
BASE,XGBOOST,82,0.1,0.005,IID_BALANCED->TEMPORAL,2116,8000,0.5,0.5,0.8852633007193482,0.8927980194599684,0.007534718740620172,0.013232514177693762,0.007,-0.006232514177693761,0.29111531190926276,0.29575,0.004634688090737249
BASE,XGBOOST,82,0.1,0.005,IID_BALANCED->DOMAIN_OOD,2116,3858,0.5,0.5,0.8852633007193482,0.8579327619196836,-0.027330538799664628,0.013232514177693762,0.005702436495593572,-0.007530077682100189,0.29111531190926276,0.18506998444790046,-0.1060453274613623
BASE,XGBOOST,82,0.1,0.005,IID_BALANCED->TEMPLATE_OOD,2116,6832,0.5,0.5,0.8852633007193482,0.8897841043312493,0.004520803611901103,0.013232514177693762,0.004976580796252928,-0.008255933381440834,0.29111531190926276,0.2962529274004684,0.005137615491205616
BASE,XGBOOST,82,0.1,0.005,IID_BALANCED->DOMAIN_TEMPLATE_OOD,2116,3708,0.5,0.5,0.8852633007193482,0.8476005615151454,-0.03766273920420282,0.013232514177693762,0.005393743257820928,-0.007838770919872833,0.29111531190926276,0.17475728155339806,-0.1163580303558647
BASE,XGBOOST,82,0.1,0.01,IID_BALANCED->TEMPORAL,2116,8000,0.5,0.5,0.8852633007193482,0.8927980194599684,0.007534718740620172,0.017958412098298678,0.01225,-0.005708412098298678,0.3449905482041588,0.35475,0.0097594517958412
BASE,XGBOOST,82,0.1,0.01,IID_BALANCED->DOMAIN_OOD,2116,3858,0.5,0.5,0.8852633007193482,0.8579327619196836,-0.027330538799664628,0.017958412098298678,0.010368066355624676,-0.007590345742674002,0.3449905482041588,0.24675997926386728,-0.09823056894029153
BASE,XGBOOST,82,0.1,0.01,IID_BALANCED->TEMPLATE_OOD,2116,6832,0.5,0.5,0.8852633007193482,0.8897841043312493,0.004520803611901103,0.017958412098298678,0.010831381733021077,-0.007127030365277601,0.3449905482041588,0.3559718969555035,0.01098134875134471
BASE,XGBOOST,82,0.1,0.01,IID_BALANCED->DOMAIN_TEMPLATE_OOD,2116,3708,0.5,0.5,0.8852633007193482,0.8476005615151454,-0.03766273920420282,0.017958412098298678,0.010248112189859764,-0.007710299908438915,0.3449905482041588,0.23408845738942827,-0.11090209081473054
BASE,XGBOOST,82,0.1,0.02,IID_BALANCED->TEMPORAL,2116,8000,0.5,0.5,0.8852633007193482,0.8927980194599684,0.007534718740620172,0.0330812854442344,0.02375,-0.009331285444234401,0.43856332703213613,0.452,0.013436672967863883
BASE,XGBOOST,82,0.1,0.02,IID_BALANCED->DOMAIN_OOD,2116,3858,0.5,0.5,0.8852633007193482,0.8579327619196836,-0.027330538799664628,0.0330812854442344,0.027475375842405392,-0.0056059096018290094,0.43856332703213613,0.34940383618455156,-0.08915949084758457
BASE,XGBOOST,82,0.1,0.02,IID_BALANCED->TEMPLATE_OOD,2116,6832,0.5,0.5,0.8852633007193482,0.8897841043312493,0.004520803611901103,0.0330812854442344,0.023126463700234193,-0.009954821744000208,0.43856332703213613,0.446135831381733,0.007572504349596887
BASE,XGBOOST,82,0.1,0.02,IID_BALANCED->DOMAIN_TEMPLATE_OOD,2116,3708,0.5,0.5,0.8852633007193482,0.8476005615151454,-0.03766273920420282,0.0330812854442344,0.02750809061488673,-0.0055731948293476705,0.43856332703213613,0.3300970873786408,-0.10846623965349533
BASE,XGBOOST,82,0.25,0.005,IID_BALANCED->TEMPORAL,2116,8000,0.5,0.5,0.891127325311527,0.9112919629309527,0.020164637619425663,0.006616257088846881,0.005,-0.0016162570888468807,0.1937618147448015,0.28825,0.0944881852551985
BASE,XGBOOST,82,0.25,0.005,IID_BALANCED->DOMAIN_OOD,2116,3858,0.5,0.5,0.891127325311527,0.8864489699392435,-0.00467835537228356,0.006616257088846881,0.003110419906687403,-0.003505837182159478,0.1937618147448015,0.20165889061689996,0.007897075872098452
BASE,XGBOOST,82,0.25,0.005,IID_BALANCED->TEMPLATE_OOD,2116,6832,0.5,0.5,0.891127325311527,0.907968282938667,0.016840957627139996,0.006616257088846881,0.002927400468384075,-0.0036888566204628056,0.1937618147448015,0.2854215456674473,0.09165973092264582
BASE,XGBOOST,82,0.25,0.005,IID_BALANCED->DOMAIN_TEMPLATE_OOD,2116,3708,0.5,0.5,0.891127325311527,0.8746504716934739,-0.016476853618053178,0.006616257088846881,0.002696871628910464,-0.003919385459936416,0.1937618147448015,0.18392664509169362,-0.009835169653107878
BASE,XGBOOST,82,0.25,0.01,IID_BALANCED->TEMPORAL,2116,8000,0.5,0.5,0.891127325311527,0.9112919629309527,0.020164637619425663,0.014177693761814745,0.01,-0.004177693761814745,0.3449905482041588,0.3925,0.04750945179584121
BASE,XGBOOST,82,0.25,0.01,IID_BALANCED->DOMAIN_OOD,2116,3858,0.5,0.5,0.891127325311527,0.8864489699392435,-0.00467835537228356,0.014177693761814745,0.008812856402280975,-0.00536483735953377,0.3449905482041588,0.29704510108864696,-0.04794544711551185
BASE,XGBOOST,82,0.25,0.01,IID_BALANCED->TEMPLATE_OOD,2116,6832,0.5,0.5,0.891127325311527,0.907968282938667,0.016840957627139996,0.014177693761814745,0.007903981264637002,-0.006273712497177742,0.3449905482041588,0.3790983606557377,0.0341078124515789
BASE,XGBOOST,82,0.25,0.01,IID_BALANCED->DOMAIN_TEMPLATE_OOD,2116,3708,0.5,0.5,0.891127325311527,0.8746504716934739,-0.016476853618053178,0.014177693761814745,0.008629989212513484,-0.005547704549301261,0.3449905482041588,0.27130528586839264,-0.07368526233576617
BASE,XGBOOST,82,0.25,0.02,IID_BALANCED->TEMPORAL,2116,8000,0.5,0.5,0.891127325311527,0.9112919629309527,0.020164637619425663,0.02551984877126654,0.0185,-0.007019848771266542,0.44234404536862004,0.5,0.05765595463137996
BASE,XGBOOST,82,0.25,0.02,IID_BALANCED->DOMAIN_OOD,2116,3858,0.5,0.5,0.891127325311527,0.8864489699392435,-0.00467835537228356,0.02551984877126654,0.01918092275790565,-0.0063389260133608905,0.44234404536862004,0.4131674442716433,-0.02917660109697673
BASE,XGBOOST,82,0.25,0.02,IID_BALANCED->TEMPLATE_OOD,2116,6832,0.5,0.5,0.891127325311527,0.907968282938667,0.016840957627139996,0.02551984877126654,0.016978922716627636,-0.008540926054638905,0.44234404536862004,0.4783372365339578,0.03599319116533778
BASE,XGBOOST,82,0.25,0.02,IID_BALANCED->DOMAIN_TEMPLATE_OOD,2116,3708,0.5,0.5,0.891127325311527,0.8746504716934739,-0.016476853618053178,0.02551984877126654,0.019417475728155338,-0.006102373043111203,0.44234404536862004,0.3743257820927724,-0.06801826327584765
BASE,XGBOOST,82,1.0,0.005,IID_BALANCED->TEMPORAL,2116,8000,0.5,0.5,0.930233220797613,0.9428789509680193,0.012645730170406377,0.002835538752362949,0.003,0.00016446124763705092,0.39792060491493386,0.3515,-0.04642060491493388
BASE,XGBOOST,82,1.0,0.005,IID_BALANCED->DOMAIN_OOD,2116,3858,0.5,0.5,0.930233220797613,0.9195091476654903,-0.010724073132122647,0.002835538752362949,0.003110419906687403,0.00027488115432445365,0.39792060491493386,0.24572317262830481,-0.15219743228662905
BASE,XGBOOST,82,1.0,0.005,IID_BALANCED->TEMPLATE_OOD,2116,6832,0.5,0.5,0.930233220797613,0.9370152905883329,0.006782069790719936,0.002835538752362949,0.0032201405152224825,0.0003846017628595334,0.39792060491493386,0.3439695550351288,-0.053951049879805035
BASE,XGBOOST,82,1.0,0.005,IID_BALANCED->DOMAIN_TEMPLATE_OOD,2116,3708,0.5,0.5,0.930233220797613,0.9123689845932259,-0.01786423620438704,0.002835538752362949,0.002696871628910464,-0.00013866712345248508,0.39792060491493386,0.22330097087378642,-0.17461963404114744
BASE,XGBOOST,82,1.0,0.01,IID_BALANCED->TEMPORAL,2116,8000,0.5,0.5,0.930233220797613,0.9428789509680193,0.012645730170406377,0.014177693761814745,0.01025,-0.003927693761814744,0.5132325141776938,0.52775,0.014517485822306275
BASE,XGBOOST,82,1.0,0.01,IID_BALANCED->DOMAIN_OOD,2116,3858,0.5,0.5,0.930233220797613,0.9195091476654903,-0.010724073132122647,0.014177693761814745,0.01503369621565578,0.0008560024538410357,0.5132325141776938,0.454639709694142,-0.05859280448355175
BASE,XGBOOST,82,1.0,0.01,IID_BALANCED->TEMPLATE_OOD,2116,6832,0.5,0.5,0.930233220797613,0.9370152905883329,0.006782069790719936,0.014177693761814745,0.01053864168618267,-0.0036390520756320755,0.5132325141776938,0.5117096018735363,-0.0015229123041574644
BASE,XGBOOST,82,1.0,0.01,IID_BALANCED->DOMAIN_TEMPLATE_OOD,2116,3708,0.5,0.5,0.930233220797613,0.9123689845932259,-0.01786423620438704,0.014177693761814745,0.01348435814455232,-0.000693335617262425,0.5132325141776938,0.4250269687162891,-0.08820554546140469
BASE,XGBOOST,82,1.0,0.02,IID_BALANCED->TEMPORAL,2116,8000,0.5,0.5,0.930233220797613,0.9428789509680193,0.012645730170406377,0.026465028355387523,0.01925,-0.007215028355387523,0.5822306238185255,0.61175,0.029519376181474488
BASE,XGBOOST,82,1.0,0.02,IID_BALANCED->DOMAIN_OOD,2116,3858,0.5,0.5,0.930233220797613,0.9195091476654903,-0.010724073132122647,0.026465028355387523,0.027993779160186624,0.0015287508047991012,0.5822306238185255,0.5515811301192327,-0.030649493699292818
BASE,XGBOOST,82,1.0,0.02,IID_BALANCED->TEMPLATE_OOD,2116,6832,0.5,0.5,0.930233220797613,0.9370152905883329,0.006782069790719936,0.026465028355387523,0.02078454332552693,-0.005680485029860592,0.5822306238185255,0.59192037470726,0.009689750888734472
BASE,XGBOOST,82,1.0,0.02,IID_BALANCED->DOMAIN_TEMPLATE_OOD,2116,3708,0.5,0.5,0.930233220797613,0.9123689845932259,-0.01786423620438704,0.026465028355387523,0.026429341963322545,-3.568639206497776e-05,0.5822306238185255,0.5188781014023732,-0.0633525224161523
CONTRASTIVE,LOGREG,42,0.1,0.005,IID_BALANCED->TEMPORAL,2116,8000,0.5,0.5,0.8435104946328629,0.8609343798085001,0.0174238851756372,0.003780718336483932,0.0005,-0.003280718336483932,0.035916824196597356,0.0385,0.002583175803402643
CONTRASTIVE,LOGREG,42,0.1,0.005,IID_BALANCED->DOMAIN_OOD,2116,3858,0.5,0.5,0.8435104946328629,0.8261878870507886,-0.017322607582074268,0.003780718336483932,0.0010368066355624676,-0.0027439117009214645,0.035916824196597356,0.02695697252462416,-0.008959851671973197
CONTRASTIVE,LOGREG,42,0.1,0.005,IID_BALANCED->TEMPLATE_OOD,2116,6832,0.5,0.5,0.8435104946328629,0.8603166219008598,0.016806127267996906,0.003780718336483932,0.000585480093676815,-0.003195238242807117,0.035916824196597356,0.03834894613583138,0.0024321219392340263
CONTRASTIVE,LOGREG,42,0.1,0.005,IID_BALANCED->DOMAIN_TEMPLATE_OOD,2116,3708,0.5,0.5,0.8435104946328629,0.8164009076024514,-0.02710958703041144,0.003780718336483932,0.0010787486515641855,-0.0027019696849197466,0.035916824196597356,0.02696871628910464,-0.008948107907492717
CONTRASTIVE,LOGREG,42,0.1,0.01,IID_BALANCED->TEMPORAL,2116,8000,0.5,0.5,0.8435104946328629,0.8609343798085001,0.0174238851756372,0.011342155009451797,0.007,-0.0043421550094517964,0.21739130434782608,0.19525,-0.022141304347826074
CONTRASTIVE,LOGREG,42,0.1,0.01,IID_BALANCED->DOMAIN_OOD,2116,3858,0.5,0.5,0.8435104946328629,0.8261878870507886,-0.017322607582074268,0.011342155009451797,0.007776049766718507,-0.003566105242733289,0.21739130434782608,0.14048729911871435,-0.07690400522911173
CONTRASTIVE,LOGREG,42,0.1,0.01,IID_BALANCED->TEMPLATE_OOD,2116,6832,0.5,0.5,0.8435104946328629,0.8603166219008598,0.016806127267996906,0.011342155009451797,0.006440281030444965,-0.0049018739790068315,0.21739130434782608,0.18559718969555036,-0.03179411465227572
CONTRASTIVE,LOGREG,42,0.1,0.01,IID_BALANCED->DOMAIN_TEMPLATE_OOD,2116,3708,0.5,0.5,0.8435104946328629,0.8164009076024514,-0.02710958703041144,0.011342155009451797,0.007011866235167206,-0.00433028877428459,0.21739130434782608,0.1256742179072276,-0.09171708644059848
CONTRASTIVE,LOGREG,42,0.1,0.02,IID_BALANCED->TEMPORAL,2116,8000,0.5,0.5,0.8435104946328629,0.8609343798085001,0.0174238851756372,0.020793950850661626,0.0145,-0.006293950850661626,0.28166351606805295,0.27075,-0.010913516068052964
CONTRASTIVE,LOGREG,42,0.1,0.02,IID_BALANCED->DOMAIN_OOD,2116,3858,0.5,0.5,0.8435104946328629,0.8261878870507886,-0.017322607582074268,0.020793950850661626,0.018144116122343183,-0.002649834728318444,0.28166351606805295,0.208398133748056,-0.07326538231999696
CONTRASTIVE,LOGREG,42,0.1,0.02,IID_BALANCED->TEMPLATE_OOD,2116,6832,0.5,0.5,0.8435104946328629,0.8603166219008598,0.016806127267996906,0.020793950850661626,0.013173302107728338,-0.0076206487429332885,0.28166351606805295,0.25995316159250587,-0.02171035447554709
CONTRASTIVE,LOGREG,42,0.1,0.02,IID_BALANCED->DOMAIN_TEMPLATE_OOD,2116,3708,0.5,0.5,0.8435104946328629,0.8164009076024514,-0.02710958703041144,0.020793950850661626,0.016720604099244876,-0.00407334675141675,0.28166351606805295,0.18878101402373246,-0.0928825020443205
CONTRASTIVE,LOGREG,42,0.25,0.005,IID_BALANCED->TEMPORAL,2116,8000,0.5,0.5,0.8673941211969283,0.8790239872030081,0.011629866006079848,0.003780718336483932,0.00175,-0.002030718336483932,0.12098298676748583,0.12025,-0.0007329867674858298
CONTRASTIVE,LOGREG,42,0.25,0.005,IID_BALANCED->DOMAIN_OOD,2116,3858,0.5,0.5,0.8673941211969283,0.8494756824506255,-0.017918438746302723,0.003780718336483932,0.0015552099533437014,-0.0022255083831402307,0.12098298676748583,0.09072058061171591,-0.030262406155769916
CONTRASTIVE,LOGREG,42,0.25,0.005,IID_BALANCED->TEMPLATE_OOD,2116,6832,0.5,0.5,0.8673941211969283,0.8775711361146558,0.01017701491772749,0.003780718336483932,0.0014637002341920376,-0.0023170181022918943,0.12098298676748583,0.11563231850117096,-0.005350668266314862
CONTRASTIVE,LOGREG,42,0.25,0.005,IID_BALANCED->DOMAIN_TEMPLATE_OOD,2116,3708,0.5,0.5,0.8673941211969283,0.843040450503255,-0.024353670693673224,0.003780718336483932,0.0016181229773462784,-0.0021625953591376534,0.12098298676748583,0.081445523193096,-0.03953746357438982
CONTRASTIVE,LOGREG,42,0.25,0.01,IID_BALANCED->TEMPORAL,2116,8000,0.5,0.5,0.8673941211969283,0.8790239872030081,0.011629866006079848,0.007561436672967864,0.00575,-0.0018114366729678642,0.2003780718336484,0.2035,0.003121928166351595
CONTRASTIVE,LOGREG,42,0.25,0.01,IID_BALANCED->DOMAIN_OOD,2116,3858,0.5,0.5,0.8673941211969283,0.8494756824506255,-0.017918438746302723,0.007561436672967864,0.00414722654224987,-0.0034142101307179937,0.2003780718336484,0.1607050285121825,-0.0396730433214659
CONTRASTIVE,LOGREG,42,0.25,0.01,IID_BALANCED->TEMPLATE_OOD,2116,6832,0.5,0.5,0.8673941211969283,0.8775711361146558,0.01017701491772749,0.007561436672967864,0.0055620608899297425,-0.0019993757830381216,0.2003780718336484,0.20023419203747073,-0.000143879796177665
CONTRASTIVE,LOGREG,42,0.25,0.01,IID_BALANCED->DOMAIN_TEMPLATE_OOD,2116,3708,0.5,0.5,0.8673941211969283,0.843040450503255,-0.024353670693673224,0.007561436672967864,0.004314994606256742,-0.0032464420667111223,0.2003780718336484,0.15156418554476808,-0.04881388628888031
CONTRASTIVE,LOGREG,42,0.25,0.02,IID_BALANCED->TEMPORAL,2116,8000,0.5,0.5,0.8673941211969283,0.8790239872030081,0.011629866006079848,0.02551984877126654,0.02475,-0.0007698487712665403,0.390359168241966,0.39675,0.00639083175803401
CONTRASTIVE,LOGREG,42,0.25,0.02,IID_BALANCED->DOMAIN_OOD,2116,3858,0.5,0.5,0.8673941211969283,0.8494756824506255,-0.017918438746302723,0.02551984877126654,0.02436495593571799,-0.0011548928355485516,0.390359168241966,0.336962156557802,-0.053397011684164
CONTRASTIVE,LOGREG,42,0.25,0.02,IID_BALANCED->TEMPLATE_OOD,2116,6832,0.5,0.5,0.8673941211969283,0.8775711361146558,0.01017701491772749,0.02551984877126654,0.022833723653395786,-0.002686125117870756,0.390359168241966,0.38846604215456676,-0.0018931260873992217
CONTRASTIVE,LOGREG,42,0.25,0.02,IID_BALANCED->DOMAIN_TEMPLATE_OOD,2116,3708,0.5,0.5,0.8673941211969283,0.843040450503255,-0.024353670693673224,0.02551984877126654,0.024271844660194174,-0.001248004111072367,0.390359168241966,0.32793959007551243,-0.06241957816645355
CONTRASTIVE,LOGREG,42,1.0,0.005,IID_BALANCED->TEMPORAL,2116,8000,0.5,0.5,0.8601003337289939,0.8822079271877098,0.022107593458715935,0.004725897920604915,0.003,-0.0017258979206049149,0.1890359168241966,0.11825,-0.0707859168241966
CONTRASTIVE,LOGREG,42,1.0,0.005,IID_BALANCED->DOMAIN_OOD,2116,3858,0.5,0.5,0.8601003337289939,0.8472312965917519,-0.012869037137241968,0.004725897920604915,0.003110419906687403,-0.0016154780139175122,0.1890359168241966,0.08501814411612234,-0.10401777270807426
CONTRASTIVE,LOGREG,42,1.0,0.005,IID_BALANCED->TEMPLATE_OOD,2116,6832,0.5,0.5,0.8601003337289939,0.8797376071739582,0.019637273444964354,0.004725897920604915,0.00234192037470726,-0.002383977545897655,0.1890359168241966,0.11036299765807962,-0.07867291916611698
CONTRASTIVE,LOGREG,42,1.0,0.005,IID_BALANCED->DOMAIN_TEMPLATE_OOD,2116,3708,0.5,0.5,0.8601003337289939,0.8405246075540739,-0.019575726174919983,0.004725897920604915,0.003236245954692557,-0.0014896519659123582,0.1890359168241966,0.07659115426105717,-0.11244476256313943
CONTRASTIVE,LOGREG,42,1.0,0.01,IID_BALANCED->TEMPORAL,2116,8000,0.5,0.5,0.8601003337289939,0.8822079271877098,0.022107593458715935,0.013232514177693762,0.00675,-0.006482514177693762,0.28166351606805295,0.21675,-0.06491351606805296
CONTRASTIVE,LOGREG,42,1.0,0.01,IID_BALANCED->DOMAIN_OOD,2116,3858,0.5,0.5,0.8601003337289939,0.8472312965917519,-0.012869037137241968,0.013232514177693762,0.005184033177812338,-0.008048480999881424,0.28166351606805295,0.16018662519440124,-0.12147689087365171
CONTRASTIVE,LOGREG,42,1.0,0.01,IID_BALANCED->TEMPLATE_OOD,2116,6832,0.5,0.5,0.8601003337289939,0.8797376071739582,0.019637273444964354,0.013232514177693762,0.006440281030444965,-0.0067922331472487964,0.28166351606805295,0.20901639344262296,-0.07264712262543
CONTRASTIVE,LOGREG,42,1.0,0.01,IID_BALANCED->DOMAIN_TEMPLATE_OOD,2116,3708,0.5,0.5,0.8601003337289939,0.8405246075540739,-0.019575726174919983,0.013232514177693762,0.005393743257820928,-0.007838770919872833,0.28166351606805295,0.15210355987055016,-0.1295599561975028
CONTRASTIVE,LOGREG,42,1.0,0.02,IID_BALANCED->TEMPORAL,2116,8000,0.5,0.5,0.8601003337289939,0.8822079271877098,0.022107593458715935,0.027410207939508508,0.0155,-0.011910207939508508,0.3733459357277883,0.34175,-0.031595935727788294
CONTRASTIVE,LOGREG,42,1.0,0.02,IID_BALANCED->DOMAIN_OOD,2116,3858,0.5,0.5,0.8601003337289939,0.8472312965917519,-0.012869037137241968,0.027410207939508508,0.01503369621565578,-0.012376511723852728,0.3733459357277883,0.263867288750648,-0.10947864697714027
CONTRASTIVE,LOGREG,42,1.0,0.02,IID_BALANCED->TEMPLATE_OOD,2116,6832,0.5,0.5,0.8601003337289939,0.8797376071739582,0.019637273444964354,0.027410207939508508,0.014637002341920375,-0.012773205597588133,0.3733459357277883,0.32728337236533955,-0.04606256336244874
CONTRASTIVE,LOGREG,42,1.0,0.02,IID_BALANCED->DOMAIN_TEMPLATE_OOD,2116,3708,0.5,0.5,0.8601003337289939,0.8405246075540739,-0.019575726174919983,0.027410207939508508,0.014563106796116505,-0.012847101143392003,0.3733459357277883,0.2464940668824164,-0.1268518688453719
CONTRASTIVE,LOGREG,52,0.1,0.005,IID_BALANCED->TEMPORAL,2116,8000,0.5,0.5,0.8502978633913442,0.860148564704037,0.009850701312692833,0.011342155009451797,0.008,-0.0033421550094517964,0.18714555765595464,0.227,0.039854442344045365
CONTRASTIVE,LOGREG,52,0.1,0.005,IID_BALANCED->DOMAIN_OOD,2116,3858,0.5,0.5,0.8502978633913442,0.8133263986380718,-0.0369714647532724,0.011342155009451797,0.011923276308968377,0.0005811212995165804,0.18714555765595464,0.15500259201658892,-0.03214296563936572
CONTRASTIVE,LOGREG,52,0.1,0.005,IID_BALANCED->TEMPLATE_OOD,2116,6832,0.5,0.5,0.8502978633913442,0.8595331931176086,0.009235329726264396,0.011342155009451797,0.00819672131147541,-0.0031454336979763863,0.18714555765595464,0.23272833723653397,0.045582779580579325
CONTRASTIVE,LOGREG,52,0.1,0.005,IID_BALANCED->DOMAIN_TEMPLATE_OOD,2116,3708,0.5,0.5,0.8502978633913442,0.8064327547712811,-0.0438651086200631,0.011342155009451797,0.012405609492988134,0.0010634544835363378,0.18714555765595464,0.156957928802589,-0.03018762885336565
CONTRASTIVE,LOGREG,52,0.1,0.01,IID_BALANCED->TEMPORAL,2116,8000,0.5,0.5,0.8502978633913442,0.860148564704037,0.009850701312692833,0.014177693761814745,0.01175,-0.002427693761814745,0.23251417769376181,0.26925,0.036735822306238175
CONTRASTIVE,LOGREG,52,0.1,0.01,IID_BALANCED->DOMAIN_OOD,2116,3858,0.5,0.5,0.8502978633913442,0.8133263986380718,-0.0369714647532724,0.014177693761814745,0.014515292897874546,0.0003375991360598015,0.23251417769376181,0.1886988076723691,-0.04381537002139271
CONTRASTIVE,LOGREG,52,0.1,0.01,IID_BALANCED->TEMPLATE_OOD,2116,6832,0.5,0.5,0.8502978633913442,0.8595331931176086,0.009235329726264396,0.014177693761814745,0.0117096018735363,-0.0024680918882784442,0.23251417769376181,0.27459016393442626,0.04207598624066444
CONTRASTIVE,LOGREG,52,0.1,0.01,IID_BALANCED->DOMAIN_TEMPLATE_OOD,2116,3708,0.5,0.5,0.8502978633913442,0.8064327547712811,-0.0438651086200631,0.014177693761814745,0.015102481121898598,0.0009247873600838532,0.23251417769376181,0.1871628910463862,-0.045351286647375616
CONTRASTIVE,LOGREG,52,0.1,0.02,IID_BALANCED->TEMPORAL,2116,8000,0.5,0.5,0.8502978633913442,0.860148564704037,0.009850701312692833,0.02835538752362949,0.02325,-0.00510538752362949,0.3563327032136106,0.37925,0.022917296786389374
CONTRASTIVE,LOGREG,52,0.1,0.02,IID_BALANCED->DOMAIN_OOD,2116,3858,0.5,0.5,0.8502978633913442,0.8133263986380718,-0.0369714647532724,0.02835538752362949,0.025401762571280455,-0.002953624952349035,0.3563327032136106,0.2897874546397097,-0.06654524857390093
CONTRASTIVE,LOGREG,52,0.1,0.02,IID_BALANCED->TEMPLATE_OOD,2116,6832,0.5,0.5,0.8502978633913442,0.8595331931176086,0.009235329726264396,0.02835538752362949,0.022833723653395786,-0.005521663870233704,0.3563327032136106,0.3793911007025761,0.023058397488965487
CONTRASTIVE,LOGREG,52,0.1,0.02,IID_BALANCED->DOMAIN_TEMPLATE_OOD,2116,3708,0.5,0.5,0.8502978633913442,0.8064327547712811,-0.0438651086200631,0.02835538752362949,0.025889967637540454,-0.0024654198860890354,0.3563327032136106,0.2810140237324703,-0.0753186794811403
CONTRASTIVE,LOGREG,52,0.25,0.005,IID_BALANCED->TEMPORAL,2116,8000,0.5,0.5,0.8741331285280269,0.8801844751321866,0.006051346604159624,0.012287334593572778,0.00825,-0.004037334593572778,0.2381852551984877,0.29825,0.060064744801512304
CONTRASTIVE,LOGREG,52,0.25,0.005,IID_BALANCED->DOMAIN_OOD,2116,3858,0.5,0.5,0.8741331285280269,0.844287479512609,-0.029845649015417974,0.012287334593572778,0.00933125972006221,-0.002956074873510569,0.2381852551984877,0.208398133748056,-0.02978712145043172
CONTRASTIVE,LOGREG,52,0.25,0.005,IID_BALANCED->TEMPLATE_OOD,2116,6832,0.5,0.5,0.8741331285280269,0.8783359253562848,0.00420279682825786,0.012287334593572778,0.00819672131147541,-0.004090613282097368,0.2381852551984877,0.2965456674473068,0.058360412248819105
CONTRASTIVE,LOGREG,52,0.25,0.005,IID_BALANCED->DOMAIN_TEMPLATE_OOD,2116,3708,0.5,0.5,0.8741331285280269,0.8358973852926684,-0.0382357432353585,0.012287334593572778,0.009169363538295576,-0.003117971055277202,0.2381852551984877,0.1941747572815534,-0.044010497916934316
CONTRASTIVE,LOGREG,52,0.25,0.01,IID_BALANCED->TEMPORAL,2116,8000,0.5,0.5,0.8741331285280269,0.8801844751321866,0.006051346604159624,0.01890359168241966,0.0155,-0.00340359168241966,0.3270321361058601,0.37625,0.049217863894139846
CONTRASTIVE,LOGREG,52,0.25,0.01,IID_BALANCED->DOMAIN_OOD,2116,3858,0.5,0.5,0.8741331285280269,0.844287479512609,-0.029845649015417974,0.01890359168241966,0.017107309486780714,-0.0017962821956389458,0.3270321361058601,0.28045619491964746,-0.046575941186212666
CONTRASTIVE,LOGREG,52,0.25,0.01,IID_BALANCED->TEMPLATE_OOD,2116,6832,0.5,0.5,0.8741331285280269,0.8783359253562848,0.00420279682825786,0.01890359168241966,0.015515222482435597,-0.0033883691999840627,0.3270321361058601,0.36768149882903983,0.040649362723179705
CONTRASTIVE,LOGREG,52,0.25,0.01,IID_BALANCED->DOMAIN_TEMPLATE_OOD,2116,3708,0.5,0.5,0.8741331285280269,0.8358973852926684,-0.0382357432353585,0.01890359168241966,0.016720604099244876,-0.0021829875831747836,0.3270321361058601,0.27184466019417475,-0.05518747591168538
CONTRASTIVE,LOGREG,52,0.25,0.02,IID_BALANCED->TEMPORAL,2116,8000,0.5,0.5,0.8741331285280269,0.8801844751321866,0.006051346604159624,0.02551984877126654,0.02275,-0.002769848771266542,0.390359168241966,0.425,0.03464083175803401
CONTRASTIVE,LOGREG,52,0.25,0.02,IID_BALANCED->DOMAIN_OOD,2116,3858,0.5,0.5,0.8741331285280269,0.844287479512609,-0.029845649015417974,0.02551984877126654,0.023846552617936754,-0.0016732961533297876,0.390359168241966,0.3260756868843961,-0.0642834813575699
CONTRASTIVE,LOGREG,52,0.25,0.02,IID_BALANCED->TEMPLATE_OOD,2116,6832,0.5,0.5,0.8741331285280269,0.8783359253562848,0.00420279682825786,0.02551984877126654,0.021662763466042154,-0.003857085305224387,0.390359168241966,0.41510538641686184,0.024746218174895862
CONTRASTIVE,LOGREG,52,0.25,0.02,IID_BALANCED->DOMAIN_TEMPLATE_OOD,2116,3708,0.5,0.5,0.8741331285280269,0.8358973852926684,-0.0382357432353585,0.02551984877126654,0.023732470334412083,-0.001787378436854458,0.390359168241966,0.3214670981661273,-0.0688920700758387
CONTRASTIVE,LOGREG,52,1.0,0.005,IID_BALANCED->TEMPORAL,2116,8000,0.5,0.5,0.8884764591772447,0.9035782353718118,0.015101776194567096,0.006616257088846881,0.00325,-0.003366257088846881,0.2826086956521739,0.2775,-0.005108695652173867
CONTRASTIVE,LOGREG,52,1.0,0.005,IID_BALANCED->DOMAIN_OOD,2116,3858,0.5,0.5,0.8884764591772447,0.8717338247472637,-0.01674263442998103,0.006616257088846881,0.0036288232244686366,-0.002987433864378244,0.2826086956521739,0.18040435458786935,-0.10220434106430454
CONTRASTIVE,LOGREG,52,1.0,0.005,IID_BALANCED->TEMPLATE_OOD,2116,6832,0.5,0.5,0.8884764591772447,0.9002383038434262,0.011761844666181465,0.006616257088846881,0.00351288056206089,-0.003103376526785991,0.2826086956521739,0.2690281030444965,-0.01358059260767741
CONTRASTIVE,LOGREG,52,1.0,0.005,IID_BALANCED->DOMAIN_TEMPLATE_OOD,2116,3708,0.5,0.5,0.8884764591772447,0.8631437575705647,-0.025332701606679997,0.006616257088846881,0.003236245954692557,-0.003380011134154324,0.2826086956521739,0.16612729234088458,-0.11648140331128931
CONTRASTIVE,LOGREG,52,1.0,0.01,IID_BALANCED->TEMPORAL,2116,8000,0.5,0.5,0.8884764591772447,0.9035782353718118,0.015101776194567096,0.011342155009451797,0.0045,-0.006842155009451797,0.34120982986767484,0.35175,0.010540170132325166
CONTRASTIVE,LOGREG,52,1.0,0.01,IID_BALANCED->DOMAIN_OOD,2116,3858,0.5,0.5,0.8884764591772447,0.8717338247472637,-0.01674263442998103,0.011342155009451797,0.004665629860031105,-0.006676525149420692,0.34120982986767484,0.25401762571280456,-0.08719220415487028
CONTRASTIVE,LOGREG,52,1.0,0.01,IID_BALANCED->TEMPLATE_OOD,2116,6832,0.5,0.5,0.8884764591772447,0.9002383038434262,0.011761844666181465,0.011342155009451797,0.00468384074941452,-0.006658314260037277,0.34120982986767484,0.3398711943793911,-0.0013386354882837237
CONTRASTIVE,LOGREG,52,1.0,0.01,IID_BALANCED->DOMAIN_TEMPLATE_OOD,2116,3708,0.5,0.5,0.8884764591772447,0.8631437575705647,-0.025332701606679997,0.011342155009451797,0.004314994606256742,-0.007027160403195055,0.34120982986767484,0.23462783171521034,-0.1065819981524645
CONTRASTIVE,LOGREG,52,1.0,0.02,IID_BALANCED->TEMPORAL,2116,8000,0.5,0.5,0.8884764591772447,0.9035782353718118,0.015101776194567096,0.02835538752362949,0.0175,-0.010855387523629488,0.45841209829867674,0.47825,0.01983790170132327
CONTRASTIVE,LOGREG,52,1.0,0.02,IID_BALANCED->DOMAIN_OOD,2116,3858,0.5,0.5,0.8884764591772447,0.8717338247472637,-0.01674263442998103,0.02835538752362949,0.01918092275790565,-0.009174464765723839,0.45841209829867674,0.3913945049248315,-0.06701759337384522
CONTRASTIVE,LOGREG,52,1.0,0.02,IID_BALANCED->TEMPLATE_OOD,2116,6832,0.5,0.5,0.8884764591772447,0.9002383038434262,0.011761844666181465,0.02835538752362949,0.017857142857142856,-0.010498244666486634,0.45841209829867674,0.46633489461358313,0.007922796314906388
CONTRASTIVE,LOGREG,52,1.0,0.02,IID_BALANCED->DOMAIN_TEMPLATE_OOD,2116,3708,0.5,0.5,0.8884764591772447,0.8631437575705647,-0.025332701606679997,0.02835538752362949,0.018338727076591153,-0.010016660447038337,0.45841209829867674,0.36839266450916935,-0.09001943378950739
CONTRASTIVE,LOGREG,62,0.1,0.005,IID_BALANCED->TEMPORAL,2116,8000,0.5,0.5,0.8448166772981169,0.8412689281460776,-0.00354774915203937,0.004725897920604915,0.00325,-0.001475897920604915,0.11058601134215501,0.0955,-0.015086011342155009
CONTRASTIVE,LOGREG,62,0.1,0.005,IID_BALANCED->DOMAIN_OOD,2116,3858,0.5,0.5,0.8448166772981169,0.7960954474196011,-0.04872122987851579,0.004725897920604915,0.0036288232244686366,-0.0010970746961362784,0.11058601134215501,0.060653188180404355,-0.049932823161750656
CONTRASTIVE,LOGREG,62,0.1,0.005,IID_BALANCED->TEMPLATE_OOD,2116,6832,0.5,0.5,0.8448166772981169,0.8391096737565418,-0.005707003541575162,0.004725897920604915,0.0032201405152224825,-0.0015057574053824324,0.11058601134215501,0.09718969555035128,-0.013396315791803726
CONTRASTIVE,LOGREG,62,0.1,0.005,IID_BALANCED->DOMAIN_TEMPLATE_OOD,2116,3708,0.5,0.5,0.8448166772981169,0.789547047218567,-0.05526963007954988,0.004725897920604915,0.003236245954692557,-0.0014896519659123582,0.11058601134215501,0.061488673139158574,-0.049097338202996436
CONTRASTIVE,LOGREG,62,0.1,0.01,IID_BALANCED->TEMPORAL,2116,8000,0.5,0.5,0.8448166772981169,0.8412689281460776,-0.00354774915203937,0.00945179584120983,0.008,-0.0014517958412098297,0.21172022684310018,0.18775,-0.023970226843100184
CONTRASTIVE,LOGREG,62,0.1,0.01,IID_BALANCED->DOMAIN_OOD,2116,3858,0.5,0.5,0.8448166772981169,0.7960954474196011,-0.04872122987851579,0.00945179584120983,0.009849663037843442,0.00039786719663361184,0.21172022684310018,0.13841368584758942,-0.07330654099551076
CONTRASTIVE,LOGREG,62,0.1,0.01,IID_BALANCED->TEMPLATE_OOD,2116,6832,0.5,0.5,0.8448166772981169,0.8391096737565418,-0.005707003541575162,0.00945179584120983,0.007318501170960188,-0.0021332946702496422,0.21172022684310018,0.1920374707259953,-0.019682756117104877
CONTRASTIVE,LOGREG,62,0.1,0.01,IID_BALANCED->DOMAIN_TEMPLATE_OOD,2116,3708,0.5,0.5,0.8448166772981169,0.789547047218567,-0.05526963007954988,0.00945179584120983,0.009169363538295576,-0.00028243230291425357,0.21172022684310018,0.1413160733549083,-0.07040415348819187
CONTRASTIVE,LOGREG,62,0.1,0.02,IID_BALANCED->TEMPORAL,2116,8000,0.5,0.5,0.8448166772981169,0.8412689281460776,-0.00354774915203937,0.024574669187145556,0.01625,-0.008324669187145556,0.31852551984877125,0.2935,-0.02502551984877127
CONTRASTIVE,LOGREG,62,0.1,0.02,IID_BALANCED->DOMAIN_OOD,2116,3858,0.5,0.5,0.8448166772981169,0.7960954474196011,-0.04872122987851579,0.024574669187145556,0.017107309486780714,-0.007467359700364842,0.31852551984877125,0.22446863659927424,-0.09405688324949701
CONTRASTIVE,LOGREG,62,0.1,0.02,IID_BALANCED->TEMPLATE_OOD,2116,6832,0.5,0.5,0.8448166772981169,0.8391096737565418,-0.005707003541575162,0.024574669187145556,0.01522248243559719,-0.009352186751548367,0.31852551984877125,0.2924473067915691,-0.02607821305720215
CONTRASTIVE,LOGREG,62,0.1,0.02,IID_BALANCED->DOMAIN_TEMPLATE_OOD,2116,3708,0.5,0.5,0.8448166772981169,0.789547047218567,-0.05526963007954988,0.024574669187145556,0.015102481121898598,-0.009472188065246958,0.31852551984877125,0.22761596548004315,-0.09090955436872811
CONTRASTIVE,LOGREG,62,0.25,0.005,IID_BALANCED->TEMPORAL,2116,8000,0.5,0.5,0.8733201471549513,0.8709854719228646,-0.002334675232086747,0.010396975425330813,0.0085,-0.0018969754253308126,0.2599243856332703,0.32,0.0600756143667297
CONTRASTIVE,LOGREG,62,0.25,0.005,IID_BALANCED->DOMAIN_OOD,2116,3858,0.5,0.5,0.8733201471549513,0.8400773628249211,-0.03324278433003025,0.010396975425330813,0.009849663037843442,-0.0005473123874873715,0.2599243856332703,0.26127527216174184,0.00135088652847154
CONTRASTIVE,LOGREG,62,0.25,0.005,IID_BALANCED->TEMPLATE_OOD,2116,6832,0.5,0.5,0.8733201471549513,0.8682813249956562,-0.0050388221592950755,0.010396975425330813,0.008489461358313818,-0.0019075140670169952,0.2599243856332703,0.32640515222482436,0.06648076659155405
CONTRASTIVE,LOGREG,62,0.25,0.005,IID_BALANCED->DOMAIN_TEMPLATE_OOD,2116,3708,0.5,0.5,0.8733201471549513,0.8308533655679932,-0.04246678158695816,0.010396975425330813,0.009708737864077669,-0.0006882375612531442,0.2599243856332703,0.26537216828478966,0.005447782651519351
CONTRASTIVE,LOGREG,62,0.25,0.01,IID_BALANCED->TEMPORAL,2116,8000,0.5,0.5,0.8733201471549513,0.8709854719228646,-0.002334675232086747,0.012287334593572778,0.011,-0.0012873345935727788,0.277882797731569,0.33875,0.06086720226843101
CONTRASTIVE,LOGREG,62,0.25,0.01,IID_BALANCED->DOMAIN_OOD,2116,3858,0.5,0.5,0.8733201471549513,0.8400773628249211,-0.03324278433003025,0.012287334593572778,0.011923276308968377,-0.00036405828460440125,0.277882797731569,0.27786417833074134,-1.861940082764635e-05
CONTRASTIVE,LOGREG,62,0.25,0.01,IID_BALANCED->TEMPLATE_OOD,2116,6832,0.5,0.5,0.8733201471549513,0.8682813249956562,-0.0050388221592950755,0.012287334593572778,0.01053864168618267,-0.0017486929073901088,0.277882797731569,0.3457259953161593,0.06784319758459029
CONTRASTIVE,LOGREG,62,0.25,0.01,IID_BALANCED->DOMAIN_TEMPLATE_OOD,2116,3708,0.5,0.5,0.8733201471549513,0.8308533655679932,-0.04246678158695816,0.012287334593572778,0.011326860841423949,-0.0009604737521488292,0.277882797731569,0.2853290183387271,0.007446220607158105
CONTRASTIVE,LOGREG,62,0.25,0.02,IID_BALANCED->TEMPORAL,2116,8000,0.5,0.5,0.8733201471549513,0.8709854719228646,-0.002334675232086747,0.017958412098298678,0.0175,-0.00045841209829867655,0.390359168241966,0.406,0.015640831758034046
CONTRASTIVE,LOGREG,62,0.25,0.02,IID_BALANCED->DOMAIN_OOD,2116,3858,0.5,0.5,0.8733201471549513,0.8400773628249211,-0.03324278433003025,0.017958412098298678,0.018144116122343183,0.0001857040240445043,0.390359168241966,0.3390357698289269,-0.05132339841303907
CONTRASTIVE,LOGREG,62,0.25,0.02,IID_BALANCED->TEMPLATE_OOD,2116,6832,0.5,0.5,0.8733201471549513,0.8682813249956562,-0.0050388221592950755,0.017958412098298678,0.016978922716627636,-0.000979489381671042,0.390359168241966,0.4072014051522248,0.016842236910258823
CONTRASTIVE,LOGREG,62,0.25,0.02,IID_BALANCED->DOMAIN_TEMPLATE_OOD,2116,3708,0.5,0.5,0.8733201471549513,0.8308533655679932,-0.04246678158695816,0.017958412098298678,0.01779935275080906,-0.00015905934748961653,0.390359168241966,0.33926645091693636,-0.051092717325029624
CONTRASTIVE,LOGREG,62,1.0,0.005,IID_BALANCED->TEMPORAL,2116,8000,0.5,0.5,0.8680663125710881,0.8863034169911015,0.01823710442001336,0.010396975425330813,0.0075,-0.0028969754253308135,0.2674858223062382,0.29575,0.028264177693761827
CONTRASTIVE,LOGREG,62,1.0,0.005,IID_BALANCED->DOMAIN_OOD,2116,3858,0.5,0.5,0.8680663125710881,0.8466745387487071,-0.021391773822381,0.010396975425330813,0.007257646448937273,-0.00313932897639354,0.2674858223062382,0.2042509072058061,-0.06323491510043208
CONTRASTIVE,LOGREG,62,1.0,0.005,IID_BALANCED->TEMPLATE_OOD,2116,6832,0.5,0.5,0.8680663125710881,0.8824630071767086,0.01439669460562043,0.010396975425330813,0.007611241217798595,-0.0027857342075322186,0.2674858223062382,0.29156908665105385,0.02408326434481567
CONTRASTIVE,LOGREG,62,1.0,0.005,IID_BALANCED->DOMAIN_TEMPLATE_OOD,2116,3708,0.5,0.5,0.8680663125710881,0.8407054877711282,-0.027360824799959937,0.010396975425330813,0.007011866235167206,-0.003385109190163607,0.2674858223062382,0.19902912621359223,-0.06845669609264596
CONTRASTIVE,LOGREG,62,1.0,0.01,IID_BALANCED->TEMPORAL,2116,8000,0.5,0.5,0.8680663125710881,0.8863034169911015,0.01823710442001336,0.013232514177693762,0.009,-0.004232514177693762,0.29867674858223064,0.327,0.02832325141776937
CONTRASTIVE,LOGREG,62,1.0,0.01,IID_BALANCED->DOMAIN_OOD,2116,3858,0.5,0.5,0.8680663125710881,0.8466745387487071,-0.021391773822381,0.013232514177693762,0.009849663037843442,-0.0033828511398503198,0.29867674858223064,0.23120787973043028,-0.06746886885180037
CONTRASTIVE,LOGREG,62,1.0,0.01,IID_BALANCED->TEMPLATE_OOD,2116,6832,0.5,0.5,0.8680663125710881,0.8824630071767086,0.01439669460562043,0.013232514177693762,0.009074941451990632,-0.0041575727257031295,0.29867674858223064,0.32201405152224827,0.023337302940017624
CONTRASTIVE,LOGREG,62,1.0,0.01,IID_BALANCED->DOMAIN_TEMPLATE_OOD,2116,3708,0.5,0.5,0.8680663125710881,0.8407054877711282,-0.027360824799959937,0.013232514177693762,0.009708737864077669,-0.0035237763136160925,0.29867674858223064,0.22330097087378642,-0.07537577770844422
CONTRASTIVE,LOGREG,62,1.0,0.02,IID_BALANCED->TEMPORAL,2116,8000,0.5,0.5,0.8680663125710881,0.8863034169911015,0.01823710442001336,0.03497164461247637,0.02225,-0.012721644612476372,0.42438563327032136,0.45225,0.027864366729678625
CONTRASTIVE,LOGREG,62,1.0,0.02,IID_BALANCED->DOMAIN_OOD,2116,3858,0.5,0.5,0.8680663125710881,0.8466745387487071,-0.021391773822381,0.03497164461247637,0.021254536029030584,-0.013717108583445787,0.42438563327032136,0.34733022291342663,-0.07705541035689473
CONTRASTIVE,LOGREG,62,1.0,0.02,IID_BALANCED->TEMPLATE_OOD,2116,6832,0.5,0.5,0.8680663125710881,0.8824630071767086,0.01439669460562043,0.03497164461247637,0.020491803278688523,-0.014479841333787848,0.42438563327032136,0.43530444964871196,0.010918816378390594
CONTRASTIVE,LOGREG,62,1.0,0.02,IID_BALANCED->DOMAIN_TEMPLATE_OOD,2116,3708,0.5,0.5,0.8680663125710881,0.8407054877711282,-0.027360824799959937,0.03497164461247637,0.020496224379719527,-0.014475420232756844,0.42438563327032136,0.33117583603020495,-0.09320979724011641
CONTRASTIVE,LOGREG,72,0.1,0.005,IID_BALANCED->TEMPORAL,2116,8000,0.5,0.5,0.8196706596953718,0.821520760175747,0.0018501004803752608,0.008506616257088847,0.00725,-0.0012566162570888462,0.15500945179584122,0.141,-0.014009451795841232
CONTRASTIVE,LOGREG,72,0.1,0.005,IID_BALANCED->DOMAIN_OOD,2116,3858,0.5,0.5,0.8196706596953718,0.7733443184442788,-0.04632634125109303,0.008506616257088847,0.008812856402280975,0.00030624014519212844,0.15500945179584122,0.10212545360290305,-0.05288399819293817
CONTRASTIVE,LOGREG,72,0.1,0.005,IID_BALANCED->TEMPLATE_OOD,2116,6832,0.5,0.5,0.8196706596953718,0.8170254753112712,-0.002645184384100552,0.008506616257088847,0.00702576112412178,-0.0014808551329670667,0.15500945179584122,0.13846604215456673,-0.016543409641274487
CONTRASTIVE,LOGREG,72,0.1,0.005,IID_BALANCED->DOMAIN_TEMPLATE_OOD,2116,3708,0.5,0.5,0.8196706596953718,0.764440500316359,-0.055230159379012767,0.008506616257088847,0.008090614886731391,-0.0004160013703574557,0.15500945179584122,0.09169363538295577,-0.06331581641288545
CONTRASTIVE,LOGREG,72,0.1,0.01,IID_BALANCED->TEMPORAL,2116,8000,0.5,0.5,0.8196706596953718,0.821520760175747,0.0018501004803752608,0.01606805293005671,0.01125,-0.004818052930056712,0.18620037807183365,0.17675,-0.00945037807183366
CONTRASTIVE,LOGREG,72,0.1,0.01,IID_BALANCED->DOMAIN_OOD,2116,3858,0.5,0.5,0.8196706596953718,0.7733443184442788,-0.04632634125109303,0.01606805293005671,0.012960082944530845,-0.003107969985525866,0.18620037807183365,0.12649040953862103,-0.059709968533212615
CONTRASTIVE,LOGREG,72,0.1,0.01,IID_BALANCED->TEMPLATE_OOD,2116,6832,0.5,0.5,0.8196706596953718,0.8170254753112712,-0.002645184384100552,0.01606805293005671,0.011124121779859485,-0.0049439311501972266,0.18620037807183365,0.17505854800936768,-0.011141830062465968
CONTRASTIVE,LOGREG,72,0.1,0.01,IID_BALANCED->DOMAIN_TEMPLATE_OOD,2116,3708,0.5,0.5,0.8196706596953718,0.764440500316359,-0.055230159379012767,0.01606805293005671,0.012405609492988134,-0.003662443437068577,0.18620037807183365,0.11434735706580366,-0.07185302100602999
CONTRASTIVE,LOGREG,72,0.1,0.02,IID_BALANCED->TEMPORAL,2116,8000,0.5,0.5,0.8196706596953718,0.821520760175747,0.0018501004803752608,0.023629489603024575,0.019,-0.004629489603024575,0.2570888468809074,0.23525,-0.021838846880907398
CONTRASTIVE,LOGREG,72,0.1,0.02,IID_BALANCED->DOMAIN_OOD,2116,3858,0.5,0.5,0.8196706596953718,0.7733443184442788,-0.04632634125109303,0.023629489603024575,0.02280974598237429,-0.0008197436206502859,0.2570888468809074,0.168481078278901,-0.08860776860200639
CONTRASTIVE,LOGREG,72,0.1,0.02,IID_BALANCED->TEMPLATE_OOD,2116,6832,0.5,0.5,0.8196706596953718,0.8170254753112712,-0.002645184384100552,0.023629489603024575,0.019028103044496487,-0.004601386558528087,0.2570888468809074,0.22950819672131148,-0.027580650159595904
CONTRASTIVE,LOGREG,72,0.1,0.02,IID_BALANCED->DOMAIN_TEMPLATE_OOD,2116,3708,0.5,0.5,0.8196706596953718,0.764440500316359,-0.055230159379012767,0.023629489603024575,0.022653721682847898,-0.0009757679201766768,0.2570888468809074,0.1574973031283711,-0.09959154375253629
CONTRASTIVE,LOGREG,72,0.25,0.005,IID_BALANCED->TEMPORAL,2116,8000,0.5,0.5,0.8552571793218275,0.8777443194767145,0.022487140154886953,0.008506616257088847,0.00675,-0.0017566162570888466,0.1776937618147448,0.194,0.0163062381852552
CONTRASTIVE,LOGREG,72,0.25,0.005,IID_BALANCED->DOMAIN_OOD,2116,3858,0.5,0.5,0.8552571793218275,0.8437344968059506,-0.011522682515876959,0.008506616257088847,0.00829445308449974,-0.0002121631725891058,0.1776937618147448,0.15396578538102643,-0.02372797643371838
CONTRASTIVE,LOGREG,72,0.25,0.005,IID_BALANCED->TEMPLATE_OOD,2116,6832,0.5,0.5,0.8552571793218275,0.8754429136881272,0.020185734366299668,0.008506616257088847,0.006440281030444965,-0.0020663352266438815,0.1776937618147448,0.18501170960187355,0.007317947787128742
CONTRASTIVE,LOGREG,72,0.25,0.005,IID_BALANCED->DOMAIN_TEMPLATE_OOD,2116,3708,0.5,0.5,0.8552571793218275,0.8358664718708799,-0.01939070745094762,0.008506616257088847,0.008090614886731391,-0.0004160013703574557,0.1776937618147448,0.133764832793959,-0.043928929020785795
CONTRASTIVE,LOGREG,72,0.25,0.01,IID_BALANCED->TEMPORAL,2116,8000,0.5,0.5,0.8552571793218275,0.8777443194767145,0.022487140154886953,0.011342155009451797,0.00875,-0.0025921550094517957,0.24574669187145556,0.2505,0.004753308128544437
CONTRASTIVE,LOGREG,72,0.25,0.01,IID_BALANCED->DOMAIN_OOD,2116,3858,0.5,0.5,0.8552571793218275,0.8437344968059506,-0.011522682515876959,0.011342155009451797,0.009849663037843442,-0.0014924919716083548,0.24574669187145556,0.19906687402799378,-0.046679817843461785
CONTRASTIVE,LOGREG,72,0.25,0.01,IID_BALANCED->TEMPLATE_OOD,2116,6832,0.5,0.5,0.8552571793218275,0.8754429136881272,0.020185734366299668,0.011342155009451797,0.007611241217798595,-0.003730913791653202,0.24574669187145556,0.23682669789227168,-0.008919993979183888
CONTRASTIVE,LOGREG,72,0.25,0.01,IID_BALANCED->DOMAIN_TEMPLATE_OOD,2116,3708,0.5,0.5,0.8552571793218275,0.8358664718708799,-0.01939070745094762,0.011342155009451797,0.009708737864077669,-0.0016334171453741275,0.24574669187145556,0.17421790722761596,-0.0715287846438396
CONTRASTIVE,LOGREG,72,0.25,0.02,IID_BALANCED->TEMPORAL,2116,8000,0.5,0.5,0.8552571793218275,0.8777443194767145,0.022487140154886953,0.022684310018903593,0.016,-0.006684310018903593,0.33742911153119093,0.334,-0.0034291115311909093
CONTRASTIVE,LOGREG,72,0.25,0.02,IID_BALANCED->DOMAIN_OOD,2116,3858,0.5,0.5,0.8552571793218275,0.8437344968059506,-0.011522682515876959,0.022684310018903593,0.01503369621565578,-0.007650613803247813,0.33742911153119093,0.2716433385173665,-0.06578577301382443
CONTRASTIVE,LOGREG,72,0.25,0.02,IID_BALANCED->TEMPLATE_OOD,2116,6832,0.5,0.5,0.8552571793218275,0.8754429136881272,0.020185734366299668,0.022684310018903593,0.01405152224824356,-0.008632787770660033,0.33742911153119093,0.3167447306791569,-0.020684380852034
CONTRASTIVE,LOGREG,72,0.25,0.02,IID_BALANCED->DOMAIN_TEMPLATE_OOD,2116,3708,0.5,0.5,0.8552571793218275,0.8358664718708799,-0.01939070745094762,0.022684310018903593,0.015102481121898598,-0.007581828897004995,0.33742911153119093,0.2389428263214671,-0.09848628520972383
CONTRASTIVE,LOGREG,72,1.0,0.005,IID_BALANCED->TEMPORAL,2116,8000,0.5,0.5,0.870083670050985,0.8914912735945059,0.021407603543520892,0.013232514177693762,0.00675,-0.006482514177693762,0.2882797731568998,0.24575,-0.04252977315689979
CONTRASTIVE,LOGREG,72,1.0,0.005,IID_BALANCED->DOMAIN_OOD,2116,3858,0.5,0.5,0.870083670050985,0.8583016170848797,-0.011782052966105239,0.013232514177693762,0.00673924313115604,-0.006493271046537722,0.2882797731568998,0.19543805080352514,-0.09284172235337465
CONTRASTIVE,LOGREG,72,1.0,0.005,IID_BALANCED->TEMPLATE_OOD,2116,6832,0.5,0.5,0.870083670050985,0.890505382370871,0.020421712319885987,0.013232514177693762,0.00585480093676815,-0.007377713240925611,0.2882797731568998,0.23302107728337237,-0.055258695873527414
CONTRASTIVE,LOGREG,72,1.0,0.005,IID_BALANCED->DOMAIN_TEMPLATE_OOD,2116,3708,0.5,0.5,0.870083670050985,0.8533993984828314,-0.016684271568153553,0.013232514177693762,0.006472491909385114,-0.006760022268308648,0.2882797731568998,0.18069039913700108,-0.10758937401989871
CONTRASTIVE,LOGREG,72,1.0,0.01,IID_BALANCED->TEMPORAL,2116,8000,0.5,0.5,0.870083670050985,0.8914912735945059,0.021407603543520892,0.01606805293005671,0.00925,-0.006818052930056712,0.32608695652173914,0.292,-0.034086956521739153
CONTRASTIVE,LOGREG,72,1.0,0.01,IID_BALANCED->DOMAIN_OOD,2116,3858,0.5,0.5,0.870083670050985,0.8583016170848797,-0.011782052966105239,0.01606805293005671,0.010368066355624676,-0.0056999865744320356,0.32608695652173914,0.23120787973043028,-0.09487907679130886
CONTRASTIVE,LOGREG,72,1.0,0.01,IID_BALANCED->TEMPLATE_OOD,2116,6832,0.5,0.5,0.870083670050985,0.890505382370871,0.020421712319885987,0.01606805293005671,0.008489461358313818,-0.0075785915717428935,0.32608695652173914,0.27839578454332553,-0.047691171978413605
CONTRASTIVE,LOGREG,72,1.0,0.01,IID_BALANCED->DOMAIN_TEMPLATE_OOD,2116,3708,0.5,0.5,0.870083670050985,0.8533993984828314,-0.016684271568153553,0.01606805293005671,0.010248112189859764,-0.005819940740196948,0.32608695652173914,0.21574973031283712,-0.11033722620890202
CONTRASTIVE,LOGREG,72,1.0,0.02,IID_BALANCED->TEMPORAL,2116,8000,0.5,0.5,0.870083670050985,0.8914912735945059,0.021407603543520892,0.023629489603024575,0.017,-0.0066294896030245735,0.41493383742911155,0.42125,0.006316162570888462
CONTRASTIVE,LOGREG,72,1.0,0.02,IID_BALANCED->DOMAIN_OOD,2116,3858,0.5,0.5,0.870083670050985,0.8583016170848797,-0.011782052966105239,0.023629489603024575,0.01607050285121825,-0.007558986751806326,0.41493383742911155,0.3462934162778642,-0.06864042115124735
CONTRASTIVE,LOGREG,72,1.0,0.02,IID_BALANCED->TEMPLATE_OOD,2116,6832,0.5,0.5,0.870083670050985,0.890505382370871,0.020421712319885987,0.023629489603024575,0.014929742388758781,-0.008699747214265793,0.41493383742911155,0.4031030444964871,-0.011830792932624457
CONTRASTIVE,LOGREG,72,1.0,0.02,IID_BALANCED->DOMAIN_TEMPLATE_OOD,2116,3708,0.5,0.5,0.870083670050985,0.8533993984828314,-0.016684271568153553,0.023629489603024575,0.01564185544768069,-0.007987634155343884,0.41493383742911155,0.325782092772384,-0.08915174465672754
CONTRASTIVE,LOGREG,82,0.1,0.005,IID_BALANCED->TEMPORAL,2116,8000,0.5,0.5,0.8368912499655182,0.8317943558168035,-0.005096894148714726,0.007561436672967864,0.007,-0.000561436672967864,0.20415879017013233,0.22375,0.019591209829867673
CONTRASTIVE,LOGREG,82,0.1,0.005,IID_BALANCED->DOMAIN_OOD,2116,3858,0.5,0.5,0.8368912499655182,0.7990482616076198,-0.037842988357898455,0.007561436672967864,0.006220839813374806,-0.0013405968595930585,0.20415879017013233,0.14152410575427682,-0.06263468441585551
CONTRASTIVE,LOGREG,82,0.1,0.005,IID_BALANCED->TEMPLATE_OOD,2116,6832,0.5,0.5,0.8368912499655182,0.8381649099402146,0.0012736599746964172,0.007561436672967864,0.006440281030444965,-0.001121155642522899,0.20415879017013233,0.23214285714285715,0.02798406697272482
CONTRASTIVE,LOGREG,82,0.1,0.005,IID_BALANCED->DOMAIN_TEMPLATE_OOD,2116,3708,0.5,0.5,0.8368912499655182,0.7924372690677814,-0.04445398089773678,0.007561436672967864,0.006472491909385114,-0.0010889447635827505,0.20415879017013233,0.14724919093851133,-0.056909599231621005
CONTRASTIVE,LOGREG,82,0.1,0.01,IID_BALANCED->TEMPORAL,2116,8000,0.5,0.5,0.8368912499655182,0.8317943558168035,-0.005096894148714726,0.015122873345935728,0.009,-0.006122873345935729,0.22967863894139887,0.2505,0.020821361058601134
CONTRASTIVE,LOGREG,82,0.1,0.01,IID_BALANCED->DOMAIN_OOD,2116,3858,0.5,0.5,0.8368912499655182,0.7990482616076198,-0.037842988357898455,0.015122873345935728,0.007776049766718507,-0.007346823579217221,0.22967863894139887,0.16226023846552617,-0.06741840047587269
CONTRASTIVE,LOGREG,82,0.1,0.01,IID_BALANCED->TEMPLATE_OOD,2116,6832,0.5,0.5,0.8368912499655182,0.8381649099402146,0.0012736599746964172,0.015122873345935728,0.007318501170960188,-0.0078043721749755405,0.22967863894139887,0.2576112412177986,0.027932602276399737
CONTRASTIVE,LOGREG,82,0.1,0.01,IID_BALANCED->DOMAIN_TEMPLATE_OOD,2116,3708,0.5,0.5,0.8368912499655182,0.7924372690677814,-0.04445398089773678,0.015122873345935728,0.007551240560949299,-0.007571632784986429,0.22967863894139887,0.16774541531823084,-0.06193322362316803
CONTRASTIVE,LOGREG,82,0.1,0.02,IID_BALANCED->TEMPORAL,2116,8000,0.5,0.5,0.8368912499655182,0.8317943558168035,-0.005096894148714726,0.036862003780718335,0.022,-0.014862003780718336,0.3270321361058601,0.343,0.0159678638941399
CONTRASTIVE,LOGREG,82,0.1,0.02,IID_BALANCED->DOMAIN_OOD,2116,3858,0.5,0.5,0.8368912499655182,0.7990482616076198,-0.037842988357898455,0.036862003780718335,0.01762571280456195,-0.019236290976156385,0.3270321361058601,0.24727838258164853,-0.0797537535242116
CONTRASTIVE,LOGREG,82,0.1,0.02,IID_BALANCED->TEMPLATE_OOD,2116,6832,0.5,0.5,0.8368912499655182,0.8381649099402146,0.0012736599746964172,0.036862003780718335,0.018149882903981264,-0.01871212087673707,0.3270321361058601,0.34953161592505855,0.02249947981919842
CONTRASTIVE,LOGREG,82,0.1,0.02,IID_BALANCED->DOMAIN_TEMPLATE_OOD,2116,3708,0.5,0.5,0.8368912499655182,0.7924372690677814,-0.04445398089773678,0.036862003780718335,0.016720604099244876,-0.02014139968147346,0.3270321361058601,0.2513484358144552,-0.07568370029140492
CONTRASTIVE,LOGREG,82,0.25,0.005,IID_BALANCED->TEMPORAL,2116,8000,0.5,0.5,0.8515358328687463,0.8654176749927333,0.01388184212398691,0.006616257088846881,0.007,0.0003837429111531194,0.14839319470699433,0.20875,0.06035680529300566
CONTRASTIVE,LOGREG,82,0.25,0.005,IID_BALANCED->DOMAIN_OOD,2116,3858,0.5,0.5,0.8515358328687463,0.8366540465062722,-0.01488178636247417,0.006616257088846881,0.005702436495593572,-0.0009138205932533085,0.14839319470699433,0.13530326594090203,-0.013089928766092301
CONTRASTIVE,LOGREG,82,0.25,0.005,IID_BALANCED->TEMPLATE_OOD,2116,6832,0.5,0.5,0.8515358328687463,0.8685784118709017,0.017042579002155334,0.006616257088846881,0.006147540983606557,-0.0004687161052403235,0.14839319470699433,0.21779859484777517,0.06940540014078084
CONTRASTIVE,LOGREG,82,0.25,0.005,IID_BALANCED->DOMAIN_TEMPLATE_OOD,2116,3708,0.5,0.5,0.8515358328687463,0.8337668094615254,-0.017769023407220974,0.006616257088846881,0.005933117583603021,-0.0006831395052438599,0.14839319470699433,0.13861920172599784,-0.009773992980996488
CONTRASTIVE,LOGREG,82,0.25,0.01,IID_BALANCED->TEMPORAL,2116,8000,0.5,0.5,0.8515358328687463,0.8654176749927333,0.01388184212398691,0.008506616257088847,0.01025,0.0017433837429111539,0.1890359168241966,0.23775,0.04871408317580339
CONTRASTIVE,LOGREG,82,0.25,0.01,IID_BALANCED->DOMAIN_OOD,2116,3858,0.5,0.5,0.8515358328687463,0.8366540465062722,-0.01488178636247417,0.008506616257088847,0.00829445308449974,-0.0002121631725891058,0.1890359168241966,0.15500259201658892,-0.03403332480760768
CONTRASTIVE,LOGREG,82,0.25,0.01,IID_BALANCED->TEMPLATE_OOD,2116,6832,0.5,0.5,0.8515358328687463,0.8685784118709017,0.017042579002155334,0.008506616257088847,0.008782201405152224,0.0002755851480633776,0.1890359168241966,0.24736533957845433,0.05832942275425773
CONTRASTIVE,LOGREG,82,0.25,0.01,IID_BALANCED->DOMAIN_TEMPLATE_OOD,2116,3708,0.5,0.5,0.8515358328687463,0.8337668094615254,-0.017769023407220974,0.008506616257088847,0.008090614886731391,-0.0004160013703574557,0.1890359168241966,0.1634304207119741,-0.025605496112222487
CONTRASTIVE,LOGREG,82,0.25,0.02,IID_BALANCED->TEMPORAL,2116,8000,0.5,0.5,0.8515358328687463,0.8654176749927333,0.01388184212398691,0.024574669187145556,0.021,-0.003574669187145555,0.30151228733459357,0.33425,0.03273771266540643
CONTRASTIVE,LOGREG,82,0.25,0.02,IID_BALANCED->DOMAIN_OOD,2116,3858,0.5,0.5,0.8515358328687463,0.8366540465062722,-0.01488178636247417,0.024574669187145556,0.018144116122343183,-0.006430553064802374,0.30151228733459357,0.24157594608605495,-0.05993634124853861
CONTRASTIVE,LOGREG,82,0.25,0.02,IID_BALANCED->TEMPLATE_OOD,2116,6832,0.5,0.5,0.8515358328687463,0.8685784118709017,0.017042579002155334,0.024574669187145556,0.018149882903981264,-0.006424786283164292,0.30151228733459357,0.34133489461358313,0.039822607278989564
CONTRASTIVE,LOGREG,82,0.25,0.02,IID_BALANCED->DOMAIN_TEMPLATE_OOD,2116,3708,0.5,0.5,0.8515358328687463,0.8337668094615254,-0.017769023407220974,0.024574669187145556,0.017259978425026967,-0.007314690762118589,0.30151228733459357,0.24757281553398058,-0.05393947180061298
CONTRASTIVE,LOGREG,82,1.0,0.005,IID_BALANCED->TEMPORAL,2116,8000,0.5,0.5,0.868904327310347,0.887859178080224,0.01895485076987702,0.011342155009451797,0.00525,-0.006092155009451796,0.23062381852551986,0.25125,0.020626181474480115
CONTRASTIVE,LOGREG,82,1.0,0.005,IID_BALANCED->DOMAIN_OOD,2116,3858,0.5,0.5,0.868904327310347,0.8567633889620714,-0.012140938348275565,0.011342155009451797,0.005702436495593572,-0.005639718513858224,0.23062381852551986,0.1731467081389321,-0.05747711038658776
CONTRASTIVE,LOGREG,82,1.0,0.005,IID_BALANCED->TEMPLATE_OOD,2116,6832,0.5,0.5,0.868904327310347,0.8857651991269366,0.016860871816589684,0.011342155009451797,0.004391100702576112,-0.0069510543068756845,0.23062381852551986,0.25526932084309134,0.024645502317571483
CONTRASTIVE,LOGREG,82,1.0,0.005,IID_BALANCED->DOMAIN_TEMPLATE_OOD,2116,3708,0.5,0.5,0.868904327310347,0.8506604804140104,-0.018243846896336513,0.011342155009451797,0.0048543689320388345,-0.006487786077412962,0.23062381852551986,0.17313915857605178,-0.05748465994946808
CONTRASTIVE,LOGREG,82,1.0,0.01,IID_BALANCED->TEMPORAL,2116,8000,0.5,0.5,0.868904327310347,0.887859178080224,0.01895485076987702,0.012287334593572778,0.00775,-0.004537334593572778,0.2637051039697543,0.28,0.016294896030245754
CONTRASTIVE,LOGREG,82,1.0,0.01,IID_BALANCED->DOMAIN_OOD,2116,3858,0.5,0.5,0.868904327310347,0.8567633889620714,-0.012140938348275565,0.012287334593572778,0.00829445308449974,-0.003992881509073037,0.2637051039697543,0.1918092275790565,-0.07189587639069778
CONTRASTIVE,LOGREG,82,1.0,0.01,IID_BALANCED->TEMPLATE_OOD,2116,6832,0.5,0.5,0.868904327310347,0.8857651991269366,0.016860871816589684,0.012287334593572778,0.00702576112412178,-0.005261573469450998,0.2637051039697543,0.28395784543325525,0.02025274146350098
CONTRASTIVE,LOGREG,82,1.0,0.01,IID_BALANCED->DOMAIN_TEMPLATE_OOD,2116,3708,0.5,0.5,0.868904327310347,0.8506604804140104,-0.018243846896336513,0.012287334593572778,0.007551240560949299,-0.004736094032623479,0.2637051039697543,0.1925566343042071,-0.07114846966554716
CONTRASTIVE,LOGREG,82,1.0,0.02,IID_BALANCED->TEMPORAL,2116,8000,0.5,0.5,0.868904327310347,0.887859178080224,0.01895485076987702,0.030245746691871456,0.018,-0.012245746691871458,0.39792060491493386,0.41775,0.019829395085066148
CONTRASTIVE,LOGREG,82,1.0,0.02,IID_BALANCED->DOMAIN_OOD,2116,3858,0.5,0.5,0.868904327310347,0.8567633889620714,-0.012140938348275565,0.030245746691871456,0.02021772939346812,-0.010028017298403337,0.39792060491493386,0.32918610679108345,-0.06873449812385041
CONTRASTIVE,LOGREG,82,1.0,0.02,IID_BALANCED->TEMPLATE_OOD,2116,6832,0.5,0.5,0.868904327310347,0.8857651991269366,0.016860871816589684,0.030245746691871456,0.017857142857142856,-0.0123886038347286,0.39792060491493386,0.4136416861826698,0.015721081267735915
CONTRASTIVE,LOGREG,82,1.0,0.02,IID_BALANCED->DOMAIN_TEMPLATE_OOD,2116,3708,0.5,0.5,0.868904327310347,0.8506604804140104,-0.018243846896336513,0.030245746691871456,0.019417475728155338,-0.010828270963716118,0.39792060491493386,0.32416396979503775,-0.07375663511989611
CONTRASTIVE,MLP,42,0.1,0.005,IID_BALANCED->TEMPORAL,2116,8000,0.5,0.5,0.8480674867406417,0.8734970463876485,0.025429559647006772,0.006616257088846881,0.0035,-0.0031162570888468807,0.12287334593572778,0.14325,0.020376654064272207
CONTRASTIVE,MLP,42,0.1,0.005,IID_BALANCED->DOMAIN_OOD,2116,3858,0.5,0.5,0.8480674867406417,0.8381014388604534,-0.009966047880188289,0.006616257088846881,0.00414722654224987,-0.0024690305465970104,0.12287334593572778,0.07620528771384137,-0.04666805822188641
CONTRASTIVE,MLP,42,0.1,0.005,IID_BALANCED->TEMPLATE_OOD,2116,6832,0.5,0.5,0.8480674867406417,0.8730392203236037,0.024971733582962008,0.006616257088846881,0.0032201405152224825,-0.0033961165736243982,0.12287334593572778,0.14256440281030444,0.01969105687457666
CONTRASTIVE,MLP,42,0.1,0.005,IID_BALANCED->DOMAIN_TEMPLATE_OOD,2116,3708,0.5,0.5,0.8480674867406417,0.829448874281036,-0.01861861245960572,0.006616257088846881,0.0037756202804746495,-0.0028406368083722312,0.12287334593572778,0.06796116504854369,-0.054912180887184095
CONTRASTIVE,MLP,42,0.1,0.01,IID_BALANCED->TEMPORAL,2116,8000,0.5,0.5,0.8480674867406417,0.8734970463876485,0.025429559647006772,0.008506616257088847,0.008,-0.0005066162570888464,0.21455576559546313,0.22075,0.006194234404536869
CONTRASTIVE,MLP,42,0.1,0.01,IID_BALANCED->DOMAIN_OOD,2116,3858,0.5,0.5,0.8480674867406417,0.8381014388604534,-0.009966047880188289,0.008506616257088847,0.00933125972006221,0.0008246434629733627,0.21455576559546313,0.13841368584758942,-0.07614207974787371
CONTRASTIVE,MLP,42,0.1,0.01,IID_BALANCED->TEMPLATE_OOD,2116,6832,0.5,0.5,0.8480674867406417,0.8730392203236037,0.024971733582962008,0.008506616257088847,0.00702576112412178,-0.0014808551329670667,0.21455576559546313,0.21370023419203746,-0.0008555314034256745
CONTRASTIVE,MLP,42,0.1,0.01,IID_BALANCED->DOMAIN_TEMPLATE_OOD,2116,3708,0.5,0.5,0.8480674867406417,0.829448874281036,-0.01861861245960572,0.008506616257088847,0.008629989212513484,0.00012337295542463704,0.21455576559546313,0.12944983818770225,-0.08510592740776088
CONTRASTIVE,MLP,42,0.1,0.02,IID_BALANCED->TEMPORAL,2116,8000,0.5,0.5,0.8480674867406417,0.8734970463876485,0.025429559647006772,0.020793950850661626,0.0145,-0.006293950850661626,0.28733459357277885,0.29225,0.004915406427221158
CONTRASTIVE,MLP,42,0.1,0.02,IID_BALANCED->DOMAIN_OOD,2116,3858,0.5,0.5,0.8480674867406417,0.8381014388604534,-0.009966047880188289,0.020793950850661626,0.01762571280456195,-0.0031682380460996765,0.28733459357277885,0.21254536029030585,-0.074789233282473
CONTRASTIVE,MLP,42,0.1,0.02,IID_BALANCED->TEMPLATE_OOD,2116,6832,0.5,0.5,0.8480674867406417,0.8730392203236037,0.024971733582962008,0.020793950850661626,0.013466042154566744,-0.007327908696094882,0.28733459357277885,0.2862997658079625,-0.0010348277648163373
CONTRASTIVE,MLP,42,0.1,0.02,IID_BALANCED->DOMAIN_TEMPLATE_OOD,2116,3708,0.5,0.5,0.8480674867406417,0.829448874281036,-0.01861861245960572,0.020793950850661626,0.016181229773462782,-0.004612721077198845,0.28733459357277885,0.19741100323624594,-0.08992359033653291
CONTRASTIVE,MLP,42,0.25,0.005,IID_BALANCED->TEMPORAL,2116,8000,0.5,0.5,0.8707872879727342,0.8902414883062039,0.019454200333469673,0.007561436672967864,0.00625,-0.0013114366729678638,0.17107750472589792,0.22225,0.05117249527410209
CONTRASTIVE,MLP,42,0.25,0.005,IID_BALANCED->DOMAIN_OOD,2116,3858,0.5,0.5,0.8707872879727342,0.8586762471060783,-0.012111040866655931,0.007561436672967864,0.007257646448937273,-0.0003037902240305909,0.17107750472589792,0.168481078278901,-0.0025964264469969245
CONTRASTIVE,MLP,42,0.25,0.005,IID_BALANCED->TEMPLATE_OOD,2116,6832,0.5,0.5,0.8707872879727342,0.8891847796678004,0.018397491695066215,0.007561436672967864,0.006147540983606557,-0.0014138956893613068,0.17107750472589792,0.2259953161592506,0.05491781143335267
CONTRASTIVE,MLP,42,0.25,0.005,IID_BALANCED->DOMAIN_TEMPLATE_OOD,2116,3708,0.5,0.5,0.8707872879727342,0.8524460777896993,-0.018341210183034917,0.007561436672967864,0.007011866235167206,-0.0005495704378006578,0.17107750472589792,0.16181229773462782,-0.009265206991270092
CONTRASTIVE,MLP,42,0.25,0.01,IID_BALANCED->TEMPORAL,2116,8000,0.5,0.5,0.8707872879727342,0.8902414883062039,0.019454200333469673,0.014177693761814745,0.0105,-0.003677693761814744,0.24669187145557656,0.3115,0.06480812854442344
CONTRASTIVE,MLP,42,0.25,0.01,IID_BALANCED->DOMAIN_OOD,2116,3858,0.5,0.5,0.8707872879727342,0.8586762471060783,-0.012111040866655931,0.014177693761814745,0.01088646967340591,-0.0032912240884088347,0.24669187145557656,0.24261275272161742,-0.004079118733959136
CONTRASTIVE,MLP,42,0.25,0.01,IID_BALANCED->TEMPLATE_OOD,2116,6832,0.5,0.5,0.8707872879727342,0.8891847796678004,0.018397491695066215,0.014177693761814745,0.010245901639344262,-0.003931792122470483,0.24669187145557656,0.31030444964871196,0.0636125781931354
CONTRASTIVE,MLP,42,0.25,0.01,IID_BALANCED->DOMAIN_TEMPLATE_OOD,2116,3708,0.5,0.5,0.8707872879727342,0.8524460777896993,-0.018341210183034917,0.014177693761814745,0.010787486515641856,-0.0033902072461728886,0.24669187145557656,0.24002157497303128,-0.006670296482545274
CONTRASTIVE,MLP,42,0.25,0.02,IID_BALANCED->TEMPORAL,2116,8000,0.5,0.5,0.8707872879727342,0.8902414883062039,0.019454200333469673,0.020793950850661626,0.01625,-0.004543950850661626,0.31285444234404536,0.38,0.06714555765595465
CONTRASTIVE,MLP,42,0.25,0.02,IID_BALANCED->DOMAIN_OOD,2116,3858,0.5,0.5,0.8707872879727342,0.8586762471060783,-0.012111040866655931,0.020793950850661626,0.01762571280456195,-0.0031682380460996765,0.31285444234404536,0.30896837739761535,-0.0038860649464300123
CONTRASTIVE,MLP,42,0.25,0.02,IID_BALANCED->TEMPLATE_OOD,2116,6832,0.5,0.5,0.8707872879727342,0.8891847796678004,0.018397491695066215,0.020793950850661626,0.01522248243559719,-0.005571468415064437,0.31285444234404536,0.3793911007025761,0.06653665835853073
CONTRASTIVE,MLP,42,0.25,0.02,IID_BALANCED->DOMAIN_TEMPLATE_OOD,2116,3708,0.5,0.5,0.8707872879727342,0.8524460777896993,-0.018341210183034917,0.020793950850661626,0.016720604099244876,-0.00407334675141675,0.31285444234404536,0.3058252427184466,-0.007029199625598781
CONTRASTIVE,MLP,42,1.0,0.005,IID_BALANCED->TEMPORAL,2116,8000,0.5,0.5,0.8923770407455696,0.8978108834849071,0.005433842739337558,0.010396975425330813,0.0055,-0.0048969754253308136,0.28166351606805295,0.2655,-0.01616351606805294
CONTRASTIVE,MLP,42,1.0,0.005,IID_BALANCED->DOMAIN_OOD,2116,3858,0.5,0.5,0.8923770407455696,0.8661387413633311,-0.026238299382238428,0.010396975425330813,0.0036288232244686366,-0.006768152200862177,0.28166351606805295,0.1855883877656817,-0.09607512830237125
CONTRASTIVE,MLP,42,1.0,0.005,IID_BALANCED->TEMPLATE_OOD,2116,6832,0.5,0.5,0.8923770407455696,0.8975110628075794,0.0051340220620098576,0.010396975425330813,0.004976580796252928,-0.0054203946290778855,0.28166351606805295,0.25995316159250587,-0.02171035447554709
CONTRASTIVE,MLP,42,1.0,0.005,IID_BALANCED->DOMAIN_TEMPLATE_OOD,2116,3708,0.5,0.5,0.8923770407455696,0.8593304181439184,-0.03304662260165114,0.010396975425330813,0.0037756202804746495,-0.006621355144856164,0.28166351606805295,0.18176914778856526,-0.0998943682794877
CONTRASTIVE,MLP,42,1.0,0.01,IID_BALANCED->TEMPORAL,2116,8000,0.5,0.5,0.8923770407455696,0.8978108834849071,0.005433842739337558,0.020793950850661626,0.01225,-0.008543950850661626,0.3818525519848771,0.356,-0.025852551984877126
CONTRASTIVE,MLP,42,1.0,0.01,IID_BALANCED->DOMAIN_OOD,2116,3858,0.5,0.5,0.8923770407455696,0.8661387413633311,-0.026238299382238428,0.020793950850661626,0.01088646967340591,-0.009907481177255716,0.3818525519848771,0.2711249351995853,-0.1107276167852918
CONTRASTIVE,MLP,42,1.0,0.01,IID_BALANCED->TEMPLATE_OOD,2116,6832,0.5,0.5,0.8923770407455696,0.8975110628075794,0.0051340220620098576,0.020793950850661626,0.00936768149882904,-0.011426269351832587,0.3818525519848771,0.34660421545667447,-0.03524833652820264
CONTRASTIVE,MLP,42,1.0,0.01,IID_BALANCED->DOMAIN_TEMPLATE_OOD,2116,3708,0.5,0.5,0.8923770407455696,0.8593304181439184,-0.03304662260165114,0.020793950850661626,0.009169363538295576,-0.01162458731236605,0.3818525519848771,0.2588996763754045,-0.1229528756094726
CONTRASTIVE,MLP,42,1.0,0.02,IID_BALANCED->TEMPORAL,2116,8000,0.5,0.5,0.8923770407455696,0.8978108834849071,0.005433842739337558,0.02835538752362949,0.0215,-0.0068553875236294914,0.4678638941398866,0.42375,-0.04411389413988659
CONTRASTIVE,MLP,42,1.0,0.02,IID_BALANCED->DOMAIN_OOD,2116,3858,0.5,0.5,0.8923770407455696,0.8661387413633311,-0.026238299382238428,0.02835538752362949,0.02021772939346812,-0.00813765813016137,0.4678638941398866,0.336962156557802,-0.13090173758208462
CONTRASTIVE,MLP,42,1.0,0.02,IID_BALANCED->TEMPLATE_OOD,2116,6832,0.5,0.5,0.8923770407455696,0.8975110628075794,0.0051340220620098576,0.02835538752362949,0.016978922716627636,-0.011376464807001854,0.4678638941398866,0.41188524590163933,-0.055978648238247275
CONTRASTIVE,MLP,42,1.0,0.02,IID_BALANCED->DOMAIN_TEMPLATE_OOD,2116,3708,0.5,0.5,0.8923770407455696,0.8593304181439184,-0.03304662260165114,0.02835538752362949,0.01779935275080906,-0.010556034772820428,0.4678638941398866,0.32416396979503775,-0.14369992434484885
CONTRASTIVE,MLP,52,0.1,0.005,IID_BALANCED->TEMPORAL,2116,8000,0.5,0.5,0.8520162403466294,0.852529140659419,0.0005129003127896103,0.00945179584120983,0.00825,-0.0012017958412098295,0.1947069943289225,0.1975,0.002793005671077514
CONTRASTIVE,MLP,52,0.1,0.005,IID_BALANCED->DOMAIN_OOD,2116,3858,0.5,0.5,0.8520162403466294,0.809005051402679,-0.043011188943950396,0.00945179584120983,0.009849663037843442,0.00039786719663361184,0.1947069943289225,0.11404872991187144,-0.08065826441705105
CONTRASTIVE,MLP,52,0.1,0.005,IID_BALANCED->TEMPLATE_OOD,2116,6832,0.5,0.5,0.8520162403466294,0.8575747398565369,0.0055584995099075,0.00945179584120983,0.007611241217798595,-0.0018405546234112353,0.1947069943289225,0.19847775175644028,0.0037707574275177846
CONTRASTIVE,MLP,52,0.1,0.005,IID_BALANCED->DOMAIN_TEMPLATE_OOD,2116,3708,0.5,0.5,0.8520162403466294,0.8063138627065608,-0.04570237764006857,0.00945179584120983,0.010248112189859764,0.0007963163486499336,0.1947069943289225,0.1192017259978425,-0.07550526833108
CONTRASTIVE,MLP,52,0.1,0.01,IID_BALANCED->TEMPORAL,2116,8000,0.5,0.5,0.8520162403466294,0.852529140659419,0.0005129003127896103,0.017958412098298678,0.01425,-0.0037084120982986777,0.26937618147448017,0.29875,0.029373818525519846
CONTRASTIVE,MLP,52,0.1,0.01,IID_BALANCED->DOMAIN_OOD,2116,3858,0.5,0.5,0.8520162403466294,0.809005051402679,-0.043011188943950396,0.017958412098298678,0.01762571280456195,-0.0003326992937367282,0.26937618147448017,0.21410057024364956,-0.05527561123083061
CONTRASTIVE,MLP,52,0.1,0.01,IID_BALANCED->TEMPLATE_OOD,2116,6832,0.5,0.5,0.8520162403466294,0.8575747398565369,0.0055584995099075,0.017958412098298678,0.012587822014051522,-0.005370590084247156,0.26937618147448017,0.29918032786885246,0.02980414639437229
CONTRASTIVE,MLP,52,0.1,0.01,IID_BALANCED->DOMAIN_TEMPLATE_OOD,2116,3708,0.5,0.5,0.8520162403466294,0.8063138627065608,-0.04570237764006857,0.017958412098298678,0.017259978425026967,-0.000698433673271711,0.26937618147448017,0.20604099244875945,-0.06333518902572072
CONTRASTIVE,MLP,52,0.1,0.02,IID_BALANCED->TEMPORAL,2116,8000,0.5,0.5,0.8520162403466294,0.852529140659419,0.0005129003127896103,0.026465028355387523,0.02,-0.006465028355387523,0.333648393194707,0.35725,0.023601606805292996
CONTRASTIVE,MLP,52,0.1,0.02,IID_BALANCED->DOMAIN_OOD,2116,3858,0.5,0.5,0.8520162403466294,0.809005051402679,-0.043011188943950396,0.026465028355387523,0.02177293934681182,-0.004692089008575703,0.333648393194707,0.263867288750648,-0.069781104444059
CONTRASTIVE,MLP,52,0.1,0.02,IID_BALANCED->TEMPLATE_OOD,2116,6832,0.5,0.5,0.8520162403466294,0.8575747398565369,0.0055584995099075,0.026465028355387523,0.01727166276346604,-0.009193365591921483,0.333648393194707,0.35040983606557374,0.016761442870866727
CONTRASTIVE,MLP,52,0.1,0.02,IID_BALANCED->DOMAIN_TEMPLATE_OOD,2116,3708,0.5,0.5,0.8520162403466294,0.8063138627065608,-0.04570237764006857,0.026465028355387523,0.021035598705501618,-0.005429429649885905,0.333648393194707,0.25080906148867316,-0.08283933170603386
CONTRASTIVE,MLP,52,0.25,0.005,IID_BALANCED->TEMPORAL,2116,8000,0.5,0.5,0.8716183188662708,0.8816295857921419,0.010011266925871065,0.011342155009451797,0.0075,-0.003842155009451797,0.2448015122873346,0.2975,0.05269848771266539
CONTRASTIVE,MLP,52,0.25,0.005,IID_BALANCED->DOMAIN_OOD,2116,3858,0.5,0.5,0.8716183188662708,0.8479003469964791,-0.023717971869791743,0.011342155009451797,0.008812856402280975,-0.0025292986071708216,0.2448015122873346,0.20373250388802489,-0.041069008399309714
CONTRASTIVE,MLP,52,0.25,0.005,IID_BALANCED->TEMPLATE_OOD,2116,6832,0.5,0.5,0.8716183188662708,0.8822411408842583,0.010622822017987477,0.011342155009451797,0.007318501170960188,-0.004023653838491609,0.2448015122873346,0.2994730679156909,0.054671555628356294
CONTRASTIVE,MLP,52,0.25,0.005,IID_BALANCED->DOMAIN_TEMPLATE_OOD,2116,3708,0.5,0.5,0.8716183188662708,0.8397159770783035,-0.03190234178796736,0.011342155009451797,0.009169363538295576,-0.0021727914711562202,0.2448015122873346,0.19848975188781015,-0.04631176039952445
CONTRASTIVE,MLP,52,0.25,0.01,IID_BALANCED->TEMPORAL,2116,8000,0.5,0.5,0.8716183188662708,0.8816295857921419,0.010011266925871065,0.017013232514177693,0.01075,-0.006263232514177694,0.28166351606805295,0.34125,0.05958648393194704
CONTRASTIVE,MLP,52,0.25,0.01,IID_BALANCED->DOMAIN_OOD,2116,3858,0.5,0.5,0.8716183188662708,0.8479003469964791,-0.023717971869791743,0.017013232514177693,0.012441679626749611,-0.004571552887428082,0.28166351606805295,0.24572317262830481,-0.03594034343974814
CONTRASTIVE,MLP,52,0.25,0.01,IID_BALANCED->TEMPLATE_OOD,2116,6832,0.5,0.5,0.8716183188662708,0.8822411408842583,0.010622822017987477,0.017013232514177693,0.00936768149882904,-0.007645551015348653,0.28166351606805295,0.33782201405152223,0.05615849798346928
CONTRASTIVE,MLP,52,0.25,0.01,IID_BALANCED->DOMAIN_TEMPLATE_OOD,2116,3708,0.5,0.5,0.8716183188662708,0.8397159770783035,-0.03190234178796736,0.017013232514177693,0.011866235167206042,-0.0051469973469716514,0.28166351606805295,0.23624595469255663,-0.045417561375496324
CONTRASTIVE,MLP,52,0.25,0.02,IID_BALANCED->TEMPORAL,2116,8000,0.5,0.5,0.8716183188662708,0.8816295857921419,0.010011266925871065,0.030245746691871456,0.021,-0.009245746691871455,0.39792060491493386,0.43775,0.03982939508506611
CONTRASTIVE,MLP,52,0.25,0.02,IID_BALANCED->DOMAIN_OOD,2116,3858,0.5,0.5,0.8716183188662708,0.8479003469964791,-0.023717971869791743,0.030245746691871456,0.02177293934681182,-0.008472807345059636,0.39792060491493386,0.3431829963711768,-0.05473760854375709
CONTRASTIVE,MLP,52,0.25,0.02,IID_BALANCED->TEMPLATE_OOD,2116,6832,0.5,0.5,0.8716183188662708,0.8822411408842583,0.010622822017987477,0.030245746691871456,0.01873536299765808,-0.011510383694213377,0.39792060491493386,0.4244730679156909,0.02655246300075703
CONTRASTIVE,MLP,52,0.25,0.02,IID_BALANCED->DOMAIN_TEMPLATE_OOD,2116,3708,0.5,0.5,0.8716183188662708,0.8397159770783035,-0.03190234178796736,0.030245746691871456,0.021035598705501618,-0.009210147986369838,0.39792060491493386,0.32416396979503775,-0.07375663511989611
CONTRASTIVE,MLP,52,1.0,0.005,IID_BALANCED->TEMPORAL,2116,8000,0.5,0.5,0.8964949627689724,0.8978995933092259,0.0014046305402534154,0.008506616257088847,0.00575,-0.0027566162570888467,0.3005671077504726,0.32675,0.026182892249527412
CONTRASTIVE,MLP,52,1.0,0.005,IID_BALANCED->DOMAIN_OOD,2116,3858,0.5,0.5,0.8964949627689724,0.8675742037334084,-0.028920759035564014,0.008506616257088847,0.004665629860031105,-0.003840986397057742,0.3005671077504726,0.21565578019699327,-0.0849113275534793
CONTRASTIVE,MLP,52,1.0,0.005,IID_BALANCED->TEMPLATE_OOD,2116,6832,0.5,0.5,0.8964949627689724,0.8991747445430667,0.0026797817740942254,0.008506616257088847,0.004976580796252928,-0.003530035460835919,0.3005671077504726,0.32289227166276346,0.02232516391229089
CONTRASTIVE,MLP,52,1.0,0.005,IID_BALANCED->DOMAIN_TEMPLATE_OOD,2116,3708,0.5,0.5,0.8964949627689724,0.8575827292290572,-0.03891223353991524,0.008506616257088847,0.004314994606256742,-0.004191621650832105,0.3005671077504726,0.2011866235167206,-0.09938048423375198
CONTRASTIVE,MLP,52,1.0,0.01,IID_BALANCED->TEMPORAL,2116,8000,0.5,0.5,0.8964949627689724,0.8978995933092259,0.0014046305402534154,0.015122873345935728,0.0085,-0.006622873345935728,0.34782608695652173,0.369,0.021173913043478265
CONTRASTIVE,MLP,52,1.0,0.01,IID_BALANCED->DOMAIN_OOD,2116,3858,0.5,0.5,0.8964949627689724,0.8675742037334084,-0.028920759035564014,0.015122873345935728,0.006220839813374806,-0.008902033532560923,0.34782608695652173,0.2576464489372732,-0.09017963801924855
CONTRASTIVE,MLP,52,1.0,0.01,IID_BALANCED->TEMPLATE_OOD,2116,6832,0.5,0.5,0.8964949627689724,0.8991747445430667,0.0026797817740942254,0.015122873345935728,0.007318501170960188,-0.0078043721749755405,0.34782608695652173,0.359192037470726,0.011365950514204248
CONTRASTIVE,MLP,52,1.0,0.01,IID_BALANCED->DOMAIN_TEMPLATE_OOD,2116,3708,0.5,0.5,0.8964949627689724,0.8575827292290572,-0.03891223353991524,0.015122873345935728,0.005933117583603021,-0.009189755762332708,0.34782608695652173,0.24271844660194175,-0.10510764035457998
CONTRASTIVE,MLP,52,1.0,0.02,IID_BALANCED->TEMPORAL,2116,8000,0.5,0.5,0.8964949627689724,0.8978995933092259,0.0014046305402534154,0.02835538752362949,0.01625,-0.01210538752362949,0.43383742911153117,0.45675,0.02291257088846882
CONTRASTIVE,MLP,52,1.0,0.02,IID_BALANCED->DOMAIN_OOD,2116,3858,0.5,0.5,0.8964949627689724,0.8675742037334084,-0.028920759035564014,0.02835538752362949,0.01503369621565578,-0.013321691307973709,0.43383742911153117,0.352514256091239,-0.08132317302029218
CONTRASTIVE,MLP,52,1.0,0.02,IID_BALANCED->TEMPLATE_OOD,2116,6832,0.5,0.5,0.8964949627689724,0.8991747445430667,0.0026797817740942254,0.02835538752362949,0.01405152224824356,-0.01430386527538593,0.43383742911153117,0.44437939110070257,0.0105419619891714
CONTRASTIVE,MLP,52,1.0,0.02,IID_BALANCED->DOMAIN_TEMPLATE_OOD,2116,3708,0.5,0.5,0.8964949627689724,0.8575827292290572,-0.03891223353991524,0.02835538752362949,0.015102481121898598,-0.013252906401730892,0.43383742911153117,0.32740021574973033,-0.10643721336180084
CONTRASTIVE,MLP,62,0.1,0.005,IID_BALANCED->TEMPORAL,2116,8000,0.5,0.5,0.812644780355594,0.8123860904966672,-0.0002586898589267417,0.010396975425330813,0.00325,-0.007146975425330814,0.10207939508506617,0.0795,-0.022579395085066165
CONTRASTIVE,MLP,62,0.1,0.005,IID_BALANCED->DOMAIN_OOD,2116,3858,0.5,0.5,0.812644780355594,0.7736194373746347,-0.03902534298095928,0.010396975425330813,0.0036288232244686366,-0.006768152200862177,0.10207939508506617,0.05028512182477968,-0.05179427326028649
CONTRASTIVE,MLP,62,0.1,0.005,IID_BALANCED->TEMPLATE_OOD,2116,6832,0.5,0.5,0.812644780355594,0.8138941618197745,0.0012493814641805212,0.010396975425330813,0.002927400468384075,-0.0074695749569467385,0.10207939508506617,0.08138173302107728,-0.02069766206398889
CONTRASTIVE,MLP,62,0.1,0.005,IID_BALANCED->DOMAIN_TEMPLATE_OOD,2116,3708,0.5,0.5,0.812644780355594,0.7643035304912107,-0.04834124986438326,0.010396975425330813,0.0037756202804746495,-0.006621355144856164,0.10207939508506617,0.05016181229773463,-0.05191758278733154
CONTRASTIVE,MLP,62,0.1,0.01,IID_BALANCED->TEMPORAL,2116,8000,0.5,0.5,0.812644780355594,0.8123860904966672,-0.0002586898589267417,0.013232514177693762,0.00575,-0.007482514177693762,0.1323251417769376,0.11275,-0.019575141776937602
CONTRASTIVE,MLP,62,0.1,0.01,IID_BALANCED->DOMAIN_OOD,2116,3858,0.5,0.5,0.812644780355594,0.7736194373746347,-0.03902534298095928,0.013232514177693762,0.007776049766718507,-0.005456464410975254,0.1323251417769376,0.0767236910316226,-0.055601450745315
CONTRASTIVE,MLP,62,0.1,0.01,IID_BALANCED->TEMPLATE_OOD,2116,6832,0.5,0.5,0.812644780355594,0.8138941618197745,0.0012493814641805212,0.013232514177693762,0.0055620608899297425,-0.007670453287764019,0.1323251417769376,0.11475409836065574,-0.017571043416281865
CONTRASTIVE,MLP,62,0.1,0.01,IID_BALANCED->DOMAIN_TEMPLATE_OOD,2116,3708,0.5,0.5,0.812644780355594,0.7643035304912107,-0.04834124986438326,0.013232514177693762,0.008090614886731391,-0.005141899290962371,0.1323251417769376,0.07335490830636461,-0.058970233470572994
CONTRASTIVE,MLP,62,0.1,0.02,IID_BALANCED->TEMPORAL,2116,8000,0.5,0.5,0.812644780355594,0.8123860904966672,-0.0002586898589267417,0.023629489603024575,0.0135,-0.010129489603024575,0.2514177693761815,0.204,-0.0474177693761815
CONTRASTIVE,MLP,62,0.1,0.02,IID_BALANCED->DOMAIN_OOD,2116,3858,0.5,0.5,0.812644780355594,0.7736194373746347,-0.03902534298095928,0.023629489603024575,0.018144116122343183,-0.005485373480681392,0.2514177693761815,0.15863141524105753,-0.09278635413512396
CONTRASTIVE,MLP,62,0.1,0.02,IID_BALANCED->TEMPLATE_OOD,2116,6832,0.5,0.5,0.812644780355594,0.8138941618197745,0.0012493814641805212,0.023629489603024575,0.012587822014051522,-0.011041667588973052,0.2514177693761815,0.2066744730679157,-0.04474329630826579
CONTRASTIVE,MLP,62,0.1,0.02,IID_BALANCED->DOMAIN_TEMPLATE_OOD,2116,3708,0.5,0.5,0.812644780355594,0.7643035304912107,-0.04834124986438326,0.023629489603024575,0.01779935275080906,-0.005830136852215513,0.2514177693761815,0.16235167206040993,-0.08906609731577156
CONTRASTIVE,MLP,62,0.25,0.005,IID_BALANCED->TEMPORAL,2116,8000,0.5,0.5,0.8585153305815928,0.8680854852064264,0.009570154624833571,0.014177693761814745,0.0065,-0.007677693761814745,0.2107750472589792,0.2615,0.05072495274102082
CONTRASTIVE,MLP,62,0.25,0.005,IID_BALANCED->DOMAIN_OOD,2116,3858,0.5,0.5,0.8585153305815928,0.8339482999008877,-0.024567030680705093,0.014177693761814745,0.005702436495593572,-0.008475257266221174,0.2107750472589792,0.1964748574390876,-0.01430018981989159
CONTRASTIVE,MLP,62,0.25,0.005,IID_BALANCED->TEMPLATE_OOD,2116,6832,0.5,0.5,0.8585153305815928,0.8678809869513178,0.009365656369724973,0.014177693761814745,0.0055620608899297425,-0.008615632871885003,0.2107750472589792,0.2681498829039813,0.05737483564500209
CONTRASTIVE,MLP,62,0.25,0.005,IID_BALANCED->DOMAIN_TEMPLATE_OOD,2116,3708,0.5,0.5,0.8585153305815928,0.8252236895640325,-0.033291641017560325,0.014177693761814745,0.005393743257820928,-0.008783950503993818,0.2107750472589792,0.20550161812297735,-0.005273429136001845
CONTRASTIVE,MLP,62,0.25,0.01,IID_BALANCED->TEMPORAL,2116,8000,0.5,0.5,0.8585153305815928,0.8680854852064264,0.009570154624833571,0.01606805293005671,0.007,-0.009068052930056712,0.23534971644612476,0.289,0.053650283553875217
CONTRASTIVE,MLP,62,0.25,0.01,IID_BALANCED->DOMAIN_OOD,2116,3858,0.5,0.5,0.8585153305815928,0.8339482999008877,-0.024567030680705093,0.01606805293005671,0.006220839813374806,-0.009847213116681906,0.23534971644612476,0.2130637636080871,-0.022285952838037665
CONTRASTIVE,MLP,62,0.25,0.01,IID_BALANCED->TEMPLATE_OOD,2116,6832,0.5,0.5,0.8585153305815928,0.8678809869513178,0.009365656369724973,0.01606805293005671,0.00585480093676815,-0.010213251993288562,0.23534971644612476,0.2953747072599532,0.06002499081382842
CONTRASTIVE,MLP,62,0.25,0.01,IID_BALANCED->DOMAIN_TEMPLATE_OOD,2116,3708,0.5,0.5,0.8585153305815928,0.8252236895640325,-0.033291641017560325,0.01606805293005671,0.005933117583603021,-0.01013493534645369,0.23534971644612476,0.2243797195253506,-0.010969996920774161
CONTRASTIVE,MLP,62,0.25,0.02,IID_BALANCED->TEMPORAL,2116,8000,0.5,0.5,0.8585153305815928,0.8680854852064264,0.009570154624833571,0.036862003780718335,0.0215,-0.015362003780718336,0.41871455576559546,0.43775,0.01903544423440451
CONTRASTIVE,MLP,62,0.25,0.02,IID_BALANCED->DOMAIN_OOD,2116,3858,0.5,0.5,0.8585153305815928,0.8339482999008877,-0.024567030680705093,0.036862003780718335,0.022291342664593053,-0.014570661116125282,0.41871455576559546,0.35510627268014516,-0.0636082830854503
CONTRASTIVE,MLP,62,0.25,0.02,IID_BALANCED->TEMPLATE_OOD,2116,6832,0.5,0.5,0.8585153305815928,0.8678809869513178,0.009365656369724973,0.036862003780718335,0.019028103044496487,-0.017833900736221847,0.41871455576559546,0.4332552693208431,0.014540713555247609
CONTRASTIVE,MLP,62,0.25,0.02,IID_BALANCED->DOMAIN_TEMPLATE_OOD,2116,3708,0.5,0.5,0.8585153305815928,0.8252236895640325,-0.033291641017560325,0.036862003780718335,0.021574973031283712,-0.015287030749434622,0.41871455576559546,0.35005393743257823,-0.06866061833301723
CONTRASTIVE,MLP,62,1.0,0.005,IID_BALANCED->TEMPORAL,2116,8000,0.5,0.5,0.8799700522479956,0.8961554977657479,0.01618544551775225,0.014177693761814745,0.00475,-0.009427693761814744,0.22495274102079396,0.2935,0.06854725897920602
CONTRASTIVE,MLP,62,1.0,0.005,IID_BALANCED->DOMAIN_OOD,2116,3858,0.5,0.5,0.8799700522479956,0.866638797518571,-0.013331254729424646,0.014177693761814745,0.0036288232244686366,-0.010548870537346109,0.22495274102079396,0.20943494038361846,-0.015517800637175505
CONTRASTIVE,MLP,62,1.0,0.005,IID_BALANCED->TEMPLATE_OOD,2116,6832,0.5,0.5,0.8799700522479956,0.8955348688921942,0.01556481664419862,0.014177693761814745,0.004391100702576112,-0.009786593059238633,0.22495274102079396,0.29156908665105385,0.0666163456302599
CONTRASTIVE,MLP,62,1.0,0.005,IID_BALANCED->DOMAIN_TEMPLATE_OOD,2116,3708,0.5,0.5,0.8799700522479956,0.8597325748284164,-0.020237477419579264,0.014177693761814745,0.0037756202804746495,-0.010402073481340096,0.22495274102079396,0.215210355987055,-0.009742385033738948
CONTRASTIVE,MLP,62,1.0,0.01,IID_BALANCED->TEMPORAL,2116,8000,0.5,0.5,0.8799700522479956,0.8961554977657479,0.01618544551775225,0.02835538752362949,0.0145,-0.013855387523629489,0.3610586011342155,0.42375,0.06269139886578451
CONTRASTIVE,MLP,62,1.0,0.01,IID_BALANCED->DOMAIN_OOD,2116,3858,0.5,0.5,0.8799700522479956,0.866638797518571,-0.013331254729424646,0.02835538752362949,0.01503369621565578,-0.013321691307973709,0.3610586011342155,0.34110938310005184,-0.019949218034163663
CONTRASTIVE,MLP,62,1.0,0.01,IID_BALANCED->TEMPLATE_OOD,2116,6832,0.5,0.5,0.8799700522479956,0.8955348688921942,0.01556481664419862,0.02835538752362949,0.012587822014051522,-0.015767565509577967,0.3610586011342155,0.41247072599531615,0.05141212486110064
CONTRASTIVE,MLP,62,1.0,0.01,IID_BALANCED->DOMAIN_TEMPLATE_OOD,2116,3708,0.5,0.5,0.8799700522479956,0.8597325748284164,-0.020237477419579264,0.02835538752362949,0.014023732470334413,-0.014331655053295077,0.3610586011342155,0.3290183387270766,-0.03204026240713892
CONTRASTIVE,MLP,62,1.0,0.02,IID_BALANCED->TEMPORAL,2116,8000,0.5,0.5,0.8799700522479956,0.8961554977657479,0.01618544551775225,0.04158790170132325,0.02675,-0.014837901701323254,0.4962192816635161,0.528,0.03178071833648394
CONTRASTIVE,MLP,62,1.0,0.02,IID_BALANCED->DOMAIN_OOD,2116,3858,0.5,0.5,0.8799700522479956,0.866638797518571,-0.013331254729424646,0.04158790170132325,0.025401762571280455,-0.016186139130042798,0.4962192816635161,0.4432348367029549,-0.052984444960561206
CONTRASTIVE,MLP,62,1.0,0.02,IID_BALANCED->TEMPLATE_OOD,2116,6832,0.5,0.5,0.8799700522479956,0.8955348688921942,0.01556481664419862,0.04158790170132325,0.021370023419203747,-0.020217878282119506,0.4962192816635161,0.5114168618266979,0.01519758016318179
CONTRASTIVE,MLP,62,1.0,0.02,IID_BALANCED->DOMAIN_TEMPLATE_OOD,2116,3708,0.5,0.5,0.8799700522479956,0.8597325748284164,-0.020237477419579264,0.04158790170132325,0.023732470334412083,-0.01785543136691117,0.4962192816635161,0.42340884573894283,-0.07281043592457326
CONTRASTIVE,MLP,72,0.1,0.005,IID_BALANCED->TEMPORAL,2116,8000,0.5,0.5,0.8412058068198993,0.834229493955926,-0.006976312863973266,0.006616257088846881,0.0065,-0.00011625708884688106,0.1266540642722117,0.127,0.0003459357277882935
CONTRASTIVE,MLP,72,0.1,0.005,IID_BALANCED->DOMAIN_OOD,2116,3858,0.5,0.5,0.8412058068198993,0.7925326923902565,-0.04867311442964284,0.006616257088846881,0.00673924313115604,0.00012298604230915906,0.1266540642722117,0.06842923794712286,-0.05822482632508885
CONTRASTIVE,MLP,72,0.1,0.005,IID_BALANCED->TEMPLATE_OOD,2116,6832,0.5,0.5,0.8412058068198993,0.8342894953557086,-0.006916311464190694,0.006616257088846881,0.005269320843091335,-0.001346936245755546,0.1266540642722117,0.12353629976580796,-0.0031177645064037474
CONTRASTIVE,MLP,72,0.1,0.005,IID_BALANCED->DOMAIN_TEMPLATE_OOD,2116,3708,0.5,0.5,0.8412058068198993,0.781608076299622,-0.05959773052027728,0.006616257088846881,0.006472491909385114,-0.0001437651794617672,0.1266540642722117,0.06202804746494067,-0.06462601680727104
CONTRASTIVE,MLP,72,0.1,0.01,IID_BALANCED->TEMPORAL,2116,8000,0.5,0.5,0.8412058068198993,0.834229493955926,-0.006976312863973266,0.011342155009451797,0.01,-0.0013421550094517964,0.1767485822306238,0.1745,-0.0022485822306238246
CONTRASTIVE,MLP,72,0.1,0.01,IID_BALANCED->DOMAIN_OOD,2116,3858,0.5,0.5,0.8412058068198993,0.7925326923902565,-0.04867311442964284,0.011342155009451797,0.009849663037843442,-0.0014924919716083548,0.1767485822306238,0.10679108346293416,-0.06995749876768965
CONTRASTIVE,MLP,72,0.1,0.01,IID_BALANCED->TEMPLATE_OOD,2116,6832,0.5,0.5,0.8412058068198993,0.8342894953557086,-0.006916311464190694,0.011342155009451797,0.008782201405152224,-0.0025599536042995724,0.1767485822306238,0.16949648711943793,-0.00725209511118588
CONTRASTIVE,MLP,72,0.1,0.01,IID_BALANCED->DOMAIN_TEMPLATE_OOD,2116,3708,0.5,0.5,0.8412058068198993,0.781608076299622,-0.05959773052027728,0.011342155009451797,0.008629989212513484,-0.002712165796938313,0.1767485822306238,0.10032362459546926,-0.07642495763515456
CONTRASTIVE,MLP,72,0.1,0.02,IID_BALANCED->TEMPORAL,2116,8000,0.5,0.5,0.8412058068198993,0.834229493955926,-0.006976312863973266,0.017013232514177693,0.0145,-0.0025132325141776924,0.2608695652173913,0.23975,-0.021119565217391306
CONTRASTIVE,MLP,72,0.1,0.02,IID_BALANCED->DOMAIN_OOD,2116,3858,0.5,0.5,0.8412058068198993,0.7925326923902565,-0.04867311442964284,0.017013232514177693,0.01658890616899948,-0.0004243263451782116,0.2608695652173913,0.16588906168999482,-0.09498050352739648
CONTRASTIVE,MLP,72,0.1,0.02,IID_BALANCED->TEMPLATE_OOD,2116,6832,0.5,0.5,0.8412058068198993,0.8342894953557086,-0.006916311464190694,0.017013232514177693,0.013466042154566744,-0.003547190359610949,0.2608695652173913,0.2306791569086651,-0.030190408308726185
CONTRASTIVE,MLP,72,0.1,0.02,IID_BALANCED->DOMAIN_TEMPLATE_OOD,2116,3708,0.5,0.5,0.8412058068198993,0.781608076299622,-0.05959773052027728,0.017013232514177693,0.01564185544768069,-0.0013713770664970024,0.2608695652173913,0.1483279395900755,-0.11254162562731579
CONTRASTIVE,MLP,72,0.25,0.005,IID_BALANCED->TEMPORAL,2116,8000,0.5,0.5,0.8560812918689858,0.8683847932890226,0.012303501420036778,0.006616257088846881,0.0035,-0.0031162570888468807,0.12948960302457466,0.1045,-0.02498960302457466
CONTRASTIVE,MLP,72,0.25,0.005,IID_BALANCED->DOMAIN_OOD,2116,3858,0.5,0.5,0.8560812918689858,0.8308823628551516,-0.025198929013834248,0.006616257088846881,0.005702436495593572,-0.0009138205932533085,0.12948960302457466,0.06998444790046657,-0.05950515512410809
CONTRASTIVE,MLP,72,0.25,0.005,IID_BALANCED->TEMPLATE_OOD,2116,6832,0.5,0.5,0.8560812918689858,0.8702607291626663,0.01417943729368043,0.006616257088846881,0.00351288056206089,-0.003103376526785991,0.12948960302457466,0.09982435597189696,-0.0296652470526777
CONTRASTIVE,MLP,72,0.25,0.005,IID_BALANCED->DOMAIN_TEMPLATE_OOD,2116,3708,0.5,0.5,0.8560812918689858,0.8237199104803565,-0.03236138138862932,0.006616257088846881,0.005393743257820928,-0.0012225138310259526,0.12948960302457466,0.059870550161812294,-0.06961905286276236
CONTRASTIVE,MLP,72,0.25,0.01,IID_BALANCED->TEMPORAL,2116,8000,0.5,0.5,0.8560812918689858,0.8683847932890226,0.012303501420036778,0.017958412098298678,0.01125,-0.006708412098298679,0.26937618147448017,0.2625,-0.006876181474480159
CONTRASTIVE,MLP,72,0.25,0.01,IID_BALANCED->DOMAIN_OOD,2116,3858,0.5,0.5,0.8560812918689858,0.8308823628551516,-0.025198929013834248,0.017958412098298678,0.01347848626231208,-0.004479925835986599,0.26937618147448017,0.1824779678589943,-0.08689821361548586
CONTRASTIVE,MLP,72,0.25,0.01,IID_BALANCED->TEMPLATE_OOD,2116,6832,0.5,0.5,0.8560812918689858,0.8702607291626663,0.01417943729368043,0.017958412098298678,0.009074941451990632,-0.008883470646308046,0.26937618147448017,0.24882903981264637,-0.0205471416618338
CONTRASTIVE,MLP,72,0.25,0.01,IID_BALANCED->DOMAIN_TEMPLATE_OOD,2116,3708,0.5,0.5,0.8560812918689858,0.8237199104803565,-0.03236138138862932,0.017958412098298678,0.012405609492988134,-0.005552802605310544,0.26937618147448017,0.16666666666666666,-0.10270951480781351
CONTRASTIVE,MLP,72,0.25,0.02,IID_BALANCED->TEMPORAL,2116,8000,0.5,0.5,0.8560812918689858,0.8683847932890226,0.012303501420036778,0.027410207939508508,0.0195,-0.007910207939508508,0.34026465028355385,0.36025,0.019985349716446166
CONTRASTIVE,MLP,72,0.25,0.02,IID_BALANCED->DOMAIN_OOD,2116,3858,0.5,0.5,0.8560812918689858,0.8308823628551516,-0.025198929013834248,0.027410207939508508,0.022291342664593053,-0.005118865274915455,0.34026465028355385,0.2820114048729912,-0.05825324541056265
CONTRASTIVE,MLP,72,0.25,0.02,IID_BALANCED->TEMPLATE_OOD,2116,6832,0.5,0.5,0.8560812918689858,0.8702607291626663,0.01417943729368043,0.027410207939508508,0.015515222482435597,-0.011894985457072911,0.34026465028355385,0.3457259953161593,0.005461345032605425
CONTRASTIVE,MLP,72,0.25,0.02,IID_BALANCED->DOMAIN_TEMPLATE_OOD,2116,3708,0.5,0.5,0.8560812918689858,0.8237199104803565,-0.03236138138862932,0.027410207939508508,0.019956850053937433,-0.0074533578855710755,0.34026465028355385,0.2551240560949299,-0.08514059418862396
CONTRASTIVE,MLP,72,1.0,0.005,IID_BALANCED->TEMPORAL,2116,8000,0.5,0.5,0.879578053929792,0.8926565745659827,0.013078520636190638,0.007561436672967864,0.006,-0.001561436672967864,0.2448015122873346,0.26375,0.018948487712665385
CONTRASTIVE,MLP,72,1.0,0.005,IID_BALANCED->DOMAIN_OOD,2116,3858,0.5,0.5,0.879578053929792,0.8526005745005969,-0.02697747942919515,0.007561436672967864,0.004665629860031105,-0.0028958068129367595,0.2448015122873346,0.16329704510108864,-0.08150446718624596
CONTRASTIVE,MLP,72,1.0,0.005,IID_BALANCED->TEMPLATE_OOD,2116,6832,0.5,0.5,0.879578053929792,0.8933361577665259,0.013758103836733815,0.007561436672967864,0.004098360655737705,-0.003463076017230159,0.2448015122873346,0.2508782201405152,0.006076707853180596
CONTRASTIVE,MLP,72,1.0,0.005,IID_BALANCED->DOMAIN_TEMPLATE_OOD,2116,3708,0.5,0.5,0.879578053929792,0.8428125298427696,-0.036765524087022494,0.007561436672967864,0.0048543689320388345,-0.0027070677409290296,0.2448015122873346,0.14563106796116504,-0.09917044432616956
CONTRASTIVE,MLP,72,1.0,0.01,IID_BALANCED->TEMPORAL,2116,8000,0.5,0.5,0.879578053929792,0.8926565745659827,0.013078520636190638,0.020793950850661626,0.01575,-0.005043950850661626,0.3780718336483932,0.3805,0.0024281663516068086
CONTRASTIVE,MLP,72,1.0,0.01,IID_BALANCED->DOMAIN_OOD,2116,3858,0.5,0.5,0.879578053929792,0.8526005745005969,-0.02697747942919515,0.020793950850661626,0.01658890616899948,-0.004205044681662145,0.3780718336483932,0.26490409538621046,-0.11316773826218274
CONTRASTIVE,MLP,72,1.0,0.01,IID_BALANCED->TEMPLATE_OOD,2116,6832,0.5,0.5,0.879578053929792,0.8933361577665259,0.013758103836733815,0.020793950850661626,0.012587822014051522,-0.008206128836610104,0.3780718336483932,0.36621779859484777,-0.01185403505354543
CONTRASTIVE,MLP,72,1.0,0.01,IID_BALANCED->DOMAIN_TEMPLATE_OOD,2116,3708,0.5,0.5,0.879578053929792,0.8428125298427696,-0.036765524087022494,0.020793950850661626,0.016181229773462782,-0.004612721077198845,0.3780718336483932,0.24271844660194175,-0.13535338704645145
CONTRASTIVE,MLP,72,1.0,0.02,IID_BALANCED->TEMPORAL,2116,8000,0.5,0.5,0.879578053929792,0.8926565745659827,0.013078520636190638,0.0330812854442344,0.02375,-0.009331285444234401,0.45652173913043476,0.46725,0.010728260869565243
CONTRASTIVE,MLP,72,1.0,0.02,IID_BALANCED->DOMAIN_OOD,2116,3858,0.5,0.5,0.879578053929792,0.8526005745005969,-0.02697747942919515,0.0330812854442344,0.024883359253499222,-0.008197926190735179,0.45652173913043476,0.35044064282011406,-0.1060810963103207
CONTRASTIVE,MLP,72,1.0,0.02,IID_BALANCED->TEMPLATE_OOD,2116,6832,0.5,0.5,0.879578053929792,0.8933361577665259,0.013758103836733815,0.0330812854442344,0.02019906323185012,-0.012882222212384283,0.45652173913043476,0.44994145199063235,-0.00658028713980241
CONTRASTIVE,MLP,72,1.0,0.02,IID_BALANCED->DOMAIN_TEMPLATE_OOD,2116,3708,0.5,0.5,0.879578053929792,0.8428125298427696,-0.036765524087022494,0.0330812854442344,0.024271844660194174,-0.008809440784040227,0.45652173913043476,0.325782092772384,-0.13073964635805074
CONTRASTIVE,MLP,82,0.1,0.005,IID_BALANCED->TEMPORAL,2116,8000,0.5,0.5,0.8443463203727675,0.8259007874649719,-0.018445532907795603,0.006616257088846881,0.006,-0.0006162570888468806,0.17296786389413987,0.2,0.02703213610586014
CONTRASTIVE,MLP,82,0.1,0.005,IID_BALANCED->DOMAIN_OOD,2116,3858,0.5,0.5,0.8443463203727675,0.7779827679074933,-0.06636355246527414,0.006616257088846881,0.007257646448937273,0.0006413893600903924,0.17296786389413987,0.10523587350959046,-0.06773199038454941
CONTRASTIVE,MLP,82,0.1,0.005,IID_BALANCED->TEMPLATE_OOD,2116,6832,0.5,0.5,0.8443463203727675,0.8318782712084326,-0.01246804916433486,0.006616257088846881,0.0055620608899297425,-0.0010541961989171383,0.17296786389413987,0.20784543325526933,0.03487756936112946
CONTRASTIVE,MLP,82,0.1,0.005,IID_BALANCED->DOMAIN_TEMPLATE_OOD,2116,3708,0.5,0.5,0.8443463203727675,0.7737568973169286,-0.07058942305583882,0.006616257088846881,0.007551240560949299,0.0009349834721024183,0.17296786389413987,0.10571736785329018,-0.06725049604084969
CONTRASTIVE,MLP,82,0.1,0.01,IID_BALANCED->TEMPORAL,2116,8000,0.5,0.5,0.8443463203727675,0.8259007874649719,-0.018445532907795603,0.014177693761814745,0.00975,-0.004427693761814745,0.22400756143667297,0.23375,0.009742438563327044
CONTRASTIVE,MLP,82,0.1,0.01,IID_BALANCED->DOMAIN_OOD,2116,3858,0.5,0.5,0.8443463203727675,0.7779827679074933,-0.06636355246527414,0.014177693761814745,0.011404872991187144,-0.0027728207706276004,0.22400756143667297,0.1290824261275272,-0.09492513530914576
CONTRASTIVE,MLP,82,0.1,0.01,IID_BALANCED->TEMPLATE_OOD,2116,6832,0.5,0.5,0.8443463203727675,0.8318782712084326,-0.01246804916433486,0.014177693761814745,0.009074941451990632,-0.005102752309824113,0.22400756143667297,0.24092505854800936,0.016917497111336388
CONTRASTIVE,MLP,82,0.1,0.01,IID_BALANCED->DOMAIN_TEMPLATE_OOD,2116,3708,0.5,0.5,0.8443463203727675,0.7737568973169286,-0.07058942305583882,0.014177693761814745,0.011326860841423949,-0.002850832920390796,0.22400756143667297,0.13160733549083065,-0.09240022594584232
CONTRASTIVE,MLP,82,0.1,0.02,IID_BALANCED->TEMPORAL,2116,8000,0.5,0.5,0.8443463203727675,0.8259007874649719,-0.018445532907795603,0.0330812854442344,0.02125,-0.0118312854442344,0.32419659735349715,0.30375,-0.02044659735349713
CONTRASTIVE,MLP,82,0.1,0.02,IID_BALANCED->DOMAIN_OOD,2116,3858,0.5,0.5,0.8443463203727675,0.7779827679074933,-0.06636355246527414,0.0330812854442344,0.023846552617936754,-0.009234732826297647,0.32419659735349715,0.19491964748574392,-0.12927694986775323
CONTRASTIVE,MLP,82,0.1,0.02,IID_BALANCED->TEMPLATE_OOD,2116,6832,0.5,0.5,0.8443463203727675,0.8318782712084326,-0.01246804916433486,0.0330812854442344,0.019613583138173303,-0.013467702306061098,0.32419659735349715,0.3088407494145199,-0.015355847938977263
CONTRASTIVE,MLP,82,0.1,0.02,IID_BALANCED->DOMAIN_TEMPLATE_OOD,2116,3708,0.5,0.5,0.8443463203727675,0.7737568973169286,-0.07058942305583882,0.0330812854442344,0.02319309600862999,-0.009888189435604412,0.32419659735349715,0.19633225458468176,-0.1278643427688154
CONTRASTIVE,MLP,82,0.25,0.005,IID_BALANCED->TEMPORAL,2116,8000,0.5,0.5,0.8633805206191119,0.8681150768639436,0.004734556244831767,0.007561436672967864,0.006,-0.001561436672967864,0.18052930056710775,0.23975,0.05922069943289224
CONTRASTIVE,MLP,82,0.25,0.005,IID_BALANCED->DOMAIN_OOD,2116,3858,0.5,0.5,0.8633805206191119,0.8371085917636363,-0.02627192885547558,0.007561436672967864,0.005702436495593572,-0.0018590001773742919,0.18052930056710775,0.1472265422498704,-0.03330275831723736
CONTRASTIVE,MLP,82,0.25,0.005,IID_BALANCED->TEMPLATE_OOD,2116,6832,0.5,0.5,0.8633805206191119,0.8709623485545449,0.00758182793543305,0.007561436672967864,0.005269320843091335,-0.0022921158298765294,0.18052930056710775,0.24795081967213115,0.06742151910502339
CONTRASTIVE,MLP,82,0.25,0.005,IID_BALANCED->DOMAIN_TEMPLATE_OOD,2116,3708,0.5,0.5,0.8633805206191119,0.8330919247744324,-0.030288595844679467,0.007561436672967864,0.005933117583603021,-0.0016283190893648433,0.18052930056710775,0.1499460625674218,-0.030583237999685958
CONTRASTIVE,MLP,82,0.25,0.01,IID_BALANCED->TEMPORAL,2116,8000,0.5,0.5,0.8633805206191119,0.8681150768639436,0.004734556244831767,0.012287334593572778,0.0095,-0.0027873345935727784,0.2580340264650284,0.3005,0.04246597353497161
CONTRASTIVE,MLP,82,0.25,0.01,IID_BALANCED->DOMAIN_OOD,2116,3858,0.5,0.5,0.8633805206191119,0.8371085917636363,-0.02627192885547558,0.012287334593572778,0.007257646448937273,-0.005029688144635505,0.2580340264650284,0.19543805080352514,-0.06259597566150324
CONTRASTIVE,MLP,82,0.25,0.01,IID_BALANCED->TEMPLATE_OOD,2116,6832,0.5,0.5,0.8633805206191119,0.8709623485545449,0.00758182793543305,0.012287334593572778,0.007903981264637002,-0.004383353328935776,0.2580340264650284,0.3088407494145199,0.05080672294949151
CONTRASTIVE,MLP,82,0.25,0.01,IID_BALANCED->DOMAIN_TEMPLATE_OOD,2116,3708,0.5,0.5,0.8633805206191119,0.8330919247744324,-0.030288595844679467,0.012287334593572778,0.007011866235167206,-0.005275468358405572,0.2580340264650284,0.20550161812297735,-0.05253240834205103
CONTRASTIVE,MLP,82,0.25,0.02,IID_BALANCED->TEMPORAL,2116,8000,0.5,0.5,0.8633805206191119,0.8681150768639436,0.004734556244831767,0.02551984877126654,0.0215,-0.004019848771266543,0.3610586011342155,0.3835,0.0224413988657845
CONTRASTIVE,MLP,82,0.25,0.02,IID_BALANCED->DOMAIN_OOD,2116,3858,0.5,0.5,0.8633805206191119,0.8371085917636363,-0.02627192885547558,0.02551984877126654,0.017107309486780714,-0.008412539284485827,0.3610586011342155,0.272680145152929,-0.08837845598128652
CONTRASTIVE,MLP,82,0.25,0.02,IID_BALANCED->TEMPLATE_OOD,2116,6832,0.5,0.5,0.8633805206191119,0.8709623485545449,0.00758182793543305,0.02551984877126654,0.018442622950819672,-0.00707722582044687,0.3610586011342155,0.3867096018735363,0.025651000739320806
CONTRASTIVE,MLP,82,0.25,0.02,IID_BALANCED->DOMAIN_TEMPLATE_OOD,2116,3708,0.5,0.5,0.8633805206191119,0.8330919247744324,-0.030288595844679467,0.02551984877126654,0.01564185544768069,-0.00987799332358585,0.3610586011342155,0.27885652642934194,-0.08220207470487356
CONTRASTIVE,MLP,82,1.0,0.005,IID_BALANCED->TEMPORAL,2116,8000,0.5,0.5,0.8926369113337584,0.8966471817492311,0.004010270415472639,0.006616257088846881,0.004,-0.0026162570888468807,0.2523629489603025,0.24775,-0.004612948960302482
CONTRASTIVE,MLP,82,1.0,0.005,IID_BALANCED->DOMAIN_OOD,2116,3858,0.5,0.5,0.8926369113337584,0.8578395072267172,-0.03479740410704124,0.006616257088846881,0.00414722654224987,-0.0024690305465970104,0.2523629489603025,0.14204250907205807,-0.11032043988824441
CONTRASTIVE,MLP,82,1.0,0.005,IID_BALANCED->TEMPLATE_OOD,2116,6832,0.5,0.5,0.8926369113337584,0.8958285739448453,0.003191662611086832,0.006616257088846881,0.0032201405152224825,-0.0033961165736243982,0.2523629489603025,0.2535128805620609,0.0011499316017584138
CONTRASTIVE,MLP,82,1.0,0.005,IID_BALANCED->DOMAIN_TEMPLATE_OOD,2116,3708,0.5,0.5,0.8926369113337584,0.8553876937285273,-0.037249217605231144,0.006616257088846881,0.0037756202804746495,-0.0028406368083722312,0.2523629489603025,0.1418554476806904,-0.11050750127961209
CONTRASTIVE,MLP,82,1.0,0.01,IID_BALANCED->TEMPORAL,2116,8000,0.5,0.5,0.8926369113337584,0.8966471817492311,0.004010270415472639,0.013232514177693762,0.01075,-0.0024825141776937624,0.3601134215500945,0.34475,-0.015363421550094514
CONTRASTIVE,MLP,82,1.0,0.01,IID_BALANCED->DOMAIN_OOD,2116,3858,0.5,0.5,0.8926369113337584,0.8578395072267172,-0.03479740410704124,0.013232514177693762,0.011923276308968377,-0.0013092378687253846,0.3601134215500945,0.22757905650596164,-0.13253436504413288
CONTRASTIVE,MLP,82,1.0,0.01,IID_BALANCED->TEMPLATE_OOD,2116,6832,0.5,0.5,0.8926369113337584,0.8958285739448453,0.003191662611086832,0.013232514177693762,0.00936768149882904,-0.0038648326788647217,0.3601134215500945,0.34894613583138173,-0.011167285718712783
CONTRASTIVE,MLP,82,1.0,0.01,IID_BALANCED->DOMAIN_TEMPLATE_OOD,2116,3708,0.5,0.5,0.8926369113337584,0.8553876937285273,-0.037249217605231144,0.013232514177693762,0.010787486515641856,-0.0024450276620519053,0.3601134215500945,0.23516720604099245,-0.12494621550910207
CONTRASTIVE,MLP,82,1.0,0.02,IID_BALANCED->TEMPORAL,2116,8000,0.5,0.5,0.8926369113337584,0.8966471817492311,0.004010270415472639,0.02551984877126654,0.01725,-0.00826984877126654,0.43005671077504726,0.4185,-0.011556710775047274
CONTRASTIVE,MLP,82,1.0,0.02,IID_BALANCED->DOMAIN_OOD,2116,3858,0.5,0.5,0.8926369113337584,0.8578395072267172,-0.03479740410704124,0.02551984877126654,0.01918092275790565,-0.0063389260133608905,0.43005671077504726,0.30274753758424056,-0.1273091731908067
CONTRASTIVE,MLP,82,1.0,0.02,IID_BALANCED->TEMPLATE_OOD,2116,6832,0.5,0.5,0.8926369113337584,0.8958285739448453,0.003191662611086832,0.02551984877126654,0.015515222482435597,-0.010004626288830944,0.43005671077504726,0.41861826697892274,-0.01143844379612452
CONTRASTIVE,MLP,82,1.0,0.02,IID_BALANCED->DOMAIN_TEMPLATE_OOD,2116,3708,0.5,0.5,0.8926369113337584,0.8553876937285273,-0.037249217605231144,0.02551984877126654,0.017259978425026967,-0.008259870346239574,0.43005671077504726,0.30528586839266453,-0.12477084238238273
CONTRASTIVE,XGBOOST,42,0.1,0.005,IID_BALANCED->TEMPORAL,2116,8000,0.5,0.5,0.8107757450371089,0.8361877752091628,0.025412030172053846,0.004725897920604915,0.00225,-0.002475897920604915,0.09829867674858223,0.0895,-0.00879867674858223
CONTRASTIVE,XGBOOST,42,0.1,0.005,IID_BALANCED->DOMAIN_OOD,2116,3858,0.5,0.5,0.8107757450371089,0.7988854037897182,-0.011890341247390745,0.004725897920604915,0.003110419906687403,-0.0016154780139175122,0.09829867674858223,0.06013478486262312,-0.0381638918859591
CONTRASTIVE,XGBOOST,42,0.1,0.005,IID_BALANCED->TEMPLATE_OOD,2116,6832,0.5,0.5,0.8107757450371089,0.8327292439824844,0.02195349894537546,0.004725897920604915,0.00234192037470726,-0.002383977545897655,0.09829867674858223,0.08635831381733021,-0.011940362931252016
CONTRASTIVE,XGBOOST,42,0.1,0.005,IID_BALANCED->DOMAIN_TEMPLATE_OOD,2116,3708,0.5,0.5,0.8107757450371089,0.7873499788848858,-0.023425766152223138,0.004725897920604915,0.002696871628910464,-0.002029026291694451,0.09829867674858223,0.05070118662351672,-0.047597490125065506
CONTRASTIVE,XGBOOST,42,0.1,0.01,IID_BALANCED->TEMPORAL,2116,8000,0.5,0.5,0.8107757450371089,0.8361877752091628,0.025412030172053846,0.014177693761814745,0.0065,-0.007677693761814745,0.17107750472589792,0.1535,-0.01757750472589792
CONTRASTIVE,XGBOOST,42,0.1,0.01,IID_BALANCED->DOMAIN_OOD,2116,3858,0.5,0.5,0.8107757450371089,0.7988854037897182,-0.011890341247390745,0.014177693761814745,0.007776049766718507,-0.0064016439950962374,0.17107750472589792,0.11301192327630896,-0.058065581449588954
CONTRASTIVE,XGBOOST,42,0.1,0.01,IID_BALANCED->TEMPLATE_OOD,2116,6832,0.5,0.5,0.8107757450371089,0.8327292439824844,0.02195349894537546,0.014177693761814745,0.00702576112412178,-0.007151932637692965,0.17107750472589792,0.15076112412177986,-0.020316380604118056
CONTRASTIVE,XGBOOST,42,0.1,0.01,IID_BALANCED->DOMAIN_TEMPLATE_OOD,2116,3708,0.5,0.5,0.8107757450371089,0.7873499788848858,-0.023425766152223138,0.014177693761814745,0.007551240560949299,-0.006626453200865446,0.17107750472589792,0.09924487594390508,-0.07183262878199284
CONTRASTIVE,XGBOOST,42,0.1,0.02,IID_BALANCED->TEMPORAL,2116,8000,0.5,0.5,0.8107757450371089,0.8361877752091628,0.025412030172053846,0.017958412098298678,0.0125,-0.0054584120982986775,0.22873345935727787,0.20675,-0.021983459357277885
CONTRASTIVE,XGBOOST,42,0.1,0.02,IID_BALANCED->DOMAIN_OOD,2116,3858,0.5,0.5,0.8107757450371089,0.7988854037897182,-0.011890341247390745,0.017958412098298678,0.01347848626231208,-0.004479925835986599,0.22873345935727787,0.16381544841886989,-0.06491801093840799
CONTRASTIVE,XGBOOST,42,0.1,0.02,IID_BALANCED->TEMPLATE_OOD,2116,6832,0.5,0.5,0.8107757450371089,0.8327292439824844,0.02195349894537546,0.017958412098298678,0.012587822014051522,-0.005370590084247156,0.22873345935727787,0.20081967213114754,-0.027913787226130332
CONTRASTIVE,XGBOOST,42,0.1,0.02,IID_BALANCED->DOMAIN_TEMPLATE_OOD,2116,3708,0.5,0.5,0.8107757450371089,0.7873499788848858,-0.023425766152223138,0.017958412098298678,0.01348435814455232,-0.004474053953746358,0.22873345935727787,0.1413160733549083,-0.08741738600236956
CONTRASTIVE,XGBOOST,42,0.25,0.005,IID_BALANCED->TEMPORAL,2116,8000,0.5,0.5,0.84663114012523,0.8697488108756875,0.023117670750457453,0.008506616257088847,0.00375,-0.004756616257088847,0.14839319470699433,0.184,0.03560680529300567
CONTRASTIVE,XGBOOST,42,0.25,0.005,IID_BALANCED->DOMAIN_OOD,2116,3858,0.5,0.5,0.84663114012523,0.8293680109665564,-0.017263129158673562,0.008506616257088847,0.00414722654224987,-0.004359389714838976,0.14839319470699433,0.10782789009849664,-0.04056530460849769
CONTRASTIVE,XGBOOST,42,0.25,0.005,IID_BALANCED->TEMPLATE_OOD,2116,6832,0.5,0.5,0.84663114012523,0.8669380482052752,0.020306908080045205,0.008506616257088847,0.00351288056206089,-0.004993735695027956,0.14839319470699433,0.1864754098360656,0.038082215129071256
CONTRASTIVE,XGBOOST,42,0.25,0.005,IID_BALANCED->DOMAIN_TEMPLATE_OOD,2116,3708,0.5,0.5,0.84663114012523,0.8217936412876471,-0.024837498837582905,0.008506616257088847,0.0037756202804746495,-0.0047309959766141975,0.14839319470699433,0.10571736785329018,-0.04267582685370415
CONTRASTIVE,XGBOOST,42,0.25,0.01,IID_BALANCED->TEMPORAL,2116,8000,0.5,0.5,0.84663114012523,0.8697488108756875,0.023117670750457453,0.00945179584120983,0.006,-0.0034517958412098298,0.1824196597353497,0.2075,0.02508034026465028
CONTRASTIVE,XGBOOST,42,0.25,0.01,IID_BALANCED->DOMAIN_OOD,2116,3858,0.5,0.5,0.84663114012523,0.8293680109665564,-0.017263129158673562,0.00945179584120983,0.006220839813374806,-0.0032309560278350243,0.1824196597353497,0.1290824261275272,-0.0533372336078225
CONTRASTIVE,XGBOOST,42,0.25,0.01,IID_BALANCED->TEMPLATE_OOD,2116,6832,0.5,0.5,0.84663114012523,0.8669380482052752,0.020306908080045205,0.00945179584120983,0.0055620608899297425,-0.0038897349512800874,0.1824196597353497,0.21135831381733022,0.028938654081980514
CONTRASTIVE,XGBOOST,42,0.25,0.01,IID_BALANCED->DOMAIN_TEMPLATE_OOD,2116,3708,0.5,0.5,0.84663114012523,0.8217936412876471,-0.024837498837582905,0.00945179584120983,0.005393743257820928,-0.004058052583388902,0.1824196597353497,0.12459546925566344,-0.057824190479686274
CONTRASTIVE,XGBOOST,42,0.25,0.02,IID_BALANCED->TEMPORAL,2116,8000,0.5,0.5,0.84663114012523,0.8697488108756875,0.023117670750457453,0.021739130434782608,0.01525,-0.006489130434782608,0.27599243856332706,0.3075,0.03150756143667294
CONTRASTIVE,XGBOOST,42,0.25,0.02,IID_BALANCED->DOMAIN_OOD,2116,3858,0.5,0.5,0.84663114012523,0.8293680109665564,-0.017263129158673562,0.021739130434782608,0.017107309486780714,-0.004631820948001894,0.27599243856332706,0.22757905650596164,-0.04841338205736542
CONTRASTIVE,XGBOOST,42,0.25,0.02,IID_BALANCED->TEMPLATE_OOD,2116,6832,0.5,0.5,0.84663114012523,0.8669380482052752,0.020306908080045205,0.021739130434782608,0.014344262295081968,-0.007394868139700641,0.27599243856332706,0.3085480093676815,0.03255557080435445
CONTRASTIVE,XGBOOST,42,0.25,0.02,IID_BALANCED->DOMAIN_TEMPLATE_OOD,2116,3708,0.5,0.5,0.84663114012523,0.8217936412876471,-0.024837498837582905,0.021739130434782608,0.016181229773462782,-0.005557900661319826,0.27599243856332706,0.21844660194174756,-0.0575458366215795
CONTRASTIVE,XGBOOST,42,1.0,0.005,IID_BALANCED->TEMPORAL,2116,8000,0.5,0.5,0.8718891954363615,0.8833332474920208,0.011444052055659348,0.003780718336483932,0.00275,-0.0010307183364839322,0.15595463137996218,0.1625,0.0065453686200378225
CONTRASTIVE,XGBOOST,42,1.0,0.005,IID_BALANCED->DOMAIN_OOD,2116,3858,0.5,0.5,0.8718891954363615,0.8444085545405939,-0.027480640895767516,0.003780718336483932,0.002592016588906169,-0.001188701747577763,0.15595463137996218,0.09331259720062209,-0.0626420341793401
CONTRASTIVE,XGBOOST,42,1.0,0.005,IID_BALANCED->TEMPLATE_OOD,2116,6832,0.5,0.5,0.8718891954363615,0.8829338144122586,0.011044618975897147,0.003780718336483932,0.0026346604215456673,-0.0011460579149382647,0.15595463137996218,0.16334894613583137,0.007394314755869186
CONTRASTIVE,XGBOOST,42,1.0,0.005,IID_BALANCED->DOMAIN_TEMPLATE_OOD,2116,3708,0.5,0.5,0.8718891954363615,0.8391582450824123,-0.03273095035394913,0.003780718336483932,0.002157497303128371,-0.0016232210333555611,0.15595463137996218,0.08845738942826321,-0.06749724195169897
CONTRASTIVE,XGBOOST,42,1.0,0.01,IID_BALANCED->TEMPORAL,2116,8000,0.5,0.5,0.8718891954363615,0.8833332474920208,0.011444052055659348,0.011342155009451797,0.01,-0.0013421550094517964,0.31190926275992437,0.2955,-0.01640926275992438
CONTRASTIVE,XGBOOST,42,1.0,0.01,IID_BALANCED->DOMAIN_OOD,2116,3858,0.5,0.5,0.8718891954363615,0.8444085545405939,-0.027480640895767516,0.011342155009451797,0.010368066355624676,-0.0009740886538271206,0.31190926275992437,0.2042509072058061,-0.10765835555411826
CONTRASTIVE,XGBOOST,42,1.0,0.01,IID_BALANCED->TEMPLATE_OOD,2116,6832,0.5,0.5,0.8718891954363615,0.8829338144122586,0.011044618975897147,0.011342155009451797,0.00936768149882904,-0.0019744735106227568,0.31190926275992437,0.29098360655737704,-0.020925656202547327
CONTRASTIVE,XGBOOST,42,1.0,0.01,IID_BALANCED->DOMAIN_TEMPLATE_OOD,2116,3708,0.5,0.5,0.8718891954363615,0.8391582450824123,-0.03273095035394913,0.011342155009451797,0.010248112189859764,-0.001094042819592033,0.31190926275992437,0.1925566343042071,-0.11935262845571726
CONTRASTIVE,XGBOOST,42,1.0,0.02,IID_BALANCED->TEMPORAL,2116,8000,0.5,0.5,0.8718891954363615,0.8833332474920208,0.011444052055659348,0.030245746691871456,0.01775,-0.012495746691871458,0.38657844990548207,0.3755,-0.011078449905482068
CONTRASTIVE,XGBOOST,42,1.0,0.02,IID_BALANCED->DOMAIN_OOD,2116,3858,0.5,0.5,0.8718891954363615,0.8444085545405939,-0.027480640895767516,0.030245746691871456,0.017107309486780714,-0.013138437205090742,0.38657844990548207,0.28408501814411613,-0.10249343176136594
CONTRASTIVE,XGBOOST,42,1.0,0.02,IID_BALANCED->TEMPLATE_OOD,2116,6832,0.5,0.5,0.8718891954363615,0.8829338144122586,0.011044618975897147,0.030245746691871456,0.015515222482435597,-0.01473052420943586,0.38657844990548207,0.36621779859484777,-0.020360651310634303
CONTRASTIVE,XGBOOST,42,1.0,0.02,IID_BALANCED->DOMAIN_TEMPLATE_OOD,2116,3708,0.5,0.5,0.8718891954363615,0.8391582450824123,-0.03273095035394913,0.030245746691871456,0.01564185544768069,-0.014603891244190766,0.38657844990548207,0.26105717367853293,-0.12552127622694914
CONTRASTIVE,XGBOOST,52,0.1,0.005,IID_BALANCED->TEMPORAL,2116,8000,0.5,0.5,0.8113295074161863,0.8388952846138729,0.027565777197686603,0.00945179584120983,0.004,-0.00545179584120983,0.10396975425330812,0.14275,0.038780245746691866
CONTRASTIVE,XGBOOST,52,0.1,0.005,IID_BALANCED->DOMAIN_OOD,2116,3858,0.5,0.5,0.8113295074161863,0.7997970455234621,-0.011532461892724166,0.00945179584120983,0.003110419906687403,-0.006341375934522427,0.10396975425330812,0.07568688439606014,-0.028282869857247983
CONTRASTIVE,XGBOOST,52,0.1,0.005,IID_BALANCED->TEMPLATE_OOD,2116,6832,0.5,0.5,0.8113295074161863,0.842407343271328,0.03107783585514179,0.00945179584120983,0.00351288056206089,-0.0059389152791489395,0.10396975425330812,0.1411007025761124,0.03713094832280428
CONTRASTIVE,XGBOOST,52,0.1,0.005,IID_BALANCED->DOMAIN_TEMPLATE_OOD,2116,3708,0.5,0.5,0.8113295074161863,0.7934749956700451,-0.017854511746141166,0.00945179584120983,0.002696871628910464,-0.006754924212299366,0.10396975425330812,0.06850053937432578,-0.035469214878982344
CONTRASTIVE,XGBOOST,52,0.1,0.01,IID_BALANCED->TEMPORAL,2116,8000,0.5,0.5,0.8113295074161863,0.8388952846138729,0.027565777197686603,0.01984877126654064,0.008,-0.011848771266540641,0.16540642722117202,0.18975,0.024343572778827982
CONTRASTIVE,XGBOOST,52,0.1,0.01,IID_BALANCED->DOMAIN_OOD,2116,3858,0.5,0.5,0.8113295074161863,0.7997970455234621,-0.011532461892724166,0.01984877126654064,0.00933125972006221,-0.010517511546478432,0.16540642722117202,0.11560393986521514,-0.04980248735595688
CONTRASTIVE,XGBOOST,52,0.1,0.01,IID_BALANCED->TEMPLATE_OOD,2116,6832,0.5,0.5,0.8113295074161863,0.842407343271328,0.03107783585514179,0.01984877126654064,0.006440281030444965,-0.013408490236095676,0.16540642722117202,0.18559718969555036,0.020190762474378343
CONTRASTIVE,XGBOOST,52,0.1,0.01,IID_BALANCED->DOMAIN_TEMPLATE_OOD,2116,3708,0.5,0.5,0.8113295074161863,0.7934749956700451,-0.017854511746141166,0.01984877126654064,0.008090614886731391,-0.01175815637980925,0.16540642722117202,0.09816612729234088,-0.06724029992883114
CONTRASTIVE,XGBOOST,52,0.1,0.02,IID_BALANCED->TEMPORAL,2116,8000,0.5,0.5,0.8113295074161863,0.8388952846138729,0.027565777197686603,0.03213610586011342,0.0175,-0.014636105860113421,0.2646502835538752,0.28875,0.024099716446124797
CONTRASTIVE,XGBOOST,52,0.1,0.02,IID_BALANCED->DOMAIN_OOD,2116,3858,0.5,0.5,0.8113295074161863,0.7997970455234621,-0.011532461892724166,0.03213610586011342,0.01658890616899948,-0.015547199691113942,0.2646502835538752,0.21202695697252463,-0.05262332658135058
CONTRASTIVE,XGBOOST,52,0.1,0.02,IID_BALANCED->TEMPLATE_OOD,2116,6832,0.5,0.5,0.8113295074161863,0.842407343271328,0.03107783585514179,0.03213610586011342,0.014929742388758781,-0.01720636347135464,0.2646502835538752,0.27898126463700235,0.014330981083127137
CONTRASTIVE,XGBOOST,52,0.1,0.02,IID_BALANCED->DOMAIN_TEMPLATE_OOD,2116,3708,0.5,0.5,0.8113295074161863,0.7934749956700451,-0.017854511746141166,0.03213610586011342,0.015102481121898598,-0.017033624738214827,0.2646502835538752,0.1925566343042071,-0.0720936492496681
CONTRASTIVE,XGBOOST,52,0.25,0.005,IID_BALANCED->TEMPORAL,2116,8000,0.5,0.5,0.8349680586159584,0.8558539475831007,0.020885888967142385,0.01606805293005671,0.00775,-0.008318052930056712,0.17391304347826086,0.26075,0.08683695652173912
CONTRASTIVE,XGBOOST,52,0.25,0.005,IID_BALANCED->DOMAIN_OOD,2116,3858,0.5,0.5,0.8349680586159584,0.8168562112421537,-0.018111847373804668,0.01606805293005671,0.006220839813374806,-0.009847213116681906,0.17391304347826086,0.16174183514774496,-0.012171208330515909
CONTRASTIVE,XGBOOST,52,0.25,0.005,IID_BALANCED->TEMPLATE_OOD,2116,6832,0.5,0.5,0.8349680586159584,0.8569775418100625,0.022009483194104118,0.01606805293005671,0.006440281030444965,-0.009627771899611746,0.17391304347826086,0.24795081967213115,0.07403777619387028
CONTRASTIVE,XGBOOST,52,0.25,0.005,IID_BALANCED->DOMAIN_TEMPLATE_OOD,2116,3708,0.5,0.5,0.8349680586159584,0.8073407768073101,-0.027627281808648263,0.01606805293005671,0.005933117583603021,-0.01013493534645369,0.17391304347826086,0.1429341963322546,-0.030978847146006266
CONTRASTIVE,XGBOOST,52,0.25,0.01,IID_BALANCED->TEMPORAL,2116,8000,0.5,0.5,0.8349680586159584,0.8558539475831007,0.020885888967142385,0.01890359168241966,0.00875,-0.010153591682419659,0.1899810964083176,0.2735,0.08351890359168243
CONTRASTIVE,XGBOOST,52,0.25,0.01,IID_BALANCED->DOMAIN_OOD,2116,3858,0.5,0.5,0.8349680586159584,0.8168562112421537,-0.018111847373804668,0.01890359168241966,0.007257646448937273,-0.011645945233482387,0.1899810964083176,0.17418351477449456,-0.015797581633823027
CONTRASTIVE,XGBOOST,52,0.25,0.01,IID_BALANCED->TEMPLATE_OOD,2116,6832,0.5,0.5,0.8349680586159584,0.8569775418100625,0.022009483194104118,0.01890359168241966,0.007611241217798595,-0.011292350464621065,0.1899810964083176,0.25966042154566743,0.06967932513734984
CONTRASTIVE,XGBOOST,52,0.25,0.01,IID_BALANCED->DOMAIN_TEMPLATE_OOD,2116,3708,0.5,0.5,0.8349680586159584,0.8073407768073101,-0.027627281808648263,0.01890359168241966,0.007011866235167206,-0.011891725447252453,0.1899810964083176,0.15156418554476808,-0.03841691086354951
CONTRASTIVE,XGBOOST,52,0.25,0.02,IID_BALANCED->TEMPORAL,2116,8000,0.5,0.5,0.8349680586159584,0.8558539475831007,0.020885888967142385,0.024574669187145556,0.016,-0.008574669187145556,0.2637051039697543,0.32075,0.057044896030245706
CONTRASTIVE,XGBOOST,52,0.25,0.02,IID_BALANCED->DOMAIN_OOD,2116,3858,0.5,0.5,0.8349680586159584,0.8168562112421537,-0.018111847373804668,0.024574669187145556,0.012960082944530845,-0.011614586242614711,0.2637051039697543,0.2177293934681182,-0.04597571050163607
CONTRASTIVE,XGBOOST,52,0.25,0.02,IID_BALANCED->TEMPLATE_OOD,2116,6832,0.5,0.5,0.8349680586159584,0.8569775418100625,0.022009483194104118,0.024574669187145556,0.01288056206088993,-0.011694107126255626,0.2637051039697543,0.30210772833723654,0.03840262436748226
CONTRASTIVE,XGBOOST,52,0.25,0.02,IID_BALANCED->DOMAIN_TEMPLATE_OOD,2116,3708,0.5,0.5,0.8349680586159584,0.8073407768073101,-0.027627281808648263,0.024574669187145556,0.012944983818770227,-0.01162968536837533,0.2637051039697543,0.18932038834951456,-0.07438471562023971
CONTRASTIVE,XGBOOST,52,1.0,0.005,IID_BALANCED->TEMPORAL,2116,8000,0.5,0.5,0.8788142889444073,0.884937052253555,0.0061227633091477385,0.005671077504725898,0.0025,-0.0031710775047258982,0.15973534971644612,0.22425,0.06451465028355388
CONTRASTIVE,XGBOOST,52,1.0,0.005,IID_BALANCED->DOMAIN_OOD,2116,3858,0.5,0.5,0.8788142889444073,0.844532864588156,-0.034281424356251256,0.005671077504725898,0.003110419906687403,-0.0025606575980384955,0.15973534971644612,0.13478486262312078,-0.02495048709332534
CONTRASTIVE,XGBOOST,52,1.0,0.005,IID_BALANCED->TEMPLATE_OOD,2116,6832,0.5,0.5,0.8788142889444073,0.8856506253866095,0.006836336442202273,0.005671077504725898,0.0026346604215456673,-0.003036417083180231,0.15973534971644612,0.2230679156908665,0.06333256597442039
CONTRASTIVE,XGBOOST,52,1.0,0.005,IID_BALANCED->DOMAIN_TEMPLATE_OOD,2116,3708,0.5,0.5,0.8788142889444073,0.8385467179052856,-0.04026757103912171,0.005671077504725898,0.002696871628910464,-0.0029742058758154342,0.15973534971644612,0.11974110032362459,-0.039994249392821535
CONTRASTIVE,XGBOOST,52,1.0,0.01,IID_BALANCED->TEMPORAL,2116,8000,0.5,0.5,0.8788142889444073,0.884937052253555,0.0061227633091477385,0.008506616257088847,0.00425,-0.004256616257088846,0.22022684310018903,0.27925,0.05902315689981097
CONTRASTIVE,XGBOOST,52,1.0,0.01,IID_BALANCED->DOMAIN_OOD,2116,3858,0.5,0.5,0.8788142889444073,0.844532864588156,-0.034281424356251256,0.008506616257088847,0.005184033177812338,-0.0033225830792765086,0.22022684310018903,0.1809227579056506,-0.03930408519453843
CONTRASTIVE,XGBOOST,52,1.0,0.01,IID_BALANCED->TEMPLATE_OOD,2116,6832,0.5,0.5,0.8788142889444073,0.8856506253866095,0.006836336442202273,0.008506616257088847,0.004098360655737705,-0.0044082556013511414,0.22022684310018903,0.27459016393442626,0.05436332083423723
CONTRASTIVE,XGBOOST,52,1.0,0.01,IID_BALANCED->DOMAIN_TEMPLATE_OOD,2116,3708,0.5,0.5,0.8788142889444073,0.8385467179052856,-0.04026757103912171,0.008506616257088847,0.0048543689320388345,-0.003652247325050012,0.22022684310018903,0.16181229773462782,-0.058414545365561205
CONTRASTIVE,XGBOOST,52,1.0,0.02,IID_BALANCED->TEMPORAL,2116,8000,0.5,0.5,0.8788142889444073,0.884937052253555,0.0061227633091477385,0.017013232514177693,0.01075,-0.006263232514177694,0.3052930056710775,0.34575,0.040456994328922524
CONTRASTIVE,XGBOOST,52,1.0,0.02,IID_BALANCED->DOMAIN_OOD,2116,3858,0.5,0.5,0.8788142889444073,0.844532864588156,-0.034281424356251256,0.017013232514177693,0.011404872991187144,-0.005608359522990549,0.3052930056710775,0.23587350959046138,-0.0694194960806161
CONTRASTIVE,XGBOOST,52,1.0,0.02,IID_BALANCED->TEMPLATE_OOD,2116,6832,0.5,0.5,0.8788142889444073,0.8856506253866095,0.006836336442202273,0.017013232514177693,0.009074941451990632,-0.007938291062187061,0.3052930056710775,0.3351873536299766,0.029894347958899115
CONTRASTIVE,XGBOOST,52,1.0,0.02,IID_BALANCED->DOMAIN_TEMPLATE_OOD,2116,3708,0.5,0.5,0.8788142889444073,0.8385467179052856,-0.04026757103912171,0.017013232514177693,0.010787486515641856,-0.006225745998535837,0.3052930056710775,0.2168284789644013,-0.08846452670667618
CONTRASTIVE,XGBOOST,62,0.1,0.005,IID_BALANCED->TEMPORAL,2116,8000,0.5,0.5,0.8071760709601057,0.8354588239261294,0.028282752966023672,0.003780718336483932,0.002,-0.001780718336483932,0.06899810964083176,0.073,0.004001890359168231
CONTRASTIVE,XGBOOST,62,0.1,0.005,IID_BALANCED->DOMAIN_OOD,2116,3858,0.5,0.5,0.8071760709601057,0.7927463480214154,-0.01442972293869027,0.003780718336483932,0.002073613271124935,-0.0017071050653589969,0.06899810964083176,0.03576982892690513,-0.03322828071392663
CONTRASTIVE,XGBOOST,62,0.1,0.005,IID_BALANCED->TEMPLATE_OOD,2116,6832,0.5,0.5,0.8071760709601057,0.8344977589826416,0.027321688022535873,0.003780718336483932,0.00234192037470726,-0.001438797961776672,0.06899810964083176,0.0743559718969555,0.005357862256123738
CONTRASTIVE,XGBOOST,62,0.1,0.005,IID_BALANCED->DOMAIN_TEMPLATE_OOD,2116,3708,0.5,0.5,0.8071760709601057,0.7855123957794793,-0.021663675180626396,0.003780718336483932,0.002157497303128371,-0.0016232210333555611,0.06899810964083176,0.03398058252427184,-0.03501752711655992
CONTRASTIVE,XGBOOST,62,0.1,0.01,IID_BALANCED->TEMPORAL,2116,8000,0.5,0.5,0.8071760709601057,0.8354588239261294,0.028282752966023672,0.00945179584120983,0.0065,-0.00295179584120983,0.14650283553875237,0.153,0.006497164461247623
CONTRASTIVE,XGBOOST,62,0.1,0.01,IID_BALANCED->DOMAIN_OOD,2116,3858,0.5,0.5,0.8071760709601057,0.7927463480214154,-0.01442972293869027,0.00945179584120983,0.007257646448937273,-0.0021941493922725567,0.14650283553875237,0.08968377397615344,-0.05681906156259893
CONTRASTIVE,XGBOOST,62,0.1,0.01,IID_BALANCED->TEMPLATE_OOD,2116,6832,0.5,0.5,0.8071760709601057,0.8344977589826416,0.027321688022535873,0.00945179584120983,0.006440281030444965,-0.003011514810764865,0.14650283553875237,0.15398126463700235,0.007478429098249972
CONTRASTIVE,XGBOOST,62,0.1,0.01,IID_BALANCED->DOMAIN_TEMPLATE_OOD,2116,3708,0.5,0.5,0.8071760709601057,0.7855123957794793,-0.021663675180626396,0.00945179584120983,0.006472491909385114,-0.0029793039318247163,0.14650283553875237,0.08683926645091694,-0.05966356908783543
CONTRASTIVE,XGBOOST,62,0.1,0.02,IID_BALANCED->TEMPORAL,2116,8000,0.5,0.5,0.8071760709601057,0.8354588239261294,0.028282752966023672,0.026465028355387523,0.017,-0.009465028355387522,0.24763705103969755,0.283,0.035362948960302426
CONTRASTIVE,XGBOOST,62,0.1,0.02,IID_BALANCED->DOMAIN_OOD,2116,3858,0.5,0.5,0.8071760709601057,0.7927463480214154,-0.01442972293869027,0.026465028355387523,0.019699326075686883,-0.0067657022797006396,0.24763705103969755,0.20787973043027475,-0.0397573206094228
CONTRASTIVE,XGBOOST,62,0.1,0.02,IID_BALANCED->TEMPLATE_OOD,2116,6832,0.5,0.5,0.8071760709601057,0.8344977589826416,0.027321688022535873,0.026465028355387523,0.01639344262295082,-0.010071585732436703,0.24763705103969755,0.27985948477751754,0.032222433737819994
CONTRASTIVE,XGBOOST,62,0.1,0.02,IID_BALANCED->DOMAIN_TEMPLATE_OOD,2116,3708,0.5,0.5,0.8071760709601057,0.7855123957794793,-0.021663675180626396,0.026465028355387523,0.018878101402373247,-0.007586926953014276,0.24763705103969755,0.20280474649406688,-0.04483230454563067
CONTRASTIVE,XGBOOST,62,0.25,0.005,IID_BALANCED->TEMPORAL,2116,8000,0.5,0.5,0.8335902715460526,0.8672875379725654,0.03369726642651283,0.001890359168241966,0.0015,-0.000390359168241966,0.057655954631379965,0.12225,0.06459404536862004
CONTRASTIVE,XGBOOST,62,0.25,0.005,IID_BALANCED->DOMAIN_OOD,2116,3858,0.5,0.5,0.8335902715460526,0.8349902474594446,0.0013999759133920264,0.001890359168241966,0.0010368066355624676,-0.0008535525326794984,0.057655954631379965,0.0720580611715915,0.014402106540211533
CONTRASTIVE,XGBOOST,62,0.25,0.005,IID_BALANCED->TEMPLATE_OOD,2116,6832,0.5,0.5,0.8335902715460526,0.8676602075650022,0.03406993601894959,0.001890359168241966,0.0014637002341920376,-0.00042665893404992845,0.057655954631379965,0.12470725995316159,0.06705130532178163
CONTRASTIVE,XGBOOST,62,0.25,0.005,IID_BALANCED->DOMAIN_TEMPLATE_OOD,2116,3708,0.5,0.5,0.8335902715460526,0.8295757817939666,-0.004014489752085959,0.001890359168241966,0.0010787486515641855,-0.0008116105166777806,0.057655954631379965,0.07551240560949299,0.017856450978113024
CONTRASTIVE,XGBOOST,62,0.25,0.01,IID_BALANCED->TEMPORAL,2116,8000,0.5,0.5,0.8335902715460526,0.8672875379725654,0.03369726642651283,0.00945179584120983,0.006,-0.0034517958412098298,0.16068052930056712,0.247,0.08631947069943288
CONTRASTIVE,XGBOOST,62,0.25,0.01,IID_BALANCED->DOMAIN_OOD,2116,3858,0.5,0.5,0.8335902715460526,0.8349902474594446,0.0013999759133920264,0.00945179584120983,0.004665629860031105,-0.004786165981178725,0.16068052930056712,0.18144116122343182,0.020760631922864703
CONTRASTIVE,XGBOOST,62,0.25,0.01,IID_BALANCED->TEMPLATE_OOD,2116,6832,0.5,0.5,0.8335902715460526,0.8676602075650022,0.03406993601894959,0.00945179584120983,0.0055620608899297425,-0.0038897349512800874,0.16068052930056712,0.2497072599531616,0.08902673065259448
CONTRASTIVE,XGBOOST,62,0.25,0.01,IID_BALANCED->DOMAIN_TEMPLATE_OOD,2116,3708,0.5,0.5,0.8335902715460526,0.8295757817939666,-0.004014489752085959,0.00945179584120983,0.0048543689320388345,-0.004597426909170995,0.16068052930056712,0.1866235167206041,0.025942987420036978
CONTRASTIVE,XGBOOST,62,0.25,0.02,IID_BALANCED->TEMPORAL,2116,8000,0.5,0.5,0.8335902715460526,0.8672875379725654,0.03369726642651283,0.022684310018903593,0.012,-0.010684310018903593,0.24763705103969755,0.32525,0.07761294896030244
CONTRASTIVE,XGBOOST,62,0.25,0.02,IID_BALANCED->DOMAIN_OOD,2116,3858,0.5,0.5,0.8335902715460526,0.8349902474594446,0.0013999759133920264,0.022684310018903593,0.013996889580093312,-0.008687420438810281,0.24763705103969755,0.25868325557283567,0.011046204533138121
CONTRASTIVE,XGBOOST,62,0.25,0.02,IID_BALANCED->TEMPLATE_OOD,2116,6832,0.5,0.5,0.8335902715460526,0.8676602075650022,0.03406993601894959,0.022684310018903593,0.010831381733021077,-0.011852928285882516,0.24763705103969755,0.32786885245901637,0.08023180141931882
CONTRASTIVE,XGBOOST,62,0.25,0.02,IID_BALANCED->DOMAIN_TEMPLATE_OOD,2116,3708,0.5,0.5,0.8335902715460526,0.8295757817939666,-0.004014489752085959,0.022684310018903593,0.012405609492988134,-0.010278700525915459,0.24763705103969755,0.261596548004315,0.01395949696461743
CONTRASTIVE,XGBOOST,62,1.0,0.005,IID_BALANCED->TEMPORAL,2116,8000,0.5,0.5,0.8598153554902869,0.8854172391506159,0.025601883660329006,0.012287334593572778,0.006,-0.006287334593572778,0.222117202268431,0.28225,0.06013279773156899
CONTRASTIVE,XGBOOST,62,1.0,0.005,IID_BALANCED->DOMAIN_OOD,2116,3858,0.5,0.5,0.8598153554902869,0.8481873426609292,-0.011628012829357659,0.012287334593572778,0.005702436495593572,-0.006584898097979206,0.222117202268431,0.20165889061689996,-0.020458311651531058
CONTRASTIVE,XGBOOST,62,1.0,0.005,IID_BALANCED->TEMPLATE_OOD,2116,6832,0.5,0.5,0.8598153554902869,0.8854162364843974,0.02560088099411051,0.012287334593572778,0.00468384074941452,-0.007603493844158258,0.222117202268431,0.2778103044496487,0.0556931021812177
CONTRASTIVE,XGBOOST,62,1.0,0.005,IID_BALANCED->DOMAIN_TEMPLATE_OOD,2116,3708,0.5,0.5,0.8598153554902869,0.843174051966882,-0.01664130352340487,0.012287334593572778,0.0048543689320388345,-0.007432965661533944,0.222117202268431,0.19201725997842503,-0.030099942290005982
CONTRASTIVE,XGBOOST,62,1.0,0.01,IID_BALANCED->TEMPORAL,2116,8000,0.5,0.5,0.8598153554902869,0.8854172391506159,0.025601883660329006,0.01606805293005671,0.00825,-0.007818052930056711,0.276937618147448,0.33975,0.062812381852552
CONTRASTIVE,XGBOOST,62,1.0,0.01,IID_BALANCED->DOMAIN_OOD,2116,3858,0.5,0.5,0.8598153554902869,0.8481873426609292,-0.011628012829357659,0.01606805293005671,0.00829445308449974,-0.007773599845556971,0.276937618147448,0.2514256091238984,-0.02551200902354961
CONTRASTIVE,XGBOOST,62,1.0,0.01,IID_BALANCED->TEMPLATE_OOD,2116,6832,0.5,0.5,0.8598153554902869,0.8854162364843974,0.02560088099411051,0.01606805293005671,0.00585480093676815,-0.010213251993288562,0.276937618147448,0.33401639344262296,0.057078775295174966
CONTRASTIVE,XGBOOST,62,1.0,0.01,IID_BALANCED->DOMAIN_TEMPLATE_OOD,2116,3708,0.5,0.5,0.8598153554902869,0.843174051966882,-0.01664130352340487,0.01606805293005671,0.007011866235167206,-0.009056186694889504,0.276937618147448,0.2389428263214671,-0.037994791825980895
CONTRASTIVE,XGBOOST,62,1.0,0.02,IID_BALANCED->TEMPORAL,2116,8000,0.5,0.5,0.8598153554902869,0.8854172391506159,0.025601883660329006,0.03213610586011342,0.01925,-0.012886105860113423,0.3601134215500945,0.43125,0.07113657844990551
CONTRASTIVE,XGBOOST,62,1.0,0.02,IID_BALANCED->DOMAIN_OOD,2116,3858,0.5,0.5,0.8598153554902869,0.8481873426609292,-0.011628012829357659,0.03213610586011342,0.01918092275790565,-0.012955183102207772,0.3601134215500945,0.32763089683773977,-0.03248252471235474
CONTRASTIVE,XGBOOST,62,1.0,0.02,IID_BALANCED->TEMPLATE_OOD,2116,6832,0.5,0.5,0.8598153554902869,0.8854162364843974,0.02560088099411051,0.03213610586011342,0.015807962529274005,-0.016328143330839418,0.3601134215500945,0.4212529274004684,0.061139505850373865
CONTRASTIVE,XGBOOST,62,1.0,0.02,IID_BALANCED->DOMAIN_TEMPLATE_OOD,2116,3708,0.5,0.5,0.8598153554902869,0.843174051966882,-0.01664130352340487,0.03213610586011342,0.016720604099244876,-0.015415501760868547,0.3601134215500945,0.319848975188781,-0.04026444636131349
CONTRASTIVE,XGBOOST,72,0.1,0.005,IID_BALANCED->TEMPORAL,2116,8000,0.5,0.5,0.8037611680715591,0.8188591472067708,0.015097979135211714,0.005671077504725898,0.00575,7.892249527410161e-05,0.10964083175803403,0.1195,0.009859168241965963
CONTRASTIVE,XGBOOST,72,0.1,0.005,IID_BALANCED->DOMAIN_OOD,2116,3858,0.5,0.5,0.8037611680715591,0.7833336128847823,-0.020427555186776747,0.005671077504725898,0.005702436495593572,3.135899086767393e-05,0.10964083175803403,0.08605495075168482,-0.023585881006349216
CONTRASTIVE,XGBOOST,72,0.1,0.005,IID_BALANCED->TEMPLATE_OOD,2116,6832,0.5,0.5,0.8037611680715591,0.8191994438126784,0.015438275741119334,0.005671077504725898,0.005269320843091335,-0.0004017566616345636,0.10964083175803403,0.11358313817330211,0.0039423064152680765
CONTRASTIVE,XGBOOST,72,0.1,0.005,IID_BALANCED->DOMAIN_TEMPLATE_OOD,2116,3708,0.5,0.5,0.8037611680715591,0.7761022761184407,-0.027658891953118325,0.005671077504725898,0.005933117583603021,0.00026204007887712256,0.10964083175803403,0.06472491909385113,-0.044915912664182905
CONTRASTIVE,XGBOOST,72,0.1,0.01,IID_BALANCED->TEMPORAL,2116,8000,0.5,0.5,0.8037611680715591,0.8188591472067708,0.015097979135211714,0.011342155009451797,0.01,-0.0013421550094517964,0.1446124763705104,0.17025,0.025637523629489622
CONTRASTIVE,XGBOOST,72,0.1,0.01,IID_BALANCED->DOMAIN_OOD,2116,3858,0.5,0.5,0.8037611680715591,0.7833336128847823,-0.020427555186776747,0.011342155009451797,0.011404872991187144,6.271798173534786e-05,0.1446124763705104,0.12597200622083982,-0.018640470149670574
CONTRASTIVE,XGBOOST,72,0.1,0.01,IID_BALANCED->TEMPLATE_OOD,2116,6832,0.5,0.5,0.8037611680715591,0.8191994438126784,0.015438275741119334,0.011342155009451797,0.009074941451990632,-0.0022672135574611646,0.1446124763705104,0.16305620608899296,0.01844372971848257
CONTRASTIVE,XGBOOST,72,0.1,0.01,IID_BALANCED->DOMAIN_TEMPLATE_OOD,2116,3708,0.5,0.5,0.8037611680715591,0.7761022761184407,-0.027658891953118325,0.011342155009451797,0.011326860841423949,-1.529416802784761e-05,0.1446124763705104,0.10248112189859762,-0.04213135447191277
CONTRASTIVE,XGBOOST,72,0.1,0.02,IID_BALANCED->TEMPORAL,2116,8000,0.5,0.5,0.8037611680715591,0.8188591472067708,0.015097979135211714,0.026465028355387523,0.02475,-0.0017150283553875219,0.23534971644612476,0.27875,0.043400283553875235
CONTRASTIVE,XGBOOST,72,0.1,0.02,IID_BALANCED->DOMAIN_OOD,2116,3858,0.5,0.5,0.8037611680715591,0.7833336128847823,-0.020427555186776747,0.026465028355387523,0.022291342664593053,-0.00417368569079447,0.23534971644612476,0.21202695697252463,-0.02332275947360013
CONTRASTIVE,XGBOOST,72,0.1,0.02,IID_BALANCED->TEMPLATE_OOD,2116,6832,0.5,0.5,0.8037611680715591,0.8191994438126784,0.015438275741119334,0.026465028355387523,0.021370023419203747,-0.0050950049361837765,0.23534971644612476,0.26785714285714285,0.03250742641101809
CONTRASTIVE,XGBOOST,72,0.1,0.02,IID_BALANCED->DOMAIN_TEMPLATE_OOD,2116,3708,0.5,0.5,0.8037611680715591,0.7761022761184407,-0.027658891953118325,0.026465028355387523,0.022114347357065803,-0.0043506809983217196,0.23534971644612476,0.19039913700107874,-0.04495057944504602
CONTRASTIVE,XGBOOST,72,0.25,0.005,IID_BALANCED->TEMPORAL,2116,8000,0.5,0.5,0.8300246537362739,0.8509640144256254,0.02093936068935154,0.014177693761814745,0.006,-0.008177693761814745,0.18714555765595464,0.1785,-0.00864555765595465
CONTRASTIVE,XGBOOST,72,0.25,0.005,IID_BALANCED->DOMAIN_OOD,2116,3858,0.5,0.5,0.8300246537362739,0.816072292218059,-0.013952361518214884,0.014177693761814745,0.00673924313115604,-0.007438450630658705,0.18714555765595464,0.12389839294971487,-0.06324716470623977
CONTRASTIVE,XGBOOST,72,0.25,0.005,IID_BALANCED->TEMPLATE_OOD,2116,6832,0.5,0.5,0.8300246537362739,0.8523446319499849,0.02231997821371101,0.014177693761814745,0.004391100702576112,-0.009786593059238633,0.18714555765595464,0.172423887587822,-0.01472167006813263
CONTRASTIVE,XGBOOST,72,0.25,0.005,IID_BALANCED->DOMAIN_TEMPLATE_OOD,2116,3708,0.5,0.5,0.8300246537362739,0.8105257348775485,-0.019498918858725345,0.014177693761814745,0.005933117583603021,-0.008244576178211723,0.18714555765595464,0.10841423948220065,-0.07873131817375399
CONTRASTIVE,XGBOOST,72,0.25,0.01,IID_BALANCED->TEMPORAL,2116,8000,0.5,0.5,0.8300246537362739,0.8509640144256254,0.02093936068935154,0.017958412098298678,0.0095,-0.008458412098298678,0.24007561436672967,0.24275,0.0026743856332703264
CONTRASTIVE,XGBOOST,72,0.25,0.01,IID_BALANCED->DOMAIN_OOD,2116,3858,0.5,0.5,0.8300246537362739,0.816072292218059,-0.013952361518214884,0.017958412098298678,0.011404872991187144,-0.006553539107111534,0.24007561436672967,0.18040435458786935,-0.059671259778860314
CONTRASTIVE,XGBOOST,72,0.25,0.01,IID_BALANCED->TEMPLATE_OOD,2116,6832,0.5,0.5,0.8300246537362739,0.8523446319499849,0.02231997821371101,0.017958412098298678,0.007903981264637002,-0.010054430833661676,0.24007561436672967,0.23507025761124123,-0.005005356755488438
CONTRASTIVE,XGBOOST,72,0.25,0.01,IID_BALANCED->DOMAIN_TEMPLATE_OOD,2116,3708,0.5,0.5,0.8300246537362739,0.8105257348775485,-0.019498918858725345,0.017958412098298678,0.010248112189859764,-0.007710299908438915,0.24007561436672967,0.15965480043149946,-0.0804208139352302
CONTRASTIVE,XGBOOST,72,0.25,0.02,IID_BALANCED->TEMPORAL,2116,8000,0.5,0.5,0.8300246537362739,0.8509640144256254,0.02093936068935154,0.030245746691871456,0.02175,-0.008495746691871458,0.3449905482041588,0.35675,0.011759451795841203
CONTRASTIVE,XGBOOST,72,0.25,0.02,IID_BALANCED->DOMAIN_OOD,2116,3858,0.5,0.5,0.8300246537362739,0.816072292218059,-0.013952361518214884,0.030245746691871456,0.022291342664593053,-0.007954404027278403,0.3449905482041588,0.2846034214618974,-0.06038712674226143
CONTRASTIVE,XGBOOST,72,0.25,0.02,IID_BALANCED->TEMPLATE_OOD,2116,6832,0.5,0.5,0.8300246537362739,0.8523446319499849,0.02231997821371101,0.030245746691871456,0.019320843091334895,-0.010924903600536561,0.3449905482041588,0.3439695550351288,-0.0010209931690299823
CONTRASTIVE,XGBOOST,72,0.25,0.02,IID_BALANCED->DOMAIN_TEMPLATE_OOD,2116,3708,0.5,0.5,0.8300246537362739,0.8105257348775485,-0.019498918858725345,0.030245746691871456,0.021574973031283712,-0.008670773660587744,0.3449905482041588,0.25782092772384035,-0.08716962048031845
CONTRASTIVE,XGBOOST,72,1.0,0.005,IID_BALANCED->TEMPORAL,2116,8000,0.5,0.5,0.8618563542723343,0.8785852948359811,0.01672894056364682,0.011342155009451797,0.006,-0.0053421550094517965,0.23534971644612476,0.251,0.01565028355387524
CONTRASTIVE,XGBOOST,72,1.0,0.005,IID_BALANCED->DOMAIN_OOD,2116,3858,0.5,0.5,0.8618563542723343,0.8397894417804294,-0.022066912491904955,0.011342155009451797,0.00673924313115604,-0.004602911878295757,0.23534971644612476,0.15241057542768274,-0.08293914101844202
CONTRASTIVE,XGBOOST,72,1.0,0.005,IID_BALANCED->TEMPLATE_OOD,2116,6832,0.5,0.5,0.8618563542723343,0.8797064000832864,0.017850045810952064,0.011342155009451797,0.0055620608899297425,-0.005780094119522054,0.23534971644612476,0.2461943793911007,0.010844662944975936
CONTRASTIVE,XGBOOST,72,1.0,0.005,IID_BALANCED->DOMAIN_TEMPLATE_OOD,2116,3708,0.5,0.5,0.8618563542723343,0.8326506057645011,-0.029205748507833196,0.011342155009451797,0.007011866235167206,-0.00433028877428459,0.23534971644612476,0.133764832793959,-0.10158488365216575
CONTRASTIVE,XGBOOST,72,1.0,0.01,IID_BALANCED->TEMPORAL,2116,8000,0.5,0.5,0.8618563542723343,0.8785852948359811,0.01672894056364682,0.022684310018903593,0.0135,-0.009184310018903593,0.32608695652173914,0.344,0.017913043478260837
CONTRASTIVE,XGBOOST,72,1.0,0.01,IID_BALANCED->DOMAIN_OOD,2116,3858,0.5,0.5,0.8618563542723343,0.8397894417804294,-0.022066912491904955,0.022684310018903593,0.01347848626231208,-0.009205823756591514,0.32608695652173914,0.23950233281493002,-0.08658462370680911
CONTRASTIVE,XGBOOST,72,1.0,0.01,IID_BALANCED->TEMPLATE_OOD,2116,6832,0.5,0.5,0.8618563542723343,0.8797064000832864,0.017850045810952064,0.022684310018903593,0.009660421545667448,-0.013023888473236146,0.32608695652173914,0.3351873536299766,0.009100397108237457
CONTRASTIVE,XGBOOST,72,1.0,0.01,IID_BALANCED->DOMAIN_TEMPLATE_OOD,2116,3708,0.5,0.5,0.8618563542723343,0.8326506057645011,-0.029205748507833196,0.022684310018903593,0.011866235167206042,-0.010818074851697551,0.32608695652173914,0.21952535059331177,-0.10656160592842737
CONTRASTIVE,XGBOOST,72,1.0,0.02,IID_BALANCED->TEMPORAL,2116,8000,0.5,0.5,0.8618563542723343,0.8785852948359811,0.01672894056364682,0.03780718336483932,0.024,-0.013807183364839319,0.43856332703213613,0.45975,0.021186672967863862
CONTRASTIVE,XGBOOST,72,1.0,0.02,IID_BALANCED->DOMAIN_OOD,2116,3858,0.5,0.5,0.8618563542723343,0.8397894417804294,-0.022066912491904955,0.03780718336483932,0.021254536029030584,-0.016552647335808735,0.43856332703213613,0.3602903058579575,-0.07827302117417861
CONTRASTIVE,XGBOOST,72,1.0,0.02,IID_BALANCED->TEMPLATE_OOD,2116,6832,0.5,0.5,0.8618563542723343,0.8797064000832864,0.017850045810952064,0.03780718336483932,0.019320843091334895,-0.018486340273504424,0.43856332703213613,0.4475995316159251,0.009036204583788954
CONTRASTIVE,XGBOOST,72,1.0,0.02,IID_BALANCED->DOMAIN_TEMPLATE_OOD,2116,3708,0.5,0.5,0.8618563542723343,0.8326506057645011,-0.029205748507833196,0.03780718336483932,0.019956850053937433,-0.017850333310901887,0.43856332703213613,0.33818770226537215,-0.10037562476676398
CONTRASTIVE,XGBOOST,82,0.1,0.005,IID_BALANCED->TEMPORAL,2116,8000,0.5,0.5,0.8129582037611767,0.8118834824765929,-0.0010747212845837462,0.007561436672967864,0.0035,-0.004061436672967864,0.07277882797731569,0.1325,0.059721172022684316
CONTRASTIVE,XGBOOST,82,0.1,0.005,IID_BALANCED->DOMAIN_OOD,2116,3858,0.5,0.5,0.8129582037611767,0.7753204941340982,-0.037637709627078464,0.007561436672967864,0.002592016588906169,-0.0049694200840616955,0.07277882797731569,0.06272680145152928,-0.010052026525786406
CONTRASTIVE,XGBOOST,82,0.1,0.005,IID_BALANCED->TEMPLATE_OOD,2116,6832,0.5,0.5,0.8129582037611767,0.8214249185244022,0.00846671476322558,0.007561436672967864,0.00234192037470726,-0.005219516298260604,0.07277882797731569,0.13524590163934427,0.06246707366202858
CONTRASTIVE,XGBOOST,82,0.1,0.005,IID_BALANCED->DOMAIN_TEMPLATE_OOD,2116,3708,0.5,0.5,0.8129582037611767,0.7704738309186535,-0.042484372842523155,0.007561436672967864,0.002696871628910464,-0.0048645650440574,0.07277882797731569,0.05555555555555555,-0.01722327242176014
CONTRASTIVE,XGBOOST,82,0.1,0.01,IID_BALANCED->TEMPORAL,2116,8000,0.5,0.5,0.8129582037611767,0.8118834824765929,-0.0010747212845837462,0.013232514177693762,0.00825,-0.004982514177693761,0.1502835538752363,0.202,0.051716446124763726
CONTRASTIVE,XGBOOST,82,0.1,0.01,IID_BALANCED->DOMAIN_OOD,2116,3858,0.5,0.5,0.8129582037611767,0.7753204941340982,-0.037637709627078464,0.013232514177693762,0.006220839813374806,-0.007011674364318956,0.1502835538752363,0.11249351995852773,-0.03779003391670856
CONTRASTIVE,XGBOOST,82,0.1,0.01,IID_BALANCED->TEMPLATE_OOD,2116,6832,0.5,0.5,0.8129582037611767,0.8214249185244022,0.00846671476322558,0.013232514177693762,0.00585480093676815,-0.007377713240925611,0.1502835538752363,0.2069672131147541,0.05668365923951782
CONTRASTIVE,XGBOOST,82,0.1,0.01,IID_BALANCED->DOMAIN_TEMPLATE_OOD,2116,3708,0.5,0.5,0.8129582037611767,0.7704738309186535,-0.042484372842523155,0.013232514177693762,0.006472491909385114,-0.006760022268308648,0.1502835538752363,0.104638619201726,-0.04564493467351029
CONTRASTIVE,XGBOOST,82,0.1,0.02,IID_BALANCED->TEMPORAL,2116,8000,0.5,0.5,0.8129582037611767,0.8118834824765929,-0.0010747212845837462,0.024574669187145556,0.02275,-0.001824669187145557,0.2551984877126654,0.28075,0.0255515122873346
CONTRASTIVE,XGBOOST,82,0.1,0.02,IID_BALANCED->DOMAIN_OOD,2116,3858,0.5,0.5,0.8129582037611767,0.7753204941340982,-0.037637709627078464,0.024574669187145556,0.01607050285121825,-0.008504166335927307,0.2551984877126654,0.1824779678589943,-0.07272051985367109
CONTRASTIVE,XGBOOST,82,0.1,0.02,IID_BALANCED->TEMPLATE_OOD,2116,6832,0.5,0.5,0.8129582037611767,0.8214249185244022,0.00846671476322558,0.024574669187145556,0.01668618266978923,-0.007888486517356328,0.2551984877126654,0.28395784543325525,0.02875935772058985
CONTRASTIVE,XGBOOST,82,0.1,0.02,IID_BALANCED->DOMAIN_TEMPLATE_OOD,2116,3708,0.5,0.5,0.8129582037611767,0.7704738309186535,-0.042484372842523155,0.024574669187145556,0.016181229773462782,-0.008393439413682775,0.2551984877126654,0.17421790722761596,-0.08098058048504944
CONTRASTIVE,XGBOOST,82,0.25,0.005,IID_BALANCED->TEMPORAL,2116,8000,0.5,0.5,0.8286774388891636,0.8472552717241512,0.018577832834987595,0.01606805293005671,0.007,-0.009068052930056712,0.15689981096408318,0.20775,0.050850189035916815
CONTRASTIVE,XGBOOST,82,0.25,0.005,IID_BALANCED->DOMAIN_OOD,2116,3858,0.5,0.5,0.8286774388891636,0.8146206687132871,-0.014056770175876476,0.01606805293005671,0.004665629860031105,-0.011402423070025607,0.15689981096408318,0.10627268014515293,-0.05062713081893025
CONTRASTIVE,XGBOOST,82,0.25,0.005,IID_BALANCED->TEMPLATE_OOD,2116,6832,0.5,0.5,0.8286774388891636,0.8532409330146726,0.024563494125509067,0.01606805293005671,0.0038056206088992973,-0.012262432321157413,0.15689981096408318,0.21194379391100704,0.055043982946923864
CONTRASTIVE,XGBOOST,82,0.25,0.005,IID_BALANCED->DOMAIN_TEMPLATE_OOD,2116,3708,0.5,0.5,0.8286774388891636,0.8092573430567989,-0.019420095832364703,0.01606805293005671,0.004314994606256742,-0.01175305832379997,0.15689981096408318,0.10841423948220065,-0.048485571481882525
CONTRASTIVE,XGBOOST,82,0.25,0.01,IID_BALANCED->TEMPORAL,2116,8000,0.5,0.5,0.8286774388891636,0.8472552717241512,0.018577832834987595,0.01890359168241966,0.01375,-0.00515359168241966,0.22117202268431002,0.253,0.03182797731568998
CONTRASTIVE,XGBOOST,82,0.25,0.01,IID_BALANCED->DOMAIN_OOD,2116,3858,0.5,0.5,0.8286774388891636,0.8146206687132871,-0.014056770175876476,0.01890359168241966,0.01088646967340591,-0.00801712200901375,0.22117202268431002,0.144116122343183,-0.07705590034112703
CONTRASTIVE,XGBOOST,82,0.25,0.01,IID_BALANCED->TEMPLATE_OOD,2116,6832,0.5,0.5,0.8286774388891636,0.8532409330146726,0.024563494125509067,0.01890359168241966,0.008782201405152224,-0.010121390277267436,0.22117202268431002,0.2555620608899297,0.0343900382056197
CONTRASTIVE,XGBOOST,82,0.25,0.01,IID_BALANCED->DOMAIN_TEMPLATE_OOD,2116,3708,0.5,0.5,0.8286774388891636,0.8092573430567989,-0.019420095832364703,0.01890359168241966,0.010248112189859764,-0.008655479492559896,0.22117202268431002,0.1423948220064725,-0.07877720067783753
CONTRASTIVE,XGBOOST,82,0.25,0.02,IID_BALANCED->TEMPORAL,2116,8000,0.5,0.5,0.8286774388891636,0.8472552717241512,0.018577832834987595,0.027410207939508508,0.01725,-0.010160207939508507,0.27882797731569,0.30025,0.021422022684310038
CONTRASTIVE,XGBOOST,82,0.25,0.02,IID_BALANCED->DOMAIN_OOD,2116,3858,0.5,0.5,0.8286774388891636,0.8146206687132871,-0.014056770175876476,0.027410207939508508,0.012960082944530845,-0.014450124994977663,0.27882797731569,0.19232763089683774,-0.08650034641885224
CONTRASTIVE,XGBOOST,82,0.25,0.02,IID_BALANCED->TEMPLATE_OOD,2116,6832,0.5,0.5,0.8286774388891636,0.8532409330146726,0.024563494125509067,0.027410207939508508,0.012002341920374707,-0.015407866019133801,0.27882797731569,0.3009367681498829,0.022108790834192926
CONTRASTIVE,XGBOOST,82,0.25,0.02,IID_BALANCED->DOMAIN_TEMPLATE_OOD,2116,3708,0.5,0.5,0.8286774388891636,0.8092573430567989,-0.019420095832364703,0.027410207939508508,0.011866235167206042,-0.015543972772302466,0.27882797731569,0.19147788565264293,-0.08735009166304705
CONTRASTIVE,XGBOOST,82,1.0,0.005,IID_BALANCED->TEMPORAL,2116,8000,0.5,0.5,0.8641921283355051,0.8817076475049482,0.01751551916944316,0.003780718336483932,0.00175,-0.002030718336483932,0.11058601134215501,0.17675,0.06616398865784498
CONTRASTIVE,XGBOOST,82,1.0,0.005,IID_BALANCED->DOMAIN_OOD,2116,3858,0.5,0.5,0.8641921283355051,0.8441401399669972,-0.020051988368507856,0.003780718336483932,0.002073613271124935,-0.0017071050653589969,0.11058601134215501,0.09020217729393468,-0.020383834048220334
CONTRASTIVE,XGBOOST,82,1.0,0.005,IID_BALANCED->TEMPLATE_OOD,2116,6832,0.5,0.5,0.8641921283355051,0.8831678501374296,0.018975721801924528,0.003780718336483932,0.0014637002341920376,-0.0023170181022918943,0.11058601134215501,0.18003512880562061,0.0694491174634656
CONTRASTIVE,XGBOOST,82,1.0,0.005,IID_BALANCED->DOMAIN_TEMPLATE_OOD,2116,3708,0.5,0.5,0.8641921283355051,0.8380649457147131,-0.026127182620791944,0.003780718336483932,0.0016181229773462784,-0.0021625953591376534,0.11058601134215501,0.08090614886731391,-0.0296798624748411
CONTRASTIVE,XGBOOST,82,1.0,0.01,IID_BALANCED->TEMPORAL,2116,8000,0.5,0.5,0.8641921283355051,0.8817076475049482,0.01751551916944316,0.013232514177693762,0.00675,-0.006482514177693762,0.2542533081285444,0.27025,0.01599669187145558
CONTRASTIVE,XGBOOST,82,1.0,0.01,IID_BALANCED->DOMAIN_OOD,2116,3858,0.5,0.5,0.8641921283355051,0.8441401399669972,-0.020051988368507856,0.013232514177693762,0.006220839813374806,-0.007011674364318956,0.2542533081285444,0.16226023846552617,-0.09199306966301823
CONTRASTIVE,XGBOOST,82,1.0,0.01,IID_BALANCED->TEMPLATE_OOD,2116,6832,0.5,0.5,0.8641921283355051,0.8831678501374296,0.018975721801924528,0.013232514177693762,0.005269320843091335,-0.007963193334602426,0.2542533081285444,0.26727166276346603,0.013018354634921625
CONTRASTIVE,XGBOOST,82,1.0,0.01,IID_BALANCED->DOMAIN_TEMPLATE_OOD,2116,3708,0.5,0.5,0.8641921283355051,0.8380649457147131,-0.026127182620791944,0.013232514177693762,0.005393743257820928,-0.007838770919872833,0.2542533081285444,0.15102481121898598,-0.10322849690955843
CONTRASTIVE,XGBOOST,82,1.0,0.02,IID_BALANCED->TEMPORAL,2116,8000,0.5,0.5,0.8641921283355051,0.8817076475049482,0.01751551916944316,0.026465028355387523,0.01325,-0.013215028355387523,0.35255198487712663,0.361,0.008448015122873354
CONTRASTIVE,XGBOOST,82,1.0,0.02,IID_BALANCED->DOMAIN_OOD,2116,3858,0.5,0.5,0.8641921283355051,0.8441401399669972,-0.020051988368507856,0.026465028355387523,0.014515292897874546,-0.011949735457512977,0.35255198487712663,0.2514256091238984,-0.10112637575322825
CONTRASTIVE,XGBOOST,82,1.0,0.02,IID_BALANCED->TEMPLATE_OOD,2116,6832,0.5,0.5,0.8641921283355051,0.8831678501374296,0.018975721801924528,0.026465028355387523,0.010831381733021077,-0.015633646622366444,0.35255198487712663,0.3542154566744731,0.0016634717973464386
CONTRASTIVE,XGBOOST,82,1.0,0.02,IID_BALANCED->DOMAIN_TEMPLATE_OOD,2116,3708,0.5,0.5,0.8641921283355051,0.8380649457147131,-0.026127182620791944,0.026465028355387523,0.012405609492988134,-0.014059418862399389,0.35255198487712663,0.24541531823085222,-0.10713666664627441
DAPT,LOGREG,42,0.1,0.005,IID_BALANCED->TEMPORAL,2116,8000,0.5,0.5,0.8911862092883179,0.9151393528299777,0.023953143541659783,0.003780718336483932,0.00225,-0.0015307183364839322,0.14839319470699433,0.22225,0.07385680529300567
DAPT,LOGREG,42,0.1,0.005,IID_BALANCED->DOMAIN_OOD,2116,3858,0.5,0.5,0.8911862092883179,0.8904571013486733,-0.0007291079396446465,0.003780718336483932,0.0036288232244686366,-0.00015189511201529546,0.14839319470699433,0.13893208916537067,-0.00946110554162366
DAPT,LOGREG,42,0.1,0.005,IID_BALANCED->TEMPLATE_OOD,2116,6832,0.5,0.5,0.8911862092883179,0.9151737023189007,0.023987493030582785,0.003780718336483932,0.0026346604215456673,-0.0011460579149382647,0.14839319470699433,0.20872365339578455,0.06033045868879022
DAPT,LOGREG,42,0.1,0.005,IID_BALANCED->DOMAIN_TEMPLATE_OOD,2116,3708,0.5,0.5,0.8911862092883179,0.8782175371202539,-0.012968672168064077,0.003780718336483932,0.0037756202804746495,-5.098056009282537e-06,0.14839319470699433,0.1272923408845739,-0.02110085382242044
DAPT,LOGREG,42,0.1,0.01,IID_BALANCED->TEMPORAL,2116,8000,0.5,0.5,0.8911862092883179,0.9151393528299777,0.023953143541659783,0.015122873345935728,0.00625,-0.008872873345935728,0.3950850661625709,0.40325,0.008164933837429111
DAPT,LOGREG,42,0.1,0.01,IID_BALANCED->DOMAIN_OOD,2116,3858,0.5,0.5,0.8911862092883179,0.8904571013486733,-0.0007291079396446465,0.015122873345935728,0.005702436495593572,-0.009420436850342155,0.3950850661625709,0.2913426645930534,-0.10374240156951747
DAPT,LOGREG,42,0.1,0.01,IID_BALANCED->TEMPLATE_OOD,2116,6832,0.5,0.5,0.8911862092883179,0.9151737023189007,0.023987493030582785,0.015122873345935728,0.005269320843091335,-0.009853552502844393,0.3950850661625709,0.38114754098360654,-0.01393752517896435
DAPT,LOGREG,42,0.1,0.01,IID_BALANCED->DOMAIN_TEMPLATE_OOD,2116,3708,0.5,0.5,0.8911862092883179,0.8782175371202539,-0.012968672168064077,0.015122873345935728,0.005933117583603021,-0.009189755762332708,0.3950850661625709,0.25836030204962246,-0.13672476411294843
DAPT,LOGREG,42,0.1,0.02,IID_BALANCED->TEMPORAL,2116,8000,0.5,0.5,0.8911862092883179,0.9151393528299777,0.023953143541659783,0.02835538752362949,0.0125,-0.01585538752362949,0.503780718336484,0.50875,0.0049692816635160675
DAPT,LOGREG,42,0.1,0.02,IID_BALANCED->DOMAIN_OOD,2116,3858,0.5,0.5,0.8911862092883179,0.8904571013486733,-0.0007291079396446465,0.02835538752362949,0.012441679626749611,-0.01591370789687988,0.503780718336484,0.3965785381026439,-0.1072021802338401
DAPT,LOGREG,42,0.1,0.02,IID_BALANCED->TEMPLATE_OOD,2116,6832,0.5,0.5,0.8911862092883179,0.9151737023189007,0.023987493030582785,0.02835538752362949,0.009660421545667448,-0.018694965977962042,0.503780718336484,0.4853629976580796,-0.01841772067840436
DAPT,LOGREG,42,0.1,0.02,IID_BALANCED->DOMAIN_TEMPLATE_OOD,2116,3708,0.5,0.5,0.8911862092883179,0.8782175371202539,-0.012968672168064077,0.02835538752362949,0.012405609492988134,-0.015949778030641355,0.503780718336484,0.3667745415318231,-0.13700617680466087
DAPT,LOGREG,42,0.25,0.005,IID_BALANCED->TEMPORAL,2116,8000,0.5,0.5,0.9136421979685253,0.935913994398004,0.02227179642947874,0.001890359168241966,0.002,0.00010964083175803402,0.2391304347826087,0.307,0.06786956521739129
DAPT,LOGREG,42,0.25,0.005,IID_BALANCED->DOMAIN_OOD,2116,3858,0.5,0.5,0.9136421979685253,0.9152257751992586,0.001583577230733324,0.001890359168241966,0.002592016588906169,0.000701657420664203,0.2391304347826087,0.2576464489372732,0.018516014154664473
DAPT,LOGREG,42,0.25,0.005,IID_BALANCED->TEMPLATE_OOD,2116,6832,0.5,0.5,0.9136421979685253,0.9326864021861703,0.019044204217644967,0.001890359168241966,0.00234192037470726,0.0004515612064652939,0.2391304347826087,0.3015222482435597,0.06239181346095102
DAPT,LOGREG,42,0.25,0.005,IID_BALANCED->DOMAIN_TEMPLATE_OOD,2116,3708,0.5,0.5,0.9136421979685253,0.9056939559715602,-0.007948241996965089,0.001890359168241966,0.002696871628910464,0.000806512460668498,0.2391304347826087,0.24919093851132687,0.010060503728718168
DAPT,LOGREG,42,0.25,0.01,IID_BALANCED->TEMPORAL,2116,8000,0.5,0.5,0.9136421979685253,0.935913994398004,0.02227179642947874,0.002835538752362949,0.00475,0.0019144612476370507,0.3931947069943289,0.40375,0.010555293005671096
DAPT,LOGREG,42,0.25,0.01,IID_BALANCED->DOMAIN_OOD,2116,3858,0.5,0.5,0.9136421979685253,0.9152257751992586,0.001583577230733324,0.002835538752362949,0.00673924313115604,0.0039037043787930907,0.3931947069943289,0.3379989631933644,-0.05519574380096448
DAPT,LOGREG,42,0.25,0.01,IID_BALANCED->TEMPLATE_OOD,2116,6832,0.5,0.5,0.9136421979685253,0.9326864021861703,0.019044204217644967,0.002835538752362949,0.004976580796252928,0.0021410420438899786,0.3931947069943289,0.3981264637002342,0.004931756705905288
DAPT,LOGREG,42,0.25,0.01,IID_BALANCED->DOMAIN_TEMPLATE_OOD,2116,3708,0.5,0.5,0.9136421979685253,0.9056939559715602,-0.007948241996965089,0.002835538752362949,0.007011866235167206,0.004176327482804257,0.3931947069943289,0.3263214670981661,-0.06687323989616278
DAPT,LOGREG,42,0.25,0.02,IID_BALANCED->TEMPORAL,2116,8000,0.5,0.5,0.9136421979685253,0.935913994398004,0.02227179642947874,0.017013232514177693,0.0115,-0.005513232514177693,0.47448015122873344,0.54075,0.06626984877126652
DAPT,LOGREG,42,0.25,0.02,IID_BALANCED->DOMAIN_OOD,2116,3858,0.5,0.5,0.9136421979685253,0.9152257751992586,0.001583577230733324,0.017013232514177693,0.012441679626749611,-0.004571552887428082,0.47448015122873344,0.4603421461897356,-0.014138005038997814
DAPT,LOGREG,42,0.25,0.02,IID_BALANCED->TEMPLATE_OOD,2116,6832,0.5,0.5,0.9136421979685253,0.9326864021861703,0.019044204217644967,0.017013232514177693,0.0117096018735363,-0.0053036306406413925,0.47448015122873344,0.5313231850117096,0.05684303378297617
DAPT,LOGREG,42,0.25,0.02,IID_BALANCED->DOMAIN_TEMPLATE_OOD,2116,3708,0.5,0.5,0.9136421979685253,0.9056939559715602,-0.007948241996965089,0.017013232514177693,0.012405609492988134,-0.004607623021189559,0.47448015122873344,0.43635382955771307,-0.03812632167102037
DAPT,LOGREG,42,1.0,0.005,IID_BALANCED->TEMPORAL,2116,8000,0.5,0.5,0.9288732215664101,0.9542373482735207,0.025364126707110635,0.004725897920604915,0.0025,-0.002225897920604915,0.31096408317580343,0.37625,0.06528591682419654
DAPT,LOGREG,42,1.0,0.005,IID_BALANCED->DOMAIN_OOD,2116,3858,0.5,0.5,0.9288732215664101,0.933296576736056,0.004423355169645982,0.004725897920604915,0.004665629860031105,-6.026806057381033e-05,0.31096408317580343,0.2913426645930534,-0.019621418582750016
DAPT,LOGREG,42,1.0,0.005,IID_BALANCED->TEMPLATE_OOD,2116,6832,0.5,0.5,0.9288732215664101,0.9514612117848026,0.02258799021839253,0.004725897920604915,0.0026346604215456673,-0.0020912374990592476,0.31096408317580343,0.36124121779859486,0.05027713462279143
DAPT,LOGREG,42,1.0,0.005,IID_BALANCED->DOMAIN_TEMPLATE_OOD,2116,3708,0.5,0.5,0.9288732215664101,0.9278258325752489,-0.001047388991161191,0.004725897920604915,0.004314994606256742,-0.00041090331434817315,0.31096408317580343,0.2588996763754045,-0.05206440680039892
DAPT,LOGREG,42,1.0,0.01,IID_BALANCED->TEMPORAL,2116,8000,0.5,0.5,0.9288732215664101,0.9542373482735207,0.025364126707110635,0.006616257088846881,0.008,0.0013837429111531194,0.45935727788279773,0.5335,0.07414272211720224
DAPT,LOGREG,42,1.0,0.01,IID_BALANCED->DOMAIN_OOD,2116,3858,0.5,0.5,0.9288732215664101,0.933296576736056,0.004423355169645982,0.006616257088846881,0.01088646967340591,0.0042702125845590294,0.45935727788279773,0.4489372731985485,-0.010420004684249251
DAPT,LOGREG,42,1.0,0.01,IID_BALANCED->TEMPLATE_OOD,2116,6832,0.5,0.5,0.9288732215664101,0.9514612117848026,0.02258799021839253,0.006616257088846881,0.00819672131147541,0.0015804642226285295,0.45935727788279773,0.5216627634660421,0.06230548558324439
DAPT,LOGREG,42,1.0,0.01,IID_BALANCED->DOMAIN_TEMPLATE_OOD,2116,3708,0.5,0.5,0.9288732215664101,0.9278258325752489,-0.001047388991161191,0.006616257088846881,0.010787486515641856,0.0041712294267949755,0.45935727788279773,0.4250269687162891,-0.034330309166508644
DAPT,LOGREG,42,1.0,0.02,IID_BALANCED->TEMPORAL,2116,8000,0.5,0.5,0.9288732215664101,0.9542373482735207,0.025364126707110635,0.015122873345935728,0.01225,-0.0028728733459357277,0.5737240075614367,0.62725,0.053525992438563263
DAPT,LOGREG,42,1.0,0.02,IID_BALANCED->DOMAIN_OOD,2116,3858,0.5,0.5,0.9288732215664101,0.933296576736056,0.004423355169645982,0.015122873345935728,0.01607050285121825,0.0009476295052825209,0.5737240075614367,0.5526179367547952,-0.021106070806641508
DAPT,LOGREG,42,1.0,0.02,IID_BALANCED->TEMPLATE_OOD,2116,6832,0.5,0.5,0.9288732215664101,0.9514612117848026,0.02258799021839253,0.015122873345935728,0.01288056206088993,-0.002242311285045798,0.5737240075614367,0.6223653395784543,0.04864133201701759
DAPT,LOGREG,42,1.0,0.02,IID_BALANCED->DOMAIN_TEMPLATE_OOD,2116,3708,0.5,0.5,0.9288732215664101,0.9278258325752489,-0.001047388991161191,0.015122873345935728,0.01564185544768069,0.0005189821017449626,0.5737240075614367,0.5345199568500539,-0.039204050711382776
DAPT,LOGREG,52,0.1,0.005,IID_BALANCED->TEMPORAL,2116,8000,0.5,0.5,0.8968747909132699,0.9176635575753527,0.020788766662082736,0.007561436672967864,0.00475,-0.0028114366729678642,0.33175803402646503,0.311,-0.020758034026465033
DAPT,LOGREG,52,0.1,0.005,IID_BALANCED->DOMAIN_OOD,2116,3858,0.5,0.5,0.8968747909132699,0.8909412746337857,-0.005933516279484241,0.007561436672967864,0.007257646448937273,-0.0003037902240305909,0.33175803402646503,0.2643856920684292,-0.06737234195803582
DAPT,LOGREG,52,0.1,0.005,IID_BALANCED->TEMPLATE_OOD,2116,6832,0.5,0.5,0.8968747909132699,0.9124132383376444,0.01553844742437449,0.007561436672967864,0.0055620608899297425,-0.0019993757830381216,0.33175803402646503,0.3073770491803279,-0.024380984846137155
DAPT,LOGREG,52,0.1,0.005,IID_BALANCED->DOMAIN_TEMPLATE_OOD,2116,3708,0.5,0.5,0.8968747909132699,0.8803314113576302,-0.01654337955563978,0.007561436672967864,0.007551240560949299,-1.0196112018565073e-05,0.33175803402646503,0.261596548004315,-0.07016148602215005
DAPT,LOGREG,52,0.1,0.01,IID_BALANCED->TEMPORAL,2116,8000,0.5,0.5,0.8968747909132699,0.9176635575753527,0.020788766662082736,0.008506616257088847,0.00775,-0.0007566162570888466,0.41965973534971646,0.3865,-0.033159735349716446
DAPT,LOGREG,52,0.1,0.01,IID_BALANCED->DOMAIN_OOD,2116,3858,0.5,0.5,0.8968747909132699,0.8909412746337857,-0.005933516279484241,0.008506616257088847,0.012441679626749611,0.003935063369660765,0.41965973534971646,0.3379989631933644,-0.08166077215635204
DAPT,LOGREG,52,0.1,0.01,IID_BALANCED->TEMPLATE_OOD,2116,6832,0.5,0.5,0.8968747909132699,0.9124132383376444,0.01553844742437449,0.008506616257088847,0.009074941451990632,0.0005683251949017854,0.41965973534971646,0.3826112412177986,-0.03704849413191785
DAPT,LOGREG,52,0.1,0.01,IID_BALANCED->DOMAIN_TEMPLATE_OOD,2116,3708,0.5,0.5,0.8968747909132699,0.8803314113576302,-0.01654337955563978,0.008506616257088847,0.012944983818770227,0.004438367561681381,0.41965973534971646,0.337108953613808,-0.08255078173590846
DAPT,LOGREG,52,0.1,0.02,IID_BALANCED->TEMPORAL,2116,8000,0.5,0.5,0.8968747909132699,0.9176635575753527,0.020788766662082736,0.02551984877126654,0.01575,-0.009769848771266541,0.5160680529300568,0.522,0.005931947069943266
DAPT,LOGREG,52,0.1,0.02,IID_BALANCED->DOMAIN_OOD,2116,3858,0.5,0.5,0.8968747909132699,0.8909412746337857,-0.005933516279484241,0.02551984877126654,0.021254536029030584,-0.004265312742235957,0.5160680529300568,0.472265422498704,-0.04380263043135274
DAPT,LOGREG,52,0.1,0.02,IID_BALANCED->TEMPLATE_OOD,2116,6832,0.5,0.5,0.8968747909132699,0.9124132383376444,0.01553844742437449,0.02551984877126654,0.016100702576112413,-0.009419146195154129,0.5160680529300568,0.5111241217798594,-0.0049439311501973116
DAPT,LOGREG,52,0.1,0.02,IID_BALANCED->DOMAIN_TEMPLATE_OOD,2116,3708,0.5,0.5,0.8968747909132699,0.8803314113576302,-0.01654337955563978,0.02551984877126654,0.022114347357065803,-0.003405501414200738,0.5160680529300568,0.45792880258899676,-0.05813925034105999
DAPT,LOGREG,52,0.25,0.005,IID_BALANCED->TEMPORAL,2116,8000,0.5,0.5,0.9111518062995705,0.9380569234925584,0.026905117192987937,0.008506616257088847,0.00525,-0.0032566162570888462,0.2599243856332703,0.31825,0.05832561436672967
DAPT,LOGREG,52,0.25,0.005,IID_BALANCED->DOMAIN_OOD,2116,3858,0.5,0.5,0.9111518062995705,0.926137321545783,0.0149855152462125,0.008506616257088847,0.002073613271124935,-0.006433002985963911,0.2599243856332703,0.279419388284085,0.01949500265081472
DAPT,LOGREG,52,0.25,0.005,IID_BALANCED->TEMPLATE_OOD,2116,6832,0.5,0.5,0.9111518062995705,0.9359254761483851,0.024773669848814572,0.008506616257088847,0.0032201405152224825,-0.005286475741866364,0.2599243856332703,0.30415690866510536,0.04423252303183506
DAPT,LOGREG,52,0.25,0.005,IID_BALANCED->DOMAIN_TEMPLATE_OOD,2116,3708,0.5,0.5,0.9111518062995705,0.9188787362090894,0.007726929909518954,0.008506616257088847,0.002157497303128371,-0.006349118953960476,0.2599243856332703,0.2772384034519957,0.01731401781872538
DAPT,LOGREG,52,0.25,0.01,IID_BALANCED->TEMPORAL,2116,8000,0.5,0.5,0.9111518062995705,0.9380569234925584,0.026905117192987937,0.012287334593572778,0.00925,-0.0030373345935727786,0.44612476370510395,0.443,-0.00312476370510395
DAPT,LOGREG,52,0.25,0.01,IID_BALANCED->DOMAIN_OOD,2116,3858,0.5,0.5,0.9111518062995705,0.926137321545783,0.0149855152462125,0.012287334593572778,0.006220839813374806,-0.006066494780197973,0.44612476370510395,0.3986521513737688,-0.04747261233133515
DAPT,LOGREG,52,0.25,0.01,IID_BALANCED->TEMPLATE_OOD,2116,6832,0.5,0.5,0.9111518062995705,0.9359254761483851,0.024773669848814572,0.012287334593572778,0.007611241217798595,-0.0046760933757741836,0.44612476370510395,0.4215456674473068,-0.02457909625779714
DAPT,LOGREG,52,0.25,0.01,IID_BALANCED->DOMAIN_TEMPLATE_OOD,2116,3708,0.5,0.5,0.9111518062995705,0.9188787362090894,0.007726929909518954,0.012287334593572778,0.006472491909385114,-0.005814842684187665,0.44612476370510395,0.378101402373247,-0.06802336133185694
DAPT,LOGREG,52,0.25,0.02,IID_BALANCED->TEMPORAL,2116,8000,0.5,0.5,0.9111518062995705,0.9380569234925584,0.026905117192987937,0.03213610586011342,0.0205,-0.011636105860113422,0.552930056710775,0.5975,0.044569943289225034
DAPT,LOGREG,52,0.25,0.02,IID_BALANCED->DOMAIN_OOD,2116,3858,0.5,0.5,0.9111518062995705,0.926137321545783,0.0149855152462125,0.03213610586011342,0.01866251944012442,-0.013473586419989005,0.552930056710775,0.5578019699326076,0.004871913221832558
DAPT,LOGREG,52,0.25,0.02,IID_BALANCED->TEMPLATE_OOD,2116,6832,0.5,0.5,0.9111518062995705,0.9359254761483851,0.024773669848814572,0.03213610586011342,0.018149882903981264,-0.013986222956132159,0.552930056710775,0.5769906323185011,0.02406057560772612
DAPT,LOGREG,52,0.25,0.02,IID_BALANCED->DOMAIN_TEMPLATE_OOD,2116,3708,0.5,0.5,0.9111518062995705,0.9188787362090894,0.007726929909518954,0.03213610586011342,0.018878101402373247,-0.013258004457740176,0.552930056710775,0.529126213592233,-0.023803843118542
DAPT,LOGREG,52,1.0,0.005,IID_BALANCED->TEMPORAL,2116,8000,0.5,0.5,0.931480684412849,0.9515694533474055,0.020088768934556467,0.001890359168241966,0.003,0.001109640831758034,0.26937618147448017,0.35575,0.08637381852551984
DAPT,LOGREG,52,1.0,0.005,IID_BALANCED->DOMAIN_OOD,2116,3858,0.5,0.5,0.931480684412849,0.9311754984575011,-0.0003051859553478975,0.001890359168241966,0.005702436495593572,0.0038120773273516064,0.26937618147448017,0.2809745982374287,0.011598416762948538
DAPT,LOGREG,52,1.0,0.005,IID_BALANCED->TEMPLATE_OOD,2116,6832,0.5,0.5,0.931480684412849,0.9479178184241971,0.016437134011348054,0.001890359168241966,0.0032201405152224825,0.0013297813469805165,0.26937618147448017,0.3427985948477752,0.07342241337329503
DAPT,LOGREG,52,1.0,0.005,IID_BALANCED->DOMAIN_TEMPLATE_OOD,2116,3708,0.5,0.5,0.931480684412849,0.9247397461113124,-0.006740938301536659,0.001890359168241966,0.005393743257820928,0.0035033840895789623,0.26937618147448017,0.261596548004315,-0.007779633470165193
DAPT,LOGREG,52,1.0,0.01,IID_BALANCED->TEMPORAL,2116,8000,0.5,0.5,0.931480684412849,0.9515694533474055,0.020088768934556467,0.011342155009451797,0.008,-0.0033421550094517964,0.40831758034026466,0.51625,0.10793241965973532
DAPT,LOGREG,52,1.0,0.01,IID_BALANCED->DOMAIN_OOD,2116,3858,0.5,0.5,0.931480684412849,0.9311754984575011,-0.0003051859553478975,0.011342155009451797,0.01088646967340591,-0.0004556853360458864,0.40831758034026466,0.432348367029549,0.024030786689284322
DAPT,LOGREG,52,1.0,0.01,IID_BALANCED->TEMPLATE_OOD,2116,6832,0.5,0.5,0.931480684412849,0.9479178184241971,0.016437134011348054,0.011342155009451797,0.008489461358313818,-0.0028526936511379785,0.40831758034026466,0.5014637002341921,0.0931461198939274
DAPT,LOGREG,52,1.0,0.01,IID_BALANCED->DOMAIN_TEMPLATE_OOD,2116,3708,0.5,0.5,0.931480684412849,0.9247397461113124,-0.006740938301536659,0.011342155009451797,0.010787486515641856,-0.0005546684938099403,0.40831758034026466,0.4039913700107875,-0.004326210329477165
DAPT,LOGREG,52,1.0,0.02,IID_BALANCED->TEMPORAL,2116,8000,0.5,0.5,0.931480684412849,0.9515694533474055,0.020088768934556467,0.020793950850661626,0.0155,-0.005293950850661627,0.5945179584120983,0.62175,0.027232041587901712
DAPT,LOGREG,52,1.0,0.02,IID_BALANCED->DOMAIN_OOD,2116,3858,0.5,0.5,0.931480684412849,0.9311754984575011,-0.0003051859553478975,0.020793950850661626,0.01918092275790565,-0.0016130280927559755,0.5945179584120983,0.5448418869880767,-0.04967607142402164
DAPT,LOGREG,52,1.0,0.02,IID_BALANCED->TEMPLATE_OOD,2116,6832,0.5,0.5,0.931480684412849,0.9479178184241971,0.016437134011348054,0.020793950850661626,0.016100702576112413,-0.004693248274549214,0.5945179584120983,0.6068501170960188,0.012332158683920458
DAPT,LOGREG,52,1.0,0.02,IID_BALANCED->DOMAIN_TEMPLATE_OOD,2116,3708,0.5,0.5,0.931480684412849,0.9247397461113124,-0.006740938301536659,0.020793950850661626,0.018878101402373247,-0.0019158494482883794,0.5945179584120983,0.517799352750809,-0.0767186056612893
DAPT,LOGREG,62,0.1,0.005,IID_BALANCED->TEMPORAL,2116,8000,0.5,0.5,0.8944329079753368,0.9172683850667207,0.022835477091383893,0.011342155009451797,0.00325,-0.008092155009451797,0.33553875236294894,0.25925,-0.07628875236294896
DAPT,LOGREG,62,0.1,0.005,IID_BALANCED->DOMAIN_OOD,2116,3858,0.5,0.5,0.8944329079753368,0.8823391287185185,-0.012093779256818316,0.011342155009451797,0.004665629860031105,-0.006676525149420692,0.33553875236294894,0.20736132711249353,-0.12817742525045542
DAPT,LOGREG,62,0.1,0.005,IID_BALANCED->TEMPLATE_OOD,2116,6832,0.5,0.5,0.8944329079753368,0.9100590359997753,0.015626128024438524,0.011342155009451797,0.0038056206088992973,-0.007536534400552499,0.33553875236294894,0.24151053864168617,-0.09402821372126277
DAPT,LOGREG,62,0.1,0.005,IID_BALANCED->DOMAIN_TEMPLATE_OOD,2116,3708,0.5,0.5,0.8944329079753368,0.8720204556612519,-0.022412452314084952,0.011342155009451797,0.0048543689320388345,-0.006487786077412962,0.33553875236294894,0.1925566343042071,-0.14298211805874184
DAPT,LOGREG,62,0.1,0.01,IID_BALANCED->TEMPORAL,2116,8000,0.5,0.5,0.8944329079753368,0.9172683850667207,0.022835477091383893,0.015122873345935728,0.00575,-0.009372873345935728,0.41965973534971646,0.3685,-0.05115973534971646
DAPT,LOGREG,62,0.1,0.01,IID_BALANCED->DOMAIN_OOD,2116,3858,0.5,0.5,0.8944329079753368,0.8823391287185185,-0.012093779256818316,0.015122873345935728,0.00933125972006221,-0.005791613625873519,0.41965973534971646,0.30171073094867806,-0.1179490044010384
DAPT,LOGREG,62,0.1,0.01,IID_BALANCED->TEMPLATE_OOD,2116,6832,0.5,0.5,0.8944329079753368,0.9100590359997753,0.015626128024438524,0.015122873345935728,0.006440281030444965,-0.008682592315490763,0.41965973534971646,0.3518735362997658,-0.06778619904995065
DAPT,LOGREG,62,0.1,0.01,IID_BALANCED->DOMAIN_TEMPLATE_OOD,2116,3708,0.5,0.5,0.8944329079753368,0.8720204556612519,-0.022412452314084952,0.015122873345935728,0.009169363538295576,-0.005953509807640152,0.41965973534971646,0.2826321467098166,-0.13702758863989983
DAPT,LOGREG,62,0.1,0.02,IID_BALANCED->TEMPORAL,2116,8000,0.5,0.5,0.8944329079753368,0.9172683850667207,0.022835477091383893,0.024574669187145556,0.01425,-0.010324669187145556,0.5207939508506616,0.52425,0.0034560491493383916
DAPT,LOGREG,62,0.1,0.02,IID_BALANCED->DOMAIN_OOD,2116,3858,0.5,0.5,0.8944329079753368,0.8823391287185185,-0.012093779256818316,0.024574669187145556,0.02177293934681182,-0.002801729840333736,0.5207939508506616,0.4453084499740798,-0.07548550087658179
DAPT,LOGREG,62,0.1,0.02,IID_BALANCED->TEMPLATE_OOD,2116,6832,0.5,0.5,0.8944329079753368,0.9100590359997753,0.015626128024438524,0.024574669187145556,0.015807962529274005,-0.008766706657871551,0.5207939508506616,0.5102459016393442,-0.010548049211317356
DAPT,LOGREG,62,0.1,0.02,IID_BALANCED->DOMAIN_TEMPLATE_OOD,2116,3708,0.5,0.5,0.8944329079753368,0.8720204556612519,-0.022412452314084952,0.024574669187145556,0.021035598705501618,-0.0035390704816439383,0.5207939508506616,0.42934196332254587,-0.09145198752811573
DAPT,LOGREG,62,0.25,0.005,IID_BALANCED->TEMPORAL,2116,8000,0.5,0.5,0.9035209196964356,0.932502746913793,0.028981827217357425,0.005671077504725898,0.0035,-0.0021710775047258982,0.30907372400756145,0.349,0.03992627599243853
DAPT,LOGREG,62,0.25,0.005,IID_BALANCED->DOMAIN_OOD,2116,3858,0.5,0.5,0.9035209196964356,0.905880238633723,0.002359318937287469,0.005671077504725898,0.005184033177812338,-0.0004870443269135603,0.30907372400756145,0.31363400725764645,0.004560283250085007
DAPT,LOGREG,62,0.25,0.005,IID_BALANCED->TEMPLATE_OOD,2116,6832,0.5,0.5,0.9035209196964356,0.9278775715725875,0.02435665187615199,0.005671077504725898,0.0038056206088992973,-0.001865456895826601,0.30907372400756145,0.3507025761124122,0.04162885210485073
DAPT,LOGREG,62,0.25,0.005,IID_BALANCED->DOMAIN_TEMPLATE_OOD,2116,3708,0.5,0.5,0.9035209196964356,0.8976479495640595,-0.0058729701323760874,0.005671077504725898,0.005393743257820928,-0.00027733424690497017,0.30907372400756145,0.30960086299892126,0.0005271389913598101
DAPT,LOGREG,62,0.25,0.01,IID_BALANCED->TEMPORAL,2116,8000,0.5,0.5,0.9035209196964356,0.932502746913793,0.028981827217357425,0.010396975425330813,0.005,-0.005396975425330813,0.3799621928166352,0.4425,0.06253780718336482
DAPT,LOGREG,62,0.25,0.01,IID_BALANCED->DOMAIN_OOD,2116,3858,0.5,0.5,0.9035209196964356,0.905880238633723,0.002359318937287469,0.010396975425330813,0.00673924313115604,-0.0036577322941747734,0.3799621928166352,0.3831000518403318,0.003137859023696621
DAPT,LOGREG,62,0.25,0.01,IID_BALANCED->TEMPLATE_OOD,2116,6832,0.5,0.5,0.9035209196964356,0.9278775715725875,0.02435665187615199,0.010396975425330813,0.0055620608899297425,-0.004834914535401071,0.3799621928166352,0.43940281030444966,0.059440617487814484
DAPT,LOGREG,62,0.25,0.01,IID_BALANCED->DOMAIN_TEMPLATE_OOD,2116,3708,0.5,0.5,0.9035209196964356,0.8976479495640595,-0.0058729701323760874,0.010396975425330813,0.007011866235167206,-0.003385109190163607,0.3799621928166352,0.378101402373247,-0.0018607904433881606
DAPT,LOGREG,62,0.25,0.02,IID_BALANCED->TEMPORAL,2116,8000,0.5,0.5,0.9035209196964356,0.932502746913793,0.028981827217357425,0.01890359168241966,0.011,-0.00790359168241966,0.46975425330812853,0.5315,0.06174574669187144
DAPT,LOGREG,62,0.25,0.02,IID_BALANCED->DOMAIN_OOD,2116,3858,0.5,0.5,0.9035209196964356,0.905880238633723,0.002359318937287469,0.01890359168241966,0.014515292897874546,-0.0043882987845451134,0.46975425330812853,0.46397096941420424,-0.005783283893924296
DAPT,LOGREG,62,0.25,0.02,IID_BALANCED->TEMPLATE_OOD,2116,6832,0.5,0.5,0.9035209196964356,0.9278775715725875,0.02435665187615199,0.01890359168241966,0.0117096018735363,-0.007193989808883359,0.46975425330812853,0.5234192037470726,0.05366495043894409
DAPT,LOGREG,62,0.25,0.02,IID_BALANCED->DOMAIN_TEMPLATE_OOD,2116,3708,0.5,0.5,0.9035209196964356,0.8976479495640595,-0.0058729701323760874,0.01890359168241966,0.014563106796116505,-0.0043404848863031545,0.46975425330812853,0.45415318230852214,-0.015601070999606392
DAPT,LOGREG,62,1.0,0.005,IID_BALANCED->TEMPORAL,2116,8000,0.5,0.5,0.9338098802711656,0.9545465207892715,0.020736640518105864,0.004725897920604915,0.00475,2.410207939508493e-05,0.390359168241966,0.40525,0.014890831758034018
DAPT,LOGREG,62,1.0,0.005,IID_BALANCED->DOMAIN_OOD,2116,3858,0.5,0.5,0.9338098802711656,0.935074339323443,0.0012644590522773447,0.004725897920604915,0.006220839813374806,0.0014949418927698906,0.390359168241966,0.3001555209953344,-0.0902036472466316
DAPT,LOGREG,62,1.0,0.005,IID_BALANCED->TEMPLATE_OOD,2116,6832,0.5,0.5,0.9338098802711656,0.95110664549115,0.017296765219984356,0.004725897920604915,0.004976580796252928,0.00025068287564801277,0.390359168241966,0.38524590163934425,-0.0051132666026217355
DAPT,LOGREG,62,1.0,0.005,IID_BALANCED->DOMAIN_TEMPLATE_OOD,2116,3708,0.5,0.5,0.9338098802711656,0.9296296108537839,-0.004180269417381699,0.004725897920604915,0.005933117583603021,0.001207219662998106,0.390359168241966,0.2691477885652643,-0.1212113796767017
DAPT,LOGREG,62,1.0,0.01,IID_BALANCED->TEMPORAL,2116,8000,0.5,0.5,0.9338098802711656,0.9545465207892715,0.020736640518105864,0.011342155009451797,0.01,-0.0013421550094517964,0.5415879017013232,0.5515,0.009912098298676786
DAPT,LOGREG,62,1.0,0.01,IID_BALANCED->DOMAIN_OOD,2116,3858,0.5,0.5,0.9338098802711656,0.935074339323443,0.0012644590522773447,0.011342155009451797,0.011404872991187144,6.271798173534786e-05,0.5415879017013232,0.45619491964748576,-0.08539298205383744
DAPT,LOGREG,62,1.0,0.01,IID_BALANCED->TEMPLATE_OOD,2116,6832,0.5,0.5,0.9338098802711656,0.95110664549115,0.017296765219984356,0.011342155009451797,0.010245901639344262,-0.001096253370107535,0.5415879017013232,0.5348360655737705,-0.006751836127552702
DAPT,LOGREG,62,1.0,0.01,IID_BALANCED->DOMAIN_TEMPLATE_OOD,2116,3708,0.5,0.5,0.9338098802711656,0.9296296108537839,-0.004180269417381699,0.011342155009451797,0.011326860841423949,-1.529416802784761e-05,0.5415879017013232,0.4331175836030205,-0.10847031809830271
DAPT,LOGREG,62,1.0,0.02,IID_BALANCED->TEMPORAL,2116,8000,0.5,0.5,0.9338098802711656,0.9545465207892715,0.020736640518105864,0.014177693761814745,0.01275,-0.0014276937618147457,0.5831758034026465,0.61175,0.028574196597353496
DAPT,LOGREG,62,1.0,0.02,IID_BALANCED->DOMAIN_OOD,2116,3858,0.5,0.5,0.9338098802711656,0.935074339323443,0.0012644590522773447,0.014177693761814745,0.01503369621565578,0.0008560024538410357,0.5831758034026465,0.5282529808190772,-0.054922822583569286
DAPT,LOGREG,62,1.0,0.02,IID_BALANCED->TEMPLATE_OOD,2116,6832,0.5,0.5,0.9338098802711656,0.95110664549115,0.017296765219984356,0.014177693761814745,0.013173302107728338,-0.0010043916540864069,0.5831758034026465,0.5939695550351288,0.010793751632482307
DAPT,LOGREG,62,1.0,0.02,IID_BALANCED->DOMAIN_TEMPLATE_OOD,2116,3708,0.5,0.5,0.9338098802711656,0.9296296108537839,-0.004180269417381699,0.014177693761814745,0.015102481121898598,0.0009247873600838532,0.5831758034026465,0.4994606256742179,-0.08371517772842862
DAPT,LOGREG,72,0.1,0.005,IID_BALANCED->TEMPORAL,2116,8000,0.5,0.5,0.8985196427378819,0.9225213574727441,0.024001714734862234,0.002835538752362949,0.00175,-0.0010855387523629491,0.13705103969754254,0.08775,-0.04930103969754254
DAPT,LOGREG,72,0.1,0.005,IID_BALANCED->DOMAIN_OOD,2116,3858,0.5,0.5,0.8985196427378819,0.8896127834535545,-0.008906859284327329,0.002835538752362949,0.003110419906687403,0.00027488115432445365,0.13705103969754254,0.06946604458268534,-0.0675849951148572
DAPT,LOGREG,72,0.1,0.005,IID_BALANCED->TEMPLATE_OOD,2116,6832,0.5,0.5,0.8985196427378819,0.914617562814465,0.016097920076583172,0.002835538752362949,0.0020491803278688526,-0.0007863584244940966,0.13705103969754254,0.0857728337236534,-0.05127820597388914
DAPT,LOGREG,72,0.1,0.005,IID_BALANCED->DOMAIN_TEMPLATE_OOD,2116,3708,0.5,0.5,0.8985196427378819,0.8782842397749882,-0.020235402962893723,0.002835538752362949,0.003236245954692557,0.00040070720232960764,0.13705103969754254,0.06418554476806904,-0.0728654949294735
DAPT,LOGREG,72,0.1,0.01,IID_BALANCED->TEMPORAL,2116,8000,0.5,0.5,0.8985196427378819,0.9225213574727441,0.024001714734862234,0.006616257088846881,0.004,-0.0026162570888468807,0.21361058601134217,0.217,0.00338941398865783
DAPT,LOGREG,72,0.1,0.01,IID_BALANCED->DOMAIN_OOD,2116,3858,0.5,0.5,0.8985196427378819,0.8896127834535545,-0.008906859284327329,0.006616257088846881,0.007257646448937273,0.0006413893600903924,0.21361058601134217,0.16485225505443235,-0.04875833095690982
DAPT,LOGREG,72,0.1,0.01,IID_BALANCED->TEMPLATE_OOD,2116,6832,0.5,0.5,0.8985196427378819,0.914617562814465,0.016097920076583172,0.006616257088846881,0.00468384074941452,-0.0019324163394323609,0.21361058601134217,0.2063817330210773,-0.007228852990264878
DAPT,LOGREG,72,0.1,0.01,IID_BALANCED->DOMAIN_TEMPLATE_OOD,2116,3708,0.5,0.5,0.8985196427378819,0.8782842397749882,-0.020235402962893723,0.006616257088846881,0.007551240560949299,0.0009349834721024183,0.21361058601134217,0.15480043149946063,-0.05881015451188154
DAPT,LOGREG,72,0.1,0.02,IID_BALANCED->TEMPORAL,2116,8000,0.5,0.5,0.8985196427378819,0.9225213574727441,0.024001714734862234,0.01984877126654064,0.0125,-0.007348771266540641,0.40359168241965976,0.40175,-0.0018416824196597625
DAPT,LOGREG,72,0.1,0.02,IID_BALANCED->DOMAIN_OOD,2116,3858,0.5,0.5,0.8985196427378819,0.8896127834535545,-0.008906859284327329,0.01984877126654064,0.017107309486780714,-0.0027414617797599274,0.40359168241965976,0.31726283048211507,-0.08632885193754469
DAPT,LOGREG,72,0.1,0.02,IID_BALANCED->TEMPLATE_OOD,2116,6832,0.5,0.5,0.8985196427378819,0.914617562814465,0.016097920076583172,0.01984877126654064,0.01405152224824356,-0.005797249018297082,0.40359168241965976,0.38231850117096017,-0.02127318124869959
DAPT,LOGREG,72,0.1,0.02,IID_BALANCED->DOMAIN_TEMPLATE_OOD,2116,3708,0.5,0.5,0.8985196427378819,0.8782842397749882,-0.020235402962893723,0.01984877126654064,0.017259978425026967,-0.002588792841513674,0.40359168241965976,0.2885652642934196,-0.11502641812624015
DAPT,LOGREG,72,0.25,0.005,IID_BALANCED->TEMPORAL,2116,8000,0.5,0.5,0.9167264134885829,0.939561744848182,0.022835331359599143,0.0,0.003,0.003,0.16918714555765596,0.155,-0.014187145557655961
DAPT,LOGREG,72,0.25,0.005,IID_BALANCED->DOMAIN_OOD,2116,3858,0.5,0.5,0.9167264134885829,0.9134673400235803,-0.0032590734650025377,0.0,0.00414722654224987,0.00414722654224987,0.16918714555765596,0.12337998963193364,-0.04580715592572232
DAPT,LOGREG,72,0.25,0.005,IID_BALANCED->TEMPLATE_OOD,2116,6832,0.5,0.5,0.9167264134885829,0.9338931499474105,0.017166736458827603,0.0,0.00351288056206089,0.00351288056206089,0.16918714555765596,0.1449063231850117,-0.024280822372644256
DAPT,LOGREG,72,0.25,0.005,IID_BALANCED->DOMAIN_TEMPLATE_OOD,2116,3708,0.5,0.5,0.9167264134885829,0.9049071300453214,-0.011819283443261441,0.0,0.004314994606256742,0.004314994606256742,0.16918714555765596,0.10949298813376483,-0.05969415742389113
DAPT,LOGREG,72,0.25,0.01,IID_BALANCED->TEMPORAL,2116,8000,0.5,0.5,0.9167264134885829,0.939561744848182,0.022835331359599143,0.002835538752362949,0.0045,0.0016644612476370505,0.2599243856332703,0.27525,0.01532561436672969
DAPT,LOGREG,72,0.25,0.01,IID_BALANCED->DOMAIN_OOD,2116,3858,0.5,0.5,0.9167264134885829,0.9134673400235803,-0.0032590734650025377,0.002835538752362949,0.00673924313115604,0.0039037043787930907,0.2599243856332703,0.21410057024364956,-0.04582381538962074
DAPT,LOGREG,72,0.25,0.01,IID_BALANCED->TEMPLATE_OOD,2116,6832,0.5,0.5,0.9167264134885829,0.9338931499474105,0.017166736458827603,0.002835538752362949,0.005269320843091335,0.0024337820907283855,0.2599243856332703,0.2590749414519906,-0.0008494441812796905
DAPT,LOGREG,72,0.25,0.01,IID_BALANCED->DOMAIN_TEMPLATE_OOD,2116,3708,0.5,0.5,0.9167264134885829,0.9049071300453214,-0.011819283443261441,0.002835538752362949,0.007011866235167206,0.004176327482804257,0.2599243856332703,0.19039913700107874,-0.06952524863219156
DAPT,LOGREG,72,0.25,0.02,IID_BALANCED->TEMPORAL,2116,8000,0.5,0.5,0.9167264134885829,0.939561744848182,0.022835331359599143,0.01606805293005671,0.013,-0.003068052930056712,0.5151228733459358,0.48875,-0.026372873345935743
DAPT,LOGREG,72,0.25,0.02,IID_BALANCED->DOMAIN_OOD,2116,3858,0.5,0.5,0.9167264134885829,0.9134673400235803,-0.0032590734650025377,0.01606805293005671,0.01866251944012442,0.002594466510067707,0.5151228733459358,0.4131674442716433,-0.10195542907429245
DAPT,LOGREG,72,0.25,0.02,IID_BALANCED->TEMPLATE_OOD,2116,6832,0.5,0.5,0.9167264134885829,0.9338931499474105,0.017166736458827603,0.01606805293005671,0.014637002341920375,-0.0014310505881363362,0.5151228733459358,0.46662763466042156,-0.0484952386855142
DAPT,LOGREG,72,0.25,0.02,IID_BALANCED->DOMAIN_TEMPLATE_OOD,2116,3708,0.5,0.5,0.9167264134885829,0.9049071300453214,-0.011819283443261441,0.01606805293005671,0.019417475728155338,0.0033494227980986266,0.5151228733459358,0.3775620280474649,-0.13756084529847085
DAPT,LOGREG,72,1.0,0.005,IID_BALANCED->TEMPORAL,2116,8000,0.5,0.5,0.9347312651790387,0.9514064166989107,0.016675151519871978,0.002835538752362949,0.00125,-0.0015855387523629491,0.31379962192816635,0.30725,-0.006549621928166327
DAPT,LOGREG,72,1.0,0.005,IID_BALANCED->DOMAIN_OOD,2116,3858,0.5,0.5,0.9347312651790387,0.9276714404979072,-0.007059824681131532,0.002835538752362949,0.002073613271124935,-0.000761925481238014,0.31379962192816635,0.20580611715914982,-0.10799350476901654
DAPT,LOGREG,72,1.0,0.005,IID_BALANCED->TEMPLATE_OOD,2116,6832,0.5,0.5,0.9347312651790387,0.9472330428058566,0.012501777626817923,0.002835538752362949,0.0014637002341920376,-0.0013718385181709116,0.31379962192816635,0.2962529274004684,-0.01754669452769797
DAPT,LOGREG,72,1.0,0.005,IID_BALANCED->DOMAIN_TEMPLATE_OOD,2116,3708,0.5,0.5,0.9347312651790387,0.9220500045301339,-0.012681260648904846,0.002835538752362949,0.002157497303128371,-0.0006780414492345782,0.31379962192816635,0.17853290183387271,-0.13526672009429364
DAPT,LOGREG,72,1.0,0.01,IID_BALANCED->TEMPORAL,2116,8000,0.5,0.5,0.9347312651790387,0.9514064166989107,0.016675151519871978,0.005671077504725898,0.00425,-0.001421077504725898,0.4546313799621928,0.438,-0.016631379962192827
DAPT,LOGREG,72,1.0,0.01,IID_BALANCED->DOMAIN_OOD,2116,3858,0.5,0.5,0.9347312651790387,0.9276714404979072,-0.007059824681131532,0.005671077504725898,0.00673924313115604,0.0010681656264301415,0.4546313799621928,0.33644375324002074,-0.11818762672217209
DAPT,LOGREG,72,1.0,0.01,IID_BALANCED->TEMPLATE_OOD,2116,6832,0.5,0.5,0.9347312651790387,0.9472330428058566,0.012501777626817923,0.005671077504725898,0.00468384074941452,-0.0009872367553113784,0.4546313799621928,0.4244730679156909,-0.030158312046501934
DAPT,LOGREG,72,1.0,0.01,IID_BALANCED->DOMAIN_TEMPLATE_OOD,2116,3708,0.5,0.5,0.9347312651790387,0.9220500045301339,-0.012681260648904846,0.005671077504725898,0.006472491909385114,0.0008014144046592153,0.4546313799621928,0.30960086299892126,-0.14503051696327157
DAPT,LOGREG,72,1.0,0.02,IID_BALANCED->TEMPORAL,2116,8000,0.5,0.5,0.9347312651790387,0.9514064166989107,0.016675151519871978,0.015122873345935728,0.0115,-0.0036228733459357284,0.5472589792060492,0.55925,0.011991020793950868
DAPT,LOGREG,72,1.0,0.02,IID_BALANCED->DOMAIN_OOD,2116,3858,0.5,0.5,0.9347312651790387,0.9276714404979072,-0.007059824681131532,0.015122873345935728,0.01503369621565578,-8.91771302799476e-05,0.5472589792060492,0.46708138932089166,-0.0801775898851575
DAPT,LOGREG,72,1.0,0.02,IID_BALANCED->TEMPLATE_OOD,2116,6832,0.5,0.5,0.9347312651790387,0.9472330428058566,0.012501777626817923,0.015122873345935728,0.01288056206088993,-0.002242311285045798,0.5472589792060492,0.5415690866510539,-0.005689892554995302
DAPT,LOGREG,72,1.0,0.02,IID_BALANCED->DOMAIN_TEMPLATE_OOD,2116,3708,0.5,0.5,0.9347312651790387,0.9220500045301339,-0.012681260648904846,0.015122873345935728,0.014563106796116505,-0.0005597665498192229,0.5472589792060492,0.4374325782092772,-0.10982640099677193
DAPT,LOGREG,82,0.1,0.005,IID_BALANCED->TEMPORAL,2116,8000,0.5,0.5,0.9072981858930504,0.9144085546955879,0.007110368802537459,0.001890359168241966,0.00275,0.0008596408317580338,0.18620037807183365,0.24925,0.06304962192816635
DAPT,LOGREG,82,0.1,0.005,IID_BALANCED->DOMAIN_OOD,2116,3858,0.5,0.5,0.9072981858930504,0.8946493937144051,-0.01264879217864534,0.001890359168241966,0.0015552099533437014,-0.00033514921489826463,0.18620037807183365,0.17366511145671332,-0.012535266615120333
DAPT,LOGREG,82,0.1,0.005,IID_BALANCED->TEMPLATE_OOD,2116,6832,0.5,0.5,0.9072981858930504,0.9159964941256646,0.008698308232614194,0.001890359168241966,0.001756440281030445,-0.00013391888721152106,0.18620037807183365,0.2429742388758782,0.05677386080404456
DAPT,LOGREG,82,0.1,0.005,IID_BALANCED->DOMAIN_TEMPLATE_OOD,2116,3708,0.5,0.5,0.9072981858930504,0.8839986074526058,-0.023299578440444613,0.001890359168241966,0.0016181229773462784,-0.00027223619089568763,0.18620037807183365,0.1650485436893204,-0.02115183438251325
DAPT,LOGREG,82,0.1,0.01,IID_BALANCED->TEMPORAL,2116,8000,0.5,0.5,0.9072981858930504,0.9144085546955879,0.007110368802537459,0.013232514177693762,0.0085,-0.004732514177693761,0.3544423440453686,0.36375,0.0093076559546314
DAPT,LOGREG,82,0.1,0.01,IID_BALANCED->DOMAIN_OOD,2116,3858,0.5,0.5,0.9072981858930504,0.8946493937144051,-0.01264879217864534,0.013232514177693762,0.005184033177812338,-0.008048480999881424,0.3544423440453686,0.2866770347330223,-0.06776530931234631
DAPT,LOGREG,82,0.1,0.01,IID_BALANCED->TEMPLATE_OOD,2116,6832,0.5,0.5,0.9072981858930504,0.9159964941256646,0.008698308232614194,0.013232514177693762,0.0055620608899297425,-0.007670453287764019,0.3544423440453686,0.35011709601873536,-0.004325248026633255
DAPT,LOGREG,82,0.1,0.01,IID_BALANCED->DOMAIN_TEMPLATE_OOD,2116,3708,0.5,0.5,0.9072981858930504,0.8839986074526058,-0.023299578440444613,0.013232514177693762,0.005393743257820928,-0.007838770919872833,0.3544423440453686,0.255663430420712,-0.09877891362465663
DAPT,LOGREG,82,0.1,0.02,IID_BALANCED->TEMPORAL,2116,8000,0.5,0.5,0.9072981858930504,0.9144085546955879,0.007110368802537459,0.023629489603024575,0.021,-0.0026294896030245735,0.5217391304347826,0.5395,0.017760869565217385
DAPT,LOGREG,82,0.1,0.02,IID_BALANCED->DOMAIN_OOD,2116,3858,0.5,0.5,0.9072981858930504,0.8946493937144051,-0.01264879217864534,0.023629489603024575,0.01658890616899948,-0.007040583434025093,0.5217391304347826,0.46967340590979784,-0.05206572452498476
DAPT,LOGREG,82,0.1,0.02,IID_BALANCED->TEMPLATE_OOD,2116,6832,0.5,0.5,0.9072981858930504,0.9159964941256646,0.008698308232614194,0.023629489603024575,0.015807962529274005,-0.00782152707375057,0.5217391304347826,0.5169789227166276,-0.004760207718154996
DAPT,LOGREG,82,0.1,0.02,IID_BALANCED->DOMAIN_TEMPLATE_OOD,2116,3708,0.5,0.5,0.9072981858930504,0.8839986074526058,-0.023299578440444613,0.023629489603024575,0.01564185544768069,-0.007987634155343884,0.5217391304347826,0.43096008629989213,-0.09077904413489046
DAPT,LOGREG,82,0.25,0.005,IID_BALANCED->TEMPORAL,2116,8000,0.5,0.5,0.9002668129267796,0.9286948006718043,0.028427987745024752,0.008506616257088847,0.0075,-0.0010066162570888468,0.19281663516068054,0.332,0.13918336483931948
DAPT,LOGREG,82,0.25,0.005,IID_BALANCED->DOMAIN_OOD,2116,3858,0.5,0.5,0.9002668129267796,0.9200825851596475,0.0198157722328679,0.008506616257088847,0.004665629860031105,-0.003840986397057742,0.19281663516068054,0.2939346811819596,0.10111804602127905
DAPT,LOGREG,82,0.25,0.005,IID_BALANCED->TEMPLATE_OOD,2116,6832,0.5,0.5,0.9002668129267796,0.9295487403264926,0.029281927399713026,0.008506616257088847,0.004976580796252928,-0.003530035460835919,0.19281663516068054,0.3135245901639344,0.12070795500325388
DAPT,LOGREG,82,0.25,0.005,IID_BALANCED->DOMAIN_TEMPLATE_OOD,2116,3708,0.5,0.5,0.9002668129267796,0.9113303882495987,0.011063575322819097,0.008506616257088847,0.0048543689320388345,-0.003652247325050012,0.19281663516068054,0.2680690399137001,0.07525240475301959
DAPT,LOGREG,82,0.25,0.01,IID_BALANCED->TEMPORAL,2116,8000,0.5,0.5,0.9002668129267796,0.9286948006718043,0.028427987745024752,0.012287334593572778,0.00925,-0.0030373345935727786,0.2381852551984877,0.386,0.1478147448015123
DAPT,LOGREG,82,0.25,0.01,IID_BALANCED->DOMAIN_OOD,2116,3858,0.5,0.5,0.9002668129267796,0.9200825851596475,0.0198157722328679,0.012287334593572778,0.005184033177812338,-0.00710330141576044,0.2381852551984877,0.34007257646448935,0.10188732126600164
DAPT,LOGREG,82,0.25,0.01,IID_BALANCED->TEMPLATE_OOD,2116,6832,0.5,0.5,0.9002668129267796,0.9295487403264926,0.029281927399713026,0.012287334593572778,0.006440281030444965,-0.005847053563127813,0.2381852551984877,0.3638758782201405,0.1256906230216528
DAPT,LOGREG,82,0.25,0.01,IID_BALANCED->DOMAIN_TEMPLATE_OOD,2116,3708,0.5,0.5,0.9002668129267796,0.9113303882495987,0.011063575322819097,0.012287334593572778,0.005393743257820928,-0.00689359133575185,0.2381852551984877,0.30528586839266453,0.06710061319417682
DAPT,LOGREG,82,0.25,0.02,IID_BALANCED->TEMPORAL,2116,8000,0.5,0.5,0.9002668129267796,0.9286948006718043,0.028427987745024752,0.024574669187145556,0.019,-0.005574669187145557,0.390359168241966,0.56025,0.16989083175803404
DAPT,LOGREG,82,0.25,0.02,IID_BALANCED->DOMAIN_OOD,2116,3858,0.5,0.5,0.9002668129267796,0.9200825851596475,0.0198157722328679,0.024574669187145556,0.012960082944530845,-0.011614586242614711,0.390359168241966,0.5064800414722654,0.11612087323029946
DAPT,LOGREG,82,0.25,0.02,IID_BALANCED->TEMPLATE_OOD,2116,6832,0.5,0.5,0.9002668129267796,0.9295487403264926,0.029281927399713026,0.024574669187145556,0.014637002341920375,-0.009937666845225181,0.390359168241966,0.5374707259953162,0.14711155775335022
DAPT,LOGREG,82,0.25,0.02,IID_BALANCED->DOMAIN_TEMPLATE_OOD,2116,3708,0.5,0.5,0.9002668129267796,0.9113303882495987,0.011063575322819097,0.024574669187145556,0.012405609492988134,-0.012169059694157422,0.390359168241966,0.47195253505933116,0.08159336681736518
DAPT,LOGREG,82,1.0,0.005,IID_BALANCED->TEMPORAL,2116,8000,0.5,0.5,0.9397190581465779,0.9557130082249132,0.015993950078335373,0.001890359168241966,0.00125,-0.000640359168241966,0.1947069943289225,0.258,0.06329300567107751
DAPT,LOGREG,82,1.0,0.005,IID_BALANCED->DOMAIN_OOD,2116,3858,0.5,0.5,0.9397190581465779,0.9371315011180287,-0.002587557028549181,0.001890359168241966,0.002073613271124935,0.00018325410288296917,0.1947069943289225,0.2011404872991187,0.006433492970196214
DAPT,LOGREG,82,1.0,0.005,IID_BALANCED->TEMPLATE_OOD,2116,6832,0.5,0.5,0.9397190581465779,0.9528411196017188,0.013122061455140943,0.001890359168241966,0.00117096018735363,-0.000719398980888336,0.1947069943289225,0.2388758782201405,0.04416888389121801
DAPT,LOGREG,82,1.0,0.005,IID_BALANCED->DOMAIN_TEMPLATE_OOD,2116,3708,0.5,0.5,0.9397190581465779,0.9321542066008885,-0.007564851545689311,0.001890359168241966,0.0016181229773462784,-0.00027223619089568763,0.1947069943289225,0.1715210355987055,-0.023185958730217004
DAPT,LOGREG,82,1.0,0.01,IID_BALANCED->TEMPORAL,2116,8000,0.5,0.5,0.9397190581465779,0.9557130082249132,0.015993950078335373,0.008506616257088847,0.00675,-0.0017566162570888466,0.48582230623818523,0.5055,0.01967769376181472
DAPT,LOGREG,82,1.0,0.01,IID_BALANCED->DOMAIN_OOD,2116,3858,0.5,0.5,0.9397190581465779,0.9371315011180287,-0.002587557028549181,0.008506616257088847,0.007776049766718507,-0.0007305664903703392,0.48582230623818523,0.4085018144116122,-0.07732049182657302
DAPT,LOGREG,82,1.0,0.01,IID_BALANCED->TEMPLATE_OOD,2116,6832,0.5,0.5,0.9397190581465779,0.9528411196017188,0.013122061455140943,0.008506616257088847,0.006440281030444965,-0.0020663352266438815,0.48582230623818523,0.4806791569086651,-0.005143149329520147
DAPT,LOGREG,82,1.0,0.01,IID_BALANCED->DOMAIN_TEMPLATE_OOD,2116,3708,0.5,0.5,0.9397190581465779,0.9321542066008885,-0.007564851545689311,0.008506616257088847,0.007011866235167206,-0.0014947500219216403,0.48582230623818523,0.36893203883495146,-0.11689026740323377
DAPT,LOGREG,82,1.0,0.02,IID_BALANCED->TEMPORAL,2116,8000,0.5,0.5,0.9397190581465779,0.9557130082249132,0.015993950078335373,0.01606805293005671,0.0135,-0.0025680529300567117,0.5746691871455577,0.6135,0.03883081285444234
DAPT,LOGREG,82,1.0,0.02,IID_BALANCED->DOMAIN_OOD,2116,3858,0.5,0.5,0.9397190581465779,0.9371315011180287,-0.002587557028549181,0.01606805293005671,0.015552099533437015,-0.0005159533966196967,0.5746691871455577,0.5272161741835147,-0.04745301296204296
DAPT,LOGREG,82,1.0,0.02,IID_BALANCED->TEMPLATE_OOD,2116,6832,0.5,0.5,0.9397190581465779,0.9528411196017188,0.013122061455140943,0.01606805293005671,0.013173302107728338,-0.0028947508223283736,0.5746691871455577,0.5925058548009368,0.017836667655379057
DAPT,LOGREG,82,1.0,0.02,IID_BALANCED->DOMAIN_TEMPLATE_OOD,2116,3708,0.5,0.5,0.9397190581465779,0.9321542066008885,-0.007564851545689311,0.01606805293005671,0.015102481121898598,-0.0009655718081581135,0.5746691871455577,0.49568500539374327,-0.07898418175181443
DAPT,MLP,42,0.1,0.005,IID_BALANCED->TEMPORAL,2116,8000,0.5,0.5,0.8864140450923769,0.9117350075317493,0.02532096243937243,0.013232514177693762,0.006,-0.007232514177693761,0.23724007561436672,0.30725,0.0700099243856333
DAPT,MLP,42,0.1,0.005,IID_BALANCED->DOMAIN_OOD,2116,3858,0.5,0.5,0.8864140450923769,0.8779480183053615,-0.008466026787015357,0.013232514177693762,0.005184033177812338,-0.008048480999881424,0.23724007561436672,0.18921721099015035,-0.04802286462421637
DAPT,MLP,42,0.1,0.005,IID_BALANCED->TEMPLATE_OOD,2116,6832,0.5,0.5,0.8864140450923769,0.9091005888383092,0.022686543745932375,0.013232514177693762,0.004391100702576112,-0.00884141347511765,0.23724007561436672,0.2965456674473068,0.0593055918329401
DAPT,MLP,42,0.1,0.005,IID_BALANCED->DOMAIN_TEMPLATE_OOD,2116,3708,0.5,0.5,0.8864140450923769,0.864587006552688,-0.021827038539688814,0.013232514177693762,0.005393743257820928,-0.007838770919872833,0.23724007561436672,0.1709816612729234,-0.0662584143414433
DAPT,MLP,42,0.1,0.01,IID_BALANCED->TEMPORAL,2116,8000,0.5,0.5,0.8864140450923769,0.9117350075317493,0.02532096243937243,0.017958412098298678,0.009,-0.008958412098298679,0.29678638941398866,0.384,0.08721361058601135
DAPT,MLP,42,0.1,0.01,IID_BALANCED->DOMAIN_OOD,2116,3858,0.5,0.5,0.8864140450923769,0.8779480183053615,-0.008466026787015357,0.017958412098298678,0.00829445308449974,-0.009663959013798937,0.29678638941398866,0.2680145152928979,-0.02877187412109078
DAPT,MLP,42,0.1,0.01,IID_BALANCED->TEMPLATE_OOD,2116,6832,0.5,0.5,0.8864140450923769,0.9091005888383092,0.022686543745932375,0.017958412098298678,0.006733021077283372,-0.011225391021015305,0.29678638941398866,0.3714871194379391,0.07470073002395045
DAPT,MLP,42,0.1,0.01,IID_BALANCED->DOMAIN_TEMPLATE_OOD,2116,3708,0.5,0.5,0.8864140450923769,0.864587006552688,-0.021827038539688814,0.017958412098298678,0.008629989212513484,-0.009328422885785195,0.29678638941398866,0.24973031283710895,-0.04705607657687971
DAPT,MLP,42,0.1,0.02,IID_BALANCED->TEMPORAL,2116,8000,0.5,0.5,0.8864140450923769,0.9117350075317493,0.02532096243937243,0.034026465028355386,0.0205,-0.013526465028355385,0.4499054820415879,0.5055,0.055594517958412026
DAPT,MLP,42,0.1,0.02,IID_BALANCED->DOMAIN_OOD,2116,3858,0.5,0.5,0.8864140450923769,0.8779480183053615,-0.008466026787015357,0.034026465028355386,0.02177293934681182,-0.012253525681543566,0.4499054820415879,0.39968895800933124,-0.05021652403225668
DAPT,MLP,42,0.1,0.02,IID_BALANCED->TEMPLATE_OOD,2116,6832,0.5,0.5,0.8864140450923769,0.9091005888383092,0.022686543745932375,0.034026465028355386,0.019320843091334895,-0.014705621937020491,0.4499054820415879,0.47804449648711944,0.02813901444553152
DAPT,MLP,42,0.1,0.02,IID_BALANCED->DOMAIN_TEMPLATE_OOD,2116,3708,0.5,0.5,0.8864140450923769,0.864587006552688,-0.021827038539688814,0.034026465028355386,0.022114347357065803,-0.011912117671289583,0.4499054820415879,0.36839266450916935,-0.08151281753241857
DAPT,MLP,42,0.25,0.005,IID_BALANCED->TEMPORAL,2116,8000,0.5,0.5,0.9031099608918588,0.9337253208821631,0.03061535999030429,0.010396975425330813,0.006,-0.004396975425330813,0.32514177693761814,0.4005,0.07535822306238188
DAPT,MLP,42,0.25,0.005,IID_BALANCED->DOMAIN_OOD,2116,3858,0.5,0.5,0.9031099608918588,0.9015195446682549,-0.0015904162236038966,0.010396975425330813,0.00829445308449974,-0.0021025223408310725,0.32514177693761814,0.2846034214618974,-0.040538355475720766
DAPT,MLP,42,0.25,0.005,IID_BALANCED->TEMPLATE_OOD,2116,6832,0.5,0.5,0.9031099608918588,0.9266647436538664,0.02355478276200762,0.010396975425330813,0.006733021077283372,-0.003663954348047441,0.32514177693761814,0.3864168618266979,0.061275084889079734
DAPT,MLP,42,0.25,0.005,IID_BALANCED->DOMAIN_TEMPLATE_OOD,2116,3708,0.5,0.5,0.9031099608918588,0.8903806586209242,-0.012729302270934606,0.010396975425330813,0.008629989212513484,-0.0017669862128173296,0.32514177693761814,0.2702265372168285,-0.054915239720789655
DAPT,MLP,42,0.25,0.01,IID_BALANCED->TEMPORAL,2116,8000,0.5,0.5,0.9031099608918588,0.9337253208821631,0.03061535999030429,0.015122873345935728,0.0085,-0.006622873345935728,0.3657844990548204,0.4485,0.0827155009451796
DAPT,MLP,42,0.25,0.01,IID_BALANCED->DOMAIN_OOD,2116,3858,0.5,0.5,0.9031099608918588,0.9015195446682549,-0.0015904162236038966,0.015122873345935728,0.01088646967340591,-0.004236403672529818,0.3657844990548204,0.33488854328667705,-0.030895955768143357
DAPT,MLP,42,0.25,0.01,IID_BALANCED->TEMPLATE_OOD,2116,6832,0.5,0.5,0.9031099608918588,0.9266647436538664,0.02355478276200762,0.015122873345935728,0.009660421545667448,-0.005462451800268281,0.3657844990548204,0.43062060889929743,0.06483610984447702
DAPT,MLP,42,0.25,0.01,IID_BALANCED->DOMAIN_TEMPLATE_OOD,2116,3708,0.5,0.5,0.9031099608918588,0.8903806586209242,-0.012729302270934606,0.015122873345935728,0.011326860841423949,-0.0037960125045117792,0.3657844990548204,0.31283710895361383,-0.05294739010120658
DAPT,MLP,42,0.25,0.02,IID_BALANCED->TEMPORAL,2116,8000,0.5,0.5,0.9031099608918588,0.9337253208821631,0.03061535999030429,0.03213610586011342,0.01775,-0.014386105860113425,0.5066162570888468,0.55725,0.05063374291115319
DAPT,MLP,42,0.25,0.02,IID_BALANCED->DOMAIN_OOD,2116,3858,0.5,0.5,0.9031099608918588,0.9015195446682549,-0.0015904162236038966,0.03213610586011342,0.02280974598237429,-0.009326359877739134,0.5066162570888468,0.45049248315189216,-0.05612377393695467
DAPT,MLP,42,0.25,0.02,IID_BALANCED->TEMPLATE_OOD,2116,6832,0.5,0.5,0.9031099608918588,0.9266647436538664,0.02355478276200762,0.03213610586011342,0.019613583138173303,-0.01252252272194012,0.5066162570888468,0.5351288056206089,0.028512548531762105
DAPT,MLP,42,0.25,0.02,IID_BALANCED->DOMAIN_TEMPLATE_OOD,2116,3708,0.5,0.5,0.9031099608918588,0.8903806586209242,-0.012729302270934606,0.03213610586011342,0.02319309600862999,-0.008943009851483434,0.5066162570888468,0.41639697950377563,-0.0902192775850712
DAPT,MLP,42,1.0,0.005,IID_BALANCED->TEMPORAL,2116,8000,0.5,0.5,0.9417117545755489,0.9586253205567101,0.016913565981161227,0.003780718336483932,0.0025,-0.001280718336483932,0.4735349716446125,0.4465,-0.027034971644612493
DAPT,MLP,42,1.0,0.005,IID_BALANCED->DOMAIN_OOD,2116,3858,0.5,0.5,0.9417117545755489,0.9410772840307625,-0.0006344705447863808,0.003780718336483932,0.0036288232244686366,-0.00015189511201529546,0.4735349716446125,0.3431829963711768,-0.13035197527343573
DAPT,MLP,42,1.0,0.005,IID_BALANCED->TEMPLATE_OOD,2116,6832,0.5,0.5,0.9417117545755489,0.9547263428092307,0.013014588233681845,0.003780718336483932,0.002927400468384075,-0.0008533178680998569,0.4735349716446125,0.42857142857142855,-0.044963543073183954
DAPT,MLP,42,1.0,0.005,IID_BALANCED->DOMAIN_TEMPLATE_OOD,2116,3708,0.5,0.5,0.9417117545755489,0.9350070084339457,-0.006704746141603213,0.003780718336483932,0.0037756202804746495,-5.098056009282537e-06,0.4735349716446125,0.3187702265372168,-0.15476474510739568
DAPT,MLP,42,1.0,0.01,IID_BALANCED->TEMPORAL,2116,8000,0.5,0.5,0.9417117545755489,0.9586253205567101,0.016913565981161227,0.013232514177693762,0.008,-0.005232514177693761,0.5595463137996219,0.5555,-0.004046313799621948
DAPT,MLP,42,1.0,0.01,IID_BALANCED->DOMAIN_OOD,2116,3858,0.5,0.5,0.9417117545755489,0.9410772840307625,-0.0006344705447863808,0.013232514177693762,0.00933125972006221,-0.0039012544576315523,0.5595463137996219,0.47485743908761013,-0.08468887471201181
DAPT,MLP,42,1.0,0.01,IID_BALANCED->TEMPLATE_OOD,2116,6832,0.5,0.5,0.9417117545755489,0.9547263428092307,0.013014588233681845,0.013232514177693762,0.00819672131147541,-0.005035792866218351,0.5595463137996219,0.5339578454332553,-0.025588468366366635
DAPT,MLP,42,1.0,0.01,IID_BALANCED->DOMAIN_TEMPLATE_OOD,2116,3708,0.5,0.5,0.9417117545755489,0.9350070084339457,-0.006704746141603213,0.013232514177693762,0.009169363538295576,-0.004063150639398185,0.5595463137996219,0.441747572815534,-0.11779874098408794
DAPT,MLP,42,1.0,0.02,IID_BALANCED->TEMPORAL,2116,8000,0.5,0.5,0.9417117545755489,0.9586253205567101,0.016913565981161227,0.022684310018903593,0.0225,-0.000184310018903594,0.6427221172022685,0.6895,0.04677788279773154
DAPT,MLP,42,1.0,0.02,IID_BALANCED->DOMAIN_OOD,2116,3858,0.5,0.5,0.9417117545755489,0.9410772840307625,-0.0006344705447863808,0.022684310018903593,0.03162260238465526,0.008938292365751666,0.6427221172022685,0.6288232244686366,-0.013898892733631873
DAPT,MLP,42,1.0,0.02,IID_BALANCED->TEMPLATE_OOD,2116,6832,0.5,0.5,0.9417117545755489,0.9547263428092307,0.013014588233681845,0.022684310018903593,0.02224824355971897,-0.0004360664591846232,0.6427221172022685,0.6715456674473068,0.028823550245038354
DAPT,MLP,42,1.0,0.02,IID_BALANCED->DOMAIN_TEMPLATE_OOD,2116,3708,0.5,0.5,0.9417117545755489,0.9350070084339457,-0.006704746141603213,0.022684310018903593,0.02912621359223301,0.0064419035733294175,0.6427221172022685,0.5895361380798274,-0.05318597912244105
DAPT,MLP,52,0.1,0.005,IID_BALANCED->TEMPORAL,2116,8000,0.5,0.5,0.850799786323265,0.8624409615611266,0.011641175237861567,0.006616257088846881,0.00375,-0.002866257088846881,0.12003780718336483,0.0415,-0.07853780718336484
DAPT,MLP,52,0.1,0.005,IID_BALANCED->DOMAIN_OOD,2116,3858,0.5,0.5,0.850799786323265,0.8067973749353841,-0.04400241138788097,0.006616257088846881,0.006220839813374806,-0.0003954172754720752,0.12003780718336483,0.03265940902021773,-0.0873783981631471
DAPT,MLP,52,0.1,0.005,IID_BALANCED->TEMPLATE_OOD,2116,6832,0.5,0.5,0.850799786323265,0.8545138990633533,0.00371411274008826,0.006616257088846881,0.004391100702576112,-0.0022251563862707687,0.12003780718336483,0.03454332552693208,-0.08549448165643275
DAPT,MLP,52,0.1,0.005,IID_BALANCED->DOMAIN_TEMPLATE_OOD,2116,3708,0.5,0.5,0.850799786323265,0.7903226163909116,-0.060477169932353414,0.006616257088846881,0.006472491909385114,-0.0001437651794617672,0.12003780718336483,0.023732470334412083,-0.09630533684895275
DAPT,MLP,52,0.1,0.01,IID_BALANCED->TEMPORAL,2116,8000,0.5,0.5,0.850799786323265,0.8624409615611266,0.011641175237861567,0.01606805293005671,0.00825,-0.007818052930056711,0.2060491493383743,0.13825,-0.06779914933837428
DAPT,MLP,52,0.1,0.01,IID_BALANCED->DOMAIN_OOD,2116,3858,0.5,0.5,0.850799786323265,0.8067973749353841,-0.04400241138788097,0.01606805293005671,0.012960082944530845,-0.003107969985525866,0.2060491493383743,0.09227579056505962,-0.11377335877331467
DAPT,MLP,52,0.1,0.01,IID_BALANCED->TEMPLATE_OOD,2116,6832,0.5,0.5,0.850799786323265,0.8545138990633533,0.00371411274008826,0.01606805293005671,0.00936768149882904,-0.006700371431227672,0.2060491493383743,0.1323185011709602,-0.07373064816741409
DAPT,MLP,52,0.1,0.01,IID_BALANCED->DOMAIN_TEMPLATE_OOD,2116,3708,0.5,0.5,0.850799786323265,0.7903226163909116,-0.060477169932353414,0.01606805293005671,0.01348435814455232,-0.0025836947855043917,0.2060491493383743,0.0889967637540453,-0.11705238558432898
DAPT,MLP,52,0.1,0.02,IID_BALANCED->TEMPORAL,2116,8000,0.5,0.5,0.850799786323265,0.8624409615611266,0.011641175237861567,0.023629489603024575,0.01225,-0.011379489603024574,0.2533081285444234,0.2015,-0.051808128544423404
DAPT,MLP,52,0.1,0.02,IID_BALANCED->DOMAIN_OOD,2116,3858,0.5,0.5,0.850799786323265,0.8067973749353841,-0.04400241138788097,0.023629489603024575,0.01866251944012442,-0.004966970162900156,0.2533081285444234,0.13271124935199585,-0.12059687919242756
DAPT,MLP,52,0.1,0.02,IID_BALANCED->TEMPLATE_OOD,2116,6832,0.5,0.5,0.850799786323265,0.8545138990633533,0.00371411274008826,0.023629489603024575,0.013758782201405152,-0.009870707401619423,0.2533081285444234,0.1914519906323185,-0.061856137912104925
DAPT,MLP,52,0.1,0.02,IID_BALANCED->DOMAIN_TEMPLATE_OOD,2116,3708,0.5,0.5,0.850799786323265,0.7903226163909116,-0.060477169932353414,0.023629489603024575,0.018878101402373247,-0.004751388200651328,0.2533081285444234,0.12405609492988134,-0.12925203361454207
DAPT,MLP,52,0.25,0.005,IID_BALANCED->TEMPORAL,2116,8000,0.5,0.5,0.8950935541450735,0.9286748912133302,0.03358133706825672,0.011342155009451797,0.007,-0.0043421550094517964,0.2892249527410208,0.334,0.04477504725897924
DAPT,MLP,52,0.25,0.005,IID_BALANCED->DOMAIN_OOD,2116,3858,0.5,0.5,0.8950935541450735,0.9097361680880964,0.014642613943022909,0.011342155009451797,0.0036288232244686366,-0.00771333178498316,0.2892249527410208,0.2534992223950233,-0.035725730345997464
DAPT,MLP,52,0.25,0.005,IID_BALANCED->TEMPLATE_OOD,2116,6832,0.5,0.5,0.8950935541450735,0.9251190511333787,0.030025496988305145,0.011342155009451797,0.005269320843091335,-0.006072834166360462,0.2892249527410208,0.31469555035128804,0.025470597610267265
DAPT,MLP,52,0.25,0.005,IID_BALANCED->DOMAIN_TEMPLATE_OOD,2116,3708,0.5,0.5,0.8950935541450735,0.900573898751755,0.005480344606681453,0.011342155009451797,0.0037756202804746495,-0.0075665347289771475,0.2892249527410208,0.2389428263214671,-0.05028212641955368
DAPT,MLP,52,0.25,0.01,IID_BALANCED->TEMPORAL,2116,8000,0.5,0.5,0.8950935541450735,0.9286748912133302,0.03358133706825672,0.01984877126654064,0.01225,-0.007598771266540641,0.3676748582230624,0.46825,0.1005751417769376
DAPT,MLP,52,0.25,0.01,IID_BALANCED->DOMAIN_OOD,2116,3858,0.5,0.5,0.8950935541450735,0.9097361680880964,0.014642613943022909,0.01984877126654064,0.009849663037843442,-0.0099991082286972,0.3676748582230624,0.39346811819595645,0.025793259972894056
DAPT,MLP,52,0.25,0.01,IID_BALANCED->TEMPLATE_OOD,2116,6832,0.5,0.5,0.8950935541450735,0.9251190511333787,0.030025496988305145,0.01984877126654064,0.00936768149882904,-0.010481089767711602,0.3676748582230624,0.4455503512880562,0.0778754930649938
DAPT,MLP,52,0.25,0.01,IID_BALANCED->DOMAIN_TEMPLATE_OOD,2116,3708,0.5,0.5,0.8950935541450735,0.900573898751755,0.005480344606681453,0.01984877126654064,0.010248112189859764,-0.009600659076680878,0.3676748582230624,0.37001078748651567,0.0023359292634532736
DAPT,MLP,52,0.25,0.02,IID_BALANCED->TEMPORAL,2116,8000,0.5,0.5,0.8950935541450735,0.9286748912133302,0.03358133706825672,0.0444234404536862,0.02175,-0.022673440453686203,0.5491493383742911,0.5925,0.043350661625708886
DAPT,MLP,52,0.25,0.02,IID_BALANCED->DOMAIN_OOD,2116,3858,0.5,0.5,0.8950935541450735,0.9097361680880964,0.014642613943022909,0.0444234404536862,0.023846552617936754,-0.020576887835749447,0.5491493383742911,0.5230689476412649,-0.02608039073302626
DAPT,MLP,52,0.25,0.02,IID_BALANCED->TEMPLATE_OOD,2116,6832,0.5,0.5,0.8950935541450735,0.9251190511333787,0.030025496988305145,0.0444234404536862,0.01990632318501171,-0.02451711726867449,0.5491493383742911,0.5676229508196722,0.018473612445381038
DAPT,MLP,52,0.25,0.02,IID_BALANCED->DOMAIN_TEMPLATE_OOD,2116,3708,0.5,0.5,0.8950935541450735,0.900573898751755,0.005480344606681453,0.0444234404536862,0.02481121898597627,-0.019612221467709932,0.5491493383742911,0.4962243797195254,-0.052924958654765764
DAPT,MLP,52,1.0,0.005,IID_BALANCED->TEMPORAL,2116,8000,0.5,0.5,0.9315715534027409,0.948200058768874,0.01662850536613314,0.002835538752362949,0.001,-0.0018355387523629491,0.2514177693761815,0.31375,0.062332230623818485
DAPT,MLP,52,1.0,0.005,IID_BALANCED->DOMAIN_OOD,2116,3858,0.5,0.5,0.9315715534027409,0.9318032441757099,0.00023169077296902874,0.002835538752362949,0.0010368066355624676,-0.0017987321168004815,0.2514177693761815,0.1964748574390876,-0.054942911937093886
DAPT,MLP,52,1.0,0.005,IID_BALANCED->TEMPLATE_OOD,2116,6832,0.5,0.5,0.9315715534027409,0.9435736065507954,0.01200205314805447,0.002835538752362949,0.00117096018735363,-0.0016645785650093192,0.2514177693761815,0.29859484777517564,0.047177078398994154
DAPT,MLP,52,1.0,0.005,IID_BALANCED->DOMAIN_TEMPLATE_OOD,2116,3708,0.5,0.5,0.9315715534027409,0.9246180369941708,-0.006953516408570115,0.002835538752362949,0.0010787486515641855,-0.0017567901007987637,0.2514177693761815,0.1709816612729234,-0.08043610810325807
DAPT,MLP,52,1.0,0.01,IID_BALANCED->TEMPORAL,2116,8000,0.5,0.5,0.9315715534027409,0.948200058768874,0.01662850536613314,0.015122873345935728,0.01125,-0.0038728733459357286,0.5207939508506616,0.53625,0.015456049149338402
DAPT,MLP,52,1.0,0.01,IID_BALANCED->DOMAIN_OOD,2116,3858,0.5,0.5,0.9315715534027409,0.9318032441757099,0.00023169077296902874,0.015122873345935728,0.012441679626749611,-0.002681193719186117,0.5207939508506616,0.4556765163297045,-0.06511743452095708
DAPT,MLP,52,1.0,0.01,IID_BALANCED->TEMPLATE_OOD,2116,6832,0.5,0.5,0.9315715534027409,0.9435736065507954,0.01200205314805447,0.015122873345935728,0.011124121779859485,-0.003998751566076243,0.5207939508506616,0.5073185011709602,-0.013475449679701379
DAPT,MLP,52,1.0,0.01,IID_BALANCED->DOMAIN_TEMPLATE_OOD,2116,3708,0.5,0.5,0.9315715534027409,0.9246180369941708,-0.006953516408570115,0.015122873345935728,0.011866235167206042,-0.0032566381787296865,0.5207939508506616,0.40722761596548,-0.11356633488518159
DAPT,MLP,52,1.0,0.02,IID_BALANCED->TEMPORAL,2116,8000,0.5,0.5,0.9315715534027409,0.948200058768874,0.01662850536613314,0.027410207939508508,0.023,-0.0044102079395085085,0.6068052930056711,0.64425,0.03744470699432889
DAPT,MLP,52,1.0,0.02,IID_BALANCED->DOMAIN_OOD,2116,3858,0.5,0.5,0.9315715534027409,0.9318032441757099,0.00023169077296902874,0.027410207939508508,0.027475375842405392,6.516790289688365e-05,0.6068052930056711,0.583203732503888,-0.02360156050178308
DAPT,MLP,52,1.0,0.02,IID_BALANCED->TEMPLATE_OOD,2116,6832,0.5,0.5,0.9315715534027409,0.9435736065507954,0.01200205314805447,0.027410207939508508,0.022833723653395786,-0.0045764842861127225,0.6068052930056711,0.6209016393442623,0.014096346338591248
DAPT,MLP,52,1.0,0.02,IID_BALANCED->DOMAIN_TEMPLATE_OOD,2116,3708,0.5,0.5,0.9315715534027409,0.9246180369941708,-0.006953516408570115,0.027410207939508508,0.025889967637540454,-0.0015202403019680538,0.6068052930056711,0.5544768069039914,-0.05232848610167973
DAPT,MLP,62,0.1,0.005,IID_BALANCED->TEMPORAL,2116,8000,0.5,0.5,0.8857103436900917,0.8907261849840948,0.0050158412940031205,0.00945179584120983,0.0035,-0.00595179584120983,0.3553875236294896,0.22725,-0.1281375236294896
DAPT,MLP,62,0.1,0.005,IID_BALANCED->DOMAIN_OOD,2116,3858,0.5,0.5,0.8857103436900917,0.8427640129600927,-0.04294633072999898,0.00945179584120983,0.004665629860031105,-0.004786165981178725,0.3553875236294896,0.13996889580093314,-0.21541862782855647
DAPT,MLP,62,0.1,0.005,IID_BALANCED->TEMPLATE_OOD,2116,6832,0.5,0.5,0.8857103436900917,0.8830188557989804,-0.0026914878911112883,0.00945179584120983,0.004098360655737705,-0.005353435185472125,0.3553875236294896,0.2101873536299766,-0.14520016999951302
DAPT,MLP,62,0.1,0.005,IID_BALANCED->DOMAIN_TEMPLATE_OOD,2116,3708,0.5,0.5,0.8857103436900917,0.8277158346823756,-0.05799450900771608,0.00945179584120983,0.0048543689320388345,-0.004597426909170995,0.3553875236294896,0.1256742179072276,-0.229713305722262
DAPT,MLP,62,0.1,0.01,IID_BALANCED->TEMPORAL,2116,8000,0.5,0.5,0.8857103436900917,0.8907261849840948,0.0050158412940031205,0.017958412098298678,0.0065,-0.01145841209829868,0.40359168241965976,0.29175,-0.11184168241965975
DAPT,MLP,62,0.1,0.01,IID_BALANCED->DOMAIN_OOD,2116,3858,0.5,0.5,0.8857103436900917,0.8427640129600927,-0.04294633072999898,0.017958412098298678,0.00933125972006221,-0.008627152378236469,0.40359168241965976,0.18610679108346292,-0.21748489133619683
DAPT,MLP,62,0.1,0.01,IID_BALANCED->TEMPLATE_OOD,2116,6832,0.5,0.5,0.8857103436900917,0.8830188557989804,-0.0026914878911112883,0.017958412098298678,0.006733021077283372,-0.011225391021015305,0.40359168241965976,0.27137002341920374,-0.13222165900045602
DAPT,MLP,62,0.1,0.01,IID_BALANCED->DOMAIN_TEMPLATE_OOD,2116,3708,0.5,0.5,0.8857103436900917,0.8277158346823756,-0.05799450900771608,0.017958412098298678,0.008629989212513484,-0.009328422885785195,0.40359168241965976,0.1645091693635383,-0.23908251305612147
DAPT,MLP,62,0.1,0.02,IID_BALANCED->TEMPORAL,2116,8000,0.5,0.5,0.8857103436900917,0.8907261849840948,0.0050158412940031205,0.022684310018903593,0.013,-0.009684310018903594,0.4773156899810964,0.36225,-0.1150656899810964
DAPT,MLP,62,0.1,0.02,IID_BALANCED->DOMAIN_OOD,2116,3858,0.5,0.5,0.8857103436900917,0.8427640129600927,-0.04294633072999898,0.022684310018903593,0.01762571280456195,-0.005058597214341643,0.4773156899810964,0.2581648522550544,-0.219150837726042
DAPT,MLP,62,0.1,0.02,IID_BALANCED->TEMPLATE_OOD,2116,6832,0.5,0.5,0.8857103436900917,0.8830188557989804,-0.0026914878911112883,0.022684310018903593,0.012295081967213115,-0.010389228051690479,0.4773156899810964,0.33284543325526933,-0.14447025672582708
DAPT,MLP,62,0.1,0.02,IID_BALANCED->DOMAIN_TEMPLATE_OOD,2116,3708,0.5,0.5,0.8857103436900917,0.8277158346823756,-0.05799450900771608,0.022684310018903593,0.016720604099244876,-0.005963705919658717,0.4773156899810964,0.22168284789644013,-0.2556328420846563
DAPT,MLP,62,0.25,0.005,IID_BALANCED->TEMPORAL,2116,8000,0.5,0.5,0.9022143230988775,0.9164563160254998,0.014241992926622316,0.005671077504725898,0.00275,-0.0029210775047258985,0.3818525519848771,0.31075,-0.07110255198487708
DAPT,MLP,62,0.25,0.005,IID_BALANCED->DOMAIN_OOD,2116,3858,0.5,0.5,0.9022143230988775,0.8860006459471634,-0.016213677151714068,0.005671077504725898,0.002592016588906169,-0.0030790609158197293,0.3818525519848771,0.21721099015033696,-0.16464156183454015
DAPT,MLP,62,0.25,0.005,IID_BALANCED->TEMPLATE_OOD,2116,6832,0.5,0.5,0.9022143230988775,0.9111131460727355,0.008898822973858023,0.005671077504725898,0.002927400468384075,-0.002743677036341823,0.3818525519848771,0.3003512880562061,-0.08150126392867102
DAPT,MLP,62,0.25,0.005,IID_BALANCED->DOMAIN_TEMPLATE_OOD,2116,3708,0.5,0.5,0.9022143230988775,0.8745533666984876,-0.027660956400389902,0.005671077504725898,0.002696871628910464,-0.0029742058758154342,0.3818525519848771,0.20496224379719524,-0.17689030818768187
DAPT,MLP,62,0.25,0.01,IID_BALANCED->TEMPORAL,2116,8000,0.5,0.5,0.9022143230988775,0.9164563160254998,0.014241992926622316,0.00945179584120983,0.0075,-0.0019517958412098302,0.4612476370510397,0.436,-0.025247637051039717
DAPT,MLP,62,0.25,0.01,IID_BALANCED->DOMAIN_OOD,2116,3858,0.5,0.5,0.9022143230988775,0.8860006459471634,-0.016213677151714068,0.00945179584120983,0.008812856402280975,-0.0006389394389288549,0.4612476370510397,0.35199585277345774,-0.10925178427758198
DAPT,MLP,62,0.25,0.01,IID_BALANCED->TEMPLATE_OOD,2116,6832,0.5,0.5,0.9022143230988775,0.9111131460727355,0.008898822973858023,0.00945179584120983,0.007903981264637002,-0.0015478145765728275,0.4612476370510397,0.4218384074941452,-0.03940922955689452
DAPT,MLP,62,0.25,0.01,IID_BALANCED->DOMAIN_TEMPLATE_OOD,2116,3708,0.5,0.5,0.9022143230988775,0.8745533666984876,-0.027660956400389902,0.00945179584120983,0.009169363538295576,-0.00028243230291425357,0.4612476370510397,0.33171521035598706,-0.12953242669505266
DAPT,MLP,62,0.25,0.02,IID_BALANCED->TEMPORAL,2116,8000,0.5,0.5,0.9022143230988775,0.9164563160254998,0.014241992926622316,0.02551984877126654,0.017,-0.00851984877126654,0.5453686200378072,0.548,0.00263137996219287
DAPT,MLP,62,0.25,0.02,IID_BALANCED->DOMAIN_OOD,2116,3858,0.5,0.5,0.9022143230988775,0.8860006459471634,-0.016213677151714068,0.02551984877126654,0.021254536029030584,-0.004265312742235957,0.5453686200378072,0.45671332296526695,-0.08865529707254022
DAPT,MLP,62,0.25,0.02,IID_BALANCED->TEMPLATE_OOD,2116,6832,0.5,0.5,0.9022143230988775,0.9111131460727355,0.008898822973858023,0.02551984877126654,0.017857142857142856,-0.007662705914123685,0.5453686200378072,0.5307377049180327,-0.014630915119774435
DAPT,MLP,62,0.25,0.02,IID_BALANCED->DOMAIN_TEMPLATE_OOD,2116,3708,0.5,0.5,0.9022143230988775,0.8745533666984876,-0.027660956400389902,0.02551984877126654,0.022114347357065803,-0.003405501414200738,0.5453686200378072,0.43635382955771307,-0.1090147904800941
DAPT,MLP,62,1.0,0.005,IID_BALANCED->TEMPORAL,2116,8000,0.5,0.5,0.9391796026334506,0.9546195533771514,0.015439950743700859,0.003780718336483932,0.00175,-0.002030718336483932,0.42533081285444235,0.35375,-0.07158081285444234
DAPT,MLP,62,1.0,0.005,IID_BALANCED->DOMAIN_OOD,2116,3858,0.5,0.5,0.9391796026334506,0.9355940361381393,-0.0035855664953112765,0.003780718336483932,0.002073613271124935,-0.0017071050653589969,0.42533081285444235,0.2514256091238984,-0.17390520373054397
DAPT,MLP,62,1.0,0.005,IID_BALANCED->TEMPLATE_OOD,2116,6832,0.5,0.5,0.9391796026334506,0.9500423375620535,0.010862734928602902,0.003780718336483932,0.001756440281030445,-0.0020242780554534873,0.42533081285444235,0.32991803278688525,-0.0954127800675571
DAPT,MLP,62,1.0,0.005,IID_BALANCED->DOMAIN_TEMPLATE_OOD,2116,3708,0.5,0.5,0.9391796026334506,0.9298233388797028,-0.009356263753747762,0.003780718336483932,0.0016181229773462784,-0.0021625953591376534,0.42533081285444235,0.22653721682847897,-0.1987935960259634
DAPT,MLP,62,1.0,0.01,IID_BALANCED->TEMPORAL,2116,8000,0.5,0.5,0.9391796026334506,0.9546195533771514,0.015439950743700859,0.011342155009451797,0.00675,-0.004592155009451797,0.5255198487712666,0.49625,-0.029269848771266538
DAPT,MLP,62,1.0,0.01,IID_BALANCED->DOMAIN_OOD,2116,3858,0.5,0.5,0.9391796026334506,0.9355940361381393,-0.0035855664953112765,0.011342155009451797,0.007257646448937273,-0.004084508560514523,0.5255198487712666,0.4048729911871436,-0.12064685758412297
DAPT,MLP,62,1.0,0.01,IID_BALANCED->TEMPLATE_OOD,2116,6832,0.5,0.5,0.9391796026334506,0.9500423375620535,0.010862734928602902,0.011342155009451797,0.00702576112412178,-0.004316393885330017,0.5255198487712666,0.4680913348946136,-0.05742851387665299
DAPT,MLP,62,1.0,0.01,IID_BALANCED->DOMAIN_TEMPLATE_OOD,2116,3708,0.5,0.5,0.9391796026334506,0.9298233388797028,-0.009356263753747762,0.011342155009451797,0.007011866235167206,-0.00433028877428459,0.5255198487712666,0.37001078748651567,-0.1555090612847509
DAPT,MLP,62,1.0,0.02,IID_BALANCED->TEMPORAL,2116,8000,0.5,0.5,0.9391796026334506,0.9546195533771514,0.015439950743700859,0.021739130434782608,0.016,-0.005739130434782608,0.6257088846880907,0.6065,-0.019208884688090677
DAPT,MLP,62,1.0,0.02,IID_BALANCED->DOMAIN_OOD,2116,3858,0.5,0.5,0.9391796026334506,0.9355940361381393,-0.0035855664953112765,0.021739130434782608,0.021254536029030584,-0.00048459440575202364,0.6257088846880907,0.5349922239502333,-0.09071666073785745
DAPT,MLP,62,1.0,0.02,IID_BALANCED->TEMPLATE_OOD,2116,6832,0.5,0.5,0.9391796026334506,0.9500423375620535,0.010862734928602902,0.021739130434782608,0.01639344262295082,-0.005345687811831788,0.6257088846880907,0.5840163934426229,-0.04169249124546781
DAPT,MLP,62,1.0,0.02,IID_BALANCED->DOMAIN_TEMPLATE_OOD,2116,3708,0.5,0.5,0.9391796026334506,0.9298233388797028,-0.009356263753747762,0.021739130434782608,0.020496224379719527,-0.001242906055063081,0.6257088846880907,0.5026968716289104,-0.1230120130591803
DAPT,MLP,72,0.1,0.005,IID_BALANCED->TEMPORAL,2116,8000,0.5,0.5,0.8916489762622426,0.9219385096379451,0.030289533375702504,0.002835538752362949,0.00175,-0.0010855387523629491,0.11436672967863894,0.15375,0.03938327032136106
DAPT,MLP,72,0.1,0.005,IID_BALANCED->DOMAIN_OOD,2116,3858,0.5,0.5,0.8916489762622426,0.8832482522288178,-0.008400724033424845,0.002835538752362949,0.003110419906687403,0.00027488115432445365,0.11436672967863894,0.09538621047174702,-0.01898051920689192
DAPT,MLP,72,0.1,0.005,IID_BALANCED->TEMPLATE_OOD,2116,6832,0.5,0.5,0.8916489762622426,0.9152335206793778,0.0235845444171352,0.002835538752362949,0.0020491803278688526,-0.0007863584244940966,0.11436672967863894,0.15544496487119439,0.04107823519255545
DAPT,MLP,72,0.1,0.005,IID_BALANCED->DOMAIN_TEMPLATE_OOD,2116,3708,0.5,0.5,0.8916489762622426,0.8721081000366391,-0.01954087622560352,0.002835538752362949,0.003236245954692557,0.00040070720232960764,0.11436672967863894,0.09546925566343042,-0.018897474015208512
DAPT,MLP,72,0.1,0.01,IID_BALANCED->TEMPORAL,2116,8000,0.5,0.5,0.8916489762622426,0.9219385096379451,0.030289533375702504,0.010396975425330813,0.00575,-0.004646975425330813,0.3506616257088847,0.321,-0.029661625708884698
DAPT,MLP,72,0.1,0.01,IID_BALANCED->DOMAIN_OOD,2116,3858,0.5,0.5,0.8916489762622426,0.8832482522288178,-0.008400724033424845,0.010396975425330813,0.00933125972006221,-0.001065715705268604,0.3506616257088847,0.23535510627268014,-0.11530651943620457
DAPT,MLP,72,0.1,0.01,IID_BALANCED->TEMPLATE_OOD,2116,6832,0.5,0.5,0.8916489762622426,0.9152335206793778,0.0235845444171352,0.010396975425330813,0.006440281030444965,-0.003956694394885848,0.3506616257088847,0.3155737704918033,-0.03508785521708141
DAPT,MLP,72,0.1,0.01,IID_BALANCED->DOMAIN_TEMPLATE_OOD,2116,3708,0.5,0.5,0.8916489762622426,0.8721081000366391,-0.01954087622560352,0.010396975425330813,0.009708737864077669,-0.0006882375612531442,0.3506616257088847,0.2222222222222222,-0.1284394034866625
DAPT,MLP,72,0.1,0.02,IID_BALANCED->TEMPORAL,2116,8000,0.5,0.5,0.8916489762622426,0.9219385096379451,0.030289533375702504,0.043478260869565216,0.02325,-0.020228260869565216,0.5283553875236295,0.50275,-0.025605387523629508
DAPT,MLP,72,0.1,0.02,IID_BALANCED->DOMAIN_OOD,2116,3858,0.5,0.5,0.8916489762622426,0.8832482522288178,-0.008400724033424845,0.043478260869565216,0.03110419906687403,-0.012374061802691187,0.5283553875236295,0.41161223431829963,-0.11674315320532991
DAPT,MLP,72,0.1,0.02,IID_BALANCED->TEMPLATE_OOD,2116,6832,0.5,0.5,0.8916489762622426,0.9152335206793778,0.0235845444171352,0.043478260869565216,0.026053864168618268,-0.017424396700946948,0.5283553875236295,0.48507025761124123,-0.04328512991238831
DAPT,MLP,72,0.1,0.02,IID_BALANCED->DOMAIN_TEMPLATE_OOD,2116,3708,0.5,0.5,0.8916489762622426,0.8721081000366391,-0.01954087622560352,0.043478260869565216,0.032362459546925564,-0.011115801322639653,0.5283553875236295,0.3861920172599784,-0.1421633702636511
DAPT,MLP,72,0.25,0.005,IID_BALANCED->TEMPORAL,2116,8000,0.5,0.5,0.908157898094238,0.9386520149561229,0.030494116861884968,0.005671077504725898,0.004,-0.0016710775047258982,0.3620037807183365,0.346,-0.016003780718336524
DAPT,MLP,72,0.25,0.005,IID_BALANCED->DOMAIN_OOD,2116,3858,0.5,0.5,0.908157898094238,0.906808964017693,-0.0013489340765450164,0.005671077504725898,0.005702436495593572,3.135899086767393e-05,0.3620037807183365,0.22706065318818042,-0.13494312753015608
DAPT,MLP,72,0.25,0.005,IID_BALANCED->TEMPLATE_OOD,2116,6832,0.5,0.5,0.908157898094238,0.9331810867838117,0.02502318868957376,0.005671077504725898,0.004391100702576112,-0.0012799768021497862,0.3620037807183365,0.3363583138173302,-0.025645466901006275
DAPT,MLP,72,0.25,0.005,IID_BALANCED->DOMAIN_TEMPLATE_OOD,2116,3708,0.5,0.5,0.908157898094238,0.8972413665739544,-0.010916531520283601,0.005671077504725898,0.005933117583603021,0.00026204007887712256,0.3620037807183365,0.21305285868392665,-0.14895092203440985
DAPT,MLP,72,0.25,0.01,IID_BALANCED->TEMPORAL,2116,8000,0.5,0.5,0.908157898094238,0.9386520149561229,0.030494116861884968,0.013232514177693762,0.00625,-0.006982514177693761,0.46408317580340264,0.38975,-0.07433317580340265
DAPT,MLP,72,0.25,0.01,IID_BALANCED->DOMAIN_OOD,2116,3858,0.5,0.5,0.908157898094238,0.906808964017693,-0.0013489340765450164,0.013232514177693762,0.009849663037843442,-0.0033828511398503198,0.46408317580340264,0.27786417833074134,-0.1862189974726613
DAPT,MLP,72,0.25,0.01,IID_BALANCED->TEMPLATE_OOD,2116,6832,0.5,0.5,0.908157898094238,0.9331810867838117,0.02502318868957376,0.013232514177693762,0.00702576112412178,-0.006206753053571982,0.46408317580340264,0.37382903981264637,-0.09025413599075627
DAPT,MLP,72,0.25,0.01,IID_BALANCED->DOMAIN_TEMPLATE_OOD,2116,3708,0.5,0.5,0.908157898094238,0.8972413665739544,-0.010916531520283601,0.013232514177693762,0.010248112189859764,-0.002984401987833998,0.46408317580340264,0.2513484358144552,-0.21273473998894743
DAPT,MLP,72,0.25,0.02,IID_BALANCED->TEMPORAL,2116,8000,0.5,0.5,0.908157898094238,0.9386520149561229,0.030494116861884968,0.02835538752362949,0.012,-0.01635538752362949,0.5160680529300568,0.47675,-0.039318052930056746
DAPT,MLP,72,0.25,0.02,IID_BALANCED->DOMAIN_OOD,2116,3858,0.5,0.5,0.908157898094238,0.906808964017693,-0.0013489340765450164,0.02835538752362949,0.01658890616899948,-0.011766481354630008,0.5160680529300568,0.3831000518403318,-0.13296800108972495
DAPT,MLP,72,0.25,0.02,IID_BALANCED->TEMPLATE_OOD,2116,6832,0.5,0.5,0.908157898094238,0.9331810867838117,0.02502318868957376,0.02835538752362949,0.013173302107728338,-0.015182085415901152,0.5160680529300568,0.45491803278688525,-0.0611500201431715
DAPT,MLP,72,0.25,0.02,IID_BALANCED->DOMAIN_TEMPLATE_OOD,2116,3708,0.5,0.5,0.908157898094238,0.8972413665739544,-0.010916531520283601,0.02835538752362949,0.017259978425026967,-0.011095409098602523,0.5160680529300568,0.348975188781014,-0.16709286414904273
DAPT,MLP,72,1.0,0.005,IID_BALANCED->TEMPORAL,2116,8000,0.5,0.5,0.9344274959791016,0.9525932219962845,0.018165726017182915,0.008506616257088847,0.0035,-0.005006616257088847,0.4603024574669187,0.41725,-0.043052457466918714
DAPT,MLP,72,1.0,0.005,IID_BALANCED->DOMAIN_OOD,2116,3858,0.5,0.5,0.9344274959791016,0.9272215660435278,-0.007205929935573785,0.008506616257088847,0.00414722654224987,-0.004359389714838976,0.4603024574669187,0.3094867807153966,-0.15081567675152213
DAPT,MLP,72,1.0,0.005,IID_BALANCED->TEMPLATE_OOD,2116,6832,0.5,0.5,0.9344274959791016,0.9476323346577309,0.013204838678629316,0.008506616257088847,0.00351288056206089,-0.004993735695027956,0.4603024574669187,0.400175644028103,-0.06012681343881571
DAPT,MLP,72,1.0,0.005,IID_BALANCED->DOMAIN_TEMPLATE_OOD,2116,3708,0.5,0.5,0.9344274959791016,0.9202464015581905,-0.014181094420911089,0.008506616257088847,0.004314994606256742,-0.004191621650832105,0.4603024574669187,0.27939590075512405,-0.18090655671179467
DAPT,MLP,72,1.0,0.01,IID_BALANCED->TEMPORAL,2116,8000,0.5,0.5,0.9344274959791016,0.9525932219962845,0.018165726017182915,0.013232514177693762,0.008,-0.005232514177693761,0.5453686200378072,0.50125,-0.0441186200378072
DAPT,MLP,72,1.0,0.01,IID_BALANCED->DOMAIN_OOD,2116,3858,0.5,0.5,0.9344274959791016,0.9272215660435278,-0.007205929935573785,0.013232514177693762,0.00933125972006221,-0.0039012544576315523,0.5453686200378072,0.40746500777604977,-0.1379036122617574
DAPT,MLP,72,1.0,0.01,IID_BALANCED->TEMPLATE_OOD,2116,6832,0.5,0.5,0.9344274959791016,0.9476323346577309,0.013204838678629316,0.013232514177693762,0.00819672131147541,-0.005035792866218351,0.5453686200378072,0.47862997658079626,-0.06673864345701092
DAPT,MLP,72,1.0,0.01,IID_BALANCED->DOMAIN_TEMPLATE_OOD,2116,3708,0.5,0.5,0.9344274959791016,0.9202464015581905,-0.014181094420911089,0.013232514177693762,0.009169363538295576,-0.004063150639398185,0.5453686200378072,0.3727076591154261,-0.1726609609223811
DAPT,MLP,72,1.0,0.02,IID_BALANCED->TEMPORAL,2116,8000,0.5,0.5,0.9344274959791016,0.9525932219962845,0.018165726017182915,0.01984877126654064,0.01725,-0.00259877126654064,0.6068052930056711,0.59825,-0.00855529300567115
DAPT,MLP,72,1.0,0.02,IID_BALANCED->DOMAIN_OOD,2116,3858,0.5,0.5,0.9344274959791016,0.9272215660435278,-0.007205929935573785,0.01984877126654064,0.02436495593571799,0.004516184669177348,0.6068052930056711,0.5158113011923277,-0.09099399181334344
DAPT,MLP,72,1.0,0.02,IID_BALANCED->TEMPLATE_OOD,2116,6832,0.5,0.5,0.9344274959791016,0.9476323346577309,0.013204838678629316,0.01984877126654064,0.018149882903981264,-0.0016988883625593774,0.6068052930056711,0.5743559718969555,-0.03244932110871557
DAPT,MLP,72,1.0,0.02,IID_BALANCED->DOMAIN_TEMPLATE_OOD,2116,3708,0.5,0.5,0.9344274959791016,0.9202464015581905,-0.014181094420911089,0.01984877126654064,0.023732470334412083,0.003883699067871442,0.6068052930056711,0.48381877022653724,-0.12298652277913386
DAPT,MLP,82,0.1,0.005,IID_BALANCED->TEMPORAL,2116,8000,0.5,0.5,0.8937785540436245,0.9157463177811258,0.02196776373750131,0.002835538752362949,0.00325,0.0004144612476370507,0.16351606805293006,0.28925,0.12573393194706994
DAPT,MLP,82,0.1,0.005,IID_BALANCED->DOMAIN_OOD,2116,3858,0.5,0.5,0.8937785540436245,0.8867366146486945,-0.00704193939493003,0.002835538752362949,0.00414722654224987,0.0013116877898869212,0.16351606805293006,0.184033177812338,0.02051710975940793
DAPT,MLP,82,0.1,0.005,IID_BALANCED->TEMPLATE_OOD,2116,6832,0.5,0.5,0.8937785540436245,0.9121844930135194,0.018405938969894953,0.002835538752362949,0.0032201405152224825,0.0003846017628595334,0.16351606805293006,0.28717798594847777,0.1236619178955477
DAPT,MLP,82,0.1,0.005,IID_BALANCED->DOMAIN_TEMPLATE_OOD,2116,3708,0.5,0.5,0.8937785540436245,0.8754766211303203,-0.018301932913304175,0.002835538752362949,0.004314994606256742,0.0014794558538937927,0.16351606805293006,0.1650485436893204,0.0015324756363903347
DAPT,MLP,82,0.1,0.01,IID_BALANCED->TEMPORAL,2116,8000,0.5,0.5,0.8937785540436245,0.9157463177811258,0.02196776373750131,0.00945179584120983,0.005,-0.00445179584120983,0.30245746691871456,0.357,0.05454253308128543
DAPT,MLP,82,0.1,0.01,IID_BALANCED->DOMAIN_OOD,2116,3858,0.5,0.5,0.8937785540436245,0.8867366146486945,-0.00704193939493003,0.00945179584120983,0.005702436495593572,-0.0037493593456162577,0.30245746691871456,0.25660964230171074,-0.04584782461700382
DAPT,MLP,82,0.1,0.01,IID_BALANCED->TEMPLATE_OOD,2116,6832,0.5,0.5,0.8937785540436245,0.9121844930135194,0.018405938969894953,0.00945179584120983,0.00468384074941452,-0.00476795509179531,0.30245746691871456,0.34894613583138173,0.046488668912667175
DAPT,MLP,82,0.1,0.01,IID_BALANCED->DOMAIN_TEMPLATE_OOD,2116,3708,0.5,0.5,0.8937785540436245,0.8754766211303203,-0.018301932913304175,0.00945179584120983,0.005933117583603021,-0.003518678257606809,0.30245746691871456,0.2313915857605178,-0.07106588115819676
DAPT,MLP,82,0.1,0.02,IID_BALANCED->TEMPORAL,2116,8000,0.5,0.5,0.8937785540436245,0.9157463177811258,0.02196776373750131,0.01890359168241966,0.016,-0.0029035916824196595,0.45179584120982985,0.52175,0.0699541587901702
DAPT,MLP,82,0.1,0.02,IID_BALANCED->DOMAIN_OOD,2116,3858,0.5,0.5,0.8937785540436245,0.8867366146486945,-0.00704193939493003,0.01890359168241966,0.01762571280456195,-0.0012778788778577098,0.45179584120982985,0.4359771902540176,-0.015818650955812252
DAPT,MLP,82,0.1,0.02,IID_BALANCED->TEMPLATE_OOD,2116,6832,0.5,0.5,0.8937785540436245,0.9121844930135194,0.018405938969894953,0.01890359168241966,0.015515222482435597,-0.0033883691999840627,0.45179584120982985,0.5064402810304449,0.054644439820615065
DAPT,MLP,82,0.1,0.02,IID_BALANCED->DOMAIN_TEMPLATE_OOD,2116,3708,0.5,0.5,0.8937785540436245,0.8754766211303203,-0.018301932913304175,0.01890359168241966,0.016720604099244876,-0.0021829875831747836,0.45179584120982985,0.40183387270765913,-0.04996196850217072
DAPT,MLP,82,0.25,0.005,IID_BALANCED->TEMPORAL,2116,8000,0.5,0.5,0.9098633799595408,0.936441617501975,0.026578237542434158,0.004725897920604915,0.00375,-0.0009758979206049151,0.21644612476370512,0.3585,0.14205387523629487
DAPT,MLP,82,0.25,0.005,IID_BALANCED->DOMAIN_OOD,2116,3858,0.5,0.5,0.9098633799595408,0.9184432464224718,0.008579866462930963,0.004725897920604915,0.002592016588906169,-0.002133881331698746,0.21644612476370512,0.27527216174183516,0.05882603697813005
DAPT,MLP,82,0.25,0.005,IID_BALANCED->TEMPLATE_OOD,2116,6832,0.5,0.5,0.9098633799595408,0.9333464506258704,0.023483070666329597,0.004725897920604915,0.0038056206088992973,-0.0009202773117056176,0.21644612476370512,0.34660421545667447,0.13015809069296935
DAPT,MLP,82,0.25,0.005,IID_BALANCED->DOMAIN_TEMPLATE_OOD,2116,3708,0.5,0.5,0.9098633799595408,0.9095278876487428,-0.00033549231079799124,0.004725897920604915,0.002696871628910464,-0.002029026291694451,0.21644612476370512,0.2551240560949299,0.03867793133122477
DAPT,MLP,82,0.25,0.01,IID_BALANCED->TEMPORAL,2116,8000,0.5,0.5,0.9098633799595408,0.936441617501975,0.026578237542434158,0.01606805293005671,0.009,-0.007068052930056712,0.4054820415879017,0.4845,0.0790179584120983
DAPT,MLP,82,0.25,0.01,IID_BALANCED->DOMAIN_OOD,2116,3858,0.5,0.5,0.9098633799595408,0.9184432464224718,0.008579866462930963,0.01606805293005671,0.00673924313115604,-0.009328809798900672,0.4054820415879017,0.4199066874027994,0.014424645814897719
DAPT,MLP,82,0.25,0.01,IID_BALANCED->TEMPLATE_OOD,2116,6832,0.5,0.5,0.9098633799595408,0.9333464506258704,0.023483070666329597,0.01606805293005671,0.007903981264637002,-0.008164071665419709,0.4054820415879017,0.4622365339578454,0.05675449236994373
DAPT,MLP,82,0.25,0.01,IID_BALANCED->DOMAIN_TEMPLATE_OOD,2116,3708,0.5,0.5,0.9098633799595408,0.9095278876487428,-0.00033549231079799124,0.01606805293005671,0.007011866235167206,-0.009056186694889504,0.4054820415879017,0.37971952535059333,-0.025762516237308353
DAPT,MLP,82,0.25,0.02,IID_BALANCED->TEMPORAL,2116,8000,0.5,0.5,0.9098633799595408,0.936441617501975,0.026578237542434158,0.031190926275992438,0.0215,-0.00969092627599244,0.498109640831758,0.5915,0.09339035916824201
DAPT,MLP,82,0.25,0.02,IID_BALANCED->DOMAIN_OOD,2116,3858,0.5,0.5,0.9098633799595408,0.9184432464224718,0.008579866462930963,0.031190926275992438,0.01762571280456195,-0.013565213471430488,0.498109640831758,0.5334370139968896,0.03532737316513157
DAPT,MLP,82,0.25,0.02,IID_BALANCED->TEMPLATE_OOD,2116,6832,0.5,0.5,0.9098633799595408,0.9333464506258704,0.023483070666329597,0.031190926275992438,0.01873536299765808,-0.012455563278334358,0.498109640831758,0.5687939110070258,0.0706842701752678
DAPT,MLP,82,0.25,0.02,IID_BALANCED->DOMAIN_TEMPLATE_OOD,2116,3708,0.5,0.5,0.9098633799595408,0.9095278876487428,-0.00033549231079799124,0.031190926275992438,0.018338727076591153,-0.012852199199401285,0.498109640831758,0.49460625674217906,-0.0035033840895789536
DAPT,MLP,82,1.0,0.005,IID_BALANCED->TEMPORAL,2116,8000,0.5,0.5,0.9433514274445376,0.9593927040047541,0.016041276560216478,0.006616257088846881,0.0045,-0.002116257088846881,0.43572778827977315,0.44175,0.006022211720226822
DAPT,MLP,82,1.0,0.005,IID_BALANCED->DOMAIN_OOD,2116,3858,0.5,0.5,0.9433514274445376,0.9402991985124833,-0.0030522289320542573,0.006616257088846881,0.006220839813374806,-0.0003954172754720752,0.43572778827977315,0.3426645930533955,-0.09306319522637763
DAPT,MLP,82,1.0,0.005,IID_BALANCED->TEMPLATE_OOD,2116,6832,0.5,0.5,0.9433514274445376,0.9550610398660467,0.011709612421509141,0.006616257088846881,0.004391100702576112,-0.0022251563862707687,0.43572778827977315,0.42271662763466045,-0.013011160645112707
DAPT,MLP,82,1.0,0.005,IID_BALANCED->DOMAIN_TEMPLATE_OOD,2116,3708,0.5,0.5,0.9433514274445376,0.934185060936062,-0.009166366508475576,0.006616257088846881,0.005933117583603021,-0.0006831395052438599,0.43572778827977315,0.3112189859762675,-0.12450880230350564
DAPT,MLP,82,1.0,0.01,IID_BALANCED->TEMPORAL,2116,8000,0.5,0.5,0.9433514274445376,0.9593927040047541,0.016041276560216478,0.013232514177693762,0.00675,-0.006482514177693762,0.5122873345935728,0.52325,0.010962665406427208
DAPT,MLP,82,1.0,0.01,IID_BALANCED->DOMAIN_OOD,2116,3858,0.5,0.5,0.9433514274445376,0.9402991985124833,-0.0030522289320542573,0.013232514177693762,0.008812856402280975,-0.0044196577754127865,0.5122873345935728,0.4453084499740798,-0.06697888461949297
DAPT,MLP,82,1.0,0.01,IID_BALANCED->TEMPLATE_OOD,2116,6832,0.5,0.5,0.9433514274445376,0.9550610398660467,0.011709612421509141,0.013232514177693762,0.00702576112412178,-0.006206753053571982,0.5122873345935728,0.5008782201405152,-0.01140911445305759
DAPT,MLP,82,1.0,0.01,IID_BALANCED->DOMAIN_TEMPLATE_OOD,2116,3708,0.5,0.5,0.9433514274445376,0.934185060936062,-0.009166366508475576,0.013232514177693762,0.008629989212513484,-0.004602524965180278,0.5122873345935728,0.4029126213592233,-0.1093747132343495
DAPT,MLP,82,1.0,0.02,IID_BALANCED->TEMPORAL,2116,8000,0.5,0.5,0.9433514274445376,0.9593927040047541,0.016041276560216478,0.021739130434782608,0.01875,-0.002989130434782609,0.6172022684310019,0.631,0.013797731568998106
DAPT,MLP,82,1.0,0.02,IID_BALANCED->DOMAIN_OOD,2116,3858,0.5,0.5,0.9433514274445376,0.9402991985124833,-0.0030522289320542573,0.021739130434782608,0.023846552617936754,0.002107422183154146,0.6172022684310019,0.5686884396060135,-0.04851382882498845
DAPT,MLP,82,1.0,0.02,IID_BALANCED->TEMPLATE_OOD,2116,6832,0.5,0.5,0.9433514274445376,0.9550610398660467,0.011709612421509141,0.021739130434782608,0.019613583138173303,-0.002125547296609305,0.6172022684310019,0.607728337236534,-0.009473931194467933
DAPT,MLP,82,1.0,0.02,IID_BALANCED->DOMAIN_TEMPLATE_OOD,2116,3708,0.5,0.5,0.9433514274445376,0.934185060936062,-0.009166366508475576,0.021739130434782608,0.024271844660194174,0.0025327142254115663,0.6172022684310019,0.5339805825242718,-0.08322168590673007
DAPT,XGBOOST,42,0.1,0.005,IID_BALANCED->TEMPORAL,2116,8000,0.5,0.5,0.8689512930357273,0.891378540247235,0.022427247211507684,0.005671077504725898,0.002,-0.0036710775047258982,0.22495274102079396,0.2465,0.021547258979206035
DAPT,XGBOOST,42,0.1,0.005,IID_BALANCED->DOMAIN_OOD,2116,3858,0.5,0.5,0.8689512930357273,0.851344216428065,-0.017607076607662253,0.005671077504725898,0.0036288232244686366,-0.0020422542802572617,0.22495274102079396,0.14204250907205807,-0.0829102319487359
DAPT,XGBOOST,42,0.1,0.005,IID_BALANCED->TEMPLATE_OOD,2116,6832,0.5,0.5,0.8689512930357273,0.8881451739096473,0.019193880873920044,0.005671077504725898,0.0020491803278688526,-0.0036218971768570457,0.22495274102079396,0.2382903981264637,0.013337657105669726
DAPT,XGBOOST,42,0.1,0.005,IID_BALANCED->DOMAIN_TEMPLATE_OOD,2116,3708,0.5,0.5,0.8689512930357273,0.8351875191355482,-0.03376377390017904,0.005671077504725898,0.0037756202804746495,-0.0018954572242512488,0.22495274102079396,0.12891046386192018,-0.09604227715887378
DAPT,XGBOOST,42,0.1,0.01,IID_BALANCED->TEMPORAL,2116,8000,0.5,0.5,0.8689512930357273,0.891378540247235,0.022427247211507684,0.01606805293005671,0.0075,-0.008568052930056712,0.31568998109640833,0.29225,-0.023439981096408324
DAPT,XGBOOST,42,0.1,0.01,IID_BALANCED->DOMAIN_OOD,2116,3858,0.5,0.5,0.8689512930357273,0.851344216428065,-0.017607076607662253,0.01606805293005671,0.008812856402280975,-0.0072551965277757365,0.31568998109640833,0.18144116122343182,-0.13424881987297652
DAPT,XGBOOST,42,0.1,0.01,IID_BALANCED->TEMPLATE_OOD,2116,6832,0.5,0.5,0.8689512930357273,0.8881451739096473,0.019193880873920044,0.01606805293005671,0.006733021077283372,-0.009335031852773339,0.31568998109640833,0.281615925058548,-0.034074056037860345
DAPT,XGBOOST,42,0.1,0.01,IID_BALANCED->DOMAIN_TEMPLATE_OOD,2116,3708,0.5,0.5,0.8689512930357273,0.8351875191355482,-0.03376377390017904,0.01606805293005671,0.009169363538295576,-0.006898689391761135,0.31568998109640833,0.16073354908306364,-0.1549564320133447
DAPT,XGBOOST,42,0.1,0.02,IID_BALANCED->TEMPORAL,2116,8000,0.5,0.5,0.8689512930357273,0.891378540247235,0.022427247211507684,0.034026465028355386,0.01925,-0.014776465028355387,0.44139886578449905,0.4035,-0.037898865784499025
DAPT,XGBOOST,42,0.1,0.02,IID_BALANCED->DOMAIN_OOD,2116,3858,0.5,0.5,0.8689512930357273,0.851344216428065,-0.017607076607662253,0.034026465028355386,0.02280974598237429,-0.011216719045981097,0.44139886578449905,0.2918610679108346,-0.14953779787366445
DAPT,XGBOOST,42,0.1,0.02,IID_BALANCED->TEMPLATE_OOD,2116,6832,0.5,0.5,0.8689512930357273,0.8881451739096473,0.019193880873920044,0.034026465028355386,0.017857142857142856,-0.01616932217121253,0.44139886578449905,0.3896370023419204,-0.05176186344257866
DAPT,XGBOOST,42,0.1,0.02,IID_BALANCED->DOMAIN_TEMPLATE_OOD,2116,3708,0.5,0.5,0.8689512930357273,0.8351875191355482,-0.03376377390017904,0.034026465028355386,0.023732470334412083,-0.010293994693943303,0.44139886578449905,0.2777777777777778,-0.16362108800672126
DAPT,XGBOOST,42,0.25,0.005,IID_BALANCED->TEMPORAL,2116,8000,0.5,0.5,0.9000198785817045,0.9276769982674257,0.027657119685721154,0.003780718336483932,0.00125,-0.0025307183364839322,0.20793950850661624,0.2125,0.00456049149338375
DAPT,XGBOOST,42,0.25,0.005,IID_BALANCED->DOMAIN_OOD,2116,3858,0.5,0.5,0.9000198785817045,0.8973448272398755,-0.0026750513418289934,0.003780718336483932,0.002073613271124935,-0.0017071050653589969,0.20793950850661624,0.12389839294971487,-0.08404111555690137
DAPT,XGBOOST,42,0.25,0.005,IID_BALANCED->TEMPLATE_OOD,2116,6832,0.5,0.5,0.9000198785817045,0.9214239201167851,0.021404041535080576,0.003780718336483932,0.0014637002341920376,-0.0023170181022918943,0.20793950850661624,0.20608899297423888,-0.0018505155323773614
DAPT,XGBOOST,42,0.25,0.005,IID_BALANCED->DOMAIN_TEMPLATE_OOD,2116,3708,0.5,0.5,0.9000198785817045,0.8846748125109842,-0.015345066070720281,0.003780718336483932,0.002157497303128371,-0.0016232210333555611,0.20793950850661624,0.10625674217907227,-0.10168276632754397
DAPT,XGBOOST,42,0.25,0.01,IID_BALANCED->TEMPORAL,2116,8000,0.5,0.5,0.9000198785817045,0.9276769982674257,0.027657119685721154,0.00945179584120983,0.004,-0.00545179584120983,0.3790170132325142,0.32475,-0.054267013232514205
DAPT,XGBOOST,42,0.25,0.01,IID_BALANCED->DOMAIN_OOD,2116,3858,0.5,0.5,0.9000198785817045,0.8973448272398755,-0.0026750513418289934,0.00945179584120983,0.005184033177812338,-0.004267762663397492,0.3790170132325142,0.22343182996371178,-0.1555851832688024
DAPT,XGBOOST,42,0.25,0.01,IID_BALANCED->TEMPLATE_OOD,2116,6832,0.5,0.5,0.9000198785817045,0.9214239201167851,0.021404041535080576,0.00945179584120983,0.004391100702576112,-0.005060695138633718,0.3790170132325142,0.31440281030444966,-0.06461420292806452
DAPT,XGBOOST,42,0.25,0.01,IID_BALANCED->DOMAIN_TEMPLATE_OOD,2116,3708,0.5,0.5,0.9000198785817045,0.8846748125109842,-0.015345066070720281,0.00945179584120983,0.005393743257820928,-0.004058052583388902,0.3790170132325142,0.19687162891046386,-0.18214538432205032
DAPT,XGBOOST,42,0.25,0.02,IID_BALANCED->TEMPORAL,2116,8000,0.5,0.5,0.9000198785817045,0.9276769982674257,0.027657119685721154,0.035916824196597356,0.01675,-0.019166824196597355,0.5113421550094518,0.491,-0.0203421550094518
DAPT,XGBOOST,42,0.25,0.02,IID_BALANCED->DOMAIN_OOD,2116,3858,0.5,0.5,0.9000198785817045,0.8973448272398755,-0.0026750513418289934,0.035916824196597356,0.022291342664593053,-0.013625481532004304,0.5113421550094518,0.39813374805598756,-0.11320840695346424
DAPT,XGBOOST,42,0.25,0.02,IID_BALANCED->TEMPLATE_OOD,2116,6832,0.5,0.5,0.9000198785817045,0.9214239201167851,0.021404041535080576,0.035916824196597356,0.01756440281030445,-0.018352421386292908,0.5113421550094518,0.4724824355971897,-0.03885971941226207
DAPT,XGBOOST,42,0.25,0.02,IID_BALANCED->DOMAIN_TEMPLATE_OOD,2116,3708,0.5,0.5,0.9000198785817045,0.8846748125109842,-0.015345066070720281,0.035916824196597356,0.022653721682847898,-0.013263102513749458,0.5113421550094518,0.36947141316073356,-0.14187074184871823
DAPT,XGBOOST,42,1.0,0.005,IID_BALANCED->TEMPORAL,2116,8000,0.5,0.5,0.9261190202940398,0.9458439026341031,0.01972488234006331,0.003780718336483932,0.0035,-0.000280718336483932,0.3705103969754253,0.3765,0.005989603024574686
DAPT,XGBOOST,42,1.0,0.005,IID_BALANCED->DOMAIN_OOD,2116,3858,0.5,0.5,0.9261190202940398,0.9237560906904485,-0.0023629296035913017,0.003780718336483932,0.00414722654224987,0.00036650820576593834,0.3705103969754253,0.2773457750129601,-0.09316462196246522
DAPT,XGBOOST,42,1.0,0.005,IID_BALANCED->TEMPLATE_OOD,2116,6832,0.5,0.5,0.9261190202940398,0.9410828370306565,0.01496381673661673,0.003780718336483932,0.004098360655737705,0.0003176423192537731,0.3705103969754253,0.36211943793911006,-0.00839095903631526
DAPT,XGBOOST,42,1.0,0.005,IID_BALANCED->DOMAIN_TEMPLATE_OOD,2116,3708,0.5,0.5,0.9261190202940398,0.9145825178167845,-0.01153650247725535,0.003780718336483932,0.004314994606256742,0.0005342762697728098,0.3705103969754253,0.24217907227615965,-0.12833132469926567
DAPT,XGBOOST,42,1.0,0.01,IID_BALANCED->TEMPORAL,2116,8000,0.5,0.5,0.9261190202940398,0.9458439026341031,0.01972488234006331,0.008506616257088847,0.0065,-0.002006616257088847,0.4914933837429111,0.516,0.024506616257088887
DAPT,XGBOOST,42,1.0,0.01,IID_BALANCED->DOMAIN_OOD,2116,3858,0.5,0.5,0.9261190202940398,0.9237560906904485,-0.0023629296035913017,0.008506616257088847,0.008812856402280975,0.00030624014519212844,0.4914933837429111,0.43182996371176774,-0.05966342003114339
DAPT,XGBOOST,42,1.0,0.01,IID_BALANCED->TEMPLATE_OOD,2116,6832,0.5,0.5,0.9261190202940398,0.9410828370306565,0.01496381673661673,0.008506616257088847,0.006147540983606557,-0.0023590752734822893,0.4914933837429111,0.49824355971896955,0.006750175976058426
DAPT,XGBOOST,42,1.0,0.01,IID_BALANCED->DOMAIN_TEMPLATE_OOD,2116,3708,0.5,0.5,0.9261190202940398,0.9145825178167845,-0.01153650247725535,0.008506616257088847,0.007551240560949299,-0.0009553756961395475,0.4914933837429111,0.40129449838187703,-0.0901988853610341
DAPT,XGBOOST,42,1.0,0.02,IID_BALANCED->TEMPORAL,2116,8000,0.5,0.5,0.9261190202940398,0.9458439026341031,0.01972488234006331,0.022684310018903593,0.01525,-0.0074343100189035935,0.5850661625708885,0.63375,0.04868383742911153
DAPT,XGBOOST,42,1.0,0.02,IID_BALANCED->DOMAIN_OOD,2116,3858,0.5,0.5,0.9261190202940398,0.9237560906904485,-0.0023629296035913017,0.022684310018903593,0.019699326075686883,-0.0029849839432167097,0.5850661625708885,0.5557283566614827,-0.029337805909405823
DAPT,XGBOOST,42,1.0,0.02,IID_BALANCED->TEMPLATE_OOD,2116,6832,0.5,0.5,0.9261190202940398,0.9410828370306565,0.01496381673661673,0.022684310018903593,0.01522248243559719,-0.007461827583306404,0.5850661625708885,0.6115339578454333,0.026467795274544792
DAPT,XGBOOST,42,1.0,0.02,IID_BALANCED->DOMAIN_TEMPLATE_OOD,2116,3708,0.5,0.5,0.9261190202940398,0.9145825178167845,-0.01153650247725535,0.022684310018903593,0.018878101402373247,-0.003806208616530346,0.5850661625708885,0.5194174757281553,-0.06564868684273317
DAPT,XGBOOST,52,0.1,0.005,IID_BALANCED->TEMPORAL,2116,8000,0.5,0.5,0.8557077699458839,0.8790830884991583,0.02337531855327435,0.007561436672967864,0.0035,-0.004061436672967864,0.22306238185255198,0.1305,-0.09256238185255197
DAPT,XGBOOST,52,0.1,0.005,IID_BALANCED->DOMAIN_OOD,2116,3858,0.5,0.5,0.8557077699458839,0.8284054644917719,-0.027302305454112052,0.007561436672967864,0.004665629860031105,-0.0028958068129367595,0.22306238185255198,0.07724209434940384,-0.14582028750314813
DAPT,XGBOOST,52,0.1,0.005,IID_BALANCED->TEMPLATE_OOD,2116,6832,0.5,0.5,0.8557077699458839,0.8727746593828793,0.017066889436995414,0.007561436672967864,0.004098360655737705,-0.003463076017230159,0.22306238185255198,0.12558548009367682,-0.09747690175887516
DAPT,XGBOOST,52,0.1,0.005,IID_BALANCED->DOMAIN_TEMPLATE_OOD,2116,3708,0.5,0.5,0.8557077699458839,0.8163162432644318,-0.03939152668145218,0.007561436672967864,0.0048543689320388345,-0.0027070677409290296,0.22306238185255198,0.0744336569579288,-0.14862872489462317
DAPT,XGBOOST,52,0.1,0.01,IID_BALANCED->TEMPORAL,2116,8000,0.5,0.5,0.8557077699458839,0.8790830884991583,0.02337531855327435,0.017013232514177693,0.00775,-0.009263232514177693,0.32892249527410206,0.2255,-0.10342249527410205
DAPT,XGBOOST,52,0.1,0.01,IID_BALANCED->DOMAIN_OOD,2116,3858,0.5,0.5,0.8557077699458839,0.8284054644917719,-0.027302305454112052,0.017013232514177693,0.01088646967340591,-0.006126762840771783,0.32892249527410206,0.14618973561430793,-0.18273275965979413
DAPT,XGBOOST,52,0.1,0.01,IID_BALANCED->TEMPLATE_OOD,2116,6832,0.5,0.5,0.8557077699458839,0.8727746593828793,0.017066889436995414,0.017013232514177693,0.008489461358313818,-0.008523771155863875,0.32892249527410206,0.22072599531615925,-0.10819649995794281
DAPT,XGBOOST,52,0.1,0.01,IID_BALANCED->DOMAIN_TEMPLATE_OOD,2116,3708,0.5,0.5,0.8557077699458839,0.8163162432644318,-0.03939152668145218,0.017013232514177693,0.011326860841423949,-0.005686371672753744,0.32892249527410206,0.1418554476806904,-0.18706704759341167
DAPT,XGBOOST,52,0.1,0.02,IID_BALANCED->TEMPORAL,2116,8000,0.5,0.5,0.8557077699458839,0.8790830884991583,0.02337531855327435,0.034026465028355386,0.0165,-0.017526465028355386,0.43100189035916825,0.3495,-0.08150189035916827
DAPT,XGBOOST,52,0.1,0.02,IID_BALANCED->DOMAIN_OOD,2116,3858,0.5,0.5,0.8557077699458839,0.8284054644917719,-0.027302305454112052,0.034026465028355386,0.02280974598237429,-0.011216719045981097,0.43100189035916825,0.25660964230171074,-0.1743922480574575
DAPT,XGBOOST,52,0.1,0.02,IID_BALANCED->TEMPLATE_OOD,2116,6832,0.5,0.5,0.8557077699458839,0.8727746593828793,0.017066889436995414,0.034026465028355386,0.016100702576112413,-0.017925762452242974,0.43100189035916825,0.34455503512880564,-0.08644685523036261
DAPT,XGBOOST,52,0.1,0.02,IID_BALANCED->DOMAIN_TEMPLATE_OOD,2116,3708,0.5,0.5,0.8557077699458839,0.8163162432644318,-0.03939152668145218,0.034026465028355386,0.02319309600862999,-0.010833369019725397,0.43100189035916825,0.25026968716289105,-0.1807322031962772
DAPT,XGBOOST,52,0.25,0.005,IID_BALANCED->TEMPORAL,2116,8000,0.5,0.5,0.8875824353185571,0.9167196273981256,0.029137192079568552,0.007561436672967864,0.004,-0.003561436672967864,0.2618147448015123,0.26475,0.0029352551984876962
DAPT,XGBOOST,52,0.25,0.005,IID_BALANCED->DOMAIN_OOD,2116,3858,0.5,0.5,0.8875824353185571,0.8885612381482978,0.0009788028297407214,0.007561436672967864,0.004665629860031105,-0.0028958068129367595,0.2618147448015123,0.18299637117677553,-0.07881837362473676
DAPT,XGBOOST,52,0.25,0.005,IID_BALANCED->TEMPLATE_OOD,2116,6832,0.5,0.5,0.8875824353185571,0.9119906604314003,0.02440822511284324,0.007561436672967864,0.004391100702576112,-0.003170335970391752,0.2618147448015123,0.2508782201405152,-0.010936524660997093
DAPT,XGBOOST,52,0.25,0.005,IID_BALANCED->DOMAIN_TEMPLATE_OOD,2116,3708,0.5,0.5,0.8875824353185571,0.8779138593975788,-0.00966857592097825,0.007561436672967864,0.0048543689320388345,-0.0027070677409290296,0.2618147448015123,0.16936353829557713,-0.09245120650593516
DAPT,XGBOOST,52,0.25,0.01,IID_BALANCED->TEMPORAL,2116,8000,0.5,0.5,0.8875824353185571,0.9167196273981256,0.029137192079568552,0.01606805293005671,0.00625,-0.009818052930056711,0.32514177693761814,0.35275,0.027608223062381865
DAPT,XGBOOST,52,0.25,0.01,IID_BALANCED->DOMAIN_OOD,2116,3858,0.5,0.5,0.8875824353185571,0.8885612381482978,0.0009788028297407214,0.01606805293005671,0.007257646448937273,-0.00881040648111944,0.32514177693761814,0.2576464489372732,-0.06749532800034497
DAPT,XGBOOST,52,0.25,0.01,IID_BALANCED->TEMPLATE_OOD,2116,6832,0.5,0.5,0.8875824353185571,0.9119906604314003,0.02440822511284324,0.01606805293005671,0.006733021077283372,-0.009335031852773339,0.32514177693761814,0.3372365339578454,0.012094757020227276
DAPT,XGBOOST,52,0.25,0.01,IID_BALANCED->DOMAIN_TEMPLATE_OOD,2116,3708,0.5,0.5,0.8875824353185571,0.8779138593975788,-0.00966857592097825,0.01606805293005671,0.007551240560949299,-0.008516812369107413,0.32514177693761814,0.24271844660194175,-0.08242333033567639
DAPT,XGBOOST,52,0.25,0.02,IID_BALANCED->TEMPORAL,2116,8000,0.5,0.5,0.8875824353185571,0.9167196273981256,0.029137192079568552,0.02835538752362949,0.0125,-0.01585538752362949,0.41398865784499056,0.44825,0.03426134215500942
DAPT,XGBOOST,52,0.25,0.02,IID_BALANCED->DOMAIN_OOD,2116,3858,0.5,0.5,0.8875824353185571,0.8885612381482978,0.0009788028297407214,0.02835538752362949,0.01503369621565578,-0.013321691307973709,0.41398865784499056,0.35199585277345774,-0.06199280507153282
DAPT,XGBOOST,52,0.25,0.02,IID_BALANCED->TEMPLATE_OOD,2116,6832,0.5,0.5,0.8875824353185571,0.9119906604314003,0.02440822511284324,0.02835538752362949,0.012002341920374707,-0.016353045603254783,0.41398865784499056,0.42915690866510536,0.015168250820114804
DAPT,XGBOOST,52,0.25,0.02,IID_BALANCED->DOMAIN_TEMPLATE_OOD,2116,3708,0.5,0.5,0.8875824353185571,0.8779138593975788,-0.00966857592097825,0.02835538752362949,0.015102481121898598,-0.013252906401730892,0.41398865784499056,0.3360302049622438,-0.07795845288274678
DAPT,XGBOOST,52,1.0,0.005,IID_BALANCED->TEMPORAL,2116,8000,0.5,0.5,0.9195306845444036,0.9429739100897158,0.023443225545312196,0.010396975425330813,0.0035,-0.006896975425330814,0.3657844990548204,0.4365,0.07071550094517959
DAPT,XGBOOST,52,1.0,0.005,IID_BALANCED->DOMAIN_OOD,2116,3858,0.5,0.5,0.9195306845444036,0.920326908134049,0.0007962235896454839,0.010396975425330813,0.0036288232244686366,-0.006768152200862177,0.3657844990548204,0.34577501296008295,-0.02000948609473746
DAPT,XGBOOST,52,1.0,0.005,IID_BALANCED->TEMPLATE_OOD,2116,6832,0.5,0.5,0.9195306845444036,0.9373264473293066,0.017795762784903024,0.010396975425330813,0.0038056206088992973,-0.006591354816431516,0.3657844990548204,0.41715456674473067,0.05137006768991026
DAPT,XGBOOST,52,1.0,0.005,IID_BALANCED->DOMAIN_TEMPLATE_OOD,2116,3708,0.5,0.5,0.9195306845444036,0.9111941407703126,-0.008336543774090988,0.010396975425330813,0.0037756202804746495,-0.006621355144856164,0.3657844990548204,0.3047464940668824,-0.06103800498793799
DAPT,XGBOOST,52,1.0,0.01,IID_BALANCED->TEMPORAL,2116,8000,0.5,0.5,0.9195306845444036,0.9429739100897158,0.023443225545312196,0.01890359168241966,0.008,-0.01090359168241966,0.45841209829867674,0.5275,0.06908790170132323
DAPT,XGBOOST,52,1.0,0.01,IID_BALANCED->DOMAIN_OOD,2116,3858,0.5,0.5,0.9195306845444036,0.920326908134049,0.0007962235896454839,0.01890359168241966,0.010368066355624676,-0.008535525326794984,0.45841209829867674,0.4494556765163297,-0.008956421782347013
DAPT,XGBOOST,52,1.0,0.01,IID_BALANCED->TEMPLATE_OOD,2116,6832,0.5,0.5,0.9195306845444036,0.9373264473293066,0.017795762784903024,0.01890359168241966,0.00819672131147541,-0.01070687037094425,0.45841209829867674,0.5058548009367682,0.047442702638091416
DAPT,XGBOOST,52,1.0,0.01,IID_BALANCED->DOMAIN_TEMPLATE_OOD,2116,3708,0.5,0.5,0.9195306845444036,0.9111941407703126,-0.008336543774090988,0.01890359168241966,0.010248112189859764,-0.008655479492559896,0.45841209829867674,0.40938511326860844,-0.049026985030068304
DAPT,XGBOOST,52,1.0,0.02,IID_BALANCED->TEMPORAL,2116,8000,0.5,0.5,0.9195306845444036,0.9429739100897158,0.023443225545312196,0.023629489603024575,0.01325,-0.010379489603024575,0.5614366729678639,0.59025,0.028813327032136127
DAPT,XGBOOST,52,1.0,0.02,IID_BALANCED->DOMAIN_OOD,2116,3858,0.5,0.5,0.9195306845444036,0.920326908134049,0.0007962235896454839,0.023629489603024575,0.01866251944012442,-0.004966970162900156,0.5614366729678639,0.5251425609123899,-0.03629411205547406
DAPT,XGBOOST,52,1.0,0.02,IID_BALANCED->TEMPLATE_OOD,2116,6832,0.5,0.5,0.9195306845444036,0.9373264473293066,0.017795762784903024,0.023629489603024575,0.013758782201405152,-0.009870707401619423,0.5614366729678639,0.5685011709601874,0.0070644979923234485
DAPT,XGBOOST,52,1.0,0.02,IID_BALANCED->DOMAIN_TEMPLATE_OOD,2116,3708,0.5,0.5,0.9195306845444036,0.9111941407703126,-0.008336543774090988,0.023629489603024575,0.01779935275080906,-0.005830136852215513,0.5614366729678639,0.4892125134843581,-0.0722241594835058
DAPT,XGBOOST,62,0.1,0.005,IID_BALANCED->TEMPORAL,2116,8000,0.5,0.5,0.8761365495633893,0.8788812495487968,0.002744699985407495,0.007561436672967864,0.005,-0.002561436672967864,0.29678638941398866,0.16575,-0.13103638941398865
DAPT,XGBOOST,62,0.1,0.005,IID_BALANCED->DOMAIN_OOD,2116,3858,0.5,0.5,0.8761365495633893,0.827995800396789,-0.04814074916660027,0.007561436672967864,0.00829445308449974,0.0007330164115318767,0.29678638941398866,0.09849663037843442,-0.19828975903555424
DAPT,XGBOOST,62,0.1,0.005,IID_BALANCED->TEMPLATE_OOD,2116,6832,0.5,0.5,0.8761365495633893,0.8741530567568649,-0.001983492806524323,0.007561436672967864,0.0055620608899297425,-0.0019993757830381216,0.29678638941398866,0.16159250585480095,-0.1351938835591877
DAPT,XGBOOST,62,0.1,0.005,IID_BALANCED->DOMAIN_TEMPLATE_OOD,2116,3708,0.5,0.5,0.8761365495633893,0.8162984892678954,-0.05983806029549388,0.007561436672967864,0.008090614886731391,0.0005291782137635268,0.29678638941398866,0.09600862998921252,-0.20077775942477616
DAPT,XGBOOST,62,0.1,0.01,IID_BALANCED->TEMPORAL,2116,8000,0.5,0.5,0.8761365495633893,0.8788812495487968,0.002744699985407495,0.013232514177693762,0.00775,-0.005482514177693762,0.35822306238185253,0.2385,-0.11972306238185254
DAPT,XGBOOST,62,0.1,0.01,IID_BALANCED->DOMAIN_OOD,2116,3858,0.5,0.5,0.8761365495633893,0.827995800396789,-0.04814074916660027,0.013232514177693762,0.011404872991187144,-0.001827641186506617,0.35822306238185253,0.15811301192327631,-0.20011005045857622
DAPT,XGBOOST,62,0.1,0.01,IID_BALANCED->TEMPLATE_OOD,2116,6832,0.5,0.5,0.8761365495633893,0.8741530567568649,-0.001983492806524323,0.013232514177693762,0.008489461358313818,-0.0047430528193799434,0.35822306238185253,0.23594847775175645,-0.12227458463009608
DAPT,XGBOOST,62,0.1,0.01,IID_BALANCED->DOMAIN_TEMPLATE_OOD,2116,3708,0.5,0.5,0.8761365495633893,0.8162984892678954,-0.05983806029549388,0.013232514177693762,0.011326860841423949,-0.0019056533362698126,0.35822306238185253,0.1634304207119741,-0.19479264166987842
DAPT,XGBOOST,62,0.1,0.02,IID_BALANCED->TEMPORAL,2116,8000,0.5,0.5,0.8761365495633893,0.8788812495487968,0.002744699985407495,0.023629489603024575,0.01725,-0.006379489603024573,0.43100189035916825,0.34625,-0.08475189035916825
DAPT,XGBOOST,62,0.1,0.02,IID_BALANCED->DOMAIN_OOD,2116,3858,0.5,0.5,0.8761365495633893,0.827995800396789,-0.04814074916660027,0.023629489603024575,0.02332814930015552,-0.0003013403028690534,0.43100189035916825,0.26956972524624156,-0.16143216511292668
DAPT,XGBOOST,62,0.1,0.02,IID_BALANCED->TEMPLATE_OOD,2116,6832,0.5,0.5,0.8761365495633893,0.8741530567568649,-0.001983492806524323,0.023629489603024575,0.018442622950819672,-0.005186866652204903,0.43100189035916825,0.3422131147540984,-0.08878877560506987
DAPT,XGBOOST,62,0.1,0.02,IID_BALANCED->DOMAIN_TEMPLATE_OOD,2116,3708,0.5,0.5,0.8761365495633893,0.8162984892678954,-0.05983806029549388,0.023629489603024575,0.023732470334412083,0.00010298073138750863,0.43100189035916825,0.2686084142394822,-0.16239347611968608
DAPT,XGBOOST,62,0.25,0.005,IID_BALANCED->TEMPORAL,2116,8000,0.5,0.5,0.8852086677389945,0.9120691488455537,0.026860481106559142,0.004725897920604915,0.00075,-0.003975897920604915,0.21833648393194707,0.1775,-0.04083648393194708
DAPT,XGBOOST,62,0.25,0.005,IID_BALANCED->DOMAIN_OOD,2116,3858,0.5,0.5,0.8852086677389945,0.8810010182242027,-0.0042076495147918,0.004725897920604915,0.0015552099533437014,-0.0031706879672612136,0.21833648393194707,0.09486780715396578,-0.12346867677798129
DAPT,XGBOOST,62,0.25,0.005,IID_BALANCED->TEMPLATE_OOD,2116,6832,0.5,0.5,0.8852086677389945,0.9093961500314885,0.02418748229249401,0.004725897920604915,0.0008782201405152225,-0.0038476777800896924,0.21833648393194707,0.18091334894613584,-0.037423134985811235
DAPT,XGBOOST,62,0.25,0.005,IID_BALANCED->DOMAIN_TEMPLATE_OOD,2116,3708,0.5,0.5,0.8852086677389945,0.8681639993771044,-0.017044668361890114,0.004725897920604915,0.0016181229773462784,-0.0031077749432586368,0.21833648393194707,0.09169363538295577,-0.1266428485489913
DAPT,XGBOOST,62,0.25,0.01,IID_BALANCED->TEMPORAL,2116,8000,0.5,0.5,0.8852086677389945,0.9120691488455537,0.026860481106559142,0.014177693761814745,0.00575,-0.008427693761814745,0.34593572778827975,0.334,-0.011935727788279726
DAPT,XGBOOST,62,0.25,0.01,IID_BALANCED->DOMAIN_OOD,2116,3858,0.5,0.5,0.8852086677389945,0.8810010182242027,-0.0042076495147918,0.014177693761814745,0.007257646448937273,-0.006920047312877472,0.34593572778827975,0.23691031622602385,-0.1090254115622559
DAPT,XGBOOST,62,0.25,0.01,IID_BALANCED->TEMPLATE_OOD,2116,6832,0.5,0.5,0.8852086677389945,0.9093961500314885,0.02418748229249401,0.014177693761814745,0.004976580796252928,-0.009201112965561817,0.34593572778827975,0.3363583138173302,-0.009577413970949522
DAPT,XGBOOST,62,0.25,0.01,IID_BALANCED->DOMAIN_TEMPLATE_OOD,2116,3708,0.5,0.5,0.8852086677389945,0.8681639993771044,-0.017044668361890114,0.014177693761814745,0.007011866235167206,-0.0071658275266475386,0.34593572778827975,0.23516720604099245,-0.1107685217472873
DAPT,XGBOOST,62,0.25,0.02,IID_BALANCED->TEMPORAL,2116,8000,0.5,0.5,0.8852086677389945,0.9120691488455537,0.026860481106559142,0.030245746691871456,0.0165,-0.013745746691871456,0.4669187145557656,0.493,0.02608128544423438
DAPT,XGBOOST,62,0.25,0.02,IID_BALANCED->DOMAIN_OOD,2116,3858,0.5,0.5,0.8852086677389945,0.8810010182242027,-0.0042076495147918,0.030245746691871456,0.01866251944012442,-0.011583227251747038,0.4669187145557656,0.41368584758942456,-0.05323286696634105
DAPT,XGBOOST,62,0.25,0.02,IID_BALANCED->TEMPLATE_OOD,2116,6832,0.5,0.5,0.8852086677389945,0.9093961500314885,0.02418748229249401,0.030245746691871456,0.013758782201405152,-0.016486964490466306,0.4669187145557656,0.4774590163934426,0.010540301837677013
DAPT,XGBOOST,62,0.25,0.02,IID_BALANCED->DOMAIN_TEMPLATE_OOD,2116,3708,0.5,0.5,0.8852086677389945,0.8681639993771044,-0.017044668361890114,0.030245746691871456,0.01779935275080906,-0.012446393941062395,0.4669187145557656,0.37971952535059333,-0.08719918920517228
DAPT,XGBOOST,62,1.0,0.005,IID_BALANCED->TEMPORAL,2116,8000,0.5,0.5,0.9218173503539332,0.939817755904865,0.018000405550931853,0.002835538752362949,0.001,-0.0018355387523629491,0.3676748582230624,0.29925,-0.06842485822306238
DAPT,XGBOOST,62,1.0,0.005,IID_BALANCED->DOMAIN_OOD,2116,3858,0.5,0.5,0.9218173503539332,0.9162154600783343,-0.005601890275598875,0.002835538752362949,0.0010368066355624676,-0.0017987321168004815,0.3676748582230624,0.20269569725246242,-0.16497916097059998
DAPT,XGBOOST,62,1.0,0.005,IID_BALANCED->TEMPLATE_OOD,2116,6832,0.5,0.5,0.9218173503539332,0.9347872705819936,0.012969920228060428,0.002835538752362949,0.00117096018735363,-0.0016645785650093192,0.3676748582230624,0.29449648711943793,-0.07317837110362446
DAPT,XGBOOST,62,1.0,0.005,IID_BALANCED->DOMAIN_TEMPLATE_OOD,2116,3708,0.5,0.5,0.9218173503539332,0.9060130242250123,-0.01580432612892091,0.002835538752362949,0.0010787486515641855,-0.0017567901007987637,0.3676748582230624,0.18392664509169362,-0.18374821313136877
DAPT,XGBOOST,62,1.0,0.01,IID_BALANCED->TEMPORAL,2116,8000,0.5,0.5,0.9218173503539332,0.939817755904865,0.018000405550931853,0.013232514177693762,0.00675,-0.006482514177693762,0.504725897920605,0.4675,-0.03722589792060493
DAPT,XGBOOST,62,1.0,0.01,IID_BALANCED->DOMAIN_OOD,2116,3858,0.5,0.5,0.9218173503539332,0.9162154600783343,-0.005601890275598875,0.013232514177693762,0.00933125972006221,-0.0039012544576315523,0.504725897920605,0.3799896319336444,-0.12473626598696058
DAPT,XGBOOST,62,1.0,0.01,IID_BALANCED->TEMPLATE_OOD,2116,6832,0.5,0.5,0.9218173503539332,0.9347872705819936,0.012969920228060428,0.013232514177693762,0.00702576112412178,-0.006206753053571982,0.504725897920605,0.44672131147540983,-0.05800458644519513
DAPT,XGBOOST,62,1.0,0.01,IID_BALANCED->DOMAIN_TEMPLATE_OOD,2116,3708,0.5,0.5,0.9218173503539332,0.9060130242250123,-0.01580432612892091,0.013232514177693762,0.008629989212513484,-0.004602524965180278,0.504725897920605,0.3446601941747573,-0.16006570374584767
DAPT,XGBOOST,62,1.0,0.02,IID_BALANCED->TEMPORAL,2116,8000,0.5,0.5,0.9218173503539332,0.939817755904865,0.018000405550931853,0.031190926275992438,0.0155,-0.015690926275992438,0.5718336483931947,0.575,0.003166351606805229
DAPT,XGBOOST,62,1.0,0.02,IID_BALANCED->DOMAIN_OOD,2116,3858,0.5,0.5,0.9218173503539332,0.9162154600783343,-0.005601890275598875,0.031190926275992438,0.02021772939346812,-0.010973196882524319,0.5718336483931947,0.5080352514256091,-0.0637983969675856
DAPT,XGBOOST,62,1.0,0.02,IID_BALANCED->TEMPLATE_OOD,2116,6832,0.5,0.5,0.9218173503539332,0.9347872705819936,0.012969920228060428,0.031190926275992438,0.015515222482435597,-0.01567570379355684,0.5718336483931947,0.5526932084309133,-0.01914043996228143
DAPT,XGBOOST,62,1.0,0.02,IID_BALANCED->DOMAIN_TEMPLATE_OOD,2116,3708,0.5,0.5,0.9218173503539332,0.9060130242250123,-0.01580432612892091,0.031190926275992438,0.019417475728155338,-0.0117734505478371,0.5718336483931947,0.470873786407767,-0.10095986198542772
DAPT,XGBOOST,72,0.1,0.005,IID_BALANCED->TEMPORAL,2116,8000,0.5,0.5,0.8594132432922448,0.884996898704869,0.025583655412624196,0.004725897920604915,0.0015,-0.003225897920604915,0.09640831758034027,0.0515,-0.04490831758034027
DAPT,XGBOOST,72,0.1,0.005,IID_BALANCED->DOMAIN_OOD,2116,3858,0.5,0.5,0.8594132432922448,0.8299142443524469,-0.029498998939797905,0.004725897920604915,0.003110419906687403,-0.0016154780139175122,0.09640831758034027,0.0352514256091239,-0.06115689197121637
DAPT,XGBOOST,72,0.1,0.005,IID_BALANCED->TEMPLATE_OOD,2116,6832,0.5,0.5,0.8594132432922448,0.8784002128951791,0.018986969602934334,0.004725897920604915,0.001756440281030445,-0.0029694576395744698,0.09640831758034027,0.04859484777517564,-0.04781346980516463
DAPT,XGBOOST,72,0.1,0.005,IID_BALANCED->DOMAIN_TEMPLATE_OOD,2116,3708,0.5,0.5,0.8594132432922448,0.8141975561256012,-0.04521568716664359,0.004725897920604915,0.003236245954692557,-0.0014896519659123582,0.09640831758034027,0.03182308522114347,-0.0645852323591968
DAPT,XGBOOST,72,0.1,0.01,IID_BALANCED->TEMPORAL,2116,8000,0.5,0.5,0.8594132432922448,0.884996898704869,0.025583655412624196,0.007561436672967864,0.0035,-0.004061436672967864,0.15217391304347827,0.0965,-0.05567391304347827
DAPT,XGBOOST,72,0.1,0.01,IID_BALANCED->DOMAIN_OOD,2116,3858,0.5,0.5,0.8594132432922448,0.8299142443524469,-0.029498998939797905,0.007561436672967864,0.006220839813374806,-0.0013405968595930585,0.15217391304347827,0.06687402799377916,-0.08529988504969911
DAPT,XGBOOST,72,0.1,0.01,IID_BALANCED->TEMPLATE_OOD,2116,6832,0.5,0.5,0.8594132432922448,0.8784002128951791,0.018986969602934334,0.007561436672967864,0.004098360655737705,-0.003463076017230159,0.15217391304347827,0.09133489461358314,-0.06083901842989513
DAPT,XGBOOST,72,0.1,0.01,IID_BALANCED->DOMAIN_TEMPLATE_OOD,2116,3708,0.5,0.5,0.8594132432922448,0.8141975561256012,-0.04521568716664359,0.007561436672967864,0.006472491909385114,-0.0010889447635827505,0.15217391304347827,0.06040992448759439,-0.09176398855588389
DAPT,XGBOOST,72,0.1,0.02,IID_BALANCED->TEMPORAL,2116,8000,0.5,0.5,0.8594132432922448,0.884996898704869,0.025583655412624196,0.022684310018903593,0.00875,-0.013934310018903592,0.2514177693761815,0.2085,-0.0429177693761815
DAPT,XGBOOST,72,0.1,0.02,IID_BALANCED->DOMAIN_OOD,2116,3858,0.5,0.5,0.8594132432922448,0.8299142443524469,-0.029498998939797905,0.022684310018903593,0.01503369621565578,-0.007650613803247813,0.2514177693761815,0.14204250907205807,-0.10937526030412342
DAPT,XGBOOST,72,0.1,0.02,IID_BALANCED->TEMPLATE_OOD,2116,6832,0.5,0.5,0.8594132432922448,0.8784002128951791,0.018986969602934334,0.022684310018903593,0.009953161592505855,-0.012731148426397738,0.2514177693761815,0.20169789227166277,-0.04971987710451872
DAPT,XGBOOST,72,0.1,0.02,IID_BALANCED->DOMAIN_TEMPLATE_OOD,2116,3708,0.5,0.5,0.8594132432922448,0.8141975561256012,-0.04521568716664359,0.022684310018903593,0.015102481121898598,-0.007581828897004995,0.2514177693761815,0.13106796116504854,-0.12034980821113295
DAPT,XGBOOST,72,0.25,0.005,IID_BALANCED->TEMPORAL,2116,8000,0.5,0.5,0.9021704773399443,0.9194809938092624,0.017310516469318138,0.005671077504725898,0.002,-0.0036710775047258982,0.27882797731569,0.2065,-0.07232797731568999
DAPT,XGBOOST,72,0.25,0.005,IID_BALANCED->DOMAIN_OOD,2116,3858,0.5,0.5,0.9021704773399443,0.8809007146887394,-0.021269762651204838,0.005671077504725898,0.0036288232244686366,-0.0020422542802572617,0.27882797731569,0.1332296526697771,-0.14559832464591288
DAPT,XGBOOST,72,0.25,0.005,IID_BALANCED->TEMPLATE_OOD,2116,6832,0.5,0.5,0.9021704773399443,0.9149316622633499,0.01276118492340561,0.005671077504725898,0.00234192037470726,-0.0033291571300186383,0.27882797731569,0.20023419203747073,-0.07859378527821925
DAPT,XGBOOST,72,0.25,0.005,IID_BALANCED->DOMAIN_TEMPLATE_OOD,2116,3708,0.5,0.5,0.9021704773399443,0.8687326700830855,-0.03343780725685874,0.005671077504725898,0.0037756202804746495,-0.0018954572242512488,0.27882797731569,0.12405609492988134,-0.15477188238580863
DAPT,XGBOOST,72,0.25,0.01,IID_BALANCED->TEMPORAL,2116,8000,0.5,0.5,0.9021704773399443,0.9194809938092624,0.017310516469318138,0.011342155009451797,0.00575,-0.005592155009451797,0.38657844990548207,0.2775,-0.10907844990548204
DAPT,XGBOOST,72,0.25,0.01,IID_BALANCED->DOMAIN_OOD,2116,3858,0.5,0.5,0.9021704773399443,0.8809007146887394,-0.021269762651204838,0.011342155009451797,0.01088646967340591,-0.0004556853360458864,0.38657844990548207,0.18299637117677553,-0.20358207872870654
DAPT,XGBOOST,72,0.25,0.01,IID_BALANCED->TEMPLATE_OOD,2116,6832,0.5,0.5,0.9021704773399443,0.9149316622633499,0.01276118492340561,0.011342155009451797,0.006440281030444965,-0.0049018739790068315,0.38657844990548207,0.2661007025761124,-0.12047774732936967
DAPT,XGBOOST,72,0.25,0.01,IID_BALANCED->DOMAIN_TEMPLATE_OOD,2116,3708,0.5,0.5,0.9021704773399443,0.8687326700830855,-0.03343780725685874,0.011342155009451797,0.010787486515641856,-0.0005546684938099403,0.38657844990548207,0.1634304207119741,-0.22314802919350796
DAPT,XGBOOST,72,0.25,0.02,IID_BALANCED->TEMPORAL,2116,8000,0.5,0.5,0.9021704773399443,0.9194809938092624,0.017310516469318138,0.023629489603024575,0.01225,-0.011379489603024574,0.4706994328922495,0.38275,-0.08794943289224955
DAPT,XGBOOST,72,0.25,0.02,IID_BALANCED->DOMAIN_OOD,2116,3858,0.5,0.5,0.9021704773399443,0.8809007146887394,-0.021269762651204838,0.023629489603024575,0.02177293934681182,-0.0018565502562127544,0.4706994328922495,0.2711249351995853,-0.19957449769266422
DAPT,XGBOOST,72,0.25,0.02,IID_BALANCED->TEMPLATE_OOD,2116,6832,0.5,0.5,0.9021704773399443,0.9149316622633499,0.01276118492340561,0.023629489603024575,0.013173302107728338,-0.010456187495296237,0.4706994328922495,0.3703161592505855,-0.10038327364166405
DAPT,XGBOOST,72,0.25,0.02,IID_BALANCED->DOMAIN_TEMPLATE_OOD,2116,3708,0.5,0.5,0.9021704773399443,0.8687326700830855,-0.03343780725685874,0.023629489603024575,0.022114347357065803,-0.0015151422459587713,0.4706994328922495,0.255663430420712,-0.21503600247153754
DAPT,XGBOOST,72,1.0,0.005,IID_BALANCED->TEMPORAL,2116,8000,0.5,0.5,0.9334226836983898,0.9448297159722747,0.011407032273884954,0.002835538752362949,0.00375,0.0009144612476370507,0.45652173913043476,0.38925,-0.06727173913043477
DAPT,XGBOOST,72,1.0,0.005,IID_BALANCED->DOMAIN_OOD,2116,3858,0.5,0.5,0.9334226836983898,0.9205524382403131,-0.01287024545807669,0.002835538752362949,0.005702436495593572,0.002866897743230623,0.45652173913043476,0.28252980819077245,-0.1739919309396623
DAPT,XGBOOST,72,1.0,0.005,IID_BALANCED->TEMPLATE_OOD,2116,6832,0.5,0.5,0.9334226836983898,0.9409230329115832,0.007500349213193425,0.002835538752362949,0.004098360655737705,0.001262821903374756,0.45652173913043476,0.38085480093676816,-0.0756669381936666
DAPT,XGBOOST,72,1.0,0.005,IID_BALANCED->DOMAIN_TEMPLATE_OOD,2116,3708,0.5,0.5,0.9334226836983898,0.9120035379358054,-0.021419145762584413,0.002835538752362949,0.005933117583603021,0.0030975788312400717,0.45652173913043476,0.2605177993527508,-0.19600393977768393
DAPT,XGBOOST,72,1.0,0.01,IID_BALANCED->TEMPORAL,2116,8000,0.5,0.5,0.9334226836983898,0.9448297159722747,0.011407032273884954,0.015122873345935728,0.00925,-0.005872873345935729,0.5207939508506616,0.4985,-0.022293950850661604
DAPT,XGBOOST,72,1.0,0.01,IID_BALANCED->DOMAIN_OOD,2116,3858,0.5,0.5,0.9334226836983898,0.9205524382403131,-0.01287024545807669,0.015122873345935728,0.01347848626231208,-0.0016443870836236486,0.5207939508506616,0.4048729911871436,-0.11592095966351801
DAPT,XGBOOST,72,1.0,0.01,IID_BALANCED->TEMPLATE_OOD,2116,6832,0.5,0.5,0.9334226836983898,0.9409230329115832,0.007500349213193425,0.015122873345935728,0.009660421545667448,-0.005462451800268281,0.5207939508506616,0.4803864168618267,-0.0404075339888349
DAPT,XGBOOST,72,1.0,0.01,IID_BALANCED->DOMAIN_TEMPLATE_OOD,2116,3708,0.5,0.5,0.9334226836983898,0.9120035379358054,-0.021419145762584413,0.015122873345935728,0.01348435814455232,-0.0016385152013834083,0.5207939508506616,0.3673139158576052,-0.1534800349930564
DAPT,XGBOOST,72,1.0,0.02,IID_BALANCED->TEMPORAL,2116,8000,0.5,0.5,0.9334226836983898,0.9448297159722747,0.011407032273884954,0.023629489603024575,0.01525,-0.008379489603024575,0.5680529300567108,0.563,-0.005052930056710814
DAPT,XGBOOST,72,1.0,0.02,IID_BALANCED->DOMAIN_OOD,2116,3858,0.5,0.5,0.9334226836983898,0.9205524382403131,-0.01287024545807669,0.023629489603024575,0.021254536029030584,-0.0023749535739939903,0.5680529300567108,0.4769310523587351,-0.09112187769797564
DAPT,XGBOOST,72,1.0,0.02,IID_BALANCED->TEMPLATE_OOD,2116,6832,0.5,0.5,0.9334226836983898,0.9409230329115832,0.007500349213193425,0.023629489603024575,0.01522248243559719,-0.008407007167427386,0.5680529300567108,0.5418618266978923,-0.02619110335881847
DAPT,XGBOOST,72,1.0,0.02,IID_BALANCED->DOMAIN_TEMPLATE_OOD,2116,3708,0.5,0.5,0.9334226836983898,0.9120035379358054,-0.021419145762584413,0.023629489603024575,0.021574973031283712,-0.0020545165717408623,0.5680529300567108,0.4444444444444444,-0.12360848561226634
DAPT,XGBOOST,82,0.1,0.005,IID_BALANCED->TEMPORAL,2116,8000,0.5,0.5,0.8816613518123397,0.8979110715422922,0.016249719729952483,0.001890359168241966,0.00225,0.0003596408317580338,0.15973534971644612,0.178,0.018264650283553868
DAPT,XGBOOST,82,0.1,0.005,IID_BALANCED->DOMAIN_OOD,2116,3858,0.5,0.5,0.8816613518123397,0.8653923565069316,-0.01626899530540815,0.001890359168241966,0.002073613271124935,0.00018325410288296917,0.15973534971644612,0.10160705028512182,-0.058128299431324304
DAPT,XGBOOST,82,0.1,0.005,IID_BALANCED->TEMPLATE_OOD,2116,6832,0.5,0.5,0.8816613518123397,0.8965180422643011,0.014856690451961363,0.001890359168241966,0.0020491803278688526,0.00015882115962688654,0.15973534971644612,0.1762295081967213,0.01649415848027519
DAPT,XGBOOST,82,0.1,0.005,IID_BALANCED->DOMAIN_TEMPLATE_OOD,2116,3708,0.5,0.5,0.8816613518123397,0.8520363942729798,-0.029624957539359897,0.001890359168241966,0.002157497303128371,0.0002671381348864049,0.15973534971644612,0.10086299892125135,-0.058872350795194775
DAPT,XGBOOST,82,0.1,0.01,IID_BALANCED->TEMPORAL,2116,8000,0.5,0.5,0.8816613518123397,0.8979110715422922,0.016249719729952483,0.012287334593572778,0.0055,-0.0067873345935727785,0.31852551984877125,0.309,-0.009525519848771258
DAPT,XGBOOST,82,0.1,0.01,IID_BALANCED->DOMAIN_OOD,2116,3858,0.5,0.5,0.8816613518123397,0.8653923565069316,-0.01626899530540815,0.012287334593572778,0.005184033177812338,-0.00710330141576044,0.31852551984877125,0.21721099015033696,-0.1013145296984343
DAPT,XGBOOST,82,0.1,0.01,IID_BALANCED->TEMPLATE_OOD,2116,6832,0.5,0.5,0.8816613518123397,0.8965180422643011,0.014856690451961363,0.012287334593572778,0.004098360655737705,-0.008188973937835072,0.31852551984877125,0.3073770491803279,-0.011148470668443378
DAPT,XGBOOST,82,0.1,0.01,IID_BALANCED->DOMAIN_TEMPLATE_OOD,2116,3708,0.5,0.5,0.8816613518123397,0.8520363942729798,-0.029624957539359897,0.012287334593572778,0.005393743257820928,-0.00689359133575185,0.31852551984877125,0.20064724919093851,-0.11787827065783274
DAPT,XGBOOST,82,0.1,0.02,IID_BALANCED->TEMPORAL,2116,8000,0.5,0.5,0.8816613518123397,0.8979110715422922,0.016249719729952483,0.02835538752362949,0.0165,-0.011855387523629489,0.4120982986767486,0.41025,-0.001848298676748572
DAPT,XGBOOST,82,0.1,0.02,IID_BALANCED->DOMAIN_OOD,2116,3858,0.5,0.5,0.8816613518123397,0.8653923565069316,-0.01626899530540815,0.02835538752362949,0.017107309486780714,-0.011248078036848776,0.4120982986767486,0.30896837739761535,-0.10312992127913323
DAPT,XGBOOST,82,0.1,0.02,IID_BALANCED->TEMPLATE_OOD,2116,6832,0.5,0.5,0.8816613518123397,0.8965180422643011,0.014856690451961363,0.02835538752362949,0.014344262295081968,-0.014011125228547522,0.4120982986767486,0.3992974238875878,-0.012800874789160754
DAPT,XGBOOST,82,0.1,0.02,IID_BALANCED->DOMAIN_TEMPLATE_OOD,2116,3708,0.5,0.5,0.8816613518123397,0.8520363942729798,-0.029624957539359897,0.02835538752362949,0.017259978425026967,-0.011095409098602523,0.4120982986767486,0.2820927723840345,-0.13000552629271406
DAPT,XGBOOST,82,0.25,0.005,IID_BALANCED->TEMPORAL,2116,8000,0.5,0.5,0.8954839986447825,0.919652686049805,0.024168687405022538,0.002835538752362949,0.003,0.00016446124763705092,0.15406427221172023,0.211,0.056935727788279766
DAPT,XGBOOST,82,0.25,0.005,IID_BALANCED->DOMAIN_OOD,2116,3858,0.5,0.5,0.8954839986447825,0.8971330062312546,0.0016490075864721288,0.002835538752362949,0.0010368066355624676,-0.0017987321168004815,0.15406427221172023,0.13478486262312078,-0.019279409588599444
DAPT,XGBOOST,82,0.25,0.005,IID_BALANCED->TEMPLATE_OOD,2116,6832,0.5,0.5,0.8954839986447825,0.9185575718695889,0.02307357322480641,0.002835538752362949,0.0014637002341920376,-0.0013718385181709116,0.15406427221172023,0.20930913348946137,0.05524486127774114
DAPT,XGBOOST,82,0.25,0.005,IID_BALANCED->DOMAIN_TEMPLATE_OOD,2116,3708,0.5,0.5,0.8954839986447825,0.8859940286089942,-0.00948997003578822,0.002835538752362949,0.0010787486515641855,-0.0017567901007987637,0.15406427221172023,0.1343042071197411,-0.01976006509197914
DAPT,XGBOOST,82,0.25,0.01,IID_BALANCED->TEMPORAL,2116,8000,0.5,0.5,0.8954839986447825,0.919652686049805,0.024168687405022538,0.012287334593572778,0.00675,-0.005537334593572778,0.32608695652173914,0.33375,0.007663043478260856
DAPT,XGBOOST,82,0.25,0.01,IID_BALANCED->DOMAIN_OOD,2116,3858,0.5,0.5,0.8954839986447825,0.8971330062312546,0.0016490075864721288,0.012287334593572778,0.0036288232244686366,-0.008658511369104142,0.32608695652173914,0.24572317262830481,-0.08036378389343432
DAPT,XGBOOST,82,0.25,0.01,IID_BALANCED->TEMPLATE_OOD,2116,6832,0.5,0.5,0.8954839986447825,0.9185575718695889,0.02307357322480641,0.012287334593572778,0.00351288056206089,-0.008774454031511888,0.32608695652173914,0.32201405152224827,-0.004072904999490867
DAPT,XGBOOST,82,0.25,0.01,IID_BALANCED->DOMAIN_TEMPLATE_OOD,2116,3708,0.5,0.5,0.8954839986447825,0.8859940286089942,-0.00948997003578822,0.012287334593572778,0.0037756202804746495,-0.008511714313098129,0.32608695652173914,0.2222222222222222,-0.10386473429951693
DAPT,XGBOOST,82,0.25,0.02,IID_BALANCED->TEMPORAL,2116,8000,0.5,0.5,0.8954839986447825,0.919652686049805,0.024168687405022538,0.026465028355387523,0.0185,-0.007965028355387524,0.47448015122873344,0.52175,0.04726984877126661
DAPT,XGBOOST,82,0.25,0.02,IID_BALANCED->DOMAIN_OOD,2116,3858,0.5,0.5,0.8954839986447825,0.8971330062312546,0.0016490075864721288,0.026465028355387523,0.01866251944012442,-0.0078025089152631046,0.47448015122873344,0.4494556765163297,-0.02502447471240371
DAPT,XGBOOST,82,0.25,0.02,IID_BALANCED->TEMPLATE_OOD,2116,6832,0.5,0.5,0.8954839986447825,0.9185575718695889,0.02307357322480641,0.026465028355387523,0.015807962529274005,-0.010657065826113518,0.47448015122873344,0.5052693208430913,0.030789169614357847
DAPT,XGBOOST,82,0.25,0.02,IID_BALANCED->DOMAIN_TEMPLATE_OOD,2116,3708,0.5,0.5,0.8954839986447825,0.8859940286089942,-0.00948997003578822,0.026465028355387523,0.018878101402373247,-0.007586926953014276,0.47448015122873344,0.42340884573894283,-0.05107130548979061
DAPT,XGBOOST,82,1.0,0.005,IID_BALANCED->TEMPORAL,2116,8000,0.5,0.5,0.9279952449044279,0.9461154289300173,0.01812018402558946,0.005671077504725898,0.00525,-0.00042107750472589797,0.46502835538752363,0.431,-0.034028355387523634
DAPT,XGBOOST,82,1.0,0.005,IID_BALANCED->DOMAIN_OOD,2116,3858,0.5,0.5,0.9279952449044279,0.921688353591767,-0.006306891312660823,0.005671077504725898,0.007257646448937273,0.001586568944211375,0.46502835538752363,0.33177812337998963,-0.133250232007534
DAPT,XGBOOST,82,1.0,0.005,IID_BALANCED->TEMPLATE_OOD,2116,6832,0.5,0.5,0.9279952449044279,0.9419703432111385,0.01397509830671062,0.005671077504725898,0.004976580796252928,-0.0006944967084729706,0.46502835538752363,0.41451990632318503,-0.0505084490643386
DAPT,XGBOOST,82,1.0,0.005,IID_BALANCED->DOMAIN_TEMPLATE_OOD,2116,3708,0.5,0.5,0.9279952449044279,0.9137358958968577,-0.014259349007570199,0.005671077504725898,0.007011866235167206,0.001340788730441308,0.46502835538752363,0.2998921251348436,-0.16513623025268004
DAPT,XGBOOST,82,1.0,0.01,IID_BALANCED->TEMPORAL,2116,8000,0.5,0.5,0.9279952449044279,0.9461154289300173,0.01812018402558946,0.011342155009451797,0.01,-0.0013421550094517964,0.5245746691871456,0.50425,-0.020324669187145594
DAPT,XGBOOST,82,1.0,0.01,IID_BALANCED->DOMAIN_OOD,2116,3858,0.5,0.5,0.9279952449044279,0.921688353591767,-0.006306891312660823,0.011342155009451797,0.01347848626231208,0.002136331252860283,0.5245746691871456,0.4204250907205806,-0.10414957846656497
DAPT,XGBOOST,82,1.0,0.01,IID_BALANCED->TEMPLATE_OOD,2116,6832,0.5,0.5,0.9279952449044279,0.9419703432111385,0.01397509830671062,0.011342155009451797,0.009953161592505855,-0.0013889934169459411,0.5245746691871456,0.48009367681498827,-0.0444809923721573
DAPT,XGBOOST,82,1.0,0.01,IID_BALANCED->DOMAIN_TEMPLATE_OOD,2116,3708,0.5,0.5,0.9279952449044279,0.9137358958968577,-0.014259349007570199,0.011342155009451797,0.01348435814455232,0.0021422031351005233,0.5245746691871456,0.37594390507011866,-0.14863076411702691
DAPT,XGBOOST,82,1.0,0.02,IID_BALANCED->TEMPORAL,2116,8000,0.5,0.5,0.9279952449044279,0.9461154289300173,0.01812018402558946,0.01890359168241966,0.0165,-0.002403591682419659,0.5708884688090737,0.5735,0.002611531190926275
DAPT,XGBOOST,82,1.0,0.02,IID_BALANCED->DOMAIN_OOD,2116,3858,0.5,0.5,0.9279952449044279,0.921688353591767,-0.006306891312660823,0.01890359168241966,0.021254536029030584,0.0023509443466109246,0.5708884688090737,0.49351995852773456,-0.07736851028133918
DAPT,XGBOOST,82,1.0,0.02,IID_BALANCED->TEMPLATE_OOD,2116,6832,0.5,0.5,0.9279952449044279,0.9419703432111385,0.01397509830671062,0.01890359168241966,0.015515222482435597,-0.0033883691999840627,0.5708884688090737,0.5491803278688525,-0.02170814094022122
DAPT,XGBOOST,82,1.0,0.02,IID_BALANCED->DOMAIN_TEMPLATE_OOD,2116,3708,0.5,0.5,0.9279952449044279,0.9137358958968577,-0.014259349007570199,0.01890359168241966,0.020496224379719527,0.0015926326972998672,0.5708884688090737,0.4638619201725998,-0.10702654863647393
