seed,scenario,target_fpr,stage1_model,stage1_threshold,stage1_calibration_empirical_fpr,stage1_empirical_fpr,stage1_fp,stage1_tn,stage1_tp,stage1_fn,stage1_recall,ranker,ranker_own_threshold,ranker_calibration_empirical_fpr,ranker_empirical_fpr_at_own_threshold,review_fraction_of_stage1_negatives,stage1_negative_n,review_n,review_fraction_of_all_cases,review_phishing_n,review_benign_n,review_precision,rescued_stage1_fn,capture_rate_of_stage1_fn,review_assisted_recall_upper_bound,potential_recall_gain_pp,self_rescued_stage1_fn,self_review_precision,self_review_assisted_recall_upper_bound,rescued_fn_lift_vs_self,review_precision_lift_vs_self,recall_upper_bound_lift_vs_self_pp
42,IID_ORIGINAL,0.005,B0_STRUCT_XGB,0.9628620147705079,0.00468384074941452,0.004515805318615153,9,1984,501,557,0.4735349716446125,B0_SELF,0.9628620147705079,0.00468384074941452,0.004515805318615153,0.05,2541,128,0.04195345788266142,108,20,0.84375,108,0.19389587073608616,0.5756143667296786,10.207939508506609,108,0.84375,0.5756143667296786,0,0.0,0.0
42,IID_ORIGINAL,0.005,B0_STRUCT_XGB,0.9628620147705079,0.00468384074941452,0.004515805318615153,9,1984,501,557,0.4735349716446125,T0_E2E,0.9969544410705568,0.00468384074941452,0.008028098344204716,0.05,2541,128,0.04195345788266142,126,2,0.984375,126,0.22621184919210055,0.5926275992438563,11.909262759924383,108,0.84375,0.5756143667296786,18,0.140625,1.7013232514177745
42,IID_ORIGINAL,0.005,B0_STRUCT_XGB,0.9628620147705079,0.00468384074941452,0.004515805318615153,9,1984,501,557,0.4735349716446125,DAPT_E2E,0.999014973640442,0.00468384074941452,0.006021073758153537,0.05,2541,128,0.04195345788266142,126,2,0.984375,126,0.22621184919210055,0.5926275992438563,11.909262759924383,108,0.84375,0.5756143667296786,18,0.140625,1.7013232514177745
42,IID_ORIGINAL,0.005,B0_STRUCT_XGB,0.9628620147705079,0.00468384074941452,0.004515805318615153,9,1984,501,557,0.4735349716446125,BASE_EMB_MLP,0.9907682538032533,0.00468384074941452,0.004515805318615153,0.05,2541,128,0.04195345788266142,116,12,0.90625,116,0.20825852782764812,0.5831758034026465,10.964083175803403,108,0.84375,0.5756143667296786,8,0.0625,0.7561436672967936
42,IID_ORIGINAL,0.005,B0_STRUCT_XGB,0.9628620147705079,0.00468384074941452,0.004515805318615153,9,1984,501,557,0.4735349716446125,DAPT_EMB_MLP,0.9433161020278932,0.00468384074941452,0.009031610637230306,0.05,2541,128,0.04195345788266142,113,15,0.8828125,113,0.20287253141831238,0.5803402646502835,10.680529300567104,108,0.84375,0.5756143667296786,5,0.0390625,0.472589792060496
42,IID_ORIGINAL,0.005,B0_STRUCT_XGB,0.9628620147705079,0.00468384074941452,0.004515805318615153,9,1984,501,557,0.4735349716446125,CONTRASTIVE_EMB_MLP,0.9917105436325074,0.00468384074941452,0.006021073758153537,0.05,2541,128,0.04195345788266142,99,29,0.7734375,99,0.17773788150807898,0.5671077504725898,9.357277882797726,108,0.84375,0.5756143667296786,-9,-0.0703125,-0.8506616257088817
42,IID_ORIGINAL,0.005,B0_STRUCT_XGB,0.9628620147705079,0.00468384074941452,0.004515805318615153,9,1984,501,557,0.4735349716446125,B0_SELF,0.9628620147705079,0.00468384074941452,0.004515805318615153,0.1,2541,255,0.08357915437561456,194,61,0.7607843137254902,194,0.348294434470377,0.6568998109640832,18.336483931947072,194,0.7607843137254902,0.6568998109640832,0,0.0,0.0
42,IID_ORIGINAL,0.005,B0_STRUCT_XGB,0.9628620147705079,0.00468384074941452,0.004515805318615153,9,1984,501,557,0.4735349716446125,T0_E2E,0.9969544410705568,0.00468384074941452,0.008028098344204716,0.1,2541,255,0.08357915437561456,236,19,0.9254901960784314,236,0.4236983842010772,0.6965973534971645,22.306238185255197,194,0.7607843137254902,0.6568998109640832,42,0.16470588235294126,3.969754253308122
42,IID_ORIGINAL,0.005,B0_STRUCT_XGB,0.9628620147705079,0.00468384074941452,0.004515805318615153,9,1984,501,557,0.4735349716446125,DAPT_E2E,0.999014973640442,0.00468384074941452,0.006021073758153537,0.1,2541,255,0.08357915437561456,234,21,0.9176470588235294,234,0.42010771992818674,0.6947069943289225,22.117202268430997,194,0.7607843137254902,0.6568998109640832,40,0.1568627450980392,3.7807183364839236
42,IID_ORIGINAL,0.005,B0_STRUCT_XGB,0.9628620147705079,0.00468384074941452,0.004515805318615153,9,1984,501,557,0.4735349716446125,BASE_EMB_MLP,0.9907682538032533,0.00468384074941452,0.004515805318615153,0.1,2541,255,0.08357915437561456,197,58,0.7725490196078432,197,0.35368043087971274,0.6597353497164461,18.62003780718336,194,0.7607843137254902,0.6568998109640832,3,0.01176470588235301,0.2835538752362865
42,IID_ORIGINAL,0.005,B0_STRUCT_XGB,0.9628620147705079,0.00468384074941452,0.004515805318615153,9,1984,501,557,0.4735349716446125,DAPT_EMB_MLP,0.9433161020278932,0.00468384074941452,0.009031610637230306,0.1,2541,255,0.08357915437561456,195,60,0.7647058823529411,195,0.3500897666068223,0.6578449905482041,18.431001890359163,194,0.7607843137254902,0.6568998109640832,1,0.0039215686274509665,0.0945179584120881
42,IID_ORIGINAL,0.005,B0_STRUCT_XGB,0.9628620147705079,0.00468384074941452,0.004515805318615153,9,1984,501,557,0.4735349716446125,CONTRASTIVE_EMB_MLP,0.9917105436325074,0.00468384074941452,0.006021073758153537,0.1,2541,255,0.08357915437561456,182,73,0.7137254901960784,182,0.3267504488330341,0.6455576559546313,17.202268431001883,194,0.7607843137254902,0.6568998109640832,-12,-0.04705882352941171,-1.1342155009451904
42,IID_ORIGINAL,0.005,B0_STRUCT_XGB,0.9628620147705079,0.00468384074941452,0.004515805318615153,9,1984,501,557,0.4735349716446125,B0_SELF,0.9628620147705079,0.00468384074941452,0.004515805318615153,0.2,2541,509,0.1668305473615208,294,215,0.5776031434184676,294,0.5278276481149012,0.7514177693761814,27.788279773156894,294,0.5776031434184676,0.7514177693761814,0,0.0,0.0
42,IID_ORIGINAL,0.005,B0_STRUCT_XGB,0.9628620147705079,0.00468384074941452,0.004515805318615153,9,1984,501,557,0.4735349716446125,T0_E2E,0.9969544410705568,0.00468384074941452,0.008028098344204716,0.2,2541,509,0.1668305473615208,340,169,0.6679764243614931,340,0.6104129263913824,0.7948960302457467,32.136105860113425,294,0.5776031434184676,0.7514177693761814,46,0.09037328094302544,4.34782608695653
42,IID_ORIGINAL,0.005,B0_STRUCT_XGB,0.9628620147705079,0.00468384074941452,0.004515805318615153,9,1984,501,557,0.4735349716446125,DAPT_E2E,0.999014973640442,0.00468384074941452,0.006021073758153537,0.2,2541,509,0.1668305473615208,351,158,0.6895874263261297,351,0.63016157989228,0.8052930056710775,33.1758034026465,294,0.5776031434184676,0.7514177693761814,57,0.11198428290766205,5.3875236294896105
42,IID_ORIGINAL,0.005,B0_STRUCT_XGB,0.9628620147705079,0.00468384074941452,0.004515805318615153,9,1984,501,557,0.4735349716446125,BASE_EMB_MLP,0.9907682538032533,0.00468384074941452,0.004515805318615153,0.2,2541,509,0.1668305473615208,311,198,0.6110019646365422,311,0.5583482944344704,0.7674858223062382,29.39508506616257,294,0.5776031434184676,0.7514177693761814,17,0.03339882121807458,1.6068052930056753
42,IID_ORIGINAL,0.005,B0_STRUCT_XGB,0.9628620147705079,0.00468384074941452,0.004515805318615153,9,1984,501,557,0.4735349716446125,DAPT_EMB_MLP,0.9433161020278932,0.00468384074941452,0.009031610637230306,0.2,2541,509,0.1668305473615208,302,207,0.593320235756385,302,0.5421903052064632,0.7589792060491494,28.544423440453688,294,0.5776031434184676,0.7514177693761814,8,0.015717092337917404,0.7561436672967936
42,IID_ORIGINAL,0.005,B0_STRUCT_XGB,0.9628620147705079,0.00468384074941452,0.004515805318615153,9,1984,501,557,0.4735349716446125,CONTRASTIVE_EMB_MLP,0.9917105436325074,0.00468384074941452,0.006021073758153537,0.2,2541,509,0.1668305473615208,318,191,0.6247544204322201,318,0.5709156193895871,0.774102079395085,30.05671077504725,294,0.5776031434184676,0.7514177693761814,24,0.047151277013752435,2.2684310018903586
42,IID_BALANCED,0.005,B0_STRUCT_XGB,0.9628620147705079,0.00468384074941452,0.006616257088846881,7,1051,501,557,0.4735349716446125,B0_SELF,0.9628620147705079,0.00468384074941452,0.006616257088846881,0.05,1608,81,0.03827977315689981,74,7,0.9135802469135802,74,0.13285457809694792,0.5434782608695652,6.994328922495269,74,0.9135802469135802,0.5434782608695652,0,0.0,0.0
42,IID_BALANCED,0.005,B0_STRUCT_XGB,0.9628620147705079,0.00468384074941452,0.006616257088846881,7,1051,501,557,0.4735349716446125,T0_E2E,0.9969544410705568,0.00468384074941452,0.00945179584120983,0.05,1608,81,0.03827977315689981,81,0,1.0,81,0.14542190305206462,0.5500945179584121,7.655954631379963,74,0.9135802469135802,0.5434782608695652,7,0.0864197530864198,0.6616257088846944
42,IID_BALANCED,0.005,B0_STRUCT_XGB,0.9628620147705079,0.00468384074941452,0.006616257088846881,7,1051,501,557,0.4735349716446125,DAPT_E2E,0.999014973640442,0.00468384074941452,0.007561436672967864,0.05,1608,81,0.03827977315689981,81,0,1.0,81,0.14542190305206462,0.5500945179584121,7.655954631379963,74,0.9135802469135802,0.5434782608695652,7,0.0864197530864198,0.6616257088846944
42,IID_BALANCED,0.005,B0_STRUCT_XGB,0.9628620147705079,0.00468384074941452,0.006616257088846881,7,1051,501,557,0.4735349716446125,BASE_EMB_MLP,0.9907682538032533,0.00468384074941452,0.006616257088846881,0.05,1608,81,0.03827977315689981,80,1,0.9876543209876543,80,0.1436265709156194,0.5491493383742911,7.561436672967864,74,0.9135802469135802,0.5434782608695652,6,0.07407407407407407,0.5671077504725952
42,IID_BALANCED,0.005,B0_STRUCT_XGB,0.9628620147705079,0.00468384074941452,0.006616257088846881,7,1051,501,557,0.4735349716446125,DAPT_EMB_MLP,0.9433161020278932,0.00468384074941452,0.010396975425330813,0.05,1608,81,0.03827977315689981,75,6,0.9259259259259259,75,0.13464991023339318,0.5444234404536862,7.088846880907368,74,0.9135802469135802,0.5434782608695652,1,0.012345679012345734,0.0945179584120992
42,IID_BALANCED,0.005,B0_STRUCT_XGB,0.9628620147705079,0.00468384074941452,0.006616257088846881,7,1051,501,557,0.4735349716446125,CONTRASTIVE_EMB_MLP,0.9917105436325074,0.00468384074941452,0.007561436672967864,0.05,1608,81,0.03827977315689981,73,8,0.9012345679012346,73,0.1310592459605027,0.5425330812854442,6.899810964083169,74,0.9135802469135802,0.5434782608695652,-1,-0.012345679012345623,-0.0945179584120992
42,IID_BALANCED,0.005,B0_STRUCT_XGB,0.9628620147705079,0.00468384074941452,0.006616257088846881,7,1051,501,557,0.4735349716446125,B0_SELF,0.9628620147705079,0.00468384074941452,0.006616257088846881,0.1,1608,161,0.07608695652173914,142,19,0.8819875776397516,142,0.25493716337522443,0.6077504725897921,13.42155009451796,142,0.8819875776397516,0.6077504725897921,0,0.0,0.0
42,IID_BALANCED,0.005,B0_STRUCT_XGB,0.9628620147705079,0.00468384074941452,0.006616257088846881,7,1051,501,557,0.4735349716446125,T0_E2E,0.9969544410705568,0.00468384074941452,0.00945179584120983,0.1,1608,161,0.07608695652173914,158,3,0.9813664596273292,158,0.2836624775583483,0.6228733459357277,14.933837429111524,142,0.8819875776397516,0.6077504725897921,16,0.0993788819875776,1.512287334593565
42,IID_BALANCED,0.005,B0_STRUCT_XGB,0.9628620147705079,0.00468384074941452,0.006616257088846881,7,1051,501,557,0.4735349716446125,DAPT_E2E,0.999014973640442,0.00468384074941452,0.007561436672967864,0.1,1608,161,0.07608695652173914,159,2,0.9875776397515528,159,0.28545780969479356,0.6238185255198487,15.028355387523623,142,0.8819875776397516,0.6077504725897921,17,0.10559006211180122,1.6068052930056642
42,IID_BALANCED,0.005,B0_STRUCT_XGB,0.9628620147705079,0.00468384074941452,0.006616257088846881,7,1051,501,557,0.4735349716446125,BASE_EMB_MLP,0.9907682538032533,0.00468384074941452,0.006616257088846881,0.1,1608,161,0.07608695652173914,147,14,0.9130434782608695,147,0.2639138240574506,0.6124763705103969,13.894139886578444,142,0.8819875776397516,0.6077504725897921,5,0.03105590062111796,0.4725897920604849
42,IID_BALANCED,0.005,B0_STRUCT_XGB,0.9628620147705079,0.00468384074941452,0.006616257088846881,7,1051,501,557,0.4735349716446125,DAPT_EMB_MLP,0.9433161020278932,0.00468384074941452,0.010396975425330813,0.1,1608,161,0.07608695652173914,143,18,0.8881987577639752,143,0.25673249551166966,0.6086956521739131,13.516068052930057,142,0.8819875776397516,0.6077504725897921,1,0.006211180124223614,0.0945179584120992
42,IID_BALANCED,0.005,B0_STRUCT_XGB,0.9628620147705079,0.00468384074941452,0.006616257088846881,7,1051,501,557,0.4735349716446125,CONTRASTIVE_EMB_MLP,0.9917105436325074,0.00468384074941452,0.007561436672967864,0.1,1608,161,0.07608695652173914,134,27,0.8322981366459627,134,0.24057450628366248,0.6001890359168242,12.665406427221166,142,0.8819875776397516,0.6077504725897921,-8,-0.0496894409937888,-0.7561436672967936
42,IID_BALANCED,0.005,B0_STRUCT_XGB,0.9628620147705079,0.00468384074941452,0.006616257088846881,7,1051,501,557,0.4735349716446125,B0_SELF,0.9628620147705079,0.00468384074941452,0.006616257088846881,0.2,1608,322,0.15217391304347827,256,66,0.7950310559006211,256,0.45960502692998206,0.7155009451795841,24.196597353497157,256,0.7950310559006211,0.7155009451795841,0,0.0,0.0
42,IID_BALANCED,0.005,B0_STRUCT_XGB,0.9628620147705079,0.00468384074941452,0.006616257088846881,7,1051,501,557,0.4735349716446125,T0_E2E,0.9969544410705568,0.00468384074941452,0.00945179584120983,0.2,1608,322,0.15217391304347827,291,31,0.9037267080745341,291,0.5224416517055656,0.7485822306238186,27.504725897920608,256,0.7950310559006211,0.7155009451795841,35,0.10869565217391308,3.30812854442345
42,IID_BALANCED,0.005,B0_STRUCT_XGB,0.9628620147705079,0.00468384074941452,0.006616257088846881,7,1051,501,557,0.4735349716446125,DAPT_E2E,0.999014973640442,0.00468384074941452,0.007561436672967864,0.2,1608,322,0.15217391304347827,297,25,0.922360248447205,297,0.533213644524237,0.7542533081285444,28.07183364839319,256,0.7950310559006211,0.7155009451795841,41,0.12732919254658392,3.875236294896034
42,IID_BALANCED,0.005,B0_STRUCT_XGB,0.9628620147705079,0.00468384074941452,0.006616257088846881,7,1051,501,557,0.4735349716446125,BASE_EMB_MLP,0.9907682538032533,0.00468384074941452,0.006616257088846881,0.2,1608,322,0.15217391304347827,260,62,0.8074534161490683,260,0.466786355475763,0.719281663516068,24.574669187145552,256,0.7950310559006211,0.7155009451795841,4,0.012422360248447228,0.3780718336483968
42,IID_BALANCED,0.005,B0_STRUCT_XGB,0.9628620147705079,0.00468384074941452,0.006616257088846881,7,1051,501,557,0.4735349716446125,DAPT_EMB_MLP,0.9433161020278932,0.00468384074941452,0.010396975425330813,0.2,1608,322,0.15217391304347827,250,72,0.7763975155279503,250,0.4488330341113106,0.7098298676748582,23.629489603024574,256,0.7950310559006211,0.7155009451795841,-6,-0.01863354037267073,-0.5671077504725841
42,IID_BALANCED,0.005,B0_STRUCT_XGB,0.9628620147705079,0.00468384074941452,0.006616257088846881,7,1051,501,557,0.4735349716446125,CONTRASTIVE_EMB_MLP,0.9917105436325074,0.00468384074941452,0.007561436672967864,0.2,1608,322,0.15217391304347827,252,70,0.782608695652174,252,0.4524236983842011,0.7117202268431002,23.81852551984877,256,0.7950310559006211,0.7155009451795841,-4,-0.012422360248447117,-0.3780718336483857
42,TEMPORAL,0.005,B0_STRUCT_XGB,0.9628620147705079,0.00468384074941452,0.00275,11,3989,2121,1879,0.53025,B0_SELF,0.9628620147705079,0.00468384074941452,0.00275,0.05,5868,294,0.03675,272,22,0.9251700680272109,272,0.1447578499201703,0.59825,6.799999999999995,272,0.9251700680272109,0.59825,0,0.0,0.0
42,TEMPORAL,0.005,B0_STRUCT_XGB,0.9628620147705079,0.00468384074941452,0.00275,11,3989,2121,1879,0.53025,T0_E2E,0.9969544410705568,0.00468384074941452,0.0065,0.05,5868,294,0.03675,294,0,1.0,294,0.15646620542841938,0.60375,7.350000000000001,272,0.9251700680272109,0.59825,22,0.07482993197278909,0.550000000000006
42,TEMPORAL,0.005,B0_STRUCT_XGB,0.9628620147705079,0.00468384074941452,0.00275,11,3989,2121,1879,0.53025,DAPT_E2E,0.999014973640442,0.00468384074941452,0.00375,0.05,5868,294,0.03675,292,2,0.9931972789115646,292,0.15540180947312401,0.60325,7.299999999999995,272,0.9251700680272109,0.59825,20,0.0680272108843537,0.5000000000000004
42,TEMPORAL,0.005,B0_STRUCT_XGB,0.9628620147705079,0.00468384074941452,0.00275,11,3989,2121,1879,0.53025,BASE_EMB_MLP,0.9907682538032533,0.00468384074941452,0.0045,0.05,5868,294,0.03675,270,24,0.9183673469387755,270,0.14369345396487493,0.59775,6.75,272,0.9251700680272109,0.59825,-2,-0.006802721088435382,-0.04999999999999449
42,TEMPORAL,0.005,B0_STRUCT_XGB,0.9628620147705079,0.00468384074941452,0.00275,11,3989,2121,1879,0.53025,DAPT_EMB_MLP,0.9433161020278932,0.00468384074941452,0.006,0.05,5868,294,0.03675,283,11,0.9625850340136054,283,0.15061202767429482,0.601,7.0749999999999975,272,0.9251700680272109,0.59825,11,0.03741496598639449,0.275000000000003
42,TEMPORAL,0.005,B0_STRUCT_XGB,0.9628620147705079,0.00468384074941452,0.00275,11,3989,2121,1879,0.53025,CONTRASTIVE_EMB_MLP,0.9917105436325074,0.00468384074941452,0.00625,0.05,5868,294,0.03675,269,25,0.9149659863945578,269,0.14316125598722726,0.5975,6.725000000000003,272,0.9251700680272109,0.59825,-3,-0.010204081632653073,-0.07499999999999174
42,TEMPORAL,0.005,B0_STRUCT_XGB,0.9628620147705079,0.00468384074941452,0.00275,11,3989,2121,1879,0.53025,B0_SELF,0.9628620147705079,0.00468384074941452,0.00275,0.1,5868,587,0.073375,543,44,0.9250425894378195,543,0.28898350186269295,0.666,13.575000000000003,543,0.9250425894378195,0.666,0,0.0,0.0
42,TEMPORAL,0.005,B0_STRUCT_XGB,0.9628620147705079,0.00468384074941452,0.00275,11,3989,2121,1879,0.53025,T0_E2E,0.9969544410705568,0.00468384074941452,0.0065,0.1,5868,587,0.073375,581,6,0.989778534923339,581,0.30920702501330494,0.6755,14.524999999999999,543,0.9250425894378195,0.666,38,0.06473594548551953,0.9499999999999953
42,TEMPORAL,0.005,B0_STRUCT_XGB,0.9628620147705079,0.00468384074941452,0.00275,11,3989,2121,1879,0.53025,DAPT_E2E,0.999014973640442,0.00468384074941452,0.00375,0.1,5868,587,0.073375,581,6,0.989778534923339,581,0.30920702501330494,0.6755,14.524999999999999,543,0.9250425894378195,0.666,38,0.06473594548551953,0.9499999999999953
42,TEMPORAL,0.005,B0_STRUCT_XGB,0.9628620147705079,0.00468384074941452,0.00275,11,3989,2121,1879,0.53025,BASE_EMB_MLP,0.9907682538032533,0.00468384074941452,0.0045,0.1,5868,587,0.073375,541,46,0.9216354344122658,541,0.28791910590739755,0.6655,13.524999999999999,543,0.9250425894378195,0.666,-2,-0.0034071550255536653,-0.050000000000005596
42,TEMPORAL,0.005,B0_STRUCT_XGB,0.9628620147705079,0.00468384074941452,0.00275,11,3989,2121,1879,0.53025,DAPT_EMB_MLP,0.9433161020278932,0.00468384074941452,0.006,0.1,5868,587,0.073375,543,44,0.9250425894378195,543,0.28898350186269295,0.666,13.575000000000003,543,0.9250425894378195,0.666,0,0.0,0.0
42,TEMPORAL,0.005,B0_STRUCT_XGB,0.9628620147705079,0.00468384074941452,0.00275,11,3989,2121,1879,0.53025,CONTRASTIVE_EMB_MLP,0.9917105436325074,0.00468384074941452,0.00625,0.1,5868,587,0.073375,527,60,0.8977853492333902,527,0.28046833422032996,0.662,13.175000000000004,543,0.9250425894378195,0.666,-16,-0.027257240204429323,-0.40000000000000036
42,TEMPORAL,0.005,B0_STRUCT_XGB,0.9628620147705079,0.00468384074941452,0.00275,11,3989,2121,1879,0.53025,B0_SELF,0.9628620147705079,0.00468384074941452,0.00275,0.2,5868,1174,0.14675,1011,163,0.8611584327086882,1011,0.5380521554018095,0.783,25.275000000000002,1011,0.8611584327086882,0.783,0,0.0,0.0
42,TEMPORAL,0.005,B0_STRUCT_XGB,0.9628620147705079,0.00468384074941452,0.00275,11,3989,2121,1879,0.53025,T0_E2E,0.9969544410705568,0.00468384074941452,0.0065,0.2,5868,1174,0.14675,1113,61,0.9480408858603067,1113,0.5923363491218734,0.8085,27.825,1011,0.8611584327086882,0.783,102,0.08688245315161847,2.5499999999999967
42,TEMPORAL,0.005,B0_STRUCT_XGB,0.9628620147705079,0.00468384074941452,0.00275,11,3989,2121,1879,0.53025,DAPT_E2E,0.999014973640442,0.00468384074941452,0.00375,0.2,5868,1174,0.14675,1117,57,0.9514480408858603,1117,0.5944651410324641,0.8095,27.925,1011,0.8611584327086882,0.783,106,0.09028960817717213,2.649999999999997
42,TEMPORAL,0.005,B0_STRUCT_XGB,0.9628620147705079,0.00468384074941452,0.00275,11,3989,2121,1879,0.53025,BASE_EMB_MLP,0.9907682538032533,0.00468384074941452,0.0045,0.2,5868,1174,0.14675,1015,159,0.8645655877342419,1015,0.5401809473124002,0.784,25.375000000000004,1011,0.8611584327086882,0.783,4,0.0034071550255536653,0.10000000000000009
42,TEMPORAL,0.005,B0_STRUCT_XGB,0.9628620147705079,0.00468384074941452,0.00275,11,3989,2121,1879,0.53025,DAPT_EMB_MLP,0.9433161020278932,0.00468384074941452,0.006,0.2,5868,1174,0.14675,1010,164,0.8603066439522998,1010,0.5375199574241618,0.78275,25.249999999999993,1011,0.8611584327086882,0.783,-1,-0.0008517887563883608,-0.02500000000000835
42,TEMPORAL,0.005,B0_STRUCT_XGB,0.9628620147705079,0.00468384074941452,0.00275,11,3989,2121,1879,0.53025,CONTRASTIVE_EMB_MLP,0.9917105436325074,0.00468384074941452,0.00625,0.2,5868,1174,0.14675,936,238,0.797274275979557,936,0.4981373070782331,0.76425,23.4,1011,0.8611584327086882,0.783,-75,-0.06388415672913117,-1.8750000000000044
42,DOMAIN_OOD,0.005,B0_STRUCT_XGB,0.9628620147705079,0.00468384074941452,0.002592016588906169,5,1924,800,1129,0.41472265422498705,B0_SELF,0.9628620147705079,0.00468384074941452,0.002592016588906169,0.05,3053,153,0.03965785381026438,135,18,0.8823529411764706,135,0.1195748449955713,0.4847071021254536,6.998444790046654,135,0.8823529411764706,0.4847071021254536,0,0.0,0.0
42,DOMAIN_OOD,0.005,B0_STRUCT_XGB,0.9628620147705079,0.00468384074941452,0.002592016588906169,5,1924,800,1129,0.41472265422498705,T0_E2E,0.9969544410705568,0.00468384074941452,0.006220839813374806,0.05,3053,153,0.03965785381026438,153,0,1.0,153,0.1355181576616475,0.4940383618455158,7.931570762052875,135,0.8823529411764706,0.4847071021254536,18,0.11764705882352944,0.9331259720062213
42,DOMAIN_OOD,0.005,B0_STRUCT_XGB,0.9628620147705079,0.00468384074941452,0.002592016588906169,5,1924,800,1129,0.41472265422498705,DAPT_E2E,0.999014973640442,0.00468384074941452,0.002073613271124935,0.05,3053,153,0.03965785381026438,153,0,1.0,153,0.1355181576616475,0.4940383618455158,7.931570762052875,135,0.8823529411764706,0.4847071021254536,18,0.11764705882352944,0.9331259720062213
42,DOMAIN_OOD,0.005,B0_STRUCT_XGB,0.9628620147705079,0.00468384074941452,0.002592016588906169,5,1924,800,1129,0.41472265422498705,BASE_EMB_MLP,0.9907682538032533,0.00468384074941452,0.005702436495593572,0.05,3053,153,0.03965785381026438,139,14,0.9084967320261438,139,0.12311780336581045,0.4867807153965785,7.205806117159147,135,0.8823529411764706,0.4847071021254536,4,0.02614379084967322,0.207361327112493
42,DOMAIN_OOD,0.005,B0_STRUCT_XGB,0.9628620147705079,0.00468384074941452,0.002592016588906169,5,1924,800,1129,0.41472265422498705,DAPT_EMB_MLP,0.9433161020278932,0.00468384074941452,0.00829445308449974,0.05,3053,153,0.03965785381026438,148,5,0.9673202614379085,148,0.13108945969884853,0.49144634525660963,7.672369103162257,135,0.8823529411764706,0.4847071021254536,13,0.08496732026143794,0.6739243131156036
42,DOMAIN_OOD,0.005,B0_STRUCT_XGB,0.9628620147705079,0.00468384074941452,0.002592016588906169,5,1924,800,1129,0.41472265422498705,CONTRASTIVE_EMB_MLP,0.9917105436325074,0.00468384074941452,0.007257646448937273,0.05,3053,153,0.03965785381026438,143,10,0.934640522875817,143,0.1266607617360496,0.48885432866770345,7.4131674442716395,135,0.8823529411764706,0.4847071021254536,8,0.05228758169934644,0.414722654224986
42,DOMAIN_OOD,0.005,B0_STRUCT_XGB,0.9628620147705079,0.00468384074941452,0.002592016588906169,5,1924,800,1129,0.41472265422498705,B0_SELF,0.9628620147705079,0.00468384074941452,0.002592016588906169,0.1,3053,306,0.07931570762052877,277,29,0.9052287581699346,277,0.24534986713906112,0.5583203732503889,14.35977190254018,277,0.9052287581699346,0.5583203732503889,0,0.0,0.0
42,DOMAIN_OOD,0.005,B0_STRUCT_XGB,0.9628620147705079,0.00468384074941452,0.002592016588906169,5,1924,800,1129,0.41472265422498705,T0_E2E,0.9969544410705568,0.00468384074941452,0.006220839813374806,0.1,3053,306,0.07931570762052877,305,1,0.9967320261437909,305,0.27015057573073514,0.5728356661482633,15.811301192327626,277,0.9052287581699346,0.5583203732503889,28,0.09150326797385622,1.4515292897874454
42,DOMAIN_OOD,0.005,B0_STRUCT_XGB,0.9628620147705079,0.00468384074941452,0.002592016588906169,5,1924,800,1129,0.41472265422498705,DAPT_E2E,0.999014973640442,0.00468384074941452,0.002073613271124935,0.1,3053,306,0.07931570762052877,306,0,1.0,306,0.271036315323295,0.5733540694660446,15.863141524105757,277,0.9052287581699346,0.5583203732503889,29,0.09477124183006536,1.5033696215655756
42,DOMAIN_OOD,0.005,B0_STRUCT_XGB,0.9628620147705079,0.00468384074941452,0.002592016588906169,5,1924,800,1129,0.41472265422498705,BASE_EMB_MLP,0.9907682538032533,0.00468384074941452,0.005702436495593572,0.1,3053,306,0.07931570762052877,279,27,0.9117647058823529,279,0.2471213463241807,0.5593571798859512,14.463452566096418,277,0.9052287581699346,0.5583203732503889,2,0.006535947712418277,0.10368066355623817
42,DOMAIN_OOD,0.005,B0_STRUCT_XGB,0.9628620147705079,0.00468384074941452,0.002592016588906169,5,1924,800,1129,0.41472265422498705,DAPT_EMB_MLP,0.9433161020278932,0.00468384074941452,0.00829445308449974,0.1,3053,306,0.07931570762052877,285,21,0.9313725490196079,285,0.2524357838795394,0.5624675997926387,14.774494556765166,277,0.9052287581699346,0.5583203732503889,8,0.02614379084967322,0.414722654224986
42,DOMAIN_OOD,0.005,B0_STRUCT_XGB,0.9628620147705079,0.00468384074941452,0.002592016588906169,5,1924,800,1129,0.41472265422498705,CONTRASTIVE_EMB_MLP,0.9917105436325074,0.00468384074941452,0.007257646448937273,0.1,3053,306,0.07931570762052877,279,27,0.9117647058823529,279,0.2471213463241807,0.5593571798859512,14.463452566096418,277,0.9052287581699346,0.5583203732503889,2,0.006535947712418277,0.10368066355623817
42,DOMAIN_OOD,0.005,B0_STRUCT_XGB,0.9628620147705079,0.00468384074941452,0.002592016588906169,5,1924,800,1129,0.41472265422498705,B0_SELF,0.9628620147705079,0.00468384074941452,0.002592016588906169,0.2,3053,611,0.15837221358216694,520,91,0.851063829787234,520,0.46058458813108943,0.6842923794712286,26.956972524624152,520,0.851063829787234,0.6842923794712286,0,0.0,0.0
42,DOMAIN_OOD,0.005,B0_STRUCT_XGB,0.9628620147705079,0.00468384074941452,0.002592016588906169,5,1924,800,1129,0.41472265422498705,T0_E2E,0.9969544410705568,0.00468384074941452,0.006220839813374806,0.2,3053,611,0.15837221358216694,593,18,0.9705400981996727,593,0.525243578387954,0.7221358216692587,30.741316744427166,520,0.851063829787234,0.6842923794712286,73,0.11947626841243864,3.7843442198030153
42,DOMAIN_OOD,0.005,B0_STRUCT_XGB,0.9628620147705079,0.00468384074941452,0.002592016588906169,5,1924,800,1129,0.41472265422498705,DAPT_E2E,0.999014973640442,0.00468384074941452,0.002073613271124935,0.2,3053,611,0.15837221358216694,595,16,0.9738134206219312,595,0.5270150575730735,0.7231726283048211,30.844997407983403,520,0.851063829787234,0.6842923794712286,75,0.12274959083469716,3.8880248833592534
42,DOMAIN_OOD,0.005,B0_STRUCT_XGB,0.9628620147705079,0.00468384074941452,0.002592016588906169,5,1924,800,1129,0.41472265422498705,BASE_EMB_MLP,0.9907682538032533,0.00468384074941452,0.005702436495593572,0.2,3053,611,0.15837221358216694,528,83,0.8641571194762684,528,0.46767050487156775,0.6884396060134785,27.371695178849148,520,0.851063829787234,0.6842923794712286,8,0.013093289689034338,0.4147226542249971
42,DOMAIN_OOD,0.005,B0_STRUCT_XGB,0.9628620147705079,0.00468384074941452,0.002592016588906169,5,1924,800,1129,0.41472265422498705,DAPT_EMB_MLP,0.9433161020278932,0.00468384074941452,0.00829445308449974,0.2,3053,611,0.15837221358216694,534,77,0.8739770867430442,534,0.47298494242692646,0.6915500259201659,27.682737169517885,520,0.851063829787234,0.6842923794712286,14,0.022913256955810146,0.7257646448937338
42,DOMAIN_OOD,0.005,B0_STRUCT_XGB,0.9628620147705079,0.00468384074941452,0.002592016588906169,5,1924,800,1129,0.41472265422498705,CONTRASTIVE_EMB_MLP,0.9917105436325074,0.00468384074941452,0.007257646448937273,0.2,3053,611,0.15837221358216694,512,99,0.8379705400981997,512,0.4534986713906112,0.6801451529289787,26.542249870399164,520,0.851063829787234,0.6842923794712286,-8,-0.013093289689034338,-0.414722654224986
42,TEMPLATE_OOD,0.005,B0_STRUCT_XGB,0.9628620147705079,0.00468384074941452,0.002927400468384075,10,3406,1716,1700,0.5023419203747073,B0_SELF,0.9628620147705079,0.00468384074941452,0.002927400468384075,0.05,5106,256,0.03747072599531616,235,21,0.91796875,235,0.13823529411764707,0.5711358313817331,6.8793911007025805,235,0.91796875,0.5711358313817331,0,0.0,0.0
42,TEMPLATE_OOD,0.005,B0_STRUCT_XGB,0.9628620147705079,0.00468384074941452,0.002927400468384075,10,3406,1716,1700,0.5023419203747073,T0_E2E,0.9969544410705568,0.00468384074941452,0.005269320843091335,0.05,5106,256,0.03747072599531616,256,0,1.0,256,0.15058823529411763,0.5772833723653396,7.4941451990632295,235,0.91796875,0.5711358313817331,21,0.08203125,0.6147540983606481
42,TEMPLATE_OOD,0.005,B0_STRUCT_XGB,0.9628620147705079,0.00468384074941452,0.002927400468384075,10,3406,1716,1700,0.5023419203747073,DAPT_E2E,0.999014973640442,0.00468384074941452,0.0032201405152224825,0.05,5106,256,0.03747072599531616,256,0,1.0,256,0.15058823529411763,0.5772833723653396,7.4941451990632295,235,0.91796875,0.5711358313817331,21,0.08203125,0.6147540983606481
42,TEMPLATE_OOD,0.005,B0_STRUCT_XGB,0.9628620147705079,0.00468384074941452,0.002927400468384075,10,3406,1716,1700,0.5023419203747073,BASE_EMB_MLP,0.9907682538032533,0.00468384074941452,0.005269320843091335,0.05,5106,256,0.03747072599531616,234,22,0.9140625,234,0.1376470588235294,0.5708430913348946,6.850117096018737,235,0.91796875,0.5711358313817331,-1,-0.00390625,-0.029274004683843557
42,TEMPLATE_OOD,0.005,B0_STRUCT_XGB,0.9628620147705079,0.00468384074941452,0.002927400468384075,10,3406,1716,1700,0.5023419203747073,DAPT_EMB_MLP,0.9433161020278932,0.00468384074941452,0.006733021077283372,0.05,5106,256,0.03747072599531616,246,10,0.9609375,246,0.14470588235294118,0.5743559718969555,7.201405152224827,235,0.91796875,0.5711358313817331,11,0.04296875,0.3220140515222458
42,TEMPLATE_OOD,0.005,B0_STRUCT_XGB,0.9628620147705079,0.00468384074941452,0.002927400468384075,10,3406,1716,1700,0.5023419203747073,CONTRASTIVE_EMB_MLP,0.9917105436325074,0.00468384074941452,0.006147540983606557,0.05,5106,256,0.03747072599531616,235,21,0.91796875,235,0.13823529411764707,0.5711358313817331,6.8793911007025805,235,0.91796875,0.5711358313817331,0,0.0,0.0
42,TEMPLATE_OOD,0.005,B0_STRUCT_XGB,0.9628620147705079,0.00468384074941452,0.002927400468384075,10,3406,1716,1700,0.5023419203747073,B0_SELF,0.9628620147705079,0.00468384074941452,0.002927400468384075,0.1,5106,511,0.07479508196721311,477,34,0.9334637964774951,477,0.28058823529411764,0.6419789227166276,13.963700234192034,477,0.9334637964774951,0.6419789227166276,0,0.0,0.0
42,TEMPLATE_OOD,0.005,B0_STRUCT_XGB,0.9628620147705079,0.00468384074941452,0.002927400468384075,10,3406,1716,1700,0.5023419203747073,T0_E2E,0.9969544410705568,0.00468384074941452,0.005269320843091335,0.1,5106,511,0.07479508196721311,508,3,0.9941291585127201,508,0.2988235294117647,0.6510538641686182,14.871194379391095,477,0.9334637964774951,0.6419789227166276,31,0.06066536203522499,0.9074941451990615
42,TEMPLATE_OOD,0.005,B0_STRUCT_XGB,0.9628620147705079,0.00468384074941452,0.002927400468384075,10,3406,1716,1700,0.5023419203747073,DAPT_E2E,0.999014973640442,0.00468384074941452,0.0032201405152224825,0.1,5106,511,0.07479508196721311,510,1,0.9980430528375733,510,0.3,0.6516393442622951,14.929742388758783,477,0.9334637964774951,0.6419789227166276,33,0.06457925636007822,0.9660421545667486
42,TEMPLATE_OOD,0.005,B0_STRUCT_XGB,0.9628620147705079,0.00468384074941452,0.002927400468384075,10,3406,1716,1700,0.5023419203747073,BASE_EMB_MLP,0.9907682538032533,0.00468384074941452,0.005269320843091335,0.1,5106,511,0.07479508196721311,470,41,0.9197651663405088,470,0.27647058823529413,0.6399297423887588,13.75878220140515,477,0.9334637964774951,0.6419789227166276,-7,-0.013698630136986356,-0.2049180327868827
42,TEMPLATE_OOD,0.005,B0_STRUCT_XGB,0.9628620147705079,0.00468384074941452,0.002927400468384075,10,3406,1716,1700,0.5023419203747073,DAPT_EMB_MLP,0.9433161020278932,0.00468384074941452,0.006733021077283372,0.1,5106,511,0.07479508196721311,473,38,0.9256360078277887,473,0.2782352941176471,0.640807962529274,13.84660421545667,477,0.9334637964774951,0.6419789227166276,-4,-0.007827788649706457,-0.11709601873536313
42,TEMPLATE_OOD,0.005,B0_STRUCT_XGB,0.9628620147705079,0.00468384074941452,0.002927400468384075,10,3406,1716,1700,0.5023419203747073,CONTRASTIVE_EMB_MLP,0.9917105436325074,0.00468384074941452,0.006147540983606557,0.1,5106,511,0.07479508196721311,466,45,0.9119373776908023,466,0.2741176470588235,0.6387587822014051,13.641686182669787,477,0.9334637964774951,0.6419789227166276,-11,-0.021526418786692814,-0.3220140515222458
42,TEMPLATE_OOD,0.005,B0_STRUCT_XGB,0.9628620147705079,0.00468384074941452,0.002927400468384075,10,3406,1716,1700,0.5023419203747073,B0_SELF,0.9628620147705079,0.00468384074941452,0.002927400468384075,0.2,5106,1022,0.14959016393442623,883,139,0.8639921722113503,883,0.5194117647058824,0.7608313817330211,25.848946135831387,883,0.8639921722113503,0.7608313817330211,0,0.0,0.0
42,TEMPLATE_OOD,0.005,B0_STRUCT_XGB,0.9628620147705079,0.00468384074941452,0.002927400468384075,10,3406,1716,1700,0.5023419203747073,T0_E2E,0.9969544410705568,0.00468384074941452,0.005269320843091335,0.2,5106,1022,0.14959016393442623,981,41,0.9598825831702544,981,0.5770588235294117,0.789519906323185,28.71779859484778,883,0.8639921722113503,0.7608313817330211,98,0.09589041095890416,2.868852459016391
42,TEMPLATE_OOD,0.005,B0_STRUCT_XGB,0.9628620147705079,0.00468384074941452,0.002927400468384075,10,3406,1716,1700,0.5023419203747073,DAPT_E2E,0.999014973640442,0.00468384074941452,0.0032201405152224825,0.2,5106,1022,0.14959016393442623,984,38,0.9628180039138943,984,0.5788235294117647,0.7903981264637002,28.805620608899297,883,0.8639921722113503,0.7608313817330211,101,0.098825831702544,2.9566744730679106
42,TEMPLATE_OOD,0.005,B0_STRUCT_XGB,0.9628620147705079,0.00468384074941452,0.002927400468384075,10,3406,1716,1700,0.5023419203747073,BASE_EMB_MLP,0.9907682538032533,0.00468384074941452,0.005269320843091335,0.2,5106,1022,0.14959016393442623,884,138,0.8649706457925636,884,0.52,0.7611241217798594,25.878220140515218,883,0.8639921722113503,0.7608313817330211,1,0.0009784735812132794,0.029274004683832455
42,TEMPLATE_OOD,0.005,B0_STRUCT_XGB,0.9628620147705079,0.00468384074941452,0.002927400468384075,10,3406,1716,1700,0.5023419203747073,DAPT_EMB_MLP,0.9433161020278932,0.00468384074941452,0.006733021077283372,0.2,5106,1022,0.14959016393442623,885,137,0.8659491193737769,885,0.5205882352941177,0.7614168618266979,25.90749414519906,883,0.8639921722113503,0.7608313817330211,2,0.00195694716242667,0.05854800936767601
42,TEMPLATE_OOD,0.005,B0_STRUCT_XGB,0.9628620147705079,0.00468384074941452,0.002927400468384075,10,3406,1716,1700,0.5023419203747073,CONTRASTIVE_EMB_MLP,0.9917105436325074,0.00468384074941452,0.006147540983606557,0.2,5106,1022,0.14959016393442623,837,185,0.8189823874755382,837,0.4923529411764706,0.7473653395784543,24.502341920374704,883,0.8639921722113503,0.7608313817330211,-46,-0.045009784735812075,-1.3466042154566815
42,DOMAIN_TEMPLATE_OOD,0.005,B0_STRUCT_XGB,0.9628620147705079,0.00468384074941452,0.002157497303128371,4,1850,711,1143,0.38349514563106796,B0_SELF,0.9628620147705079,0.00468384074941452,0.002157497303128371,0.05,2993,150,0.040453074433656956,134,16,0.8933333333333333,134,0.11723534558180228,0.4557713052858684,7.2276159654800445,134,0.8933333333333333,0.4557713052858684,0,0.0,0.0
42,DOMAIN_TEMPLATE_OOD,0.005,B0_STRUCT_XGB,0.9628620147705079,0.00468384074941452,0.002157497303128371,4,1850,711,1143,0.38349514563106796,T0_E2E,0.9969544410705568,0.00468384074941452,0.005393743257820928,0.05,2993,150,0.040453074433656956,150,0,1.0,150,0.13123359580052493,0.46440129449838186,8.09061488673139,134,0.8933333333333333,0.4557713052858684,16,0.10666666666666669,0.8629989212513456
42,DOMAIN_TEMPLATE_OOD,0.005,B0_STRUCT_XGB,0.9628620147705079,0.00468384074941452,0.002157497303128371,4,1850,711,1143,0.38349514563106796,DAPT_E2E,0.999014973640442,0.00468384074941452,0.002157497303128371,0.05,2993,150,0.040453074433656956,150,0,1.0,150,0.13123359580052493,0.46440129449838186,8.09061488673139,134,0.8933333333333333,0.4557713052858684,16,0.10666666666666669,0.8629989212513456
42,DOMAIN_TEMPLATE_OOD,0.005,B0_STRUCT_XGB,0.9628620147705079,0.00468384074941452,0.002157497303128371,4,1850,711,1143,0.38349514563106796,BASE_EMB_MLP,0.9907682538032533,0.00468384074941452,0.005933117583603021,0.05,2993,150,0.040453074433656956,136,14,0.9066666666666666,136,0.1189851268591426,0.45685005393743255,7.335490830636459,134,0.8933333333333333,0.4557713052858684,2,0.013333333333333308,0.10787486515641542
42,DOMAIN_TEMPLATE_OOD,0.005,B0_STRUCT_XGB,0.9628620147705079,0.00468384074941452,0.002157497303128371,4,1850,711,1143,0.38349514563106796,DAPT_EMB_MLP,0.9433161020278932,0.00468384074941452,0.008629989212513484,0.05,2993,150,0.040453074433656956,145,5,0.9666666666666667,145,0.1268591426071741,0.4617044228694714,7.820927723840343,134,0.8933333333333333,0.4557713052858684,11,0.07333333333333336,0.5933117583602987
42,DOMAIN_TEMPLATE_OOD,0.005,B0_STRUCT_XGB,0.9628620147705079,0.00468384074941452,0.002157497303128371,4,1850,711,1143,0.38349514563106796,CONTRASTIVE_EMB_MLP,0.9917105436325074,0.00468384074941452,0.007011866235167206,0.05,2993,150,0.040453074433656956,141,9,0.94,141,0.12335958005249344,0.459546925566343,7.605177993527507,134,0.8933333333333333,0.4557713052858684,7,0.046666666666666634,0.3775620280474623
42,DOMAIN_TEMPLATE_OOD,0.005,B0_STRUCT_XGB,0.9628620147705079,0.00468384074941452,0.002157497303128371,4,1850,711,1143,0.38349514563106796,B0_SELF,0.9628620147705079,0.00468384074941452,0.002157497303128371,0.1,2993,300,0.08090614886731391,272,28,0.9066666666666666,272,0.2379702537182852,0.5302049622437972,14.670981661272926,272,0.9066666666666666,0.5302049622437972,0,0.0,0.0
42,DOMAIN_TEMPLATE_OOD,0.005,B0_STRUCT_XGB,0.9628620147705079,0.00468384074941452,0.002157497303128371,4,1850,711,1143,0.38349514563106796,T0_E2E,0.9969544410705568,0.00468384074941452,0.005393743257820928,0.1,2993,300,0.08090614886731391,300,0,1.0,300,0.26246719160104987,0.5453074433656958,16.181229773462785,272,0.9066666666666666,0.5302049622437972,28,0.09333333333333338,1.5102481121898603
42,DOMAIN_TEMPLATE_OOD,0.005,B0_STRUCT_XGB,0.9628620147705079,0.00468384074941452,0.002157497303128371,4,1850,711,1143,0.38349514563106796,DAPT_E2E,0.999014973640442,0.00468384074941452,0.002157497303128371,0.1,2993,300,0.08090614886731391,300,0,1.0,300,0.26246719160104987,0.5453074433656958,16.181229773462785,272,0.9066666666666666,0.5302049622437972,28,0.09333333333333338,1.5102481121898603
42,DOMAIN_TEMPLATE_OOD,0.005,B0_STRUCT_XGB,0.9628620147705079,0.00468384074941452,0.002157497303128371,4,1850,711,1143,0.38349514563106796,BASE_EMB_MLP,0.9907682538032533,0.00468384074941452,0.005933117583603021,0.1,2993,300,0.08090614886731391,273,27,0.91,273,0.2388451443569554,0.5307443365695793,14.724919093851135,272,0.9066666666666666,0.5302049622437972,1,0.0033333333333334103,0.05393743257821049
42,DOMAIN_TEMPLATE_OOD,0.005,B0_STRUCT_XGB,0.9628620147705079,0.00468384074941452,0.002157497303128371,4,1850,711,1143,0.38349514563106796,DAPT_EMB_MLP,0.9433161020278932,0.00468384074941452,0.008629989212513484,0.1,2993,300,0.08090614886731391,280,20,0.9333333333333333,280,0.24496937882764655,0.5345199568500539,15.102481121898597,272,0.9066666666666666,0.5302049622437972,8,0.026666666666666727,0.4314994606256728
42,DOMAIN_TEMPLATE_OOD,0.005,B0_STRUCT_XGB,0.9628620147705079,0.00468384074941452,0.002157497303128371,4,1850,711,1143,0.38349514563106796,CONTRASTIVE_EMB_MLP,0.9917105436325074,0.00468384074941452,0.007011866235167206,0.1,2993,300,0.08090614886731391,276,24,0.92,276,0.24146981627296588,0.5323624595469255,14.886731391585755,272,0.9066666666666666,0.5302049622437972,4,0.01333333333333342,0.21574973031283085
42,DOMAIN_TEMPLATE_OOD,0.005,B0_STRUCT_XGB,0.9628620147705079,0.00468384074941452,0.002157497303128371,4,1850,711,1143,0.38349514563106796,B0_SELF,0.9628620147705079,0.00468384074941452,0.002157497303128371,0.2,2993,599,0.16154261057173677,516,83,0.8614357262103506,516,0.45144356955380577,0.6618122977346278,27.831715210355984,516,0.8614357262103506,0.6618122977346278,0,0.0,0.0
42,DOMAIN_TEMPLATE_OOD,0.005,B0_STRUCT_XGB,0.9628620147705079,0.00468384074941452,0.002157497303128371,4,1850,711,1143,0.38349514563106796,T0_E2E,0.9969544410705568,0.00468384074941452,0.005393743257820928,0.2,2993,599,0.16154261057173677,583,16,0.9732888146911519,583,0.510061242344707,0.697950377562028,31.445523193096008,516,0.8614357262103506,0.6618122977346278,67,0.11185308848080133,3.613807982740025
42,DOMAIN_TEMPLATE_OOD,0.005,B0_STRUCT_XGB,0.9628620147705079,0.00468384074941452,0.002157497303128371,4,1850,711,1143,0.38349514563106796,DAPT_E2E,0.999014973640442,0.00468384074941452,0.002157497303128371,0.2,2993,599,0.16154261057173677,584,15,0.9749582637729549,584,0.510936132983377,0.6984897518878102,31.49946062567422,516,0.8614357262103506,0.6618122977346278,68,0.11352253756260433,3.6677454153182354
42,DOMAIN_TEMPLATE_OOD,0.005,B0_STRUCT_XGB,0.9628620147705079,0.00468384074941452,0.002157497303128371,4,1850,711,1143,0.38349514563106796,BASE_EMB_MLP,0.9907682538032533,0.00468384074941452,0.005933117583603021,0.2,2993,599,0.16154261057173677,519,80,0.8664440734557596,519,0.4540682414698163,0.6634304207119741,27.993527508090615,516,0.8614357262103506,0.6618122977346278,3,0.005008347245408995,0.16181229773463146
42,DOMAIN_TEMPLATE_OOD,0.005,B0_STRUCT_XGB,0.9628620147705079,0.00468384074941452,0.002157497303128371,4,1850,711,1143,0.38349514563106796,DAPT_EMB_MLP,0.9433161020278932,0.00468384074941452,0.008629989212513484,0.2,2993,599,0.16154261057173677,523,76,0.8731218697829716,523,0.4575678040244969,0.6655879180151025,28.20927723840346,516,0.8614357262103506,0.6618122977346278,7,0.011686143572620988,0.3775620280474734
42,DOMAIN_TEMPLATE_OOD,0.005,B0_STRUCT_XGB,0.9628620147705079,0.00468384074941452,0.002157497303128371,4,1850,711,1143,0.38349514563106796,CONTRASTIVE_EMB_MLP,0.9917105436325074,0.00468384074941452,0.007011866235167206,0.2,2993,599,0.16154261057173677,508,91,0.8480801335559266,508,0.4444444444444444,0.6574973031283711,27.40021574973031,516,0.8614357262103506,0.6618122977346278,-8,-0.013355592654423987,-0.4314994606256728
42,IID_ORIGINAL,0.01,B0_STRUCT_XGB,0.9495797157287599,0.00936768149882904,0.008028098344204716,16,1977,535,523,0.505671077504726,B0_SELF,0.9495797157287599,0.00936768149882904,0.008028098344204716,0.05,2500,125,0.04097017371353655,105,20,0.84,105,0.20076481835564053,0.6049149338374291,9.924385633270315,105,0.84,0.6049149338374291,0,0.0,0.0
42,IID_ORIGINAL,0.01,B0_STRUCT_XGB,0.9495797157287599,0.00936768149882904,0.008028098344204716,16,1977,535,523,0.505671077504726,T0_E2E,0.9922294020652772,0.00936768149882904,0.01154039136979428,0.05,2500,125,0.04097017371353655,122,3,0.976,122,0.2332695984703633,0.6209829867674859,11.531190926275992,105,0.84,0.6049149338374291,17,0.136,1.6068052930056753
42,IID_ORIGINAL,0.01,B0_STRUCT_XGB,0.9495797157287599,0.00936768149882904,0.008028098344204716,16,1977,535,523,0.505671077504726,DAPT_E2E,0.9945625662803651,0.00936768149882904,0.015052684395383844,0.05,2500,125,0.04097017371353655,123,2,0.984,123,0.23518164435946462,0.6219281663516069,11.625708884688091,105,0.84,0.6049149338374291,18,0.14400000000000002,1.7013232514177745
42,IID_ORIGINAL,0.01,B0_STRUCT_XGB,0.9495797157287599,0.00936768149882904,0.008028098344204716,16,1977,535,523,0.505671077504726,BASE_EMB_MLP,0.9807485342025758,0.00936768149882904,0.007526342197691922,0.05,2500,125,0.04097017371353655,112,13,0.896,112,0.21414913957934992,0.611531190926276,10.586011342155,105,0.84,0.6049149338374291,7,0.05600000000000005,0.6616257088846833
42,IID_ORIGINAL,0.01,B0_STRUCT_XGB,0.9495797157287599,0.00936768149882904,0.008028098344204716,16,1977,535,523,0.505671077504726,DAPT_EMB_MLP,0.9192200303077699,0.00936768149882904,0.014550928248871048,0.05,2500,125,0.04097017371353655,107,18,0.856,107,0.2045889101338432,0.6068052930056711,10.113421550094515,105,0.84,0.6049149338374291,2,0.016000000000000014,0.1890359168241984
42,IID_ORIGINAL,0.01,B0_STRUCT_XGB,0.9495797157287599,0.00936768149882904,0.008028098344204716,16,1977,535,523,0.505671077504726,CONTRASTIVE_EMB_MLP,0.9808922410011293,0.00936768149882904,0.012042147516307075,0.05,2500,125,0.04097017371353655,92,33,0.736,92,0.17590822179732313,0.5926275992438563,8.695652173913038,105,0.84,0.6049149338374291,-13,-0.10399999999999998,-1.2287334593572785
42,IID_ORIGINAL,0.01,B0_STRUCT_XGB,0.9495797157287599,0.00936768149882904,0.008028098344204716,16,1977,535,523,0.505671077504726,B0_SELF,0.9495797157287599,0.00936768149882904,0.008028098344204716,0.1,2500,250,0.0819403474270731,177,73,0.708,177,0.3384321223709369,0.6729678638941399,16.729678638941394,177,0.708,0.6729678638941399,0,0.0,0.0
42,IID_ORIGINAL,0.01,B0_STRUCT_XGB,0.9495797157287599,0.00936768149882904,0.008028098344204716,16,1977,535,523,0.505671077504726,T0_E2E,0.9922294020652772,0.00936768149882904,0.01154039136979428,0.1,2500,250,0.0819403474270731,224,26,0.896,224,0.42829827915869984,0.717391304347826,21.17202268431001,177,0.708,0.6729678638941399,47,0.18800000000000006,4.442344045368618
42,IID_ORIGINAL,0.01,B0_STRUCT_XGB,0.9495797157287599,0.00936768149882904,0.008028098344204716,16,1977,535,523,0.505671077504726,DAPT_E2E,0.9945625662803651,0.00936768149882904,0.015052684395383844,0.1,2500,250,0.0819403474270731,219,31,0.876,219,0.4187380497131931,0.7126654064272212,20.699432892249526,177,0.708,0.6729678638941399,42,0.16800000000000004,3.969754253308133
42,IID_ORIGINAL,0.01,B0_STRUCT_XGB,0.9495797157287599,0.00936768149882904,0.008028098344204716,16,1977,535,523,0.505671077504726,BASE_EMB_MLP,0.9807485342025758,0.00936768149882904,0.007526342197691922,0.1,2500,250,0.0819403474270731,179,71,0.716,179,0.3422562141491396,0.6748582230623819,16.91871455576559,177,0.708,0.6729678638941399,2,0.008000000000000007,0.1890359168241984
42,IID_ORIGINAL,0.01,B0_STRUCT_XGB,0.9495797157287599,0.00936768149882904,0.008028098344204716,16,1977,535,523,0.505671077504726,DAPT_EMB_MLP,0.9192200303077699,0.00936768149882904,0.014550928248871048,0.1,2500,250,0.0819403474270731,182,68,0.728,182,0.3479923518164436,0.6776937618147448,17.202268431001887,177,0.708,0.6729678638941399,5,0.020000000000000018,0.472589792060496
42,IID_ORIGINAL,0.01,B0_STRUCT_XGB,0.9495797157287599,0.00936768149882904,0.008028098344204716,16,1977,535,523,0.505671077504726,CONTRASTIVE_EMB_MLP,0.9808922410011293,0.00936768149882904,0.012042147516307075,0.1,2500,250,0.0819403474270731,165,85,0.66,165,0.3154875717017208,0.6616257088846881,15.595463137996212,177,0.708,0.6729678638941399,-12,-0.04799999999999993,-1.1342155009451793
42,IID_ORIGINAL,0.01,B0_STRUCT_XGB,0.9495797157287599,0.00936768149882904,0.008028098344204716,16,1977,535,523,0.505671077504726,B0_SELF,0.9495797157287599,0.00936768149882904,0.008028098344204716,0.2,2500,500,0.1638806948541462,267,233,0.534,267,0.5105162523900574,0.7580340264650284,25.23629489603024,267,0.534,0.7580340264650284,0,0.0,0.0
42,IID_ORIGINAL,0.01,B0_STRUCT_XGB,0.9495797157287599,0.00936768149882904,0.008028098344204716,16,1977,535,523,0.505671077504726,T0_E2E,0.9922294020652772,0.00936768149882904,0.01154039136979428,0.2,2500,500,0.1638806948541462,312,188,0.624,312,0.5965583173996176,0.8005671077504726,29.489603024574663,267,0.534,0.7580340264650284,45,0.08999999999999997,4.25330812854442
42,IID_ORIGINAL,0.01,B0_STRUCT_XGB,0.9495797157287599,0.00936768149882904,0.008028098344204716,16,1977,535,523,0.505671077504726,DAPT_E2E,0.9945625662803651,0.00936768149882904,0.015052684395383844,0.2,2500,500,0.1638806948541462,320,180,0.64,320,0.6118546845124283,0.8081285444234405,30.245746691871457,267,0.534,0.7580340264650284,53,0.10599999999999998,5.009451795841214
42,IID_ORIGINAL,0.01,B0_STRUCT_XGB,0.9495797157287599,0.00936768149882904,0.008028098344204716,16,1977,535,523,0.505671077504726,BASE_EMB_MLP,0.9807485342025758,0.00936768149882904,0.007526342197691922,0.2,2500,500,0.1638806948541462,291,209,0.582,291,0.5564053537284895,0.780718336483932,27.5047258979206,267,0.534,0.7580340264650284,24,0.04799999999999993,2.2684310018903586
42,IID_ORIGINAL,0.01,B0_STRUCT_XGB,0.9495797157287599,0.00936768149882904,0.008028098344204716,16,1977,535,523,0.505671077504726,DAPT_EMB_MLP,0.9192200303077699,0.00936768149882904,0.014550928248871048,0.2,2500,500,0.1638806948541462,285,215,0.57,285,0.5449330783938815,0.775047258979206,26.937618147448006,267,0.534,0.7580340264650284,18,0.03599999999999992,1.7013232514177634
42,IID_ORIGINAL,0.01,B0_STRUCT_XGB,0.9495797157287599,0.00936768149882904,0.008028098344204716,16,1977,535,523,0.505671077504726,CONTRASTIVE_EMB_MLP,0.9808922410011293,0.00936768149882904,0.012042147516307075,0.2,2500,500,0.1638806948541462,300,200,0.6,300,0.5736137667304015,0.7892249527410208,28.35538752362948,267,0.534,0.7580340264650284,33,0.06599999999999995,3.1190926275992403
42,IID_BALANCED,0.01,B0_STRUCT_XGB,0.9495797157287599,0.00936768149882904,0.012287334593572778,13,1045,535,523,0.505671077504726,B0_SELF,0.9495797157287599,0.00936768149882904,0.012287334593572778,0.05,1568,79,0.03733459357277883,74,5,0.9367088607594937,74,0.14149139579349904,0.5756143667296786,6.994328922495264,74,0.9367088607594937,0.5756143667296786,0,0.0,0.0
42,IID_BALANCED,0.01,B0_STRUCT_XGB,0.9495797157287599,0.00936768149882904,0.012287334593572778,13,1045,535,523,0.505671077504726,T0_E2E,0.9922294020652772,0.00936768149882904,0.014177693761814745,0.05,1568,79,0.03733459357277883,79,0,1.0,79,0.15105162523900573,0.5803402646502835,7.466918714555759,74,0.9367088607594937,0.5756143667296786,5,0.06329113924050633,0.472589792060496
42,IID_BALANCED,0.01,B0_STRUCT_XGB,0.9495797157287599,0.00936768149882904,0.012287334593572778,13,1045,535,523,0.505671077504726,DAPT_E2E,0.9945625662803651,0.00936768149882904,0.01606805293005671,0.05,1568,79,0.03733459357277883,79,0,1.0,79,0.15105162523900573,0.5803402646502835,7.466918714555759,74,0.9367088607594937,0.5756143667296786,5,0.06329113924050633,0.472589792060496
42,IID_BALANCED,0.01,B0_STRUCT_XGB,0.9495797157287599,0.00936768149882904,0.012287334593572778,13,1045,535,523,0.505671077504726,BASE_EMB_MLP,0.9807485342025758,0.00936768149882904,0.00945179584120983,0.05,1568,79,0.03733459357277883,77,2,0.9746835443037974,77,0.14722753346080306,0.5784499054820416,7.277882797731561,74,0.9367088607594937,0.5756143667296786,3,0.03797468354430378,0.2835538752362976
42,IID_BALANCED,0.01,B0_STRUCT_XGB,0.9495797157287599,0.00936768149882904,0.012287334593572778,13,1045,535,523,0.505671077504726,DAPT_EMB_MLP,0.9192200303077699,0.00936768149882904,0.015122873345935728,0.05,1568,79,0.03733459357277883,72,7,0.9113924050632911,72,0.13766730401529637,0.5737240075614367,6.805293005671076,74,0.9367088607594937,0.5756143667296786,-2,-0.025316455696202556,-0.1890359168241873
42,IID_BALANCED,0.01,B0_STRUCT_XGB,0.9495797157287599,0.00936768149882904,0.012287334593572778,13,1045,535,523,0.505671077504726,CONTRASTIVE_EMB_MLP,0.9808922410011293,0.00936768149882904,0.014177693761814745,0.05,1568,79,0.03733459357277883,69,10,0.8734177215189873,69,0.13193116634799235,0.5708884688090737,6.521739130434778,74,0.9367088607594937,0.5756143667296786,-5,-0.06329113924050633,-0.4725897920604849
42,IID_BALANCED,0.01,B0_STRUCT_XGB,0.9495797157287599,0.00936768149882904,0.012287334593572778,13,1045,535,523,0.505671077504726,B0_SELF,0.9495797157287599,0.00936768149882904,0.012287334593572778,0.1,1568,157,0.07419659735349717,139,18,0.8853503184713376,139,0.26577437858508607,0.6370510396975425,13.137996219281655,139,0.8853503184713376,0.6370510396975425,0,0.0,0.0
42,IID_BALANCED,0.01,B0_STRUCT_XGB,0.9495797157287599,0.00936768149882904,0.012287334593572778,13,1045,535,523,0.505671077504726,T0_E2E,0.9922294020652772,0.00936768149882904,0.014177693761814745,0.1,1568,157,0.07419659735349717,153,4,0.9745222929936306,153,0.2925430210325048,0.6502835538752363,14.461247637051034,139,0.8853503184713376,0.6370510396975425,14,0.08917197452229297,1.3232514177693777
42,IID_BALANCED,0.01,B0_STRUCT_XGB,0.9495797157287599,0.00936768149882904,0.012287334593572778,13,1045,535,523,0.505671077504726,DAPT_E2E,0.9945625662803651,0.00936768149882904,0.01606805293005671,0.1,1568,157,0.07419659735349717,153,4,0.9745222929936306,153,0.2925430210325048,0.6502835538752363,14.461247637051034,139,0.8853503184713376,0.6370510396975425,14,0.08917197452229297,1.3232514177693777
42,IID_BALANCED,0.01,B0_STRUCT_XGB,0.9495797157287599,0.00936768149882904,0.012287334593572778,13,1045,535,523,0.505671077504726,BASE_EMB_MLP,0.9807485342025758,0.00936768149882904,0.00945179584120983,0.1,1568,157,0.07419659735349717,142,15,0.9044585987261147,142,0.27151051625239003,0.6398865784499055,13.421550094517954,139,0.8853503184713376,0.6370510396975425,3,0.019108280254777066,0.2835538752362976
42,IID_BALANCED,0.01,B0_STRUCT_XGB,0.9495797157287599,0.00936768149882904,0.012287334593572778,13,1045,535,523,0.505671077504726,DAPT_EMB_MLP,0.9192200303077699,0.00936768149882904,0.015122873345935728,0.1,1568,157,0.07419659735349717,134,23,0.8535031847133758,134,0.25621414913957935,0.6323251417769377,12.665406427221171,139,0.8853503184713376,0.6370510396975425,-5,-0.031847133757961776,-0.4725897920604849
42,IID_BALANCED,0.01,B0_STRUCT_XGB,0.9495797157287599,0.00936768149882904,0.012287334593572778,13,1045,535,523,0.505671077504726,CONTRASTIVE_EMB_MLP,0.9808922410011293,0.00936768149882904,0.014177693761814745,0.1,1568,157,0.07419659735349717,131,26,0.8343949044585988,131,0.25047801147227533,0.6294896030245747,12.381852551984874,139,0.8853503184713376,0.6370510396975425,-8,-0.05095541401273884,-0.7561436672967825
42,IID_BALANCED,0.01,B0_STRUCT_XGB,0.9495797157287599,0.00936768149882904,0.012287334593572778,13,1045,535,523,0.505671077504726,B0_SELF,0.9495797157287599,0.00936768149882904,0.012287334593572778,0.2,1568,314,0.14839319470699433,245,69,0.7802547770700637,245,0.4684512428298279,0.7372400756143668,23.15689981096408,245,0.7802547770700637,0.7372400756143668,0,0.0,0.0
42,IID_BALANCED,0.01,B0_STRUCT_XGB,0.9495797157287599,0.00936768149882904,0.012287334593572778,13,1045,535,523,0.505671077504726,T0_E2E,0.9922294020652772,0.00936768149882904,0.014177693761814745,0.2,1568,314,0.14839319470699433,278,36,0.8853503184713376,278,0.5315487571701721,0.7684310018903592,26.27599243856332,245,0.7802547770700637,0.7372400756143668,33,0.10509554140127386,3.1190926275992403
42,IID_BALANCED,0.01,B0_STRUCT_XGB,0.9495797157287599,0.00936768149882904,0.012287334593572778,13,1045,535,523,0.505671077504726,DAPT_E2E,0.9945625662803651,0.00936768149882904,0.01606805293005671,0.2,1568,314,0.14839319470699433,281,33,0.8949044585987261,281,0.5372848948374761,0.7712665406427222,26.559546313799622,245,0.7802547770700637,0.7372400756143668,36,0.1146496815286624,3.402646502835538
42,IID_BALANCED,0.01,B0_STRUCT_XGB,0.9495797157287599,0.00936768149882904,0.012287334593572778,13,1045,535,523,0.505671077504726,BASE_EMB_MLP,0.9807485342025758,0.00936768149882904,0.00945179584120983,0.2,1568,314,0.14839319470699433,242,72,0.7707006369426752,242,0.4627151051625239,0.7344045368620038,22.873345935727784,245,0.7802547770700637,0.7372400756143668,-3,-0.009554140127388533,-0.2835538752362976
42,IID_BALANCED,0.01,B0_STRUCT_XGB,0.9495797157287599,0.00936768149882904,0.012287334593572778,13,1045,535,523,0.505671077504726,DAPT_EMB_MLP,0.9192200303077699,0.00936768149882904,0.015122873345935728,0.2,1568,314,0.14839319470699433,237,77,0.7547770700636943,237,0.45315487571701724,0.7296786389413988,22.400756143667287,245,0.7802547770700637,0.7372400756143668,-8,-0.02547770700636942,-0.7561436672967936
42,IID_BALANCED,0.01,B0_STRUCT_XGB,0.9495797157287599,0.00936768149882904,0.012287334593572778,13,1045,535,523,0.505671077504726,CONTRASTIVE_EMB_MLP,0.9808922410011293,0.00936768149882904,0.014177693761814745,0.2,1568,314,0.14839319470699433,240,74,0.7643312101910829,240,0.4588910133843212,0.7325141776937618,22.684310018903588,245,0.7802547770700637,0.7372400756143668,-5,-0.015923566878980888,-0.472589792060496
42,TEMPORAL,0.01,B0_STRUCT_XGB,0.9495797157287599,0.00936768149882904,0.0045,18,3982,2243,1757,0.56075,B0_SELF,0.9495797157287599,0.00936768149882904,0.0045,0.05,5739,287,0.035875,265,22,0.9233449477351916,265,0.1508252703471827,0.627,6.6250000000000036,265,0.9233449477351916,0.627,0,0.0,0.0
42,TEMPORAL,0.01,B0_STRUCT_XGB,0.9495797157287599,0.00936768149882904,0.0045,18,3982,2243,1757,0.56075,T0_E2E,0.9922294020652772,0.00936768149882904,0.00975,0.05,5739,287,0.035875,286,1,0.9965156794425087,286,0.16277746158224246,0.63225,7.15,265,0.9233449477351916,0.627,21,0.07317073170731714,0.5249999999999977
42,TEMPORAL,0.01,B0_STRUCT_XGB,0.9495797157287599,0.00936768149882904,0.0045,18,3982,2243,1757,0.56075,DAPT_E2E,0.9945625662803651,0.00936768149882904,0.0115,0.05,5739,287,0.035875,285,2,0.9930313588850174,285,0.1622083096186682,0.632,7.1250000000000036,265,0.9233449477351916,0.627,20,0.06968641114982577,0.5000000000000004
42,TEMPORAL,0.01,B0_STRUCT_XGB,0.9495797157287599,0.00936768149882904,0.0045,18,3982,2243,1757,0.56075,BASE_EMB_MLP,0.9807485342025758,0.00936768149882904,0.00675,0.05,5739,287,0.035875,263,24,0.9163763066202091,263,0.14968696642003415,0.6265,6.5749999999999975,265,0.9233449477351916,0.627,-2,-0.006968641114982521,-0.050000000000005596
42,TEMPORAL,0.01,B0_STRUCT_XGB,0.9495797157287599,0.00936768149882904,0.0045,18,3982,2243,1757,0.56075,DAPT_EMB_MLP,0.9192200303077699,0.00936768149882904,0.0085,0.05,5739,287,0.035875,275,12,0.9581881533101045,275,0.15651678998292545,0.6295,6.874999999999998,265,0.9233449477351916,0.627,10,0.03484320557491294,0.24999999999999467
42,TEMPORAL,0.01,B0_STRUCT_XGB,0.9495797157287599,0.00936768149882904,0.0045,18,3982,2243,1757,0.56075,CONTRASTIVE_EMB_MLP,0.9808922410011293,0.00936768149882904,0.0105,0.05,5739,287,0.035875,262,25,0.9128919860627178,262,0.14911781445645989,0.62625,6.550000000000001,265,0.9233449477351916,0.627,-3,-0.010452961672473782,-0.07500000000000284
42,TEMPORAL,0.01,B0_STRUCT_XGB,0.9495797157287599,0.00936768149882904,0.0045,18,3982,2243,1757,0.56075,B0_SELF,0.9495797157287599,0.00936768149882904,0.0045,0.1,5739,574,0.07175,523,51,0.9111498257839721,523,0.29766647694934545,0.6915,13.075000000000003,523,0.9111498257839721,0.6915,0,0.0,0.0
42,TEMPORAL,0.01,B0_STRUCT_XGB,0.9495797157287599,0.00936768149882904,0.0045,18,3982,2243,1757,0.56075,T0_E2E,0.9922294020652772,0.00936768149882904,0.00975,0.1,5739,574,0.07175,566,8,0.9860627177700348,566,0.32214001138303927,0.70225,14.150000000000007,523,0.9111498257839721,0.6915,43,0.07491289198606277,1.0750000000000037
42,TEMPORAL,0.01,B0_STRUCT_XGB,0.9495797157287599,0.00936768149882904,0.0045,18,3982,2243,1757,0.56075,DAPT_E2E,0.9945625662803651,0.00936768149882904,0.0115,0.1,5739,574,0.07175,567,7,0.9878048780487805,567,0.32270916334661354,0.7025,14.175000000000004,523,0.9111498257839721,0.6915,44,0.0766550522648084,1.100000000000001
42,TEMPORAL,0.01,B0_STRUCT_XGB,0.9495797157287599,0.00936768149882904,0.0045,18,3982,2243,1757,0.56075,BASE_EMB_MLP,0.9807485342025758,0.00936768149882904,0.00675,0.1,5739,574,0.07175,519,55,0.9041811846689896,519,0.2953898690950484,0.6905,12.975000000000003,523,0.9111498257839721,0.6915,-4,-0.006968641114982521,-0.10000000000000009
42,TEMPORAL,0.01,B0_STRUCT_XGB,0.9495797157287599,0.00936768149882904,0.0045,18,3982,2243,1757,0.56075,DAPT_EMB_MLP,0.9192200303077699,0.00936768149882904,0.0085,0.1,5739,574,0.07175,523,51,0.9111498257839721,523,0.29766647694934545,0.6915,13.075000000000003,523,0.9111498257839721,0.6915,0,0.0,0.0
42,TEMPORAL,0.01,B0_STRUCT_XGB,0.9495797157287599,0.00936768149882904,0.0045,18,3982,2243,1757,0.56075,CONTRASTIVE_EMB_MLP,0.9808922410011293,0.00936768149882904,0.0105,0.1,5739,574,0.07175,506,68,0.8815331010452961,506,0.2879908935685828,0.68725,12.650000000000006,523,0.9111498257839721,0.6915,-17,-0.029616724738675937,-0.4249999999999976
42,TEMPORAL,0.01,B0_STRUCT_XGB,0.9495797157287599,0.00936768149882904,0.0045,18,3982,2243,1757,0.56075,B0_SELF,0.9495797157287599,0.00936768149882904,0.0045,0.2,5739,1148,0.1435,972,176,0.8466898954703833,972,0.5532157085941947,0.80375,24.3,972,0.8466898954703833,0.80375,0,0.0,0.0
42,TEMPORAL,0.01,B0_STRUCT_XGB,0.9495797157287599,0.00936768149882904,0.0045,18,3982,2243,1757,0.56075,T0_E2E,0.9922294020652772,0.00936768149882904,0.00975,0.2,5739,1148,0.1435,1072,76,0.9337979094076655,1072,0.610130904951622,0.82875,26.8,972,0.8466898954703833,0.80375,100,0.08710801393728218,2.500000000000002
42,TEMPORAL,0.01,B0_STRUCT_XGB,0.9495797157287599,0.00936768149882904,0.0045,18,3982,2243,1757,0.56075,DAPT_E2E,0.9945625662803651,0.00936768149882904,0.0115,0.2,5739,1148,0.1435,1083,65,0.9433797909407665,1083,0.6163915765509391,0.8315,27.075000000000003,972,0.8466898954703833,0.80375,111,0.0966898954703832,2.7750000000000052
42,TEMPORAL,0.01,B0_STRUCT_XGB,0.9495797157287599,0.00936768149882904,0.0045,18,3982,2243,1757,0.56075,BASE_EMB_MLP,0.9807485342025758,0.00936768149882904,0.00675,0.2,5739,1148,0.1435,971,177,0.8458188153310104,971,0.5526465566306203,0.8035,24.275000000000002,972,0.8466898954703833,0.80375,-1,-0.0008710801393728707,-0.024999999999997247
42,TEMPORAL,0.01,B0_STRUCT_XGB,0.9495797157287599,0.00936768149882904,0.0045,18,3982,2243,1757,0.56075,DAPT_EMB_MLP,0.9192200303077699,0.00936768149882904,0.0085,0.2,5739,1148,0.1435,960,188,0.8362369337979094,960,0.5463858850313034,0.80075,24.0,972,0.8466898954703833,0.80375,-12,-0.010452961672473893,-0.30000000000000027
42,TEMPORAL,0.01,B0_STRUCT_XGB,0.9495797157287599,0.00936768149882904,0.0045,18,3982,2243,1757,0.56075,CONTRASTIVE_EMB_MLP,0.9808922410011293,0.00936768149882904,0.0105,0.2,5739,1148,0.1435,889,259,0.774390243902439,889,0.5059760956175299,0.783,22.225000000000005,972,0.8466898954703833,0.80375,-83,-0.07229965156794427,-2.0749999999999935
42,DOMAIN_OOD,0.01,B0_STRUCT_XGB,0.9495797157287599,0.00936768149882904,0.005702436495593572,11,1918,874,1055,0.45308449974079834,B0_SELF,0.9495797157287599,0.00936768149882904,0.005702436495593572,0.05,2973,149,0.03862104717470192,132,17,0.8859060402684564,132,0.12511848341232226,0.5215137376879212,6.842923794712286,132,0.8859060402684564,0.5215137376879212,0,0.0,0.0
42,DOMAIN_OOD,0.01,B0_STRUCT_XGB,0.9495797157287599,0.00936768149882904,0.005702436495593572,11,1918,874,1055,0.45308449974079834,T0_E2E,0.9922294020652772,0.00936768149882904,0.009849663037843442,0.05,2973,149,0.03862104717470192,149,0,1.0,149,0.14123222748815165,0.5303265940902022,7.724209434940388,132,0.8859060402684564,0.5215137376879212,17,0.11409395973154357,0.8812856402281022
42,DOMAIN_OOD,0.01,B0_STRUCT_XGB,0.9495797157287599,0.00936768149882904,0.005702436495593572,11,1918,874,1055,0.45308449974079834,DAPT_E2E,0.9945625662803651,0.00936768149882904,0.010368066355624676,0.05,2973,149,0.03862104717470192,149,0,1.0,149,0.14123222748815165,0.5303265940902022,7.724209434940388,132,0.8859060402684564,0.5215137376879212,17,0.11409395973154357,0.8812856402281022
42,DOMAIN_OOD,0.01,B0_STRUCT_XGB,0.9495797157287599,0.00936768149882904,0.005702436495593572,11,1918,874,1055,0.45308449974079834,BASE_EMB_MLP,0.9807485342025758,0.00936768149882904,0.00933125972006221,0.05,2973,149,0.03862104717470192,133,16,0.8926174496644296,133,0.12606635071090047,0.5220321410057024,6.894764126490404,132,0.8859060402684564,0.5215137376879212,1,0.006711409395973145,0.051840331778119086
42,DOMAIN_OOD,0.01,B0_STRUCT_XGB,0.9495797157287599,0.00936768149882904,0.005702436495593572,11,1918,874,1055,0.45308449974079834,DAPT_EMB_MLP,0.9192200303077699,0.00936768149882904,0.01088646967340591,0.05,2973,149,0.03862104717470192,144,5,0.9664429530201343,144,0.13649289099526066,0.527734577501296,7.46500777604977,132,0.8859060402684564,0.5215137376879212,12,0.08053691275167785,0.6220839813374845
42,DOMAIN_OOD,0.01,B0_STRUCT_XGB,0.9495797157287599,0.00936768149882904,0.005702436495593572,11,1918,874,1055,0.45308449974079834,CONTRASTIVE_EMB_MLP,0.9808922410011293,0.00936768149882904,0.01088646967340591,0.05,2973,149,0.03862104717470192,139,10,0.9328859060402684,139,0.13175355450236967,0.5251425609123899,7.2058061171591525,132,0.8859060402684564,0.5215137376879212,7,0.04697986577181201,0.3628823224468669
42,DOMAIN_OOD,0.01,B0_STRUCT_XGB,0.9495797157287599,0.00936768149882904,0.005702436495593572,11,1918,874,1055,0.45308449974079834,B0_SELF,0.9495797157287599,0.00936768149882904,0.005702436495593572,0.1,2973,298,0.07724209434940384,265,33,0.889261744966443,265,0.25118483412322273,0.5904613789528252,13.73768792120269,265,0.889261744966443,0.5904613789528252,0,0.0,0.0
42,DOMAIN_OOD,0.01,B0_STRUCT_XGB,0.9495797157287599,0.00936768149882904,0.005702436495593572,11,1918,874,1055,0.45308449974079834,T0_E2E,0.9922294020652772,0.00936768149882904,0.009849663037843442,0.1,2973,298,0.07724209434940384,297,1,0.9966442953020134,297,0.28151658767772514,0.6070502851218248,15.396578538102645,265,0.889261744966443,0.5904613789528252,32,0.10738255033557043,1.658890616899955
42,DOMAIN_OOD,0.01,B0_STRUCT_XGB,0.9495797157287599,0.00936768149882904,0.005702436495593572,11,1918,874,1055,0.45308449974079834,DAPT_E2E,0.9945625662803651,0.00936768149882904,0.010368066355624676,0.1,2973,298,0.07724209434940384,298,0,1.0,298,0.2824644549763033,0.607568688439606,15.448418869880765,265,0.889261744966443,0.5904613789528252,33,0.11073825503355705,1.7107309486780742
42,DOMAIN_OOD,0.01,B0_STRUCT_XGB,0.9495797157287599,0.00936768149882904,0.005702436495593572,11,1918,874,1055,0.45308449974079834,BASE_EMB_MLP,0.9807485342025758,0.00936768149882904,0.00933125972006221,0.1,2973,298,0.07724209434940384,270,28,0.9060402684563759,270,0.2559241706161137,0.5930533955417314,13.996889580093308,265,0.889261744966443,0.5904613789528252,5,0.016778523489932917,0.25920165889061764
42,DOMAIN_OOD,0.01,B0_STRUCT_XGB,0.9495797157287599,0.00936768149882904,0.005702436495593572,11,1918,874,1055,0.45308449974079834,DAPT_EMB_MLP,0.9192200303077699,0.00936768149882904,0.01088646967340591,0.1,2973,298,0.07724209434940384,273,25,0.9161073825503355,273,0.25876777251184835,0.5946086054950752,14.152410575427687,265,0.889261744966443,0.5904613789528252,8,0.02684563758389258,0.4147226542249971
42,DOMAIN_OOD,0.01,B0_STRUCT_XGB,0.9495797157287599,0.00936768149882904,0.005702436495593572,11,1918,874,1055,0.45308449974079834,CONTRASTIVE_EMB_MLP,0.9808922410011293,0.00936768149882904,0.01088646967340591,0.1,2973,298,0.07724209434940384,269,29,0.9026845637583892,269,0.25497630331753557,0.5925349922239502,13.94504924831519,265,0.889261744966443,0.5904613789528252,4,0.01342281879194629,0.20736132711249855
42,DOMAIN_OOD,0.01,B0_STRUCT_XGB,0.9495797157287599,0.00936768149882904,0.005702436495593572,11,1918,874,1055,0.45308449974079834,B0_SELF,0.9495797157287599,0.00936768149882904,0.005702436495593572,0.2,2973,595,0.15422498703991705,495,100,0.8319327731092437,495,0.46919431279620855,0.709694142042509,25.660964230171068,495,0.8319327731092437,0.709694142042509,0,0.0,0.0
42,DOMAIN_OOD,0.01,B0_STRUCT_XGB,0.9495797157287599,0.00936768149882904,0.005702436495593572,11,1918,874,1055,0.45308449974079834,T0_E2E,0.9922294020652772,0.00936768149882904,0.009849663037843442,0.2,2973,595,0.15422498703991705,572,23,0.9613445378151261,572,0.5421800947867299,0.749611197511664,29.652669777086572,495,0.8319327731092437,0.709694142042509,77,0.12941176470588234,3.9917055469155027
42,DOMAIN_OOD,0.01,B0_STRUCT_XGB,0.9495797157287599,0.00936768149882904,0.005702436495593572,11,1918,874,1055,0.45308449974079834,DAPT_E2E,0.9945625662803651,0.00936768149882904,0.010368066355624676,0.2,2973,595,0.15422498703991705,575,20,0.9663865546218487,575,0.5450236966824644,0.7511664074650077,29.80819077242094,495,0.8319327731092437,0.709694142042509,80,0.134453781512605,4.1472265422498715
42,DOMAIN_OOD,0.01,B0_STRUCT_XGB,0.9495797157287599,0.00936768149882904,0.005702436495593572,11,1918,874,1055,0.45308449974079834,BASE_EMB_MLP,0.9807485342025758,0.00936768149882904,0.00933125972006221,0.2,2973,595,0.15422498703991705,509,86,0.8554621848739495,509,0.4824644549763033,0.7169517884914464,26.3867288750648,495,0.8319327731092437,0.709694142042509,14,0.0235294117647058,0.7257646448937338
42,DOMAIN_OOD,0.01,B0_STRUCT_XGB,0.9495797157287599,0.00936768149882904,0.005702436495593572,11,1918,874,1055,0.45308449974079834,DAPT_EMB_MLP,0.9192200303077699,0.00936768149882904,0.01088646967340591,0.2,2973,595,0.15422498703991705,512,83,0.8605042016806723,512,0.48530805687203793,0.71850699844479,26.54224987039917,495,0.8319327731092437,0.709694142042509,17,0.02857142857142858,0.8812856402281022
42,DOMAIN_OOD,0.01,B0_STRUCT_XGB,0.9495797157287599,0.00936768149882904,0.005702436495593572,11,1918,874,1055,0.45308449974079834,CONTRASTIVE_EMB_MLP,0.9808922410011293,0.00936768149882904,0.01088646967340591,0.2,2973,595,0.15422498703991705,492,103,0.826890756302521,492,0.4663507109004739,0.7081389320891653,25.5054432348367,495,0.8319327731092437,0.709694142042509,-3,-0.005042016806722782,-0.15552099533436836
42,TEMPLATE_OOD,0.01,B0_STRUCT_XGB,0.9495797157287599,0.00936768149882904,0.004976580796252928,17,3399,1830,1586,0.5357142857142857,B0_SELF,0.9495797157287599,0.00936768149882904,0.004976580796252928,0.05,4985,250,0.036592505854800936,230,20,0.92,230,0.1450189155107188,0.6030444964871194,6.733021077283374,230,0.92,0.6030444964871194,0,0.0,0.0
42,TEMPLATE_OOD,0.01,B0_STRUCT_XGB,0.9495797157287599,0.00936768149882904,0.004976580796252928,17,3399,1830,1586,0.5357142857142857,T0_E2E,0.9922294020652772,0.00936768149882904,0.00819672131147541,0.05,4985,250,0.036592505854800936,250,0,1.0,250,0.15762925598991173,0.6088992974238876,7.3185011709601895,230,0.92,0.6030444964871194,20,0.07999999999999996,0.5854800936768156
42,TEMPLATE_OOD,0.01,B0_STRUCT_XGB,0.9495797157287599,0.00936768149882904,0.004976580796252928,17,3399,1830,1586,0.5357142857142857,DAPT_E2E,0.9945625662803651,0.00936768149882904,0.009953161592505855,0.05,4985,250,0.036592505854800936,250,0,1.0,250,0.15762925598991173,0.6088992974238876,7.3185011709601895,230,0.92,0.6030444964871194,20,0.07999999999999996,0.5854800936768156
42,TEMPLATE_OOD,0.01,B0_STRUCT_XGB,0.9495797157287599,0.00936768149882904,0.004976580796252928,17,3399,1830,1586,0.5357142857142857,BASE_EMB_MLP,0.9807485342025758,0.00936768149882904,0.007903981264637002,0.05,4985,250,0.036592505854800936,226,24,0.904,226,0.1424968474148802,0.6018735362997658,6.615925058548012,230,0.92,0.6030444964871194,-4,-0.016000000000000014,-0.11709601873536313
42,TEMPLATE_OOD,0.01,B0_STRUCT_XGB,0.9495797157287599,0.00936768149882904,0.004976580796252928,17,3399,1830,1586,0.5357142857142857,DAPT_EMB_MLP,0.9192200303077699,0.00936768149882904,0.009660421545667448,0.05,4985,250,0.036592505854800936,238,12,0.952,238,0.15006305170239598,0.6053864168618267,6.9672131147541005,230,0.92,0.6030444964871194,8,0.03199999999999992,0.23419203747072626
42,TEMPLATE_OOD,0.01,B0_STRUCT_XGB,0.9495797157287599,0.00936768149882904,0.004976580796252928,17,3399,1830,1586,0.5357142857142857,CONTRASTIVE_EMB_MLP,0.9808922410011293,0.00936768149882904,0.010245901639344262,0.05,4985,250,0.036592505854800936,229,21,0.916,229,0.14438839848675913,0.602751756440281,6.703747072599531,230,0.92,0.6030444964871194,-1,-0.0040000000000000036,-0.029274004683843557
42,TEMPLATE_OOD,0.01,B0_STRUCT_XGB,0.9495797157287599,0.00936768149882904,0.004976580796252928,17,3399,1830,1586,0.5357142857142857,B0_SELF,0.9495797157287599,0.00936768149882904,0.004976580796252928,0.1,4985,499,0.07303864168618267,456,43,0.9138276553106213,456,0.287515762925599,0.6692037470725996,13.348946135831385,456,0.9138276553106213,0.6692037470725996,0,0.0,0.0
42,TEMPLATE_OOD,0.01,B0_STRUCT_XGB,0.9495797157287599,0.00936768149882904,0.004976580796252928,17,3399,1830,1586,0.5357142857142857,T0_E2E,0.9922294020652772,0.00936768149882904,0.00819672131147541,0.1,4985,499,0.07303864168618267,495,4,0.9919839679358717,495,0.3121059268600252,0.6806206088992974,14.490632318501174,456,0.9138276553106213,0.6692037470725996,39,0.07815631262525047,1.1416861826697877
42,TEMPLATE_OOD,0.01,B0_STRUCT_XGB,0.9495797157287599,0.00936768149882904,0.004976580796252928,17,3399,1830,1586,0.5357142857142857,DAPT_E2E,0.9945625662803651,0.00936768149882904,0.009953161592505855,0.1,4985,499,0.07303864168618267,496,3,0.9939879759519038,496,0.31273644388398486,0.6809133489461359,14.519906323185017,456,0.9138276553106213,0.6692037470725996,40,0.08016032064128253,1.1709601873536313
42,TEMPLATE_OOD,0.01,B0_STRUCT_XGB,0.9495797157287599,0.00936768149882904,0.004976580796252928,17,3399,1830,1586,0.5357142857142857,BASE_EMB_MLP,0.9807485342025758,0.00936768149882904,0.007903981264637002,0.1,4985,499,0.07303864168618267,453,46,0.9078156312625251,453,0.28562421185372006,0.6683255269320844,13.261124121779865,456,0.9138276553106213,0.6692037470725996,-3,-0.006012024048096198,-0.08782201405151957
42,TEMPLATE_OOD,0.01,B0_STRUCT_XGB,0.9495797157287599,0.00936768149882904,0.004976580796252928,17,3399,1830,1586,0.5357142857142857,DAPT_EMB_MLP,0.9192200303077699,0.00936768149882904,0.009660421545667448,0.1,4985,499,0.07303864168618267,454,45,0.9098196392785571,454,0.2862547288776797,0.6686182669789227,13.290398126463698,456,0.9138276553106213,0.6692037470725996,-2,-0.004008016032064132,-0.058548009367687115
42,TEMPLATE_OOD,0.01,B0_STRUCT_XGB,0.9495797157287599,0.00936768149882904,0.004976580796252928,17,3399,1830,1586,0.5357142857142857,CONTRASTIVE_EMB_MLP,0.9808922410011293,0.00936768149882904,0.010245901639344262,0.1,4985,499,0.07303864168618267,448,51,0.8977955911823647,448,0.28247162673392184,0.6668618266978923,13.11475409836066,456,0.9138276553106213,0.6692037470725996,-8,-0.01603206412825653,-0.23419203747072626
42,TEMPLATE_OOD,0.01,B0_STRUCT_XGB,0.9495797157287599,0.00936768149882904,0.004976580796252928,17,3399,1830,1586,0.5357142857142857,B0_SELF,0.9495797157287599,0.00936768149882904,0.004976580796252928,0.2,4985,997,0.14593091334894615,845,152,0.847542627883651,845,0.5327868852459017,0.78307962529274,24.73653395784543,845,0.847542627883651,0.78307962529274,0,0.0,0.0
42,TEMPLATE_OOD,0.01,B0_STRUCT_XGB,0.9495797157287599,0.00936768149882904,0.004976580796252928,17,3399,1830,1586,0.5357142857142857,T0_E2E,0.9922294020652772,0.00936768149882904,0.00819672131147541,0.2,4985,997,0.14593091334894615,945,52,0.9478435305917753,945,0.5958385876418664,0.8123536299765808,27.66393442622951,845,0.847542627883651,0.78307962529274,100,0.1003009027081243,2.927400468384078
42,TEMPLATE_OOD,0.01,B0_STRUCT_XGB,0.9495797157287599,0.00936768149882904,0.004976580796252928,17,3399,1830,1586,0.5357142857142857,DAPT_E2E,0.9945625662803651,0.00936768149882904,0.009953161592505855,0.2,4985,997,0.14593091334894615,949,48,0.9518555667001003,949,0.5983606557377049,0.8135245901639344,27.78103044496487,845,0.847542627883651,0.78307962529274,104,0.10431293881644932,3.0444964871194413
42,TEMPLATE_OOD,0.01,B0_STRUCT_XGB,0.9495797157287599,0.00936768149882904,0.004976580796252928,17,3399,1830,1586,0.5357142857142857,BASE_EMB_MLP,0.9807485342025758,0.00936768149882904,0.007903981264637002,0.2,4985,997,0.14593091334894615,851,146,0.8535606820461384,851,0.5365699873896596,0.7848360655737705,24.91217798594848,845,0.847542627883651,0.78307962529274,6,0.006018054162487463,0.17564402810305024
42,TEMPLATE_OOD,0.01,B0_STRUCT_XGB,0.9495797157287599,0.00936768149882904,0.004976580796252928,17,3399,1830,1586,0.5357142857142857,DAPT_EMB_MLP,0.9192200303077699,0.00936768149882904,0.009660421545667448,0.2,4985,997,0.14593091334894615,843,154,0.8455366098294884,843,0.5315258511979823,0.7824941451990632,24.677985948477755,845,0.847542627883651,0.78307962529274,-2,-0.0020060180541625616,-0.05854800936767601
42,TEMPLATE_OOD,0.01,B0_STRUCT_XGB,0.9495797157287599,0.00936768149882904,0.004976580796252928,17,3399,1830,1586,0.5357142857142857,CONTRASTIVE_EMB_MLP,0.9808922410011293,0.00936768149882904,0.010245901639344262,0.2,4985,997,0.14593091334894615,800,197,0.802407221664995,800,0.5044136191677175,0.7699063231850117,23.419203747072604,845,0.847542627883651,0.78307962529274,-45,-0.04513540621865597,-1.3173302107728269
42,DOMAIN_TEMPLATE_OOD,0.01,B0_STRUCT_XGB,0.9495797157287599,0.00936768149882904,0.005393743257820928,10,1844,784,1070,0.4228694714131607,B0_SELF,0.9495797157287599,0.00936768149882904,0.005393743257820928,0.05,2914,146,0.039374325782092774,130,16,0.8904109589041096,130,0.12149532710280374,0.4929881337648328,7.011866235167208,130,0.8904109589041096,0.4929881337648328,0,0.0,0.0
42,DOMAIN_TEMPLATE_OOD,0.01,B0_STRUCT_XGB,0.9495797157287599,0.00936768149882904,0.005393743257820928,10,1844,784,1070,0.4228694714131607,T0_E2E,0.9922294020652772,0.00936768149882904,0.009169363538295576,0.05,2914,146,0.039374325782092774,146,0,1.0,146,0.13644859813084112,0.5016181229773463,7.874865156418559,130,0.8904109589041096,0.4929881337648328,16,0.1095890410958904,0.8629989212513511
42,DOMAIN_TEMPLATE_OOD,0.01,B0_STRUCT_XGB,0.9495797157287599,0.00936768149882904,0.005393743257820928,10,1844,784,1070,0.4228694714131607,DAPT_E2E,0.9945625662803651,0.00936768149882904,0.009708737864077669,0.05,2914,146,0.039374325782092774,146,0,1.0,146,0.13644859813084112,0.5016181229773463,7.874865156418559,130,0.8904109589041096,0.4929881337648328,16,0.1095890410958904,0.8629989212513511
42,DOMAIN_TEMPLATE_OOD,0.01,B0_STRUCT_XGB,0.9495797157287599,0.00936768149882904,0.005393743257820928,10,1844,784,1070,0.4228694714131607,BASE_EMB_MLP,0.9807485342025758,0.00936768149882904,0.009708737864077669,0.05,2914,146,0.039374325782092774,130,16,0.8904109589041096,130,0.12149532710280374,0.4929881337648328,7.011866235167208,130,0.8904109589041096,0.4929881337648328,0,0.0,0.0
42,DOMAIN_TEMPLATE_OOD,0.01,B0_STRUCT_XGB,0.9495797157287599,0.00936768149882904,0.005393743257820928,10,1844,784,1070,0.4228694714131607,DAPT_EMB_MLP,0.9192200303077699,0.00936768149882904,0.011326860841423949,0.05,2914,146,0.039374325782092774,141,5,0.9657534246575342,141,0.13177570093457944,0.4989212513484358,7.605177993527507,130,0.8904109589041096,0.4929881337648328,11,0.07534246575342463,0.5933117583602987
42,DOMAIN_TEMPLATE_OOD,0.01,B0_STRUCT_XGB,0.9495797157287599,0.00936768149882904,0.005393743257820928,10,1844,784,1070,0.4228694714131607,CONTRASTIVE_EMB_MLP,0.9808922410011293,0.00936768149882904,0.010787486515641856,0.05,2914,146,0.039374325782092774,137,9,0.9383561643835616,137,0.1280373831775701,0.4967637540453074,7.38942826321467,130,0.8904109589041096,0.4929881337648328,7,0.047945205479452024,0.3775620280474623
42,DOMAIN_TEMPLATE_OOD,0.01,B0_STRUCT_XGB,0.9495797157287599,0.00936768149882904,0.005393743257820928,10,1844,784,1070,0.4228694714131607,B0_SELF,0.9495797157287599,0.00936768149882904,0.005393743257820928,0.1,2914,292,0.07874865156418555,264,28,0.9041095890410958,264,0.2467289719626168,0.5652642934196332,14.239482200647252,264,0.9041095890410958,0.5652642934196332,0,0.0,0.0
42,DOMAIN_TEMPLATE_OOD,0.01,B0_STRUCT_XGB,0.9495797157287599,0.00936768149882904,0.005393743257820928,10,1844,784,1070,0.4228694714131607,T0_E2E,0.9922294020652772,0.00936768149882904,0.009169363538295576,0.1,2914,292,0.07874865156418555,292,0,1.0,292,0.27289719626168224,0.5803667745415318,15.749730312837112,264,0.9041095890410958,0.5652642934196332,28,0.09589041095890416,1.5102481121898603
42,DOMAIN_TEMPLATE_OOD,0.01,B0_STRUCT_XGB,0.9495797157287599,0.00936768149882904,0.005393743257820928,10,1844,784,1070,0.4228694714131607,DAPT_E2E,0.9945625662803651,0.00936768149882904,0.009708737864077669,0.1,2914,292,0.07874865156418555,292,0,1.0,292,0.27289719626168224,0.5803667745415318,15.749730312837112,264,0.9041095890410958,0.5652642934196332,28,0.09589041095890416,1.5102481121898603
42,DOMAIN_TEMPLATE_OOD,0.01,B0_STRUCT_XGB,0.9495797157287599,0.00936768149882904,0.005393743257820928,10,1844,784,1070,0.4228694714131607,BASE_EMB_MLP,0.9807485342025758,0.00936768149882904,0.009708737864077669,0.1,2914,292,0.07874865156418555,264,28,0.9041095890410958,264,0.2467289719626168,0.5652642934196332,14.239482200647252,264,0.9041095890410958,0.5652642934196332,0,0.0,0.0
42,DOMAIN_TEMPLATE_OOD,0.01,B0_STRUCT_XGB,0.9495797157287599,0.00936768149882904,0.005393743257820928,10,1844,784,1070,0.4228694714131607,DAPT_EMB_MLP,0.9192200303077699,0.00936768149882904,0.011326860841423949,0.1,2914,292,0.07874865156418555,267,25,0.9143835616438356,267,0.24953271028037383,0.5668824163969794,14.401294498381873,264,0.9041095890410958,0.5652642934196332,3,0.010273972602739767,0.16181229773462036
42,DOMAIN_TEMPLATE_OOD,0.01,B0_STRUCT_XGB,0.9495797157287599,0.00936768149882904,0.005393743257820928,10,1844,784,1070,0.4228694714131607,CONTRASTIVE_EMB_MLP,0.9808922410011293,0.00936768149882904,0.010787486515641856,0.1,2914,292,0.07874865156418555,266,26,0.910958904109589,266,0.2485981308411215,0.5663430420711975,14.347357065803672,264,0.9041095890410958,0.5652642934196332,2,0.006849315068493178,0.10787486515642097
42,DOMAIN_TEMPLATE_OOD,0.01,B0_STRUCT_XGB,0.9495797157287599,0.00936768149882904,0.005393743257820928,10,1844,784,1070,0.4228694714131607,B0_SELF,0.9495797157287599,0.00936768149882904,0.005393743257820928,0.2,2914,583,0.15722761596548004,492,91,0.8439108061749572,492,0.45981308411214955,0.6882416396979504,26.537216828478964,492,0.8439108061749572,0.6882416396979504,0,0.0,0.0
42,DOMAIN_TEMPLATE_OOD,0.01,B0_STRUCT_XGB,0.9495797157287599,0.00936768149882904,0.005393743257820928,10,1844,784,1070,0.4228694714131607,T0_E2E,0.9922294020652772,0.00936768149882904,0.009169363538295576,0.2,2914,583,0.15722761596548004,562,21,0.9639794168096055,562,0.525233644859813,0.7259978425026968,30.312837108953612,492,0.8439108061749572,0.6882416396979504,70,0.12006861063464835,3.7756202804746453
42,DOMAIN_TEMPLATE_OOD,0.01,B0_STRUCT_XGB,0.9495797157287599,0.00936768149882904,0.005393743257820928,10,1844,784,1070,0.4228694714131607,DAPT_E2E,0.9945625662803651,0.00936768149882904,0.009708737864077669,0.2,2914,583,0.15722761596548004,565,18,0.9691252144082333,565,0.5280373831775701,0.7276159654800431,30.474649406688243,492,0.8439108061749572,0.6882416396979504,73,0.12521440823327612,3.9374325782092767
42,DOMAIN_TEMPLATE_OOD,0.01,B0_STRUCT_XGB,0.9495797157287599,0.00936768149882904,0.005393743257820928,10,1844,784,1070,0.4228694714131607,BASE_EMB_MLP,0.9807485342025758,0.00936768149882904,0.009708737864077669,0.2,2914,583,0.15722761596548004,496,87,0.8507718696397941,496,0.4635514018691589,0.6903991370010788,26.752966558791808,492,0.8439108061749572,0.6882416396979504,4,0.006861063464836947,0.21574973031284195
42,DOMAIN_TEMPLATE_OOD,0.01,B0_STRUCT_XGB,0.9495797157287599,0.00936768149882904,0.005393743257820928,10,1844,784,1070,0.4228694714131607,DAPT_EMB_MLP,0.9192200303077699,0.00936768149882904,0.011326860841423949,0.2,2914,583,0.15722761596548004,501,82,0.8593481989708405,501,0.46822429906542057,0.6930960086299892,27.02265372168285,492,0.8439108061749572,0.6882416396979504,9,0.015437392795883298,0.4854368932038833
42,DOMAIN_TEMPLATE_OOD,0.01,B0_STRUCT_XGB,0.9495797157287599,0.00936768149882904,0.005393743257820928,10,1844,784,1070,0.4228694714131607,CONTRASTIVE_EMB_MLP,0.9808922410011293,0.00936768149882904,0.010787486515641856,0.2,2914,583,0.15722761596548004,487,96,0.8353344768439108,487,0.45514018691588787,0.68554476806904,26.267529665587926,492,0.8439108061749572,0.6882416396979504,-5,-0.00857632933104635,-0.26968716289104133
42,IID_ORIGINAL,0.02,B0_STRUCT_XGB,0.8530669808387757,0.01990632318501171,0.017561465127947817,35,1958,630,428,0.5954631379962193,B0_SELF,0.8530669808387757,0.01990632318501171,0.017561465127947817,0.05,2386,120,0.03933136676499508,75,45,0.625,75,0.17523364485981308,0.666351606805293,7.088846880907374,75,0.625,0.666351606805293,0,0.0,0.0
42,IID_ORIGINAL,0.02,B0_STRUCT_XGB,0.8530669808387757,0.01990632318501171,0.017561465127947817,35,1958,630,428,0.5954631379962193,T0_E2E,0.5962568521499635,0.01990632318501171,0.027094831911690917,0.05,2386,120,0.03933136676499508,112,8,0.9333333333333333,112,0.2616822429906542,0.7013232514177694,10.586011342155011,75,0.625,0.666351606805293,37,0.30833333333333335,3.497164461247637
42,IID_ORIGINAL,0.02,B0_STRUCT_XGB,0.8530669808387757,0.01990632318501171,0.017561465127947817,35,1958,630,428,0.5954631379962193,DAPT_E2E,0.7512834072113038,0.01990632318501171,0.02960361264425489,0.05,2386,120,0.03933136676499508,110,10,0.9166666666666666,110,0.2570093457943925,0.6994328922495274,10.396975425330812,75,0.625,0.666351606805293,35,0.29166666666666663,3.3081285444234387
42,IID_ORIGINAL,0.02,B0_STRUCT_XGB,0.8530669808387757,0.01990632318501171,0.017561465127947817,35,1958,630,428,0.5954631379962193,BASE_EMB_MLP,0.9347304105758668,0.01990632318501171,0.021073758153537382,0.05,2386,120,0.03933136676499508,97,23,0.8083333333333333,97,0.2266355140186916,0.6871455576559546,9.168241965973534,75,0.625,0.666351606805293,22,0.18333333333333335,2.07939508506616
42,IID_ORIGINAL,0.02,B0_STRUCT_XGB,0.8530669808387757,0.01990632318501171,0.017561465127947817,35,1958,630,428,0.5954631379962193,DAPT_EMB_MLP,0.8286707997322084,0.01990632318501171,0.02609131961866533,0.05,2386,120,0.03933136676499508,91,29,0.7583333333333333,91,0.21261682242990654,0.6814744801512287,8.601134215500938,75,0.625,0.666351606805293,16,0.1333333333333333,1.512287334593565
42,IID_ORIGINAL,0.02,B0_STRUCT_XGB,0.8530669808387757,0.01990632318501171,0.017561465127947817,35,1958,630,428,0.5954631379962193,CONTRASTIVE_EMB_MLP,0.9657124280929567,0.01990632318501171,0.019568489713998997,0.05,2386,120,0.03933136676499508,81,39,0.675,81,0.18925233644859812,0.6720226843100189,7.655954631379958,75,0.625,0.666351606805293,6,0.050000000000000044,0.5671077504725841
42,IID_ORIGINAL,0.02,B0_STRUCT_XGB,0.8530669808387757,0.01990632318501171,0.017561465127947817,35,1958,630,428,0.5954631379962193,B0_SELF,0.8530669808387757,0.01990632318501171,0.017561465127947817,0.1,2386,239,0.07833497214028187,132,107,0.5523012552301255,132,0.308411214953271,0.720226843100189,12.476370510396972,132,0.5523012552301255,0.720226843100189,0,0.0,0.0
42,IID_ORIGINAL,0.02,B0_STRUCT_XGB,0.8530669808387757,0.01990632318501171,0.017561465127947817,35,1958,630,428,0.5954631379962193,T0_E2E,0.5962568521499635,0.01990632318501171,0.027094831911690917,0.1,2386,239,0.07833497214028187,182,57,0.7615062761506276,182,0.4252336448598131,0.7674858223062382,17.202268431001887,132,0.5523012552301255,0.720226843100189,50,0.20920502092050208,4.725897920604916
42,IID_ORIGINAL,0.02,B0_STRUCT_XGB,0.8530669808387757,0.01990632318501171,0.017561465127947817,35,1958,630,428,0.5954631379962193,DAPT_E2E,0.7512834072113038,0.01990632318501171,0.02960361264425489,0.1,2386,239,0.07833497214028187,185,54,0.7740585774058577,185,0.4322429906542056,0.7703213610586012,17.485822306238184,132,0.5523012552301255,0.720226843100189,53,0.22175732217573219,5.009451795841214
42,IID_ORIGINAL,0.02,B0_STRUCT_XGB,0.8530669808387757,0.01990632318501171,0.017561465127947817,35,1958,630,428,0.5954631379962193,BASE_EMB_MLP,0.9347304105758668,0.01990632318501171,0.021073758153537382,0.1,2386,239,0.07833497214028187,148,91,0.6192468619246861,148,0.34579439252336447,0.7353497164461248,13.988657844990549,132,0.5523012552301255,0.720226843100189,16,0.06694560669456062,1.5122873345935761
42,IID_ORIGINAL,0.02,B0_STRUCT_XGB,0.8530669808387757,0.01990632318501171,0.017561465127947817,35,1958,630,428,0.5954631379962193,DAPT_EMB_MLP,0.8286707997322084,0.01990632318501171,0.02609131961866533,0.1,2386,239,0.07833497214028187,142,97,0.5941422594142259,142,0.3317757009345794,0.7296786389413988,13.421550094517954,132,0.5523012552301255,0.720226843100189,10,0.04184100418410042,0.9451795841209809
42,IID_ORIGINAL,0.02,B0_STRUCT_XGB,0.8530669808387757,0.01990632318501171,0.017561465127947817,35,1958,630,428,0.5954631379962193,CONTRASTIVE_EMB_MLP,0.9657124280929567,0.01990632318501171,0.019568489713998997,0.1,2386,239,0.07833497214028187,146,93,0.6108786610878661,146,0.3411214953271028,0.7334593572778828,13.79962192816635,132,0.5523012552301255,0.720226843100189,14,0.05857740585774063,1.3232514177693777
42,IID_ORIGINAL,0.02,B0_STRUCT_XGB,0.8530669808387757,0.01990632318501171,0.017561465127947817,35,1958,630,428,0.5954631379962193,B0_SELF,0.8530669808387757,0.01990632318501171,0.017561465127947817,0.2,2386,478,0.15666994428056374,201,277,0.4205020920502092,201,0.4696261682242991,0.7854442344045368,18.99810964083175,201,0.4205020920502092,0.7854442344045368,0,0.0,0.0
42,IID_ORIGINAL,0.02,B0_STRUCT_XGB,0.8530669808387757,0.01990632318501171,0.017561465127947817,35,1958,630,428,0.5954631379962193,T0_E2E,0.5962568521499635,0.01990632318501171,0.027094831911690917,0.2,2386,478,0.15666994428056374,240,238,0.502092050209205,240,0.5607476635514018,0.8223062381852552,22.684310018903588,201,0.4205020920502092,0.7854442344045368,39,0.08158995815899578,3.6862003780718355
42,IID_ORIGINAL,0.02,B0_STRUCT_XGB,0.8530669808387757,0.01990632318501171,0.017561465127947817,35,1958,630,428,0.5954631379962193,DAPT_E2E,0.7512834072113038,0.01990632318501171,0.02960361264425489,0.2,2386,478,0.15666994428056374,243,235,0.5083682008368201,243,0.5677570093457944,0.8251417769376181,22.967863894139885,201,0.4205020920502092,0.7854442344045368,42,0.08786610878661089,3.969754253308133
42,IID_ORIGINAL,0.02,B0_STRUCT_XGB,0.8530669808387757,0.01990632318501171,0.017561465127947817,35,1958,630,428,0.5954631379962193,BASE_EMB_MLP,0.9347304105758668,0.01990632318501171,0.021073758153537382,0.2,2386,478,0.15666994428056374,239,239,0.5,239,0.5584112149532711,0.8213610586011342,22.589792060491487,201,0.4205020920502092,0.7854442344045368,38,0.07949790794979078,3.5916824196597363
42,IID_ORIGINAL,0.02,B0_STRUCT_XGB,0.8530669808387757,0.01990632318501171,0.017561465127947817,35,1958,630,428,0.5954631379962193,DAPT_EMB_MLP,0.8286707997322084,0.01990632318501171,0.02609131961866533,0.2,2386,478,0.15666994428056374,234,244,0.4895397489539749,234,0.5467289719626168,0.8166351606805293,22.117202268431,201,0.4205020920502092,0.7854442344045368,33,0.06903765690376568,3.1190926275992514
42,IID_ORIGINAL,0.02,B0_STRUCT_XGB,0.8530669808387757,0.01990632318501171,0.017561465127947817,35,1958,630,428,0.5954631379962193,CONTRASTIVE_EMB_MLP,0.9657124280929567,0.01990632318501171,0.019568489713998997,0.2,2386,478,0.15666994428056374,247,231,0.5167364016736402,247,0.5771028037383178,0.8289224952741021,23.34593572778828,201,0.4205020920502092,0.7854442344045368,46,0.09623430962343099,4.34782608695653
42,IID_BALANCED,0.02,B0_STRUCT_XGB,0.8530669808387757,0.01990632318501171,0.021739130434782608,23,1035,630,428,0.5954631379962193,B0_SELF,0.8530669808387757,0.01990632318501171,0.021739130434782608,0.05,1463,74,0.03497164461247637,61,13,0.8243243243243243,61,0.1425233644859813,0.6531190926275993,5.765595463137996,61,0.8243243243243243,0.6531190926275993,0,0.0,0.0
42,IID_BALANCED,0.02,B0_STRUCT_XGB,0.8530669808387757,0.01990632318501171,0.021739130434782608,23,1035,630,428,0.5954631379962193,T0_E2E,0.5962568521499635,0.01990632318501171,0.02835538752362949,0.05,1463,74,0.03497164461247637,72,2,0.972972972972973,72,0.16822429906542055,0.6635160680529301,6.805293005671076,61,0.8243243243243243,0.6531190926275993,11,0.14864864864864868,1.03969754253308
42,IID_BALANCED,0.02,B0_STRUCT_XGB,0.8530669808387757,0.01990632318501171,0.021739130434782608,23,1035,630,428,0.5954631379962193,DAPT_E2E,0.7512834072113038,0.01990632318501171,0.030245746691871456,0.05,1463,74,0.03497164461247637,72,2,0.972972972972973,72,0.16822429906542055,0.6635160680529301,6.805293005671076,61,0.8243243243243243,0.6531190926275993,11,0.14864864864864868,1.03969754253308
42,IID_BALANCED,0.02,B0_STRUCT_XGB,0.8530669808387757,0.01990632318501171,0.021739130434782608,23,1035,630,428,0.5954631379962193,BASE_EMB_MLP,0.9347304105758668,0.01990632318501171,0.020793950850661626,0.05,1463,74,0.03497164461247637,68,6,0.918918918918919,68,0.1588785046728972,0.6597353497164461,6.427221172022679,61,0.8243243243243243,0.6531190926275993,7,0.09459459459459463,0.6616257088846833
42,IID_BALANCED,0.02,B0_STRUCT_XGB,0.8530669808387757,0.01990632318501171,0.021739130434782608,23,1035,630,428,0.5954631379962193,DAPT_EMB_MLP,0.8286707997322084,0.01990632318501171,0.03213610586011342,0.05,1463,74,0.03497164461247637,67,7,0.9054054054054054,67,0.15654205607476634,0.6587901701323251,6.33270321361058,61,0.8243243243243243,0.6531190926275993,6,0.08108108108108103,0.5671077504725841
42,IID_BALANCED,0.02,B0_STRUCT_XGB,0.8530669808387757,0.01990632318501171,0.021739130434782608,23,1035,630,428,0.5954631379962193,CONTRASTIVE_EMB_MLP,0.9657124280929567,0.01990632318501171,0.020793950850661626,0.05,1463,74,0.03497164461247637,60,14,0.8108108108108109,60,0.14018691588785046,0.6521739130434783,5.671077504725897,61,0.8243243243243243,0.6531190926275993,-1,-0.013513513513513487,-0.0945179584120992
42,IID_BALANCED,0.02,B0_STRUCT_XGB,0.8530669808387757,0.01990632318501171,0.021739130434782608,23,1035,630,428,0.5954631379962193,B0_SELF,0.8530669808387757,0.01990632318501171,0.021739130434782608,0.1,1463,147,0.06947069943289225,106,41,0.7210884353741497,106,0.24766355140186916,0.6956521739130435,10.018903591682415,106,0.7210884353741497,0.6956521739130435,0,0.0,0.0
42,IID_BALANCED,0.02,B0_STRUCT_XGB,0.8530669808387757,0.01990632318501171,0.021739130434782608,23,1035,630,428,0.5954631379962193,T0_E2E,0.5962568521499635,0.01990632318501171,0.02835538752362949,0.1,1463,147,0.06947069943289225,138,9,0.9387755102040817,138,0.32242990654205606,0.725897920604915,13.043478260869568,106,0.7210884353741497,0.6956521739130435,32,0.217687074829932,3.0245746691871522
42,IID_BALANCED,0.02,B0_STRUCT_XGB,0.8530669808387757,0.01990632318501171,0.021739130434782608,23,1035,630,428,0.5954631379962193,DAPT_E2E,0.7512834072113038,0.01990632318501171,0.030245746691871456,0.1,1463,147,0.06947069943289225,137,10,0.9319727891156463,137,0.32009345794392524,0.724952741020794,12.948960302457468,106,0.7210884353741497,0.6956521739130435,31,0.2108843537414966,2.930056710775053
42,IID_BALANCED,0.02,B0_STRUCT_XGB,0.8530669808387757,0.01990632318501171,0.021739130434782608,23,1035,630,428,0.5954631379962193,BASE_EMB_MLP,0.9347304105758668,0.01990632318501171,0.020793950850661626,0.1,1463,147,0.06947069943289225,120,27,0.8163265306122449,120,0.2803738317757009,0.7088846880907372,11.342155009451794,106,0.7210884353741497,0.6956521739130435,14,0.09523809523809523,1.3232514177693777
42,IID_BALANCED,0.02,B0_STRUCT_XGB,0.8530669808387757,0.01990632318501171,0.021739130434782608,23,1035,630,428,0.5954631379962193,DAPT_EMB_MLP,0.8286707997322084,0.01990632318501171,0.03213610586011342,0.1,1463,147,0.06947069943289225,115,32,0.782312925170068,115,0.26869158878504673,0.7041587901701323,10.869565217391298,106,0.7210884353741497,0.6956521739130435,9,0.061224489795918324,0.8506616257088817
42,IID_BALANCED,0.02,B0_STRUCT_XGB,0.8530669808387757,0.01990632318501171,0.021739130434782608,23,1035,630,428,0.5954631379962193,CONTRASTIVE_EMB_MLP,0.9657124280929567,0.01990632318501171,0.020793950850661626,0.1,1463,147,0.06947069943289225,117,30,0.7959183673469388,117,0.2733644859813084,0.7060491493383743,11.058601134215495,106,0.7210884353741497,0.6956521739130435,11,0.07482993197278909,1.03969754253308
42,IID_BALANCED,0.02,B0_STRUCT_XGB,0.8530669808387757,0.01990632318501171,0.021739130434782608,23,1035,630,428,0.5954631379962193,B0_SELF,0.8530669808387757,0.01990632318501171,0.021739130434782608,0.2,1463,293,0.138468809073724,180,113,0.6143344709897611,180,0.4205607476635514,0.7655954631379962,17.01323251417769,180,0.6143344709897611,0.7655954631379962,0,0.0,0.0
42,IID_BALANCED,0.02,B0_STRUCT_XGB,0.8530669808387757,0.01990632318501171,0.021739130434782608,23,1035,630,428,0.5954631379962193,T0_E2E,0.5962568521499635,0.01990632318501171,0.02835538752362949,0.2,1463,293,0.138468809073724,215,78,0.7337883959044369,215,0.5023364485981309,0.7986767485822306,20.321361058601127,180,0.6143344709897611,0.7655954631379962,35,0.11945392491467577,3.3081285444234387
42,IID_BALANCED,0.02,B0_STRUCT_XGB,0.8530669808387757,0.01990632318501171,0.021739130434782608,23,1035,630,428,0.5954631379962193,DAPT_E2E,0.7512834072113038,0.01990632318501171,0.030245746691871456,0.2,1463,293,0.138468809073724,225,68,0.7679180887372014,225,0.5257009345794392,0.8081285444234405,21.26654064272212,180,0.6143344709897611,0.7655954631379962,45,0.15358361774744023,4.253308128544431
42,IID_BALANCED,0.02,B0_STRUCT_XGB,0.8530669808387757,0.01990632318501171,0.021739130434782608,23,1035,630,428,0.5954631379962193,BASE_EMB_MLP,0.9347304105758668,0.01990632318501171,0.020793950850661626,0.2,1463,293,0.138468809073724,197,96,0.6723549488054608,197,0.4602803738317757,0.781663516068053,18.620037807183365,180,0.6143344709897611,0.7655954631379962,17,0.058020477815699634,1.6068052930056753
42,IID_BALANCED,0.02,B0_STRUCT_XGB,0.8530669808387757,0.01990632318501171,0.021739130434782608,23,1035,630,428,0.5954631379962193,DAPT_EMB_MLP,0.8286707997322084,0.01990632318501171,0.03213610586011342,0.2,1463,293,0.138468809073724,192,101,0.6552901023890785,192,0.4485981308411215,0.776937618147448,18.14744801512287,180,0.6143344709897611,0.7655954631379962,12,0.04095563139931735,1.1342155009451793
42,IID_BALANCED,0.02,B0_STRUCT_XGB,0.8530669808387757,0.01990632318501171,0.021739130434782608,23,1035,630,428,0.5954631379962193,CONTRASTIVE_EMB_MLP,0.9657124280929567,0.01990632318501171,0.020793950850661626,0.2,1463,293,0.138468809073724,201,92,0.6860068259385665,201,0.4696261682242991,0.7854442344045368,18.99810964083175,180,0.6143344709897611,0.7655954631379962,21,0.07167235494880542,1.984877126654061
42,TEMPORAL,0.02,B0_STRUCT_XGB,0.8530669808387757,0.01990632318501171,0.01625,65,3935,2735,1265,0.68375,B0_SELF,0.8530669808387757,0.01990632318501171,0.01625,0.05,5200,260,0.0325,214,46,0.823076923076923,214,0.1691699604743083,0.73725,5.35,214,0.823076923076923,0.73725,0,0.0,0.0
42,TEMPORAL,0.02,B0_STRUCT_XGB,0.8530669808387757,0.01990632318501171,0.01625,65,3935,2735,1265,0.68375,T0_E2E,0.5962568521499635,0.01990632318501171,0.0255,0.05,5200,260,0.0325,256,4,0.9846153846153847,256,0.20237154150197628,0.74775,6.400000000000006,214,0.823076923076923,0.73725,42,0.16153846153846163,1.0500000000000065
42,TEMPORAL,0.02,B0_STRUCT_XGB,0.8530669808387757,0.01990632318501171,0.01625,65,3935,2735,1265,0.68375,DAPT_E2E,0.7512834072113038,0.01990632318501171,0.022,0.05,5200,260,0.0325,257,3,0.9884615384615385,257,0.20316205533596837,0.748,6.4250000000000025,214,0.823076923076923,0.73725,43,0.16538461538461546,1.0750000000000037
42,TEMPORAL,0.02,B0_STRUCT_XGB,0.8530669808387757,0.01990632318501171,0.01625,65,3935,2735,1265,0.68375,BASE_EMB_MLP,0.9347304105758668,0.01990632318501171,0.0165,0.05,5200,260,0.0325,226,34,0.8692307692307693,226,0.17865612648221343,0.74025,5.6499999999999995,214,0.823076923076923,0.73725,12,0.04615384615384621,0.30000000000000027
42,TEMPORAL,0.02,B0_STRUCT_XGB,0.8530669808387757,0.01990632318501171,0.01625,65,3935,2735,1265,0.68375,DAPT_EMB_MLP,0.8286707997322084,0.01990632318501171,0.01775,0.05,5200,260,0.0325,227,33,0.8730769230769231,227,0.17944664031620552,0.7405,5.675000000000008,214,0.823076923076923,0.73725,13,0.050000000000000044,0.3250000000000086
42,TEMPORAL,0.02,B0_STRUCT_XGB,0.8530669808387757,0.01990632318501171,0.01625,65,3935,2735,1265,0.68375,CONTRASTIVE_EMB_MLP,0.9657124280929567,0.01990632318501171,0.01625,0.05,5200,260,0.0325,226,34,0.8692307692307693,226,0.17865612648221343,0.74025,5.6499999999999995,214,0.823076923076923,0.73725,12,0.04615384615384621,0.30000000000000027
42,TEMPORAL,0.02,B0_STRUCT_XGB,0.8530669808387757,0.01990632318501171,0.01625,65,3935,2735,1265,0.68375,B0_SELF,0.8530669808387757,0.01990632318501171,0.01625,0.1,5200,520,0.065,410,110,0.7884615384615384,410,0.3241106719367589,0.78625,10.250000000000004,410,0.7884615384615384,0.78625,0,0.0,0.0
42,TEMPORAL,0.02,B0_STRUCT_XGB,0.8530669808387757,0.01990632318501171,0.01625,65,3935,2735,1265,0.68375,T0_E2E,0.5962568521499635,0.01990632318501171,0.0255,0.1,5200,520,0.065,499,21,0.9596153846153846,499,0.39446640316205533,0.8085,12.475000000000003,410,0.7884615384615384,0.78625,89,0.1711538461538462,2.224999999999999
42,TEMPORAL,0.02,B0_STRUCT_XGB,0.8530669808387757,0.01990632318501171,0.01625,65,3935,2735,1265,0.68375,DAPT_E2E,0.7512834072113038,0.01990632318501171,0.022,0.1,5200,520,0.065,502,18,0.9653846153846154,502,0.3968379446640316,0.80925,12.550000000000006,410,0.7884615384615384,0.78625,92,0.17692307692307696,2.300000000000002
42,TEMPORAL,0.02,B0_STRUCT_XGB,0.8530669808387757,0.01990632318501171,0.01625,65,3935,2735,1265,0.68375,BASE_EMB_MLP,0.9347304105758668,0.01990632318501171,0.0165,0.1,5200,520,0.065,423,97,0.8134615384615385,423,0.33438735177865614,0.7895,10.575000000000001,410,0.7884615384615384,0.78625,13,0.025000000000000022,0.3249999999999975
42,TEMPORAL,0.02,B0_STRUCT_XGB,0.8530669808387757,0.01990632318501171,0.01625,65,3935,2735,1265,0.68375,DAPT_EMB_MLP,0.8286707997322084,0.01990632318501171,0.01775,0.1,5200,520,0.065,429,91,0.825,429,0.3391304347826087,0.791,10.725000000000007,410,0.7884615384615384,0.78625,19,0.03653846153846152,0.4750000000000032
42,TEMPORAL,0.02,B0_STRUCT_XGB,0.8530669808387757,0.01990632318501171,0.01625,65,3935,2735,1265,0.68375,CONTRASTIVE_EMB_MLP,0.9657124280929567,0.01990632318501171,0.01625,0.1,5200,520,0.065,418,102,0.8038461538461539,418,0.33043478260869563,0.78825,10.450000000000003,410,0.7884615384615384,0.78625,8,0.015384615384615441,0.20000000000000018
42,TEMPORAL,0.02,B0_STRUCT_XGB,0.8530669808387757,0.01990632318501171,0.01625,65,3935,2735,1265,0.68375,B0_SELF,0.8530669808387757,0.01990632318501171,0.01625,0.2,5200,1040,0.13,718,322,0.6903846153846154,718,0.5675889328063242,0.86325,17.95,718,0.6903846153846154,0.86325,0,0.0,0.0
42,TEMPORAL,0.02,B0_STRUCT_XGB,0.8530669808387757,0.01990632318501171,0.01625,65,3935,2735,1265,0.68375,T0_E2E,0.5962568521499635,0.01990632318501171,0.0255,0.2,5200,1040,0.13,866,174,0.8326923076923077,866,0.6845849802371542,0.90025,21.650000000000002,718,0.6903846153846154,0.86325,148,0.14230769230769236,3.7000000000000033
42,TEMPORAL,0.02,B0_STRUCT_XGB,0.8530669808387757,0.01990632318501171,0.01625,65,3935,2735,1265,0.68375,DAPT_E2E,0.7512834072113038,0.01990632318501171,0.022,0.2,5200,1040,0.13,898,142,0.8634615384615385,898,0.7098814229249012,0.90825,22.450000000000003,718,0.6903846153846154,0.86325,180,0.17307692307692313,4.5000000000000036
42,TEMPORAL,0.02,B0_STRUCT_XGB,0.8530669808387757,0.01990632318501171,0.01625,65,3935,2735,1265,0.68375,BASE_EMB_MLP,0.9347304105758668,0.01990632318501171,0.0165,0.2,5200,1040,0.13,730,310,0.7019230769230769,730,0.5770750988142292,0.86625,18.25,718,0.6903846153846154,0.86325,12,0.011538461538461497,0.30000000000000027
42,TEMPORAL,0.02,B0_STRUCT_XGB,0.8530669808387757,0.01990632318501171,0.01625,65,3935,2735,1265,0.68375,DAPT_EMB_MLP,0.8286707997322084,0.01990632318501171,0.01775,0.2,5200,1040,0.13,721,319,0.6932692307692307,721,0.5699604743083004,0.864,18.025000000000002,718,0.6903846153846154,0.86325,3,0.0028846153846153744,0.07500000000000284
42,TEMPORAL,0.02,B0_STRUCT_XGB,0.8530669808387757,0.01990632318501171,0.01625,65,3935,2735,1265,0.68375,CONTRASTIVE_EMB_MLP,0.9657124280929567,0.01990632318501171,0.01625,0.2,5200,1040,0.13,691,349,0.6644230769230769,691,0.5462450592885375,0.8565,17.275000000000006,718,0.6903846153846154,0.86325,-27,-0.02596153846153848,-0.6749999999999923
42,DOMAIN_OOD,0.02,B0_STRUCT_XGB,0.8530669808387757,0.01990632318501171,0.024883359253499222,48,1881,1153,776,0.5977190254017626,B0_SELF,0.8530669808387757,0.01990632318501171,0.024883359253499222,0.05,2657,133,0.034473820632452044,103,30,0.7744360902255639,103,0.1327319587628866,0.6511145671332297,5.33955417314671,103,0.7744360902255639,0.6511145671332297,0,0.0,0.0
42,DOMAIN_OOD,0.02,B0_STRUCT_XGB,0.8530669808387757,0.01990632318501171,0.024883359253499222,48,1881,1153,776,0.5977190254017626,T0_E2E,0.5962568521499635,0.01990632318501171,0.03006739243131156,0.05,2657,133,0.034473820632452044,132,1,0.9924812030075187,132,0.17010309278350516,0.6661482633488854,6.842923794712286,103,0.7744360902255639,0.6511145671332297,29,0.21804511278195482,1.5033696215655756
42,DOMAIN_OOD,0.02,B0_STRUCT_XGB,0.8530669808387757,0.01990632318501171,0.024883359253499222,48,1881,1153,776,0.5977190254017626,DAPT_E2E,0.7512834072113038,0.01990632318501171,0.02592016588906169,0.05,2657,133,0.034473820632452044,133,0,1.0,133,0.1713917525773196,0.6666666666666666,6.894764126490404,103,0.7744360902255639,0.6511145671332297,30,0.22556390977443608,1.5552099533436947
42,DOMAIN_OOD,0.02,B0_STRUCT_XGB,0.8530669808387757,0.01990632318501171,0.024883359253499222,48,1881,1153,776,0.5977190254017626,BASE_EMB_MLP,0.9347304105758668,0.01990632318501171,0.023846552617936754,0.05,2657,133,0.034473820632452044,116,17,0.8721804511278195,116,0.14948453608247422,0.6578538102643857,6.013478486262313,103,0.7744360902255639,0.6511145671332297,13,0.09774436090225558,0.6739243131156036
42,DOMAIN_OOD,0.02,B0_STRUCT_XGB,0.8530669808387757,0.01990632318501171,0.024883359253499222,48,1881,1153,776,0.5977190254017626,DAPT_EMB_MLP,0.8286707997322084,0.01990632318501171,0.02280974598237429,0.05,2657,133,0.034473820632452044,115,18,0.8646616541353384,115,0.1481958762886598,0.6573354069466044,5.961638154484183,103,0.7744360902255639,0.6511145671332297,12,0.09022556390977443,0.6220839813374734
42,DOMAIN_OOD,0.02,B0_STRUCT_XGB,0.8530669808387757,0.01990632318501171,0.024883359253499222,48,1881,1153,776,0.5977190254017626,CONTRASTIVE_EMB_MLP,0.9657124280929567,0.01990632318501171,0.01762571280456195,0.05,2657,133,0.034473820632452044,120,13,0.9022556390977443,120,0.15463917525773196,0.6599274235355106,6.220839813374801,103,0.7744360902255639,0.6511145671332297,17,0.1278195488721804,0.8812856402280911
42,DOMAIN_OOD,0.02,B0_STRUCT_XGB,0.8530669808387757,0.01990632318501171,0.024883359253499222,48,1881,1153,776,0.5977190254017626,B0_SELF,0.8530669808387757,0.01990632318501171,0.024883359253499222,0.1,2657,266,0.06894764126490409,208,58,0.7819548872180451,208,0.26804123711340205,0.7055469155002592,10.782789009849658,208,0.7819548872180451,0.7055469155002592,0,0.0,0.0
42,DOMAIN_OOD,0.02,B0_STRUCT_XGB,0.8530669808387757,0.01990632318501171,0.024883359253499222,48,1881,1153,776,0.5977190254017626,T0_E2E,0.5962568521499635,0.01990632318501171,0.03006739243131156,0.1,2657,266,0.06894764126490409,262,4,0.9849624060150376,262,0.33762886597938147,0.7335406946604458,13.582166925868322,208,0.7819548872180451,0.7055469155002592,54,0.20300751879699253,2.799377916018664
42,DOMAIN_OOD,0.02,B0_STRUCT_XGB,0.8530669808387757,0.01990632318501171,0.024883359253499222,48,1881,1153,776,0.5977190254017626,DAPT_E2E,0.7512834072113038,0.01990632318501171,0.02592016588906169,0.1,2657,266,0.06894764126490409,262,4,0.9849624060150376,262,0.33762886597938147,0.7335406946604458,13.582166925868322,208,0.7819548872180451,0.7055469155002592,54,0.20300751879699253,2.799377916018664
42,DOMAIN_OOD,0.02,B0_STRUCT_XGB,0.8530669808387757,0.01990632318501171,0.024883359253499222,48,1881,1153,776,0.5977190254017626,BASE_EMB_MLP,0.9347304105758668,0.01990632318501171,0.023846552617936754,0.1,2657,266,0.06894764126490409,220,46,0.8270676691729323,220,0.28350515463917525,0.711767755313634,11.404872991187142,208,0.7819548872180451,0.7055469155002592,12,0.045112781954887216,0.6220839813374845
42,DOMAIN_OOD,0.02,B0_STRUCT_XGB,0.8530669808387757,0.01990632318501171,0.024883359253499222,48,1881,1153,776,0.5977190254017626,DAPT_EMB_MLP,0.8286707997322084,0.01990632318501171,0.02280974598237429,0.1,2657,266,0.06894764126490409,223,43,0.8383458646616542,223,0.28737113402061853,0.7133229652669777,11.560393986521511,208,0.7819548872180451,0.7055469155002592,15,0.0563909774436091,0.7776049766718529
42,DOMAIN_OOD,0.02,B0_STRUCT_XGB,0.8530669808387757,0.01990632318501171,0.024883359253499222,48,1881,1153,776,0.5977190254017626,CONTRASTIVE_EMB_MLP,0.9657124280929567,0.01990632318501171,0.01762571280456195,0.1,2657,266,0.06894764126490409,224,42,0.8421052631578947,224,0.28865979381443296,0.713841368584759,11.612234318299642,208,0.7819548872180451,0.7055469155002592,16,0.06015037593984962,0.8294453084499831
42,DOMAIN_OOD,0.02,B0_STRUCT_XGB,0.8530669808387757,0.01990632318501171,0.024883359253499222,48,1881,1153,776,0.5977190254017626,B0_SELF,0.8530669808387757,0.01990632318501171,0.024883359253499222,0.2,2657,532,0.13789528252980818,386,146,0.7255639097744361,386,0.49742268041237114,0.7978227060653188,20.01036806635562,386,0.7255639097744361,0.7978227060653188,0,0.0,0.0
42,DOMAIN_OOD,0.02,B0_STRUCT_XGB,0.8530669808387757,0.01990632318501171,0.024883359253499222,48,1881,1153,776,0.5977190254017626,T0_E2E,0.5962568521499635,0.01990632318501171,0.03006739243131156,0.2,2657,532,0.13789528252980818,472,60,0.8872180451127819,472,0.6082474226804123,0.8424053913945049,24.46863659927423,386,0.7255639097744361,0.7978227060653188,86,0.16165413533834583,4.458268532918607
42,DOMAIN_OOD,0.02,B0_STRUCT_XGB,0.8530669808387757,0.01990632318501171,0.024883359253499222,48,1881,1153,776,0.5977190254017626,DAPT_E2E,0.7512834072113038,0.01990632318501171,0.02592016588906169,0.2,2657,532,0.13789528252980818,487,45,0.9154135338345865,487,0.6275773195876289,0.8501814411612234,25.246241575946083,386,0.7255639097744361,0.7978227060653188,101,0.18984962406015038,5.23587350959046
42,DOMAIN_OOD,0.02,B0_STRUCT_XGB,0.8530669808387757,0.01990632318501171,0.024883359253499222,48,1881,1153,776,0.5977190254017626,BASE_EMB_MLP,0.9347304105758668,0.01990632318501171,0.023846552617936754,0.2,2657,532,0.13789528252980818,409,123,0.768796992481203,409,0.5270618556701031,0.8097459823742872,21.20269569725246,386,0.7255639097744361,0.7978227060653188,23,0.043233082706766957,1.192327630896839
42,DOMAIN_OOD,0.02,B0_STRUCT_XGB,0.8530669808387757,0.01990632318501171,0.024883359253499222,48,1881,1153,776,0.5977190254017626,DAPT_EMB_MLP,0.8286707997322084,0.01990632318501171,0.02280974598237429,0.2,2657,532,0.13789528252980818,406,126,0.7631578947368421,406,0.5231958762886598,0.8081907724209435,21.04717470191809,386,0.7255639097744361,0.7978227060653188,20,0.03759398496240607,1.0368066355624705
42,DOMAIN_OOD,0.02,B0_STRUCT_XGB,0.8530669808387757,0.01990632318501171,0.024883359253499222,48,1881,1153,776,0.5977190254017626,CONTRASTIVE_EMB_MLP,0.9657124280929567,0.01990632318501171,0.01762571280456195,0.2,2657,532,0.13789528252980818,390,142,0.7330827067669173,390,0.5025773195876289,0.7998963193364438,20.21772939346812,386,0.7255639097744361,0.7978227060653188,4,0.007518796992481258,0.20736132711249855
42,TEMPLATE_OOD,0.02,B0_STRUCT_XGB,0.8530669808387757,0.01990632318501171,0.01727166276346604,59,3357,2281,1135,0.6677400468384075,B0_SELF,0.8530669808387757,0.01990632318501171,0.01727166276346604,0.05,4492,225,0.032933255269320845,185,40,0.8222222222222222,185,0.16299559471365638,0.7218969555035128,5.415690866510536,185,0.8222222222222222,0.7218969555035128,0,0.0,0.0
42,TEMPLATE_OOD,0.02,B0_STRUCT_XGB,0.8530669808387757,0.01990632318501171,0.01727166276346604,59,3357,2281,1135,0.6677400468384075,T0_E2E,0.5962568521499635,0.01990632318501171,0.024882903981264637,0.05,4492,225,0.032933255269320845,223,2,0.9911111111111112,223,0.19647577092511012,0.7330210772833724,6.528103044496492,185,0.8222222222222222,0.7218969555035128,38,0.16888888888888898,1.1124121779859553
42,TEMPLATE_OOD,0.02,B0_STRUCT_XGB,0.8530669808387757,0.01990632318501171,0.01727166276346604,59,3357,2281,1135,0.6677400468384075,DAPT_E2E,0.7512834072113038,0.01990632318501171,0.021662763466042154,0.05,4492,225,0.032933255269320845,224,1,0.9955555555555555,224,0.1973568281938326,0.7333138173302107,6.5573770491803245,185,0.8222222222222222,0.7218969555035128,39,0.17333333333333334,1.1416861826697877
42,TEMPLATE_OOD,0.02,B0_STRUCT_XGB,0.8530669808387757,0.01990632318501171,0.01727166276346604,59,3357,2281,1135,0.6677400468384075,BASE_EMB_MLP,0.9347304105758668,0.01990632318501171,0.018442622950819672,0.05,4492,225,0.032933255269320845,192,33,0.8533333333333334,192,0.16916299559471365,0.7239461358313818,5.62060889929743,185,0.8222222222222222,0.7218969555035128,7,0.0311111111111112,0.2049180327868938
42,TEMPLATE_OOD,0.02,B0_STRUCT_XGB,0.8530669808387757,0.01990632318501171,0.01727166276346604,59,3357,2281,1135,0.6677400468384075,DAPT_EMB_MLP,0.8286707997322084,0.01990632318501171,0.019613583138173303,0.05,4492,225,0.032933255269320845,194,31,0.8622222222222222,194,0.17092511013215858,0.7245316159250585,5.679156908665107,185,0.8222222222222222,0.7218969555035128,9,0.040000000000000036,0.2634660421545698
42,TEMPLATE_OOD,0.02,B0_STRUCT_XGB,0.8530669808387757,0.01990632318501171,0.01727166276346604,59,3357,2281,1135,0.6677400468384075,CONTRASTIVE_EMB_MLP,0.9657124280929567,0.01990632318501171,0.01522248243559719,0.05,4492,225,0.032933255269320845,197,28,0.8755555555555555,197,0.173568281938326,0.7254098360655737,5.766978922716626,185,0.8222222222222222,0.7218969555035128,12,0.053333333333333344,0.3512880562060894
42,TEMPLATE_OOD,0.02,B0_STRUCT_XGB,0.8530669808387757,0.01990632318501171,0.01727166276346604,59,3357,2281,1135,0.6677400468384075,B0_SELF,0.8530669808387757,0.01990632318501171,0.01727166276346604,0.1,4492,450,0.06586651053864169,350,100,0.7777777777777778,350,0.30837004405286345,0.7701990632318502,10.245901639344268,350,0.7777777777777778,0.7701990632318502,0,0.0,0.0
42,TEMPLATE_OOD,0.02,B0_STRUCT_XGB,0.8530669808387757,0.01990632318501171,0.01727166276346604,59,3357,2281,1135,0.6677400468384075,T0_E2E,0.5962568521499635,0.01990632318501171,0.024882903981264637,0.1,4492,450,0.06586651053864169,439,11,0.9755555555555555,439,0.38678414096916297,0.7962529274004684,12.851288056206089,350,0.7777777777777778,0.7701990632318502,89,0.19777777777777772,2.6053864168618213
42,TEMPLATE_OOD,0.02,B0_STRUCT_XGB,0.8530669808387757,0.01990632318501171,0.01727166276346604,59,3357,2281,1135,0.6677400468384075,DAPT_E2E,0.7512834072113038,0.01990632318501171,0.021662763466042154,0.1,4492,450,0.06586651053864169,438,12,0.9733333333333334,438,0.3859030837004405,0.7959601873536299,12.822014051522245,350,0.7777777777777778,0.7701990632318502,88,0.1955555555555556,2.5761124121779777
42,TEMPLATE_OOD,0.02,B0_STRUCT_XGB,0.8530669808387757,0.01990632318501171,0.01727166276346604,59,3357,2281,1135,0.6677400468384075,BASE_EMB_MLP,0.9347304105758668,0.01990632318501171,0.018442622950819672,0.1,4492,450,0.06586651053864169,366,84,0.8133333333333334,366,0.3224669603524229,0.7748829039812647,10.71428571428572,350,0.7777777777777778,0.7701990632318502,16,0.03555555555555556,0.4683840749414525
42,TEMPLATE_OOD,0.02,B0_STRUCT_XGB,0.8530669808387757,0.01990632318501171,0.01727166276346604,59,3357,2281,1135,0.6677400468384075,DAPT_EMB_MLP,0.8286707997322084,0.01990632318501171,0.019613583138173303,0.1,4492,450,0.06586651053864169,370,80,0.8222222222222222,370,0.32599118942731276,0.7760538641686182,10.831381733021072,350,0.7777777777777778,0.7701990632318502,20,0.0444444444444444,0.5854800936768045
42,TEMPLATE_OOD,0.02,B0_STRUCT_XGB,0.8530669808387757,0.01990632318501171,0.01727166276346604,59,3357,2281,1135,0.6677400468384075,CONTRASTIVE_EMB_MLP,0.9657124280929567,0.01990632318501171,0.01522248243559719,0.1,4492,450,0.06586651053864169,369,81,0.82,369,0.3251101321585903,0.7757611241217799,10.80210772833724,350,0.7777777777777778,0.7701990632318502,19,0.04222222222222216,0.5562060889929721
42,TEMPLATE_OOD,0.02,B0_STRUCT_XGB,0.8530669808387757,0.01990632318501171,0.01727166276346604,59,3357,2281,1135,0.6677400468384075,B0_SELF,0.8530669808387757,0.01990632318501171,0.01727166276346604,0.2,4492,899,0.13158665105386416,625,274,0.6952169076751946,625,0.5506607929515418,0.8507025761124122,18.29625292740047,625,0.6952169076751946,0.8507025761124122,0,0.0,0.0
42,TEMPLATE_OOD,0.02,B0_STRUCT_XGB,0.8530669808387757,0.01990632318501171,0.01727166276346604,59,3357,2281,1135,0.6677400468384075,T0_E2E,0.5962568521499635,0.01990632318501171,0.024882903981264637,0.2,4492,899,0.13158665105386416,764,135,0.8498331479421579,764,0.6731277533039648,0.8913934426229508,22.365339578454336,625,0.6952169076751946,0.8507025761124122,139,0.1546162402669633,4.0690866510538655
42,TEMPLATE_OOD,0.02,B0_STRUCT_XGB,0.8530669808387757,0.01990632318501171,0.01727166276346604,59,3357,2281,1135,0.6677400468384075,DAPT_E2E,0.7512834072113038,0.01990632318501171,0.021662763466042154,0.2,4492,899,0.13158665105386416,791,108,0.8798665183537263,791,0.6969162995594713,0.8992974238875878,23.15573770491803,625,0.6952169076751946,0.8507025761124122,166,0.1846496106785317,4.859484777517564
42,TEMPLATE_OOD,0.02,B0_STRUCT_XGB,0.8530669808387757,0.01990632318501171,0.01727166276346604,59,3357,2281,1135,0.6677400468384075,BASE_EMB_MLP,0.9347304105758668,0.01990632318501171,0.018442622950819672,0.2,4492,899,0.13158665105386416,646,253,0.7185761957730812,646,0.5691629955947136,0.8568501170960188,18.91100702576113,625,0.6952169076751946,0.8507025761124122,21,0.023359288097886566,0.6147540983606592
42,TEMPLATE_OOD,0.02,B0_STRUCT_XGB,0.8530669808387757,0.01990632318501171,0.01727166276346604,59,3357,2281,1135,0.6677400468384075,DAPT_EMB_MLP,0.8286707997322084,0.01990632318501171,0.019613583138173303,0.2,4492,899,0.13158665105386416,636,263,0.7074527252502781,636,0.560352422907489,0.8539227166276346,18.618266978922716,625,0.6952169076751946,0.8507025761124122,11,0.012235817575083519,0.3220140515222458
42,TEMPLATE_OOD,0.02,B0_STRUCT_XGB,0.8530669808387757,0.01990632318501171,0.01727166276346604,59,3357,2281,1135,0.6677400468384075,CONTRASTIVE_EMB_MLP,0.9657124280929567,0.01990632318501171,0.01522248243559719,0.2,4492,899,0.13158665105386416,618,281,0.6874304783092324,618,0.5444933920704845,0.8486533957845434,18.09133489461359,625,0.6952169076751946,0.8507025761124122,-7,-0.007786429365962189,-0.2049180327868827
42,DOMAIN_TEMPLATE_OOD,0.02,B0_STRUCT_XGB,0.8530669808387757,0.01990632318501171,0.023732470334412083,44,1810,1078,776,0.5814455231930961,B0_SELF,0.8530669808387757,0.01990632318501171,0.023732470334412083,0.05,2586,130,0.03505933117583603,100,30,0.7692307692307693,100,0.12886597938144329,0.6353829557713053,5.393743257820926,100,0.7692307692307693,0.6353829557713053,0,0.0,0.0
42,DOMAIN_TEMPLATE_OOD,0.02,B0_STRUCT_XGB,0.8530669808387757,0.01990632318501171,0.023732470334412083,44,1810,1078,776,0.5814455231930961,T0_E2E,0.5962568521499635,0.01990632318501171,0.0296655879180151,0.05,2586,130,0.03505933117583603,130,0,1.0,130,0.16752577319587628,0.651564185544768,7.011866235167197,100,0.7692307692307693,0.6353829557713053,30,0.23076923076923073,1.6181229773462702
42,DOMAIN_TEMPLATE_OOD,0.02,B0_STRUCT_XGB,0.8530669808387757,0.01990632318501171,0.023732470334412083,44,1810,1078,776,0.5814455231930961,DAPT_E2E,0.7512834072113038,0.01990632318501171,0.02535059331175836,0.05,2586,130,0.03505933117583603,130,0,1.0,130,0.16752577319587628,0.651564185544768,7.011866235167197,100,0.7692307692307693,0.6353829557713053,30,0.23076923076923073,1.6181229773462702
42,DOMAIN_TEMPLATE_OOD,0.02,B0_STRUCT_XGB,0.8530669808387757,0.01990632318501171,0.023732470334412083,44,1810,1078,776,0.5814455231930961,BASE_EMB_MLP,0.9347304105758668,0.01990632318501171,0.024271844660194174,0.05,2586,130,0.03505933117583603,111,19,0.8538461538461538,111,0.14304123711340205,0.6413160733549083,5.98705501618122,100,0.7692307692307693,0.6353829557713053,11,0.08461538461538454,0.5933117583602932
42,DOMAIN_TEMPLATE_OOD,0.02,B0_STRUCT_XGB,0.8530669808387757,0.01990632318501171,0.023732470334412083,44,1810,1078,776,0.5814455231930961,DAPT_EMB_MLP,0.8286707997322084,0.01990632318501171,0.02319309600862999,0.05,2586,130,0.03505933117583603,112,18,0.8615384615384616,112,0.14432989690721648,0.6418554476806904,6.040992448759431,100,0.7692307692307693,0.6353829557713053,12,0.09230769230769231,0.6472491909385036
42,DOMAIN_TEMPLATE_OOD,0.02,B0_STRUCT_XGB,0.8530669808387757,0.01990632318501171,0.023732470334412083,44,1810,1078,776,0.5814455231930961,CONTRASTIVE_EMB_MLP,0.9657124280929567,0.01990632318501171,0.016720604099244876,0.05,2586,130,0.03505933117583603,118,12,0.9076923076923077,118,0.15206185567010308,0.645091693635383,6.364617044228693,100,0.7692307692307693,0.6353829557713053,18,0.1384615384615384,0.9708737864077666
42,DOMAIN_TEMPLATE_OOD,0.02,B0_STRUCT_XGB,0.8530669808387757,0.01990632318501171,0.023732470334412083,44,1810,1078,776,0.5814455231930961,B0_SELF,0.8530669808387757,0.01990632318501171,0.023732470334412083,0.1,2586,259,0.06984897518878101,201,58,0.7760617760617761,201,0.25902061855670105,0.6898597626752967,10.841423948220063,201,0.7760617760617761,0.6898597626752967,0,0.0,0.0
42,DOMAIN_TEMPLATE_OOD,0.02,B0_STRUCT_XGB,0.8530669808387757,0.01990632318501171,0.023732470334412083,44,1810,1078,776,0.5814455231930961,T0_E2E,0.5962568521499635,0.01990632318501171,0.0296655879180151,0.1,2586,259,0.06984897518878101,256,3,0.9884169884169884,256,0.32989690721649484,0.7195253505933118,13.807982740021574,201,0.7760617760617761,0.6898597626752967,55,0.21235521235521237,2.96655879180151
42,DOMAIN_TEMPLATE_OOD,0.02,B0_STRUCT_XGB,0.8530669808387757,0.01990632318501171,0.023732470334412083,44,1810,1078,776,0.5814455231930961,DAPT_E2E,0.7512834072113038,0.01990632318501171,0.02535059331175836,0.1,2586,259,0.06984897518878101,255,4,0.9845559845559846,255,0.3286082474226804,0.7189859762675297,13.754045307443363,201,0.7760617760617761,0.6898597626752967,54,0.20849420849420852,2.9126213592232997
42,DOMAIN_TEMPLATE_OOD,0.02,B0_STRUCT_XGB,0.8530669808387757,0.01990632318501171,0.023732470334412083,44,1810,1078,776,0.5814455231930961,BASE_EMB_MLP,0.9347304105758668,0.01990632318501171,0.024271844660194174,0.1,2586,259,0.06984897518878101,209,50,0.806949806949807,209,0.2693298969072165,0.6941747572815534,11.272923408845736,201,0.7760617760617761,0.6898597626752967,8,0.030888030888030937,0.4314994606256728
42,DOMAIN_TEMPLATE_OOD,0.02,B0_STRUCT_XGB,0.8530669808387757,0.01990632318501171,0.023732470334412083,44,1810,1078,776,0.5814455231930961,DAPT_EMB_MLP,0.8286707997322084,0.01990632318501171,0.02319309600862999,0.1,2586,259,0.06984897518878101,214,45,0.8262548262548263,214,0.2757731958762887,0.6968716289104638,11.542610571736777,201,0.7760617760617761,0.6898597626752967,13,0.050193050193050204,0.7011866235167141
42,DOMAIN_TEMPLATE_OOD,0.02,B0_STRUCT_XGB,0.8530669808387757,0.01990632318501171,0.023732470334412083,44,1810,1078,776,0.5814455231930961,CONTRASTIVE_EMB_MLP,0.9657124280929567,0.01990632318501171,0.016720604099244876,0.1,2586,259,0.06984897518878101,219,40,0.8455598455598455,219,0.2822164948453608,0.6995685005393744,11.81229773462783,201,0.7760617760617761,0.6898597626752967,18,0.06949806949806947,0.9708737864077666
42,DOMAIN_TEMPLATE_OOD,0.02,B0_STRUCT_XGB,0.8530669808387757,0.01990632318501171,0.023732470334412083,44,1810,1078,776,0.5814455231930961,B0_SELF,0.8530669808387757,0.01990632318501171,0.023732470334412083,0.2,2586,518,0.13969795037756202,375,143,0.7239382239382239,375,0.4832474226804124,0.7837108953613808,20.226537216828476,375,0.7239382239382239,0.7837108953613808,0,0.0,0.0
42,DOMAIN_TEMPLATE_OOD,0.02,B0_STRUCT_XGB,0.8530669808387757,0.01990632318501171,0.023732470334412083,44,1810,1078,776,0.5814455231930961,T0_E2E,0.5962568521499635,0.01990632318501171,0.0296655879180151,0.2,2586,518,0.13969795037756202,456,62,0.8803088803088803,456,0.5876288659793815,0.8274002157497303,24.595469255663428,375,0.7239382239382239,0.7837108953613808,81,0.1563706563706564,4.3689320388349495
42,DOMAIN_TEMPLATE_OOD,0.02,B0_STRUCT_XGB,0.8530669808387757,0.01990632318501171,0.023732470334412083,44,1810,1078,776,0.5814455231930961,DAPT_E2E,0.7512834072113038,0.01990632318501171,0.02535059331175836,0.2,2586,518,0.13969795037756202,473,45,0.9131274131274131,473,0.6095360824742269,0.8365695792880259,25.512405609492983,375,0.7239382239382239,0.7837108953613808,98,0.18918918918918914,5.285868392664506
42,DOMAIN_TEMPLATE_OOD,0.02,B0_STRUCT_XGB,0.8530669808387757,0.01990632318501171,0.023732470334412083,44,1810,1078,776,0.5814455231930961,BASE_EMB_MLP,0.9347304105758668,0.01990632318501171,0.024271844660194174,0.2,2586,518,0.13969795037756202,390,128,0.752895752895753,390,0.5025773195876289,0.7918015102481122,21.035598705501613,375,0.7239382239382239,0.7837108953613808,15,0.02895752895752901,0.8090614886731351
42,DOMAIN_TEMPLATE_OOD,0.02,B0_STRUCT_XGB,0.8530669808387757,0.01990632318501171,0.023732470334412083,44,1810,1078,776,0.5814455231930961,DAPT_EMB_MLP,0.8286707997322084,0.01990632318501171,0.02319309600862999,0.2,2586,518,0.13969795037756202,384,134,0.7413127413127413,384,0.4948453608247423,0.7885652642934197,20.71197411003236,375,0.7239382239382239,0.7837108953613808,9,0.01737451737451734,0.4854368932038833
42,DOMAIN_TEMPLATE_OOD,0.02,B0_STRUCT_XGB,0.8530669808387757,0.01990632318501171,0.023732470334412083,44,1810,1078,776,0.5814455231930961,CONTRASTIVE_EMB_MLP,0.9657124280929567,0.01990632318501171,0.016720604099244876,0.2,2586,518,0.13969795037756202,383,135,0.7393822393822393,383,0.49355670103092786,0.7880258899676376,20.65803667745415,375,0.7239382239382239,0.7837108953613808,8,0.015444015444015413,0.4314994606256728
52,IID_ORIGINAL,0.005,B0_STRUCT_XGB,0.9834477901458741,0.00468384074941452,0.0055193176116407425,11,1982,470,588,0.444234404536862,B0_SELF,0.9834477901458741,0.00468384074941452,0.0055193176116407425,0.05,2570,129,0.04228121927236971,113,16,0.875968992248062,113,0.1921768707482993,0.5510396975425331,10.680529300567109,113,0.875968992248062,0.5510396975425331,0,0.0,0.0
52,IID_ORIGINAL,0.005,B0_STRUCT_XGB,0.9834477901458741,0.00468384074941452,0.0055193176116407425,11,1982,470,588,0.444234404536862,T0_E2E,0.9994705319404603,0.00468384074941452,0.008529854490717512,0.05,2570,129,0.04228121927236971,123,6,0.9534883720930233,123,0.20918367346938777,0.5604914933837429,11.625708884688091,113,0.875968992248062,0.5510396975425331,10,0.07751937984496127,0.9451795841209809
52,IID_ORIGINAL,0.005,B0_STRUCT_XGB,0.9834477901458741,0.00468384074941452,0.0055193176116407425,11,1982,470,588,0.444234404536862,DAPT_E2E,0.9994407296180726,0.00468384074941452,0.009031610637230306,0.05,2570,129,0.04228121927236971,121,8,0.937984496124031,121,0.20578231292517007,0.558601134215501,11.436672967863892,113,0.875968992248062,0.5510396975425331,8,0.06201550387596899,0.7561436672967825
52,IID_ORIGINAL,0.005,B0_STRUCT_XGB,0.9834477901458741,0.00468384074941452,0.0055193176116407425,11,1982,470,588,0.444234404536862,BASE_EMB_MLP,0.999423384666443,0.00468384074941452,0.006021073758153537,0.05,2570,129,0.04228121927236971,111,18,0.8604651162790697,111,0.18877551020408162,0.5491493383742911,10.491493383742911,113,0.875968992248062,0.5510396975425331,-2,-0.015503875968992276,-0.1890359168241984
52,IID_ORIGINAL,0.005,B0_STRUCT_XGB,0.9834477901458741,0.00468384074941452,0.0055193176116407425,11,1982,470,588,0.444234404536862,DAPT_EMB_MLP,0.9975656270980836,0.00468384074941452,0.009533366783743101,0.05,2570,129,0.04228121927236971,107,22,0.8294573643410853,107,0.18197278911564627,0.5453686200378072,10.113421550094515,113,0.875968992248062,0.5510396975425331,-6,-0.046511627906976716,-0.5671077504725952
52,IID_ORIGINAL,0.005,B0_STRUCT_XGB,0.9834477901458741,0.00468384074941452,0.0055193176116407425,11,1982,470,588,0.444234404536862,CONTRASTIVE_EMB_MLP,0.9908658862113954,0.00468384074941452,0.009031610637230306,0.05,2570,129,0.04228121927236971,98,31,0.7596899224806202,98,0.16666666666666666,0.5368620037807184,9.262759924385634,113,0.875968992248062,0.5510396975425331,-15,-0.11627906976744184,-1.417769376181477
52,IID_ORIGINAL,0.005,B0_STRUCT_XGB,0.9834477901458741,0.00468384074941452,0.0055193176116407425,11,1982,470,588,0.444234404536862,B0_SELF,0.9834477901458741,0.00468384074941452,0.0055193176116407425,0.1,2570,257,0.08423467715503113,204,53,0.7937743190661478,204,0.3469387755102041,0.6370510396975425,19.281663516068047,204,0.7937743190661478,0.6370510396975425,0,0.0,0.0
52,IID_ORIGINAL,0.005,B0_STRUCT_XGB,0.9834477901458741,0.00468384074941452,0.0055193176116407425,11,1982,470,588,0.444234404536862,T0_E2E,0.9994705319404603,0.00468384074941452,0.008529854490717512,0.1,2570,257,0.08423467715503113,220,37,0.8560311284046692,220,0.3741496598639456,0.6521739130434783,20.793950850661624,204,0.7937743190661478,0.6370510396975425,16,0.0622568093385214,1.5122873345935761
52,IID_ORIGINAL,0.005,B0_STRUCT_XGB,0.9834477901458741,0.00468384074941452,0.0055193176116407425,11,1982,470,588,0.444234404536862,DAPT_E2E,0.9994407296180726,0.00468384074941452,0.009031610637230306,0.1,2570,257,0.08423467715503113,224,33,0.8715953307392996,224,0.38095238095238093,0.6559546313799622,21.172022684310022,204,0.7937743190661478,0.6370510396975425,20,0.07782101167315181,1.890359168241973
52,IID_ORIGINAL,0.005,B0_STRUCT_XGB,0.9834477901458741,0.00468384074941452,0.0055193176116407425,11,1982,470,588,0.444234404536862,BASE_EMB_MLP,0.999423384666443,0.00468384074941452,0.006021073758153537,0.1,2570,257,0.08423467715503113,199,58,0.77431906614786,199,0.33843537414965985,0.6323251417769377,18.809073724007565,204,0.7937743190661478,0.6370510396975425,-5,-0.01945525291828787,-0.4725897920604849
52,IID_ORIGINAL,0.005,B0_STRUCT_XGB,0.9834477901458741,0.00468384074941452,0.0055193176116407425,11,1982,470,588,0.444234404536862,DAPT_EMB_MLP,0.9975656270980836,0.00468384074941452,0.009533366783743101,0.1,2570,257,0.08423467715503113,189,68,0.7354085603112841,189,0.32142857142857145,0.6228733459357277,17.863894139886572,204,0.7937743190661478,0.6370510396975425,-15,-0.05836575875486372,-1.417769376181477
52,IID_ORIGINAL,0.005,B0_STRUCT_XGB,0.9834477901458741,0.00468384074941452,0.0055193176116407425,11,1982,470,588,0.444234404536862,CONTRASTIVE_EMB_MLP,0.9908658862113954,0.00468384074941452,0.009031610637230306,0.1,2570,257,0.08423467715503113,170,87,0.6614785992217899,170,0.2891156462585034,0.6049149338374291,16.06805293005671,204,0.7937743190661478,0.6370510396975425,-34,-0.13229571984435795,-3.2136105860113395
52,IID_ORIGINAL,0.005,B0_STRUCT_XGB,0.9834477901458741,0.00468384074941452,0.0055193176116407425,11,1982,470,588,0.444234404536862,B0_SELF,0.9834477901458741,0.00468384074941452,0.0055193176116407425,0.2,2570,514,0.16846935431006227,317,197,0.6167315175097277,317,0.5391156462585034,0.7438563327032136,29.96219281663516,317,0.6167315175097277,0.7438563327032136,0,0.0,0.0
52,IID_ORIGINAL,0.005,B0_STRUCT_XGB,0.9834477901458741,0.00468384074941452,0.0055193176116407425,11,1982,470,588,0.444234404536862,T0_E2E,0.9994705319404603,0.00468384074941452,0.008529854490717512,0.2,2570,514,0.16846935431006227,363,151,0.7062256809338522,363,0.6173469387755102,0.7873345935727788,34.310018903591676,317,0.6167315175097277,0.7438563327032136,46,0.08949416342412453,4.347826086956519
52,IID_ORIGINAL,0.005,B0_STRUCT_XGB,0.9834477901458741,0.00468384074941452,0.0055193176116407425,11,1982,470,588,0.444234404536862,DAPT_E2E,0.9994407296180726,0.00468384074941452,0.009031610637230306,0.2,2570,514,0.16846935431006227,363,151,0.7062256809338522,363,0.6173469387755102,0.7873345935727788,34.310018903591676,317,0.6167315175097277,0.7438563327032136,46,0.08949416342412453,4.347826086956519
52,IID_ORIGINAL,0.005,B0_STRUCT_XGB,0.9834477901458741,0.00468384074941452,0.0055193176116407425,11,1982,470,588,0.444234404536862,BASE_EMB_MLP,0.999423384666443,0.00468384074941452,0.006021073758153537,0.2,2570,514,0.16846935431006227,317,197,0.6167315175097277,317,0.5391156462585034,0.7438563327032136,29.96219281663516,317,0.6167315175097277,0.7438563327032136,0,0.0,0.0
52,IID_ORIGINAL,0.005,B0_STRUCT_XGB,0.9834477901458741,0.00468384074941452,0.0055193176116407425,11,1982,470,588,0.444234404536862,DAPT_EMB_MLP,0.9975656270980836,0.00468384074941452,0.009533366783743101,0.2,2570,514,0.16846935431006227,317,197,0.6167315175097277,317,0.5391156462585034,0.7438563327032136,29.96219281663516,317,0.6167315175097277,0.7438563327032136,0,0.0,0.0
52,IID_ORIGINAL,0.005,B0_STRUCT_XGB,0.9834477901458741,0.00468384074941452,0.0055193176116407425,11,1982,470,588,0.444234404536862,CONTRASTIVE_EMB_MLP,0.9908658862113954,0.00468384074941452,0.009031610637230306,0.2,2570,514,0.16846935431006227,305,209,0.5933852140077821,305,0.5187074829931972,0.7325141776937618,28.827977315689978,317,0.6167315175097277,0.7438563327032136,-12,-0.023346303501945553,-1.1342155009451793
52,IID_BALANCED,0.005,B0_STRUCT_XGB,0.9834477901458741,0.00468384074941452,0.006616257088846881,7,1051,470,588,0.444234404536862,B0_SELF,0.9834477901458741,0.00468384074941452,0.006616257088846881,0.05,1639,82,0.038752362948960305,76,6,0.926829268292683,76,0.1292517006802721,0.5160680529300568,7.183364839319473,76,0.926829268292683,0.5160680529300568,0,0.0,0.0
52,IID_BALANCED,0.005,B0_STRUCT_XGB,0.9834477901458741,0.00468384074941452,0.006616257088846881,7,1051,470,588,0.444234404536862,T0_E2E,0.9994705319404603,0.00468384074941452,0.012287334593572778,0.05,1639,82,0.038752362948960305,80,2,0.975609756097561,80,0.1360544217687075,0.5198487712665406,7.561436672967858,76,0.926829268292683,0.5160680529300568,4,0.04878048780487798,0.3780718336483857
52,IID_BALANCED,0.005,B0_STRUCT_XGB,0.9834477901458741,0.00468384074941452,0.006616257088846881,7,1051,470,588,0.444234404536862,DAPT_E2E,0.9994407296180726,0.00468384074941452,0.010396975425330813,0.05,1639,82,0.038752362948960305,80,2,0.975609756097561,80,0.1360544217687075,0.5198487712665406,7.561436672967858,76,0.926829268292683,0.5160680529300568,4,0.04878048780487798,0.3780718336483857
52,IID_BALANCED,0.005,B0_STRUCT_XGB,0.9834477901458741,0.00468384074941452,0.006616257088846881,7,1051,470,588,0.444234404536862,BASE_EMB_MLP,0.999423384666443,0.00468384074941452,0.005671077504725898,0.05,1639,82,0.038752362948960305,78,4,0.9512195121951219,78,0.1326530612244898,0.5179584120982986,7.37240075614366,76,0.926829268292683,0.5160680529300568,2,0.024390243902438935,0.1890359168241873
52,IID_BALANCED,0.005,B0_STRUCT_XGB,0.9834477901458741,0.00468384074941452,0.006616257088846881,7,1051,470,588,0.444234404536862,DAPT_EMB_MLP,0.9975656270980836,0.00468384074941452,0.011342155009451797,0.05,1639,82,0.038752362948960305,80,2,0.975609756097561,80,0.1360544217687075,0.5198487712665406,7.561436672967858,76,0.926829268292683,0.5160680529300568,4,0.04878048780487798,0.3780718336483857
52,IID_BALANCED,0.005,B0_STRUCT_XGB,0.9834477901458741,0.00468384074941452,0.006616257088846881,7,1051,470,588,0.444234404536862,CONTRASTIVE_EMB_MLP,0.9908658862113954,0.00468384074941452,0.011342155009451797,0.05,1639,82,0.038752362948960305,70,12,0.8536585365853658,70,0.11904761904761904,0.5103969754253308,6.6162570888468775,76,0.926829268292683,0.5160680529300568,-6,-0.07317073170731714,-0.5671077504725952
52,IID_BALANCED,0.005,B0_STRUCT_XGB,0.9834477901458741,0.00468384074941452,0.006616257088846881,7,1051,470,588,0.444234404536862,B0_SELF,0.9834477901458741,0.00468384074941452,0.006616257088846881,0.1,1639,164,0.07750472589792061,150,14,0.9146341463414634,150,0.25510204081632654,0.5860113421550095,14.177693761814748,150,0.9146341463414634,0.5860113421550095,0,0.0,0.0
52,IID_BALANCED,0.005,B0_STRUCT_XGB,0.9834477901458741,0.00468384074941452,0.006616257088846881,7,1051,470,588,0.444234404536862,T0_E2E,0.9994705319404603,0.00468384074941452,0.012287334593572778,0.1,1639,164,0.07750472589792061,153,11,0.9329268292682927,153,0.2602040816326531,0.5888468809073724,14.461247637051034,150,0.9146341463414634,0.5860113421550095,3,0.018292682926829285,0.2835538752362865
52,IID_BALANCED,0.005,B0_STRUCT_XGB,0.9834477901458741,0.00468384074941452,0.006616257088846881,7,1051,470,588,0.444234404536862,DAPT_E2E,0.9994407296180726,0.00468384074941452,0.010396975425330813,0.1,1639,164,0.07750472589792061,155,9,0.9451219512195121,155,0.26360544217687076,0.5907372400756143,14.650283553875232,150,0.9146341463414634,0.5860113421550095,5,0.030487804878048697,0.4725897920604849
52,IID_BALANCED,0.005,B0_STRUCT_XGB,0.9834477901458741,0.00468384074941452,0.006616257088846881,7,1051,470,588,0.444234404536862,BASE_EMB_MLP,0.999423384666443,0.00468384074941452,0.005671077504725898,0.1,1639,164,0.07750472589792061,144,20,0.8780487804878049,144,0.24489795918367346,0.5803402646502835,13.610586011342152,150,0.9146341463414634,0.5860113421550095,-6,-0.03658536585365857,-0.5671077504725952
52,IID_BALANCED,0.005,B0_STRUCT_XGB,0.9834477901458741,0.00468384074941452,0.006616257088846881,7,1051,470,588,0.444234404536862,DAPT_EMB_MLP,0.9975656270980836,0.00468384074941452,0.011342155009451797,0.1,1639,164,0.07750472589792061,146,18,0.8902439024390244,146,0.24829931972789115,0.5822306238185255,13.79962192816635,150,0.9146341463414634,0.5860113421550095,-4,-0.024390243902439046,-0.3780718336483968
52,IID_BALANCED,0.005,B0_STRUCT_XGB,0.9834477901458741,0.00468384074941452,0.006616257088846881,7,1051,470,588,0.444234404536862,CONTRASTIVE_EMB_MLP,0.9908658862113954,0.00468384074941452,0.011342155009451797,0.1,1639,164,0.07750472589792061,133,31,0.8109756097560976,133,0.2261904761904762,0.5699432892249527,12.570888468809072,150,0.9146341463414634,0.5860113421550095,-17,-0.10365853658536583,-1.6068052930056753
52,IID_BALANCED,0.005,B0_STRUCT_XGB,0.9834477901458741,0.00468384074941452,0.006616257088846881,7,1051,470,588,0.444234404536862,B0_SELF,0.9834477901458741,0.00468384074941452,0.006616257088846881,0.2,1639,328,0.15500945179584122,271,57,0.8262195121951219,271,0.4608843537414966,0.7003780718336484,25.61436672967864,271,0.8262195121951219,0.7003780718336484,0,0.0,0.0
52,IID_BALANCED,0.005,B0_STRUCT_XGB,0.9834477901458741,0.00468384074941452,0.006616257088846881,7,1051,470,588,0.444234404536862,T0_E2E,0.9994705319404603,0.00468384074941452,0.012287334593572778,0.2,1639,328,0.15500945179584122,296,32,0.9024390243902439,296,0.5034013605442177,0.724007561436673,27.977315689981097,271,0.8262195121951219,0.7003780718336484,25,0.07621951219512202,2.362948960302458
52,IID_BALANCED,0.005,B0_STRUCT_XGB,0.9834477901458741,0.00468384074941452,0.006616257088846881,7,1051,470,588,0.444234404536862,DAPT_E2E,0.9994407296180726,0.00468384074941452,0.010396975425330813,0.2,1639,328,0.15500945179584122,301,27,0.9176829268292683,301,0.5119047619047619,0.7287334593572778,28.449905482041583,271,0.8262195121951219,0.7003780718336484,30,0.09146341463414642,2.8355387523629427
52,IID_BALANCED,0.005,B0_STRUCT_XGB,0.9834477901458741,0.00468384074941452,0.006616257088846881,7,1051,470,588,0.444234404536862,BASE_EMB_MLP,0.999423384666443,0.00468384074941452,0.005671077504725898,0.2,1639,328,0.15500945179584122,262,66,0.7987804878048781,262,0.445578231292517,0.6918714555765595,24.763705103969748,271,0.8262195121951219,0.7003780718336484,-9,-0.027439024390243816,-0.8506616257088928
52,IID_BALANCED,0.005,B0_STRUCT_XGB,0.9834477901458741,0.00468384074941452,0.006616257088846881,7,1051,470,588,0.444234404536862,DAPT_EMB_MLP,0.9975656270980836,0.00468384074941452,0.011342155009451797,0.2,1639,328,0.15500945179584122,251,77,0.7652439024390244,251,0.4268707482993197,0.6814744801512287,23.724007561436665,271,0.8262195121951219,0.7003780718336484,-20,-0.060975609756097504,-1.890359168241973
52,IID_BALANCED,0.005,B0_STRUCT_XGB,0.9834477901458741,0.00468384074941452,0.006616257088846881,7,1051,470,588,0.444234404536862,CONTRASTIVE_EMB_MLP,0.9908658862113954,0.00468384074941452,0.011342155009451797,0.2,1639,328,0.15500945179584122,248,80,0.7560975609756098,248,0.4217687074829932,0.6786389413988658,23.440453686200378,271,0.8262195121951219,0.7003780718336484,-23,-0.07012195121951215,-2.1739130434782594
52,TEMPORAL,0.005,B0_STRUCT_XGB,0.9834477901458741,0.00468384074941452,0.00425,17,3983,2070,1930,0.5175,B0_SELF,0.9834477901458741,0.00468384074941452,0.00425,0.05,5913,296,0.037,278,18,0.9391891891891891,278,0.14404145077720207,0.587,6.950000000000001,278,0.9391891891891891,0.587,0,0.0,0.0
52,TEMPORAL,0.005,B0_STRUCT_XGB,0.9834477901458741,0.00468384074941452,0.00425,17,3983,2070,1930,0.5175,T0_E2E,0.9994705319404603,0.00468384074941452,0.00625,0.05,5913,296,0.037,293,3,0.9898648648648649,293,0.15181347150259067,0.59075,7.325000000000004,278,0.9391891891891891,0.587,15,0.05067567567567577,0.3750000000000031
52,TEMPORAL,0.005,B0_STRUCT_XGB,0.9834477901458741,0.00468384074941452,0.00425,17,3983,2070,1930,0.5175,DAPT_E2E,0.9994407296180726,0.00468384074941452,0.0085,0.05,5913,296,0.037,290,6,0.9797297297297297,290,0.15025906735751296,0.59,7.250000000000001,278,0.9391891891891891,0.587,12,0.04054054054054057,0.30000000000000027
52,TEMPORAL,0.005,B0_STRUCT_XGB,0.9834477901458741,0.00468384074941452,0.00425,17,3983,2070,1930,0.5175,BASE_EMB_MLP,0.999423384666443,0.00468384074941452,0.00525,0.05,5913,296,0.037,267,29,0.902027027027027,267,0.1383419689119171,0.58425,6.675000000000009,278,0.9391891891891891,0.587,-11,-0.03716216216216217,-0.2749999999999919
52,TEMPORAL,0.005,B0_STRUCT_XGB,0.9834477901458741,0.00468384074941452,0.00425,17,3983,2070,1930,0.5175,DAPT_EMB_MLP,0.9975656270980836,0.00468384074941452,0.007,0.05,5913,296,0.037,266,30,0.8986486486486487,266,0.1378238341968912,0.584,6.65,278,0.9391891891891891,0.587,-12,-0.04054054054054046,-0.30000000000000027
52,TEMPORAL,0.005,B0_STRUCT_XGB,0.9834477901458741,0.00468384074941452,0.00425,17,3983,2070,1930,0.5175,CONTRASTIVE_EMB_MLP,0.9908658862113954,0.00468384074941452,0.0075,0.05,5913,296,0.037,279,17,0.9425675675675675,279,0.14455958549222797,0.58725,6.9750000000000085,278,0.9391891891891891,0.587,1,0.0033783783783783994,0.02500000000000835
52,TEMPORAL,0.005,B0_STRUCT_XGB,0.9834477901458741,0.00468384074941452,0.00425,17,3983,2070,1930,0.5175,B0_SELF,0.9834477901458741,0.00468384074941452,0.00425,0.1,5913,592,0.074,541,51,0.9138513513513513,541,0.28031088082901556,0.65275,13.52500000000001,541,0.9138513513513513,0.65275,0,0.0,0.0
52,TEMPORAL,0.005,B0_STRUCT_XGB,0.9834477901458741,0.00468384074941452,0.00425,17,3983,2070,1930,0.5175,T0_E2E,0.9994705319404603,0.00468384074941452,0.00625,0.1,5913,592,0.074,549,43,0.9273648648648649,549,0.2844559585492228,0.65475,13.725000000000009,541,0.9138513513513513,0.65275,8,0.013513513513513598,0.20000000000000018
52,TEMPORAL,0.005,B0_STRUCT_XGB,0.9834477901458741,0.00468384074941452,0.00425,17,3983,2070,1930,0.5175,DAPT_E2E,0.9994407296180726,0.00468384074941452,0.0085,0.1,5913,592,0.074,566,26,0.956081081081081,566,0.2932642487046632,0.659,14.150000000000007,541,0.9138513513513513,0.65275,25,0.042229729729729715,0.6249999999999978
52,TEMPORAL,0.005,B0_STRUCT_XGB,0.9834477901458741,0.00468384074941452,0.00425,17,3983,2070,1930,0.5175,BASE_EMB_MLP,0.999423384666443,0.00468384074941452,0.00525,0.1,5913,592,0.074,533,59,0.9003378378378378,533,0.2761658031088083,0.65075,13.32500000000001,541,0.9138513513513513,0.65275,-8,-0.013513513513513487,-0.20000000000000018
52,TEMPORAL,0.005,B0_STRUCT_XGB,0.9834477901458741,0.00468384074941452,0.00425,17,3983,2070,1930,0.5175,DAPT_EMB_MLP,0.9975656270980836,0.00468384074941452,0.007,0.1,5913,592,0.074,533,59,0.9003378378378378,533,0.2761658031088083,0.65075,13.32500000000001,541,0.9138513513513513,0.65275,-8,-0.013513513513513487,-0.20000000000000018
52,TEMPORAL,0.005,B0_STRUCT_XGB,0.9834477901458741,0.00468384074941452,0.00425,17,3983,2070,1930,0.5175,CONTRASTIVE_EMB_MLP,0.9908658862113954,0.00468384074941452,0.0075,0.1,5913,592,0.074,522,70,0.8817567567567568,522,0.2704663212435233,0.648,13.050000000000006,541,0.9138513513513513,0.65275,-19,-0.03209459459459452,-0.4750000000000032
52,TEMPORAL,0.005,B0_STRUCT_XGB,0.9834477901458741,0.00468384074941452,0.00425,17,3983,2070,1930,0.5175,B0_SELF,0.9834477901458741,0.00468384074941452,0.00425,0.2,5913,1183,0.147875,998,185,0.8436179205409975,998,0.5170984455958549,0.767,24.950000000000006,998,0.8436179205409975,0.767,0,0.0,0.0
52,TEMPORAL,0.005,B0_STRUCT_XGB,0.9834477901458741,0.00468384074941452,0.00425,17,3983,2070,1930,0.5175,T0_E2E,0.9994705319404603,0.00468384074941452,0.00625,0.2,5913,1183,0.147875,1067,116,0.9019442096365173,1067,0.5528497409326425,0.78425,26.675000000000004,998,0.8436179205409975,0.767,69,0.058326289095519845,1.7249999999999988
52,TEMPORAL,0.005,B0_STRUCT_XGB,0.9834477901458741,0.00468384074941452,0.00425,17,3983,2070,1930,0.5175,DAPT_E2E,0.9994407296180726,0.00468384074941452,0.0085,0.2,5913,1183,0.147875,1083,100,0.915469146238377,1083,0.561139896373057,0.78825,27.075000000000003,998,0.8436179205409975,0.767,85,0.07185122569737956,2.124999999999999
52,TEMPORAL,0.005,B0_STRUCT_XGB,0.9834477901458741,0.00468384074941452,0.00425,17,3983,2070,1930,0.5175,BASE_EMB_MLP,0.999423384666443,0.00468384074941452,0.00525,0.2,5913,1183,0.147875,992,191,0.8385460693153001,992,0.5139896373056995,0.7655,24.8,998,0.8436179205409975,0.767,-6,-0.005071851225697421,-0.15000000000000568
52,TEMPORAL,0.005,B0_STRUCT_XGB,0.9834477901458741,0.00468384074941452,0.00425,17,3983,2070,1930,0.5175,DAPT_EMB_MLP,0.9975656270980836,0.00468384074941452,0.007,0.2,5913,1183,0.147875,953,230,0.8055790363482671,953,0.4937823834196891,0.75575,23.825000000000006,998,0.8436179205409975,0.767,-45,-0.03803888419273038,-1.1249999999999982
52,TEMPORAL,0.005,B0_STRUCT_XGB,0.9834477901458741,0.00468384074941452,0.00425,17,3983,2070,1930,0.5175,CONTRASTIVE_EMB_MLP,0.9908658862113954,0.00468384074941452,0.0075,0.2,5913,1183,0.147875,890,293,0.7523245984784447,890,0.46113989637305697,0.74,22.250000000000004,998,0.8436179205409975,0.767,-108,-0.0912933220625528,-2.7000000000000024
52,DOMAIN_OOD,0.005,B0_STRUCT_XGB,0.9834477901458741,0.00468384074941452,0.004665629860031105,9,1920,829,1100,0.4297563504406428,B0_SELF,0.9834477901458741,0.00468384074941452,0.004665629860031105,0.05,3020,151,0.03913945049248315,137,14,0.9072847682119205,137,0.12454545454545454,0.5007776049766719,7.102125453602909,137,0.9072847682119205,0.5007776049766719,0,0.0,0.0
52,DOMAIN_OOD,0.005,B0_STRUCT_XGB,0.9834477901458741,0.00468384074941452,0.004665629860031105,9,1920,829,1100,0.4297563504406428,T0_E2E,0.9994705319404603,0.00468384074941452,0.0036288232244686366,0.05,3020,151,0.03913945049248315,149,2,0.9867549668874173,149,0.13545454545454547,0.5069984447900466,7.7242094349403825,137,0.9072847682119205,0.5007776049766719,12,0.07947019867549676,0.6220839813374734
52,DOMAIN_OOD,0.005,B0_STRUCT_XGB,0.9834477901458741,0.00468384074941452,0.004665629860031105,9,1920,829,1100,0.4297563504406428,DAPT_E2E,0.9994407296180726,0.00468384074941452,0.00414722654224987,0.05,3020,151,0.03913945049248315,149,2,0.9867549668874173,149,0.13545454545454547,0.5069984447900466,7.7242094349403825,137,0.9072847682119205,0.5007776049766719,12,0.07947019867549676,0.6220839813374734
52,DOMAIN_OOD,0.005,B0_STRUCT_XGB,0.9834477901458741,0.00468384074941452,0.004665629860031105,9,1920,829,1100,0.4297563504406428,BASE_EMB_MLP,0.999423384666443,0.00468384074941452,0.004665629860031105,0.05,3020,151,0.03913945049248315,138,13,0.9139072847682119,138,0.12545454545454546,0.5012960082944531,7.153965785381028,137,0.9072847682119205,0.5007776049766719,1,0.0066225165562914245,0.051840331778119086
52,DOMAIN_OOD,0.005,B0_STRUCT_XGB,0.9834477901458741,0.00468384074941452,0.004665629860031105,9,1920,829,1100,0.4297563504406428,DAPT_EMB_MLP,0.9975656270980836,0.00468384074941452,0.0036288232244686366,0.05,3020,151,0.03913945049248315,143,8,0.9470198675496688,143,0.13,0.5038880248833593,7.413167444271646,137,0.9072847682119205,0.5007776049766719,6,0.039735099337748325,0.3110419906687367
52,DOMAIN_OOD,0.005,B0_STRUCT_XGB,0.9834477901458741,0.00468384074941452,0.004665629860031105,9,1920,829,1100,0.4297563504406428,CONTRASTIVE_EMB_MLP,0.9908658862113954,0.00468384074941452,0.008812856402280975,0.05,3020,151,0.03913945049248315,141,10,0.9337748344370861,141,0.12818181818181817,0.5028512182477968,7.309486780715396,137,0.9072847682119205,0.5007776049766719,4,0.026490066225165587,0.20736132711248745
52,DOMAIN_OOD,0.005,B0_STRUCT_XGB,0.9834477901458741,0.00468384074941452,0.004665629860031105,9,1920,829,1100,0.4297563504406428,B0_SELF,0.9834477901458741,0.00468384074941452,0.004665629860031105,0.1,3020,302,0.0782789009849663,268,34,0.8874172185430463,268,0.24363636363636362,0.5686884396060135,13.893208916537064,268,0.8874172185430463,0.5686884396060135,0,0.0,0.0
52,DOMAIN_OOD,0.005,B0_STRUCT_XGB,0.9834477901458741,0.00468384074941452,0.004665629860031105,9,1920,829,1100,0.4297563504406428,T0_E2E,0.9994705319404603,0.00468384074941452,0.0036288232244686366,0.1,3020,302,0.0782789009849663,289,13,0.956953642384106,289,0.26272727272727275,0.5795749092794193,14.981855883877653,268,0.8874172185430463,0.5686884396060135,21,0.06953642384105962,1.0886469673405896
52,DOMAIN_OOD,0.005,B0_STRUCT_XGB,0.9834477901458741,0.00468384074941452,0.004665629860031105,9,1920,829,1100,0.4297563504406428,DAPT_E2E,0.9994407296180726,0.00468384074941452,0.00414722654224987,0.1,3020,302,0.0782789009849663,295,7,0.9768211920529801,295,0.2681818181818182,0.5826853291861068,15.292897874546401,268,0.8874172185430463,0.5686884396060135,27,0.08940397350993379,1.3996889580093375
52,DOMAIN_OOD,0.005,B0_STRUCT_XGB,0.9834477901458741,0.00468384074941452,0.004665629860031105,9,1920,829,1100,0.4297563504406428,BASE_EMB_MLP,0.999423384666443,0.00468384074941452,0.004665629860031105,0.1,3020,302,0.0782789009849663,275,27,0.9105960264900662,275,0.25,0.5723172628304821,14.256091238983931,268,0.8874172185430463,0.5686884396060135,7,0.023178807947019875,0.3628823224468669
52,DOMAIN_OOD,0.005,B0_STRUCT_XGB,0.9834477901458741,0.00468384074941452,0.004665629860031105,9,1920,829,1100,0.4297563504406428,DAPT_EMB_MLP,0.9975656270980836,0.00468384074941452,0.0036288232244686366,0.1,3020,302,0.0782789009849663,276,26,0.9139072847682119,276,0.2509090909090909,0.5728356661482633,14.307931570762051,268,0.8874172185430463,0.5686884396060135,8,0.026490066225165587,0.414722654224986
52,DOMAIN_OOD,0.005,B0_STRUCT_XGB,0.9834477901458741,0.00468384074941452,0.004665629860031105,9,1920,829,1100,0.4297563504406428,CONTRASTIVE_EMB_MLP,0.9908658862113954,0.00468384074941452,0.008812856402280975,0.1,3020,302,0.0782789009849663,268,34,0.8874172185430463,268,0.24363636363636362,0.5686884396060135,13.893208916537064,268,0.8874172185430463,0.5686884396060135,0,0.0,0.0
52,DOMAIN_OOD,0.005,B0_STRUCT_XGB,0.9834477901458741,0.00468384074941452,0.004665629860031105,9,1920,829,1100,0.4297563504406428,B0_SELF,0.9834477901458741,0.00468384074941452,0.004665629860031105,0.2,3020,604,0.1565578019699326,501,103,0.8294701986754967,501,0.45545454545454545,0.6894764126490409,25.97200622083981,501,0.8294701986754967,0.6894764126490409,0,0.0,0.0
52,DOMAIN_OOD,0.005,B0_STRUCT_XGB,0.9834477901458741,0.00468384074941452,0.004665629860031105,9,1920,829,1100,0.4297563504406428,T0_E2E,0.9994705319404603,0.00468384074941452,0.0036288232244686366,0.2,3020,604,0.1565578019699326,560,44,0.9271523178807947,560,0.509090909090909,0.7200622083981337,29.030585795749094,501,0.8294701986754967,0.6894764126490409,59,0.09768211920529801,3.0585795749092815
52,DOMAIN_OOD,0.005,B0_STRUCT_XGB,0.9834477901458741,0.00468384074941452,0.004665629860031105,9,1920,829,1100,0.4297563504406428,DAPT_E2E,0.9994407296180726,0.00468384074941452,0.00414722654224987,0.2,3020,604,0.1565578019699326,570,34,0.9437086092715232,570,0.5181818181818182,0.7252462415759461,29.54898911353033,501,0.8294701986754967,0.6894764126490409,69,0.11423841059602657,3.5769828926905167
52,DOMAIN_OOD,0.005,B0_STRUCT_XGB,0.9834477901458741,0.00468384074941452,0.004665629860031105,9,1920,829,1100,0.4297563504406428,BASE_EMB_MLP,0.999423384666443,0.00468384074941452,0.004665629860031105,0.2,3020,604,0.1565578019699326,513,91,0.8493377483443708,513,0.46636363636363637,0.6956972524624158,26.594090202177295,501,0.8294701986754967,0.6894764126490409,12,0.019867549668874163,0.6220839813374845
52,DOMAIN_OOD,0.005,B0_STRUCT_XGB,0.9834477901458741,0.00468384074941452,0.004665629860031105,9,1920,829,1100,0.4297563504406428,DAPT_EMB_MLP,0.9975656270980836,0.00468384074941452,0.0036288232244686366,0.2,3020,604,0.1565578019699326,498,106,0.8245033112582781,498,0.4527272727272727,0.6879212026956972,25.816485225505442,501,0.8294701986754967,0.6894764126490409,-3,-0.004966887417218513,-0.15552099533436836
52,DOMAIN_OOD,0.005,B0_STRUCT_XGB,0.9834477901458741,0.00468384074941452,0.004665629860031105,9,1920,829,1100,0.4297563504406428,CONTRASTIVE_EMB_MLP,0.9908658862113954,0.00468384074941452,0.008812856402280975,0.2,3020,604,0.1565578019699326,469,135,0.7764900662251656,469,0.4263636363636364,0.6728875064800415,24.313115603939867,501,0.8294701986754967,0.6894764126490409,-32,-0.05298013245033106,-1.658890616899944
52,TEMPLATE_OOD,0.005,B0_STRUCT_XGB,0.9834477901458741,0.00468384074941452,0.00468384074941452,16,3400,1701,1715,0.4979508196721312,B0_SELF,0.9834477901458741,0.00468384074941452,0.00468384074941452,0.05,5115,256,0.03747072599531616,237,19,0.92578125,237,0.13819241982507288,0.5673302107728337,6.937939110070257,237,0.92578125,0.5673302107728337,0,0.0,0.0
52,TEMPLATE_OOD,0.005,B0_STRUCT_XGB,0.9834477901458741,0.00468384074941452,0.00468384074941452,16,3400,1701,1715,0.4979508196721312,T0_E2E,0.9994705319404603,0.00468384074941452,0.0055620608899297425,0.05,5115,256,0.03747072599531616,253,3,0.98828125,253,0.14752186588921282,0.5720140515222483,7.4063231850117095,237,0.92578125,0.5673302107728337,16,0.0625,0.4683840749414525
52,TEMPLATE_OOD,0.005,B0_STRUCT_XGB,0.9834477901458741,0.00468384074941452,0.00468384074941452,16,3400,1701,1715,0.4979508196721312,DAPT_E2E,0.9994407296180726,0.00468384074941452,0.008489461358313818,0.05,5115,256,0.03747072599531616,250,6,0.9765625,250,0.1457725947521866,0.5711358313817331,7.3185011709601895,237,0.92578125,0.5673302107728337,13,0.05078125,0.38056206088993294
52,TEMPLATE_OOD,0.005,B0_STRUCT_XGB,0.9834477901458741,0.00468384074941452,0.00468384074941452,16,3400,1701,1715,0.4979508196721312,BASE_EMB_MLP,0.999423384666443,0.00468384074941452,0.00468384074941452,0.05,5115,256,0.03747072599531616,235,21,0.91796875,235,0.13702623906705538,0.5667447306791569,6.87939110070257,237,0.92578125,0.5673302107728337,-2,-0.0078125,-0.058548009367687115
52,TEMPLATE_OOD,0.005,B0_STRUCT_XGB,0.9834477901458741,0.00468384074941452,0.00468384074941452,16,3400,1701,1715,0.4979508196721312,DAPT_EMB_MLP,0.9975656270980836,0.00468384074941452,0.005269320843091335,0.05,5115,256,0.03747072599531616,238,18,0.9296875,238,0.13877551020408163,0.5676229508196722,6.9672131147541005,237,0.92578125,0.5673302107728337,1,0.00390625,0.029274004683843557
52,TEMPLATE_OOD,0.005,B0_STRUCT_XGB,0.9834477901458741,0.00468384074941452,0.00468384074941452,16,3400,1701,1715,0.4979508196721312,CONTRASTIVE_EMB_MLP,0.9908658862113954,0.00468384074941452,0.007318501170960188,0.05,5115,256,0.03747072599531616,241,15,0.94140625,241,0.14052478134110788,0.5685011709601874,7.055035128805621,237,0.92578125,0.5673302107728337,4,0.015625,0.11709601873536313
52,TEMPLATE_OOD,0.005,B0_STRUCT_XGB,0.9834477901458741,0.00468384074941452,0.00468384074941452,16,3400,1701,1715,0.4979508196721312,B0_SELF,0.9834477901458741,0.00468384074941452,0.00468384074941452,0.1,5115,512,0.07494145199063232,464,48,0.90625,464,0.2705539358600583,0.6337822014051522,13.5831381733021,464,0.90625,0.6337822014051522,0,0.0,0.0
52,TEMPLATE_OOD,0.005,B0_STRUCT_XGB,0.9834477901458741,0.00468384074941452,0.00468384074941452,16,3400,1701,1715,0.4979508196721312,T0_E2E,0.9994705319404603,0.00468384074941452,0.0055620608899297425,0.1,5115,512,0.07494145199063232,481,31,0.939453125,481,0.280466472303207,0.6387587822014051,14.080796252927396,464,0.90625,0.6337822014051522,17,0.033203125,0.49765807962529607
52,TEMPLATE_OOD,0.005,B0_STRUCT_XGB,0.9834477901458741,0.00468384074941452,0.00468384074941452,16,3400,1701,1715,0.4979508196721312,DAPT_E2E,0.9994407296180726,0.00468384074941452,0.008489461358313818,0.1,5115,512,0.07494145199063232,490,22,0.95703125,490,0.2857142857142857,0.6413934426229508,14.344262295081966,464,0.90625,0.6337822014051522,26,0.05078125,0.7611241217798659
52,TEMPLATE_OOD,0.005,B0_STRUCT_XGB,0.9834477901458741,0.00468384074941452,0.00468384074941452,16,3400,1701,1715,0.4979508196721312,BASE_EMB_MLP,0.999423384666443,0.00468384074941452,0.00468384074941452,0.1,5115,512,0.07494145199063232,466,46,0.91015625,466,0.2717201166180758,0.634367681498829,13.641686182669787,464,0.90625,0.6337822014051522,2,0.00390625,0.058548009367687115
52,TEMPLATE_OOD,0.005,B0_STRUCT_XGB,0.9834477901458741,0.00468384074941452,0.00468384074941452,16,3400,1701,1715,0.4979508196721312,DAPT_EMB_MLP,0.9975656270980836,0.00468384074941452,0.005269320843091335,0.1,5115,512,0.07494145199063232,465,47,0.908203125,465,0.27113702623906705,0.6340749414519906,13.612412177985945,464,0.90625,0.6337822014051522,1,0.001953125,0.029274004683843557
52,TEMPLATE_OOD,0.005,B0_STRUCT_XGB,0.9834477901458741,0.00468384074941452,0.00468384074941452,16,3400,1701,1715,0.4979508196721312,CONTRASTIVE_EMB_MLP,0.9908658862113954,0.00468384074941452,0.007318501170960188,0.1,5115,512,0.07494145199063232,454,58,0.88671875,454,0.26472303206997083,0.6308548009367682,13.290398126463698,464,0.90625,0.6337822014051522,-10,-0.01953125,-0.29274004683840227
52,TEMPLATE_OOD,0.005,B0_STRUCT_XGB,0.9834477901458741,0.00468384074941452,0.00468384074941452,16,3400,1701,1715,0.4979508196721312,B0_SELF,0.9834477901458741,0.00468384074941452,0.00468384074941452,0.2,5115,1023,0.14973653395784545,860,163,0.8406647116324536,860,0.5014577259475219,0.7497072599531616,25.17564402810304,860,0.8406647116324536,0.7497072599531616,0,0.0,0.0
52,TEMPLATE_OOD,0.005,B0_STRUCT_XGB,0.9834477901458741,0.00468384074941452,0.00468384074941452,16,3400,1701,1715,0.4979508196721312,T0_E2E,0.9994705319404603,0.00468384074941452,0.0055620608899297425,0.2,5115,1023,0.14973653395784545,935,88,0.9139784946236559,935,0.5451895043731778,0.7716627634660421,27.371194379391095,860,0.8406647116324536,0.7497072599531616,75,0.07331378299120228,2.195550351288056
52,TEMPLATE_OOD,0.005,B0_STRUCT_XGB,0.9834477901458741,0.00468384074941452,0.00468384074941452,16,3400,1701,1715,0.4979508196721312,DAPT_E2E,0.9994407296180726,0.00468384074941452,0.008489461358313818,0.2,5115,1023,0.14973653395784545,952,71,0.9305962854349951,952,0.5551020408163265,0.7766393442622951,27.86885245901639,860,0.8406647116324536,0.7497072599531616,92,0.08993157380254146,2.693208430913352
52,TEMPLATE_OOD,0.005,B0_STRUCT_XGB,0.9834477901458741,0.00468384074941452,0.00468384074941452,16,3400,1701,1715,0.4979508196721312,BASE_EMB_MLP,0.999423384666443,0.00468384074941452,0.00468384074941452,0.2,5115,1023,0.14973653395784545,864,159,0.844574780058651,864,0.5037900874635568,0.7508782201405152,25.292740046838404,860,0.8406647116324536,0.7497072599531616,4,0.003910068426197455,0.11709601873536313
52,TEMPLATE_OOD,0.005,B0_STRUCT_XGB,0.9834477901458741,0.00468384074941452,0.00468384074941452,16,3400,1701,1715,0.4979508196721312,DAPT_EMB_MLP,0.9975656270980836,0.00468384074941452,0.005269320843091335,0.2,5115,1023,0.14973653395784545,829,194,0.8103616813294232,829,0.4833819241982507,0.740632318501171,24.268149882903977,860,0.8406647116324536,0.7497072599531616,-31,-0.030303030303030387,-0.9074941451990615
52,TEMPLATE_OOD,0.005,B0_STRUCT_XGB,0.9834477901458741,0.00468384074941452,0.00468384074941452,16,3400,1701,1715,0.4979508196721312,CONTRASTIVE_EMB_MLP,0.9908658862113954,0.00468384074941452,0.007318501170960188,0.2,5115,1023,0.14973653395784545,787,236,0.7693059628543499,787,0.4588921282798834,0.7283372365339579,23.03864168618267,860,0.8406647116324536,0.7497072599531616,-73,-0.07135874877810366,-2.1370023419203688
52,DOMAIN_TEMPLATE_OOD,0.005,B0_STRUCT_XGB,0.9834477901458741,0.00468384074941452,0.004314994606256742,8,1846,722,1132,0.389428263214671,B0_SELF,0.9834477901458741,0.00468384074941452,0.004314994606256742,0.05,2978,149,0.04018338727076591,135,14,0.9060402684563759,135,0.11925795053003534,0.4622437971952535,7.281553398058249,135,0.9060402684563759,0.4622437971952535,0,0.0,0.0
52,DOMAIN_TEMPLATE_OOD,0.005,B0_STRUCT_XGB,0.9834477901458741,0.00468384074941452,0.004314994606256742,8,1846,722,1132,0.389428263214671,T0_E2E,0.9994705319404603,0.00468384074941452,0.0037756202804746495,0.05,2978,149,0.04018338727076591,148,1,0.9932885906040269,148,0.13074204946996468,0.4692556634304207,7.982740021574969,135,0.9060402684563759,0.4622437971952535,13,0.08724832214765099,0.7011866235167197
52,DOMAIN_TEMPLATE_OOD,0.005,B0_STRUCT_XGB,0.9834477901458741,0.00468384074941452,0.004314994606256742,8,1846,722,1132,0.389428263214671,DAPT_E2E,0.9994407296180726,0.00468384074941452,0.004314994606256742,0.05,2978,149,0.04018338727076591,147,2,0.9865771812080537,147,0.12985865724381626,0.46871628910463864,7.9288025889967635,135,0.9060402684563759,0.4622437971952535,12,0.08053691275167785,0.6472491909385147
52,DOMAIN_TEMPLATE_OOD,0.005,B0_STRUCT_XGB,0.9834477901458741,0.00468384074941452,0.004314994606256742,8,1846,722,1132,0.389428263214671,BASE_EMB_MLP,0.999423384666443,0.00468384074941452,0.0048543689320388345,0.05,2978,149,0.04018338727076591,136,13,0.912751677852349,136,0.12014134275618374,0.4627831715210356,7.335490830636459,135,0.9060402684563759,0.4622437971952535,1,0.006711409395973145,0.05393743257821049
52,DOMAIN_TEMPLATE_OOD,0.005,B0_STRUCT_XGB,0.9834477901458741,0.00468384074941452,0.004314994606256742,8,1846,722,1132,0.389428263214671,DAPT_EMB_MLP,0.9975656270980836,0.00468384074941452,0.0037756202804746495,0.05,2978,149,0.04018338727076591,142,7,0.9530201342281879,142,0.1254416961130742,0.46601941747572817,7.659115426105717,135,0.9060402684563759,0.4622437971952535,7,0.04697986577181201,0.37756202804746786
52,DOMAIN_TEMPLATE_OOD,0.005,B0_STRUCT_XGB,0.9834477901458741,0.00468384074941452,0.004314994606256742,8,1846,722,1132,0.389428263214671,CONTRASTIVE_EMB_MLP,0.9908658862113954,0.00468384074941452,0.009169363538295576,0.05,2978,149,0.04018338727076591,139,10,0.9328859060402684,139,0.12279151943462897,0.46440129449838186,7.497303128371086,135,0.9060402684563759,0.4622437971952535,4,0.02684563758389258,0.2157497303128364
52,DOMAIN_TEMPLATE_OOD,0.005,B0_STRUCT_XGB,0.9834477901458741,0.00468384074941452,0.004314994606256742,8,1846,722,1132,0.389428263214671,B0_SELF,0.9834477901458741,0.00468384074941452,0.004314994606256742,0.1,2978,298,0.08036677454153182,268,30,0.8993288590604027,268,0.23674911660777384,0.5339805825242718,14.455231930960084,268,0.8993288590604027,0.5339805825242718,0,0.0,0.0
52,DOMAIN_TEMPLATE_OOD,0.005,B0_STRUCT_XGB,0.9834477901458741,0.00468384074941452,0.004314994606256742,8,1846,722,1132,0.389428263214671,T0_E2E,0.9994705319404603,0.00468384074941452,0.0037756202804746495,0.1,2978,298,0.08036677454153182,287,11,0.9630872483221476,287,0.25353356890459366,0.5442286947141316,15.48004314994606,268,0.8993288590604027,0.5339805825242718,19,0.06375838926174493,1.024811218985977
52,DOMAIN_TEMPLATE_OOD,0.005,B0_STRUCT_XGB,0.9834477901458741,0.00468384074941452,0.004314994606256742,8,1846,722,1132,0.389428263214671,DAPT_E2E,0.9994407296180726,0.00468384074941452,0.004314994606256742,0.1,2978,298,0.08036677454153182,293,5,0.9832214765100671,293,0.2588339222614841,0.5474649406688241,15.803667745415312,268,0.8993288590604027,0.5339805825242718,25,0.08389261744966436,1.3484358144552289
52,DOMAIN_TEMPLATE_OOD,0.005,B0_STRUCT_XGB,0.9834477901458741,0.00468384074941452,0.004314994606256742,8,1846,722,1132,0.389428263214671,BASE_EMB_MLP,0.999423384666443,0.00468384074941452,0.0048543689320388345,0.1,2978,298,0.08036677454153182,273,25,0.9161073825503355,273,0.2411660777385159,0.5366774541531824,14.724919093851135,268,0.8993288590604027,0.5339805825242718,5,0.016778523489932806,0.26968716289105243
52,DOMAIN_TEMPLATE_OOD,0.005,B0_STRUCT_XGB,0.9834477901458741,0.00468384074941452,0.004314994606256742,8,1846,722,1132,0.389428263214671,DAPT_EMB_MLP,0.9975656270980836,0.00468384074941452,0.0037756202804746495,0.1,2978,298,0.08036677454153182,272,26,0.912751677852349,272,0.24028268551236748,0.5361380798274002,14.670981661272926,268,0.8993288590604027,0.5339805825242718,4,0.01342281879194629,0.21574973031284195
52,DOMAIN_TEMPLATE_OOD,0.005,B0_STRUCT_XGB,0.9834477901458741,0.00468384074941452,0.004314994606256742,8,1846,722,1132,0.389428263214671,CONTRASTIVE_EMB_MLP,0.9908658862113954,0.00468384074941452,0.009169363538295576,0.1,2978,298,0.08036677454153182,268,30,0.8993288590604027,268,0.23674911660777384,0.5339805825242718,14.455231930960084,268,0.8993288590604027,0.5339805825242718,0,0.0,0.0
52,DOMAIN_TEMPLATE_OOD,0.005,B0_STRUCT_XGB,0.9834477901458741,0.00468384074941452,0.004314994606256742,8,1846,722,1132,0.389428263214671,B0_SELF,0.9834477901458741,0.00468384074941452,0.004314994606256742,0.2,2978,596,0.16073354908306364,509,87,0.8540268456375839,509,0.4496466431095406,0.6639697950377562,27.45415318230852,509,0.8540268456375839,0.6639697950377562,0,0.0,0.0
52,DOMAIN_TEMPLATE_OOD,0.005,B0_STRUCT_XGB,0.9834477901458741,0.00468384074941452,0.004314994606256742,8,1846,722,1132,0.389428263214671,T0_E2E,0.9994705319404603,0.00468384074941452,0.0037756202804746495,0.2,2978,596,0.16073354908306364,557,39,0.9345637583892618,557,0.4920494699646643,0.6898597626752967,30.04314994606257,509,0.8540268456375839,0.6639697950377562,48,0.08053691275167785,2.588996763754048
52,DOMAIN_TEMPLATE_OOD,0.005,B0_STRUCT_XGB,0.9834477901458741,0.00468384074941452,0.004314994606256742,8,1846,722,1132,0.389428263214671,DAPT_E2E,0.9994407296180726,0.00468384074941452,0.004314994606256742,0.2,2978,596,0.16073354908306364,569,27,0.9546979865771812,569,0.5026501766784452,0.6963322545846817,30.690399137001073,509,0.8540268456375839,0.6639697950377562,60,0.10067114093959728,3.2362459546925515
52,DOMAIN_TEMPLATE_OOD,0.005,B0_STRUCT_XGB,0.9834477901458741,0.00468384074941452,0.004314994606256742,8,1846,722,1132,0.389428263214671,BASE_EMB_MLP,0.999423384666443,0.00468384074941452,0.0048543689320388345,0.2,2978,596,0.16073354908306364,514,82,0.8624161073825504,514,0.4540636042402827,0.6666666666666666,27.723840345199562,509,0.8540268456375839,0.6639697950377562,5,0.008389261744966459,0.26968716289104133
52,DOMAIN_TEMPLATE_OOD,0.005,B0_STRUCT_XGB,0.9834477901458741,0.00468384074941452,0.004314994606256742,8,1846,722,1132,0.389428263214671,DAPT_EMB_MLP,0.9975656270980836,0.00468384074941452,0.0037756202804746495,0.2,2978,596,0.16073354908306364,490,106,0.8221476510067114,490,0.43286219081272087,0.6537216828478964,26.429341963322546,509,0.8540268456375839,0.6639697950377562,-19,-0.03187919463087252,-1.024811218985977
52,DOMAIN_TEMPLATE_OOD,0.005,B0_STRUCT_XGB,0.9834477901458741,0.00468384074941452,0.004314994606256742,8,1846,722,1132,0.389428263214671,CONTRASTIVE_EMB_MLP,0.9908658862113954,0.00468384074941452,0.009169363538295576,0.2,2978,596,0.16073354908306364,471,125,0.790268456375839,471,0.4160777385159011,0.6434735706580367,25.40453074433657,509,0.8540268456375839,0.6639697950377562,-38,-0.06375838926174493,-2.049622437971954
52,IID_ORIGINAL,0.01,B0_STRUCT_XGB,0.9611082673072816,0.00936768149882904,0.010536879076768691,21,1972,531,527,0.501890359168242,B0_SELF,0.9611082673072816,0.00936768149882904,0.010536879076768691,0.05,2499,125,0.04097017371353655,106,19,0.848,106,0.20113851992409867,0.6020793950850661,10.018903591682415,106,0.848,0.6020793950850661,0,0.0,0.0
52,IID_ORIGINAL,0.01,B0_STRUCT_XGB,0.9611082673072816,0.00936768149882904,0.010536879076768691,21,1972,531,527,0.501890359168242,T0_E2E,0.9983256459236146,0.00936768149882904,0.021073758153537382,0.05,2499,125,0.04097017371353655,111,14,0.888,111,0.21062618595825428,0.6068052930056711,10.491493383742911,106,0.848,0.6020793950850661,5,0.040000000000000036,0.472589792060496
52,IID_ORIGINAL,0.01,B0_STRUCT_XGB,0.9611082673072816,0.00936768149882904,0.010536879076768691,21,1972,531,527,0.501890359168242,DAPT_E2E,0.9993435740470887,0.00936768149882904,0.017059708981435023,0.05,2499,125,0.04097017371353655,112,13,0.896,112,0.2125237191650854,0.6077504725897921,10.586011342155011,106,0.848,0.6020793950850661,6,0.04800000000000004,0.5671077504725952
52,IID_ORIGINAL,0.01,B0_STRUCT_XGB,0.9611082673072816,0.00936768149882904,0.010536879076768691,21,1972,531,527,0.501890359168242,BASE_EMB_MLP,0.9844682812690736,0.00936768149882904,0.02308078273958856,0.05,2499,125,0.04097017371353655,100,25,0.8,100,0.18975332068311196,0.5964083175803403,9.451795841209831,106,0.848,0.6020793950850661,-6,-0.04799999999999993,-0.5671077504725841
52,IID_ORIGINAL,0.01,B0_STRUCT_XGB,0.9611082673072816,0.00936768149882904,0.010536879076768691,21,1972,531,527,0.501890359168242,DAPT_EMB_MLP,0.9907472133636476,0.00936768149882904,0.015554440541896638,0.05,2499,125,0.04097017371353655,100,25,0.8,100,0.18975332068311196,0.5964083175803403,9.451795841209831,106,0.848,0.6020793950850661,-6,-0.04799999999999993,-0.5671077504725841
52,IID_ORIGINAL,0.01,B0_STRUCT_XGB,0.9611082673072816,0.00936768149882904,0.010536879076768691,21,1972,531,527,0.501890359168242,CONTRASTIVE_EMB_MLP,0.9855802655220033,0.00936768149882904,0.012543903662819869,0.05,2499,125,0.04097017371353655,90,35,0.72,90,0.17077798861480076,0.5869565217391305,8.50661625708885,106,0.848,0.6020793950850661,-16,-0.128,-1.512287334593565
52,IID_ORIGINAL,0.01,B0_STRUCT_XGB,0.9611082673072816,0.00936768149882904,0.010536879076768691,21,1972,531,527,0.501890359168242,B0_SELF,0.9611082673072816,0.00936768149882904,0.010536879076768691,0.1,2499,250,0.0819403474270731,174,76,0.696,174,0.3301707779886148,0.666351606805293,16.446124763705107,174,0.696,0.666351606805293,0,0.0,0.0
52,IID_ORIGINAL,0.01,B0_STRUCT_XGB,0.9611082673072816,0.00936768149882904,0.010536879076768691,21,1972,531,527,0.501890359168242,T0_E2E,0.9983256459236146,0.00936768149882904,0.021073758153537382,0.1,2499,250,0.0819403474270731,205,45,0.82,205,0.3889943074003795,0.6956521739130435,19.37618147448015,174,0.696,0.666351606805293,31,0.124,2.930056710775042
52,IID_ORIGINAL,0.01,B0_STRUCT_XGB,0.9611082673072816,0.00936768149882904,0.010536879076768691,21,1972,531,527,0.501890359168242,DAPT_E2E,0.9993435740470887,0.00936768149882904,0.017059708981435023,0.1,2499,250,0.0819403474270731,216,34,0.864,216,0.4098671726755218,0.7060491493383743,20.41587901701323,174,0.696,0.666351606805293,42,0.16800000000000004,3.969754253308122
52,IID_ORIGINAL,0.01,B0_STRUCT_XGB,0.9611082673072816,0.00936768149882904,0.010536879076768691,21,1972,531,527,0.501890359168242,BASE_EMB_MLP,0.9844682812690736,0.00936768149882904,0.02308078273958856,0.1,2499,250,0.0819403474270731,178,72,0.712,178,0.3377609108159393,0.6701323251417769,16.82419659735349,174,0.696,0.666351606805293,4,0.016000000000000014,0.3780718336483857
52,IID_ORIGINAL,0.01,B0_STRUCT_XGB,0.9611082673072816,0.00936768149882904,0.010536879076768691,21,1972,531,527,0.501890359168242,DAPT_EMB_MLP,0.9907472133636476,0.00936768149882904,0.015554440541896638,0.1,2499,250,0.0819403474270731,160,90,0.64,160,0.3036053130929791,0.6531190926275993,15.122873345935728,174,0.696,0.666351606805293,-14,-0.05599999999999994,-1.3232514177693777
52,IID_ORIGINAL,0.01,B0_STRUCT_XGB,0.9611082673072816,0.00936768149882904,0.010536879076768691,21,1972,531,527,0.501890359168242,CONTRASTIVE_EMB_MLP,0.9855802655220033,0.00936768149882904,0.012543903662819869,0.1,2499,250,0.0819403474270731,157,93,0.628,157,0.29791271347248577,0.6502835538752363,14.83931947069943,174,0.696,0.666351606805293,-17,-0.06799999999999995,-1.6068052930056753
52,IID_ORIGINAL,0.01,B0_STRUCT_XGB,0.9611082673072816,0.00936768149882904,0.010536879076768691,21,1972,531,527,0.501890359168242,B0_SELF,0.9611082673072816,0.00936768149882904,0.010536879076768691,0.2,2499,500,0.1638806948541462,269,231,0.538,269,0.5104364326375711,0.7561436672967864,25.42533081285444,269,0.538,0.7561436672967864,0,0.0,0.0
52,IID_ORIGINAL,0.01,B0_STRUCT_XGB,0.9611082673072816,0.00936768149882904,0.010536879076768691,21,1972,531,527,0.501890359168242,T0_E2E,0.9983256459236146,0.00936768149882904,0.021073758153537382,0.2,2499,500,0.1638806948541462,320,180,0.64,320,0.6072106261859582,0.8043478260869565,30.245746691871457,269,0.538,0.7561436672967864,51,0.10199999999999998,4.820415879017014
52,IID_ORIGINAL,0.01,B0_STRUCT_XGB,0.9611082673072816,0.00936768149882904,0.010536879076768691,21,1972,531,527,0.501890359168242,DAPT_E2E,0.9993435740470887,0.00936768149882904,0.017059708981435023,0.2,2499,500,0.1638806948541462,319,181,0.638,319,0.6053130929791272,0.8034026465028355,30.151228733459355,269,0.538,0.7561436672967864,50,0.09999999999999998,4.725897920604916
52,IID_ORIGINAL,0.01,B0_STRUCT_XGB,0.9611082673072816,0.00936768149882904,0.010536879076768691,21,1972,531,527,0.501890359168242,BASE_EMB_MLP,0.9844682812690736,0.00936768149882904,0.02308078273958856,0.2,2499,500,0.1638806948541462,286,214,0.572,286,0.5426944971537002,0.7722117202268431,27.032136105860115,269,0.538,0.7561436672967864,17,0.03399999999999992,1.6068052930056753
52,IID_ORIGINAL,0.01,B0_STRUCT_XGB,0.9611082673072816,0.00936768149882904,0.010536879076768691,21,1972,531,527,0.501890359168242,DAPT_EMB_MLP,0.9907472133636476,0.00936768149882904,0.015554440541896638,0.2,2499,500,0.1638806948541462,276,224,0.552,276,0.523719165085389,0.7627599243856332,26.086956521739125,269,0.538,0.7561436672967864,7,0.014000000000000012,0.6616257088846833
52,IID_ORIGINAL,0.01,B0_STRUCT_XGB,0.9611082673072816,0.00936768149882904,0.010536879076768691,21,1972,531,527,0.501890359168242,CONTRASTIVE_EMB_MLP,0.9855802655220033,0.00936768149882904,0.012543903662819869,0.2,2499,500,0.1638806948541462,280,220,0.56,280,0.5313092979127134,0.7665406427221172,26.46502835538752,269,0.538,0.7561436672967864,11,0.02200000000000002,1.03969754253308
52,IID_BALANCED,0.01,B0_STRUCT_XGB,0.9611082673072816,0.00936768149882904,0.011342155009451797,12,1046,531,527,0.501890359168242,B0_SELF,0.9611082673072816,0.00936768149882904,0.011342155009451797,0.05,1573,79,0.03733459357277883,71,8,0.8987341772151899,71,0.1347248576850095,0.5689981096408318,6.710775047258977,71,0.8987341772151899,0.5689981096408318,0,0.0,0.0
52,IID_BALANCED,0.01,B0_STRUCT_XGB,0.9611082673072816,0.00936768149882904,0.011342155009451797,12,1046,531,527,0.501890359168242,T0_E2E,0.9983256459236146,0.00936768149882904,0.023629489603024575,0.05,1573,79,0.03733459357277883,79,0,1.0,79,0.14990512333965844,0.5765595463137996,7.466918714555759,71,0.8987341772151899,0.5689981096408318,8,0.10126582278481011,0.7561436672967825
52,IID_BALANCED,0.01,B0_STRUCT_XGB,0.9611082673072816,0.00936768149882904,0.011342155009451797,12,1046,531,527,0.501890359168242,DAPT_E2E,0.9993435740470887,0.00936768149882904,0.01984877126654064,0.05,1573,79,0.03733459357277883,78,1,0.9873417721518988,78,0.14800759013282733,0.5756143667296786,7.37240075614366,71,0.8987341772151899,0.5689981096408318,7,0.08860759493670889,0.6616257088846833
52,IID_BALANCED,0.01,B0_STRUCT_XGB,0.9611082673072816,0.00936768149882904,0.011342155009451797,12,1046,531,527,0.501890359168242,BASE_EMB_MLP,0.9844682812690736,0.00936768149882904,0.024574669187145556,0.05,1573,79,0.03733459357277883,71,8,0.8987341772151899,71,0.1347248576850095,0.5689981096408318,6.710775047258977,71,0.8987341772151899,0.5689981096408318,0,0.0,0.0
52,IID_BALANCED,0.01,B0_STRUCT_XGB,0.9611082673072816,0.00936768149882904,0.011342155009451797,12,1046,531,527,0.501890359168242,DAPT_EMB_MLP,0.9907472133636476,0.00936768149882904,0.01984877126654064,0.05,1573,79,0.03733459357277883,72,7,0.9113924050632911,72,0.1366223908918406,0.5699432892249527,6.805293005671076,71,0.8987341772151899,0.5689981096408318,1,0.012658227848101222,0.0945179584120992
52,IID_BALANCED,0.01,B0_STRUCT_XGB,0.9611082673072816,0.00936768149882904,0.011342155009451797,12,1046,531,527,0.501890359168242,CONTRASTIVE_EMB_MLP,0.9855802655220033,0.00936768149882904,0.017013232514177693,0.05,1573,79,0.03733459357277883,64,15,0.810126582278481,64,0.12144212523719165,0.5623818525519849,6.049149338374294,71,0.8987341772151899,0.5689981096408318,-7,-0.08860759493670889,-0.6616257088846833
52,IID_BALANCED,0.01,B0_STRUCT_XGB,0.9611082673072816,0.00936768149882904,0.011342155009451797,12,1046,531,527,0.501890359168242,B0_SELF,0.9611082673072816,0.00936768149882904,0.011342155009451797,0.1,1573,158,0.07466918714555766,139,19,0.879746835443038,139,0.2637571157495256,0.6332703213610587,13.137996219281668,139,0.879746835443038,0.6332703213610587,0,0.0,0.0
52,IID_BALANCED,0.01,B0_STRUCT_XGB,0.9611082673072816,0.00936768149882904,0.011342155009451797,12,1046,531,527,0.501890359168242,T0_E2E,0.9983256459236146,0.00936768149882904,0.023629489603024575,0.1,1573,158,0.07466918714555766,147,11,0.930379746835443,147,0.27893738140417457,0.6408317580340265,13.894139886578449,139,0.879746835443038,0.6332703213610587,8,0.050632911392405,0.7561436672967825
52,IID_BALANCED,0.01,B0_STRUCT_XGB,0.9611082673072816,0.00936768149882904,0.011342155009451797,12,1046,531,527,0.501890359168242,DAPT_E2E,0.9993435740470887,0.00936768149882904,0.01984877126654064,0.1,1573,158,0.07466918714555766,148,10,0.9367088607594937,148,0.2808349146110057,0.6417769376181475,13.988657844990549,139,0.879746835443038,0.6332703213610587,9,0.05696202531645567,0.8506616257088817
52,IID_BALANCED,0.01,B0_STRUCT_XGB,0.9611082673072816,0.00936768149882904,0.011342155009451797,12,1046,531,527,0.501890359168242,BASE_EMB_MLP,0.9844682812690736,0.00936768149882904,0.024574669187145556,0.1,1573,158,0.07466918714555766,134,24,0.8481012658227848,134,0.25426944971537,0.6285444234404537,12.665406427221171,139,0.879746835443038,0.6332703213610587,-5,-0.03164556962025322,-0.472589792060496
52,IID_BALANCED,0.01,B0_STRUCT_XGB,0.9611082673072816,0.00936768149882904,0.011342155009451797,12,1046,531,527,0.501890359168242,DAPT_EMB_MLP,0.9907472133636476,0.00936768149882904,0.01984877126654064,0.1,1573,158,0.07466918714555766,131,27,0.8291139240506329,131,0.24857685009487665,0.6257088846880907,12.381852551984874,139,0.879746835443038,0.6332703213610587,-8,-0.05063291139240511,-0.7561436672967936
52,IID_BALANCED,0.01,B0_STRUCT_XGB,0.9611082673072816,0.00936768149882904,0.011342155009451797,12,1046,531,527,0.501890359168242,CONTRASTIVE_EMB_MLP,0.9855802655220033,0.00936768149882904,0.017013232514177693,0.1,1573,158,0.07466918714555766,119,39,0.7531645569620253,119,0.22580645161290322,0.6143667296786389,11.247637051039694,139,0.879746835443038,0.6332703213610587,-20,-0.12658227848101267,-1.890359168241973
52,IID_BALANCED,0.01,B0_STRUCT_XGB,0.9611082673072816,0.00936768149882904,0.011342155009451797,12,1046,531,527,0.501890359168242,B0_SELF,0.9611082673072816,0.00936768149882904,0.011342155009451797,0.2,1573,315,0.14886578449905483,240,75,0.7619047619047619,240,0.45540796963946867,0.7287334593572778,22.684310018903588,240,0.7619047619047619,0.7287334593572778,0,0.0,0.0
52,IID_BALANCED,0.01,B0_STRUCT_XGB,0.9611082673072816,0.00936768149882904,0.011342155009451797,12,1046,531,527,0.501890359168242,T0_E2E,0.9983256459236146,0.00936768149882904,0.023629489603024575,0.2,1573,315,0.14886578449905483,275,40,0.873015873015873,275,0.5218216318785579,0.7618147448015122,25.992438563327024,240,0.7619047619047619,0.7287334593572778,35,0.11111111111111116,3.3081285444234387
52,IID_BALANCED,0.01,B0_STRUCT_XGB,0.9611082673072816,0.00936768149882904,0.011342155009451797,12,1046,531,527,0.501890359168242,DAPT_E2E,0.9993435740470887,0.00936768149882904,0.01984877126654064,0.2,1573,315,0.14886578449905483,282,33,0.8952380952380953,282,0.5351043643263758,0.7684310018903592,26.65406427221172,240,0.7619047619047619,0.7287334593572778,42,0.13333333333333341,3.969754253308133
52,IID_BALANCED,0.01,B0_STRUCT_XGB,0.9611082673072816,0.00936768149882904,0.011342155009451797,12,1046,531,527,0.501890359168242,BASE_EMB_MLP,0.9844682812690736,0.00936768149882904,0.024574669187145556,0.2,1573,315,0.14886578449905483,241,74,0.765079365079365,241,0.4573055028462998,0.7296786389413988,22.778827977315686,240,0.7619047619047619,0.7287334593572778,1,0.0031746031746031633,0.0945179584120992
52,IID_BALANCED,0.01,B0_STRUCT_XGB,0.9611082673072816,0.00936768149882904,0.011342155009451797,12,1046,531,527,0.501890359168242,DAPT_EMB_MLP,0.9907472133636476,0.00936768149882904,0.01984877126654064,0.2,1573,315,0.14886578449905483,234,81,0.7428571428571429,234,0.444022770398482,0.723062381852552,22.117202268431,240,0.7619047619047619,0.7287334593572778,-6,-0.01904761904761898,-0.5671077504725841
52,IID_BALANCED,0.01,B0_STRUCT_XGB,0.9611082673072816,0.00936768149882904,0.011342155009451797,12,1046,531,527,0.501890359168242,CONTRASTIVE_EMB_MLP,0.9855802655220033,0.00936768149882904,0.017013232514177693,0.2,1573,315,0.14886578449905483,230,85,0.7301587301587301,230,0.4364326375711575,0.719281663516068,21.739130434782606,240,0.7619047619047619,0.7287334593572778,-10,-0.031746031746031744,-0.9451795841209809
52,TEMPORAL,0.01,B0_STRUCT_XGB,0.9611082673072816,0.00936768149882904,0.00875,35,3965,2327,1673,0.58175,B0_SELF,0.9611082673072816,0.00936768149882904,0.00875,0.05,5638,282,0.03525,254,28,0.900709219858156,254,0.15182307232516437,0.64525,6.35,254,0.900709219858156,0.64525,0,0.0,0.0
52,TEMPORAL,0.01,B0_STRUCT_XGB,0.9611082673072816,0.00936768149882904,0.00875,35,3965,2327,1673,0.58175,T0_E2E,0.9983256459236146,0.00936768149882904,0.021,0.05,5638,282,0.03525,275,7,0.975177304964539,275,0.1643753735803945,0.6505,6.874999999999998,254,0.900709219858156,0.64525,21,0.07446808510638303,0.5249999999999977
52,TEMPORAL,0.01,B0_STRUCT_XGB,0.9611082673072816,0.00936768149882904,0.00875,35,3965,2327,1673,0.58175,DAPT_E2E,0.9993435740470887,0.00936768149882904,0.01775,0.05,5638,282,0.03525,279,3,0.9893617021276596,279,0.16676628810520025,0.6515,6.974999999999998,254,0.900709219858156,0.64525,25,0.08865248226950362,0.6249999999999978
52,TEMPORAL,0.01,B0_STRUCT_XGB,0.9611082673072816,0.00936768149882904,0.00875,35,3965,2327,1673,0.58175,BASE_EMB_MLP,0.9844682812690736,0.00936768149882904,0.01925,0.05,5638,282,0.03525,250,32,0.8865248226950354,250,0.14943215780035865,0.64425,6.25,254,0.900709219858156,0.64525,-4,-0.014184397163120588,-0.10000000000000009
52,TEMPORAL,0.01,B0_STRUCT_XGB,0.9611082673072816,0.00936768149882904,0.00875,35,3965,2327,1673,0.58175,DAPT_EMB_MLP,0.9907472133636476,0.00936768149882904,0.01225,0.05,5638,282,0.03525,251,31,0.8900709219858156,251,0.15002988643156007,0.6445,6.274999999999997,254,0.900709219858156,0.64525,-3,-0.010638297872340385,-0.07500000000000284
52,TEMPORAL,0.01,B0_STRUCT_XGB,0.9611082673072816,0.00936768149882904,0.00875,35,3965,2327,1673,0.58175,CONTRASTIVE_EMB_MLP,0.9855802655220033,0.00936768149882904,0.01075,0.05,5638,282,0.03525,262,20,0.9290780141843972,262,0.15660490137477584,0.64725,6.550000000000001,254,0.900709219858156,0.64525,8,0.028368794326241176,0.20000000000000018
52,TEMPORAL,0.01,B0_STRUCT_XGB,0.9611082673072816,0.00936768149882904,0.00875,35,3965,2327,1673,0.58175,B0_SELF,0.9611082673072816,0.00936768149882904,0.00875,0.1,5638,564,0.0705,501,63,0.8882978723404256,501,0.2994620442319187,0.707,12.524999999999997,501,0.8882978723404256,0.707,0,0.0,0.0
52,TEMPORAL,0.01,B0_STRUCT_XGB,0.9611082673072816,0.00936768149882904,0.00875,35,3965,2327,1673,0.58175,T0_E2E,0.9983256459236146,0.00936768149882904,0.021,0.1,5638,564,0.0705,507,57,0.898936170212766,507,0.3030484160191273,0.7085,12.675000000000002,501,0.8882978723404256,0.707,6,0.010638297872340385,0.15000000000000568
52,TEMPORAL,0.01,B0_STRUCT_XGB,0.9611082673072816,0.00936768149882904,0.00875,35,3965,2327,1673,0.58175,DAPT_E2E,0.9993435740470887,0.00936768149882904,0.01775,0.1,5638,564,0.0705,523,41,0.9273049645390071,523,0.3126120741183503,0.7125,13.075000000000003,501,0.8882978723404256,0.707,22,0.03900709219858156,0.550000000000006
52,TEMPORAL,0.01,B0_STRUCT_XGB,0.9611082673072816,0.00936768149882904,0.00875,35,3965,2327,1673,0.58175,BASE_EMB_MLP,0.9844682812690736,0.00936768149882904,0.01925,0.1,5638,564,0.0705,500,64,0.8865248226950354,500,0.2988643156007173,0.70675,12.5,501,0.8882978723404256,0.707,-1,-0.0017730496453901567,-0.024999999999997247
52,TEMPORAL,0.01,B0_STRUCT_XGB,0.9611082673072816,0.00936768149882904,0.00875,35,3965,2327,1673,0.58175,DAPT_EMB_MLP,0.9907472133636476,0.00936768149882904,0.01225,0.1,5638,564,0.0705,496,68,0.8794326241134752,496,0.2964734010759115,0.70575,12.4,501,0.8882978723404256,0.707,-5,-0.00886524822695034,-0.12499999999999734
52,TEMPORAL,0.01,B0_STRUCT_XGB,0.9611082673072816,0.00936768149882904,0.00875,35,3965,2327,1673,0.58175,CONTRASTIVE_EMB_MLP,0.9855802655220033,0.00936768149882904,0.01075,0.1,5638,564,0.0705,485,79,0.8599290780141844,485,0.28989838613269575,0.703,12.124999999999996,501,0.8882978723404256,0.707,-16,-0.028368794326241176,-0.40000000000000036
52,TEMPORAL,0.01,B0_STRUCT_XGB,0.9611082673072816,0.00936768149882904,0.00875,35,3965,2327,1673,0.58175,B0_SELF,0.9611082673072816,0.00936768149882904,0.00875,0.2,5638,1128,0.141,892,236,0.7907801418439716,892,0.5331739390316796,0.80475,22.299999999999997,892,0.7907801418439716,0.80475,0,0.0,0.0
52,TEMPORAL,0.01,B0_STRUCT_XGB,0.9611082673072816,0.00936768149882904,0.00875,35,3965,2327,1673,0.58175,T0_E2E,0.9983256459236146,0.00936768149882904,0.021,0.2,5638,1128,0.141,987,141,0.875,987,0.5899581589958159,0.8285,24.675000000000004,892,0.7907801418439716,0.80475,95,0.0842198581560284,2.375000000000005
52,TEMPORAL,0.01,B0_STRUCT_XGB,0.9611082673072816,0.00936768149882904,0.00875,35,3965,2327,1673,0.58175,DAPT_E2E,0.9993435740470887,0.00936768149882904,0.01775,0.2,5638,1128,0.141,1018,110,0.9024822695035462,1018,0.6084877465630604,0.83625,25.450000000000006,892,0.7907801418439716,0.80475,126,0.11170212765957455,3.1500000000000083
52,TEMPORAL,0.01,B0_STRUCT_XGB,0.9611082673072816,0.00936768149882904,0.00875,35,3965,2327,1673,0.58175,BASE_EMB_MLP,0.9844682812690736,0.00936768149882904,0.01925,0.2,5638,1128,0.141,900,228,0.7978723404255319,900,0.5379557680812911,0.80675,22.499999999999996,892,0.7907801418439716,0.80475,8,0.007092198581560294,0.20000000000000018
52,TEMPORAL,0.01,B0_STRUCT_XGB,0.9611082673072816,0.00936768149882904,0.00875,35,3965,2327,1673,0.58175,DAPT_EMB_MLP,0.9907472133636476,0.00936768149882904,0.01225,0.2,5638,1128,0.141,857,271,0.7597517730496454,857,0.5122534369396294,0.796,21.425000000000004,892,0.7907801418439716,0.80475,-35,-0.031028368794326244,-0.8749999999999925
52,TEMPORAL,0.01,B0_STRUCT_XGB,0.9611082673072816,0.00936768149882904,0.00875,35,3965,2327,1673,0.58175,CONTRASTIVE_EMB_MLP,0.9855802655220033,0.00936768149882904,0.01075,0.2,5638,1128,0.141,798,330,0.7074468085106383,798,0.4769874476987448,0.78125,19.950000000000003,892,0.7907801418439716,0.80475,-94,-0.08333333333333326,-2.3499999999999965
52,DOMAIN_OOD,0.01,B0_STRUCT_XGB,0.9611082673072816,0.00936768149882904,0.011923276308968377,23,1906,948,981,0.49144634525660963,B0_SELF,0.9611082673072816,0.00936768149882904,0.011923276308968377,0.05,2887,145,0.03758424053913945,130,15,0.896551724137931,130,0.1325178389398573,0.55883877656817,6.739243131156042,130,0.896551724137931,0.55883877656817,0,0.0,0.0
52,DOMAIN_OOD,0.01,B0_STRUCT_XGB,0.9611082673072816,0.00936768149882904,0.011923276308968377,23,1906,948,981,0.49144634525660963,T0_E2E,0.9983256459236146,0.00936768149882904,0.014515292897874546,0.05,2887,145,0.03758424053913945,144,1,0.993103448275862,144,0.14678899082568808,0.5660964230171073,7.465007776049765,130,0.896551724137931,0.55883877656817,14,0.096551724137931,0.7257646448937227
52,DOMAIN_OOD,0.01,B0_STRUCT_XGB,0.9611082673072816,0.00936768149882904,0.011923276308968377,23,1906,948,981,0.49144634525660963,DAPT_E2E,0.9993435740470887,0.00936768149882904,0.010368066355624676,0.05,2887,145,0.03758424053913945,145,0,1.0,145,0.14780835881753313,0.5666148263348886,7.516848107827895,130,0.896551724137931,0.55883877656817,15,0.10344827586206895,0.7776049766718529
52,DOMAIN_OOD,0.01,B0_STRUCT_XGB,0.9611082673072816,0.00936768149882904,0.011923276308968377,23,1906,948,981,0.49144634525660963,BASE_EMB_MLP,0.9844682812690736,0.00936768149882904,0.02280974598237429,0.05,2887,145,0.03758424053913945,129,16,0.8896551724137931,129,0.13149847094801223,0.5583203732503889,6.687402799377923,130,0.896551724137931,0.55883877656817,-1,-0.006896551724137945,-0.051840331778119086
52,DOMAIN_OOD,0.01,B0_STRUCT_XGB,0.9611082673072816,0.00936768149882904,0.011923276308968377,23,1906,948,981,0.49144634525660963,DAPT_EMB_MLP,0.9907472133636476,0.00936768149882904,0.009849663037843442,0.05,2887,145,0.03758424053913945,137,8,0.9448275862068966,137,0.1396534148827727,0.5624675997926387,7.102125453602909,130,0.896551724137931,0.55883877656817,7,0.0482758620689655,0.3628823224468669
52,DOMAIN_OOD,0.01,B0_STRUCT_XGB,0.9611082673072816,0.00936768149882904,0.011923276308968377,23,1906,948,981,0.49144634525660963,CONTRASTIVE_EMB_MLP,0.9855802655220033,0.00936768149882904,0.012441679626749611,0.05,2887,145,0.03758424053913945,135,10,0.9310344827586207,135,0.13761467889908258,0.5614307931570762,6.998444790046659,130,0.896551724137931,0.55883877656817,5,0.03448275862068961,0.25920165889061764
52,DOMAIN_OOD,0.01,B0_STRUCT_XGB,0.9611082673072816,0.00936768149882904,0.011923276308968377,23,1906,948,981,0.49144634525660963,B0_SELF,0.9611082673072816,0.00936768149882904,0.011923276308968377,0.1,2887,289,0.07490927941938828,244,45,0.8442906574394463,244,0.24872579001019368,0.6179367547952307,12.649040953862107,244,0.8442906574394463,0.6179367547952307,0,0.0,0.0
52,DOMAIN_OOD,0.01,B0_STRUCT_XGB,0.9611082673072816,0.00936768149882904,0.011923276308968377,23,1906,948,981,0.49144634525660963,T0_E2E,0.9983256459236146,0.00936768149882904,0.014515292897874546,0.1,2887,289,0.07490927941938828,277,12,0.9584775086505191,277,0.2823649337410805,0.6350440642820114,14.35977190254018,244,0.8442906574394463,0.6179367547952307,33,0.11418685121107275,1.7107309486780742
52,DOMAIN_OOD,0.01,B0_STRUCT_XGB,0.9611082673072816,0.00936768149882904,0.011923276308968377,23,1906,948,981,0.49144634525660963,DAPT_E2E,0.9993435740470887,0.00936768149882904,0.010368066355624676,0.1,2887,289,0.07490927941938828,281,8,0.972318339100346,281,0.28644240570846075,0.6371176775531363,14.567133229652669,244,0.8442906574394463,0.6179367547952307,37,0.12802768166089973,1.9180922757905616
52,DOMAIN_OOD,0.01,B0_STRUCT_XGB,0.9611082673072816,0.00936768149882904,0.011923276308968377,23,1906,948,981,0.49144634525660963,BASE_EMB_MLP,0.9844682812690736,0.00936768149882904,0.02280974598237429,0.1,2887,289,0.07490927941938828,257,32,0.889273356401384,257,0.2619775739041794,0.6246759979263867,13.32296526697771,244,0.8442906574394463,0.6179367547952307,13,0.04498269896193774,0.6739243131156036
52,DOMAIN_OOD,0.01,B0_STRUCT_XGB,0.9611082673072816,0.00936768149882904,0.011923276308968377,23,1906,948,981,0.49144634525660963,DAPT_EMB_MLP,0.9907472133636476,0.00936768149882904,0.009849663037843442,0.1,2887,289,0.07490927941938828,260,29,0.8996539792387543,260,0.2650356778797146,0.6262312078797304,13.478486262312078,244,0.8442906574394463,0.6179367547952307,16,0.05536332179930803,0.829445308449972
52,DOMAIN_OOD,0.01,B0_STRUCT_XGB,0.9611082673072816,0.00936768149882904,0.011923276308968377,23,1906,948,981,0.49144634525660963,CONTRASTIVE_EMB_MLP,0.9855802655220033,0.00936768149882904,0.012441679626749611,0.1,2887,289,0.07490927941938828,252,37,0.8719723183391004,252,0.25688073394495414,0.6220839813374806,13.063763608087092,244,0.8442906574394463,0.6179367547952307,8,0.02768166089965407,0.414722654224986
52,DOMAIN_OOD,0.01,B0_STRUCT_XGB,0.9611082673072816,0.00936768149882904,0.011923276308968377,23,1906,948,981,0.49144634525660963,B0_SELF,0.9611082673072816,0.00936768149882904,0.011923276308968377,0.2,2887,578,0.14981855883877657,454,124,0.7854671280276817,454,0.46279306829765543,0.7268014515292898,23.535510627268014,454,0.7854671280276817,0.7268014515292898,0,0.0,0.0
52,DOMAIN_OOD,0.01,B0_STRUCT_XGB,0.9611082673072816,0.00936768149882904,0.011923276308968377,23,1906,948,981,0.49144634525660963,T0_E2E,0.9983256459236146,0.00936768149882904,0.014515292897874546,0.2,2887,578,0.14981855883877657,524,54,0.9065743944636678,524,0.5341488277268094,0.7630896837739761,27.16433385173665,454,0.7854671280276817,0.7268014515292898,70,0.12110726643598613,3.628823224468636
52,DOMAIN_OOD,0.01,B0_STRUCT_XGB,0.9611082673072816,0.00936768149882904,0.011923276308968377,23,1906,948,981,0.49144634525660963,DAPT_E2E,0.9993435740470887,0.00936768149882904,0.010368066355624676,0.2,2887,578,0.14981855883877657,544,34,0.9411764705882353,544,0.5545361875637105,0.7734577501296008,28.20114048729912,454,0.7854671280276817,0.7268014515292898,90,0.15570934256055358,4.665629860031107
52,DOMAIN_OOD,0.01,B0_STRUCT_XGB,0.9611082673072816,0.00936768149882904,0.011923276308968377,23,1906,948,981,0.49144634525660963,BASE_EMB_MLP,0.9844682812690736,0.00936768149882904,0.02280974598237429,0.2,2887,578,0.14981855883877657,481,97,0.8321799307958477,481,0.49031600407747195,0.7407983411093831,24.935199585277353,454,0.7854671280276817,0.7268014515292898,27,0.04671280276816603,1.3996889580093375
52,DOMAIN_OOD,0.01,B0_STRUCT_XGB,0.9611082673072816,0.00936768149882904,0.011923276308968377,23,1906,948,981,0.49144634525660963,DAPT_EMB_MLP,0.9907472133636476,0.00936768149882904,0.009849663037843442,0.2,2887,578,0.14981855883877657,459,119,0.7941176470588235,459,0.46788990825688076,0.7293934681181959,23.79471228615863,454,0.7854671280276817,0.7268014515292898,5,0.008650519031141779,0.25920165889061764
52,DOMAIN_OOD,0.01,B0_STRUCT_XGB,0.9611082673072816,0.00936768149882904,0.011923276308968377,23,1906,948,981,0.49144634525660963,CONTRASTIVE_EMB_MLP,0.9855802655220033,0.00936768149882904,0.012441679626749611,0.2,2887,578,0.14981855883877657,435,143,0.7525951557093425,435,0.4434250764525994,0.7169517884914464,22.550544323483674,454,0.7854671280276817,0.7268014515292898,-19,-0.03287197231833916,-0.9849663037843404
52,TEMPLATE_OOD,0.01,B0_STRUCT_XGB,0.9611082673072816,0.00936768149882904,0.009953161592505855,34,3382,1919,1497,0.561768149882904,B0_SELF,0.9611082673072816,0.00936768149882904,0.009953161592505855,0.05,4879,244,0.03571428571428571,220,24,0.9016393442622951,220,0.14696058784235136,0.6261709601873536,6.440281030444961,220,0.9016393442622951,0.6261709601873536,0,0.0,0.0
52,TEMPLATE_OOD,0.01,B0_STRUCT_XGB,0.9611082673072816,0.00936768149882904,0.009953161592505855,34,3382,1919,1497,0.561768149882904,T0_E2E,0.9983256459236146,0.00936768149882904,0.018442622950819672,0.05,4879,244,0.03571428571428571,239,5,0.9795081967213115,239,0.15965263861055445,0.6317330210772834,6.996487119437933,220,0.9016393442622951,0.6261709601873536,19,0.07786885245901642,0.5562060889929721
52,TEMPLATE_OOD,0.01,B0_STRUCT_XGB,0.9611082673072816,0.00936768149882904,0.009953161592505855,34,3382,1919,1497,0.561768149882904,DAPT_E2E,0.9993435740470887,0.00936768149882904,0.01522248243559719,0.05,4879,244,0.03571428571428571,241,3,0.9877049180327869,241,0.16098864395457582,0.6323185011709602,7.055035128805621,220,0.9016393442622951,0.6261709601873536,21,0.08606557377049184,0.6147540983606592
52,TEMPLATE_OOD,0.01,B0_STRUCT_XGB,0.9611082673072816,0.00936768149882904,0.009953161592505855,34,3382,1919,1497,0.561768149882904,BASE_EMB_MLP,0.9844682812690736,0.00936768149882904,0.018149882903981264,0.05,4879,244,0.03571428571428571,221,23,0.9057377049180327,221,0.14762859051436206,0.6264637002341921,6.4695550351288045,220,0.9016393442622951,0.6261709601873536,1,0.004098360655737654,0.029274004683843557
52,TEMPLATE_OOD,0.01,B0_STRUCT_XGB,0.9611082673072816,0.00936768149882904,0.009953161592505855,34,3382,1919,1497,0.561768149882904,DAPT_EMB_MLP,0.9907472133636476,0.00936768149882904,0.00936768149882904,0.05,4879,244,0.03571428571428571,227,17,0.930327868852459,227,0.1516366065464262,0.6282201405152225,6.645199063231844,220,0.9016393442622951,0.6261709601873536,7,0.02868852459016391,0.2049180327868827
52,TEMPLATE_OOD,0.01,B0_STRUCT_XGB,0.9611082673072816,0.00936768149882904,0.009953161592505855,34,3382,1919,1497,0.561768149882904,CONTRASTIVE_EMB_MLP,0.9855802655220033,0.00936768149882904,0.00936768149882904,0.05,4879,244,0.03571428571428571,227,17,0.930327868852459,227,0.1516366065464262,0.6282201405152225,6.645199063231844,220,0.9016393442622951,0.6261709601873536,7,0.02868852459016391,0.2049180327868827
52,TEMPLATE_OOD,0.01,B0_STRUCT_XGB,0.9611082673072816,0.00936768149882904,0.009953161592505855,34,3382,1919,1497,0.561768149882904,B0_SELF,0.9611082673072816,0.00936768149882904,0.009953161592505855,0.1,4879,488,0.07142857142857142,431,57,0.8831967213114754,431,0.2879091516366065,0.6879391100702577,12.617096018735364,431,0.8831967213114754,0.6879391100702577,0,0.0,0.0
52,TEMPLATE_OOD,0.01,B0_STRUCT_XGB,0.9611082673072816,0.00936768149882904,0.009953161592505855,34,3382,1919,1497,0.561768149882904,T0_E2E,0.9983256459236146,0.00936768149882904,0.018442622950819672,0.1,4879,488,0.07142857142857142,449,39,0.9200819672131147,449,0.2999331997327989,0.6932084309133489,13.14402810304449,431,0.8831967213114754,0.6879391100702577,18,0.03688524590163933,0.5269320843091285
52,TEMPLATE_OOD,0.01,B0_STRUCT_XGB,0.9611082673072816,0.00936768149882904,0.009953161592505855,34,3382,1919,1497,0.561768149882904,DAPT_E2E,0.9993435740470887,0.00936768149882904,0.01522248243559719,0.1,4879,488,0.07142857142857142,461,27,0.944672131147541,461,0.3079492317969272,0.6967213114754098,13.495316159250581,431,0.8831967213114754,0.6879391100702577,30,0.061475409836065587,0.8782201405152179
52,TEMPLATE_OOD,0.01,B0_STRUCT_XGB,0.9611082673072816,0.00936768149882904,0.009953161592505855,34,3382,1919,1497,0.561768149882904,BASE_EMB_MLP,0.9844682812690736,0.00936768149882904,0.018149882903981264,0.1,4879,488,0.07142857142857142,439,49,0.8995901639344263,439,0.29325317301269205,0.6902810304449649,12.851288056206089,431,0.8831967213114754,0.6879391100702577,8,0.016393442622950838,0.23419203747072626
52,TEMPLATE_OOD,0.01,B0_STRUCT_XGB,0.9611082673072816,0.00936768149882904,0.009953161592505855,34,3382,1919,1497,0.561768149882904,DAPT_EMB_MLP,0.9907472133636476,0.00936768149882904,0.00936768149882904,0.1,4879,488,0.07142857142857142,437,51,0.8954918032786885,437,0.29191716766867065,0.689695550351288,12.792740046838402,431,0.8831967213114754,0.6879391100702577,6,0.012295081967213073,0.17564402810303914
52,TEMPLATE_OOD,0.01,B0_STRUCT_XGB,0.9611082673072816,0.00936768149882904,0.009953161592505855,34,3382,1919,1497,0.561768149882904,CONTRASTIVE_EMB_MLP,0.9855802655220033,0.00936768149882904,0.00936768149882904,0.1,4879,488,0.07142857142857142,426,62,0.8729508196721312,426,0.2845691382765531,0.6864754098360656,12.470725995316156,431,0.8831967213114754,0.6879391100702577,-5,-0.010245901639344246,-0.14637002341920669
52,TEMPLATE_OOD,0.01,B0_STRUCT_XGB,0.9611082673072816,0.00936768149882904,0.009953161592505855,34,3382,1919,1497,0.561768149882904,B0_SELF,0.9611082673072816,0.00936768149882904,0.009953161592505855,0.2,4879,976,0.14285714285714285,776,200,0.7950819672131147,776,0.518370073480294,0.7889344262295082,22.716627634660412,776,0.7950819672131147,0.7889344262295082,0,0.0,0.0
52,TEMPLATE_OOD,0.01,B0_STRUCT_XGB,0.9611082673072816,0.00936768149882904,0.009953161592505855,34,3382,1919,1497,0.561768149882904,T0_E2E,0.9983256459236146,0.00936768149882904,0.018442622950819672,0.2,4879,976,0.14285714285714285,869,107,0.8903688524590164,869,0.5804943219772879,0.8161592505854801,25.43911007025761,776,0.7950819672131147,0.7889344262295082,93,0.09528688524590168,2.7224824355971955
52,TEMPLATE_OOD,0.01,B0_STRUCT_XGB,0.9611082673072816,0.00936768149882904,0.009953161592505855,34,3382,1919,1497,0.561768149882904,DAPT_E2E,0.9993435740470887,0.00936768149882904,0.01522248243559719,0.2,4879,976,0.14285714285714285,898,78,0.9200819672131147,898,0.5998663994655978,0.824648711943794,26.288056206088996,776,0.7950819672131147,0.7889344262295082,122,0.125,3.571428571428581
52,TEMPLATE_OOD,0.01,B0_STRUCT_XGB,0.9611082673072816,0.00936768149882904,0.009953161592505855,34,3382,1919,1497,0.561768149882904,BASE_EMB_MLP,0.9844682812690736,0.00936768149882904,0.018149882903981264,0.2,4879,976,0.14285714285714285,788,188,0.8073770491803278,788,0.5263861055444222,0.792447306791569,23.067915690866503,776,0.7950819672131147,0.7889344262295082,12,0.012295081967213073,0.3512880562060894
52,TEMPLATE_OOD,0.01,B0_STRUCT_XGB,0.9611082673072816,0.00936768149882904,0.009953161592505855,34,3382,1919,1497,0.561768149882904,DAPT_EMB_MLP,0.9907472133636476,0.00936768149882904,0.00936768149882904,0.2,4879,976,0.14285714285714285,755,221,0.7735655737704918,755,0.5043420173680695,0.7827868852459017,22.101873536299767,776,0.7950819672131147,0.7889344262295082,-21,-0.021516393442622905,-0.6147540983606481
52,TEMPLATE_OOD,0.01,B0_STRUCT_XGB,0.9611082673072816,0.00936768149882904,0.009953161592505855,34,3382,1919,1497,0.561768149882904,CONTRASTIVE_EMB_MLP,0.9855802655220033,0.00936768149882904,0.00936768149882904,0.2,4879,976,0.14285714285714285,708,268,0.7254098360655737,708,0.4729458917835671,0.7690281030444965,20.725995316159253,776,0.7950819672131147,0.7889344262295082,-68,-0.069672131147541,-1.990632318501162
52,DOMAIN_TEMPLATE_OOD,0.01,B0_STRUCT_XGB,0.9611082673072816,0.00936768149882904,0.011866235167206042,22,1832,841,1013,0.45361380798274004,B0_SELF,0.9611082673072816,0.00936768149882904,0.011866235167206042,0.05,2845,143,0.03856526429341963,129,14,0.9020979020979021,129,0.12734452122408688,0.52319309600863,6.957928802588992,129,0.9020979020979021,0.52319309600863,0,0.0,0.0
52,DOMAIN_TEMPLATE_OOD,0.01,B0_STRUCT_XGB,0.9611082673072816,0.00936768149882904,0.011866235167206042,22,1832,841,1013,0.45361380798274004,T0_E2E,0.9983256459236146,0.00936768149882904,0.01348435814455232,0.05,2845,143,0.03856526429341963,142,1,0.993006993006993,142,0.140177690029615,0.5302049622437972,7.659115426105717,129,0.9020979020979021,0.52319309600863,13,0.09090909090909094,0.7011866235167252
52,DOMAIN_TEMPLATE_OOD,0.01,B0_STRUCT_XGB,0.9611082673072816,0.00936768149882904,0.011866235167206042,22,1832,841,1013,0.45361380798274004,DAPT_E2E,0.9993435740470887,0.00936768149882904,0.009708737864077669,0.05,2845,143,0.03856526429341963,143,0,1.0,143,0.14116485686080948,0.5307443365695793,7.713052858683928,129,0.9020979020979021,0.52319309600863,14,0.09790209790209792,0.7551240560949357
52,DOMAIN_TEMPLATE_OOD,0.01,B0_STRUCT_XGB,0.9611082673072816,0.00936768149882904,0.011866235167206042,22,1832,841,1013,0.45361380798274004,BASE_EMB_MLP,0.9844682812690736,0.00936768149882904,0.022114347357065803,0.05,2845,143,0.03856526429341963,128,15,0.8951048951048951,128,0.1263573543928924,0.5226537216828478,6.903991370010782,129,0.9020979020979021,0.52319309600863,-1,-0.006993006993006978,-0.05393743257821049
52,DOMAIN_TEMPLATE_OOD,0.01,B0_STRUCT_XGB,0.9611082673072816,0.00936768149882904,0.011866235167206042,22,1832,841,1013,0.45361380798274004,DAPT_EMB_MLP,0.9907472133636476,0.00936768149882904,0.010248112189859764,0.05,2845,143,0.03856526429341963,135,8,0.9440559440559441,135,0.1332675222112537,0.5264293419633226,7.2815533980582545,129,0.9020979020979021,0.52319309600863,6,0.04195804195804198,0.3236245954692629
52,DOMAIN_TEMPLATE_OOD,0.01,B0_STRUCT_XGB,0.9611082673072816,0.00936768149882904,0.011866235167206042,22,1832,841,1013,0.45361380798274004,CONTRASTIVE_EMB_MLP,0.9855802655220033,0.00936768149882904,0.011866235167206042,0.05,2845,143,0.03856526429341963,133,10,0.9300699300699301,133,0.13129318854886476,0.5253505933117584,7.1736785329018335,129,0.9020979020979021,0.52319309600863,4,0.027972027972028024,0.21574973031284195
52,DOMAIN_TEMPLATE_OOD,0.01,B0_STRUCT_XGB,0.9611082673072816,0.00936768149882904,0.011866235167206042,22,1832,841,1013,0.45361380798274004,B0_SELF,0.9611082673072816,0.00936768149882904,0.011866235167206042,0.1,2845,285,0.07686084142394822,241,44,0.8456140350877193,241,0.23790720631786771,0.5836030204962244,12.998921251348433,241,0.8456140350877193,0.5836030204962244,0,0.0,0.0
52,DOMAIN_TEMPLATE_OOD,0.01,B0_STRUCT_XGB,0.9611082673072816,0.00936768149882904,0.011866235167206042,22,1832,841,1013,0.45361380798274004,T0_E2E,0.9983256459236146,0.00936768149882904,0.01348435814455232,0.1,2845,285,0.07686084142394822,274,11,0.9614035087719298,274,0.2704837117472853,0.6014023732470335,14.778856526429346,241,0.8456140350877193,0.5836030204962244,33,0.11578947368421055,1.7799352750809128
52,DOMAIN_TEMPLATE_OOD,0.01,B0_STRUCT_XGB,0.9611082673072816,0.00936768149882904,0.011866235167206042,22,1832,841,1013,0.45361380798274004,DAPT_E2E,0.9993435740470887,0.00936768149882904,0.009708737864077669,0.1,2845,285,0.07686084142394822,279,6,0.9789473684210527,279,0.2754195459032576,0.6040992448759439,15.048543689320388,241,0.8456140350877193,0.5836030204962244,38,0.13333333333333341,2.049622437971954
52,DOMAIN_TEMPLATE_OOD,0.01,B0_STRUCT_XGB,0.9611082673072816,0.00936768149882904,0.011866235167206042,22,1832,841,1013,0.45361380798274004,BASE_EMB_MLP,0.9844682812690736,0.00936768149882904,0.022114347357065803,0.1,2845,285,0.07686084142394822,255,30,0.8947368421052632,255,0.25172754195459035,0.5911542610571737,13.754045307443368,241,0.8456140350877193,0.5836030204962244,14,0.0491228070175439,0.7551240560949357
52,DOMAIN_TEMPLATE_OOD,0.01,B0_STRUCT_XGB,0.9611082673072816,0.00936768149882904,0.011866235167206042,22,1832,841,1013,0.45361380798274004,DAPT_EMB_MLP,0.9907472133636476,0.00936768149882904,0.010248112189859764,0.1,2845,285,0.07686084142394822,257,28,0.9017543859649123,257,0.25370187561697927,0.5922330097087378,13.86192017259978,241,0.8456140350877193,0.5836030204962244,16,0.056140350877193046,0.8629989212513456
52,DOMAIN_TEMPLATE_OOD,0.01,B0_STRUCT_XGB,0.9611082673072816,0.00936768149882904,0.011866235167206042,22,1832,841,1013,0.45361380798274004,CONTRASTIVE_EMB_MLP,0.9855802655220033,0.00936768149882904,0.011866235167206042,0.1,2845,285,0.07686084142394822,252,33,0.8842105263157894,252,0.24876604146100692,0.5895361380798274,13.592233009708737,241,0.8456140350877193,0.5836030204962244,11,0.038596491228070184,0.5933117583603043
52,DOMAIN_TEMPLATE_OOD,0.01,B0_STRUCT_XGB,0.9611082673072816,0.00936768149882904,0.011866235167206042,22,1832,841,1013,0.45361380798274004,B0_SELF,0.9611082673072816,0.00936768149882904,0.011866235167206042,0.2,2845,569,0.1534519956850054,455,114,0.7996485061511424,455,0.4491609081934847,0.6990291262135923,24.541531823085222,455,0.7996485061511424,0.6990291262135923,0,0.0,0.0
52,DOMAIN_TEMPLATE_OOD,0.01,B0_STRUCT_XGB,0.9611082673072816,0.00936768149882904,0.011866235167206042,22,1832,841,1013,0.45361380798274004,T0_E2E,0.9983256459236146,0.00936768149882904,0.01348435814455232,0.2,2845,569,0.1534519956850054,520,49,0.9138840070298769,520,0.5133267522211253,0.7340884573894283,28.047464940668824,455,0.7996485061511424,0.6990291262135923,65,0.11423550087873457,3.505933117583604
52,DOMAIN_TEMPLATE_OOD,0.01,B0_STRUCT_XGB,0.9611082673072816,0.00936768149882904,0.011866235167206042,22,1832,841,1013,0.45361380798274004,DAPT_E2E,0.9993435740470887,0.00936768149882904,0.009708737864077669,0.2,2845,569,0.1534519956850054,539,30,0.9472759226713533,539,0.5320829220138203,0.7443365695792881,29.072276159654802,455,0.7996485061511424,0.6990291262135923,84,0.14762741652021094,4.530744336569581
52,DOMAIN_TEMPLATE_OOD,0.01,B0_STRUCT_XGB,0.9611082673072816,0.00936768149882904,0.011866235167206042,22,1832,841,1013,0.45361380798274004,BASE_EMB_MLP,0.9844682812690736,0.00936768149882904,0.022114347357065803,0.2,2845,569,0.1534519956850054,481,88,0.8453427065026362,481,0.47482724580454094,0.7130528586839266,25.94390507011866,455,0.7996485061511424,0.6990291262135923,26,0.04569420035149385,1.4023732470334394
52,DOMAIN_TEMPLATE_OOD,0.01,B0_STRUCT_XGB,0.9611082673072816,0.00936768149882904,0.011866235167206042,22,1832,841,1013,0.45361380798274004,DAPT_EMB_MLP,0.9907472133636476,0.00936768149882904,0.010248112189859764,0.2,2845,569,0.1534519956850054,452,117,0.7943760984182777,452,0.4461994076999013,0.6974110032362459,24.37971952535059,455,0.7996485061511424,0.6990291262135923,-3,-0.005272407732864637,-0.16181229773463146
52,DOMAIN_TEMPLATE_OOD,0.01,B0_STRUCT_XGB,0.9611082673072816,0.00936768149882904,0.011866235167206042,22,1832,841,1013,0.45361380798274004,CONTRASTIVE_EMB_MLP,0.9855802655220033,0.00936768149882904,0.011866235167206042,0.2,2845,569,0.1534519956850054,437,132,0.7680140597539543,437,0.43139190523198423,0.6893203883495146,23.570658036677454,455,0.7996485061511424,0.6990291262135923,-18,-0.03163444639718804,-0.9708737864077666
52,IID_ORIGINAL,0.02,B0_STRUCT_XGB,0.8662768006324769,0.01990632318501171,0.019568489713998997,39,1954,624,434,0.5897920604914934,B0_SELF,0.8662768006324769,0.01990632318501171,0.019568489713998997,0.05,2388,120,0.03933136676499508,74,46,0.6166666666666667,74,0.17050691244239632,0.6597353497164461,6.994328922495274,74,0.6166666666666667,0.6597353497164461,0,0.0,0.0
52,IID_ORIGINAL,0.02,B0_STRUCT_XGB,0.8662768006324769,0.01990632318501171,0.019568489713998997,39,1954,624,434,0.5897920604914934,T0_E2E,0.9762879610061647,0.01990632318501171,0.02809834420471651,0.05,2388,120,0.03933136676499508,96,24,0.8,96,0.22119815668202766,0.6805293005671077,9.073724007561434,74,0.6166666666666667,0.6597353497164461,22,0.18333333333333335,2.07939508506616
52,IID_ORIGINAL,0.02,B0_STRUCT_XGB,0.8662768006324769,0.01990632318501171,0.019568489713998997,39,1954,624,434,0.5897920604914934,DAPT_E2E,0.9987768530845643,0.01990632318501171,0.021575514300050176,0.05,2388,120,0.03933136676499508,97,23,0.8083333333333333,97,0.22350230414746544,0.6814744801512287,9.168241965973534,74,0.6166666666666667,0.6597353497164461,23,0.19166666666666665,2.1739130434782594
52,IID_ORIGINAL,0.02,B0_STRUCT_XGB,0.8662768006324769,0.01990632318501171,0.019568489713998997,39,1954,624,434,0.5897920604914934,BASE_EMB_MLP,0.9566177725791932,0.01990632318501171,0.03161063723030607,0.05,2388,120,0.03933136676499508,83,37,0.6916666666666667,83,0.1912442396313364,0.668241965973535,7.8449905482041675,74,0.6166666666666667,0.6597353497164461,9,0.07499999999999996,0.8506616257088928
52,IID_ORIGINAL,0.02,B0_STRUCT_XGB,0.8662768006324769,0.01990632318501171,0.019568489713998997,39,1954,624,434,0.5897920604914934,DAPT_EMB_MLP,0.9405919313430787,0.01990632318501171,0.03763171098845961,0.05,2388,120,0.03933136676499508,84,36,0.7,84,0.1935483870967742,0.6691871455576559,7.939508506616255,74,0.6166666666666667,0.6597353497164461,10,0.08333333333333326,0.9451795841209809
52,IID_ORIGINAL,0.02,B0_STRUCT_XGB,0.8662768006324769,0.01990632318501171,0.019568489713998997,39,1954,624,434,0.5897920604914934,CONTRASTIVE_EMB_MLP,0.9628323912620546,0.01990632318501171,0.026593075765178123,0.05,2388,120,0.03933136676499508,79,41,0.6583333333333333,79,0.18202764976958524,0.6644612476370511,7.466918714555771,74,0.6166666666666667,0.6597353497164461,5,0.04166666666666663,0.472589792060496
52,IID_ORIGINAL,0.02,B0_STRUCT_XGB,0.8662768006324769,0.01990632318501171,0.019568489713998997,39,1954,624,434,0.5897920604914934,B0_SELF,0.8662768006324769,0.01990632318501171,0.019568489713998997,0.1,2388,239,0.07833497214028187,135,104,0.5648535564853556,135,0.31105990783410137,0.717391304347826,12.75992438563327,135,0.5648535564853556,0.717391304347826,0,0.0,0.0
52,IID_ORIGINAL,0.02,B0_STRUCT_XGB,0.8662768006324769,0.01990632318501171,0.019568489713998997,39,1954,624,434,0.5897920604914934,T0_E2E,0.9762879610061647,0.01990632318501171,0.02809834420471651,0.1,2388,239,0.07833497214028187,174,65,0.7280334728033473,174,0.4009216589861751,0.7542533081285444,16.446124763705107,135,0.5648535564853556,0.717391304347826,39,0.16317991631799167,3.6862003780718355
52,IID_ORIGINAL,0.02,B0_STRUCT_XGB,0.8662768006324769,0.01990632318501171,0.019568489713998997,39,1954,624,434,0.5897920604914934,DAPT_E2E,0.9987768530845643,0.01990632318501171,0.021575514300050176,0.1,2388,239,0.07833497214028187,180,59,0.7531380753138075,180,0.4147465437788018,0.7599243856332704,17.0132325141777,135,0.5648535564853556,0.717391304347826,45,0.18828451882845187,4.253308128544431
52,IID_ORIGINAL,0.02,B0_STRUCT_XGB,0.8662768006324769,0.01990632318501171,0.019568489713998997,39,1954,624,434,0.5897920604914934,BASE_EMB_MLP,0.9566177725791932,0.01990632318501171,0.03161063723030607,0.1,2388,239,0.07833497214028187,143,96,0.5983263598326359,143,0.3294930875576037,0.724952741020794,13.516068052930063,135,0.5648535564853556,0.717391304347826,8,0.03347280334728031,0.7561436672967936
52,IID_ORIGINAL,0.02,B0_STRUCT_XGB,0.8662768006324769,0.01990632318501171,0.019568489713998997,39,1954,624,434,0.5897920604914934,DAPT_EMB_MLP,0.9405919313430787,0.01990632318501171,0.03763171098845961,0.1,2388,239,0.07833497214028187,129,110,0.5397489539748954,129,0.29723502304147464,0.7117202268431002,12.192816635160685,135,0.5648535564853556,0.717391304347826,-6,-0.025104602510460206,-0.5671077504725841
52,IID_ORIGINAL,0.02,B0_STRUCT_XGB,0.8662768006324769,0.01990632318501171,0.019568489713998997,39,1954,624,434,0.5897920604914934,CONTRASTIVE_EMB_MLP,0.9628323912620546,0.01990632318501171,0.026593075765178123,0.1,2388,239,0.07833497214028187,136,103,0.5690376569037657,136,0.31336405529953915,0.718336483931947,12.854442344045369,135,0.5648535564853556,0.717391304347826,1,0.004184100418410108,0.0945179584120992
52,IID_ORIGINAL,0.02,B0_STRUCT_XGB,0.8662768006324769,0.01990632318501171,0.019568489713998997,39,1954,624,434,0.5897920604914934,B0_SELF,0.8662768006324769,0.01990632318501171,0.019568489713998997,0.2,2388,478,0.15666994428056374,197,281,0.4121338912133891,197,0.4539170506912442,0.775992438563327,18.620037807183365,197,0.4121338912133891,0.775992438563327,0,0.0,0.0
52,IID_ORIGINAL,0.02,B0_STRUCT_XGB,0.8662768006324769,0.01990632318501171,0.019568489713998997,39,1954,624,434,0.5897920604914934,T0_E2E,0.9762879610061647,0.01990632318501171,0.02809834420471651,0.2,2388,478,0.15666994428056374,246,232,0.5146443514644351,246,0.5668202764976958,0.8223062381852552,23.251417769376182,197,0.4121338912133891,0.775992438563327,49,0.10251046025104599,4.631379962192817
52,IID_ORIGINAL,0.02,B0_STRUCT_XGB,0.8662768006324769,0.01990632318501171,0.019568489713998997,39,1954,624,434,0.5897920604914934,DAPT_E2E,0.9987768530845643,0.01990632318501171,0.021575514300050176,0.2,2388,478,0.15666994428056374,239,239,0.5,239,0.5506912442396313,0.8156899810964083,22.589792060491497,197,0.4121338912133891,0.775992438563327,42,0.08786610878661089,3.969754253308133
52,IID_ORIGINAL,0.02,B0_STRUCT_XGB,0.8662768006324769,0.01990632318501171,0.019568489713998997,39,1954,624,434,0.5897920604914934,BASE_EMB_MLP,0.9566177725791932,0.01990632318501171,0.03161063723030607,0.2,2388,478,0.15666994428056374,228,250,0.4769874476987448,228,0.5253456221198156,0.8052930056710775,21.550094517958417,197,0.4121338912133891,0.775992438563327,31,0.06485355648535568,2.930056710775053
52,IID_ORIGINAL,0.02,B0_STRUCT_XGB,0.8662768006324769,0.01990632318501171,0.019568489713998997,39,1954,624,434,0.5897920604914934,DAPT_EMB_MLP,0.9405919313430787,0.01990632318501171,0.03763171098845961,0.2,2388,478,0.15666994428056374,218,260,0.4560669456066946,218,0.5023041474654378,0.7958412098298677,20.60491493383744,197,0.4121338912133891,0.775992438563327,21,0.04393305439330547,1.9848771266540721
52,IID_ORIGINAL,0.02,B0_STRUCT_XGB,0.8662768006324769,0.01990632318501171,0.019568489713998997,39,1954,624,434,0.5897920604914934,CONTRASTIVE_EMB_MLP,0.9628323912620546,0.01990632318501171,0.026593075765178123,0.2,2388,478,0.15666994428056374,235,243,0.4916317991631799,235,0.5414746543778802,0.8119092627599244,22.211720226843102,197,0.4121338912133891,0.775992438563327,38,0.07949790794979078,3.5916824196597363
52,IID_BALANCED,0.02,B0_STRUCT_XGB,0.8662768006324769,0.01990632318501171,0.020793950850661626,22,1036,624,434,0.5897920604914934,B0_SELF,0.8662768006324769,0.01990632318501171,0.020793950850661626,0.05,1470,74,0.03497164461247637,59,15,0.7972972972972973,59,0.1359447004608295,0.6455576559546313,5.576559546313797,59,0.7972972972972973,0.6455576559546313,0,0.0,0.0
52,IID_BALANCED,0.02,B0_STRUCT_XGB,0.8662768006324769,0.01990632318501171,0.020793950850661626,22,1036,624,434,0.5897920604914934,T0_E2E,0.9762879610061647,0.01990632318501171,0.02930056710775047,0.05,1470,74,0.03497164461247637,68,6,0.918918918918919,68,0.15668202764976957,0.6540642722117203,6.427221172022691,59,0.7972972972972973,0.6455576559546313,9,0.12162162162162171,0.8506616257088928
52,IID_BALANCED,0.02,B0_STRUCT_XGB,0.8662768006324769,0.01990632318501171,0.020793950850661626,22,1036,624,434,0.5897920604914934,DAPT_E2E,0.9987768530845643,0.01990632318501171,0.024574669187145556,0.05,1470,74,0.03497164461247637,70,4,0.9459459459459459,70,0.16129032258064516,0.6559546313799622,6.616257088846888,59,0.7972972972972973,0.6455576559546313,11,0.14864864864864868,1.0396975425330912
52,IID_BALANCED,0.02,B0_STRUCT_XGB,0.8662768006324769,0.01990632318501171,0.020793950850661626,22,1036,624,434,0.5897920604914934,BASE_EMB_MLP,0.9566177725791932,0.01990632318501171,0.036862003780718335,0.05,1470,74,0.03497164461247637,63,11,0.8513513513513513,63,0.14516129032258066,0.6493383742911153,5.954631379962194,59,0.7972972972972973,0.6455576559546313,4,0.05405405405405406,0.3780718336483968
52,IID_BALANCED,0.02,B0_STRUCT_XGB,0.8662768006324769,0.01990632318501171,0.020793950850661626,22,1036,624,434,0.5897920604914934,DAPT_EMB_MLP,0.9405919313430787,0.01990632318501171,0.0444234404536862,0.05,1470,74,0.03497164461247637,60,14,0.8108108108108109,60,0.1382488479262673,0.6465028355387523,5.671077504725897,59,0.7972972972972973,0.6455576559546313,1,0.013513513513513598,0.0945179584120992
52,IID_BALANCED,0.02,B0_STRUCT_XGB,0.8662768006324769,0.01990632318501171,0.020793950850661626,22,1036,624,434,0.5897920604914934,CONTRASTIVE_EMB_MLP,0.9628323912620546,0.01990632318501171,0.030245746691871456,0.05,1470,74,0.03497164461247637,57,17,0.7702702702702703,57,0.1313364055299539,0.6436672967863895,5.3875236294896105,59,0.7972972972972973,0.6455576559546313,-2,-0.027027027027026973,-0.1890359168241873
52,IID_BALANCED,0.02,B0_STRUCT_XGB,0.8662768006324769,0.01990632318501171,0.020793950850661626,22,1036,624,434,0.5897920604914934,B0_SELF,0.8662768006324769,0.01990632318501171,0.020793950850661626,0.1,1470,147,0.06947069943289225,109,38,0.7414965986394558,109,0.2511520737327189,0.6928166351606805,10.302457466918714,109,0.7414965986394558,0.6928166351606805,0,0.0,0.0
52,IID_BALANCED,0.02,B0_STRUCT_XGB,0.8662768006324769,0.01990632318501171,0.020793950850661626,22,1036,624,434,0.5897920604914934,T0_E2E,0.9762879610061647,0.01990632318501171,0.02930056710775047,0.1,1470,147,0.06947069943289225,128,19,0.8707482993197279,128,0.29493087557603687,0.7107750472589792,12.098298676748588,109,0.7414965986394558,0.6928166351606805,19,0.12925170068027203,1.7958412098298737
52,IID_BALANCED,0.02,B0_STRUCT_XGB,0.8662768006324769,0.01990632318501171,0.020793950850661626,22,1036,624,434,0.5897920604914934,DAPT_E2E,0.9987768530845643,0.01990632318501171,0.024574669187145556,0.1,1470,147,0.06947069943289225,132,15,0.8979591836734694,132,0.30414746543778803,0.7145557655954632,12.476370510396983,109,0.7414965986394558,0.6928166351606805,23,0.15646258503401356,2.1739130434782705
52,IID_BALANCED,0.02,B0_STRUCT_XGB,0.8662768006324769,0.01990632318501171,0.020793950850661626,22,1036,624,434,0.5897920604914934,BASE_EMB_MLP,0.9566177725791932,0.01990632318501171,0.036862003780718335,0.1,1470,147,0.06947069943289225,114,33,0.7755102040816326,114,0.2626728110599078,0.6975425330812854,10.775047258979209,109,0.7414965986394558,0.6928166351606805,5,0.0340136054421768,0.472589792060496
52,IID_BALANCED,0.02,B0_STRUCT_XGB,0.8662768006324769,0.01990632318501171,0.020793950850661626,22,1036,624,434,0.5897920604914934,DAPT_EMB_MLP,0.9405919313430787,0.01990632318501171,0.0444234404536862,0.1,1470,147,0.06947069943289225,103,44,0.7006802721088435,103,0.23732718894009217,0.6871455576559546,9.735349716446128,109,0.7414965986394558,0.6928166351606805,-6,-0.04081632653061229,-0.5671077504725841
52,IID_BALANCED,0.02,B0_STRUCT_XGB,0.8662768006324769,0.01990632318501171,0.020793950850661626,22,1036,624,434,0.5897920604914934,CONTRASTIVE_EMB_MLP,0.9628323912620546,0.01990632318501171,0.030245746691871456,0.1,1470,147,0.06947069943289225,103,44,0.7006802721088435,103,0.23732718894009217,0.6871455576559546,9.735349716446128,109,0.7414965986394558,0.6928166351606805,-6,-0.04081632653061229,-0.5671077504725841
52,IID_BALANCED,0.02,B0_STRUCT_XGB,0.8662768006324769,0.01990632318501171,0.020793950850661626,22,1036,624,434,0.5897920604914934,B0_SELF,0.8662768006324769,0.01990632318501171,0.020793950850661626,0.2,1470,294,0.1389413988657845,179,115,0.608843537414966,179,0.41244239631336405,0.7589792060491494,16.9187145557656,179,0.608843537414966,0.7589792060491494,0,0.0,0.0
52,IID_BALANCED,0.02,B0_STRUCT_XGB,0.8662768006324769,0.01990632318501171,0.020793950850661626,22,1036,624,434,0.5897920604914934,T0_E2E,0.9762879610061647,0.01990632318501171,0.02930056710775047,0.2,1470,294,0.1389413988657845,220,74,0.7482993197278912,220,0.5069124423963134,0.7977315689981096,20.793950850661624,179,0.608843537414966,0.7589792060491494,41,0.1394557823129252,3.875236294896023
52,IID_BALANCED,0.02,B0_STRUCT_XGB,0.8662768006324769,0.01990632318501171,0.020793950850661626,22,1036,624,434,0.5897920604914934,DAPT_E2E,0.9987768530845643,0.01990632318501171,0.024574669187145556,0.2,1470,294,0.1389413988657845,221,73,0.7517006802721088,221,0.5092165898617511,0.7986767485822306,20.888468809073725,179,0.608843537414966,0.7589792060491494,42,0.1428571428571428,3.969754253308122
52,IID_BALANCED,0.02,B0_STRUCT_XGB,0.8662768006324769,0.01990632318501171,0.020793950850661626,22,1036,624,434,0.5897920604914934,BASE_EMB_MLP,0.9566177725791932,0.01990632318501171,0.036862003780718335,0.2,1470,294,0.1389413988657845,198,96,0.673469387755102,198,0.45622119815668205,0.776937618147448,18.714555765595463,179,0.608843537414966,0.7589792060491494,19,0.06462585034013602,1.7958412098298626
52,IID_BALANCED,0.02,B0_STRUCT_XGB,0.8662768006324769,0.01990632318501171,0.020793950850661626,22,1036,624,434,0.5897920604914934,DAPT_EMB_MLP,0.9405919313430787,0.01990632318501171,0.0444234404536862,0.2,1470,294,0.1389413988657845,192,102,0.6530612244897959,192,0.4423963133640553,0.7712665406427222,18.14744801512288,179,0.608843537414966,0.7589792060491494,13,0.04421768707482987,1.2287334593572785
52,IID_BALANCED,0.02,B0_STRUCT_XGB,0.8662768006324769,0.01990632318501171,0.020793950850661626,22,1036,624,434,0.5897920604914934,CONTRASTIVE_EMB_MLP,0.9628323912620546,0.01990632318501171,0.030245746691871456,0.2,1470,294,0.1389413988657845,199,95,0.6768707482993197,199,0.45852534562211983,0.777882797731569,18.809073724007565,179,0.608843537414966,0.7589792060491494,20,0.0680272108843537,1.8903591682419618
52,TEMPORAL,0.02,B0_STRUCT_XGB,0.8662768006324769,0.01990632318501171,0.0195,78,3922,2671,1329,0.66775,B0_SELF,0.8662768006324769,0.01990632318501171,0.0195,0.05,5251,263,0.032875,228,35,0.8669201520912547,228,0.17155756207674944,0.72475,5.700000000000005,228,0.8669201520912547,0.72475,0,0.0,0.0
52,TEMPORAL,0.02,B0_STRUCT_XGB,0.8662768006324769,0.01990632318501171,0.0195,78,3922,2671,1329,0.66775,T0_E2E,0.9762879610061647,0.01990632318501171,0.0275,0.05,5251,263,0.032875,236,27,0.8973384030418251,236,0.17757712565838976,0.72675,5.900000000000006,228,0.8669201520912547,0.72475,8,0.03041825095057038,0.20000000000000018
52,TEMPORAL,0.02,B0_STRUCT_XGB,0.8662768006324769,0.01990632318501171,0.0195,78,3922,2671,1329,0.66775,DAPT_E2E,0.9987768530845643,0.01990632318501171,0.02575,0.05,5251,263,0.032875,251,12,0.9543726235741445,251,0.18886380737396538,0.7305,6.275000000000008,228,0.8669201520912547,0.72475,23,0.08745247148288982,0.5750000000000033
52,TEMPORAL,0.02,B0_STRUCT_XGB,0.8662768006324769,0.01990632318501171,0.0195,78,3922,2671,1329,0.66775,BASE_EMB_MLP,0.9566177725791932,0.01990632318501171,0.02675,0.05,5251,263,0.032875,224,39,0.8517110266159695,224,0.16854778028592926,0.72375,5.600000000000005,228,0.8669201520912547,0.72475,-4,-0.01520912547528519,-0.10000000000000009
52,TEMPORAL,0.02,B0_STRUCT_XGB,0.8662768006324769,0.01990632318501171,0.0195,78,3922,2671,1329,0.66775,DAPT_EMB_MLP,0.9405919313430787,0.01990632318501171,0.02175,0.05,5251,263,0.032875,227,36,0.8631178707224335,227,0.1708051166290444,0.7245,5.675000000000008,228,0.8669201520912547,0.72475,-1,-0.0038022813688212143,-0.024999999999997247
52,TEMPORAL,0.02,B0_STRUCT_XGB,0.8662768006324769,0.01990632318501171,0.0195,78,3922,2671,1329,0.66775,CONTRASTIVE_EMB_MLP,0.9628323912620546,0.01990632318501171,0.021,0.05,5251,263,0.032875,227,36,0.8631178707224335,227,0.1708051166290444,0.7245,5.675000000000008,228,0.8669201520912547,0.72475,-1,-0.0038022813688212143,-0.024999999999997247
52,TEMPORAL,0.02,B0_STRUCT_XGB,0.8662768006324769,0.01990632318501171,0.0195,78,3922,2671,1329,0.66775,B0_SELF,0.8662768006324769,0.01990632318501171,0.0195,0.1,5251,526,0.06575,401,125,0.7623574144486692,401,0.3017306245297216,0.768,10.025000000000006,401,0.7623574144486692,0.768,0,0.0,0.0
52,TEMPORAL,0.02,B0_STRUCT_XGB,0.8662768006324769,0.01990632318501171,0.0195,78,3922,2671,1329,0.66775,T0_E2E,0.9762879610061647,0.01990632318501171,0.0275,0.1,5251,526,0.06575,447,79,0.8498098859315589,447,0.3363431151241535,0.7795,11.175,401,0.7623574144486692,0.768,46,0.0874524714828897,1.1499999999999955
52,TEMPORAL,0.02,B0_STRUCT_XGB,0.8662768006324769,0.01990632318501171,0.0195,78,3922,2671,1329,0.66775,DAPT_E2E,0.9987768530845643,0.01990632318501171,0.02575,0.1,5251,526,0.06575,458,68,0.870722433460076,458,0.34462001504890893,0.78225,11.450000000000005,401,0.7623574144486692,0.768,57,0.10836501901140683,1.4249999999999985
52,TEMPORAL,0.02,B0_STRUCT_XGB,0.8662768006324769,0.01990632318501171,0.0195,78,3922,2671,1329,0.66775,BASE_EMB_MLP,0.9566177725791932,0.01990632318501171,0.02675,0.1,5251,526,0.06575,442,84,0.8403041825095057,442,0.3325808878856283,0.77825,11.050000000000004,401,0.7623574144486692,0.768,41,0.07794676806083645,1.0249999999999981
52,TEMPORAL,0.02,B0_STRUCT_XGB,0.8662768006324769,0.01990632318501171,0.0195,78,3922,2671,1329,0.66775,DAPT_EMB_MLP,0.9405919313430787,0.01990632318501171,0.02175,0.1,5251,526,0.06575,426,100,0.8098859315589354,426,0.32054176072234764,0.77425,10.650000000000004,401,0.7623574144486692,0.768,25,0.04752851711026618,0.6249999999999978
52,TEMPORAL,0.02,B0_STRUCT_XGB,0.8662768006324769,0.01990632318501171,0.0195,78,3922,2671,1329,0.66775,CONTRASTIVE_EMB_MLP,0.9628323912620546,0.01990632318501171,0.021,0.1,5251,526,0.06575,411,115,0.7813688212927756,411,0.309255079006772,0.7705,10.275,401,0.7623574144486692,0.768,10,0.019011406844106404,0.24999999999999467
52,TEMPORAL,0.02,B0_STRUCT_XGB,0.8662768006324769,0.01990632318501171,0.0195,78,3922,2671,1329,0.66775,B0_SELF,0.8662768006324769,0.01990632318501171,0.0195,0.2,5251,1051,0.131375,729,322,0.6936251189343482,729,0.5485327313769752,0.85,18.225,729,0.6936251189343482,0.85,0,0.0,0.0
52,TEMPORAL,0.02,B0_STRUCT_XGB,0.8662768006324769,0.01990632318501171,0.0195,78,3922,2671,1329,0.66775,T0_E2E,0.9762879610061647,0.01990632318501171,0.0275,0.2,5251,1051,0.131375,874,177,0.8315889628924833,874,0.6576373212942062,0.88625,21.85,729,0.6936251189343482,0.85,145,0.1379638439581351,3.6250000000000004
52,TEMPORAL,0.02,B0_STRUCT_XGB,0.8662768006324769,0.01990632318501171,0.0195,78,3922,2671,1329,0.66775,DAPT_E2E,0.9987768530845643,0.01990632318501171,0.02575,0.2,5251,1051,0.131375,914,137,0.8696479543292103,914,0.6877351392024078,0.89625,22.850000000000005,729,0.6936251189343482,0.85,185,0.17602283539486208,4.625000000000002
52,TEMPORAL,0.02,B0_STRUCT_XGB,0.8662768006324769,0.01990632318501171,0.0195,78,3922,2671,1329,0.66775,BASE_EMB_MLP,0.9566177725791932,0.01990632318501171,0.02675,0.2,5251,1051,0.131375,764,287,0.7269267364414843,764,0.5748683220466516,0.85875,19.100000000000005,729,0.6936251189343482,0.85,35,0.033301617507136116,0.8750000000000036
52,TEMPORAL,0.02,B0_STRUCT_XGB,0.8662768006324769,0.01990632318501171,0.0195,78,3922,2671,1329,0.66775,DAPT_EMB_MLP,0.9405919313430787,0.01990632318501171,0.02175,0.2,5251,1051,0.131375,718,333,0.6831588962892483,718,0.5402558314522197,0.84725,17.95,729,0.6936251189343482,0.85,-11,-0.010466222645099887,-0.275000000000003
52,TEMPORAL,0.02,B0_STRUCT_XGB,0.8662768006324769,0.01990632318501171,0.0195,78,3922,2671,1329,0.66775,CONTRASTIVE_EMB_MLP,0.9628323912620546,0.01990632318501171,0.021,0.2,5251,1051,0.131375,658,393,0.6260704091341579,658,0.49510910458991725,0.83225,16.45000000000001,729,0.6936251189343482,0.85,-71,-0.0675547098001903,-1.7749999999999932
52,DOMAIN_OOD,0.02,B0_STRUCT_XGB,0.8662768006324769,0.01990632318501171,0.029548989113530325,57,1872,1138,791,0.589942975635044,B0_SELF,0.8662768006324769,0.01990632318501171,0.029548989113530325,0.05,2663,134,0.03473302229134267,119,15,0.8880597014925373,119,0.1504424778761062,0.6516329704510109,6.168999481596682,119,0.8880597014925373,0.6516329704510109,0,0.0,0.0
52,DOMAIN_OOD,0.02,B0_STRUCT_XGB,0.8662768006324769,0.01990632318501171,0.029548989113530325,57,1872,1138,791,0.589942975635044,T0_E2E,0.9762879610061647,0.01990632318501171,0.02332814930015552,0.05,2663,134,0.03473302229134267,131,3,0.9776119402985075,131,0.16561314791403287,0.6578538102643857,6.791083462934166,119,0.8880597014925373,0.6516329704510109,12,0.08955223880597019,0.6220839813374845
52,DOMAIN_OOD,0.02,B0_STRUCT_XGB,0.8662768006324769,0.01990632318501171,0.029548989113530325,57,1872,1138,791,0.589942975635044,DAPT_E2E,0.9987768530845643,0.01990632318501171,0.01918092275790565,0.05,2663,134,0.03473302229134267,133,1,0.9925373134328358,133,0.168141592920354,0.6588906168999482,6.894764126490416,119,0.8880597014925373,0.6516329704510109,14,0.10447761194029848,0.7257646448937338
52,DOMAIN_OOD,0.02,B0_STRUCT_XGB,0.8662768006324769,0.01990632318501171,0.029548989113530325,57,1872,1138,791,0.589942975635044,BASE_EMB_MLP,0.9566177725791932,0.01990632318501171,0.030585795749092794,0.05,2663,134,0.03473302229134267,120,14,0.8955223880597015,120,0.15170670037926676,0.6521513737687922,6.220839813374813,119,0.8880597014925373,0.6516329704510109,1,0.007462686567164201,0.05184033177813019
52,DOMAIN_OOD,0.02,B0_STRUCT_XGB,0.8662768006324769,0.01990632318501171,0.029548989113530325,57,1872,1138,791,0.589942975635044,DAPT_EMB_MLP,0.9405919313430787,0.01990632318501171,0.023846552617936754,0.05,2663,134,0.03473302229134267,124,10,0.9253731343283582,124,0.15676359039190899,0.654224987039917,6.4282011404873,119,0.8880597014925373,0.6516329704510109,5,0.03731343283582089,0.25920165889061764
52,DOMAIN_OOD,0.02,B0_STRUCT_XGB,0.8662768006324769,0.01990632318501171,0.029548989113530325,57,1872,1138,791,0.589942975635044,CONTRASTIVE_EMB_MLP,0.9628323912620546,0.01990632318501171,0.02177293934681182,0.05,2663,134,0.03473302229134267,118,16,0.8805970149253731,118,0.14917825537294563,0.6511145671332297,6.117159149818563,119,0.8880597014925373,0.6516329704510109,-1,-0.007462686567164201,-0.051840331778119086
52,DOMAIN_OOD,0.02,B0_STRUCT_XGB,0.8662768006324769,0.01990632318501171,0.029548989113530325,57,1872,1138,791,0.589942975635044,B0_SELF,0.8662768006324769,0.01990632318501171,0.029548989113530325,0.1,2663,267,0.06920684292379471,204,63,0.7640449438202247,204,0.2579013906447535,0.6956972524624158,10.575427682737171,204,0.7640449438202247,0.6956972524624158,0,0.0,0.0
52,DOMAIN_OOD,0.02,B0_STRUCT_XGB,0.8662768006324769,0.01990632318501171,0.029548989113530325,57,1872,1138,791,0.589942975635044,T0_E2E,0.9762879610061647,0.01990632318501171,0.02332814930015552,0.1,2663,267,0.06920684292379471,243,24,0.9101123595505618,243,0.30720606826801516,0.7159149818558839,12.597200622083982,204,0.7640449438202247,0.6956972524624158,39,0.1460674157303371,2.021772939346811
52,DOMAIN_OOD,0.02,B0_STRUCT_XGB,0.8662768006324769,0.01990632318501171,0.029548989113530325,57,1872,1138,791,0.589942975635044,DAPT_E2E,0.9987768530845643,0.01990632318501171,0.01918092275790565,0.1,2663,267,0.06920684292379471,252,15,0.9438202247191011,252,0.3185840707964602,0.720580611715915,13.063763608087097,204,0.7640449438202247,0.6956972524624158,48,0.1797752808988764,2.488335925349927
52,DOMAIN_OOD,0.02,B0_STRUCT_XGB,0.8662768006324769,0.01990632318501171,0.029548989113530325,57,1872,1138,791,0.589942975635044,BASE_EMB_MLP,0.9566177725791932,0.01990632318501171,0.030585795749092794,0.1,2663,267,0.06920684292379471,232,35,0.8689138576779026,232,0.29329962073324906,0.7102125453602903,12.026956972524626,204,0.7640449438202247,0.6956972524624158,28,0.10486891385767794,1.4515292897874565
52,DOMAIN_OOD,0.02,B0_STRUCT_XGB,0.8662768006324769,0.01990632318501171,0.029548989113530325,57,1872,1138,791,0.589942975635044,DAPT_EMB_MLP,0.9405919313430787,0.01990632318501171,0.023846552617936754,0.1,2663,267,0.06920684292379471,230,37,0.8614232209737828,230,0.29077117572692796,0.7091757387247278,11.923276308968378,204,0.7640449438202247,0.6956972524624158,26,0.09737827715355807,1.3478486262312073
52,DOMAIN_OOD,0.02,B0_STRUCT_XGB,0.8662768006324769,0.01990632318501171,0.029548989113530325,57,1872,1138,791,0.589942975635044,CONTRASTIVE_EMB_MLP,0.9628323912620546,0.01990632318501171,0.02177293934681182,0.1,2663,267,0.06920684292379471,220,47,0.8239700374531835,220,0.2781289506953224,0.7039917055469155,11.404872991187142,204,0.7640449438202247,0.6956972524624158,16,0.05992509363295884,0.829445308449972
52,DOMAIN_OOD,0.02,B0_STRUCT_XGB,0.8662768006324769,0.01990632318501171,0.029548989113530325,57,1872,1138,791,0.589942975635044,B0_SELF,0.8662768006324769,0.01990632318501171,0.029548989113530325,0.2,2663,533,0.1381544841886988,373,160,0.699812382739212,373,0.4715549936788875,0.7833074131674442,19.33644375324002,373,0.699812382739212,0.7833074131674442,0,0.0,0.0
52,DOMAIN_OOD,0.02,B0_STRUCT_XGB,0.8662768006324769,0.01990632318501171,0.029548989113530325,57,1872,1138,791,0.589942975635044,T0_E2E,0.9762879610061647,0.01990632318501171,0.02332814930015552,0.2,2663,533,0.1381544841886988,462,71,0.8667917448405253,462,0.584070796460177,0.8294453084499741,23.950233281493006,373,0.699812382739212,0.7833074131674442,89,0.16697936210131337,4.613789528252987
52,DOMAIN_OOD,0.02,B0_STRUCT_XGB,0.8662768006324769,0.01990632318501171,0.029548989113530325,57,1872,1138,791,0.589942975635044,DAPT_E2E,0.9987768530845643,0.01990632318501171,0.01918092275790565,0.2,2663,533,0.1381544841886988,491,42,0.9212007504690432,491,0.6207332490518331,0.8444790046656299,25.45360290305858,373,0.699812382739212,0.7833074131674442,118,0.22138836772983117,6.117159149818563
52,DOMAIN_OOD,0.02,B0_STRUCT_XGB,0.8662768006324769,0.01990632318501171,0.029548989113530325,57,1872,1138,791,0.589942975635044,BASE_EMB_MLP,0.9566177725791932,0.01990632318501171,0.030585795749092794,0.2,2663,533,0.1381544841886988,414,119,0.776735459662289,414,0.5233881163084703,0.8045619491964748,21.461897356143076,373,0.699812382739212,0.7833074131674442,41,0.07692307692307698,2.12545360290306
52,DOMAIN_OOD,0.02,B0_STRUCT_XGB,0.8662768006324769,0.01990632318501171,0.029548989113530325,57,1872,1138,791,0.589942975635044,DAPT_EMB_MLP,0.9405919313430787,0.01990632318501171,0.023846552617936754,0.2,2663,533,0.1381544841886988,395,138,0.7410881801125704,395,0.4993678887484197,0.7947122861586314,20.476931052358736,373,0.699812382739212,0.7833074131674442,22,0.0412757973733584,1.1404872991187198
52,DOMAIN_OOD,0.02,B0_STRUCT_XGB,0.8662768006324769,0.01990632318501171,0.029548989113530325,57,1872,1138,791,0.589942975635044,CONTRASTIVE_EMB_MLP,0.9628323912620546,0.01990632318501171,0.02177293934681182,0.2,2663,533,0.1381544841886988,366,167,0.6866791744840526,366,0.46270543615676357,0.7796785899429757,18.97356143079316,373,0.699812382739212,0.7833074131674442,-7,-0.013133208255159401,-0.3628823224468558
52,TEMPLATE_OOD,0.02,B0_STRUCT_XGB,0.8662768006324769,0.01990632318501171,0.021955503512880562,75,3341,2231,1185,0.6531030444964872,B0_SELF,0.8662768006324769,0.01990632318501171,0.021955503512880562,0.05,4526,227,0.03322599531615925,200,27,0.8810572687224669,200,0.16877637130801687,0.7116510538641686,5.854800936768145,200,0.8810572687224669,0.7116510538641686,0,0.0,0.0
52,TEMPLATE_OOD,0.02,B0_STRUCT_XGB,0.8662768006324769,0.01990632318501171,0.021955503512880562,75,3341,2231,1185,0.6531030444964872,T0_E2E,0.9762879610061647,0.01990632318501171,0.02459016393442623,0.05,4526,227,0.03322599531615925,211,16,0.9295154185022027,211,0.1780590717299578,0.7148711943793911,6.176814988290391,200,0.8810572687224669,0.7116510538641686,11,0.048458149779735726,0.3220140515222458
52,TEMPLATE_OOD,0.02,B0_STRUCT_XGB,0.8662768006324769,0.01990632318501171,0.021955503512880562,75,3341,2231,1185,0.6531030444964872,DAPT_E2E,0.9987768530845643,0.01990632318501171,0.021662763466042154,0.05,4526,227,0.03322599531615925,218,9,0.960352422907489,218,0.1839662447257384,0.71692037470726,6.3817330210772845,200,0.8810572687224669,0.7116510538641686,18,0.07929515418502209,0.5269320843091396
52,TEMPLATE_OOD,0.02,B0_STRUCT_XGB,0.8662768006324769,0.01990632318501171,0.021955503512880562,75,3341,2231,1185,0.6531030444964872,BASE_EMB_MLP,0.9566177725791932,0.01990632318501171,0.024882903981264637,0.05,4526,227,0.03322599531615925,198,29,0.8722466960352423,198,0.1670886075949367,0.7110655737704918,5.796252927400469,200,0.8810572687224669,0.7116510538641686,-2,-0.008810572687224627,-0.05854800936767601
52,TEMPLATE_OOD,0.02,B0_STRUCT_XGB,0.8662768006324769,0.01990632318501171,0.021955503512880562,75,3341,2231,1185,0.6531030444964872,DAPT_EMB_MLP,0.9405919313430787,0.01990632318501171,0.01990632318501171,0.05,4526,227,0.03322599531615925,206,21,0.9074889867841409,206,0.17383966244725738,0.7134074941451991,6.0304449648711955,200,0.8810572687224669,0.7116510538641686,6,0.026431718061673992,0.17564402810305024
52,TEMPLATE_OOD,0.02,B0_STRUCT_XGB,0.8662768006324769,0.01990632318501171,0.021955503512880562,75,3341,2231,1185,0.6531030444964872,CONTRASTIVE_EMB_MLP,0.9628323912620546,0.01990632318501171,0.01873536299765808,0.05,4526,227,0.03322599531615925,199,28,0.8766519823788547,199,0.1679324894514768,0.7113583138173302,5.825526932084301,200,0.8810572687224669,0.7116510538641686,-1,-0.004405286343612258,-0.029274004683843557
52,TEMPLATE_OOD,0.02,B0_STRUCT_XGB,0.8662768006324769,0.01990632318501171,0.021955503512880562,75,3341,2231,1185,0.6531030444964872,B0_SELF,0.8662768006324769,0.01990632318501171,0.021955503512880562,0.1,4526,453,0.0663056206088993,345,108,0.7615894039735099,345,0.2911392405063291,0.7540983606557377,10.09953161592505,345,0.7615894039735099,0.7540983606557377,0,0.0,0.0
52,TEMPLATE_OOD,0.02,B0_STRUCT_XGB,0.8662768006324769,0.01990632318501171,0.021955503512880562,75,3341,2231,1185,0.6531030444964872,T0_E2E,0.9762879610061647,0.01990632318501171,0.02459016393442623,0.1,4526,453,0.0663056206088993,396,57,0.8741721854304636,396,0.3341772151898734,0.7690281030444965,11.592505854800939,345,0.7615894039735099,0.7540983606557377,51,0.11258278145695366,1.4929742388758882
52,TEMPLATE_OOD,0.02,B0_STRUCT_XGB,0.8662768006324769,0.01990632318501171,0.021955503512880562,75,3341,2231,1185,0.6531030444964872,DAPT_E2E,0.9987768530845643,0.01990632318501171,0.021662763466042154,0.1,4526,453,0.0663056206088993,406,47,0.8962472406181016,406,0.3426160337552743,0.7719555035128806,11.88524590163934,345,0.7615894039735099,0.7540983606557377,61,0.13465783664459163,1.7857142857142905
52,TEMPLATE_OOD,0.02,B0_STRUCT_XGB,0.8662768006324769,0.01990632318501171,0.021955503512880562,75,3341,2231,1185,0.6531030444964872,BASE_EMB_MLP,0.9566177725791932,0.01990632318501171,0.024882903981264637,0.1,4526,453,0.0663056206088993,387,66,0.8543046357615894,387,0.3265822784810127,0.7663934426229508,11.329039812646368,345,0.7615894039735099,0.7540983606557377,42,0.0927152317880795,1.2295081967213184
52,TEMPLATE_OOD,0.02,B0_STRUCT_XGB,0.8662768006324769,0.01990632318501171,0.021955503512880562,75,3341,2231,1185,0.6531030444964872,DAPT_EMB_MLP,0.9405919313430787,0.01990632318501171,0.01990632318501171,0.1,4526,453,0.0663056206088993,371,82,0.8189845474613686,371,0.3130801687763713,0.7617096018735363,10.860655737704917,345,0.7615894039735099,0.7540983606557377,26,0.05739514348785868,0.7611241217798659
52,TEMPLATE_OOD,0.02,B0_STRUCT_XGB,0.8662768006324769,0.01990632318501171,0.021955503512880562,75,3341,2231,1185,0.6531030444964872,CONTRASTIVE_EMB_MLP,0.9628323912620546,0.01990632318501171,0.01873536299765808,0.1,4526,453,0.0663056206088993,358,95,0.7902869757174393,358,0.30210970464135023,0.757903981264637,10.480093676814983,345,0.7615894039735099,0.7540983606557377,13,0.028697571743929395,0.38056206088993294
52,TEMPLATE_OOD,0.02,B0_STRUCT_XGB,0.8662768006324769,0.01990632318501171,0.021955503512880562,75,3341,2231,1185,0.6531030444964872,B0_SELF,0.8662768006324769,0.01990632318501171,0.021955503512880562,0.2,4526,906,0.1326112412177986,629,277,0.6942604856512141,629,0.5308016877637131,0.8372365339578455,18.413348946135834,629,0.6942604856512141,0.8372365339578455,0,0.0,0.0
52,TEMPLATE_OOD,0.02,B0_STRUCT_XGB,0.8662768006324769,0.01990632318501171,0.021955503512880562,75,3341,2231,1185,0.6531030444964872,T0_E2E,0.9762879610061647,0.01990632318501171,0.02459016393442623,0.2,4526,906,0.1326112412177986,765,141,0.8443708609271523,765,0.6455696202531646,0.8770491803278688,22.394613583138167,629,0.6942604856512141,0.8372365339578455,136,0.15011037527593818,3.9812646370023352
52,TEMPLATE_OOD,0.02,B0_STRUCT_XGB,0.8662768006324769,0.01990632318501171,0.021955503512880562,75,3341,2231,1185,0.6531030444964872,DAPT_E2E,0.9987768530845643,0.01990632318501171,0.021662763466042154,0.2,4526,906,0.1326112412177986,801,105,0.8841059602649006,801,0.6759493670886076,0.8875878220140515,23.448477751756435,629,0.6942604856512141,0.8372365339578455,172,0.1898454746136865,5.035128805620603
52,TEMPLATE_OOD,0.02,B0_STRUCT_XGB,0.8662768006324769,0.01990632318501171,0.021955503512880562,75,3341,2231,1185,0.6531030444964872,BASE_EMB_MLP,0.9566177725791932,0.01990632318501171,0.024882903981264637,0.2,4526,906,0.1326112412177986,668,238,0.7373068432671082,668,0.5637130801687764,0.8486533957845434,19.55503512880562,629,0.6942604856512141,0.8372365339578455,39,0.04304635761589404,1.1416861826697877
52,TEMPLATE_OOD,0.02,B0_STRUCT_XGB,0.8662768006324769,0.01990632318501171,0.021955503512880562,75,3341,2231,1185,0.6531030444964872,DAPT_EMB_MLP,0.9405919313430787,0.01990632318501171,0.01990632318501171,0.2,4526,906,0.1326112412177986,632,274,0.6975717439293598,632,0.5333333333333333,0.8381147540983607,18.501170960187352,629,0.6942604856512141,0.8372365339578455,3,0.0033112582781457123,0.08782201405151957
52,TEMPLATE_OOD,0.02,B0_STRUCT_XGB,0.8662768006324769,0.01990632318501171,0.021955503512880562,75,3341,2231,1185,0.6531030444964872,CONTRASTIVE_EMB_MLP,0.9628323912620546,0.01990632318501171,0.01873536299765808,0.2,4526,906,0.1326112412177986,585,321,0.6456953642384106,585,0.4936708860759494,0.8243559718969555,17.125292740046838,629,0.6942604856512141,0.8372365339578455,-44,-0.04856512141280356,-1.2880562060889944
52,DOMAIN_TEMPLATE_OOD,0.02,B0_STRUCT_XGB,0.8662768006324769,0.01990632318501171,0.0296655879180151,55,1799,1047,807,0.5647249190938511,B0_SELF,0.8662768006324769,0.01990632318501171,0.0296655879180151,0.05,2606,131,0.03532901833872708,116,15,0.8854961832061069,116,0.14374225526641884,0.6272923408845739,6.256742179072273,116,0.8854961832061069,0.6272923408845739,0,0.0,0.0
52,DOMAIN_TEMPLATE_OOD,0.02,B0_STRUCT_XGB,0.8662768006324769,0.01990632318501171,0.0296655879180151,55,1799,1047,807,0.5647249190938511,T0_E2E,0.9762879610061647,0.01990632318501171,0.022114347357065803,0.05,2606,131,0.03532901833872708,130,1,0.9923664122137404,130,0.161090458488228,0.6348435814455232,7.011866235167208,116,0.8854961832061069,0.6272923408845739,14,0.10687022900763354,0.7551240560949357
52,DOMAIN_TEMPLATE_OOD,0.02,B0_STRUCT_XGB,0.8662768006324769,0.01990632318501171,0.0296655879180151,55,1799,1047,807,0.5647249190938511,DAPT_E2E,0.9987768530845643,0.01990632318501171,0.016720604099244876,0.05,2606,131,0.03532901833872708,130,1,0.9923664122137404,130,0.161090458488228,0.6348435814455232,7.011866235167208,116,0.8854961832061069,0.6272923408845739,14,0.10687022900763354,0.7551240560949357
52,DOMAIN_TEMPLATE_OOD,0.02,B0_STRUCT_XGB,0.8662768006324769,0.01990632318501171,0.0296655879180151,55,1799,1047,807,0.5647249190938511,BASE_EMB_MLP,0.9566177725791932,0.01990632318501171,0.030204962243797196,0.05,2606,131,0.03532901833872708,115,16,0.8778625954198473,115,0.14250309789343246,0.6267529665587918,6.202804746494062,116,0.8854961832061069,0.6272923408845739,-1,-0.007633587786259555,-0.05393743257821049
52,DOMAIN_TEMPLATE_OOD,0.02,B0_STRUCT_XGB,0.8662768006324769,0.01990632318501171,0.0296655879180151,55,1799,1047,807,0.5647249190938511,DAPT_EMB_MLP,0.9405919313430787,0.01990632318501171,0.02481121898597627,0.05,2606,131,0.03532901833872708,120,11,0.916030534351145,120,0.14869888475836432,0.6294498381877023,6.4724919093851145,116,0.8854961832061069,0.6272923408845739,4,0.030534351145038108,0.21574973031284195
52,DOMAIN_TEMPLATE_OOD,0.02,B0_STRUCT_XGB,0.8662768006324769,0.01990632318501171,0.0296655879180151,55,1799,1047,807,0.5647249190938511,CONTRASTIVE_EMB_MLP,0.9628323912620546,0.01990632318501171,0.021035598705501618,0.05,2606,131,0.03532901833872708,116,15,0.8854961832061069,116,0.14374225526641884,0.6272923408845739,6.256742179072273,116,0.8854961832061069,0.6272923408845739,0,0.0,0.0
52,DOMAIN_TEMPLATE_OOD,0.02,B0_STRUCT_XGB,0.8662768006324769,0.01990632318501171,0.0296655879180151,55,1799,1047,807,0.5647249190938511,B0_SELF,0.8662768006324769,0.01990632318501171,0.0296655879180151,0.1,2606,261,0.0703883495145631,204,57,0.7816091954022989,204,0.2527881040892193,0.6747572815533981,11.003236245954696,204,0.7816091954022989,0.6747572815533981,0,0.0,0.0
52,DOMAIN_TEMPLATE_OOD,0.02,B0_STRUCT_XGB,0.8662768006324769,0.01990632318501171,0.0296655879180151,55,1799,1047,807,0.5647249190938511,T0_E2E,0.9762879610061647,0.01990632318501171,0.022114347357065803,0.1,2606,261,0.0703883495145631,242,19,0.9272030651340997,242,0.29987608426270135,0.6952535059331176,13.05285868392665,204,0.7816091954022989,0.6747572815533981,38,0.14559386973180077,2.049622437971954
52,DOMAIN_TEMPLATE_OOD,0.02,B0_STRUCT_XGB,0.8662768006324769,0.01990632318501171,0.0296655879180151,55,1799,1047,807,0.5647249190938511,DAPT_E2E,0.9987768530845643,0.01990632318501171,0.016720604099244876,0.1,2606,261,0.0703883495145631,248,13,0.9501915708812261,248,0.3073110285006196,0.6984897518878102,13.3764832793959,204,0.7816091954022989,0.6747572815533981,44,0.16858237547892718,2.373247033441206
52,DOMAIN_TEMPLATE_OOD,0.02,B0_STRUCT_XGB,0.8662768006324769,0.01990632318501171,0.0296655879180151,55,1799,1047,807,0.5647249190938511,BASE_EMB_MLP,0.9566177725791932,0.01990632318501171,0.030204962243797196,0.1,2606,261,0.0703883495145631,228,33,0.8735632183908046,228,0.2825278810408922,0.6877022653721683,12.297734627831714,204,0.7816091954022989,0.6747572815533981,24,0.09195402298850575,1.2944983818770184
52,DOMAIN_TEMPLATE_OOD,0.02,B0_STRUCT_XGB,0.8662768006324769,0.01990632318501171,0.0296655879180151,55,1799,1047,807,0.5647249190938511,DAPT_EMB_MLP,0.9405919313430787,0.01990632318501171,0.02481121898597627,0.1,2606,261,0.0703883495145631,225,36,0.8620689655172413,225,0.2788104089219331,0.686084142394822,12.135922330097081,204,0.7816091954022989,0.6747572815533981,21,0.08045977011494243,1.132686084142387
52,DOMAIN_TEMPLATE_OOD,0.02,B0_STRUCT_XGB,0.8662768006324769,0.01990632318501171,0.0296655879180151,55,1799,1047,807,0.5647249190938511,CONTRASTIVE_EMB_MLP,0.9628323912620546,0.01990632318501171,0.021035598705501618,0.1,2606,261,0.0703883495145631,219,42,0.8390804597701149,219,0.27137546468401486,0.6828478964401294,11.81229773462783,204,0.7816091954022989,0.6747572815533981,15,0.05747126436781602,0.8090614886731351
52,DOMAIN_TEMPLATE_OOD,0.02,B0_STRUCT_XGB,0.8662768006324769,0.01990632318501171,0.0296655879180151,55,1799,1047,807,0.5647249190938511,B0_SELF,0.8662768006324769,0.01990632318501171,0.0296655879180151,0.2,2606,522,0.1407766990291262,373,149,0.7145593869731801,373,0.46220570012391576,0.7659115426105717,20.118662351672057,373,0.7145593869731801,0.7659115426105717,0,0.0,0.0
52,DOMAIN_TEMPLATE_OOD,0.02,B0_STRUCT_XGB,0.8662768006324769,0.01990632318501171,0.0296655879180151,55,1799,1047,807,0.5647249190938511,T0_E2E,0.9762879610061647,0.01990632318501171,0.022114347357065803,0.2,2606,522,0.1407766990291262,455,67,0.8716475095785441,455,0.563816604708798,0.8101402373247033,24.541531823085215,373,0.7145593869731801,0.7659115426105717,82,0.15708812260536398,4.42286947141316
52,DOMAIN_TEMPLATE_OOD,0.02,B0_STRUCT_XGB,0.8662768006324769,0.01990632318501171,0.0296655879180151,55,1799,1047,807,0.5647249190938511,DAPT_E2E,0.9987768530845643,0.01990632318501171,0.016720604099244876,0.2,2606,522,0.1407766990291262,485,37,0.9291187739463601,485,0.6009913258983891,0.8263214670981661,26.159654800431497,373,0.7145593869731801,0.7659115426105717,112,0.21455938697318,6.040992448759441
52,DOMAIN_TEMPLATE_OOD,0.02,B0_STRUCT_XGB,0.8662768006324769,0.01990632318501171,0.0296655879180151,55,1799,1047,807,0.5647249190938511,BASE_EMB_MLP,0.9566177725791932,0.01990632318501171,0.030204962243797196,0.2,2606,522,0.1407766990291262,410,112,0.7854406130268199,410,0.5080545229244114,0.7858683926645091,22.1143473570658,373,0.7145593869731801,0.7659115426105717,37,0.07088122605363978,1.9956850053937436
52,DOMAIN_TEMPLATE_OOD,0.02,B0_STRUCT_XGB,0.8662768006324769,0.01990632318501171,0.0296655879180151,55,1799,1047,807,0.5647249190938511,DAPT_EMB_MLP,0.9405919313430787,0.01990632318501171,0.02481121898597627,0.2,2606,522,0.1407766990291262,387,135,0.7413793103448276,387,0.4795539033457249,0.7734627831715211,20.873786407766993,373,0.7145593869731801,0.7659115426105717,14,0.026819923371647514,0.7551240560949357
52,DOMAIN_TEMPLATE_OOD,0.02,B0_STRUCT_XGB,0.8662768006324769,0.01990632318501171,0.0296655879180151,55,1799,1047,807,0.5647249190938511,CONTRASTIVE_EMB_MLP,0.9628323912620546,0.01990632318501171,0.021035598705501618,0.2,2606,522,0.1407766990291262,365,157,0.6992337164750958,365,0.45229244114002476,0.761596548004315,19.687162891046384,373,0.7145593869731801,0.7659115426105717,-8,-0.01532567049808431,-0.4314994606256728
62,IID_ORIGINAL,0.005,B0_STRUCT_XGB,0.9811338186264039,0.00468384074941452,0.010536879076768691,21,1972,523,535,0.4943289224952741,B0_SELF,0.9811338186264039,0.00468384074941452,0.010536879076768691,0.05,2507,126,0.04129793510324484,98,28,0.7777777777777778,98,0.18317757009345795,0.5869565217391305,9.262759924385639,98,0.7777777777777778,0.5869565217391305,0,0.0,0.0
62,IID_ORIGINAL,0.005,B0_STRUCT_XGB,0.9811338186264039,0.00468384074941452,0.010536879076768691,21,1972,523,535,0.4943289224952741,T0_E2E,0.9990471005439759,0.00468384074941452,0.007024586051179127,0.05,2507,126,0.04129793510324484,123,3,0.9761904761904762,123,0.22990654205607478,0.610586011342155,11.625708884688086,98,0.7777777777777778,0.5869565217391305,25,0.19841269841269837,2.3629489603024467
62,IID_ORIGINAL,0.005,B0_STRUCT_XGB,0.9811338186264039,0.00468384074941452,0.010536879076768691,21,1972,523,535,0.4943289224952741,DAPT_E2E,0.9980881810188295,0.00468384074941452,0.009031610637230306,0.05,2507,126,0.04129793510324484,124,2,0.9841269841269841,124,0.23177570093457944,0.611531190926276,11.720226843100184,98,0.7777777777777778,0.5869565217391305,26,0.20634920634920628,2.457466918714546
62,IID_ORIGINAL,0.005,B0_STRUCT_XGB,0.9811338186264039,0.00468384074941452,0.010536879076768691,21,1972,523,535,0.4943289224952741,BASE_EMB_MLP,0.9820255041122438,0.00468384074941452,0.004014049172102358,0.05,2507,126,0.04129793510324484,116,10,0.9206349206349206,116,0.21682242990654205,0.6039697542533081,10.964083175803403,98,0.7777777777777778,0.5869565217391305,18,0.1428571428571428,1.7013232514177634
62,IID_ORIGINAL,0.005,B0_STRUCT_XGB,0.9811338186264039,0.00468384074941452,0.010536879076768691,21,1972,523,535,0.4943289224952741,DAPT_EMB_MLP,0.9941483736038209,0.00468384074941452,0.004014049172102358,0.05,2507,126,0.04129793510324484,116,10,0.9206349206349206,116,0.21682242990654205,0.6039697542533081,10.964083175803403,98,0.7777777777777778,0.5869565217391305,18,0.1428571428571428,1.7013232514177634
62,IID_ORIGINAL,0.005,B0_STRUCT_XGB,0.9811338186264039,0.00468384074941452,0.010536879076768691,21,1972,523,535,0.4943289224952741,CONTRASTIVE_EMB_MLP,0.9959235191345216,0.00468384074941452,0.009533366783743101,0.05,2507,126,0.04129793510324484,103,23,0.8174603174603174,103,0.1925233644859813,0.5916824196597353,9.735349716446123,98,0.7777777777777778,0.5869565217391305,5,0.03968253968253965,0.4725897920604849
62,IID_ORIGINAL,0.005,B0_STRUCT_XGB,0.9811338186264039,0.00468384074941452,0.010536879076768691,21,1972,523,535,0.4943289224952741,B0_SELF,0.9811338186264039,0.00468384074941452,0.010536879076768691,0.1,2507,251,0.08226810881678139,178,73,0.7091633466135459,178,0.33271028037383177,0.6625708884688091,16.824196597353495,178,0.7091633466135459,0.6625708884688091,0,0.0,0.0
62,IID_ORIGINAL,0.005,B0_STRUCT_XGB,0.9811338186264039,0.00468384074941452,0.010536879076768691,21,1972,523,535,0.4943289224952741,T0_E2E,0.9990471005439759,0.00468384074941452,0.007024586051179127,0.1,2507,251,0.08226810881678139,219,32,0.8725099601593626,219,0.4093457943925234,0.7013232514177694,20.69943289224953,178,0.7091633466135459,0.6625708884688091,41,0.1633466135458167,3.875236294896034
62,IID_ORIGINAL,0.005,B0_STRUCT_XGB,0.9811338186264039,0.00468384074941452,0.010536879076768691,21,1972,523,535,0.4943289224952741,DAPT_E2E,0.9980881810188295,0.00468384074941452,0.009031610637230306,0.1,2507,251,0.08226810881678139,226,25,0.900398406374502,226,0.4224299065420561,0.7079395085066162,21.361058601134214,178,0.7091633466135459,0.6625708884688091,48,0.19123505976095612,4.536862003780717
62,IID_ORIGINAL,0.005,B0_STRUCT_XGB,0.9811338186264039,0.00468384074941452,0.010536879076768691,21,1972,523,535,0.4943289224952741,BASE_EMB_MLP,0.9820255041122438,0.00468384074941452,0.004014049172102358,0.1,2507,251,0.08226810881678139,187,64,0.7450199203187251,187,0.34953271028037386,0.6710775047258979,17.67485822306238,178,0.7091633466135459,0.6625708884688091,9,0.03585657370517925,0.8506616257088817
62,IID_ORIGINAL,0.005,B0_STRUCT_XGB,0.9811338186264039,0.00468384074941452,0.010536879076768691,21,1972,523,535,0.4943289224952741,DAPT_EMB_MLP,0.9941483736038209,0.00468384074941452,0.004014049172102358,0.1,2507,251,0.08226810881678139,197,54,0.7848605577689243,197,0.36822429906542054,0.6805293005671077,18.62003780718336,178,0.7091633466135459,0.6625708884688091,19,0.07569721115537842,1.7958412098298626
62,IID_ORIGINAL,0.005,B0_STRUCT_XGB,0.9811338186264039,0.00468384074941452,0.010536879076768691,21,1972,523,535,0.4943289224952741,CONTRASTIVE_EMB_MLP,0.9959235191345216,0.00468384074941452,0.009533366783743101,0.1,2507,251,0.08226810881678139,170,81,0.6772908366533864,170,0.3177570093457944,0.6550094517958412,16.068052930056716,178,0.7091633466135459,0.6625708884688091,-8,-0.031872509960159445,-0.7561436672967825
62,IID_ORIGINAL,0.005,B0_STRUCT_XGB,0.9811338186264039,0.00468384074941452,0.010536879076768691,21,1972,523,535,0.4943289224952741,B0_SELF,0.9811338186264039,0.00468384074941452,0.010536879076768691,0.2,2507,502,0.16453621763356277,260,242,0.5179282868525896,260,0.48598130841121495,0.7400756143667296,24.574669187145552,260,0.5179282868525896,0.7400756143667296,0,0.0,0.0
62,IID_ORIGINAL,0.005,B0_STRUCT_XGB,0.9811338186264039,0.00468384074941452,0.010536879076768691,21,1972,523,535,0.4943289224952741,T0_E2E,0.9990471005439759,0.00468384074941452,0.007024586051179127,0.2,2507,502,0.16453621763356277,331,171,0.6593625498007968,331,0.6186915887850467,0.8071833648393195,31.28544423440454,260,0.5179282868525896,0.7400756143667296,71,0.14143426294820716,6.710775047258988
62,IID_ORIGINAL,0.005,B0_STRUCT_XGB,0.9811338186264039,0.00468384074941452,0.010536879076768691,21,1972,523,535,0.4943289224952741,DAPT_E2E,0.9980881810188295,0.00468384074941452,0.009031610637230306,0.2,2507,502,0.16453621763356277,322,180,0.6414342629482072,322,0.6018691588785047,0.7986767485822306,30.43478260869565,260,0.5179282868525896,0.7400756143667296,62,0.12350597609561753,5.8601134215500945
62,IID_ORIGINAL,0.005,B0_STRUCT_XGB,0.9811338186264039,0.00468384074941452,0.010536879076768691,21,1972,523,535,0.4943289224952741,BASE_EMB_MLP,0.9820255041122438,0.00468384074941452,0.004014049172102358,0.2,2507,502,0.16453621763356277,275,227,0.547808764940239,275,0.514018691588785,0.7542533081285444,25.99243856332703,260,0.5179282868525896,0.7400756143667296,15,0.029880478087649376,1.417769376181477
62,IID_ORIGINAL,0.005,B0_STRUCT_XGB,0.9811338186264039,0.00468384074941452,0.010536879076768691,21,1972,523,535,0.4943289224952741,DAPT_EMB_MLP,0.9941483736038209,0.00468384074941452,0.004014049172102358,0.2,2507,502,0.16453621763356277,272,230,0.5418326693227091,272,0.508411214953271,0.7514177693761814,25.708884688090734,260,0.5179282868525896,0.7400756143667296,12,0.0239043824701195,1.1342155009451793
62,IID_ORIGINAL,0.005,B0_STRUCT_XGB,0.9811338186264039,0.00468384074941452,0.010536879076768691,21,1972,523,535,0.4943289224952741,CONTRASTIVE_EMB_MLP,0.9959235191345216,0.00468384074941452,0.009533366783743101,0.2,2507,502,0.16453621763356277,281,221,0.5597609561752988,281,0.525233644859813,0.7599243856332704,26.559546313799625,260,0.5179282868525896,0.7400756143667296,21,0.041832669322709126,1.9848771266540721
62,IID_BALANCED,0.005,B0_STRUCT_XGB,0.9811338186264039,0.00468384074941452,0.012287334593572778,13,1045,523,535,0.4943289224952741,B0_SELF,0.9811338186264039,0.00468384074941452,0.012287334593572778,0.05,1580,79,0.03733459357277883,70,9,0.8860759493670886,70,0.1308411214953271,0.5604914933837429,6.616257088846883,70,0.8860759493670886,0.5604914933837429,0,0.0,0.0
62,IID_BALANCED,0.005,B0_STRUCT_XGB,0.9811338186264039,0.00468384074941452,0.012287334593572778,13,1045,523,535,0.4943289224952741,T0_E2E,0.9990471005439759,0.00468384074941452,0.010396975425330813,0.05,1580,79,0.03733459357277883,79,0,1.0,79,0.14766355140186915,0.5689981096408318,7.4669187145557645,70,0.8860759493670886,0.5604914933837429,9,0.11392405063291144,0.8506616257088817
62,IID_BALANCED,0.005,B0_STRUCT_XGB,0.9811338186264039,0.00468384074941452,0.012287334593572778,13,1045,523,535,0.4943289224952741,DAPT_E2E,0.9980881810188295,0.00468384074941452,0.012287334593572778,0.05,1580,79,0.03733459357277883,78,1,0.9873417721518988,78,0.14579439252336449,0.5680529300567108,7.372400756143666,70,0.8860759493670886,0.5604914933837429,8,0.10126582278481022,0.7561436672967825
62,IID_BALANCED,0.005,B0_STRUCT_XGB,0.9811338186264039,0.00468384074941452,0.012287334593572778,13,1045,523,535,0.4943289224952741,BASE_EMB_MLP,0.9820255041122438,0.00468384074941452,0.001890359168241966,0.05,1580,79,0.03733459357277883,78,1,0.9873417721518988,78,0.14579439252336449,0.5680529300567108,7.372400756143666,70,0.8860759493670886,0.5604914933837429,8,0.10126582278481022,0.7561436672967825
62,IID_BALANCED,0.005,B0_STRUCT_XGB,0.9811338186264039,0.00468384074941452,0.012287334593572778,13,1045,523,535,0.4943289224952741,DAPT_EMB_MLP,0.9941483736038209,0.00468384074941452,0.005671077504725898,0.05,1580,79,0.03733459357277883,76,3,0.9620253164556962,76,0.14205607476635515,0.5661625708884688,7.183364839319467,70,0.8860759493670886,0.5604914933837429,6,0.07594936708860767,0.5671077504725841
62,IID_BALANCED,0.005,B0_STRUCT_XGB,0.9811338186264039,0.00468384074941452,0.012287334593572778,13,1045,523,535,0.4943289224952741,CONTRASTIVE_EMB_MLP,0.9959235191345216,0.00468384074941452,0.014177693761814745,0.05,1580,79,0.03733459357277883,69,10,0.8734177215189873,69,0.12897196261682242,0.5595463137996219,6.521739130434784,70,0.8860759493670886,0.5604914933837429,-1,-0.012658227848101222,-0.0945179584120992
62,IID_BALANCED,0.005,B0_STRUCT_XGB,0.9811338186264039,0.00468384074941452,0.012287334593572778,13,1045,523,535,0.4943289224952741,B0_SELF,0.9811338186264039,0.00468384074941452,0.012287334593572778,0.1,1580,158,0.07466918714555766,139,19,0.879746835443038,139,0.25981308411214954,0.6257088846880907,13.13799621928166,139,0.879746835443038,0.6257088846880907,0,0.0,0.0
62,IID_BALANCED,0.005,B0_STRUCT_XGB,0.9811338186264039,0.00468384074941452,0.012287334593572778,13,1045,523,535,0.4943289224952741,T0_E2E,0.9990471005439759,0.00468384074941452,0.010396975425330813,0.1,1580,158,0.07466918714555766,153,5,0.9683544303797469,153,0.28598130841121494,0.6389413988657845,14.46124763705104,139,0.879746835443038,0.6257088846880907,14,0.08860759493670889,1.3232514177693777
62,IID_BALANCED,0.005,B0_STRUCT_XGB,0.9811338186264039,0.00468384074941452,0.012287334593572778,13,1045,523,535,0.4943289224952741,DAPT_E2E,0.9980881810188295,0.00468384074941452,0.012287334593572778,0.1,1580,158,0.07466918714555766,157,1,0.9936708860759493,157,0.29345794392523367,0.6427221172022685,14.839319470699436,139,0.879746835443038,0.6257088846880907,18,0.11392405063291133,1.7013232514177745
62,IID_BALANCED,0.005,B0_STRUCT_XGB,0.9811338186264039,0.00468384074941452,0.012287334593572778,13,1045,523,535,0.4943289224952741,BASE_EMB_MLP,0.9820255041122438,0.00468384074941452,0.001890359168241966,0.1,1580,158,0.07466918714555766,147,11,0.930379746835443,147,0.27476635514018694,0.6332703213610587,13.894139886578454,139,0.879746835443038,0.6257088846880907,8,0.050632911392405,0.7561436672967936
62,IID_BALANCED,0.005,B0_STRUCT_XGB,0.9811338186264039,0.00468384074941452,0.012287334593572778,13,1045,523,535,0.4943289224952741,DAPT_EMB_MLP,0.9941483736038209,0.00468384074941452,0.005671077504725898,0.1,1580,158,0.07466918714555766,145,13,0.9177215189873418,145,0.27102803738317754,0.6313799621928167,13.705103969754257,139,0.879746835443038,0.6257088846880907,6,0.03797468354430378,0.5671077504725952
62,IID_BALANCED,0.005,B0_STRUCT_XGB,0.9811338186264039,0.00468384074941452,0.012287334593572778,13,1045,523,535,0.4943289224952741,CONTRASTIVE_EMB_MLP,0.9959235191345216,0.00468384074941452,0.014177693761814745,0.1,1580,158,0.07466918714555766,131,27,0.8291139240506329,131,0.24485981308411214,0.6181474480151229,12.38185255198488,139,0.879746835443038,0.6257088846880907,-8,-0.05063291139240511,-0.7561436672967825
62,IID_BALANCED,0.005,B0_STRUCT_XGB,0.9811338186264039,0.00468384074941452,0.012287334593572778,13,1045,523,535,0.4943289224952741,B0_SELF,0.9811338186264039,0.00468384074941452,0.012287334593572778,0.2,1580,316,0.14933837429111532,233,83,0.7373417721518988,233,0.4355140186915888,0.7145557655954632,22.02268431001891,233,0.7373417721518988,0.7145557655954632,0,0.0,0.0
62,IID_BALANCED,0.005,B0_STRUCT_XGB,0.9811338186264039,0.00468384074941452,0.012287334593572778,13,1045,523,535,0.4943289224952741,T0_E2E,0.9990471005439759,0.00468384074941452,0.010396975425330813,0.2,1580,316,0.14933837429111532,274,42,0.8670886075949367,274,0.5121495327102804,0.7533081285444234,25.89792060491493,233,0.7373417721518988,0.7145557655954632,41,0.1297468354430379,3.875236294896023
62,IID_BALANCED,0.005,B0_STRUCT_XGB,0.9811338186264039,0.00468384074941452,0.012287334593572778,13,1045,523,535,0.4943289224952741,DAPT_E2E,0.9980881810188295,0.00468384074941452,0.012287334593572778,0.2,1580,316,0.14933837429111532,275,41,0.870253164556962,275,0.514018691588785,0.7542533081285444,25.99243856332703,233,0.7373417721518988,0.7145557655954632,42,0.13291139240506322,3.969754253308122
62,IID_BALANCED,0.005,B0_STRUCT_XGB,0.9811338186264039,0.00468384074941452,0.012287334593572778,13,1045,523,535,0.4943289224952741,BASE_EMB_MLP,0.9820255041122438,0.00468384074941452,0.001890359168241966,0.2,1580,316,0.14933837429111532,238,78,0.7531645569620253,238,0.44485981308411215,0.719281663516068,22.495274102079392,233,0.7373417721518988,0.7145557655954632,5,0.015822784810126556,0.4725897920604849
62,IID_BALANCED,0.005,B0_STRUCT_XGB,0.9811338186264039,0.00468384074941452,0.012287334593572778,13,1045,523,535,0.4943289224952741,DAPT_EMB_MLP,0.9941483736038209,0.00468384074941452,0.005671077504725898,0.2,1580,316,0.14933837429111532,240,76,0.759493670886076,240,0.4485981308411215,0.72117202268431,22.68431001890359,233,0.7373417721518988,0.7145557655954632,7,0.022151898734177222,0.6616257088846833
62,IID_BALANCED,0.005,B0_STRUCT_XGB,0.9811338186264039,0.00468384074941452,0.012287334593572778,13,1045,523,535,0.4943289224952741,CONTRASTIVE_EMB_MLP,0.9959235191345216,0.00468384074941452,0.014177693761814745,0.2,1580,316,0.14933837429111532,234,82,0.740506329113924,234,0.4373831775700935,0.7155009451795841,22.117202268430997,233,0.7373417721518988,0.7145557655954632,1,0.0031645569620252223,0.0945179584120881
62,TEMPORAL,0.005,B0_STRUCT_XGB,0.9811338186264039,0.00468384074941452,0.00925,37,3963,2352,1648,0.588,B0_SELF,0.9811338186264039,0.00468384074941452,0.00925,0.05,5611,281,0.035125,261,20,0.9288256227758007,261,0.158373786407767,0.65325,6.525000000000003,261,0.9288256227758007,0.65325,0,0.0,0.0
62,TEMPORAL,0.005,B0_STRUCT_XGB,0.9811338186264039,0.00468384074941452,0.00925,37,3963,2352,1648,0.588,T0_E2E,0.9990471005439759,0.00468384074941452,0.0035,0.05,5611,281,0.035125,281,0,1.0,281,0.17050970873786409,0.65825,7.025000000000004,261,0.9288256227758007,0.65325,20,0.07117437722419928,0.5000000000000004
62,TEMPORAL,0.005,B0_STRUCT_XGB,0.9811338186264039,0.00468384074941452,0.00925,37,3963,2352,1648,0.588,DAPT_E2E,0.9980881810188295,0.00468384074941452,0.007,0.05,5611,281,0.035125,279,2,0.9928825622775801,279,0.16929611650485438,0.65775,6.974999999999998,261,0.9288256227758007,0.65325,18,0.06405693950177938,0.44999999999999485
62,TEMPORAL,0.005,B0_STRUCT_XGB,0.9811338186264039,0.00468384074941452,0.00925,37,3963,2352,1648,0.588,BASE_EMB_MLP,0.9820255041122438,0.00468384074941452,0.005,0.05,5611,281,0.035125,272,9,0.9679715302491103,272,0.1650485436893204,0.656,6.800000000000006,261,0.9288256227758007,0.65325,11,0.039145907473309594,0.275000000000003
62,TEMPORAL,0.005,B0_STRUCT_XGB,0.9811338186264039,0.00468384074941452,0.00925,37,3963,2352,1648,0.588,DAPT_EMB_MLP,0.9941483736038209,0.00468384074941452,0.00275,0.05,5611,281,0.035125,268,13,0.9537366548042705,268,0.16262135922330098,0.655,6.700000000000006,261,0.9288256227758007,0.65325,7,0.02491103202846978,0.17500000000000293
62,TEMPORAL,0.005,B0_STRUCT_XGB,0.9811338186264039,0.00468384074941452,0.00925,37,3963,2352,1648,0.588,CONTRASTIVE_EMB_MLP,0.9959235191345216,0.00468384074941452,0.0065,0.05,5611,281,0.035125,261,20,0.9288256227758007,261,0.158373786407767,0.65325,6.525000000000003,261,0.9288256227758007,0.65325,0,0.0,0.0
62,TEMPORAL,0.005,B0_STRUCT_XGB,0.9811338186264039,0.00468384074941452,0.00925,37,3963,2352,1648,0.588,B0_SELF,0.9811338186264039,0.00468384074941452,0.00925,0.1,5611,562,0.07025,498,64,0.8861209964412812,498,0.30218446601941745,0.7125,12.450000000000006,498,0.8861209964412812,0.7125,0,0.0,0.0
62,TEMPORAL,0.005,B0_STRUCT_XGB,0.9811338186264039,0.00468384074941452,0.00925,37,3963,2352,1648,0.588,T0_E2E,0.9990471005439759,0.00468384074941452,0.0035,0.1,5611,562,0.07025,551,11,0.9804270462633452,551,0.33434466019417475,0.72575,13.775000000000004,498,0.8861209964412812,0.7125,53,0.09430604982206403,1.3249999999999984
62,TEMPORAL,0.005,B0_STRUCT_XGB,0.9811338186264039,0.00468384074941452,0.00925,37,3963,2352,1648,0.588,DAPT_E2E,0.9980881810188295,0.00468384074941452,0.007,0.1,5611,562,0.07025,551,11,0.9804270462633452,551,0.33434466019417475,0.72575,13.775000000000004,498,0.8861209964412812,0.7125,53,0.09430604982206403,1.3249999999999984
62,TEMPORAL,0.005,B0_STRUCT_XGB,0.9811338186264039,0.00468384074941452,0.00925,37,3963,2352,1648,0.588,BASE_EMB_MLP,0.9820255041122438,0.00468384074941452,0.005,0.1,5611,562,0.07025,512,50,0.9110320284697508,512,0.3106796116504854,0.716,12.8,498,0.8861209964412812,0.7125,14,0.02491103202846967,0.34999999999999476
62,TEMPORAL,0.005,B0_STRUCT_XGB,0.9811338186264039,0.00468384074941452,0.00925,37,3963,2352,1648,0.588,DAPT_EMB_MLP,0.9941483736038209,0.00468384074941452,0.00275,0.1,5611,562,0.07025,513,49,0.9128113879003559,513,0.3112864077669903,0.71625,12.825000000000008,498,0.8861209964412812,0.7125,15,0.026690391459074703,0.3750000000000031
62,TEMPORAL,0.005,B0_STRUCT_XGB,0.9811338186264039,0.00468384074941452,0.00925,37,3963,2352,1648,0.588,CONTRASTIVE_EMB_MLP,0.9959235191345216,0.00468384074941452,0.0065,0.1,5611,562,0.07025,496,66,0.8825622775800712,496,0.30097087378640774,0.712,12.4,498,0.8861209964412812,0.7125,-2,-0.003558718861209953,-0.050000000000005596
62,TEMPORAL,0.005,B0_STRUCT_XGB,0.9811338186264039,0.00468384074941452,0.00925,37,3963,2352,1648,0.588,B0_SELF,0.9811338186264039,0.00468384074941452,0.00925,0.2,5611,1123,0.140375,855,268,0.761353517364203,855,0.5188106796116505,0.80175,21.375,855,0.761353517364203,0.80175,0,0.0,0.0
62,TEMPORAL,0.005,B0_STRUCT_XGB,0.9811338186264039,0.00468384074941452,0.00925,37,3963,2352,1648,0.588,T0_E2E,0.9990471005439759,0.00468384074941452,0.0035,0.2,5611,1123,0.140375,1002,121,0.8922528940338379,1002,0.6080097087378641,0.8385,25.050000000000004,855,0.761353517364203,0.80175,147,0.13089937666963491,3.675000000000006
62,TEMPORAL,0.005,B0_STRUCT_XGB,0.9811338186264039,0.00468384074941452,0.00925,37,3963,2352,1648,0.588,DAPT_E2E,0.9980881810188295,0.00468384074941452,0.007,0.2,5611,1123,0.140375,1015,108,0.9038290293855743,1015,0.6158980582524272,0.84175,25.375000000000004,855,0.761353517364203,0.80175,160,0.14247551202137132,4.0000000000000036
62,TEMPORAL,0.005,B0_STRUCT_XGB,0.9811338186264039,0.00468384074941452,0.00925,37,3963,2352,1648,0.588,BASE_EMB_MLP,0.9820255041122438,0.00468384074941452,0.005,0.2,5611,1123,0.140375,883,240,0.786286731967943,883,0.5358009708737864,0.80875,22.075,855,0.761353517364203,0.80175,28,0.024933214603739984,0.7000000000000006
62,TEMPORAL,0.005,B0_STRUCT_XGB,0.9811338186264039,0.00468384074941452,0.00925,37,3963,2352,1648,0.588,DAPT_EMB_MLP,0.9941483736038209,0.00468384074941452,0.00275,0.2,5611,1123,0.140375,860,263,0.7658058771148709,860,0.5218446601941747,0.803,21.500000000000007,855,0.761353517364203,0.80175,5,0.0044523597506679335,0.12500000000000844
62,TEMPORAL,0.005,B0_STRUCT_XGB,0.9811338186264039,0.00468384074941452,0.00925,37,3963,2352,1648,0.588,CONTRASTIVE_EMB_MLP,0.9959235191345216,0.00468384074941452,0.0065,0.2,5611,1123,0.140375,825,298,0.7346393588601959,825,0.5006067961165048,0.79425,20.625000000000004,855,0.761353517364203,0.80175,-30,-0.026714158504007046,-0.7499999999999951
62,DOMAIN_OOD,0.005,B0_STRUCT_XGB,0.9811338186264039,0.00468384074941452,0.012960082944530845,25,1904,948,981,0.49144634525660963,B0_SELF,0.9811338186264039,0.00468384074941452,0.012960082944530845,0.05,2885,145,0.03758424053913945,134,11,0.9241379310344827,134,0.1365953109072375,0.5609123898392949,6.94660445826853,134,0.9241379310344827,0.5609123898392949,0,0.0,0.0
62,DOMAIN_OOD,0.005,B0_STRUCT_XGB,0.9811338186264039,0.00468384074941452,0.012960082944530845,25,1904,948,981,0.49144634525660963,T0_E2E,0.9990471005439759,0.00468384074941452,0.0036288232244686366,0.05,2885,145,0.03758424053913945,145,0,1.0,145,0.14780835881753313,0.5666148263348886,7.516848107827895,134,0.9241379310344827,0.5609123898392949,11,0.07586206896551728,0.5702436495593655
62,DOMAIN_OOD,0.005,B0_STRUCT_XGB,0.9811338186264039,0.00468384074941452,0.012960082944530845,25,1904,948,981,0.49144634525660963,DAPT_E2E,0.9980881810188295,0.00468384074941452,0.00673924313115604,0.05,2885,145,0.03758424053913945,145,0,1.0,145,0.14780835881753313,0.5666148263348886,7.516848107827895,134,0.9241379310344827,0.5609123898392949,11,0.07586206896551728,0.5702436495593655
62,DOMAIN_OOD,0.005,B0_STRUCT_XGB,0.9811338186264039,0.00468384074941452,0.012960082944530845,25,1904,948,981,0.49144634525660963,BASE_EMB_MLP,0.9820255041122438,0.00468384074941452,0.007776049766718507,0.05,2885,145,0.03758424053913945,140,5,0.9655172413793104,140,0.14271151885830785,0.5640228097459824,7.257646448937277,134,0.9241379310344827,0.5609123898392949,6,0.04137931034482767,0.3110419906687478
62,DOMAIN_OOD,0.005,B0_STRUCT_XGB,0.9811338186264039,0.00468384074941452,0.012960082944530845,25,1904,948,981,0.49144634525660963,DAPT_EMB_MLP,0.9941483736038209,0.00468384074941452,0.002592016588906169,0.05,2885,145,0.03758424053913945,140,5,0.9655172413793104,140,0.14271151885830785,0.5640228097459824,7.257646448937277,134,0.9241379310344827,0.5609123898392949,6,0.04137931034482767,0.3110419906687478
62,DOMAIN_OOD,0.005,B0_STRUCT_XGB,0.9811338186264039,0.00468384074941452,0.012960082944530845,25,1904,948,981,0.49144634525660963,CONTRASTIVE_EMB_MLP,0.9959235191345216,0.00468384074941452,0.005702436495593572,0.05,2885,145,0.03758424053913945,136,9,0.9379310344827586,136,0.13863404689092762,0.5619491964748574,7.050285121824778,134,0.9241379310344827,0.5609123898392949,2,0.01379310344827589,0.10368066355624928
62,DOMAIN_OOD,0.005,B0_STRUCT_XGB,0.9811338186264039,0.00468384074941452,0.012960082944530845,25,1904,948,981,0.49144634525660963,B0_SELF,0.9811338186264039,0.00468384074941452,0.012960082944530845,0.1,2885,289,0.07490927941938828,259,30,0.8961937716262975,259,0.2640163098878695,0.6257128045619492,13.42664593053396,259,0.8961937716262975,0.6257128045619492,0,0.0,0.0
62,DOMAIN_OOD,0.005,B0_STRUCT_XGB,0.9811338186264039,0.00468384074941452,0.012960082944530845,25,1904,948,981,0.49144634525660963,T0_E2E,0.9990471005439759,0.00468384074941452,0.0036288232244686366,0.1,2885,289,0.07490927941938828,284,5,0.9826989619377162,284,0.28950050968399593,0.63867288750648,14.722654224987036,259,0.8961937716262975,0.6257128045619492,25,0.08650519031141868,1.296008294453077
62,DOMAIN_OOD,0.005,B0_STRUCT_XGB,0.9811338186264039,0.00468384074941452,0.012960082944530845,25,1904,948,981,0.49144634525660963,DAPT_E2E,0.9980881810188295,0.00468384074941452,0.00673924313115604,0.1,2885,289,0.07490927941938828,287,2,0.9930795847750865,287,0.29255861365953106,0.6402280974598238,14.878175220321415,259,0.8961937716262975,0.6257128045619492,28,0.09688581314878897,1.4515292897874565
62,DOMAIN_OOD,0.005,B0_STRUCT_XGB,0.9811338186264039,0.00468384074941452,0.012960082944530845,25,1904,948,981,0.49144634525660963,BASE_EMB_MLP,0.9820255041122438,0.00468384074941452,0.007776049766718507,0.1,2885,289,0.07490927941938828,261,28,0.903114186851211,261,0.26605504587155965,0.6267496111975117,13.530326594090209,259,0.8961937716262975,0.6257128045619492,2,0.00692041522491349,0.10368066355624928
62,DOMAIN_OOD,0.005,B0_STRUCT_XGB,0.9811338186264039,0.00468384074941452,0.012960082944530845,25,1904,948,981,0.49144634525660963,DAPT_EMB_MLP,0.9941483736038209,0.00468384074941452,0.002592016588906169,0.1,2885,289,0.07490927941938828,270,19,0.9342560553633218,270,0.27522935779816515,0.6314152410575428,13.996889580093313,259,0.8961937716262975,0.6257128045619492,11,0.03806228373702425,0.5702436495593544
62,DOMAIN_OOD,0.005,B0_STRUCT_XGB,0.9811338186264039,0.00468384074941452,0.012960082944530845,25,1904,948,981,0.49144634525660963,CONTRASTIVE_EMB_MLP,0.9959235191345216,0.00468384074941452,0.005702436495593572,0.1,2885,289,0.07490927941938828,261,28,0.903114186851211,261,0.26605504587155965,0.6267496111975117,13.530326594090209,259,0.8961937716262975,0.6257128045619492,2,0.00692041522491349,0.10368066355624928
62,DOMAIN_OOD,0.005,B0_STRUCT_XGB,0.9811338186264039,0.00468384074941452,0.012960082944530845,25,1904,948,981,0.49144634525660963,B0_SELF,0.9811338186264039,0.00468384074941452,0.012960082944530845,0.2,2885,577,0.14955935717988594,435,142,0.7538994800693241,435,0.4434250764525994,0.7169517884914464,22.550544323483674,435,0.7538994800693241,0.7169517884914464,0,0.0,0.0
62,DOMAIN_OOD,0.005,B0_STRUCT_XGB,0.9811338186264039,0.00468384074941452,0.012960082944530845,25,1904,948,981,0.49144634525660963,T0_E2E,0.9990471005439759,0.00468384074941452,0.0036288232244686366,0.2,2885,577,0.14955935717988594,529,48,0.9168110918544194,529,0.5392456676860347,0.7656817003628823,27.423535510627268,435,0.7538994800693241,0.7169517884914464,94,0.1629116117850954,4.872991187143594
62,DOMAIN_OOD,0.005,B0_STRUCT_XGB,0.9811338186264039,0.00468384074941452,0.012960082944530845,25,1904,948,981,0.49144634525660963,DAPT_E2E,0.9980881810188295,0.00468384074941452,0.00673924313115604,0.2,2885,577,0.14955935717988594,547,30,0.9480069324090121,547,0.5575942915392457,0.7750129600829445,28.356661482633488,435,0.7538994800693241,0.7169517884914464,112,0.19410745233968807,5.8061171591498155
62,DOMAIN_OOD,0.005,B0_STRUCT_XGB,0.9811338186264039,0.00468384074941452,0.012960082944530845,25,1904,948,981,0.49144634525660963,BASE_EMB_MLP,0.9820255041122438,0.00468384074941452,0.007776049766718507,0.2,2885,577,0.14955935717988594,471,106,0.8162911611785095,471,0.4801223241590214,0.7356143079315708,24.416796267496117,435,0.7538994800693241,0.7169517884914464,36,0.06239168110918547,1.8662519440124425
62,DOMAIN_OOD,0.005,B0_STRUCT_XGB,0.9811338186264039,0.00468384074941452,0.012960082944530845,25,1904,948,981,0.49144634525660963,DAPT_EMB_MLP,0.9941483736038209,0.00468384074941452,0.002592016588906169,0.2,2885,577,0.14955935717988594,469,108,0.8128249566724437,469,0.4780835881753313,0.7345775012960083,24.313115603939867,435,0.7538994800693241,0.7169517884914464,34,0.05892547660311964,1.7625712804561933
62,DOMAIN_OOD,0.005,B0_STRUCT_XGB,0.9811338186264039,0.00468384074941452,0.012960082944530845,25,1904,948,981,0.49144634525660963,CONTRASTIVE_EMB_MLP,0.9959235191345216,0.00468384074941452,0.005702436495593572,0.2,2885,577,0.14955935717988594,453,124,0.7850953206239168,453,0.4617737003058104,0.7262830482115086,23.483670295489894,435,0.7538994800693241,0.7169517884914464,18,0.03119584055459279,0.9331259720062213
62,TEMPLATE_OOD,0.005,B0_STRUCT_XGB,0.9811338186264039,0.00468384074941452,0.01053864168618267,36,3380,1950,1466,0.5708430913348946,B0_SELF,0.9811338186264039,0.00468384074941452,0.01053864168618267,0.05,4846,243,0.03556791569086651,229,14,0.9423868312757202,229,0.15620736698499318,0.6378805620608899,6.703747072599531,229,0.9423868312757202,0.6378805620608899,0,0.0,0.0
62,TEMPLATE_OOD,0.005,B0_STRUCT_XGB,0.9811338186264039,0.00468384074941452,0.01053864168618267,36,3380,1950,1466,0.5708430913348946,T0_E2E,0.9990471005439759,0.00468384074941452,0.00351288056206089,0.05,4846,243,0.03556791569086651,243,0,1.0,243,0.16575716234652116,0.6419789227166276,7.113583138173296,229,0.9423868312757202,0.6378805620608899,14,0.057613168724279795,0.4098360655737654
62,TEMPLATE_OOD,0.005,B0_STRUCT_XGB,0.9811338186264039,0.00468384074941452,0.01053864168618267,36,3380,1950,1466,0.5708430913348946,DAPT_E2E,0.9980881810188295,0.00468384074941452,0.006440281030444965,0.05,4846,243,0.03556791569086651,241,2,0.9917695473251029,241,0.16439290586630287,0.6413934426229508,7.055035128805621,229,0.9423868312757202,0.6378805620608899,12,0.04938271604938271,0.3512880562060894
62,TEMPLATE_OOD,0.005,B0_STRUCT_XGB,0.9811338186264039,0.00468384074941452,0.01053864168618267,36,3380,1950,1466,0.5708430913348946,BASE_EMB_MLP,0.9820255041122438,0.00468384074941452,0.0055620608899297425,0.05,4846,243,0.03556791569086651,235,8,0.9670781893004116,235,0.16030013642564803,0.6396370023419203,6.87939110070257,229,0.9423868312757202,0.6378805620608899,6,0.024691358024691357,0.17564402810303914
62,TEMPLATE_OOD,0.005,B0_STRUCT_XGB,0.9811338186264039,0.00468384074941452,0.01053864168618267,36,3380,1950,1466,0.5708430913348946,DAPT_EMB_MLP,0.9941483736038209,0.00468384074941452,0.002927400468384075,0.05,4846,243,0.03556791569086651,232,11,0.9547325102880658,232,0.1582537517053206,0.6387587822014051,6.79156908665105,229,0.9423868312757202,0.6378805620608899,3,0.012345679012345623,0.08782201405151957
62,TEMPLATE_OOD,0.005,B0_STRUCT_XGB,0.9811338186264039,0.00468384074941452,0.01053864168618267,36,3380,1950,1466,0.5708430913348946,CONTRASTIVE_EMB_MLP,0.9959235191345216,0.00468384074941452,0.0055620608899297425,0.05,4846,243,0.03556791569086651,229,14,0.9423868312757202,229,0.15620736698499318,0.6378805620608899,6.703747072599531,229,0.9423868312757202,0.6378805620608899,0,0.0,0.0
62,TEMPLATE_OOD,0.005,B0_STRUCT_XGB,0.9811338186264039,0.00468384074941452,0.01053864168618267,36,3380,1950,1466,0.5708430913348946,B0_SELF,0.9811338186264039,0.00468384074941452,0.01053864168618267,0.1,4846,485,0.07098946135831381,432,53,0.8907216494845361,432,0.2946793997271487,0.6973067915690867,12.646370023419207,432,0.8907216494845361,0.6973067915690867,0,0.0,0.0
62,TEMPLATE_OOD,0.005,B0_STRUCT_XGB,0.9811338186264039,0.00468384074941452,0.01053864168618267,36,3380,1950,1466,0.5708430913348946,T0_E2E,0.9990471005439759,0.00468384074941452,0.00351288056206089,0.1,4846,485,0.07098946135831381,477,8,0.9835051546391752,477,0.32537517053206005,0.710480093676815,13.963700234192034,432,0.8907216494845361,0.6973067915690867,45,0.09278350515463907,1.3173302107728269
62,TEMPLATE_OOD,0.005,B0_STRUCT_XGB,0.9811338186264039,0.00468384074941452,0.01053864168618267,36,3380,1950,1466,0.5708430913348946,DAPT_E2E,0.9980881810188295,0.00468384074941452,0.006440281030444965,0.1,4846,485,0.07098946135831381,478,7,0.9855670103092784,478,0.32605729877216916,0.7107728337236534,13.992974238875878,432,0.8907216494845361,0.6973067915690867,46,0.09484536082474226,1.3466042154566704
62,TEMPLATE_OOD,0.005,B0_STRUCT_XGB,0.9811338186264039,0.00468384074941452,0.01053864168618267,36,3380,1950,1466,0.5708430913348946,BASE_EMB_MLP,0.9820255041122438,0.00468384074941452,0.0055620608899297425,0.1,4846,485,0.07098946135831381,439,46,0.9051546391752577,439,0.2994542974079127,0.6993559718969555,12.851288056206089,432,0.8907216494845361,0.6973067915690867,7,0.014432989690721598,0.2049180327868827
62,TEMPLATE_OOD,0.005,B0_STRUCT_XGB,0.9811338186264039,0.00468384074941452,0.01053864168618267,36,3380,1950,1466,0.5708430913348946,DAPT_EMB_MLP,0.9941483736038209,0.00468384074941452,0.002927400468384075,0.1,4846,485,0.07098946135831381,445,40,0.9175257731958762,445,0.3035470668485675,0.7011124121779859,13.026932084309129,432,0.8907216494845361,0.6973067915690867,13,0.02680412371134011,0.38056206088992184
62,TEMPLATE_OOD,0.005,B0_STRUCT_XGB,0.9811338186264039,0.00468384074941452,0.01053864168618267,36,3380,1950,1466,0.5708430913348946,CONTRASTIVE_EMB_MLP,0.9959235191345216,0.00468384074941452,0.0055620608899297425,0.1,4846,485,0.07098946135831381,439,46,0.9051546391752577,439,0.2994542974079127,0.6993559718969555,12.851288056206089,432,0.8907216494845361,0.6973067915690867,7,0.014432989690721598,0.2049180327868827
62,TEMPLATE_OOD,0.005,B0_STRUCT_XGB,0.9811338186264039,0.00468384074941452,0.01053864168618267,36,3380,1950,1466,0.5708430913348946,B0_SELF,0.9811338186264039,0.00468384074941452,0.01053864168618267,0.2,4846,970,0.14197892271662763,738,232,0.7608247422680412,738,0.5034106412005457,0.7868852459016393,21.60421545667447,738,0.7608247422680412,0.7868852459016393,0,0.0,0.0
62,TEMPLATE_OOD,0.005,B0_STRUCT_XGB,0.9811338186264039,0.00468384074941452,0.01053864168618267,36,3380,1950,1466,0.5708430913348946,T0_E2E,0.9990471005439759,0.00468384074941452,0.00351288056206089,0.2,4846,970,0.14197892271662763,883,87,0.9103092783505154,883,0.602319236016371,0.8293325526932084,25.848946135831376,738,0.7608247422680412,0.7868852459016393,145,0.14948453608247425,4.2447306791569055
62,TEMPLATE_OOD,0.005,B0_STRUCT_XGB,0.9811338186264039,0.00468384074941452,0.01053864168618267,36,3380,1950,1466,0.5708430913348946,DAPT_E2E,0.9980881810188295,0.00468384074941452,0.006440281030444965,0.2,4846,970,0.14197892271662763,897,73,0.9247422680412372,897,0.611869031377899,0.8334309133489461,26.25878220140515,738,0.7608247422680412,0.7868852459016393,159,0.16391752577319596,4.6545667447306815
62,TEMPLATE_OOD,0.005,B0_STRUCT_XGB,0.9811338186264039,0.00468384074941452,0.01053864168618267,36,3380,1950,1466,0.5708430913348946,BASE_EMB_MLP,0.9820255041122438,0.00468384074941452,0.0055620608899297425,0.2,4846,970,0.14197892271662763,776,194,0.8,776,0.529331514324693,0.7980093676814989,22.716627634660426,738,0.7608247422680412,0.7868852459016393,38,0.039175257731958846,1.1124121779859553
62,TEMPLATE_OOD,0.005,B0_STRUCT_XGB,0.9811338186264039,0.00468384074941452,0.01053864168618267,36,3380,1950,1466,0.5708430913348946,DAPT_EMB_MLP,0.9941483736038209,0.00468384074941452,0.002927400468384075,0.2,4846,970,0.14197892271662763,755,215,0.7783505154639175,755,0.515006821282401,0.7918618266978923,22.101873536299767,738,0.7608247422680412,0.7868852459016393,17,0.017525773195876337,0.49765807962529607
62,TEMPLATE_OOD,0.005,B0_STRUCT_XGB,0.9811338186264039,0.00468384074941452,0.01053864168618267,36,3380,1950,1466,0.5708430913348946,CONTRASTIVE_EMB_MLP,0.9959235191345216,0.00468384074941452,0.0055620608899297425,0.2,4846,970,0.14197892271662763,727,243,0.7494845360824742,727,0.49590723055934516,0.7836651053864169,21.28220140515222,738,0.7608247422680412,0.7868852459016393,-11,-0.01134020618556697,-0.3220140515222458
62,DOMAIN_TEMPLATE_OOD,0.005,B0_STRUCT_XGB,0.9811338186264039,0.00468384074941452,0.012944983818770227,24,1830,850,1004,0.45846817691477887,B0_SELF,0.9811338186264039,0.00468384074941452,0.012944983818770227,0.05,2834,142,0.038295577130528585,133,9,0.9366197183098591,133,0.13247011952191234,0.5302049622437972,7.1736785329018335,133,0.9366197183098591,0.5302049622437972,0,0.0,0.0
62,DOMAIN_TEMPLATE_OOD,0.005,B0_STRUCT_XGB,0.9811338186264039,0.00468384074941452,0.012944983818770227,24,1830,850,1004,0.45846817691477887,T0_E2E,0.9990471005439759,0.00468384074941452,0.0037756202804746495,0.05,2834,142,0.038295577130528585,142,0,1.0,142,0.14143426294820718,0.535059331175836,7.659115426105717,133,0.9366197183098591,0.5302049622437972,9,0.06338028169014087,0.4854368932038833
62,DOMAIN_TEMPLATE_OOD,0.005,B0_STRUCT_XGB,0.9811338186264039,0.00468384074941452,0.012944983818770227,24,1830,850,1004,0.45846817691477887,DAPT_E2E,0.9980881810188295,0.00468384074941452,0.005933117583603021,0.05,2834,142,0.038295577130528585,142,0,1.0,142,0.14143426294820718,0.535059331175836,7.659115426105717,133,0.9366197183098591,0.5302049622437972,9,0.06338028169014087,0.4854368932038833
62,DOMAIN_TEMPLATE_OOD,0.005,B0_STRUCT_XGB,0.9811338186264039,0.00468384074941452,0.012944983818770227,24,1830,850,1004,0.45846817691477887,BASE_EMB_MLP,0.9820255041122438,0.00468384074941452,0.007551240560949299,0.05,2834,142,0.038295577130528585,138,4,0.971830985915493,138,0.13745019920318724,0.5329018338727076,7.443365695792875,133,0.9366197183098591,0.5302049622437972,5,0.03521126760563387,0.26968716289104133
62,DOMAIN_TEMPLATE_OOD,0.005,B0_STRUCT_XGB,0.9811338186264039,0.00468384074941452,0.012944983818770227,24,1830,850,1004,0.45846817691477887,DAPT_EMB_MLP,0.9941483736038209,0.00468384074941452,0.002696871628910464,0.05,2834,142,0.038295577130528585,136,6,0.9577464788732394,136,0.13545816733067728,0.5318230852211435,7.3354908306364655,133,0.9366197183098591,0.5302049622437972,3,0.021126760563380254,0.16181229773463146
62,DOMAIN_TEMPLATE_OOD,0.005,B0_STRUCT_XGB,0.9811338186264039,0.00468384074941452,0.012944983818770227,24,1830,850,1004,0.45846817691477887,CONTRASTIVE_EMB_MLP,0.9959235191345216,0.00468384074941452,0.005393743257820928,0.05,2834,142,0.038295577130528585,136,6,0.9577464788732394,136,0.13545816733067728,0.5318230852211435,7.3354908306364655,133,0.9366197183098591,0.5302049622437972,3,0.021126760563380254,0.16181229773463146
62,DOMAIN_TEMPLATE_OOD,0.005,B0_STRUCT_XGB,0.9811338186264039,0.00468384074941452,0.012944983818770227,24,1830,850,1004,0.45846817691477887,B0_SELF,0.9811338186264039,0.00468384074941452,0.012944983818770227,0.1,2834,284,0.07659115426105717,254,30,0.8943661971830986,254,0.25298804780876494,0.5954692556634305,13.700107874865159,254,0.8943661971830986,0.5954692556634305,0,0.0,0.0
62,DOMAIN_TEMPLATE_OOD,0.005,B0_STRUCT_XGB,0.9811338186264039,0.00468384074941452,0.012944983818770227,24,1830,850,1004,0.45846817691477887,T0_E2E,0.9990471005439759,0.00468384074941452,0.0037756202804746495,0.1,2834,284,0.07659115426105717,281,3,0.9894366197183099,281,0.2798804780876494,0.610032362459547,15.156418554476808,254,0.8943661971830986,0.5954692556634305,27,0.09507042253521125,1.4563106796116498
62,DOMAIN_TEMPLATE_OOD,0.005,B0_STRUCT_XGB,0.9811338186264039,0.00468384074941452,0.012944983818770227,24,1830,850,1004,0.45846817691477887,DAPT_E2E,0.9980881810188295,0.00468384074941452,0.005933117583603021,0.1,2834,284,0.07659115426105717,283,1,0.9964788732394366,283,0.2818725099601594,0.6111111111111112,15.26429341963323,254,0.8943661971830986,0.5954692556634305,29,0.102112676056338,1.5641855447680708
62,DOMAIN_TEMPLATE_OOD,0.005,B0_STRUCT_XGB,0.9811338186264039,0.00468384074941452,0.012944983818770227,24,1830,850,1004,0.45846817691477887,BASE_EMB_MLP,0.9820255041122438,0.00468384074941452,0.007551240560949299,0.1,2834,284,0.07659115426105717,257,27,0.9049295774647887,257,0.2559760956175299,0.5970873786407767,13.86192017259978,254,0.8943661971830986,0.5954692556634305,3,0.010563380281690127,0.16181229773462036
62,DOMAIN_TEMPLATE_OOD,0.005,B0_STRUCT_XGB,0.9811338186264039,0.00468384074941452,0.012944983818770227,24,1830,850,1004,0.45846817691477887,DAPT_EMB_MLP,0.9941483736038209,0.00468384074941452,0.002696871628910464,0.1,2834,284,0.07659115426105717,265,19,0.9330985915492958,265,0.2639442231075697,0.6014023732470335,14.293419633225463,254,0.8943661971830986,0.5954692556634305,11,0.03873239436619713,0.5933117583603043
62,DOMAIN_TEMPLATE_OOD,0.005,B0_STRUCT_XGB,0.9811338186264039,0.00468384074941452,0.012944983818770227,24,1830,850,1004,0.45846817691477887,CONTRASTIVE_EMB_MLP,0.9959235191345216,0.00468384074941452,0.005393743257820928,0.1,2834,284,0.07659115426105717,264,20,0.9295774647887324,264,0.26294820717131473,0.6008629989212514,14.239482200647252,254,0.8943661971830986,0.5954692556634305,10,0.035211267605633756,0.5393743257820938
62,DOMAIN_TEMPLATE_OOD,0.005,B0_STRUCT_XGB,0.9811338186264039,0.00468384074941452,0.012944983818770227,24,1830,850,1004,0.45846817691477887,B0_SELF,0.9811338186264039,0.00468384074941452,0.012944983818770227,0.2,2834,567,0.1529126213592233,434,133,0.7654320987654321,434,0.43227091633466136,0.6925566343042071,23.408845738942823,434,0.7654320987654321,0.6925566343042071,0,0.0,0.0
62,DOMAIN_TEMPLATE_OOD,0.005,B0_STRUCT_XGB,0.9811338186264039,0.00468384074941452,0.012944983818770227,24,1830,850,1004,0.45846817691477887,T0_E2E,0.9990471005439759,0.00468384074941452,0.0037756202804746495,0.2,2834,567,0.1529126213592233,528,39,0.9312169312169312,528,0.5258964143426295,0.7432578209277239,28.478964401294498,434,0.7654320987654321,0.6925566343042071,94,0.1657848324514991,5.070118662351675
62,DOMAIN_TEMPLATE_OOD,0.005,B0_STRUCT_XGB,0.9811338186264039,0.00468384074941452,0.012944983818770227,24,1830,850,1004,0.45846817691477887,DAPT_E2E,0.9980881810188295,0.00468384074941452,0.005933117583603021,0.2,2834,567,0.1529126213592233,540,27,0.9523809523809523,540,0.5378486055776892,0.749730312837109,29.126213592233015,434,0.7654320987654321,0.6925566343042071,106,0.18694885361552027,5.71736785329019
62,DOMAIN_TEMPLATE_OOD,0.005,B0_STRUCT_XGB,0.9811338186264039,0.00468384074941452,0.012944983818770227,24,1830,850,1004,0.45846817691477887,BASE_EMB_MLP,0.9820255041122438,0.00468384074941452,0.007551240560949299,0.2,2834,567,0.1529126213592233,471,96,0.8306878306878307,471,0.46912350597609564,0.7125134843581445,25.40453074433657,434,0.7654320987654321,0.6925566343042071,37,0.06525573192239864,1.9956850053937436
62,DOMAIN_TEMPLATE_OOD,0.005,B0_STRUCT_XGB,0.9811338186264039,0.00468384074941452,0.012944983818770227,24,1830,850,1004,0.45846817691477887,DAPT_EMB_MLP,0.9941483736038209,0.00468384074941452,0.002696871628910464,0.2,2834,567,0.1529126213592233,465,102,0.8201058201058201,465,0.4631474103585657,0.709277238403452,25.080906148867317,434,0.7654320987654321,0.6925566343042071,31,0.05467372134038806,1.6720604099244918
62,DOMAIN_TEMPLATE_OOD,0.005,B0_STRUCT_XGB,0.9811338186264039,0.00468384074941452,0.012944983818770227,24,1830,850,1004,0.45846817691477887,CONTRASTIVE_EMB_MLP,0.9959235191345216,0.00468384074941452,0.005393743257820928,0.2,2834,567,0.1529126213592233,439,128,0.7742504409171076,439,0.43725099601593626,0.6952535059331176,23.678532901833876,434,0.7654320987654321,0.6925566343042071,5,0.00881834215167554,0.26968716289105243
62,IID_ORIGINAL,0.01,B0_STRUCT_XGB,0.9679690003395082,0.00936768149882904,0.01154039136979428,23,1970,557,501,0.5264650283553876,B0_SELF,0.9679690003395082,0.00936768149882904,0.01154039136979428,0.05,2471,124,0.04064241232382825,90,34,0.7258064516129032,90,0.17964071856287425,0.611531190926276,8.50661625708884,90,0.7258064516129032,0.611531190926276,0,0.0,0.0
62,IID_ORIGINAL,0.01,B0_STRUCT_XGB,0.9679690003395082,0.00936768149882904,0.01154039136979428,23,1970,557,501,0.5264650283553876,T0_E2E,0.9980956912040712,0.00936768149882904,0.011038635223281485,0.05,2471,124,0.04064241232382825,117,7,0.9435483870967742,117,0.23353293413173654,0.6370510396975425,11.058601134215495,90,0.7258064516129032,0.611531190926276,27,0.217741935483871,2.5519848771266562
62,IID_ORIGINAL,0.01,B0_STRUCT_XGB,0.9679690003395082,0.00936768149882904,0.01154039136979428,23,1970,557,501,0.5264650283553876,DAPT_E2E,0.9833908081054689,0.00936768149882904,0.017059708981435023,0.05,2471,124,0.04064241232382825,121,3,0.9758064516129032,121,0.24151696606786427,0.6408317580340265,11.436672967863892,90,0.7258064516129032,0.611531190926276,31,0.25,2.930056710775053
62,IID_ORIGINAL,0.01,B0_STRUCT_XGB,0.9679690003395082,0.00936768149882904,0.01154039136979428,23,1970,557,501,0.5264650283553876,BASE_EMB_MLP,0.9615125060081483,0.00936768149882904,0.006021073758153537,0.05,2471,124,0.04064241232382825,113,11,0.9112903225806451,113,0.22554890219560877,0.6332703213610587,10.680529300567109,90,0.7258064516129032,0.611531190926276,23,0.18548387096774188,2.1739130434782705
62,IID_ORIGINAL,0.01,B0_STRUCT_XGB,0.9679690003395082,0.00936768149882904,0.01154039136979428,23,1970,557,501,0.5264650283553876,DAPT_EMB_MLP,0.9792017340660096,0.00936768149882904,0.008529854490717512,0.05,2471,124,0.04064241232382825,112,12,0.9032258064516129,112,0.22355289421157684,0.6323251417769377,10.586011342155011,90,0.7258064516129032,0.611531190926276,22,0.17741935483870963,2.0793950850661713
62,IID_ORIGINAL,0.01,B0_STRUCT_XGB,0.9679690003395082,0.00936768149882904,0.01154039136979428,23,1970,557,501,0.5264650283553876,CONTRASTIVE_EMB_MLP,0.9943097829818727,0.00936768149882904,0.011038635223281485,0.05,2471,124,0.04064241232382825,100,24,0.8064516129032258,100,0.1996007984031936,0.6209829867674859,9.451795841209831,90,0.7258064516129032,0.611531190926276,10,0.08064516129032251,0.945179584120992
62,IID_ORIGINAL,0.01,B0_STRUCT_XGB,0.9679690003395082,0.00936768149882904,0.01154039136979428,23,1970,557,501,0.5264650283553876,B0_SELF,0.9679690003395082,0.00936768149882904,0.01154039136979428,0.1,2471,248,0.0812848246476565,162,86,0.6532258064516129,162,0.32335329341317365,0.6795841209829868,15.311909262759926,162,0.6532258064516129,0.6795841209829868,0,0.0,0.0
62,IID_ORIGINAL,0.01,B0_STRUCT_XGB,0.9679690003395082,0.00936768149882904,0.01154039136979428,23,1970,557,501,0.5264650283553876,T0_E2E,0.9980956912040712,0.00936768149882904,0.011038635223281485,0.1,2471,248,0.0812848246476565,206,42,0.8306451612903226,206,0.4111776447105788,0.72117202268431,19.470699432892246,162,0.6532258064516129,0.6795841209829868,44,0.17741935483870974,4.15879017013232
62,IID_ORIGINAL,0.01,B0_STRUCT_XGB,0.9679690003395082,0.00936768149882904,0.01154039136979428,23,1970,557,501,0.5264650283553876,DAPT_E2E,0.9833908081054689,0.00936768149882904,0.017059708981435023,0.1,2471,248,0.0812848246476565,208,40,0.8387096774193549,208,0.4151696606786427,0.723062381852552,19.659735349716446,162,0.6532258064516129,0.6795841209829868,46,0.185483870967742,4.347826086956519
62,IID_ORIGINAL,0.01,B0_STRUCT_XGB,0.9679690003395082,0.00936768149882904,0.01154039136979428,23,1970,557,501,0.5264650283553876,BASE_EMB_MLP,0.9615125060081483,0.00936768149882904,0.006021073758153537,0.1,2471,248,0.0812848246476565,174,74,0.7016129032258065,174,0.3473053892215569,0.6909262759924386,16.446124763705107,162,0.6532258064516129,0.6795841209829868,12,0.048387096774193616,1.1342155009451793
62,IID_ORIGINAL,0.01,B0_STRUCT_XGB,0.9679690003395082,0.00936768149882904,0.01154039136979428,23,1970,557,501,0.5264650283553876,DAPT_EMB_MLP,0.9792017340660096,0.00936768149882904,0.008529854490717512,0.1,2471,248,0.0812848246476565,182,66,0.7338709677419355,182,0.36327345309381237,0.6984877126654064,17.202268431001887,162,0.6532258064516129,0.6795841209829868,20,0.08064516129032262,1.8903591682419618
62,IID_ORIGINAL,0.01,B0_STRUCT_XGB,0.9679690003395082,0.00936768149882904,0.01154039136979428,23,1970,557,501,0.5264650283553876,CONTRASTIVE_EMB_MLP,0.9943097829818727,0.00936768149882904,0.011038635223281485,0.1,2471,248,0.0812848246476565,162,86,0.6532258064516129,162,0.32335329341317365,0.6795841209829868,15.311909262759926,162,0.6532258064516129,0.6795841209829868,0,0.0,0.0
62,IID_ORIGINAL,0.01,B0_STRUCT_XGB,0.9679690003395082,0.00936768149882904,0.01154039136979428,23,1970,557,501,0.5264650283553876,B0_SELF,0.9679690003395082,0.00936768149882904,0.01154039136979428,0.2,2471,495,0.16224188790560473,241,254,0.4868686868686869,241,0.4810379241516966,0.7542533081285444,22.778827977315686,241,0.4868686868686869,0.7542533081285444,0,0.0,0.0
62,IID_ORIGINAL,0.01,B0_STRUCT_XGB,0.9679690003395082,0.00936768149882904,0.01154039136979428,23,1970,557,501,0.5264650283553876,T0_E2E,0.9980956912040712,0.00936768149882904,0.011038635223281485,0.2,2471,495,0.16224188790560473,301,194,0.6080808080808081,301,0.6007984031936128,0.8109640831758034,28.449905482041583,241,0.4868686868686869,0.7542533081285444,60,0.12121212121212122,5.671077504725897
62,IID_ORIGINAL,0.01,B0_STRUCT_XGB,0.9679690003395082,0.00936768149882904,0.01154039136979428,23,1970,557,501,0.5264650283553876,DAPT_E2E,0.9833908081054689,0.00936768149882904,0.017059708981435023,0.2,2471,495,0.16224188790560473,295,200,0.5959595959595959,295,0.5888223552894212,0.8052930056710775,27.882797731569,241,0.4868686868686869,0.7542533081285444,54,0.10909090909090902,5.1039697542533125
62,IID_ORIGINAL,0.01,B0_STRUCT_XGB,0.9679690003395082,0.00936768149882904,0.01154039136979428,23,1970,557,501,0.5264650283553876,BASE_EMB_MLP,0.9615125060081483,0.00936768149882904,0.006021073758153537,0.2,2471,495,0.16224188790560473,258,237,0.5212121212121212,258,0.5149700598802395,0.7703213610586012,24.38563327032136,241,0.4868686868686869,0.7542533081285444,17,0.03434343434343434,1.6068052930056753
62,IID_ORIGINAL,0.01,B0_STRUCT_XGB,0.9679690003395082,0.00936768149882904,0.01154039136979428,23,1970,557,501,0.5264650283553876,DAPT_EMB_MLP,0.9792017340660096,0.00936768149882904,0.008529854490717512,0.2,2471,495,0.16224188790560473,249,246,0.503030303030303,249,0.49700598802395207,0.7618147448015122,23.53497164461247,241,0.4868686868686869,0.7542533081285444,8,0.016161616161616155,0.7561436672967825
62,IID_ORIGINAL,0.01,B0_STRUCT_XGB,0.9679690003395082,0.00936768149882904,0.01154039136979428,23,1970,557,501,0.5264650283553876,CONTRASTIVE_EMB_MLP,0.9943097829818727,0.00936768149882904,0.011038635223281485,0.2,2471,495,0.16224188790560473,268,227,0.5414141414141415,268,0.5349301397205589,0.779773156899811,25.330812854442343,241,0.4868686868686869,0.7542533081285444,27,0.054545454545454564,2.5519848771266562
62,IID_BALANCED,0.01,B0_STRUCT_XGB,0.9679690003395082,0.00936768149882904,0.013232514177693762,14,1044,557,501,0.5264650283553876,B0_SELF,0.9679690003395082,0.00936768149882904,0.013232514177693762,0.05,1545,78,0.036862003780718335,63,15,0.8076923076923077,63,0.12574850299401197,0.5860113421550095,5.954631379962194,63,0.8076923076923077,0.5860113421550095,0,0.0,0.0
62,IID_BALANCED,0.01,B0_STRUCT_XGB,0.9679690003395082,0.00936768149882904,0.013232514177693762,14,1044,557,501,0.5264650283553876,T0_E2E,0.9980956912040712,0.00936768149882904,0.013232514177693762,0.05,1545,78,0.036862003780718335,77,1,0.9871794871794872,77,0.1536926147704591,0.5992438563327032,7.277882797731561,63,0.8076923076923077,0.5860113421550095,14,0.17948717948717952,1.3232514177693666
62,IID_BALANCED,0.01,B0_STRUCT_XGB,0.9679690003395082,0.00936768149882904,0.013232514177693762,14,1044,557,501,0.5264650283553876,DAPT_E2E,0.9833908081054689,0.00936768149882904,0.01984877126654064,0.05,1545,78,0.036862003780718335,77,1,0.9871794871794872,77,0.1536926147704591,0.5992438563327032,7.277882797731561,63,0.8076923076923077,0.5860113421550095,14,0.17948717948717952,1.3232514177693666
62,IID_BALANCED,0.01,B0_STRUCT_XGB,0.9679690003395082,0.00936768149882904,0.013232514177693762,14,1044,557,501,0.5264650283553876,BASE_EMB_MLP,0.9615125060081483,0.00936768149882904,0.003780718336483932,0.05,1545,78,0.036862003780718335,76,2,0.9743589743589743,76,0.15169660678642716,0.5982986767485823,7.183364839319473,63,0.8076923076923077,0.5860113421550095,13,0.16666666666666663,1.2287334593572785
62,IID_BALANCED,0.01,B0_STRUCT_XGB,0.9679690003395082,0.00936768149882904,0.013232514177693762,14,1044,557,501,0.5264650283553876,DAPT_EMB_MLP,0.9792017340660096,0.00936768149882904,0.00945179584120983,0.05,1545,78,0.036862003780718335,75,3,0.9615384615384616,75,0.1497005988023952,0.5973534971644613,7.088846880907374,63,0.8076923076923077,0.5860113421550095,12,0.15384615384615385,1.1342155009451793
62,IID_BALANCED,0.01,B0_STRUCT_XGB,0.9679690003395082,0.00936768149882904,0.013232514177693762,14,1044,557,501,0.5264650283553876,CONTRASTIVE_EMB_MLP,0.9943097829818727,0.00936768149882904,0.01606805293005671,0.05,1545,78,0.036862003780718335,66,12,0.8461538461538461,66,0.1317365269461078,0.5888468809073724,6.238185255198481,63,0.8076923076923077,0.5860113421550095,3,0.038461538461538436,0.2835538752362865
62,IID_BALANCED,0.01,B0_STRUCT_XGB,0.9679690003395082,0.00936768149882904,0.013232514177693762,14,1044,557,501,0.5264650283553876,B0_SELF,0.9679690003395082,0.00936768149882904,0.013232514177693762,0.1,1545,155,0.07325141776937619,123,32,0.7935483870967742,123,0.24550898203592814,0.6427221172022685,11.625708884688091,123,0.7935483870967742,0.6427221172022685,0,0.0,0.0
62,IID_BALANCED,0.01,B0_STRUCT_XGB,0.9679690003395082,0.00936768149882904,0.013232514177693762,14,1044,557,501,0.5264650283553876,T0_E2E,0.9980956912040712,0.00936768149882904,0.013232514177693762,0.1,1545,155,0.07325141776937619,148,7,0.9548387096774194,148,0.2954091816367265,0.666351606805293,13.988657844990549,123,0.7935483870967742,0.6427221172022685,25,0.16129032258064513,2.362948960302458
62,IID_BALANCED,0.01,B0_STRUCT_XGB,0.9679690003395082,0.00936768149882904,0.013232514177693762,14,1044,557,501,0.5264650283553876,DAPT_E2E,0.9833908081054689,0.00936768149882904,0.01984877126654064,0.1,1545,155,0.07325141776937619,150,5,0.967741935483871,150,0.2994011976047904,0.668241965973535,14.177693761814748,123,0.7935483870967742,0.6427221172022685,27,0.17419354838709677,2.5519848771266562
62,IID_BALANCED,0.01,B0_STRUCT_XGB,0.9679690003395082,0.00936768149882904,0.013232514177693762,14,1044,557,501,0.5264650283553876,BASE_EMB_MLP,0.9615125060081483,0.00936768149882904,0.003780718336483932,0.1,1545,155,0.07325141776937619,139,16,0.896774193548387,139,0.2774451097804391,0.6578449905482041,13.137996219281655,123,0.7935483870967742,0.6427221172022685,16,0.10322580645161283,1.512287334593565
62,IID_BALANCED,0.01,B0_STRUCT_XGB,0.9679690003395082,0.00936768149882904,0.013232514177693762,14,1044,557,501,0.5264650283553876,DAPT_EMB_MLP,0.9792017340660096,0.00936768149882904,0.00945179584120983,0.1,1545,155,0.07325141776937619,139,16,0.896774193548387,139,0.2774451097804391,0.6578449905482041,13.137996219281655,123,0.7935483870967742,0.6427221172022685,16,0.10322580645161283,1.512287334593565
62,IID_BALANCED,0.01,B0_STRUCT_XGB,0.9679690003395082,0.00936768149882904,0.013232514177693762,14,1044,557,501,0.5264650283553876,CONTRASTIVE_EMB_MLP,0.9943097829818727,0.00936768149882904,0.01606805293005671,0.1,1545,155,0.07325141776937619,126,29,0.8129032258064516,126,0.25149700598802394,0.6455576559546313,11.909262759924378,123,0.7935483870967742,0.6427221172022685,3,0.019354838709677358,0.2835538752362865
62,IID_BALANCED,0.01,B0_STRUCT_XGB,0.9679690003395082,0.00936768149882904,0.013232514177693762,14,1044,557,501,0.5264650283553876,B0_SELF,0.9679690003395082,0.00936768149882904,0.013232514177693762,0.2,1545,309,0.14603024574669188,212,97,0.686084142394822,212,0.4231536926147705,0.7268431001890359,20.03780718336483,212,0.686084142394822,0.7268431001890359,0,0.0,0.0
62,IID_BALANCED,0.01,B0_STRUCT_XGB,0.9679690003395082,0.00936768149882904,0.013232514177693762,14,1044,557,501,0.5264650283553876,T0_E2E,0.9980956912040712,0.00936768149882904,0.013232514177693762,0.2,1545,309,0.14603024574669188,261,48,0.8446601941747572,261,0.5209580838323353,0.7731568998109641,24.669187145557657,212,0.686084142394822,0.7268431001890359,49,0.15857605177993528,4.6313799621928275
62,IID_BALANCED,0.01,B0_STRUCT_XGB,0.9679690003395082,0.00936768149882904,0.013232514177693762,14,1044,557,501,0.5264650283553876,DAPT_E2E,0.9833908081054689,0.00936768149882904,0.01984877126654064,0.2,1545,309,0.14603024574669188,258,51,0.8349514563106796,258,0.5149700598802395,0.7703213610586012,24.38563327032136,212,0.686084142394822,0.7268431001890359,46,0.1488673139158576,4.34782608695653
62,IID_BALANCED,0.01,B0_STRUCT_XGB,0.9679690003395082,0.00936768149882904,0.013232514177693762,14,1044,557,501,0.5264650283553876,BASE_EMB_MLP,0.9615125060081483,0.00936768149882904,0.003780718336483932,0.2,1545,309,0.14603024574669188,219,90,0.7087378640776699,219,0.437125748502994,0.7334593572778828,20.699432892249526,212,0.686084142394822,0.7268431001890359,7,0.02265372168284796,0.6616257088846944
62,IID_BALANCED,0.01,B0_STRUCT_XGB,0.9679690003395082,0.00936768149882904,0.013232514177693762,14,1044,557,501,0.5264650283553876,DAPT_EMB_MLP,0.9792017340660096,0.00936768149882904,0.00945179584120983,0.2,1545,309,0.14603024574669188,221,88,0.7152103559870551,221,0.4411177644710579,0.7353497164461248,20.888468809073725,212,0.686084142394822,0.7268431001890359,9,0.029126213592233108,0.8506616257088928
62,IID_BALANCED,0.01,B0_STRUCT_XGB,0.9679690003395082,0.00936768149882904,0.013232514177693762,14,1044,557,501,0.5264650283553876,CONTRASTIVE_EMB_MLP,0.9943097829818727,0.00936768149882904,0.01606805293005671,0.2,1545,309,0.14603024574669188,225,84,0.7281553398058253,225,0.4491017964071856,0.7391304347826086,21.26654064272211,212,0.686084142394822,0.7268431001890359,13,0.04207119741100329,1.2287334593572785
62,TEMPORAL,0.01,B0_STRUCT_XGB,0.9679690003395082,0.00936768149882904,0.012,48,3952,2494,1506,0.6235,B0_SELF,0.9679690003395082,0.00936768149882904,0.012,0.05,5458,273,0.034125,249,24,0.9120879120879121,249,0.16533864541832669,0.68575,6.224999999999992,249,0.9120879120879121,0.68575,0,0.0,0.0
62,TEMPORAL,0.01,B0_STRUCT_XGB,0.9679690003395082,0.00936768149882904,0.012,48,3952,2494,1506,0.6235,T0_E2E,0.9980956912040712,0.00936768149882904,0.0055,0.05,5458,273,0.034125,273,0,1.0,273,0.18127490039840638,0.69175,6.824999999999992,249,0.9120879120879121,0.68575,24,0.08791208791208793,0.6000000000000005
62,TEMPORAL,0.01,B0_STRUCT_XGB,0.9679690003395082,0.00936768149882904,0.012,48,3952,2494,1506,0.6235,DAPT_E2E,0.9833908081054689,0.00936768149882904,0.012,0.05,5458,273,0.034125,270,3,0.989010989010989,270,0.17928286852589642,0.691,6.749999999999989,249,0.9120879120879121,0.68575,21,0.07692307692307698,0.5249999999999977
62,TEMPORAL,0.01,B0_STRUCT_XGB,0.9679690003395082,0.00936768149882904,0.012,48,3952,2494,1506,0.6235,BASE_EMB_MLP,0.9615125060081483,0.00936768149882904,0.0115,0.05,5458,273,0.034125,263,10,0.9633699633699634,263,0.17463479415670652,0.68925,6.5749999999999975,249,0.9120879120879121,0.68575,14,0.05128205128205132,0.35000000000000586
62,TEMPORAL,0.01,B0_STRUCT_XGB,0.9679690003395082,0.00936768149882904,0.012,48,3952,2494,1506,0.6235,DAPT_EMB_MLP,0.9792017340660096,0.00936768149882904,0.0075,0.05,5458,273,0.034125,256,17,0.9377289377289377,256,0.1699867197875166,0.6875,6.399999999999995,249,0.9120879120879121,0.68575,7,0.02564102564102566,0.17500000000000293
62,TEMPORAL,0.01,B0_STRUCT_XGB,0.9679690003395082,0.00936768149882904,0.012,48,3952,2494,1506,0.6235,CONTRASTIVE_EMB_MLP,0.9943097829818727,0.00936768149882904,0.007,0.05,5458,273,0.034125,253,20,0.9267399267399268,253,0.16799468791500663,0.68675,6.324999999999992,249,0.9120879120879121,0.68575,4,0.014652014652014711,0.10000000000000009
62,TEMPORAL,0.01,B0_STRUCT_XGB,0.9679690003395082,0.00936768149882904,0.012,48,3952,2494,1506,0.6235,B0_SELF,0.9679690003395082,0.00936768149882904,0.012,0.1,5458,546,0.06825,444,102,0.8131868131868132,444,0.2948207171314741,0.7345,11.099999999999998,444,0.8131868131868132,0.7345,0,0.0,0.0
62,TEMPORAL,0.01,B0_STRUCT_XGB,0.9679690003395082,0.00936768149882904,0.012,48,3952,2494,1506,0.6235,T0_E2E,0.9980956912040712,0.00936768149882904,0.0055,0.1,5458,546,0.06825,533,13,0.9761904761904762,533,0.35391766268260294,0.75675,13.324999999999998,444,0.8131868131868132,0.7345,89,0.16300366300366298,2.224999999999999
62,TEMPORAL,0.01,B0_STRUCT_XGB,0.9679690003395082,0.00936768149882904,0.012,48,3952,2494,1506,0.6235,DAPT_E2E,0.9833908081054689,0.00936768149882904,0.012,0.1,5458,546,0.06825,528,18,0.967032967032967,528,0.350597609561753,0.7555,13.199999999999989,444,0.8131868131868132,0.7345,84,0.15384615384615385,2.0999999999999908
62,TEMPORAL,0.01,B0_STRUCT_XGB,0.9679690003395082,0.00936768149882904,0.012,48,3952,2494,1506,0.6235,BASE_EMB_MLP,0.9615125060081483,0.00936768149882904,0.0115,0.1,5458,546,0.06825,489,57,0.8956043956043956,489,0.3247011952191235,0.74575,12.224999999999998,444,0.8131868131868132,0.7345,45,0.08241758241758246,1.1249999999999982
62,TEMPORAL,0.01,B0_STRUCT_XGB,0.9679690003395082,0.00936768149882904,0.012,48,3952,2494,1506,0.6235,DAPT_EMB_MLP,0.9792017340660096,0.00936768149882904,0.0075,0.1,5458,546,0.06825,491,55,0.8992673992673993,491,0.32602921646746347,0.74625,12.274999999999991,444,0.8131868131868132,0.7345,47,0.08608058608058611,1.1749999999999927
62,TEMPORAL,0.01,B0_STRUCT_XGB,0.9679690003395082,0.00936768149882904,0.012,48,3952,2494,1506,0.6235,CONTRASTIVE_EMB_MLP,0.9943097829818727,0.00936768149882904,0.007,0.1,5458,546,0.06825,468,78,0.8571428571428571,468,0.3107569721115538,0.7405,11.7,444,0.8131868131868132,0.7345,24,0.04395604395604391,0.6000000000000005
62,TEMPORAL,0.01,B0_STRUCT_XGB,0.9679690003395082,0.00936768149882904,0.012,48,3952,2494,1506,0.6235,B0_SELF,0.9679690003395082,0.00936768149882904,0.012,0.2,5458,1092,0.1365,784,308,0.717948717948718,784,0.5205843293492696,0.8195,19.599999999999994,784,0.717948717948718,0.8195,0,0.0,0.0
62,TEMPORAL,0.01,B0_STRUCT_XGB,0.9679690003395082,0.00936768149882904,0.012,48,3952,2494,1506,0.6235,T0_E2E,0.9980956912040712,0.00936768149882904,0.0055,0.2,5458,1092,0.1365,931,161,0.8525641025641025,931,0.6181938911022576,0.85625,23.27499999999999,784,0.717948717948718,0.8195,147,0.13461538461538458,3.674999999999995
62,TEMPORAL,0.01,B0_STRUCT_XGB,0.9679690003395082,0.00936768149882904,0.012,48,3952,2494,1506,0.6235,DAPT_E2E,0.9833908081054689,0.00936768149882904,0.012,0.2,5458,1092,0.1365,947,145,0.8672161172161172,947,0.6288180610889774,0.86025,23.67499999999999,784,0.717948717948718,0.8195,163,0.1492673992673993,4.074999999999996
62,TEMPORAL,0.01,B0_STRUCT_XGB,0.9679690003395082,0.00936768149882904,0.012,48,3952,2494,1506,0.6235,BASE_EMB_MLP,0.9615125060081483,0.00936768149882904,0.0115,0.2,5458,1092,0.1365,814,278,0.7454212454212454,814,0.5405046480743692,0.827,20.34999999999999,784,0.717948717948718,0.8195,30,0.027472527472527486,0.7499999999999951
62,TEMPORAL,0.01,B0_STRUCT_XGB,0.9679690003395082,0.00936768149882904,0.012,48,3952,2494,1506,0.6235,DAPT_EMB_MLP,0.9792017340660096,0.00936768149882904,0.0075,0.2,5458,1092,0.1365,781,311,0.7152014652014652,781,0.5185922974767596,0.81875,19.52499999999999,784,0.717948717948718,0.8195,-3,-0.0027472527472527375,-0.07500000000000284
62,TEMPORAL,0.01,B0_STRUCT_XGB,0.9679690003395082,0.00936768149882904,0.012,48,3952,2494,1506,0.6235,CONTRASTIVE_EMB_MLP,0.9943097829818727,0.00936768149882904,0.007,0.2,5458,1092,0.1365,757,335,0.6932234432234432,757,0.50265604249668,0.81275,18.92499999999999,784,0.717948717948718,0.8195,-27,-0.02472527472527475,-0.6750000000000034
62,DOMAIN_OOD,0.01,B0_STRUCT_XGB,0.9679690003395082,0.00936768149882904,0.017107309486780714,33,1896,1019,910,0.5282529808190772,B0_SELF,0.9679690003395082,0.00936768149882904,0.017107309486780714,0.05,2806,141,0.03654743390357698,130,11,0.9219858156028369,130,0.14285714285714285,0.5956454121306376,6.739243131156036,130,0.9219858156028369,0.5956454121306376,0,0.0,0.0
62,DOMAIN_OOD,0.01,B0_STRUCT_XGB,0.9679690003395082,0.00936768149882904,0.017107309486780714,33,1896,1019,910,0.5282529808190772,T0_E2E,0.9980956912040712,0.00936768149882904,0.006220839813374806,0.05,2806,141,0.03654743390357698,141,0,1.0,141,0.15494505494505495,0.6013478486262313,7.309486780715401,130,0.9219858156028369,0.5956454121306376,11,0.07801418439716312,0.5702436495593655
62,DOMAIN_OOD,0.01,B0_STRUCT_XGB,0.9679690003395082,0.00936768149882904,0.017107309486780714,33,1896,1019,910,0.5282529808190772,DAPT_E2E,0.9833908081054689,0.00936768149882904,0.012960082944530845,0.05,2806,141,0.03654743390357698,141,0,1.0,141,0.15494505494505495,0.6013478486262313,7.309486780715401,130,0.9219858156028369,0.5956454121306376,11,0.07801418439716312,0.5702436495593655
62,DOMAIN_OOD,0.01,B0_STRUCT_XGB,0.9679690003395082,0.00936768149882904,0.017107309486780714,33,1896,1019,910,0.5282529808190772,BASE_EMB_MLP,0.9615125060081483,0.00936768149882904,0.017107309486780714,0.05,2806,141,0.03654743390357698,134,7,0.950354609929078,134,0.14725274725274726,0.5977190254017626,6.946604458268535,130,0.9219858156028369,0.5956454121306376,4,0.028368794326241176,0.20736132711249855
62,DOMAIN_OOD,0.01,B0_STRUCT_XGB,0.9679690003395082,0.00936768149882904,0.017107309486780714,33,1896,1019,910,0.5282529808190772,DAPT_EMB_MLP,0.9792017340660096,0.00936768149882904,0.008812856402280975,0.05,2806,141,0.03654743390357698,135,6,0.9574468085106383,135,0.14835164835164835,0.5982374287195438,6.998444790046654,130,0.9219858156028369,0.5956454121306376,5,0.03546099290780147,0.25920165889061764
62,DOMAIN_OOD,0.01,B0_STRUCT_XGB,0.9679690003395082,0.00936768149882904,0.017107309486780714,33,1896,1019,910,0.5282529808190772,CONTRASTIVE_EMB_MLP,0.9943097829818727,0.00936768149882904,0.006220839813374806,0.05,2806,141,0.03654743390357698,132,9,0.9361702127659575,132,0.14505494505494507,0.5966822187662001,6.842923794712286,130,0.9219858156028369,0.5956454121306376,2,0.014184397163120588,0.10368066355624928
62,DOMAIN_OOD,0.01,B0_STRUCT_XGB,0.9679690003395082,0.00936768149882904,0.017107309486780714,33,1896,1019,910,0.5282529808190772,B0_SELF,0.9679690003395082,0.00936768149882904,0.017107309486780714,0.1,2806,281,0.07283566614826335,234,47,0.8327402135231317,234,0.2571428571428571,0.649559357179886,12.130637636080877,234,0.8327402135231317,0.649559357179886,0,0.0,0.0
62,DOMAIN_OOD,0.01,B0_STRUCT_XGB,0.9679690003395082,0.00936768149882904,0.017107309486780714,33,1896,1019,910,0.5282529808190772,T0_E2E,0.9980956912040712,0.00936768149882904,0.006220839813374806,0.1,2806,281,0.07283566614826335,275,6,0.9786476868327402,275,0.3021978021978022,0.6708138932089165,14.256091238983926,234,0.8327402135231317,0.649559357179886,41,0.14590747330960852,2.125453602903049
62,DOMAIN_OOD,0.01,B0_STRUCT_XGB,0.9679690003395082,0.00936768149882904,0.017107309486780714,33,1896,1019,910,0.5282529808190772,DAPT_E2E,0.9833908081054689,0.00936768149882904,0.012960082944530845,0.1,2806,281,0.07283566614826335,276,5,0.9822064056939501,276,0.3032967032967033,0.6713322965266978,14.307931570762056,234,0.8327402135231317,0.649559357179886,42,0.14946619217081847,2.1772939346811793
62,DOMAIN_OOD,0.01,B0_STRUCT_XGB,0.9679690003395082,0.00936768149882904,0.017107309486780714,33,1896,1019,910,0.5282529808190772,BASE_EMB_MLP,0.9615125060081483,0.00936768149882904,0.017107309486780714,0.1,2806,281,0.07283566614826335,250,31,0.8896797153024911,250,0.27472527472527475,0.6578538102643857,12.960082944530848,234,0.8327402135231317,0.649559357179886,16,0.05693950177935947,0.829445308449972
62,DOMAIN_OOD,0.01,B0_STRUCT_XGB,0.9679690003395082,0.00936768149882904,0.017107309486780714,33,1896,1019,910,0.5282529808190772,DAPT_EMB_MLP,0.9792017340660096,0.00936768149882904,0.008812856402280975,0.1,2806,281,0.07283566614826335,258,23,0.9181494661921709,258,0.2835164835164835,0.6620010368066356,13.374805598755835,234,0.8327402135231317,0.649559357179886,24,0.0854092526690392,1.244167962674958
62,DOMAIN_OOD,0.01,B0_STRUCT_XGB,0.9679690003395082,0.00936768149882904,0.017107309486780714,33,1896,1019,910,0.5282529808190772,CONTRASTIVE_EMB_MLP,0.9943097829818727,0.00936768149882904,0.006220839813374806,0.1,2806,281,0.07283566614826335,251,30,0.8932384341637011,251,0.27582417582417584,0.6583722135821669,13.011923276308968,234,0.8327402135231317,0.649559357179886,17,0.06049822064056942,0.8812856402280911
62,DOMAIN_OOD,0.01,B0_STRUCT_XGB,0.9679690003395082,0.00936768149882904,0.017107309486780714,33,1896,1019,910,0.5282529808190772,B0_SELF,0.9679690003395082,0.00936768149882904,0.017107309486780714,0.2,2806,562,0.1456713322965267,397,165,0.7064056939501779,397,0.43626373626373627,0.7340590979782271,20.580611715914987,397,0.7064056939501779,0.7340590979782271,0,0.0,0.0
62,DOMAIN_OOD,0.01,B0_STRUCT_XGB,0.9679690003395082,0.00936768149882904,0.017107309486780714,33,1896,1019,910,0.5282529808190772,T0_E2E,0.9980956912040712,0.00936768149882904,0.006220839813374806,0.2,2806,562,0.1456713322965267,503,59,0.895017793594306,503,0.5527472527472528,0.7890098496630379,26.075686884396067,397,0.7064056939501779,0.7340590979782271,106,0.18861209964412806,5.495075168481078
62,DOMAIN_OOD,0.01,B0_STRUCT_XGB,0.9679690003395082,0.00936768149882904,0.017107309486780714,33,1896,1019,910,0.5282529808190772,DAPT_E2E,0.9833908081054689,0.00936768149882904,0.012960082944530845,0.2,2806,562,0.1456713322965267,524,38,0.9323843416370107,524,0.5758241758241758,0.7998963193364438,27.164333851736654,397,0.7064056939501779,0.7340590979782271,127,0.22597864768683273,6.583722135821668
62,DOMAIN_OOD,0.01,B0_STRUCT_XGB,0.9679690003395082,0.00936768149882904,0.017107309486780714,33,1896,1019,910,0.5282529808190772,BASE_EMB_MLP,0.9615125060081483,0.00936768149882904,0.017107309486780714,0.2,2806,562,0.1456713322965267,447,115,0.7953736654804271,447,0.4912087912087912,0.7599792638672888,23.172628304821153,397,0.7064056939501779,0.7340590979782271,50,0.08896797153024916,2.5920165889061653
62,DOMAIN_OOD,0.01,B0_STRUCT_XGB,0.9679690003395082,0.00936768149882904,0.017107309486780714,33,1896,1019,910,0.5282529808190772,DAPT_EMB_MLP,0.9792017340660096,0.00936768149882904,0.008812856402280975,0.2,2806,562,0.1456713322965267,437,125,0.7775800711743772,437,0.48021978021978023,0.7547952306894764,22.654224987039917,397,0.7064056939501779,0.7340590979782271,40,0.07117437722419928,2.07361327112493
62,DOMAIN_OOD,0.01,B0_STRUCT_XGB,0.9679690003395082,0.00936768149882904,0.017107309486780714,33,1896,1019,910,0.5282529808190772,CONTRASTIVE_EMB_MLP,0.9943097829818727,0.00936768149882904,0.006220839813374806,0.2,2806,562,0.1456713322965267,418,144,0.7437722419928826,418,0.4593406593406593,0.744945567651633,21.669258683255578,397,0.7064056939501779,0.7340590979782271,21,0.03736654804270467,1.0886469673405896
62,TEMPLATE_OOD,0.01,B0_STRUCT_XGB,0.9679690003395082,0.00936768149882904,0.01288056206088993,44,3372,2076,1340,0.607728337236534,B0_SELF,0.9679690003395082,0.00936768149882904,0.01288056206088993,0.05,4712,236,0.03454332552693208,214,22,0.9067796610169492,214,0.15970149253731344,0.6703747072599532,6.264637002341922,214,0.9067796610169492,0.6703747072599532,0,0.0,0.0
62,TEMPLATE_OOD,0.01,B0_STRUCT_XGB,0.9679690003395082,0.00936768149882904,0.01288056206088993,44,3372,2076,1340,0.607728337236534,T0_E2E,0.9980956912040712,0.00936768149882904,0.0055620608899297425,0.05,4712,236,0.03454332552693208,236,0,1.0,236,0.1761194029850746,0.6768149882903981,6.908665105386413,214,0.9067796610169492,0.6703747072599532,22,0.09322033898305082,0.6440281030444917
62,TEMPLATE_OOD,0.01,B0_STRUCT_XGB,0.9679690003395082,0.00936768149882904,0.01288056206088993,44,3372,2076,1340,0.607728337236534,DAPT_E2E,0.9833908081054689,0.00936768149882904,0.0117096018735363,0.05,4712,236,0.03454332552693208,234,2,0.9915254237288136,234,0.1746268656716418,0.6762295081967213,6.850117096018737,214,0.9067796610169492,0.6703747072599532,20,0.0847457627118644,0.5854800936768156
62,TEMPLATE_OOD,0.01,B0_STRUCT_XGB,0.9679690003395082,0.00936768149882904,0.01288056206088993,44,3372,2076,1340,0.607728337236534,BASE_EMB_MLP,0.9615125060081483,0.00936768149882904,0.012587822014051522,0.05,4712,236,0.03454332552693208,227,9,0.961864406779661,227,0.16940298507462687,0.6741803278688525,6.645199063231855,214,0.9067796610169492,0.6703747072599532,13,0.05508474576271183,0.38056206088993294
62,TEMPLATE_OOD,0.01,B0_STRUCT_XGB,0.9679690003395082,0.00936768149882904,0.01288056206088993,44,3372,2076,1340,0.607728337236534,DAPT_EMB_MLP,0.9792017340660096,0.00936768149882904,0.007903981264637002,0.05,4712,236,0.03454332552693208,222,14,0.940677966101695,222,0.16567164179104477,0.6727166276346604,6.498829039812648,214,0.9067796610169492,0.6703747072599532,8,0.03389830508474578,0.23419203747072626
62,TEMPLATE_OOD,0.01,B0_STRUCT_XGB,0.9679690003395082,0.00936768149882904,0.01288056206088993,44,3372,2076,1340,0.607728337236534,CONTRASTIVE_EMB_MLP,0.9943097829818727,0.00936768149882904,0.00585480093676815,0.05,4712,236,0.03454332552693208,222,14,0.940677966101695,222,0.16567164179104477,0.6727166276346604,6.498829039812648,214,0.9067796610169492,0.6703747072599532,8,0.03389830508474578,0.23419203747072626
62,TEMPLATE_OOD,0.01,B0_STRUCT_XGB,0.9679690003395082,0.00936768149882904,0.01288056206088993,44,3372,2076,1340,0.607728337236534,B0_SELF,0.9679690003395082,0.00936768149882904,0.01288056206088993,0.1,4712,472,0.06908665105386416,387,85,0.8199152542372882,387,0.28880597014925374,0.7210187353629977,11.329039812646368,387,0.8199152542372882,0.7210187353629977,0,0.0,0.0
62,TEMPLATE_OOD,0.01,B0_STRUCT_XGB,0.9679690003395082,0.00936768149882904,0.01288056206088993,44,3372,2076,1340,0.607728337236534,T0_E2E,0.9980956912040712,0.00936768149882904,0.0055620608899297425,0.1,4712,472,0.06908665105386416,461,11,0.9766949152542372,461,0.3440298507462687,0.7426814988290398,13.495316159250581,387,0.8199152542372882,0.7210187353629977,74,0.15677966101694907,2.1662763466042123
62,TEMPLATE_OOD,0.01,B0_STRUCT_XGB,0.9679690003395082,0.00936768149882904,0.01288056206088993,44,3372,2076,1340,0.607728337236534,DAPT_E2E,0.9833908081054689,0.00936768149882904,0.0117096018735363,0.1,4712,472,0.06908665105386416,459,13,0.972457627118644,459,0.34253731343283583,0.742096018735363,13.436768149882905,387,0.8199152542372882,0.7210187353629977,72,0.15254237288135586,2.1077283372365363
62,TEMPLATE_OOD,0.01,B0_STRUCT_XGB,0.9679690003395082,0.00936768149882904,0.01288056206088993,44,3372,2076,1340,0.607728337236534,BASE_EMB_MLP,0.9615125060081483,0.00936768149882904,0.012587822014051522,0.1,4712,472,0.06908665105386416,421,51,0.8919491525423728,421,0.31417910447761194,0.7309718969555035,12.32435597189695,387,0.8199152542372882,0.7210187353629977,34,0.07203389830508466,0.995316159250581
62,TEMPLATE_OOD,0.01,B0_STRUCT_XGB,0.9679690003395082,0.00936768149882904,0.01288056206088993,44,3372,2076,1340,0.607728337236534,DAPT_EMB_MLP,0.9792017340660096,0.00936768149882904,0.007903981264637002,0.1,4712,472,0.06908665105386416,424,48,0.8983050847457628,424,0.3164179104477612,0.7318501170960188,12.41217798594848,387,0.8199152542372882,0.7210187353629977,37,0.07838983050847459,1.0831381733021117
62,TEMPLATE_OOD,0.01,B0_STRUCT_XGB,0.9679690003395082,0.00936768149882904,0.01288056206088993,44,3372,2076,1340,0.607728337236534,CONTRASTIVE_EMB_MLP,0.9943097829818727,0.00936768149882904,0.00585480093676815,0.1,4712,472,0.06908665105386416,416,56,0.8813559322033898,416,0.31044776119402984,0.7295081967213115,12.177985948477755,387,0.8199152542372882,0.7210187353629977,29,0.06144067796610164,0.8489461358313855
62,TEMPLATE_OOD,0.01,B0_STRUCT_XGB,0.9679690003395082,0.00936768149882904,0.01288056206088993,44,3372,2076,1340,0.607728337236534,B0_SELF,0.9679690003395082,0.00936768149882904,0.01288056206088993,0.2,4712,943,0.13802693208430913,677,266,0.7179215270413574,677,0.505223880597015,0.8059133489461359,19.81850117096019,677,0.7179215270413574,0.8059133489461359,0,0.0,0.0
62,TEMPLATE_OOD,0.01,B0_STRUCT_XGB,0.9679690003395082,0.00936768149882904,0.01288056206088993,44,3372,2076,1340,0.607728337236534,T0_E2E,0.9980956912040712,0.00936768149882904,0.0055620608899297425,0.2,4712,943,0.13802693208430913,823,120,0.8727465535524921,823,0.6141791044776119,0.8486533957845434,24.09250585480094,677,0.7179215270413574,0.8059133489461359,146,0.15482502651113472,4.274004683840749
62,TEMPLATE_OOD,0.01,B0_STRUCT_XGB,0.9679690003395082,0.00936768149882904,0.01288056206088993,44,3372,2076,1340,0.607728337236534,DAPT_E2E,0.9833908081054689,0.00936768149882904,0.0117096018735363,0.2,4712,943,0.13802693208430913,834,109,0.8844114528101803,834,0.6223880597014926,0.8518735362997658,24.414519906323186,677,0.7179215270413574,0.8059133489461359,157,0.16648992576882293,4.596018735362994
62,TEMPLATE_OOD,0.01,B0_STRUCT_XGB,0.9679690003395082,0.00936768149882904,0.01288056206088993,44,3372,2076,1340,0.607728337236534,BASE_EMB_MLP,0.9615125060081483,0.00936768149882904,0.012587822014051522,0.2,4712,943,0.13802693208430913,719,224,0.7624602332979852,719,0.5365671641791044,0.8182084309133489,21.048009367681498,677,0.7179215270413574,0.8059133489461359,42,0.044538706256627814,1.2295081967213073
62,TEMPLATE_OOD,0.01,B0_STRUCT_XGB,0.9679690003395082,0.00936768149882904,0.01288056206088993,44,3372,2076,1340,0.607728337236534,DAPT_EMB_MLP,0.9792017340660096,0.00936768149882904,0.007903981264637002,0.2,4712,943,0.13802693208430913,682,261,0.7232237539766702,682,0.508955223880597,0.8073770491803278,19.964871194379384,677,0.7179215270413574,0.8059133489461359,5,0.005302226935312793,0.14637002341919558
62,TEMPLATE_OOD,0.01,B0_STRUCT_XGB,0.9679690003395082,0.00936768149882904,0.01288056206088993,44,3372,2076,1340,0.607728337236534,CONTRASTIVE_EMB_MLP,0.9943097829818727,0.00936768149882904,0.00585480093676815,0.2,4712,943,0.13802693208430913,669,274,0.7094379639448568,669,0.4992537313432836,0.8035714285714286,19.584309133489462,677,0.7179215270413574,0.8059133489461359,-8,-0.008483563096500557,-0.23419203747072626
62,DOMAIN_TEMPLATE_OOD,0.01,B0_STRUCT_XGB,0.9679690003395082,0.00936768149882904,0.016720604099244876,31,1823,930,924,0.5016181229773463,B0_SELF,0.9679690003395082,0.00936768149882904,0.016720604099244876,0.05,2747,138,0.0372168284789644,126,12,0.9130434782608695,126,0.13636363636363635,0.56957928802589,6.796116504854366,126,0.9130434782608695,0.56957928802589,0,0.0,0.0
62,DOMAIN_TEMPLATE_OOD,0.01,B0_STRUCT_XGB,0.9679690003395082,0.00936768149882904,0.016720604099244876,31,1823,930,924,0.5016181229773463,T0_E2E,0.9980956912040712,0.00936768149882904,0.006472491909385114,0.05,2747,138,0.0372168284789644,138,0,1.0,138,0.14935064935064934,0.5760517799352751,7.443365695792881,126,0.9130434782608695,0.56957928802589,12,0.08695652173913049,0.6472491909385147
62,DOMAIN_TEMPLATE_OOD,0.01,B0_STRUCT_XGB,0.9679690003395082,0.00936768149882904,0.016720604099244876,31,1823,930,924,0.5016181229773463,DAPT_E2E,0.9833908081054689,0.00936768149882904,0.012405609492988134,0.05,2747,138,0.0372168284789644,138,0,1.0,138,0.14935064935064934,0.5760517799352751,7.443365695792881,126,0.9130434782608695,0.56957928802589,12,0.08695652173913049,0.6472491909385147
62,DOMAIN_TEMPLATE_OOD,0.01,B0_STRUCT_XGB,0.9679690003395082,0.00936768149882904,0.016720604099244876,31,1823,930,924,0.5016181229773463,BASE_EMB_MLP,0.9615125060081483,0.00936768149882904,0.016720604099244876,0.05,2747,138,0.0372168284789644,132,6,0.9565217391304348,132,0.14285714285714285,0.5728155339805825,7.119741100323617,126,0.9130434782608695,0.56957928802589,6,0.0434782608695653,0.3236245954692518
62,DOMAIN_TEMPLATE_OOD,0.01,B0_STRUCT_XGB,0.9679690003395082,0.00936768149882904,0.016720604099244876,31,1823,930,924,0.5016181229773463,DAPT_EMB_MLP,0.9792017340660096,0.00936768149882904,0.009169363538295576,0.05,2747,138,0.0372168284789644,131,7,0.9492753623188406,131,0.14177489177489178,0.5722761596548004,7.065803667745407,126,0.9130434782608695,0.56957928802589,5,0.036231884057971064,0.26968716289104133
62,DOMAIN_TEMPLATE_OOD,0.01,B0_STRUCT_XGB,0.9679690003395082,0.00936768149882904,0.016720604099244876,31,1823,930,924,0.5016181229773463,CONTRASTIVE_EMB_MLP,0.9943097829818727,0.00936768149882904,0.005933117583603021,0.05,2747,138,0.0372168284789644,130,8,0.9420289855072463,130,0.1406926406926407,0.5717367853290184,7.011866235167208,126,0.9130434782608695,0.56957928802589,4,0.02898550724637683,0.21574973031284195
62,DOMAIN_TEMPLATE_OOD,0.01,B0_STRUCT_XGB,0.9679690003395082,0.00936768149882904,0.016720604099244876,31,1823,930,924,0.5016181229773463,B0_SELF,0.9679690003395082,0.00936768149882904,0.016720604099244876,0.1,2747,275,0.07416396979503775,229,46,0.8327272727272728,229,0.24783549783549783,0.6251348435814456,12.351672060409925,229,0.8327272727272728,0.6251348435814456,0,0.0,0.0
62,DOMAIN_TEMPLATE_OOD,0.01,B0_STRUCT_XGB,0.9679690003395082,0.00936768149882904,0.016720604099244876,31,1823,930,924,0.5016181229773463,T0_E2E,0.9980956912040712,0.00936768149882904,0.006472491909385114,0.1,2747,275,0.07416396979503775,269,6,0.9781818181818182,269,0.2911255411255411,0.6467098166127292,14.509169363538287,229,0.8327272727272728,0.6251348435814456,40,0.1454545454545454,2.157497303128364
62,DOMAIN_TEMPLATE_OOD,0.01,B0_STRUCT_XGB,0.9679690003395082,0.00936768149882904,0.016720604099244876,31,1823,930,924,0.5016181229773463,DAPT_E2E,0.9833908081054689,0.00936768149882904,0.012405609492988134,0.1,2747,275,0.07416396979503775,272,3,0.9890909090909091,272,0.2943722943722944,0.6483279395900755,14.670981661272918,229,0.8327272727272728,0.6251348435814456,43,0.15636363636363637,2.3193096008629954
62,DOMAIN_TEMPLATE_OOD,0.01,B0_STRUCT_XGB,0.9679690003395082,0.00936768149882904,0.016720604099244876,31,1823,930,924,0.5016181229773463,BASE_EMB_MLP,0.9615125060081483,0.00936768149882904,0.016720604099244876,0.1,2747,275,0.07416396979503775,244,31,0.8872727272727273,244,0.26406926406926406,0.6332254584681769,13.160733549083059,229,0.8327272727272728,0.6251348435814456,15,0.054545454545454564,0.8090614886731351
62,DOMAIN_TEMPLATE_OOD,0.01,B0_STRUCT_XGB,0.9679690003395082,0.00936768149882904,0.016720604099244876,31,1823,930,924,0.5016181229773463,DAPT_EMB_MLP,0.9792017340660096,0.00936768149882904,0.009169363538295576,0.1,2747,275,0.07416396979503775,251,24,0.9127272727272727,251,0.27164502164502163,0.6370010787486515,13.538295577130521,229,0.8327272727272728,0.6251348435814456,22,0.07999999999999996,1.1866235167205974
62,DOMAIN_TEMPLATE_OOD,0.01,B0_STRUCT_XGB,0.9679690003395082,0.00936768149882904,0.016720604099244876,31,1823,930,924,0.5016181229773463,CONTRASTIVE_EMB_MLP,0.9943097829818727,0.00936768149882904,0.005933117583603021,0.1,2747,275,0.07416396979503775,252,23,0.9163636363636364,252,0.2727272727272727,0.6375404530744336,13.592233009708732,229,0.8327272727272728,0.6251348435814456,23,0.08363636363636362,1.240560949298808
62,DOMAIN_TEMPLATE_OOD,0.01,B0_STRUCT_XGB,0.9679690003395082,0.00936768149882904,0.016720604099244876,31,1823,930,924,0.5016181229773463,B0_SELF,0.9679690003395082,0.00936768149882904,0.016720604099244876,0.2,2747,550,0.1483279395900755,395,155,0.7181818181818181,395,0.4274891774891775,0.714670981661273,21.305285868392666,395,0.7181818181818181,0.714670981661273,0,0.0,0.0
62,DOMAIN_TEMPLATE_OOD,0.01,B0_STRUCT_XGB,0.9679690003395082,0.00936768149882904,0.016720604099244876,31,1823,930,924,0.5016181229773463,T0_E2E,0.9980956912040712,0.00936768149882904,0.006472491909385114,0.2,2747,550,0.1483279395900755,494,56,0.8981818181818182,494,0.5346320346320347,0.7680690399137001,26.64509169363538,395,0.7181818181818181,0.714670981661273,99,0.18000000000000005,5.339805825242716
62,DOMAIN_TEMPLATE_OOD,0.01,B0_STRUCT_XGB,0.9679690003395082,0.00936768149882904,0.016720604099244876,31,1823,930,924,0.5016181229773463,DAPT_E2E,0.9833908081054689,0.00936768149882904,0.012405609492988134,0.2,2747,550,0.1483279395900755,515,35,0.9363636363636364,515,0.5573593073593074,0.7793959007551241,27.77777777777778,395,0.7181818181818181,0.714670981661273,120,0.21818181818181825,6.4724919093851145
62,DOMAIN_TEMPLATE_OOD,0.01,B0_STRUCT_XGB,0.9679690003395082,0.00936768149882904,0.016720604099244876,31,1823,930,924,0.5016181229773463,BASE_EMB_MLP,0.9615125060081483,0.00936768149882904,0.016720604099244876,0.2,2747,550,0.1483279395900755,439,111,0.7981818181818182,439,0.4751082251082251,0.738403451995685,23.678532901833872,395,0.7181818181818181,0.714670981661273,44,0.08000000000000007,2.373247033441206
62,DOMAIN_TEMPLATE_OOD,0.01,B0_STRUCT_XGB,0.9679690003395082,0.00936768149882904,0.016720604099244876,31,1823,930,924,0.5016181229773463,DAPT_EMB_MLP,0.9792017340660096,0.00936768149882904,0.009169363538295576,0.2,2747,550,0.1483279395900755,428,122,0.7781818181818182,428,0.46320346320346323,0.732470334412082,23.085221143473568,395,0.7181818181818181,0.714670981661273,33,0.06000000000000005,1.7799352750809017
62,DOMAIN_TEMPLATE_OOD,0.01,B0_STRUCT_XGB,0.9679690003395082,0.00936768149882904,0.016720604099244876,31,1823,930,924,0.5016181229773463,CONTRASTIVE_EMB_MLP,0.9943097829818727,0.00936768149882904,0.005933117583603021,0.2,2747,550,0.1483279395900755,405,145,0.7363636363636363,405,0.4383116883116883,0.7200647249190939,21.844660194174757,395,0.7181818181818181,0.714670981661273,10,0.018181818181818188,0.5393743257820938
62,IID_ORIGINAL,0.02,B0_STRUCT_XGB,0.9377651810646058,0.01990632318501171,0.02308078273958856,46,1947,611,447,0.5775047258979206,B0_SELF,0.9377651810646058,0.01990632318501171,0.02308078273958856,0.05,2394,120,0.03933136676499508,81,39,0.675,81,0.18120805369127516,0.6540642722117203,7.655954631379968,81,0.675,0.6540642722117203,0,0.0,0.0
62,IID_ORIGINAL,0.02,B0_STRUCT_XGB,0.9377651810646058,0.01990632318501171,0.02308078273958856,46,1947,611,447,0.5775047258979206,T0_E2E,0.9660279750823976,0.01990632318501171,0.021575514300050176,0.05,2394,120,0.03933136676499508,107,13,0.8916666666666667,107,0.23937360178970918,0.6786389413988658,10.113421550094525,81,0.675,0.6540642722117203,26,0.21666666666666667,2.457466918714557
62,IID_ORIGINAL,0.02,B0_STRUCT_XGB,0.9377651810646058,0.01990632318501171,0.02308078273958856,46,1947,611,447,0.5775047258979206,DAPT_E2E,0.8074606657028199,0.01990632318501171,0.02007024586051179,0.05,2394,120,0.03933136676499508,109,11,0.9083333333333333,109,0.24384787472035793,0.6805293005671077,10.302457466918714,81,0.675,0.6540642722117203,28,0.23333333333333328,2.6465028355387443
62,IID_ORIGINAL,0.02,B0_STRUCT_XGB,0.9377651810646058,0.01990632318501171,0.02308078273958856,46,1947,611,447,0.5775047258979206,BASE_EMB_MLP,0.8943365216255189,0.01990632318501171,0.021073758153537382,0.05,2394,120,0.03933136676499508,102,18,0.85,102,0.22818791946308725,0.6739130434782609,9.640831758034029,81,0.675,0.6540642722117203,21,0.17499999999999993,1.984877126654061
62,IID_ORIGINAL,0.02,B0_STRUCT_XGB,0.9377651810646058,0.01990632318501171,0.02308078273958856,46,1947,611,447,0.5775047258979206,DAPT_EMB_MLP,0.9350150227546693,0.01990632318501171,0.020572002007024585,0.05,2394,120,0.03933136676499508,98,22,0.8166666666666667,98,0.21923937360178972,0.6701323251417769,9.262759924385634,81,0.675,0.6540642722117203,17,0.1416666666666666,1.6068052930056642
62,IID_ORIGINAL,0.02,B0_STRUCT_XGB,0.9377651810646058,0.01990632318501171,0.02308078273958856,46,1947,611,447,0.5775047258979206,CONTRASTIVE_EMB_MLP,0.9658820033073426,0.01990632318501171,0.03161063723030607,0.05,2394,120,0.03933136676499508,88,32,0.7333333333333333,88,0.19686800894854586,0.6606805293005671,8.317580340264652,81,0.675,0.6540642722117203,7,0.05833333333333324,0.6616257088846833
62,IID_ORIGINAL,0.02,B0_STRUCT_XGB,0.9377651810646058,0.01990632318501171,0.02308078273958856,46,1947,611,447,0.5775047258979206,B0_SELF,0.9377651810646058,0.01990632318501171,0.02308078273958856,0.1,2394,240,0.07866273352999016,129,111,0.5375,129,0.28859060402684567,0.6994328922495274,12.192816635160685,129,0.5375,0.6994328922495274,0,0.0,0.0
62,IID_ORIGINAL,0.02,B0_STRUCT_XGB,0.9377651810646058,0.01990632318501171,0.02308078273958856,46,1947,611,447,0.5775047258979206,T0_E2E,0.9660279750823976,0.01990632318501171,0.021575514300050176,0.1,2394,240,0.07866273352999016,184,56,0.7666666666666667,184,0.4116331096196868,0.7514177693761814,17.391304347826086,129,0.5375,0.6994328922495274,55,0.22916666666666674,5.1984877126654006
62,IID_ORIGINAL,0.02,B0_STRUCT_XGB,0.9377651810646058,0.01990632318501171,0.02308078273958856,46,1947,611,447,0.5775047258979206,DAPT_E2E,0.8074606657028199,0.01990632318501171,0.02007024586051179,0.1,2394,240,0.07866273352999016,183,57,0.7625,183,0.40939597315436244,0.7504725897920604,17.296786389413988,129,0.5375,0.6994328922495274,54,0.22499999999999998,5.103969754253301
62,IID_ORIGINAL,0.02,B0_STRUCT_XGB,0.9377651810646058,0.01990632318501171,0.02308078273958856,46,1947,611,447,0.5775047258979206,BASE_EMB_MLP,0.8943365216255189,0.01990632318501171,0.021073758153537382,0.1,2394,240,0.07866273352999016,151,89,0.6291666666666667,151,0.3378076062639821,0.720226843100189,14.272211720226846,129,0.5375,0.6994328922495274,22,0.09166666666666667,2.07939508506616
62,IID_ORIGINAL,0.02,B0_STRUCT_XGB,0.9377651810646058,0.01990632318501171,0.02308078273958856,46,1947,611,447,0.5775047258979206,DAPT_EMB_MLP,0.9350150227546693,0.01990632318501171,0.020572002007024585,0.1,2394,240,0.07866273352999016,153,87,0.6375,153,0.3422818791946309,0.722117202268431,14.461247637051045,129,0.5375,0.6994328922495274,24,0.09999999999999998,2.2684310018903586
62,IID_ORIGINAL,0.02,B0_STRUCT_XGB,0.9377651810646058,0.01990632318501171,0.02308078273958856,46,1947,611,447,0.5775047258979206,CONTRASTIVE_EMB_MLP,0.9658820033073426,0.01990632318501171,0.03161063723030607,0.1,2394,240,0.07866273352999016,149,91,0.6208333333333333,149,0.3333333333333333,0.718336483931947,14.083175803402648,129,0.5375,0.6994328922495274,20,0.08333333333333337,1.8903591682419618
62,IID_ORIGINAL,0.02,B0_STRUCT_XGB,0.9377651810646058,0.01990632318501171,0.02308078273958856,46,1947,611,447,0.5775047258979206,B0_SELF,0.9377651810646058,0.01990632318501171,0.02308078273958856,0.2,2394,479,0.15699770567027205,203,276,0.42379958246346555,203,0.4541387024608501,0.7693761814744802,19.18714555765596,203,0.42379958246346555,0.7693761814744802,0,0.0,0.0
62,IID_ORIGINAL,0.02,B0_STRUCT_XGB,0.9377651810646058,0.01990632318501171,0.02308078273958856,46,1947,611,447,0.5775047258979206,T0_E2E,0.9660279750823976,0.01990632318501171,0.021575514300050176,0.2,2394,479,0.15699770567027205,259,220,0.5407098121085595,259,0.5794183445190156,0.8223062381852552,24.48015122873346,203,0.42379958246346555,0.7693761814744802,56,0.11691022964509395,5.2930056710775
62,IID_ORIGINAL,0.02,B0_STRUCT_XGB,0.9377651810646058,0.01990632318501171,0.02308078273958856,46,1947,611,447,0.5775047258979206,DAPT_E2E,0.8074606657028199,0.01990632318501171,0.02007024586051179,0.2,2394,479,0.15699770567027205,242,237,0.5052192066805845,242,0.5413870246085011,0.8062381852551985,22.873345935727794,203,0.42379958246346555,0.7693761814744802,39,0.08141962421711896,3.6862003780718355
62,IID_ORIGINAL,0.02,B0_STRUCT_XGB,0.9377651810646058,0.01990632318501171,0.02308078273958856,46,1947,611,447,0.5775047258979206,BASE_EMB_MLP,0.8943365216255189,0.01990632318501171,0.021073758153537382,0.2,2394,479,0.15699770567027205,230,249,0.4801670146137787,230,0.5145413870246085,0.7948960302457467,21.739130434782616,203,0.42379958246346555,0.7693761814744802,27,0.056367432150313146,2.5519848771266562
62,IID_ORIGINAL,0.02,B0_STRUCT_XGB,0.9377651810646058,0.01990632318501171,0.02308078273958856,46,1947,611,447,0.5775047258979206,DAPT_EMB_MLP,0.9350150227546693,0.01990632318501171,0.020572002007024585,0.2,2394,479,0.15699770567027205,215,264,0.4488517745302714,215,0.4809843400447427,0.780718336483932,20.32136105860114,203,0.42379958246346555,0.7693761814744802,12,0.025052192066805867,1.1342155009451793
62,IID_ORIGINAL,0.02,B0_STRUCT_XGB,0.9377651810646058,0.01990632318501171,0.02308078273958856,46,1947,611,447,0.5775047258979206,CONTRASTIVE_EMB_MLP,0.9658820033073426,0.01990632318501171,0.03161063723030607,0.2,2394,479,0.15699770567027205,239,240,0.4989561586638831,239,0.5346756152125279,0.8034026465028355,22.589792060491497,203,0.42379958246346555,0.7693761814744802,36,0.07515657620041755,3.402646502835538
62,IID_BALANCED,0.02,B0_STRUCT_XGB,0.9377651810646058,0.01990632318501171,0.02551984877126654,27,1031,611,447,0.5775047258979206,B0_SELF,0.9377651810646058,0.01990632318501171,0.02551984877126654,0.05,1478,74,0.03497164461247637,63,11,0.8513513513513513,63,0.14093959731543623,0.6370510396975425,5.954631379962194,63,0.8513513513513513,0.6370510396975425,0,0.0,0.0
62,IID_BALANCED,0.02,B0_STRUCT_XGB,0.9377651810646058,0.01990632318501171,0.02551984877126654,27,1031,611,447,0.5775047258979206,T0_E2E,0.9660279750823976,0.01990632318501171,0.022684310018903593,0.05,1478,74,0.03497164461247637,72,2,0.972972972972973,72,0.1610738255033557,0.6455576559546313,6.805293005671076,63,0.8513513513513513,0.6370510396975425,9,0.12162162162162171,0.8506616257088817
62,IID_BALANCED,0.02,B0_STRUCT_XGB,0.9377651810646058,0.01990632318501171,0.02551984877126654,27,1031,611,447,0.5775047258979206,DAPT_E2E,0.8074606657028199,0.01990632318501171,0.022684310018903593,0.05,1478,74,0.03497164461247637,73,1,0.9864864864864865,73,0.16331096196868009,0.6465028355387523,6.899810964083175,63,0.8513513513513513,0.6370510396975425,10,0.1351351351351352,0.9451795841209809
62,IID_BALANCED,0.02,B0_STRUCT_XGB,0.9377651810646058,0.01990632318501171,0.02551984877126654,27,1031,611,447,0.5775047258979206,BASE_EMB_MLP,0.8943365216255189,0.01990632318501171,0.01984877126654064,0.05,1478,74,0.03497164461247637,72,2,0.972972972972973,72,0.1610738255033557,0.6455576559546313,6.805293005671076,63,0.8513513513513513,0.6370510396975425,9,0.12162162162162171,0.8506616257088817
62,IID_BALANCED,0.02,B0_STRUCT_XGB,0.9377651810646058,0.01990632318501171,0.02551984877126654,27,1031,611,447,0.5775047258979206,DAPT_EMB_MLP,0.9350150227546693,0.01990632318501171,0.02551984877126654,0.05,1478,74,0.03497164461247637,72,2,0.972972972972973,72,0.1610738255033557,0.6455576559546313,6.805293005671076,63,0.8513513513513513,0.6370510396975425,9,0.12162162162162171,0.8506616257088817
62,IID_BALANCED,0.02,B0_STRUCT_XGB,0.9377651810646058,0.01990632318501171,0.02551984877126654,27,1031,611,447,0.5775047258979206,CONTRASTIVE_EMB_MLP,0.9658820033073426,0.01990632318501171,0.036862003780718335,0.05,1478,74,0.03497164461247637,60,14,0.8108108108108109,60,0.1342281879194631,0.6342155009451795,5.671077504725897,63,0.8513513513513513,0.6370510396975425,-3,-0.04054054054054046,-0.2835538752362976
62,IID_BALANCED,0.02,B0_STRUCT_XGB,0.9377651810646058,0.01990632318501171,0.02551984877126654,27,1031,611,447,0.5775047258979206,B0_SELF,0.9377651810646058,0.01990632318501171,0.02551984877126654,0.1,1478,148,0.06994328922495274,110,38,0.7432432432432432,110,0.24608501118568232,0.6814744801512287,10.396975425330812,110,0.7432432432432432,0.6814744801512287,0,0.0,0.0
62,IID_BALANCED,0.02,B0_STRUCT_XGB,0.9377651810646058,0.01990632318501171,0.02551984877126654,27,1031,611,447,0.5775047258979206,T0_E2E,0.9660279750823976,0.01990632318501171,0.022684310018903593,0.1,1478,148,0.06994328922495274,137,11,0.9256756756756757,137,0.30648769574944074,0.7069943289224953,12.948960302457468,110,0.7432432432432432,0.6814744801512287,27,0.18243243243243246,2.5519848771266562
62,IID_BALANCED,0.02,B0_STRUCT_XGB,0.9377651810646058,0.01990632318501171,0.02551984877126654,27,1031,611,447,0.5775047258979206,DAPT_E2E,0.8074606657028199,0.01990632318501171,0.022684310018903593,0.1,1478,148,0.06994328922495274,137,11,0.9256756756756757,137,0.30648769574944074,0.7069943289224953,12.948960302457468,110,0.7432432432432432,0.6814744801512287,27,0.18243243243243246,2.5519848771266562
62,IID_BALANCED,0.02,B0_STRUCT_XGB,0.9377651810646058,0.01990632318501171,0.02551984877126654,27,1031,611,447,0.5775047258979206,BASE_EMB_MLP,0.8943365216255189,0.01990632318501171,0.01984877126654064,0.1,1478,148,0.06994328922495274,125,23,0.8445945945945946,125,0.2796420581655481,0.6956521739130435,11.814744801512289,110,0.7432432432432432,0.6814744801512287,15,0.10135135135135143,1.417769376181477
62,IID_BALANCED,0.02,B0_STRUCT_XGB,0.9377651810646058,0.01990632318501171,0.02551984877126654,27,1031,611,447,0.5775047258979206,DAPT_EMB_MLP,0.9350150227546693,0.01990632318501171,0.02551984877126654,0.1,1478,148,0.06994328922495274,127,21,0.8581081081081081,127,0.2841163310961969,0.6975425330812854,12.003780718336488,110,0.7432432432432432,0.6814744801512287,17,0.11486486486486491,1.6068052930056753
62,IID_BALANCED,0.02,B0_STRUCT_XGB,0.9377651810646058,0.01990632318501171,0.02551984877126654,27,1031,611,447,0.5775047258979206,CONTRASTIVE_EMB_MLP,0.9658820033073426,0.01990632318501171,0.036862003780718335,0.1,1478,148,0.06994328922495274,115,33,0.777027027027027,115,0.25727069351230425,0.6862003780718336,10.869565217391308,110,0.7432432432432432,0.6814744801512287,5,0.03378378378378377,0.472589792060496
62,IID_BALANCED,0.02,B0_STRUCT_XGB,0.9377651810646058,0.01990632318501171,0.02551984877126654,27,1031,611,447,0.5775047258979206,B0_SELF,0.9377651810646058,0.01990632318501171,0.02551984877126654,0.2,1478,296,0.13988657844990549,188,108,0.6351351351351351,188,0.42058165548098436,0.7551984877126654,17.769376181474485,188,0.6351351351351351,0.7551984877126654,0,0.0,0.0
62,IID_BALANCED,0.02,B0_STRUCT_XGB,0.9377651810646058,0.01990632318501171,0.02551984877126654,27,1031,611,447,0.5775047258979206,T0_E2E,0.9660279750823976,0.01990632318501171,0.022684310018903593,0.2,1478,296,0.13988657844990549,234,62,0.7905405405405406,234,0.5234899328859061,0.7986767485822306,22.117202268431,188,0.6351351351351351,0.7551984877126654,46,0.15540540540540548,4.347826086956519
62,IID_BALANCED,0.02,B0_STRUCT_XGB,0.9377651810646058,0.01990632318501171,0.02551984877126654,27,1031,611,447,0.5775047258979206,DAPT_E2E,0.8074606657028199,0.01990632318501171,0.022684310018903593,0.2,1478,296,0.13988657844990549,228,68,0.7702702702702703,228,0.5100671140939598,0.7930056710775047,21.550094517958417,188,0.6351351351351351,0.7551984877126654,40,0.1351351351351352,3.7807183364839347
62,IID_BALANCED,0.02,B0_STRUCT_XGB,0.9377651810646058,0.01990632318501171,0.02551984877126654,27,1031,611,447,0.5775047258979206,BASE_EMB_MLP,0.8943365216255189,0.01990632318501171,0.01984877126654064,0.2,1478,296,0.13988657844990549,194,102,0.6554054054054054,194,0.43400447427293065,0.7608695652173914,18.33648393194708,188,0.6351351351351351,0.7551984877126654,6,0.020270270270270285,0.5671077504725952
62,IID_BALANCED,0.02,B0_STRUCT_XGB,0.9377651810646058,0.01990632318501171,0.02551984877126654,27,1031,611,447,0.5775047258979206,DAPT_EMB_MLP,0.9350150227546693,0.01990632318501171,0.02551984877126654,0.2,1478,296,0.13988657844990549,192,104,0.6486486486486487,192,0.42953020134228187,0.7589792060491494,18.14744801512288,188,0.6351351351351351,0.7551984877126654,4,0.013513513513513598,0.3780718336483968
62,IID_BALANCED,0.02,B0_STRUCT_XGB,0.9377651810646058,0.01990632318501171,0.02551984877126654,27,1031,611,447,0.5775047258979206,CONTRASTIVE_EMB_MLP,0.9658820033073426,0.01990632318501171,0.036862003780718335,0.2,1478,296,0.13988657844990549,203,93,0.6858108108108109,203,0.4541387024608501,0.7693761814744802,19.18714555765596,188,0.6351351351351351,0.7551984877126654,15,0.05067567567567577,1.417769376181477
62,TEMPORAL,0.02,B0_STRUCT_XGB,0.9377651810646058,0.01990632318501171,0.01625,65,3935,2684,1316,0.671,B0_SELF,0.9377651810646058,0.01990632318501171,0.01625,0.05,5251,263,0.032875,212,51,0.8060836501901141,212,0.16109422492401215,0.724,5.299999999999994,212,0.8060836501901141,0.724,0,0.0,0.0
62,TEMPORAL,0.02,B0_STRUCT_XGB,0.9377651810646058,0.01990632318501171,0.01625,65,3935,2684,1316,0.671,T0_E2E,0.9660279750823976,0.01990632318501171,0.01625,0.05,5251,263,0.032875,260,3,0.9885931558935361,260,0.19756838905775076,0.736,6.499999999999995,212,0.8060836501901141,0.724,48,0.18250950570342206,1.200000000000001
62,TEMPORAL,0.02,B0_STRUCT_XGB,0.9377651810646058,0.01990632318501171,0.01625,65,3935,2684,1316,0.671,DAPT_E2E,0.8074606657028199,0.01990632318501171,0.01725,0.05,5251,263,0.032875,258,5,0.9809885931558935,258,0.196048632218845,0.7355,6.45,212,0.8060836501901141,0.724,46,0.1749049429657794,1.1500000000000066
62,TEMPORAL,0.02,B0_STRUCT_XGB,0.9377651810646058,0.01990632318501171,0.01625,65,3935,2684,1316,0.671,BASE_EMB_MLP,0.8943365216255189,0.01990632318501171,0.0205,0.05,5251,263,0.032875,249,14,0.9467680608365019,249,0.189209726443769,0.73325,6.224999999999992,212,0.8060836501901141,0.724,37,0.14068441064638781,0.924999999999998
62,TEMPORAL,0.02,B0_STRUCT_XGB,0.9377651810646058,0.01990632318501171,0.01625,65,3935,2684,1316,0.671,DAPT_EMB_MLP,0.9350150227546693,0.01990632318501171,0.017,0.05,5251,263,0.032875,242,21,0.9201520912547528,242,0.1838905775075988,0.7315,6.05,212,0.8060836501901141,0.724,30,0.11406844106463876,0.7500000000000062
62,TEMPORAL,0.02,B0_STRUCT_XGB,0.9377651810646058,0.01990632318501171,0.01625,65,3935,2684,1316,0.671,CONTRASTIVE_EMB_MLP,0.9658820033073426,0.01990632318501171,0.0215,0.05,5251,263,0.032875,235,28,0.8935361216730038,235,0.17857142857142858,0.72975,5.8749999999999964,212,0.8060836501901141,0.724,23,0.0874524714828897,0.5750000000000033
62,TEMPORAL,0.02,B0_STRUCT_XGB,0.9377651810646058,0.01990632318501171,0.01625,65,3935,2684,1316,0.671,B0_SELF,0.9377651810646058,0.01990632318501171,0.01625,0.1,5251,526,0.06575,375,151,0.7129277566539924,375,0.28495440729483285,0.76475,9.375,375,0.7129277566539924,0.76475,0,0.0,0.0
62,TEMPORAL,0.02,B0_STRUCT_XGB,0.9377651810646058,0.01990632318501171,0.01625,65,3935,2684,1316,0.671,T0_E2E,0.9660279750823976,0.01990632318501171,0.01625,0.1,5251,526,0.06575,499,27,0.9486692015209125,499,0.3791793313069909,0.79575,12.47499999999999,375,0.7129277566539924,0.76475,124,0.23574144486692006,3.0999999999999917
62,TEMPORAL,0.02,B0_STRUCT_XGB,0.9377651810646058,0.01990632318501171,0.01625,65,3935,2684,1316,0.671,DAPT_E2E,0.8074606657028199,0.01990632318501171,0.01725,0.1,5251,526,0.06575,497,29,0.9448669201520913,497,0.3776595744680851,0.79525,12.424999999999997,375,0.7129277566539924,0.76475,122,0.23193916349809884,3.049999999999997
62,TEMPORAL,0.02,B0_STRUCT_XGB,0.9377651810646058,0.01990632318501171,0.01625,65,3935,2684,1316,0.671,BASE_EMB_MLP,0.8943365216255189,0.01990632318501171,0.0205,0.1,5251,526,0.06575,453,73,0.8612167300380228,453,0.34422492401215804,0.78425,11.324999999999996,375,0.7129277566539924,0.76475,78,0.14828897338403035,1.9499999999999962
62,TEMPORAL,0.02,B0_STRUCT_XGB,0.9377651810646058,0.01990632318501171,0.01625,65,3935,2684,1316,0.671,DAPT_EMB_MLP,0.9350150227546693,0.01990632318501171,0.017,0.1,5251,526,0.06575,449,77,0.8536121673003803,449,0.3411854103343465,0.78325,11.224999999999996,375,0.7129277566539924,0.76475,74,0.14068441064638781,1.849999999999996
62,TEMPORAL,0.02,B0_STRUCT_XGB,0.9377651810646058,0.01990632318501171,0.01625,65,3935,2684,1316,0.671,CONTRASTIVE_EMB_MLP,0.9658820033073426,0.01990632318501171,0.0215,0.1,5251,526,0.06575,414,112,0.7870722433460076,414,0.31458966565349544,0.7745,10.349999999999993,375,0.7129277566539924,0.76475,39,0.07414448669201512,0.9749999999999925
62,TEMPORAL,0.02,B0_STRUCT_XGB,0.9377651810646058,0.01990632318501171,0.01625,65,3935,2684,1316,0.671,B0_SELF,0.9377651810646058,0.01990632318501171,0.01625,0.2,5251,1051,0.131375,680,371,0.6470028544243578,680,0.5167173252279635,0.841,16.999999999999993,680,0.6470028544243578,0.841,0,0.0,0.0
62,TEMPORAL,0.02,B0_STRUCT_XGB,0.9377651810646058,0.01990632318501171,0.01625,65,3935,2684,1316,0.671,T0_E2E,0.9660279750823976,0.01990632318501171,0.01625,0.2,5251,1051,0.131375,832,219,0.7916270218839201,832,0.6322188449848024,0.879,20.799999999999997,680,0.6470028544243578,0.841,152,0.1446241674595623,3.8000000000000034
62,TEMPORAL,0.02,B0_STRUCT_XGB,0.9377651810646058,0.01990632318501171,0.01625,65,3935,2684,1316,0.671,DAPT_E2E,0.8074606657028199,0.01990632318501171,0.01725,0.2,5251,1051,0.131375,849,202,0.807802093244529,849,0.6451367781155015,0.88325,21.224999999999994,680,0.6470028544243578,0.841,169,0.16079923882017122,4.225000000000001
62,TEMPORAL,0.02,B0_STRUCT_XGB,0.9377651810646058,0.01990632318501171,0.01625,65,3935,2684,1316,0.671,BASE_EMB_MLP,0.8943365216255189,0.01990632318501171,0.0205,0.2,5251,1051,0.131375,706,345,0.6717411988582302,706,0.5364741641337386,0.8475,17.65,680,0.6470028544243578,0.841,26,0.02473834443387246,0.6500000000000061
62,TEMPORAL,0.02,B0_STRUCT_XGB,0.9377651810646058,0.01990632318501171,0.01625,65,3935,2684,1316,0.671,DAPT_EMB_MLP,0.9350150227546693,0.01990632318501171,0.017,0.2,5251,1051,0.131375,678,373,0.6450999048525214,678,0.5151975683890577,0.8405,16.95,680,0.6470028544243578,0.841,-2,-0.0019029495718363432,-0.04999999999999449
62,TEMPORAL,0.02,B0_STRUCT_XGB,0.9377651810646058,0.01990632318501171,0.01625,65,3935,2684,1316,0.671,CONTRASTIVE_EMB_MLP,0.9658820033073426,0.01990632318501171,0.0215,0.2,5251,1051,0.131375,666,385,0.6336822074215034,666,0.506079027355623,0.8375,16.65,680,0.6470028544243578,0.841,-14,-0.013320647002854402,-0.34999999999999476
62,DOMAIN_OOD,0.02,B0_STRUCT_XGB,0.9377651810646058,0.01990632318501171,0.02280974598237429,44,1885,1146,783,0.5940902021772939,B0_SELF,0.9377651810646058,0.01990632318501171,0.02280974598237429,0.05,2668,134,0.03473302229134267,101,33,0.753731343283582,101,0.12899106002554278,0.6464489372731985,5.23587350959046,101,0.753731343283582,0.6464489372731985,0,0.0,0.0
62,DOMAIN_OOD,0.02,B0_STRUCT_XGB,0.9377651810646058,0.01990632318501171,0.02280974598237429,44,1885,1146,783,0.5940902021772939,T0_E2E,0.9660279750823976,0.01990632318501171,0.01866251944012442,0.05,2668,134,0.03473302229134267,131,3,0.9776119402985075,131,0.1673052362707535,0.6620010368066356,6.791083462934166,101,0.753731343283582,0.6464489372731985,30,0.22388059701492546,1.5552099533437058
62,DOMAIN_OOD,0.02,B0_STRUCT_XGB,0.9377651810646058,0.01990632318501171,0.02280974598237429,44,1885,1146,783,0.5940902021772939,DAPT_E2E,0.8074606657028199,0.01990632318501171,0.01762571280456195,0.05,2668,134,0.03473302229134267,132,2,0.9850746268656716,132,0.1685823754789272,0.6625194401244168,6.842923794712286,101,0.753731343283582,0.6464489372731985,31,0.23134328358208955,1.607050285121825
62,DOMAIN_OOD,0.02,B0_STRUCT_XGB,0.9377651810646058,0.01990632318501171,0.02280974598237429,44,1885,1146,783,0.5940902021772939,BASE_EMB_MLP,0.8943365216255189,0.01990632318501171,0.02695697252462416,0.05,2668,134,0.03473302229134267,126,8,0.9402985074626866,126,0.16091954022988506,0.6594090202177294,6.5318818040435485,101,0.753731343283582,0.6464489372731985,25,0.18656716417910457,1.2960082944530882
62,DOMAIN_OOD,0.02,B0_STRUCT_XGB,0.9377651810646058,0.01990632318501171,0.02280974598237429,44,1885,1146,783,0.5940902021772939,DAPT_EMB_MLP,0.9350150227546693,0.01990632318501171,0.021254536029030584,0.05,2668,134,0.03473302229134267,124,10,0.9253731343283582,124,0.1583652618135377,0.6583722135821669,6.4282011404873,101,0.753731343283582,0.6464489372731985,23,0.17164179104477617,1.192327630896839
62,DOMAIN_OOD,0.02,B0_STRUCT_XGB,0.9377651810646058,0.01990632318501171,0.02280974598237429,44,1885,1146,783,0.5940902021772939,CONTRASTIVE_EMB_MLP,0.9658820033073426,0.01990632318501171,0.022291342664593053,0.05,2668,134,0.03473302229134267,122,12,0.9104477611940298,122,0.1558109833971903,0.6573354069466044,6.324520476931051,101,0.753731343283582,0.6464489372731985,21,0.15671641791044777,1.0886469673405896
62,DOMAIN_OOD,0.02,B0_STRUCT_XGB,0.9377651810646058,0.01990632318501171,0.02280974598237429,44,1885,1146,783,0.5940902021772939,B0_SELF,0.9377651810646058,0.01990632318501171,0.02280974598237429,0.1,2668,267,0.06920684292379471,178,89,0.6666666666666666,178,0.227330779054917,0.6863659927423535,9.227579056505963,178,0.6666666666666666,0.6863659927423535,0,0.0,0.0
62,DOMAIN_OOD,0.02,B0_STRUCT_XGB,0.9377651810646058,0.01990632318501171,0.02280974598237429,44,1885,1146,783,0.5940902021772939,T0_E2E,0.9660279750823976,0.01990632318501171,0.01866251944012442,0.1,2668,267,0.06920684292379471,254,13,0.951310861423221,254,0.3243933588761175,0.7257646448937273,13.167444271643337,178,0.6666666666666666,0.6863659927423535,76,0.28464419475655434,3.9398652151373725
62,DOMAIN_OOD,0.02,B0_STRUCT_XGB,0.9377651810646058,0.01990632318501171,0.02280974598237429,44,1885,1146,783,0.5940902021772939,DAPT_E2E,0.8074606657028199,0.01990632318501171,0.01762571280456195,0.1,2668,267,0.06920684292379471,257,10,0.9625468164794008,257,0.3282247765006386,0.7273198548470711,13.322965266977715,178,0.6666666666666666,0.6863659927423535,79,0.29588014981273414,4.0953862104717516
62,DOMAIN_OOD,0.02,B0_STRUCT_XGB,0.9377651810646058,0.01990632318501171,0.02280974598237429,44,1885,1146,783,0.5940902021772939,BASE_EMB_MLP,0.8943365216255189,0.01990632318501171,0.02695697252462416,0.1,2668,267,0.06920684292379471,230,37,0.8614232209737828,230,0.2937420178799489,0.7133229652669777,11.923276308968378,178,0.6666666666666666,0.6863659927423535,52,0.19475655430711614,2.6956972524624145
62,DOMAIN_OOD,0.02,B0_STRUCT_XGB,0.9377651810646058,0.01990632318501171,0.02280974598237429,44,1885,1146,783,0.5940902021772939,DAPT_EMB_MLP,0.9350150227546693,0.01990632318501171,0.021254536029030584,0.1,2668,267,0.06920684292379471,232,35,0.8689138576779026,232,0.2962962962962963,0.7143597719025402,12.026956972524626,178,0.6666666666666666,0.6863659927423535,54,0.202247191011236,2.799377916018664
62,DOMAIN_OOD,0.02,B0_STRUCT_XGB,0.9377651810646058,0.01990632318501171,0.02280974598237429,44,1885,1146,783,0.5940902021772939,CONTRASTIVE_EMB_MLP,0.9658820033073426,0.01990632318501171,0.022291342664593053,0.1,2668,267,0.06920684292379471,220,47,0.8239700374531835,220,0.280970625798212,0.7081389320891653,11.404872991187142,178,0.6666666666666666,0.6863659927423535,42,0.1573033707865169,2.1772939346811793
62,DOMAIN_OOD,0.02,B0_STRUCT_XGB,0.9377651810646058,0.01990632318501171,0.02280974598237429,44,1885,1146,783,0.5940902021772939,B0_SELF,0.9377651810646058,0.01990632318501171,0.02280974598237429,0.2,2668,534,0.13841368584758942,334,200,0.6254681647940075,334,0.42656449553001274,0.767236910316226,17.31467081389321,334,0.6254681647940075,0.767236910316226,0,0.0,0.0
62,DOMAIN_OOD,0.02,B0_STRUCT_XGB,0.9377651810646058,0.01990632318501171,0.02280974598237429,44,1885,1146,783,0.5940902021772939,T0_E2E,0.9660279750823976,0.01990632318501171,0.01866251944012442,0.2,2668,534,0.13841368584758942,443,91,0.8295880149812734,443,0.565772669220945,0.8237428719543806,22.965266977708666,334,0.6254681647940075,0.767236910316226,109,0.20411985018726597,5.650596163815457
62,DOMAIN_OOD,0.02,B0_STRUCT_XGB,0.9377651810646058,0.01990632318501171,0.02280974598237429,44,1885,1146,783,0.5940902021772939,DAPT_E2E,0.8074606657028199,0.01990632318501171,0.01762571280456195,0.2,2668,534,0.13841368584758942,462,72,0.8651685393258427,462,0.5900383141762452,0.833592534992224,23.950233281493006,334,0.6254681647940075,0.767236910316226,128,0.23970037453183524,6.635562467599798
62,DOMAIN_OOD,0.02,B0_STRUCT_XGB,0.9377651810646058,0.01990632318501171,0.02280974598237429,44,1885,1146,783,0.5940902021772939,BASE_EMB_MLP,0.8943365216255189,0.01990632318501171,0.02695697252462416,0.2,2668,534,0.13841368584758942,389,145,0.7284644194756554,389,0.49680715197956576,0.7957490927941939,20.165889061690002,334,0.6254681647940075,0.767236910316226,55,0.10299625468164797,2.851218247796794
62,DOMAIN_OOD,0.02,B0_STRUCT_XGB,0.9377651810646058,0.01990632318501171,0.02280974598237429,44,1885,1146,783,0.5940902021772939,DAPT_EMB_MLP,0.9350150227546693,0.01990632318501171,0.021254536029030584,0.2,2668,534,0.13841368584758942,373,161,0.6985018726591761,373,0.4763729246487867,0.7874546397096941,19.33644375324002,334,0.6254681647940075,0.767236910316226,39,0.0730337078651686,2.021772939346811
62,DOMAIN_OOD,0.02,B0_STRUCT_XGB,0.9377651810646058,0.01990632318501171,0.02280974598237429,44,1885,1146,783,0.5940902021772939,CONTRASTIVE_EMB_MLP,0.9658820033073426,0.01990632318501171,0.022291342664593053,0.2,2668,534,0.13841368584758942,359,175,0.6722846441947565,359,0.45849297573435505,0.7801969932607569,18.610679108346297,334,0.6254681647940075,0.767236910316226,25,0.04681647940074907,1.2960082944530882
62,TEMPLATE_OOD,0.02,B0_STRUCT_XGB,0.9377651810646058,0.01990632318501171,0.01756440281030445,60,3356,2249,1167,0.6583723653395784,B0_SELF,0.9377651810646058,0.01990632318501171,0.01756440281030445,0.05,4523,227,0.03322599531615925,182,45,0.801762114537445,182,0.155955441302485,0.7116510538641686,5.327868852459017,182,0.801762114537445,0.7116510538641686,0,0.0,0.0
62,TEMPLATE_OOD,0.02,B0_STRUCT_XGB,0.9377651810646058,0.01990632318501171,0.01756440281030445,60,3356,2249,1167,0.6583723653395784,T0_E2E,0.9660279750823976,0.01990632318501171,0.01522248243559719,0.05,4523,227,0.03322599531615925,225,2,0.9911894273127754,225,0.1928020565552699,0.7242388758782201,6.586651053864168,182,0.801762114537445,0.7116510538641686,43,0.18942731277533043,1.2587822014051508
62,TEMPLATE_OOD,0.02,B0_STRUCT_XGB,0.9377651810646058,0.01990632318501171,0.01756440281030445,60,3356,2249,1167,0.6583723653395784,DAPT_E2E,0.8074606657028199,0.01990632318501171,0.01727166276346604,0.05,4523,227,0.03322599531615925,223,4,0.9823788546255506,223,0.19108826049700087,0.7236533957845434,6.528103044496492,182,0.801762114537445,0.7116510538641686,41,0.1806167400881057,1.2002341920374748
62,TEMPLATE_OOD,0.02,B0_STRUCT_XGB,0.9377651810646058,0.01990632318501171,0.01756440281030445,60,3356,2249,1167,0.6583723653395784,BASE_EMB_MLP,0.8943365216255189,0.01990632318501171,0.021370023419203747,0.05,4523,227,0.03322599531615925,214,13,0.9427312775330396,214,0.18337617823479005,0.7210187353629977,6.264637002341922,182,0.801762114537445,0.7116510538641686,32,0.1409691629955947,0.936768149882905
62,TEMPLATE_OOD,0.02,B0_STRUCT_XGB,0.9377651810646058,0.01990632318501171,0.01756440281030445,60,3356,2249,1167,0.6583723653395784,DAPT_EMB_MLP,0.9350150227546693,0.01990632318501171,0.017857142857142856,0.05,4523,227,0.03322599531615925,209,18,0.920704845814978,209,0.1790916880891174,0.7195550351288056,6.1182669789227155,182,0.801762114537445,0.7116510538641686,27,0.11894273127753308,0.7903981264636983
62,TEMPLATE_OOD,0.02,B0_STRUCT_XGB,0.9377651810646058,0.01990632318501171,0.01756440281030445,60,3356,2249,1167,0.6583723653395784,CONTRASTIVE_EMB_MLP,0.9658820033073426,0.01990632318501171,0.019028103044496487,0.05,4523,227,0.03322599531615925,208,19,0.9162995594713657,208,0.17823479005998286,0.7192622950819673,6.088992974238883,182,0.801762114537445,0.7116510538641686,26,0.1145374449339207,0.7611241217798659
62,TEMPLATE_OOD,0.02,B0_STRUCT_XGB,0.9377651810646058,0.01990632318501171,0.01756440281030445,60,3356,2249,1167,0.6583723653395784,B0_SELF,0.9377651810646058,0.01990632318501171,0.01756440281030445,0.1,4523,453,0.0663056206088993,320,133,0.7064017660044151,320,0.27420736932305056,0.7520491803278688,9.36768149882904,320,0.7064017660044151,0.7520491803278688,0,0.0,0.0
62,TEMPLATE_OOD,0.02,B0_STRUCT_XGB,0.9377651810646058,0.01990632318501171,0.01756440281030445,60,3356,2249,1167,0.6583723653395784,T0_E2E,0.9660279750823976,0.01990632318501171,0.01522248243559719,0.1,4523,453,0.0663056206088993,431,22,0.9514348785871964,431,0.3693230505569837,0.7845433255269321,12.617096018735364,320,0.7064017660044151,0.7520491803278688,111,0.24503311258278138,3.249414519906324
62,TEMPLATE_OOD,0.02,B0_STRUCT_XGB,0.9377651810646058,0.01990632318501171,0.01756440281030445,60,3356,2249,1167,0.6583723653395784,DAPT_E2E,0.8074606657028199,0.01990632318501171,0.01727166276346604,0.1,4523,453,0.0663056206088993,429,24,0.9470198675496688,429,0.3676092544987147,0.7839578454332553,12.558548009367687,320,0.7064017660044151,0.7520491803278688,109,0.24061810154525376,3.190866510538648
62,TEMPLATE_OOD,0.02,B0_STRUCT_XGB,0.9377651810646058,0.01990632318501171,0.01756440281030445,60,3356,2249,1167,0.6583723653395784,BASE_EMB_MLP,0.8943365216255189,0.01990632318501171,0.021370023419203747,0.1,4523,453,0.0663056206088993,389,64,0.8587196467991169,389,0.3333333333333333,0.772248243559719,11.387587822014055,320,0.7064017660044151,0.7520491803278688,69,0.15231788079470188,2.0199063231850167
62,TEMPLATE_OOD,0.02,B0_STRUCT_XGB,0.9377651810646058,0.01990632318501171,0.01756440281030445,60,3356,2249,1167,0.6583723653395784,DAPT_EMB_MLP,0.9350150227546693,0.01990632318501171,0.017857142857142856,0.1,4523,453,0.0663056206088993,388,65,0.8565121412803532,388,0.3324764353041988,0.7719555035128806,11.358313817330213,320,0.7064017660044151,0.7520491803278688,68,0.15011037527593818,1.9906323185011732
62,TEMPLATE_OOD,0.02,B0_STRUCT_XGB,0.9377651810646058,0.01990632318501171,0.01756440281030445,60,3356,2249,1167,0.6583723653395784,CONTRASTIVE_EMB_MLP,0.9658820033073426,0.01990632318501171,0.019028103044496487,0.1,4523,453,0.0663056206088993,368,85,0.8123620309050773,368,0.31533847472150817,0.7661007025761124,10.772833723653397,320,0.7064017660044151,0.7520491803278688,48,0.10596026490066224,1.4051522248243575
62,TEMPLATE_OOD,0.02,B0_STRUCT_XGB,0.9377651810646058,0.01990632318501171,0.01756440281030445,60,3356,2249,1167,0.6583723653395784,B0_SELF,0.9377651810646058,0.01990632318501171,0.01756440281030445,0.2,4523,905,0.13246487119437939,590,315,0.6519337016574586,590,0.5055698371893744,0.8310889929742389,17.271662763466043,590,0.6519337016574586,0.8310889929742389,0,0.0,0.0
62,TEMPLATE_OOD,0.02,B0_STRUCT_XGB,0.9377651810646058,0.01990632318501171,0.01756440281030445,60,3356,2249,1167,0.6583723653395784,T0_E2E,0.9660279750823976,0.01990632318501171,0.01522248243559719,0.2,4523,905,0.13246487119437939,725,180,0.8011049723756906,725,0.6212510711225364,0.8706088992974239,21.22365339578455,590,0.6519337016574586,0.8310889929742389,135,0.149171270718232,3.951990632318503
62,TEMPLATE_OOD,0.02,B0_STRUCT_XGB,0.9377651810646058,0.01990632318501171,0.01756440281030445,60,3356,2249,1167,0.6583723653395784,DAPT_E2E,0.8074606657028199,0.01990632318501171,0.01727166276346604,0.2,4523,905,0.13246487119437939,748,157,0.8265193370165745,748,0.6409597257926307,0.8773419203747073,21.89695550351288,590,0.6519337016574586,0.8310889929742389,158,0.17458563535911598,4.625292740046838
62,TEMPLATE_OOD,0.02,B0_STRUCT_XGB,0.9377651810646058,0.01990632318501171,0.01756440281030445,60,3356,2249,1167,0.6583723653395784,BASE_EMB_MLP,0.8943365216255189,0.01990632318501171,0.021370023419203747,0.2,4523,905,0.13246487119437939,621,284,0.6861878453038674,621,0.532133676092545,0.8401639344262295,18.179156908665107,590,0.6519337016574586,0.8310889929742389,31,0.034254143646408886,0.9074941451990615
62,TEMPLATE_OOD,0.02,B0_STRUCT_XGB,0.9377651810646058,0.01990632318501171,0.01756440281030445,60,3356,2249,1167,0.6583723653395784,DAPT_EMB_MLP,0.9350150227546693,0.01990632318501171,0.017857142857142856,0.2,4523,905,0.13246487119437939,592,313,0.6541436464088398,592,0.5072836332476436,0.8316744730679156,17.33021077283372,590,0.6519337016574586,0.8310889929742389,2,0.0022099447513812542,0.05854800936767601
62,TEMPLATE_OOD,0.02,B0_STRUCT_XGB,0.9377651810646058,0.01990632318501171,0.01756440281030445,60,3356,2249,1167,0.6583723653395784,CONTRASTIVE_EMB_MLP,0.9658820033073426,0.01990632318501171,0.019028103044496487,0.2,4523,905,0.13246487119437939,585,320,0.6464088397790055,585,0.5012853470437018,0.8296252927400468,17.125292740046838,590,0.6519337016574586,0.8310889929742389,-5,-0.0055248618784530246,-0.14637002341920669
62,DOMAIN_TEMPLATE_OOD,0.02,B0_STRUCT_XGB,0.9377651810646058,0.01990632318501171,0.022114347357065803,41,1813,1045,809,0.5636461704422869,B0_SELF,0.9377651810646058,0.01990632318501171,0.022114347357065803,0.05,2622,132,0.03559870550161812,102,30,0.7727272727272727,102,0.1260815822002472,0.6186623516720604,5.501618122977348,102,0.7727272727272727,0.6186623516720604,0,0.0,0.0
62,DOMAIN_TEMPLATE_OOD,0.02,B0_STRUCT_XGB,0.9377651810646058,0.01990632318501171,0.022114347357065803,41,1813,1045,809,0.5636461704422869,T0_E2E,0.9660279750823976,0.01990632318501171,0.018878101402373247,0.05,2622,132,0.03559870550161812,131,1,0.9924242424242424,131,0.1619283065512979,0.6343042071197411,7.065803667745419,102,0.7727272727272727,0.6186623516720604,29,0.21969696969696972,1.5641855447680708
62,DOMAIN_TEMPLATE_OOD,0.02,B0_STRUCT_XGB,0.9377651810646058,0.01990632318501171,0.022114347357065803,41,1813,1045,809,0.5636461704422869,DAPT_E2E,0.8074606657028199,0.01990632318501171,0.017259978425026967,0.05,2622,132,0.03559870550161812,132,0,1.0,132,0.1631644004944376,0.6348435814455232,7.119741100323629,102,0.7727272727272727,0.6186623516720604,30,0.2272727272727273,1.6181229773462813
62,DOMAIN_TEMPLATE_OOD,0.02,B0_STRUCT_XGB,0.9377651810646058,0.01990632318501171,0.022114347357065803,41,1813,1045,809,0.5636461704422869,BASE_EMB_MLP,0.8943365216255189,0.01990632318501171,0.026429341963322545,0.05,2622,132,0.03559870550161812,125,7,0.946969696969697,125,0.15451174289245984,0.6310679611650486,6.7421790722761665,102,0.7727272727272727,0.6186623516720604,23,0.1742424242424243,1.240560949298819
62,DOMAIN_TEMPLATE_OOD,0.02,B0_STRUCT_XGB,0.9377651810646058,0.01990632318501171,0.022114347357065803,41,1813,1045,809,0.5636461704422869,DAPT_EMB_MLP,0.9350150227546693,0.01990632318501171,0.022114347357065803,0.05,2622,132,0.03559870550161812,122,10,0.9242424242424242,122,0.1508034610630408,0.6294498381877023,6.580366774541535,102,0.7727272727272727,0.6186623516720604,20,0.1515151515151515,1.0787486515641875
62,DOMAIN_TEMPLATE_OOD,0.02,B0_STRUCT_XGB,0.9377651810646058,0.01990632318501171,0.022114347357065803,41,1813,1045,809,0.5636461704422869,CONTRASTIVE_EMB_MLP,0.9658820033073426,0.01990632318501171,0.021574973031283712,0.05,2622,132,0.03559870550161812,124,8,0.9393939393939394,124,0.15327564894932014,0.6305285868392665,6.6882416396979565,102,0.7727272727272727,0.6186623516720604,22,0.16666666666666674,1.1866235167206085
62,DOMAIN_TEMPLATE_OOD,0.02,B0_STRUCT_XGB,0.9377651810646058,0.01990632318501171,0.022114347357065803,41,1813,1045,809,0.5636461704422869,B0_SELF,0.9377651810646058,0.01990632318501171,0.022114347357065803,0.1,2622,263,0.0709277238403452,180,83,0.6844106463878327,180,0.22249690976514216,0.6607335490830637,9.708737864077676,180,0.6844106463878327,0.6607335490830637,0,0.0,0.0
62,DOMAIN_TEMPLATE_OOD,0.02,B0_STRUCT_XGB,0.9377651810646058,0.01990632318501171,0.022114347357065803,41,1813,1045,809,0.5636461704422869,T0_E2E,0.9660279750823976,0.01990632318501171,0.018878101402373247,0.1,2622,263,0.0709277238403452,253,10,0.9619771863117871,253,0.3127317676143387,0.7001078748651565,13.646170442286953,180,0.6844106463878327,0.6607335490830637,73,0.2775665399239544,3.9374325782092767
62,DOMAIN_TEMPLATE_OOD,0.02,B0_STRUCT_XGB,0.9377651810646058,0.01990632318501171,0.022114347357065803,41,1813,1045,809,0.5636461704422869,DAPT_E2E,0.8074606657028199,0.01990632318501171,0.017259978425026967,0.1,2622,263,0.0709277238403452,254,9,0.9657794676806084,254,0.31396786155747836,0.7006472491909385,13.700107874865154,180,0.6844106463878327,0.6607335490830637,74,0.28136882129277574,3.991370010787476
62,DOMAIN_TEMPLATE_OOD,0.02,B0_STRUCT_XGB,0.9377651810646058,0.01990632318501171,0.022114347357065803,41,1813,1045,809,0.5636461704422869,BASE_EMB_MLP,0.8943365216255189,0.01990632318501171,0.026429341963322545,0.1,2622,263,0.0709277238403452,226,37,0.8593155893536122,226,0.27935723114956734,0.68554476806904,12.189859762675304,180,0.6844106463878327,0.6607335490830637,46,0.17490494296577952,2.481121898597627
62,DOMAIN_TEMPLATE_OOD,0.02,B0_STRUCT_XGB,0.9377651810646058,0.01990632318501171,0.022114347357065803,41,1813,1045,809,0.5636461704422869,DAPT_EMB_MLP,0.9350150227546693,0.01990632318501171,0.022114347357065803,0.1,2622,263,0.0709277238403452,229,34,0.870722433460076,229,0.2830655129789864,0.6871628910463862,12.351672060409925,180,0.6844106463878327,0.6607335490830637,49,0.18631178707224338,2.6429341963322472
62,DOMAIN_TEMPLATE_OOD,0.02,B0_STRUCT_XGB,0.9377651810646058,0.01990632318501171,0.022114347357065803,41,1813,1045,809,0.5636461704422869,CONTRASTIVE_EMB_MLP,0.9658820033073426,0.01990632318501171,0.021574973031283712,0.1,2622,263,0.0709277238403452,225,38,0.8555133079847909,225,0.27812113720642767,0.6850053937432579,12.135922330097094,180,0.6844106463878327,0.6607335490830637,45,0.1711026615969582,2.4271844660194164
62,DOMAIN_TEMPLATE_OOD,0.02,B0_STRUCT_XGB,0.9377651810646058,0.01990632318501171,0.022114347357065803,41,1813,1045,809,0.5636461704422869,B0_SELF,0.9377651810646058,0.01990632318501171,0.022114347357065803,0.2,2622,525,0.14158576051779936,341,184,0.6495238095238095,341,0.4215080346106304,0.7475728155339806,18.392664509169364,341,0.6495238095238095,0.7475728155339806,0,0.0,0.0
62,DOMAIN_TEMPLATE_OOD,0.02,B0_STRUCT_XGB,0.9377651810646058,0.01990632318501171,0.022114347357065803,41,1813,1045,809,0.5636461704422869,T0_E2E,0.9660279750823976,0.01990632318501171,0.018878101402373247,0.2,2622,525,0.14158576051779936,443,82,0.8438095238095238,443,0.5475896168108776,0.8025889967637541,23.894282632146712,341,0.6495238095238095,0.7475728155339806,102,0.19428571428571428,5.501618122977348
62,DOMAIN_TEMPLATE_OOD,0.02,B0_STRUCT_XGB,0.9377651810646058,0.01990632318501171,0.022114347357065803,41,1813,1045,809,0.5636461704422869,DAPT_E2E,0.8074606657028199,0.01990632318501171,0.017259978425026967,0.2,2622,525,0.14158576051779936,461,64,0.878095238095238,461,0.5698393077873919,0.8122977346278317,24.86515641855448,341,0.6495238095238095,0.7475728155339806,120,0.22857142857142854,6.4724919093851145
62,DOMAIN_TEMPLATE_OOD,0.02,B0_STRUCT_XGB,0.9377651810646058,0.01990632318501171,0.022114347357065803,41,1813,1045,809,0.5636461704422869,BASE_EMB_MLP,0.8943365216255189,0.01990632318501171,0.026429341963322545,0.2,2622,525,0.14158576051779936,385,140,0.7333333333333333,385,0.4758961681087763,0.7713052858683926,20.76591154261057,341,0.6495238095238095,0.7475728155339806,44,0.08380952380952378,2.373247033441206
62,DOMAIN_TEMPLATE_OOD,0.02,B0_STRUCT_XGB,0.9377651810646058,0.01990632318501171,0.022114347357065803,41,1813,1045,809,0.5636461704422869,DAPT_EMB_MLP,0.9350150227546693,0.01990632318501171,0.022114347357065803,0.2,2622,525,0.14158576051779936,370,155,0.7047619047619048,370,0.4573547589616811,0.7632146709816613,19.956850053937437,341,0.6495238095238095,0.7475728155339806,29,0.05523809523809531,1.5641855447680708
62,DOMAIN_TEMPLATE_OOD,0.02,B0_STRUCT_XGB,0.9377651810646058,0.01990632318501171,0.022114347357065803,41,1813,1045,809,0.5636461704422869,CONTRASTIVE_EMB_MLP,0.9658820033073426,0.01990632318501171,0.021574973031283712,0.2,2622,525,0.14158576051779936,359,166,0.6838095238095238,359,0.4437577255871446,0.7572815533980582,19.363538295577133,341,0.6495238095238095,0.7475728155339806,18,0.03428571428571425,0.9708737864077666
72,IID_ORIGINAL,0.005,B0_STRUCT_XGB,0.9935805797576905,0.00468384074941452,0.007024586051179127,14,1979,474,584,0.44801512287334594,B0_SELF,0.9935805797576905,0.00468384074941452,0.007024586051179127,0.05,2563,129,0.04228121927236971,113,16,0.875968992248062,113,0.1934931506849315,0.554820415879017,10.680529300567104,113,0.875968992248062,0.554820415879017,0,0.0,0.0
72,IID_ORIGINAL,0.005,B0_STRUCT_XGB,0.9935805797576905,0.00468384074941452,0.007024586051179127,14,1979,474,584,0.44801512287334594,T0_E2E,0.999301314353943,0.00468384074941452,0.0055193176116407425,0.05,2563,129,0.04228121927236971,124,5,0.9612403100775194,124,0.21232876712328766,0.5652173913043478,11.720226843100184,113,0.875968992248062,0.554820415879017,11,0.0852713178294574,1.03969754253308
72,IID_ORIGINAL,0.005,B0_STRUCT_XGB,0.9935805797576905,0.00468384074941452,0.007024586051179127,14,1979,474,584,0.44801512287334594,DAPT_E2E,0.9991735816001893,0.00468384074941452,0.004014049172102358,0.05,2563,129,0.04228121927236971,125,4,0.9689922480620154,125,0.21404109589041095,0.5661625708884688,11.814744801512283,113,0.875968992248062,0.554820415879017,12,0.09302325581395343,1.1342155009451793
72,IID_ORIGINAL,0.005,B0_STRUCT_XGB,0.9935805797576905,0.00468384074941452,0.007024586051179127,14,1979,474,584,0.44801512287334594,BASE_EMB_MLP,0.994399130344391,0.00468384074941452,0.005017561465127948,0.05,2563,129,0.04228121927236971,119,10,0.9224806201550387,119,0.20376712328767124,0.5604914933837429,11.2476370510397,113,0.875968992248062,0.554820415879017,6,0.046511627906976716,0.5671077504725952
72,IID_ORIGINAL,0.005,B0_STRUCT_XGB,0.9935805797576905,0.00468384074941452,0.007024586051179127,14,1979,474,584,0.44801512287334594,DAPT_EMB_MLP,0.9796397089958192,0.00468384074941452,0.004515805318615153,0.05,2563,129,0.04228121927236971,123,6,0.9534883720930233,123,0.2106164383561644,0.5642722117202268,11.625708884688086,113,0.875968992248062,0.554820415879017,10,0.07751937984496127,0.9451795841209809
72,IID_ORIGINAL,0.005,B0_STRUCT_XGB,0.9935805797576905,0.00468384074941452,0.007024586051179127,14,1979,474,584,0.44801512287334594,CONTRASTIVE_EMB_MLP,0.9998149275779725,0.00468384074941452,0.0055193176116407425,0.05,2563,129,0.04228121927236971,102,27,0.7906976744186046,102,0.17465753424657535,0.5444234404536862,9.640831758034023,113,0.875968992248062,0.554820415879017,-11,-0.0852713178294574,-1.03969754253308
72,IID_ORIGINAL,0.005,B0_STRUCT_XGB,0.9935805797576905,0.00468384074941452,0.007024586051179127,14,1979,474,584,0.44801512287334594,B0_SELF,0.9935805797576905,0.00468384074941452,0.007024586051179127,0.1,2563,257,0.08423467715503113,209,48,0.8132295719844358,209,0.3578767123287671,0.6455576559546313,19.75425330812854,209,0.8132295719844358,0.6455576559546313,0,0.0,0.0
72,IID_ORIGINAL,0.005,B0_STRUCT_XGB,0.9935805797576905,0.00468384074941452,0.007024586051179127,14,1979,474,584,0.44801512287334594,T0_E2E,0.999301314353943,0.00468384074941452,0.0055193176116407425,0.1,2563,257,0.08423467715503113,235,22,0.914396887159533,235,0.4023972602739726,0.6701323251417769,22.211720226843095,209,0.8132295719844358,0.6455576559546313,26,0.10116731517509725,2.457466918714557
72,IID_ORIGINAL,0.005,B0_STRUCT_XGB,0.9935805797576905,0.00468384074941452,0.007024586051179127,14,1979,474,584,0.44801512287334594,DAPT_E2E,0.9991735816001893,0.00468384074941452,0.004014049172102358,0.1,2563,257,0.08423467715503113,234,23,0.9105058365758755,234,0.4006849315068493,0.6691871455576559,22.117202268430997,209,0.8132295719844358,0.6455576559546313,25,0.09727626459143968,2.362948960302458
72,IID_ORIGINAL,0.005,B0_STRUCT_XGB,0.9935805797576905,0.00468384074941452,0.007024586051179127,14,1979,474,584,0.44801512287334594,BASE_EMB_MLP,0.994399130344391,0.00468384074941452,0.005017561465127948,0.1,2563,257,0.08423467715503113,212,45,0.8249027237354085,212,0.363013698630137,0.6483931947069943,20.037807183364837,209,0.8132295719844358,0.6455576559546313,3,0.011673151750972721,0.2835538752362976
72,IID_ORIGINAL,0.005,B0_STRUCT_XGB,0.9935805797576905,0.00468384074941452,0.007024586051179127,14,1979,474,584,0.44801512287334594,DAPT_EMB_MLP,0.9796397089958192,0.00468384074941452,0.004515805318615153,0.1,2563,257,0.08423467715503113,206,51,0.8015564202334631,206,0.3527397260273973,0.6427221172022685,19.470699432892253,209,0.8132295719844358,0.6455576559546313,-3,-0.011673151750972721,-0.2835538752362865
72,IID_ORIGINAL,0.005,B0_STRUCT_XGB,0.9935805797576905,0.00468384074941452,0.007024586051179127,14,1979,474,584,0.44801512287334594,CONTRASTIVE_EMB_MLP,0.9998149275779725,0.00468384074941452,0.0055193176116407425,0.1,2563,257,0.08423467715503113,181,76,0.7042801556420234,181,0.3099315068493151,0.6190926275992439,17.107750472589796,209,0.8132295719844358,0.6455576559546313,-28,-0.1089494163424124,-2.6465028355387443
72,IID_ORIGINAL,0.005,B0_STRUCT_XGB,0.9935805797576905,0.00468384074941452,0.007024586051179127,14,1979,474,584,0.44801512287334594,B0_SELF,0.9935805797576905,0.00468384074941452,0.007024586051179127,0.2,2563,513,0.168141592920354,308,205,0.6003898635477583,308,0.5273972602739726,0.7391304347826086,29.11153119092627,308,0.6003898635477583,0.7391304347826086,0,0.0,0.0
72,IID_ORIGINAL,0.005,B0_STRUCT_XGB,0.9935805797576905,0.00468384074941452,0.007024586051179127,14,1979,474,584,0.44801512287334594,T0_E2E,0.999301314353943,0.00468384074941452,0.0055193176116407425,0.2,2563,513,0.168141592920354,379,134,0.7387914230019493,379,0.648972602739726,0.8062381852551985,35.822306238185256,308,0.6003898635477583,0.7391304347826086,71,0.13840155945419108,6.710775047258988
72,IID_ORIGINAL,0.005,B0_STRUCT_XGB,0.9935805797576905,0.00468384074941452,0.007024586051179127,14,1979,474,584,0.44801512287334594,DAPT_E2E,0.9991735816001893,0.00468384074941452,0.004014049172102358,0.2,2563,513,0.168141592920354,384,129,0.7485380116959064,384,0.6575342465753424,0.8109640831758034,36.294896030245745,308,0.6003898635477583,0.7391304347826086,76,0.14814814814814814,7.183364839319473
72,IID_ORIGINAL,0.005,B0_STRUCT_XGB,0.9935805797576905,0.00468384074941452,0.007024586051179127,14,1979,474,584,0.44801512287334594,BASE_EMB_MLP,0.994399130344391,0.00468384074941452,0.005017561465127948,0.2,2563,513,0.168141592920354,334,179,0.6510721247563352,334,0.571917808219178,0.7637051039697542,31.568998109640827,308,0.6003898635477583,0.7391304347826086,26,0.050682261208576995,2.457466918714557
72,IID_ORIGINAL,0.005,B0_STRUCT_XGB,0.9935805797576905,0.00468384074941452,0.007024586051179127,14,1979,474,584,0.44801512287334594,DAPT_EMB_MLP,0.9796397089958192,0.00468384074941452,0.004515805318615153,0.2,2563,513,0.168141592920354,318,195,0.6198830409356725,318,0.5445205479452054,0.7485822306238186,30.056710775047264,308,0.6003898635477583,0.7391304347826086,10,0.01949317738791423,0.945179584120992
72,IID_ORIGINAL,0.005,B0_STRUCT_XGB,0.9935805797576905,0.00468384074941452,0.007024586051179127,14,1979,474,584,0.44801512287334594,CONTRASTIVE_EMB_MLP,0.9998149275779725,0.00468384074941452,0.0055193176116407425,0.2,2563,513,0.168141592920354,302,211,0.5886939571150097,302,0.5171232876712328,0.7334593572778828,28.544423440453688,308,0.6003898635477583,0.7391304347826086,-6,-0.011695906432748537,-0.5671077504725841
72,IID_BALANCED,0.005,B0_STRUCT_XGB,0.9935805797576905,0.00468384074941452,0.006616257088846881,7,1051,474,584,0.44801512287334594,B0_SELF,0.9935805797576905,0.00468384074941452,0.006616257088846881,0.05,1635,82,0.038752362948960305,76,6,0.926829268292683,76,0.13013698630136986,0.5198487712665406,7.183364839319467,76,0.926829268292683,0.5198487712665406,0,0.0,0.0
72,IID_BALANCED,0.005,B0_STRUCT_XGB,0.9935805797576905,0.00468384074941452,0.006616257088846881,7,1051,474,584,0.44801512287334594,T0_E2E,0.999301314353943,0.00468384074941452,0.007561436672967864,0.05,1635,82,0.038752362948960305,81,1,0.9878048780487805,81,0.1386986301369863,0.5245746691871456,7.655954631379963,76,0.926829268292683,0.5198487712665406,5,0.060975609756097504,0.472589792060496
72,IID_BALANCED,0.005,B0_STRUCT_XGB,0.9935805797576905,0.00468384074941452,0.006616257088846881,7,1051,474,584,0.44801512287334594,DAPT_E2E,0.9991735816001893,0.00468384074941452,0.007561436672967864,0.05,1635,82,0.038752362948960305,81,1,0.9878048780487805,81,0.1386986301369863,0.5245746691871456,7.655954631379963,76,0.926829268292683,0.5198487712665406,5,0.060975609756097504,0.472589792060496
72,IID_BALANCED,0.005,B0_STRUCT_XGB,0.9935805797576905,0.00468384074941452,0.006616257088846881,7,1051,474,584,0.44801512287334594,BASE_EMB_MLP,0.994399130344391,0.00468384074941452,0.003780718336483932,0.05,1635,82,0.038752362948960305,82,0,1.0,82,0.1404109589041096,0.5255198487712666,7.7504725897920625,76,0.926829268292683,0.5198487712665406,6,0.07317073170731703,0.5671077504725952
72,IID_BALANCED,0.005,B0_STRUCT_XGB,0.9935805797576905,0.00468384074941452,0.006616257088846881,7,1051,474,584,0.44801512287334594,DAPT_EMB_MLP,0.9796397089958192,0.00468384074941452,0.005671077504725898,0.05,1635,82,0.038752362948960305,80,2,0.975609756097561,80,0.136986301369863,0.5236294896030246,7.561436672967864,76,0.926829268292683,0.5198487712665406,4,0.04878048780487798,0.3780718336483968
72,IID_BALANCED,0.005,B0_STRUCT_XGB,0.9935805797576905,0.00468384074941452,0.006616257088846881,7,1051,474,584,0.44801512287334594,CONTRASTIVE_EMB_MLP,0.9998149275779725,0.00468384074941452,0.006616257088846881,0.05,1635,82,0.038752362948960305,73,9,0.8902439024390244,73,0.125,0.5170132325141777,6.899810964083181,76,0.926829268292683,0.5198487712665406,-3,-0.03658536585365857,-0.2835538752362865
72,IID_BALANCED,0.005,B0_STRUCT_XGB,0.9935805797576905,0.00468384074941452,0.006616257088846881,7,1051,474,584,0.44801512287334594,B0_SELF,0.9935805797576905,0.00468384074941452,0.006616257088846881,0.1,1635,164,0.07750472589792061,149,15,0.9085365853658537,149,0.2551369863013699,0.5888468809073724,14.083175803402643,149,0.9085365853658537,0.5888468809073724,0,0.0,0.0
72,IID_BALANCED,0.005,B0_STRUCT_XGB,0.9935805797576905,0.00468384074941452,0.006616257088846881,7,1051,474,584,0.44801512287334594,T0_E2E,0.999301314353943,0.00468384074941452,0.007561436672967864,0.1,1635,164,0.07750472589792061,158,6,0.9634146341463414,158,0.2705479452054795,0.5973534971644613,14.933837429111534,149,0.9085365853658537,0.5888468809073724,9,0.05487804878048774,0.8506616257088928
72,IID_BALANCED,0.005,B0_STRUCT_XGB,0.9935805797576905,0.00468384074941452,0.006616257088846881,7,1051,474,584,0.44801512287334594,DAPT_E2E,0.9991735816001893,0.00468384074941452,0.007561436672967864,0.1,1635,164,0.07750472589792061,156,8,0.9512195121951219,156,0.2671232876712329,0.5954631379962193,14.744801512287337,149,0.9085365853658537,0.5888468809073724,7,0.04268292682926822,0.6616257088846944
72,IID_BALANCED,0.005,B0_STRUCT_XGB,0.9935805797576905,0.00468384074941452,0.006616257088846881,7,1051,474,584,0.44801512287334594,BASE_EMB_MLP,0.994399130344391,0.00468384074941452,0.003780718336483932,0.1,1635,164,0.07750472589792061,156,8,0.9512195121951219,156,0.2671232876712329,0.5954631379962193,14.744801512287337,149,0.9085365853658537,0.5888468809073724,7,0.04268292682926822,0.6616257088846944
72,IID_BALANCED,0.005,B0_STRUCT_XGB,0.9935805797576905,0.00468384074941452,0.006616257088846881,7,1051,474,584,0.44801512287334594,DAPT_EMB_MLP,0.9796397089958192,0.00468384074941452,0.005671077504725898,0.1,1635,164,0.07750472589792061,151,13,0.9207317073170732,151,0.2585616438356164,0.5907372400756143,14.27221172022684,149,0.9085365853658537,0.5888468809073724,2,0.012195121951219523,0.1890359168241984
72,IID_BALANCED,0.005,B0_STRUCT_XGB,0.9935805797576905,0.00468384074941452,0.006616257088846881,7,1051,474,584,0.44801512287334594,CONTRASTIVE_EMB_MLP,0.9998149275779725,0.00468384074941452,0.006616257088846881,0.1,1635,164,0.07750472589792061,140,24,0.8536585365853658,140,0.23972602739726026,0.5803402646502835,13.23251417769376,149,0.9085365853658537,0.5888468809073724,-9,-0.054878048780487854,-0.8506616257088817
72,IID_BALANCED,0.005,B0_STRUCT_XGB,0.9935805797576905,0.00468384074941452,0.006616257088846881,7,1051,474,584,0.44801512287334594,B0_SELF,0.9935805797576905,0.00468384074941452,0.006616257088846881,0.2,1635,327,0.15453686200378072,264,63,0.8073394495412844,264,0.4520547945205479,0.6975425330812854,24.95274102079395,264,0.8073394495412844,0.6975425330812854,0,0.0,0.0
72,IID_BALANCED,0.005,B0_STRUCT_XGB,0.9935805797576905,0.00468384074941452,0.006616257088846881,7,1051,474,584,0.44801512287334594,T0_E2E,0.999301314353943,0.00468384074941452,0.007561436672967864,0.2,1635,327,0.15453686200378072,303,24,0.926605504587156,303,0.5188356164383562,0.7344045368620038,28.638941398865786,264,0.8073394495412844,0.6975425330812854,39,0.11926605504587151,3.6862003780718355
72,IID_BALANCED,0.005,B0_STRUCT_XGB,0.9935805797576905,0.00468384074941452,0.006616257088846881,7,1051,474,584,0.44801512287334594,DAPT_E2E,0.9991735816001893,0.00468384074941452,0.007561436672967864,0.2,1635,327,0.15453686200378072,303,24,0.926605504587156,303,0.5188356164383562,0.7344045368620038,28.638941398865786,264,0.8073394495412844,0.6975425330812854,39,0.11926605504587151,3.6862003780718355
72,IID_BALANCED,0.005,B0_STRUCT_XGB,0.9935805797576905,0.00468384074941452,0.006616257088846881,7,1051,474,584,0.44801512287334594,BASE_EMB_MLP,0.994399130344391,0.00468384074941452,0.003780718336483932,0.2,1635,327,0.15453686200378072,278,49,0.8501529051987767,278,0.476027397260274,0.7107750472589792,26.27599243856333,264,0.8073394495412844,0.6975425330812854,14,0.04281345565749228,1.3232514177693777
72,IID_BALANCED,0.005,B0_STRUCT_XGB,0.9935805797576905,0.00468384074941452,0.006616257088846881,7,1051,474,584,0.44801512287334594,DAPT_EMB_MLP,0.9796397089958192,0.00468384074941452,0.005671077504725898,0.2,1635,327,0.15453686200378072,259,68,0.7920489296636085,259,0.4434931506849315,0.6928166351606805,24.480151228733455,264,0.8073394495412844,0.6975425330812854,-5,-0.015290519877675934,-0.472589792060496
72,IID_BALANCED,0.005,B0_STRUCT_XGB,0.9935805797576905,0.00468384074941452,0.006616257088846881,7,1051,474,584,0.44801512287334594,CONTRASTIVE_EMB_MLP,0.9998149275779725,0.00468384074941452,0.006616257088846881,0.2,1635,327,0.15453686200378072,250,77,0.764525993883792,250,0.4280821917808219,0.6843100189035917,23.629489603024574,264,0.8073394495412844,0.6975425330812854,-14,-0.042813455657492394,-1.3232514177693777
72,TEMPORAL,0.005,B0_STRUCT_XGB,0.9935805797576905,0.00468384074941452,0.00325,13,3987,1906,2094,0.4765,B0_SELF,0.9935805797576905,0.00468384074941452,0.00325,0.05,6081,305,0.038125,298,7,0.9770491803278688,298,0.14231136580706782,0.551,7.450000000000006,298,0.9770491803278688,0.551,0,0.0,0.0
72,TEMPORAL,0.005,B0_STRUCT_XGB,0.9935805797576905,0.00468384074941452,0.00325,13,3987,1906,2094,0.4765,T0_E2E,0.999301314353943,0.00468384074941452,0.0025,0.05,6081,305,0.038125,304,1,0.9967213114754099,304,0.1451766953199618,0.5525,7.600000000000001,298,0.9770491803278688,0.551,6,0.019672131147541072,0.14999999999999458
72,TEMPORAL,0.005,B0_STRUCT_XGB,0.9935805797576905,0.00468384074941452,0.00325,13,3987,1906,2094,0.4765,DAPT_E2E,0.9991735816001893,0.00468384074941452,0.00225,0.05,6081,305,0.038125,303,2,0.9934426229508196,303,0.14469914040114612,0.55225,7.575000000000004,298,0.9770491803278688,0.551,5,0.016393442622950838,0.12499999999999734
72,TEMPORAL,0.005,B0_STRUCT_XGB,0.9935805797576905,0.00468384074941452,0.00325,13,3987,1906,2094,0.4765,BASE_EMB_MLP,0.994399130344391,0.00468384074941452,0.00525,0.05,6081,305,0.038125,299,6,0.980327868852459,299,0.14278892072588348,0.55125,7.475000000000004,298,0.9770491803278688,0.551,1,0.003278688524590234,0.024999999999997247
72,TEMPORAL,0.005,B0_STRUCT_XGB,0.9935805797576905,0.00468384074941452,0.00325,13,3987,1906,2094,0.4765,DAPT_EMB_MLP,0.9796397089958192,0.00468384074941452,0.004,0.05,6081,305,0.038125,289,16,0.9475409836065574,289,0.13801337153772683,0.54875,7.224999999999998,298,0.9770491803278688,0.551,-9,-0.02950819672131144,-0.22500000000000853
72,TEMPORAL,0.005,B0_STRUCT_XGB,0.9935805797576905,0.00468384074941452,0.00325,13,3987,1906,2094,0.4765,CONTRASTIVE_EMB_MLP,0.9998149275779725,0.00468384074941452,0.0035,0.05,6081,305,0.038125,270,35,0.8852459016393442,270,0.12893982808022922,0.544,6.750000000000006,298,0.9770491803278688,0.551,-28,-0.09180327868852456,-0.7000000000000006
72,TEMPORAL,0.005,B0_STRUCT_XGB,0.9935805797576905,0.00468384074941452,0.00325,13,3987,1906,2094,0.4765,B0_SELF,0.9935805797576905,0.00468384074941452,0.00325,0.1,6081,609,0.076125,585,24,0.9605911330049262,585,0.2793696275071633,0.62275,14.625000000000005,585,0.9605911330049262,0.62275,0,0.0,0.0
72,TEMPORAL,0.005,B0_STRUCT_XGB,0.9935805797576905,0.00468384074941452,0.00325,13,3987,1906,2094,0.4765,T0_E2E,0.999301314353943,0.00468384074941452,0.0025,0.1,6081,609,0.076125,602,7,0.9885057471264368,602,0.2874880611270296,0.627,15.050000000000002,585,0.9605911330049262,0.62275,17,0.02791461412151064,0.4249999999999976
72,TEMPORAL,0.005,B0_STRUCT_XGB,0.9935805797576905,0.00468384074941452,0.00325,13,3987,1906,2094,0.4765,DAPT_E2E,0.9991735816001893,0.00468384074941452,0.00225,0.1,6081,609,0.076125,601,8,0.986863711001642,601,0.28701050620821394,0.62675,15.025000000000006,585,0.9605911330049262,0.62275,16,0.026272577996715896,0.40000000000000036
72,TEMPORAL,0.005,B0_STRUCT_XGB,0.9935805797576905,0.00468384074941452,0.00325,13,3987,1906,2094,0.4765,BASE_EMB_MLP,0.994399130344391,0.00468384074941452,0.00525,0.1,6081,609,0.076125,580,29,0.9523809523809523,580,0.276981852913085,0.6215,14.500000000000007,585,0.9605911330049262,0.62275,-5,-0.008210180623973828,-0.12499999999999734
72,TEMPORAL,0.005,B0_STRUCT_XGB,0.9935805797576905,0.00468384074941452,0.00325,13,3987,1906,2094,0.4765,DAPT_EMB_MLP,0.9796397089958192,0.00468384074941452,0.004,0.1,6081,609,0.076125,563,46,0.9244663382594417,563,0.2688634192932187,0.61725,14.075,585,0.9605911330049262,0.62275,-22,-0.03612479474548447,-0.550000000000006
72,TEMPORAL,0.005,B0_STRUCT_XGB,0.9935805797576905,0.00468384074941452,0.00325,13,3987,1906,2094,0.4765,CONTRASTIVE_EMB_MLP,0.9998149275779725,0.00468384074941452,0.0035,0.1,6081,609,0.076125,531,78,0.8719211822660099,531,0.25358166189111747,0.60925,13.274999999999999,585,0.9605911330049262,0.62275,-54,-0.08866995073891626,-1.3500000000000068
72,TEMPORAL,0.005,B0_STRUCT_XGB,0.9935805797576905,0.00468384074941452,0.00325,13,3987,1906,2094,0.4765,B0_SELF,0.9935805797576905,0.00468384074941452,0.00325,0.2,6081,1217,0.152125,1104,113,0.9071487263763353,1104,0.5272206303724928,0.7525,27.599999999999998,1104,0.9071487263763353,0.7525,0,0.0,0.0
72,TEMPORAL,0.005,B0_STRUCT_XGB,0.9935805797576905,0.00468384074941452,0.00325,13,3987,1906,2094,0.4765,T0_E2E,0.999301314353943,0.00468384074941452,0.0025,0.2,6081,1217,0.152125,1170,47,0.961380443714051,1170,0.5587392550143266,0.769,29.250000000000004,1104,0.9071487263763353,0.7525,66,0.0542317173377157,1.650000000000007
72,TEMPORAL,0.005,B0_STRUCT_XGB,0.9935805797576905,0.00468384074941452,0.00325,13,3987,1906,2094,0.4765,DAPT_E2E,0.9991735816001893,0.00468384074941452,0.00225,0.2,6081,1217,0.152125,1174,43,0.9646672144617913,1174,0.5606494746895893,0.77,29.350000000000005,1104,0.9071487263763353,0.7525,70,0.05751848808545601,1.750000000000007
72,TEMPORAL,0.005,B0_STRUCT_XGB,0.9935805797576905,0.00468384074941452,0.00325,13,3987,1906,2094,0.4765,BASE_EMB_MLP,0.994399130344391,0.00468384074941452,0.00525,0.2,6081,1217,0.152125,1075,142,0.8833196384552178,1075,0.5133715377268386,0.74525,26.875,1104,0.9071487263763353,0.7525,-29,-0.023829087921117487,-0.7249999999999979
72,TEMPORAL,0.005,B0_STRUCT_XGB,0.9935805797576905,0.00468384074941452,0.00325,13,3987,1906,2094,0.4765,DAPT_EMB_MLP,0.9796397089958192,0.00468384074941452,0.004,0.2,6081,1217,0.152125,1059,158,0.8701725554642563,1059,0.505730659025788,0.74125,26.474999999999998,1104,0.9071487263763353,0.7525,-45,-0.03697617091207894,-1.1249999999999982
72,TEMPORAL,0.005,B0_STRUCT_XGB,0.9935805797576905,0.00468384074941452,0.00325,13,3987,1906,2094,0.4765,CONTRASTIVE_EMB_MLP,0.9998149275779725,0.00468384074941452,0.0035,0.2,6081,1217,0.152125,965,252,0.7929334428923582,965,0.4608404966571156,0.71775,24.125000000000004,1104,0.9071487263763353,0.7525,-139,-0.11421528348397703,-3.4749999999999948
72,DOMAIN_OOD,0.005,B0_STRUCT_XGB,0.9935805797576905,0.00468384074941452,0.0036288232244686366,7,1922,741,1188,0.38413685847589424,B0_SELF,0.9935805797576905,0.00468384074941452,0.0036288232244686366,0.05,3110,156,0.04043545878693624,154,2,0.9871794871794872,154,0.12962962962962962,0.46397096941420424,7.983411093831,154,0.9871794871794872,0.46397096941420424,0,0.0,0.0
72,DOMAIN_OOD,0.005,B0_STRUCT_XGB,0.9935805797576905,0.00468384074941452,0.0036288232244686366,7,1922,741,1188,0.38413685847589424,T0_E2E,0.999301314353943,0.00468384074941452,0.002592016588906169,0.05,3110,156,0.04043545878693624,155,1,0.9935897435897436,155,0.13047138047138046,0.4644893727319855,8.035251425609125,154,0.9871794871794872,0.46397096941420424,1,0.0064102564102563875,0.05184033177812464
72,DOMAIN_OOD,0.005,B0_STRUCT_XGB,0.9935805797576905,0.00468384074941452,0.0036288232244686366,7,1922,741,1188,0.38413685847589424,DAPT_E2E,0.9991735816001893,0.00468384074941452,0.0015552099533437014,0.05,3110,156,0.04043545878693624,154,2,0.9871794871794872,154,0.12962962962962962,0.46397096941420424,7.983411093831,154,0.9871794871794872,0.46397096941420424,0,0.0,0.0
72,DOMAIN_OOD,0.005,B0_STRUCT_XGB,0.9935805797576905,0.00468384074941452,0.0036288232244686366,7,1922,741,1188,0.38413685847589424,BASE_EMB_MLP,0.994399130344391,0.00468384074941452,0.00933125972006221,0.05,3110,156,0.04043545878693624,152,4,0.9743589743589743,152,0.12794612794612795,0.4629341627786418,7.879730430274757,154,0.9871794871794872,0.46397096941420424,-2,-0.012820512820512886,-0.10368066355624372
72,DOMAIN_OOD,0.005,B0_STRUCT_XGB,0.9935805797576905,0.00468384074941452,0.0036288232244686366,7,1922,741,1188,0.38413685847589424,DAPT_EMB_MLP,0.9796397089958192,0.00468384074941452,0.005702436495593572,0.05,3110,156,0.04043545878693624,145,11,0.9294871794871795,145,0.12205387205387205,0.45930533955417313,7.516848107827889,154,0.9871794871794872,0.46397096941420424,-9,-0.05769230769230771,-0.46656298600311064
72,DOMAIN_OOD,0.005,B0_STRUCT_XGB,0.9935805797576905,0.00468384074941452,0.0036288232244686366,7,1922,741,1188,0.38413685847589424,CONTRASTIVE_EMB_MLP,0.9998149275779725,0.00468384074941452,0.005702436495593572,0.05,3110,156,0.04043545878693624,134,22,0.8589743589743589,134,0.1127946127946128,0.4536029030585796,6.946604458268535,154,0.9871794871794872,0.46397096941420424,-20,-0.1282051282051283,-1.036806635562465
72,DOMAIN_OOD,0.005,B0_STRUCT_XGB,0.9935805797576905,0.00468384074941452,0.0036288232244686366,7,1922,741,1188,0.38413685847589424,B0_SELF,0.9935805797576905,0.00468384074941452,0.0036288232244686366,0.1,3110,311,0.08061171591498185,292,19,0.9389067524115756,292,0.24579124579124578,0.5355106272680145,15.137376879212022,292,0.9389067524115756,0.5355106272680145,0,0.0,0.0
72,DOMAIN_OOD,0.005,B0_STRUCT_XGB,0.9935805797576905,0.00468384074941452,0.0036288232244686366,7,1922,741,1188,0.38413685847589424,T0_E2E,0.999301314353943,0.00468384074941452,0.002592016588906169,0.1,3110,311,0.08061171591498185,307,4,0.9871382636655949,307,0.25841750841750843,0.543286677034733,15.914981855883875,292,0.9389067524115756,0.5355106272680145,15,0.048231511254019255,0.7776049766718529
72,DOMAIN_OOD,0.005,B0_STRUCT_XGB,0.9935805797576905,0.00468384074941452,0.0036288232244686366,7,1922,741,1188,0.38413685847589424,DAPT_E2E,0.9991735816001893,0.00468384074941452,0.0015552099533437014,0.1,3110,311,0.08061171591498185,308,3,0.9903536977491961,308,0.25925925925925924,0.5438050803525143,15.966822187662006,292,0.9389067524115756,0.5355106272680145,16,0.05144694533762051,0.8294453084499831
72,DOMAIN_OOD,0.005,B0_STRUCT_XGB,0.9935805797576905,0.00468384074941452,0.0036288232244686366,7,1922,741,1188,0.38413685847589424,BASE_EMB_MLP,0.994399130344391,0.00468384074941452,0.00933125972006221,0.1,3110,311,0.08061171591498185,289,22,0.9292604501607717,289,0.24326599326599327,0.5339554173146708,14.981855883877653,292,0.9389067524115756,0.5355106272680145,-3,-0.009646302250803873,-0.15552099533436836
72,DOMAIN_OOD,0.005,B0_STRUCT_XGB,0.9935805797576905,0.00468384074941452,0.0036288232244686366,7,1922,741,1188,0.38413685847589424,DAPT_EMB_MLP,0.9796397089958192,0.00468384074941452,0.005702436495593572,0.1,3110,311,0.08061171591498185,282,29,0.9067524115755627,282,0.23737373737373738,0.5303265940902022,14.618973561430797,292,0.9389067524115756,0.5355106272680145,-10,-0.032154340836012874,-0.5184033177812242
72,DOMAIN_OOD,0.005,B0_STRUCT_XGB,0.9935805797576905,0.00468384074941452,0.0036288232244686366,7,1922,741,1188,0.38413685847589424,CONTRASTIVE_EMB_MLP,0.9998149275779725,0.00468384074941452,0.005702436495593572,0.1,3110,311,0.08061171591498185,268,43,0.8617363344051447,268,0.2255892255892256,0.5230689476412649,13.893208916537064,292,0.9389067524115756,0.5355106272680145,-24,-0.07717041800643087,-1.244167962674958
72,DOMAIN_OOD,0.005,B0_STRUCT_XGB,0.9935805797576905,0.00468384074941452,0.0036288232244686366,7,1922,741,1188,0.38413685847589424,B0_SELF,0.9935805797576905,0.00468384074941452,0.0036288232244686366,0.2,3110,622,0.1612234318299637,553,69,0.8890675241157556,553,0.4654882154882155,0.6708138932089165,28.667703473302225,553,0.8890675241157556,0.6708138932089165,0,0.0,0.0
72,DOMAIN_OOD,0.005,B0_STRUCT_XGB,0.9935805797576905,0.00468384074941452,0.0036288232244686366,7,1922,741,1188,0.38413685847589424,T0_E2E,0.999301314353943,0.00468384074941452,0.002592016588906169,0.2,3110,622,0.1612234318299637,600,22,0.9646302250803859,600,0.5050505050505051,0.6951788491446346,31.104199066874035,553,0.8890675241157556,0.6708138932089165,47,0.07556270096463025,2.436495593571808
72,DOMAIN_OOD,0.005,B0_STRUCT_XGB,0.9935805797576905,0.00468384074941452,0.0036288232244686366,7,1922,741,1188,0.38413685847589424,DAPT_E2E,0.9991735816001893,0.00468384074941452,0.0015552099533437014,0.2,3110,622,0.1612234318299637,608,14,0.977491961414791,608,0.5117845117845118,0.6993260756868844,31.51892172109902,553,0.8890675241157556,0.6708138932089165,55,0.08842443729903537,2.851218247796794
72,DOMAIN_OOD,0.005,B0_STRUCT_XGB,0.9935805797576905,0.00468384074941452,0.0036288232244686366,7,1922,741,1188,0.38413685847589424,BASE_EMB_MLP,0.994399130344391,0.00468384074941452,0.00933125972006221,0.2,3110,622,0.1612234318299637,559,63,0.8987138263665595,559,0.47053872053872053,0.673924313115604,28.978745463970974,553,0.8890675241157556,0.6708138932089165,6,0.009646302250803873,0.3110419906687478
72,DOMAIN_OOD,0.005,B0_STRUCT_XGB,0.9935805797576905,0.00468384074941452,0.0036288232244686366,7,1922,741,1188,0.38413685847589424,DAPT_EMB_MLP,0.9796397089958192,0.00468384074941452,0.005702436495593572,0.2,3110,622,0.1612234318299637,527,95,0.8472668810289389,527,0.4436026936026936,0.6573354069466044,27.319854847071017,553,0.8890675241157556,0.6708138932089165,-26,-0.04180064308681675,-1.3478486262312073
72,DOMAIN_OOD,0.005,B0_STRUCT_XGB,0.9935805797576905,0.00468384074941452,0.0036288232244686366,7,1922,741,1188,0.38413685847589424,CONTRASTIVE_EMB_MLP,0.9998149275779725,0.00468384074941452,0.005702436495593572,0.2,3110,622,0.1612234318299637,507,115,0.815112540192926,507,0.42676767676767674,0.6469673405909798,26.283048211508557,553,0.8890675241157556,0.6708138932089165,-46,-0.07395498392282962,-2.3846552617936667
72,TEMPLATE_OOD,0.005,B0_STRUCT_XGB,0.9935805797576905,0.00468384074941452,0.0038056206088992973,13,3403,1580,1836,0.46252927400468385,B0_SELF,0.9935805797576905,0.00468384074941452,0.0038056206088992973,0.05,5239,262,0.03834894613583138,255,7,0.9732824427480916,255,0.1388888888888889,0.5371779859484778,7.464871194379391,255,0.9732824427480916,0.5371779859484778,0,0.0,0.0
72,TEMPLATE_OOD,0.005,B0_STRUCT_XGB,0.9935805797576905,0.00468384074941452,0.0038056206088992973,13,3403,1580,1836,0.46252927400468385,T0_E2E,0.999301314353943,0.00468384074941452,0.002927400468384075,0.05,5239,262,0.03834894613583138,261,1,0.9961832061068703,261,0.14215686274509803,0.5389344262295082,7.64051522248243,255,0.9732824427480916,0.5371779859484778,6,0.022900763358778664,0.17564402810303914
72,TEMPLATE_OOD,0.005,B0_STRUCT_XGB,0.9935805797576905,0.00468384074941452,0.0038056206088992973,13,3403,1580,1836,0.46252927400468385,DAPT_E2E,0.9991735816001893,0.00468384074941452,0.001756440281030445,0.05,5239,262,0.03834894613583138,260,2,0.9923664122137404,260,0.14161220043572983,0.5386416861826698,7.6112412177985975,255,0.9732824427480916,0.5371779859484778,5,0.01908396946564883,0.14637002341920669
72,TEMPLATE_OOD,0.005,B0_STRUCT_XGB,0.9935805797576905,0.00468384074941452,0.0038056206088992973,13,3403,1580,1836,0.46252927400468385,BASE_EMB_MLP,0.994399130344391,0.00468384074941452,0.006147540983606557,0.05,5239,262,0.03834894613583138,258,4,0.9847328244274809,258,0.14052287581699346,0.538056206088993,7.55269320843091,255,0.9732824427480916,0.5371779859484778,3,0.011450381679389277,0.08782201405151957
72,TEMPLATE_OOD,0.005,B0_STRUCT_XGB,0.9935805797576905,0.00468384074941452,0.0038056206088992973,13,3403,1580,1836,0.46252927400468385,DAPT_EMB_MLP,0.9796397089958192,0.00468384074941452,0.004391100702576112,0.05,5239,262,0.03834894613583138,243,19,0.9274809160305344,243,0.1323529411764706,0.5336651053864169,7.1135831381733015,255,0.9732824427480916,0.5371779859484778,-12,-0.04580152671755722,-0.3512880562060894
72,TEMPLATE_OOD,0.005,B0_STRUCT_XGB,0.9935805797576905,0.00468384074941452,0.0038056206088992973,13,3403,1580,1836,0.46252927400468385,CONTRASTIVE_EMB_MLP,0.9998149275779725,0.00468384074941452,0.00351288056206089,0.05,5239,262,0.03834894613583138,236,26,0.9007633587786259,236,0.12854030501089325,0.531615925058548,6.908665105386419,255,0.9732824427480916,0.5371779859484778,-19,-0.07251908396946571,-0.5562060889929721
72,TEMPLATE_OOD,0.005,B0_STRUCT_XGB,0.9935805797576905,0.00468384074941452,0.0038056206088992973,13,3403,1580,1836,0.46252927400468385,B0_SELF,0.9935805797576905,0.00468384074941452,0.0038056206088992973,0.1,5239,524,0.07669789227166277,501,23,0.9561068702290076,501,0.272875816993464,0.609192037470726,14.666276346604217,501,0.9561068702290076,0.609192037470726,0,0.0,0.0
72,TEMPLATE_OOD,0.005,B0_STRUCT_XGB,0.9935805797576905,0.00468384074941452,0.0038056206088992973,13,3403,1580,1836,0.46252927400468385,T0_E2E,0.999301314353943,0.00468384074941452,0.002927400468384075,0.1,5239,524,0.07669789227166277,517,7,0.9866412213740458,517,0.2815904139433551,0.6138758782201406,15.13466042154567,501,0.9561068702290076,0.609192037470726,16,0.030534351145038108,0.4683840749414525
72,TEMPLATE_OOD,0.005,B0_STRUCT_XGB,0.9935805797576905,0.00468384074941452,0.0038056206088992973,13,3403,1580,1836,0.46252927400468385,DAPT_E2E,0.9991735816001893,0.00468384074941452,0.001756440281030445,0.1,5239,524,0.07669789227166277,519,5,0.9904580152671756,519,0.2826797385620915,0.6144613583138173,15.193208430913346,501,0.9561068702290076,0.609192037470726,18,0.03435114503816794,0.5269320843091285
72,TEMPLATE_OOD,0.005,B0_STRUCT_XGB,0.9935805797576905,0.00468384074941452,0.0038056206088992973,13,3403,1580,1836,0.46252927400468385,BASE_EMB_MLP,0.994399130344391,0.00468384074941452,0.006147540983606557,0.1,5239,524,0.07669789227166277,495,29,0.9446564885496184,495,0.2696078431372549,0.6074355971896955,14.490632318501168,501,0.9561068702290076,0.609192037470726,-6,-0.011450381679389277,-0.17564402810305024
72,TEMPLATE_OOD,0.005,B0_STRUCT_XGB,0.9935805797576905,0.00468384074941452,0.0038056206088992973,13,3403,1580,1836,0.46252927400468385,DAPT_EMB_MLP,0.9796397089958192,0.00468384074941452,0.004391100702576112,0.1,5239,524,0.07669789227166277,475,49,0.9064885496183206,475,0.2587145969498911,0.6015807962529274,13.905152224824352,501,0.9561068702290076,0.609192037470726,-26,-0.04961832061068705,-0.7611241217798659
72,TEMPLATE_OOD,0.005,B0_STRUCT_XGB,0.9935805797576905,0.00468384074941452,0.0038056206088992973,13,3403,1580,1836,0.46252927400468385,CONTRASTIVE_EMB_MLP,0.9998149275779725,0.00468384074941452,0.00351288056206089,0.1,5239,524,0.07669789227166277,467,57,0.8912213740458015,467,0.25435729847494554,0.5992388758782201,13.670960187353625,501,0.9561068702290076,0.609192037470726,-34,-0.06488549618320616,-0.9953161592505921
72,TEMPLATE_OOD,0.005,B0_STRUCT_XGB,0.9935805797576905,0.00468384074941452,0.0038056206088992973,13,3403,1580,1836,0.46252927400468385,B0_SELF,0.9935805797576905,0.00468384074941452,0.0038056206088992973,0.2,5239,1048,0.15339578454332553,946,102,0.9026717557251909,946,0.5152505446623094,0.7394613583138173,27.693208430913348,946,0.9026717557251909,0.7394613583138173,0,0.0,0.0
72,TEMPLATE_OOD,0.005,B0_STRUCT_XGB,0.9935805797576905,0.00468384074941452,0.0038056206088992973,13,3403,1580,1836,0.46252927400468385,T0_E2E,0.999301314353943,0.00468384074941452,0.002927400468384075,0.2,5239,1048,0.15339578454332553,1016,32,0.9694656488549618,1016,0.5533769063180828,0.7599531615925058,29.742388758782194,946,0.9026717557251909,0.7394613583138173,70,0.06679389312977091,2.049180327868849
72,TEMPLATE_OOD,0.005,B0_STRUCT_XGB,0.9935805797576905,0.00468384074941452,0.0038056206088992973,13,3403,1580,1836,0.46252927400468385,DAPT_E2E,0.9991735816001893,0.00468384074941452,0.001756440281030445,0.2,5239,1048,0.15339578454332553,1019,29,0.9723282442748091,1019,0.5550108932461874,0.7608313817330211,29.830210772833727,946,0.9026717557251909,0.7394613583138173,73,0.06965648854961826,2.13700234192038
72,TEMPLATE_OOD,0.005,B0_STRUCT_XGB,0.9935805797576905,0.00468384074941452,0.0038056206088992973,13,3403,1580,1836,0.46252927400468385,BASE_EMB_MLP,0.994399130344391,0.00468384074941452,0.006147540983606557,0.2,5239,1048,0.15339578454332553,921,127,0.8788167938931297,921,0.5016339869281046,0.7321428571428571,26.961358313817325,946,0.9026717557251909,0.7394613583138173,-25,-0.02385496183206115,-0.7318501170960223
72,TEMPLATE_OOD,0.005,B0_STRUCT_XGB,0.9935805797576905,0.00468384074941452,0.0038056206088992973,13,3403,1580,1836,0.46252927400468385,DAPT_EMB_MLP,0.9796397089958192,0.00468384074941452,0.004391100702576112,0.2,5239,1048,0.15339578454332553,905,143,0.8635496183206107,905,0.4929193899782135,0.7274590163934426,26.49297423887587,946,0.9026717557251909,0.7394613583138173,-41,-0.03912213740458015,-1.2002341920374748
72,TEMPLATE_OOD,0.005,B0_STRUCT_XGB,0.9935805797576905,0.00468384074941452,0.0038056206088992973,13,3403,1580,1836,0.46252927400468385,CONTRASTIVE_EMB_MLP,0.9998149275779725,0.00468384074941452,0.00351288056206089,0.2,5239,1048,0.15339578454332553,838,210,0.799618320610687,838,0.4564270152505447,0.7078454332552693,24.531615925058542,946,0.9026717557251909,0.7394613583138173,-108,-0.10305343511450382,-3.1615925058548044
72,DOMAIN_TEMPLATE_OOD,0.005,B0_STRUCT_XGB,0.9935805797576905,0.00468384074941452,0.0037756202804746495,7,1847,656,1198,0.35382955771305286,B0_SELF,0.9935805797576905,0.00468384074941452,0.0037756202804746495,0.05,3045,153,0.0412621359223301,149,4,0.9738562091503268,149,0.12437395659432388,0.4341963322545847,8.036677454153185,149,0.9738562091503268,0.4341963322545847,0,0.0,0.0
72,DOMAIN_TEMPLATE_OOD,0.005,B0_STRUCT_XGB,0.9935805797576905,0.00468384074941452,0.0037756202804746495,7,1847,656,1198,0.35382955771305286,T0_E2E,0.999301314353943,0.00468384074941452,0.002696871628910464,0.05,3045,153,0.0412621359223301,152,1,0.9934640522875817,152,0.12687813021702837,0.43581445523193096,8.198489751887811,149,0.9738562091503268,0.4341963322545847,3,0.019607843137254943,0.1618122977346259
72,DOMAIN_TEMPLATE_OOD,0.005,B0_STRUCT_XGB,0.9935805797576905,0.00468384074941452,0.0037756202804746495,7,1847,656,1198,0.35382955771305286,DAPT_E2E,0.9991735816001893,0.00468384074941452,0.0016181229773462784,0.05,3045,153,0.0412621359223301,151,2,0.9869281045751634,151,0.12604340567612687,0.43527508090614886,8.1445523193096,149,0.9738562091503268,0.4341963322545847,2,0.013071895424836666,0.10787486515641542
72,DOMAIN_TEMPLATE_OOD,0.005,B0_STRUCT_XGB,0.9935805797576905,0.00468384074941452,0.0037756202804746495,7,1847,656,1198,0.35382955771305286,BASE_EMB_MLP,0.994399130344391,0.00468384074941452,0.009708737864077669,0.05,3045,153,0.0412621359223301,149,4,0.9738562091503268,149,0.12437395659432388,0.4341963322545847,8.036677454153185,149,0.9738562091503268,0.4341963322545847,0,0.0,0.0
72,DOMAIN_TEMPLATE_OOD,0.005,B0_STRUCT_XGB,0.9935805797576905,0.00468384074941452,0.0037756202804746495,7,1847,656,1198,0.35382955771305286,DAPT_EMB_MLP,0.9796397089958192,0.00468384074941452,0.005933117583603021,0.05,3045,153,0.0412621359223301,137,16,0.8954248366013072,137,0.11435726210350584,0.42772384034519956,7.38942826321467,149,0.9738562091503268,0.4341963322545847,-12,-0.07843137254901955,-0.6472491909385147
72,DOMAIN_TEMPLATE_OOD,0.005,B0_STRUCT_XGB,0.9935805797576905,0.00468384074941452,0.0037756202804746495,7,1847,656,1198,0.35382955771305286,CONTRASTIVE_EMB_MLP,0.9998149275779725,0.00468384074941452,0.005393743257820928,0.05,3045,153,0.0412621359223301,133,20,0.869281045751634,133,0.11101836393989983,0.4255663430420712,7.1736785329018335,149,0.9738562091503268,0.4341963322545847,-16,-0.10457516339869277,-0.8629989212513511
72,DOMAIN_TEMPLATE_OOD,0.005,B0_STRUCT_XGB,0.9935805797576905,0.00468384074941452,0.0037756202804746495,7,1847,656,1198,0.35382955771305286,B0_SELF,0.9935805797576905,0.00468384074941452,0.0037756202804746495,0.1,3045,305,0.08225458468176915,287,18,0.940983606557377,287,0.2395659432387312,0.5086299892125135,15.48004314994606,287,0.940983606557377,0.5086299892125135,0,0.0,0.0
72,DOMAIN_TEMPLATE_OOD,0.005,B0_STRUCT_XGB,0.9935805797576905,0.00468384074941452,0.0037756202804746495,7,1847,656,1198,0.35382955771305286,T0_E2E,0.999301314353943,0.00468384074941452,0.002696871628910464,0.1,3045,305,0.08225458468176915,301,4,0.9868852459016394,301,0.25125208681135225,0.5161812297734628,16.235167206040995,287,0.940983606557377,0.5086299892125135,14,0.04590163934426239,0.7551240560949357
72,DOMAIN_TEMPLATE_OOD,0.005,B0_STRUCT_XGB,0.9935805797576905,0.00468384074941452,0.0037756202804746495,7,1847,656,1198,0.35382955771305286,DAPT_E2E,0.9991735816001893,0.00468384074941452,0.0016181229773462784,0.1,3045,305,0.08225458468176915,302,3,0.9901639344262295,302,0.25208681135225375,0.5167206040992449,16.289104638619207,287,0.940983606557377,0.5086299892125135,15,0.049180327868852514,0.8090614886731462
72,DOMAIN_TEMPLATE_OOD,0.005,B0_STRUCT_XGB,0.9935805797576905,0.00468384074941452,0.0037756202804746495,7,1847,656,1198,0.35382955771305286,BASE_EMB_MLP,0.994399130344391,0.00468384074941452,0.009708737864077669,0.1,3045,305,0.08225458468176915,283,22,0.9278688524590164,283,0.2362270450751252,0.5064724919093851,15.26429341963323,287,0.940983606557377,0.5086299892125135,-4,-0.013114754098360604,-0.21574973031283085
72,DOMAIN_TEMPLATE_OOD,0.005,B0_STRUCT_XGB,0.9935805797576905,0.00468384074941452,0.0037756202804746495,7,1847,656,1198,0.35382955771305286,DAPT_EMB_MLP,0.9796397089958192,0.00468384074941452,0.005933117583603021,0.1,3045,305,0.08225458468176915,275,30,0.9016393442622951,275,0.2295492487479132,0.5021574973031284,14.832793959007557,287,0.940983606557377,0.5086299892125135,-12,-0.03934426229508192,-0.6472491909385036
72,DOMAIN_TEMPLATE_OOD,0.005,B0_STRUCT_XGB,0.9935805797576905,0.00468384074941452,0.0037756202804746495,7,1847,656,1198,0.35382955771305286,CONTRASTIVE_EMB_MLP,0.9998149275779725,0.00468384074941452,0.005393743257820928,0.1,3045,305,0.08225458468176915,265,40,0.8688524590163934,265,0.22120200333889817,0.4967637540453074,14.293419633225458,287,0.940983606557377,0.5086299892125135,-22,-0.0721311475409836,-1.186623516720603
72,DOMAIN_TEMPLATE_OOD,0.005,B0_STRUCT_XGB,0.9935805797576905,0.00468384074941452,0.0037756202804746495,7,1847,656,1198,0.35382955771305286,B0_SELF,0.9935805797576905,0.00468384074941452,0.0037756202804746495,0.2,3045,609,0.16423948220064724,548,61,0.8998357963875205,548,0.4574290484140234,0.6494066882416397,29.557713052858688,548,0.8998357963875205,0.6494066882416397,0,0.0,0.0
72,DOMAIN_TEMPLATE_OOD,0.005,B0_STRUCT_XGB,0.9935805797576905,0.00468384074941452,0.0037756202804746495,7,1847,656,1198,0.35382955771305286,T0_E2E,0.999301314353943,0.00468384074941452,0.002696871628910464,0.2,3045,609,0.16423948220064724,588,21,0.9655172413793104,588,0.49081803005008345,0.6709816612729234,31.71521035598705,548,0.8998357963875205,0.6494066882416397,40,0.06568144499178985,2.157497303128364
72,DOMAIN_TEMPLATE_OOD,0.005,B0_STRUCT_XGB,0.9935805797576905,0.00468384074941452,0.0037756202804746495,7,1847,656,1198,0.35382955771305286,DAPT_E2E,0.9991735816001893,0.00468384074941452,0.0016181229773462784,0.2,3045,609,0.16423948220064724,593,16,0.9737274220032841,593,0.494991652754591,0.6736785329018339,31.984897518878103,548,0.8998357963875205,0.6494066882416397,45,0.07389162561576357,2.4271844660194164
72,DOMAIN_TEMPLATE_OOD,0.005,B0_STRUCT_XGB,0.9935805797576905,0.00468384074941452,0.0037756202804746495,7,1847,656,1198,0.35382955771305286,BASE_EMB_MLP,0.994399130344391,0.00468384074941452,0.009708737864077669,0.2,3045,609,0.16423948220064724,547,62,0.8981937602627258,547,0.4565943238731219,0.6488673139158576,29.503775620280475,548,0.8998357963875205,0.6494066882416397,-1,-0.0016420361247947435,-0.05393743257821049
72,DOMAIN_TEMPLATE_OOD,0.005,B0_STRUCT_XGB,0.9935805797576905,0.00468384074941452,0.0037756202804746495,7,1847,656,1198,0.35382955771305286,DAPT_EMB_MLP,0.9796397089958192,0.00468384074941452,0.005933117583603021,0.2,3045,609,0.16423948220064724,514,95,0.8440065681444991,514,0.4290484140233723,0.6310679611650486,27.723840345199573,548,0.8998357963875205,0.6494066882416397,-34,-0.05582922824302139,-1.8338727076591121
72,DOMAIN_TEMPLATE_OOD,0.005,B0_STRUCT_XGB,0.9935805797576905,0.00468384074941452,0.0037756202804746495,7,1847,656,1198,0.35382955771305286,CONTRASTIVE_EMB_MLP,0.9998149275779725,0.00468384074941452,0.005393743257820928,0.2,3045,609,0.16423948220064724,489,120,0.8029556650246306,489,0.4081803005008347,0.6175836030204962,26.375404530744333,548,0.8998357963875205,0.6494066882416397,-59,-0.09688013136288998,-3.182308522114352
72,IID_ORIGINAL,0.01,B0_STRUCT_XGB,0.989474654197693,0.00936768149882904,0.009031610637230306,18,1975,516,542,0.4877126654064272,B0_SELF,0.989474654197693,0.00936768149882904,0.009031610637230306,0.05,2517,126,0.04129793510324484,106,20,0.8412698412698413,106,0.19557195571955718,0.5879017013232514,10.018903591682415,106,0.8412698412698413,0.5879017013232514,0,0.0,0.0
72,IID_ORIGINAL,0.01,B0_STRUCT_XGB,0.989474654197693,0.00936768149882904,0.009031610637230306,18,1975,516,542,0.4877126654064272,T0_E2E,0.9989616870880128,0.00936768149882904,0.012042147516307075,0.05,2517,126,0.04129793510324484,120,6,0.9523809523809523,120,0.22140221402214022,0.6011342155009451,11.342155009451794,106,0.8412698412698413,0.5879017013232514,14,0.11111111111111105,1.3232514177693777
72,IID_ORIGINAL,0.01,B0_STRUCT_XGB,0.989474654197693,0.00936768149882904,0.009031610637230306,18,1975,516,542,0.4877126654064272,DAPT_E2E,0.9988796114921571,0.00936768149882904,0.009031610637230306,0.05,2517,126,0.04129793510324484,117,9,0.9285714285714286,117,0.2158671586715867,0.5982986767485823,11.058601134215507,106,0.8412698412698413,0.5879017013232514,11,0.08730158730158732,1.0396975425330912
72,IID_ORIGINAL,0.01,B0_STRUCT_XGB,0.989474654197693,0.00936768149882904,0.009031610637230306,18,1975,516,542,0.4877126654064272,BASE_EMB_MLP,0.982609510421753,0.00936768149882904,0.012042147516307075,0.05,2517,126,0.04129793510324484,114,12,0.9047619047619048,114,0.21033210332103322,0.5954631379962193,10.775047258979209,106,0.8412698412698413,0.5879017013232514,8,0.06349206349206349,0.7561436672967936
72,IID_ORIGINAL,0.01,B0_STRUCT_XGB,0.989474654197693,0.00936768149882904,0.009031610637230306,18,1975,516,542,0.4877126654064272,DAPT_EMB_MLP,0.967296600341797,0.00936768149882904,0.010536879076768691,0.05,2517,126,0.04129793510324484,115,11,0.9126984126984127,115,0.21217712177121772,0.5964083175803403,10.869565217391308,106,0.8412698412698413,0.5879017013232514,9,0.0714285714285714,0.8506616257088928
72,IID_ORIGINAL,0.01,B0_STRUCT_XGB,0.989474654197693,0.00936768149882904,0.009031610637230306,18,1975,516,542,0.4877126654064272,CONTRASTIVE_EMB_MLP,0.9975011944770814,0.00936768149882904,0.01806322127446061,0.05,2517,126,0.04129793510324484,95,31,0.753968253968254,95,0.1752767527675277,0.5775047258979206,8.979206049149335,106,0.8412698412698413,0.5879017013232514,-11,-0.08730158730158732,-1.03969754253308
72,IID_ORIGINAL,0.01,B0_STRUCT_XGB,0.989474654197693,0.00936768149882904,0.009031610637230306,18,1975,516,542,0.4877126654064272,B0_SELF,0.989474654197693,0.00936768149882904,0.009031610637230306,0.1,2517,252,0.08259587020648967,185,67,0.7341269841269841,185,0.3413284132841328,0.6625708884688091,17.485822306238184,185,0.7341269841269841,0.6625708884688091,0,0.0,0.0
72,IID_ORIGINAL,0.01,B0_STRUCT_XGB,0.989474654197693,0.00936768149882904,0.009031610637230306,18,1975,516,542,0.4877126654064272,T0_E2E,0.9989616870880128,0.00936768149882904,0.012042147516307075,0.1,2517,252,0.08259587020648967,227,25,0.9007936507936508,227,0.4188191881918819,0.7022684310018904,21.45557655954632,185,0.7341269841269841,0.6625708884688091,42,0.16666666666666674,3.969754253308133
72,IID_ORIGINAL,0.01,B0_STRUCT_XGB,0.989474654197693,0.00936768149882904,0.009031610637230306,18,1975,516,542,0.4877126654064272,DAPT_E2E,0.9988796114921571,0.00936768149882904,0.009031610637230306,0.1,2517,252,0.08259587020648967,228,24,0.9047619047619048,228,0.42066420664206644,0.7032136105860114,21.550094517958417,185,0.7341269841269841,0.6625708884688091,43,0.1706349206349207,4.064272211720232
72,IID_ORIGINAL,0.01,B0_STRUCT_XGB,0.989474654197693,0.00936768149882904,0.009031610637230306,18,1975,516,542,0.4877126654064272,BASE_EMB_MLP,0.982609510421753,0.00936768149882904,0.012042147516307075,0.1,2517,252,0.08259587020648967,200,52,0.7936507936507936,200,0.36900369003690037,0.6767485822306238,18.903591682419663,185,0.7341269841269841,0.6625708884688091,15,0.059523809523809534,1.417769376181477
72,IID_ORIGINAL,0.01,B0_STRUCT_XGB,0.989474654197693,0.00936768149882904,0.009031610637230306,18,1975,516,542,0.4877126654064272,DAPT_EMB_MLP,0.967296600341797,0.00936768149882904,0.010536879076768691,0.1,2517,252,0.08259587020648967,187,65,0.7420634920634921,187,0.34501845018450183,0.6644612476370511,17.674858223062383,185,0.7341269841269841,0.6625708884688091,2,0.00793650793650802,0.1890359168241984
72,IID_ORIGINAL,0.01,B0_STRUCT_XGB,0.989474654197693,0.00936768149882904,0.009031610637230306,18,1975,516,542,0.4877126654064272,CONTRASTIVE_EMB_MLP,0.9975011944770814,0.00936768149882904,0.01806322127446061,0.1,2517,252,0.08259587020648967,166,86,0.6587301587301587,166,0.3062730627306273,0.6446124763705104,15.689981096408323,185,0.7341269841269841,0.6625708884688091,-19,-0.07539682539682535,-1.7958412098298626
72,IID_ORIGINAL,0.01,B0_STRUCT_XGB,0.989474654197693,0.00936768149882904,0.009031610637230306,18,1975,516,542,0.4877126654064272,B0_SELF,0.989474654197693,0.00936768149882904,0.009031610637230306,0.2,2517,504,0.16519174041297935,283,221,0.5615079365079365,283,0.522140221402214,0.7551984877126654,26.748582230623818,283,0.5615079365079365,0.7551984877126654,0,0.0,0.0
72,IID_ORIGINAL,0.01,B0_STRUCT_XGB,0.989474654197693,0.00936768149882904,0.009031610637230306,18,1975,516,542,0.4877126654064272,T0_E2E,0.9989616870880128,0.00936768149882904,0.012042147516307075,0.2,2517,504,0.16519174041297935,345,159,0.6845238095238095,345,0.6365313653136532,0.8137996219281664,32.608695652173914,283,0.5615079365079365,0.7551984877126654,62,0.12301587301587302,5.8601134215500945
72,IID_ORIGINAL,0.01,B0_STRUCT_XGB,0.989474654197693,0.00936768149882904,0.009031610637230306,18,1975,516,542,0.4877126654064272,DAPT_E2E,0.9988796114921571,0.00936768149882904,0.009031610637230306,0.2,2517,504,0.16519174041297935,353,151,0.7003968253968254,353,0.6512915129151291,0.8213610586011342,33.3648393194707,283,0.5615079365079365,0.7551984877126654,70,0.13888888888888884,6.6162570888468775
72,IID_ORIGINAL,0.01,B0_STRUCT_XGB,0.989474654197693,0.00936768149882904,0.009031610637230306,18,1975,516,542,0.4877126654064272,BASE_EMB_MLP,0.982609510421753,0.00936768149882904,0.012042147516307075,0.2,2517,504,0.16519174041297935,311,193,0.6170634920634921,311,0.5738007380073801,0.781663516068053,29.395085066162572,283,0.5615079365079365,0.7551984877126654,28,0.05555555555555558,2.6465028355387554
72,IID_ORIGINAL,0.01,B0_STRUCT_XGB,0.989474654197693,0.00936768149882904,0.009031610637230306,18,1975,516,542,0.4877126654064272,DAPT_EMB_MLP,0.967296600341797,0.00936768149882904,0.010536879076768691,0.2,2517,504,0.16519174041297935,294,210,0.5833333333333334,294,0.5424354243542435,0.7655954631379962,27.788279773156898,283,0.5615079365079365,0.7551984877126654,11,0.02182539682539686,1.03969754253308
72,IID_ORIGINAL,0.01,B0_STRUCT_XGB,0.989474654197693,0.00936768149882904,0.009031610637230306,18,1975,516,542,0.4877126654064272,CONTRASTIVE_EMB_MLP,0.9975011944770814,0.00936768149882904,0.01806322127446061,0.2,2517,504,0.16519174041297935,283,221,0.5615079365079365,283,0.522140221402214,0.7551984877126654,26.748582230623818,283,0.5615079365079365,0.7551984877126654,0,0.0,0.0
72,IID_BALANCED,0.01,B0_STRUCT_XGB,0.989474654197693,0.00936768149882904,0.008506616257088847,9,1049,516,542,0.4877126654064272,B0_SELF,0.989474654197693,0.00936768149882904,0.008506616257088847,0.05,1591,80,0.03780718336483932,73,7,0.9125,73,0.13468634686346864,0.556710775047259,6.899810964083175,73,0.9125,0.556710775047259,0,0.0,0.0
72,IID_BALANCED,0.01,B0_STRUCT_XGB,0.989474654197693,0.00936768149882904,0.008506616257088847,9,1049,516,542,0.4877126654064272,T0_E2E,0.9989616870880128,0.00936768149882904,0.014177693761814745,0.05,1591,80,0.03780718336483932,79,1,0.9875,79,0.14575645756457564,0.5623818525519849,7.466918714555771,73,0.9125,0.556710775047259,6,0.07500000000000007,0.5671077504725952
72,IID_BALANCED,0.01,B0_STRUCT_XGB,0.989474654197693,0.00936768149882904,0.008506616257088847,9,1049,516,542,0.4877126654064272,DAPT_E2E,0.9988796114921571,0.00936768149882904,0.012287334593572778,0.05,1591,80,0.03780718336483932,77,3,0.9625,77,0.14206642066420663,0.5604914933837429,7.277882797731571,73,0.9125,0.556710775047259,4,0.050000000000000044,0.3780718336483968
72,IID_BALANCED,0.01,B0_STRUCT_XGB,0.989474654197693,0.00936768149882904,0.008506616257088847,9,1049,516,542,0.4877126654064272,BASE_EMB_MLP,0.982609510421753,0.00936768149882904,0.010396975425330813,0.05,1591,80,0.03780718336483932,80,0,1.0,80,0.14760147601476015,0.5633270321361059,7.5614366729678695,73,0.9125,0.556710775047259,7,0.08750000000000002,0.6616257088846944
72,IID_BALANCED,0.01,B0_STRUCT_XGB,0.989474654197693,0.00936768149882904,0.008506616257088847,9,1049,516,542,0.4877126654064272,DAPT_EMB_MLP,0.967296600341797,0.00936768149882904,0.013232514177693762,0.05,1591,80,0.03780718336483932,77,3,0.9625,77,0.14206642066420663,0.5604914933837429,7.277882797731571,73,0.9125,0.556710775047259,4,0.050000000000000044,0.3780718336483968
72,IID_BALANCED,0.01,B0_STRUCT_XGB,0.989474654197693,0.00936768149882904,0.008506616257088847,9,1049,516,542,0.4877126654064272,CONTRASTIVE_EMB_MLP,0.9975011944770814,0.00936768149882904,0.017958412098298678,0.05,1591,80,0.03780718336483932,69,11,0.8625,69,0.12730627306273062,0.552930056710775,6.521739130434778,73,0.9125,0.556710775047259,-4,-0.04999999999999993,-0.3780718336483968
72,IID_BALANCED,0.01,B0_STRUCT_XGB,0.989474654197693,0.00936768149882904,0.008506616257088847,9,1049,516,542,0.4877126654064272,B0_SELF,0.989474654197693,0.00936768149882904,0.008506616257088847,0.1,1591,160,0.07561436672967864,141,19,0.88125,141,0.26014760147601473,0.6209829867674859,13.327032136105865,141,0.88125,0.6209829867674859,0,0.0,0.0
72,IID_BALANCED,0.01,B0_STRUCT_XGB,0.989474654197693,0.00936768149882904,0.008506616257088847,9,1049,516,542,0.4877126654064272,T0_E2E,0.9989616870880128,0.00936768149882904,0.014177693761814745,0.1,1591,160,0.07561436672967864,153,7,0.95625,153,0.2822878228782288,0.6323251417769377,14.461247637051045,141,0.88125,0.6209829867674859,12,0.07500000000000007,1.1342155009451793
72,IID_BALANCED,0.01,B0_STRUCT_XGB,0.989474654197693,0.00936768149882904,0.008506616257088847,9,1049,516,542,0.4877126654064272,DAPT_E2E,0.9988796114921571,0.00936768149882904,0.012287334593572778,0.1,1591,160,0.07561436672967864,151,9,0.94375,151,0.2785977859778598,0.6304347826086957,14.272211720226846,141,0.88125,0.6209829867674859,10,0.0625,0.9451795841209809
72,IID_BALANCED,0.01,B0_STRUCT_XGB,0.989474654197693,0.00936768149882904,0.008506616257088847,9,1049,516,542,0.4877126654064272,BASE_EMB_MLP,0.982609510421753,0.00936768149882904,0.010396975425330813,0.1,1591,160,0.07561436672967864,151,9,0.94375,151,0.2785977859778598,0.6304347826086957,14.272211720226846,141,0.88125,0.6209829867674859,10,0.0625,0.9451795841209809
72,IID_BALANCED,0.01,B0_STRUCT_XGB,0.989474654197693,0.00936768149882904,0.008506616257088847,9,1049,516,542,0.4877126654064272,DAPT_EMB_MLP,0.967296600341797,0.00936768149882904,0.013232514177693762,0.1,1591,160,0.07561436672967864,142,18,0.8875,142,0.26199261992619927,0.6219281663516069,13.421550094517965,141,0.88125,0.6209829867674859,1,0.006249999999999978,0.0945179584120992
72,IID_BALANCED,0.01,B0_STRUCT_XGB,0.989474654197693,0.00936768149882904,0.008506616257088847,9,1049,516,542,0.4877126654064272,CONTRASTIVE_EMB_MLP,0.9975011944770814,0.00936768149882904,0.017958412098298678,0.1,1591,160,0.07561436672967864,134,26,0.8375,134,0.24723247232472326,0.6143667296786389,12.665406427221171,141,0.88125,0.6209829867674859,-7,-0.043749999999999956,-0.6616257088846944
72,IID_BALANCED,0.01,B0_STRUCT_XGB,0.989474654197693,0.00936768149882904,0.008506616257088847,9,1049,516,542,0.4877126654064272,B0_SELF,0.989474654197693,0.00936768149882904,0.008506616257088847,0.2,1591,319,0.15075614366729678,237,82,0.7429467084639498,237,0.43726937269372695,0.7117202268431002,22.4007561436673,237,0.7429467084639498,0.7117202268431002,0,0.0,0.0
72,IID_BALANCED,0.01,B0_STRUCT_XGB,0.989474654197693,0.00936768149882904,0.008506616257088847,9,1049,516,542,0.4877126654064272,T0_E2E,0.9989616870880128,0.00936768149882904,0.014177693761814745,0.2,1591,319,0.15075614366729678,290,29,0.9090909090909091,290,0.5350553505535055,0.7618147448015122,27.410207939508503,237,0.7429467084639498,0.7117202268431002,53,0.16614420062695923,5.009451795841202
72,IID_BALANCED,0.01,B0_STRUCT_XGB,0.989474654197693,0.00936768149882904,0.008506616257088847,9,1049,516,542,0.4877126654064272,DAPT_E2E,0.9988796114921571,0.00936768149882904,0.012287334593572778,0.2,1591,319,0.15075614366729678,290,29,0.9090909090909091,290,0.5350553505535055,0.7618147448015122,27.410207939508503,237,0.7429467084639498,0.7117202268431002,53,0.16614420062695923,5.009451795841202
72,IID_BALANCED,0.01,B0_STRUCT_XGB,0.989474654197693,0.00936768149882904,0.008506616257088847,9,1049,516,542,0.4877126654064272,BASE_EMB_MLP,0.982609510421753,0.00936768149882904,0.010396975425330813,0.2,1591,319,0.15075614366729678,260,59,0.8150470219435737,260,0.4797047970479705,0.7334593572778828,24.57466918714556,237,0.7429467084639498,0.7117202268431002,23,0.07210031347962387,2.1739130434782594
72,IID_BALANCED,0.01,B0_STRUCT_XGB,0.989474654197693,0.00936768149882904,0.008506616257088847,9,1049,516,542,0.4877126654064272,DAPT_EMB_MLP,0.967296600341797,0.00936768149882904,0.013232514177693762,0.2,1591,319,0.15075614366729678,241,78,0.7554858934169278,241,0.4446494464944649,0.7155009451795841,22.778827977315686,237,0.7429467084639498,0.7117202268431002,4,0.01253918495297801,0.3780718336483857
72,IID_BALANCED,0.01,B0_STRUCT_XGB,0.989474654197693,0.00936768149882904,0.008506616257088847,9,1049,516,542,0.4877126654064272,CONTRASTIVE_EMB_MLP,0.9975011944770814,0.00936768149882904,0.017958412098298678,0.2,1591,319,0.15075614366729678,232,87,0.7272727272727273,232,0.4280442804428044,0.7069943289224953,21.928166351606805,237,0.7429467084639498,0.7117202268431002,-5,-0.01567398119122254,-0.472589792060496
72,TEMPORAL,0.01,B0_STRUCT_XGB,0.989474654197693,0.00936768149882904,0.00425,17,3983,2157,1843,0.53925,B0_SELF,0.989474654197693,0.00936768149882904,0.00425,0.05,5826,292,0.0365,276,16,0.9452054794520548,276,0.149755832881172,0.60825,6.899999999999995,276,0.9452054794520548,0.60825,0,0.0,0.0
72,TEMPORAL,0.01,B0_STRUCT_XGB,0.989474654197693,0.00936768149882904,0.00425,17,3983,2157,1843,0.53925,T0_E2E,0.9989616870880128,0.00936768149882904,0.0075,0.05,5826,292,0.0365,291,1,0.9965753424657534,291,0.15789473684210525,0.612,7.274999999999999,276,0.9452054794520548,0.60825,15,0.05136986301369861,0.3750000000000031
72,TEMPORAL,0.01,B0_STRUCT_XGB,0.989474654197693,0.00936768149882904,0.00425,17,3983,2157,1843,0.53925,DAPT_E2E,0.9988796114921571,0.00936768149882904,0.006,0.05,5826,292,0.0365,290,2,0.9931506849315068,290,0.15735214324470972,0.61175,7.250000000000001,276,0.9452054794520548,0.60825,14,0.047945205479452024,0.35000000000000586
72,TEMPORAL,0.01,B0_STRUCT_XGB,0.989474654197693,0.00936768149882904,0.00425,17,3983,2157,1843,0.53925,BASE_EMB_MLP,0.982609510421753,0.00936768149882904,0.0095,0.05,5826,292,0.0365,282,10,0.9657534246575342,282,0.15301139446554532,0.60975,7.050000000000001,276,0.9452054794520548,0.60825,6,0.020547945205479423,0.15000000000000568
72,TEMPORAL,0.01,B0_STRUCT_XGB,0.989474654197693,0.00936768149882904,0.00425,17,3983,2157,1843,0.53925,DAPT_EMB_MLP,0.967296600341797,0.00936768149882904,0.00625,0.05,5826,292,0.0365,270,22,0.9246575342465754,270,0.14650027129679868,0.60675,6.75,276,0.9452054794520548,0.60825,-6,-0.020547945205479423,-0.14999999999999458
72,TEMPORAL,0.01,B0_STRUCT_XGB,0.989474654197693,0.00936768149882904,0.00425,17,3983,2157,1843,0.53925,CONTRASTIVE_EMB_MLP,0.9975011944770814,0.00936768149882904,0.01125,0.05,5826,292,0.0365,254,38,0.8698630136986302,254,0.13781877373846987,0.60275,6.35,276,0.9452054794520548,0.60825,-22,-0.07534246575342463,-0.5499999999999949
72,TEMPORAL,0.01,B0_STRUCT_XGB,0.989474654197693,0.00936768149882904,0.00425,17,3983,2157,1843,0.53925,B0_SELF,0.989474654197693,0.00936768149882904,0.00425,0.1,5826,583,0.072875,540,43,0.9262435677530018,540,0.29300054259359737,0.67425,13.5,540,0.9262435677530018,0.67425,0,0.0,0.0
72,TEMPORAL,0.01,B0_STRUCT_XGB,0.989474654197693,0.00936768149882904,0.00425,17,3983,2157,1843,0.53925,T0_E2E,0.9989616870880128,0.00936768149882904,0.0075,0.1,5826,583,0.072875,575,8,0.9862778730703259,575,0.31199131850244166,0.683,14.375000000000004,540,0.9262435677530018,0.67425,35,0.06003430531732412,0.8750000000000036
72,TEMPORAL,0.01,B0_STRUCT_XGB,0.989474654197693,0.00936768149882904,0.00425,17,3983,2157,1843,0.53925,DAPT_E2E,0.9988796114921571,0.00936768149882904,0.006,0.1,5826,583,0.072875,572,11,0.9811320754716981,572,0.31036353771025504,0.68225,14.3,540,0.9262435677530018,0.67425,32,0.054888507718696355,0.8000000000000007
72,TEMPORAL,0.01,B0_STRUCT_XGB,0.989474654197693,0.00936768149882904,0.00425,17,3983,2157,1843,0.53925,BASE_EMB_MLP,0.982609510421753,0.00936768149882904,0.0095,0.1,5826,583,0.072875,551,32,0.9451114922813036,551,0.29896907216494845,0.677,13.775000000000004,540,0.9262435677530018,0.67425,11,0.018867924528301883,0.275000000000003
72,TEMPORAL,0.01,B0_STRUCT_XGB,0.989474654197693,0.00936768149882904,0.00425,17,3983,2157,1843,0.53925,DAPT_EMB_MLP,0.967296600341797,0.00936768149882904,0.00625,0.1,5826,583,0.072875,518,65,0.888507718696398,518,0.28106348345089527,0.66875,12.949999999999996,540,0.9262435677530018,0.67425,-22,-0.037735849056603765,-0.550000000000006
72,TEMPORAL,0.01,B0_STRUCT_XGB,0.989474654197693,0.00936768149882904,0.00425,17,3983,2157,1843,0.53925,CONTRASTIVE_EMB_MLP,0.9975011944770814,0.00936768149882904,0.01125,0.1,5826,583,0.072875,498,85,0.8542024013722127,498,0.2702116115029843,0.66375,12.449999999999994,540,0.9262435677530018,0.67425,-42,-0.07204116638078906,-1.0500000000000065
72,TEMPORAL,0.01,B0_STRUCT_XGB,0.989474654197693,0.00936768149882904,0.00425,17,3983,2157,1843,0.53925,B0_SELF,0.989474654197693,0.00936768149882904,0.00425,0.2,5826,1166,0.14575,994,172,0.8524871355060034,994,0.5393380358111775,0.78775,24.849999999999994,994,0.8524871355060034,0.78775,0,0.0,0.0
72,TEMPORAL,0.01,B0_STRUCT_XGB,0.989474654197693,0.00936768149882904,0.00425,17,3983,2157,1843,0.53925,T0_E2E,0.9989616870880128,0.00936768149882904,0.0075,0.2,5826,1166,0.14575,1102,64,0.9451114922813036,1102,0.5979381443298969,0.81475,27.549999999999997,994,0.8524871355060034,0.78775,108,0.09262435677530023,2.7000000000000024
72,TEMPORAL,0.01,B0_STRUCT_XGB,0.989474654197693,0.00936768149882904,0.00425,17,3983,2157,1843,0.53925,DAPT_E2E,0.9988796114921571,0.00936768149882904,0.006,0.2,5826,1166,0.14575,1102,64,0.9451114922813036,1102,0.5979381443298969,0.81475,27.549999999999997,994,0.8524871355060034,0.78775,108,0.09262435677530023,2.7000000000000024
72,TEMPORAL,0.01,B0_STRUCT_XGB,0.989474654197693,0.00936768149882904,0.00425,17,3983,2157,1843,0.53925,BASE_EMB_MLP,0.982609510421753,0.00936768149882904,0.0095,0.2,5826,1166,0.14575,968,198,0.8301886792452831,968,0.5252306022788931,0.78125,24.2,994,0.8524871355060034,0.78775,-26,-0.022298456260720356,-0.649999999999995
72,TEMPORAL,0.01,B0_STRUCT_XGB,0.989474654197693,0.00936768149882904,0.00425,17,3983,2157,1843,0.53925,DAPT_EMB_MLP,0.967296600341797,0.00936768149882904,0.00625,0.2,5826,1166,0.14575,967,199,0.8293310463121784,967,0.5246880086814976,0.781,24.175,994,0.8524871355060034,0.78775,-27,-0.023156089193825058,-0.6749999999999923
72,TEMPORAL,0.01,B0_STRUCT_XGB,0.989474654197693,0.00936768149882904,0.00425,17,3983,2157,1843,0.53925,CONTRASTIVE_EMB_MLP,0.9975011944770814,0.00936768149882904,0.01125,0.2,5826,1166,0.14575,879,287,0.7538593481989708,879,0.4769397721106891,0.759,21.975,994,0.8524871355060034,0.78775,-115,-0.09862778730703259,-2.8749999999999942
72,DOMAIN_OOD,0.01,B0_STRUCT_XGB,0.989474654197693,0.00936768149882904,0.004665629860031105,9,1920,888,1041,0.4603421461897356,B0_SELF,0.989474654197693,0.00936768149882904,0.004665629860031105,0.05,2961,149,0.03862104717470192,133,16,0.8926174496644296,133,0.12776176753121998,0.5292897874546397,6.8947641264904105,133,0.8926174496644296,0.5292897874546397,0,0.0,0.0
72,DOMAIN_OOD,0.01,B0_STRUCT_XGB,0.989474654197693,0.00936768149882904,0.004665629860031105,9,1920,888,1041,0.4603421461897356,T0_E2E,0.9989616870880128,0.00936768149882904,0.00673924313115604,0.05,2961,149,0.03862104717470192,147,2,0.9865771812080537,147,0.14121037463976946,0.536547433903577,7.620528771384133,133,0.8926174496644296,0.5292897874546397,14,0.09395973154362414,0.7257646448937227
72,DOMAIN_OOD,0.01,B0_STRUCT_XGB,0.989474654197693,0.00936768149882904,0.004665629860031105,9,1920,888,1041,0.4603421461897356,DAPT_E2E,0.9988796114921571,0.00936768149882904,0.004665629860031105,0.05,2961,149,0.03862104717470192,147,2,0.9865771812080537,147,0.14121037463976946,0.536547433903577,7.620528771384133,133,0.8926174496644296,0.5292897874546397,14,0.09395973154362414,0.7257646448937227
72,DOMAIN_OOD,0.01,B0_STRUCT_XGB,0.989474654197693,0.00936768149882904,0.004665629860031105,9,1920,888,1041,0.4603421461897356,BASE_EMB_MLP,0.982609510421753,0.00936768149882904,0.015552099533437015,0.05,2961,149,0.03862104717470192,142,7,0.9530201342281879,142,0.13640730067243034,0.5339554173146708,7.361327112493515,133,0.8926174496644296,0.5292897874546397,9,0.0604026845637583,0.4665629860031051
72,DOMAIN_OOD,0.01,B0_STRUCT_XGB,0.989474654197693,0.00936768149882904,0.004665629860031105,9,1920,888,1041,0.4603421461897356,DAPT_EMB_MLP,0.967296600341797,0.00936768149882904,0.009849663037843442,0.05,2961,149,0.03862104717470192,133,16,0.8926174496644296,133,0.12776176753121998,0.5292897874546397,6.8947641264904105,133,0.8926174496644296,0.5292897874546397,0,0.0,0.0
72,DOMAIN_OOD,0.01,B0_STRUCT_XGB,0.989474654197693,0.00936768149882904,0.004665629860031105,9,1920,888,1041,0.4603421461897356,CONTRASTIVE_EMB_MLP,0.9975011944770814,0.00936768149882904,0.01347848626231208,0.05,2961,149,0.03862104717470192,126,23,0.8456375838926175,126,0.12103746397694524,0.5256609642301711,6.531881804043543,133,0.8926174496644296,0.5292897874546397,-7,-0.046979865771812124,-0.3628823224468669
72,DOMAIN_OOD,0.01,B0_STRUCT_XGB,0.989474654197693,0.00936768149882904,0.004665629860031105,9,1920,888,1041,0.4603421461897356,B0_SELF,0.989474654197693,0.00936768149882904,0.004665629860031105,0.1,2961,297,0.07698289269051321,263,34,0.8855218855218855,263,0.2526416906820365,0.5966822187662001,13.634007257646447,263,0.8855218855218855,0.5966822187662001,0,0.0,0.0
72,DOMAIN_OOD,0.01,B0_STRUCT_XGB,0.989474654197693,0.00936768149882904,0.004665629860031105,9,1920,888,1041,0.4603421461897356,T0_E2E,0.9989616870880128,0.00936768149882904,0.00673924313115604,0.1,2961,297,0.07698289269051321,292,5,0.9831649831649831,292,0.2804995196926033,0.6117159149818558,15.137376879212022,263,0.8855218855218855,0.5966822187662001,29,0.09764309764309764,1.5033696215655756
72,DOMAIN_OOD,0.01,B0_STRUCT_XGB,0.989474654197693,0.00936768149882904,0.004665629860031105,9,1920,888,1041,0.4603421461897356,DAPT_E2E,0.9988796114921571,0.00936768149882904,0.004665629860031105,0.1,2961,297,0.07698289269051321,294,3,0.98989898989899,294,0.2824207492795389,0.6127527216174183,15.24105754276827,263,0.8855218855218855,0.5966822187662001,31,0.10437710437710446,1.607050285121825
72,DOMAIN_OOD,0.01,B0_STRUCT_XGB,0.989474654197693,0.00936768149882904,0.004665629860031105,9,1920,888,1041,0.4603421461897356,BASE_EMB_MLP,0.982609510421753,0.00936768149882904,0.015552099533437015,0.1,2961,297,0.07698289269051321,274,23,0.9225589225589226,274,0.2632084534101825,0.6023846552617936,14.2042509072058,263,0.8855218855218855,0.5966822187662001,11,0.03703703703703709,0.5702436495593544
72,DOMAIN_OOD,0.01,B0_STRUCT_XGB,0.989474654197693,0.00936768149882904,0.004665629860031105,9,1920,888,1041,0.4603421461897356,DAPT_EMB_MLP,0.967296600341797,0.00936768149882904,0.009849663037843442,0.1,2961,297,0.07698289269051321,265,32,0.8922558922558923,265,0.25456292026897215,0.5977190254017626,13.737687921202696,263,0.8855218855218855,0.5966822187662001,2,0.006734006734006814,0.10368066355624928
72,DOMAIN_OOD,0.01,B0_STRUCT_XGB,0.989474654197693,0.00936768149882904,0.004665629860031105,9,1920,888,1041,0.4603421461897356,CONTRASTIVE_EMB_MLP,0.9975011944770814,0.00936768149882904,0.01347848626231208,0.1,2961,297,0.07698289269051321,251,46,0.8451178451178452,251,0.24111431316042267,0.5904613789528252,13.011923276308963,263,0.8855218855218855,0.5966822187662001,-12,-0.04040404040404033,-0.6220839813374845
72,DOMAIN_OOD,0.01,B0_STRUCT_XGB,0.989474654197693,0.00936768149882904,0.004665629860031105,9,1920,888,1041,0.4603421461897356,B0_SELF,0.989474654197693,0.00936768149882904,0.004665629860031105,0.2,2961,593,0.15370658372213583,492,101,0.8296795952782462,492,0.47262247838616717,0.7153965785381027,25.505443234836704,492,0.8296795952782462,0.7153965785381027,0,0.0,0.0
72,DOMAIN_OOD,0.01,B0_STRUCT_XGB,0.989474654197693,0.00936768149882904,0.004665629860031105,9,1920,888,1041,0.4603421461897356,T0_E2E,0.9989616870880128,0.00936768149882904,0.00673924313115604,0.2,2961,593,0.15370658372213583,562,31,0.9477234401349073,562,0.5398655139289145,0.751684810782789,29.13426645930534,492,0.8296795952782462,0.7153965785381027,70,0.11804384485666108,3.628823224468636
72,DOMAIN_OOD,0.01,B0_STRUCT_XGB,0.989474654197693,0.00936768149882904,0.004665629860031105,9,1920,888,1041,0.4603421461897356,DAPT_E2E,0.9988796114921571,0.00936768149882904,0.004665629860031105,0.2,2961,593,0.15370658372213583,571,22,0.9629005059021922,571,0.5485110470701249,0.7563504406428201,29.600829445308445,492,0.8296795952782462,0.7153965785381027,79,0.13322091062394603,4.095386210471741
72,DOMAIN_OOD,0.01,B0_STRUCT_XGB,0.989474654197693,0.00936768149882904,0.004665629860031105,9,1920,888,1041,0.4603421461897356,BASE_EMB_MLP,0.982609510421753,0.00936768149882904,0.015552099533437015,0.2,2961,593,0.15370658372213583,516,77,0.8701517706576728,516,0.4956772334293948,0.7278382581648523,26.749611197511662,492,0.8296795952782462,0.7153965785381027,24,0.0404721753794266,1.244167962674958
72,DOMAIN_OOD,0.01,B0_STRUCT_XGB,0.989474654197693,0.00936768149882904,0.004665629860031105,9,1920,888,1041,0.4603421461897356,DAPT_EMB_MLP,0.967296600341797,0.00936768149882904,0.009849663037843442,0.2,2961,593,0.15370658372213583,485,108,0.8178752107925801,485,0.4658981748318924,0.711767755313634,25.14256091238984,492,0.8296795952782462,0.7153965785381027,-7,-0.01180438448566612,-0.3628823224468669
72,DOMAIN_OOD,0.01,B0_STRUCT_XGB,0.989474654197693,0.00936768149882904,0.004665629860031105,9,1920,888,1041,0.4603421461897356,CONTRASTIVE_EMB_MLP,0.9975011944770814,0.00936768149882904,0.01347848626231208,0.2,2961,593,0.15370658372213583,457,136,0.7706576728499157,457,0.4390009606147935,0.6972524624157594,23.69103162260238,492,0.8296795952782462,0.7153965785381027,-35,-0.05902192242833049,-1.8144116122343235
72,TEMPLATE_OOD,0.01,B0_STRUCT_XGB,0.989474654197693,0.00936768149882904,0.004976580796252928,17,3399,1786,1630,0.5228337236533958,B0_SELF,0.989474654197693,0.00936768149882904,0.004976580796252928,0.05,5029,252,0.036885245901639344,238,14,0.9444444444444444,238,0.1460122699386503,0.5925058548009368,6.9672131147541005,238,0.9444444444444444,0.5925058548009368,0,0.0,0.0
72,TEMPLATE_OOD,0.01,B0_STRUCT_XGB,0.989474654197693,0.00936768149882904,0.004976580796252928,17,3399,1786,1630,0.5228337236533958,T0_E2E,0.9989616870880128,0.00936768149882904,0.006147540983606557,0.05,5029,252,0.036885245901639344,251,1,0.996031746031746,251,0.1539877300613497,0.5963114754098361,7.347775175644033,238,0.9444444444444444,0.5925058548009368,13,0.051587301587301626,0.38056206088993294
72,TEMPLATE_OOD,0.01,B0_STRUCT_XGB,0.989474654197693,0.00936768149882904,0.004976580796252928,17,3399,1786,1630,0.5228337236533958,DAPT_E2E,0.9988796114921571,0.00936768149882904,0.004098360655737705,0.05,5029,252,0.036885245901639344,250,2,0.9920634920634921,250,0.15337423312883436,0.5960187353629977,7.3185011709601895,238,0.9444444444444444,0.5925058548009368,12,0.04761904761904767,0.3512880562060894
72,TEMPLATE_OOD,0.01,B0_STRUCT_XGB,0.989474654197693,0.00936768149882904,0.004976580796252928,17,3399,1786,1630,0.5228337236533958,BASE_EMB_MLP,0.982609510421753,0.00936768149882904,0.010831381733021077,0.05,5029,252,0.036885245901639344,242,10,0.9603174603174603,242,0.14846625766871166,0.5936768149882904,7.084309133489464,238,0.9444444444444444,0.5925058548009368,4,0.015873015873015928,0.11709601873536313
72,TEMPLATE_OOD,0.01,B0_STRUCT_XGB,0.989474654197693,0.00936768149882904,0.004976580796252928,17,3399,1786,1630,0.5228337236533958,DAPT_EMB_MLP,0.967296600341797,0.00936768149882904,0.00702576112412178,0.05,5029,252,0.036885245901639344,227,25,0.9007936507936508,227,0.1392638036809816,0.5892857142857143,6.645199063231855,238,0.9444444444444444,0.5925058548009368,-11,-0.04365079365079361,-0.3220140515222458
72,TEMPLATE_OOD,0.01,B0_STRUCT_XGB,0.989474654197693,0.00936768149882904,0.004976580796252928,17,3399,1786,1630,0.5228337236533958,CONTRASTIVE_EMB_MLP,0.9975011944770814,0.00936768149882904,0.009074941451990632,0.05,5029,252,0.036885245901639344,226,26,0.8968253968253969,226,0.13865030674846626,0.5889929742388759,6.615925058548012,238,0.9444444444444444,0.5925058548009368,-12,-0.04761904761904756,-0.3512880562060894
72,TEMPLATE_OOD,0.01,B0_STRUCT_XGB,0.989474654197693,0.00936768149882904,0.004976580796252928,17,3399,1786,1630,0.5228337236533958,B0_SELF,0.989474654197693,0.00936768149882904,0.004976580796252928,0.1,5029,503,0.07362412177985948,465,38,0.9244532803180915,465,0.2852760736196319,0.6589578454332553,13.612412177985956,465,0.9244532803180915,0.6589578454332553,0,0.0,0.0
72,TEMPLATE_OOD,0.01,B0_STRUCT_XGB,0.989474654197693,0.00936768149882904,0.004976580796252928,17,3399,1786,1630,0.5228337236533958,T0_E2E,0.9989616870880128,0.00936768149882904,0.006147540983606557,0.1,5029,503,0.07362412177985948,495,8,0.9840954274353877,495,0.30368098159509205,0.6677400468384075,14.490632318501174,465,0.9244532803180915,0.6589578454332553,30,0.05964214711729621,0.8782201405152179
72,TEMPLATE_OOD,0.01,B0_STRUCT_XGB,0.989474654197693,0.00936768149882904,0.004976580796252928,17,3399,1786,1630,0.5228337236533958,DAPT_E2E,0.9988796114921571,0.00936768149882904,0.004098360655737705,0.1,5029,503,0.07362412177985948,497,6,0.9880715705765407,497,0.3049079754601227,0.6683255269320844,14.54918032786886,465,0.9244532803180915,0.6589578454332553,32,0.06361829025844923,0.936768149882905
72,TEMPLATE_OOD,0.01,B0_STRUCT_XGB,0.989474654197693,0.00936768149882904,0.004976580796252928,17,3399,1786,1630,0.5228337236533958,BASE_EMB_MLP,0.982609510421753,0.00936768149882904,0.010831381733021077,0.1,5029,503,0.07362412177985948,473,30,0.9403578528827038,473,0.2901840490797546,0.6612997658079626,13.846604215456681,465,0.9244532803180915,0.6589578454332553,8,0.015904572564612307,0.23419203747072626
72,TEMPLATE_OOD,0.01,B0_STRUCT_XGB,0.989474654197693,0.00936768149882904,0.004976580796252928,17,3399,1786,1630,0.5228337236533958,DAPT_EMB_MLP,0.967296600341797,0.00936768149882904,0.00702576112412178,0.1,5029,503,0.07362412177985948,441,62,0.8767395626242545,441,0.2705521472392638,0.6519320843091335,12.909836065573776,465,0.9244532803180915,0.6589578454332553,-24,-0.04771371769383703,-0.7025761124121788
72,TEMPLATE_OOD,0.01,B0_STRUCT_XGB,0.989474654197693,0.00936768149882904,0.004976580796252928,17,3399,1786,1630,0.5228337236533958,CONTRASTIVE_EMB_MLP,0.9975011944770814,0.00936768149882904,0.009074941451990632,0.1,5029,503,0.07362412177985948,440,63,0.8747514910536779,440,0.26993865030674846,0.6516393442622951,12.880562060889932,465,0.9244532803180915,0.6589578454332553,-25,-0.0497017892644136,-0.7318501170960223
72,TEMPLATE_OOD,0.01,B0_STRUCT_XGB,0.989474654197693,0.00936768149882904,0.004976580796252928,17,3399,1786,1630,0.5228337236533958,B0_SELF,0.989474654197693,0.00936768149882904,0.004976580796252928,0.2,5029,1006,0.14724824355971897,856,150,0.8508946322067594,856,0.5251533742331288,0.7734192037470726,25.058548009367687,856,0.8508946322067594,0.7734192037470726,0,0.0,0.0
72,TEMPLATE_OOD,0.01,B0_STRUCT_XGB,0.989474654197693,0.00936768149882904,0.004976580796252928,17,3399,1786,1630,0.5228337236533958,T0_E2E,0.9989616870880128,0.00936768149882904,0.006147540983606557,0.2,5029,1006,0.14724824355971897,961,45,0.9552683896620279,961,0.5895705521472393,0.8041569086651054,28.13231850117096,856,0.8508946322067594,0.7734192037470726,105,0.10437375745526845,3.0737704918032738
72,TEMPLATE_OOD,0.01,B0_STRUCT_XGB,0.989474654197693,0.00936768149882904,0.004976580796252928,17,3399,1786,1630,0.5228337236533958,DAPT_E2E,0.9988796114921571,0.00936768149882904,0.004098360655737705,0.2,5029,1006,0.14724824355971897,964,42,0.9582504970178927,964,0.5914110429447853,0.8050351288056206,28.220140515222482,856,0.8508946322067594,0.7734192037470726,108,0.10735586481113324,3.1615925058547933
72,TEMPLATE_OOD,0.01,B0_STRUCT_XGB,0.989474654197693,0.00936768149882904,0.004976580796252928,17,3399,1786,1630,0.5228337236533958,BASE_EMB_MLP,0.982609510421753,0.00936768149882904,0.010831381733021077,0.2,5029,1006,0.14724824355971897,836,170,0.831013916500994,836,0.5128834355828221,0.7675644028103045,24.473067915690873,856,0.8508946322067594,0.7734192037470726,-20,-0.01988071570576544,-0.5854800936768156
72,TEMPLATE_OOD,0.01,B0_STRUCT_XGB,0.989474654197693,0.00936768149882904,0.004976580796252928,17,3399,1786,1630,0.5228337236533958,DAPT_EMB_MLP,0.967296600341797,0.00936768149882904,0.00702576112412178,0.2,5029,1006,0.14724824355971897,836,170,0.831013916500994,836,0.5128834355828221,0.7675644028103045,24.473067915690873,856,0.8508946322067594,0.7734192037470726,-20,-0.01988071570576544,-0.5854800936768156
72,TEMPLATE_OOD,0.01,B0_STRUCT_XGB,0.989474654197693,0.00936768149882904,0.004976580796252928,17,3399,1786,1630,0.5228337236533958,CONTRASTIVE_EMB_MLP,0.9975011944770814,0.00936768149882904,0.009074941451990632,0.2,5029,1006,0.14724824355971897,768,238,0.7634194831013916,768,0.47116564417177914,0.7476580796252927,22.4824355971897,856,0.8508946322067594,0.7734192037470726,-88,-0.0874751491053678,-2.576112412177989
72,DOMAIN_TEMPLATE_OOD,0.01,B0_STRUCT_XGB,0.989474654197693,0.00936768149882904,0.0048543689320388345,9,1845,783,1071,0.4223300970873786,B0_SELF,0.989474654197693,0.00936768149882904,0.0048543689320388345,0.05,2916,146,0.039374325782092774,135,11,0.9246575342465754,135,0.12605042016806722,0.49514563106796117,7.2815533980582545,135,0.9246575342465754,0.49514563106796117,0,0.0,0.0
72,DOMAIN_TEMPLATE_OOD,0.01,B0_STRUCT_XGB,0.989474654197693,0.00936768149882904,0.0048543689320388345,9,1845,783,1071,0.4223300970873786,T0_E2E,0.9989616870880128,0.00936768149882904,0.007011866235167206,0.05,2916,146,0.039374325782092774,145,1,0.9931506849315068,145,0.1353874883286648,0.5005393743257821,7.820927723840349,135,0.9246575342465754,0.49514563106796117,10,0.06849315068493145,0.5393743257820938
72,DOMAIN_TEMPLATE_OOD,0.01,B0_STRUCT_XGB,0.989474654197693,0.00936768149882904,0.0048543689320388345,9,1845,783,1071,0.4223300970873786,DAPT_E2E,0.9988796114921571,0.00936768149882904,0.0048543689320388345,0.05,2916,146,0.039374325782092774,144,2,0.9863013698630136,144,0.13445378151260504,0.5,7.766990291262138,135,0.9246575342465754,0.49514563106796117,9,0.06164383561643827,0.4854368932038833
72,DOMAIN_TEMPLATE_OOD,0.01,B0_STRUCT_XGB,0.989474654197693,0.00936768149882904,0.0048543689320388345,9,1845,783,1071,0.4223300970873786,BASE_EMB_MLP,0.982609510421753,0.00936768149882904,0.01564185544768069,0.05,2916,146,0.039374325782092774,139,7,0.952054794520548,139,0.12978524743230627,0.49730312837108953,7.497303128371091,135,0.9246575342465754,0.49514563106796117,4,0.0273972602739726,0.2157497303128364
72,DOMAIN_TEMPLATE_OOD,0.01,B0_STRUCT_XGB,0.989474654197693,0.00936768149882904,0.0048543689320388345,9,1845,783,1071,0.4223300970873786,DAPT_EMB_MLP,0.967296600341797,0.00936768149882904,0.010248112189859764,0.05,2916,146,0.039374325782092774,127,19,0.8698630136986302,127,0.11858076563958916,0.49083063646170444,6.850053937432582,135,0.9246575342465754,0.49514563106796117,-8,-0.0547945205479452,-0.4314994606256728
72,DOMAIN_TEMPLATE_OOD,0.01,B0_STRUCT_XGB,0.989474654197693,0.00936768149882904,0.0048543689320388345,9,1845,783,1071,0.4223300970873786,CONTRASTIVE_EMB_MLP,0.9975011944770814,0.00936768149882904,0.012405609492988134,0.05,2916,146,0.039374325782092774,124,22,0.8493150684931506,124,0.1157796451914099,0.4892125134843581,6.68824163969795,135,0.9246575342465754,0.49514563106796117,-11,-0.07534246575342474,-0.5933117583603043
72,DOMAIN_TEMPLATE_OOD,0.01,B0_STRUCT_XGB,0.989474654197693,0.00936768149882904,0.0048543689320388345,9,1845,783,1071,0.4223300970873786,B0_SELF,0.989474654197693,0.00936768149882904,0.0048543689320388345,0.1,2916,292,0.07874865156418555,264,28,0.9041095890410958,264,0.24649859943977592,0.5647249190938511,14.239482200647252,264,0.9041095890410958,0.5647249190938511,0,0.0,0.0
72,DOMAIN_TEMPLATE_OOD,0.01,B0_STRUCT_XGB,0.989474654197693,0.00936768149882904,0.0048543689320388345,9,1845,783,1071,0.4223300970873786,T0_E2E,0.9989616870880128,0.00936768149882904,0.007011866235167206,0.1,2916,292,0.07874865156418555,287,5,0.9828767123287672,287,0.2679738562091503,0.5771305285868392,15.48004314994606,264,0.9041095890410958,0.5647249190938511,23,0.07876712328767133,1.240560949298808
72,DOMAIN_TEMPLATE_OOD,0.01,B0_STRUCT_XGB,0.989474654197693,0.00936768149882904,0.0048543689320388345,9,1845,783,1071,0.4223300970873786,DAPT_E2E,0.9988796114921571,0.00936768149882904,0.0048543689320388345,0.1,2916,292,0.07874865156418555,288,4,0.9863013698630136,288,0.2689075630252101,0.5776699029126213,15.53398058252427,264,0.9041095890410958,0.5647249190938511,24,0.0821917808219178,1.2944983818770184
72,DOMAIN_TEMPLATE_OOD,0.01,B0_STRUCT_XGB,0.989474654197693,0.00936768149882904,0.0048543689320388345,9,1845,783,1071,0.4223300970873786,BASE_EMB_MLP,0.982609510421753,0.00936768149882904,0.01564185544768069,0.1,2916,292,0.07874865156418555,269,23,0.9212328767123288,269,0.2511671335200747,0.5674217907227616,14.509169363538293,264,0.9041095890410958,0.5647249190938511,5,0.017123287671232945,0.26968716289104133
72,DOMAIN_TEMPLATE_OOD,0.01,B0_STRUCT_XGB,0.989474654197693,0.00936768149882904,0.0048543689320388345,9,1845,783,1071,0.4223300970873786,DAPT_EMB_MLP,0.967296600341797,0.00936768149882904,0.010248112189859764,0.1,2916,292,0.07874865156418555,256,36,0.8767123287671232,256,0.23902894491129786,0.5604099244875944,13.807982740021579,264,0.9041095890410958,0.5647249190938511,-8,-0.0273972602739726,-0.4314994606256728
72,DOMAIN_TEMPLATE_OOD,0.01,B0_STRUCT_XGB,0.989474654197693,0.00936768149882904,0.0048543689320388345,9,1845,783,1071,0.4223300970873786,CONTRASTIVE_EMB_MLP,0.9975011944770814,0.00936768149882904,0.012405609492988134,0.1,2916,292,0.07874865156418555,250,42,0.8561643835616438,250,0.2334267040149393,0.5571736785329018,13.484358144552317,264,0.9041095890410958,0.5647249190938511,-14,-0.047945205479452024,-0.7551240560949357
72,DOMAIN_TEMPLATE_OOD,0.01,B0_STRUCT_XGB,0.989474654197693,0.00936768149882904,0.0048543689320388345,9,1845,783,1071,0.4223300970873786,B0_SELF,0.989474654197693,0.00936768149882904,0.0048543689320388345,0.2,2916,584,0.1574973031283711,496,88,0.8493150684931506,496,0.4631185807656396,0.6898597626752967,26.752966558791808,496,0.8493150684931506,0.6898597626752967,0,0.0,0.0
72,DOMAIN_TEMPLATE_OOD,0.01,B0_STRUCT_XGB,0.989474654197693,0.00936768149882904,0.0048543689320388345,9,1845,783,1071,0.4223300970873786,T0_E2E,0.9989616870880128,0.00936768149882904,0.007011866235167206,0.2,2916,584,0.1574973031283711,554,30,0.9486301369863014,554,0.5172735760971056,0.721143473570658,29.88133764832794,496,0.8493150684931506,0.6898597626752967,58,0.09931506849315075,3.1283710895361305
72,DOMAIN_TEMPLATE_OOD,0.01,B0_STRUCT_XGB,0.989474654197693,0.00936768149882904,0.0048543689320388345,9,1845,783,1071,0.4223300970873786,DAPT_E2E,0.9988796114921571,0.00936768149882904,0.0048543689320388345,0.2,2916,584,0.1574973031283711,563,21,0.964041095890411,563,0.5256769374416433,0.7259978425026968,30.36677454153182,496,0.8493150684931506,0.6898597626752967,67,0.11472602739726034,3.613807982740014
72,DOMAIN_TEMPLATE_OOD,0.01,B0_STRUCT_XGB,0.989474654197693,0.00936768149882904,0.0048543689320388345,9,1845,783,1071,0.4223300970873786,BASE_EMB_MLP,0.982609510421753,0.00936768149882904,0.01564185544768069,0.2,2916,584,0.1574973031283711,507,77,0.8681506849315068,507,0.4733893557422969,0.6957928802588996,27.346278317152102,496,0.8493150684931506,0.6898597626752967,11,0.018835616438356184,0.5933117583602932
72,DOMAIN_TEMPLATE_OOD,0.01,B0_STRUCT_XGB,0.989474654197693,0.00936768149882904,0.0048543689320388345,9,1845,783,1071,0.4223300970873786,DAPT_EMB_MLP,0.967296600341797,0.00936768149882904,0.010248112189859764,0.2,2916,584,0.1574973031283711,480,104,0.821917808219178,480,0.4481792717086835,0.6812297734627831,25.88996763754045,496,0.8493150684931506,0.6898597626752967,-16,-0.0273972602739726,-0.8629989212513567
72,DOMAIN_TEMPLATE_OOD,0.01,B0_STRUCT_XGB,0.989474654197693,0.00936768149882904,0.0048543689320388345,9,1845,783,1071,0.4223300970873786,CONTRASTIVE_EMB_MLP,0.9975011944770814,0.00936768149882904,0.012405609492988134,0.2,2916,584,0.1574973031283711,451,133,0.7722602739726028,451,0.4211017740429505,0.6655879180151025,24.325782092772393,496,0.8493150684931506,0.6898597626752967,-45,-0.07705479452054786,-2.4271844660194164
72,IID_ORIGINAL,0.02,B0_STRUCT_XGB,0.9140920639038087,0.01990632318501171,0.021575514300050176,43,1950,631,427,0.5964083175803403,B0_SELF,0.9140920639038087,0.01990632318501171,0.021575514300050176,0.05,2377,119,0.03900360537528679,75,44,0.6302521008403361,75,0.1756440281030445,0.667296786389414,7.088846880907374,75,0.6302521008403361,0.667296786389414,0,0.0,0.0
72,IID_ORIGINAL,0.02,B0_STRUCT_XGB,0.9140920639038087,0.01990632318501171,0.021575514300050176,43,1950,631,427,0.5964083175803403,T0_E2E,0.9931893348693849,0.01990632318501171,0.023582538886101356,0.05,2377,119,0.03900360537528679,107,12,0.8991596638655462,107,0.2505854800936768,0.6975425330812854,10.113421550094515,75,0.6302521008403361,0.667296786389414,32,0.26890756302521013,3.024574669187141
72,IID_ORIGINAL,0.02,B0_STRUCT_XGB,0.9140920639038087,0.01990632318501171,0.021575514300050176,43,1950,631,427,0.5964083175803403,DAPT_E2E,0.9781979322433473,0.01990632318501171,0.021575514300050176,0.05,2377,119,0.03900360537528679,106,13,0.8907563025210085,106,0.24824355971896955,0.6965973534971645,10.018903591682415,75,0.6302521008403361,0.667296786389414,31,0.26050420168067234,2.930056710775042
72,IID_ORIGINAL,0.02,B0_STRUCT_XGB,0.9140920639038087,0.01990632318501171,0.021575514300050176,43,1950,631,427,0.5964083175803403,BASE_EMB_MLP,0.938300132751465,0.01990632318501171,0.024586051179126944,0.05,2377,119,0.03900360537528679,98,21,0.8235294117647058,98,0.22950819672131148,0.6890359168241966,9.262759924385634,75,0.6302521008403361,0.667296786389414,23,0.19327731092436973,2.1739130434782594
72,IID_ORIGINAL,0.02,B0_STRUCT_XGB,0.9140920639038087,0.01990632318501171,0.021575514300050176,43,1950,631,427,0.5964083175803403,DAPT_EMB_MLP,0.93802148103714,0.01990632318501171,0.02207727044656297,0.05,2377,119,0.03900360537528679,85,34,0.7142857142857143,85,0.1990632318501171,0.6767485822306238,8.034026465028354,75,0.6302521008403361,0.667296786389414,10,0.08403361344537819,0.9451795841209809
72,IID_ORIGINAL,0.02,B0_STRUCT_XGB,0.9140920639038087,0.01990632318501171,0.021575514300050176,43,1950,631,427,0.5964083175803403,CONTRASTIVE_EMB_MLP,0.993024230003357,0.01990632318501171,0.02609131961866533,0.05,2377,119,0.03900360537528679,76,43,0.6386554621848739,76,0.17798594847775176,0.668241965973535,7.183364839319473,75,0.6302521008403361,0.667296786389414,1,0.008403361344537785,0.0945179584120992
72,IID_ORIGINAL,0.02,B0_STRUCT_XGB,0.9140920639038087,0.01990632318501171,0.021575514300050176,43,1950,631,427,0.5964083175803403,B0_SELF,0.9140920639038087,0.01990632318501171,0.021575514300050176,0.1,2377,238,0.07800721075057358,122,116,0.5126050420168067,122,0.2857142857142857,0.7117202268431002,11.531190926275992,122,0.5126050420168067,0.7117202268431002,0,0.0,0.0
72,IID_ORIGINAL,0.02,B0_STRUCT_XGB,0.9140920639038087,0.01990632318501171,0.021575514300050176,43,1950,631,427,0.5964083175803403,T0_E2E,0.9931893348693849,0.01990632318501171,0.023582538886101356,0.1,2377,238,0.07800721075057358,190,48,0.7983193277310925,190,0.4449648711943794,0.775992438563327,17.95841209829867,122,0.5126050420168067,0.7117202268431002,68,0.2857142857142858,6.427221172022679
72,IID_ORIGINAL,0.02,B0_STRUCT_XGB,0.9140920639038087,0.01990632318501171,0.021575514300050176,43,1950,631,427,0.5964083175803403,DAPT_E2E,0.9781979322433473,0.01990632318501171,0.021575514300050176,0.1,2377,238,0.07800721075057358,189,49,0.7941176470588235,189,0.4426229508196721,0.775047258979206,17.863894139886572,122,0.5126050420168067,0.7117202268431002,67,0.2815126050420168,6.33270321361058
72,IID_ORIGINAL,0.02,B0_STRUCT_XGB,0.9140920639038087,0.01990632318501171,0.021575514300050176,43,1950,631,427,0.5964083175803403,BASE_EMB_MLP,0.938300132751465,0.01990632318501171,0.024586051179126944,0.1,2377,238,0.07800721075057358,159,79,0.6680672268907563,159,0.37236533957845436,0.7466918714555766,15.028355387523629,122,0.5126050420168067,0.7117202268431002,37,0.15546218487394958,3.497164461247637
72,IID_ORIGINAL,0.02,B0_STRUCT_XGB,0.9140920639038087,0.01990632318501171,0.021575514300050176,43,1950,631,427,0.5964083175803403,DAPT_EMB_MLP,0.93802148103714,0.01990632318501171,0.02207727044656297,0.1,2377,238,0.07800721075057358,142,96,0.5966386554621849,142,0.3325526932084309,0.7306238185255198,13.421550094517954,122,0.5126050420168067,0.7117202268431002,20,0.08403361344537819,1.8903591682419618
72,IID_ORIGINAL,0.02,B0_STRUCT_XGB,0.9140920639038087,0.01990632318501171,0.021575514300050176,43,1950,631,427,0.5964083175803403,CONTRASTIVE_EMB_MLP,0.993024230003357,0.01990632318501171,0.02609131961866533,0.1,2377,238,0.07800721075057358,132,106,0.5546218487394958,132,0.3091334894613583,0.72117202268431,12.476370510396972,122,0.5126050420168067,0.7117202268431002,10,0.04201680672268915,0.9451795841209809
72,IID_ORIGINAL,0.02,B0_STRUCT_XGB,0.9140920639038087,0.01990632318501171,0.021575514300050176,43,1950,631,427,0.5964083175803403,B0_SELF,0.9140920639038087,0.01990632318501171,0.021575514300050176,0.2,2377,476,0.15601442150114717,200,276,0.42016806722689076,200,0.468384074941452,0.7854442344045368,18.903591682419652,200,0.42016806722689076,0.7854442344045368,0,0.0,0.0
72,IID_ORIGINAL,0.02,B0_STRUCT_XGB,0.9140920639038087,0.01990632318501171,0.021575514300050176,43,1950,631,427,0.5964083175803403,T0_E2E,0.9931893348693849,0.01990632318501171,0.023582538886101356,0.2,2377,476,0.15601442150114717,252,224,0.5294117647058824,252,0.5901639344262295,0.834593572778828,23.818525519848766,200,0.42016806722689076,0.7854442344045368,52,0.1092436974789916,4.914933837429114
72,IID_ORIGINAL,0.02,B0_STRUCT_XGB,0.9140920639038087,0.01990632318501171,0.021575514300050176,43,1950,631,427,0.5964083175803403,DAPT_E2E,0.9781979322433473,0.01990632318501171,0.021575514300050176,0.2,2377,476,0.15601442150114717,255,221,0.5357142857142857,255,0.5971896955503513,0.8374291115311909,24.102079395085063,200,0.42016806722689076,0.7854442344045368,55,0.11554621848739494,5.198487712665411
72,IID_ORIGINAL,0.02,B0_STRUCT_XGB,0.9140920639038087,0.01990632318501171,0.021575514300050176,43,1950,631,427,0.5964083175803403,BASE_EMB_MLP,0.938300132751465,0.01990632318501171,0.024586051179126944,0.2,2377,476,0.15601442150114717,234,242,0.49159663865546216,234,0.5480093676814989,0.8175803402646503,22.117202268431,200,0.42016806722689076,0.7854442344045368,34,0.0714285714285714,3.2136105860113506
72,IID_ORIGINAL,0.02,B0_STRUCT_XGB,0.9140920639038087,0.01990632318501171,0.021575514300050176,43,1950,631,427,0.5964083175803403,DAPT_EMB_MLP,0.93802148103714,0.01990632318501171,0.02207727044656297,0.2,2377,476,0.15601442150114717,220,256,0.46218487394957986,220,0.5152224824355972,0.8043478260869565,20.793950850661624,200,0.42016806722689076,0.7854442344045368,20,0.04201680672268909,1.890359168241973
72,IID_ORIGINAL,0.02,B0_STRUCT_XGB,0.9140920639038087,0.01990632318501171,0.021575514300050176,43,1950,631,427,0.5964083175803403,CONTRASTIVE_EMB_MLP,0.993024230003357,0.01990632318501171,0.02609131961866533,0.2,2377,476,0.15601442150114717,226,250,0.47478991596638653,226,0.5292740046838408,0.8100189035916824,21.361058601134207,200,0.42016806722689076,0.7854442344045368,26,0.05462184873949577,2.457466918714557
72,IID_BALANCED,0.02,B0_STRUCT_XGB,0.9140920639038087,0.01990632318501171,0.021739130434782608,23,1035,631,427,0.5964083175803403,B0_SELF,0.9140920639038087,0.01990632318501171,0.021739130434782608,0.05,1462,74,0.03497164461247637,60,14,0.8108108108108109,60,0.1405152224824356,0.6531190926275993,5.671077504725897,60,0.8108108108108109,0.6531190926275993,0,0.0,0.0
72,IID_BALANCED,0.02,B0_STRUCT_XGB,0.9140920639038087,0.01990632318501171,0.021739130434782608,23,1035,631,427,0.5964083175803403,T0_E2E,0.9931893348693849,0.01990632318501171,0.02551984877126654,0.05,1462,74,0.03497164461247637,72,2,0.972972972972973,72,0.1686182669789227,0.6644612476370511,6.805293005671076,60,0.8108108108108109,0.6531190926275993,12,0.16216216216216217,1.1342155009451793
72,IID_BALANCED,0.02,B0_STRUCT_XGB,0.9140920639038087,0.01990632318501171,0.021739130434782608,23,1035,631,427,0.5964083175803403,DAPT_E2E,0.9781979322433473,0.01990632318501171,0.022684310018903593,0.05,1462,74,0.03497164461247637,71,3,0.9594594594594594,71,0.16627634660421545,0.6635160680529301,6.710775047258977,60,0.8108108108108109,0.6531190926275993,11,0.14864864864864857,1.03969754253308
72,IID_BALANCED,0.02,B0_STRUCT_XGB,0.9140920639038087,0.01990632318501171,0.021739130434782608,23,1035,631,427,0.5964083175803403,BASE_EMB_MLP,0.938300132751465,0.01990632318501171,0.023629489603024575,0.05,1462,74,0.03497164461247637,70,4,0.9459459459459459,70,0.16393442622950818,0.6625708884688091,6.6162570888468775,60,0.8108108108108109,0.6531190926275993,10,0.1351351351351351,0.9451795841209809
72,IID_BALANCED,0.02,B0_STRUCT_XGB,0.9140920639038087,0.01990632318501171,0.021739130434782608,23,1035,631,427,0.5964083175803403,DAPT_EMB_MLP,0.93802148103714,0.01990632318501171,0.02835538752362949,0.05,1462,74,0.03497164461247637,66,8,0.8918918918918919,66,0.15456674473067916,0.6587901701323251,6.238185255198481,60,0.8108108108108109,0.6531190926275993,6,0.08108108108108103,0.5671077504725841
72,IID_BALANCED,0.02,B0_STRUCT_XGB,0.9140920639038087,0.01990632318501171,0.021739130434782608,23,1035,631,427,0.5964083175803403,CONTRASTIVE_EMB_MLP,0.993024230003357,0.01990632318501171,0.027410207939508508,0.05,1462,74,0.03497164461247637,58,16,0.7837837837837838,58,0.1358313817330211,0.6512287334593573,5.482041587901698,60,0.8108108108108109,0.6531190926275993,-2,-0.027027027027027084,-0.1890359168241984
72,IID_BALANCED,0.02,B0_STRUCT_XGB,0.9140920639038087,0.01990632318501171,0.021739130434782608,23,1035,631,427,0.5964083175803403,B0_SELF,0.9140920639038087,0.01990632318501171,0.021739130434782608,0.1,1462,147,0.06947069943289225,102,45,0.6938775510204082,102,0.2388758782201405,0.6928166351606805,9.640831758034018,102,0.6938775510204082,0.6928166351606805,0,0.0,0.0
72,IID_BALANCED,0.02,B0_STRUCT_XGB,0.9140920639038087,0.01990632318501171,0.021739130434782608,23,1035,631,427,0.5964083175803403,T0_E2E,0.9931893348693849,0.01990632318501171,0.02551984877126654,0.1,1462,147,0.06947069943289225,139,8,0.9455782312925171,139,0.3255269320843091,0.7277882797731569,13.137996219281655,102,0.6938775510204082,0.6928166351606805,37,0.2517006802721089,3.497164461247637
72,IID_BALANCED,0.02,B0_STRUCT_XGB,0.9140920639038087,0.01990632318501171,0.021739130434782608,23,1035,631,427,0.5964083175803403,DAPT_E2E,0.9781979322433473,0.01990632318501171,0.022684310018903593,0.1,1462,147,0.06947069943289225,139,8,0.9455782312925171,139,0.3255269320843091,0.7277882797731569,13.137996219281655,102,0.6938775510204082,0.6928166351606805,37,0.2517006802721089,3.497164461247637
72,IID_BALANCED,0.02,B0_STRUCT_XGB,0.9140920639038087,0.01990632318501171,0.021739130434782608,23,1035,631,427,0.5964083175803403,BASE_EMB_MLP,0.938300132751465,0.01990632318501171,0.023629489603024575,0.1,1462,147,0.06947069943289225,127,20,0.8639455782312925,127,0.297423887587822,0.7164461247637051,12.003780718336476,102,0.6938775510204082,0.6928166351606805,25,0.17006802721088432,2.362948960302458
72,IID_BALANCED,0.02,B0_STRUCT_XGB,0.9140920639038087,0.01990632318501171,0.021739130434782608,23,1035,631,427,0.5964083175803403,DAPT_EMB_MLP,0.93802148103714,0.01990632318501171,0.02835538752362949,0.1,1462,147,0.06947069943289225,112,35,0.7619047619047619,112,0.26229508196721313,0.7022684310018904,10.586011342155011,102,0.6938775510204082,0.6928166351606805,10,0.0680272108843537,0.945179584120992
72,IID_BALANCED,0.02,B0_STRUCT_XGB,0.9140920639038087,0.01990632318501171,0.021739130434782608,23,1035,631,427,0.5964083175803403,CONTRASTIVE_EMB_MLP,0.993024230003357,0.01990632318501171,0.027410207939508508,0.1,1462,147,0.06947069943289225,109,38,0.7414965986394558,109,0.25526932084309134,0.6994328922495274,10.302457466918714,102,0.6938775510204082,0.6928166351606805,7,0.04761904761904767,0.6616257088846944
72,IID_BALANCED,0.02,B0_STRUCT_XGB,0.9140920639038087,0.01990632318501171,0.021739130434782608,23,1035,631,427,0.5964083175803403,B0_SELF,0.9140920639038087,0.01990632318501171,0.021739130434782608,0.2,1462,293,0.138468809073724,174,119,0.5938566552901023,174,0.40749414519906324,0.7608695652173914,16.446124763705107,174,0.5938566552901023,0.7608695652173914,0,0.0,0.0
72,IID_BALANCED,0.02,B0_STRUCT_XGB,0.9140920639038087,0.01990632318501171,0.021739130434782608,23,1035,631,427,0.5964083175803403,T0_E2E,0.9931893348693849,0.01990632318501171,0.02551984877126654,0.2,1462,293,0.138468809073724,228,65,0.7781569965870307,228,0.5339578454332553,0.8119092627599244,21.550094517958406,174,0.5938566552901023,0.7608695652173914,54,0.1843003412969284,5.103969754253301
72,IID_BALANCED,0.02,B0_STRUCT_XGB,0.9140920639038087,0.01990632318501171,0.021739130434782608,23,1035,631,427,0.5964083175803403,DAPT_E2E,0.9781979322433473,0.01990632318501171,0.022684310018903593,0.2,1462,293,0.138468809073724,232,61,0.7918088737201365,232,0.5433255269320844,0.8156899810964083,21.928166351606805,174,0.5938566552901023,0.7608695652173914,58,0.1979522184300342,5.482041587901698
72,IID_BALANCED,0.02,B0_STRUCT_XGB,0.9140920639038087,0.01990632318501171,0.021739130434782608,23,1035,631,427,0.5964083175803403,BASE_EMB_MLP,0.938300132751465,0.01990632318501171,0.023629489603024575,0.2,1462,293,0.138468809073724,206,87,0.7030716723549488,206,0.48243559718969553,0.7911153119092628,19.470699432892246,174,0.5938566552901023,0.7608695652173914,32,0.10921501706484649,3.024574669187141
72,IID_BALANCED,0.02,B0_STRUCT_XGB,0.9140920639038087,0.01990632318501171,0.021739130434782608,23,1035,631,427,0.5964083175803403,DAPT_EMB_MLP,0.93802148103714,0.01990632318501171,0.02835538752362949,0.2,1462,293,0.138468809073724,192,101,0.6552901023890785,192,0.4496487119437939,0.777882797731569,18.14744801512287,174,0.5938566552901023,0.7608695652173914,18,0.061433447098976135,1.7013232514177634
72,IID_BALANCED,0.02,B0_STRUCT_XGB,0.9140920639038087,0.01990632318501171,0.021739130434782608,23,1035,631,427,0.5964083175803403,CONTRASTIVE_EMB_MLP,0.993024230003357,0.01990632318501171,0.027410207939508508,0.2,1462,293,0.138468809073724,195,98,0.6655290102389079,195,0.4566744730679157,0.780718336483932,18.431001890359166,174,0.5938566552901023,0.7608695652173914,21,0.07167235494880553,1.984877126654061
72,TEMPORAL,0.02,B0_STRUCT_XGB,0.9140920639038087,0.01990632318501171,0.0185,74,3926,2800,1200,0.7,B0_SELF,0.9140920639038087,0.01990632318501171,0.0185,0.05,5126,257,0.032125,205,52,0.7976653696498055,205,0.17083333333333334,0.75125,5.125000000000002,205,0.7976653696498055,0.75125,0,0.0,0.0
72,TEMPORAL,0.02,B0_STRUCT_XGB,0.9140920639038087,0.01990632318501171,0.0185,74,3926,2800,1200,0.7,T0_E2E,0.9931893348693849,0.01990632318501171,0.0175,0.05,5126,257,0.032125,251,6,0.9766536964980544,251,0.20916666666666667,0.76275,6.275000000000008,205,0.7976653696498055,0.75125,46,0.17898832684824895,1.1500000000000066
72,TEMPORAL,0.02,B0_STRUCT_XGB,0.9140920639038087,0.01990632318501171,0.0185,74,3926,2800,1200,0.7,DAPT_E2E,0.9781979322433473,0.01990632318501171,0.01825,0.05,5126,257,0.032125,248,9,0.9649805447470817,248,0.20666666666666667,0.762,6.2000000000000055,205,0.7976653696498055,0.75125,43,0.16731517509727623,1.0750000000000037
72,TEMPORAL,0.02,B0_STRUCT_XGB,0.9140920639038087,0.01990632318501171,0.0185,74,3926,2800,1200,0.7,BASE_EMB_MLP,0.938300132751465,0.01990632318501171,0.0215,0.05,5126,257,0.032125,239,18,0.9299610894941635,239,0.19916666666666666,0.75975,5.9750000000000085,205,0.7976653696498055,0.75125,34,0.13229571984435795,0.8500000000000063
72,TEMPORAL,0.02,B0_STRUCT_XGB,0.9140920639038087,0.01990632318501171,0.0185,74,3926,2800,1200,0.7,DAPT_EMB_MLP,0.93802148103714,0.01990632318501171,0.012,0.05,5126,257,0.032125,221,36,0.8599221789883269,221,0.18416666666666667,0.75525,5.525000000000002,205,0.7976653696498055,0.75125,16,0.0622568093385214,0.40000000000000036
72,TEMPORAL,0.02,B0_STRUCT_XGB,0.9140920639038087,0.01990632318501171,0.0185,74,3926,2800,1200,0.7,CONTRASTIVE_EMB_MLP,0.993024230003357,0.01990632318501171,0.0195,0.05,5126,257,0.032125,196,61,0.7626459143968871,196,0.16333333333333333,0.749,4.900000000000004,205,0.7976653696498055,0.75125,-9,-0.035019455252918386,-0.22499999999999742
72,TEMPORAL,0.02,B0_STRUCT_XGB,0.9140920639038087,0.01990632318501171,0.0185,74,3926,2800,1200,0.7,B0_SELF,0.9140920639038087,0.01990632318501171,0.0185,0.1,5126,513,0.064125,370,143,0.7212475633528265,370,0.30833333333333335,0.7925,9.250000000000004,370,0.7212475633528265,0.7925,0,0.0,0.0
72,TEMPORAL,0.02,B0_STRUCT_XGB,0.9140920639038087,0.01990632318501171,0.0185,74,3926,2800,1200,0.7,T0_E2E,0.9931893348693849,0.01990632318501171,0.0175,0.1,5126,513,0.064125,478,35,0.9317738791423001,478,0.3983333333333333,0.8195,11.950000000000005,370,0.7212475633528265,0.7925,108,0.21052631578947367,2.7000000000000024
72,TEMPORAL,0.02,B0_STRUCT_XGB,0.9140920639038087,0.01990632318501171,0.0185,74,3926,2800,1200,0.7,DAPT_E2E,0.9781979322433473,0.01990632318501171,0.01825,0.1,5126,513,0.064125,478,35,0.9317738791423001,478,0.3983333333333333,0.8195,11.950000000000005,370,0.7212475633528265,0.7925,108,0.21052631578947367,2.7000000000000024
72,TEMPORAL,0.02,B0_STRUCT_XGB,0.9140920639038087,0.01990632318501171,0.0185,74,3926,2800,1200,0.7,BASE_EMB_MLP,0.938300132751465,0.01990632318501171,0.0215,0.1,5126,513,0.064125,442,71,0.8615984405458089,442,0.36833333333333335,0.8105,11.050000000000004,370,0.7212475633528265,0.7925,72,0.14035087719298245,1.8000000000000016
72,TEMPORAL,0.02,B0_STRUCT_XGB,0.9140920639038087,0.01990632318501171,0.0185,74,3926,2800,1200,0.7,DAPT_EMB_MLP,0.93802148103714,0.01990632318501171,0.012,0.1,5126,513,0.064125,399,114,0.7777777777777778,399,0.3325,0.79975,9.975000000000001,370,0.7212475633528265,0.7925,29,0.05653021442495132,0.7249999999999979
72,TEMPORAL,0.02,B0_STRUCT_XGB,0.9140920639038087,0.01990632318501171,0.0185,74,3926,2800,1200,0.7,CONTRASTIVE_EMB_MLP,0.993024230003357,0.01990632318501171,0.0195,0.1,5126,513,0.064125,374,139,0.7290448343079922,374,0.31166666666666665,0.7935,9.350000000000003,370,0.7212475633528265,0.7925,4,0.007797270955165692,0.10000000000000009
72,TEMPORAL,0.02,B0_STRUCT_XGB,0.9140920639038087,0.01990632318501171,0.0185,74,3926,2800,1200,0.7,B0_SELF,0.9140920639038087,0.01990632318501171,0.0185,0.2,5126,1026,0.12825,640,386,0.6237816764132553,640,0.5333333333333333,0.86,16.000000000000004,640,0.6237816764132553,0.86,0,0.0,0.0
72,TEMPORAL,0.02,B0_STRUCT_XGB,0.9140920639038087,0.01990632318501171,0.0185,74,3926,2800,1200,0.7,T0_E2E,0.9931893348693849,0.01990632318501171,0.0175,0.2,5126,1026,0.12825,852,174,0.8304093567251462,852,0.71,0.913,21.300000000000008,640,0.6237816764132553,0.86,212,0.20662768031189083,5.300000000000004
72,TEMPORAL,0.02,B0_STRUCT_XGB,0.9140920639038087,0.01990632318501171,0.0185,74,3926,2800,1200,0.7,DAPT_E2E,0.9781979322433473,0.01990632318501171,0.01825,0.2,5126,1026,0.12825,853,173,0.8313840155945419,853,0.7108333333333333,0.91325,21.325000000000006,640,0.6237816764132553,0.86,213,0.20760233918128657,5.325000000000002
72,TEMPORAL,0.02,B0_STRUCT_XGB,0.9140920639038087,0.01990632318501171,0.0185,74,3926,2800,1200,0.7,BASE_EMB_MLP,0.938300132751465,0.01990632318501171,0.0215,0.2,5126,1026,0.12825,676,350,0.6588693957115009,676,0.5633333333333334,0.869,16.900000000000006,640,0.6237816764132553,0.86,36,0.03508771929824561,0.9000000000000008
72,TEMPORAL,0.02,B0_STRUCT_XGB,0.9140920639038087,0.01990632318501171,0.0185,74,3926,2800,1200,0.7,DAPT_EMB_MLP,0.93802148103714,0.01990632318501171,0.012,0.2,5126,1026,0.12825,712,314,0.6939571150097466,712,0.5933333333333334,0.878,17.800000000000004,640,0.6237816764132553,0.86,72,0.07017543859649122,1.8000000000000016
72,TEMPORAL,0.02,B0_STRUCT_XGB,0.9140920639038087,0.01990632318501171,0.0185,74,3926,2800,1200,0.7,CONTRASTIVE_EMB_MLP,0.993024230003357,0.01990632318501171,0.0195,0.2,5126,1026,0.12825,605,421,0.5896686159844055,605,0.5041666666666667,0.85125,15.125,640,0.6237816764132553,0.86,-35,-0.03411306042884987,-0.8750000000000036
72,DOMAIN_OOD,0.02,B0_STRUCT_XGB,0.9140920639038087,0.01990632318501171,0.026438569206842923,51,1878,1200,729,0.6220839813374806,B0_SELF,0.9140920639038087,0.01990632318501171,0.026438569206842923,0.05,2607,131,0.03395541731467081,103,28,0.7862595419847328,103,0.1412894375857339,0.6754795230689477,5.33955417314671,103,0.7862595419847328,0.6754795230689477,0,0.0,0.0
72,DOMAIN_OOD,0.02,B0_STRUCT_XGB,0.9140920639038087,0.01990632318501171,0.026438569206842923,51,1878,1200,729,0.6220839813374806,T0_E2E,0.9931893348693849,0.01990632318501171,0.01918092275790565,0.05,2607,131,0.03395541731467081,128,3,0.9770992366412213,128,0.1755829903978052,0.6884396060134785,6.635562467599798,103,0.7862595419847328,0.6754795230689477,25,0.19083969465648853,1.2960082944530882
72,DOMAIN_OOD,0.02,B0_STRUCT_XGB,0.9140920639038087,0.01990632318501171,0.026438569206842923,51,1878,1200,729,0.6220839813374806,DAPT_E2E,0.9781979322433473,0.01990632318501171,0.01658890616899948,0.05,2607,131,0.03395541731467081,129,2,0.9847328244274809,129,0.17695473251028807,0.6889580093312597,6.687402799377917,103,0.7862595419847328,0.6754795230689477,26,0.1984732824427481,1.3478486262312073
72,DOMAIN_OOD,0.02,B0_STRUCT_XGB,0.9140920639038087,0.01990632318501171,0.026438569206842923,51,1878,1200,729,0.6220839813374806,BASE_EMB_MLP,0.938300132751465,0.01990632318501171,0.03162260238465526,0.05,2607,131,0.03395541731467081,120,11,0.916030534351145,120,0.1646090534979424,0.6842923794712286,6.220839813374801,103,0.7862595419847328,0.6754795230689477,17,0.1297709923664122,0.8812856402280911
72,DOMAIN_OOD,0.02,B0_STRUCT_XGB,0.9140920639038087,0.01990632318501171,0.026438569206842923,51,1878,1200,729,0.6220839813374806,DAPT_EMB_MLP,0.93802148103714,0.01990632318501171,0.01658890616899948,0.05,2607,131,0.03395541731467081,113,18,0.8625954198473282,113,0.1550068587105624,0.68066355624676,5.857957490927945,103,0.7862595419847328,0.6754795230689477,10,0.07633587786259544,0.5184033177812353
72,DOMAIN_OOD,0.02,B0_STRUCT_XGB,0.9140920639038087,0.01990632318501171,0.026438569206842923,51,1878,1200,729,0.6220839813374806,CONTRASTIVE_EMB_MLP,0.993024230003357,0.01990632318501171,0.022291342664593053,0.05,2607,131,0.03395541731467081,103,28,0.7862595419847328,103,0.1412894375857339,0.6754795230689477,5.33955417314671,103,0.7862595419847328,0.6754795230689477,0,0.0,0.0
72,DOMAIN_OOD,0.02,B0_STRUCT_XGB,0.9140920639038087,0.01990632318501171,0.026438569206842923,51,1878,1200,729,0.6220839813374806,B0_SELF,0.9140920639038087,0.01990632318501171,0.026438569206842923,0.1,2607,261,0.06765163297045101,197,64,0.7547892720306514,197,0.27023319615912206,0.7242094349403836,10.212545360290303,197,0.7547892720306514,0.7242094349403836,0,0.0,0.0
72,DOMAIN_OOD,0.02,B0_STRUCT_XGB,0.9140920639038087,0.01990632318501171,0.026438569206842923,51,1878,1200,729,0.6220839813374806,T0_E2E,0.9931893348693849,0.01990632318501171,0.01918092275790565,0.1,2607,261,0.06765163297045101,249,12,0.9540229885057471,249,0.34156378600823045,0.7511664074650077,12.90824261275272,197,0.7547892720306514,0.7242094349403836,52,0.1992337164750957,2.6956972524624145
72,DOMAIN_OOD,0.02,B0_STRUCT_XGB,0.9140920639038087,0.01990632318501171,0.026438569206842923,51,1878,1200,729,0.6220839813374806,DAPT_E2E,0.9781979322433473,0.01990632318501171,0.01658890616899948,0.1,2607,261,0.06765163297045101,252,9,0.9655172413793104,252,0.345679012345679,0.7527216174183515,13.063763608087097,197,0.7547892720306514,0.7242094349403836,55,0.210727969348659,2.851218247796794
72,DOMAIN_OOD,0.02,B0_STRUCT_XGB,0.9140920639038087,0.01990632318501171,0.026438569206842923,51,1878,1200,729,0.6220839813374806,BASE_EMB_MLP,0.938300132751465,0.01990632318501171,0.03162260238465526,0.1,2607,261,0.06765163297045101,224,37,0.8582375478927203,224,0.30727023319615915,0.738206324520477,11.612234318299642,197,0.7547892720306514,0.7242094349403836,27,0.10344827586206895,1.3996889580093375
72,DOMAIN_OOD,0.02,B0_STRUCT_XGB,0.9140920639038087,0.01990632318501171,0.026438569206842923,51,1878,1200,729,0.6220839813374806,DAPT_EMB_MLP,0.93802148103714,0.01990632318501171,0.01658890616899948,0.1,2607,261,0.06765163297045101,196,65,0.7509578544061303,196,0.26886145404663925,0.7236910316226024,10.160705028512185,197,0.7547892720306514,0.7242094349403836,-1,-0.003831417624521105,-0.051840331778119086
72,DOMAIN_OOD,0.02,B0_STRUCT_XGB,0.9140920639038087,0.01990632318501171,0.026438569206842923,51,1878,1200,729,0.6220839813374806,CONTRASTIVE_EMB_MLP,0.993024230003357,0.01990632318501171,0.022291342664593053,0.1,2607,261,0.06765163297045101,204,57,0.7816091954022989,204,0.27983539094650206,0.7278382581648523,10.575427682737171,197,0.7547892720306514,0.7242094349403836,7,0.026819923371647514,0.3628823224468669
72,DOMAIN_OOD,0.02,B0_STRUCT_XGB,0.9140920639038087,0.01990632318501171,0.026438569206842923,51,1878,1200,729,0.6220839813374806,B0_SELF,0.9140920639038087,0.01990632318501171,0.026438569206842923,0.2,2607,522,0.13530326594090203,337,185,0.6455938697318008,337,0.46227709190672156,0.7967858994297563,17.470191809227575,337,0.6455938697318008,0.7967858994297563,0,0.0,0.0
72,DOMAIN_OOD,0.02,B0_STRUCT_XGB,0.9140920639038087,0.01990632318501171,0.026438569206842923,51,1878,1200,729,0.6220839813374806,T0_E2E,0.9931893348693849,0.01990632318501171,0.01918092275790565,0.2,2607,522,0.13530326594090203,468,54,0.896551724137931,468,0.6419753086419753,0.864696734059098,24.261275272161743,337,0.6455938697318008,0.7967858994297563,131,0.2509578544061303,6.791083462934166
72,DOMAIN_OOD,0.02,B0_STRUCT_XGB,0.9140920639038087,0.01990632318501171,0.026438569206842923,51,1878,1200,729,0.6220839813374806,DAPT_E2E,0.9781979322433473,0.01990632318501171,0.01658890616899948,0.2,2607,522,0.13530326594090203,474,48,0.9080459770114943,474,0.6502057613168725,0.8678071539657853,24.572317262830477,337,0.6455938697318008,0.7967858994297563,137,0.2624521072796935,7.102125453602904
72,DOMAIN_OOD,0.02,B0_STRUCT_XGB,0.9140920639038087,0.01990632318501171,0.026438569206842923,51,1878,1200,729,0.6220839813374806,BASE_EMB_MLP,0.938300132751465,0.01990632318501171,0.03162260238465526,0.2,2607,522,0.13530326594090203,376,146,0.7203065134099617,376,0.5157750342935528,0.8170036288232244,19.491964748574386,337,0.6455938697318008,0.7967858994297563,39,0.07471264367816088,2.021772939346811
72,DOMAIN_OOD,0.02,B0_STRUCT_XGB,0.9140920639038087,0.01990632318501171,0.026438569206842923,51,1878,1200,729,0.6220839813374806,DAPT_EMB_MLP,0.93802148103714,0.01990632318501171,0.01658890616899948,0.2,2607,522,0.13530326594090203,378,144,0.7241379310344828,378,0.5185185185185185,0.8180404354587869,19.595645412130636,337,0.6455938697318008,0.7967858994297563,41,0.07854406130268199,2.12545360290306
72,DOMAIN_OOD,0.02,B0_STRUCT_XGB,0.9140920639038087,0.01990632318501171,0.026438569206842923,51,1878,1200,729,0.6220839813374806,CONTRASTIVE_EMB_MLP,0.993024230003357,0.01990632318501171,0.022291342664593053,0.2,2607,522,0.13530326594090203,351,171,0.6724137931034483,351,0.48148148148148145,0.8040435458786936,18.19595645412131,337,0.6455938697318008,0.7967858994297563,14,0.026819923371647514,0.7257646448937338
72,TEMPLATE_OOD,0.02,B0_STRUCT_XGB,0.9140920639038087,0.01990632318501171,0.01990632318501171,68,3348,2350,1066,0.6879391100702577,B0_SELF,0.9140920639038087,0.01990632318501171,0.01990632318501171,0.05,4414,221,0.03234777517564403,175,46,0.7918552036199095,175,0.16416510318949343,0.7391686182669789,5.122950819672123,175,0.7918552036199095,0.7391686182669789,0,0.0,0.0
72,TEMPLATE_OOD,0.02,B0_STRUCT_XGB,0.9140920639038087,0.01990632318501171,0.01990632318501171,68,3348,2350,1066,0.6879391100702577,T0_E2E,0.9931893348693849,0.01990632318501171,0.014929742388758781,0.05,4414,221,0.03234777517564403,216,5,0.9773755656108597,216,0.2026266416510319,0.7511709601873536,6.323185011709597,175,0.7918552036199095,0.7391686182669789,41,0.18552036199095023,1.2002341920374748
72,TEMPLATE_OOD,0.02,B0_STRUCT_XGB,0.9140920639038087,0.01990632318501171,0.01990632318501171,68,3348,2350,1066,0.6879391100702577,DAPT_E2E,0.9781979322433473,0.01990632318501171,0.014929742388758781,0.05,4414,221,0.03234777517564403,217,4,0.9819004524886877,217,0.20356472795497185,0.7514637002341921,6.352459016393441,175,0.7918552036199095,0.7391686182669789,42,0.19004524886877827,1.2295081967213184
72,TEMPLATE_OOD,0.02,B0_STRUCT_XGB,0.9140920639038087,0.01990632318501171,0.01990632318501171,68,3348,2350,1066,0.6879391100702577,BASE_EMB_MLP,0.938300132751465,0.01990632318501171,0.0234192037470726,0.05,4414,221,0.03234777517564403,205,16,0.9276018099547512,205,0.19230769230769232,0.7479508196721312,6.001170960187352,175,0.7918552036199095,0.7391686182669789,30,0.1357466063348417,0.878220140515229
72,TEMPLATE_OOD,0.02,B0_STRUCT_XGB,0.9140920639038087,0.01990632318501171,0.01990632318501171,68,3348,2350,1066,0.6879391100702577,DAPT_EMB_MLP,0.93802148103714,0.01990632318501171,0.013173302107728338,0.05,4414,221,0.03234777517564403,185,36,0.8371040723981901,185,0.17354596622889307,0.742096018735363,5.415690866510536,175,0.7918552036199095,0.7391686182669789,10,0.045248868778280604,0.29274004683841337
72,TEMPLATE_OOD,0.02,B0_STRUCT_XGB,0.9140920639038087,0.01990632318501171,0.01990632318501171,68,3348,2350,1066,0.6879391100702577,CONTRASTIVE_EMB_MLP,0.993024230003357,0.01990632318501171,0.015515222482435597,0.05,4414,221,0.03234777517564403,178,43,0.8054298642533937,178,0.1669793621013133,0.7400468384074942,5.210772833723654,175,0.7918552036199095,0.7391686182669789,3,0.013574660633484226,0.08782201405153067
72,TEMPLATE_OOD,0.02,B0_STRUCT_XGB,0.9140920639038087,0.01990632318501171,0.01990632318501171,68,3348,2350,1066,0.6879391100702577,B0_SELF,0.9140920639038087,0.01990632318501171,0.01990632318501171,0.1,4414,442,0.06469555035128806,319,123,0.7217194570135747,319,0.29924953095684803,0.7813231850117096,9.338407494145196,319,0.7217194570135747,0.7813231850117096,0,0.0,0.0
72,TEMPLATE_OOD,0.02,B0_STRUCT_XGB,0.9140920639038087,0.01990632318501171,0.01990632318501171,68,3348,2350,1066,0.6879391100702577,T0_E2E,0.9931893348693849,0.01990632318501171,0.014929742388758781,0.1,4414,442,0.06469555035128806,421,21,0.9524886877828054,421,0.3949343339587242,0.8111826697892272,12.32435597189695,319,0.7217194570135747,0.7813231850117096,102,0.23076923076923073,2.985948477751754
72,TEMPLATE_OOD,0.02,B0_STRUCT_XGB,0.9140920639038087,0.01990632318501171,0.01990632318501171,68,3348,2350,1066,0.6879391100702577,DAPT_E2E,0.9781979322433473,0.01990632318501171,0.014929742388758781,0.1,4414,442,0.06469555035128806,423,19,0.9570135746606335,423,0.3968105065666041,0.811768149882904,12.382903981264636,319,0.7217194570135747,0.7813231850117096,104,0.23529411764705888,3.0444964871194413
72,TEMPLATE_OOD,0.02,B0_STRUCT_XGB,0.9140920639038087,0.01990632318501171,0.01990632318501171,68,3348,2350,1066,0.6879391100702577,BASE_EMB_MLP,0.938300132751465,0.01990632318501171,0.0234192037470726,0.1,4414,442,0.06469555035128806,377,65,0.8529411764705882,377,0.35365853658536583,0.7983021077283372,11.036299765807955,319,0.7217194570135747,0.7813231850117096,58,0.13122171945701355,1.6978922716627598
72,TEMPLATE_OOD,0.02,B0_STRUCT_XGB,0.9140920639038087,0.01990632318501171,0.01990632318501171,68,3348,2350,1066,0.6879391100702577,DAPT_EMB_MLP,0.93802148103714,0.01990632318501171,0.013173302107728338,0.1,4414,442,0.06469555035128806,336,106,0.7601809954751131,336,0.3151969981238274,0.7862997658079626,9.836065573770492,319,0.7217194570135747,0.7813231850117096,17,0.038461538461538436,0.49765807962529607
72,TEMPLATE_OOD,0.02,B0_STRUCT_XGB,0.9140920639038087,0.01990632318501171,0.01990632318501171,68,3348,2350,1066,0.6879391100702577,CONTRASTIVE_EMB_MLP,0.993024230003357,0.01990632318501171,0.015515222482435597,0.1,4414,442,0.06469555035128806,335,107,0.7579185520361991,335,0.3142589118198874,0.7860070257611241,9.806791569086649,319,0.7217194570135747,0.7813231850117096,16,0.03619909502262442,0.4683840749414525
72,TEMPLATE_OOD,0.02,B0_STRUCT_XGB,0.9140920639038087,0.01990632318501171,0.01990632318501171,68,3348,2350,1066,0.6879391100702577,B0_SELF,0.9140920639038087,0.01990632318501171,0.01990632318501171,0.2,4414,883,0.1292447306791569,548,335,0.6206115515288788,548,0.5140712945590994,0.8483606557377049,16.042154566744728,548,0.6206115515288788,0.8483606557377049,0,0.0,0.0
72,TEMPLATE_OOD,0.02,B0_STRUCT_XGB,0.9140920639038087,0.01990632318501171,0.01990632318501171,68,3348,2350,1066,0.6879391100702577,T0_E2E,0.9931893348693849,0.01990632318501171,0.014929742388758781,0.2,4414,883,0.1292447306791569,750,133,0.8493771234428086,750,0.7035647279549718,0.9074941451990632,21.955503512880558,548,0.6206115515288788,0.8483606557377049,202,0.22876557191392977,5.913348946135832
72,TEMPLATE_OOD,0.02,B0_STRUCT_XGB,0.9140920639038087,0.01990632318501171,0.01990632318501171,68,3348,2350,1066,0.6879391100702577,DAPT_E2E,0.9781979322433473,0.01990632318501171,0.014929742388758781,0.2,4414,883,0.1292447306791569,752,131,0.8516421291053228,752,0.7054409005628518,0.90807962529274,22.014051522248234,548,0.6206115515288788,0.8483606557377049,204,0.23103057757644396,5.971896955503508
72,TEMPLATE_OOD,0.02,B0_STRUCT_XGB,0.9140920639038087,0.01990632318501171,0.01990632318501171,68,3348,2350,1066,0.6879391100702577,BASE_EMB_MLP,0.938300132751465,0.01990632318501171,0.0234192037470726,0.2,4414,883,0.1292447306791569,590,293,0.6681766704416761,590,0.5534709193245778,0.860655737704918,17.271662763466033,548,0.6206115515288788,0.8483606557377049,42,0.047565118912797244,1.2295081967213073
72,TEMPLATE_OOD,0.02,B0_STRUCT_XGB,0.9140920639038087,0.01990632318501171,0.01990632318501171,68,3348,2350,1066,0.6879391100702577,DAPT_EMB_MLP,0.93802148103714,0.01990632318501171,0.013173302107728338,0.2,4414,883,0.1292447306791569,624,259,0.7066817667044167,624,0.5853658536585366,0.8706088992974239,18.266978922716625,548,0.6206115515288788,0.8483606557377049,76,0.08607021517553792,2.2248243559718994
72,TEMPLATE_OOD,0.02,B0_STRUCT_XGB,0.9140920639038087,0.01990632318501171,0.01990632318501171,68,3348,2350,1066,0.6879391100702577,CONTRASTIVE_EMB_MLP,0.993024230003357,0.01990632318501171,0.015515222482435597,0.2,4414,883,0.1292447306791569,541,342,0.6126840317100792,541,0.5075046904315197,0.8463114754098361,15.837236533957844,548,0.6206115515288788,0.8483606557377049,-7,-0.007927519818799578,-0.2049180327868827
72,DOMAIN_TEMPLATE_OOD,0.02,B0_STRUCT_XGB,0.9140920639038087,0.01990632318501171,0.025889967637540454,48,1806,1123,731,0.6057173678532902,B0_SELF,0.9140920639038087,0.01990632318501171,0.025889967637540454,0.05,2537,127,0.03425026968716289,99,28,0.7795275590551181,99,0.1354309165526676,0.6591154261057174,5.339805825242716,99,0.7795275590551181,0.6591154261057174,0,0.0,0.0
72,DOMAIN_TEMPLATE_OOD,0.02,B0_STRUCT_XGB,0.9140920639038087,0.01990632318501171,0.025889967637540454,48,1806,1123,731,0.6057173678532902,T0_E2E,0.9931893348693849,0.01990632318501171,0.018878101402373247,0.05,2537,127,0.03425026968716289,124,3,0.9763779527559056,124,0.16963064295485636,0.6725997842502697,6.688241639697945,99,0.7795275590551181,0.6591154261057174,25,0.1968503937007875,1.3484358144552289
72,DOMAIN_TEMPLATE_OOD,0.02,B0_STRUCT_XGB,0.9140920639038087,0.01990632318501171,0.025889967637540454,48,1806,1123,731,0.6057173678532902,DAPT_E2E,0.9781979322433473,0.01990632318501171,0.016720604099244876,0.05,2537,127,0.03425026968716289,125,2,0.984251968503937,125,0.17099863201094392,0.6731391585760518,6.742179072276155,99,0.7795275590551181,0.6591154261057174,26,0.20472440944881898,1.4023732470334394
72,DOMAIN_TEMPLATE_OOD,0.02,B0_STRUCT_XGB,0.9140920639038087,0.01990632318501171,0.025889967637540454,48,1806,1123,731,0.6057173678532902,BASE_EMB_MLP,0.938300132751465,0.01990632318501171,0.030744336569579287,0.05,2537,127,0.03425026968716289,114,13,0.8976377952755905,114,0.15595075239398085,0.6672060409924487,6.148867313915851,99,0.7795275590551181,0.6591154261057174,15,0.11811023622047245,0.8090614886731351
72,DOMAIN_TEMPLATE_OOD,0.02,B0_STRUCT_XGB,0.9140920639038087,0.01990632318501171,0.025889967637540454,48,1806,1123,731,0.6057173678532902,DAPT_EMB_MLP,0.93802148103714,0.01990632318501171,0.017259978425026967,0.05,2537,127,0.03425026968716289,104,23,0.8188976377952756,104,0.14227086183310533,0.6618122977346278,5.609492988133757,99,0.7795275590551181,0.6591154261057174,5,0.03937007874015752,0.26968716289104133
72,DOMAIN_TEMPLATE_OOD,0.02,B0_STRUCT_XGB,0.9140920639038087,0.01990632318501171,0.025889967637540454,48,1806,1123,731,0.6057173678532902,CONTRASTIVE_EMB_MLP,0.993024230003357,0.01990632318501171,0.019956850053937433,0.05,2537,127,0.03425026968716289,99,28,0.7795275590551181,99,0.1354309165526676,0.6591154261057174,5.339805825242716,99,0.7795275590551181,0.6591154261057174,0,0.0,0.0
72,DOMAIN_TEMPLATE_OOD,0.02,B0_STRUCT_XGB,0.9140920639038087,0.01990632318501171,0.025889967637540454,48,1806,1123,731,0.6057173678532902,B0_SELF,0.9140920639038087,0.01990632318501171,0.025889967637540454,0.1,2537,254,0.06850053937432578,187,67,0.7362204724409449,187,0.2558139534883721,0.7065803667745415,10.086299892125128,187,0.7362204724409449,0.7065803667745415,0,0.0,0.0
72,DOMAIN_TEMPLATE_OOD,0.02,B0_STRUCT_XGB,0.9140920639038087,0.01990632318501171,0.025889967637540454,48,1806,1123,731,0.6057173678532902,T0_E2E,0.9931893348693849,0.01990632318501171,0.018878101402373247,0.1,2537,254,0.06850053937432578,239,15,0.9409448818897638,239,0.32694938440492477,0.7346278317152104,12.891046386192018,187,0.7362204724409449,0.7065803667745415,52,0.20472440944881887,2.80474649406689
72,DOMAIN_TEMPLATE_OOD,0.02,B0_STRUCT_XGB,0.9140920639038087,0.01990632318501171,0.025889967637540454,48,1806,1123,731,0.6057173678532902,DAPT_E2E,0.9781979322433473,0.01990632318501171,0.016720604099244876,0.1,2537,254,0.06850053937432578,245,9,0.9645669291338582,245,0.33515731874145005,0.7378640776699029,13.21467098166127,187,0.7362204724409449,0.7065803667745415,58,0.2283464566929133,3.1283710895361416
72,DOMAIN_TEMPLATE_OOD,0.02,B0_STRUCT_XGB,0.9140920639038087,0.01990632318501171,0.025889967637540454,48,1806,1123,731,0.6057173678532902,BASE_EMB_MLP,0.938300132751465,0.01990632318501171,0.030744336569579287,0.1,2537,254,0.06850053937432578,219,35,0.8622047244094488,219,0.29958960328317374,0.7238403451995685,11.81229773462783,187,0.7362204724409449,0.7065803667745415,32,0.12598425196850394,1.7259978425027023
72,DOMAIN_TEMPLATE_OOD,0.02,B0_STRUCT_XGB,0.9140920639038087,0.01990632318501171,0.025889967637540454,48,1806,1123,731,0.6057173678532902,DAPT_EMB_MLP,0.93802148103714,0.01990632318501171,0.017259978425026967,0.1,2537,254,0.06850053937432578,187,67,0.7362204724409449,187,0.2558139534883721,0.7065803667745415,10.086299892125128,187,0.7362204724409449,0.7065803667745415,0,0.0,0.0
72,DOMAIN_TEMPLATE_OOD,0.02,B0_STRUCT_XGB,0.9140920639038087,0.01990632318501171,0.025889967637540454,48,1806,1123,731,0.6057173678532902,CONTRASTIVE_EMB_MLP,0.993024230003357,0.01990632318501171,0.019956850053937433,0.1,2537,254,0.06850053937432578,198,56,0.7795275590551181,198,0.2708618331053352,0.7125134843581445,10.679611650485432,187,0.7362204724409449,0.7065803667745415,11,0.04330708661417315,0.5933117583603043
72,DOMAIN_TEMPLATE_OOD,0.02,B0_STRUCT_XGB,0.9140920639038087,0.01990632318501171,0.025889967637540454,48,1806,1123,731,0.6057173678532902,B0_SELF,0.9140920639038087,0.01990632318501171,0.025889967637540454,0.2,2537,508,0.13700107874865156,329,179,0.6476377952755905,329,0.45006839945280436,0.7831715210355987,17.74541531823085,329,0.6476377952755905,0.7831715210355987,0,0.0,0.0
72,DOMAIN_TEMPLATE_OOD,0.02,B0_STRUCT_XGB,0.9140920639038087,0.01990632318501171,0.025889967637540454,48,1806,1123,731,0.6057173678532902,T0_E2E,0.9931893348693849,0.01990632318501171,0.018878101402373247,0.2,2537,508,0.13700107874865156,456,52,0.8976377952755905,456,0.6238030095759234,0.8516720604099245,24.595469255663428,329,0.6476377952755905,0.7831715210355987,127,0.25,6.850053937432577
72,DOMAIN_TEMPLATE_OOD,0.02,B0_STRUCT_XGB,0.9140920639038087,0.01990632318501171,0.025889967637540454,48,1806,1123,731,0.6057173678532902,DAPT_E2E,0.9781979322433473,0.01990632318501171,0.016720604099244876,0.2,2537,508,0.13700107874865156,461,47,0.90748031496063,461,0.6306429548563611,0.8543689320388349,24.86515641855447,329,0.6476377952755905,0.7831715210355987,132,0.25984251968503946,7.119741100323617
72,DOMAIN_TEMPLATE_OOD,0.02,B0_STRUCT_XGB,0.9140920639038087,0.01990632318501171,0.025889967637540454,48,1806,1123,731,0.6057173678532902,BASE_EMB_MLP,0.938300132751465,0.01990632318501171,0.030744336569579287,0.2,2537,508,0.13700107874865156,362,146,0.7125984251968503,362,0.4952120383036936,0.8009708737864077,19.525350593311753,329,0.6476377952755905,0.7831715210355987,33,0.06496062992125984,1.7799352750809017
72,DOMAIN_TEMPLATE_OOD,0.02,B0_STRUCT_XGB,0.9140920639038087,0.01990632318501171,0.025889967637540454,48,1806,1123,731,0.6057173678532902,DAPT_EMB_MLP,0.93802148103714,0.01990632318501171,0.017259978425026967,0.2,2537,508,0.13700107874865156,368,140,0.7244094488188977,368,0.5034199726402189,0.8042071197411004,19.848975188781015,329,0.6476377952755905,0.7831715210355987,39,0.07677165354330717,2.1035598705501646
72,DOMAIN_TEMPLATE_OOD,0.02,B0_STRUCT_XGB,0.9140920639038087,0.01990632318501171,0.025889967637540454,48,1806,1123,731,0.6057173678532902,CONTRASTIVE_EMB_MLP,0.993024230003357,0.01990632318501171,0.019956850053937433,0.2,2537,508,0.13700107874865156,340,168,0.6692913385826772,340,0.46511627906976744,0.7891046386192018,18.338727076591155,329,0.6476377952755905,0.7831715210355987,11,0.021653543307086687,0.5933117583603043
82,IID_ORIGINAL,0.005,B0_STRUCT_XGB,0.979479730129242,0.00468384074941452,0.002007024586051179,4,1989,440,618,0.4158790170132325,B0_SELF,0.979479730129242,0.00468384074941452,0.002007024586051179,0.05,2607,131,0.0429367420517863,123,8,0.9389312977099237,123,0.19902912621359223,0.5321361058601134,11.625708884688091,123,0.9389312977099237,0.5321361058601134,0,0.0,0.0
82,IID_ORIGINAL,0.005,B0_STRUCT_XGB,0.979479730129242,0.00468384074941452,0.002007024586051179,4,1989,440,618,0.4158790170132325,T0_E2E,0.9992519021034242,0.00468384074941452,0.010536879076768691,0.05,2607,131,0.0429367420517863,130,1,0.9923664122137404,130,0.21035598705501618,0.5387523629489603,12.287334593572785,123,0.9389312977099237,0.5321361058601134,7,0.05343511450381677,0.6616257088846944
82,IID_ORIGINAL,0.005,B0_STRUCT_XGB,0.979479730129242,0.00468384074941452,0.002007024586051179,4,1989,440,618,0.4158790170132325,DAPT_E2E,0.9994846582412721,0.00468384074941452,0.009533366783743101,0.05,2607,131,0.0429367420517863,130,1,0.9923664122137404,130,0.21035598705501618,0.5387523629489603,12.287334593572785,123,0.9389312977099237,0.5321361058601134,7,0.05343511450381677,0.6616257088846944
82,IID_ORIGINAL,0.005,B0_STRUCT_XGB,0.979479730129242,0.00468384074941452,0.002007024586051179,4,1989,440,618,0.4158790170132325,BASE_EMB_MLP,0.9946187734603883,0.00468384074941452,0.006522829904666332,0.05,2607,131,0.0429367420517863,120,11,0.916030534351145,120,0.1941747572815534,0.5293005671077504,11.342155009451794,123,0.9389312977099237,0.5321361058601134,-3,-0.022900763358778664,-0.2835538752362976
82,IID_ORIGINAL,0.005,B0_STRUCT_XGB,0.979479730129242,0.00468384074941452,0.002007024586051179,4,1989,440,618,0.4158790170132325,DAPT_EMB_MLP,0.9949688315391542,0.00468384074941452,0.004014049172102358,0.05,2607,131,0.0429367420517863,117,14,0.8931297709923665,117,0.18932038834951456,0.5264650283553876,11.058601134215507,123,0.9389312977099237,0.5321361058601134,-6,-0.04580152671755722,-0.5671077504725841
82,IID_ORIGINAL,0.005,B0_STRUCT_XGB,0.979479730129242,0.00468384074941452,0.002007024586051179,4,1989,440,618,0.4158790170132325,CONTRASTIVE_EMB_MLP,0.9994068145751954,0.00468384074941452,0.006522829904666332,0.05,2607,131,0.0429367420517863,101,30,0.7709923664122137,101,0.1634304207119741,0.5113421550094518,9.546313799621931,123,0.9389312977099237,0.5321361058601134,-22,-0.16793893129770998,-2.07939508506616
82,IID_ORIGINAL,0.005,B0_STRUCT_XGB,0.979479730129242,0.00468384074941452,0.002007024586051179,4,1989,440,618,0.4158790170132325,B0_SELF,0.979479730129242,0.00468384074941452,0.002007024586051179,0.1,2607,261,0.0855457227138643,219,42,0.8390804597701149,219,0.35436893203883496,0.6228733459357277,20.699432892249526,219,0.8390804597701149,0.6228733459357277,0,0.0,0.0
82,IID_ORIGINAL,0.005,B0_STRUCT_XGB,0.979479730129242,0.00468384074941452,0.002007024586051179,4,1989,440,618,0.4158790170132325,T0_E2E,0.9992519021034242,0.00468384074941452,0.010536879076768691,0.1,2607,261,0.0855457227138643,228,33,0.8735632183908046,228,0.36893203883495146,0.6313799621928167,21.550094517958417,219,0.8390804597701149,0.6228733459357277,9,0.034482758620689724,0.8506616257088928
82,IID_ORIGINAL,0.005,B0_STRUCT_XGB,0.979479730129242,0.00468384074941452,0.002007024586051179,4,1989,440,618,0.4158790170132325,DAPT_E2E,0.9994846582412721,0.00468384074941452,0.009533366783743101,0.1,2607,261,0.0855457227138643,239,22,0.9157088122605364,239,0.38673139158576053,0.6417769376181475,22.589792060491497,219,0.8390804597701149,0.6228733459357277,20,0.07662835249042144,1.890359168241973
82,IID_ORIGINAL,0.005,B0_STRUCT_XGB,0.979479730129242,0.00468384074941452,0.002007024586051179,4,1989,440,618,0.4158790170132325,BASE_EMB_MLP,0.9946187734603883,0.00468384074941452,0.006522829904666332,0.1,2607,261,0.0855457227138643,213,48,0.8160919540229885,213,0.3446601941747573,0.6172022684310019,20.132325141776942,219,0.8390804597701149,0.6228733459357277,-6,-0.02298850574712641,-0.5671077504725841
82,IID_ORIGINAL,0.005,B0_STRUCT_XGB,0.979479730129242,0.00468384074941452,0.002007024586051179,4,1989,440,618,0.4158790170132325,DAPT_EMB_MLP,0.9949688315391542,0.00468384074941452,0.004014049172102358,0.1,2607,261,0.0855457227138643,204,57,0.7816091954022989,204,0.3300970873786408,0.6086956521739131,19.281663516068058,219,0.8390804597701149,0.6228733459357277,-15,-0.05747126436781602,-1.4177693761814658
82,IID_ORIGINAL,0.005,B0_STRUCT_XGB,0.979479730129242,0.00468384074941452,0.002007024586051179,4,1989,440,618,0.4158790170132325,CONTRASTIVE_EMB_MLP,0.9994068145751954,0.00468384074941452,0.006522829904666332,0.1,2607,261,0.0855457227138643,175,86,0.6704980842911877,175,0.28317152103559873,0.5812854442344045,16.540642722117205,219,0.8390804597701149,0.6228733459357277,-44,-0.16858237547892718,-4.15879017013232
82,IID_ORIGINAL,0.005,B0_STRUCT_XGB,0.979479730129242,0.00468384074941452,0.002007024586051179,4,1989,440,618,0.4158790170132325,B0_SELF,0.979479730129242,0.00468384074941452,0.002007024586051179,0.2,2607,522,0.1710914454277286,333,189,0.6379310344827587,333,0.5388349514563107,0.7306238185255198,31.474480151228732,333,0.6379310344827587,0.7306238185255198,0,0.0,0.0
82,IID_ORIGINAL,0.005,B0_STRUCT_XGB,0.979479730129242,0.00468384074941452,0.002007024586051179,4,1989,440,618,0.4158790170132325,T0_E2E,0.9992519021034242,0.00468384074941452,0.010536879076768691,0.2,2607,522,0.1710914454277286,391,131,0.7490421455938697,391,0.6326860841423948,0.7854442344045368,36.95652173913043,333,0.6379310344827587,0.7306238185255198,58,0.11111111111111105,5.482041587901698
82,IID_ORIGINAL,0.005,B0_STRUCT_XGB,0.979479730129242,0.00468384074941452,0.002007024586051179,4,1989,440,618,0.4158790170132325,DAPT_E2E,0.9994846582412721,0.00468384074941452,0.009533366783743101,0.2,2607,522,0.1710914454277286,395,127,0.7567049808429118,395,0.63915857605178,0.7892249527410208,37.33459357277883,333,0.6379310344827587,0.7306238185255198,62,0.11877394636015315,5.8601134215500945
82,IID_ORIGINAL,0.005,B0_STRUCT_XGB,0.979479730129242,0.00468384074941452,0.002007024586051179,4,1989,440,618,0.4158790170132325,BASE_EMB_MLP,0.9946187734603883,0.00468384074941452,0.006522829904666332,0.2,2607,522,0.1710914454277286,336,186,0.6436781609195402,336,0.5436893203883495,0.7334593572778828,31.758034026465033,333,0.6379310344827587,0.7306238185255198,3,0.005747126436781547,0.2835538752362976
82,IID_ORIGINAL,0.005,B0_STRUCT_XGB,0.979479730129242,0.00468384074941452,0.002007024586051179,4,1989,440,618,0.4158790170132325,DAPT_EMB_MLP,0.9949688315391542,0.00468384074941452,0.004014049172102358,0.2,2607,522,0.1710914454277286,355,167,0.6800766283524904,355,0.5744336569579288,0.7514177693761814,33.55387523629489,333,0.6379310344827587,0.7306238185255198,22,0.04214559386973171,2.07939508506616
82,IID_ORIGINAL,0.005,B0_STRUCT_XGB,0.979479730129242,0.00468384074941452,0.002007024586051179,4,1989,440,618,0.4158790170132325,CONTRASTIVE_EMB_MLP,0.9994068145751954,0.00468384074941452,0.006522829904666332,0.2,2607,522,0.1710914454277286,308,214,0.5900383141762452,308,0.49838187702265374,0.7069943289224953,29.111531190926275,333,0.6379310344827587,0.7306238185255198,-25,-0.04789272030651348,-2.362948960302458
82,IID_BALANCED,0.005,B0_STRUCT_XGB,0.979479730129242,0.00468384074941452,0.003780718336483932,4,1054,440,618,0.4158790170132325,B0_SELF,0.979479730129242,0.00468384074941452,0.003780718336483932,0.05,1672,84,0.03969754253308128,81,3,0.9642857142857143,81,0.13106796116504854,0.4924385633270321,7.655954631379963,81,0.9642857142857143,0.4924385633270321,0,0.0,0.0
82,IID_BALANCED,0.005,B0_STRUCT_XGB,0.979479730129242,0.00468384074941452,0.003780718336483932,4,1054,440,618,0.4158790170132325,T0_E2E,0.9992519021034242,0.00468384074941452,0.014177693761814745,0.05,1672,84,0.03969754253308128,84,0,1.0,84,0.13592233009708737,0.4952741020793951,7.939508506616261,81,0.9642857142857143,0.4924385633270321,3,0.0357142857142857,0.2835538752362976
82,IID_BALANCED,0.005,B0_STRUCT_XGB,0.979479730129242,0.00468384074941452,0.003780718336483932,4,1054,440,618,0.4158790170132325,DAPT_E2E,0.9994846582412721,0.00468384074941452,0.013232514177693762,0.05,1672,84,0.03969754253308128,83,1,0.9880952380952381,83,0.1343042071197411,0.4943289224952741,7.844990548204161,81,0.9642857142857143,0.4924385633270321,2,0.023809523809523836,0.1890359168241984
82,IID_BALANCED,0.005,B0_STRUCT_XGB,0.979479730129242,0.00468384074941452,0.003780718336483932,4,1054,440,618,0.4158790170132325,BASE_EMB_MLP,0.9946187734603883,0.00468384074941452,0.007561436672967864,0.05,1672,84,0.03969754253308128,82,2,0.9761904761904762,82,0.13268608414239483,0.4933837429111531,7.7504725897920625,81,0.9642857142857143,0.4924385633270321,1,0.011904761904761862,0.0945179584120992
82,IID_BALANCED,0.005,B0_STRUCT_XGB,0.979479730129242,0.00468384074941452,0.003780718336483932,4,1054,440,618,0.4158790170132325,DAPT_EMB_MLP,0.9949688315391542,0.00468384074941452,0.004725897920604915,0.05,1672,84,0.03969754253308128,81,3,0.9642857142857143,81,0.13106796116504854,0.4924385633270321,7.655954631379963,81,0.9642857142857143,0.4924385633270321,0,0.0,0.0
82,IID_BALANCED,0.005,B0_STRUCT_XGB,0.979479730129242,0.00468384074941452,0.003780718336483932,4,1054,440,618,0.4158790170132325,CONTRASTIVE_EMB_MLP,0.9994068145751954,0.00468384074941452,0.007561436672967864,0.05,1672,84,0.03969754253308128,74,10,0.8809523809523809,74,0.11974110032362459,0.48582230623818523,6.994328922495274,81,0.9642857142857143,0.4924385633270321,-7,-0.08333333333333337,-0.6616257088846889
82,IID_BALANCED,0.005,B0_STRUCT_XGB,0.979479730129242,0.00468384074941452,0.003780718336483932,4,1054,440,618,0.4158790170132325,B0_SELF,0.979479730129242,0.00468384074941452,0.003780718336483932,0.1,1672,168,0.07939508506616257,159,9,0.9464285714285714,159,0.25728155339805825,0.5661625708884688,15.028355387523629,159,0.9464285714285714,0.5661625708884688,0,0.0,0.0
82,IID_BALANCED,0.005,B0_STRUCT_XGB,0.979479730129242,0.00468384074941452,0.003780718336483932,4,1054,440,618,0.4158790170132325,T0_E2E,0.9992519021034242,0.00468384074941452,0.014177693761814745,0.1,1672,168,0.07939508506616257,162,6,0.9642857142857143,162,0.2621359223300971,0.5689981096408318,15.311909262759926,159,0.9464285714285714,0.5661625708884688,3,0.017857142857142905,0.2835538752362976
82,IID_BALANCED,0.005,B0_STRUCT_XGB,0.979479730129242,0.00468384074941452,0.003780718336483932,4,1054,440,618,0.4158790170132325,DAPT_E2E,0.9994846582412721,0.00468384074941452,0.013232514177693762,0.1,1672,168,0.07939508506616257,164,4,0.9761904761904762,164,0.26537216828478966,0.5708884688090737,15.500945179584125,159,0.9464285714285714,0.5661625708884688,5,0.029761904761904767,0.472589792060496
82,IID_BALANCED,0.005,B0_STRUCT_XGB,0.979479730129242,0.00468384074941452,0.003780718336483932,4,1054,440,618,0.4158790170132325,BASE_EMB_MLP,0.9946187734603883,0.00468384074941452,0.007561436672967864,0.1,1672,168,0.07939508506616257,155,13,0.9226190476190477,155,0.25080906148867316,0.5623818525519849,14.650283553875243,159,0.9464285714285714,0.5661625708884688,-4,-0.023809523809523725,-0.3780718336483857
82,IID_BALANCED,0.005,B0_STRUCT_XGB,0.979479730129242,0.00468384074941452,0.003780718336483932,4,1054,440,618,0.4158790170132325,DAPT_EMB_MLP,0.9949688315391542,0.00468384074941452,0.004725897920604915,0.1,1672,168,0.07939508506616257,156,12,0.9285714285714286,156,0.2524271844660194,0.5633270321361059,14.744801512287342,159,0.9464285714285714,0.5661625708884688,-3,-0.017857142857142794,-0.2835538752362865
82,IID_BALANCED,0.005,B0_STRUCT_XGB,0.979479730129242,0.00468384074941452,0.003780718336483932,4,1054,440,618,0.4158790170132325,CONTRASTIVE_EMB_MLP,0.9994068145751954,0.00468384074941452,0.007561436672967864,0.1,1672,168,0.07939508506616257,142,26,0.8452380952380952,142,0.2297734627831715,0.5500945179584121,13.421550094517965,159,0.9464285714285714,0.5661625708884688,-17,-0.10119047619047616,-1.6068052930056642
82,IID_BALANCED,0.005,B0_STRUCT_XGB,0.979479730129242,0.00468384074941452,0.003780718336483932,4,1054,440,618,0.4158790170132325,B0_SELF,0.979479730129242,0.00468384074941452,0.003780718336483932,0.2,1672,335,0.15831758034026466,280,55,0.835820895522388,280,0.45307443365695793,0.6805293005671077,26.46502835538752,280,0.835820895522388,0.6805293005671077,0,0.0,0.0
82,IID_BALANCED,0.005,B0_STRUCT_XGB,0.979479730129242,0.00468384074941452,0.003780718336483932,4,1054,440,618,0.4158790170132325,T0_E2E,0.9992519021034242,0.00468384074941452,0.014177693761814745,0.2,1672,335,0.15831758034026466,302,33,0.9014925373134328,302,0.4886731391585761,0.7013232514177694,28.54442344045369,280,0.835820895522388,0.6805293005671077,22,0.06567164179104479,2.0793950850661713
82,IID_BALANCED,0.005,B0_STRUCT_XGB,0.979479730129242,0.00468384074941452,0.003780718336483932,4,1054,440,618,0.4158790170132325,DAPT_E2E,0.9994846582412721,0.00468384074941452,0.013232514177693762,0.2,1672,335,0.15831758034026466,311,24,0.9283582089552239,311,0.5032362459546925,0.7098298676748582,29.395085066162572,280,0.835820895522388,0.6805293005671077,31,0.09253731343283589,2.930056710775053
82,IID_BALANCED,0.005,B0_STRUCT_XGB,0.979479730129242,0.00468384074941452,0.003780718336483932,4,1054,440,618,0.4158790170132325,BASE_EMB_MLP,0.9946187734603883,0.00468384074941452,0.007561436672967864,0.2,1672,335,0.15831758034026466,284,51,0.8477611940298507,284,0.459546925566343,0.6843100189035917,26.84310018903592,280,0.835820895522388,0.6805293005671077,4,0.011940298507462699,0.3780718336483968
82,IID_BALANCED,0.005,B0_STRUCT_XGB,0.979479730129242,0.00468384074941452,0.003780718336483932,4,1054,440,618,0.4158790170132325,DAPT_EMB_MLP,0.9949688315391542,0.00468384074941452,0.004725897920604915,0.2,1672,335,0.15831758034026466,287,48,0.8567164179104477,287,0.46440129449838186,0.6871455576559546,27.126654064272216,280,0.835820895522388,0.6805293005671077,7,0.020895522388059695,0.6616257088846944
82,IID_BALANCED,0.005,B0_STRUCT_XGB,0.979479730129242,0.00468384074941452,0.003780718336483932,4,1054,440,618,0.4158790170132325,CONTRASTIVE_EMB_MLP,0.9994068145751954,0.00468384074941452,0.007561436672967864,0.2,1672,335,0.15831758034026466,253,82,0.755223880597015,253,0.40938511326860844,0.6550094517958412,23.913043478260875,280,0.835820895522388,0.6805293005671077,-27,-0.08059701492537308,-2.551984877126645
82,TEMPORAL,0.005,B0_STRUCT_XGB,0.979479730129242,0.00468384074941452,0.0035,14,3986,1757,2243,0.43925,B0_SELF,0.979479730129242,0.00468384074941452,0.0035,0.05,6229,312,0.039,307,5,0.9839743589743589,307,0.13687026304057068,0.516,7.675000000000004,307,0.9839743589743589,0.516,0,0.0,0.0
82,TEMPORAL,0.005,B0_STRUCT_XGB,0.979479730129242,0.00468384074941452,0.0035,14,3986,1757,2243,0.43925,T0_E2E,0.9992519021034242,0.00468384074941452,0.00775,0.05,6229,312,0.039,310,2,0.9935897435897436,310,0.13820775746767722,0.51675,7.750000000000007,307,0.9839743589743589,0.516,3,0.009615384615384692,0.07500000000000284
82,TEMPORAL,0.005,B0_STRUCT_XGB,0.979479730129242,0.00468384074941452,0.0035,14,3986,1757,2243,0.43925,DAPT_E2E,0.9994846582412721,0.00468384074941452,0.0075,0.05,6229,312,0.039,308,4,0.9871794871794872,308,0.13731609451627286,0.51625,7.700000000000001,307,0.9839743589743589,0.516,1,0.0032051282051283048,0.024999999999997247
82,TEMPORAL,0.005,B0_STRUCT_XGB,0.979479730129242,0.00468384074941452,0.0035,14,3986,1757,2243,0.43925,BASE_EMB_MLP,0.9946187734603883,0.00468384074941452,0.00575,0.05,6229,312,0.039,309,3,0.9903846153846154,309,0.13776192599197504,0.5165,7.724999999999999,307,0.9839743589743589,0.516,2,0.0064102564102564985,0.04999999999999449
82,TEMPORAL,0.005,B0_STRUCT_XGB,0.979479730129242,0.00468384074941452,0.0035,14,3986,1757,2243,0.43925,DAPT_EMB_MLP,0.9949688315391542,0.00468384074941452,0.00375,0.05,6229,312,0.039,307,5,0.9839743589743589,307,0.13687026304057068,0.516,7.675000000000004,307,0.9839743589743589,0.516,0,0.0,0.0
82,TEMPORAL,0.005,B0_STRUCT_XGB,0.979479730129242,0.00468384074941452,0.0035,14,3986,1757,2243,0.43925,CONTRASTIVE_EMB_MLP,0.9994068145751954,0.00468384074941452,0.006,0.05,6229,312,0.039,289,23,0.9262820512820513,289,0.12884529647793133,0.5115,7.224999999999998,307,0.9839743589743589,0.516,-18,-0.0576923076923076,-0.45000000000000595
82,TEMPORAL,0.005,B0_STRUCT_XGB,0.979479730129242,0.00468384074941452,0.0035,14,3986,1757,2243,0.43925,B0_SELF,0.979479730129242,0.00468384074941452,0.0035,0.1,6229,623,0.077875,603,20,0.9678972712680578,603,0.2688363798484173,0.59,15.075,603,0.9678972712680578,0.59,0,0.0,0.0
82,TEMPORAL,0.005,B0_STRUCT_XGB,0.979479730129242,0.00468384074941452,0.0035,14,3986,1757,2243,0.43925,T0_E2E,0.9992519021034242,0.00468384074941452,0.00775,0.1,6229,623,0.077875,608,15,0.9759229534510433,608,0.2710655372269282,0.59125,15.200000000000008,603,0.9678972712680578,0.59,5,0.008025682182985494,0.12500000000000844
82,TEMPORAL,0.005,B0_STRUCT_XGB,0.979479730129242,0.00468384074941452,0.0035,14,3986,1757,2243,0.43925,DAPT_E2E,0.9994846582412721,0.00468384074941452,0.0075,0.1,6229,623,0.077875,615,8,0.9871589085072231,615,0.2741863575568435,0.593,15.375,603,0.9678972712680578,0.59,12,0.019261637239165297,0.30000000000000027
82,TEMPORAL,0.005,B0_STRUCT_XGB,0.979479730129242,0.00468384074941452,0.0035,14,3986,1757,2243,0.43925,BASE_EMB_MLP,0.9946187734603883,0.00468384074941452,0.00575,0.1,6229,623,0.077875,596,27,0.956661316211878,596,0.265715559518502,0.58825,14.900000000000007,603,0.9678972712680578,0.59,-7,-0.011235955056179803,-0.17499999999999183
82,TEMPORAL,0.005,B0_STRUCT_XGB,0.979479730129242,0.00468384074941452,0.0035,14,3986,1757,2243,0.43925,DAPT_EMB_MLP,0.9949688315391542,0.00468384074941452,0.00375,0.1,6229,623,0.077875,603,20,0.9678972712680578,603,0.2688363798484173,0.59,15.075,603,0.9678972712680578,0.59,0,0.0,0.0
82,TEMPORAL,0.005,B0_STRUCT_XGB,0.979479730129242,0.00468384074941452,0.0035,14,3986,1757,2243,0.43925,CONTRASTIVE_EMB_MLP,0.9994068145751954,0.00468384074941452,0.006,0.1,6229,623,0.077875,554,69,0.8892455858747994,554,0.24699063753901027,0.57775,13.850000000000001,603,0.9678972712680578,0.59,-49,-0.0786516853932584,-1.2249999999999983
82,TEMPORAL,0.005,B0_STRUCT_XGB,0.979479730129242,0.00468384074941452,0.0035,14,3986,1757,2243,0.43925,B0_SELF,0.979479730129242,0.00468384074941452,0.0035,0.2,6229,1246,0.15575,1160,86,0.9309791332263242,1160,0.5171645118145342,0.72925,28.999999999999996,1160,0.9309791332263242,0.72925,0,0.0,0.0
82,TEMPORAL,0.005,B0_STRUCT_XGB,0.979479730129242,0.00468384074941452,0.0035,14,3986,1757,2243,0.43925,T0_E2E,0.9992519021034242,0.00468384074941452,0.00775,0.2,6229,1246,0.15575,1145,101,0.9189406099518459,1145,0.5104770396790014,0.7255,28.625000000000007,1160,0.9309791332263242,0.72925,-15,-0.012038523274478297,-0.374999999999992
82,TEMPORAL,0.005,B0_STRUCT_XGB,0.979479730129242,0.00468384074941452,0.0035,14,3986,1757,2243,0.43925,DAPT_E2E,0.9994846582412721,0.00468384074941452,0.0075,0.2,6229,1246,0.15575,1173,73,0.9414125200642055,1173,0.5229603209986625,0.7325,29.325000000000006,1160,0.9309791332263242,0.72925,13,0.010433386837881309,0.3250000000000086
82,TEMPORAL,0.005,B0_STRUCT_XGB,0.979479730129242,0.00468384074941452,0.0035,14,3986,1757,2243,0.43925,BASE_EMB_MLP,0.9946187734603883,0.00468384074941452,0.00575,0.2,6229,1246,0.15575,1104,142,0.8860353130016051,1104,0.49219794917521176,0.71525,27.60000000000001,1160,0.9309791332263242,0.72925,-56,-0.0449438202247191,-1.3999999999999901
82,TEMPORAL,0.005,B0_STRUCT_XGB,0.979479730129242,0.00468384074941452,0.0035,14,3986,1757,2243,0.43925,DAPT_EMB_MLP,0.9949688315391542,0.00468384074941452,0.00375,0.2,6229,1246,0.15575,1118,128,0.8972712680577849,1118,0.49843958983504233,0.71875,27.950000000000003,1160,0.9309791332263242,0.72925,-42,-0.0337078651685393,-1.0499999999999954
82,TEMPORAL,0.005,B0_STRUCT_XGB,0.979479730129242,0.00468384074941452,0.0035,14,3986,1757,2243,0.43925,CONTRASTIVE_EMB_MLP,0.9994068145751954,0.00468384074941452,0.006,0.2,6229,1246,0.15575,987,259,0.7921348314606742,987,0.4400356665180562,0.686,24.675000000000008,1160,0.9309791332263242,0.72925,-173,-0.13884430176565,-4.32499999999999
82,DOMAIN_OOD,0.005,B0_STRUCT_XGB,0.979479730129242,0.00468384074941452,0.0036288232244686366,7,1922,676,1253,0.35044064282011406,B0_SELF,0.979479730129242,0.00468384074941452,0.0036288232244686366,0.05,3175,159,0.04121306376360809,158,1,0.9937106918238994,158,0.12609736632083002,0.432348367029549,8.190772420943492,158,0.9937106918238994,0.432348367029549,0,0.0,0.0
82,DOMAIN_OOD,0.005,B0_STRUCT_XGB,0.979479730129242,0.00468384074941452,0.0036288232244686366,7,1922,676,1253,0.35044064282011406,T0_E2E,0.9992519021034242,0.00468384074941452,0.0005184033177812338,0.05,3175,159,0.04121306376360809,158,1,0.9937106918238994,158,0.12609736632083002,0.432348367029549,8.190772420943492,158,0.9937106918238994,0.432348367029549,0,0.0,0.0
82,DOMAIN_OOD,0.005,B0_STRUCT_XGB,0.979479730129242,0.00468384074941452,0.0036288232244686366,7,1922,676,1253,0.35044064282011406,DAPT_E2E,0.9994846582412721,0.00468384074941452,0.002592016588906169,0.05,3175,159,0.04121306376360809,156,3,0.9811320754716981,156,0.12450119712689545,0.43131156039398655,8.087091757387249,158,0.9937106918238994,0.432348367029549,-2,-0.012578616352201255,-0.10368066355624372
82,DOMAIN_OOD,0.005,B0_STRUCT_XGB,0.979479730129242,0.00468384074941452,0.0036288232244686366,7,1922,676,1253,0.35044064282011406,BASE_EMB_MLP,0.9946187734603883,0.00468384074941452,0.0036288232244686366,0.05,3175,159,0.04121306376360809,158,1,0.9937106918238994,158,0.12609736632083002,0.432348367029549,8.190772420943492,158,0.9937106918238994,0.432348367029549,0,0.0,0.0
82,DOMAIN_OOD,0.005,B0_STRUCT_XGB,0.979479730129242,0.00468384074941452,0.0036288232244686366,7,1922,676,1253,0.35044064282011406,DAPT_EMB_MLP,0.9949688315391542,0.00468384074941452,0.002592016588906169,0.05,3175,159,0.04121306376360809,157,2,0.9874213836477987,157,0.12529928172386273,0.43182996371176774,8.138932089165369,158,0.9937106918238994,0.432348367029549,-1,-0.0062893081761006275,-0.05184033177812464
82,DOMAIN_OOD,0.005,B0_STRUCT_XGB,0.979479730129242,0.00468384074941452,0.0036288232244686366,7,1922,676,1253,0.35044064282011406,CONTRASTIVE_EMB_MLP,0.9994068145751954,0.00468384074941452,0.005702436495593572,0.05,3175,159,0.04121306376360809,147,12,0.9245283018867925,147,0.11731843575418995,0.42664593053395544,7.620528771384139,158,0.9937106918238994,0.432348367029549,-11,-0.0691823899371069,-0.5702436495593544
82,DOMAIN_OOD,0.005,B0_STRUCT_XGB,0.979479730129242,0.00468384074941452,0.0036288232244686366,7,1922,676,1253,0.35044064282011406,B0_SELF,0.979479730129242,0.00468384074941452,0.0036288232244686366,0.1,3175,318,0.08242612752721618,309,9,0.9716981132075472,309,0.24660814046288906,0.5106272680145153,16.018662519440124,309,0.9716981132075472,0.5106272680145153,0,0.0,0.0
82,DOMAIN_OOD,0.005,B0_STRUCT_XGB,0.979479730129242,0.00468384074941452,0.0036288232244686366,7,1922,676,1253,0.35044064282011406,T0_E2E,0.9992519021034242,0.00468384074941452,0.0005184033177812338,0.1,3175,318,0.08242612752721618,315,3,0.9905660377358491,315,0.25139664804469275,0.5137376879212027,16.32970451010886,309,0.9716981132075472,0.5106272680145153,6,0.018867924528301883,0.3110419906687367
82,DOMAIN_OOD,0.005,B0_STRUCT_XGB,0.979479730129242,0.00468384074941452,0.0036288232244686366,7,1922,676,1253,0.35044064282011406,DAPT_E2E,0.9994846582412721,0.00468384074941452,0.002592016588906169,0.1,3175,318,0.08242612752721618,314,4,0.9874213836477987,314,0.25059856344772546,0.5132192846034215,16.27786417833074,309,0.9716981132075472,0.5106272680145153,5,0.01572327044025157,0.25920165889061764
82,DOMAIN_OOD,0.005,B0_STRUCT_XGB,0.979479730129242,0.00468384074941452,0.0036288232244686366,7,1922,676,1253,0.35044064282011406,BASE_EMB_MLP,0.9946187734603883,0.00468384074941452,0.0036288232244686366,0.1,3175,318,0.08242612752721618,310,8,0.9748427672955975,310,0.24740622505985635,0.5111456713322965,16.070502851218244,309,0.9716981132075472,0.5106272680145153,1,0.0031446540880503138,0.051840331778119086
82,DOMAIN_OOD,0.005,B0_STRUCT_XGB,0.979479730129242,0.00468384074941452,0.0036288232244686366,7,1922,676,1253,0.35044064282011406,DAPT_EMB_MLP,0.9949688315391542,0.00468384074941452,0.002592016588906169,0.1,3175,318,0.08242612752721618,312,6,0.9811320754716981,312,0.2490023942537909,0.512182477967859,16.174183514774494,309,0.9716981132075472,0.5106272680145153,3,0.009433962264150941,0.15552099533436836
82,DOMAIN_OOD,0.005,B0_STRUCT_XGB,0.979479730129242,0.00468384074941452,0.0036288232244686366,7,1922,676,1253,0.35044064282011406,CONTRASTIVE_EMB_MLP,0.9994068145751954,0.00468384074941452,0.005702436495593572,0.1,3175,318,0.08242612752721618,285,33,0.8962264150943396,285,0.22745411013567438,0.49818558838776567,14.77449455676516,309,0.9716981132075472,0.5106272680145153,-24,-0.07547169811320753,-1.2441679626749635
82,DOMAIN_OOD,0.005,B0_STRUCT_XGB,0.979479730129242,0.00468384074941452,0.0036288232244686366,7,1922,676,1253,0.35044064282011406,B0_SELF,0.979479730129242,0.00468384074941452,0.0036288232244686366,0.2,3175,635,0.16459305339554173,589,46,0.9275590551181102,589,0.47007182761372707,0.6557801969932607,30.53395541731467,589,0.9275590551181102,0.6557801969932607,0,0.0,0.0
82,DOMAIN_OOD,0.005,B0_STRUCT_XGB,0.979479730129242,0.00468384074941452,0.0036288232244686366,7,1922,676,1253,0.35044064282011406,T0_E2E,0.9992519021034242,0.00468384074941452,0.0005184033177812338,0.2,3175,635,0.16459305339554173,605,30,0.952755905511811,605,0.4828411811652035,0.6640746500777605,31.363400725764638,589,0.9275590551181102,0.6557801969932607,16,0.025196850393700787,0.829445308449972
82,DOMAIN_OOD,0.005,B0_STRUCT_XGB,0.979479730129242,0.00468384074941452,0.0036288232244686366,7,1922,676,1253,0.35044064282011406,DAPT_E2E,0.9994846582412721,0.00468384074941452,0.002592016588906169,0.2,3175,635,0.16459305339554173,616,19,0.9700787401574803,616,0.49162011173184356,0.6697770865733541,31.933644375324004,589,0.9275590551181102,0.6557801969932607,27,0.04251968503937009,1.3996889580093375
82,DOMAIN_OOD,0.005,B0_STRUCT_XGB,0.979479730129242,0.00468384074941452,0.0036288232244686366,7,1922,676,1253,0.35044064282011406,BASE_EMB_MLP,0.9946187734603883,0.00468384074941452,0.0036288232244686366,0.2,3175,635,0.16459305339554173,579,56,0.9118110236220472,579,0.46209098164405427,0.6505961638154484,30.015552099533434,589,0.9275590551181102,0.6557801969932607,-10,-0.015748031496062964,-0.5184033177812353
82,DOMAIN_OOD,0.005,B0_STRUCT_XGB,0.979479730129242,0.00468384074941452,0.0036288232244686366,7,1922,676,1253,0.35044064282011406,DAPT_EMB_MLP,0.9949688315391542,0.00468384074941452,0.002592016588906169,0.2,3175,635,0.16459305339554173,591,44,0.9307086614173228,591,0.47166799680766164,0.6568170036288232,30.637636080870916,589,0.9275590551181102,0.6557801969932607,2,0.0031496062992125706,0.10368066355624928
82,DOMAIN_OOD,0.005,B0_STRUCT_XGB,0.979479730129242,0.00468384074941452,0.0036288232244686366,7,1922,676,1253,0.35044064282011406,CONTRASTIVE_EMB_MLP,0.9994068145751954,0.00468384074941452,0.005702436495593572,0.2,3175,635,0.16459305339554173,518,117,0.815748031496063,518,0.4134078212290503,0.6189735614307932,26.853291861067913,589,0.9275590551181102,0.6557801969932607,-71,-0.1118110236220472,-3.680663556246755
82,TEMPLATE_OOD,0.005,B0_STRUCT_XGB,0.979479730129242,0.00468384074941452,0.0038056206088992973,13,3403,1416,2000,0.41451990632318503,B0_SELF,0.979479730129242,0.00468384074941452,0.0038056206088992973,0.05,5403,271,0.03966627634660422,266,5,0.981549815498155,266,0.133,0.4923887587822014,7.786885245901637,266,0.981549815498155,0.4923887587822014,0,0.0,0.0
82,TEMPLATE_OOD,0.005,B0_STRUCT_XGB,0.979479730129242,0.00468384074941452,0.0038056206088992973,13,3403,1416,2000,0.41451990632318503,T0_E2E,0.9992519021034242,0.00468384074941452,0.004098360655737705,0.05,5403,271,0.03966627634660422,269,2,0.992619926199262,269,0.1345,0.49326697892271665,7.874707259953162,266,0.981549815498155,0.4923887587822014,3,0.011070110701106972,0.08782201405152512
82,TEMPLATE_OOD,0.005,B0_STRUCT_XGB,0.979479730129242,0.00468384074941452,0.0038056206088992973,13,3403,1416,2000,0.41451990632318503,DAPT_E2E,0.9994846582412721,0.00468384074941452,0.005269320843091335,0.05,5403,271,0.03966627634660422,267,4,0.985239852398524,267,0.1335,0.49268149882903983,7.81615925058548,266,0.981549815498155,0.4923887587822014,1,0.0036900369003689537,0.029274004683843557
82,TEMPLATE_OOD,0.005,B0_STRUCT_XGB,0.979479730129242,0.00468384074941452,0.0038056206088992973,13,3403,1416,2000,0.41451990632318503,BASE_EMB_MLP,0.9946187734603883,0.00468384074941452,0.00468384074941452,0.05,5403,271,0.03966627634660422,268,3,0.988929889298893,268,0.134,0.4929742388758782,7.8454332552693185,266,0.981549815498155,0.4923887587822014,2,0.0073800738007380184,0.058548009367681564
82,TEMPLATE_OOD,0.005,B0_STRUCT_XGB,0.979479730129242,0.00468384074941452,0.0038056206088992973,13,3403,1416,2000,0.41451990632318503,DAPT_EMB_MLP,0.9949688315391542,0.00468384074941452,0.0038056206088992973,0.05,5403,271,0.03966627634660422,268,3,0.988929889298893,268,0.134,0.4929742388758782,7.8454332552693185,266,0.981549815498155,0.4923887587822014,2,0.0073800738007380184,0.058548009367681564
82,TEMPLATE_OOD,0.005,B0_STRUCT_XGB,0.979479730129242,0.00468384074941452,0.0038056206088992973,13,3403,1416,2000,0.41451990632318503,CONTRASTIVE_EMB_MLP,0.9994068145751954,0.00468384074941452,0.005269320843091335,0.05,5403,271,0.03966627634660422,254,17,0.9372693726937269,254,0.127,0.4888758782201405,7.435597189695548,266,0.981549815498155,0.4923887587822014,-12,-0.04428044280442811,-0.3512880562060894
82,TEMPLATE_OOD,0.005,B0_STRUCT_XGB,0.979479730129242,0.00468384074941452,0.0038056206088992973,13,3403,1416,2000,0.41451990632318503,B0_SELF,0.979479730129242,0.00468384074941452,0.0038056206088992973,0.1,5403,541,0.07918618266978923,524,17,0.9685767097966729,524,0.262,0.5679156908665105,15.339578454332548,524,0.9685767097966729,0.5679156908665105,0,0.0,0.0
82,TEMPLATE_OOD,0.005,B0_STRUCT_XGB,0.979479730129242,0.00468384074941452,0.0038056206088992973,13,3403,1416,2000,0.41451990632318503,T0_E2E,0.9992519021034242,0.00468384074941452,0.004098360655737705,0.1,5403,541,0.07918618266978923,533,8,0.9852125693160814,533,0.2665,0.5705503512880562,15.603044496487117,524,0.9685767097966729,0.5679156908665105,9,0.01663585951940849,0.2634660421545698
82,TEMPLATE_OOD,0.005,B0_STRUCT_XGB,0.979479730129242,0.00468384074941452,0.0038056206088992973,13,3403,1416,2000,0.41451990632318503,DAPT_E2E,0.9994846582412721,0.00468384074941452,0.005269320843091335,0.1,5403,541,0.07918618266978923,534,7,0.9870609981515711,534,0.267,0.5708430913348946,15.63231850117096,524,0.9685767097966729,0.5679156908665105,10,0.018484288354898237,0.29274004683841337
82,TEMPLATE_OOD,0.005,B0_STRUCT_XGB,0.979479730129242,0.00468384074941452,0.0038056206088992973,13,3403,1416,2000,0.41451990632318503,BASE_EMB_MLP,0.9946187734603883,0.00468384074941452,0.00468384074941452,0.1,5403,541,0.07918618266978923,523,18,0.966728280961183,523,0.2615,0.5676229508196722,15.310304449648715,524,0.9685767097966729,0.5679156908665105,-1,-0.001848428835489857,-0.029274004683832455
82,TEMPLATE_OOD,0.005,B0_STRUCT_XGB,0.979479730129242,0.00468384074941452,0.0038056206088992973,13,3403,1416,2000,0.41451990632318503,DAPT_EMB_MLP,0.9949688315391542,0.00468384074941452,0.0038056206088992973,0.1,5403,541,0.07918618266978923,527,14,0.9741219963031423,527,0.2635,0.5687939110070258,15.427400468384079,524,0.9685767097966729,0.5679156908665105,3,0.00554528650646946,0.08782201405153067
82,TEMPLATE_OOD,0.005,B0_STRUCT_XGB,0.979479730129242,0.00468384074941452,0.0038056206088992973,13,3403,1416,2000,0.41451990632318503,CONTRASTIVE_EMB_MLP,0.9994068145751954,0.00468384074941452,0.005269320843091335,0.1,5403,541,0.07918618266978923,494,47,0.9131238447319778,494,0.247,0.5591334894613583,14.46135831381733,524,0.9685767097966729,0.5679156908665105,-30,-0.055452865064695045,-0.8782201405152179
82,TEMPLATE_OOD,0.005,B0_STRUCT_XGB,0.979479730129242,0.00468384074941452,0.0038056206088992973,13,3403,1416,2000,0.41451990632318503,B0_SELF,0.979479730129242,0.00468384074941452,0.0038056206088992973,0.2,5403,1081,0.15822599531615925,1012,69,0.9361702127659575,1012,0.506,0.7107728337236534,29.625292740046838,1012,0.9361702127659575,0.7107728337236534,0,0.0,0.0
82,TEMPLATE_OOD,0.005,B0_STRUCT_XGB,0.979479730129242,0.00468384074941452,0.0038056206088992973,13,3403,1416,2000,0.41451990632318503,T0_E2E,0.9992519021034242,0.00468384074941452,0.004098360655737705,0.2,5403,1081,0.15822599531615925,1017,64,0.940795559666975,1017,0.5085,0.7122365339578455,29.771662763466043,1012,0.9361702127659575,0.7107728337236534,5,0.0046253469010175685,0.14637002341920669
82,TEMPLATE_OOD,0.005,B0_STRUCT_XGB,0.979479730129242,0.00468384074941452,0.0038056206088992973,13,3403,1416,2000,0.41451990632318503,DAPT_E2E,0.9994846582412721,0.00468384074941452,0.005269320843091335,0.2,5403,1081,0.15822599531615925,1032,49,0.9546716003700277,1032,0.516,0.7166276346604216,30.210772833723652,1012,0.9361702127659575,0.7107728337236534,20,0.018501387604070274,0.5854800936768156
82,TEMPLATE_OOD,0.005,B0_STRUCT_XGB,0.979479730129242,0.00468384074941452,0.0038056206088992973,13,3403,1416,2000,0.41451990632318503,BASE_EMB_MLP,0.9946187734603883,0.00468384074941452,0.00468384074941452,0.2,5403,1081,0.15822599531615925,975,106,0.9019426456984274,975,0.4875,0.6999414519906323,28.542154566744728,1012,0.9361702127659575,0.7107728337236534,-37,-0.03422756706753005,-1.0831381733021117
82,TEMPLATE_OOD,0.005,B0_STRUCT_XGB,0.979479730129242,0.00468384074941452,0.0038056206088992973,13,3403,1416,2000,0.41451990632318503,DAPT_EMB_MLP,0.9949688315391542,0.00468384074941452,0.0038056206088992973,0.2,5403,1081,0.15822599531615925,983,98,0.9093432007400555,983,0.4915,0.7022833723653396,28.77634660421545,1012,0.9361702127659575,0.7107728337236534,-29,-0.026827012025901986,-0.8489461358313855
82,TEMPLATE_OOD,0.005,B0_STRUCT_XGB,0.979479730129242,0.00468384074941452,0.0038056206088992973,13,3403,1416,2000,0.41451990632318503,CONTRASTIVE_EMB_MLP,0.9994068145751954,0.00468384074941452,0.005269320843091335,0.2,5403,1081,0.15822599531615925,880,201,0.8140610545790934,880,0.44,0.6721311475409836,25.761124121779854,1012,0.9361702127659575,0.7107728337236534,-132,-0.12210915818686408,-3.864168618266983
82,DOMAIN_TEMPLATE_OOD,0.005,B0_STRUCT_XGB,0.979479730129242,0.00468384074941452,0.0037756202804746495,7,1847,593,1261,0.319848975188781,B0_SELF,0.979479730129242,0.00468384074941452,0.0037756202804746495,0.05,3108,156,0.042071197411003236,155,1,0.9935897435897436,155,0.12291831879460745,0.4034519956850054,8.360302049622437,155,0.9935897435897436,0.4034519956850054,0,0.0,0.0
82,DOMAIN_TEMPLATE_OOD,0.005,B0_STRUCT_XGB,0.979479730129242,0.00468384074941452,0.0037756202804746495,7,1847,593,1261,0.319848975188781,T0_E2E,0.9992519021034242,0.00468384074941452,0.0005393743257820927,0.05,3108,156,0.042071197411003236,155,1,0.9935897435897436,155,0.12291831879460745,0.4034519956850054,8.360302049622437,155,0.9935897435897436,0.4034519956850054,0,0.0,0.0
82,DOMAIN_TEMPLATE_OOD,0.005,B0_STRUCT_XGB,0.979479730129242,0.00468384074941452,0.0037756202804746495,7,1847,593,1261,0.319848975188781,DAPT_E2E,0.9994846582412721,0.00468384074941452,0.002696871628910464,0.05,3108,156,0.042071197411003236,153,3,0.9807692307692307,153,0.12133227597145123,0.4023732470334412,8.252427184466015,155,0.9935897435897436,0.4034519956850054,-2,-0.012820512820512886,-0.10787486515642097
82,DOMAIN_TEMPLATE_OOD,0.005,B0_STRUCT_XGB,0.979479730129242,0.00468384074941452,0.0037756202804746495,7,1847,593,1261,0.319848975188781,BASE_EMB_MLP,0.9946187734603883,0.00468384074941452,0.0037756202804746495,0.05,3108,156,0.042071197411003236,154,2,0.9871794871794872,154,0.12212529738302934,0.4029126213592233,8.306364617044226,155,0.9935897435897436,0.4034519956850054,-1,-0.0064102564102563875,-0.05393743257821049
82,DOMAIN_TEMPLATE_OOD,0.005,B0_STRUCT_XGB,0.979479730129242,0.00468384074941452,0.0037756202804746495,7,1847,593,1261,0.319848975188781,DAPT_EMB_MLP,0.9949688315391542,0.00468384074941452,0.002696871628910464,0.05,3108,156,0.042071197411003236,154,2,0.9871794871794872,154,0.12212529738302934,0.4029126213592233,8.306364617044226,155,0.9935897435897436,0.4034519956850054,-1,-0.0064102564102563875,-0.05393743257821049
82,DOMAIN_TEMPLATE_OOD,0.005,B0_STRUCT_XGB,0.979479730129242,0.00468384074941452,0.0037756202804746495,7,1847,593,1261,0.319848975188781,CONTRASTIVE_EMB_MLP,0.9994068145751954,0.00468384074941452,0.005933117583603021,0.05,3108,156,0.042071197411003236,145,11,0.9294871794871795,145,0.11498810467882632,0.39805825242718446,7.820927723840343,155,0.9935897435897436,0.4034519956850054,-10,-0.0641025641025641,-0.5393743257820938
82,DOMAIN_TEMPLATE_OOD,0.005,B0_STRUCT_XGB,0.979479730129242,0.00468384074941452,0.0037756202804746495,7,1847,593,1261,0.319848975188781,B0_SELF,0.979479730129242,0.00468384074941452,0.0037756202804746495,0.1,3108,311,0.08387270765911542,303,8,0.9742765273311897,303,0.24028548770816813,0.48327939590075514,16.34304207119741,303,0.9742765273311897,0.48327939590075514,0,0.0,0.0
82,DOMAIN_TEMPLATE_OOD,0.005,B0_STRUCT_XGB,0.979479730129242,0.00468384074941452,0.0037756202804746495,7,1847,593,1261,0.319848975188781,T0_E2E,0.9992519021034242,0.00468384074941452,0.0005393743257820927,0.1,3108,311,0.08387270765911542,309,2,0.9935691318327974,309,0.24504361617763679,0.48651564185544766,16.666666666666664,303,0.9742765273311897,0.48327939590075514,6,0.019292604501607635,0.3236245954692518
82,DOMAIN_TEMPLATE_OOD,0.005,B0_STRUCT_XGB,0.979479730129242,0.00468384074941452,0.0037756202804746495,7,1847,593,1261,0.319848975188781,DAPT_E2E,0.9994846582412721,0.00468384074941452,0.002696871628910464,0.1,3108,311,0.08387270765911542,307,4,0.9871382636655949,307,0.24345757335448057,0.4854368932038835,16.558791801510246,303,0.9742765273311897,0.48327939590075514,4,0.012861736334405127,0.2157497303128364
82,DOMAIN_TEMPLATE_OOD,0.005,B0_STRUCT_XGB,0.979479730129242,0.00468384074941452,0.0037756202804746495,7,1847,593,1261,0.319848975188781,BASE_EMB_MLP,0.9946187734603883,0.00468384074941452,0.0037756202804746495,0.1,3108,311,0.08387270765911542,303,8,0.9742765273311897,303,0.24028548770816813,0.48327939590075514,16.34304207119741,303,0.9742765273311897,0.48327939590075514,0,0.0,0.0
82,DOMAIN_TEMPLATE_OOD,0.005,B0_STRUCT_XGB,0.979479730129242,0.00468384074941452,0.0037756202804746495,7,1847,593,1261,0.319848975188781,DAPT_EMB_MLP,0.9949688315391542,0.00468384074941452,0.002696871628910464,0.1,3108,311,0.08387270765911542,305,6,0.9807073954983923,305,0.24187153053132435,0.4843581445523193,16.450916936353828,303,0.9742765273311897,0.48327939590075514,2,0.006430868167202508,0.10787486515641542
82,DOMAIN_TEMPLATE_OOD,0.005,B0_STRUCT_XGB,0.979479730129242,0.00468384074941452,0.0037756202804746495,7,1847,593,1261,0.319848975188781,CONTRASTIVE_EMB_MLP,0.9994068145751954,0.00468384074941452,0.005933117583603021,0.1,3108,311,0.08387270765911542,282,29,0.9067524115755627,282,0.22363203806502777,0.47195253505933116,15.210355987055014,303,0.9742765273311897,0.48327939590075514,-21,-0.067524115755627,-1.132686084142398
82,DOMAIN_TEMPLATE_OOD,0.005,B0_STRUCT_XGB,0.979479730129242,0.00468384074941452,0.0037756202804746495,7,1847,593,1261,0.319848975188781,B0_SELF,0.979479730129242,0.00468384074941452,0.0037756202804746495,0.2,3108,622,0.16774541531823084,582,40,0.9356913183279743,582,0.46153846153846156,0.633764832793959,31.3915857605178,582,0.9356913183279743,0.633764832793959,0,0.0,0.0
82,DOMAIN_TEMPLATE_OOD,0.005,B0_STRUCT_XGB,0.979479730129242,0.00468384074941452,0.0037756202804746495,7,1847,593,1261,0.319848975188781,T0_E2E,0.9992519021034242,0.00468384074941452,0.0005393743257820927,0.2,3108,622,0.16774541531823084,596,26,0.9581993569131833,596,0.4726407613005551,0.6413160733549083,32.14670981661272,582,0.9356913183279743,0.633764832793959,14,0.022508038585209,0.7551240560949246
82,DOMAIN_TEMPLATE_OOD,0.005,B0_STRUCT_XGB,0.979479730129242,0.00468384074941452,0.0037756202804746495,7,1847,593,1261,0.319848975188781,DAPT_E2E,0.9994846582412721,0.00468384074941452,0.002696871628910464,0.2,3108,622,0.16774541531823084,605,17,0.9726688102893891,605,0.47977795400475814,0.6461704422869471,32.63214670981661,582,0.9356913183279743,0.633764832793959,23,0.036977491961414866,1.240560949298808
82,DOMAIN_TEMPLATE_OOD,0.005,B0_STRUCT_XGB,0.979479730129242,0.00468384074941452,0.0037756202804746495,7,1847,593,1261,0.319848975188781,BASE_EMB_MLP,0.9946187734603883,0.00468384074941452,0.0037756202804746495,0.2,3108,622,0.16774541531823084,568,54,0.9131832797427653,568,0.45043616177636797,0.6262135922330098,30.636461704422874,582,0.9356913183279743,0.633764832793959,-14,-0.022508038585209,-0.7551240560949246
82,DOMAIN_TEMPLATE_OOD,0.005,B0_STRUCT_XGB,0.979479730129242,0.00468384074941452,0.0037756202804746495,7,1847,593,1261,0.319848975188781,DAPT_EMB_MLP,0.9949688315391542,0.00468384074941452,0.002696871628910464,0.2,3108,622,0.16774541531823084,577,45,0.927652733118971,577,0.45757335448057096,0.6310679611650486,31.121898597626757,582,0.9356913183279743,0.633764832793959,-5,-0.008038585209003246,-0.26968716289104133
82,DOMAIN_TEMPLATE_OOD,0.005,B0_STRUCT_XGB,0.979479730129242,0.00468384074941452,0.0037756202804746495,7,1847,593,1261,0.319848975188781,CONTRASTIVE_EMB_MLP,0.9994068145751954,0.00468384074941452,0.005933117583603021,0.2,3108,622,0.16774541531823084,514,108,0.8263665594855305,514,0.4076130055511499,0.5970873786407767,27.723840345199562,582,0.9356913183279743,0.633764832793959,-68,-0.10932475884244375,-3.6677454153182354
82,IID_ORIGINAL,0.01,B0_STRUCT_XGB,0.9418538212776185,0.00936768149882904,0.005017561465127948,10,1983,544,514,0.5141776937618148,B0_SELF,0.9418538212776185,0.00936768149882904,0.005017561465127948,0.05,2497,125,0.04097017371353655,99,26,0.792,99,0.1926070038910506,0.6077504725897921,9.357277882797732,99,0.792,0.6077504725897921,0,0.0,0.0
82,IID_ORIGINAL,0.01,B0_STRUCT_XGB,0.9418538212776185,0.00936768149882904,0.005017561465127948,10,1983,544,514,0.5141776937618148,T0_E2E,0.9988120794296266,0.00936768149882904,0.014550928248871048,0.05,2497,125,0.04097017371353655,116,9,0.928,116,0.22568093385214008,0.6238185255198487,10.964083175803395,99,0.792,0.6077504725897921,17,0.136,1.6068052930056642
82,IID_ORIGINAL,0.01,B0_STRUCT_XGB,0.9418538212776185,0.00936768149882904,0.005017561465127948,10,1983,544,514,0.5141776937618148,DAPT_E2E,0.9992206096649171,0.00936768149882904,0.012042147516307075,0.05,2497,125,0.04097017371353655,121,4,0.968,121,0.23540856031128404,0.6285444234404537,11.436672967863892,99,0.792,0.6077504725897921,22,0.17599999999999993,2.07939508506616
82,IID_ORIGINAL,0.01,B0_STRUCT_XGB,0.9418538212776185,0.00936768149882904,0.005017561465127948,10,1983,544,514,0.5141776937618148,BASE_EMB_MLP,0.9885501265525819,0.00936768149882904,0.010035122930255895,0.05,2497,125,0.04097017371353655,104,21,0.832,104,0.20233463035019456,0.6124763705103969,9.829867674858217,99,0.792,0.6077504725897921,5,0.039999999999999925,0.4725897920604849
82,IID_ORIGINAL,0.01,B0_STRUCT_XGB,0.9418538212776185,0.00936768149882904,0.005017561465127948,10,1983,544,514,0.5141776937618148,DAPT_EMB_MLP,0.9817142486572267,0.00936768149882904,0.014049172102358254,0.05,2497,125,0.04097017371353655,106,19,0.848,106,0.20622568093385213,0.6143667296786389,10.018903591682415,99,0.792,0.6077504725897921,7,0.05599999999999994,0.6616257088846833
82,IID_ORIGINAL,0.01,B0_STRUCT_XGB,0.9418538212776185,0.00936768149882904,0.005017561465127948,10,1983,544,514,0.5141776937618148,CONTRASTIVE_EMB_MLP,0.9983016252517701,0.00936768149882904,0.012042147516307075,0.05,2497,125,0.04097017371353655,85,40,0.68,85,0.16536964980544747,0.5945179584120983,8.034026465028354,99,0.792,0.6077504725897921,-14,-0.11199999999999999,-1.3232514177693777
82,IID_ORIGINAL,0.01,B0_STRUCT_XGB,0.9418538212776185,0.00936768149882904,0.005017561465127948,10,1983,544,514,0.5141776937618148,B0_SELF,0.9418538212776185,0.00936768149882904,0.005017561465127948,0.1,2497,250,0.0819403474270731,168,82,0.672,168,0.32684824902723736,0.6729678638941399,15.87901701323251,168,0.672,0.6729678638941399,0,0.0,0.0
82,IID_ORIGINAL,0.01,B0_STRUCT_XGB,0.9418538212776185,0.00936768149882904,0.005017561465127948,10,1983,544,514,0.5141776937618148,T0_E2E,0.9988120794296266,0.00936768149882904,0.014550928248871048,0.1,2497,250,0.0819403474270731,202,48,0.808,202,0.39299610894941633,0.7051039697542533,19.09262759924385,168,0.672,0.6729678638941399,34,0.136,3.2136105860113395
82,IID_ORIGINAL,0.01,B0_STRUCT_XGB,0.9418538212776185,0.00936768149882904,0.005017561465127948,10,1983,544,514,0.5141776937618148,DAPT_E2E,0.9992206096649171,0.00936768149882904,0.012042147516307075,0.1,2497,250,0.0819403474270731,211,39,0.844,211,0.41050583657587547,0.7136105860113422,19.943289224952743,168,0.672,0.6729678638941399,43,0.17199999999999993,4.064272211720232
82,IID_ORIGINAL,0.01,B0_STRUCT_XGB,0.9418538212776185,0.00936768149882904,0.005017561465127948,10,1983,544,514,0.5141776937618148,BASE_EMB_MLP,0.9885501265525819,0.00936768149882904,0.010035122930255895,0.1,2497,250,0.0819403474270731,179,71,0.716,179,0.34824902723735407,0.6833648393194707,16.91871455576559,168,0.672,0.6729678638941399,11,0.04399999999999993,1.03969754253308
82,IID_ORIGINAL,0.01,B0_STRUCT_XGB,0.9418538212776185,0.00936768149882904,0.005017561465127948,10,1983,544,514,0.5141776937618148,DAPT_EMB_MLP,0.9817142486572267,0.00936768149882904,0.014049172102358254,0.1,2497,250,0.0819403474270731,180,70,0.72,180,0.35019455252918286,0.6843100189035917,17.01323251417769,168,0.672,0.6729678638941399,12,0.04799999999999993,1.1342155009451793
82,IID_ORIGINAL,0.01,B0_STRUCT_XGB,0.9418538212776185,0.00936768149882904,0.005017561465127948,10,1983,544,514,0.5141776937618148,CONTRASTIVE_EMB_MLP,0.9983016252517701,0.00936768149882904,0.012042147516307075,0.1,2497,250,0.0819403474270731,145,105,0.58,145,0.2821011673151751,0.6512287334593573,13.705103969754251,168,0.672,0.6729678638941399,-23,-0.09200000000000008,-2.1739130434782594
82,IID_ORIGINAL,0.01,B0_STRUCT_XGB,0.9418538212776185,0.00936768149882904,0.005017561465127948,10,1983,544,514,0.5141776937618148,B0_SELF,0.9418538212776185,0.00936768149882904,0.005017561465127948,0.2,2497,500,0.1638806948541462,255,245,0.51,255,0.4961089494163424,0.7551984877126654,24.102079395085063,255,0.51,0.7551984877126654,0,0.0,0.0
82,IID_ORIGINAL,0.01,B0_STRUCT_XGB,0.9418538212776185,0.00936768149882904,0.005017561465127948,10,1983,544,514,0.5141776937618148,T0_E2E,0.9988120794296266,0.00936768149882904,0.014550928248871048,0.2,2497,500,0.1638806948541462,313,187,0.626,313,0.6089494163424124,0.8100189035916824,29.58412098298676,255,0.51,0.7551984877126654,58,0.11599999999999999,5.482041587901698
82,IID_ORIGINAL,0.01,B0_STRUCT_XGB,0.9418538212776185,0.00936768149882904,0.005017561465127948,10,1983,544,514,0.5141776937618148,DAPT_E2E,0.9992206096649171,0.00936768149882904,0.012042147516307075,0.2,2497,500,0.1638806948541462,317,183,0.634,317,0.6167315175097277,0.8137996219281664,29.96219281663516,255,0.51,0.7551984877126654,62,0.124,5.8601134215500945
82,IID_ORIGINAL,0.01,B0_STRUCT_XGB,0.9418538212776185,0.00936768149882904,0.005017561465127948,10,1983,544,514,0.5141776937618148,BASE_EMB_MLP,0.9885501265525819,0.00936768149882904,0.010035122930255895,0.2,2497,500,0.1638806948541462,278,222,0.556,278,0.5408560311284046,0.776937618147448,26.27599243856332,255,0.51,0.7551984877126654,23,0.04600000000000004,2.1739130434782594
82,IID_ORIGINAL,0.01,B0_STRUCT_XGB,0.9418538212776185,0.00936768149882904,0.005017561465127948,10,1983,544,514,0.5141776937618148,DAPT_EMB_MLP,0.9817142486572267,0.00936768149882904,0.014049172102358254,0.2,2497,500,0.1638806948541462,299,201,0.598,299,0.5817120622568094,0.7967863894139886,28.260869565217384,255,0.51,0.7551984877126654,44,0.08799999999999997,4.15879017013232
82,IID_ORIGINAL,0.01,B0_STRUCT_XGB,0.9418538212776185,0.00936768149882904,0.005017561465127948,10,1983,544,514,0.5141776937618148,CONTRASTIVE_EMB_MLP,0.9983016252517701,0.00936768149882904,0.012042147516307075,0.2,2497,500,0.1638806948541462,262,238,0.524,262,0.5097276264591439,0.7618147448015122,24.763705103969748,255,0.51,0.7551984877126654,7,0.014000000000000012,0.6616257088846833
82,IID_BALANCED,0.01,B0_STRUCT_XGB,0.9418538212776185,0.00936768149882904,0.007561436672967864,8,1050,544,514,0.5141776937618148,B0_SELF,0.9418538212776185,0.00936768149882904,0.007561436672967864,0.05,1564,79,0.03733459357277883,73,6,0.9240506329113924,73,0.14202334630350194,0.5831758034026465,6.899810964083175,73,0.9240506329113924,0.5831758034026465,0,0.0,0.0
82,IID_BALANCED,0.01,B0_STRUCT_XGB,0.9418538212776185,0.00936768149882904,0.007561436672967864,8,1050,544,514,0.5141776937618148,T0_E2E,0.9988120794296266,0.00936768149882904,0.01984877126654064,0.05,1564,79,0.03733459357277883,79,0,1.0,79,0.15369649805447472,0.5888468809073724,7.466918714555759,73,0.9240506329113924,0.5831758034026465,6,0.07594936708860756,0.5671077504725841
82,IID_BALANCED,0.01,B0_STRUCT_XGB,0.9418538212776185,0.00936768149882904,0.007561436672967864,8,1050,544,514,0.5141776937618148,DAPT_E2E,0.9992206096649171,0.00936768149882904,0.015122873345935728,0.05,1564,79,0.03733459357277883,78,1,0.9873417721518988,78,0.1517509727626459,0.5879017013232514,7.37240075614366,73,0.9240506329113924,0.5831758034026465,5,0.06329113924050633,0.4725897920604849
82,IID_BALANCED,0.01,B0_STRUCT_XGB,0.9418538212776185,0.00936768149882904,0.007561436672967864,8,1050,544,514,0.5141776937618148,BASE_EMB_MLP,0.9885501265525819,0.00936768149882904,0.010396975425330813,0.05,1564,79,0.03733459357277883,75,4,0.9493670886075949,75,0.14591439688715954,0.5850661625708885,7.088846880907374,73,0.9240506329113924,0.5831758034026465,2,0.025316455696202445,0.1890359168241984
82,IID_BALANCED,0.01,B0_STRUCT_XGB,0.9418538212776185,0.00936768149882904,0.007561436672967864,8,1050,544,514,0.5141776937618148,DAPT_EMB_MLP,0.9817142486572267,0.00936768149882904,0.01606805293005671,0.05,1564,79,0.03733459357277883,76,3,0.9620253164556962,76,0.14785992217898833,0.5860113421550095,7.183364839319473,73,0.9240506329113924,0.5831758034026465,3,0.03797468354430378,0.2835538752362976
82,IID_BALANCED,0.01,B0_STRUCT_XGB,0.9418538212776185,0.00936768149882904,0.007561436672967864,8,1050,544,514,0.5141776937618148,CONTRASTIVE_EMB_MLP,0.9983016252517701,0.00936768149882904,0.012287334593572778,0.05,1564,79,0.03733459357277883,65,14,0.8227848101265823,65,0.1264591439688716,0.5756143667296786,6.143667296786381,73,0.9240506329113924,0.5831758034026465,-8,-0.10126582278481011,-0.7561436672967936
82,IID_BALANCED,0.01,B0_STRUCT_XGB,0.9418538212776185,0.00936768149882904,0.007561436672967864,8,1050,544,514,0.5141776937618148,B0_SELF,0.9418538212776185,0.00936768149882904,0.007561436672967864,0.1,1564,157,0.07419659735349717,133,24,0.8471337579617835,133,0.2587548638132296,0.6398865784499055,12.570888468809072,133,0.8471337579617835,0.6398865784499055,0,0.0,0.0
82,IID_BALANCED,0.01,B0_STRUCT_XGB,0.9418538212776185,0.00936768149882904,0.007561436672967864,8,1050,544,514,0.5141776937618148,T0_E2E,0.9988120794296266,0.00936768149882904,0.01984877126654064,0.1,1564,157,0.07419659735349717,143,14,0.910828025477707,143,0.2782101167315175,0.6493383742911153,13.516068052930052,133,0.8471337579617835,0.6398865784499055,10,0.06369426751592355,0.9451795841209809
82,IID_BALANCED,0.01,B0_STRUCT_XGB,0.9418538212776185,0.00936768149882904,0.007561436672967864,8,1050,544,514,0.5141776937618148,DAPT_E2E,0.9992206096649171,0.00936768149882904,0.015122873345935728,0.1,1564,157,0.07419659735349717,146,11,0.9299363057324841,146,0.2840466926070039,0.6521739130434783,13.79962192816635,133,0.8471337579617835,0.6398865784499055,13,0.08280254777070062,1.2287334593572785
82,IID_BALANCED,0.01,B0_STRUCT_XGB,0.9418538212776185,0.00936768149882904,0.007561436672967864,8,1050,544,514,0.5141776937618148,BASE_EMB_MLP,0.9885501265525819,0.00936768149882904,0.010396975425330813,0.1,1564,157,0.07419659735349717,139,18,0.8853503184713376,139,0.2704280155642023,0.6455576559546313,13.137996219281655,133,0.8471337579617835,0.6398865784499055,6,0.03821656050955413,0.5671077504725841
82,IID_BALANCED,0.01,B0_STRUCT_XGB,0.9418538212776185,0.00936768149882904,0.007561436672967864,8,1050,544,514,0.5141776937618148,DAPT_EMB_MLP,0.9817142486572267,0.00936768149882904,0.01606805293005671,0.1,1564,157,0.07419659735349717,135,22,0.8598726114649682,135,0.26264591439688717,0.6417769376181475,12.75992438563327,133,0.8471337579617835,0.6398865784499055,2,0.01273885350318471,0.1890359168241984
82,IID_BALANCED,0.01,B0_STRUCT_XGB,0.9418538212776185,0.00936768149882904,0.007561436672967864,8,1050,544,514,0.5141776937618148,CONTRASTIVE_EMB_MLP,0.9983016252517701,0.00936768149882904,0.012287334593572778,0.1,1564,157,0.07419659735349717,121,36,0.7707006369426752,121,0.23540856031128404,0.6285444234404537,11.436672967863892,133,0.8471337579617835,0.6398865784499055,-12,-0.07643312101910826,-1.1342155009451793
82,IID_BALANCED,0.01,B0_STRUCT_XGB,0.9418538212776185,0.00936768149882904,0.007561436672967864,8,1050,544,514,0.5141776937618148,B0_SELF,0.9418538212776185,0.00936768149882904,0.007561436672967864,0.2,1564,313,0.14792060491493383,226,87,0.7220447284345048,226,0.4396887159533074,0.7277882797731569,21.361058601134207,226,0.7220447284345048,0.7277882797731569,0,0.0,0.0
82,IID_BALANCED,0.01,B0_STRUCT_XGB,0.9418538212776185,0.00936768149882904,0.007561436672967864,8,1050,544,514,0.5141776937618148,T0_E2E,0.9988120794296266,0.00936768149882904,0.01984877126654064,0.2,1564,313,0.14792060491493383,263,50,0.8402555910543131,263,0.5116731517509727,0.7627599243856332,24.858223062381846,226,0.7220447284345048,0.7277882797731569,37,0.11821086261980829,3.497164461247637
82,IID_BALANCED,0.01,B0_STRUCT_XGB,0.9418538212776185,0.00936768149882904,0.007561436672967864,8,1050,544,514,0.5141776937618148,DAPT_E2E,0.9992206096649171,0.00936768149882904,0.015122873345935728,0.2,1564,313,0.14792060491493383,271,42,0.865814696485623,271,0.5272373540856031,0.7703213610586012,25.61436672967864,226,0.7220447284345048,0.7277882797731569,45,0.1437699680511182,4.253308128544431
82,IID_BALANCED,0.01,B0_STRUCT_XGB,0.9418538212776185,0.00936768149882904,0.007561436672967864,8,1050,544,514,0.5141776937618148,BASE_EMB_MLP,0.9885501265525819,0.00936768149882904,0.010396975425330813,0.2,1564,313,0.14792060491493383,236,77,0.7539936102236422,236,0.4591439688715953,0.7372400756143668,22.3062381852552,226,0.7220447284345048,0.7277882797731569,10,0.03194888178913735,0.945179584120992
82,IID_BALANCED,0.01,B0_STRUCT_XGB,0.9418538212776185,0.00936768149882904,0.007561436672967864,8,1050,544,514,0.5141776937618148,DAPT_EMB_MLP,0.9817142486572267,0.00936768149882904,0.01606805293005671,0.2,1564,313,0.14792060491493383,246,67,0.7859424920127795,246,0.4785992217898833,0.7466918714555766,23.251417769376182,226,0.7220447284345048,0.7277882797731569,20,0.0638977635782747,1.890359168241973
82,IID_BALANCED,0.01,B0_STRUCT_XGB,0.9418538212776185,0.00936768149882904,0.007561436672967864,8,1050,544,514,0.5141776937618148,CONTRASTIVE_EMB_MLP,0.9983016252517701,0.00936768149882904,0.012287334593572778,0.2,1564,313,0.14792060491493383,221,92,0.7060702875399361,221,0.42996108949416345,0.723062381852552,20.888468809073725,226,0.7220447284345048,0.7277882797731569,-5,-0.015974440894568787,-0.4725897920604849
82,TEMPORAL,0.01,B0_STRUCT_XGB,0.9418538212776185,0.00936768149882904,0.007,28,3972,2266,1734,0.5665,B0_SELF,0.9418538212776185,0.00936768149882904,0.007,0.05,5706,286,0.03575,264,22,0.9230769230769231,264,0.1522491349480969,0.6325,6.599999999999994,264,0.9230769230769231,0.6325,0,0.0,0.0
82,TEMPORAL,0.01,B0_STRUCT_XGB,0.9418538212776185,0.00936768149882904,0.007,28,3972,2266,1734,0.5665,T0_E2E,0.9988120794296266,0.00936768149882904,0.016,0.05,5706,286,0.03575,284,2,0.993006993006993,284,0.1637831603229527,0.6375,7.099999999999995,264,0.9230769230769231,0.6325,20,0.0699300699300699,0.5000000000000004
82,TEMPORAL,0.01,B0_STRUCT_XGB,0.9418538212776185,0.00936768149882904,0.007,28,3972,2266,1734,0.5665,DAPT_E2E,0.9992206096649171,0.00936768149882904,0.013,0.05,5706,286,0.03575,282,4,0.986013986013986,282,0.16262975778546712,0.637,7.050000000000001,264,0.9230769230769231,0.6325,18,0.06293706293706292,0.45000000000000595
82,TEMPORAL,0.01,B0_STRUCT_XGB,0.9418538212776185,0.00936768149882904,0.007,28,3972,2266,1734,0.5665,BASE_EMB_MLP,0.9885501265525819,0.00936768149882904,0.0095,0.05,5706,286,0.03575,278,8,0.972027972027972,278,0.16032295271049596,0.636,6.950000000000001,264,0.9230769230769231,0.6325,14,0.04895104895104885,0.35000000000000586
82,TEMPORAL,0.01,B0_STRUCT_XGB,0.9418538212776185,0.00936768149882904,0.007,28,3972,2266,1734,0.5665,DAPT_EMB_MLP,0.9817142486572267,0.00936768149882904,0.009,0.05,5706,286,0.03575,279,7,0.9755244755244755,279,0.16089965397923875,0.63625,6.974999999999998,264,0.9230769230769231,0.6325,15,0.05244755244755239,0.3750000000000031
82,TEMPORAL,0.01,B0_STRUCT_XGB,0.9418538212776185,0.00936768149882904,0.007,28,3972,2266,1734,0.5665,CONTRASTIVE_EMB_MLP,0.9983016252517701,0.00936768149882904,0.0095,0.05,5706,286,0.03575,250,36,0.8741258741258742,250,0.14417531718569782,0.629,6.25,264,0.9230769230769231,0.6325,-14,-0.04895104895104896,-0.34999999999999476
82,TEMPORAL,0.01,B0_STRUCT_XGB,0.9418538212776185,0.00936768149882904,0.007,28,3972,2266,1734,0.5665,B0_SELF,0.9418538212776185,0.00936768149882904,0.007,0.1,5706,571,0.071375,522,49,0.9141856392294221,522,0.30103806228373703,0.697,13.049999999999995,522,0.9141856392294221,0.697,0,0.0,0.0
82,TEMPORAL,0.01,B0_STRUCT_XGB,0.9418538212776185,0.00936768149882904,0.007,28,3972,2266,1734,0.5665,T0_E2E,0.9988120794296266,0.00936768149882904,0.016,0.1,5706,571,0.071375,528,43,0.9246935201401051,528,0.3044982698961938,0.6985,13.200000000000001,522,0.9141856392294221,0.697,6,0.010507880910682998,0.15000000000000568
82,TEMPORAL,0.01,B0_STRUCT_XGB,0.9418538212776185,0.00936768149882904,0.007,28,3972,2266,1734,0.5665,DAPT_E2E,0.9992206096649171,0.00936768149882904,0.013,0.1,5706,571,0.071375,553,18,0.968476357267951,553,0.31891580161476357,0.70475,13.825,522,0.9141856392294221,0.697,31,0.05429071803852892,0.7750000000000035
82,TEMPORAL,0.01,B0_STRUCT_XGB,0.9418538212776185,0.00936768149882904,0.007,28,3972,2266,1734,0.5665,BASE_EMB_MLP,0.9885501265525819,0.00936768149882904,0.0095,0.1,5706,571,0.071375,534,37,0.9352014010507881,534,0.3079584775086505,0.7,13.349999999999994,522,0.9141856392294221,0.697,12,0.021015761821365997,0.30000000000000027
82,TEMPORAL,0.01,B0_STRUCT_XGB,0.9418538212776185,0.00936768149882904,0.007,28,3972,2266,1734,0.5665,DAPT_EMB_MLP,0.9817142486572267,0.00936768149882904,0.009,0.1,5706,571,0.071375,541,30,0.9474605954465849,541,0.3119953863898501,0.70175,13.524999999999999,522,0.9141856392294221,0.697,19,0.03327495621716281,0.4750000000000032
82,TEMPORAL,0.01,B0_STRUCT_XGB,0.9418538212776185,0.00936768149882904,0.007,28,3972,2266,1734,0.5665,CONTRASTIVE_EMB_MLP,0.9983016252517701,0.00936768149882904,0.0095,0.1,5706,571,0.071375,455,116,0.7968476357267951,455,0.26239907727797,0.68025,11.375000000000002,522,0.9141856392294221,0.697,-67,-0.11733800350262702,-1.6749999999999932
82,TEMPORAL,0.01,B0_STRUCT_XGB,0.9418538212776185,0.00936768149882904,0.007,28,3972,2266,1734,0.5665,B0_SELF,0.9418538212776185,0.00936768149882904,0.007,0.2,5706,1142,0.14275,911,231,0.797723292469352,911,0.5253748558246828,0.79425,22.775000000000002,911,0.797723292469352,0.79425,0,0.0,0.0
82,TEMPORAL,0.01,B0_STRUCT_XGB,0.9418538212776185,0.00936768149882904,0.007,28,3972,2266,1734,0.5665,T0_E2E,0.9988120794296266,0.00936768149882904,0.016,0.2,5706,1142,0.14275,1014,128,0.8879159369527145,1014,0.5847750865051903,0.82,25.349999999999994,911,0.797723292469352,0.79425,103,0.0901926444833625,2.574999999999994
82,TEMPORAL,0.01,B0_STRUCT_XGB,0.9418538212776185,0.00936768149882904,0.007,28,3972,2266,1734,0.5665,DAPT_E2E,0.9992206096649171,0.00936768149882904,0.013,0.2,5706,1142,0.14275,1023,119,0.8957968476357268,1023,0.5899653979238755,0.82225,25.575000000000003,911,0.797723292469352,0.79425,112,0.09807355516637473,2.8000000000000025
82,TEMPORAL,0.01,B0_STRUCT_XGB,0.9418538212776185,0.00936768149882904,0.007,28,3972,2266,1734,0.5665,BASE_EMB_MLP,0.9885501265525819,0.00936768149882904,0.0095,0.2,5706,1142,0.14275,911,231,0.797723292469352,911,0.5253748558246828,0.79425,22.775000000000002,911,0.797723292469352,0.79425,0,0.0,0.0
82,TEMPORAL,0.01,B0_STRUCT_XGB,0.9418538212776185,0.00936768149882904,0.007,28,3972,2266,1734,0.5665,DAPT_EMB_MLP,0.9817142486572267,0.00936768149882904,0.009,0.2,5706,1142,0.14275,913,229,0.7994746059544658,913,0.5265282583621684,0.79475,22.824999999999996,911,0.797723292469352,0.79425,2,0.0017513134851138146,0.04999999999999449
82,TEMPORAL,0.01,B0_STRUCT_XGB,0.9418538212776185,0.00936768149882904,0.007,28,3972,2266,1734,0.5665,CONTRASTIVE_EMB_MLP,0.9983016252517701,0.00936768149882904,0.0095,0.2,5706,1142,0.14275,800,342,0.7005253940455342,800,0.461361014994233,0.7665,19.999999999999996,911,0.797723292469352,0.79425,-111,-0.09719789842381787,-2.7750000000000052
82,DOMAIN_OOD,0.01,B0_STRUCT_XGB,0.9418538212776185,0.00936768149882904,0.006220839813374806,12,1917,947,982,0.4909279419388284,B0_SELF,0.9418538212776185,0.00936768149882904,0.006220839813374806,0.05,2899,145,0.03758424053913945,131,14,0.903448275862069,131,0.1334012219959267,0.55883877656817,6.791083462934166,131,0.903448275862069,0.55883877656817,0,0.0,0.0
82,DOMAIN_OOD,0.01,B0_STRUCT_XGB,0.9418538212776185,0.00936768149882904,0.006220839813374806,12,1917,947,982,0.4909279419388284,T0_E2E,0.9988120794296266,0.00936768149882904,0.005184033177812338,0.05,2899,145,0.03758424053913945,144,1,0.993103448275862,144,0.14663951120162932,0.5655780196993261,7.46500777604977,131,0.903448275862069,0.55883877656817,13,0.08965517241379306,0.6739243131156036
82,DOMAIN_OOD,0.01,B0_STRUCT_XGB,0.9418538212776185,0.00936768149882904,0.006220839813374806,12,1917,947,982,0.4909279419388284,DAPT_E2E,0.9992206096649171,0.00936768149882904,0.004665629860031105,0.05,2899,145,0.03758424053913945,142,3,0.9793103448275862,142,0.1446028513238289,0.5645412130637636,7.361327112493521,131,0.903448275862069,0.55883877656817,11,0.07586206896551717,0.5702436495593544
82,DOMAIN_OOD,0.01,B0_STRUCT_XGB,0.9418538212776185,0.00936768149882904,0.006220839813374806,12,1917,947,982,0.4909279419388284,BASE_EMB_MLP,0.9885501265525819,0.00936768149882904,0.006220839813374806,0.05,2899,145,0.03758424053913945,142,3,0.9793103448275862,142,0.1446028513238289,0.5645412130637636,7.361327112493521,131,0.903448275862069,0.55883877656817,11,0.07586206896551717,0.5702436495593544
82,DOMAIN_OOD,0.01,B0_STRUCT_XGB,0.9418538212776185,0.00936768149882904,0.006220839813374806,12,1917,947,982,0.4909279419388284,DAPT_EMB_MLP,0.9817142486572267,0.00936768149882904,0.00673924313115604,0.05,2899,145,0.03758424053913945,142,3,0.9793103448275862,142,0.1446028513238289,0.5645412130637636,7.361327112493521,131,0.903448275862069,0.55883877656817,11,0.07586206896551717,0.5702436495593544
82,DOMAIN_OOD,0.01,B0_STRUCT_XGB,0.9418538212776185,0.00936768149882904,0.006220839813374806,12,1917,947,982,0.4909279419388284,CONTRASTIVE_EMB_MLP,0.9983016252517701,0.00936768149882904,0.007257646448937273,0.05,2899,145,0.03758424053913945,129,16,0.8896551724137931,129,0.13136456211812628,0.5578019699326076,6.687402799377917,131,0.903448275862069,0.55883877656817,-2,-0.01379310344827589,-0.10368066355624928
82,DOMAIN_OOD,0.01,B0_STRUCT_XGB,0.9418538212776185,0.00936768149882904,0.006220839813374806,12,1917,947,982,0.4909279419388284,B0_SELF,0.9418538212776185,0.00936768149882904,0.006220839813374806,0.1,2899,290,0.0751684810782789,254,36,0.8758620689655172,254,0.25865580448065173,0.6226023846552617,13.167444271643337,254,0.8758620689655172,0.6226023846552617,0,0.0,0.0
82,DOMAIN_OOD,0.01,B0_STRUCT_XGB,0.9418538212776185,0.00936768149882904,0.006220839813374806,12,1917,947,982,0.4909279419388284,T0_E2E,0.9988120794296266,0.00936768149882904,0.005184033177812338,0.1,2899,290,0.0751684810782789,280,10,0.9655172413793104,280,0.285132382892057,0.6360808709175739,14.515292897874554,254,0.8758620689655172,0.6226023846552617,26,0.08965517241379317,1.3478486262312184
82,DOMAIN_OOD,0.01,B0_STRUCT_XGB,0.9418538212776185,0.00936768149882904,0.006220839813374806,12,1917,947,982,0.4909279419388284,DAPT_E2E,0.9992206096649171,0.00936768149882904,0.004665629860031105,0.1,2899,290,0.0751684810782789,285,5,0.9827586206896551,285,0.29022403258655805,0.63867288750648,14.77449455676516,254,0.8758620689655172,0.6226023846552617,31,0.10689655172413792,1.607050285121825
82,DOMAIN_OOD,0.01,B0_STRUCT_XGB,0.9418538212776185,0.00936768149882904,0.006220839813374806,12,1917,947,982,0.4909279419388284,BASE_EMB_MLP,0.9885501265525819,0.00936768149882904,0.006220839813374806,0.1,2899,290,0.0751684810782789,278,12,0.9586206896551724,278,0.2830957230142566,0.6350440642820114,14.411612234318305,254,0.8758620689655172,0.6226023846552617,24,0.08275862068965523,1.244167962674969
82,DOMAIN_OOD,0.01,B0_STRUCT_XGB,0.9418538212776185,0.00936768149882904,0.006220839813374806,12,1917,947,982,0.4909279419388284,DAPT_EMB_MLP,0.9817142486572267,0.00936768149882904,0.00673924313115604,0.1,2899,290,0.0751684810782789,283,7,0.9758620689655172,283,0.28818737270875766,0.6376360808709176,14.670813893208923,254,0.8758620689655172,0.6226023846552617,29,0.09999999999999998,1.5033696215655867
82,DOMAIN_OOD,0.01,B0_STRUCT_XGB,0.9418538212776185,0.00936768149882904,0.006220839813374806,12,1917,947,982,0.4909279419388284,CONTRASTIVE_EMB_MLP,0.9983016252517701,0.00936768149882904,0.007257646448937273,0.1,2899,290,0.0751684810782789,236,54,0.8137931034482758,236,0.24032586558044808,0.6132711249351996,12.234318299637126,254,0.8758620689655172,0.6226023846552617,-18,-0.06206896551724139,-0.9331259720062102
82,DOMAIN_OOD,0.01,B0_STRUCT_XGB,0.9418538212776185,0.00936768149882904,0.006220839813374806,12,1917,947,982,0.4909279419388284,B0_SELF,0.9418538212776185,0.00936768149882904,0.006220839813374806,0.2,2899,580,0.1503369621565578,460,120,0.7931034482758621,460,0.4684317718940937,0.7293934681181959,23.846552617936755,460,0.7931034482758621,0.7293934681181959,0,0.0,0.0
82,DOMAIN_OOD,0.01,B0_STRUCT_XGB,0.9418538212776185,0.00936768149882904,0.006220839813374806,12,1917,947,982,0.4909279419388284,T0_E2E,0.9988120794296266,0.00936768149882904,0.005184033177812338,0.2,2899,580,0.1503369621565578,537,43,0.9258620689655173,537,0.5468431771894093,0.769310523587351,27.83825816485226,460,0.7931034482758621,0.7293934681181959,77,0.13275862068965516,3.9917055469155027
82,DOMAIN_OOD,0.01,B0_STRUCT_XGB,0.9418538212776185,0.00936768149882904,0.006220839813374806,12,1917,947,982,0.4909279419388284,DAPT_E2E,0.9992206096649171,0.00936768149882904,0.004665629860031105,0.2,2899,580,0.1503369621565578,544,36,0.9379310344827586,544,0.5539714867617108,0.7729393468118196,28.201140487299124,460,0.7931034482758621,0.7293934681181959,84,0.1448275862068965,4.354587869362369
82,DOMAIN_OOD,0.01,B0_STRUCT_XGB,0.9418538212776185,0.00936768149882904,0.006220839813374806,12,1917,947,982,0.4909279419388284,BASE_EMB_MLP,0.9885501265525819,0.00936768149882904,0.006220839813374806,0.2,2899,580,0.1503369621565578,487,93,0.8396551724137931,487,0.4959266802443992,0.7433903576982893,25.246241575946094,460,0.7931034482758621,0.7293934681181959,27,0.04655172413793096,1.3996889580093375
82,DOMAIN_OOD,0.01,B0_STRUCT_XGB,0.9418538212776185,0.00936768149882904,0.006220839813374806,12,1917,947,982,0.4909279419388284,DAPT_EMB_MLP,0.9817142486572267,0.00936768149882904,0.00673924313115604,0.2,2899,580,0.1503369621565578,496,84,0.8551724137931035,496,0.505091649694501,0.7480559875583204,25.7128045619492,460,0.7931034482758621,0.7293934681181959,36,0.06206896551724139,1.8662519440124425
82,DOMAIN_OOD,0.01,B0_STRUCT_XGB,0.9418538212776185,0.00936768149882904,0.006220839813374806,12,1917,947,982,0.4909279419388284,CONTRASTIVE_EMB_MLP,0.9983016252517701,0.00936768149882904,0.007257646448937273,0.2,2899,580,0.1503369621565578,426,154,0.7344827586206897,426,0.43380855397148677,0.711767755313634,22.083981337480562,460,0.7931034482758621,0.7293934681181959,-34,-0.05862068965517242,-1.7625712804561933
82,TEMPLATE_OOD,0.01,B0_STRUCT_XGB,0.9418538212776185,0.00936768149882904,0.007318501170960188,25,3391,1857,1559,0.5436182669789227,B0_SELF,0.9418538212776185,0.00936768149882904,0.007318501170960188,0.05,4950,248,0.03629976580796253,230,18,0.9274193548387096,230,0.14753046824887747,0.6109484777517564,6.733021077283374,230,0.9274193548387096,0.6109484777517564,0,0.0,0.0
82,TEMPLATE_OOD,0.01,B0_STRUCT_XGB,0.9418538212776185,0.00936768149882904,0.007318501170960188,25,3391,1857,1559,0.5436182669789227,T0_E2E,0.9988120794296266,0.00936768149882904,0.009953161592505855,0.05,4950,248,0.03629976580796253,247,1,0.9959677419354839,247,0.15843489416292494,0.6159250585480094,7.23067915690867,230,0.9274193548387096,0.6109484777517564,17,0.06854838709677424,0.49765807962529607
82,TEMPLATE_OOD,0.01,B0_STRUCT_XGB,0.9418538212776185,0.00936768149882904,0.007318501170960188,25,3391,1857,1559,0.5436182669789227,DAPT_E2E,0.9992206096649171,0.00936768149882904,0.010245901639344262,0.05,4950,248,0.03629976580796253,245,3,0.9879032258064516,245,0.15715202052597818,0.6153395784543325,7.172131147540983,230,0.9274193548387096,0.6109484777517564,15,0.06048387096774199,0.43911007025760895
82,TEMPLATE_OOD,0.01,B0_STRUCT_XGB,0.9418538212776185,0.00936768149882904,0.007318501170960188,25,3391,1857,1559,0.5436182669789227,BASE_EMB_MLP,0.9885501265525819,0.00936768149882904,0.007611241217798595,0.05,4950,248,0.03629976580796253,240,8,0.967741935483871,240,0.1539448364336113,0.6138758782201406,7.025761124121788,230,0.9274193548387096,0.6109484777517564,10,0.040322580645161366,0.29274004683841337
82,TEMPLATE_OOD,0.01,B0_STRUCT_XGB,0.9418538212776185,0.00936768149882904,0.007318501170960188,25,3391,1857,1559,0.5436182669789227,DAPT_EMB_MLP,0.9817142486572267,0.00936768149882904,0.007903981264637002,0.05,4950,248,0.03629976580796253,242,6,0.9758064516129032,242,0.15522771007055805,0.6144613583138173,7.084309133489464,230,0.9274193548387096,0.6109484777517564,12,0.048387096774193616,0.3512880562060894
82,TEMPLATE_OOD,0.01,B0_STRUCT_XGB,0.9418538212776185,0.00936768149882904,0.007318501170960188,25,3391,1857,1559,0.5436182669789227,CONTRASTIVE_EMB_MLP,0.9983016252517701,0.00936768149882904,0.007903981264637002,0.05,4950,248,0.03629976580796253,222,26,0.8951612903225806,222,0.14239897370109045,0.6086065573770492,6.498829039812648,230,0.9274193548387096,0.6109484777517564,-8,-0.032258064516129004,-0.23419203747072626
82,TEMPLATE_OOD,0.01,B0_STRUCT_XGB,0.9418538212776185,0.00936768149882904,0.007318501170960188,25,3391,1857,1559,0.5436182669789227,B0_SELF,0.9418538212776185,0.00936768149882904,0.007318501170960188,0.1,4950,495,0.07245316159250585,455,40,0.9191919191919192,455,0.2918537524053881,0.6768149882903981,13.319672131147541,455,0.9191919191919192,0.6768149882903981,0,0.0,0.0
82,TEMPLATE_OOD,0.01,B0_STRUCT_XGB,0.9418538212776185,0.00936768149882904,0.007318501170960188,25,3391,1857,1559,0.5436182669789227,T0_E2E,0.9988120794296266,0.00936768149882904,0.009953161592505855,0.1,4950,495,0.07245316159250585,475,20,0.9595959595959596,475,0.30468248877485565,0.6826697892271663,13.905152224824358,455,0.9191919191919192,0.6768149882903981,20,0.04040404040404033,0.5854800936768156
82,TEMPLATE_OOD,0.01,B0_STRUCT_XGB,0.9418538212776185,0.00936768149882904,0.007318501170960188,25,3391,1857,1559,0.5436182669789227,DAPT_E2E,0.9992206096649171,0.00936768149882904,0.010245901639344262,0.1,4950,495,0.07245316159250585,487,8,0.9838383838383838,487,0.31237973059653623,0.6861826697892272,14.256440281030446,455,0.9191919191919192,0.6768149882903981,32,0.06464646464646462,0.936768149882905
82,TEMPLATE_OOD,0.01,B0_STRUCT_XGB,0.9418538212776185,0.00936768149882904,0.007318501170960188,25,3391,1857,1559,0.5436182669789227,BASE_EMB_MLP,0.9885501265525819,0.00936768149882904,0.007611241217798595,0.1,4950,495,0.07245316159250585,472,23,0.9535353535353536,472,0.3027581783194355,0.6817915690866511,13.817330210772838,455,0.9191919191919192,0.6768149882903981,17,0.03434343434343434,0.49765807962529607
82,TEMPLATE_OOD,0.01,B0_STRUCT_XGB,0.9418538212776185,0.00936768149882904,0.007318501170960188,25,3391,1857,1559,0.5436182669789227,DAPT_EMB_MLP,0.9817142486572267,0.00936768149882904,0.007903981264637002,0.1,4950,495,0.07245316159250585,473,22,0.9555555555555556,473,0.3033996151379089,0.6820843091334895,13.846604215456681,455,0.9191919191919192,0.6768149882903981,18,0.036363636363636376,0.5269320843091396
82,TEMPLATE_OOD,0.01,B0_STRUCT_XGB,0.9418538212776185,0.00936768149882904,0.007318501170960188,25,3391,1857,1559,0.5436182669789227,CONTRASTIVE_EMB_MLP,0.9983016252517701,0.00936768149882904,0.007903981264637002,0.1,4950,495,0.07245316159250585,405,90,0.8181818181818182,405,0.25978191148171903,0.6621779859484778,11.85597189695551,455,0.9191919191919192,0.6768149882903981,-50,-0.101010101010101,-1.4637002341920335
82,TEMPLATE_OOD,0.01,B0_STRUCT_XGB,0.9418538212776185,0.00936768149882904,0.007318501170960188,25,3391,1857,1559,0.5436182669789227,B0_SELF,0.9418538212776185,0.00936768149882904,0.007318501170960188,0.2,4950,990,0.1449063231850117,803,187,0.8111111111111111,803,0.5150737652341244,0.7786885245901639,23.507025761124122,803,0.8111111111111111,0.7786885245901639,0,0.0,0.0
82,TEMPLATE_OOD,0.01,B0_STRUCT_XGB,0.9418538212776185,0.00936768149882904,0.007318501170960188,25,3391,1857,1559,0.5436182669789227,T0_E2E,0.9988120794296266,0.00936768149882904,0.009953161592505855,0.2,4950,990,0.1449063231850117,908,82,0.9171717171717172,908,0.5824246311738294,0.8094262295081968,26.580796252927406,803,0.8111111111111111,0.7786885245901639,105,0.10606060606060608,3.073770491803285
82,TEMPLATE_OOD,0.01,B0_STRUCT_XGB,0.9418538212776185,0.00936768149882904,0.007318501170960188,25,3391,1857,1559,0.5436182669789227,DAPT_E2E,0.9992206096649171,0.00936768149882904,0.010245901639344262,0.2,4950,990,0.1449063231850117,911,79,0.9202020202020202,911,0.5843489416292496,0.810304449648712,26.66861826697893,803,0.8111111111111111,0.7786885245901639,108,0.10909090909090913,3.1615925058548044
82,TEMPLATE_OOD,0.01,B0_STRUCT_XGB,0.9418538212776185,0.00936768149882904,0.007318501170960188,25,3391,1857,1559,0.5436182669789227,BASE_EMB_MLP,0.9885501265525819,0.00936768149882904,0.007611241217798595,0.2,4950,990,0.1449063231850117,810,180,0.8181818181818182,810,0.5195638229634381,0.7807377049180327,23.711943793911004,803,0.8111111111111111,0.7786885245901639,7,0.007070707070707116,0.2049180327868827
82,TEMPLATE_OOD,0.01,B0_STRUCT_XGB,0.9418538212776185,0.00936768149882904,0.007318501170960188,25,3391,1857,1559,0.5436182669789227,DAPT_EMB_MLP,0.9817142486572267,0.00936768149882904,0.007903981264637002,0.2,4950,990,0.1449063231850117,813,177,0.8212121212121212,813,0.5214881334188582,0.781615925058548,23.799765807962537,803,0.8111111111111111,0.7786885245901639,10,0.010101010101010055,0.29274004683841337
82,TEMPLATE_OOD,0.01,B0_STRUCT_XGB,0.9418538212776185,0.00936768149882904,0.007318501170960188,25,3391,1857,1559,0.5436182669789227,CONTRASTIVE_EMB_MLP,0.9983016252517701,0.00936768149882904,0.007903981264637002,0.2,4950,990,0.1449063231850117,718,272,0.7252525252525253,718,0.4605516356638871,0.7538056206088993,21.018735362997663,803,0.8111111111111111,0.7786885245901639,-85,-0.08585858585858586,-2.488290398126458
82,DOMAIN_TEMPLATE_OOD,0.01,B0_STRUCT_XGB,0.9418538212776185,0.00936768149882904,0.005933117583603021,11,1843,842,1012,0.45415318230852214,B0_SELF,0.9418538212776185,0.00936768149882904,0.005933117583603021,0.05,2855,143,0.03856526429341963,131,12,0.916083916083916,131,0.12944664031620554,0.5248112189859763,7.065803667745413,131,0.916083916083916,0.5248112189859763,0,0.0,0.0
82,DOMAIN_TEMPLATE_OOD,0.01,B0_STRUCT_XGB,0.9418538212776185,0.00936768149882904,0.005933117583603021,11,1843,842,1012,0.45415318230852214,T0_E2E,0.9988120794296266,0.00936768149882904,0.0048543689320388345,0.05,2855,143,0.03856526429341963,142,1,0.993006993006993,142,0.14031620553359683,0.5307443365695793,7.659115426105717,131,0.916083916083916,0.5248112189859763,11,0.07692307692307698,0.5933117583603043
82,DOMAIN_TEMPLATE_OOD,0.01,B0_STRUCT_XGB,0.9418538212776185,0.00936768149882904,0.005933117583603021,11,1843,842,1012,0.45415318230852214,DAPT_E2E,0.9992206096649171,0.00936768149882904,0.004314994606256742,0.05,2855,143,0.03856526429341963,140,3,0.9790209790209791,140,0.1383399209486166,0.5296655879180151,7.551240560949296,131,0.916083916083916,0.5248112189859763,9,0.06293706293706303,0.4854368932038833
82,DOMAIN_TEMPLATE_OOD,0.01,B0_STRUCT_XGB,0.9418538212776185,0.00936768149882904,0.005933117583603021,11,1843,842,1012,0.45415318230852214,BASE_EMB_MLP,0.9885501265525819,0.00936768149882904,0.006472491909385114,0.05,2855,143,0.03856526429341963,140,3,0.9790209790209791,140,0.1383399209486166,0.5296655879180151,7.551240560949296,131,0.916083916083916,0.5248112189859763,9,0.06293706293706303,0.4854368932038833
82,DOMAIN_TEMPLATE_OOD,0.01,B0_STRUCT_XGB,0.9418538212776185,0.00936768149882904,0.005933117583603021,11,1843,842,1012,0.45415318230852214,DAPT_EMB_MLP,0.9817142486572267,0.00936768149882904,0.007011866235167206,0.05,2855,143,0.03856526429341963,140,3,0.9790209790209791,140,0.1383399209486166,0.5296655879180151,7.551240560949296,131,0.916083916083916,0.5248112189859763,9,0.06293706293706303,0.4854368932038833
82,DOMAIN_TEMPLATE_OOD,0.01,B0_STRUCT_XGB,0.9418538212776185,0.00936768149882904,0.005933117583603021,11,1843,842,1012,0.45415318230852214,CONTRASTIVE_EMB_MLP,0.9983016252517701,0.00936768149882904,0.007011866235167206,0.05,2855,143,0.03856526429341963,130,13,0.9090909090909091,130,0.12845849802371542,0.5242718446601942,7.0118662351672025,131,0.916083916083916,0.5248112189859763,-1,-0.006993006993006978,-0.05393743257821049
82,DOMAIN_TEMPLATE_OOD,0.01,B0_STRUCT_XGB,0.9418538212776185,0.00936768149882904,0.005933117583603021,11,1843,842,1012,0.45415318230852214,B0_SELF,0.9418538212776185,0.00936768149882904,0.005933117583603021,0.1,2855,286,0.07713052858683926,259,27,0.9055944055944056,259,0.25592885375494073,0.5938511326860841,13.9697950377562,259,0.9055944055944056,0.5938511326860841,0,0.0,0.0
82,DOMAIN_TEMPLATE_OOD,0.01,B0_STRUCT_XGB,0.9418538212776185,0.00936768149882904,0.005933117583603021,11,1843,842,1012,0.45415318230852214,T0_E2E,0.9988120794296266,0.00936768149882904,0.0048543689320388345,0.1,2855,286,0.07713052858683926,279,7,0.9755244755244755,279,0.2756916996047431,0.604638619201726,15.048543689320388,259,0.9055944055944056,0.5938511326860841,20,0.0699300699300699,1.0787486515641875
82,DOMAIN_TEMPLATE_OOD,0.01,B0_STRUCT_XGB,0.9418538212776185,0.00936768149882904,0.005933117583603021,11,1843,842,1012,0.45415318230852214,DAPT_E2E,0.9992206096649171,0.00936768149882904,0.004314994606256742,0.1,2855,286,0.07713052858683926,281,5,0.9825174825174825,281,0.2776679841897233,0.6057173678532902,15.156418554476808,259,0.9055944055944056,0.5938511326860841,22,0.07692307692307687,1.1866235167206085
82,DOMAIN_TEMPLATE_OOD,0.01,B0_STRUCT_XGB,0.9418538212776185,0.00936768149882904,0.005933117583603021,11,1843,842,1012,0.45415318230852214,BASE_EMB_MLP,0.9885501265525819,0.00936768149882904,0.006472491909385114,0.1,2855,286,0.07713052858683926,275,11,0.9615384615384616,275,0.2717391304347826,0.6024811218985976,14.832793959007546,259,0.9055944055944056,0.5938511326860841,16,0.05594405594405594,0.8629989212513456
82,DOMAIN_TEMPLATE_OOD,0.01,B0_STRUCT_XGB,0.9418538212776185,0.00936768149882904,0.005933117583603021,11,1843,842,1012,0.45415318230852214,DAPT_EMB_MLP,0.9817142486572267,0.00936768149882904,0.007011866235167206,0.1,2855,286,0.07713052858683926,279,7,0.9755244755244755,279,0.2756916996047431,0.604638619201726,15.048543689320388,259,0.9055944055944056,0.5938511326860841,20,0.0699300699300699,1.0787486515641875
82,DOMAIN_TEMPLATE_OOD,0.01,B0_STRUCT_XGB,0.9418538212776185,0.00936768149882904,0.005933117583603021,11,1843,842,1012,0.45415318230852214,CONTRASTIVE_EMB_MLP,0.9983016252517701,0.00936768149882904,0.007011866235167206,0.1,2855,286,0.07713052858683926,240,46,0.8391608391608392,240,0.23715415019762845,0.5836030204962244,12.944983818770222,259,0.9055944055944056,0.5938511326860841,-19,-0.06643356643356646,-1.024811218985977
82,DOMAIN_TEMPLATE_OOD,0.01,B0_STRUCT_XGB,0.9418538212776185,0.00936768149882904,0.005933117583603021,11,1843,842,1012,0.45415318230852214,B0_SELF,0.9418538212776185,0.00936768149882904,0.005933117583603021,0.2,2855,571,0.1539913700107875,468,103,0.819614711033275,468,0.4624505928853755,0.7065803667745415,25.242718446601938,468,0.819614711033275,0.7065803667745415,0,0.0,0.0
82,DOMAIN_TEMPLATE_OOD,0.01,B0_STRUCT_XGB,0.9418538212776185,0.00936768149882904,0.005933117583603021,11,1843,842,1012,0.45415318230852214,T0_E2E,0.9988120794296266,0.00936768149882904,0.0048543689320388345,0.2,2855,571,0.1539913700107875,533,38,0.9334500875656743,533,0.5266798418972332,0.7416396979503775,28.74865156418554,468,0.819614711033275,0.7065803667745415,65,0.11383537653239928,3.505933117583604
82,DOMAIN_TEMPLATE_OOD,0.01,B0_STRUCT_XGB,0.9418538212776185,0.00936768149882904,0.005933117583603021,11,1843,842,1012,0.45415318230852214,DAPT_E2E,0.9992206096649171,0.00936768149882904,0.004314994606256742,0.2,2855,571,0.1539913700107875,540,31,0.9457092819614711,540,0.5335968379446641,0.7454153182308522,29.126213592233004,468,0.819614711033275,0.7065803667745415,72,0.1260945709281961,3.8834951456310662
82,DOMAIN_TEMPLATE_OOD,0.01,B0_STRUCT_XGB,0.9418538212776185,0.00936768149882904,0.005933117583603021,11,1843,842,1012,0.45415318230852214,BASE_EMB_MLP,0.9885501265525819,0.00936768149882904,0.006472491909385114,0.2,2855,571,0.1539913700107875,485,86,0.8493870402802102,485,0.4792490118577075,0.7157497303128371,26.159654800431493,468,0.819614711033275,0.7065803667745415,17,0.02977232924693518,0.9169363538295561
82,DOMAIN_TEMPLATE_OOD,0.01,B0_STRUCT_XGB,0.9418538212776185,0.00936768149882904,0.005933117583603021,11,1843,842,1012,0.45415318230852214,DAPT_EMB_MLP,0.9817142486572267,0.00936768149882904,0.007011866235167206,0.2,2855,571,0.1539913700107875,493,78,0.8633975481611208,493,0.4871541501976285,0.7200647249190939,26.591154261057177,468,0.819614711033275,0.7065803667745415,25,0.04378283712784581,1.34843581445524
82,DOMAIN_TEMPLATE_OOD,0.01,B0_STRUCT_XGB,0.9418538212776185,0.00936768149882904,0.005933117583603021,11,1843,842,1012,0.45415318230852214,CONTRASTIVE_EMB_MLP,0.9983016252517701,0.00936768149882904,0.007011866235167206,0.2,2855,571,0.1539913700107875,433,138,0.7583187390542907,433,0.4278656126482213,0.6877022653721683,23.354908306364614,468,0.819614711033275,0.7065803667745415,-35,-0.06129597197898429,-1.8878101402373226
82,IID_ORIGINAL,0.02,B0_STRUCT_XGB,0.8540514111518861,0.01990632318501171,0.01154039136979428,23,1970,621,437,0.5869565217391305,B0_SELF,0.8540514111518861,0.01990632318501171,0.01154039136979428,0.05,2407,121,0.03965912815470338,75,46,0.6198347107438017,75,0.17162471395881007,0.6578449905482041,7.088846880907362,75,0.6198347107438017,0.6578449905482041,0,0.0,0.0
82,IID_ORIGINAL,0.02,B0_STRUCT_XGB,0.8540514111518861,0.01990632318501171,0.01154039136979428,23,1970,621,437,0.5869565217391305,T0_E2E,0.9894499182701112,0.01990632318501171,0.025087807325639738,0.05,2407,121,0.03965912815470338,98,23,0.8099173553719008,98,0.2242562929061785,0.6795841209829868,9.262759924385634,75,0.6198347107438017,0.6578449905482041,23,0.1900826446280991,2.1739130434782705
82,IID_ORIGINAL,0.02,B0_STRUCT_XGB,0.8540514111518861,0.01990632318501171,0.01154039136979428,23,1970,621,437,0.5869565217391305,DAPT_E2E,0.9845902919769288,0.01990632318501171,0.02007024586051179,0.05,2407,121,0.03965912815470338,102,19,0.8429752066115702,102,0.2334096109839817,0.6833648393194707,9.640831758034018,75,0.6198347107438017,0.6578449905482041,27,0.22314049586776852,2.5519848771266562
82,IID_ORIGINAL,0.02,B0_STRUCT_XGB,0.8540514111518861,0.01990632318501171,0.01154039136979428,23,1970,621,437,0.5869565217391305,BASE_EMB_MLP,0.9341390728950502,0.01990632318501171,0.024586051179126944,0.05,2407,121,0.03965912815470338,87,34,0.71900826446281,87,0.19908466819221968,0.6691871455576559,8.223062381852541,75,0.6198347107438017,0.6578449905482041,12,0.09917355371900827,1.1342155009451793
82,IID_ORIGINAL,0.02,B0_STRUCT_XGB,0.8540514111518861,0.01990632318501171,0.01154039136979428,23,1970,621,437,0.5869565217391305,DAPT_EMB_MLP,0.9348122477531434,0.01990632318501171,0.031108881083793276,0.05,2407,121,0.03965912815470338,83,38,0.6859504132231405,83,0.18993135011441648,0.665406427221172,7.844990548204156,75,0.6198347107438017,0.6578449905482041,8,0.06611570247933884,0.7561436672967936
82,IID_ORIGINAL,0.02,B0_STRUCT_XGB,0.8540514111518861,0.01990632318501171,0.01154039136979428,23,1970,621,437,0.5869565217391305,CONTRASTIVE_EMB_MLP,0.9933400750160218,0.01990632318501171,0.026593075765178123,0.05,2407,121,0.03965912815470338,70,51,0.5785123966942148,70,0.16018306636155608,0.6531190926275993,6.6162570888468775,75,0.6198347107438017,0.6578449905482041,-5,-0.04132231404958686,-0.4725897920604849
82,IID_ORIGINAL,0.02,B0_STRUCT_XGB,0.8540514111518861,0.01990632318501171,0.01154039136979428,23,1970,621,437,0.5869565217391305,B0_SELF,0.8540514111518861,0.01990632318501171,0.01154039136979428,0.1,2407,241,0.07899049491969846,123,118,0.5103734439834025,123,0.2814645308924485,0.7032136105860114,11.625708884688091,123,0.5103734439834025,0.7032136105860114,0,0.0,0.0
82,IID_ORIGINAL,0.02,B0_STRUCT_XGB,0.8540514111518861,0.01990632318501171,0.01154039136979428,23,1970,621,437,0.5869565217391305,T0_E2E,0.9894499182701112,0.01990632318501171,0.025087807325639738,0.1,2407,241,0.07899049491969846,175,66,0.7261410788381742,175,0.40045766590389015,0.7523629489603024,16.540642722117195,123,0.5103734439834025,0.7032136105860114,52,0.2157676348547718,4.914933837429103
82,IID_ORIGINAL,0.02,B0_STRUCT_XGB,0.8540514111518861,0.01990632318501171,0.01154039136979428,23,1970,621,437,0.5869565217391305,DAPT_E2E,0.9845902919769288,0.01990632318501171,0.02007024586051179,0.1,2407,241,0.07899049491969846,175,66,0.7261410788381742,175,0.40045766590389015,0.7523629489603024,16.540642722117195,123,0.5103734439834025,0.7032136105860114,52,0.2157676348547718,4.914933837429103
82,IID_ORIGINAL,0.02,B0_STRUCT_XGB,0.8540514111518861,0.01990632318501171,0.01154039136979428,23,1970,621,437,0.5869565217391305,BASE_EMB_MLP,0.9341390728950502,0.01990632318501171,0.024586051179126944,0.1,2407,241,0.07899049491969846,149,92,0.6182572614107884,149,0.34096109839816935,0.7277882797731569,14.083175803402636,123,0.5103734439834025,0.7032136105860114,26,0.10788381742738595,2.457466918714546
82,IID_ORIGINAL,0.02,B0_STRUCT_XGB,0.8540514111518861,0.01990632318501171,0.01154039136979428,23,1970,621,437,0.5869565217391305,DAPT_EMB_MLP,0.9348122477531434,0.01990632318501171,0.031108881083793276,0.1,2407,241,0.07899049491969846,148,93,0.6141078838174274,148,0.33867276887871856,0.7268431001890359,13.988657844990538,123,0.5103734439834025,0.7032136105860114,25,0.10373443983402497,2.3629489603024467
82,IID_ORIGINAL,0.02,B0_STRUCT_XGB,0.8540514111518861,0.01990632318501171,0.01154039136979428,23,1970,621,437,0.5869565217391305,CONTRASTIVE_EMB_MLP,0.9933400750160218,0.01990632318501171,0.026593075765178123,0.1,2407,241,0.07899049491969846,121,120,0.5020746887966805,121,0.2768878718535469,0.7013232514177694,11.436672967863892,123,0.5103734439834025,0.7032136105860114,-2,-0.008298755186721962,-0.1890359168241984
82,IID_ORIGINAL,0.02,B0_STRUCT_XGB,0.8540514111518861,0.01990632318501171,0.01154039136979428,23,1970,621,437,0.5869565217391305,B0_SELF,0.8540514111518861,0.01990632318501171,0.01154039136979428,0.2,2407,482,0.15798098983939693,191,291,0.3962655601659751,191,0.43707093821510296,0.7674858223062382,18.05293005671077,191,0.3962655601659751,0.7674858223062382,0,0.0,0.0
82,IID_ORIGINAL,0.02,B0_STRUCT_XGB,0.8540514111518861,0.01990632318501171,0.01154039136979428,23,1970,621,437,0.5869565217391305,T0_E2E,0.9894499182701112,0.01990632318501171,0.025087807325639738,0.2,2407,482,0.15798098983939693,248,234,0.5145228215767634,248,0.5675057208237986,0.8213610586011342,23.440453686200367,191,0.3962655601659751,0.7674858223062382,57,0.11825726141078835,5.387523629489599
82,IID_ORIGINAL,0.02,B0_STRUCT_XGB,0.8540514111518861,0.01990632318501171,0.01154039136979428,23,1970,621,437,0.5869565217391305,DAPT_E2E,0.9845902919769288,0.01990632318501171,0.02007024586051179,0.2,2407,482,0.15798098983939693,254,228,0.5269709543568465,254,0.5812356979405034,0.8270321361058601,24.007561436672965,191,0.3962655601659751,0.7674858223062382,63,0.1307053941908714,5.954631379962194
82,IID_ORIGINAL,0.02,B0_STRUCT_XGB,0.8540514111518861,0.01990632318501171,0.01154039136979428,23,1970,621,437,0.5869565217391305,BASE_EMB_MLP,0.9341390728950502,0.01990632318501171,0.024586051179126944,0.2,2407,482,0.15798098983939693,231,251,0.47925311203319504,231,0.528604118993135,0.8052930056710775,21.833648393194704,191,0.3962655601659751,0.7674858223062382,40,0.08298755186721996,3.7807183364839347
82,IID_ORIGINAL,0.02,B0_STRUCT_XGB,0.8540514111518861,0.01990632318501171,0.01154039136979428,23,1970,621,437,0.5869565217391305,DAPT_EMB_MLP,0.9348122477531434,0.01990632318501171,0.031108881083793276,0.2,2407,482,0.15798098983939693,246,236,0.5103734439834025,246,0.562929061784897,0.8194706994328923,23.251417769376182,191,0.3962655601659751,0.7674858223062382,55,0.11410788381742737,5.198487712665411
82,IID_ORIGINAL,0.02,B0_STRUCT_XGB,0.8540514111518861,0.01990632318501171,0.01154039136979428,23,1970,621,437,0.5869565217391305,CONTRASTIVE_EMB_MLP,0.9933400750160218,0.01990632318501171,0.026593075765178123,0.2,2407,482,0.15798098983939693,225,257,0.46680497925311204,225,0.5148741418764302,0.7996219281663516,21.26654064272211,191,0.3962655601659751,0.7674858223062382,34,0.07053941908713696,3.2136105860113395
82,IID_BALANCED,0.02,B0_STRUCT_XGB,0.8540514111518861,0.01990632318501171,0.013232514177693762,14,1044,621,437,0.5869565217391305,B0_SELF,0.8540514111518861,0.01990632318501171,0.013232514177693762,0.05,1481,75,0.03544423440453686,57,18,0.76,57,0.13043478260869565,0.6408317580340265,5.387523629489599,57,0.76,0.6408317580340265,0,0.0,0.0
82,IID_BALANCED,0.02,B0_STRUCT_XGB,0.8540514111518861,0.01990632318501171,0.013232514177693762,14,1044,621,437,0.5869565217391305,T0_E2E,0.9894499182701112,0.01990632318501171,0.026465028355387523,0.05,1481,75,0.03544423440453686,69,6,0.92,69,0.15789473684210525,0.6521739130434783,6.521739130434778,57,0.76,0.6408317580340265,12,0.16000000000000003,1.1342155009451793
82,IID_BALANCED,0.02,B0_STRUCT_XGB,0.8540514111518861,0.01990632318501171,0.013232514177693762,14,1044,621,437,0.5869565217391305,DAPT_E2E,0.9845902919769288,0.01990632318501171,0.021739130434782608,0.05,1481,75,0.03544423440453686,72,3,0.96,72,0.16475972540045766,0.6550094517958412,6.805293005671076,57,0.76,0.6408317580340265,15,0.19999999999999996,1.417769376181477
82,IID_BALANCED,0.02,B0_STRUCT_XGB,0.8540514111518861,0.01990632318501171,0.013232514177693762,14,1044,621,437,0.5869565217391305,BASE_EMB_MLP,0.9341390728950502,0.01990632318501171,0.027410207939508508,0.05,1481,75,0.03544423440453686,66,9,0.88,66,0.15102974828375287,0.6493383742911153,6.238185255198481,57,0.76,0.6408317580340265,9,0.12,0.8506616257088817
82,IID_BALANCED,0.02,B0_STRUCT_XGB,0.8540514111518861,0.01990632318501171,0.013232514177693762,14,1044,621,437,0.5869565217391305,DAPT_EMB_MLP,0.9348122477531434,0.01990632318501171,0.031190926275992438,0.05,1481,75,0.03544423440453686,67,8,0.8933333333333333,67,0.15331807780320367,0.6502835538752363,6.33270321361058,57,0.76,0.6408317580340265,10,0.1333333333333333,0.9451795841209809
82,IID_BALANCED,0.02,B0_STRUCT_XGB,0.8540514111518861,0.01990632318501171,0.013232514177693762,14,1044,621,437,0.5869565217391305,CONTRASTIVE_EMB_MLP,0.9933400750160218,0.01990632318501171,0.02551984877126654,0.05,1481,75,0.03544423440453686,58,17,0.7733333333333333,58,0.13272311212814644,0.6417769376181475,5.482041587901698,57,0.76,0.6408317580340265,1,0.013333333333333308,0.0945179584120992
82,IID_BALANCED,0.02,B0_STRUCT_XGB,0.8540514111518861,0.01990632318501171,0.013232514177693762,14,1044,621,437,0.5869565217391305,B0_SELF,0.8540514111518861,0.01990632318501171,0.013232514177693762,0.1,1481,149,0.07041587901701324,102,47,0.6845637583892618,102,0.2334096109839817,0.6833648393194707,9.640831758034018,102,0.6845637583892618,0.6833648393194707,0,0.0,0.0
82,IID_BALANCED,0.02,B0_STRUCT_XGB,0.8540514111518861,0.01990632318501171,0.013232514177693762,14,1044,621,437,0.5869565217391305,T0_E2E,0.9894499182701112,0.01990632318501171,0.026465028355387523,0.1,1481,149,0.07041587901701324,131,18,0.8791946308724832,131,0.2997711670480549,0.7107750472589792,12.381852551984874,102,0.6845637583892618,0.6833648393194707,29,0.19463087248322142,2.7410207939508546
82,IID_BALANCED,0.02,B0_STRUCT_XGB,0.8540514111518861,0.01990632318501171,0.013232514177693762,14,1044,621,437,0.5869565217391305,DAPT_E2E,0.9845902919769288,0.01990632318501171,0.021739130434782608,0.1,1481,149,0.07041587901701324,133,16,0.8926174496644296,133,0.30434782608695654,0.7126654064272212,12.570888468809072,102,0.6845637583892618,0.6833648393194707,31,0.20805369127516782,2.930056710775053
82,IID_BALANCED,0.02,B0_STRUCT_XGB,0.8540514111518861,0.01990632318501171,0.013232514177693762,14,1044,621,437,0.5869565217391305,BASE_EMB_MLP,0.9341390728950502,0.01990632318501171,0.027410207939508508,0.1,1481,149,0.07041587901701324,116,33,0.7785234899328859,116,0.2654462242562929,0.6965973534971645,10.964083175803395,102,0.6845637583892618,0.6833648393194707,14,0.09395973154362414,1.3232514177693777
82,IID_BALANCED,0.02,B0_STRUCT_XGB,0.8540514111518861,0.01990632318501171,0.013232514177693762,14,1044,621,437,0.5869565217391305,DAPT_EMB_MLP,0.9348122477531434,0.01990632318501171,0.031190926275992438,0.1,1481,149,0.07041587901701324,117,32,0.785234899328859,117,0.26773455377574373,0.6975425330812854,11.058601134215495,102,0.6845637583892618,0.6833648393194707,15,0.10067114093959728,1.417769376181477
82,IID_BALANCED,0.02,B0_STRUCT_XGB,0.8540514111518861,0.01990632318501171,0.013232514177693762,14,1044,621,437,0.5869565217391305,CONTRASTIVE_EMB_MLP,0.9933400750160218,0.01990632318501171,0.02551984877126654,0.1,1481,149,0.07041587901701324,101,48,0.6778523489932886,101,0.2311212814645309,0.6824196597353497,9.54631379962192,102,0.6845637583892618,0.6833648393194707,-1,-0.006711409395973145,-0.0945179584120992
82,IID_BALANCED,0.02,B0_STRUCT_XGB,0.8540514111518861,0.01990632318501171,0.013232514177693762,14,1044,621,437,0.5869565217391305,B0_SELF,0.8540514111518861,0.01990632318501171,0.013232514177693762,0.2,1481,297,0.14035916824196598,180,117,0.6060606060606061,180,0.41189931350114417,0.7570888468809074,17.01323251417769,180,0.6060606060606061,0.7570888468809074,0,0.0,0.0
82,IID_BALANCED,0.02,B0_STRUCT_XGB,0.8540514111518861,0.01990632318501171,0.013232514177693762,14,1044,621,437,0.5869565217391305,T0_E2E,0.9894499182701112,0.01990632318501171,0.026465028355387523,0.2,1481,297,0.14035916824196598,227,70,0.7643097643097643,227,0.5194508009153318,0.8015122873345936,21.45557655954631,180,0.6060606060606061,0.7570888468809074,47,0.1582491582491582,4.442344045368618
82,IID_BALANCED,0.02,B0_STRUCT_XGB,0.8540514111518861,0.01990632318501171,0.013232514177693762,14,1044,621,437,0.5869565217391305,DAPT_E2E,0.9845902919769288,0.01990632318501171,0.021739130434782608,0.2,1481,297,0.14035916824196598,229,68,0.7710437710437711,229,0.5240274599542334,0.8034026465028355,21.644612476370504,180,0.6060606060606061,0.7570888468809074,49,0.164983164983165,4.631379962192817
82,IID_BALANCED,0.02,B0_STRUCT_XGB,0.8540514111518861,0.01990632318501171,0.013232514177693762,14,1044,621,437,0.5869565217391305,BASE_EMB_MLP,0.9341390728950502,0.01990632318501171,0.027410207939508508,0.2,1481,297,0.14035916824196598,195,102,0.6565656565656566,195,0.4462242562929062,0.7712665406427222,18.431001890359166,180,0.6060606060606061,0.7570888468809074,15,0.0505050505050505,1.417769376181477
82,IID_BALANCED,0.02,B0_STRUCT_XGB,0.8540514111518861,0.01990632318501171,0.013232514177693762,14,1044,621,437,0.5869565217391305,DAPT_EMB_MLP,0.9348122477531434,0.01990632318501171,0.031190926275992438,0.2,1481,297,0.14035916824196598,210,87,0.7070707070707071,210,0.4805491990846682,0.7854442344045368,19.84877126654063,180,0.6060606060606061,0.7570888468809074,30,0.101010101010101,2.8355387523629427
82,IID_BALANCED,0.02,B0_STRUCT_XGB,0.8540514111518861,0.01990632318501171,0.013232514177693762,14,1044,621,437,0.5869565217391305,CONTRASTIVE_EMB_MLP,0.9933400750160218,0.01990632318501171,0.02551984877126654,0.2,1481,297,0.14035916824196598,191,106,0.6430976430976431,191,0.43707093821510296,0.7674858223062382,18.05293005671077,180,0.6060606060606061,0.7570888468809074,11,0.03703703703703698,1.03969754253308
82,TEMPORAL,0.02,B0_STRUCT_XGB,0.8540514111518861,0.01990632318501171,0.015,60,3940,2649,1351,0.66225,B0_SELF,0.8540514111518861,0.01990632318501171,0.015,0.05,5291,265,0.033125,230,35,0.8679245283018868,230,0.1702442635085122,0.71975,5.75,230,0.8679245283018868,0.71975,0,0.0,0.0
82,TEMPORAL,0.02,B0_STRUCT_XGB,0.8540514111518861,0.01990632318501171,0.015,60,3940,2649,1351,0.66225,T0_E2E,0.9894499182701112,0.01990632318501171,0.02775,0.05,5291,265,0.033125,254,11,0.9584905660377359,254,0.18800888230940044,0.72575,6.35,230,0.8679245283018868,0.71975,24,0.09056603773584904,0.6000000000000005
82,TEMPORAL,0.02,B0_STRUCT_XGB,0.8540514111518861,0.01990632318501171,0.015,60,3940,2649,1351,0.66225,DAPT_E2E,0.9845902919769288,0.01990632318501171,0.02525,0.05,5291,265,0.033125,261,4,0.9849056603773585,261,0.19319022945965952,0.7275,6.525000000000003,230,0.8679245283018868,0.71975,31,0.11698113207547167,0.7750000000000035
82,TEMPORAL,0.02,B0_STRUCT_XGB,0.8540514111518861,0.01990632318501171,0.015,60,3940,2649,1351,0.66225,BASE_EMB_MLP,0.9341390728950502,0.01990632318501171,0.02175,0.05,5291,265,0.033125,247,18,0.9320754716981132,247,0.18282753515914138,0.724,6.174999999999997,230,0.8679245283018868,0.71975,17,0.0641509433962264,0.4249999999999976
82,TEMPORAL,0.02,B0_STRUCT_XGB,0.8540514111518861,0.01990632318501171,0.015,60,3940,2649,1351,0.66225,DAPT_EMB_MLP,0.9348122477531434,0.01990632318501171,0.0215,0.05,5291,265,0.033125,250,15,0.9433962264150944,250,0.1850481125092524,0.72475,6.25,230,0.8679245283018868,0.71975,20,0.07547169811320753,0.5000000000000004
82,TEMPORAL,0.02,B0_STRUCT_XGB,0.8540514111518861,0.01990632318501171,0.015,60,3940,2649,1351,0.66225,CONTRASTIVE_EMB_MLP,0.9933400750160218,0.01990632318501171,0.0215,0.05,5291,265,0.033125,204,61,0.769811320754717,204,0.15099925980754997,0.71325,5.100000000000005,230,0.8679245283018868,0.71975,-26,-0.09811320754716979,-0.649999999999995
82,TEMPORAL,0.02,B0_STRUCT_XGB,0.8540514111518861,0.01990632318501171,0.015,60,3940,2649,1351,0.66225,B0_SELF,0.8540514111518861,0.01990632318501171,0.015,0.1,5291,530,0.06625,410,120,0.7735849056603774,410,0.30347890451517395,0.76475,10.250000000000004,410,0.7735849056603774,0.76475,0,0.0,0.0
82,TEMPORAL,0.02,B0_STRUCT_XGB,0.8540514111518861,0.01990632318501171,0.015,60,3940,2649,1351,0.66225,T0_E2E,0.9894499182701112,0.01990632318501171,0.02775,0.1,5291,530,0.06625,459,71,0.8660377358490566,459,0.33974833456698744,0.777,11.475000000000001,410,0.7735849056603774,0.76475,49,0.09245283018867922,1.2249999999999983
82,TEMPORAL,0.02,B0_STRUCT_XGB,0.8540514111518861,0.01990632318501171,0.015,60,3940,2649,1351,0.66225,DAPT_E2E,0.9845902919769288,0.01990632318501171,0.02525,0.1,5291,530,0.06625,483,47,0.9113207547169812,483,0.35751295336787564,0.783,12.075000000000003,410,0.7735849056603774,0.76475,73,0.13773584905660374,1.8249999999999988
82,TEMPORAL,0.02,B0_STRUCT_XGB,0.8540514111518861,0.01990632318501171,0.015,60,3940,2649,1351,0.66225,BASE_EMB_MLP,0.9341390728950502,0.01990632318501171,0.02175,0.1,5291,530,0.06625,447,83,0.8433962264150944,447,0.3308660251665433,0.774,11.175,410,0.7735849056603774,0.76475,37,0.06981132075471697,0.924999999999998
82,TEMPORAL,0.02,B0_STRUCT_XGB,0.8540514111518861,0.01990632318501171,0.015,60,3940,2649,1351,0.66225,DAPT_EMB_MLP,0.9348122477531434,0.01990632318501171,0.0215,0.1,5291,530,0.06625,453,77,0.8547169811320755,453,0.33530717986676534,0.7755,11.324999999999996,410,0.7735849056603774,0.76475,43,0.0811320754716981,1.0749999999999926
82,TEMPORAL,0.02,B0_STRUCT_XGB,0.8540514111518861,0.01990632318501171,0.015,60,3940,2649,1351,0.66225,CONTRASTIVE_EMB_MLP,0.9933400750160218,0.01990632318501171,0.0215,0.1,5291,530,0.06625,367,163,0.6924528301886792,367,0.2716506291635825,0.754,9.175,410,0.7735849056603774,0.76475,-43,-0.0811320754716982,-1.0750000000000037
82,TEMPORAL,0.02,B0_STRUCT_XGB,0.8540514111518861,0.01990632318501171,0.015,60,3940,2649,1351,0.66225,B0_SELF,0.8540514111518861,0.01990632318501171,0.015,0.2,5291,1059,0.132375,715,344,0.6751652502360718,715,0.5292376017764618,0.841,17.874999999999996,715,0.6751652502360718,0.841,0,0.0,0.0
82,TEMPORAL,0.02,B0_STRUCT_XGB,0.8540514111518861,0.01990632318501171,0.015,60,3940,2649,1351,0.66225,T0_E2E,0.9894499182701112,0.01990632318501171,0.02775,0.2,5291,1059,0.132375,859,200,0.8111425873465533,859,0.6358253145817913,0.877,21.475,715,0.6751652502360718,0.841,144,0.13597733711048154,3.600000000000003
82,TEMPORAL,0.02,B0_STRUCT_XGB,0.8540514111518861,0.01990632318501171,0.015,60,3940,2649,1351,0.66225,DAPT_E2E,0.9845902919769288,0.01990632318501171,0.02525,0.2,5291,1059,0.132375,849,210,0.8016997167138811,849,0.6284233900814211,0.8745,21.225000000000005,715,0.6751652502360718,0.841,134,0.1265344664778093,3.3500000000000085
82,TEMPORAL,0.02,B0_STRUCT_XGB,0.8540514111518861,0.01990632318501171,0.015,60,3940,2649,1351,0.66225,BASE_EMB_MLP,0.9341390728950502,0.01990632318501171,0.02175,0.2,5291,1059,0.132375,733,326,0.6921624173748819,733,0.542561065877128,0.8455,18.325000000000003,715,0.6751652502360718,0.841,18,0.016997167138810165,0.45000000000000595
82,TEMPORAL,0.02,B0_STRUCT_XGB,0.8540514111518861,0.01990632318501171,0.015,60,3940,2649,1351,0.66225,DAPT_EMB_MLP,0.9348122477531434,0.01990632318501171,0.0215,0.2,5291,1059,0.132375,748,311,0.7063267233238905,748,0.5536639526276832,0.84925,18.699999999999996,715,0.6751652502360718,0.841,33,0.031161473087818692,0.824999999999998
82,TEMPORAL,0.02,B0_STRUCT_XGB,0.8540514111518861,0.01990632318501171,0.015,60,3940,2649,1351,0.66225,CONTRASTIVE_EMB_MLP,0.9933400750160218,0.01990632318501171,0.0215,0.2,5291,1059,0.132375,644,415,0.6081208687440982,644,0.47668393782383417,0.82325,16.1,715,0.6751652502360718,0.841,-71,-0.06704438149197356,-1.7749999999999932
82,DOMAIN_OOD,0.02,B0_STRUCT_XGB,0.8540514111518861,0.01990632318501171,0.018144116122343183,35,1894,1153,776,0.5977190254017626,B0_SELF,0.8540514111518861,0.01990632318501171,0.018144116122343183,0.05,2670,134,0.03473302229134267,116,18,0.8656716417910447,116,0.14948453608247422,0.6578538102643857,6.013478486262313,116,0.8656716417910447,0.6578538102643857,0,0.0,0.0
82,DOMAIN_OOD,0.02,B0_STRUCT_XGB,0.8540514111518861,0.01990632318501171,0.018144116122343183,35,1894,1153,776,0.5977190254017626,T0_E2E,0.9894499182701112,0.01990632318501171,0.01607050285121825,0.05,2670,134,0.03473302229134267,132,2,0.9850746268656716,132,0.17010309278350516,0.6661482633488854,6.842923794712286,116,0.8656716417910447,0.6578538102643857,16,0.11940298507462688,0.829445308449972
82,DOMAIN_OOD,0.02,B0_STRUCT_XGB,0.8540514111518861,0.01990632318501171,0.018144116122343183,35,1894,1153,776,0.5977190254017626,DAPT_E2E,0.9845902919769288,0.01990632318501171,0.012441679626749611,0.05,2670,134,0.03473302229134267,130,4,0.9701492537313433,130,0.16752577319587628,0.665111456713323,6.739243131156036,116,0.8656716417910447,0.6578538102643857,14,0.10447761194029859,0.7257646448937227
82,DOMAIN_OOD,0.02,B0_STRUCT_XGB,0.8540514111518861,0.01990632318501171,0.018144116122343183,35,1894,1153,776,0.5977190254017626,BASE_EMB_MLP,0.9341390728950502,0.01990632318501171,0.021254536029030584,0.05,2670,134,0.03473302229134267,131,3,0.9776119402985075,131,0.16881443298969073,0.6656298600311042,6.791083462934166,116,0.8656716417910447,0.6578538102643857,15,0.11194029850746279,0.7776049766718529
82,DOMAIN_OOD,0.02,B0_STRUCT_XGB,0.8540514111518861,0.01990632318501171,0.018144116122343183,35,1894,1153,776,0.5977190254017626,DAPT_EMB_MLP,0.9348122477531434,0.01990632318501171,0.01762571280456195,0.05,2670,134,0.03473302229134267,129,5,0.9626865671641791,129,0.16623711340206185,0.6645930533955418,6.687402799377917,116,0.8656716417910447,0.6578538102643857,13,0.09701492537313439,0.6739243131156036
82,DOMAIN_OOD,0.02,B0_STRUCT_XGB,0.8540514111518861,0.01990632318501171,0.018144116122343183,35,1894,1153,776,0.5977190254017626,CONTRASTIVE_EMB_MLP,0.9933400750160218,0.01990632318501171,0.017107309486780714,0.05,2670,134,0.03473302229134267,111,23,0.8283582089552238,111,0.14304123711340205,0.6552617936754795,5.7542768273716955,116,0.8656716417910447,0.6578538102643857,-5,-0.03731343283582089,-0.25920165889061764
82,DOMAIN_OOD,0.02,B0_STRUCT_XGB,0.8540514111518861,0.01990632318501171,0.018144116122343183,35,1894,1153,776,0.5977190254017626,B0_SELF,0.8540514111518861,0.01990632318501171,0.018144116122343183,0.1,2670,267,0.06920684292379471,203,64,0.7602996254681648,203,0.2615979381443299,0.702954898911353,10.52358735095904,203,0.7602996254681648,0.702954898911353,0,0.0,0.0
82,DOMAIN_OOD,0.02,B0_STRUCT_XGB,0.8540514111518861,0.01990632318501171,0.018144116122343183,35,1894,1153,776,0.5977190254017626,T0_E2E,0.9894499182701112,0.01990632318501171,0.01607050285121825,0.1,2670,267,0.06920684292379471,248,19,0.9288389513108615,248,0.31958762886597936,0.7262830482115086,12.8564022809746,203,0.7602996254681648,0.702954898911353,45,0.1685393258426967,2.3328149300155587
82,DOMAIN_OOD,0.02,B0_STRUCT_XGB,0.8540514111518861,0.01990632318501171,0.018144116122343183,35,1894,1153,776,0.5977190254017626,DAPT_E2E,0.9845902919769288,0.01990632318501171,0.012441679626749611,0.1,2670,267,0.06920684292379471,255,12,0.9550561797752809,255,0.3286082474226804,0.7299118714359772,13.219284603421466,203,0.7602996254681648,0.702954898911353,52,0.19475655430711614,2.6956972524624256
82,DOMAIN_OOD,0.02,B0_STRUCT_XGB,0.8540514111518861,0.01990632318501171,0.018144116122343183,35,1894,1153,776,0.5977190254017626,BASE_EMB_MLP,0.9341390728950502,0.01990632318501171,0.021254536029030584,0.1,2670,267,0.06920684292379471,250,17,0.9363295880149812,250,0.32216494845360827,0.7273198548470711,12.960082944530848,203,0.7602996254681648,0.702954898911353,47,0.17602996254681647,2.436495593571808
82,DOMAIN_OOD,0.02,B0_STRUCT_XGB,0.8540514111518861,0.01990632318501171,0.018144116122343183,35,1894,1153,776,0.5977190254017626,DAPT_EMB_MLP,0.9348122477531434,0.01990632318501171,0.01762571280456195,0.1,2670,267,0.06920684292379471,250,17,0.9363295880149812,250,0.32216494845360827,0.7273198548470711,12.960082944530848,203,0.7602996254681648,0.702954898911353,47,0.17602996254681647,2.436495593571808
82,DOMAIN_OOD,0.02,B0_STRUCT_XGB,0.8540514111518861,0.01990632318501171,0.018144116122343183,35,1894,1153,776,0.5977190254017626,CONTRASTIVE_EMB_MLP,0.9933400750160218,0.01990632318501171,0.017107309486780714,0.1,2670,267,0.06920684292379471,196,71,0.7340823970037453,196,0.25257731958762886,0.6993260756868844,10.160705028512185,203,0.7602996254681648,0.702954898911353,-7,-0.02621722846441943,-0.3628823224468558
82,DOMAIN_OOD,0.02,B0_STRUCT_XGB,0.8540514111518861,0.01990632318501171,0.018144116122343183,35,1894,1153,776,0.5977190254017626,B0_SELF,0.8540514111518861,0.01990632318501171,0.018144116122343183,0.2,2670,534,0.13841368584758942,357,177,0.6685393258426966,357,0.46005154639175255,0.782789009849663,18.506998444790046,357,0.6685393258426966,0.782789009849663,0,0.0,0.0
82,DOMAIN_OOD,0.02,B0_STRUCT_XGB,0.8540514111518861,0.01990632318501171,0.018144116122343183,35,1894,1153,776,0.5977190254017626,T0_E2E,0.9894499182701112,0.01990632318501171,0.01607050285121825,0.2,2670,534,0.13841368584758942,453,81,0.848314606741573,453,0.5837628865979382,0.8325557283566615,23.48367029548989,357,0.6685393258426966,0.782789009849663,96,0.1797752808988764,4.976671850699843
82,DOMAIN_OOD,0.02,B0_STRUCT_XGB,0.8540514111518861,0.01990632318501171,0.018144116122343183,35,1894,1153,776,0.5977190254017626,DAPT_E2E,0.9845902919769288,0.01990632318501171,0.012441679626749611,0.2,2670,534,0.13841368584758942,456,78,0.8539325842696629,456,0.5876288659793815,0.8341109383100052,23.639191290824257,357,0.6685393258426966,0.782789009849663,99,0.1853932584269663,5.132192846034211
82,DOMAIN_OOD,0.02,B0_STRUCT_XGB,0.8540514111518861,0.01990632318501171,0.018144116122343183,35,1894,1153,776,0.5977190254017626,BASE_EMB_MLP,0.9341390728950502,0.01990632318501171,0.021254536029030584,0.2,2670,534,0.13841368584758942,398,136,0.7453183520599251,398,0.5128865979381443,0.8040435458786936,20.632452047693107,357,0.6685393258426966,0.782789009849663,41,0.07677902621722854,2.12545360290306
82,DOMAIN_OOD,0.02,B0_STRUCT_XGB,0.8540514111518861,0.01990632318501171,0.018144116122343183,35,1894,1153,776,0.5977190254017626,DAPT_EMB_MLP,0.9348122477531434,0.01990632318501171,0.01762571280456195,0.2,2670,534,0.13841368584758942,404,130,0.7565543071161048,404,0.520618556701031,0.807153965785381,20.94349403836184,357,0.6685393258426966,0.782789009849663,47,0.08801498127340823,2.436495593571797
82,DOMAIN_OOD,0.02,B0_STRUCT_XGB,0.8540514111518861,0.01990632318501171,0.018144116122343183,35,1894,1153,776,0.5977190254017626,CONTRASTIVE_EMB_MLP,0.9933400750160218,0.01990632318501171,0.017107309486780714,0.2,2670,534,0.13841368584758942,354,180,0.6629213483146067,354,0.45618556701030927,0.7812337998963194,18.35147744945568,357,0.6685393258426966,0.782789009849663,-3,-0.005617977528089901,-0.15552099533436836
82,TEMPLATE_OOD,0.02,B0_STRUCT_XGB,0.8540514111518861,0.01990632318501171,0.014929742388758781,51,3365,2190,1226,0.6411007025761124,B0_SELF,0.8540514111518861,0.01990632318501171,0.014929742388758781,0.05,4591,230,0.033665105386416865,204,26,0.8869565217391304,204,0.16639477977161501,0.7008196721311475,5.971896955503508,204,0.8869565217391304,0.7008196721311475,0,0.0,0.0
82,TEMPLATE_OOD,0.02,B0_STRUCT_XGB,0.8540514111518861,0.01990632318501171,0.014929742388758781,51,3365,2190,1226,0.6411007025761124,T0_E2E,0.9894499182701112,0.01990632318501171,0.02107728337236534,0.05,4591,230,0.033665105386416865,226,4,0.9826086956521739,226,0.18433931484502447,0.7072599531615925,6.615925058548012,204,0.8869565217391304,0.7008196721311475,22,0.09565217391304348,0.6440281030445028
82,TEMPLATE_OOD,0.02,B0_STRUCT_XGB,0.8540514111518861,0.01990632318501171,0.014929742388758781,51,3365,2190,1226,0.6411007025761124,DAPT_E2E,0.9845902919769288,0.01990632318501171,0.02078454332552693,0.05,4591,230,0.033665105386416865,227,3,0.9869565217391304,227,0.18515497553017946,0.707552693208431,6.645199063231855,204,0.8869565217391304,0.7008196721311475,23,0.09999999999999998,0.6733021077283463
82,TEMPLATE_OOD,0.02,B0_STRUCT_XGB,0.8540514111518861,0.01990632318501171,0.014929742388758781,51,3365,2190,1226,0.6411007025761124,BASE_EMB_MLP,0.9341390728950502,0.01990632318501171,0.018442622950819672,0.05,4591,230,0.033665105386416865,219,11,0.9521739130434783,219,0.17862969004893964,0.7052107728337237,6.411007025761128,204,0.8869565217391304,0.7008196721311475,15,0.0652173913043479,0.43911007025762006
82,TEMPLATE_OOD,0.02,B0_STRUCT_XGB,0.8540514111518861,0.01990632318501171,0.014929742388758781,51,3365,2190,1226,0.6411007025761124,DAPT_EMB_MLP,0.9348122477531434,0.01990632318501171,0.01873536299765808,0.05,4591,230,0.033665105386416865,218,12,0.9478260869565217,218,0.17781402936378465,0.7049180327868853,6.3817330210772845,204,0.8869565217391304,0.7008196721311475,14,0.060869565217391286,0.4098360655737765
82,TEMPLATE_OOD,0.02,B0_STRUCT_XGB,0.8540514111518861,0.01990632318501171,0.014929742388758781,51,3365,2190,1226,0.6411007025761124,CONTRASTIVE_EMB_MLP,0.9933400750160218,0.01990632318501171,0.018442622950819672,0.05,4591,230,0.033665105386416865,186,44,0.808695652173913,186,0.15171288743882544,0.6955503512880562,5.444964871194379,204,0.8869565217391304,0.7008196721311475,-18,-0.07826086956521738,-0.5269320843091285
82,TEMPLATE_OOD,0.02,B0_STRUCT_XGB,0.8540514111518861,0.01990632318501171,0.014929742388758781,51,3365,2190,1226,0.6411007025761124,B0_SELF,0.8540514111518861,0.01990632318501171,0.014929742388758781,0.1,4591,460,0.06733021077283373,371,89,0.8065217391304348,371,0.30261011419249595,0.7497072599531616,10.860655737704917,371,0.8065217391304348,0.7497072599531616,0,0.0,0.0
82,TEMPLATE_OOD,0.02,B0_STRUCT_XGB,0.8540514111518861,0.01990632318501171,0.014929742388758781,51,3365,2190,1226,0.6411007025761124,T0_E2E,0.9894499182701112,0.01990632318501171,0.02107728337236534,0.1,4591,460,0.06733021077283373,421,39,0.9152173913043479,421,0.3433931484502447,0.764344262295082,12.32435597189696,371,0.8065217391304348,0.7497072599531616,50,0.10869565217391308,1.4637002341920446
82,TEMPLATE_OOD,0.02,B0_STRUCT_XGB,0.8540514111518861,0.01990632318501171,0.014929742388758781,51,3365,2190,1226,0.6411007025761124,DAPT_E2E,0.9845902919769288,0.01990632318501171,0.02078454332552693,0.1,4591,460,0.06733021077283373,433,27,0.941304347826087,433,0.3531810766721044,0.7678571428571429,12.67564402810305,371,0.8065217391304348,0.7497072599531616,62,0.13478260869565217,1.814988290398134
82,TEMPLATE_OOD,0.02,B0_STRUCT_XGB,0.8540514111518861,0.01990632318501171,0.014929742388758781,51,3365,2190,1226,0.6411007025761124,BASE_EMB_MLP,0.9341390728950502,0.01990632318501171,0.018442622950819672,0.1,4591,460,0.06733021077283373,401,59,0.8717391304347826,401,0.3270799347471452,0.7584894613583139,11.738875878220146,371,0.8065217391304348,0.7497072599531616,30,0.06521739130434778,0.878220140515229
82,TEMPLATE_OOD,0.02,B0_STRUCT_XGB,0.8540514111518861,0.01990632318501171,0.014929742388758781,51,3365,2190,1226,0.6411007025761124,DAPT_EMB_MLP,0.9348122477531434,0.01990632318501171,0.01873536299765808,0.1,4591,460,0.06733021077283373,406,54,0.8826086956521739,406,0.33115823817292006,0.7599531615925058,11.88524590163934,371,0.8065217391304348,0.7497072599531616,35,0.07608695652173914,1.0245901639344246
82,TEMPLATE_OOD,0.02,B0_STRUCT_XGB,0.8540514111518861,0.01990632318501171,0.014929742388758781,51,3365,2190,1226,0.6411007025761124,CONTRASTIVE_EMB_MLP,0.9933400750160218,0.01990632318501171,0.018442622950819672,0.1,4591,460,0.06733021077283373,334,126,0.7260869565217392,334,0.2724306688417618,0.7388758782201406,9.777517564402816,371,0.8065217391304348,0.7497072599531616,-37,-0.08043478260869563,-1.0831381733021006
82,TEMPLATE_OOD,0.02,B0_STRUCT_XGB,0.8540514111518861,0.01990632318501171,0.014929742388758781,51,3365,2190,1226,0.6411007025761124,B0_SELF,0.8540514111518861,0.01990632318501171,0.014929742388758781,0.2,4591,919,0.13451405152224824,636,283,0.6920565832426551,636,0.5187601957585645,0.8272833723653396,18.618266978922716,636,0.6920565832426551,0.8272833723653396,0,0.0,0.0
82,TEMPLATE_OOD,0.02,B0_STRUCT_XGB,0.8540514111518861,0.01990632318501171,0.014929742388758781,51,3365,2190,1226,0.6411007025761124,T0_E2E,0.9894499182701112,0.01990632318501171,0.02107728337236534,0.2,4591,919,0.13451405152224824,765,154,0.8324265505984766,765,0.6239804241435563,0.8650468384074942,22.394613583138177,636,0.6920565832426551,0.8272833723653396,129,0.14036996735582152,3.7763466042154636
82,TEMPLATE_OOD,0.02,B0_STRUCT_XGB,0.8540514111518861,0.01990632318501171,0.014929742388758781,51,3365,2190,1226,0.6411007025761124,DAPT_E2E,0.9845902919769288,0.01990632318501171,0.02078454332552693,0.2,4591,919,0.13451405152224824,762,157,0.8291621327529923,762,0.6215334420880914,0.8641686182669789,22.30679156908665,636,0.6920565832426551,0.8272833723653396,126,0.13710554951033727,3.688524590163933
82,TEMPLATE_OOD,0.02,B0_STRUCT_XGB,0.8540514111518861,0.01990632318501171,0.014929742388758781,51,3365,2190,1226,0.6411007025761124,BASE_EMB_MLP,0.9341390728950502,0.01990632318501171,0.018442622950819672,0.2,4591,919,0.13451405152224824,655,264,0.7127312295973884,655,0.534257748776509,0.8328454332552693,19.174473067915688,636,0.6920565832426551,0.8272833723653396,19,0.020674646354733373,0.5562060889929721
82,TEMPLATE_OOD,0.02,B0_STRUCT_XGB,0.8540514111518861,0.01990632318501171,0.014929742388758781,51,3365,2190,1226,0.6411007025761124,DAPT_EMB_MLP,0.9348122477531434,0.01990632318501171,0.01873536299765808,0.2,4591,919,0.13451405152224824,668,251,0.7268770402611534,668,0.5448613376835236,0.8366510538641686,19.55503512880562,636,0.6920565832426551,0.8272833723653396,32,0.03482045701849834,0.936768149882905
82,TEMPLATE_OOD,0.02,B0_STRUCT_XGB,0.8540514111518861,0.01990632318501171,0.014929742388758781,51,3365,2190,1226,0.6411007025761124,CONTRASTIVE_EMB_MLP,0.9933400750160218,0.01990632318501171,0.018442622950819672,0.2,4591,919,0.13451405152224824,587,332,0.6387377584330794,587,0.47879282218597063,0.8129391100702577,17.183840749414525,636,0.6920565832426551,0.8272833723653396,-49,-0.053318824809575616,-1.43442622950819
82,DOMAIN_TEMPLATE_OOD,0.02,B0_STRUCT_XGB,0.8540514111518861,0.01990632318501171,0.016720604099244876,31,1823,1059,795,0.5711974110032363,B0_SELF,0.8540514111518861,0.01990632318501171,0.016720604099244876,0.05,2618,131,0.03532901833872708,115,16,0.8778625954198473,115,0.14465408805031446,0.6332254584681769,6.202804746494062,115,0.8778625954198473,0.6332254584681769,0,0.0,0.0
82,DOMAIN_TEMPLATE_OOD,0.02,B0_STRUCT_XGB,0.8540514111518861,0.01990632318501171,0.016720604099244876,31,1823,1059,795,0.5711974110032363,T0_E2E,0.9894499182701112,0.01990632318501171,0.014563106796116505,0.05,2618,131,0.03532901833872708,130,1,0.9923664122137404,130,0.16352201257861634,0.6413160733549083,7.011866235167197,115,0.8778625954198473,0.6332254584681769,15,0.1145038167938931,0.8090614886731351
82,DOMAIN_TEMPLATE_OOD,0.02,B0_STRUCT_XGB,0.8540514111518861,0.01990632318501171,0.016720604099244876,31,1823,1059,795,0.5711974110032363,DAPT_E2E,0.9845902919769288,0.01990632318501171,0.011866235167206042,0.05,2618,131,0.03532901833872708,128,3,0.9770992366412213,128,0.1610062893081761,0.6402373247033442,6.903991370010787,115,0.8778625954198473,0.6332254584681769,13,0.09923664122137399,0.7011866235167252
82,DOMAIN_TEMPLATE_OOD,0.02,B0_STRUCT_XGB,0.8540514111518861,0.01990632318501171,0.016720604099244876,31,1823,1059,795,0.5711974110032363,BASE_EMB_MLP,0.9341390728950502,0.01990632318501171,0.020496224379719527,0.05,2618,131,0.03532901833872708,128,3,0.9770992366412213,128,0.1610062893081761,0.6402373247033442,6.903991370010787,115,0.8778625954198473,0.6332254584681769,13,0.09923664122137399,0.7011866235167252
82,DOMAIN_TEMPLATE_OOD,0.02,B0_STRUCT_XGB,0.8540514111518861,0.01990632318501171,0.016720604099244876,31,1823,1059,795,0.5711974110032363,DAPT_EMB_MLP,0.9348122477531434,0.01990632318501171,0.018338727076591153,0.05,2618,131,0.03532901833872708,127,4,0.9694656488549618,127,0.15974842767295597,0.639697950377562,6.850053937432577,115,0.8778625954198473,0.6332254584681769,12,0.09160305343511443,0.6472491909385147
82,DOMAIN_TEMPLATE_OOD,0.02,B0_STRUCT_XGB,0.8540514111518861,0.01990632318501171,0.016720604099244876,31,1823,1059,795,0.5711974110032363,CONTRASTIVE_EMB_MLP,0.9933400750160218,0.01990632318501171,0.01564185544768069,0.05,2618,131,0.03532901833872708,110,21,0.8396946564885496,110,0.13836477987421383,0.6305285868392665,5.93311758360302,115,0.8778625954198473,0.6332254584681769,-5,-0.038167938931297773,-0.26968716289104133
82,DOMAIN_TEMPLATE_OOD,0.02,B0_STRUCT_XGB,0.8540514111518861,0.01990632318501171,0.016720604099244876,31,1823,1059,795,0.5711974110032363,B0_SELF,0.8540514111518861,0.01990632318501171,0.016720604099244876,0.1,2618,262,0.07065803667745416,203,59,0.7748091603053435,203,0.25534591194968553,0.6806903991370011,10.949298813376485,203,0.7748091603053435,0.6806903991370011,0,0.0,0.0
82,DOMAIN_TEMPLATE_OOD,0.02,B0_STRUCT_XGB,0.8540514111518861,0.01990632318501171,0.016720604099244876,31,1823,1059,795,0.5711974110032363,T0_E2E,0.9894499182701112,0.01990632318501171,0.014563106796116505,0.1,2618,262,0.07065803667745416,245,17,0.9351145038167938,245,0.3081761006289308,0.703344120819849,13.21467098166127,203,0.7748091603053435,0.6806903991370011,42,0.16030534351145032,2.265372168284785
82,DOMAIN_TEMPLATE_OOD,0.02,B0_STRUCT_XGB,0.8540514111518861,0.01990632318501171,0.016720604099244876,31,1823,1059,795,0.5711974110032363,DAPT_E2E,0.9845902919769288,0.01990632318501171,0.011866235167206042,0.1,2618,262,0.07065803667745416,252,10,0.9618320610687023,252,0.3169811320754717,0.7071197411003236,13.592233009708732,203,0.7748091603053435,0.6806903991370011,49,0.1870229007633588,2.6429341963322472
82,DOMAIN_TEMPLATE_OOD,0.02,B0_STRUCT_XGB,0.8540514111518861,0.01990632318501171,0.016720604099244876,31,1823,1059,795,0.5711974110032363,BASE_EMB_MLP,0.9341390728950502,0.01990632318501171,0.020496224379719527,0.1,2618,262,0.07065803667745416,244,18,0.9312977099236641,244,0.3069182389937107,0.7028047464940669,13.160733549083059,203,0.7748091603053435,0.6806903991370011,41,0.1564885496183206,2.2114347357065745
82,DOMAIN_TEMPLATE_OOD,0.02,B0_STRUCT_XGB,0.8540514111518861,0.01990632318501171,0.016720604099244876,31,1823,1059,795,0.5711974110032363,DAPT_EMB_MLP,0.9348122477531434,0.01990632318501171,0.018338727076591153,0.1,2618,262,0.07065803667745416,245,17,0.9351145038167938,245,0.3081761006289308,0.703344120819849,13.21467098166127,203,0.7748091603053435,0.6806903991370011,42,0.16030534351145032,2.265372168284785
82,DOMAIN_TEMPLATE_OOD,0.02,B0_STRUCT_XGB,0.8540514111518861,0.01990632318501171,0.016720604099244876,31,1823,1059,795,0.5711974110032363,CONTRASTIVE_EMB_MLP,0.9933400750160218,0.01990632318501171,0.01564185544768069,0.1,2618,262,0.07065803667745416,199,63,0.7595419847328244,199,0.25031446540880503,0.6785329018338727,10.733549083063643,203,0.7748091603053435,0.6806903991370011,-4,-0.01526717557251911,-0.21574973031284195
82,DOMAIN_TEMPLATE_OOD,0.02,B0_STRUCT_XGB,0.8540514111518861,0.01990632318501171,0.016720604099244876,31,1823,1059,795,0.5711974110032363,B0_SELF,0.8540514111518861,0.01990632318501171,0.016720604099244876,0.2,2618,524,0.1413160733549083,356,168,0.6793893129770993,356,0.4477987421383648,0.7632146709816613,19.2017259978425,356,0.6793893129770993,0.7632146709816613,0,0.0,0.0
82,DOMAIN_TEMPLATE_OOD,0.02,B0_STRUCT_XGB,0.8540514111518861,0.01990632318501171,0.016720604099244876,31,1823,1059,795,0.5711974110032363,T0_E2E,0.9894499182701112,0.01990632318501171,0.014563106796116505,0.2,2618,524,0.1413160733549083,445,79,0.8492366412213741,445,0.559748427672956,0.8112189859762675,24.002157497303124,356,0.6793893129770993,0.7632146709816613,89,0.16984732824427484,4.800431499460622
82,DOMAIN_TEMPLATE_OOD,0.02,B0_STRUCT_XGB,0.8540514111518861,0.01990632318501171,0.016720604099244876,31,1823,1059,795,0.5711974110032363,DAPT_E2E,0.9845902919769288,0.01990632318501171,0.011866235167206042,0.2,2618,524,0.1413160733549083,449,75,0.8568702290076335,449,0.5647798742138365,0.8133764832793959,24.217907227615964,356,0.6793893129770993,0.7632146709816613,93,0.17748091603053429,5.016181229773464
82,DOMAIN_TEMPLATE_OOD,0.02,B0_STRUCT_XGB,0.8540514111518861,0.01990632318501171,0.016720604099244876,31,1823,1059,795,0.5711974110032363,BASE_EMB_MLP,0.9341390728950502,0.01990632318501171,0.020496224379719527,0.2,2618,524,0.1413160733549083,396,128,0.7557251908396947,396,0.4981132075471698,0.7847896440129449,21.359223300970864,356,0.6793893129770993,0.7632146709816613,40,0.07633587786259544,2.157497303128364
82,DOMAIN_TEMPLATE_OOD,0.02,B0_STRUCT_XGB,0.8540514111518861,0.01990632318501171,0.016720604099244876,31,1823,1059,795,0.5711974110032363,DAPT_EMB_MLP,0.9348122477531434,0.01990632318501171,0.018338727076591153,0.2,2618,524,0.1413160733549083,399,125,0.7614503816793893,399,0.5018867924528302,0.7864077669902912,21.521035598705495,356,0.6793893129770993,0.7632146709816613,43,0.08206106870229002,2.3193096008629954
82,DOMAIN_TEMPLATE_OOD,0.02,B0_STRUCT_XGB,0.8540514111518861,0.01990632318501171,0.016720604099244876,31,1823,1059,795,0.5711974110032363,CONTRASTIVE_EMB_MLP,0.9933400750160218,0.01990632318501171,0.01564185544768069,0.2,2618,524,0.1413160733549083,356,168,0.6793893129770993,356,0.4477987421383648,0.7632146709816613,19.2017259978425,356,0.6793893129770993,0.7632146709816613,0,0.0,0.0
