representation,classifier,seed,label_budget,n_train,scenario,n_test,target_fpr,threshold,calibration_empirical_fpr,calibration_recall,fit_seconds,average_precision,roc_auc,precision,recall,f1,empirical_fpr,tp,fp,tn,fn,prevalence_phish
BASE,LOGREG,42,0.1,400,IID_ORIGINAL,3051,0.005,0.993382889160526,0.00468384074941452,0.23620309050772628,0.03604235599959793,0.8524317978918843,0.8928622579785392,0.9891696750902527,0.2589792060491493,0.41048689138576777,0.0015052684395383843,274,3,1990,784,0.3467715503113733
BASE,LOGREG,42,0.1,400,IID_BALANCED,2116,0.005,0.993382889160526,0.00468384074941452,0.23620309050772628,0.03604235599959793,0.9037980924555247,0.8915509164132489,0.9891696750902527,0.2589792060491493,0.41048689138576777,0.002835538752362949,274,3,1055,784,0.5
BASE,LOGREG,42,0.1,400,TEMPORAL,8000,0.005,0.993382889160526,0.00468384074941452,0.23620309050772628,0.03604235599959793,0.918040854089804,0.9114051249999999,0.99002849002849,0.17375,0.295618885580604,0.00175,695,7,3993,3305,0.5
BASE,LOGREG,42,0.1,400,DOMAIN_OOD,3858,0.005,0.993382889160526,0.00468384074941452,0.23620309050772628,0.03604235599959793,0.8895582305703407,0.8885655922630253,0.9776785714285714,0.11353032659409021,0.20343706456107757,0.002592016588906169,219,5,1924,1710,0.5
BASE,LOGREG,42,0.1,400,TEMPLATE_OOD,6832,0.005,0.993382889160526,0.00468384074941452,0.23620309050772628,0.03604235599959793,0.9166973883424776,0.9108258628632857,0.9893617021276596,0.16334894613583137,0.2804020100502513,0.001756440281030445,558,6,3410,2858,0.5
BASE,LOGREG,42,0.1,400,DOMAIN_TEMPLATE_OOD,3708,0.005,0.993382889160526,0.00468384074941452,0.23620309050772628,0.03604235599959793,0.8796824802823101,0.8767224194691439,0.9753694581280788,0.10679611650485436,0.1925133689839572,0.002696871628910464,198,5,1849,1656,0.5
BASE,LOGREG,42,0.1,400,IID_ORIGINAL,3051,0.01,0.9837506800858931,0.00936768149882904,0.3576158940397351,0.03604235599959793,0.8524317978918843,0.8928622579785392,0.9744897959183674,0.3610586011342155,0.526896551724138,0.005017561465127948,382,10,1983,676,0.3467715503113733
BASE,LOGREG,42,0.1,400,IID_BALANCED,2116,0.01,0.9837506800858931,0.00936768149882904,0.3576158940397351,0.03604235599959793,0.9037980924555247,0.8915509164132489,0.9896373056994818,0.3610586011342155,0.5290858725761773,0.003780718336483932,382,4,1054,676,0.5
BASE,LOGREG,42,0.1,400,TEMPORAL,8000,0.01,0.9837506800858931,0.00936768149882904,0.3576158940397351,0.03604235599959793,0.918040854089804,0.9114051249999999,0.9846005774783445,0.25575,0.4060329430442548,0.004,1023,16,3984,2977,0.5
BASE,LOGREG,42,0.1,400,DOMAIN_OOD,3858,0.01,0.9837506800858931,0.00936768149882904,0.3576158940397351,0.03604235599959793,0.8895582305703407,0.8885655922630253,0.971830985915493,0.17884914463452567,0.3021015761821366,0.005184033177812338,345,10,1919,1584,0.5
BASE,LOGREG,42,0.1,400,TEMPLATE_OOD,6832,0.01,0.9837506800858931,0.00936768149882904,0.3576158940397351,0.03604235599959793,0.9166973883424776,0.9108258628632857,0.9824561403508771,0.2459016393442623,0.39335050339498945,0.004391100702576112,840,15,3401,2576,0.5
BASE,LOGREG,42,0.1,400,DOMAIN_TEMPLATE_OOD,3708,0.01,0.9837506800858931,0.00936768149882904,0.3576158940397351,0.03604235599959793,0.8796824802823101,0.8767224194691439,0.9686520376175548,0.16666666666666666,0.2843994477680626,0.005393743257820928,309,10,1844,1545,0.5
BASE,LOGREG,42,0.1,400,IID_ORIGINAL,3051,0.02,0.9305425814419415,0.01990632318501171,0.4966887417218543,0.03604235599959793,0.8524317978918843,0.8928622579785392,0.9356617647058824,0.4810964083175803,0.6354556803995006,0.017561465127947817,509,35,1958,549,0.3467715503113733
BASE,LOGREG,42,0.1,400,IID_BALANCED,2116,0.02,0.9305425814419415,0.01990632318501171,0.4966887417218543,0.03604235599959793,0.9037980924555247,0.8915509164132489,0.967680608365019,0.4810964083175803,0.6426767676767676,0.01606805293005671,509,17,1041,549,0.5
BASE,LOGREG,42,0.1,400,TEMPORAL,8000,0.02,0.9305425814419415,0.01990632318501171,0.4966887417218543,0.03604235599959793,0.918040854089804,0.9114051249999999,0.9630044843049327,0.4295,0.5940525587828492,0.0165,1718,66,3934,2282,0.5
BASE,LOGREG,42,0.1,400,DOMAIN_OOD,3858,0.02,0.9305425814419415,0.01990632318501171,0.4966887417218543,0.03604235599959793,0.8895582305703407,0.8885655922630253,0.942008486562942,0.3452566096423017,0.5053110773899848,0.021254536029030584,666,41,1888,1263,0.5
BASE,LOGREG,42,0.1,400,TEMPLATE_OOD,6832,0.02,0.9305425814419415,0.01990632318501171,0.4966887417218543,0.03604235599959793,0.9166973883424776,0.9108258628632857,0.9639945652173914,0.4153981264637002,0.5806055646481179,0.015515222482435597,1419,53,3363,1997,0.5
BASE,LOGREG,42,0.1,400,DOMAIN_TEMPLATE_OOD,3708,0.02,0.9305425814419415,0.01990632318501171,0.4966887417218543,0.03604235599959793,0.8796824802823101,0.8767224194691439,0.940625,0.32470334412081986,0.4827586206896552,0.020496224379719527,602,38,1816,1252,0.5
BASE,XGBOOST,42,0.1,400,IID_ORIGINAL,3051,0.005,0.9927988052368165,0.00468384074941452,0.11037527593818984,2.180821081999966,0.7946255207140211,0.8777626228662322,0.9067796610169492,0.10113421550094517,0.18197278911564627,0.0055193176116407425,107,11,1982,951,0.3467715503113733
BASE,XGBOOST,42,0.1,400,IID_BALANCED,2116,0.005,0.9927988052368165,0.00468384074941452,0.11037527593818984,2.180821081999966,0.8671597506491449,0.8762824246625762,0.9385964912280702,0.10113421550094517,0.1825938566552901,0.006616257088846881,107,7,1051,951,0.5
BASE,XGBOOST,42,0.1,400,TEMPORAL,8000,0.005,0.9927988052368165,0.00468384074941452,0.11037527593818984,2.180821081999966,0.8975444058416377,0.8924003125,0.9793956043956044,0.17825,0.30160744500846026,0.00375,713,15,3985,3287,0.5
BASE,XGBOOST,42,0.1,400,DOMAIN_OOD,3858,0.005,0.9927988052368165,0.00468384074941452,0.11037527593818984,2.180821081999966,0.8586989145683616,0.8607276834627728,0.9805194805194806,0.0782789009849663,0.14498319731156986,0.0015552099533437014,151,3,1926,1778,0.5
BASE,XGBOOST,42,0.1,400,TEMPLATE_OOD,6832,0.005,0.9927988052368165,0.00468384074941452,0.11037527593818984,2.180821081999966,0.8943356991801402,0.8875502011473764,0.988835725677831,0.18149882903981265,0.3067029433588919,0.0020491803278688526,620,7,3409,2796,0.5
BASE,XGBOOST,42,0.1,400,DOMAIN_TEMPLATE_OOD,3708,0.005,0.9927988052368165,0.00468384074941452,0.11037527593818984,2.180821081999966,0.8464937847397371,0.8491491617296751,0.9784172661870504,0.07335490830636461,0.1364776718514802,0.0016181229773462784,136,3,1851,1718,0.5
BASE,XGBOOST,42,0.1,400,IID_ORIGINAL,3051,0.01,0.9896691441535951,0.00936768149882904,0.1346578366445916,2.180821081999966,0.7946255207140211,0.8777626228662322,0.896774193548387,0.13137996219281664,0.2291838417147568,0.008028098344204716,139,16,1977,919,0.3467715503113733
BASE,XGBOOST,42,0.1,400,IID_BALANCED,2116,0.01,0.9896691441535951,0.00936768149882904,0.1346578366445916,2.180821081999966,0.8671597506491449,0.8762824246625762,0.9391891891891891,0.13137996219281664,0.23051409618573798,0.008506616257088847,139,9,1049,919,0.5
BASE,XGBOOST,42,0.1,400,TEMPORAL,8000,0.01,0.9896691441535951,0.00936768149882904,0.1346578366445916,2.180821081999966,0.8975444058416377,0.8924003125,0.9727891156462585,0.2145,0.351495288816059,0.006,858,24,3976,3142,0.5
BASE,XGBOOST,42,0.1,400,DOMAIN_OOD,3858,0.01,0.9896691441535951,0.00936768149882904,0.1346578366445916,2.180821081999966,0.8586989145683616,0.8607276834627728,0.9528301886792453,0.10471747019180923,0.18869687062120505,0.005184033177812338,202,10,1919,1727,0.5
BASE,XGBOOST,42,0.1,400,TEMPLATE_OOD,6832,0.01,0.9896691441535951,0.00936768149882904,0.1346578366445916,2.180821081999966,0.8943356991801402,0.8875502011473764,0.9800266311584553,0.2154566744730679,0.35325173986081115,0.004391100702576112,736,15,3401,2680,0.5
BASE,XGBOOST,42,0.1,400,DOMAIN_TEMPLATE_OOD,3708,0.01,0.9896691441535951,0.00936768149882904,0.1346578366445916,2.180821081999966,0.8464937847397371,0.8491491617296751,0.9479166666666666,0.09816612729234088,0.17790811339198437,0.005393743257820928,182,10,1844,1672,0.5
BASE,XGBOOST,42,0.1,400,IID_ORIGINAL,3051,0.02,0.9622293710708619,0.01990632318501171,0.3509933774834437,2.180821081999966,0.7946255207140211,0.8777626228662322,0.8886198547215496,0.34688090737240074,0.4989802855200544,0.02308078273958856,367,46,1947,691,0.3467715503113733
BASE,XGBOOST,42,0.1,400,IID_BALANCED,2116,0.02,0.9622293710708619,0.01990632318501171,0.3509933774834437,2.180821081999966,0.8671597506491449,0.8762824246625762,0.9314720812182741,0.34688090737240074,0.5055096418732782,0.02551984877126654,367,27,1031,691,0.5
BASE,XGBOOST,42,0.1,400,TEMPORAL,8000,0.02,0.9622293710708619,0.01990632318501171,0.3509933774834437,2.180821081999966,0.8975444058416377,0.8924003125,0.9571906354515051,0.35775,0.5208371246587807,0.016,1431,64,3936,2569,0.5
BASE,XGBOOST,42,0.1,400,DOMAIN_OOD,3858,0.02,0.9622293710708619,0.01990632318501171,0.3509933774834437,2.180821081999966,0.8586989145683616,0.8607276834627728,0.9271255060728745,0.23742871954380507,0.378043747420553,0.01866251944012442,458,36,1893,1471,0.5
BASE,XGBOOST,42,0.1,400,TEMPLATE_OOD,6832,0.02,0.9622293710708619,0.01990632318501171,0.3509933774834437,2.180821081999966,0.8943356991801402,0.8875502011473764,0.9575510204081633,0.343384074941452,0.5054945054945055,0.01522248243559719,1173,52,3364,2243,0.5
BASE,XGBOOST,42,0.1,400,DOMAIN_TEMPLATE_OOD,3708,0.02,0.9622293710708619,0.01990632318501171,0.3509933774834437,2.180821081999966,0.8464937847397371,0.8491491617296751,0.9178082191780822,0.2168284789644013,0.3507853403141361,0.019417475728155338,402,36,1818,1452,0.5
BASE,MLP,42,0.1,400,IID_ORIGINAL,3051,0.005,0.9951568245887757,0.00468384074941452,0.32671081677704195,0.3127501389999452,0.8472223446253704,0.894692861688879,0.9652406417112299,0.34120982986767484,0.5041899441340782,0.006522829904666332,361,13,1980,697,0.3467715503113733
BASE,MLP,42,0.1,400,IID_BALANCED,2116,0.005,0.9951568245887757,0.00468384074941452,0.32671081677704195,0.3127501389999452,0.9020461070448695,0.8933045908212164,0.9809782608695652,0.34120982986767484,0.5063113604488079,0.006616257088846881,361,7,1051,697,0.5
BASE,MLP,42,0.1,400,TEMPORAL,8000,0.005,0.9951568245887757,0.00468384074941452,0.32671081677704195,0.3127501389999452,0.9094466636506398,0.90061934375,0.9736024844720497,0.3135,0.4742813918305598,0.0085,1254,34,3966,2746,0.5
BASE,MLP,42,0.1,400,DOMAIN_OOD,3858,0.005,0.9951568245887757,0.00468384074941452,0.32671081677704195,0.3127501389999452,0.8702722232146491,0.868718458087401,0.9521410579345088,0.19595645412130638,0.3250214961306965,0.009849663037843442,378,19,1910,1551,0.5
BASE,MLP,42,0.1,400,TEMPLATE_OOD,6832,0.005,0.9951568245887757,0.00468384074941452,0.32671081677704195,0.3127501389999452,0.9054913172079063,0.8970196475190452,0.9765698219306467,0.3050351288056206,0.4648672763774258,0.007318501170960188,1042,25,3391,2374,0.5
BASE,MLP,42,0.1,400,DOMAIN_TEMPLATE_OOD,3708,0.005,0.9951568245887757,0.00468384074941452,0.32671081677704195,0.3127501389999452,0.8580664870002435,0.8553734949012544,0.9484240687679083,0.17853290183387271,0.30049931911030414,0.009708737864077669,331,18,1836,1523,0.5
BASE,MLP,42,0.1,400,IID_ORIGINAL,3051,0.01,0.9860240221023561,0.00936768149882904,0.4282560706401766,0.3127501389999452,0.8472223446253704,0.894692861688879,0.9523809523809523,0.4158790170132325,0.5789473684210527,0.011038635223281485,440,22,1971,618,0.3467715503113733
BASE,MLP,42,0.1,400,IID_BALANCED,2116,0.01,0.9860240221023561,0.00936768149882904,0.4282560706401766,0.3127501389999452,0.9020461070448695,0.8933045908212164,0.9713024282560706,0.4158790170132325,0.5823957643944407,0.012287334593572778,440,13,1045,618,0.5
BASE,MLP,42,0.1,400,TEMPORAL,8000,0.01,0.9860240221023561,0.00936768149882904,0.4282560706401766,0.3127501389999452,0.9094466636506398,0.90061934375,0.9642172523961662,0.37725,0.5423180592991914,0.014,1509,56,3944,2491,0.5
BASE,MLP,42,0.1,400,DOMAIN_OOD,3858,0.01,0.9860240221023561,0.00936768149882904,0.4282560706401766,0.3127501389999452,0.8702722232146491,0.868718458087401,0.9352380952380952,0.2545360290305858,0.4001629991850041,0.01762571280456195,491,34,1895,1438,0.5
BASE,MLP,42,0.1,400,TEMPLATE_OOD,6832,0.01,0.9860240221023561,0.00936768149882904,0.4282560706401766,0.3127501389999452,0.9054913172079063,0.8970196475190452,0.9660347551342812,0.35802107728337235,0.5224263135412217,0.012587822014051522,1223,43,3373,2193,0.5
BASE,MLP,42,0.1,400,DOMAIN_TEMPLATE_OOD,3708,0.01,0.9860240221023561,0.00936768149882904,0.4282560706401766,0.3127501389999452,0.8580664870002435,0.8553734949012544,0.928416485900217,0.2308522114347357,0.3697624190064795,0.01779935275080906,428,33,1821,1426,0.5
BASE,MLP,42,0.1,400,IID_ORIGINAL,3051,0.02,0.9409886598587037,0.01990632318501171,0.5099337748344371,0.3127501389999452,0.8472223446253704,0.894692861688879,0.8955479452054794,0.4943289224952741,0.6370280146163215,0.030607124937280482,523,61,1932,535,0.3467715503113733
BASE,MLP,42,0.1,400,IID_BALANCED,2116,0.02,0.9409886598587037,0.01990632318501171,0.5099337748344371,0.3127501389999452,0.9020461070448695,0.8933045908212164,0.945750452079566,0.4943289224952741,0.6492861576660459,0.02835538752362949,523,30,1028,535,0.5
BASE,MLP,42,0.1,400,TEMPORAL,8000,0.02,0.9409886598587037,0.01990632318501171,0.5099337748344371,0.3127501389999452,0.9094466636506398,0.90061934375,0.9549418604651163,0.49275,0.650065963060686,0.02325,1971,93,3907,2029,0.5
BASE,MLP,42,0.1,400,DOMAIN_OOD,3858,0.02,0.9409886598587037,0.01990632318501171,0.5099337748344371,0.3127501389999452,0.8702722232146491,0.868718458087401,0.9325153374233128,0.3939865215137377,0.5539358600583091,0.02851218247796786,760,55,1874,1169,0.5
BASE,MLP,42,0.1,400,TEMPLATE_OOD,6832,0.02,0.9409886598587037,0.01990632318501171,0.5099337748344371,0.3127501389999452,0.9054913172079063,0.8970196475190452,0.9532934131736527,0.46604215456674475,0.6260322453794731,0.022833723653395786,1592,78,3338,1824,0.5
BASE,MLP,42,0.1,400,DOMAIN_TEMPLATE_OOD,3708,0.02,0.9409886598587037,0.01990632318501171,0.5099337748344371,0.3127501389999452,0.8580664870002435,0.8553734949012544,0.9266943291839558,0.36138079827400216,0.5199844780752814,0.028586839266450916,670,53,1801,1184,0.5
DAPT,LOGREG,42,0.1,400,IID_ORIGINAL,3051,0.005,0.9936045756149189,0.00468384074941452,0.17218543046357615,0.0238258589997713,0.8367207193567879,0.8843214957455062,0.9751552795031055,0.14839319470699433,0.2575881870385562,0.002007024586051179,157,4,1989,901,0.3467715503113733
DAPT,LOGREG,42,0.1,400,IID_BALANCED,2116,0.005,0.9936045756149189,0.00468384074941452,0.17218543046357615,0.0238258589997713,0.8911862092883179,0.8820401585185873,0.9751552795031055,0.14839319470699433,0.2575881870385562,0.003780718336483932,157,4,1054,901,0.5
DAPT,LOGREG,42,0.1,400,TEMPORAL,8000,0.005,0.9936045756149189,0.00468384074941452,0.17218543046357615,0.0238258589997713,0.9151393528299777,0.9021093750000001,0.9899777282850779,0.22225,0.3630053082890976,0.00225,889,9,3991,3111,0.5
DAPT,LOGREG,42,0.1,400,DOMAIN_OOD,3858,0.005,0.9936045756149189,0.00468384074941452,0.17218543046357615,0.0238258589997713,0.8904571013486733,0.8825498025955638,0.9745454545454545,0.13893208916537067,0.24319419237749546,0.0036288232244686366,268,7,1922,1661,0.5
DAPT,LOGREG,42,0.1,400,TEMPLATE_OOD,6832,0.005,0.9936045756149189,0.00468384074941452,0.17218543046357615,0.0238258589997713,0.9151737023189007,0.9035352988279429,0.9875346260387812,0.20872365339578455,0.34461092315128083,0.0026346604215456673,713,9,3407,2703,0.5
DAPT,LOGREG,42,0.1,400,DOMAIN_TEMPLATE_OOD,3708,0.005,0.9936045756149189,0.00468384074941452,0.17218543046357615,0.0238258589997713,0.8782175371202539,0.8682826949864372,0.9711934156378601,0.1272923408845739,0.22508345255126372,0.0037756202804746495,236,7,1847,1618,0.5
DAPT,LOGREG,42,0.1,400,IID_ORIGINAL,3051,0.01,0.9579655413518023,0.00936768149882904,0.41280353200883,0.0238258589997713,0.8367207193567879,0.8843214957455062,0.9435665914221218,0.3950850661625709,0.5569620253164557,0.012543903662819869,418,25,1968,640,0.3467715503113733
DAPT,LOGREG,42,0.1,400,IID_BALANCED,2116,0.01,0.9579655413518023,0.00936768149882904,0.41280353200883,0.0238258589997713,0.8911862092883179,0.8820401585185873,0.9631336405529954,0.3950850661625709,0.5603217158176944,0.015122873345935728,418,16,1042,640,0.5
DAPT,LOGREG,42,0.1,400,TEMPORAL,8000,0.01,0.9579655413518023,0.00936768149882904,0.41280353200883,0.0238258589997713,0.9151393528299777,0.9021093750000001,0.9847374847374848,0.40325,0.572188719404044,0.00625,1613,25,3975,2387,0.5
DAPT,LOGREG,42,0.1,400,DOMAIN_OOD,3858,0.01,0.9579655413518023,0.00936768149882904,0.41280353200883,0.0238258589997713,0.8904571013486733,0.8825498025955638,0.9808027923211169,0.2913426645930534,0.4492406075139888,0.005702436495593572,562,11,1918,1367,0.5
DAPT,LOGREG,42,0.1,400,TEMPLATE_OOD,6832,0.01,0.9579655413518023,0.00936768149882904,0.41280353200883,0.0238258589997713,0.9151737023189007,0.9035352988279429,0.9863636363636363,0.38114754098360654,0.549831081081081,0.005269320843091335,1302,18,3398,2114,0.5
DAPT,LOGREG,42,0.1,400,DOMAIN_TEMPLATE_OOD,3708,0.01,0.9579655413518023,0.00936768149882904,0.41280353200883,0.0238258589997713,0.8782175371202539,0.8682826949864372,0.9775510204081632,0.25836030204962246,0.4087030716723549,0.005933117583603021,479,11,1843,1375,0.5
DAPT,LOGREG,42,0.1,400,IID_ORIGINAL,3051,0.02,0.9132300409769512,0.01990632318501171,0.5077262693156733,0.0238258589997713,0.8367207193567879,0.8843214957455062,0.9237435008665511,0.503780718336484,0.6519877675840978,0.02207727044656297,533,44,1949,525,0.3467715503113733
DAPT,LOGREG,42,0.1,400,IID_BALANCED,2116,0.02,0.9132300409769512,0.01990632318501171,0.5077262693156733,0.0238258589997713,0.8911862092883179,0.8820401585185873,0.9467140319715808,0.503780718336484,0.6576187538556446,0.02835538752362949,533,30,1028,525,0.5
DAPT,LOGREG,42,0.1,400,TEMPORAL,8000,0.02,0.9132300409769512,0.01990632318501171,0.5077262693156733,0.0238258589997713,0.9151393528299777,0.9021093750000001,0.9760191846522782,0.50875,0.6688578471651603,0.0125,2035,50,3950,1965,0.5
DAPT,LOGREG,42,0.1,400,DOMAIN_OOD,3858,0.02,0.9132300409769512,0.01990632318501171,0.5077262693156733,0.0238258589997713,0.8904571013486733,0.8825498025955638,0.9695817490494296,0.3965785381026439,0.5629139072847682,0.012441679626749611,765,24,1905,1164,0.5
DAPT,LOGREG,42,0.1,400,TEMPLATE_OOD,6832,0.02,0.9132300409769512,0.01990632318501171,0.5077262693156733,0.0238258589997713,0.9151737023189007,0.9035352988279429,0.9804849201655825,0.4853629976580796,0.6493048756608576,0.009660421545667448,1658,33,3383,1758,0.5
DAPT,LOGREG,42,0.1,400,DOMAIN_TEMPLATE_OOD,3708,0.02,0.9132300409769512,0.01990632318501171,0.5077262693156733,0.0238258589997713,0.8782175371202539,0.8682826949864372,0.9672830725462305,0.3667745415318231,0.5318732890105593,0.012405609492988134,680,23,1831,1174,0.5
DAPT,XGBOOST,42,0.1,400,IID_ORIGINAL,3051,0.005,0.9880515336990358,0.00468384074941452,0.20088300220750552,1.7845714949999092,0.8018627007784181,0.8636385193166631,0.9482071713147411,0.22495274102079396,0.36363636363636365,0.006522829904666332,238,13,1980,820,0.3467715503113733
DAPT,XGBOOST,42,0.1,400,IID_BALANCED,2116,0.005,0.9880515336990358,0.00468384074941452,0.20088300220750552,1.7845714949999092,0.8689512930357273,0.8616884230688141,0.9754098360655737,0.22495274102079396,0.3655913978494624,0.005671077504725898,238,6,1052,820,0.5
DAPT,XGBOOST,42,0.1,400,TEMPORAL,8000,0.005,0.9880515336990358,0.00468384074941452,0.20088300220750552,1.7845714949999092,0.891378540247235,0.8793841874999999,0.9919517102615694,0.2465,0.394873848618342,0.002,986,8,3992,3014,0.5
DAPT,XGBOOST,42,0.1,400,DOMAIN_OOD,3858,0.005,0.9880515336990358,0.00468384074941452,0.20088300220750552,1.7845714949999092,0.851344216428065,0.851068558502849,0.9750889679715302,0.14204250907205807,0.24796380090497738,0.0036288232244686366,274,7,1922,1655,0.5
DAPT,XGBOOST,42,0.1,400,TEMPLATE_OOD,6832,0.005,0.9880515336990358,0.00468384074941452,0.20088300220750552,1.7845714949999092,0.8881451739096473,0.8766595172737195,0.9914738124238733,0.2382903981264637,0.3842341279206986,0.0020491803278688526,814,7,3409,2602,0.5
DAPT,XGBOOST,42,0.1,400,DOMAIN_TEMPLATE_OOD,3708,0.005,0.9880515336990358,0.00468384074941452,0.20088300220750552,1.7845714949999092,0.8351875191355482,0.8331451050761699,0.9715447154471545,0.12891046386192018,0.2276190476190476,0.0037756202804746495,239,7,1847,1615,0.5
DAPT,XGBOOST,42,0.1,400,IID_ORIGINAL,3051,0.01,0.979153871536255,0.00936768149882904,0.282560706401766,1.7845714949999092,0.8018627007784181,0.8636385193166631,0.9303621169916435,0.31568998109640833,0.47141848976711365,0.012543903662819869,334,25,1968,724,0.3467715503113733
DAPT,XGBOOST,42,0.1,400,IID_BALANCED,2116,0.01,0.979153871536255,0.00936768149882904,0.282560706401766,1.7845714949999092,0.8689512930357273,0.8616884230688141,0.9515669515669516,0.31568998109640833,0.4740951029098652,0.01606805293005671,334,17,1041,724,0.5
DAPT,XGBOOST,42,0.1,400,TEMPORAL,8000,0.01,0.979153871536255,0.00936768149882904,0.282560706401766,1.7845714949999092,0.891378540247235,0.8793841874999999,0.9749791492910759,0.29225,0.4497018657434122,0.0075,1169,30,3970,2831,0.5
DAPT,XGBOOST,42,0.1,400,DOMAIN_OOD,3858,0.01,0.979153871536255,0.00936768149882904,0.282560706401766,1.7845714949999092,0.851344216428065,0.851068558502849,0.9536784741144414,0.18144116122343182,0.3048780487804878,0.008812856402280975,350,17,1912,1579,0.5
DAPT,XGBOOST,42,0.1,400,TEMPLATE_OOD,6832,0.01,0.979153871536255,0.00936768149882904,0.282560706401766,1.7845714949999092,0.8881451739096473,0.8766595172737195,0.9766497461928934,0.281615925058548,0.4371733696887071,0.006733021077283372,962,23,3393,2454,0.5
DAPT,XGBOOST,42,0.1,400,DOMAIN_TEMPLATE_OOD,3708,0.01,0.979153871536255,0.00936768149882904,0.282560706401766,1.7845714949999092,0.8351875191355482,0.8331451050761699,0.946031746031746,0.16073354908306364,0.2747810050714615,0.009169363538295576,298,17,1837,1556,0.5
DAPT,XGBOOST,42,0.1,400,IID_ORIGINAL,3051,0.02,0.9385442137718202,0.01990632318501171,0.4481236203090508,1.7845714949999092,0.8018627007784181,0.8636385193166631,0.8946360153256705,0.44139886578449905,0.5911392405063292,0.027596588058203714,467,55,1938,591,0.3467715503113733
DAPT,XGBOOST,42,0.1,400,IID_BALANCED,2116,0.02,0.9385442137718202,0.01990632318501171,0.4481236203090508,1.7845714949999092,0.8689512930357273,0.8616884230688141,0.9284294234592445,0.44139886578449905,0.598334401024984,0.034026465028355386,467,36,1022,591,0.5
DAPT,XGBOOST,42,0.1,400,TEMPORAL,8000,0.02,0.9385442137718202,0.01990632318501171,0.4481236203090508,1.7845714949999092,0.891378540247235,0.8793841874999999,0.9544648137196925,0.4035,0.5672113863995782,0.01925,1614,77,3923,2386,0.5
DAPT,XGBOOST,42,0.1,400,DOMAIN_OOD,3858,0.02,0.9385442137718202,0.01990632318501171,0.4481236203090508,1.7845714949999092,0.851344216428065,0.851068558502849,0.9275123558484349,0.2918610679108346,0.444006309148265,0.02280974598237429,563,44,1885,1366,0.5
DAPT,XGBOOST,42,0.1,400,TEMPLATE_OOD,6832,0.02,0.9385442137718202,0.01990632318501171,0.4481236203090508,1.7845714949999092,0.8881451739096473,0.8766595172737195,0.9561781609195402,0.3896370023419204,0.5536605657237936,0.017857142857142856,1331,61,3355,2085,0.5
DAPT,XGBOOST,42,0.1,400,DOMAIN_TEMPLATE_OOD,3708,0.02,0.9385442137718202,0.01990632318501171,0.4481236203090508,1.7845714949999092,0.8351875191355482,0.8331451050761699,0.9212880143112702,0.2777777777777778,0.42685453791960215,0.023732470334412083,515,44,1810,1339,0.5
DAPT,MLP,42,0.1,400,IID_ORIGINAL,3051,0.005,0.9953033924102784,0.00468384074941452,0.24503311258278146,0.29433037000035256,0.8263416780141808,0.8905405687391693,0.9194139194139194,0.23724007561436672,0.377160030052592,0.011038635223281485,251,22,1971,807,0.3467715503113733
DAPT,MLP,42,0.1,400,IID_BALANCED,2116,0.005,0.9953033924102784,0.00468384074941452,0.24503311258278146,0.29433037000035256,0.8864140450923769,0.8869063146572518,0.9471698113207547,0.23724007561436672,0.3794406651549509,0.013232514177693762,251,14,1044,807,0.5
DAPT,MLP,42,0.1,400,TEMPORAL,8000,0.005,0.9953033924102784,0.00468384074941452,0.24503311258278146,0.29433037000035256,0.9117350075317493,0.9030664374999999,0.9808459696727854,0.30725,0.4679230915667238,0.006,1229,24,3976,2771,0.5
DAPT,MLP,42,0.1,400,DOMAIN_OOD,3858,0.005,0.9953033924102784,0.00468384074941452,0.24503311258278146,0.29433037000035256,0.8779480183053615,0.8752026650606644,0.9733333333333334,0.18921721099015035,0.3168402777777778,0.005184033177812338,365,10,1919,1564,0.5
DAPT,MLP,42,0.1,400,TEMPLATE_OOD,6832,0.005,0.9953033924102784,0.00468384074941452,0.24503311258278146,0.29433037000035256,0.9091005888383092,0.9009964902045204,0.9854085603112841,0.2965456674473068,0.45589558955895587,0.004391100702576112,1013,15,3401,2403,0.5
DAPT,MLP,42,0.1,400,DOMAIN_TEMPLATE_OOD,3708,0.005,0.9953033924102784,0.00468384074941452,0.24503311258278146,0.29433037000035256,0.864587006552688,0.8601430592939374,0.9694189602446484,0.1709816612729234,0.2906923429619441,0.005393743257820928,317,10,1844,1537,0.5
DAPT,MLP,42,0.1,400,IID_ORIGINAL,3051,0.01,0.9883024096488954,0.00936768149882904,0.30022075055187636,0.29433037000035256,0.8263416780141808,0.8905405687391693,0.9181286549707602,0.29678638941398866,0.44857142857142857,0.014049172102358254,314,28,1965,744,0.3467715503113733
DAPT,MLP,42,0.1,400,IID_BALANCED,2116,0.01,0.9883024096488954,0.00936768149882904,0.30022075055187636,0.29433037000035256,0.8864140450923769,0.8869063146572518,0.9429429429429429,0.29678638941398866,0.45147375988497485,0.017958412098298678,314,19,1039,744,0.5
DAPT,MLP,42,0.1,400,TEMPORAL,8000,0.01,0.9883024096488954,0.00936768149882904,0.30022075055187636,0.29433037000035256,0.9117350075317493,0.9030664374999999,0.9770992366412213,0.384,0.5513280689160086,0.009,1536,36,3964,2464,0.5
DAPT,MLP,42,0.1,400,DOMAIN_OOD,3858,0.01,0.9883024096488954,0.00936768149882904,0.30022075055187636,0.29433037000035256,0.8779480183053615,0.8752026650606644,0.9699812382739212,0.2680145152928979,0.4199837530463038,0.00829445308449974,517,16,1913,1412,0.5
DAPT,MLP,42,0.1,400,TEMPLATE_OOD,6832,0.01,0.9883024096488954,0.00936768149882904,0.30022075055187636,0.29433037000035256,0.9091005888383092,0.9009964902045204,0.9821981424148607,0.3714871194379391,0.5390824129141886,0.006733021077283372,1269,23,3393,2147,0.5
DAPT,MLP,42,0.1,400,DOMAIN_TEMPLATE_OOD,3708,0.01,0.9883024096488954,0.00936768149882904,0.30022075055187636,0.29433037000035256,0.864587006552688,0.8601430592939374,0.9665970772442589,0.24973031283710895,0.39691384483497644,0.008629989212513484,463,16,1838,1391,0.5
DAPT,MLP,42,0.1,400,IID_ORIGINAL,3051,0.02,0.9425010681152345,0.01990632318501171,0.46357615894039733,0.29433037000035256,0.8263416780141808,0.8905405687391693,0.8897196261682243,0.4499054820415879,0.5976145637162587,0.02960361264425489,476,59,1934,582,0.3467715503113733
DAPT,MLP,42,0.1,400,IID_BALANCED,2116,0.02,0.9425010681152345,0.01990632318501171,0.46357615894039733,0.29433037000035256,0.8864140450923769,0.8869063146572518,0.9296875,0.4499054820415879,0.6063694267515923,0.034026465028355386,476,36,1022,582,0.5
DAPT,MLP,42,0.1,400,TEMPORAL,8000,0.02,0.9425010681152345,0.01990632318501171,0.46357615894039733,0.29433037000035256,0.9117350075317493,0.9030664374999999,0.9610266159695817,0.5055,0.6625163826998689,0.0205,2022,82,3918,1978,0.5
DAPT,MLP,42,0.1,400,DOMAIN_OOD,3858,0.02,0.9425010681152345,0.01990632318501171,0.46357615894039733,0.29433037000035256,0.8779480183053615,0.8752026650606644,0.948339483394834,0.39968895800933124,0.562363238512035,0.02177293934681182,771,42,1887,1158,0.5
DAPT,MLP,42,0.1,400,TEMPLATE_OOD,6832,0.02,0.9425010681152345,0.01990632318501171,0.46357615894039733,0.29433037000035256,0.9091005888383092,0.9009964902045204,0.9611536197763391,0.47804449648711944,0.638514173998045,0.019320843091334895,1633,66,3350,1783,0.5
DAPT,MLP,42,0.1,400,DOMAIN_TEMPLATE_OOD,3708,0.02,0.9425010681152345,0.01990632318501171,0.46357615894039733,0.29433037000035256,0.864587006552688,0.8601430592939374,0.9433701657458563,0.36839266450916935,0.5298681148176881,0.022114347357065803,683,41,1813,1171,0.5
CONTRASTIVE,LOGREG,42,0.1,400,IID_ORIGINAL,3051,0.005,0.9992507666442012,0.00468384074941452,0.04415011037527594,0.019707249000020965,0.7667500650449167,0.8505449602910755,0.9047619047619048,0.035916824196597356,0.06909090909090909,0.002007024586051179,38,4,1989,1020,0.3467715503113733
CONTRASTIVE,LOGREG,42,0.1,400,IID_BALANCED,2116,0.005,0.9992507666442012,0.00468384074941452,0.04415011037527594,0.019707249000020965,0.8435104946328629,0.8497244864047798,0.9047619047619048,0.035916824196597356,0.06909090909090909,0.003780718336483932,38,4,1054,1020,0.5
CONTRASTIVE,LOGREG,42,0.1,400,TEMPORAL,8000,0.005,0.9992507666442012,0.00468384074941452,0.04415011037527594,0.019707249000020965,0.8609343798085001,0.8532411875,0.9871794871794872,0.0385,0.0741097208854668,0.0005,154,2,3998,3846,0.5
CONTRASTIVE,LOGREG,42,0.1,400,DOMAIN_OOD,3858,0.005,0.9992507666442012,0.00468384074941452,0.04415011037527594,0.019707249000020965,0.8261878870507886,0.8211454805254766,0.9629629629629629,0.02695697252462416,0.052445789208270296,0.0010368066355624676,52,2,1927,1877,0.5
CONTRASTIVE,LOGREG,42,0.1,400,TEMPLATE_OOD,6832,0.005,0.9992507666442012,0.00468384074941452,0.04415011037527594,0.019707249000020965,0.8603166219008598,0.8522724546012977,0.9849624060150376,0.03834894613583138,0.07382361228515075,0.000585480093676815,131,2,3414,3285,0.5
CONTRASTIVE,LOGREG,42,0.1,400,DOMAIN_TEMPLATE_OOD,3708,0.005,0.9992507666442012,0.00468384074941452,0.04415011037527594,0.019707249000020965,0.8164009076024514,0.8104992383592314,0.9615384615384616,0.02696871628910464,0.05246589716684155,0.0010787486515641855,50,2,1852,1804,0.5
CONTRASTIVE,LOGREG,42,0.1,400,IID_ORIGINAL,3051,0.01,0.9915851303562353,0.00936768149882904,0.20309050772626933,0.019707249000020965,0.7667500650449167,0.8505449602910755,0.9311740890688259,0.21739130434782608,0.3524904214559387,0.008529854490717512,230,17,1976,828,0.3467715503113733
CONTRASTIVE,LOGREG,42,0.1,400,IID_BALANCED,2116,0.01,0.9915851303562353,0.00936768149882904,0.20309050772626933,0.019707249000020965,0.8435104946328629,0.8497244864047798,0.9504132231404959,0.21739130434782608,0.35384615384615387,0.011342155009451797,230,12,1046,828,0.5
CONTRASTIVE,LOGREG,42,0.1,400,TEMPORAL,8000,0.01,0.9915851303562353,0.00936768149882904,0.20309050772626933,0.019707249000020965,0.8609343798085001,0.8532411875,0.965389369592089,0.19525,0.32480765231856934,0.007,781,28,3972,3219,0.5
CONTRASTIVE,LOGREG,42,0.1,400,DOMAIN_OOD,3858,0.01,0.9915851303562353,0.00936768149882904,0.20309050772626933,0.019707249000020965,0.8261878870507886,0.8211454805254766,0.9475524475524476,0.14048729911871435,0.24469525959367946,0.007776049766718507,271,15,1914,1658,0.5
CONTRASTIVE,LOGREG,42,0.1,400,TEMPLATE_OOD,6832,0.01,0.9915851303562353,0.00936768149882904,0.20309050772626933,0.019707249000020965,0.8603166219008598,0.8522724546012977,0.9664634146341463,0.18559718969555036,0.3113948919449902,0.006440281030444965,634,22,3394,2782,0.5
CONTRASTIVE,LOGREG,42,0.1,400,DOMAIN_TEMPLATE_OOD,3708,0.01,0.9915851303562353,0.00936768149882904,0.20309050772626933,0.019707249000020965,0.8164009076024514,0.8104992383592314,0.9471544715447154,0.1256742179072276,0.2219047619047619,0.007011866235167206,233,13,1841,1621,0.5
CONTRASTIVE,LOGREG,42,0.1,400,IID_ORIGINAL,3051,0.02,0.9833229010883469,0.01990632318501171,0.282560706401766,0.019707249000020965,0.7667500650449167,0.8505449602910755,0.9003021148036254,0.28166351606805295,0.4290856731461483,0.01655795283492223,298,33,1960,760,0.3467715503113733
CONTRASTIVE,LOGREG,42,0.1,400,IID_BALANCED,2116,0.02,0.9833229010883469,0.01990632318501171,0.282560706401766,0.019707249000020965,0.8435104946328629,0.8497244864047798,0.93125,0.28166351606805295,0.432510885341074,0.020793950850661626,298,22,1036,760,0.5
CONTRASTIVE,LOGREG,42,0.1,400,TEMPORAL,8000,0.02,0.9833229010883469,0.01990632318501171,0.282560706401766,0.019707249000020965,0.8609343798085001,0.8532411875,0.9491673970201577,0.27075,0.4213188095701225,0.0145,1083,58,3942,2917,0.5
CONTRASTIVE,LOGREG,42,0.1,400,DOMAIN_OOD,3858,0.02,0.9833229010883469,0.01990632318501171,0.282560706401766,0.019707249000020965,0.8261878870507886,0.8211454805254766,0.919908466819222,0.208398133748056,0.33981403212172445,0.018144116122343183,402,35,1894,1527,0.5
CONTRASTIVE,LOGREG,42,0.1,400,TEMPLATE_OOD,6832,0.02,0.9833229010883469,0.01990632318501171,0.282560706401766,0.019707249000020965,0.8603166219008598,0.8522724546012977,0.9517684887459807,0.25995316159250587,0.40836974017015404,0.013173302107728338,888,45,3371,2528,0.5
CONTRASTIVE,LOGREG,42,0.1,400,DOMAIN_TEMPLATE_OOD,3708,0.02,0.9833229010883469,0.01990632318501171,0.282560706401766,0.019707249000020965,0.8164009076024514,0.8104992383592314,0.9186351706036745,0.18878101402373246,0.3131991051454139,0.016720604099244876,350,31,1823,1504,0.5
CONTRASTIVE,XGBOOST,42,0.1,400,IID_ORIGINAL,3051,0.005,0.9926748871803285,0.00468384074941452,0.09933774834437085,2.659707916000116,0.7172357504813407,0.810821808276036,0.9203539823008849,0.09829867674858223,0.1776259607173356,0.004515805318615153,104,9,1984,954,0.3467715503113733
CONTRASTIVE,XGBOOST,42,0.1,400,IID_BALANCED,2116,0.005,0.9926748871803285,0.00468384074941452,0.09933774834437085,2.659707916000116,0.8107757450371089,0.8093855081992989,0.9541284403669725,0.09829867674858223,0.17823479005998286,0.004725897920604915,104,5,1053,954,0.5
CONTRASTIVE,XGBOOST,42,0.1,400,TEMPORAL,8000,0.005,0.9926748871803285,0.00468384074941452,0.09933774834437085,2.659707916000116,0.8361877752091628,0.8249835624999999,0.9754768392370572,0.0895,0.1639569498511564,0.00225,358,9,3991,3642,0.5
CONTRASTIVE,XGBOOST,42,0.1,400,DOMAIN_OOD,3858,0.005,0.9926748871803285,0.00468384074941452,0.09933774834437085,2.659707916000116,0.7988854037897182,0.7892909537949192,0.9508196721311475,0.06013478486262312,0.11311555338859093,0.003110419906687403,116,6,1923,1813,0.5
CONTRASTIVE,XGBOOST,42,0.1,400,TEMPLATE_OOD,6832,0.005,0.9926748871803285,0.00468384074941452,0.09933774834437085,2.659707916000116,0.8327292439824844,0.8205095596421852,0.9735973597359736,0.08635831381733021,0.15864479698843775,0.00234192037470726,295,8,3408,3121,0.5
CONTRASTIVE,XGBOOST,42,0.1,400,DOMAIN_TEMPLATE_OOD,3708,0.005,0.9926748871803285,0.00468384074941452,0.09933774834437085,2.659707916000116,0.7873499788848858,0.7800295346718196,0.9494949494949495,0.05070118662351672,0.09626216077828981,0.002696871628910464,94,5,1849,1760,0.5
CONTRASTIVE,XGBOOST,42,0.1,400,IID_ORIGINAL,3051,0.01,0.9845676422119142,0.00936768149882904,0.1479028697571744,2.659707916000116,0.7172357504813407,0.810821808276036,0.8829268292682927,0.17107750472589792,0.28661916072842436,0.012042147516307075,181,24,1969,877,0.3467715503113733
CONTRASTIVE,XGBOOST,42,0.1,400,IID_BALANCED,2116,0.01,0.9845676422119142,0.00936768149882904,0.1479028697571744,2.659707916000116,0.8107757450371089,0.8093855081992989,0.923469387755102,0.17107750472589792,0.2886762360446571,0.014177693761814745,181,15,1043,877,0.5
CONTRASTIVE,XGBOOST,42,0.1,400,TEMPORAL,8000,0.01,0.9845676422119142,0.00936768149882904,0.1479028697571744,2.659707916000116,0.8361877752091628,0.8249835624999999,0.959375,0.1535,0.2646551724137931,0.0065,614,26,3974,3386,0.5
CONTRASTIVE,XGBOOST,42,0.1,400,DOMAIN_OOD,3858,0.01,0.9845676422119142,0.00936768149882904,0.1479028697571744,2.659707916000116,0.7988854037897182,0.7892909537949192,0.9356223175965666,0.11301192327630896,0.20166512488436633,0.007776049766718507,218,15,1914,1711,0.5
CONTRASTIVE,XGBOOST,42,0.1,400,TEMPLATE_OOD,6832,0.01,0.9845676422119142,0.00936768149882904,0.1479028697571744,2.659707916000116,0.8327292439824844,0.8205095596421852,0.9554730983302412,0.15076112412177986,0.2604298356510746,0.00702576112412178,515,24,3392,2901,0.5
CONTRASTIVE,XGBOOST,42,0.1,400,DOMAIN_TEMPLATE_OOD,3708,0.01,0.9845676422119142,0.00936768149882904,0.1479028697571744,2.659707916000116,0.7873499788848858,0.7800295346718196,0.9292929292929293,0.09924487594390508,0.1793372319688109,0.007551240560949299,184,14,1840,1670,0.5
CONTRASTIVE,XGBOOST,42,0.1,400,IID_ORIGINAL,3051,0.02,0.9740747213363649,0.01990632318501171,0.20750551876379691,2.659707916000116,0.7172357504813407,0.810821808276036,0.8768115942028986,0.22873345935727787,0.36281859070464767,0.017059708981435023,242,34,1959,816,0.3467715503113733
CONTRASTIVE,XGBOOST,42,0.1,400,IID_BALANCED,2116,0.02,0.9740747213363649,0.01990632318501171,0.20750551876379691,2.659707916000116,0.8107757450371089,0.8093855081992989,0.9272030651340997,0.22873345935727787,0.36694465504169826,0.017958412098298678,242,19,1039,816,0.5
CONTRASTIVE,XGBOOST,42,0.1,400,TEMPORAL,8000,0.02,0.9740747213363649,0.01990632318501171,0.20750551876379691,2.659707916000116,0.8361877752091628,0.8249835624999999,0.942987457240593,0.20675,0.33914291572688127,0.0125,827,50,3950,3173,0.5
CONTRASTIVE,XGBOOST,42,0.1,400,DOMAIN_OOD,3858,0.02,0.9740747213363649,0.01990632318501171,0.20750551876379691,2.659707916000116,0.7988854037897182,0.7892909537949192,0.9239766081871345,0.16381544841886989,0.27829150154117127,0.01347848626231208,316,26,1903,1613,0.5
CONTRASTIVE,XGBOOST,42,0.1,400,TEMPLATE_OOD,6832,0.02,0.9740747213363649,0.01990632318501171,0.20750551876379691,2.659707916000116,0.8327292439824844,0.8205095596421852,0.9410150891632373,0.20081967213114754,0.3310012062726176,0.012587822014051522,686,43,3373,2730,0.5
CONTRASTIVE,XGBOOST,42,0.1,400,DOMAIN_TEMPLATE_OOD,3708,0.02,0.9740747213363649,0.01990632318501171,0.20750551876379691,2.659707916000116,0.7873499788848858,0.7800295346718196,0.9128919860627178,0.1413160733549083,0.24474544605324614,0.01348435814455232,262,25,1829,1592,0.5
CONTRASTIVE,MLP,42,0.1,400,IID_ORIGINAL,3051,0.005,0.9996737241744996,0.00468384074941452,0.10375275938189846,0.394661516999804,0.7718509251397644,0.8590819285267812,0.9420289855072463,0.12287334593572778,0.21739130434782608,0.004014049172102358,130,8,1985,928,0.3467715503113733
CONTRASTIVE,MLP,42,0.1,400,IID_BALANCED,2116,0.005,0.9996737241744996,0.00468384074941452,0.10375275938189846,0.394661516999804,0.8480674867406417,0.856740970765542,0.948905109489051,0.12287334593572778,0.2175732217573222,0.006616257088846881,130,7,1051,928,0.5
CONTRASTIVE,MLP,42,0.1,400,TEMPORAL,8000,0.005,0.9996737241744996,0.00468384074941452,0.10375275938189846,0.394661516999804,0.8734970463876485,0.86703803125,0.9761499148211243,0.14325,0.249836494440811,0.0035,573,14,3986,3427,0.5
CONTRASTIVE,MLP,42,0.1,400,DOMAIN_OOD,3858,0.005,0.9996737241744996,0.00468384074941452,0.10375275938189846,0.394661516999804,0.8381014388604534,0.8374718257605869,0.9483870967741935,0.07620528771384137,0.14107485604606526,0.00414722654224987,147,8,1921,1782,0.5
CONTRASTIVE,MLP,42,0.1,400,TEMPLATE_OOD,6832,0.005,0.9996737241744996,0.00468384074941452,0.10375275938189846,0.394661516999804,0.8730392203236037,0.8653704721273082,0.9779116465863453,0.14256440281030444,0.24885028104241186,0.0032201405152224825,487,11,3405,2929,0.5
CONTRASTIVE,MLP,42,0.1,400,DOMAIN_TEMPLATE_OOD,3708,0.005,0.9996737241744996,0.00468384074941452,0.10375275938189846,0.394661516999804,0.829448874281036,0.8266289744672879,0.9473684210526315,0.06796116504854369,0.1268243583291394,0.0037756202804746495,126,7,1847,1728,0.5
CONTRASTIVE,MLP,42,0.1,400,IID_ORIGINAL,3051,0.01,0.9986003041267396,0.00936768149882904,0.20750551876379691,0.394661516999804,0.7718509251397644,0.8590819285267812,0.930327868852459,0.21455576559546313,0.3486943164362519,0.008529854490717512,227,17,1976,831,0.3467715503113733
CONTRASTIVE,MLP,42,0.1,400,IID_BALANCED,2116,0.01,0.9986003041267396,0.00936768149882904,0.20750551876379691,0.394661516999804,0.8480674867406417,0.856740970765542,0.961864406779661,0.21455576559546313,0.3508500772797527,0.008506616257088847,227,9,1049,831,0.5
CONTRASTIVE,MLP,42,0.1,400,TEMPORAL,8000,0.01,0.9986003041267396,0.00936768149882904,0.20750551876379691,0.394661516999804,0.8734970463876485,0.86703803125,0.9650273224043716,0.22075,0.3593082400813835,0.008,883,32,3968,3117,0.5
CONTRASTIVE,MLP,42,0.1,400,DOMAIN_OOD,3858,0.01,0.9986003041267396,0.00936768149882904,0.20750551876379691,0.394661516999804,0.8381014388604534,0.8374718257605869,0.9368421052631579,0.13841368584758942,0.24119241192411925,0.00933125972006221,267,18,1911,1662,0.5
CONTRASTIVE,MLP,42,0.1,400,TEMPLATE_OOD,6832,0.01,0.9986003041267396,0.00936768149882904,0.20750551876379691,0.394661516999804,0.8730392203236037,0.8653704721273082,0.9681697612732095,0.21370023419203746,0.3501199040767386,0.00702576112412178,730,24,3392,2686,0.5
CONTRASTIVE,MLP,42,0.1,400,DOMAIN_TEMPLATE_OOD,3708,0.01,0.9986003041267396,0.00936768149882904,0.20750551876379691,0.394661516999804,0.829448874281036,0.8266289744672879,0.9375,0.12944983818770225,0.22748815165876776,0.008629989212513484,240,16,1838,1614,0.5
CONTRASTIVE,MLP,42,0.1,400,IID_ORIGINAL,3051,0.02,0.9957457184791566,0.01990632318501171,0.2781456953642384,0.394661516999804,0.7718509251397644,0.8590819285267812,0.8786127167630058,0.28733459357277885,0.43304843304843305,0.021073758153537382,304,42,1951,754,0.3467715503113733
CONTRASTIVE,MLP,42,0.1,400,IID_BALANCED,2116,0.02,0.9957457184791566,0.01990632318501171,0.2781456953642384,0.394661516999804,0.8480674867406417,0.856740970765542,0.9325153374233128,0.28733459357277885,0.4393063583815029,0.020793950850661626,304,22,1036,754,0.5
CONTRASTIVE,MLP,42,0.1,400,TEMPORAL,8000,0.02,0.9957457184791566,0.01990632318501171,0.2781456953642384,0.394661516999804,0.8734970463876485,0.86703803125,0.9527302363488183,0.29225,0.44729290223837764,0.0145,1169,58,3942,2831,0.5
CONTRASTIVE,MLP,42,0.1,400,DOMAIN_OOD,3858,0.02,0.9957457184791566,0.01990632318501171,0.2781456953642384,0.394661516999804,0.8381014388604534,0.8374718257605869,0.9234234234234234,0.21254536029030585,0.34555415086388536,0.01762571280456195,410,34,1895,1519,0.5
CONTRASTIVE,MLP,42,0.1,400,TEMPLATE_OOD,6832,0.02,0.9957457184791566,0.01990632318501171,0.2781456953642384,0.394661516999804,0.8730392203236037,0.8653704721273082,0.955078125,0.2862997658079625,0.44054054054054054,0.013466042154566744,978,46,3370,2438,0.5
CONTRASTIVE,MLP,42,0.1,400,DOMAIN_TEMPLATE_OOD,3708,0.02,0.9957457184791566,0.01990632318501171,0.2781456953642384,0.394661516999804,0.829448874281036,0.8266289744672879,0.9242424242424242,0.19741100323624594,0.3253333333333333,0.016181229773462782,366,30,1824,1488,0.5
BASE,LOGREG,42,0.25,1000,IID_ORIGINAL,3051,0.005,0.9976651294435303,0.00468384074941452,0.152317880794702,0.34594437800024025,0.8692856163366288,0.903041552807226,0.9855072463768116,0.19281663516068054,0.32252964426877473,0.0015052684395383843,204,3,1990,854,0.3467715503113733
BASE,LOGREG,42,0.25,1000,IID_BALANCED,2116,0.005,0.9976651294435303,0.00468384074941452,0.152317880794702,0.34594437800024025,0.9177763846888436,0.9039749357670963,0.9951219512195122,0.19281663516068054,0.32304038004750596,0.000945179584120983,204,1,1057,854,0.5
BASE,LOGREG,42,0.25,1000,TEMPORAL,8000,0.005,0.9976651294435303,0.00468384074941452,0.152317880794702,0.34594437800024025,0.9364627804978285,0.9299934999999998,0.9941927990708479,0.214,0.3521909072207365,0.00125,856,5,3995,3144,0.5
BASE,LOGREG,42,0.25,1000,DOMAIN_OOD,3858,0.005,0.9976651294435303,0.00468384074941452,0.152317880794702,0.34594437800024025,0.9163930765037394,0.9099695488439928,0.9914529914529915,0.18040435458786935,0.30526315789473685,0.0015552099533437014,348,3,1926,1581,0.5
BASE,LOGREG,42,0.25,1000,TEMPLATE_OOD,6832,0.005,0.9976651294435303,0.00468384074941452,0.152317880794702,0.34594437800024025,0.9314459231083095,0.9244958632472071,0.9931787175989086,0.21311475409836064,0.35092793444203424,0.0014637002341920376,728,5,3411,2688,0.5
BASE,LOGREG,42,0.25,1000,DOMAIN_TEMPLATE_OOD,3708,0.005,0.9976651294435303,0.00468384074941452,0.152317880794702,0.34594437800024025,0.9084288200381455,0.9020168643208829,0.9911504424778761,0.18122977346278318,0.3064295485636115,0.0016181229773462784,336,3,1851,1518,0.5
BASE,LOGREG,42,0.25,1000,IID_ORIGINAL,3051,0.01,0.9787207493660585,0.00936768149882904,0.4326710816777042,0.34594437800024025,0.8692856163366288,0.903041552807226,0.974477958236659,0.39697542533081287,0.5641370047011417,0.0055193176116407425,420,11,1982,638,0.3467715503113733
BASE,LOGREG,42,0.25,1000,IID_BALANCED,2116,0.01,0.9787207493660585,0.00936768149882904,0.4326710816777042,0.34594437800024025,0.9177763846888436,0.9039749357670963,0.9882352941176471,0.39697542533081287,0.5664194200944033,0.004725897920604915,420,5,1053,638,0.5
BASE,LOGREG,42,0.25,1000,TEMPORAL,8000,0.01,0.9787207493660585,0.00936768149882904,0.4326710816777042,0.34594437800024025,0.9364627804978285,0.9299934999999998,0.9846907532149418,0.402,0.5709213562932718,0.00625,1608,25,3975,2392,0.5
BASE,LOGREG,42,0.25,1000,DOMAIN_OOD,3858,0.01,0.9787207493660585,0.00936768149882904,0.4326710816777042,0.34594437800024025,0.9163930765037394,0.9099695488439928,0.9754335260115607,0.3499222395023328,0.5150705837466616,0.008812856402280975,675,17,1912,1254,0.5
BASE,LOGREG,42,0.25,1000,TEMPLATE_OOD,6832,0.01,0.9787207493660585,0.00936768149882904,0.4326710816777042,0.34594437800024025,0.9314459231083095,0.9244958632472071,0.9824433065106072,0.3931498829039813,0.5615722349989546,0.00702576112412178,1343,24,3392,2073,0.5
BASE,LOGREG,42,0.25,1000,DOMAIN_TEMPLATE_OOD,3708,0.01,0.9787207493660585,0.00936768149882904,0.4326710816777042,0.34594437800024025,0.9084288200381455,0.9020168643208829,0.9748822605965463,0.33495145631067963,0.4985949417904456,0.008629989212513484,621,16,1838,1233,0.5
BASE,LOGREG,42,0.25,1000,IID_ORIGINAL,3051,0.02,0.8899601388434951,0.01990632318501171,0.5805739514348786,0.34594437800024025,0.8692856163366288,0.903041552807226,0.9414634146341463,0.5472589792060492,0.6921697549312612,0.01806322127446061,579,36,1957,479,0.3467715503113733
BASE,LOGREG,42,0.25,1000,IID_BALANCED,2116,0.02,0.8899601388434951,0.01990632318501171,0.5805739514348786,0.34594437800024025,0.9177763846888436,0.9039749357670963,0.9666110183639399,0.5472589792060492,0.6988533494266748,0.01890359168241966,579,20,1038,479,0.5
BASE,LOGREG,42,0.25,1000,TEMPORAL,8000,0.02,0.8899601388434951,0.01990632318501171,0.5805739514348786,0.34594437800024025,0.9364627804978285,0.9299934999999998,0.9652461729416633,0.58325,0.7271310581268505,0.021,2333,84,3916,1667,0.5
BASE,LOGREG,42,0.25,1000,DOMAIN_OOD,3858,0.02,0.8899601388434951,0.01990632318501171,0.5805739514348786,0.34594437800024025,0.9163930765037394,0.9099695488439928,0.9536784741144414,0.5443234836702955,0.693069306930693,0.026438569206842923,1050,51,1878,879,0.5
BASE,LOGREG,42,0.25,1000,TEMPLATE_OOD,6832,0.02,0.8899601388434951,0.01990632318501171,0.5805739514348786,0.34594437800024025,0.9314459231083095,0.9244958632472071,0.9628543499511242,0.5766978922716628,0.7213474917612596,0.02224824355971897,1970,76,3340,1446,0.5
BASE,LOGREG,42,0.25,1000,DOMAIN_TEMPLATE_OOD,3708,0.02,0.8899601388434951,0.01990632318501171,0.5805739514348786,0.34594437800024025,0.9084288200381455,0.9020168643208829,0.9513406156901688,0.5167206040992449,0.6696959105207969,0.026429341963322545,958,49,1805,896,0.5
BASE,XGBOOST,42,0.25,1000,IID_ORIGINAL,3051,0.005,0.9927962422370912,0.00468384074941452,0.2980132450331126,4.121911504000309,0.8545625272379214,0.9041707412617128,0.9811320754716981,0.2948960302457467,0.45348837209302323,0.0030105368790767687,312,6,1987,746,0.3467715503113733
BASE,XGBOOST,42,0.25,1000,IID_BALANCED,2116,0.005,0.9927962422370912,0.00468384074941452,0.2980132450331126,4.121911504000309,0.9091361043085434,0.9049433428268197,0.9873417721518988,0.2948960302457467,0.45414847161572053,0.003780718336483932,312,4,1054,746,0.5
BASE,XGBOOST,42,0.25,1000,TEMPORAL,8000,0.005,0.9927962422370912,0.00468384074941452,0.2980132450331126,4.121911504000309,0.9256401476110678,0.92030809375,0.9951124144672532,0.2545,0.40533545689826794,0.00125,1018,5,3995,2982,0.5
BASE,XGBOOST,42,0.25,1000,DOMAIN_OOD,3858,0.005,0.9927962422370912,0.00468384074941452,0.2980132450331126,4.121911504000309,0.8937490233996681,0.8905103437452047,0.992619926199262,0.1394504924831519,0.24454545454545454,0.0010368066355624676,269,2,1927,1660,0.5
BASE,XGBOOST,42,0.25,1000,TEMPLATE_OOD,6832,0.005,0.9927962422370912,0.00468384074941452,0.2980132450331126,4.121911504000309,0.9188520663073494,0.9129441576079504,0.994343891402715,0.25731850117096017,0.4088372093023256,0.0014637002341920376,879,5,3411,2537,0.5
BASE,XGBOOST,42,0.25,1000,DOMAIN_TEMPLATE_OOD,3708,0.005,0.9927962422370912,0.00468384074941452,0.2980132450331126,4.121911504000309,0.8842646063958204,0.8807716543954645,0.9922178988326849,0.13754045307443366,0.24159166271909047,0.0010787486515641855,255,2,1852,1599,0.5
BASE,XGBOOST,42,0.25,1000,IID_ORIGINAL,3051,0.01,0.9846884012222291,0.00936768149882904,0.37748344370860926,4.121911504000309,0.8545625272379214,0.9041707412617128,0.972972972972973,0.34026465028355385,0.5042016806722689,0.005017561465127948,360,10,1983,698,0.3467715503113733
BASE,XGBOOST,42,0.25,1000,IID_BALANCED,2116,0.01,0.9846884012222291,0.00936768149882904,0.37748344370860926,4.121911504000309,0.9091361043085434,0.9049433428268197,0.9863013698630136,0.34026465028355385,0.5059732958538299,0.004725897920604915,360,5,1053,698,0.5
BASE,XGBOOST,42,0.25,1000,TEMPORAL,8000,0.01,0.9846884012222291,0.00936768149882904,0.37748344370860926,4.121911504000309,0.9256401476110678,0.92030809375,0.9913793103448276,0.345,0.5118694362017804,0.003,1380,12,3988,2620,0.5
BASE,XGBOOST,42,0.25,1000,DOMAIN_OOD,3858,0.01,0.9846884012222291,0.00936768149882904,0.37748344370860926,4.121911504000309,0.8937490233996681,0.8905103437452047,0.9847494553376906,0.23431829963711767,0.3785594639865997,0.0036288232244686366,452,7,1922,1477,0.5
BASE,XGBOOST,42,0.25,1000,TEMPLATE_OOD,6832,0.01,0.9846884012222291,0.00936768149882904,0.37748344370860926,4.121911504000309,0.9188520663073494,0.9129441576079504,0.9898305084745763,0.34192037470725994,0.5082680591818973,0.00351288056206089,1168,12,3404,2248,0.5
BASE,XGBOOST,42,0.25,1000,DOMAIN_TEMPLATE_OOD,3708,0.01,0.9846884012222291,0.00936768149882904,0.37748344370860926,4.121911504000309,0.8842646063958204,0.8807716543954645,0.9832935560859188,0.2222222222222222,0.36251649802023755,0.0037756202804746495,412,7,1847,1442,0.5
BASE,XGBOOST,42,0.25,1000,IID_ORIGINAL,3051,0.02,0.9372364282608033,0.01990632318501171,0.48123620309050774,4.121911504000309,0.8545625272379214,0.9041707412617128,0.9154135338345865,0.4603024574669187,0.6125786163522012,0.022579026593075764,487,45,1948,571,0.3467715503113733
BASE,XGBOOST,42,0.25,1000,IID_BALANCED,2116,0.02,0.9372364282608033,0.01990632318501171,0.48123620309050774,4.121911504000309,0.9091361043085434,0.9049433428268197,0.951171875,0.4603024574669187,0.6203821656050955,0.023629489603024575,487,25,1033,571,0.5
BASE,XGBOOST,42,0.25,1000,TEMPORAL,8000,0.02,0.9372364282608033,0.01990632318501171,0.48123620309050774,4.121911504000309,0.9256401476110678,0.92030809375,0.9675294117647059,0.514,0.6713469387755102,0.01725,2056,69,3931,1944,0.5
BASE,XGBOOST,42,0.25,1000,DOMAIN_OOD,3858,0.02,0.9372364282608033,0.01990632318501171,0.48123620309050774,4.121911504000309,0.8937490233996681,0.8905103437452047,0.9501160092807425,0.42457231726283046,0.5868864206377642,0.022291342664593053,819,43,1886,1110,0.5
BASE,XGBOOST,42,0.25,1000,TEMPLATE_OOD,6832,0.02,0.9372364282608033,0.01990632318501171,0.48123620309050774,4.121911504000309,0.9188520663073494,0.9129441576079504,0.9641054402692092,0.5032201405152225,0.6612810155799193,0.01873536299765808,1719,64,3352,1697,0.5
BASE,XGBOOST,42,0.25,1000,DOMAIN_TEMPLATE_OOD,3708,0.02,0.9372364282608033,0.01990632318501171,0.48123620309050774,4.121911504000309,0.8842646063958204,0.8807716543954645,0.94875,0.40938511326860844,0.5719668425018839,0.022114347357065803,759,41,1813,1095,0.5
BASE,MLP,42,0.25,1000,IID_ORIGINAL,3051,0.005,0.9907682538032533,0.00468384074941452,0.3841059602649007,0.5411520270008623,0.8740764355475602,0.9123064942800747,0.9779411764705882,0.3771266540642722,0.5443383356070941,0.004515805318615153,399,9,1984,659,0.3467715503113733
BASE,MLP,42,0.25,1000,IID_BALANCED,2116,0.005,0.9907682538032533,0.00468384074941452,0.3841059602649007,0.5411520270008623,0.9201195641823804,0.9119866281209685,0.9827586206896551,0.3771266540642722,0.5450819672131147,0.006616257088846881,399,7,1051,659,0.5
BASE,MLP,42,0.25,1000,TEMPORAL,8000,0.005,0.9907682538032533,0.00468384074941452,0.3841059602649007,0.5411520270008623,0.932125377759016,0.9282448750000002,0.9862490450725745,0.32275,0.48634394424562066,0.0045,1291,18,3982,2709,0.5
BASE,MLP,42,0.25,1000,DOMAIN_OOD,3858,0.005,0.9907682538032533,0.00468384074941452,0.3841059602649007,0.5411520270008623,0.8971163480498583,0.8974511433762755,0.972636815920398,0.20269569725246242,0.3354783354783355,0.005702436495593572,391,11,1918,1538,0.5
BASE,MLP,42,0.25,1000,TEMPLATE_OOD,6832,0.005,0.9907682538032533,0.00468384074941452,0.3841059602649007,0.5411520270008623,0.9256942404195135,0.9213884139385397,0.9836214740673339,0.3164519906323185,0.4788482834994463,0.005269320843091335,1081,18,3398,2335,0.5
BASE,MLP,42,0.25,1000,DOMAIN_TEMPLATE_OOD,3708,0.005,0.9907682538032533,0.00468384074941452,0.3841059602649007,0.5411520270008623,0.8880807092531171,0.8888557234772712,0.9693593314763231,0.18770226537216828,0.3145051965657479,0.005933117583603021,348,11,1843,1506,0.5
BASE,MLP,42,0.25,1000,IID_ORIGINAL,3051,0.01,0.9807485342025758,0.00936768149882904,0.44150110375275936,0.5411520270008623,0.8740764355475602,0.9123064942800747,0.9680851063829787,0.43005671077504726,0.5955497382198953,0.007526342197691922,455,15,1978,603,0.3467715503113733
BASE,MLP,42,0.25,1000,IID_BALANCED,2116,0.01,0.9807485342025758,0.00936768149882904,0.44150110375275936,0.5411520270008623,0.9201195641823804,0.9119866281209685,0.978494623655914,0.43005671077504726,0.5975049244911359,0.00945179584120983,455,10,1048,603,0.5
BASE,MLP,42,0.25,1000,TEMPORAL,8000,0.01,0.9807485342025758,0.00936768149882904,0.44150110375275936,0.5411520270008623,0.932125377759016,0.9282448750000002,0.9823182711198428,0.375,0.5427899402931066,0.00675,1500,27,3973,2500,0.5
BASE,MLP,42,0.25,1000,DOMAIN_OOD,3858,0.01,0.9807485342025758,0.00936768149882904,0.44150110375275936,0.5411520270008623,0.8971163480498583,0.8974511433762755,0.9659090909090909,0.2643856920684292,0.41514041514041516,0.00933125972006221,510,18,1911,1419,0.5
BASE,MLP,42,0.25,1000,TEMPLATE_OOD,6832,0.01,0.9807485342025758,0.00936768149882904,0.44150110375275936,0.5411520270008623,0.9256942404195135,0.9213884139385397,0.978756884343037,0.36416861826697894,0.5308299551952208,0.007903981264637002,1244,27,3389,2172,0.5
BASE,MLP,42,0.25,1000,DOMAIN_TEMPLATE_OOD,3708,0.01,0.9807485342025758,0.00936768149882904,0.44150110375275936,0.5411520270008623,0.8880807092531171,0.8888557234772712,0.9611231101511879,0.24002157497303128,0.38411739318083726,0.009708737864077669,445,18,1836,1409,0.5
BASE,MLP,42,0.25,1000,IID_ORIGINAL,3051,0.02,0.9347304105758668,0.01990632318501171,0.5452538631346578,0.5411520270008623,0.8740764355475602,0.9123064942800747,0.930116472545757,0.5283553875236295,0.6738999397227246,0.021073758153537382,559,42,1951,499,0.3467715503113733
BASE,MLP,42,0.25,1000,IID_BALANCED,2116,0.02,0.9347304105758668,0.01990632318501171,0.5452538631346578,0.5411520270008623,0.9201195641823804,0.9119866281209685,0.9621342512908778,0.5283553875236295,0.6821232458816352,0.020793950850661626,559,22,1036,499,0.5
BASE,MLP,42,0.25,1000,TEMPORAL,8000,0.02,0.9347304105758668,0.01990632318501171,0.5452538631346578,0.5411520270008623,0.932125377759016,0.9282448750000002,0.9689557855126999,0.515,0.6725432582435521,0.0165,2060,66,3934,1940,0.5
BASE,MLP,42,0.25,1000,DOMAIN_OOD,3858,0.02,0.9347304105758668,0.01990632318501171,0.5452538631346578,0.5411520270008623,0.8971163480498583,0.8974511433762755,0.9468822170900693,0.4250907205806117,0.5867620751341681,0.023846552617936754,820,46,1883,1109,0.5
BASE,MLP,42,0.25,1000,TEMPLATE_OOD,6832,0.02,0.9347304105758668,0.01990632318501171,0.5452538631346578,0.5411520270008623,0.9256942404195135,0.9213884139385397,0.9645070422535211,0.5011709601873536,0.6596031593141977,0.018442622950819672,1712,63,3353,1704,0.5
BASE,MLP,42,0.25,1000,DOMAIN_TEMPLATE_OOD,3708,0.02,0.9347304105758668,0.01990632318501171,0.5452538631346578,0.5411520270008623,0.8880807092531171,0.8888557234772712,0.9434673366834171,0.40507011866235165,0.5667924528301886,0.024271844660194174,751,45,1809,1103,0.5
DAPT,LOGREG,42,0.25,1000,IID_ORIGINAL,3051,0.005,0.995419042603774,0.00468384074941452,0.26490066225165565,0.29327043000012054,0.8644483335481177,0.8995254657843093,0.9844357976653697,0.2391304347826087,0.38479087452471483,0.002007024586051179,253,4,1989,805,0.3467715503113733
DAPT,LOGREG,42,0.25,1000,IID_BALANCED,2116,0.005,0.995419042603774,0.00468384074941452,0.26490066225165565,0.29327043000012054,0.9136421979685253,0.8998806465099825,0.9921568627450981,0.2391304347826087,0.38537699923838536,0.001890359168241966,253,2,1056,805,0.5
DAPT,LOGREG,42,0.25,1000,TEMPORAL,8000,0.005,0.995419042603774,0.00468384074941452,0.26490066225165565,0.29327043000012054,0.935913994398004,0.9278168750000001,0.9935275080906149,0.307,0.4690603514132926,0.002,1228,8,3992,2772,0.5
DAPT,LOGREG,42,0.25,1000,DOMAIN_OOD,3858,0.005,0.995419042603774,0.00468384074941452,0.26490066225165565,0.29327043000012054,0.9152257751992586,0.909447920622213,0.9900398406374502,0.2576464489372732,0.4088852324146442,0.002592016588906169,497,5,1924,1432,0.5
DAPT,LOGREG,42,0.25,1000,TEMPLATE_OOD,6832,0.005,0.995419042603774,0.00468384074941452,0.26490066225165565,0.29327043000012054,0.9326864021861703,0.9250019881642525,0.9922928709055877,0.3015222482435597,0.4625056129321958,0.00234192037470726,1030,8,3408,2386,0.5
DAPT,LOGREG,42,0.25,1000,DOMAIN_TEMPLATE_OOD,3708,0.005,0.995419042603774,0.00468384074941452,0.26490066225165565,0.29327043000012054,0.9056939559715602,0.8993205745412992,0.9892933618843683,0.24919093851132687,0.3981042654028436,0.002696871628910464,462,5,1849,1392,0.5
DAPT,LOGREG,42,0.25,1000,IID_ORIGINAL,3051,0.01,0.9860130943471186,0.00936768149882904,0.4194260485651214,0.29327043000012054,0.8644483335481177,0.8995254657843093,0.9811320754716981,0.3931947069943289,0.5614035087719298,0.004014049172102358,416,8,1985,642,0.3467715503113733
DAPT,LOGREG,42,0.25,1000,IID_BALANCED,2116,0.01,0.9860130943471186,0.00936768149882904,0.4194260485651214,0.29327043000012054,0.9136421979685253,0.8998806465099825,0.9928400954653938,0.3931947069943289,0.5633039945836155,0.002835538752362949,416,3,1055,642,0.5
DAPT,LOGREG,42,0.25,1000,TEMPORAL,8000,0.01,0.9860130943471186,0.00936768149882904,0.4194260485651214,0.29327043000012054,0.935913994398004,0.9278168750000001,0.9883720930232558,0.40375,0.5733049343272986,0.00475,1615,19,3981,2385,0.5
DAPT,LOGREG,42,0.25,1000,DOMAIN_OOD,3858,0.01,0.9860130943471186,0.00936768149882904,0.4194260485651214,0.29327043000012054,0.9152257751992586,0.909447920622213,0.9804511278195489,0.3379989631933644,0.5026985350809561,0.00673924313115604,652,13,1916,1277,0.5
DAPT,LOGREG,42,0.25,1000,TEMPLATE_OOD,6832,0.01,0.9860130943471186,0.00936768149882904,0.4194260485651214,0.29327043000012054,0.9326864021861703,0.9250019881642525,0.9876543209876543,0.3981264637002342,0.5674942624660964,0.004976580796252928,1360,17,3399,2056,0.5
DAPT,LOGREG,42,0.25,1000,DOMAIN_TEMPLATE_OOD,3708,0.01,0.9860130943471186,0.00936768149882904,0.4194260485651214,0.29327043000012054,0.9056939559715602,0.8993205745412992,0.9789644012944984,0.3263214670981661,0.4894822006472492,0.007011866235167206,605,13,1841,1249,0.5
DAPT,LOGREG,42,0.25,1000,IID_ORIGINAL,3051,0.02,0.9403497103484926,0.01990632318501171,0.5209713024282561,0.29327043000012054,0.8644483335481177,0.8995254657843093,0.9383177570093458,0.47448015122873344,0.6302573760200879,0.01655795283492223,502,33,1960,556,0.3467715503113733
DAPT,LOGREG,42,0.25,1000,IID_BALANCED,2116,0.02,0.9403497103484926,0.01990632318501171,0.5209713024282561,0.29327043000012054,0.9136421979685253,0.8998806465099825,0.9653846153846154,0.47448015122873344,0.6362484157160964,0.017013232514177693,502,18,1040,556,0.5
DAPT,LOGREG,42,0.25,1000,TEMPORAL,8000,0.02,0.9403497103484926,0.01990632318501171,0.5209713024282561,0.29327043000012054,0.935913994398004,0.9278168750000001,0.9791760977818017,0.54075,0.6967305524239008,0.0115,2163,46,3954,1837,0.5
DAPT,LOGREG,42,0.25,1000,DOMAIN_OOD,3858,0.02,0.9403497103484926,0.01990632318501171,0.5209713024282561,0.29327043000012054,0.9152257751992586,0.909447920622213,0.9736842105263158,0.4603421461897356,0.6251319957761352,0.012441679626749611,888,24,1905,1041,0.5
DAPT,LOGREG,42,0.25,1000,TEMPLATE_OOD,6832,0.02,0.9403497103484926,0.01990632318501171,0.5209713024282561,0.29327043000012054,0.9326864021861703,0.9250019881642525,0.9784366576819407,0.5313231850117096,0.688673875924872,0.0117096018735363,1815,40,3376,1601,0.5
DAPT,LOGREG,42,0.25,1000,DOMAIN_TEMPLATE_OOD,3708,0.02,0.9403497103484926,0.01990632318501171,0.5209713024282561,0.29327043000012054,0.9056939559715602,0.8993205745412992,0.9723557692307693,0.43635382955771307,0.6023827252419955,0.012405609492988134,809,23,1831,1045,0.5
DAPT,XGBOOST,42,0.25,1000,IID_ORIGINAL,3051,0.005,0.9960894584655763,0.00468384074941452,0.2097130242825607,3.6564124690003155,0.8459863347139167,0.8968639766593284,0.9777777777777777,0.20793950850661624,0.34294621979734996,0.002508780732563974,220,5,1988,838,0.3467715503113733
DAPT,XGBOOST,42,0.25,1000,IID_BALANCED,2116,0.005,0.9960894584655763,0.00468384074941452,0.2097130242825607,3.6564124690003155,0.9000198785817045,0.8954969071722871,0.9821428571428571,0.20793950850661624,0.34321372854914195,0.003780718336483932,220,4,1054,838,0.5
DAPT,XGBOOST,42,0.25,1000,TEMPORAL,8000,0.005,0.9960894584655763,0.00468384074941452,0.2097130242825607,3.6564124690003155,0.9276769982674257,0.9232642812500002,0.9941520467836257,0.2125,0.35015447991761073,0.00125,850,5,3995,3150,0.5
DAPT,XGBOOST,42,0.25,1000,DOMAIN_OOD,3858,0.005,0.9960894584655763,0.00468384074941452,0.2097130242825607,3.6564124690003155,0.8973448272398755,0.8980766403810116,0.9835390946502057,0.12389839294971487,0.22007366482504603,0.002073613271124935,239,4,1925,1690,0.5
DAPT,XGBOOST,42,0.25,1000,TEMPLATE_OOD,6832,0.005,0.9960894584655763,0.00468384074941452,0.2097130242825607,3.6564124690003155,0.9214239201167851,0.9171061909378103,0.9929478138222849,0.20608899297423888,0.3413333333333333,0.0014637002341920376,704,5,3411,2712,0.5
DAPT,XGBOOST,42,0.25,1000,DOMAIN_TEMPLATE_OOD,3708,0.005,0.9960894584655763,0.00468384074941452,0.2097130242825607,3.6564124690003155,0.8846748125109842,0.8859070565522634,0.9800995024875622,0.10625674217907227,0.19172749391727495,0.002157497303128371,197,4,1850,1657,0.5
DAPT,XGBOOST,42,0.25,1000,IID_ORIGINAL,3051,0.01,0.9857930541038514,0.00936768149882904,0.36423841059602646,3.6564124690003155,0.8459863347139167,0.8968639766593284,0.9616306954436451,0.3790170132325142,0.543728813559322,0.008028098344204716,401,16,1977,657,0.3467715503113733
DAPT,XGBOOST,42,0.25,1000,IID_BALANCED,2116,0.01,0.9857930541038514,0.00936768149882904,0.36423841059602646,3.6564124690003155,0.9000198785817045,0.8954969071722871,0.975669099756691,0.3790170132325142,0.5459496255956433,0.00945179584120983,401,10,1048,657,0.5
DAPT,XGBOOST,42,0.25,1000,TEMPORAL,8000,0.01,0.9857930541038514,0.00936768149882904,0.36423841059602646,3.6564124690003155,0.9276769982674257,0.9232642812500002,0.9878326996197718,0.32475,0.4888052681091251,0.004,1299,16,3984,2701,0.5
DAPT,XGBOOST,42,0.25,1000,DOMAIN_OOD,3858,0.01,0.9857930541038514,0.00936768149882904,0.36423841059602646,3.6564124690003155,0.8973448272398755,0.8980766403810116,0.9773242630385488,0.22343182996371178,0.36371308016877635,0.005184033177812338,431,10,1919,1498,0.5
DAPT,XGBOOST,42,0.25,1000,TEMPLATE_OOD,6832,0.01,0.9857930541038514,0.00936768149882904,0.36423841059602646,3.6564124690003155,0.9214239201167851,0.9171061909378103,0.9862258953168044,0.31440281030444966,0.476803551609323,0.004391100702576112,1074,15,3401,2342,0.5
DAPT,XGBOOST,42,0.25,1000,DOMAIN_TEMPLATE_OOD,3708,0.01,0.9857930541038514,0.00936768149882904,0.36423841059602646,3.6564124690003155,0.8846748125109842,0.8859070565522634,0.9733333333333334,0.19687162891046386,0.3275011215791835,0.005393743257820928,365,10,1844,1489,0.5
DAPT,XGBOOST,42,0.25,1000,IID_ORIGINAL,3051,0.02,0.9162178039550782,0.01990632318501171,0.5275938189845475,3.6564124690003155,0.8459863347139167,0.8968639766593284,0.9001663893510815,0.5113421550094518,0.6522001205545509,0.030105368790767688,541,60,1933,517,0.3467715503113733
DAPT,XGBOOST,42,0.25,1000,IID_BALANCED,2116,0.02,0.9162178039550782,0.01990632318501171,0.5275938189845475,3.6564124690003155,0.9000198785817045,0.8954969071722871,0.9343696027633851,0.5113421550094518,0.660965180207697,0.035916824196597356,541,38,1020,517,0.5
DAPT,XGBOOST,42,0.25,1000,TEMPORAL,8000,0.02,0.9162178039550782,0.01990632318501171,0.5275938189845475,3.6564124690003155,0.9276769982674257,0.9232642812500002,0.967011324470704,0.491,0.651301608356823,0.01675,1964,67,3933,2036,0.5
DAPT,XGBOOST,42,0.25,1000,DOMAIN_OOD,3858,0.02,0.9162178039550782,0.01990632318501171,0.5275938189845475,3.6564124690003155,0.8973448272398755,0.8980766403810116,0.9469790382244143,0.39813374805598756,0.5605839416058395,0.022291342664593053,768,43,1886,1161,0.5
DAPT,XGBOOST,42,0.25,1000,TEMPLATE_OOD,6832,0.02,0.9162178039550782,0.01990632318501171,0.5275938189845475,3.6564124690003155,0.9214239201167851,0.9171061909378103,0.96415770609319,0.4724824355971897,0.6341846758349705,0.01756440281030445,1614,60,3356,1802,0.5
DAPT,XGBOOST,42,0.25,1000,DOMAIN_TEMPLATE_OOD,3708,0.02,0.9162178039550782,0.01990632318501171,0.5275938189845475,3.6564124690003155,0.8846748125109842,0.8859070565522634,0.9422283356258597,0.36947141316073356,0.5308020147229756,0.022653721682847898,685,42,1812,1169,0.5
DAPT,MLP,42,0.25,1000,IID_ORIGINAL,3051,0.005,0.9433161020278932,0.00468384074941452,0.34216335540838855,0.48606709400064574,0.8516855034330265,0.9007902896432409,0.9502762430939227,0.32514177693761814,0.48450704225352115,0.009031610637230306,344,18,1975,714,0.3467715503113733
DAPT,MLP,42,0.25,1000,IID_BALANCED,2116,0.005,0.9433161020278932,0.00468384074941452,0.34216335540838855,0.48606709400064574,0.9031099608918588,0.8979107779060251,0.9690140845070423,0.32514177693761814,0.4869072894550602,0.010396975425330813,344,11,1047,714,0.5
DAPT,MLP,42,0.25,1000,TEMPORAL,8000,0.005,0.9433161020278932,0.00468384074941452,0.34216335540838855,0.48606709400064574,0.9337253208821631,0.9292800625,0.985239852398524,0.4005,0.5694987557767508,0.006,1602,24,3976,2398,0.5
DAPT,MLP,42,0.25,1000,DOMAIN_OOD,3858,0.005,0.9433161020278932,0.00468384074941452,0.34216335540838855,0.48606709400064574,0.9015195446682549,0.9004426449480132,0.9716814159292035,0.2846034214618974,0.44025661587810744,0.00829445308449974,549,16,1913,1380,0.5
DAPT,MLP,42,0.25,1000,TEMPLATE_OOD,6832,0.005,0.9433161020278932,0.00468384074941452,0.34216335540838855,0.48606709400064574,0.9266647436538664,0.9218266670414471,0.9828741623231572,0.3864168618266979,0.5547383904181551,0.006733021077283372,1320,23,3393,2096,0.5
DAPT,MLP,42,0.25,1000,DOMAIN_TEMPLATE_OOD,3708,0.005,0.9433161020278932,0.00468384074941452,0.34216335540838855,0.48606709400064574,0.8903806586209242,0.8890689712554797,0.9690522243713733,0.2702265372168285,0.42260649514972587,0.008629989212513484,501,16,1838,1353,0.5
DAPT,MLP,42,0.25,1000,IID_ORIGINAL,3051,0.01,0.9192200303077699,0.00936768149882904,0.3841059602649007,0.48606709400064574,0.8516855034330265,0.9007902896432409,0.9302884615384616,0.3657844990548204,0.5251017639077341,0.014550928248871048,387,29,1964,671,0.3467715503113733
DAPT,MLP,42,0.25,1000,IID_BALANCED,2116,0.01,0.9192200303077699,0.00936768149882904,0.3841059602649007,0.48606709400064574,0.9031099608918588,0.8979107779060251,0.9602977667493796,0.3657844990548204,0.5297741273100616,0.015122873345935728,387,16,1042,671,0.5
DAPT,MLP,42,0.25,1000,TEMPORAL,8000,0.01,0.9192200303077699,0.00936768149882904,0.3841059602649007,0.48606709400064574,0.9337253208821631,0.9292800625,0.9814004376367614,0.4485,0.6156485929993136,0.0085,1794,34,3966,2206,0.5
DAPT,MLP,42,0.25,1000,DOMAIN_OOD,3858,0.01,0.9192200303077699,0.00936768149882904,0.3841059602649007,0.48606709400064574,0.9015195446682549,0.9004426449480132,0.9685157421289355,0.33488854328667705,0.49768875192604006,0.01088646967340591,646,21,1908,1283,0.5
DAPT,MLP,42,0.25,1000,TEMPLATE_OOD,6832,0.01,0.9192200303077699,0.00936768149882904,0.3841059602649007,0.48606709400064574,0.9266647436538664,0.9218266670414471,0.9780585106382979,0.43062060889929743,0.5979674796747968,0.009660421545667448,1471,33,3383,1945,0.5
DAPT,MLP,42,0.25,1000,DOMAIN_TEMPLATE_OOD,3708,0.01,0.9192200303077699,0.00936768149882904,0.3841059602649007,0.48606709400064574,0.8903806586209242,0.8890689712554797,0.9650582362728786,0.31283710895361383,0.4725050916496945,0.011326860841423949,580,21,1833,1274,0.5
DAPT,MLP,42,0.25,1000,IID_ORIGINAL,3051,0.02,0.8286707997322084,0.01990632318501171,0.5143487858719646,0.48606709400064574,0.8516855034330265,0.9007902896432409,0.9115646258503401,0.5066162570888468,0.6512758201701093,0.02609131961866533,536,52,1941,522,0.3467715503113733
DAPT,MLP,42,0.25,1000,IID_BALANCED,2116,0.02,0.8286707997322084,0.01990632318501171,0.5143487858719646,0.48606709400064574,0.9031099608918588,0.8979107779060251,0.9403508771929825,0.5066162570888468,0.6584766584766585,0.03213610586011342,536,34,1024,522,0.5
DAPT,MLP,42,0.25,1000,TEMPORAL,8000,0.02,0.8286707997322084,0.01990632318501171,0.5143487858719646,0.48606709400064574,0.9337253208821631,0.9292800625,0.9691304347826087,0.55725,0.7076190476190476,0.01775,2229,71,3929,1771,0.5
DAPT,MLP,42,0.25,1000,DOMAIN_OOD,3858,0.02,0.8286707997322084,0.01990632318501171,0.5143487858719646,0.48606709400064574,0.9015195446682549,0.9004426449480132,0.9518072289156626,0.45049248315189216,0.6115411681914145,0.02280974598237429,869,44,1885,1060,0.5
DAPT,MLP,42,0.25,1000,TEMPLATE_OOD,6832,0.02,0.8286707997322084,0.01990632318501171,0.5143487858719646,0.48606709400064574,0.9266647436538664,0.9218266670414471,0.9646437994722955,0.5351288056206089,0.6883826021464884,0.019613583138173303,1828,67,3349,1588,0.5
DAPT,MLP,42,0.25,1000,DOMAIN_TEMPLATE_OOD,3708,0.02,0.8286707997322084,0.01990632318501171,0.5143487858719646,0.48606709400064574,0.8903806586209242,0.8890689712554797,0.947239263803681,0.41639697950377563,0.5784938179093293,0.02319309600862999,772,43,1811,1082,0.5
CONTRASTIVE,LOGREG,42,0.25,1000,IID_ORIGINAL,3051,0.005,0.9978094214877402,0.00468384074941452,0.09492273730684327,0.20658800900037022,0.7916962040312597,0.8661885597701597,0.9624060150375939,0.12098298676748583,0.21494542401343408,0.002508780732563974,128,5,1988,930,0.3467715503113733
CONTRASTIVE,LOGREG,42,0.25,1000,IID_BALANCED,2116,0.005,0.9978094214877402,0.00468384074941452,0.09492273730684327,0.20658800900037022,0.8673941211969283,0.8660587619398158,0.9696969696969697,0.12098298676748583,0.21512605042016808,0.003780718336483932,128,4,1054,930,0.5
CONTRASTIVE,LOGREG,42,0.25,1000,TEMPORAL,8000,0.005,0.9978094214877402,0.00468384074941452,0.09492273730684327,0.20658800900037022,0.8790239872030081,0.8751383125,0.985655737704918,0.12025,0.214349376114082,0.00175,481,7,3993,3519,0.5
CONTRASTIVE,LOGREG,42,0.25,1000,DOMAIN_OOD,3858,0.005,0.9978094214877402,0.00468384074941452,0.09492273730684327,0.20658800900037022,0.8494756824506255,0.8450296570233975,0.9831460674157303,0.09072058061171591,0.16611295681063123,0.0015552099533437014,175,3,1926,1754,0.5
CONTRASTIVE,LOGREG,42,0.25,1000,TEMPLATE_OOD,6832,0.005,0.9978094214877402,0.00468384074941452,0.09492273730684327,0.20658800900037022,0.8775711361146558,0.8731789443807624,0.9875,0.11563231850117096,0.2070230607966457,0.0014637002341920376,395,5,3411,3021,0.5
CONTRASTIVE,LOGREG,42,0.25,1000,DOMAIN_TEMPLATE_OOD,3708,0.005,0.9978094214877402,0.00468384074941452,0.09492273730684327,0.20658800900037022,0.843040450503255,0.8377341507152674,0.9805194805194806,0.081445523193096,0.150398406374502,0.0016181229773462784,151,3,1851,1703,0.5
CONTRASTIVE,LOGREG,42,0.25,1000,IID_ORIGINAL,3051,0.01,0.9937848565775482,0.00936768149882904,0.18322295805739514,0.20658800900037022,0.7916962040312597,0.8661885597701597,0.9464285714285714,0.2003780718336484,0.33073322932917315,0.006021073758153537,212,12,1981,846,0.3467715503113733
CONTRASTIVE,LOGREG,42,0.25,1000,IID_BALANCED,2116,0.01,0.9937848565775482,0.00936768149882904,0.18322295805739514,0.20658800900037022,0.8673941211969283,0.8660587619398158,0.9636363636363636,0.2003780718336484,0.3317683881064163,0.007561436672967864,212,8,1050,846,0.5
CONTRASTIVE,LOGREG,42,0.25,1000,TEMPORAL,8000,0.01,0.9937848565775482,0.00936768149882904,0.18322295805739514,0.20658800900037022,0.8790239872030081,0.8751383125,0.972520908004779,0.2035,0.33657225553028736,0.00575,814,23,3977,3186,0.5
CONTRASTIVE,LOGREG,42,0.25,1000,DOMAIN_OOD,3858,0.01,0.9937848565775482,0.00936768149882904,0.18322295805739514,0.20658800900037022,0.8494756824506255,0.8450296570233975,0.9748427672955975,0.1607050285121825,0.27592345349354697,0.00414722654224987,310,8,1921,1619,0.5
CONTRASTIVE,LOGREG,42,0.25,1000,TEMPLATE_OOD,6832,0.01,0.9937848565775482,0.00936768149882904,0.18322295805739514,0.20658800900037022,0.8775711361146558,0.8731789443807624,0.972972972972973,0.20023419203747073,0.33211944646758923,0.0055620608899297425,684,19,3397,2732,0.5
CONTRASTIVE,LOGREG,42,0.25,1000,DOMAIN_TEMPLATE_OOD,3708,0.01,0.9937848565775482,0.00936768149882904,0.18322295805739514,0.20658800900037022,0.843040450503255,0.8377341507152674,0.972318339100346,0.15156418554476808,0.26224918338777414,0.004314994606256742,281,8,1846,1573,0.5
CONTRASTIVE,LOGREG,42,0.25,1000,IID_ORIGINAL,3051,0.02,0.9577944128854757,0.01990632318501171,0.39514348785871967,0.20658800900037022,0.7916962040312597,0.8661885597701597,0.8768577494692145,0.390359168241966,0.540222367560497,0.029101856497742096,413,58,1935,645,0.3467715503113733
CONTRASTIVE,LOGREG,42,0.25,1000,IID_BALANCED,2116,0.02,0.9577944128854757,0.01990632318501171,0.39514348785871967,0.20658800900037022,0.8673941211969283,0.8660587619398158,0.9386363636363636,0.390359168241966,0.5514018691588785,0.02551984877126654,413,27,1031,645,0.5
CONTRASTIVE,LOGREG,42,0.25,1000,TEMPORAL,8000,0.02,0.9577944128854757,0.01990632318501171,0.39514348785871967,0.20658800900037022,0.8790239872030081,0.8751383125,0.9412811387900356,0.39675,0.5582131551178333,0.02475,1587,99,3901,2413,0.5
CONTRASTIVE,LOGREG,42,0.25,1000,DOMAIN_OOD,3858,0.02,0.9577944128854757,0.01990632318501171,0.39514348785871967,0.20658800900037022,0.8494756824506255,0.8450296570233975,0.9325681492109039,0.336962156557802,0.49504950495049505,0.02436495593571799,650,47,1882,1279,0.5
CONTRASTIVE,LOGREG,42,0.25,1000,TEMPLATE_OOD,6832,0.02,0.9577944128854757,0.01990632318501171,0.39514348785871967,0.20658800900037022,0.8775711361146558,0.8731789443807624,0.9444839857651246,0.38846604215456676,0.5505081933208877,0.022833723653395786,1327,78,3338,2089,0.5
CONTRASTIVE,LOGREG,42,0.25,1000,DOMAIN_TEMPLATE_OOD,3708,0.02,0.9577944128854757,0.01990632318501171,0.39514348785871967,0.20658800900037022,0.843040450503255,0.8377341507152674,0.9310872894333844,0.32793959007551243,0.4850418827283606,0.024271844660194174,608,45,1809,1246,0.5
CONTRASTIVE,XGBOOST,42,0.25,1000,IID_ORIGINAL,3051,0.005,0.9883656501770021,0.00468384074941452,0.1390728476821192,5.6891467670002385,0.7706134527409534,0.8555938222341521,0.9289940828402367,0.14839319470699433,0.25590872045639773,0.006021073758153537,157,12,1981,901,0.3467715503113733
CONTRASTIVE,XGBOOST,42,0.25,1000,IID_BALANCED,2116,0.005,0.9883656501770021,0.00468384074941452,0.1390728476821192,5.6891467670002385,0.84663114012523,0.8502435311480449,0.9457831325301205,0.14839319470699433,0.2565359477124183,0.008506616257088847,157,9,1049,901,0.5
CONTRASTIVE,XGBOOST,42,0.25,1000,TEMPORAL,8000,0.005,0.9883656501770021,0.00468384074941452,0.1390728476821192,5.6891467670002385,0.8697488108756875,0.8595488749999999,0.9800266311584553,0.184,0.3098295095769312,0.00375,736,15,3985,3264,0.5
CONTRASTIVE,XGBOOST,42,0.25,1000,DOMAIN_OOD,3858,0.005,0.9883656501770021,0.00468384074941452,0.1390728476821192,5.6891467670002385,0.8293680109665564,0.8206977563536656,0.9629629629629629,0.10782789009849664,0.19393939393939394,0.00414722654224987,208,8,1921,1721,0.5
CONTRASTIVE,XGBOOST,42,0.25,1000,TEMPLATE_OOD,6832,0.005,0.9883656501770021,0.00468384074941452,0.1390728476821192,5.6891467670002385,0.8669380482052752,0.8544901575585891,0.9815100154083205,0.1864754098360656,0.3134071340713407,0.00351288056206089,637,12,3404,2779,0.5
CONTRASTIVE,XGBOOST,42,0.25,1000,DOMAIN_TEMPLATE_OOD,3708,0.005,0.9883656501770021,0.00468384074941452,0.1390728476821192,5.6891467670002385,0.8217936412876471,0.8125505481602506,0.9655172413793104,0.10571736785329018,0.19056878949927078,0.0037756202804746495,196,7,1847,1658,0.5
CONTRASTIVE,XGBOOST,42,0.25,1000,IID_ORIGINAL,3051,0.01,0.9841850996017457,0.00936768149882904,0.15673289183222958,5.6891467670002385,0.7706134527409534,0.8555938222341521,0.919047619047619,0.1824196597353497,0.30441640378548895,0.008529854490717512,193,17,1976,865,0.3467715503113733
CONTRASTIVE,XGBOOST,42,0.25,1000,IID_BALANCED,2116,0.01,0.9841850996017457,0.00936768149882904,0.15673289183222958,5.6891467670002385,0.84663114012523,0.8502435311480449,0.9507389162561576,0.1824196597353497,0.3061062648691515,0.00945179584120983,193,10,1048,865,0.5
CONTRASTIVE,XGBOOST,42,0.25,1000,TEMPORAL,8000,0.01,0.9841850996017457,0.00936768149882904,0.15673289183222958,5.6891467670002385,0.8697488108756875,0.8595488749999999,0.9718969555035128,0.2075,0.34198599093531107,0.006,830,24,3976,3170,0.5
CONTRASTIVE,XGBOOST,42,0.25,1000,DOMAIN_OOD,3858,0.01,0.9841850996017457,0.00936768149882904,0.15673289183222958,5.6891467670002385,0.8293680109665564,0.8206977563536656,0.9540229885057471,0.1290824261275272,0.2273972602739726,0.006220839813374806,249,12,1917,1680,0.5
CONTRASTIVE,XGBOOST,42,0.25,1000,TEMPLATE_OOD,6832,0.01,0.9841850996017457,0.00936768149882904,0.15673289183222958,5.6891467670002385,0.8669380482052752,0.8544901575585891,0.9743589743589743,0.21135831381733022,0.3473658888621602,0.0055620608899297425,722,19,3397,2694,0.5
CONTRASTIVE,XGBOOST,42,0.25,1000,DOMAIN_TEMPLATE_OOD,3708,0.01,0.9841850996017457,0.00936768149882904,0.15673289183222958,5.6891467670002385,0.8217936412876471,0.8125505481602506,0.9585062240663901,0.12459546925566344,0.22052505966587113,0.005393743257820928,231,10,1844,1623,0.5
CONTRASTIVE,XGBOOST,42,0.25,1000,IID_ORIGINAL,3051,0.02,0.9596649408340455,0.01990632318501171,0.2781456953642384,5.6891467670002385,0.7706134527409534,0.8555938222341521,0.8875379939209727,0.27599243856332706,0.42105263157894735,0.018564977420973405,292,37,1956,766,0.3467715503113733
CONTRASTIVE,XGBOOST,42,0.25,1000,IID_BALANCED,2116,0.02,0.9596649408340455,0.01990632318501171,0.2781456953642384,5.6891467670002385,0.84663114012523,0.8502435311480449,0.926984126984127,0.27599243856332706,0.42534595775673706,0.021739130434782608,292,23,1035,766,0.5
CONTRASTIVE,XGBOOST,42,0.25,1000,TEMPORAL,8000,0.02,0.9596649408340455,0.01990632318501171,0.2781456953642384,5.6891467670002385,0.8697488108756875,0.8595488749999999,0.9527498063516654,0.3075,0.4649404649404649,0.01525,1230,61,3939,2770,0.5
CONTRASTIVE,XGBOOST,42,0.25,1000,DOMAIN_OOD,3858,0.02,0.9596649408340455,0.01990632318501171,0.2781456953642384,5.6891467670002385,0.8293680109665564,0.8206977563536656,0.9300847457627118,0.22757905650596164,0.36568096626405666,0.017107309486780714,439,33,1896,1490,0.5
CONTRASTIVE,XGBOOST,42,0.25,1000,TEMPLATE_OOD,6832,0.02,0.9596649408340455,0.01990632318501171,0.2781456953642384,5.6891467670002385,0.8669380482052752,0.8544901575585891,0.9555757026291931,0.3085480093676815,0.4664748838238548,0.014344262295081968,1054,49,3367,2362,0.5
CONTRASTIVE,XGBOOST,42,0.25,1000,DOMAIN_TEMPLATE_OOD,3708,0.02,0.9596649408340455,0.01990632318501171,0.2781456953642384,5.6891467670002385,0.8217936412876471,0.8125505481602506,0.9310344827586207,0.21844660194174756,0.35386631716906947,0.016181229773462782,405,30,1824,1449,0.5
CONTRASTIVE,MLP,42,0.25,1000,IID_ORIGINAL,3051,0.005,0.9917105436325074,0.00468384074941452,0.1545253863134658,0.572955679000188,0.8022099344901275,0.8792337453298266,0.9378238341968912,0.17107750472589792,0.28936850519584334,0.006021073758153537,181,12,1981,877,0.3467715503113733
CONTRASTIVE,MLP,42,0.25,1000,IID_BALANCED,2116,0.005,0.9917105436325074,0.00468384074941452,0.1545253863134658,0.572955679000188,0.8707872879727342,0.8763163725115333,0.9576719576719577,0.17107750472589792,0.29029671210906177,0.007561436672967864,181,8,1050,877,0.5
CONTRASTIVE,MLP,42,0.25,1000,TEMPORAL,8000,0.005,0.9917105436325074,0.00468384074941452,0.1545253863134658,0.572955679000188,0.8902414883062039,0.883052125,0.9726477024070022,0.22225,0.36182336182336183,0.00625,889,25,3975,3111,0.5
CONTRASTIVE,MLP,42,0.25,1000,DOMAIN_OOD,3858,0.005,0.9917105436325074,0.00468384074941452,0.1545253863134658,0.572955679000188,0.8586762471060783,0.8534678870778366,0.9587020648967551,0.168481078278901,0.2865961199294533,0.007257646448937273,325,14,1915,1604,0.5
CONTRASTIVE,MLP,42,0.25,1000,TEMPLATE_OOD,6832,0.005,0.9917105436325074,0.00468384074941452,0.1545253863134658,0.572955679000188,0.8891847796678004,0.8810974083936183,0.9735182849936949,0.2259953161592506,0.36683297695414585,0.006147540983606557,772,21,3395,2644,0.5
CONTRASTIVE,MLP,42,0.25,1000,DOMAIN_TEMPLATE_OOD,3708,0.005,0.9917105436325074,0.00468384074941452,0.1545253863134658,0.572955679000188,0.8524460777896993,0.8442869378317268,0.9584664536741214,0.16181229773462782,0.2768804799261652,0.007011866235167206,300,13,1841,1554,0.5
CONTRASTIVE,MLP,42,0.25,1000,IID_ORIGINAL,3051,0.01,0.9808922410011293,0.00936768149882904,0.24061810154525387,0.572955679000188,0.8022099344901275,0.8792337453298266,0.9157894736842105,0.24669187145557656,0.38868205510052123,0.012042147516307075,261,24,1969,797,0.3467715503113733
CONTRASTIVE,MLP,42,0.25,1000,IID_BALANCED,2116,0.01,0.9808922410011293,0.00936768149882904,0.24061810154525387,0.572955679000188,0.8707872879727342,0.8763163725115333,0.9456521739130435,0.24669187145557656,0.391304347826087,0.014177693761814745,261,15,1043,797,0.5
CONTRASTIVE,MLP,42,0.25,1000,TEMPORAL,8000,0.01,0.9808922410011293,0.00936768149882904,0.24061810154525387,0.572955679000188,0.8902414883062039,0.883052125,0.967391304347826,0.3115,0.4712556732223903,0.0105,1246,42,3958,2754,0.5
CONTRASTIVE,MLP,42,0.25,1000,DOMAIN_OOD,3858,0.01,0.9808922410011293,0.00936768149882904,0.24061810154525387,0.572955679000188,0.8586762471060783,0.8534678870778366,0.9570552147239264,0.24261275272161742,0.3870967741935484,0.01088646967340591,468,21,1908,1461,0.5
CONTRASTIVE,MLP,42,0.25,1000,TEMPLATE_OOD,6832,0.01,0.9808922410011293,0.00936768149882904,0.24061810154525387,0.572955679000188,0.8891847796678004,0.8810974083936183,0.9680365296803652,0.31030444964871196,0.4699623143427178,0.010245901639344262,1060,35,3381,2356,0.5
CONTRASTIVE,MLP,42,0.25,1000,DOMAIN_TEMPLATE_OOD,3708,0.01,0.9808922410011293,0.00936768149882904,0.24061810154525387,0.572955679000188,0.8524460777896993,0.8442869378317268,0.956989247311828,0.24002157497303128,0.38378611470461405,0.010787486515641856,445,20,1834,1409,0.5
CONTRASTIVE,MLP,42,0.25,1000,IID_ORIGINAL,3051,0.02,0.9657124280929567,0.01990632318501171,0.304635761589404,0.572955679000188,0.8022099344901275,0.8792337453298266,0.8945945945945946,0.31285444234404536,0.4635854341736695,0.019568489713998997,331,39,1954,727,0.3467715503113733
CONTRASTIVE,MLP,42,0.25,1000,IID_BALANCED,2116,0.02,0.9657124280929567,0.01990632318501171,0.304635761589404,0.572955679000188,0.8707872879727342,0.8763163725115333,0.9376770538243626,0.31285444234404536,0.46917080085046065,0.020793950850661626,331,22,1036,727,0.5
CONTRASTIVE,MLP,42,0.25,1000,TEMPORAL,8000,0.02,0.9657124280929567,0.01990632318501171,0.304635761589404,0.572955679000188,0.8902414883062039,0.883052125,0.9589905362776026,0.38,0.5443151298119964,0.01625,1520,65,3935,2480,0.5
CONTRASTIVE,MLP,42,0.25,1000,DOMAIN_OOD,3858,0.02,0.9657124280929567,0.01990632318501171,0.304635761589404,0.572955679000188,0.8586762471060783,0.8534678870778366,0.946031746031746,0.30896837739761535,0.46580695584212584,0.01762571280456195,596,34,1895,1333,0.5
CONTRASTIVE,MLP,42,0.25,1000,TEMPLATE_OOD,6832,0.02,0.9657124280929567,0.01990632318501171,0.304635761589404,0.572955679000188,0.8891847796678004,0.8810974083936183,0.9614243323442137,0.3793911007025761,0.5440806045340051,0.01522248243559719,1296,52,3364,2120,0.5
CONTRASTIVE,MLP,42,0.25,1000,DOMAIN_TEMPLATE_OOD,3708,0.02,0.9657124280929567,0.01990632318501171,0.304635761589404,0.572955679000188,0.8524460777896993,0.8442869378317268,0.9481605351170569,0.3058252427184466,0.4624796084828711,0.016720604099244876,567,31,1823,1287,0.5
BASE,LOGREG,42,1.0,4000,IID_ORIGINAL,3051,0.005,0.994125237692969,0.00468384074941452,0.3333333333333333,0.6596082129999559,0.8961567104863788,0.9208311320244674,0.987460815047022,0.29773156899810965,0.45751633986928103,0.002007024586051179,315,4,1989,743,0.3467715503113733
BASE,LOGREG,42,1.0,4000,IID_BALANCED,2116,0.005,0.994125237692969,0.00468384074941452,0.3333333333333333,0.6596082129999559,0.933757155456087,0.9207058651162625,0.9936908517350158,0.29773156899810965,0.4581818181818182,0.001890359168241966,315,2,1056,743,0.5
BASE,LOGREG,42,1.0,4000,TEMPORAL,8000,0.005,0.994125237692969,0.00468384074941452,0.3333333333333333,0.6596082129999559,0.9499098889746075,0.9445268124999998,0.99153194765204,0.322,0.4861294583883752,0.00275,1288,11,3989,2712,0.5
BASE,LOGREG,42,1.0,4000,DOMAIN_OOD,3858,0.005,0.994125237692969,0.00468384074941452,0.3333333333333333,0.6596082129999559,0.925876188699382,0.9218968562829595,0.982532751091703,0.2332814930015552,0.3770423125261835,0.00414722654224987,450,8,1921,1479,0.5
BASE,LOGREG,42,1.0,4000,TEMPLATE_OOD,6832,0.005,0.994125237692969,0.00468384074941452,0.3333333333333333,0.6596082129999559,0.9457954310921128,0.9402790594200594,0.9900090826521344,0.3190866510538642,0.4826212087668807,0.0032201405152224825,1090,11,3405,2326,0.5
BASE,LOGREG,42,1.0,4000,DOMAIN_TEMPLATE_OOD,3708,0.005,0.994125237692969,0.00468384074941452,0.3333333333333333,0.6596082129999559,0.9213074954291286,0.9175894796986951,0.9809069212410502,0.22168284789644013,0.3616366036075671,0.004314994606256742,411,8,1846,1443,0.5
BASE,LOGREG,42,1.0,4000,IID_ORIGINAL,3051,0.01,0.9726248282562786,0.00936768149882904,0.4966887417218543,0.6596082129999559,0.8961567104863788,0.9208311320244674,0.9780439121756487,0.46313799621928164,0.6286080821039127,0.0055193176116407425,490,11,1982,568,0.3467715503113733
BASE,LOGREG,42,1.0,4000,IID_BALANCED,2116,0.01,0.9726248282562786,0.00936768149882904,0.4966887417218543,0.6596082129999559,0.933757155456087,0.9207058651162625,0.9879032258064516,0.46313799621928164,0.6306306306306306,0.005671077504725898,490,6,1052,568,0.5
BASE,LOGREG,42,1.0,4000,TEMPORAL,8000,0.01,0.9726248282562786,0.00936768149882904,0.4966887417218543,0.6596082129999559,0.9499098889746075,0.9445268124999998,0.9850597609561753,0.4945,0.6584553928095872,0.0075,1978,30,3970,2022,0.5
BASE,LOGREG,42,1.0,4000,DOMAIN_OOD,3858,0.01,0.9726248282562786,0.00936768149882904,0.4966887417218543,0.6596082129999559,0.925876188699382,0.9218968562829595,0.9737827715355806,0.40435458786936235,0.5714285714285714,0.01088646967340591,780,21,1908,1149,0.5
BASE,LOGREG,42,1.0,4000,TEMPLATE_OOD,6832,0.01,0.9726248282562786,0.00936768149882904,0.4966887417218543,0.6596082129999559,0.9457954310921128,0.9402790594200594,0.984070796460177,0.4882903981264637,0.6527098415182939,0.007903981264637002,1668,27,3389,1748,0.5
BASE,LOGREG,42,1.0,4000,DOMAIN_TEMPLATE_OOD,3708,0.01,0.9726248282562786,0.00936768149882904,0.4966887417218543,0.6596082129999559,0.9213074954291286,0.9175894796986951,0.9743243243243244,0.3888888888888889,0.5558982266769468,0.010248112189859764,721,19,1835,1133,0.5
BASE,LOGREG,42,1.0,4000,IID_ORIGINAL,3051,0.02,0.9327628852203124,0.01990632318501171,0.5849889624724062,0.6596082129999559,0.8961567104863788,0.9208311320244674,0.9655737704918033,0.556710775047259,0.7062350119904077,0.010536879076768691,589,21,1972,469,0.3467715503113733
BASE,LOGREG,42,1.0,4000,IID_BALANCED,2116,0.02,0.9327628852203124,0.01990632318501171,0.5849889624724062,0.6596082129999559,0.933757155456087,0.9207058651162625,0.9767827529021559,0.556710775047259,0.7092113184828417,0.013232514177693762,589,14,1044,469,0.5
BASE,LOGREG,42,1.0,4000,TEMPORAL,8000,0.02,0.9327628852203124,0.01990632318501171,0.5849889624724062,0.6596082129999559,0.9499098889746075,0.9445268124999998,0.9769295302013423,0.58225,0.7296365914786967,0.01375,2329,55,3945,1671,0.5
BASE,LOGREG,42,1.0,4000,DOMAIN_OOD,3858,0.02,0.9327628852203124,0.01990632318501171,0.5849889624724062,0.6596082129999559,0.925876188699382,0.9218968562829595,0.9601990049751243,0.5002592016588906,0.6578050443081118,0.020736132711249352,965,40,1889,964,0.5
BASE,LOGREG,42,1.0,4000,TEMPLATE_OOD,6832,0.02,0.9327628852203124,0.01990632318501171,0.5849889624724062,0.6596082129999559,0.9457954310921128,0.9402790594200594,0.9745254745254746,0.5711358313817331,0.7201919527500923,0.014929742388758781,1951,51,3365,1465,0.5
BASE,LOGREG,42,1.0,4000,DOMAIN_TEMPLATE_OOD,3708,0.02,0.9327628852203124,0.01990632318501171,0.5849889624724062,0.6596082129999559,0.9213074954291286,0.9175894796986951,0.9596949891067538,0.47518878101402373,0.6356421356421357,0.019956850053937433,881,37,1817,973,0.5
BASE,XGBOOST,42,1.0,4000,IID_ORIGINAL,3051,0.005,0.9923813939094545,0.00468384074941452,0.40176600441501104,10.89988724000068,0.8920507255590171,0.9257073670891599,0.9881516587677726,0.3941398865784499,0.5635135135135135,0.002508780732563974,417,5,1988,641,0.3467715503113733
BASE,XGBOOST,42,1.0,4000,IID_BALANCED,2116,0.005,0.9923813939094545,0.00468384074941452,0.40176600441501104,10.89988724000068,0.9317935954289526,0.9255693411615883,0.9904988123515439,0.3941398865784499,0.563894523326572,0.003780718336483932,417,4,1054,641,0.5
BASE,XGBOOST,42,1.0,4000,TEMPORAL,8000,0.005,0.9923813939094545,0.00468384074941452,0.40176600441501104,10.89988724000068,0.9446516721337634,0.9415663124999999,0.9934782608695653,0.34275,0.5096654275092937,0.00225,1371,9,3991,2629,0.5
BASE,XGBOOST,42,1.0,4000,DOMAIN_OOD,3858,0.005,0.9923813939094545,0.00468384074941452,0.40176600441501104,10.89988724000068,0.9195105381638496,0.9178995877766463,0.987012987012987,0.2363919129082426,0.38143036386449186,0.003110419906687403,456,6,1923,1473,0.5
BASE,XGBOOST,42,1.0,4000,TEMPLATE_OOD,6832,0.005,0.9923813939094545,0.00468384074941452,0.40176600441501104,10.89988724000068,0.9387830009192383,0.9357218784450088,0.992988606485539,0.3316744730679157,0.49725696730305025,0.00234192037470726,1133,8,3408,2283,0.5
BASE,XGBOOST,42,1.0,4000,DOMAIN_TEMPLATE_OOD,3708,0.005,0.9923813939094545,0.00468384074941452,0.40176600441501104,10.89988724000068,0.9113305524347777,0.9102762155123358,0.9873737373737373,0.21089536138079829,0.34755555555555556,0.002696871628910464,391,5,1849,1463,0.5
BASE,XGBOOST,42,1.0,4000,IID_ORIGINAL,3051,0.01,0.9742978215217591,0.00936768149882904,0.4900662251655629,10.89988724000068,0.8920507255590171,0.9257073670891599,0.9763779527559056,0.46880907372400754,0.6334610472541508,0.006021073758153537,496,12,1981,562,0.3467715503113733
BASE,XGBOOST,42,1.0,4000,IID_BALANCED,2116,0.01,0.9742978215217591,0.00936768149882904,0.4900662251655629,10.89988724000068,0.9317935954289526,0.9255693411615883,0.9821782178217822,0.46880907372400754,0.6346769033909149,0.008506616257088847,496,9,1049,562,0.5
BASE,XGBOOST,42,1.0,4000,TEMPORAL,8000,0.01,0.9742978215217591,0.00936768149882904,0.4900662251655629,10.89988724000068,0.9446516721337634,0.9415663124999999,0.9885683179096353,0.454,0.6222374507452458,0.00525,1816,21,3979,2184,0.5
BASE,XGBOOST,42,1.0,4000,DOMAIN_OOD,3858,0.01,0.9742978215217591,0.00936768149882904,0.4900662251655629,10.89988724000068,0.9195105381638496,0.9178995877766463,0.9803646563814866,0.36236391912908245,0.5291445874337622,0.007257646448937273,699,14,1915,1230,0.5
BASE,XGBOOST,42,1.0,4000,TEMPLATE_OOD,6832,0.01,0.9742978215217591,0.00936768149882904,0.4900662251655629,10.89988724000068,0.9387830009192383,0.9357218784450088,0.9867812293456708,0.4370608899297424,0.6058023939947251,0.00585480093676815,1493,20,3396,1923,0.5
BASE,XGBOOST,42,1.0,4000,DOMAIN_TEMPLATE_OOD,3708,0.01,0.9742978215217591,0.00936768149882904,0.4900662251655629,10.89988724000068,0.9113305524347777,0.9102762155123358,0.9792332268370607,0.33063646170442285,0.49435483870967745,0.007011866235167206,613,13,1841,1241,0.5
BASE,XGBOOST,42,1.0,4000,IID_ORIGINAL,3051,0.02,0.9129865169525148,0.01990632318501171,0.5695364238410596,10.89988724000068,0.8920507255590171,0.9257073670891599,0.9441786283891547,0.5595463137996219,0.7026706231454006,0.017561465127947817,592,35,1958,466,0.3467715503113733
BASE,XGBOOST,42,1.0,4000,IID_BALANCED,2116,0.02,0.9129865169525148,0.01990632318501171,0.5695364238410596,10.89988724000068,0.9317935954289526,0.9255693411615883,0.9673202614379085,0.5595463137996219,0.7089820359281437,0.01890359168241966,592,20,1038,466,0.5
BASE,XGBOOST,42,1.0,4000,TEMPORAL,8000,0.02,0.9129865169525148,0.01990632318501171,0.5695364238410596,10.89988724000068,0.9446516721337634,0.9415663124999999,0.9755259768140833,0.568,0.7179649233686206,0.01425,2272,57,3943,1728,0.5
BASE,XGBOOST,42,1.0,4000,DOMAIN_OOD,3858,0.02,0.9129865169525148,0.01990632318501171,0.5695364238410596,10.89988724000068,0.9195105381638496,0.9178995877766463,0.9590818363273453,0.49818558838776567,0.6557488911634255,0.021254536029030584,961,41,1888,968,0.5
BASE,XGBOOST,42,1.0,4000,TEMPLATE_OOD,6832,0.02,0.9129865169525148,0.01990632318501171,0.5695364238410596,10.89988724000068,0.9387830009192383,0.9357218784450088,0.9714730290456431,0.5483021077283372,0.7009730538922155,0.016100702576112413,1873,55,3361,1543,0.5
BASE,XGBOOST,42,1.0,4000,DOMAIN_TEMPLATE_OOD,3708,0.02,0.9129865169525148,0.01990632318501171,0.5695364238410596,10.89988724000068,0.9113305524347777,0.9102762155123358,0.9571899012074643,0.4703344120819849,0.630741410488246,0.021035598705501618,872,39,1815,982,0.5
BASE,MLP,42,1.0,4000,IID_ORIGINAL,3051,0.005,0.9998250603675843,0.00468384074941452,0.37969094922737306,2.4956930150001426,0.9023499071207232,0.9296953325296382,0.994579945799458,0.34688090737240074,0.5143658023826209,0.0010035122930255895,367,2,1991,691,0.3467715503113733
BASE,MLP,42,1.0,4000,IID_BALANCED,2116,0.005,0.9998250603675843,0.00468384074941452,0.37969094922737306,2.4956930150001426,0.9385647426869208,0.9298369431212725,0.994579945799458,0.34688090737240074,0.5143658023826209,0.001890359168241966,367,2,1056,691,0.5
BASE,MLP,42,1.0,4000,TEMPORAL,8000,0.005,0.9998250603675843,0.00468384074941452,0.37969094922737306,2.4956930150001426,0.9537058038224173,0.9494044687500001,0.995114006514658,0.3055,0.46748278500382556,0.0015,1222,6,3994,2778,0.5
BASE,MLP,42,1.0,4000,DOMAIN_OOD,3858,0.005,0.9998250603675843,0.00468384074941452,0.37969094922737306,2.4956930150001426,0.934763519200416,0.9300886499235026,0.9927360774818402,0.21254536029030585,0.35012809564474806,0.0015552099533437014,410,3,1926,1519,0.5
BASE,MLP,42,1.0,4000,TEMPLATE_OOD,6832,0.005,0.9998250603675843,0.00468384074941452,0.37969094922737306,2.4956930150001426,0.949315865088425,0.9449604578125257,0.9939698492462311,0.28951990632318503,0.44842439356155067,0.001756440281030445,989,6,3410,2427,0.5
BASE,MLP,42,1.0,4000,DOMAIN_TEMPLATE_OOD,3708,0.005,0.9998250603675843,0.00468384074941452,0.37969094922737306,2.4956930150001426,0.928845857332534,0.9247516085224634,0.9913793103448276,0.18608414239482202,0.3133514986376022,0.0016181229773462784,345,3,1851,1509,0.5
BASE,MLP,42,1.0,4000,IID_ORIGINAL,3051,0.01,0.9949670433998109,0.00936768149882904,0.5231788079470199,2.4956930150001426,0.9023499071207232,0.9296953325296382,0.9774011299435028,0.4905482041587902,0.6532410320956576,0.006021073758153537,519,12,1981,539,0.3467715503113733
BASE,MLP,42,1.0,4000,IID_BALANCED,2116,0.01,0.9949670433998109,0.00936768149882904,0.5231788079470199,2.4956930150001426,0.9385647426869208,0.9298369431212725,0.9866920152091255,0.4905482041587902,0.6553030303030303,0.006616257088846881,519,7,1051,539,0.5
BASE,MLP,42,1.0,4000,TEMPORAL,8000,0.01,0.9949670433998109,0.00936768149882904,0.5231788079470199,2.4956930150001426,0.9537058038224173,0.9494044687500001,0.9881481481481481,0.50025,0.6642323651452282,0.006,2001,24,3976,1999,0.5
BASE,MLP,42,1.0,4000,DOMAIN_OOD,3858,0.01,0.9949670433998109,0.00936768149882904,0.5231788079470199,2.4956930150001426,0.934763519200416,0.9300886499235026,0.9798816568047337,0.42923794712286156,0.5969718817591925,0.008812856402280975,828,17,1912,1101,0.5
BASE,MLP,42,1.0,4000,TEMPLATE_OOD,6832,0.01,0.9949670433998109,0.00936768149882904,0.5231788079470199,2.4956930150001426,0.949315865088425,0.9449604578125257,0.9867310012062727,0.47892271662763464,0.6448561292865589,0.006440281030444965,1636,22,3394,1780,0.5
BASE,MLP,42,1.0,4000,DOMAIN_TEMPLATE_OOD,3708,0.01,0.9949670433998109,0.00936768149882904,0.5231788079470199,2.4956930150001426,0.928845857332534,0.9247516085224634,0.9786381842456608,0.395361380798274,0.5631963119477525,0.008629989212513484,733,16,1838,1121,0.5
BASE,MLP,42,1.0,4000,IID_ORIGINAL,3051,0.02,0.8707193732261659,0.01990632318501171,0.6688741721854304,2.4956930150001426,0.9023499071207232,0.9296953325296382,0.9424657534246575,0.6502835538752363,0.7695749440715883,0.021073758153537382,688,42,1951,370,0.3467715503113733
BASE,MLP,42,1.0,4000,IID_BALANCED,2116,0.02,0.8707193732261659,0.01990632318501171,0.6688741721854304,2.4956930150001426,0.9385647426869208,0.9298369431212725,0.9731258840169731,0.6502835538752363,0.7796033994334277,0.017958412098298678,688,19,1039,370,0.5
BASE,MLP,42,1.0,4000,TEMPORAL,8000,0.02,0.8707193732261659,0.01990632318501171,0.6688741721854304,2.4956930150001426,0.9537058038224173,0.9494044687500001,0.9698072026191342,0.6665,0.7900429693287895,0.02075,2666,83,3917,1334,0.5
BASE,MLP,42,1.0,4000,DOMAIN_OOD,3858,0.02,0.8707193732261659,0.01990632318501171,0.6688741721854304,2.4956930150001426,0.934763519200416,0.9300886499235026,0.9557312252964427,0.6267496111975117,0.7570444583594239,0.029030585795749093,1209,56,1873,720,0.5
BASE,MLP,42,1.0,4000,TEMPLATE_OOD,6832,0.02,0.8707193732261659,0.01990632318501171,0.6688741721854304,2.4956930150001426,0.949315865088425,0.9449604578125257,0.9680525164113786,0.6475409836065574,0.7760042097877565,0.021370023419203747,2212,73,3343,1204,0.5
BASE,MLP,42,1.0,4000,DOMAIN_TEMPLATE_OOD,3708,0.02,0.8707193732261659,0.01990632318501171,0.6688741721854304,2.4956930150001426,0.928845857332534,0.9247516085224634,0.9559204840103717,0.5965480043149946,0.7346396545998007,0.02750809061488673,1106,51,1803,748,0.5
DAPT,LOGREG,42,1.0,4000,IID_ORIGINAL,3051,0.005,0.9936721263883593,0.00468384074941452,0.32450331125827814,0.7903288280003835,0.892491563283498,0.9218152000811914,0.982089552238806,0.31096408317580343,0.4723618090452261,0.0030105368790767687,329,6,1987,729,0.3467715503113733
DAPT,LOGREG,42,1.0,4000,IID_BALANCED,2116,0.005,0.9936721263883593,0.00468384074941452,0.32450331125827814,0.7903288280003835,0.9288732215664101,0.9204485761557456,0.9850299401197605,0.31096408317580343,0.47270114942528735,0.004725897920604915,329,5,1053,729,0.5
DAPT,LOGREG,42,1.0,4000,TEMPORAL,8000,0.005,0.9936721263883593,0.00468384074941452,0.32450331125827814,0.7903288280003835,0.9542373482735207,0.9491515625,0.9933993399339934,0.37625,0.5457842248413418,0.0025,1505,10,3990,2495,0.5
DAPT,LOGREG,42,1.0,4000,DOMAIN_OOD,3858,0.005,0.9936721263883593,0.00468384074941452,0.32450331125827814,0.7903288280003835,0.933296576736056,0.9300846187935045,0.9842381786339754,0.2913426645930534,0.4496,0.004665629860031105,562,9,1920,1367,0.5
DAPT,LOGREG,42,1.0,4000,TEMPLATE_OOD,6832,0.005,0.9936721263883593,0.00468384074941452,0.32450331125827814,0.7903288280003835,0.9514612117848026,0.9463619850654585,0.9927594529364441,0.36124121779859486,0.5297274093153037,0.0026346604215456673,1234,9,3407,2182,0.5
DAPT,LOGREG,42,1.0,4000,DOMAIN_TEMPLATE_OOD,3708,0.005,0.9936721263883593,0.00468384074941452,0.32450331125827814,0.7903288280003835,0.9278258325752489,0.9243671515798955,0.9836065573770492,0.2588996763754045,0.4099060631938514,0.004314994606256742,480,8,1846,1374,0.5
DAPT,LOGREG,42,1.0,4000,IID_ORIGINAL,3051,0.01,0.9721338691866684,0.00936768149882904,0.4922737306843267,0.7903288280003835,0.892491563283498,0.9218152000811914,0.9739478957915831,0.45935727788279773,0.6242774566473989,0.006522829904666332,486,13,1980,572,0.3467715503113733
DAPT,LOGREG,42,1.0,4000,IID_BALANCED,2116,0.01,0.9721338691866684,0.00936768149882904,0.4922737306843267,0.7903288280003835,0.9288732215664101,0.9204485761557456,0.9858012170385395,0.45935727788279773,0.6266924564796905,0.006616257088846881,486,7,1051,572,0.5
DAPT,LOGREG,42,1.0,4000,TEMPORAL,8000,0.01,0.9721338691866684,0.00936768149882904,0.4922737306843267,0.7903288280003835,0.9542373482735207,0.9491515625,0.9852262234533703,0.5335,0.6921829386960753,0.008,2134,32,3968,1866,0.5
DAPT,LOGREG,42,1.0,4000,DOMAIN_OOD,3858,0.01,0.9721338691866684,0.00936768149882904,0.4922737306843267,0.7903288280003835,0.933296576736056,0.9300846187935045,0.9763246899661782,0.4489372731985485,0.6150568181818182,0.01088646967340591,866,21,1908,1063,0.5
DAPT,LOGREG,42,1.0,4000,TEMPLATE_OOD,6832,0.01,0.9721338691866684,0.00936768149882904,0.4922737306843267,0.7903288280003835,0.9514612117848026,0.9463619850654585,0.9845303867403314,0.5216627634660421,0.6819747416762342,0.00819672131147541,1782,28,3388,1634,0.5
DAPT,LOGREG,42,1.0,4000,DOMAIN_TEMPLATE_OOD,3708,0.01,0.9721338691866684,0.00936768149882904,0.4922737306843267,0.7903288280003835,0.9278258325752489,0.9243671515798955,0.9752475247524752,0.4250269687162891,0.5920360631104433,0.010787486515641856,788,20,1834,1066,0.5
DAPT,LOGREG,42,1.0,4000,IID_ORIGINAL,3051,0.02,0.9129421858979554,0.01990632318501171,0.5783664459161147,0.7903288280003835,0.892491563283498,0.9218152000811914,0.9559055118110236,0.5737240075614367,0.7170702894270525,0.014049172102358254,607,28,1965,451,0.3467715503113733
DAPT,LOGREG,42,1.0,4000,IID_BALANCED,2116,0.02,0.9129421858979554,0.01990632318501171,0.5783664459161147,0.7903288280003835,0.9288732215664101,0.9204485761557456,0.9743178170144462,0.5737240075614367,0.7221891731112433,0.015122873345935728,607,16,1042,451,0.5
DAPT,LOGREG,42,1.0,4000,TEMPORAL,8000,0.02,0.9129421858979554,0.01990632318501171,0.5783664459161147,0.7903288280003835,0.9542373482735207,0.9491515625,0.9808444096950742,0.62725,0.7651723086306801,0.01225,2509,49,3951,1491,0.5
DAPT,LOGREG,42,1.0,4000,DOMAIN_OOD,3858,0.02,0.9129421858979554,0.01990632318501171,0.5783664459161147,0.7903288280003835,0.933296576736056,0.9300846187935045,0.9717411121239745,0.5526179367547952,0.7045604758757436,0.01607050285121825,1066,31,1898,863,0.5
DAPT,LOGREG,42,1.0,4000,TEMPLATE_OOD,6832,0.02,0.9129421858979554,0.01990632318501171,0.5783664459161147,0.7903288280003835,0.9514612117848026,0.9463619850654585,0.9797235023041475,0.6223653395784543,0.7611886860007161,0.01288056206088993,2126,44,3372,1290,0.5
DAPT,LOGREG,42,1.0,4000,DOMAIN_TEMPLATE_OOD,3708,0.02,0.9129421858979554,0.01990632318501171,0.5783664459161147,0.7903288280003835,0.9278258325752489,0.9243671515798955,0.9715686274509804,0.5345199568500539,0.6896311760612387,0.01564185544768069,991,29,1825,863,0.5
DAPT,XGBOOST,42,1.0,4000,IID_ORIGINAL,3051,0.005,0.992429554462433,0.00468384074941452,0.39514348785871967,10.00809216900052,0.887243232261043,0.9185964675987885,0.9874055415617129,0.3705103969754253,0.5388316151202749,0.002508780732563974,392,5,1988,666,0.3467715503113733
DAPT,XGBOOST,42,1.0,4000,IID_BALANCED,2116,0.005,0.992429554462433,0.00468384074941452,0.39514348785871967,10.00809216900052,0.9261190202940398,0.9169608813576282,0.98989898989899,0.3705103969754253,0.5392022008253095,0.003780718336483932,392,4,1054,666,0.5
DAPT,XGBOOST,42,1.0,4000,TEMPORAL,8000,0.005,0.992429554462433,0.00468384074941452,0.39514348785871967,10.00809216900052,0.9458439026341031,0.9404168125,0.9907894736842106,0.3765,0.5456521739130434,0.0035,1506,14,3986,2494,0.5
DAPT,XGBOOST,42,1.0,4000,DOMAIN_OOD,3858,0.005,0.992429554462433,0.00468384074941452,0.39514348785871967,10.00809216900052,0.9237560906904485,0.9211712528832657,0.9852670349907919,0.2773457750129601,0.43284789644012944,0.00414722654224987,535,8,1921,1394,0.5
DAPT,XGBOOST,42,1.0,4000,TEMPLATE_OOD,6832,0.005,0.992429554462433,0.00468384074941452,0.39514348785871967,10.00809216900052,0.9410828370306565,0.9355790219877255,0.9888089528377298,0.36211943793911006,0.5301049925005357,0.004098360655737705,1237,14,3402,2179,0.5
DAPT,XGBOOST,42,1.0,4000,DOMAIN_TEMPLATE_OOD,3708,0.005,0.992429554462433,0.00468384074941452,0.39514348785871967,10.00809216900052,0.9145825178167845,0.911956596367631,0.9824945295404814,0.24217907227615965,0.3885763738641281,0.004314994606256742,449,8,1846,1405,0.5
DAPT,XGBOOST,42,1.0,4000,IID_ORIGINAL,3051,0.01,0.9709704518318177,0.00936768149882904,0.5099337748344371,10.00809216900052,0.887243232261043,0.9185964675987885,0.9792843691148776,0.4914933837429111,0.6544996853366898,0.0055193176116407425,520,11,1982,538,0.3467715503113733
DAPT,XGBOOST,42,1.0,4000,IID_BALANCED,2116,0.01,0.9709704518318177,0.00936768149882904,0.5099337748344371,10.00809216900052,0.9261190202940398,0.9169608813576282,0.9829867674858223,0.4914933837429111,0.6553245116572148,0.008506616257088847,520,9,1049,538,0.5
DAPT,XGBOOST,42,1.0,4000,TEMPORAL,8000,0.01,0.9709704518318177,0.00936768149882904,0.5099337748344371,10.00809216900052,0.9458439026341031,0.9404168125,0.9875598086124402,0.516,0.677832512315271,0.0065,2064,26,3974,1936,0.5
DAPT,XGBOOST,42,1.0,4000,DOMAIN_OOD,3858,0.01,0.9709704518318177,0.00936768149882904,0.5099337748344371,10.00809216900052,0.9237560906904485,0.9211712528832657,0.98,0.43182996371176774,0.5994962216624685,0.008812856402280975,833,17,1912,1096,0.5
DAPT,XGBOOST,42,1.0,4000,TEMPLATE_OOD,6832,0.01,0.9709704518318177,0.00936768149882904,0.5099337748344371,10.00809216900052,0.9410828370306565,0.9355790219877255,0.987811955890888,0.49824355971896955,0.6623856781474995,0.006147540983606557,1702,21,3395,1714,0.5
DAPT,XGBOOST,42,1.0,4000,DOMAIN_TEMPLATE_OOD,3708,0.01,0.9709704518318177,0.00936768149882904,0.5099337748344371,10.00809216900052,0.9145825178167845,0.911956596367631,0.9815303430079155,0.40129449838187703,0.5696784073506891,0.007551240560949299,744,14,1840,1110,0.5
DAPT,XGBOOST,42,1.0,4000,IID_ORIGINAL,3051,0.02,0.8748275041580201,0.01990632318501171,0.6026490066225165,10.00809216900052,0.887243232261043,0.9185964675987885,0.9421613394216134,0.5850661625708885,0.721865889212828,0.019066733567486203,619,38,1955,439,0.3467715503113733
DAPT,XGBOOST,42,1.0,4000,IID_BALANCED,2116,0.02,0.8748275041580201,0.01990632318501171,0.6026490066225165,10.00809216900052,0.9261190202940398,0.9169608813576282,0.9626749611197511,0.5850661625708885,0.7278071722516167,0.022684310018903593,619,24,1034,439,0.5
DAPT,XGBOOST,42,1.0,4000,TEMPORAL,8000,0.02,0.8748275041580201,0.01990632318501171,0.6026490066225165,10.00809216900052,0.9458439026341031,0.9404168125,0.976502311248074,0.63375,0.7686476652516677,0.01525,2535,61,3939,1465,0.5
DAPT,XGBOOST,42,1.0,4000,DOMAIN_OOD,3858,0.02,0.8748275041580201,0.01990632318501171,0.6026490066225165,10.00809216900052,0.9237560906904485,0.9211712528832657,0.9657657657657658,0.5557283566614827,0.7054952286936492,0.019699326075686883,1072,38,1891,857,0.5
DAPT,XGBOOST,42,1.0,4000,TEMPLATE_OOD,6832,0.02,0.8748275041580201,0.01990632318501171,0.6026490066225165,10.00809216900052,0.9410828370306565,0.9355790219877255,0.9757122839794489,0.6115339578454333,0.7518445204246896,0.01522248243559719,2089,52,3364,1327,0.5
DAPT,XGBOOST,42,1.0,4000,DOMAIN_TEMPLATE_OOD,3708,0.02,0.8748275041580201,0.01990632318501171,0.6026490066225165,10.00809216900052,0.9145825178167845,0.911956596367631,0.9649298597194389,0.5194174757281553,0.6753155680224404,0.018878101402373247,963,35,1819,891,0.5
DAPT,MLP,42,1.0,4000,IID_ORIGINAL,3051,0.005,0.9988441467285157,0.00468384074941452,0.47019867549668876,2.7254399560006277,0.90888159529546,0.9338480997290138,0.9901185770750988,0.4735349716446125,0.6406649616368286,0.002508780732563974,501,5,1988,557,0.3467715503113733
DAPT,MLP,42,1.0,4000,IID_BALANCED,2116,0.005,0.9988441467285157,0.00468384074941452,0.47019867549668876,2.7254399560006277,0.9417117545755489,0.9336587562222833,0.9920792079207921,0.4735349716446125,0.6410748560460653,0.003780718336483932,501,4,1054,557,0.5
DAPT,MLP,42,1.0,4000,TEMPORAL,8000,0.005,0.9988441467285157,0.00468384074941452,0.47019867549668876,2.7254399560006277,0.9586253205567101,0.95523778125,0.9944320712694877,0.4465,0.6162870945479642,0.0025,1786,10,3990,2214,0.5
DAPT,MLP,42,1.0,4000,DOMAIN_OOD,3858,0.005,0.9988441467285157,0.00468384074941452,0.47019867549668876,2.7254399560006277,0.9410772840307625,0.9391203966846912,0.9895366218236173,0.3431829963711768,0.5096227867590454,0.0036288232244686366,662,7,1922,1267,0.5
DAPT,MLP,42,1.0,4000,TEMPLATE_OOD,6832,0.005,0.9988441467285157,0.00468384074941452,0.47019867549668876,2.7254399560006277,0.9547263428092307,0.9511178967690276,0.9932157394843962,0.42857142857142855,0.5987730061349693,0.002927400468384075,1464,10,3406,1952,0.5
DAPT,MLP,42,1.0,4000,DOMAIN_TEMPLATE_OOD,3708,0.005,0.9988441467285157,0.00468384074941452,0.47019867549668876,2.7254399560006277,0.9350070084339457,0.9335981911468135,0.9882943143812709,0.3187702265372168,0.4820554649265905,0.0037756202804746495,591,7,1847,1263,0.5
DAPT,MLP,42,1.0,4000,IID_ORIGINAL,3051,0.01,0.9880155920982362,0.00936768149882904,0.5827814569536424,2.7254399560006277,0.90888159529546,0.9338480997290138,0.9673202614379085,0.5595463137996219,0.7089820359281437,0.010035122930255895,592,20,1973,466,0.3467715503113733
DAPT,MLP,42,1.0,4000,IID_BALANCED,2116,0.01,0.9880155920982362,0.00936768149882904,0.5827814569536424,2.7254399560006277,0.9417117545755489,0.9336587562222833,0.976897689768977,0.5595463137996219,0.7115384615384616,0.013232514177693762,592,14,1044,466,0.5
DAPT,MLP,42,1.0,4000,TEMPORAL,8000,0.01,0.9880155920982362,0.00936768149882904,0.5827814569536424,2.7254399560006277,0.9586253205567101,0.95523778125,0.9858030168589175,0.5555,0.7105852254557083,0.008,2222,32,3968,1778,0.5
DAPT,MLP,42,1.0,4000,DOMAIN_OOD,3858,0.01,0.9880155920982362,0.00936768149882904,0.5827814569536424,2.7254399560006277,0.9410772840307625,0.9391203966846912,0.9807280513918629,0.47485743908761013,0.6398882291302829,0.00933125972006221,916,18,1911,1013,0.5
DAPT,MLP,42,1.0,4000,TEMPLATE_OOD,6832,0.01,0.9880155920982362,0.00936768149882904,0.5827814569536424,2.7254399560006277,0.9547263428092307,0.9511178967690276,0.9848812095032398,0.5339578454332553,0.6924829157175398,0.00819672131147541,1824,28,3388,1592,0.5
DAPT,MLP,42,1.0,4000,DOMAIN_TEMPLATE_OOD,3708,0.01,0.9880155920982362,0.00936768149882904,0.5827814569536424,2.7254399560006277,0.9350070084339457,0.9335981911468135,0.9796650717703349,0.441747572815534,0.6089219330855019,0.009169363538295576,819,17,1837,1035,0.5
DAPT,MLP,42,1.0,4000,IID_ORIGINAL,3051,0.02,0.8525867462158204,0.01990632318501171,0.6688741721854304,2.7254399560006277,0.90888159529546,0.9338480997290138,0.9457579972183588,0.6427221172022685,0.7653348339898706,0.019568489713998997,680,39,1954,378,0.3467715503113733
DAPT,MLP,42,1.0,4000,IID_BALANCED,2116,0.02,0.8525867462158204,0.01990632318501171,0.6688741721854304,2.7254399560006277,0.9417117545755489,0.9336587562222833,0.9659090909090909,0.6427221172022685,0.771850170261067,0.022684310018903593,680,24,1034,378,0.5
DAPT,MLP,42,1.0,4000,TEMPORAL,8000,0.02,0.8525867462158204,0.01990632318501171,0.6688741721854304,2.7254399560006277,0.9586253205567101,0.95523778125,0.9683988764044944,0.6895,0.8054906542056075,0.0225,2758,90,3910,1242,0.5
DAPT,MLP,42,1.0,4000,DOMAIN_OOD,3858,0.02,0.8525867462158204,0.01990632318501171,0.6688741721854304,2.7254399560006277,0.9410772840307625,0.9391203966846912,0.9521193092621664,0.6288232244686366,0.7574149235092101,0.03162260238465526,1213,61,1868,716,0.5
DAPT,MLP,42,1.0,4000,TEMPLATE_OOD,6832,0.02,0.8525867462158204,0.01990632318501171,0.6688741721854304,2.7254399560006277,0.9547263428092307,0.9511178967690276,0.9679324894514768,0.6715456674473068,0.7929484963705496,0.02224824355971897,2294,76,3340,1122,0.5
DAPT,MLP,42,1.0,4000,DOMAIN_TEMPLATE_OOD,3708,0.02,0.8525867462158204,0.01990632318501171,0.6688741721854304,2.7254399560006277,0.9350070084339457,0.9335981911468135,0.952920662598082,0.5895361380798274,0.728423858713762,0.02912621359223301,1093,54,1800,761,0.5
CONTRASTIVE,LOGREG,42,1.0,4000,IID_ORIGINAL,3051,0.005,0.9975478759643961,0.00468384074941452,0.16556291390728478,0.5872122839991789,0.7883658418804522,0.8573679902342508,0.9569377990430622,0.1890359168241966,0.31570639305445936,0.004515805318615153,200,9,1984,858,0.3467715503113733
CONTRASTIVE,LOGREG,42,1.0,4000,IID_BALANCED,2116,0.005,0.9975478759643961,0.00468384074941452,0.16556291390728478,0.5872122839991789,0.8601003337289939,0.8537499865995333,0.975609756097561,0.1890359168241966,0.3167062549485352,0.004725897920604915,200,5,1053,858,0.5
CONTRASTIVE,LOGREG,42,1.0,4000,TEMPORAL,8000,0.005,0.9975478759643961,0.00468384074941452,0.16556291390728478,0.5872122839991789,0.8822079271877098,0.8796741874999999,0.9752577319587629,0.11825,0.2109253065774805,0.003,473,12,3988,3527,0.5
CONTRASTIVE,LOGREG,42,1.0,4000,DOMAIN_OOD,3858,0.005,0.9975478759643961,0.00468384074941452,0.16556291390728478,0.5872122839991789,0.8472312965917519,0.8451312414993546,0.9647058823529412,0.08501814411612234,0.15626488804192473,0.003110419906687403,164,6,1923,1765,0.5
CONTRASTIVE,LOGREG,42,1.0,4000,TEMPLATE_OOD,6832,0.005,0.9975478759643961,0.00468384074941452,0.16556291390728478,0.5872122839991789,0.8797376071739582,0.8765714210301159,0.9792207792207792,0.11036299765807962,0.19836885030255197,0.00234192037470726,377,8,3408,3039,0.5
CONTRASTIVE,LOGREG,42,1.0,4000,DOMAIN_TEMPLATE_OOD,3708,0.005,0.9975478759643961,0.00468384074941452,0.16556291390728478,0.5872122839991789,0.8405246075540739,0.8389766899522767,0.9594594594594594,0.07659115426105717,0.14185814185814186,0.003236245954692557,142,6,1848,1712,0.5
CONTRASTIVE,LOGREG,42,1.0,4000,IID_ORIGINAL,3051,0.01,0.9908021669101865,0.00936768149882904,0.2560706401766004,0.5872122839991789,0.7883658418804522,0.8573679902342508,0.9197530864197531,0.28166351606805295,0.4312590448625181,0.013045659809332665,298,26,1967,760,0.3467715503113733
CONTRASTIVE,LOGREG,42,1.0,4000,IID_BALANCED,2116,0.01,0.9908021669101865,0.00936768149882904,0.2560706401766004,0.5872122839991789,0.8601003337289939,0.8537499865995333,0.9551282051282052,0.28166351606805295,0.43503649635036495,0.013232514177693762,298,14,1044,760,0.5
CONTRASTIVE,LOGREG,42,1.0,4000,TEMPORAL,8000,0.01,0.9908021669101865,0.00936768149882904,0.2560706401766004,0.5872122839991789,0.8822079271877098,0.8796741874999999,0.9697986577181208,0.21675,0.3543114017163874,0.00675,867,27,3973,3133,0.5
CONTRASTIVE,LOGREG,42,1.0,4000,DOMAIN_OOD,3858,0.01,0.9908021669101865,0.00936768149882904,0.2560706401766004,0.5872122839991789,0.8472312965917519,0.8451312414993546,0.9686520376175548,0.16018662519440124,0.2749110320284697,0.005184033177812338,309,10,1919,1620,0.5
CONTRASTIVE,LOGREG,42,1.0,4000,TEMPLATE_OOD,6832,0.01,0.9908021669101865,0.00936768149882904,0.2560706401766004,0.5872122839991789,0.8797376071739582,0.8765714210301159,0.970108695652174,0.20901639344262296,0.3439306358381503,0.006440281030444965,714,22,3394,2702,0.5
CONTRASTIVE,LOGREG,42,1.0,4000,DOMAIN_TEMPLATE_OOD,3708,0.01,0.9908021669101865,0.00936768149882904,0.2560706401766004,0.5872122839991789,0.8405246075540739,0.8389766899522767,0.9657534246575342,0.15210355987055016,0.26281453867660765,0.005393743257820928,282,10,1844,1572,0.5
CONTRASTIVE,LOGREG,42,1.0,4000,IID_ORIGINAL,3051,0.02,0.9674619465116133,0.01990632318501171,0.39293598233995586,0.5872122839991789,0.7883658418804522,0.8573679902342508,0.891647855530474,0.3733459357277883,0.5263157894736842,0.02408429503261415,395,48,1945,663,0.3467715503113733
CONTRASTIVE,LOGREG,42,1.0,4000,IID_BALANCED,2116,0.02,0.9674619465116133,0.01990632318501171,0.39293598233995586,0.5872122839991789,0.8601003337289939,0.8537499865995333,0.9316037735849056,0.3733459357277883,0.5330634278002699,0.027410207939508508,395,29,1029,663,0.5
CONTRASTIVE,LOGREG,42,1.0,4000,TEMPORAL,8000,0.02,0.9674619465116133,0.01990632318501171,0.39293598233995586,0.5872122839991789,0.8822079271877098,0.8796741874999999,0.9566130160951715,0.34175,0.503591821698287,0.0155,1367,62,3938,2633,0.5
CONTRASTIVE,LOGREG,42,1.0,4000,DOMAIN_OOD,3858,0.02,0.9674619465116133,0.01990632318501171,0.39293598233995586,0.5872122839991789,0.8472312965917519,0.8451312414993546,0.9460966542750929,0.263867288750648,0.4126469396027564,0.01503369621565578,509,29,1900,1420,0.5
CONTRASTIVE,LOGREG,42,1.0,4000,TEMPLATE_OOD,6832,0.02,0.9674619465116133,0.01990632318501171,0.39293598233995586,0.5872122839991789,0.8797376071739582,0.8765714210301159,0.9571917808219178,0.32728337236533955,0.48778359511343805,0.014637002341920375,1118,50,3366,2298,0.5
CONTRASTIVE,LOGREG,42,1.0,4000,DOMAIN_TEMPLATE_OOD,3708,0.02,0.9674619465116133,0.01990632318501171,0.39293598233995586,0.5872122839991789,0.8405246075540739,0.8389766899522767,0.9442148760330579,0.2464940668824164,0.39093242087254065,0.014563106796116505,457,27,1827,1397,0.5
CONTRASTIVE,XGBOOST,42,1.0,4000,IID_ORIGINAL,3051,0.005,0.993243157863617,0.00468384074941452,0.15673289183222958,13.629402879000736,0.8011755647846421,0.8731567101110977,0.9593023255813954,0.15595463137996218,0.2682926829268293,0.0035122930255895636,165,7,1986,893,0.3467715503113733
CONTRASTIVE,XGBOOST,42,1.0,4000,IID_BALANCED,2116,0.005,0.993243157863617,0.00468384074941452,0.15673289183222958,13.629402879000736,0.8718891954363615,0.8712411690924489,0.9763313609467456,0.15595463137996218,0.26894865525672373,0.003780718336483932,165,4,1054,893,0.5
CONTRASTIVE,XGBOOST,42,1.0,4000,TEMPORAL,8000,0.005,0.993243157863617,0.00468384074941452,0.15673289183222958,13.629402879000736,0.8833332474920208,0.87530471875,0.983358547655068,0.1625,0.278910105127655,0.00275,650,11,3989,3350,0.5
CONTRASTIVE,XGBOOST,42,1.0,4000,DOMAIN_OOD,3858,0.005,0.993243157863617,0.00468384074941452,0.15673289183222958,13.629402879000736,0.8444085545405939,0.8384771895821626,0.972972972972973,0.09331259720062209,0.17029328287606432,0.002592016588906169,180,5,1924,1749,0.5
CONTRASTIVE,XGBOOST,42,1.0,4000,TEMPLATE_OOD,6832,0.005,0.993243157863617,0.00468384074941452,0.15673289183222958,13.629402879000736,0.8829338144122586,0.8733497808220303,0.9841269841269841,0.16334894613583137,0.2801908109465227,0.0026346604215456673,558,9,3407,2858,0.5
CONTRASTIVE,XGBOOST,42,1.0,4000,DOMAIN_TEMPLATE_OOD,3708,0.005,0.993243157863617,0.00468384074941452,0.15673289183222958,13.629402879000736,0.8391582450824123,0.8319444589906777,0.9761904761904762,0.08845738942826321,0.16221562809099901,0.002157497303128371,164,4,1850,1690,0.5
CONTRASTIVE,XGBOOST,42,1.0,4000,IID_ORIGINAL,3051,0.01,0.9703722596168519,0.00936768149882904,0.2847682119205298,13.629402879000736,0.8011755647846421,0.8731567101110977,0.9322033898305084,0.31190926275992437,0.46742209631728043,0.012042147516307075,330,24,1969,728,0.3467715503113733
CONTRASTIVE,XGBOOST,42,1.0,4000,IID_BALANCED,2116,0.01,0.9703722596168519,0.00936768149882904,0.2847682119205298,13.629402879000736,0.8718891954363615,0.8712411690924489,0.9649122807017544,0.31190926275992437,0.4714285714285714,0.011342155009451797,330,12,1046,728,0.5
CONTRASTIVE,XGBOOST,42,1.0,4000,TEMPORAL,8000,0.01,0.9703722596168519,0.00936768149882904,0.2847682119205298,13.629402879000736,0.8833332474920208,0.87530471875,0.967266775777414,0.2955,0.4527001148985063,0.01,1182,40,3960,2818,0.5
CONTRASTIVE,XGBOOST,42,1.0,4000,DOMAIN_OOD,3858,0.01,0.9703722596168519,0.00936768149882904,0.2847682119205298,13.629402879000736,0.8444085545405939,0.8384771895821626,0.9516908212560387,0.2042509072058061,0.3363209560392659,0.010368066355624676,394,20,1909,1535,0.5
CONTRASTIVE,XGBOOST,42,1.0,4000,TEMPLATE_OOD,6832,0.01,0.9703722596168519,0.00936768149882904,0.2847682119205298,13.629402879000736,0.8829338144122586,0.8733497808220303,0.9688109161793372,0.29098360655737704,0.4475461503827105,0.00936768149882904,994,32,3384,2422,0.5
CONTRASTIVE,XGBOOST,42,1.0,4000,DOMAIN_TEMPLATE_OOD,3708,0.01,0.9703722596168519,0.00936768149882904,0.2847682119205298,13.629402879000736,0.8391582450824123,0.8319444589906777,0.949468085106383,0.1925566343042071,0.3201793721973094,0.010248112189859764,357,19,1835,1497,0.5
CONTRASTIVE,XGBOOST,42,1.0,4000,IID_ORIGINAL,3051,0.02,0.9402825832366944,0.01990632318501171,0.37527593818984545,13.629402879000736,0.8011755647846421,0.8731567101110977,0.8833693304535637,0.38657844990548207,0.5378040762656148,0.027094831911690917,409,54,1939,649,0.3467715503113733
CONTRASTIVE,XGBOOST,42,1.0,4000,IID_BALANCED,2116,0.02,0.9402825832366944,0.01990632318501171,0.37527593818984545,13.629402879000736,0.8718891954363615,0.8712411690924489,0.927437641723356,0.38657844990548207,0.5456971314209473,0.030245746691871456,409,32,1026,649,0.5
CONTRASTIVE,XGBOOST,42,1.0,4000,TEMPORAL,8000,0.02,0.9402825832366944,0.01990632318501171,0.37527593818984545,13.629402879000736,0.8833332474920208,0.87530471875,0.9548633184996821,0.3755,0.5390274537950834,0.01775,1502,71,3929,2498,0.5
CONTRASTIVE,XGBOOST,42,1.0,4000,DOMAIN_OOD,3858,0.02,0.9402825832366944,0.01990632318501171,0.37527593818984545,13.629402879000736,0.8444085545405939,0.8384771895821626,0.9432013769363167,0.28408501814411613,0.4366533864541833,0.017107309486780714,548,33,1896,1381,0.5
CONTRASTIVE,XGBOOST,42,1.0,4000,TEMPLATE_OOD,6832,0.02,0.9402825832366944,0.01990632318501171,0.37527593818984545,13.629402879000736,0.8829338144122586,0.8733497808220303,0.9593558282208589,0.36621779859484777,0.5300847457627119,0.015515222482435597,1251,53,3363,2165,0.5
CONTRASTIVE,XGBOOST,42,1.0,4000,DOMAIN_TEMPLATE_OOD,3708,0.02,0.9402825832366944,0.01990632318501171,0.37527593818984545,13.629402879000736,0.8391582450824123,0.8319444589906777,0.9434697855750487,0.26105717367853293,0.4089564850021124,0.01564185544768069,484,29,1825,1370,0.5
CONTRASTIVE,MLP,42,1.0,4000,IID_ORIGINAL,3051,0.005,0.9946628808975221,0.00468384074941452,0.24944812362030905,1.9116547310004535,0.8360249625369713,0.8951946178353918,0.946031746031746,0.28166351606805295,0.4340859431900947,0.008529854490717512,298,17,1976,760,0.3467715503113733
CONTRASTIVE,MLP,42,1.0,4000,IID_BALANCED,2116,0.005,0.9946628808975221,0.00468384074941452,0.24944812362030905,1.9116547310004535,0.8923770407455696,0.8921825250767399,0.9644012944983819,0.28166351606805295,0.4359912216532553,0.010396975425330813,298,11,1047,760,0.5
CONTRASTIVE,MLP,42,1.0,4000,TEMPORAL,8000,0.005,0.9946628808975221,0.00468384074941452,0.24944812362030905,1.9116547310004535,0.8978108834849071,0.8939816562499999,0.9797047970479705,0.2655,0.4177812745869394,0.0055,1062,22,3978,2938,0.5
CONTRASTIVE,MLP,42,1.0,4000,DOMAIN_OOD,3858,0.005,0.9946628808975221,0.00468384074941452,0.24944812362030905,1.9116547310004535,0.8661387413633311,0.8638192914294683,0.9808219178082191,0.1855883877656817,0.3121185701830863,0.0036288232244686366,358,7,1922,1571,0.5
CONTRASTIVE,MLP,42,1.0,4000,TEMPLATE_OOD,6832,0.005,0.9946628808975221,0.00468384074941452,0.24944812362030905,1.9116547310004535,0.8975110628075794,0.8926770940168596,0.9812154696132597,0.25995316159250587,0.4110159685258042,0.004976580796252928,888,17,3399,2528,0.5
CONTRASTIVE,MLP,42,1.0,4000,DOMAIN_TEMPLATE_OOD,3708,0.005,0.9946628808975221,0.00468384074941452,0.24944812362030905,1.9116547310004535,0.8593304181439184,0.8561077887514561,0.9796511627906976,0.18176914778856526,0.30664240218380345,0.0037756202804746495,337,7,1847,1517,0.5
CONTRASTIVE,MLP,42,1.0,4000,IID_ORIGINAL,3051,0.01,0.9826052188873292,0.00936768149882904,0.3443708609271523,1.9116547310004535,0.8360249625369713,0.8951946178353918,0.9308755760368663,0.3818525519848771,0.5415549597855228,0.015052684395383844,404,30,1963,654,0.3467715503113733
CONTRASTIVE,MLP,42,1.0,4000,IID_BALANCED,2116,0.01,0.9826052188873292,0.00936768149882904,0.3443708609271523,1.9116547310004535,0.8923770407455696,0.8921825250767399,0.9483568075117371,0.3818525519848771,0.5444743935309974,0.020793950850661626,404,22,1036,654,0.5
CONTRASTIVE,MLP,42,1.0,4000,TEMPORAL,8000,0.01,0.9826052188873292,0.00936768149882904,0.3443708609271523,1.9116547310004535,0.8978108834849071,0.8939816562499999,0.96673455532926,0.356,0.5203727389000549,0.01225,1424,49,3951,2576,0.5
CONTRASTIVE,MLP,42,1.0,4000,DOMAIN_OOD,3858,0.01,0.9826052188873292,0.00936768149882904,0.3443708609271523,1.9116547310004535,0.8661387413633311,0.8638192914294683,0.9613970588235294,0.2711249351995853,0.4229680549939345,0.01088646967340591,523,21,1908,1406,0.5
CONTRASTIVE,MLP,42,1.0,4000,TEMPLATE_OOD,6832,0.01,0.9826052188873292,0.00936768149882904,0.3443708609271523,1.9116547310004535,0.8975110628075794,0.8926770940168596,0.9736842105263158,0.34660421545667447,0.5112262521588946,0.00936768149882904,1184,32,3384,2232,0.5
CONTRASTIVE,MLP,42,1.0,4000,DOMAIN_TEMPLATE_OOD,3708,0.01,0.9826052188873292,0.00936768149882904,0.3443708609271523,1.9116547310004535,0.8593304181439184,0.8561077887514561,0.96579476861167,0.2588996763754045,0.4083368779242875,0.009169363538295576,480,17,1837,1374,0.5
CONTRASTIVE,MLP,42,1.0,4000,IID_ORIGINAL,3051,0.02,0.9610196352005006,0.01990632318501171,0.4370860927152318,1.9116547310004535,0.8360249625369713,0.8951946178353918,0.9166666666666666,0.4678638941398866,0.6195244055068836,0.022579026593075764,495,45,1948,563,0.3467715503113733
CONTRASTIVE,MLP,42,1.0,4000,IID_BALANCED,2116,0.02,0.9610196352005006,0.01990632318501171,0.4370860927152318,1.9116547310004535,0.8923770407455696,0.8921825250767399,0.9428571428571428,0.4678638941398866,0.6253948199620973,0.02835538752362949,495,30,1028,563,0.5
CONTRASTIVE,MLP,42,1.0,4000,TEMPORAL,8000,0.02,0.9610196352005006,0.01990632318501171,0.4370860927152318,1.9116547310004535,0.8978108834849071,0.8939816562499999,0.9517125210555868,0.42375,0.5864037363777893,0.0215,1695,86,3914,2305,0.5
CONTRASTIVE,MLP,42,1.0,4000,DOMAIN_OOD,3858,0.02,0.9610196352005006,0.01990632318501171,0.4370860927152318,1.9116547310004535,0.8661387413633311,0.8638192914294683,0.9433962264150944,0.336962156557802,0.4965622612681436,0.02021772939346812,650,39,1890,1279,0.5
CONTRASTIVE,MLP,42,1.0,4000,TEMPLATE_OOD,6832,0.02,0.9610196352005006,0.01990632318501171,0.4370860927152318,1.9116547310004535,0.8975110628075794,0.8926770940168596,0.9604095563139932,0.41188524590163933,0.576521204671174,0.016978922716627636,1407,58,3358,2009,0.5
CONTRASTIVE,MLP,42,1.0,4000,DOMAIN_TEMPLATE_OOD,3708,0.02,0.9610196352005006,0.01990632318501171,0.4370860927152318,1.9116547310004535,0.8593304181439184,0.8561077887514561,0.9479495268138801,0.32416396979503775,0.48311897106109325,0.01779935275080906,601,33,1821,1253,0.5
BASE,LOGREG,52,0.1,400,IID_ORIGINAL,3051,0.005,0.9896670797277426,0.00468384074941452,0.3620309050772627,0.027046131999668432,0.8437476644542399,0.8857807619674531,0.9525065963060686,0.34120982986767484,0.5024356297842728,0.009031610637230306,361,18,1975,697,0.3467715503113733
BASE,LOGREG,52,0.1,400,IID_BALANCED,2116,0.005,0.9896670797277426,0.00468384074941452,0.3620309050772627,0.027046131999668432,0.8993387007893024,0.8850829578224777,0.9704301075268817,0.34120982986767484,0.5048951048951049,0.010396975425330813,361,11,1047,697,0.5
BASE,LOGREG,52,0.1,400,TEMPORAL,8000,0.005,0.9896670797277426,0.00468384074941452,0.3620309050772627,0.027046131999668432,0.9123922244125747,0.899298375,0.9822090437361009,0.33125,0.49541970461768553,0.006,1325,24,3976,2675,0.5
BASE,LOGREG,52,0.1,400,DOMAIN_OOD,3858,0.005,0.9896670797277426,0.00468384074941452,0.3620309050772627,0.027046131999668432,0.8854540099057087,0.869720059520978,0.9794303797468354,0.32089165370658373,0.48340491995314333,0.00673924313115604,619,13,1916,1310,0.5
BASE,LOGREG,52,0.1,400,TEMPLATE_OOD,6832,0.005,0.9896670797277426,0.00468384074941452,0.3620309050772627,0.027046131999668432,0.907010480456393,0.8927236273439771,0.9852045256744996,0.33138173302107726,0.495947426067908,0.004976580796252928,1132,17,3399,2284,0.5
BASE,LOGREG,52,0.1,400,DOMAIN_TEMPLATE_OOD,3708,0.005,0.9896670797277426,0.00468384074941452,0.3620309050772627,0.027046131999668432,0.8744923072350446,0.8574152041883842,0.978688524590164,0.3220064724919094,0.48457792207792205,0.007011866235167206,597,13,1841,1257,0.5
BASE,LOGREG,52,0.1,400,IID_ORIGINAL,3051,0.01,0.982482605328708,0.00936768149882904,0.41501103752759383,0.027046131999668432,0.8437476644542399,0.8857807619674531,0.9474885844748858,0.39224952741020797,0.5548128342245989,0.01154039136979428,415,23,1970,643,0.3467715503113733
BASE,LOGREG,52,0.1,400,IID_BALANCED,2116,0.01,0.982482605328708,0.00936768149882904,0.41501103752759383,0.027046131999668432,0.8993387007893024,0.8850829578224777,0.9673659673659674,0.39224952741020797,0.5581708137188971,0.013232514177693762,415,14,1044,643,0.5
BASE,LOGREG,52,0.1,400,TEMPORAL,8000,0.01,0.982482605328708,0.00936768149882904,0.41501103752759383,0.027046131999668432,0.9123922244125747,0.899298375,0.9731752963194011,0.39,0.5568445475638051,0.01075,1560,43,3957,2440,0.5
BASE,LOGREG,52,0.1,400,DOMAIN_OOD,3858,0.01,0.982482605328708,0.00936768149882904,0.41501103752759383,0.027046131999668432,0.8854540099057087,0.869720059520978,0.9656121045392022,0.36391912908242613,0.5286144578313253,0.012960082944530845,702,25,1904,1227,0.5
BASE,LOGREG,52,0.1,400,TEMPLATE_OOD,6832,0.01,0.982482605328708,0.00936768149882904,0.41501103752759383,0.027046131999668432,0.907010480456393,0.8927236273439771,0.9755917159763313,0.3861241217798595,0.5532718120805369,0.009660421545667448,1319,33,3383,2097,0.5
BASE,LOGREG,52,0.1,400,DOMAIN_TEMPLATE_OOD,3708,0.01,0.982482605328708,0.00936768149882904,0.41501103752759383,0.027046131999668432,0.8744923072350446,0.8574152041883842,0.9659090909090909,0.3667745415318231,0.5316653635652854,0.012944983818770227,680,24,1830,1174,0.5
BASE,LOGREG,52,0.1,400,IID_ORIGINAL,3051,0.02,0.9524947028584974,0.01990632318501171,0.5055187637969095,0.027046131999668432,0.8437476644542399,0.8857807619674531,0.9327272727272727,0.4848771266540643,0.6380597014925373,0.018564977420973405,513,37,1956,545,0.3467715503113733
BASE,LOGREG,52,0.1,400,IID_BALANCED,2116,0.02,0.9524947028584974,0.01990632318501171,0.5055187637969095,0.027046131999668432,0.8993387007893024,0.8850829578224777,0.9624765478424016,0.4848771266540643,0.64487743557511,0.01890359168241966,513,20,1038,545,0.5
BASE,LOGREG,52,0.1,400,TEMPORAL,8000,0.02,0.9524947028584974,0.01990632318501171,0.5055187637969095,0.027046131999668432,0.9123922244125747,0.899298375,0.9657666345226615,0.50075,0.6595324333223576,0.01775,2003,71,3929,1997,0.5
BASE,LOGREG,52,0.1,400,DOMAIN_OOD,3858,0.02,0.9524947028584974,0.01990632318501171,0.5055187637969095,0.027046131999668432,0.8854540099057087,0.869720059520978,0.949738219895288,0.4701918092275791,0.628987517337032,0.024883359253499222,907,48,1881,1022,0.5
BASE,LOGREG,52,0.1,400,TEMPLATE_OOD,6832,0.02,0.9524947028584974,0.01990632318501171,0.5055187637969095,0.027046131999668432,0.907010480456393,0.8927236273439771,0.9653979238754326,0.49004683840749413,0.6500970873786408,0.01756440281030445,1674,60,3356,1742,0.5
BASE,LOGREG,52,0.1,400,DOMAIN_TEMPLATE_OOD,3708,0.02,0.9524947028584974,0.01990632318501171,0.5055187637969095,0.027046131999668432,0.8744923072350446,0.8574152041883842,0.9467120181405896,0.45037756202804746,0.6103801169590644,0.02535059331175836,835,47,1807,1019,0.5
BASE,XGBOOST,52,0.1,400,IID_ORIGINAL,3051,0.005,0.9863870143890382,0.00468384074941452,0.3200883002207506,1.8358163390003028,0.809268802589942,0.8835906770103681,0.9391304347826087,0.30623818525519847,0.46186742694226657,0.010536879076768691,324,21,1972,734,0.3467715503113733
BASE,XGBOOST,52,0.1,400,IID_BALANCED,2116,0.005,0.9863870143890382,0.00468384074941452,0.3200883002207506,1.8358163390003028,0.8764367621109189,0.882853120164665,0.9614243323442137,0.30623818525519847,0.4645161290322581,0.012287334593572778,324,13,1045,734,0.5
BASE,XGBOOST,52,0.1,400,TEMPORAL,8000,0.005,0.9863870143890382,0.00468384074941452,0.3200883002207506,1.8358163390003028,0.885069317176889,0.8805584999999999,0.9641693811074918,0.222,0.3609022556390977,0.00825,888,33,3967,3112,0.5
BASE,XGBOOST,52,0.1,400,DOMAIN_OOD,3858,0.005,0.9863870143890382,0.00468384074941452,0.3200883002207506,1.8358163390003028,0.8353349361519611,0.8391743063298684,0.9318181818181818,0.12752721617418353,0.2243502051983584,0.00933125972006221,246,18,1911,1683,0.5
BASE,XGBOOST,52,0.1,400,TEMPLATE_OOD,6832,0.005,0.9863870143890382,0.00468384074941452,0.3200883002207506,1.8358163390003028,0.8805041419073664,0.8725721258000647,0.9719387755102041,0.2230679156908665,0.3628571428571429,0.006440281030444965,762,22,3394,2654,0.5
BASE,XGBOOST,52,0.1,400,DOMAIN_TEMPLATE_OOD,3708,0.005,0.9863870143890382,0.00468384074941452,0.3200883002207506,1.8358163390003028,0.8273468804900992,0.8279619912745875,0.932806324110672,0.1272923408845739,0.22401518747033697,0.009169363538295576,236,17,1837,1618,0.5
BASE,XGBOOST,52,0.1,400,IID_ORIGINAL,3051,0.01,0.9813884496688844,0.00936768149882904,0.3576158940397351,1.8358163390003028,0.809268802589942,0.8835906770103681,0.9302884615384616,0.3657844990548204,0.5251017639077341,0.014550928248871048,387,29,1964,671,0.3467715503113733
BASE,XGBOOST,52,0.1,400,IID_BALANCED,2116,0.01,0.9813884496688844,0.00936768149882904,0.3576158940397351,1.8358163390003028,0.8764367621109189,0.882853120164665,0.9626865671641791,0.3657844990548204,0.5301369863013699,0.014177693761814745,387,15,1043,671,0.5
BASE,XGBOOST,52,0.1,400,TEMPORAL,8000,0.01,0.9813884496688844,0.00936768149882904,0.3576158940397351,1.8358163390003028,0.885069317176889,0.8805584999999999,0.9603603603603603,0.2665,0.4172211350293542,0.011,1066,44,3956,2934,0.5
BASE,XGBOOST,52,0.1,400,DOMAIN_OOD,3858,0.01,0.9813884496688844,0.00936768149882904,0.3576158940397351,1.8358163390003028,0.8353349361519611,0.8391743063298684,0.9271137026239067,0.16485225505443235,0.27992957746478875,0.012960082944530845,318,25,1904,1611,0.5
BASE,XGBOOST,52,0.1,400,TEMPLATE_OOD,6832,0.01,0.9813884496688844,0.00936768149882904,0.3576158940397351,1.8358163390003028,0.8805041419073664,0.8725721258000647,0.9660657476139979,0.2666861826697892,0.41798577655425556,0.00936768149882904,911,32,3384,2505,0.5
BASE,XGBOOST,52,0.1,400,DOMAIN_TEMPLATE_OOD,3708,0.01,0.9813884496688844,0.00936768149882904,0.3576158940397351,1.8358163390003028,0.8273468804900992,0.8279619912745875,0.9294117647058824,0.1704422869471413,0.2880583409298086,0.012944983818770227,316,24,1830,1538,0.5
BASE,XGBOOST,52,0.1,400,IID_ORIGINAL,3051,0.02,0.9601421356201173,0.01990632318501171,0.4392935982339956,1.8358163390003028,0.809268802589942,0.8835906770103681,0.900990099009901,0.43005671077504726,0.582213691618682,0.025087807325639738,455,50,1943,603,0.3467715503113733
BASE,XGBOOST,52,0.1,400,IID_BALANCED,2116,0.02,0.9601421356201173,0.01990632318501171,0.4392935982339956,1.8358163390003028,0.8764367621109189,0.882853120164665,0.9420289855072463,0.43005671077504726,0.5905256327060351,0.026465028355387523,455,28,1030,603,0.5
BASE,XGBOOST,52,0.1,400,TEMPORAL,8000,0.02,0.9601421356201173,0.01990632318501171,0.4392935982339956,1.8358163390003028,0.885069317176889,0.8805584999999999,0.9482649842271293,0.37575,0.5382273948075201,0.0205,1503,82,3918,2497,0.5
BASE,XGBOOST,52,0.1,400,DOMAIN_OOD,3858,0.02,0.9601421356201173,0.01990632318501171,0.4392935982339956,1.8358163390003028,0.8353349361519611,0.8391743063298684,0.908289241622575,0.2669777086573354,0.4126602564102564,0.02695697252462416,515,52,1877,1414,0.5
BASE,XGBOOST,52,0.1,400,TEMPLATE_OOD,6832,0.02,0.9601421356201173,0.01990632318501171,0.4392935982339956,1.8358163390003028,0.8805041419073664,0.8725721258000647,0.9499626587005228,0.37236533957845436,0.5350157728706625,0.019613583138173303,1272,67,3349,2144,0.5
BASE,XGBOOST,52,0.1,400,DOMAIN_TEMPLATE_OOD,3708,0.02,0.9601421356201173,0.01990632318501171,0.4392935982339956,1.8358163390003028,0.8273468804900992,0.8279619912745875,0.9105545617173524,0.2745415318230852,0.42188147534189807,0.02696871628910464,509,50,1804,1345,0.5
BASE,MLP,52,0.1,400,IID_ORIGINAL,3051,0.005,0.9404240846633912,0.00468384074941452,0.23178807947019867,0.19378562800011423,0.7819568944027632,0.8706080924065989,0.9153846153846154,0.22495274102079396,0.3611532625189681,0.011038635223281485,238,22,1971,820,0.3467715503113733
BASE,MLP,52,0.1,400,IID_BALANCED,2116,0.005,0.9404240846633912,0.00468384074941452,0.23178807947019867,0.19378562800011423,0.8645084382027931,0.8702977762372204,0.9596774193548387,0.22495274102079396,0.36447166921898927,0.00945179584120983,238,10,1048,820,0.5
BASE,MLP,52,0.1,400,TEMPORAL,8000,0.005,0.9404240846633912,0.00468384074941452,0.23178807947019867,0.19378562800011423,0.8572965922936038,0.86055296875,0.9577464788732394,0.187,0.3129052499477097,0.00825,748,33,3967,3252,0.5
BASE,MLP,52,0.1,400,DOMAIN_OOD,3858,0.005,0.9404240846633912,0.00468384074941452,0.23178807947019867,0.19378562800011423,0.7786720859720466,0.8060744291718367,0.8818565400843882,0.10834629341627787,0.19298245614035087,0.014515292897874546,209,28,1901,1720,0.5
BASE,MLP,52,0.1,400,TEMPLATE_OOD,6832,0.005,0.9404240846633912,0.00468384074941452,0.23178807947019867,0.19378562800011423,0.8471495790833004,0.8521391104816021,0.9530102790014684,0.18998829039812645,0.3168171833048572,0.00936768149882904,649,32,3384,2767,0.5
BASE,MLP,52,0.1,400,DOMAIN_TEMPLATE_OOD,3708,0.005,0.9404240846633912,0.00468384074941452,0.23178807947019867,0.19378562800011423,0.7687763665460199,0.7941824376926649,0.8794642857142857,0.10625674217907227,0.18960538979788258,0.014563106796116505,197,27,1827,1657,0.5
BASE,MLP,52,0.1,400,IID_ORIGINAL,3051,0.01,0.9207226037979127,0.00936768149882904,0.2737306843267108,0.19378562800011423,0.7819568944027632,0.8706080924065989,0.8940809968847352,0.2712665406427221,0.41624365482233505,0.017059708981435023,287,34,1959,771,0.3467715503113733
BASE,MLP,52,0.1,400,IID_BALANCED,2116,0.01,0.9207226037979127,0.00936768149882904,0.2737306843267108,0.19378562800011423,0.8645084382027931,0.8702977762372204,0.9379084967320261,0.2712665406427221,0.4208211143695015,0.017958412098298678,287,19,1039,771,0.5
BASE,MLP,52,0.1,400,TEMPORAL,8000,0.01,0.9207226037979127,0.00936768149882904,0.2737306843267108,0.19378562800011423,0.8572965922936038,0.86055296875,0.9396378269617707,0.2335,0.3740488586303564,0.015,934,60,3940,3066,0.5
BASE,MLP,52,0.1,400,DOMAIN_OOD,3858,0.01,0.9207226037979127,0.00936768149882904,0.2737306843267108,0.19378562800011423,0.7786720859720466,0.8060744291718367,0.8256578947368421,0.13011923276308968,0.22480967308553515,0.027475375842405392,251,53,1876,1678,0.5
BASE,MLP,52,0.1,400,TEMPLATE_OOD,6832,0.01,0.9207226037979127,0.00936768149882904,0.2737306843267108,0.19378562800011423,0.8471495790833004,0.8521391104816021,0.9313953488372093,0.2344847775175644,0.3746492048643592,0.01727166276346604,801,59,3357,2615,0.5
BASE,MLP,52,0.1,400,DOMAIN_TEMPLATE_OOD,3708,0.01,0.9207226037979127,0.00936768149882904,0.2737306843267108,0.19378562800011423,0.7687763665460199,0.7941824376926649,0.8206896551724138,0.12837108953613807,0.22201492537313433,0.028047464940668825,238,52,1802,1616,0.5
BASE,MLP,52,0.1,400,IID_ORIGINAL,3051,0.02,0.8975333571434022,0.01990632318501171,0.30242825607064017,0.19378562800011423,0.7819568944027632,0.8706080924065989,0.8649350649350649,0.31474480151228734,0.46153846153846156,0.02609131961866533,333,52,1941,725,0.3467715503113733
BASE,MLP,52,0.1,400,IID_BALANCED,2116,0.02,0.8975333571434022,0.01990632318501171,0.30242825607064017,0.19378562800011423,0.8645084382027931,0.8702977762372204,0.9224376731301939,0.31474480151228734,0.4693446088794926,0.026465028355387523,333,28,1030,725,0.5
BASE,MLP,52,0.1,400,TEMPORAL,8000,0.02,0.8975333571434022,0.01990632318501171,0.30242825607064017,0.19378562800011423,0.8572965922936038,0.86055296875,0.9279513888888888,0.26725,0.41498447204968947,0.02075,1069,83,3917,2931,0.5
BASE,MLP,52,0.1,400,DOMAIN_OOD,3858,0.02,0.8975333571434022,0.01990632318501171,0.30242825607064017,0.19378562800011423,0.7786720859720466,0.8060744291718367,0.8022284122562674,0.14930015552099535,0.2517482517482518,0.0368066355624676,288,71,1858,1641,0.5
BASE,MLP,52,0.1,400,TEMPLATE_OOD,6832,0.02,0.8975333571434022,0.01990632318501171,0.30242825607064017,0.19378562800011423,0.8471495790833004,0.8521391104816021,0.9183266932270916,0.26990632318501173,0.4171945701357466,0.024004683840749413,922,82,3334,2494,0.5
BASE,MLP,52,0.1,400,DOMAIN_TEMPLATE_OOD,3708,0.02,0.8975333571434022,0.01990632318501171,0.30242825607064017,0.19378562800011423,0.7687763665460199,0.7941824376926649,0.7959183673469388,0.14724919093851133,0.2485207100591716,0.037756202804746494,273,70,1784,1581,0.5
DAPT,LOGREG,52,0.1,400,IID_ORIGINAL,3051,0.005,0.9873432834078375,0.00468384074941452,0.3576158940397351,0.02623439699982555,0.8404614155647995,0.8857546782358291,0.9538043478260869,0.33175803402646503,0.49228611500701264,0.008529854490717512,351,17,1976,707,0.3467715503113733
DAPT,LOGREG,52,0.1,400,IID_BALANCED,2116,0.005,0.9873432834078375,0.00468384074941452,0.3576158940397351,0.02623439699982555,0.8968747909132699,0.8851883748271339,0.9777158774373259,0.33175803402646503,0.4954128440366973,0.007561436672967864,351,8,1050,707,0.5
DAPT,LOGREG,52,0.1,400,TEMPORAL,8000,0.005,0.9873432834078375,0.00468384074941452,0.3576158940397351,0.02623439699982555,0.9176635575753527,0.90537775,0.9849564528899446,0.311,0.47273418202546075,0.00475,1244,19,3981,2756,0.5
DAPT,LOGREG,52,0.1,400,DOMAIN_OOD,3858,0.005,0.9873432834078375,0.00468384074941452,0.3576158940397351,0.02623439699982555,0.8909412746337857,0.8794979684448518,0.9732824427480916,0.2643856920684292,0.4158173664900122,0.007257646448937273,510,14,1915,1419,0.5
DAPT,LOGREG,52,0.1,400,TEMPLATE_OOD,6832,0.005,0.9873432834078375,0.00468384074941452,0.3576158940397351,0.02623439699982555,0.9124132383376444,0.9002777088395153,0.9822263797942001,0.3073770491803279,0.4682274247491639,0.0055620608899297425,1050,19,3397,2366,0.5
DAPT,LOGREG,52,0.1,400,DOMAIN_TEMPLATE_OOD,3708,0.005,0.9873432834078375,0.00468384074941452,0.3576158940397351,0.02623439699982555,0.8803314113576302,0.867212383150109,0.9719438877755511,0.261596548004315,0.4122396940076498,0.007551240560949299,485,14,1840,1369,0.5
DAPT,LOGREG,52,0.1,400,IID_ORIGINAL,3051,0.01,0.9782524621510191,0.00936768149882904,0.445916114790287,0.02623439699982555,0.8404614155647995,0.8857546782358291,0.958963282937365,0.41965973534971646,0.5838264299802761,0.009533366783743101,444,19,1974,614,0.3467715503113733
DAPT,LOGREG,52,0.1,400,IID_BALANCED,2116,0.01,0.9782524621510191,0.00936768149882904,0.445916114790287,0.02623439699982555,0.8968747909132699,0.8851883748271339,0.9801324503311258,0.41965973534971646,0.5876902713434812,0.008506616257088847,444,9,1049,614,0.5
DAPT,LOGREG,52,0.1,400,TEMPORAL,8000,0.01,0.9782524621510191,0.00936768149882904,0.445916114790287,0.02623439699982555,0.9176635575753527,0.90537775,0.9803424223208624,0.3865,0.5544199390353236,0.00775,1546,31,3969,2454,0.5
DAPT,LOGREG,52,0.1,400,DOMAIN_OOD,3858,0.01,0.9782524621510191,0.00936768149882904,0.445916114790287,0.02623439699982555,0.8909412746337857,0.8794979684448518,0.9644970414201184,0.3379989631933644,0.5005758157389635,0.012441679626749611,652,24,1905,1277,0.5
DAPT,LOGREG,52,0.1,400,TEMPLATE_OOD,6832,0.01,0.9782524621510191,0.00936768149882904,0.445916114790287,0.02623439699982555,0.9124132383376444,0.9002777088395153,0.976831091180867,0.3826112412177986,0.5498527555742533,0.009074941451990632,1307,31,3385,2109,0.5
DAPT,LOGREG,52,0.1,400,DOMAIN_TEMPLATE_OOD,3708,0.01,0.9782524621510191,0.00936768149882904,0.445916114790287,0.02623439699982555,0.8803314113576302,0.867212383150109,0.963020030816641,0.337108953613808,0.49940071913703554,0.012944983818770227,625,24,1830,1229,0.5
DAPT,LOGREG,52,0.1,400,IID_ORIGINAL,3051,0.02,0.9434404598242534,0.01990632318501171,0.5253863134657837,0.02623439699982555,0.8404614155647995,0.8857546782358291,0.9238578680203046,0.5160680529300568,0.6622195269860521,0.022579026593075764,546,45,1948,512,0.3467715503113733
DAPT,LOGREG,52,0.1,400,IID_BALANCED,2116,0.02,0.9434404598242534,0.01990632318501171,0.5253863134657837,0.02623439699982555,0.8968747909132699,0.8851883748271339,0.9528795811518325,0.5160680529300568,0.6695278969957081,0.02551984877126654,546,27,1031,512,0.5
DAPT,LOGREG,52,0.1,400,TEMPORAL,8000,0.02,0.9434404598242534,0.01990632318501171,0.5253863134657837,0.02623439699982555,0.9176635575753527,0.90537775,0.9707112970711297,0.522,0.6789139977239473,0.01575,2088,63,3937,1912,0.5
DAPT,LOGREG,52,0.1,400,DOMAIN_OOD,3858,0.02,0.9434404598242534,0.01990632318501171,0.5253863134657837,0.02623439699982555,0.8909412746337857,0.8794979684448518,0.9569327731092437,0.472265422498704,0.6324192988545644,0.021254536029030584,911,41,1888,1018,0.5
DAPT,LOGREG,52,0.1,400,TEMPLATE_OOD,6832,0.02,0.9434404598242534,0.01990632318501171,0.5253863134657837,0.02623439699982555,0.9124132383376444,0.9002777088395153,0.9694614103275958,0.5111241217798594,0.6693502012650949,0.016100702576112413,1746,55,3361,1670,0.5
DAPT,LOGREG,52,0.1,400,DOMAIN_TEMPLATE_OOD,3708,0.02,0.9434404598242534,0.01990632318501171,0.5253863134657837,0.02623439699982555,0.8803314113576302,0.867212383150109,0.9539325842696629,0.45792880258899676,0.6188046647230321,0.022114347357065803,849,41,1813,1005,0.5
DAPT,XGBOOST,52,0.1,400,IID_ORIGINAL,3051,0.005,0.9941792488098146,0.00468384074941452,0.22737306843267108,1.834501791000548,0.7832710096587919,0.8489118815665794,0.9477911646586346,0.22306238185255198,0.361132364192808,0.006522829904666332,236,13,1980,822,0.3467715503113733
DAPT,XGBOOST,52,0.1,400,IID_BALANCED,2116,0.005,0.9941792488098146,0.00468384074941452,0.22737306843267108,1.834501791000548,0.8557077699458839,0.8490388291922915,0.9672131147540983,0.22306238185255198,0.36251920122887865,0.007561436672967864,236,8,1050,822,0.5
DAPT,XGBOOST,52,0.1,400,TEMPORAL,8000,0.005,0.9941792488098146,0.00468384074941452,0.22737306843267108,1.834501791000548,0.8790830884991583,0.8715313124999999,0.9738805970149254,0.1305,0.23015873015873015,0.0035,522,14,3986,3478,0.5
DAPT,XGBOOST,52,0.1,400,DOMAIN_OOD,3858,0.005,0.9941792488098146,0.00468384074941452,0.22737306843267108,1.834501791000548,0.8284054644917719,0.833144542078413,0.9430379746835443,0.07724209434940384,0.14278869190225205,0.004665629860031105,149,9,1920,1780,0.5
DAPT,XGBOOST,52,0.1,400,TEMPLATE_OOD,6832,0.005,0.9941792488098146,0.00468384074941452,0.22737306843267108,1.834501791000548,0.8727746593828793,0.8663478862386127,0.9683972911963883,0.12558548009367682,0.22233739310702255,0.004098360655737705,429,14,3402,2987,0.5
DAPT,XGBOOST,52,0.1,400,DOMAIN_TEMPLATE_OOD,3708,0.005,0.9941792488098146,0.00468384074941452,0.22737306843267108,1.834501791000548,0.8163162432644318,0.8200837513920746,0.9387755102040817,0.0744336569579288,0.13793103448275862,0.0048543689320388345,138,9,1845,1716,0.5
DAPT,XGBOOST,52,0.1,400,IID_ORIGINAL,3051,0.01,0.9891316890716554,0.00936768149882904,0.31346578366445915,1.834501791000548,0.7832710096587919,0.8489118815665794,0.93048128342246,0.32892249527410206,0.4860335195530726,0.013045659809332665,348,26,1967,710,0.3467715503113733
DAPT,XGBOOST,52,0.1,400,IID_BALANCED,2116,0.01,0.9891316890716554,0.00936768149882904,0.31346578366445915,1.834501791000548,0.8557077699458839,0.8490388291922915,0.9508196721311475,0.32892249527410206,0.4887640449438202,0.017013232514177693,348,18,1040,710,0.5
DAPT,XGBOOST,52,0.1,400,TEMPORAL,8000,0.01,0.9891316890716554,0.00936768149882904,0.31346578366445915,1.834501791000548,0.8790830884991583,0.8715313124999999,0.9667738478027867,0.2255,0.36570038516115955,0.00775,902,31,3969,3098,0.5
DAPT,XGBOOST,52,0.1,400,DOMAIN_OOD,3858,0.01,0.9891316890716554,0.00936768149882904,0.31346578366445915,1.834501791000548,0.8284054644917719,0.833144542078413,0.9306930693069307,0.14618973561430793,0.25268817204301075,0.01088646967340591,282,21,1908,1647,0.5
DAPT,XGBOOST,52,0.1,400,TEMPLATE_OOD,6832,0.01,0.9891316890716554,0.00936768149882904,0.31346578366445915,1.834501791000548,0.8727746593828793,0.8663478862386127,0.9629629629629629,0.22072599531615925,0.3591331269349845,0.008489461358313818,754,29,3387,2662,0.5
DAPT,XGBOOST,52,0.1,400,DOMAIN_TEMPLATE_OOD,3708,0.01,0.9891316890716554,0.00936768149882904,0.31346578366445915,1.834501791000548,0.8163162432644318,0.8200837513920746,0.926056338028169,0.1418554476806904,0.2460243217960711,0.011326860841423949,263,21,1833,1591,0.5
DAPT,XGBOOST,52,0.1,400,IID_ORIGINAL,3051,0.02,0.972596049308777,0.01990632318501171,0.4260485651214128,1.834501791000548,0.7832710096587919,0.8489118815665794,0.8854368932038835,0.43100189035916825,0.5797838525111252,0.02960361264425489,456,59,1934,602,0.3467715503113733
DAPT,XGBOOST,52,0.1,400,IID_BALANCED,2116,0.02,0.972596049308777,0.01990632318501171,0.4260485651214128,1.834501791000548,0.8557077699458839,0.8490388291922915,0.926829268292683,0.43100189035916825,0.5883870967741935,0.034026465028355386,456,36,1022,602,0.5
DAPT,XGBOOST,52,0.1,400,TEMPORAL,8000,0.02,0.972596049308777,0.01990632318501171,0.4260485651214128,1.834501791000548,0.8790830884991583,0.8715313124999999,0.9549180327868853,0.3495,0.5117130307467057,0.0165,1398,66,3934,2602,0.5
DAPT,XGBOOST,52,0.1,400,DOMAIN_OOD,3858,0.02,0.972596049308777,0.01990632318501171,0.4260485651214128,1.834501791000548,0.8284054644917719,0.833144542078413,0.9183673469387755,0.25660964230171074,0.4011345218800648,0.02280974598237429,495,44,1885,1434,0.5
DAPT,XGBOOST,52,0.1,400,TEMPLATE_OOD,6832,0.02,0.972596049308777,0.01990632318501171,0.4260485651214128,1.834501791000548,0.8727746593828793,0.8663478862386127,0.9553571428571429,0.34455503512880564,0.5064543889845095,0.016100702576112413,1177,55,3361,2239,0.5
DAPT,XGBOOST,52,0.1,400,DOMAIN_TEMPLATE_OOD,3708,0.02,0.972596049308777,0.01990632318501171,0.4260485651214128,1.834501791000548,0.8163162432644318,0.8200837513920746,0.9151873767258383,0.25026968716289105,0.39305379076662433,0.02319309600862999,464,43,1811,1390,0.5
DAPT,MLP,52,0.1,400,IID_ORIGINAL,3051,0.005,0.9954718351364137,0.00468384074941452,0.10375275938189846,0.1971221769999829,0.7675908984564984,0.8591929029485998,0.8943661971830986,0.12003780718336483,0.21166666666666667,0.007526342197691922,127,15,1978,931,0.3467715503113733
DAPT,MLP,52,0.1,400,IID_BALANCED,2116,0.005,0.9954718351364137,0.00468384074941452,0.10375275938189846,0.1971221769999829,0.850799786323265,0.8575467854960493,0.9477611940298507,0.12003780718336483,0.21308724832214765,0.006616257088846881,127,7,1051,931,0.5
DAPT,MLP,52,0.1,400,TEMPORAL,8000,0.005,0.9954718351364137,0.00468384074941452,0.10375275938189846,0.1971221769999829,0.8624409615611266,0.8680693125000001,0.9171270718232044,0.0415,0.07940684046878738,0.00375,166,15,3985,3834,0.5
DAPT,MLP,52,0.1,400,DOMAIN_OOD,3858,0.005,0.9954718351364137,0.00468384074941452,0.10375275938189846,0.1971221769999829,0.8067973749353841,0.828493155544376,0.84,0.03265940902021773,0.06287425149700598,0.006220839813374806,63,12,1917,1866,0.5
DAPT,MLP,52,0.1,400,TEMPLATE_OOD,6832,0.005,0.9954718351364137,0.00468384074941452,0.10375275938189846,0.1971221769999829,0.8545138990633533,0.864041787099145,0.8872180451127819,0.03454332552693208,0.06649760495914342,0.004391100702576112,118,15,3401,3298,0.5
DAPT,MLP,52,0.1,400,DOMAIN_TEMPLATE_OOD,3708,0.005,0.9954718351364137,0.00468384074941452,0.10375275938189846,0.1971221769999829,0.7903226163909116,0.8126736092928319,0.7857142857142857,0.023732470334412083,0.04607329842931937,0.006472491909385114,44,12,1842,1810,0.5
DAPT,MLP,52,0.1,400,IID_ORIGINAL,3051,0.01,0.9874181747436525,0.00936768149882904,0.19646799116997793,0.1971221769999829,0.7675908984564984,0.8591929029485998,0.8790322580645161,0.2060491493383743,0.333843797856049,0.015052684395383844,218,30,1963,840,0.3467715503113733
DAPT,MLP,52,0.1,400,IID_BALANCED,2116,0.01,0.9874181747436525,0.00936768149882904,0.19646799116997793,0.1971221769999829,0.850799786323265,0.8575467854960493,0.9276595744680851,0.2060491493383743,0.337200309358082,0.01606805293005671,218,17,1041,840,0.5
DAPT,MLP,52,0.1,400,TEMPORAL,8000,0.01,0.9874181747436525,0.00936768149882904,0.19646799116997793,0.1971221769999829,0.8624409615611266,0.8680693125000001,0.9436860068259386,0.13825,0.24116877453118185,0.00825,553,33,3967,3447,0.5
DAPT,MLP,52,0.1,400,DOMAIN_OOD,3858,0.01,0.9874181747436525,0.00936768149882904,0.19646799116997793,0.1971221769999829,0.8067973749353841,0.828493155544376,0.8768472906403941,0.09227579056505962,0.1669793621013133,0.012960082944530845,178,25,1904,1751,0.5
DAPT,MLP,52,0.1,400,TEMPLATE_OOD,6832,0.01,0.9874181747436525,0.00936768149882904,0.19646799116997793,0.1971221769999829,0.8545138990633533,0.864041787099145,0.9338842975206612,0.1323185011709602,0.2317948717948718,0.00936768149882904,452,32,3384,2964,0.5
DAPT,MLP,52,0.1,400,DOMAIN_TEMPLATE_OOD,3708,0.01,0.9874181747436525,0.00936768149882904,0.19646799116997793,0.1971221769999829,0.7903226163909116,0.8126736092928319,0.868421052631579,0.0889967637540453,0.16144814090019569,0.01348435814455232,165,25,1829,1689,0.5
DAPT,MLP,52,0.1,400,IID_ORIGINAL,3051,0.02,0.9802942276000978,0.01990632318501171,0.24282560706401765,0.1971221769999829,0.7675908984564984,0.8591929029485998,0.864516129032258,0.2533081285444234,0.391812865497076,0.021073758153537382,268,42,1951,790,0.3467715503113733
DAPT,MLP,52,0.1,400,IID_BALANCED,2116,0.02,0.9802942276000978,0.01990632318501171,0.24282560706401765,0.1971221769999829,0.850799786323265,0.8575467854960493,0.9146757679180887,0.2533081285444234,0.39674315321983716,0.023629489603024575,268,25,1033,790,0.5
DAPT,MLP,52,0.1,400,TEMPORAL,8000,0.02,0.9802942276000978,0.01990632318501171,0.24282560706401765,0.1971221769999829,0.8624409615611266,0.8680693125000001,0.9426900584795321,0.2015,0.3320288362512873,0.01225,806,49,3951,3194,0.5
DAPT,MLP,52,0.1,400,DOMAIN_OOD,3858,0.02,0.9802942276000978,0.01990632318501171,0.24282560706401765,0.1971221769999829,0.8067973749353841,0.828493155544376,0.8767123287671232,0.13271124935199585,0.2305267897343539,0.01866251944012442,256,36,1893,1673,0.5
DAPT,MLP,52,0.1,400,TEMPLATE_OOD,6832,0.02,0.9802942276000978,0.01990632318501171,0.24282560706401765,0.1971221769999829,0.8545138990633533,0.864041787099145,0.9329529243937232,0.1914519906323185,0.3177070682535827,0.013758782201405152,654,47,3369,2762,0.5
DAPT,MLP,52,0.1,400,DOMAIN_TEMPLATE_OOD,3708,0.02,0.9802942276000978,0.01990632318501171,0.24282560706401765,0.1971221769999829,0.7903226163909116,0.8126736092928319,0.8679245283018868,0.12405609492988134,0.21708352996696556,0.018878101402373247,230,35,1819,1624,0.5
CONTRASTIVE,LOGREG,52,0.1,400,IID_ORIGINAL,3051,0.005,0.9946445363295277,0.00468384074941452,0.19426048565121412,0.018569005000244942,0.7683285843302379,0.8517827519190512,0.9124423963133641,0.18714555765595464,0.31058823529411766,0.009533366783743101,198,19,1974,860,0.3467715503113733
CONTRASTIVE,LOGREG,52,0.1,400,IID_BALANCED,2116,0.005,0.9946445363295277,0.00468384074941452,0.19426048565121412,0.018569005000244942,0.8502978633913442,0.8542466972316423,0.9428571428571428,0.18714555765595464,0.31230283911671924,0.011342155009451797,198,12,1046,860,0.5
CONTRASTIVE,LOGREG,52,0.1,400,TEMPORAL,8000,0.005,0.9946445363295277,0.00468384074941452,0.19426048565121412,0.018569005000244942,0.860148564704037,0.844552625,0.9659574468085106,0.227,0.36761133603238866,0.008,908,32,3968,3092,0.5
CONTRASTIVE,LOGREG,52,0.1,400,DOMAIN_OOD,3858,0.005,0.9946445363295277,0.00468384074941452,0.19426048565121412,0.018569005000244942,0.8133263986380718,0.8040938006326726,0.9285714285714286,0.15500259201658892,0.26565970679697914,0.011923276308968377,299,23,1906,1630,0.5
CONTRASTIVE,LOGREG,52,0.1,400,TEMPLATE_OOD,6832,0.005,0.9946445363295277,0.00468384074941452,0.19426048565121412,0.018569005000244942,0.8595331931176086,0.8431854299096688,0.9659781287970839,0.23272833723653397,0.3750884642604388,0.00819672131147541,795,28,3388,2621,0.5
CONTRASTIVE,LOGREG,52,0.1,400,DOMAIN_TEMPLATE_OOD,3708,0.005,0.9946445363295277,0.00468384074941452,0.19426048565121412,0.018569005000244942,0.8064327547712811,0.7950287375382421,0.9267515923566879,0.156957928802589,0.26845018450184505,0.012405609492988134,291,23,1831,1563,0.5
CONTRASTIVE,LOGREG,52,0.1,400,IID_ORIGINAL,3051,0.01,0.990853400163567,0.00936768149882904,0.2229580573951435,0.018569005000244942,0.7683285843302379,0.8517827519190512,0.9111111111111111,0.23251417769376181,0.3704819277108434,0.012042147516307075,246,24,1969,812,0.3467715503113733
CONTRASTIVE,LOGREG,52,0.1,400,IID_BALANCED,2116,0.01,0.990853400163567,0.00936768149882904,0.2229580573951435,0.018569005000244942,0.8502978633913442,0.8542466972316423,0.9425287356321839,0.23251417769376181,0.3730098559514784,0.014177693761814745,246,15,1043,812,0.5
CONTRASTIVE,LOGREG,52,0.1,400,TEMPORAL,8000,0.01,0.990853400163567,0.00936768149882904,0.2229580573951435,0.018569005000244942,0.860148564704037,0.844552625,0.958185053380783,0.26925,0.4203747072599532,0.01175,1077,47,3953,2923,0.5
CONTRASTIVE,LOGREG,52,0.1,400,DOMAIN_OOD,3858,0.01,0.990853400163567,0.00936768149882904,0.2229580573951435,0.018569005000244942,0.8133263986380718,0.8040938006326726,0.9285714285714286,0.1886988076723691,0.3136579060749677,0.014515292897874546,364,28,1901,1565,0.5
CONTRASTIVE,LOGREG,52,0.1,400,TEMPLATE_OOD,6832,0.01,0.990853400163567,0.00936768149882904,0.2229580573951435,0.018569005000244942,0.8595331931176086,0.8431854299096688,0.9591002044989775,0.27459016393442626,0.4269458352298589,0.0117096018735363,938,40,3376,2478,0.5
CONTRASTIVE,LOGREG,52,0.1,400,DOMAIN_TEMPLATE_OOD,3708,0.01,0.990853400163567,0.00936768149882904,0.2229580573951435,0.018569005000244942,0.8064327547712811,0.7950287375382421,0.9253333333333333,0.1871628910463862,0.3113503813369224,0.015102481121898598,347,28,1826,1507,0.5
CONTRASTIVE,LOGREG,52,0.1,400,IID_ORIGINAL,3051,0.02,0.9735143930865643,0.01990632318501171,0.3200883002207506,0.018569005000244942,0.7683285843302379,0.8517827519190512,0.8870588235294118,0.3563327032136106,0.5084288604180714,0.02408429503261415,377,48,1945,681,0.3467715503113733
CONTRASTIVE,LOGREG,52,0.1,400,IID_BALANCED,2116,0.02,0.9735143930865643,0.01990632318501171,0.3200883002207506,0.018569005000244942,0.8502978633913442,0.8542466972316423,0.9262899262899262,0.3563327032136106,0.5146757679180888,0.02835538752362949,377,30,1028,681,0.5
CONTRASTIVE,LOGREG,52,0.1,400,TEMPORAL,8000,0.02,0.9735143930865643,0.01990632318501171,0.3200883002207506,0.018569005000244942,0.860148564704037,0.844552625,0.9422360248447205,0.37925,0.5408199643493761,0.02325,1517,93,3907,2483,0.5
CONTRASTIVE,LOGREG,52,0.1,400,DOMAIN_OOD,3858,0.02,0.9735143930865643,0.01990632318501171,0.3200883002207506,0.018569005000244942,0.8133263986380718,0.8040938006326726,0.9194078947368421,0.2897874546397097,0.4406779661016949,0.025401762571280455,559,49,1880,1370,0.5
CONTRASTIVE,LOGREG,52,0.1,400,TEMPLATE_OOD,6832,0.02,0.9735143930865643,0.01990632318501171,0.3200883002207506,0.018569005000244942,0.8595331931176086,0.8431854299096688,0.9432314410480349,0.3793911007025761,0.5411273486430063,0.022833723653395786,1296,78,3338,2120,0.5
CONTRASTIVE,LOGREG,52,0.1,400,DOMAIN_TEMPLATE_OOD,3708,0.02,0.9735143930865643,0.01990632318501171,0.3200883002207506,0.018569005000244942,0.8064327547712811,0.7950287375382421,0.9156414762741653,0.2810140237324703,0.43004539826661164,0.025889967637540454,521,48,1806,1333,0.5
CONTRASTIVE,XGBOOST,52,0.1,400,IID_ORIGINAL,3051,0.005,0.9882668852806092,0.00468384074941452,0.11920529801324503,2.8396587529996395,0.7062944130080372,0.8137028749963245,0.88,0.10396975425330812,0.18596787827557057,0.007526342197691922,110,15,1978,948,0.3467715503113733
CONTRASTIVE,XGBOOST,52,0.1,400,IID_BALANCED,2116,0.005,0.9882668852806092,0.00468384074941452,0.11920529801324503,2.8396587529996395,0.8113295074161863,0.8183941952751741,0.9166666666666666,0.10396975425330812,0.1867572156196944,0.00945179584120983,110,10,1048,948,0.5
CONTRASTIVE,XGBOOST,52,0.1,400,TEMPORAL,8000,0.005,0.9882668852806092,0.00468384074941452,0.11920529801324503,2.8396587529996395,0.8388952846138729,0.8214343125,0.9727427597955707,0.14275,0.24896446479180293,0.004,571,16,3984,3429,0.5
CONTRASTIVE,XGBOOST,52,0.1,400,DOMAIN_OOD,3858,0.005,0.9882668852806092,0.00468384074941452,0.11920529801324503,2.8396587529996395,0.7997970455234621,0.7857803770504007,0.9605263157894737,0.07568688439606014,0.1403171552138395,0.003110419906687403,146,6,1923,1783,0.5
CONTRASTIVE,XGBOOST,52,0.1,400,TEMPLATE_OOD,6832,0.005,0.9882668852806092,0.00468384074941452,0.11920529801324503,2.8396587529996395,0.842407343271328,0.8239532829390825,0.9757085020242915,0.1411007025761124,0.2465473145780051,0.00351288056206089,482,12,3404,2934,0.5
CONTRASTIVE,XGBOOST,52,0.1,400,DOMAIN_TEMPLATE_OOD,3708,0.005,0.9882668852806092,0.00468384074941452,0.11920529801324503,2.8396587529996395,0.7934749956700451,0.7794796870581582,0.9621212121212122,0.06850053937432578,0.12789526686807653,0.002696871628910464,127,5,1849,1727,0.5
CONTRASTIVE,XGBOOST,52,0.1,400,IID_ORIGINAL,3051,0.01,0.9791569709777833,0.00936768149882904,0.16114790286975716,2.8396587529996395,0.7062944130080372,0.8137028749963245,0.8536585365853658,0.16540642722117202,0.2771179730799683,0.015052684395383844,175,30,1963,883,0.3467715503113733
CONTRASTIVE,XGBOOST,52,0.1,400,IID_BALANCED,2116,0.01,0.9791569709777833,0.00936768149882904,0.16114790286975716,2.8396587529996395,0.8113295074161863,0.8183941952751741,0.8928571428571429,0.16540642722117202,0.27910685805422647,0.01984877126654064,175,21,1037,883,0.5
CONTRASTIVE,XGBOOST,52,0.1,400,TEMPORAL,8000,0.01,0.9791569709777833,0.00936768149882904,0.16114790286975716,2.8396587529996395,0.8388952846138729,0.8214343125,0.9595448798988622,0.18975,0.3168440826549781,0.008,759,32,3968,3241,0.5
CONTRASTIVE,XGBOOST,52,0.1,400,DOMAIN_OOD,3858,0.01,0.9791569709777833,0.00936768149882904,0.16114790286975716,2.8396587529996395,0.7997970455234621,0.7857803770504007,0.9253112033195021,0.11560393986521514,0.2055299539170507,0.00933125972006221,223,18,1911,1706,0.5
CONTRASTIVE,XGBOOST,52,0.1,400,TEMPLATE_OOD,6832,0.01,0.9791569709777833,0.00936768149882904,0.16114790286975716,2.8396587529996395,0.842407343271328,0.8239532829390825,0.9664634146341463,0.18559718969555036,0.3113948919449902,0.006440281030444965,634,22,3394,2782,0.5
CONTRASTIVE,XGBOOST,52,0.1,400,DOMAIN_TEMPLATE_OOD,3708,0.01,0.9791569709777833,0.00936768149882904,0.16114790286975716,2.8396587529996395,0.7934749956700451,0.7794796870581582,0.9238578680203046,0.09816612729234088,0.17747440273037543,0.008090614886731391,182,15,1839,1672,0.5
CONTRASTIVE,XGBOOST,52,0.1,400,IID_ORIGINAL,3051,0.02,0.952178180217743,0.01990632318501171,0.2560706401766004,2.8396587529996395,0.7062944130080372,0.8137028749963245,0.8235294117647058,0.2646502835538752,0.4005722460658083,0.030105368790767688,280,60,1933,778,0.3467715503113733
CONTRASTIVE,XGBOOST,52,0.1,400,IID_BALANCED,2116,0.02,0.952178180217743,0.01990632318501171,0.2560706401766004,2.8396587529996395,0.8113295074161863,0.8183941952751741,0.89171974522293,0.2646502835538752,0.40816326530612246,0.03213610586011342,280,34,1024,778,0.5
CONTRASTIVE,XGBOOST,52,0.1,400,TEMPORAL,8000,0.02,0.952178180217743,0.01990632318501171,0.2560706401766004,2.8396587529996395,0.8388952846138729,0.8214343125,0.9428571428571428,0.28875,0.4421052631578947,0.0175,1155,70,3930,2845,0.5
CONTRASTIVE,XGBOOST,52,0.1,400,DOMAIN_OOD,3858,0.02,0.952178180217743,0.01990632318501171,0.2560706401766004,2.8396587529996395,0.7997970455234621,0.7857803770504007,0.927437641723356,0.21202695697252463,0.34514767932489454,0.01658890616899948,409,32,1897,1520,0.5
CONTRASTIVE,XGBOOST,52,0.1,400,TEMPLATE_OOD,6832,0.02,0.952178180217743,0.01990632318501171,0.2560706401766004,2.8396587529996395,0.842407343271328,0.8239532829390825,0.9492031872509961,0.27898126463700235,0.4312217194570136,0.014929742388758781,953,51,3365,2463,0.5
CONTRASTIVE,XGBOOST,52,0.1,400,DOMAIN_TEMPLATE_OOD,3708,0.02,0.952178180217743,0.01990632318501171,0.2560706401766004,2.8396587529996395,0.7934749956700451,0.7794796870581582,0.9272727272727272,0.1925566343042071,0.31889236266190263,0.015102481121898598,357,28,1826,1497,0.5
CONTRASTIVE,MLP,52,0.1,400,IID_ORIGINAL,3051,0.005,0.9989770650863649,0.00468384074941452,0.16777041942604856,0.3135033949993158,0.7722224022499815,0.8474433674761476,0.9237668161434978,0.1947069943289225,0.32162373145979706,0.008529854490717512,206,17,1976,852,0.3467715503113733
CONTRASTIVE,MLP,52,0.1,400,IID_BALANCED,2116,0.005,0.9989770650863649,0.00468384074941452,0.16777041942604856,0.3135033949993158,0.8520162403466294,0.8502372775969211,0.9537037037037037,0.1947069943289225,0.32339089481946626,0.00945179584120983,206,10,1048,852,0.5
CONTRASTIVE,MLP,52,0.1,400,TEMPORAL,8000,0.005,0.9989770650863649,0.00468384074941452,0.16777041942604856,0.3135033949993158,0.852529140659419,0.833299125,0.959902794653706,0.1975,0.32759693137051626,0.00825,790,33,3967,3210,0.5
CONTRASTIVE,MLP,52,0.1,400,DOMAIN_OOD,3858,0.005,0.9989770650863649,0.00468384074941452,0.16777041942604856,0.3135033949993158,0.809005051402679,0.7987079422129453,0.9205020920502092,0.11404872991187144,0.2029520295202952,0.009849663037843442,220,19,1910,1709,0.5
CONTRASTIVE,MLP,52,0.1,400,TEMPLATE_OOD,6832,0.005,0.9989770650863649,0.00468384074941452,0.16777041942604856,0.3135033949993158,0.8575747398565369,0.8380137176477686,0.9630681818181818,0.19847775175644028,0.329126213592233,0.007611241217798595,678,26,3390,2738,0.5
CONTRASTIVE,MLP,52,0.1,400,DOMAIN_TEMPLATE_OOD,3708,0.005,0.9989770650863649,0.00468384074941452,0.16777041942604856,0.3135033949993158,0.8063138627065608,0.7932111857041948,0.9208333333333333,0.1192017259978425,0.2110792741165234,0.010248112189859764,221,19,1835,1633,0.5
CONTRASTIVE,MLP,52,0.1,400,IID_ORIGINAL,3051,0.01,0.9967520236968995,0.00936768149882904,0.24061810154525387,0.3135033949993158,0.7722224022499815,0.8474433674761476,0.9018987341772152,0.26937618147448017,0.4148471615720524,0.015554440541896638,285,31,1962,773,0.3467715503113733
CONTRASTIVE,MLP,52,0.1,400,IID_BALANCED,2116,0.01,0.9967520236968995,0.00936768149882904,0.24061810154525387,0.3135033949993158,0.8520162403466294,0.8502372775969211,0.9375,0.26937618147448017,0.4185022026431718,0.017958412098298678,285,19,1039,773,0.5
CONTRASTIVE,MLP,52,0.1,400,TEMPORAL,8000,0.01,0.9967520236968995,0.00936768149882904,0.24061810154525387,0.3135033949993158,0.852529140659419,0.833299125,0.9544728434504792,0.29875,0.45506473724295504,0.01425,1195,57,3943,2805,0.5
CONTRASTIVE,MLP,52,0.1,400,DOMAIN_OOD,3858,0.01,0.9967520236968995,0.00936768149882904,0.24061810154525387,0.3135033949993158,0.809005051402679,0.7987079422129453,0.9239373601789709,0.21410057024364956,0.34764309764309764,0.01762571280456195,413,34,1895,1516,0.5
CONTRASTIVE,MLP,52,0.1,400,TEMPLATE_OOD,6832,0.01,0.9967520236968995,0.00936768149882904,0.24061810154525387,0.3135033949993158,0.8575747398565369,0.8380137176477686,0.9596244131455399,0.29918032786885246,0.4561481812095514,0.012587822014051522,1022,43,3373,2394,0.5
CONTRASTIVE,MLP,52,0.1,400,DOMAIN_TEMPLATE_OOD,3708,0.01,0.9967520236968995,0.00936768149882904,0.24061810154525387,0.3135033949993158,0.8063138627065608,0.7932111857041948,0.9227053140096618,0.20604099244875945,0.3368606701940035,0.017259978425026967,382,32,1822,1472,0.5
CONTRASTIVE,MLP,52,0.1,400,IID_ORIGINAL,3051,0.02,0.9929701685905458,0.01990632318501171,0.3090507726269316,0.3135033949993158,0.7722224022499815,0.8474433674761476,0.8825,0.333648393194707,0.4842249657064472,0.023582538886101356,353,47,1946,705,0.3467715503113733
CONTRASTIVE,MLP,52,0.1,400,IID_BALANCED,2116,0.02,0.9929701685905458,0.01990632318501171,0.3090507726269316,0.3135033949993158,0.8520162403466294,0.8502372775969211,0.926509186351706,0.333648393194707,0.4906184850590688,0.026465028355387523,353,28,1030,705,0.5
CONTRASTIVE,MLP,52,0.1,400,TEMPORAL,8000,0.02,0.9929701685905458,0.01990632318501171,0.3090507726269316,0.3135033949993158,0.852529140659419,0.833299125,0.9469847581179589,0.35725,0.5187874387366128,0.02,1429,80,3920,2571,0.5
CONTRASTIVE,MLP,52,0.1,400,DOMAIN_OOD,3858,0.02,0.9929701685905458,0.01990632318501171,0.3090507726269316,0.3135033949993158,0.809005051402679,0.7987079422129453,0.9237749546279492,0.263867288750648,0.4104838709677419,0.02177293934681182,509,42,1887,1420,0.5
CONTRASTIVE,MLP,52,0.1,400,TEMPLATE_OOD,6832,0.02,0.9929701685905458,0.01990632318501171,0.3090507726269316,0.3135033949993158,0.8575747398565369,0.8380137176477686,0.9530254777070064,0.35040983606557374,0.5124143835616438,0.01727166276346604,1197,59,3357,2219,0.5
CONTRASTIVE,MLP,52,0.1,400,DOMAIN_TEMPLATE_OOD,3708,0.02,0.9929701685905458,0.01990632318501171,0.3090507726269316,0.3135033949993158,0.8063138627065608,0.7932111857041948,0.9226190476190477,0.25080906148867316,0.3944020356234097,0.021035598705501618,465,39,1815,1389,0.5
BASE,LOGREG,52,0.25,1000,IID_ORIGINAL,3051,0.005,0.9966238494672616,0.00468384074941452,0.3620309050772627,0.5327465319996918,0.8620038661892473,0.9048337422946287,0.9606741573033708,0.32325141776937616,0.4837340876944837,0.007024586051179127,342,14,1979,716,0.3467715503113733
BASE,LOGREG,52,0.25,1000,IID_BALANCED,2116,0.005,0.9966238494672616,0.00468384074941452,0.3620309050772627,0.5327465319996918,0.9116627659270797,0.9050058783380562,0.9771428571428571,0.32325141776937616,0.48579545454545453,0.007561436672967864,342,8,1050,716,0.5
BASE,LOGREG,52,0.25,1000,TEMPORAL,8000,0.005,0.9966238494672616,0.00468384074941452,0.3620309050772627,0.5327465319996918,0.938939723257684,0.9337995625000001,0.9794156706507304,0.36875,0.535779150018162,0.00775,1475,31,3969,2525,0.5
BASE,LOGREG,52,0.25,1000,DOMAIN_OOD,3858,0.005,0.9966238494672616,0.00468384074941452,0.3620309050772627,0.5327465319996918,0.9263392427658415,0.9188337349682523,0.9823529411764705,0.3462934162778642,0.512073591414335,0.006220839813374806,668,12,1917,1261,0.5
BASE,LOGREG,52,0.25,1000,TEMPLATE_OOD,6832,0.005,0.9966238494672616,0.00468384074941452,0.3620309050772627,0.5327465319996918,0.9365696938112558,0.9298741046405123,0.9825949367088608,0.3635831381733021,0.5307692307692308,0.006440281030444965,1242,22,3394,2174,0.5
BASE,LOGREG,52,0.25,1000,DOMAIN_TEMPLATE_OOD,3708,0.005,0.9966238494672616,0.00468384074941452,0.3620309050772627,0.5327465319996918,0.92000824818065,0.9114716249538884,0.9814241486068112,0.3419633225458468,0.5072,0.006472491909385114,634,12,1842,1220,0.5
BASE,LOGREG,52,0.25,1000,IID_ORIGINAL,3051,0.01,0.9868992996603432,0.00936768149882904,0.45253863134657835,0.5327465319996918,0.8620038661892473,0.9048337422946287,0.9474789915966386,0.42627599243856334,0.5880052151238592,0.012543903662819869,451,25,1968,607,0.3467715503113733
BASE,LOGREG,52,0.25,1000,IID_BALANCED,2116,0.01,0.9868992996603432,0.00936768149882904,0.45253863134657835,0.5327465319996918,0.9116627659270797,0.9050058783380562,0.9719827586206896,0.42627599243856334,0.5926412614980289,0.012287334593572778,451,13,1045,607,0.5
BASE,LOGREG,52,0.25,1000,TEMPORAL,8000,0.01,0.9868992996603432,0.00936768149882904,0.45253863134657835,0.5327465319996918,0.938939723257684,0.9337995625000001,0.9752066115702479,0.5015,0.6623741125969952,0.01275,2006,51,3949,1994,0.5
BASE,LOGREG,52,0.25,1000,DOMAIN_OOD,3858,0.01,0.9868992996603432,0.00936768149882904,0.45253863134657835,0.5327465319996918,0.9263392427658415,0.9188337349682523,0.9741657696447793,0.4691550025920166,0.6333100069979006,0.012441679626749611,905,24,1905,1024,0.5
BASE,LOGREG,52,0.25,1000,TEMPLATE_OOD,6832,0.01,0.9868992996603432,0.00936768149882904,0.45253863134657835,0.5327465319996918,0.9365696938112558,0.9298741046405123,0.9773123909249564,0.4918032786885246,0.6543330087633885,0.011416861826697893,1680,39,3377,1736,0.5
BASE,LOGREG,52,0.25,1000,DOMAIN_TEMPLATE_OOD,3708,0.01,0.9868992996603432,0.00936768149882904,0.45253863134657835,0.5327465319996918,0.92000824818065,0.9114716249538884,0.9735632183908046,0.45685005393743255,0.6218795888399412,0.012405609492988134,847,23,1831,1007,0.5
BASE,LOGREG,52,0.25,1000,IID_ORIGINAL,3051,0.02,0.9586400134169886,0.01990632318501171,0.5364238410596026,0.5327465319996918,0.8620038661892473,0.9048337422946287,0.9286926994906621,0.5170132325141777,0.6642380085003036,0.021073758153537382,547,42,1951,511,0.3467715503113733
BASE,LOGREG,52,0.25,1000,IID_BALANCED,2116,0.02,0.9586400134169886,0.01990632318501171,0.5364238410596026,0.5327465319996918,0.9116627659270797,0.9050058783380562,0.9546247818499127,0.5170132325141777,0.6707541385652973,0.024574669187145556,547,26,1032,511,0.5
BASE,LOGREG,52,0.25,1000,TEMPORAL,8000,0.02,0.9586400134169886,0.01990632318501171,0.5364238410596026,0.5327465319996918,0.938939723257684,0.9337995625000001,0.9679383116883117,0.59625,0.7379331683168316,0.01975,2385,79,3921,1615,0.5
BASE,LOGREG,52,0.25,1000,DOMAIN_OOD,3858,0.02,0.9586400134169886,0.01990632318501171,0.5364238410596026,0.5327465319996918,0.9263392427658415,0.9188337349682523,0.9599651871192341,0.5717988595127009,0.7166991552956465,0.023846552617936754,1103,46,1883,826,0.5
BASE,LOGREG,52,0.25,1000,TEMPLATE_OOD,6832,0.02,0.9586400134169886,0.01990632318501171,0.5364238410596026,0.5327465319996918,0.9365696938112558,0.9298741046405123,0.968431277319087,0.5837236533957846,0.7284018264840183,0.019028103044496487,1994,65,3351,1422,0.5
BASE,LOGREG,52,0.25,1000,DOMAIN_TEMPLATE_OOD,3708,0.02,0.9586400134169886,0.01990632318501171,0.5364238410596026,0.5327465319996918,0.92000824818065,0.9114716249538884,0.9587242026266416,0.5512405609492989,0.7,0.023732470334412083,1022,44,1810,832,0.5
BASE,XGBOOST,52,0.25,1000,IID_ORIGINAL,3051,0.005,0.9964565634727479,0.00468384074941452,0.2185430463576159,3.9402441889997135,0.8443584659968062,0.9055185588121755,0.9741379310344828,0.21361058601134217,0.35038759689922483,0.0030105368790767687,226,6,1987,832,0.3467715503113733
BASE,XGBOOST,52,0.25,1000,IID_BALANCED,2116,0.005,0.9964565634727479,0.00468384074941452,0.2185430463576159,3.9402441889997135,0.900500280057102,0.9056785817660743,0.9783549783549783,0.21361058601134217,0.35065942591155935,0.004725897920604915,226,5,1053,832,0.5
BASE,XGBOOST,52,0.25,1000,TEMPORAL,8000,0.005,0.9964565634727479,0.00468384074941452,0.2185430463576159,3.9402441889997135,0.9219367671890218,0.9198029374999999,0.984144960362401,0.21725,0.35592873233667827,0.0035,869,14,3986,3131,0.5
BASE,XGBOOST,52,0.25,1000,DOMAIN_OOD,3858,0.005,0.9964565634727479,0.00468384074941452,0.2185430463576159,3.9402441889997135,0.8956006921218126,0.8943658508465777,0.9781021897810219,0.13893208916537067,0.24330458465728552,0.003110419906687403,268,6,1923,1661,0.5
BASE,XGBOOST,52,0.25,1000,TEMPLATE_OOD,6832,0.005,0.9964565634727479,0.00468384074941452,0.2185430463576159,3.9402441889997135,0.9180200706898105,0.9143617958470677,0.9850948509485095,0.21282201405152223,0.35002407318247475,0.0032201405152224825,727,11,3405,2689,0.5
BASE,XGBOOST,52,0.25,1000,DOMAIN_TEMPLATE_OOD,3708,0.005,0.9964565634727479,0.00468384074941452,0.2185430463576159,3.9402441889997135,0.8870930807902543,0.8857640670802452,0.9766536964980544,0.1353829557713053,0.23780198957839888,0.003236245954692557,251,6,1848,1603,0.5
BASE,XGBOOST,52,0.25,1000,IID_ORIGINAL,3051,0.01,0.9921095967292787,0.00936768149882904,0.31125827814569534,3.9402441889997135,0.8443584659968062,0.9055185588121755,0.947075208913649,0.32136105860113423,0.4798870853916726,0.009533366783743101,340,19,1974,718,0.3467715503113733
BASE,XGBOOST,52,0.25,1000,IID_BALANCED,2116,0.01,0.9921095967292787,0.00936768149882904,0.31125827814569534,3.9402441889997135,0.900500280057102,0.9056785817660743,0.96045197740113,0.32136105860113423,0.48158640226628896,0.013232514177693762,340,14,1044,718,0.5
BASE,XGBOOST,52,0.25,1000,TEMPORAL,8000,0.01,0.9921095967292787,0.00936768149882904,0.31125827814569534,3.9402441889997135,0.9219367671890218,0.9198029374999999,0.9786392405063291,0.30925,0.46998480243161095,0.00675,1237,27,3973,2763,0.5
BASE,XGBOOST,52,0.25,1000,DOMAIN_OOD,3858,0.01,0.9921095967292787,0.00936768149882904,0.31125827814569534,3.9402441889997135,0.8956006921218126,0.8943658508465777,0.9776286353467561,0.22654224987039917,0.36784511784511786,0.005184033177812338,437,10,1919,1492,0.5
BASE,XGBOOST,52,0.25,1000,TEMPLATE_OOD,6832,0.01,0.9921095967292787,0.00936768149882904,0.31125827814569534,3.9402441889997135,0.9180200706898105,0.9143617958470677,0.982840800762631,0.3018149882903981,0.4618141097424412,0.005269320843091335,1031,18,3398,2385,0.5
BASE,XGBOOST,52,0.25,1000,DOMAIN_TEMPLATE_OOD,3708,0.01,0.9921095967292787,0.00936768149882904,0.31125827814569534,3.9402441889997135,0.8870930807902543,0.8857640670802452,0.9751861042183623,0.21197411003236247,0.3482498892334958,0.005393743257820928,393,10,1844,1461,0.5
BASE,XGBOOST,52,0.25,1000,IID_ORIGINAL,3051,0.02,0.9415359497070314,0.01990632318501171,0.5298013245033113,3.9402441889997135,0.8443584659968062,0.9055185588121755,0.8924914675767918,0.4943289224952741,0.6362530413625304,0.03161063723030607,523,63,1930,535,0.3467715503113733
BASE,XGBOOST,52,0.25,1000,IID_BALANCED,2116,0.02,0.9415359497070314,0.01990632318501171,0.5298013245033113,3.9402441889997135,0.900500280057102,0.9056785817660743,0.9355992844364938,0.4943289224952741,0.6468769325912183,0.034026465028355386,523,36,1022,535,0.5
BASE,XGBOOST,52,0.25,1000,TEMPORAL,8000,0.02,0.9415359497070314,0.01990632318501171,0.5298013245033113,3.9402441889997135,0.9219367671890218,0.9198029374999999,0.9549010584445468,0.51875,0.672282520654463,0.0245,2075,98,3902,1925,0.5
BASE,XGBOOST,52,0.25,1000,DOMAIN_OOD,3858,0.02,0.9415359497070314,0.01990632318501171,0.5298013245033113,3.9402441889997135,0.8956006921218126,0.8943658508465777,0.9367369589345172,0.43753240020736134,0.5964664310954063,0.029548989113530325,844,57,1872,1085,0.5
BASE,XGBOOST,52,0.25,1000,TEMPLATE_OOD,6832,0.02,0.9415359497070314,0.01990632318501171,0.5298013245033113,3.9402441889997135,0.9180200706898105,0.9143617958470677,0.9564732142857143,0.5017564402810304,0.6582181259600615,0.022833723653395786,1714,78,3338,1702,0.5
BASE,XGBOOST,52,0.25,1000,DOMAIN_TEMPLATE_OOD,3708,0.02,0.9415359497070314,0.01990632318501171,0.5298013245033113,3.9402441889997135,0.8870930807902543,0.8857640670802452,0.9342891278375149,0.42179072276159657,0.5811965811965812,0.0296655879180151,782,55,1799,1072,0.5
BASE,MLP,52,0.25,1000,IID_ORIGINAL,3051,0.005,0.999423384666443,0.00468384074941452,0.3487858719646799,0.6540573640004368,0.8621751127598687,0.9105531932652754,0.9666666666666667,0.32892249527410206,0.4908321579689704,0.006021073758153537,348,12,1981,710,0.3467715503113733
BASE,MLP,52,0.25,1000,IID_BALANCED,2116,0.005,0.999423384666443,0.00468384074941452,0.3487858719646799,0.6540573640004368,0.9145822263971042,0.9106787425716747,0.9830508474576272,0.32892249527410206,0.49291784702549574,0.005671077504725898,348,6,1052,710,0.5
BASE,MLP,52,0.25,1000,TEMPORAL,8000,0.005,0.999423384666443,0.00468384074941452,0.3487858719646799,0.6540573640004368,0.9317732443237148,0.9268218437500001,0.9811151079136691,0.27275,0.42683881064162754,0.00525,1091,21,3979,2909,0.5
BASE,MLP,52,0.25,1000,DOMAIN_OOD,3858,0.005,0.999423384666443,0.00468384074941452,0.3487858719646799,0.6540573640004368,0.9098049013512496,0.9033848323627717,0.9773299748110831,0.2011404872991187,0.3336199484092863,0.004665629860031105,388,9,1920,1541,0.5
BASE,MLP,52,0.25,1000,TEMPLATE_OOD,6832,0.005,0.999423384666443,0.00468384074941452,0.3487858719646799,0.6540573640004368,0.9281080017633704,0.9225346934662066,0.9818799546998868,0.2538056206088993,0.4033496161898116,0.00468384074941452,867,16,3400,2549,0.5
BASE,MLP,52,0.25,1000,DOMAIN_TEMPLATE_OOD,3708,0.005,0.999423384666443,0.00468384074941452,0.3487858719646799,0.6540573640004368,0.9018134782599003,0.8954102561417107,0.9747191011235955,0.1871628910463862,0.31402714932126696,0.0048543689320388345,347,9,1845,1507,0.5
BASE,MLP,52,0.25,1000,IID_ORIGINAL,3051,0.01,0.9844682812690736,0.00936768149882904,0.5540838852097131,0.6540573640004368,0.8621751127598687,0.9105531932652754,0.9208261617900172,0.505671077504726,0.652837095790116,0.02308078273958856,535,46,1947,523,0.3467715503113733
BASE,MLP,52,0.25,1000,IID_BALANCED,2116,0.01,0.9844682812690736,0.00936768149882904,0.5540838852097131,0.6540573640004368,0.9145822263971042,0.9106787425716747,0.9536541889483066,0.505671077504726,0.6609017912291538,0.024574669187145556,535,26,1032,523,0.5
BASE,MLP,52,0.25,1000,TEMPORAL,8000,0.01,0.9844682812690736,0.00936768149882904,0.5540838852097131,0.6540573640004368,0.9317732443237148,0.9268218437500001,0.9668532070598365,0.5615,0.7104222679108019,0.01925,2246,77,3923,1754,0.5
BASE,MLP,52,0.25,1000,DOMAIN_OOD,3858,0.01,0.9844682812690736,0.00936768149882904,0.5540838852097131,0.6540573640004368,0.9098049013512496,0.9033848323627717,0.9557344064386318,0.4924831518921721,0.6500171057133083,0.02280974598237429,950,44,1885,979,0.5
BASE,MLP,52,0.25,1000,TEMPLATE_OOD,6832,0.01,0.9844682812690736,0.00936768149882904,0.5540838852097131,0.6540573640004368,0.9281080017633704,0.9225346934662066,0.9674027339642481,0.5386416861826698,0.6919894697254607,0.018149882903981264,1840,62,3354,1576,0.5
BASE,MLP,52,0.25,1000,DOMAIN_TEMPLATE_OOD,3708,0.01,0.9844682812690736,0.00936768149882904,0.5540838852097131,0.6540573640004368,0.9018134782599003,0.8954102561417107,0.9544444444444444,0.4633225458468177,0.6238198983297023,0.022114347357065803,859,41,1813,995,0.5
BASE,MLP,52,0.25,1000,IID_ORIGINAL,3051,0.02,0.9566177725791932,0.01990632318501171,0.6070640176600441,0.6540573640004368,0.8621751127598687,0.9105531932652754,0.9033742331288344,0.556710775047259,0.6888888888888889,0.03161063723030607,589,63,1930,469,0.3467715503113733
BASE,MLP,52,0.25,1000,IID_BALANCED,2116,0.02,0.9566177725791932,0.01990632318501171,0.6070640176600441,0.6540573640004368,0.9145822263971042,0.9106787425716747,0.9378980891719745,0.556710775047259,0.6986951364175563,0.036862003780718335,589,39,1019,469,0.5
BASE,MLP,52,0.25,1000,TEMPORAL,8000,0.02,0.9566177725791932,0.01990632318501171,0.6070640176600441,0.6540573640004368,0.9317732443237148,0.9268218437500001,0.9591447117220313,0.628,0.7590270433600241,0.02675,2512,107,3893,1488,0.5
BASE,MLP,52,0.25,1000,DOMAIN_OOD,3858,0.02,0.9566177725791932,0.01990632318501171,0.6070640176600441,0.6540573640004368,0.9098049013512496,0.9033848323627717,0.9484265734265734,0.5624675997926387,0.7061503416856492,0.030585795749092794,1085,59,1870,844,0.5
BASE,MLP,52,0.25,1000,TEMPLATE_OOD,6832,0.02,0.9566177725791932,0.01990632318501171,0.6070640176600441,0.6540573640004368,0.9281080017633704,0.9225346934662066,0.960702727693019,0.6083138173302107,0.7449363685248253,0.024882903981264637,2078,85,3331,1338,0.5
BASE,MLP,52,0.25,1000,DOMAIN_TEMPLATE_OOD,3708,0.02,0.9566177725791932,0.01990632318501171,0.6070640176600441,0.6540573640004368,0.9018134782599003,0.8954102561417107,0.9463087248322147,0.5323624595469255,0.681394546082154,0.030204962243797196,987,56,1798,867,0.5
DAPT,LOGREG,52,0.25,1000,IID_ORIGINAL,3051,0.005,0.995595580206804,0.00468384074941452,0.2869757174392936,0.5839396040000793,0.8598284310005399,0.9054550093569458,0.9450171821305842,0.2599243856332703,0.407709414381023,0.008028098344204716,275,16,1977,783,0.3467715503113733
DAPT,LOGREG,52,0.25,1000,IID_BALANCED,2116,0.005,0.995595580206804,0.00468384074941452,0.2869757174392936,0.5839396040000793,0.9111518062995705,0.9047226818085984,0.9683098591549296,0.2599243856332703,0.4098360655737705,0.008506616257088847,275,9,1049,783,0.5
DAPT,LOGREG,52,0.25,1000,TEMPORAL,8000,0.005,0.995595580206804,0.00468384074941452,0.2869757174392936,0.5839396040000793,0.9380569234925584,0.9336759375,0.9837712519319938,0.31825,0.4809217982621836,0.00525,1273,21,3979,2727,0.5
DAPT,LOGREG,52,0.25,1000,DOMAIN_OOD,3858,0.005,0.995595580206804,0.00468384074941452,0.2869757174392936,0.5839396040000793,0.926137321545783,0.919580300243937,0.992633517495396,0.279419388284085,0.436084142394822,0.002073613271124935,539,4,1925,1390,0.5
DAPT,LOGREG,52,0.25,1000,TEMPLATE_OOD,6832,0.005,0.995595580206804,0.00468384074941452,0.2869757174392936,0.5839396040000793,0.9359254761483851,0.9304690113750417,0.9895238095238095,0.30415690866510536,0.4652933273622929,0.0032201405152224825,1039,11,3405,2377,0.5
DAPT,LOGREG,52,0.25,1000,DOMAIN_TEMPLATE_OOD,3708,0.005,0.995595580206804,0.00468384074941452,0.2869757174392936,0.5839396040000793,0.9188787362090894,0.9123862920953442,0.9922779922779923,0.2772384034519957,0.433389544688027,0.002157497303128371,514,4,1850,1340,0.5
DAPT,LOGREG,52,0.25,1000,IID_ORIGINAL,3051,0.01,0.9857029437263677,0.00936768149882904,0.47240618101545256,0.5839396040000793,0.8598284310005399,0.9054550093569458,0.9477911646586346,0.44612476370510395,0.6066838046272494,0.013045659809332665,472,26,1967,586,0.3467715503113733
DAPT,LOGREG,52,0.25,1000,IID_BALANCED,2116,0.01,0.9857029437263677,0.00936768149882904,0.47240618101545256,0.5839396040000793,0.9111518062995705,0.9047226818085984,0.9731958762886598,0.44612476370510395,0.6117952041477641,0.012287334593572778,472,13,1045,586,0.5
DAPT,LOGREG,52,0.25,1000,TEMPORAL,8000,0.01,0.9857029437263677,0.00936768149882904,0.47240618101545256,0.5839396040000793,0.9380569234925584,0.9336759375,0.9795467108899945,0.443,0.6100877948011706,0.00925,1772,37,3963,2228,0.5
DAPT,LOGREG,52,0.25,1000,DOMAIN_OOD,3858,0.01,0.9857029437263677,0.00936768149882904,0.47240618101545256,0.5839396040000793,0.926137321545783,0.919580300243937,0.9846350832266325,0.3986521513737688,0.5675276752767527,0.006220839813374806,769,12,1917,1160,0.5
DAPT,LOGREG,52,0.25,1000,TEMPLATE_OOD,6832,0.01,0.9857029437263677,0.00936768149882904,0.47240618101545256,0.5839396040000793,0.9359254761483851,0.9304690113750417,0.9822646657571623,0.4215456674473068,0.5899221630479312,0.007611241217798595,1440,26,3390,1976,0.5
DAPT,LOGREG,52,0.25,1000,DOMAIN_TEMPLATE_OOD,3708,0.01,0.9857029437263677,0.00936768149882904,0.47240618101545256,0.5839396040000793,0.9188787362090894,0.9123862920953442,0.9831697054698457,0.378101402373247,0.5461628359953253,0.006472491909385114,701,12,1842,1153,0.5
DAPT,LOGREG,52,0.25,1000,IID_ORIGINAL,3051,0.02,0.9461299999416422,0.01990632318501171,0.5783664459161147,0.5839396040000793,0.8598284310005399,0.9054550093569458,0.9097978227060654,0.552930056710775,0.6878306878306878,0.029101856497742096,585,58,1935,473,0.3467715503113733
DAPT,LOGREG,52,0.25,1000,IID_BALANCED,2116,0.02,0.9461299999416422,0.01990632318501171,0.5783664459161147,0.5839396040000793,0.9111518062995705,0.9047226818085984,0.9450726978998385,0.552930056710775,0.6976744186046512,0.03213610586011342,585,34,1024,473,0.5
DAPT,LOGREG,52,0.25,1000,TEMPORAL,8000,0.02,0.9461299999416422,0.01990632318501171,0.5783664459161147,0.5839396040000793,0.9380569234925584,0.9336759375,0.9668284789644013,0.5975,0.738566131025958,0.0205,2390,82,3918,1610,0.5
DAPT,LOGREG,52,0.25,1000,DOMAIN_OOD,3858,0.02,0.9461299999416422,0.01990632318501171,0.5783664459161147,0.5839396040000793,0.926137321545783,0.919580300243937,0.9676258992805755,0.5578019699326076,0.707661953304834,0.01866251944012442,1076,36,1893,853,0.5
DAPT,LOGREG,52,0.25,1000,TEMPLATE_OOD,6832,0.02,0.9461299999416422,0.01990632318501171,0.5783664459161147,0.5839396040000793,0.9359254761483851,0.9304690113750417,0.9695031972454501,0.5769906323185011,0.7234354927509635,0.018149882903981264,1971,62,3354,1445,0.5
DAPT,LOGREG,52,0.25,1000,DOMAIN_TEMPLATE_OOD,3708,0.02,0.9461299999416422,0.01990632318501171,0.5783664459161147,0.5839396040000793,0.9188787362090894,0.9123862920953442,0.9655511811023622,0.529126213592233,0.6836236933797909,0.018878101402373247,981,35,1819,873,0.5
DAPT,XGBOOST,52,0.25,1000,IID_ORIGINAL,3051,0.005,0.9945755004882814,0.00468384074941452,0.2671081677704194,3.8370260350002354,0.8292225782653115,0.8822732114385226,0.9651567944250871,0.2618147448015123,0.41189591078066917,0.005017561465127948,277,10,1983,781,0.3467715503113733
DAPT,XGBOOST,52,0.25,1000,IID_BALANCED,2116,0.005,0.9945755004882814,0.00468384074941452,0.2671081677704194,3.8370260350002354,0.8875824353185571,0.8803606333596579,0.9719298245614035,0.2618147448015123,0.41250930752047654,0.007561436672967864,277,8,1050,781,0.5
DAPT,XGBOOST,52,0.25,1000,TEMPORAL,8000,0.005,0.9945755004882814,0.00468384074941452,0.2671081677704194,3.8370260350002354,0.9167196273981256,0.911519,0.9851162790697674,0.26475,0.4173399014778325,0.004,1059,16,3984,2941,0.5
DAPT,XGBOOST,52,0.25,1000,DOMAIN_OOD,3858,0.005,0.9945755004882814,0.00468384074941452,0.2671081677704194,3.8370260350002354,0.8885612381482978,0.8868843423117347,0.9751381215469613,0.18299637117677553,0.30816237450894807,0.004665629860031105,353,9,1920,1576,0.5
DAPT,XGBOOST,52,0.25,1000,TEMPLATE_OOD,6832,0.005,0.9945755004882814,0.00468384074941452,0.2671081677704194,3.8370260350002354,0.9119906604314003,0.9072782751235405,0.9827981651376146,0.2508782201405152,0.39972014925373134,0.004391100702576112,857,15,3401,2559,0.5
DAPT,XGBOOST,52,0.25,1000,DOMAIN_TEMPLATE_OOD,3708,0.005,0.9945755004882814,0.00468384074941452,0.2671081677704194,3.8370260350002354,0.8779138593975788,0.8760852944564888,0.9721362229102167,0.16936353829557713,0.28847037207165827,0.0048543689320388345,314,9,1845,1540,0.5
DAPT,XGBOOST,52,0.25,1000,IID_ORIGINAL,3051,0.01,0.9873211383819581,0.00936768149882904,0.34216335540838855,3.8370260350002354,0.8292225782653115,0.8822732114385226,0.9373297002724795,0.32514177693761814,0.48280701754385963,0.01154039136979428,344,23,1970,714,0.3467715503113733
DAPT,XGBOOST,52,0.25,1000,IID_BALANCED,2116,0.01,0.9873211383819581,0.00936768149882904,0.34216335540838855,3.8370260350002354,0.8875824353185571,0.8803606333596579,0.9529085872576177,0.32514177693761814,0.48484848484848486,0.01606805293005671,344,17,1041,714,0.5
DAPT,XGBOOST,52,0.25,1000,TEMPORAL,8000,0.01,0.9873211383819581,0.00936768149882904,0.34216335540838855,3.8370260350002354,0.9167196273981256,0.911519,0.9825905292479109,0.35275,0.5191317144959529,0.00625,1411,25,3975,2589,0.5
DAPT,XGBOOST,52,0.25,1000,DOMAIN_OOD,3858,0.01,0.9873211383819581,0.00936768149882904,0.34216335540838855,3.8370260350002354,0.8885612381482978,0.8868843423117347,0.9726027397260274,0.2576464489372732,0.40737704918032785,0.007257646448937273,497,14,1915,1432,0.5
DAPT,XGBOOST,52,0.25,1000,TEMPLATE_OOD,6832,0.01,0.9873211383819581,0.00936768149882904,0.34216335540838855,3.8370260350002354,0.9119906604314003,0.9072782751235405,0.9804255319148936,0.3372365339578454,0.5018514484861686,0.006733021077283372,1152,23,3393,2264,0.5
DAPT,XGBOOST,52,0.25,1000,DOMAIN_TEMPLATE_OOD,3708,0.01,0.9873211383819581,0.00936768149882904,0.34216335540838855,3.8370260350002354,0.8779138593975788,0.8760852944564888,0.9698275862068966,0.24271844660194175,0.3882657463330457,0.007551240560949299,450,14,1840,1404,0.5
DAPT,XGBOOST,52,0.25,1000,IID_ORIGINAL,3051,0.02,0.9728013277053834,0.01990632318501171,0.445916114790287,3.8370260350002354,0.8292225782653115,0.8822732114385226,0.9087136929460581,0.41398865784499056,0.5688311688311688,0.02207727044656297,438,44,1949,620,0.3467715503113733
DAPT,XGBOOST,52,0.25,1000,IID_BALANCED,2116,0.02,0.9728013277053834,0.01990632318501171,0.445916114790287,3.8370260350002354,0.8875824353185571,0.8803606333596579,0.9358974358974359,0.41398865784499056,0.5740498034076016,0.02835538752362949,438,30,1028,620,0.5
DAPT,XGBOOST,52,0.25,1000,TEMPORAL,8000,0.02,0.9728013277053834,0.01990632318501171,0.445916114790287,3.8370260350002354,0.9167196273981256,0.911519,0.9728703201302225,0.44825,0.6137258257744309,0.0125,1793,50,3950,2207,0.5
DAPT,XGBOOST,52,0.25,1000,DOMAIN_OOD,3858,0.02,0.9728013277053834,0.01990632318501171,0.445916114790287,3.8370260350002354,0.8885612381482978,0.8868843423117347,0.9590395480225988,0.35199585277345774,0.5149791429654911,0.01503369621565578,679,29,1900,1250,0.5
DAPT,XGBOOST,52,0.25,1000,TEMPLATE_OOD,6832,0.02,0.9728013277053834,0.01990632318501171,0.445916114790287,3.8370260350002354,0.9119906604314003,0.9072782751235405,0.9727936297279363,0.42915690866510536,0.5955718058094658,0.012002341920374707,1466,41,3375,1950,0.5
DAPT,XGBOOST,52,0.25,1000,DOMAIN_TEMPLATE_OOD,3708,0.02,0.9728013277053834,0.01990632318501171,0.445916114790287,3.8370260350002354,0.8779138593975788,0.8760852944564888,0.956989247311828,0.3360302049622438,0.49740518962075847,0.015102481121898598,623,28,1826,1231,0.5
DAPT,MLP,52,0.25,1000,IID_ORIGINAL,3051,0.005,0.9975656270980836,0.00468384074941452,0.3068432671081678,0.6101978599999711,0.8398244384438828,0.8909695275619679,0.9415384615384615,0.2892249527410208,0.44251626898047725,0.009533366783743101,306,19,1974,752,0.3467715503113733
DAPT,MLP,52,0.25,1000,IID_BALANCED,2116,0.005,0.9975656270980836,0.00468384074941452,0.3068432671081678,0.6101978599999711,0.8950935541450735,0.8889552460147012,0.9622641509433962,0.2892249527410208,0.44476744186046513,0.011342155009451797,306,12,1046,752,0.5
DAPT,MLP,52,0.25,1000,TEMPORAL,8000,0.005,0.9975656270980836,0.00468384074941452,0.3068432671081678,0.6101978599999711,0.9286748912133302,0.9247343437500001,0.9794721407624634,0.334,0.4981357196122297,0.007,1336,28,3972,2664,0.5
DAPT,MLP,52,0.25,1000,DOMAIN_OOD,3858,0.005,0.9975656270980836,0.00468384074941452,0.3068432671081678,0.6101978599999711,0.9097361680880964,0.9047067742602136,0.9858870967741935,0.2534992223950233,0.40329896907216495,0.0036288232244686366,489,7,1922,1440,0.5
DAPT,MLP,52,0.25,1000,TEMPLATE_OOD,6832,0.005,0.9975656270980836,0.00468384074941452,0.3068432671081678,0.6101978599999711,0.9251190511333787,0.9205940052048769,0.9835315645013724,0.31469555035128804,0.4768241295187403,0.005269320843091335,1075,18,3398,2341,0.5
DAPT,MLP,52,0.25,1000,DOMAIN_TEMPLATE_OOD,3708,0.005,0.9975656270980836,0.00468384074941452,0.3068432671081678,0.6101978599999711,0.900573898751755,0.8960502904009988,0.9844444444444445,0.2389428263214671,0.3845486111111111,0.0037756202804746495,443,7,1847,1411,0.5
DAPT,MLP,52,0.25,1000,IID_ORIGINAL,3051,0.01,0.9907472133636476,0.00936768149882904,0.3973509933774834,0.6101978599999711,0.8398244384438828,0.8909695275619679,0.9261904761904762,0.3676748582230624,0.5263870094722598,0.015554440541896638,389,31,1962,669,0.3467715503113733
DAPT,MLP,52,0.25,1000,IID_BALANCED,2116,0.01,0.9907472133636476,0.00936768149882904,0.3973509933774834,0.6101978599999711,0.8950935541450735,0.8889552460147012,0.948780487804878,0.3676748582230624,0.5299727520435967,0.01984877126654064,389,21,1037,669,0.5
DAPT,MLP,52,0.25,1000,TEMPORAL,8000,0.01,0.9907472133636476,0.00936768149882904,0.3973509933774834,0.6101978599999711,0.9286748912133302,0.9247343437500001,0.9745057232049948,0.46825,0.6325565687267815,0.01225,1873,49,3951,2127,0.5
DAPT,MLP,52,0.25,1000,DOMAIN_OOD,3858,0.01,0.9907472133636476,0.00936768149882904,0.3973509933774834,0.6101978599999711,0.9097361680880964,0.9047067742602136,0.9755784061696658,0.39346811819595645,0.5607683782785371,0.009849663037843442,759,19,1910,1170,0.5
DAPT,MLP,52,0.25,1000,TEMPLATE_OOD,6832,0.01,0.9907472133636476,0.00936768149882904,0.3973509933774834,0.6101978599999711,0.9251190511333787,0.9205940052048769,0.9794079794079794,0.4455503512880562,0.6124748490945674,0.00936768149882904,1522,32,3384,1894,0.5
DAPT,MLP,52,0.25,1000,DOMAIN_TEMPLATE_OOD,3708,0.01,0.9907472133636476,0.00936768149882904,0.3973509933774834,0.6101978599999711,0.900573898751755,0.8960502904009988,0.9730496453900709,0.37001078748651567,0.536146932395467,0.010248112189859764,686,19,1835,1168,0.5
DAPT,MLP,52,0.25,1000,IID_ORIGINAL,3051,0.02,0.9405919313430787,0.01990632318501171,0.5739514348785872,0.6101978599999711,0.8398244384438828,0.8909695275619679,0.885670731707317,0.5491493383742911,0.6779463243873979,0.03763171098845961,581,75,1918,477,0.3467715503113733
DAPT,MLP,52,0.25,1000,IID_BALANCED,2116,0.02,0.9405919313430787,0.01990632318501171,0.5739514348785872,0.6101978599999711,0.8950935541450735,0.8889552460147012,0.9251592356687898,0.5491493383742911,0.6892052194543298,0.0444234404536862,581,47,1011,477,0.5
DAPT,MLP,52,0.25,1000,TEMPORAL,8000,0.02,0.9405919313430787,0.01990632318501171,0.5739514348785872,0.6101978599999711,0.9286748912133302,0.9247343437500001,0.9645909645909646,0.5925,0.7340870373238346,0.02175,2370,87,3913,1630,0.5
DAPT,MLP,52,0.25,1000,DOMAIN_OOD,3858,0.02,0.9405919313430787,0.01990632318501171,0.5739514348785872,0.6101978599999711,0.9097361680880964,0.9047067742602136,0.9563981042654028,0.5230689476412649,0.6762734584450402,0.023846552617936754,1009,46,1883,920,0.5
DAPT,MLP,52,0.25,1000,TEMPLATE_OOD,6832,0.02,0.9405919313430787,0.01990632318501171,0.5739514348785872,0.6101978599999711,0.9251190511333787,0.9205940052048769,0.9661185849526657,0.5676229508196722,0.7151023418771898,0.01990632318501171,1939,68,3348,1477,0.5
DAPT,MLP,52,0.25,1000,DOMAIN_TEMPLATE_OOD,3708,0.02,0.9405919313430787,0.01990632318501171,0.5739514348785872,0.6101978599999711,0.900573898751755,0.8960502904009988,0.9523809523809523,0.4962243797195254,0.6524822695035462,0.02481121898597627,920,46,1808,934,0.5
CONTRASTIVE,LOGREG,52,0.25,1000,IID_ORIGINAL,3051,0.005,0.9920207679133567,0.00468384074941452,0.24061810154525387,0.18077575600000273,0.7993991468727634,0.8756911003256198,0.9163636363636364,0.2381852551984877,0.37809452363090773,0.01154039136979428,252,23,1970,806,0.3467715503113733
CONTRASTIVE,LOGREG,52,0.25,1000,IID_BALANCED,2116,0.005,0.9920207679133567,0.00468384074941452,0.24061810154525387,0.18077575600000273,0.8741331285280269,0.8771346943442885,0.9509433962264151,0.2381852551984877,0.38095238095238093,0.012287334593572778,252,13,1045,806,0.5
CONTRASTIVE,LOGREG,52,0.25,1000,TEMPORAL,8000,0.005,0.9920207679133567,0.00468384074941452,0.24061810154525387,0.18077575600000273,0.8801844751321866,0.8663755625,0.9730831973898858,0.29825,0.4565633371603521,0.00825,1193,33,3967,2807,0.5
CONTRASTIVE,LOGREG,52,0.25,1000,DOMAIN_OOD,3858,0.005,0.9920207679133567,0.00468384074941452,0.24061810154525387,0.18077575600000273,0.844287479512609,0.8317597145529974,0.9571428571428572,0.208398133748056,0.34227330779054915,0.00933125972006221,402,18,1911,1527,0.5
CONTRASTIVE,LOGREG,52,0.25,1000,TEMPLATE_OOD,6832,0.005,0.9920207679133567,0.00468384074941452,0.24061810154525387,0.18077575600000273,0.8783359253562848,0.8645270020128448,0.9731027857829011,0.2965456674473068,0.4545658514695984,0.00819672131147541,1013,28,3388,2403,0.5
CONTRASTIVE,LOGREG,52,0.25,1000,DOMAIN_TEMPLATE_OOD,3708,0.005,0.9920207679133567,0.00468384074941452,0.24061810154525387,0.18077575600000273,0.8358973852926684,0.8236542697849136,0.9549071618037135,0.1941747572815534,0.3227252353204841,0.009169363538295576,360,17,1837,1494,0.5
CONTRASTIVE,LOGREG,52,0.25,1000,IID_ORIGINAL,3051,0.01,0.9809175179531995,0.00936768149882904,0.3355408388520971,0.18077575600000273,0.7993991468727634,0.8756911003256198,0.8987012987012987,0.3270321361058601,0.47955647955647956,0.019568489713998997,346,39,1954,712,0.3467715503113733
CONTRASTIVE,LOGREG,52,0.25,1000,IID_BALANCED,2116,0.01,0.9809175179531995,0.00936768149882904,0.3355408388520971,0.18077575600000273,0.8741331285280269,0.8771346943442885,0.9453551912568307,0.3270321361058601,0.4859550561797753,0.01890359168241966,346,20,1038,712,0.5
CONTRASTIVE,LOGREG,52,0.25,1000,TEMPORAL,8000,0.01,0.9809175179531995,0.00936768149882904,0.3355408388520971,0.18077575600000273,0.8801844751321866,0.8663755625,0.9604339502233568,0.37625,0.5406861864559008,0.0155,1505,62,3938,2495,0.5
CONTRASTIVE,LOGREG,52,0.25,1000,DOMAIN_OOD,3858,0.01,0.9809175179531995,0.00936768149882904,0.3355408388520971,0.18077575600000273,0.844287479512609,0.8317597145529974,0.9425087108013938,0.28045619491964746,0.43228126248501797,0.017107309486780714,541,33,1896,1388,0.5
CONTRASTIVE,LOGREG,52,0.25,1000,TEMPLATE_OOD,6832,0.01,0.9809175179531995,0.00936768149882904,0.3355408388520971,0.18077575600000273,0.8783359253562848,0.8645270020128448,0.959511077158136,0.36768149882903983,0.5316402116402117,0.015515222482435597,1256,53,3363,2160,0.5
CONTRASTIVE,LOGREG,52,0.25,1000,DOMAIN_TEMPLATE_OOD,3708,0.01,0.9809175179531995,0.00936768149882904,0.3355408388520971,0.18077575600000273,0.8358973852926684,0.8236542697849136,0.9420560747663551,0.27184466019417475,0.42193386354123064,0.016720604099244876,504,31,1823,1350,0.5
CONTRASTIVE,LOGREG,52,0.25,1000,IID_ORIGINAL,3051,0.02,0.9685452815639988,0.01990632318501171,0.4105960264900662,0.18077575600000273,0.7993991468727634,0.8756911003256198,0.8843683083511777,0.390359168241966,0.5416393442622951,0.027094831911690917,413,54,1939,645,0.3467715503113733
CONTRASTIVE,LOGREG,52,0.25,1000,IID_BALANCED,2116,0.02,0.9685452815639988,0.01990632318501171,0.4105960264900662,0.18077575600000273,0.8741331285280269,0.8771346943442885,0.9386363636363636,0.390359168241966,0.5514018691588785,0.02551984877126654,413,27,1031,645,0.5
CONTRASTIVE,LOGREG,52,0.25,1000,TEMPORAL,8000,0.02,0.9685452815639988,0.01990632318501171,0.4105960264900662,0.18077575600000273,0.8801844751321866,0.8663755625,0.9491903964265773,0.425,0.5871179416335693,0.02275,1700,91,3909,2300,0.5
CONTRASTIVE,LOGREG,52,0.25,1000,DOMAIN_OOD,3858,0.02,0.9685452815639988,0.01990632318501171,0.4105960264900662,0.18077575600000273,0.844287479512609,0.8317597145529974,0.9318518518518518,0.3260756868843961,0.48310291858678955,0.023846552617936754,629,46,1883,1300,0.5
CONTRASTIVE,LOGREG,52,0.25,1000,TEMPLATE_OOD,6832,0.02,0.9685452815639988,0.01990632318501171,0.4105960264900662,0.18077575600000273,0.8783359253562848,0.8645270020128448,0.9504021447721179,0.41510538641686184,0.5778321108394459,0.021662763466042154,1418,74,3342,1998,0.5
CONTRASTIVE,LOGREG,52,0.25,1000,DOMAIN_TEMPLATE_OOD,3708,0.02,0.9685452815639988,0.01990632318501171,0.4105960264900662,0.18077575600000273,0.8358973852926684,0.8236542697849136,0.93125,0.3214670981661273,0.47794707297514033,0.023732470334412083,596,44,1810,1258,0.5
CONTRASTIVE,XGBOOST,52,0.25,1000,IID_ORIGINAL,3051,0.005,0.9841528534889222,0.00468384074941452,0.17218543046357615,5.92242442800034,0.7463928719677544,0.844327547171243,0.8888888888888888,0.17391304347826086,0.2909090909090909,0.01154039136979428,184,23,1970,874,0.3467715503113733
CONTRASTIVE,XGBOOST,52,0.25,1000,IID_BALANCED,2116,0.005,0.9841528534889222,0.00468384074941452,0.17218543046357615,5.92242442800034,0.8349680586159584,0.8469970447504119,0.9154228855721394,0.17391304347826086,0.29229547259729943,0.01606805293005671,184,17,1041,874,0.5
CONTRASTIVE,XGBOOST,52,0.25,1000,TEMPORAL,8000,0.005,0.9841528534889222,0.00468384074941452,0.17218543046357615,5.92242442800034,0.8558539475831007,0.836733375,0.9711359404096834,0.26075,0.411115490737091,0.00775,1043,31,3969,2957,0.5
CONTRASTIVE,XGBOOST,52,0.25,1000,DOMAIN_OOD,3858,0.005,0.9841528534889222,0.00468384074941452,0.17218543046357615,5.92242442800034,0.8168562112421537,0.8012596475018685,0.9629629629629629,0.16174183514774496,0.2769640479360852,0.006220839813374806,312,12,1917,1617,0.5
CONTRASTIVE,XGBOOST,52,0.25,1000,TEMPLATE_OOD,6832,0.005,0.9841528534889222,0.00468384074941452,0.17218543046357615,5.92242442800034,0.8569775418100625,0.8372136529295944,0.9746835443037974,0.24795081967213115,0.39533255542590434,0.006440281030444965,847,22,3394,2569,0.5
CONTRASTIVE,XGBOOST,52,0.25,1000,DOMAIN_TEMPLATE_OOD,3708,0.005,0.9841528534889222,0.00468384074941452,0.17218543046357615,5.92242442800034,0.8073407768073101,0.7925596599207057,0.9601449275362319,0.1429341963322546,0.24882629107981222,0.005933117583603021,265,11,1843,1589,0.5
CONTRASTIVE,XGBOOST,52,0.25,1000,IID_ORIGINAL,3051,0.01,0.9809733033180238,0.00936768149882904,0.18543046357615894,5.92242442800034,0.7463928719677544,0.844327547171243,0.8739130434782608,0.1899810964083176,0.31211180124223603,0.014550928248871048,201,29,1964,857,0.3467715503113733
CONTRASTIVE,XGBOOST,52,0.25,1000,IID_BALANCED,2116,0.01,0.9809733033180238,0.00936768149882904,0.18543046357615894,5.92242442800034,0.8349680586159584,0.8469970447504119,0.9095022624434389,0.1899810964083176,0.31430805316653637,0.01890359168241966,201,20,1038,857,0.5
CONTRASTIVE,XGBOOST,52,0.25,1000,TEMPORAL,8000,0.01,0.9809733033180238,0.00936768149882904,0.18543046357615894,5.92242442800034,0.8558539475831007,0.836733375,0.9689991142604074,0.2735,0.4265938779489179,0.00875,1094,35,3965,2906,0.5
CONTRASTIVE,XGBOOST,52,0.25,1000,DOMAIN_OOD,3858,0.01,0.9809733033180238,0.00936768149882904,0.18543046357615894,5.92242442800034,0.8168562112421537,0.8012596475018685,0.96,0.17418351477449456,0.2948661693725318,0.007257646448937273,336,14,1915,1593,0.5
CONTRASTIVE,XGBOOST,52,0.25,1000,TEMPLATE_OOD,6832,0.01,0.9809733033180238,0.00936768149882904,0.18543046357615894,5.92242442800034,0.8569775418100625,0.8372136529295944,0.9715224534501643,0.25966042154566743,0.4097944097944098,0.007611241217798595,887,26,3390,2529,0.5
CONTRASTIVE,XGBOOST,52,0.25,1000,DOMAIN_TEMPLATE_OOD,3708,0.01,0.9809733033180238,0.00936768149882904,0.18543046357615894,5.92242442800034,0.8073407768073101,0.7925596599207057,0.95578231292517,0.15156418554476808,0.2616387337057728,0.007011866235167206,281,13,1841,1573,0.5
CONTRASTIVE,XGBOOST,52,0.25,1000,IID_ORIGINAL,3051,0.02,0.9674683809280397,0.01990632318501171,0.2560706401766004,5.92242442800034,0.7463928719677544,0.844327547171243,0.8746081504702194,0.2637051039697543,0.40522875816993464,0.02007024586051179,279,40,1953,779,0.3467715503113733
CONTRASTIVE,XGBOOST,52,0.25,1000,IID_BALANCED,2116,0.02,0.9674683809280397,0.01990632318501171,0.2560706401766004,5.92242442800034,0.8349680586159584,0.8469970447504119,0.9147540983606557,0.2637051039697543,0.40939104915627295,0.024574669187145556,279,26,1032,779,0.5
CONTRASTIVE,XGBOOST,52,0.25,1000,TEMPORAL,8000,0.02,0.9674683809280397,0.01990632318501171,0.2560706401766004,5.92242442800034,0.8558539475831007,0.836733375,0.9524870081662955,0.32075,0.4798952683747896,0.016,1283,64,3936,2717,0.5
CONTRASTIVE,XGBOOST,52,0.25,1000,DOMAIN_OOD,3858,0.02,0.9674683809280397,0.01990632318501171,0.2560706401766004,5.92242442800034,0.8168562112421537,0.8012596475018685,0.9438202247191011,0.2177293934681182,0.35383319292333615,0.012960082944530845,420,25,1904,1509,0.5
CONTRASTIVE,XGBOOST,52,0.25,1000,TEMPLATE_OOD,6832,0.02,0.9674683809280397,0.01990632318501171,0.2560706401766004,5.92242442800034,0.8569775418100625,0.8372136529295944,0.9591078066914498,0.30210772833723654,0.4594835262689225,0.01288056206088993,1032,44,3372,2384,0.5
CONTRASTIVE,XGBOOST,52,0.25,1000,DOMAIN_TEMPLATE_OOD,3708,0.02,0.9674683809280397,0.01990632318501171,0.2560706401766004,5.92242442800034,0.8073407768073101,0.7925596599207057,0.936,0.18932038834951456,0.3149394347240915,0.012944983818770227,351,24,1830,1503,0.5
CONTRASTIVE,MLP,52,0.25,1000,IID_ORIGINAL,3051,0.005,0.9908658862113954,0.00468384074941452,0.2229580573951435,0.5722786489995997,0.8011190241305566,0.8791597623819475,0.9350180505415162,0.2448015122873346,0.3880149812734082,0.009031610637230306,259,18,1975,799,0.3467715503113733
CONTRASTIVE,MLP,52,0.25,1000,IID_BALANCED,2116,0.005,0.9908658862113954,0.00468384074941452,0.2229580573951435,0.5722786489995997,0.8716183188662708,0.879415453775537,0.955719557195572,0.2448015122873346,0.3897667419112114,0.011342155009451797,259,12,1046,799,0.5
CONTRASTIVE,MLP,52,0.25,1000,TEMPORAL,8000,0.005,0.9908658862113954,0.00468384074941452,0.2229580573951435,0.5722786489995997,0.8816295857921419,0.86700678125,0.9754098360655737,0.2975,0.4559386973180077,0.0075,1190,30,3970,2810,0.5
CONTRASTIVE,MLP,52,0.25,1000,DOMAIN_OOD,3858,0.005,0.9908658862113954,0.00468384074941452,0.2229580573951435,0.5722786489995997,0.8479003469964791,0.8382699895002501,0.9585365853658536,0.20373250388802489,0.3360410431808465,0.008812856402280975,393,17,1912,1536,0.5
CONTRASTIVE,MLP,52,0.25,1000,TEMPLATE_OOD,6832,0.005,0.9908658862113954,0.00468384074941452,0.2229580573951435,0.5722786489995997,0.8822411408842583,0.8684451852831969,0.976145038167939,0.2994730679156909,0.4583333333333333,0.007318501170960188,1023,25,3391,2393,0.5
CONTRASTIVE,MLP,52,0.25,1000,DOMAIN_TEMPLATE_OOD,3708,0.005,0.9908658862113954,0.00468384074941452,0.2229580573951435,0.5722786489995997,0.8397159770783035,0.8301247252216555,0.9558441558441558,0.19848975188781015,0.32871817775792767,0.009169363538295576,368,17,1837,1486,0.5
CONTRASTIVE,MLP,52,0.25,1000,IID_ORIGINAL,3051,0.01,0.9855802655220033,0.00936768149882904,0.271523178807947,0.5722786489995997,0.8011190241305566,0.8791597623819475,0.9226006191950464,0.28166351606805295,0.43157132512671975,0.012543903662819869,298,25,1968,760,0.3467715503113733
CONTRASTIVE,MLP,52,0.25,1000,IID_BALANCED,2116,0.01,0.9855802655220033,0.00936768149882904,0.271523178807947,0.5722786489995997,0.8716183188662708,0.879415453775537,0.9430379746835443,0.28166351606805295,0.43377001455604075,0.017013232514177693,298,18,1040,760,0.5
CONTRASTIVE,MLP,52,0.25,1000,TEMPORAL,8000,0.01,0.9855802655220033,0.00936768149882904,0.271523178807947,0.5722786489995997,0.8816295857921419,0.86700678125,0.9694602272727273,0.34125,0.5048076923076923,0.01075,1365,43,3957,2635,0.5
CONTRASTIVE,MLP,52,0.25,1000,DOMAIN_OOD,3858,0.01,0.9855802655220033,0.00936768149882904,0.271523178807947,0.5722786489995997,0.8479003469964791,0.8382699895002501,0.9518072289156626,0.24572317262830481,0.39060568603213847,0.012441679626749611,474,24,1905,1455,0.5
CONTRASTIVE,MLP,52,0.25,1000,TEMPLATE_OOD,6832,0.01,0.9855802655220033,0.00936768149882904,0.271523178807947,0.5722786489995997,0.8822411408842583,0.8684451852831969,0.9730185497470489,0.33782201405152223,0.5015210777922642,0.00936768149882904,1154,32,3384,2262,0.5
CONTRASTIVE,MLP,52,0.25,1000,DOMAIN_TEMPLATE_OOD,3708,0.01,0.9855802655220033,0.00936768149882904,0.271523178807947,0.5722786489995997,0.8397159770783035,0.8301247252216555,0.9521739130434783,0.23624595469255663,0.37856525496974935,0.011866235167206042,438,22,1832,1416,0.5
CONTRASTIVE,MLP,52,0.25,1000,IID_ORIGINAL,3051,0.02,0.9628323912620546,0.01990632318501171,0.40618101545253865,0.5722786489995997,0.8011190241305566,0.8791597623819475,0.8881856540084389,0.39792060491493386,0.5496083550913838,0.026593075765178123,421,53,1940,637,0.3467715503113733
CONTRASTIVE,MLP,52,0.25,1000,IID_BALANCED,2116,0.02,0.9628323912620546,0.01990632318501171,0.40618101545253865,0.5722786489995997,0.8716183188662708,0.879415453775537,0.9293598233995585,0.39792060491493386,0.557246856386499,0.030245746691871456,421,32,1026,637,0.5
CONTRASTIVE,MLP,52,0.25,1000,TEMPORAL,8000,0.02,0.9628323912620546,0.01990632318501171,0.40618101545253865,0.5722786489995997,0.8816295857921419,0.86700678125,0.9542234332425068,0.43775,0.6001713796058269,0.021,1751,84,3916,2249,0.5
CONTRASTIVE,MLP,52,0.25,1000,DOMAIN_OOD,3858,0.02,0.9628323912620546,0.01990632318501171,0.40618101545253865,0.5722786489995997,0.8479003469964791,0.8382699895002501,0.9403409090909091,0.3431829963711768,0.5028484618306115,0.02177293934681182,662,42,1887,1267,0.5
CONTRASTIVE,MLP,52,0.25,1000,TEMPLATE_OOD,6832,0.02,0.9628323912620546,0.01990632318501171,0.40618101545253865,0.5722786489995997,0.8822411408842583,0.8684451852831969,0.9577278731836195,0.4244730679156909,0.5882352941176471,0.01873536299765808,1450,64,3352,1966,0.5
CONTRASTIVE,MLP,52,0.25,1000,DOMAIN_TEMPLATE_OOD,3708,0.02,0.9628323912620546,0.01990632318501171,0.40618101545253865,0.5722786489995997,0.8397159770783035,0.8301247252216555,0.9390625,0.32416396979503775,0.48195669607056935,0.021035598705501618,601,39,1815,1253,0.5
BASE,LOGREG,52,1.0,4000,IID_ORIGINAL,3051,0.005,0.994125237692969,0.00468384074941452,0.3333333333333333,0.8899215290002758,0.8961567104863788,0.9208311320244674,0.987460815047022,0.29773156899810965,0.45751633986928103,0.002007024586051179,315,4,1989,743,0.3467715503113733
BASE,LOGREG,52,1.0,4000,IID_BALANCED,2116,0.005,0.994125237692969,0.00468384074941452,0.3333333333333333,0.8899215290002758,0.933757155456087,0.9207058651162625,0.9936908517350158,0.29773156899810965,0.4581818181818182,0.001890359168241966,315,2,1056,743,0.5
BASE,LOGREG,52,1.0,4000,TEMPORAL,8000,0.005,0.994125237692969,0.00468384074941452,0.3333333333333333,0.8899215290002758,0.9499098889746075,0.9445268124999998,0.99153194765204,0.322,0.4861294583883752,0.00275,1288,11,3989,2712,0.5
BASE,LOGREG,52,1.0,4000,DOMAIN_OOD,3858,0.005,0.994125237692969,0.00468384074941452,0.3333333333333333,0.8899215290002758,0.925876188699382,0.9218968562829595,0.982532751091703,0.2332814930015552,0.3770423125261835,0.00414722654224987,450,8,1921,1479,0.5
BASE,LOGREG,52,1.0,4000,TEMPLATE_OOD,6832,0.005,0.994125237692969,0.00468384074941452,0.3333333333333333,0.8899215290002758,0.9457954310921128,0.9402790594200594,0.9900090826521344,0.3190866510538642,0.4826212087668807,0.0032201405152224825,1090,11,3405,2326,0.5
BASE,LOGREG,52,1.0,4000,DOMAIN_TEMPLATE_OOD,3708,0.005,0.994125237692969,0.00468384074941452,0.3333333333333333,0.8899215290002758,0.9213074954291286,0.9175894796986951,0.9809069212410502,0.22168284789644013,0.3616366036075671,0.004314994606256742,411,8,1846,1443,0.5
BASE,LOGREG,52,1.0,4000,IID_ORIGINAL,3051,0.01,0.9726248282562786,0.00936768149882904,0.4966887417218543,0.8899215290002758,0.8961567104863788,0.9208311320244674,0.9780439121756487,0.46313799621928164,0.6286080821039127,0.0055193176116407425,490,11,1982,568,0.3467715503113733
BASE,LOGREG,52,1.0,4000,IID_BALANCED,2116,0.01,0.9726248282562786,0.00936768149882904,0.4966887417218543,0.8899215290002758,0.933757155456087,0.9207058651162625,0.9879032258064516,0.46313799621928164,0.6306306306306306,0.005671077504725898,490,6,1052,568,0.5
BASE,LOGREG,52,1.0,4000,TEMPORAL,8000,0.01,0.9726248282562786,0.00936768149882904,0.4966887417218543,0.8899215290002758,0.9499098889746075,0.9445268124999998,0.9850597609561753,0.4945,0.6584553928095872,0.0075,1978,30,3970,2022,0.5
BASE,LOGREG,52,1.0,4000,DOMAIN_OOD,3858,0.01,0.9726248282562786,0.00936768149882904,0.4966887417218543,0.8899215290002758,0.925876188699382,0.9218968562829595,0.9737827715355806,0.40435458786936235,0.5714285714285714,0.01088646967340591,780,21,1908,1149,0.5
BASE,LOGREG,52,1.0,4000,TEMPLATE_OOD,6832,0.01,0.9726248282562786,0.00936768149882904,0.4966887417218543,0.8899215290002758,0.9457954310921128,0.9402790594200594,0.984070796460177,0.4882903981264637,0.6527098415182939,0.007903981264637002,1668,27,3389,1748,0.5
BASE,LOGREG,52,1.0,4000,DOMAIN_TEMPLATE_OOD,3708,0.01,0.9726248282562786,0.00936768149882904,0.4966887417218543,0.8899215290002758,0.9213074954291286,0.9175894796986951,0.9743243243243244,0.3888888888888889,0.5558982266769468,0.010248112189859764,721,19,1835,1133,0.5
BASE,LOGREG,52,1.0,4000,IID_ORIGINAL,3051,0.02,0.9327628852203124,0.01990632318501171,0.5849889624724062,0.8899215290002758,0.8961567104863788,0.9208311320244674,0.9655737704918033,0.556710775047259,0.7062350119904077,0.010536879076768691,589,21,1972,469,0.3467715503113733
BASE,LOGREG,52,1.0,4000,IID_BALANCED,2116,0.02,0.9327628852203124,0.01990632318501171,0.5849889624724062,0.8899215290002758,0.933757155456087,0.9207058651162625,0.9767827529021559,0.556710775047259,0.7092113184828417,0.013232514177693762,589,14,1044,469,0.5
BASE,LOGREG,52,1.0,4000,TEMPORAL,8000,0.02,0.9327628852203124,0.01990632318501171,0.5849889624724062,0.8899215290002758,0.9499098889746075,0.9445268124999998,0.9769295302013423,0.58225,0.7296365914786967,0.01375,2329,55,3945,1671,0.5
BASE,LOGREG,52,1.0,4000,DOMAIN_OOD,3858,0.02,0.9327628852203124,0.01990632318501171,0.5849889624724062,0.8899215290002758,0.925876188699382,0.9218968562829595,0.9601990049751243,0.5002592016588906,0.6578050443081118,0.020736132711249352,965,40,1889,964,0.5
BASE,LOGREG,52,1.0,4000,TEMPLATE_OOD,6832,0.02,0.9327628852203124,0.01990632318501171,0.5849889624724062,0.8899215290002758,0.9457954310921128,0.9402790594200594,0.9745254745254746,0.5711358313817331,0.7201919527500923,0.014929742388758781,1951,51,3365,1465,0.5
BASE,LOGREG,52,1.0,4000,DOMAIN_TEMPLATE_OOD,3708,0.02,0.9327628852203124,0.01990632318501171,0.5849889624724062,0.8899215290002758,0.9213074954291286,0.9175894796986951,0.9596949891067538,0.47518878101402373,0.6356421356421357,0.019956850053937433,881,37,1817,973,0.5
BASE,XGBOOST,52,1.0,4000,IID_ORIGINAL,3051,0.005,0.9896005392074586,0.00468384074941452,0.4282560706401766,10.890058306000356,0.8912620757406201,0.9253791863203632,0.9908045977011494,0.40737240075614367,0.5773610180843939,0.002007024586051179,431,4,1989,627,0.3467715503113733
BASE,XGBOOST,52,1.0,4000,IID_BALANCED,2116,0.005,0.9896005392074586,0.00468384074941452,0.4282560706401766,10.890058306000356,0.9323197944693348,0.9261366275849502,0.9953810623556582,0.40737240075614367,0.5781354795439303,0.001890359168241966,431,2,1056,627,0.5
BASE,XGBOOST,52,1.0,4000,TEMPORAL,8000,0.005,0.9896005392074586,0.00468384074941452,0.4282560706401766,10.890058306000356,0.9441699403286538,0.9411905625000001,0.9924137931034482,0.35975,0.5280733944954128,0.00275,1439,11,3989,2561,0.5
BASE,XGBOOST,52,1.0,4000,DOMAIN_OOD,3858,0.005,0.9896005392074586,0.00468384074941452,0.4282560706401766,10.890058306000356,0.9188753519141308,0.918137693188546,0.9858012170385395,0.25194401244167963,0.40132122213047067,0.0036288232244686366,486,7,1922,1443,0.5
BASE,XGBOOST,52,1.0,4000,TEMPLATE_OOD,6832,0.005,0.9896005392074586,0.00468384074941452,0.4282560706401766,10.890058306000356,0.9381736411108883,0.9349935418940488,0.9917423616845582,0.3515807962529274,0.5191268640587854,0.002927400468384075,1201,10,3406,2215,0.5
BASE,XGBOOST,52,1.0,4000,DOMAIN_TEMPLATE_OOD,3708,0.005,0.9896005392074586,0.00468384074941452,0.4282560706401766,10.890058306000356,0.9103052578122457,0.9097240405013679,0.9861751152073732,0.2308522114347357,0.3741258741258741,0.003236245954692557,428,6,1848,1426,0.5
BASE,XGBOOST,52,1.0,4000,IID_ORIGINAL,3051,0.01,0.9760836362838746,0.00936768149882904,0.4900662251655629,10.890058306000356,0.8912620757406201,0.9253791863203632,0.9780439121756487,0.46313799621928164,0.6286080821039127,0.0055193176116407425,490,11,1982,568,0.3467715503113733
BASE,XGBOOST,52,1.0,4000,IID_BALANCED,2116,0.01,0.9760836362838746,0.00936768149882904,0.4900662251655629,10.890058306000356,0.9323197944693348,0.9261366275849502,0.9919028340080972,0.46313799621928164,0.6314432989690721,0.003780718336483932,490,4,1054,568,0.5
BASE,XGBOOST,52,1.0,4000,TEMPORAL,8000,0.01,0.9760836362838746,0.00936768149882904,0.4900662251655629,10.890058306000356,0.9441699403286538,0.9411905625000001,0.9857873791927232,0.4335,0.60218787984025,0.00625,1734,25,3975,2266,0.5
BASE,XGBOOST,52,1.0,4000,DOMAIN_OOD,3858,0.01,0.9760836362838746,0.00936768149882904,0.4900662251655629,10.890058306000356,0.9188753519141308,0.918137693188546,0.9740853658536586,0.3312597200622084,0.4943907156673114,0.008812856402280975,639,17,1912,1290,0.5
BASE,XGBOOST,52,1.0,4000,TEMPLATE_OOD,6832,0.01,0.9760836362838746,0.00936768149882904,0.4900662251655629,10.890058306000356,0.9381736411108883,0.9349935418940488,0.9834710743801653,0.4180327868852459,0.5866885784716516,0.00702576112412178,1428,24,3392,1988,0.5
BASE,XGBOOST,52,1.0,4000,DOMAIN_TEMPLATE_OOD,3708,0.01,0.9760836362838746,0.00936768149882904,0.4900662251655629,10.890058306000356,0.9103052578122457,0.9097240405013679,0.972027972027972,0.2998921251348436,0.4583676834295136,0.008629989212513484,556,16,1838,1298,0.5
BASE,XGBOOST,52,1.0,4000,IID_ORIGINAL,3051,0.02,0.8836242556571962,0.01990632318501171,0.6026490066225165,10.890058306000356,0.8912620757406201,0.9253791863203632,0.9355828220858896,0.5765595463137996,0.7134502923976608,0.021073758153537382,610,42,1951,448,0.3467715503113733
BASE,XGBOOST,52,1.0,4000,IID_BALANCED,2116,0.02,0.8836242556571962,0.01990632318501171,0.6026490066225165,10.890058306000356,0.9323197944693348,0.9261366275849502,0.9651898734177216,0.5765595463137996,0.7218934911242604,0.020793950850661626,610,22,1036,448,0.5
BASE,XGBOOST,52,1.0,4000,TEMPORAL,8000,0.02,0.8836242556571962,0.01990632318501171,0.6026490066225165,10.890058306000356,0.9441699403286538,0.9411905625000001,0.9710863279636514,0.58775,0.7322846908581218,0.0175,2351,70,3930,1649,0.5
BASE,XGBOOST,52,1.0,4000,DOMAIN_OOD,3858,0.02,0.8836242556571962,0.01990632318501171,0.6026490066225165,10.890058306000356,0.9188753519141308,0.918137693188546,0.9510818438381938,0.5241057542768274,0.6758021390374331,0.02695697252462416,1011,52,1877,918,0.5
BASE,XGBOOST,52,1.0,4000,TEMPLATE_OOD,6832,0.02,0.8836242556571962,0.01990632318501171,0.6026490066225165,10.890058306000356,0.9381736411108883,0.9349935418940488,0.9670822942643391,0.5676229508196722,0.7153661686035787,0.019320843091334895,1939,66,3350,1477,0.5
BASE,XGBOOST,52,1.0,4000,DOMAIN_TEMPLATE_OOD,3708,0.02,0.8836242556571962,0.01990632318501171,0.6026490066225165,10.890058306000356,0.9103052578122457,0.9097240405013679,0.9499478623566214,0.4913700107874865,0.6477070742979026,0.025889967637540454,911,48,1806,943,0.5
BASE,MLP,52,1.0,4000,IID_ORIGINAL,3051,0.005,0.9997069239616395,0.00468384074941452,0.41501103752759383,2.557634481000605,0.9058724732529388,0.9306673072198821,0.9950124688279302,0.3771266540642722,0.546949965729952,0.0010035122930255895,399,2,1991,659,0.3467715503113733
BASE,MLP,52,1.0,4000,IID_BALANCED,2116,0.005,0.9997069239616395,0.00468384074941452,0.41501103752759383,2.557634481000605,0.9404687104796192,0.9308969200367352,0.9950124688279302,0.3771266540642722,0.546949965729952,0.001890359168241966,399,2,1056,659,0.5
BASE,MLP,52,1.0,4000,TEMPORAL,8000,0.005,0.9997069239616395,0.00468384074941452,0.41501103752759383,2.557634481000605,0.9558876777966643,0.9527709062499999,0.9960876369327074,0.31825,0.482379689276241,0.00125,1273,5,3995,2727,0.5
BASE,MLP,52,1.0,4000,DOMAIN_OOD,3858,0.005,0.9997069239616395,0.00468384074941452,0.41501103752759383,2.557634481000605,0.9401941310269034,0.9377851520582545,0.9975490196078431,0.21099015033696217,0.34830979888746255,0.0005184033177812338,407,1,1928,1522,0.5
BASE,MLP,52,1.0,4000,TEMPLATE_OOD,6832,0.005,0.9997069239616395,0.00468384074941452,0.41501103752759383,2.557634481000605,0.951508045225544,0.9484688821443653,0.995164410058027,0.3012295081967213,0.46247191011235955,0.0014637002341920376,1029,5,3411,2387,0.5
BASE,MLP,52,1.0,4000,DOMAIN_TEMPLATE_OOD,3708,0.005,0.9997069239616395,0.00468384074941452,0.41501103752759383,2.557634481000605,0.9348670648853273,0.9329110270920684,0.9971098265895953,0.18608414239482202,0.31363636363636366,0.0005393743257820927,345,1,1853,1509,0.5
BASE,MLP,52,1.0,4000,IID_ORIGINAL,3051,0.01,0.9886716604232789,0.00936768149882904,0.5540838852097131,2.557634481000605,0.9058724732529388,0.9306673072198821,0.9708404802744426,0.5349716446124764,0.6898232784887264,0.008529854490717512,566,17,1976,492,0.3467715503113733
BASE,MLP,52,1.0,4000,IID_BALANCED,2116,0.01,0.9886716604232789,0.00936768149882904,0.5540838852097131,2.557634481000605,0.9404687104796192,0.9308969200367352,0.9826388888888888,0.5349716446124764,0.6927784577723378,0.00945179584120983,566,10,1048,492,0.5
BASE,MLP,52,1.0,4000,TEMPORAL,8000,0.01,0.9886716604232789,0.00936768149882904,0.5540838852097131,2.557634481000605,0.9558876777966643,0.9527709062499999,0.984027105517909,0.50825,0.6702934388394329,0.00825,2033,33,3967,1967,0.5
BASE,MLP,52,1.0,4000,DOMAIN_OOD,3858,0.01,0.9886716604232789,0.00936768149882904,0.5540838852097131,2.557634481000605,0.9401941310269034,0.9377851520582545,0.9766081871345029,0.43286677034733023,0.5998563218390804,0.010368066355624676,835,20,1909,1094,0.5
BASE,MLP,52,1.0,4000,TEMPLATE_OOD,6832,0.01,0.9886716604232789,0.00936768149882904,0.5540838852097131,2.557634481000605,0.951508045225544,0.9484688821443653,0.9832935560859188,0.48243559718969553,0.6472898664571878,0.00819672131147541,1648,28,3388,1768,0.5
BASE,MLP,52,1.0,4000,DOMAIN_TEMPLATE_OOD,3708,0.01,0.9886716604232789,0.00936768149882904,0.5540838852097131,2.557634481000605,0.9348670648853273,0.9329110270920684,0.9785522788203753,0.39374325782092773,0.5615384615384615,0.008629989212513484,730,16,1838,1124,0.5
BASE,MLP,52,1.0,4000,IID_ORIGINAL,3051,0.02,0.9042509794235231,0.01990632318501171,0.6512141280353201,2.557634481000605,0.9058724732529388,0.9306673072198821,0.943502824858757,0.6313799621928167,0.7565118912797282,0.02007024586051179,668,40,1953,390,0.3467715503113733
BASE,MLP,52,1.0,4000,IID_BALANCED,2116,0.02,0.9042509794235231,0.01990632318501171,0.6512141280353201,2.557634481000605,0.9404687104796192,0.9308969200367352,0.9681159420289855,0.6313799621928167,0.7643020594965675,0.020793950850661626,668,22,1036,390,0.5
BASE,MLP,52,1.0,4000,TEMPORAL,8000,0.02,0.9042509794235231,0.01990632318501171,0.6512141280353201,2.557634481000605,0.9558876777966643,0.9527709062499999,0.9681599407626805,0.65375,0.7804805252947321,0.0215,2615,86,3914,1385,0.5
BASE,MLP,52,1.0,4000,DOMAIN_OOD,3858,0.02,0.9042509794235231,0.01990632318501171,0.6512141280353201,2.557634481000605,0.9401941310269034,0.9377851520582545,0.9556809024979855,0.6148263348885433,0.7482649842271294,0.02851218247796786,1186,55,1874,743,0.5
BASE,MLP,52,1.0,4000,TEMPLATE_OOD,6832,0.02,0.9042509794235231,0.01990632318501171,0.6512141280353201,2.557634481000605,0.951508045225544,0.9484688821443653,0.9648888888888889,0.6355386416861827,0.7663254500529474,0.023126463700234193,2171,79,3337,1245,0.5
BASE,MLP,52,1.0,4000,DOMAIN_TEMPLATE_OOD,3708,0.02,0.9042509794235231,0.01990632318501171,0.6512141280353201,2.557634481000605,0.9348670648853273,0.9329110270920684,0.9547872340425532,0.580906148867314,0.7223340040241448,0.02750809061488673,1077,51,1803,777,0.5
DAPT,LOGREG,52,1.0,4000,IID_ORIGINAL,3051,0.005,0.9930763086283355,0.00468384074941452,0.2847682119205298,0.6735183079999842,0.8951593321812998,0.9248750589255208,0.9895833333333334,0.26937618147448017,0.4234769687964339,0.0015052684395383843,285,3,1990,773,0.3467715503113733
DAPT,LOGREG,52,1.0,4000,IID_BALANCED,2116,0.005,0.9930763086283355,0.00468384074941452,0.2847682119205298,0.6735183079999842,0.931480684412849,0.923779038811325,0.9930313588850174,0.26937618147448017,0.42379182156133827,0.001890359168241966,285,2,1056,773,0.5
DAPT,LOGREG,52,1.0,4000,TEMPORAL,8000,0.005,0.9930763086283355,0.00468384074941452,0.2847682119205298,0.6735183079999842,0.9515694533474055,0.9473672500000001,0.9916376306620209,0.35575,0.5236430542778289,0.003,1423,12,3988,2577,0.5
DAPT,LOGREG,52,1.0,4000,DOMAIN_OOD,3858,0.005,0.9930763086283355,0.00468384074941452,0.2847682119205298,0.6735183079999842,0.9311754984575011,0.9288728611160157,0.9801084990958409,0.2809745982374287,0.43674456083803387,0.005702436495593572,542,11,1918,1387,0.5
DAPT,LOGREG,52,1.0,4000,TEMPLATE_OOD,6832,0.005,0.9930763086283355,0.00468384074941452,0.2847682119205298,0.6735183079999842,0.9479178184241971,0.9437828561282079,0.9906937394247038,0.3427985948477752,0.5093518921270117,0.0032201405152224825,1171,11,3405,2245,0.5
DAPT,LOGREG,52,1.0,4000,DOMAIN_TEMPLATE_OOD,3708,0.005,0.9930763086283355,0.00468384074941452,0.2847682119205298,0.6735183079999842,0.9247397461113124,0.9228619073719144,0.9797979797979798,0.261596548004315,0.4129416773094934,0.005393743257820928,485,10,1844,1369,0.5
DAPT,LOGREG,52,1.0,4000,IID_ORIGINAL,3051,0.01,0.9602425670592929,0.00936768149882904,0.434878587196468,0.6735183079999842,0.8951593321812998,0.9248750589255208,0.968609865470852,0.40831758034026466,0.574468085106383,0.007024586051179127,432,14,1979,626,0.3467715503113733
DAPT,LOGREG,52,1.0,4000,IID_BALANCED,2116,0.01,0.9602425670592929,0.00936768149882904,0.434878587196468,0.6735183079999842,0.931480684412849,0.923779038811325,0.972972972972973,0.40831758034026466,0.5752330226364847,0.011342155009451797,432,12,1046,626,0.5
DAPT,LOGREG,52,1.0,4000,TEMPORAL,8000,0.01,0.9602425670592929,0.00936768149882904,0.434878587196468,0.6735183079999842,0.9515694533474055,0.9473672500000001,0.9847401049117788,0.51625,0.677382319173364,0.008,2065,32,3968,1935,0.5
DAPT,LOGREG,52,1.0,4000,DOMAIN_OOD,3858,0.01,0.9602425670592929,0.00936768149882904,0.434878587196468,0.6735183079999842,0.9311754984575011,0.9288728611160157,0.9754385964912281,0.432348367029549,0.5991379310344828,0.01088646967340591,834,21,1908,1095,0.5
DAPT,LOGREG,52,1.0,4000,TEMPLATE_OOD,6832,0.01,0.9602425670592929,0.00936768149882904,0.434878587196468,0.6735183079999842,0.9479178184241971,0.9437828561282079,0.9833524684270953,0.5014637002341921,0.6642109344707251,0.008489461358313818,1713,29,3387,1703,0.5
DAPT,LOGREG,52,1.0,4000,DOMAIN_TEMPLATE_OOD,3708,0.01,0.9602425670592929,0.00936768149882904,0.434878587196468,0.6735183079999842,0.9247397461113124,0.9228619073719144,0.9739921976592978,0.4039913700107875,0.571101791841403,0.010787486515641856,749,20,1834,1105,0.5
DAPT,LOGREG,52,1.0,4000,IID_ORIGINAL,3051,0.02,0.8827694598664094,0.01990632318501171,0.5982339955849889,0.6735183079999842,0.8951593321812998,0.9248750589255208,0.9487179487179487,0.5945179584120983,0.7309703660662406,0.017059708981435023,629,34,1959,429,0.3467715503113733
DAPT,LOGREG,52,1.0,4000,IID_BALANCED,2116,0.02,0.8827694598664094,0.01990632318501171,0.5982339955849889,0.6735183079999842,0.931480684412849,0.923779038811325,0.9662058371735791,0.5945179584120983,0.7361029842012873,0.020793950850661626,629,22,1036,429,0.5
DAPT,LOGREG,52,1.0,4000,TEMPORAL,8000,0.02,0.8827694598664094,0.01990632318501171,0.5982339955849889,0.6735183079999842,0.9515694533474055,0.9473672500000001,0.9756767359748921,0.62175,0.7595052679798443,0.0155,2487,62,3938,1513,0.5
DAPT,LOGREG,52,1.0,4000,DOMAIN_OOD,3858,0.02,0.8827694598664094,0.01990632318501171,0.5982339955849889,0.6735183079999842,0.9311754984575011,0.9288728611160157,0.9659926470588235,0.5448418869880767,0.6967185946304276,0.01918092275790565,1051,37,1892,878,0.5
DAPT,LOGREG,52,1.0,4000,TEMPLATE_OOD,6832,0.02,0.8827694598664094,0.01990632318501171,0.5982339955849889,0.6735183079999842,0.9479178184241971,0.9437828561282079,0.9741541353383458,0.6068501170960188,0.7478354978354979,0.016100702576112413,2073,55,3361,1343,0.5
DAPT,LOGREG,52,1.0,4000,DOMAIN_TEMPLATE_OOD,3708,0.02,0.8827694598664094,0.01990632318501171,0.5982339955849889,0.6735183079999842,0.9247397461113124,0.9228619073719144,0.964824120603015,0.517799352750809,0.6739206739206739,0.018878101402373247,960,35,1819,894,0.5
DAPT,XGBOOST,52,1.0,4000,IID_ORIGINAL,3051,0.005,0.9814760684967042,0.00468384074941452,0.41721854304635764,10.194779436000317,0.8729400437669985,0.9129898880486239,0.9675,0.3657844990548204,0.5308641975308642,0.006522829904666332,387,13,1980,671,0.3467715503113733
DAPT,XGBOOST,52,1.0,4000,IID_BALANCED,2116,0.005,0.9814760684967042,0.00468384074941452,0.41721854304635764,10.194779436000317,0.9195306845444036,0.9131962435811765,0.9723618090452262,0.3657844990548204,0.5315934065934066,0.010396975425330813,387,11,1047,671,0.5
DAPT,XGBOOST,52,1.0,4000,TEMPORAL,8000,0.005,0.9814760684967042,0.00468384074941452,0.41721854304635764,10.194779436000317,0.9429739100897158,0.9378437500000001,0.9920454545454546,0.4365,0.60625,0.0035,1746,14,3986,2254,0.5
DAPT,XGBOOST,52,1.0,4000,DOMAIN_OOD,3858,0.005,0.9814760684967042,0.00468384074941452,0.41721854304635764,10.194779436000317,0.920326908134049,0.9152866093117491,0.9896142433234422,0.34577501296008295,0.5124855935459086,0.0036288232244686366,667,7,1922,1262,0.5
DAPT,XGBOOST,52,1.0,4000,TEMPLATE_OOD,6832,0.005,0.9814760684967042,0.00468384074941452,0.41721854304635764,10.194779436000317,0.9373264473293066,0.9319765026408305,0.9909596662030598,0.41715456674473067,0.5871446229913473,0.0038056206088992973,1425,13,3403,1991,0.5
DAPT,XGBOOST,52,1.0,4000,DOMAIN_TEMPLATE_OOD,3708,0.005,0.9814760684967042,0.00468384074941452,0.41721854304635764,10.194779436000317,0.9111941407703126,0.9070393877083165,0.9877622377622378,0.3047464940668824,0.46578730420445175,0.0037756202804746495,565,7,1847,1289,0.5
DAPT,XGBOOST,52,1.0,4000,IID_ORIGINAL,3051,0.01,0.9471212029457093,0.00936768149882904,0.4988962472406181,10.194779436000317,0.8729400437669985,0.9129898880486239,0.941747572815534,0.45841209829867674,0.6166560712015258,0.015052684395383844,485,30,1963,573,0.3467715503113733
DAPT,XGBOOST,52,1.0,4000,IID_BALANCED,2116,0.01,0.9471212029457093,0.00936768149882904,0.4988962472406181,10.194779436000317,0.9195306845444036,0.9131962435811765,0.9603960396039604,0.45841209829867674,0.6206014075495841,0.01890359168241966,485,20,1038,573,0.5
DAPT,XGBOOST,52,1.0,4000,TEMPORAL,8000,0.01,0.9471212029457093,0.00936768149882904,0.4988962472406181,10.194779436000317,0.9429739100897158,0.9378437500000001,0.9850606909430439,0.5275,0.6870726147834582,0.008,2110,32,3968,1890,0.5
DAPT,XGBOOST,52,1.0,4000,DOMAIN_OOD,3858,0.01,0.9471212029457093,0.00936768149882904,0.4988962472406181,10.194779436000317,0.920326908134049,0.9152866093117491,0.9774520856820744,0.4494556765163297,0.6157670454545454,0.010368066355624676,867,20,1909,1062,0.5
DAPT,XGBOOST,52,1.0,4000,TEMPLATE_OOD,6832,0.01,0.9471212029457093,0.00936768149882904,0.4988962472406181,10.194779436000317,0.9373264473293066,0.9319765026408305,0.9840546697038725,0.5058548009367682,0.6682134570765661,0.00819672131147541,1728,28,3388,1688,0.5
DAPT,XGBOOST,52,1.0,4000,DOMAIN_TEMPLATE_OOD,3708,0.01,0.9471212029457093,0.00936768149882904,0.4988962472406181,10.194779436000317,0.9111941407703126,0.9070393877083165,0.9755784061696658,0.40938511326860844,0.5767477203647416,0.010248112189859764,759,19,1835,1095,0.5
DAPT,XGBOOST,52,1.0,4000,IID_ORIGINAL,3051,0.02,0.8886552453041078,0.01990632318501171,0.5916114790286976,10.194779436000317,0.8729400437669985,0.9129898880486239,0.9339622641509434,0.5614366729678639,0.7012987012987013,0.021073758153537382,594,42,1951,464,0.3467715503113733
DAPT,XGBOOST,52,1.0,4000,IID_BALANCED,2116,0.02,0.8886552453041078,0.01990632318501171,0.5916114790286976,10.194779436000317,0.9195306845444036,0.9131962435811765,0.9596122778675282,0.5614366729678639,0.7084078711985689,0.023629489603024575,594,25,1033,464,0.5
DAPT,XGBOOST,52,1.0,4000,TEMPORAL,8000,0.02,0.8886552453041078,0.01990632318501171,0.5916114790286976,10.194779436000317,0.9429739100897158,0.9378437500000001,0.9780447390223695,0.59025,0.7362020579981291,0.01325,2361,53,3947,1639,0.5
DAPT,XGBOOST,52,1.0,4000,DOMAIN_OOD,3858,0.02,0.8886552453041078,0.01990632318501171,0.5916114790286976,10.194779436000317,0.920326908134049,0.9152866093117491,0.9656816015252622,0.5251425609123899,0.6803223640026864,0.01866251944012442,1013,36,1893,916,0.5
DAPT,XGBOOST,52,1.0,4000,TEMPLATE_OOD,6832,0.02,0.8886552453041078,0.01990632318501171,0.5916114790286976,10.194779436000317,0.9373264473293066,0.9319765026408305,0.9763700351935646,0.5685011709601874,0.7185938945420907,0.013758782201405152,1942,47,3369,1474,0.5
DAPT,XGBOOST,52,1.0,4000,DOMAIN_TEMPLATE_OOD,3708,0.02,0.8886552453041078,0.01990632318501171,0.5916114790286976,10.194779436000317,0.9111941407703126,0.9070393877083165,0.9648936170212766,0.4892125134843581,0.6492483894058697,0.01779935275080906,907,33,1821,947,0.5
DAPT,MLP,52,1.0,4000,IID_ORIGINAL,3051,0.005,0.9875028729438783,0.00468384074941452,0.293598233995585,1.8222833899999387,0.8937121731384589,0.9226256927601995,0.9888475836431226,0.2514177693761815,0.400904295403165,0.0015052684395383843,266,3,1990,792,0.3467715503113733
DAPT,MLP,52,1.0,4000,IID_BALANCED,2116,0.005,0.9875028729438783,0.00468384074941452,0.293598233995585,1.8222833899999387,0.9315715534027409,0.9223005206527994,0.9888475836431226,0.2514177693761815,0.400904295403165,0.002835538752362949,266,3,1055,792,0.5
DAPT,MLP,52,1.0,4000,TEMPORAL,8000,0.005,0.9875028729438783,0.00468384074941452,0.293598233995585,1.8222833899999387,0.948200058768874,0.9443125625,0.9968228752978554,0.31375,0.4772770488686062,0.001,1255,4,3996,2745,0.5
DAPT,MLP,52,1.0,4000,DOMAIN_OOD,3858,0.005,0.9875028729438783,0.00468384074941452,0.293598233995585,1.8222833899999387,0.9318032441757099,0.9289365529699888,0.994750656167979,0.1964748574390876,0.3281385281385281,0.0010368066355624676,379,2,1927,1550,0.5
DAPT,MLP,52,1.0,4000,TEMPLATE_OOD,6832,0.005,0.9875028729438783,0.00468384074941452,0.293598233995585,1.8222833899999387,0.9435736065507954,0.9395824306610576,0.99609375,0.29859484777517564,0.4594594594594595,0.00117096018735363,1020,4,3412,2396,0.5
DAPT,MLP,52,1.0,4000,DOMAIN_TEMPLATE_OOD,3708,0.005,0.9875028729438783,0.00468384074941452,0.293598233995585,1.8222833899999387,0.9246180369941708,0.9224365755141513,0.9937304075235109,0.1709816612729234,0.2917625402669121,0.0010787486515641855,317,2,1852,1537,0.5
DAPT,MLP,52,1.0,4000,IID_ORIGINAL,3051,0.01,0.8633882999420167,0.00936768149882904,0.5452538631346578,1.8222833899999387,0.8937121731384589,0.9226256927601995,0.9565972222222222,0.5207939508506616,0.6744186046511628,0.012543903662819869,551,25,1968,507,0.3467715503113733
DAPT,MLP,52,1.0,4000,IID_BALANCED,2116,0.01,0.8633882999420167,0.00936768149882904,0.5452538631346578,1.8222833899999387,0.9315715534027409,0.9223005206527994,0.9717813051146384,0.5207939508506616,0.6781538461538461,0.015122873345935728,551,16,1042,507,0.5
DAPT,MLP,52,1.0,4000,TEMPORAL,8000,0.01,0.8633882999420167,0.00936768149882904,0.5452538631346578,1.8222833899999387,0.948200058768874,0.9443125625,0.9794520547945206,0.53625,0.6930533117932148,0.01125,2145,45,3955,1855,0.5
DAPT,MLP,52,1.0,4000,DOMAIN_OOD,3858,0.01,0.8633882999420167,0.00936768149882904,0.5452538631346578,1.8222833899999387,0.9318032441757099,0.9289365529699888,0.973421926910299,0.4556765163297045,0.6207627118644068,0.012441679626749611,879,24,1905,1050,0.5
DAPT,MLP,52,1.0,4000,TEMPLATE_OOD,6832,0.01,0.8633882999420167,0.00936768149882904,0.5452538631346578,1.8222833899999387,0.9435736065507954,0.9395824306610576,0.9785431959345002,0.5073185011709602,0.6682089839984576,0.011124121779859485,1733,38,3378,1683,0.5
DAPT,MLP,52,1.0,4000,DOMAIN_TEMPLATE_OOD,3708,0.01,0.8633882999420167,0.00936768149882904,0.5452538631346578,1.8222833899999387,0.9246180369941708,0.9224365755141513,0.9716859716859717,0.40722761596548,0.5739262637780311,0.011866235167206042,755,22,1832,1099,0.5
DAPT,MLP,52,1.0,4000,IID_ORIGINAL,3051,0.02,0.6901479363441468,0.01990632318501171,0.6357615894039735,1.8222833899999387,0.8937121731384589,0.9226256927601995,0.9277456647398844,0.6068052930056711,0.7337142857142858,0.025087807325639738,642,50,1943,416,0.3467715503113733
DAPT,MLP,52,1.0,4000,IID_BALANCED,2116,0.02,0.6901479363441468,0.01990632318501171,0.6357615894039735,1.8222833899999387,0.9315715534027409,0.9223005206527994,0.9567809239940388,0.6068052930056711,0.7426257952573742,0.027410207939508508,642,29,1029,416,0.5
DAPT,MLP,52,1.0,4000,TEMPORAL,8000,0.02,0.6901479363441468,0.01990632318501171,0.6357615894039735,1.8222833899999387,0.948200058768874,0.9443125625,0.9655301611090296,0.64425,0.7728295096716149,0.023,2577,92,3908,1423,0.5
DAPT,MLP,52,1.0,4000,DOMAIN_OOD,3858,0.02,0.6901479363441468,0.01990632318501171,0.6357615894039735,1.8222833899999387,0.9318032441757099,0.9289365529699888,0.9550084889643463,0.583203732503888,0.7241712262632765,0.027475375842405392,1125,53,1876,804,0.5
DAPT,MLP,52,1.0,4000,TEMPLATE_OOD,6832,0.02,0.6901479363441468,0.01990632318501171,0.6357615894039735,1.8222833899999387,0.9435736065507954,0.9395824306610576,0.9645293315143247,0.6209016393442623,0.7554764024933215,0.022833723653395786,2121,78,3338,1295,0.5
DAPT,MLP,52,1.0,4000,DOMAIN_TEMPLATE_OOD,3708,0.02,0.6901479363441468,0.01990632318501171,0.6357615894039735,1.8222833899999387,0.9246180369941708,0.9224365755141513,0.9553903345724907,0.5544768069039914,0.7017064846416382,0.025889967637540454,1028,48,1806,826,0.5
CONTRASTIVE,LOGREG,52,1.0,4000,IID_ORIGINAL,3051,0.005,0.9922129561882762,0.00468384074941452,0.26269315673289184,0.6687656770000103,0.8277023716391747,0.8813005253737799,0.9583333333333334,0.2826086956521739,0.4364963503649635,0.006522829904666332,299,13,1980,759,0.3467715503113733
CONTRASTIVE,LOGREG,52,1.0,4000,IID_BALANCED,2116,0.005,0.9922129561882762,0.00468384074941452,0.26269315673289184,0.6687656770000103,0.8884764591772447,0.8791635250016974,0.9771241830065359,0.2826086956521739,0.43841642228739003,0.006616257088846881,299,7,1051,759,0.5
CONTRASTIVE,LOGREG,52,1.0,4000,TEMPORAL,8000,0.005,0.9922129561882762,0.00468384074941452,0.26269315673289184,0.6687656770000103,0.9035782353718118,0.8868119374999999,0.9884238646482636,0.2775,0.4333398399375366,0.00325,1110,13,3987,2890,0.5
CONTRASTIVE,LOGREG,52,1.0,4000,DOMAIN_OOD,3858,0.005,0.9922129561882762,0.00468384074941452,0.26269315673289184,0.6687656770000103,0.8717338247472637,0.8531448591939729,0.9802816901408451,0.18040435458786935,0.30472854640980734,0.0036288232244686366,348,7,1922,1581,0.5
CONTRASTIVE,LOGREG,52,1.0,4000,TEMPLATE_OOD,6832,0.005,0.9922129561882762,0.00468384074941452,0.26269315673289184,0.6687656770000103,0.9002383038434262,0.8835782431757977,0.9871106337271751,0.2690281030444965,0.4228203358638141,0.00351288056206089,919,12,3404,2497,0.5
CONTRASTIVE,LOGREG,52,1.0,4000,DOMAIN_TEMPLATE_OOD,3708,0.005,0.9922129561882762,0.00468384074941452,0.26269315673289184,0.6687656770000103,0.8631437575705647,0.8440992914238898,0.9808917197452229,0.16612729234088458,0.28413284132841327,0.003236245954692557,308,6,1848,1546,0.5
CONTRASTIVE,LOGREG,52,1.0,4000,IID_ORIGINAL,3051,0.01,0.9843731205604934,0.00936768149882904,0.31567328918322296,0.6687656770000103,0.8277023716391747,0.8813005253737799,0.9401041666666666,0.34120982986767484,0.5006934812760055,0.01154039136979428,361,23,1970,697,0.3467715503113733
CONTRASTIVE,LOGREG,52,1.0,4000,IID_BALANCED,2116,0.01,0.9843731205604934,0.00936768149882904,0.31567328918322296,0.6687656770000103,0.8884764591772447,0.8791635250016974,0.967828418230563,0.34120982986767484,0.5045422781271838,0.011342155009451797,361,12,1046,697,0.5
CONTRASTIVE,LOGREG,52,1.0,4000,TEMPORAL,8000,0.01,0.9843731205604934,0.00936768149882904,0.31567328918322296,0.6687656770000103,0.9035782353718118,0.8868119374999999,0.9873684210526316,0.35175,0.5187096774193548,0.0045,1407,18,3982,2593,0.5
CONTRASTIVE,LOGREG,52,1.0,4000,DOMAIN_OOD,3858,0.01,0.9843731205604934,0.00936768149882904,0.31567328918322296,0.6687656770000103,0.8717338247472637,0.8531448591939729,0.9819639278557114,0.25401762571280456,0.40362438220757824,0.004665629860031105,490,9,1920,1439,0.5
CONTRASTIVE,LOGREG,52,1.0,4000,TEMPLATE_OOD,6832,0.01,0.9843731205604934,0.00936768149882904,0.31567328918322296,0.6687656770000103,0.9002383038434262,0.8835782431757977,0.9864061172472387,0.3398711943793911,0.5055519268451992,0.00468384074941452,1161,16,3400,2255,0.5
CONTRASTIVE,LOGREG,52,1.0,4000,DOMAIN_TEMPLATE_OOD,3708,0.01,0.9843731205604934,0.00936768149882904,0.31567328918322296,0.6687656770000103,0.8631437575705647,0.8440992914238898,0.981941309255079,0.23462783171521034,0.3787548976926426,0.004314994606256742,435,8,1846,1419,0.5
CONTRASTIVE,LOGREG,52,1.0,4000,IID_ORIGINAL,3051,0.02,0.945962044823412,0.01990632318501171,0.4260485651214128,0.6687656770000103,0.8277023716391747,0.8813005253737799,0.9014869888475836,0.45841209829867674,0.6077694235588973,0.026593075765178123,485,53,1940,573,0.3467715503113733
CONTRASTIVE,LOGREG,52,1.0,4000,IID_BALANCED,2116,0.02,0.945962044823412,0.01990632318501171,0.4260485651214128,0.6687656770000103,0.8884764591772447,0.8791635250016974,0.941747572815534,0.45841209829867674,0.6166560712015258,0.02835538752362949,485,30,1028,573,0.5
CONTRASTIVE,LOGREG,52,1.0,4000,TEMPORAL,8000,0.02,0.945962044823412,0.01990632318501171,0.4260485651214128,0.6687656770000103,0.9035782353718118,0.8868119374999999,0.9646999495713565,0.47825,0.6394785224803611,0.0175,1913,70,3930,2087,0.5
CONTRASTIVE,LOGREG,52,1.0,4000,DOMAIN_OOD,3858,0.02,0.945962044823412,0.01990632318501171,0.4260485651214128,0.6687656770000103,0.8717338247472637,0.8531448591939729,0.9532828282828283,0.3913945049248315,0.5549430356486585,0.01918092275790565,755,37,1892,1174,0.5
CONTRASTIVE,LOGREG,52,1.0,4000,TEMPLATE_OOD,6832,0.02,0.945962044823412,0.01990632318501171,0.4260485651214128,0.6687656770000103,0.9002383038434262,0.8835782431757977,0.9631197097944377,0.46633489461358313,0.6284023668639053,0.017857142857142856,1593,61,3355,1823,0.5
CONTRASTIVE,LOGREG,52,1.0,4000,DOMAIN_TEMPLATE_OOD,3708,0.02,0.945962044823412,0.01990632318501171,0.4260485651214128,0.6687656770000103,0.8631437575705647,0.8440992914238898,0.9525801952580195,0.36839266450916935,0.5313107740178918,0.018338727076591153,683,34,1820,1171,0.5
CONTRASTIVE,XGBOOST,52,1.0,4000,IID_ORIGINAL,3051,0.005,0.992655634880066,0.00468384074941452,0.1368653421633554,13.67576445800023,0.8077588990721344,0.8811511367290242,0.9441340782122905,0.15973534971644612,0.27324171382376716,0.005017561465127948,169,10,1983,889,0.3467715503113733
CONTRASTIVE,XGBOOST,52,1.0,4000,IID_BALANCED,2116,0.005,0.992655634880066,0.00468384074941452,0.1368653421633554,13.67576445800023,0.8788142889444073,0.8824734402750134,0.9657142857142857,0.15973534971644612,0.27412814274128144,0.005671077504725898,169,6,1052,889,0.5
CONTRASTIVE,XGBOOST,52,1.0,4000,TEMPORAL,8000,0.005,0.992655634880066,0.00468384074941452,0.1368653421633554,13.67576445800023,0.884937052253555,0.8649441249999998,0.9889746416758545,0.22425,0.36560016303240267,0.0025,897,10,3990,3103,0.5
CONTRASTIVE,XGBOOST,52,1.0,4000,DOMAIN_OOD,3858,0.005,0.992655634880066,0.00468384074941452,0.1368653421633554,13.67576445800023,0.844532864588156,0.8260032609154266,0.9774436090225563,0.13478486262312078,0.23690205011389523,0.003110419906687403,260,6,1923,1669,0.5
CONTRASTIVE,XGBOOST,52,1.0,4000,TEMPLATE_OOD,6832,0.005,0.992655634880066,0.00468384074941452,0.1368653421633554,13.67576445800023,0.8856506253866095,0.8646986525730959,0.9883268482490273,0.2230679156908665,0.3639837592548364,0.0026346604215456673,762,9,3407,2654,0.5
CONTRASTIVE,XGBOOST,52,1.0,4000,DOMAIN_TEMPLATE_OOD,3708,0.005,0.992655634880066,0.00468384074941452,0.1368653421633554,13.67576445800023,0.8385467179052856,0.8198440294695047,0.9779735682819384,0.11974110032362459,0.21335896203748198,0.002696871628910464,222,5,1849,1632,0.5
CONTRASTIVE,XGBOOST,52,1.0,4000,IID_ORIGINAL,3051,0.01,0.9856772422790528,0.00936768149882904,0.20309050772626933,13.67576445800023,0.8077588990721344,0.8811511367290242,0.9395161290322581,0.22022684310018903,0.3568147013782542,0.007526342197691922,233,15,1978,825,0.3467715503113733
CONTRASTIVE,XGBOOST,52,1.0,4000,IID_BALANCED,2116,0.01,0.9856772422790528,0.00936768149882904,0.20309050772626933,13.67576445800023,0.8788142889444073,0.8824734402750134,0.9628099173553719,0.22022684310018903,0.35846153846153844,0.008506616257088847,233,9,1049,825,0.5
CONTRASTIVE,XGBOOST,52,1.0,4000,TEMPORAL,8000,0.01,0.9856772422790528,0.00936768149882904,0.20309050772626933,13.67576445800023,0.884937052253555,0.8649441249999998,0.9850088183421517,0.27925,0.43513829372808727,0.00425,1117,17,3983,2883,0.5
CONTRASTIVE,XGBOOST,52,1.0,4000,DOMAIN_OOD,3858,0.01,0.9856772422790528,0.00936768149882904,0.20309050772626933,13.67576445800023,0.844532864588156,0.8260032609154266,0.9721448467966574,0.1809227579056506,0.30506993006993005,0.005184033177812338,349,10,1919,1580,0.5
CONTRASTIVE,XGBOOST,52,1.0,4000,TEMPLATE_OOD,6832,0.01,0.9856772422790528,0.00936768149882904,0.20309050772626933,13.67576445800023,0.8856506253866095,0.8646986525730959,0.9852941176470589,0.27459016393442626,0.42948717948717946,0.004098360655737705,938,14,3402,2478,0.5
CONTRASTIVE,XGBOOST,52,1.0,4000,DOMAIN_TEMPLATE_OOD,3708,0.01,0.9856772422790528,0.00936768149882904,0.20309050772626933,13.67576445800023,0.8385467179052856,0.8198440294695047,0.970873786407767,0.16181229773462782,0.27739251040221913,0.0048543689320388345,300,9,1845,1554,0.5
CONTRASTIVE,XGBOOST,52,1.0,4000,IID_ORIGINAL,3051,0.02,0.9716414213180543,0.01990632318501171,0.2847682119205298,13.67576445800023,0.8077588990721344,0.8811511367290242,0.9202279202279202,0.3052930056710775,0.45848119233498935,0.014049172102358254,323,28,1965,735,0.3467715503113733
CONTRASTIVE,XGBOOST,52,1.0,4000,IID_BALANCED,2116,0.02,0.9716414213180543,0.01990632318501171,0.2847682119205298,13.67576445800023,0.8788142889444073,0.8824734402750134,0.9472140762463344,0.3052930056710775,0.46175839885632597,0.017013232514177693,323,18,1040,735,0.5
CONTRASTIVE,XGBOOST,52,1.0,4000,TEMPORAL,8000,0.02,0.9716414213180543,0.01990632318501171,0.2847682119205298,13.67576445800023,0.884937052253555,0.8649441249999998,0.9698457223001402,0.34575,0.5097677847401401,0.01075,1383,43,3957,2617,0.5
CONTRASTIVE,XGBOOST,52,1.0,4000,DOMAIN_OOD,3858,0.02,0.9716414213180543,0.01990632318501171,0.2847682119205298,13.67576445800023,0.844532864588156,0.8260032609154266,0.9538784067085954,0.23587350959046138,0.3782211138819618,0.011404872991187144,455,22,1907,1474,0.5
CONTRASTIVE,XGBOOST,52,1.0,4000,TEMPLATE_OOD,6832,0.02,0.9716414213180543,0.01990632318501171,0.2847682119205298,13.67576445800023,0.8856506253866095,0.8646986525730959,0.9736394557823129,0.3351873536299766,0.49869337979094075,0.009074941451990632,1145,31,3385,2271,0.5
CONTRASTIVE,XGBOOST,52,1.0,4000,DOMAIN_TEMPLATE_OOD,3708,0.02,0.9716414213180543,0.01990632318501171,0.2847682119205298,13.67576445800023,0.8385467179052856,0.8198440294695047,0.95260663507109,0.2168284789644013,0.3532513181019332,0.010787486515641856,402,20,1834,1452,0.5
CONTRASTIVE,MLP,52,1.0,4000,IID_ORIGINAL,3051,0.005,0.981436312198639,0.00468384074941452,0.3068432671081678,1.848680277999847,0.8381966829303285,0.8942959147185281,0.9578313253012049,0.3005671077504726,0.45755395683453237,0.007024586051179127,318,14,1979,740,0.3467715503113733
CONTRASTIVE,MLP,52,1.0,4000,IID_BALANCED,2116,0.005,0.981436312198639,0.00468384074941452,0.3068432671081678,1.848680277999847,0.8964949627689724,0.8940166022848689,0.9724770642201835,0.3005671077504726,0.4592057761732852,0.008506616257088847,318,9,1049,740,0.5
CONTRASTIVE,MLP,52,1.0,4000,TEMPORAL,8000,0.005,0.981436312198639,0.00468384074941452,0.3068432671081678,1.848680277999847,0.8978995933092259,0.88143121875,0.9827067669172932,0.32675,0.49043151969981236,0.00575,1307,23,3977,2693,0.5
CONTRASTIVE,MLP,52,1.0,4000,DOMAIN_OOD,3858,0.005,0.981436312198639,0.00468384074941452,0.3068432671081678,1.848680277999847,0.8675742037334084,0.8516225701356153,0.9788235294117648,0.21565578019699327,0.35344095157179267,0.004665629860031105,416,9,1920,1513,0.5
CONTRASTIVE,MLP,52,1.0,4000,TEMPLATE_OOD,6832,0.005,0.981436312198639,0.00468384074941452,0.3068432671081678,1.848680277999847,0.8991747445430667,0.883273934069731,0.9848214285714286,0.32289227166276346,0.486331569664903,0.004976580796252928,1103,17,3399,2313,0.5
CONTRASTIVE,MLP,52,1.0,4000,DOMAIN_TEMPLATE_OOD,3708,0.005,0.981436312198639,0.00468384074941452,0.3068432671081678,1.848680277999847,0.8575827292290572,0.8417067269928049,0.979002624671916,0.2011866235167206,0.3337807606263982,0.004314994606256742,373,8,1846,1481,0.5
CONTRASTIVE,MLP,52,1.0,4000,IID_ORIGINAL,3051,0.01,0.9709212183952333,0.00936768149882904,0.3333333333333333,1.848680277999847,0.8381966829303285,0.8942959147185281,0.9411764705882353,0.34782608695652173,0.5079365079365079,0.01154039136979428,368,23,1970,690,0.3467715503113733
CONTRASTIVE,MLP,52,1.0,4000,IID_BALANCED,2116,0.01,0.9709212183952333,0.00936768149882904,0.3333333333333333,1.848680277999847,0.8964949627689724,0.8940166022848689,0.9583333333333334,0.34782608695652173,0.5104022191400832,0.015122873345935728,368,16,1042,690,0.5
CONTRASTIVE,MLP,52,1.0,4000,TEMPORAL,8000,0.01,0.9709212183952333,0.00936768149882904,0.3333333333333333,1.848680277999847,0.8978995933092259,0.88143121875,0.9774834437086093,0.369,0.5357531760435572,0.0085,1476,34,3966,2524,0.5
CONTRASTIVE,MLP,52,1.0,4000,DOMAIN_OOD,3858,0.01,0.9709212183952333,0.00936768149882904,0.3333333333333333,1.848680277999847,0.8675742037334084,0.8516225701356153,0.9764243614931237,0.2576464489372732,0.4077112387202625,0.006220839813374806,497,12,1917,1432,0.5
CONTRASTIVE,MLP,52,1.0,4000,TEMPLATE_OOD,6832,0.01,0.9709212183952333,0.00936768149882904,0.3333333333333333,1.848680277999847,0.8991747445430667,0.883273934069731,0.9800319488817891,0.359192037470726,0.525706940874036,0.007318501170960188,1227,25,3391,2189,0.5
CONTRASTIVE,MLP,52,1.0,4000,DOMAIN_TEMPLATE_OOD,3708,0.01,0.9709212183952333,0.00936768149882904,0.3333333333333333,1.848680277999847,0.8575827292290572,0.8417067269928049,0.9761388286334056,0.24271844660194175,0.38876889848812096,0.005933117583603021,450,11,1843,1404,0.5
CONTRASTIVE,MLP,52,1.0,4000,IID_ORIGINAL,3051,0.02,0.93635231256485,0.01990632318501171,0.4260485651214128,1.848680277999847,0.8381966829303285,0.8942959147185281,0.9035433070866141,0.43383742911153117,0.5862068965517241,0.024586051179126944,459,49,1944,599,0.3467715503113733
CONTRASTIVE,MLP,52,1.0,4000,IID_BALANCED,2116,0.02,0.93635231256485,0.01990632318501171,0.4260485651214128,1.848680277999847,0.8964949627689724,0.8940166022848689,0.9386503067484663,0.43383742911153117,0.5934065934065934,0.02835538752362949,459,30,1028,599,0.5
CONTRASTIVE,MLP,52,1.0,4000,TEMPORAL,8000,0.02,0.93635231256485,0.01990632318501171,0.4260485651214128,1.848680277999847,0.8978995933092259,0.88143121875,0.9656448202959831,0.45675,0.620162932790224,0.01625,1827,65,3935,2173,0.5
CONTRASTIVE,MLP,52,1.0,4000,DOMAIN_OOD,3858,0.02,0.93635231256485,0.01990632318501171,0.4260485651214128,1.848680277999847,0.8675742037334084,0.8516225701356153,0.9590973201692524,0.352514256091239,0.5155420773313116,0.01503369621565578,680,29,1900,1249,0.5
CONTRASTIVE,MLP,52,1.0,4000,TEMPLATE_OOD,6832,0.02,0.93635231256485,0.01990632318501171,0.4260485651214128,1.848680277999847,0.8991747445430667,0.883273934069731,0.9693486590038314,0.44437939110070257,0.6093938177438779,0.01405152224824356,1518,48,3368,1898,0.5
CONTRASTIVE,MLP,52,1.0,4000,DOMAIN_TEMPLATE_OOD,3708,0.02,0.93635231256485,0.01990632318501171,0.4260485651214128,1.848680277999847,0.8575827292290572,0.8417067269928049,0.9559055118110236,0.32740021574973033,0.4877460827641623,0.015102481121898598,607,28,1826,1247,0.5
BASE,LOGREG,62,0.1,400,IID_ORIGINAL,3051,0.005,0.9928123341141797,0.00468384074941452,0.3487858719646799,0.022612866999224934,0.8502201747584918,0.8895600575549396,0.9704301075268817,0.34120982986767484,0.5048951048951049,0.0055193176116407425,361,11,1982,697,0.3467715503113733
BASE,LOGREG,62,0.1,400,IID_BALANCED,2116,0.005,0.9928123341141797,0.00468384074941452,0.3487858719646799,0.022612866999224934,0.9039167477242702,0.8906191372958217,0.9809782608695652,0.34120982986767484,0.5063113604488079,0.006616257088846881,361,7,1051,697,0.5
BASE,LOGREG,62,0.1,400,TEMPORAL,8000,0.005,0.9928123341141797,0.00468384074941452,0.3487858719646799,0.022612866999224934,0.9184294318654724,0.9120857499999999,0.9829721362229102,0.3175,0.4799697656840514,0.0055,1270,22,3978,2730,0.5
BASE,LOGREG,62,0.1,400,DOMAIN_OOD,3858,0.005,0.9928123341141797,0.00468384074941452,0.3487858719646799,0.022612866999224934,0.8855641610722524,0.8804993011364294,0.9684014869888475,0.2700881285640228,0.42237535468179976,0.008812856402280975,521,17,1912,1408,0.5
BASE,LOGREG,62,0.1,400,TEMPLATE_OOD,6832,0.005,0.9928123341141797,0.00468384074941452,0.3487858719646799,0.022612866999224934,0.9127579057506428,0.9064513873273039,0.9804651162790697,0.3085480093676815,0.4693832108661768,0.006147540983606557,1054,21,3395,2362,0.5
BASE,LOGREG,62,0.1,400,DOMAIN_TEMPLATE_OOD,3708,0.005,0.9928123341141797,0.00468384074941452,0.3487858719646799,0.022612866999224934,0.8780934277212462,0.8728065735009525,0.9683794466403162,0.26429341963322545,0.4152542372881356,0.008629989212513484,490,16,1838,1364,0.5
BASE,LOGREG,62,0.1,400,IID_ORIGINAL,3051,0.01,0.9873655776525193,0.00936768149882904,0.4304635761589404,0.022612866999224934,0.8502201747584918,0.8895600575549396,0.9638009049773756,0.40264650283553877,0.568,0.008028098344204716,426,16,1977,632,0.3467715503113733
BASE,LOGREG,62,0.1,400,IID_BALANCED,2116,0.01,0.9873655776525193,0.00936768149882904,0.4304635761589404,0.022612866999224934,0.9039167477242702,0.8906191372958217,0.9793103448275862,0.40264650283553877,0.5706630944407234,0.008506616257088847,426,9,1049,632,0.5
BASE,LOGREG,62,0.1,400,TEMPORAL,8000,0.01,0.9873655776525193,0.00936768149882904,0.4304635761589404,0.022612866999224934,0.9184294318654724,0.9120857499999999,0.9808917197452229,0.385,0.5529622980251346,0.0075,1540,30,3970,2460,0.5
BASE,LOGREG,62,0.1,400,DOMAIN_OOD,3858,0.01,0.9873655776525193,0.00936768149882904,0.4304635761589404,0.022612866999224934,0.8855641610722524,0.8804993011364294,0.9667673716012085,0.33177812337998963,0.49401775376302587,0.011404872991187144,640,22,1907,1289,0.5
BASE,LOGREG,62,0.1,400,TEMPLATE_OOD,6832,0.01,0.9873655776525193,0.00936768149882904,0.4304635761589404,0.022612866999224934,0.9127579057506428,0.9064513873273039,0.9788199697428139,0.3788056206088993,0.5462220346137611,0.00819672131147541,1294,28,3388,2122,0.5
BASE,LOGREG,62,0.1,400,DOMAIN_TEMPLATE_OOD,3708,0.01,0.9873655776525193,0.00936768149882904,0.4304635761589404,0.022612866999224934,0.8780934277212462,0.8728065735009525,0.9684044233807267,0.33063646170442285,0.4929634097305991,0.010787486515641856,613,20,1834,1241,0.5
BASE,LOGREG,62,0.1,400,IID_ORIGINAL,3051,0.02,0.9515077054512172,0.01990632318501171,0.5805739514348786,0.022612866999224934,0.8502201747584918,0.8895600575549396,0.9302325581395349,0.5293005671077504,0.6746987951807228,0.021073758153537382,560,42,1951,498,0.3467715503113733
BASE,LOGREG,62,0.1,400,IID_BALANCED,2116,0.02,0.9515077054512172,0.01990632318501171,0.5805739514348786,0.022612866999224934,0.9039167477242702,0.8906191372958217,0.9605488850771869,0.5293005671077504,0.6825106642291285,0.021739130434782608,560,23,1035,498,0.5
BASE,LOGREG,62,0.1,400,TEMPORAL,8000,0.02,0.9515077054512172,0.01990632318501171,0.5805739514348786,0.022612866999224934,0.9184294318654724,0.9120857499999999,0.9635369188696444,0.5285,0.682596060703907,0.02,2114,80,3920,1886,0.5
BASE,LOGREG,62,0.1,400,DOMAIN_OOD,3858,0.02,0.9515077054512172,0.01990632318501171,0.5805739514348786,0.022612866999224934,0.8855641610722524,0.8804993011364294,0.9499467518636848,0.46241575946086055,0.6220362622036262,0.02436495593571799,892,47,1882,1037,0.5
BASE,LOGREG,62,0.1,400,TEMPLATE_OOD,6832,0.02,0.9515077054512172,0.01990632318501171,0.5805739514348786,0.022612866999224934,0.9127579057506428,0.9064513873273039,0.9630635524171646,0.5190281030444965,0.6745291991630208,0.01990632318501171,1773,68,3348,1643,0.5
BASE,LOGREG,62,0.1,400,DOMAIN_TEMPLATE_OOD,3708,0.02,0.9515077054512172,0.01990632318501171,0.5805739514348786,0.022612866999224934,0.8780934277212462,0.8728065735009525,0.9485714285714286,0.447680690399137,0.6082814217662147,0.024271844660194174,830,45,1809,1024,0.5
BASE,XGBOOST,62,0.1,400,IID_ORIGINAL,3051,0.005,0.9944494962692262,0.00468384074941452,0.20088300220750552,2.021954889000881,0.8075275314042074,0.8592920211287711,0.9831932773109243,0.22117202268431002,0.3611111111111111,0.002007024586051179,234,4,1989,824,0.3467715503113733
BASE,XGBOOST,62,0.1,400,IID_BALANCED,2116,0.005,0.9944494962692262,0.00468384074941452,0.20088300220750552,2.021954889000881,0.8742213011965463,0.8592772324284146,0.9915254237288136,0.22117202268431002,0.3616692426584235,0.001890359168241966,234,2,1056,824,0.5
BASE,XGBOOST,62,0.1,400,TEMPORAL,8000,0.005,0.9944494962692262,0.00468384074941452,0.20088300220750552,2.021954889000881,0.8745946672473406,0.8690326874999998,0.9751552795031055,0.11775,0.21012714699977694,0.003,471,12,3988,3529,0.5
BASE,XGBOOST,62,0.1,400,DOMAIN_OOD,3858,0.005,0.9944494962692262,0.00468384074941452,0.20088300220750552,2.021954889000881,0.8205223580859157,0.8310749599372863,0.9354838709677419,0.06013478486262312,0.1130053580126644,0.00414722654224987,116,8,1921,1813,0.5
BASE,XGBOOST,62,0.1,400,TEMPLATE_OOD,6832,0.005,0.9944494962692262,0.00468384074941452,0.20088300220750552,2.021954889000881,0.8669573839613183,0.8621178953978796,0.9728395061728395,0.11533957845433256,0.20622873593300184,0.0032201405152224825,394,11,3405,3022,0.5
BASE,XGBOOST,62,0.1,400,DOMAIN_TEMPLATE_OOD,3708,0.005,0.9944494962692262,0.00468384074941452,0.20088300220750552,2.021954889000881,0.8084818929786752,0.8170168235914301,0.9411764705882353,0.06040992448759439,0.11353269133299544,0.0037756202804746495,112,7,1847,1742,0.5
BASE,XGBOOST,62,0.1,400,IID_ORIGINAL,3051,0.01,0.987343192100525,0.00936768149882904,0.36423841059602646,2.021954889000881,0.8075275314042074,0.8592920211287711,0.9675,0.3657844990548204,0.5308641975308642,0.006522829904666332,387,13,1980,671,0.3467715503113733
BASE,XGBOOST,62,0.1,400,IID_BALANCED,2116,0.01,0.987343192100525,0.00936768149882904,0.36423841059602646,2.021954889000881,0.8742213011965463,0.8592772324284146,0.9847328244274809,0.3657844990548204,0.5334252239834597,0.005671077504725898,387,6,1052,671,0.5
BASE,XGBOOST,62,0.1,400,TEMPORAL,8000,0.01,0.987343192100525,0.00936768149882904,0.36423841059602646,2.021954889000881,0.8745946672473406,0.8690326874999998,0.9696335078534032,0.2315,0.3737638748738648,0.00725,926,29,3971,3074,0.5
BASE,XGBOOST,62,0.1,400,DOMAIN_OOD,3858,0.01,0.987343192100525,0.00936768149882904,0.36423841059602646,2.021954889000881,0.8205223580859157,0.8310749599372863,0.926829268292683,0.13789528252980818,0.24007220216606498,0.01088646967340591,266,21,1908,1663,0.5
BASE,XGBOOST,62,0.1,400,TEMPLATE_OOD,6832,0.01,0.987343192100525,0.00936768149882904,0.36423841059602646,2.021954889000881,0.8669573839613183,0.8621178953978796,0.9664179104477612,0.22745901639344263,0.36824644549763036,0.007903981264637002,777,27,3389,2639,0.5
BASE,XGBOOST,62,0.1,400,DOMAIN_TEMPLATE_OOD,3708,0.01,0.987343192100525,0.00936768149882904,0.36423841059602646,2.021954889000881,0.8084818929786752,0.8170168235914301,0.9245283018867925,0.13214670981661272,0.23124115148655025,0.010787486515641856,245,20,1834,1609,0.5
BASE,XGBOOST,62,0.1,400,IID_ORIGINAL,3051,0.02,0.9508956074714662,0.01990632318501171,0.4900662251655629,2.021954889000881,0.8075275314042074,0.8592920211287711,0.8935018050541517,0.4678638941398866,0.6141439205955335,0.02960361264425489,495,59,1934,563,0.3467715503113733
BASE,XGBOOST,62,0.1,400,IID_BALANCED,2116,0.02,0.9508956074714662,0.01990632318501171,0.4900662251655629,2.021954889000881,0.8742213011965463,0.8592772324284146,0.9339622641509434,0.4678638941398866,0.6234256926952141,0.0330812854442344,495,35,1023,563,0.5
BASE,XGBOOST,62,0.1,400,TEMPORAL,8000,0.02,0.9508956074714662,0.01990632318501171,0.4900662251655629,2.021954889000881,0.8745946672473406,0.8690326874999998,0.9430199430199431,0.41375,0.575152041702867,0.025,1655,100,3900,2345,0.5
BASE,XGBOOST,62,0.1,400,DOMAIN_OOD,3858,0.02,0.9508956074714662,0.01990632318501171,0.4900662251655629,2.021954889000881,0.8205223580859157,0.8310749599372863,0.8939617083946981,0.3146708138932089,0.46549079754601225,0.03732503888024884,607,72,1857,1322,0.5
BASE,XGBOOST,62,0.1,400,TEMPLATE_OOD,6832,0.02,0.9508956074714662,0.01990632318501171,0.4900662251655629,2.021954889000881,0.8669573839613183,0.8621178953978796,0.9366149696561025,0.406615925058548,0.5670545009185548,0.027517564402810304,1389,94,3322,2027,0.5
BASE,XGBOOST,62,0.1,400,DOMAIN_TEMPLATE_OOD,3708,0.02,0.9508956074714662,0.01990632318501171,0.4900662251655629,2.021954889000881,0.8084818929786752,0.8170168235914301,0.8854337152209493,0.2918015102481122,0.4389452332657201,0.037756202804746494,541,70,1784,1313,0.5
BASE,MLP,62,0.1,400,IID_ORIGINAL,3051,0.005,0.9913244247436525,0.00468384074941452,0.3686534216335541,0.28249237300042296,0.8362381618436692,0.8816647491171843,0.978021978021978,0.33648393194706994,0.5007032348804501,0.004014049172102358,356,8,1985,702,0.3467715503113733
BASE,MLP,62,0.1,400,IID_BALANCED,2116,0.005,0.9913244247436525,0.00468384074941452,0.3686534216335541,0.28249237300042296,0.8955781104488114,0.8828513334357725,0.9861495844875346,0.33648393194706994,0.5017618040873855,0.004725897920604915,356,5,1053,702,0.5
BASE,MLP,62,0.1,400,TEMPORAL,8000,0.005,0.9913244247436525,0.00468384074941452,0.3686534216335541,0.28249237300042296,0.9027186686156339,0.8938602499999999,0.9860594795539034,0.26525,0.4180457052797478,0.00375,1061,15,3985,2939,0.5
BASE,MLP,62,0.1,400,DOMAIN_OOD,3858,0.005,0.9913244247436525,0.00468384074941452,0.3686534216335541,0.28249237300042296,0.8575769392740427,0.8538121455796914,0.9706744868035191,0.1715914981855884,0.2916299559471366,0.005184033177812338,331,10,1919,1598,0.5
BASE,MLP,62,0.1,400,TEMPLATE_OOD,6832,0.005,0.9913244247436525,0.00468384074941452,0.3686534216335541,0.28249237300042296,0.895623829678643,0.8864090634238108,0.9850230414746544,0.2502927400468384,0.39915966386554624,0.0038056206088992973,855,13,3403,2561,0.5
BASE,MLP,62,0.1,400,DOMAIN_TEMPLATE_OOD,3708,0.005,0.9913244247436525,0.00468384074941452,0.3686534216335541,0.28249237300042296,0.8469133235837831,0.8421041300828903,0.9724137931034482,0.15210355987055016,0.2630597014925373,0.004314994606256742,282,8,1846,1572,0.5
BASE,MLP,62,0.1,400,IID_ORIGINAL,3051,0.01,0.9880822896957399,0.00936768149882904,0.39514348785871967,0.28249237300042296,0.8362381618436692,0.8816647491171843,0.969309462915601,0.35822306238185253,0.52311939268461,0.006021073758153537,379,12,1981,679,0.3467715503113733
BASE,MLP,62,0.1,400,IID_BALANCED,2116,0.01,0.9880822896957399,0.00936768149882904,0.39514348785871967,0.28249237300042296,0.8955781104488114,0.8828513334357725,0.9844155844155844,0.35822306238185253,0.5252945252945252,0.005671077504725898,379,6,1052,679,0.5
BASE,MLP,62,0.1,400,TEMPORAL,8000,0.01,0.9880822896957399,0.00936768149882904,0.39514348785871967,0.28249237300042296,0.9027186686156339,0.8938602499999999,0.9838022165387894,0.2885,0.44616276821960177,0.00475,1154,19,3981,2846,0.5
BASE,MLP,62,0.1,400,DOMAIN_OOD,3858,0.01,0.9880822896957399,0.00936768149882904,0.39514348785871967,0.28249237300042296,0.8575769392740427,0.8538121455796914,0.9712793733681462,0.19284603421461896,0.3217993079584775,0.005702436495593572,372,11,1918,1557,0.5
BASE,MLP,62,0.1,400,TEMPLATE_OOD,6832,0.01,0.9880822896957399,0.00936768149882904,0.39514348785871967,0.28249237300042296,0.895623829678643,0.8864090634238108,0.9831756046267087,0.273711943793911,0.4282115869017632,0.00468384074941452,935,16,3400,2481,0.5
BASE,MLP,62,0.1,400,DOMAIN_TEMPLATE_OOD,3708,0.01,0.9880822896957399,0.00936768149882904,0.39514348785871967,0.28249237300042296,0.8469133235837831,0.8421041300828903,0.9728915662650602,0.17421790722761596,0.29551692589204026,0.0048543689320388345,323,9,1845,1531,0.5
BASE,MLP,62,0.1,400,IID_ORIGINAL,3051,0.02,0.97159081697464,0.01990632318501171,0.45695364238410596,0.28249237300042296,0.8362381618436692,0.8816647491171843,0.9449152542372882,0.4215500945179584,0.5830065359477125,0.013045659809332665,446,26,1967,612,0.3467715503113733
BASE,MLP,62,0.1,400,IID_BALANCED,2116,0.02,0.97159081697464,0.01990632318501171,0.45695364238410596,0.28249237300042296,0.8955781104488114,0.8828513334357725,0.9780701754385965,0.4215500945179584,0.5891677675033025,0.00945179584120983,446,10,1048,612,0.5
BASE,MLP,62,0.1,400,TEMPORAL,8000,0.02,0.97159081697464,0.01990632318501171,0.45695364238410596,0.28249237300042296,0.9027186686156339,0.8938602499999999,0.9698189134808853,0.3615,0.5266800218539428,0.01125,1446,45,3955,2554,0.5
BASE,MLP,62,0.1,400,DOMAIN_OOD,3858,0.02,0.97159081697464,0.01990632318501171,0.45695364238410596,0.28249237300042296,0.8575769392740427,0.8538121455796914,0.9460500963391136,0.2545360290305858,0.4011437908496732,0.014515292897874546,491,28,1901,1438,0.5
BASE,MLP,62,0.1,400,TEMPLATE_OOD,6832,0.02,0.97159081697464,0.01990632318501171,0.45695364238410596,0.28249237300042296,0.895623829678643,0.8864090634238108,0.9667497921862012,0.34045667447306793,0.5035722017752761,0.0117096018735363,1163,40,3376,2253,0.5
BASE,MLP,62,0.1,400,DOMAIN_TEMPLATE_OOD,3708,0.02,0.97159081697464,0.01990632318501171,0.45695364238410596,0.28249237300042296,0.8469133235837831,0.8421041300828903,0.9424778761061947,0.2297734627831715,0.36947094535993064,0.014023732470334413,426,26,1828,1428,0.5
DAPT,LOGREG,62,0.1,400,IID_ORIGINAL,3051,0.005,0.9910168246075871,0.00468384074941452,0.3355408388520971,0.026066489999720943,0.8447922241366416,0.8766931898696476,0.9673024523160763,0.33553875236294894,0.4982456140350877,0.006021073758153537,355,12,1981,703,0.3467715503113733
DAPT,LOGREG,62,0.1,400,IID_BALANCED,2116,0.005,0.9910168246075871,0.00468384074941452,0.3355408388520971,0.026066489999720943,0.8944329079753368,0.8751085437802181,0.9673024523160763,0.33553875236294894,0.4982456140350877,0.011342155009451797,355,12,1046,703,0.5
DAPT,LOGREG,62,0.1,400,TEMPORAL,8000,0.005,0.9910168246075871,0.00468384074941452,0.3355408388520971,0.026066489999720943,0.9172683850667207,0.9047348749999999,0.9876190476190476,0.25925,0.41069306930693067,0.00325,1037,13,3987,2963,0.5
DAPT,LOGREG,62,0.1,400,DOMAIN_OOD,3858,0.005,0.9910168246075871,0.00468384074941452,0.3355408388520971,0.026066489999720943,0.8823391287185185,0.8722572527419075,0.9779951100244498,0.20736132711249353,0.3421727972626176,0.004665629860031105,400,9,1920,1529,0.5
DAPT,LOGREG,62,0.1,400,TEMPLATE_OOD,6832,0.005,0.9910168246075871,0.00468384074941452,0.3355408388520971,0.026066489999720943,0.9100590359997753,0.8981961351458079,0.9844868735083532,0.24151053864168617,0.38787023977433005,0.0038056206088992973,825,13,3403,2591,0.5
DAPT,LOGREG,62,0.1,400,DOMAIN_TEMPLATE_OOD,3708,0.005,0.9910168246075871,0.00468384074941452,0.3355408388520971,0.026066489999720943,0.8720204556612519,0.8601068391733551,0.9754098360655737,0.1925566343042071,0.3216216216216216,0.0048543689320388345,357,9,1845,1497,0.5
DAPT,LOGREG,62,0.1,400,IID_ORIGINAL,3051,0.01,0.9823117668436095,0.00936768149882904,0.4370860927152318,0.026066489999720943,0.8447922241366416,0.8766931898696476,0.961038961038961,0.41965973534971646,0.5842105263157895,0.009031610637230306,444,18,1975,614,0.3467715503113733
DAPT,LOGREG,62,0.1,400,IID_BALANCED,2116,0.01,0.9823117668436095,0.00936768149882904,0.4370860927152318,0.026066489999720943,0.8944329079753368,0.8751085437802181,0.9652173913043478,0.41965973534971646,0.5849802371541502,0.015122873345935728,444,16,1042,614,0.5
DAPT,LOGREG,62,0.1,400,TEMPORAL,8000,0.01,0.9823117668436095,0.00936768149882904,0.4370860927152318,0.026066489999720943,0.9172683850667207,0.9047348749999999,0.9846359385437542,0.3685,0.5362925231944697,0.00575,1474,23,3977,2526,0.5
DAPT,LOGREG,62,0.1,400,DOMAIN_OOD,3858,0.01,0.9823117668436095,0.00936768149882904,0.4370860927152318,0.026066489999720943,0.8823391287185185,0.8722572527419075,0.97,0.30171073094867806,0.46026097271648875,0.00933125972006221,582,18,1911,1347,0.5
DAPT,LOGREG,62,0.1,400,TEMPLATE_OOD,6832,0.01,0.9823117668436095,0.00936768149882904,0.4370860927152318,0.026066489999720943,0.9100590359997753,0.8981961351458079,0.9820261437908496,0.3518735362997658,0.5181034482758621,0.006440281030444965,1202,22,3394,2214,0.5
DAPT,LOGREG,62,0.1,400,DOMAIN_TEMPLATE_OOD,3708,0.01,0.9823117668436095,0.00936768149882904,0.4370860927152318,0.026066489999720943,0.8720204556612519,0.8601068391733551,0.9685767097966729,0.2826321467098166,0.43757828810020877,0.009169363538295576,524,17,1837,1330,0.5
DAPT,LOGREG,62,0.1,400,IID_ORIGINAL,3051,0.02,0.9537952151827576,0.01990632318501171,0.5629139072847682,0.026066489999720943,0.8447922241366416,0.8766931898696476,0.9370748299319728,0.5207939508506616,0.669501822600243,0.018564977420973405,551,37,1956,507,0.3467715503113733
DAPT,LOGREG,62,0.1,400,IID_BALANCED,2116,0.02,0.9537952151827576,0.01990632318501171,0.5629139072847682,0.026066489999720943,0.8944329079753368,0.8751085437802181,0.9549393414211439,0.5207939508506616,0.674006116207951,0.024574669187145556,551,26,1032,507,0.5
DAPT,LOGREG,62,0.1,400,TEMPORAL,8000,0.02,0.9537952151827576,0.01990632318501171,0.5629139072847682,0.026066489999720943,0.9172683850667207,0.9047348749999999,0.9735376044568245,0.52425,0.6815079623009425,0.01425,2097,57,3943,1903,0.5
DAPT,LOGREG,62,0.1,400,DOMAIN_OOD,3858,0.02,0.9537952151827576,0.01990632318501171,0.5629139072847682,0.026066489999720943,0.8823391287185185,0.8722572527419075,0.9533851276359601,0.4453084499740798,0.6070671378091873,0.02177293934681182,859,42,1887,1070,0.5
DAPT,LOGREG,62,0.1,400,TEMPLATE_OOD,6832,0.02,0.9537952151827576,0.01990632318501171,0.5629139072847682,0.026066489999720943,0.9100590359997753,0.8981961351458079,0.9699499165275459,0.5102459016393442,0.668712833301362,0.015807962529274005,1743,54,3362,1673,0.5
DAPT,LOGREG,62,0.1,400,DOMAIN_TEMPLATE_OOD,3708,0.02,0.9537952151827576,0.01990632318501171,0.5629139072847682,0.026066489999720943,0.8720204556612519,0.8601068391733551,0.9532934131736527,0.42934196332254587,0.5920416511714391,0.021035598705501618,796,39,1815,1058,0.5
DAPT,XGBOOST,62,0.1,400,IID_ORIGINAL,3051,0.005,0.9911448359489442,0.00468384074941452,0.30022075055187636,1.9298476670001037,0.8129530012469524,0.8652137395819205,0.9573170731707317,0.29678638941398866,0.4531024531024531,0.007024586051179127,314,14,1979,744,0.3467715503113733
DAPT,XGBOOST,62,0.1,400,IID_BALANCED,2116,0.005,0.9911448359489442,0.00468384074941452,0.30022075055187636,1.9298476670001037,0.8761365495633893,0.8619077440403657,0.9751552795031055,0.29678638941398866,0.45507246376811594,0.007561436672967864,314,8,1050,744,0.5
DAPT,XGBOOST,62,0.1,400,TEMPORAL,8000,0.005,0.9911448359489442,0.00468384074941452,0.30022075055187636,1.9298476670001037,0.8788812495487968,0.86855725,0.9707174231332357,0.16575,0.28315182575272263,0.005,663,20,3980,3337,0.5
DAPT,XGBOOST,62,0.1,400,DOMAIN_OOD,3858,0.005,0.9911448359489442,0.00468384074941452,0.30022075055187636,1.9298476670001037,0.827995800396789,0.827045173648987,0.9223300970873787,0.09849663037843442,0.17798594847775176,0.00829445308449974,190,16,1913,1739,0.5
DAPT,XGBOOST,62,0.1,400,TEMPLATE_OOD,6832,0.005,0.9911448359489442,0.00468384074941452,0.30022075055187636,1.9298476670001037,0.8741530567568649,0.8639588326596426,0.9667250437828371,0.16159250585480095,0.2768999247554552,0.0055620608899297425,552,19,3397,2864,0.5
DAPT,XGBOOST,62,0.1,400,DOMAIN_TEMPLATE_OOD,3708,0.005,0.9911448359489442,0.00468384074941452,0.30022075055187636,1.9298476670001037,0.8162984892678954,0.8093180842261811,0.9222797927461139,0.09600862998921252,0.17391304347826086,0.008090614886731391,178,15,1839,1676,0.5
DAPT,XGBOOST,62,0.1,400,IID_ORIGINAL,3051,0.01,0.984684705734253,0.00936768149882904,0.3686534216335541,1.9298476670001037,0.8129530012469524,0.8652137395819205,0.9381188118811881,0.35822306238185253,0.518467852257182,0.012543903662819869,379,25,1968,679,0.3467715503113733
DAPT,XGBOOST,62,0.1,400,IID_BALANCED,2116,0.01,0.984684705734253,0.00936768149882904,0.3686534216335541,1.9298476670001037,0.8761365495633893,0.8619077440403657,0.9643765903307888,0.35822306238185253,0.5223983459682977,0.013232514177693762,379,14,1044,679,0.5
DAPT,XGBOOST,62,0.1,400,TEMPORAL,8000,0.01,0.984684705734253,0.00936768149882904,0.3686534216335541,1.9298476670001037,0.8788812495487968,0.86855725,0.9685279187817258,0.2385,0.3827482447342026,0.00775,954,31,3969,3046,0.5
DAPT,XGBOOST,62,0.1,400,DOMAIN_OOD,3858,0.01,0.984684705734253,0.00936768149882904,0.3686534216335541,1.9298476670001037,0.827995800396789,0.827045173648987,0.9327217125382263,0.15811301192327631,0.2703900709219858,0.011404872991187144,305,22,1907,1624,0.5
DAPT,XGBOOST,62,0.1,400,TEMPLATE_OOD,6832,0.01,0.984684705734253,0.00936768149882904,0.3686534216335541,1.9298476670001037,0.8741530567568649,0.8639588326596426,0.9652694610778443,0.23594847775175645,0.37920489296636084,0.008489461358313818,806,29,3387,2610,0.5
DAPT,XGBOOST,62,0.1,400,DOMAIN_TEMPLATE_OOD,3708,0.01,0.984684705734253,0.00936768149882904,0.3686534216335541,1.9298476670001037,0.8162984892678954,0.8093180842261811,0.9351851851851852,0.1634304207119741,0.27823691460055094,0.011326860841423949,303,21,1833,1551,0.5
DAPT,XGBOOST,62,0.1,400,IID_ORIGINAL,3051,0.02,0.9676225185394288,0.01990632318501171,0.4503311258278146,1.9298476670001037,0.8129530012469524,0.8652137395819205,0.9138276553106213,0.43100189035916825,0.5857418111753372,0.021575514300050176,456,43,1950,602,0.3467715503113733
DAPT,XGBOOST,62,0.1,400,IID_BALANCED,2116,0.02,0.9676225185394288,0.01990632318501171,0.4503311258278146,1.9298476670001037,0.8761365495633893,0.8619077440403657,0.9480249480249481,0.43100189035916825,0.5925925925925926,0.023629489603024575,456,25,1033,602,0.5
DAPT,XGBOOST,62,0.1,400,TEMPORAL,8000,0.02,0.9676225185394288,0.01990632318501171,0.4503311258278146,1.9298476670001037,0.8788812495487968,0.86855725,0.952544704264099,0.34625,0.5078841217455079,0.01725,1385,69,3931,2615,0.5
DAPT,XGBOOST,62,0.1,400,DOMAIN_OOD,3858,0.02,0.9676225185394288,0.01990632318501171,0.4503311258278146,1.9298476670001037,0.827995800396789,0.827045173648987,0.9203539823008849,0.26956972524624156,0.4170008019246191,0.02332814930015552,520,45,1884,1409,0.5
DAPT,XGBOOST,62,0.1,400,TEMPLATE_OOD,6832,0.02,0.9676225185394288,0.01990632318501171,0.4503311258278146,1.9298476670001037,0.8741530567568649,0.8639588326596426,0.9488636363636364,0.3422131147540984,0.5030120481927711,0.018442622950819672,1169,63,3353,2247,0.5
DAPT,XGBOOST,62,0.1,400,DOMAIN_TEMPLATE_OOD,3708,0.02,0.9676225185394288,0.01990632318501171,0.4503311258278146,1.9298476670001037,0.8162984892678954,0.8093180842261811,0.9188191881918819,0.2686084142394822,0.41569282136894825,0.023732470334412083,498,44,1810,1356,0.5
DAPT,MLP,62,0.1,400,IID_ORIGINAL,3051,0.005,0.9856083393096925,0.00468384074941452,0.34216335540838855,0.24610348100031842,0.8294513824992022,0.8760799850516506,0.9715762273901809,0.3553875236294896,0.5204152249134948,0.0055193176116407425,376,11,1982,682,0.3467715503113733
DAPT,MLP,62,0.1,400,IID_BALANCED,2116,0.005,0.9856083393096925,0.00468384074941452,0.34216335540838855,0.24610348100031842,0.8857103436900917,0.8750192073355942,0.9740932642487047,0.3553875236294896,0.5207756232686981,0.00945179584120983,376,10,1048,682,0.5
DAPT,MLP,62,0.1,400,TEMPORAL,8000,0.005,0.9856083393096925,0.00468384074941452,0.34216335540838855,0.24610348100031842,0.8907261849840948,0.8823901875000001,0.9848320693391116,0.22725,0.3692870201096892,0.0035,909,14,3986,3091,0.5
DAPT,MLP,62,0.1,400,DOMAIN_OOD,3858,0.005,0.9856083393096925,0.00468384074941452,0.34216335540838855,0.24610348100031842,0.8427640129600927,0.8398835164675691,0.967741935483871,0.13996889580093314,0.24456521739130435,0.004665629860031105,270,9,1920,1659,0.5
DAPT,MLP,62,0.1,400,TEMPLATE_OOD,6832,0.005,0.9856083393096925,0.00468384074941452,0.34216335540838855,0.24610348100031842,0.8830188557989804,0.873872402360568,0.9808743169398907,0.2101873536299766,0.3461909353905497,0.004098360655737705,718,14,3402,2698,0.5
DAPT,MLP,62,0.1,400,DOMAIN_TEMPLATE_OOD,3708,0.005,0.9856083393096925,0.00468384074941452,0.34216335540838855,0.24610348100031842,0.8277158346823756,0.8253759619423993,0.9628099173553719,0.1256742179072276,0.22232824427480916,0.0048543689320388345,233,9,1845,1621,0.5
DAPT,MLP,62,0.1,400,IID_ORIGINAL,3051,0.01,0.9732083082199098,0.00936768149882904,0.39072847682119205,0.24610348100031842,0.8294513824992022,0.8760799850516506,0.9510022271714922,0.40359168241965976,0.5666887856668879,0.011038635223281485,427,22,1971,631,0.3467715503113733
DAPT,MLP,62,0.1,400,IID_BALANCED,2116,0.01,0.9732083082199098,0.00936768149882904,0.39072847682119205,0.24610348100031842,0.8857103436900917,0.8750192073355942,0.9573991031390134,0.40359168241965976,0.5678191489361702,0.017958412098298678,427,19,1039,631,0.5
DAPT,MLP,62,0.1,400,TEMPORAL,8000,0.01,0.9732083082199098,0.00936768149882904,0.39072847682119205,0.24610348100031842,0.8907261849840948,0.8823901875000001,0.9782062028499581,0.29175,0.4494511842865396,0.0065,1167,26,3974,2833,0.5
DAPT,MLP,62,0.1,400,DOMAIN_OOD,3858,0.01,0.9732083082199098,0.00936768149882904,0.39072847682119205,0.24610348100031842,0.8427640129600927,0.8398835164675691,0.9522546419098143,0.18610679108346292,0.3113616652211622,0.00933125972006221,359,18,1911,1570,0.5
DAPT,MLP,62,0.1,400,TEMPLATE_OOD,6832,0.01,0.9732083082199098,0.00936768149882904,0.39072847682119205,0.24610348100031842,0.8830188557989804,0.873872402360568,0.9757894736842105,0.27137002341920374,0.4246449839670179,0.006733021077283372,927,23,3393,2489,0.5
DAPT,MLP,62,0.1,400,DOMAIN_TEMPLATE_OOD,3708,0.01,0.9732083082199098,0.00936768149882904,0.39072847682119205,0.24610348100031842,0.8277158346823756,0.8253759619423993,0.9501557632398754,0.1645091693635383,0.28045977011494255,0.008629989212513484,305,16,1838,1549,0.5
DAPT,MLP,62,0.1,400,IID_ORIGINAL,3051,0.02,0.9461587071418763,0.01990632318501171,0.46578366445916114,0.24610348100031842,0.8294513824992022,0.8760799850516506,0.9369202226345084,0.4773156899810964,0.6324358171571697,0.017059708981435023,505,34,1959,553,0.3467715503113733
DAPT,MLP,62,0.1,400,IID_BALANCED,2116,0.02,0.9461587071418763,0.01990632318501171,0.46578366445916114,0.24610348100031842,0.8857103436900917,0.8750192073355942,0.9546313799621928,0.4773156899810964,0.6364209199747952,0.022684310018903593,505,24,1034,553,0.5
DAPT,MLP,62,0.1,400,TEMPORAL,8000,0.02,0.9461587071418763,0.01990632318501171,0.46578366445916114,0.24610348100031842,0.8907261849840948,0.8823901875000001,0.9653564290473018,0.36225,0.5268133066715143,0.013,1449,52,3948,2551,0.5
DAPT,MLP,62,0.1,400,DOMAIN_OOD,3858,0.02,0.9461587071418763,0.01990632318501171,0.46578366445916114,0.24610348100031842,0.8427640129600927,0.8398835164675691,0.9360902255639098,0.2581648522550544,0.4047135310849248,0.01762571280456195,498,34,1895,1431,0.5
DAPT,MLP,62,0.1,400,TEMPLATE_OOD,6832,0.02,0.9461587071418763,0.01990632318501171,0.46578366445916114,0.24610348100031842,0.8830188557989804,0.873872402360568,0.9643765903307888,0.33284543325526933,0.494885745375408,0.012295081967213115,1137,42,3374,2279,0.5
DAPT,MLP,62,0.1,400,DOMAIN_TEMPLATE_OOD,3708,0.02,0.9461587071418763,0.01990632318501171,0.46578366445916114,0.24610348100031842,0.8277158346823756,0.8253759619423993,0.9298642533936652,0.22168284789644013,0.35801393728222997,0.016720604099244876,411,31,1823,1443,0.5
CONTRASTIVE,LOGREG,62,0.1,400,IID_ORIGINAL,3051,0.005,0.9974019863911575,0.00468384074941452,0.08609271523178808,0.018519208000725484,0.7619641670504729,0.8344441841340723,0.9435483870967742,0.11058601134215501,0.19796954314720813,0.0035122930255895636,117,7,1986,941,0.3467715503113733
CONTRASTIVE,LOGREG,62,0.1,400,IID_BALANCED,2116,0.005,0.9974019863911575,0.00468384074941452,0.08609271523178808,0.018519208000725484,0.8448166772981169,0.8361462401863915,0.9590163934426229,0.11058601134215501,0.19830508474576272,0.004725897920604915,117,5,1053,941,0.5
CONTRASTIVE,LOGREG,62,0.1,400,TEMPORAL,8000,0.005,0.9974019863911575,0.00468384074941452,0.08609271523178808,0.018519208000725484,0.8412689281460776,0.82456725,0.9670886075949368,0.0955,0.1738339021615472,0.00325,382,13,3987,3618,0.5
CONTRASTIVE,LOGREG,62,0.1,400,DOMAIN_OOD,3858,0.005,0.9974019863911575,0.00468384074941452,0.08609271523178808,0.018519208000725484,0.7960954474196011,0.7815611276521811,0.9435483870967742,0.060653188180404355,0.11397954213346323,0.0036288232244686366,117,7,1922,1812,0.5
CONTRASTIVE,LOGREG,62,0.1,400,TEMPLATE_OOD,6832,0.005,0.9974019863911575,0.00468384074941452,0.08609271523178808,0.018519208000725484,0.8391096737565418,0.8200918737556835,0.967930029154519,0.09718969555035128,0.17664272412875764,0.0032201405152224825,332,11,3405,3084,0.5
CONTRASTIVE,LOGREG,62,0.1,400,DOMAIN_TEMPLATE_OOD,3708,0.005,0.9974019863911575,0.00468384074941452,0.08609271523178808,0.018519208000725484,0.789547047218567,0.7695012620311894,0.95,0.061488673139158574,0.11550151975683891,0.003236245954692557,114,6,1848,1740,0.5
CONTRASTIVE,LOGREG,62,0.1,400,IID_ORIGINAL,3051,0.01,0.991758877288978,0.00936768149882904,0.16556291390728478,0.018519208000725484,0.7619641670504729,0.8344441841340723,0.9333333333333333,0.21172022684310018,0.34514637904468415,0.008028098344204716,224,16,1977,834,0.3467715503113733
CONTRASTIVE,LOGREG,62,0.1,400,IID_BALANCED,2116,0.01,0.991758877288978,0.00936768149882904,0.16556291390728478,0.018519208000725484,0.8448166772981169,0.8361462401863915,0.9572649572649573,0.21172022684310018,0.34674922600619196,0.00945179584120983,224,10,1048,834,0.5
CONTRASTIVE,LOGREG,62,0.1,400,TEMPORAL,8000,0.01,0.991758877288978,0.00936768149882904,0.16556291390728478,0.018519208000725484,0.8412689281460776,0.82456725,0.9591315453384419,0.18775,0.31402885218482124,0.008,751,32,3968,3249,0.5
CONTRASTIVE,LOGREG,62,0.1,400,DOMAIN_OOD,3858,0.01,0.991758877288978,0.00936768149882904,0.16556291390728478,0.018519208000725484,0.7960954474196011,0.7815611276521811,0.9335664335664335,0.13841368584758942,0.24108352144469525,0.009849663037843442,267,19,1910,1662,0.5
CONTRASTIVE,LOGREG,62,0.1,400,TEMPLATE_OOD,6832,0.01,0.991758877288978,0.00936768149882904,0.16556291390728478,0.018519208000725484,0.8391096737565418,0.8200918737556835,0.9632892804698973,0.1920374707259953,0.3202343177935074,0.007318501170960188,656,25,3391,2760,0.5
CONTRASTIVE,LOGREG,62,0.1,400,DOMAIN_TEMPLATE_OOD,3708,0.01,0.991758877288978,0.00936768149882904,0.16556291390728478,0.018519208000725484,0.789547047218567,0.7695012620311894,0.9390681003584229,0.1413160733549083,0.24566338490389122,0.009169363538295576,262,17,1837,1592,0.5
CONTRASTIVE,LOGREG,62,0.1,400,IID_ORIGINAL,3051,0.02,0.9757799261608474,0.01990632318501171,0.27593818984547464,0.018519208000725484,0.7619641670504729,0.8344441841340723,0.884514435695538,0.31852551984877125,0.4683808200138985,0.02207727044656297,337,44,1949,721,0.3467715503113733
CONTRASTIVE,LOGREG,62,0.1,400,IID_BALANCED,2116,0.02,0.9757799261608474,0.01990632318501171,0.27593818984547464,0.018519208000725484,0.8448166772981169,0.8361462401863915,0.928374655647383,0.31852551984877125,0.47431386347642507,0.024574669187145556,337,26,1032,721,0.5
CONTRASTIVE,LOGREG,62,0.1,400,TEMPORAL,8000,0.02,0.9757799261608474,0.01990632318501171,0.27593818984547464,0.018519208000725484,0.8412689281460776,0.82456725,0.9475383373688459,0.2935,0.4481771330406566,0.01625,1174,65,3935,2826,0.5
CONTRASTIVE,LOGREG,62,0.1,400,DOMAIN_OOD,3858,0.02,0.9757799261608474,0.01990632318501171,0.27593818984547464,0.018519208000725484,0.7960954474196011,0.7815611276521811,0.9291845493562232,0.22446863659927424,0.3615866388308977,0.017107309486780714,433,33,1896,1496,0.5
CONTRASTIVE,LOGREG,62,0.1,400,TEMPLATE_OOD,6832,0.02,0.9757799261608474,0.01990632318501171,0.27593818984547464,0.018519208000725484,0.8391096737565418,0.8200918737556835,0.950523311132255,0.2924473067915691,0.44728005372733376,0.01522248243559719,999,52,3364,2417,0.5
CONTRASTIVE,LOGREG,62,0.1,400,DOMAIN_TEMPLATE_OOD,3708,0.02,0.9757799261608474,0.01990632318501171,0.27593818984547464,0.018519208000725484,0.789547047218567,0.7695012620311894,0.9377777777777778,0.22761596548004315,0.3663194444444444,0.015102481121898598,422,28,1826,1432,0.5
CONTRASTIVE,XGBOOST,62,0.1,400,IID_ORIGINAL,3051,0.005,0.9943422079086305,0.00468384074941452,0.05739514348785872,2.7412418579997393,0.7094222562985943,0.8055761327216145,0.9240506329113924,0.06899810964083176,0.1284080914687775,0.0030105368790767687,73,6,1987,985,0.3467715503113733
CONTRASTIVE,XGBOOST,62,0.1,400,IID_BALANCED,2116,0.005,0.9943422079086305,0.00468384074941452,0.05739514348785872,2.7412418579997393,0.8071760709601057,0.8051098659595984,0.948051948051948,0.06899810964083176,0.12863436123348018,0.003780718336483932,73,4,1054,985,0.5
CONTRASTIVE,XGBOOST,62,0.1,400,TEMPORAL,8000,0.005,0.9943422079086305,0.00468384074941452,0.05739514348785872,2.7412418579997393,0.8354588239261294,0.8174657499999999,0.9733333333333334,0.073,0.13581395348837208,0.002,292,8,3992,3708,0.5
CONTRASTIVE,XGBOOST,62,0.1,400,DOMAIN_OOD,3858,0.005,0.9943422079086305,0.00468384074941452,0.05739514348785872,2.7412418579997393,0.7927463480214154,0.7796702589409791,0.9452054794520548,0.03576982892690513,0.06893106893106893,0.002073613271124935,69,4,1925,1860,0.5
CONTRASTIVE,XGBOOST,62,0.1,400,TEMPLATE_OOD,6832,0.005,0.9943422079086305,0.00468384074941452,0.05739514348785872,2.7412418579997393,0.8344977589826416,0.815370669229799,0.9694656488549618,0.0743559718969555,0.13811854268624252,0.00234192037470726,254,8,3408,3162,0.5
CONTRASTIVE,XGBOOST,62,0.1,400,DOMAIN_TEMPLATE_OOD,3708,0.005,0.9943422079086305,0.00468384074941452,0.05739514348785872,2.7412418579997393,0.7855123957794793,0.7682051926561306,0.9402985074626866,0.03398058252427184,0.06559083810515356,0.002157497303128371,63,4,1850,1791,0.5
CONTRASTIVE,XGBOOST,62,0.1,400,IID_ORIGINAL,3051,0.01,0.984284281730652,0.00936768149882904,0.141280353200883,2.7412418579997393,0.7094222562985943,0.8055761327216145,0.9064327485380117,0.14650283553875237,0.25223759153783565,0.008028098344204716,155,16,1977,903,0.3467715503113733
CONTRASTIVE,XGBOOST,62,0.1,400,IID_BALANCED,2116,0.01,0.984284281730652,0.00936768149882904,0.141280353200883,2.7412418579997393,0.8071760709601057,0.8051098659595984,0.9393939393939394,0.14650283553875237,0.2534750613246116,0.00945179584120983,155,10,1048,903,0.5
CONTRASTIVE,XGBOOST,62,0.1,400,TEMPORAL,8000,0.01,0.984284281730652,0.00936768149882904,0.141280353200883,2.7412418579997393,0.8354588239261294,0.8174657499999999,0.9592476489028213,0.153,0.26390685640362227,0.0065,612,26,3974,3388,0.5
CONTRASTIVE,XGBOOST,62,0.1,400,DOMAIN_OOD,3858,0.01,0.984284281730652,0.00936768149882904,0.141280353200883,2.7412418579997393,0.7927463480214154,0.7796702589409791,0.9251336898395722,0.08968377397615344,0.16351606805293006,0.007257646448937273,173,14,1915,1756,0.5
CONTRASTIVE,XGBOOST,62,0.1,400,TEMPLATE_OOD,6832,0.01,0.984284281730652,0.00936768149882904,0.141280353200883,2.7412418579997393,0.8344977589826416,0.815370669229799,0.9598540145985401,0.15398126463700235,0.26538849646821394,0.006440281030444965,526,22,3394,2890,0.5
CONTRASTIVE,XGBOOST,62,0.1,400,DOMAIN_TEMPLATE_OOD,3708,0.01,0.984284281730652,0.00936768149882904,0.141280353200883,2.7412418579997393,0.7855123957794793,0.7682051926561306,0.930635838150289,0.08683926645091694,0.15885545140601876,0.006472491909385114,161,12,1842,1693,0.5
CONTRASTIVE,XGBOOST,62,0.1,400,IID_ORIGINAL,3051,0.02,0.9539441466331483,0.01990632318501171,0.23841059602649006,2.7412418579997393,0.7094222562985943,0.8055761327216145,0.8478964401294499,0.24763705103969755,0.3833211411850768,0.023582538886101356,262,47,1946,796,0.3467715503113733
CONTRASTIVE,XGBOOST,62,0.1,400,IID_BALANCED,2116,0.02,0.9539441466331483,0.01990632318501171,0.23841059602649006,2.7412418579997393,0.8071760709601057,0.8051098659595984,0.903448275862069,0.24763705103969755,0.3887240356083086,0.026465028355387523,262,28,1030,796,0.5
CONTRASTIVE,XGBOOST,62,0.1,400,TEMPORAL,8000,0.02,0.9539441466331483,0.01990632318501171,0.23841059602649006,2.7412418579997393,0.8354588239261294,0.8174657499999999,0.9433333333333334,0.283,0.43538461538461537,0.017,1132,68,3932,2868,0.5
CONTRASTIVE,XGBOOST,62,0.1,400,DOMAIN_OOD,3858,0.02,0.9539441466331483,0.01990632318501171,0.23841059602649006,2.7412418579997393,0.7927463480214154,0.7796702589409791,0.9134396355353075,0.20787973043027475,0.33868243243243246,0.019699326075686883,401,38,1891,1528,0.5
CONTRASTIVE,XGBOOST,62,0.1,400,TEMPLATE_OOD,6832,0.02,0.9539441466331483,0.01990632318501171,0.23841059602649006,2.7412418579997393,0.8344977589826416,0.815370669229799,0.9446640316205533,0.27985948477751754,0.43179765130984643,0.01639344262295082,956,56,3360,2460,0.5
CONTRASTIVE,XGBOOST,62,0.1,400,DOMAIN_TEMPLATE_OOD,3708,0.02,0.9539441466331483,0.01990632318501171,0.23841059602649006,2.7412418579997393,0.7855123957794793,0.7682051926561306,0.9148418491484185,0.20280474649406688,0.33200883002207504,0.018878101402373247,376,35,1819,1478,0.5
CONTRASTIVE,MLP,62,0.1,400,IID_ORIGINAL,3051,0.005,0.9858248233795167,0.00468384074941452,0.10596026490066225,0.21806903699962277,0.7193387952683561,0.8111504632944986,0.864,0.10207939508506617,0.18258664412510567,0.008529854490717512,108,17,1976,950,0.3467715503113733
CONTRASTIVE,MLP,62,0.1,400,IID_BALANCED,2116,0.005,0.9858248233795167,0.00468384074941452,0.10596026490066225,0.21806903699962277,0.812644780355594,0.8119717982711612,0.907563025210084,0.10207939508506617,0.18351741716227699,0.010396975425330813,108,11,1047,950,0.5
CONTRASTIVE,MLP,62,0.1,400,TEMPORAL,8000,0.005,0.9858248233795167,0.00468384074941452,0.10596026490066225,0.21806903699962277,0.8123860904966672,0.7943502499999999,0.9607250755287009,0.0795,0.14684830293234818,0.00325,318,13,3987,3682,0.5
CONTRASTIVE,MLP,62,0.1,400,DOMAIN_OOD,3858,0.005,0.9858248233795167,0.00468384074941452,0.10596026490066225,0.21806903699962277,0.7736194373746347,0.7650216700111608,0.9326923076923077,0.05028512182477968,0.0954254795868175,0.0036288232244686366,97,7,1922,1832,0.5
CONTRASTIVE,MLP,62,0.1,400,TEMPLATE_OOD,6832,0.005,0.9858248233795167,0.00468384074941452,0.10596026490066225,0.21806903699962277,0.8138941618197745,0.7947941118801727,0.9652777777777778,0.08138173302107728,0.15010799136069114,0.002927400468384075,278,10,3406,3138,0.5
CONTRASTIVE,MLP,62,0.1,400,DOMAIN_TEMPLATE_OOD,3708,0.005,0.9858248233795167,0.00468384074941452,0.10596026490066225,0.21806903699962277,0.7643035304912107,0.7497050023914007,0.93,0.05016181229773463,0.09518935516888434,0.0037756202804746495,93,7,1847,1761,0.5
CONTRASTIVE,MLP,62,0.1,400,IID_ORIGINAL,3051,0.01,0.9781566858291627,0.00936768149882904,0.13024282560706402,0.21806903699962277,0.7193387952683561,0.8111504632944986,0.8588957055214724,0.1323251417769376,0.22932022932022933,0.01154039136979428,140,23,1970,918,0.3467715503113733
CONTRASTIVE,MLP,62,0.1,400,IID_BALANCED,2116,0.01,0.9781566858291627,0.00936768149882904,0.13024282560706402,0.21806903699962277,0.812644780355594,0.8119717982711612,0.9090909090909091,0.1323251417769376,0.23102310231023102,0.013232514177693762,140,14,1044,918,0.5
CONTRASTIVE,MLP,62,0.1,400,TEMPORAL,8000,0.01,0.9781566858291627,0.00936768149882904,0.13024282560706402,0.21806903699962277,0.8123860904966672,0.7943502499999999,0.9514767932489452,0.11275,0.2016092981671882,0.00575,451,23,3977,3549,0.5
CONTRASTIVE,MLP,62,0.1,400,DOMAIN_OOD,3858,0.01,0.9781566858291627,0.00936768149882904,0.13024282560706402,0.21806903699962277,0.7736194373746347,0.7650216700111608,0.9079754601226994,0.0767236910316226,0.14149139579349904,0.007776049766718507,148,15,1914,1781,0.5
CONTRASTIVE,MLP,62,0.1,400,TEMPLATE_OOD,6832,0.01,0.9781566858291627,0.00936768149882904,0.13024282560706402,0.21806903699962277,0.8138941618197745,0.7947941118801727,0.9537712895377128,0.11475409836065574,0.2048602038149987,0.0055620608899297425,392,19,3397,3024,0.5
CONTRASTIVE,MLP,62,0.1,400,DOMAIN_TEMPLATE_OOD,3708,0.01,0.9781566858291627,0.00936768149882904,0.13024282560706402,0.21806903699962277,0.7643035304912107,0.7497050023914007,0.9006622516556292,0.07335490830636461,0.13566084788029925,0.008090614886731391,136,15,1839,1718,0.5
CONTRASTIVE,MLP,62,0.1,400,IID_ORIGINAL,3051,0.02,0.9493690729141236,0.01990632318501171,0.22075055187637968,0.21806903699962277,0.7193387952683561,0.8111504632944986,0.8664495114006515,0.2514177693761815,0.38974358974358975,0.020572002007024585,266,41,1952,792,0.3467715503113733
CONTRASTIVE,MLP,62,0.1,400,IID_BALANCED,2116,0.02,0.9493690729141236,0.01990632318501171,0.22075055187637968,0.21806903699962277,0.812644780355594,0.8119717982711612,0.9140893470790378,0.2514177693761815,0.39436619718309857,0.023629489603024575,266,25,1033,792,0.5
CONTRASTIVE,MLP,62,0.1,400,TEMPORAL,8000,0.02,0.9493690729141236,0.01990632318501171,0.22075055187637968,0.21806903699962277,0.8123860904966672,0.7943502499999999,0.9379310344827586,0.204,0.3351129363449692,0.0135,816,54,3946,3184,0.5
CONTRASTIVE,MLP,62,0.1,400,DOMAIN_OOD,3858,0.02,0.9493690729141236,0.01990632318501171,0.22075055187637968,0.21806903699962277,0.7736194373746347,0.7650216700111608,0.8973607038123167,0.15863141524105753,0.2696035242290749,0.018144116122343183,306,35,1894,1623,0.5
CONTRASTIVE,MLP,62,0.1,400,TEMPLATE_OOD,6832,0.02,0.9493690729141236,0.01990632318501171,0.22075055187637968,0.21806903699962277,0.8138941618197745,0.7947941118801727,0.9425901201602136,0.2066744730679157,0.339015606242497,0.012587822014051522,706,43,3373,2710,0.5
CONTRASTIVE,MLP,62,0.1,400,DOMAIN_TEMPLATE_OOD,3708,0.02,0.9493690729141236,0.01990632318501171,0.22075055187637968,0.21806903699962277,0.7643035304912107,0.7497050023914007,0.9011976047904192,0.16235167206040993,0.27513711151736747,0.01779935275080906,301,33,1821,1553,0.5
BASE,LOGREG,62,0.25,1000,IID_ORIGINAL,3051,0.005,0.9986783643166323,0.00468384074941452,0.1390728476821192,0.40886993700041785,0.8621631846084108,0.8979993303594718,0.9754601226993865,0.1502835538752363,0.26044226044226043,0.002007024586051179,159,4,1989,899,0.3467715503113733
BASE,LOGREG,62,0.25,1000,IID_BALANCED,2116,0.005,0.9986783643166323,0.00468384074941452,0.1390728476821192,0.40886993700041785,0.9101010488366469,0.8977053040833901,0.9814814814814815,0.1502835538752363,0.260655737704918,0.002835538752362949,159,3,1055,899,0.5
BASE,LOGREG,62,0.25,1000,TEMPORAL,8000,0.005,0.9986783643166323,0.00468384074941452,0.1390728476821192,0.40886993700041785,0.9298274500182462,0.9253274375,0.9919759277833501,0.24725,0.3958375025015009,0.002,989,8,3992,3011,0.5
BASE,LOGREG,62,0.25,1000,DOMAIN_OOD,3858,0.005,0.9986783643166323,0.00468384074941452,0.1390728476821192,0.40886993700041785,0.9010605181257381,0.8973155630373327,0.9887387387387387,0.22757905650596164,0.36999578592498944,0.002592016588906169,439,5,1924,1490,0.5
BASE,LOGREG,62,0.25,1000,TEMPLATE_OOD,6832,0.005,0.9986783643166323,0.00468384074941452,0.1390728476821192,0.40886993700041785,0.9263277616319344,0.9215257858047815,0.9903961584633854,0.24151053864168617,0.38832666509767005,0.00234192037470726,825,8,3408,2591,0.5
BASE,LOGREG,62,0.25,1000,DOMAIN_TEMPLATE_OOD,3708,0.005,0.9986783643166323,0.00468384074941452,0.1390728476821192,0.40886993700041785,0.8968117348118001,0.8932207571256178,0.9875930521091811,0.21467098166127294,0.3526805494018609,0.002696871628910464,398,5,1849,1456,0.5
BASE,LOGREG,62,0.25,1000,IID_ORIGINAL,3051,0.01,0.991473398920608,0.00936768149882904,0.3598233995584989,0.40886993700041785,0.8621631846084108,0.8979993303594718,0.9758064516129032,0.3431001890359168,0.5076923076923077,0.004515805318615153,363,9,1984,695,0.3467715503113733
BASE,LOGREG,62,0.25,1000,IID_BALANCED,2116,0.01,0.991473398920608,0.00936768149882904,0.3598233995584989,0.40886993700041785,0.9101010488366469,0.8977053040833901,0.981081081081081,0.3431001890359168,0.5084033613445378,0.006616257088846881,363,7,1051,695,0.5
BASE,LOGREG,62,0.25,1000,TEMPORAL,8000,0.01,0.991473398920608,0.00936768149882904,0.3598233995584989,0.40886993700041785,0.9298274500182462,0.9253274375,0.9808955223880597,0.41075,0.5790308370044053,0.008,1643,32,3968,2357,0.5
BASE,LOGREG,62,0.25,1000,DOMAIN_OOD,3858,0.01,0.991473398920608,0.00936768149882904,0.3598233995584989,0.40886993700041785,0.9010605181257381,0.8973155630373327,0.9687074829931973,0.3691031622602385,0.5345345345345346,0.011923276308968377,712,23,1906,1217,0.5
BASE,LOGREG,62,0.25,1000,TEMPLATE_OOD,6832,0.01,0.991473398920608,0.00936768149882904,0.3598233995584989,0.40886993700041785,0.9263277616319344,0.9215257858047815,0.9789768745620182,0.40895784543325525,0.5769151352467479,0.008782201405152224,1397,30,3386,2019,0.5
BASE,LOGREG,62,0.25,1000,DOMAIN_TEMPLATE_OOD,3708,0.01,0.991473398920608,0.00936768149882904,0.3598233995584989,0.40886993700041785,0.8968117348118001,0.8932207571256178,0.9686609686609686,0.3667745415318231,0.5320813771517997,0.011866235167206042,680,22,1832,1174,0.5
BASE,LOGREG,62,0.25,1000,IID_ORIGINAL,3051,0.02,0.9477602469839544,0.01990632318501171,0.5717439293598234,0.40886993700041785,0.8621631846084108,0.8979993303594718,0.9430485762144054,0.5321361058601134,0.6803625377643504,0.017059708981435023,563,34,1959,495,0.3467715503113733
BASE,LOGREG,62,0.25,1000,IID_BALANCED,2116,0.02,0.9477602469839544,0.01990632318501171,0.5717439293598234,0.40886993700041785,0.9101010488366469,0.8977053040833901,0.9690189328743546,0.5321361058601134,0.6870042708968883,0.017013232514177693,563,18,1040,495,0.5
BASE,LOGREG,62,0.25,1000,TEMPORAL,8000,0.02,0.9477602469839544,0.01990632318501171,0.5717439293598234,0.40886993700041785,0.9298274500182462,0.9253274375,0.9568162574089755,0.565,0.7104684061615844,0.0255,2260,102,3898,1740,0.5
BASE,LOGREG,62,0.25,1000,DOMAIN_OOD,3858,0.02,0.9477602469839544,0.01990632318501171,0.5717439293598234,0.40886993700041785,0.9010605181257381,0.8973155630373327,0.9321394910461829,0.5127008812856402,0.6615384615384615,0.03732503888024884,989,72,1857,940,0.5
BASE,LOGREG,62,0.25,1000,TEMPLATE_OOD,6832,0.02,0.9477602469839544,0.01990632318501171,0.5717439293598234,0.40886993700041785,0.9263277616319344,0.9215257858047815,0.9524276606179499,0.5685011709601874,0.7120073327222731,0.028395784543325527,1942,97,3319,1474,0.5
BASE,LOGREG,62,0.25,1000,DOMAIN_TEMPLATE_OOD,3708,0.02,0.9477602469839544,0.01990632318501171,0.5717439293598234,0.40886993700041785,0.8968117348118001,0.8932207571256178,0.9306243805748265,0.5064724919093851,0.6559552916521132,0.037756202804746494,939,70,1784,915,0.5
BASE,XGBOOST,62,0.25,1000,IID_ORIGINAL,3051,0.005,0.992563307285309,0.00468384074941452,0.2980132450331126,3.7985961929998666,0.8495635672980375,0.8970403975350401,0.9842767295597484,0.29584120982986767,0.45494186046511625,0.002508780732563974,313,5,1988,745,0.3467715503113733
BASE,XGBOOST,62,0.25,1000,IID_BALANCED,2116,0.005,0.992563307285309,0.00468384074941452,0.2980132450331126,3.7985961929998666,0.9038259759270337,0.8971174702777649,0.9873817034700315,0.29584120982986767,0.4552727272727273,0.003780718336483932,313,4,1054,745,0.5
BASE,XGBOOST,62,0.25,1000,TEMPORAL,8000,0.005,0.992563307285309,0.00468384074941452,0.2980132450331126,3.7985961929998666,0.9185938713307445,0.9110270625,0.9894394800974817,0.3045,0.4656853374115848,0.00325,1218,13,3987,2782,0.5
BASE,XGBOOST,62,0.25,1000,DOMAIN_OOD,3858,0.005,0.992563307285309,0.00468384074941452,0.2980132450331126,3.7985961929998666,0.8846979755026226,0.8782940042853599,0.9765013054830287,0.19388284085018145,0.3235294117647059,0.004665629860031105,374,9,1920,1555,0.5
BASE,XGBOOST,62,0.25,1000,TEMPLATE_OOD,6832,0.005,0.992563307285309,0.00468384074941452,0.2980132450331126,3.7985961929998666,0.911678703349172,0.9033431667480216,0.9876425855513308,0.30415690866510536,0.4650850492390331,0.0038056206088992973,1039,13,3403,2377,0.5
BASE,XGBOOST,62,0.25,1000,DOMAIN_TEMPLATE_OOD,3708,0.005,0.992563307285309,0.00468384074941452,0.2980132450331126,3.7985961929998666,0.8746033024966917,0.8678890739169748,0.9742120343839542,0.18338727076591155,0.30866999546073537,0.0048543689320388345,340,9,1845,1514,0.5
BASE,XGBOOST,62,0.25,1000,IID_ORIGINAL,3051,0.01,0.9780477285385133,0.00936768149882904,0.44150110375275936,3.7985961929998666,0.8495635672980375,0.8970403975350401,0.9595505617977528,0.40359168241965976,0.5681969394544245,0.009031610637230306,427,18,1975,631,0.3467715503113733
BASE,XGBOOST,62,0.25,1000,IID_BALANCED,2116,0.01,0.9780477285385133,0.00936768149882904,0.44150110375275936,3.7985961929998666,0.9038259759270337,0.8971174702777649,0.9726651480637813,0.40359168241965976,0.5704742818971276,0.011342155009451797,427,12,1046,631,0.5
BASE,XGBOOST,62,0.25,1000,TEMPORAL,8000,0.01,0.9780477285385133,0.00936768149882904,0.44150110375275936,3.7985961929998666,0.9185938713307445,0.9110270625,0.9806927881885292,0.43175,0.5995486894636348,0.0085,1727,34,3966,2273,0.5
BASE,XGBOOST,62,0.25,1000,DOMAIN_OOD,3858,0.01,0.9780477285385133,0.00936768149882904,0.44150110375275936,3.7985961929998666,0.8846979755026226,0.8782940042853599,0.9646539027982327,0.33955417314670816,0.5023006134969326,0.012441679626749611,655,24,1905,1274,0.5
BASE,XGBOOST,62,0.25,1000,TEMPLATE_OOD,6832,0.01,0.9780477285385133,0.00936768149882904,0.44150110375275936,3.7985961929998666,0.911678703349172,0.9033431667480216,0.9771351714862139,0.4253512880562061,0.5926983479502346,0.009953161592505855,1453,34,3382,1963,0.5
BASE,XGBOOST,62,0.25,1000,DOMAIN_TEMPLATE_OOD,3708,0.01,0.9780477285385133,0.00936768149882904,0.44150110375275936,3.7985961929998666,0.8746033024966917,0.8678890739169748,0.9612277867528272,0.3209277238403452,0.48119692680954307,0.012944983818770227,595,24,1830,1259,0.5
BASE,XGBOOST,62,0.25,1000,IID_ORIGINAL,3051,0.02,0.9338761568069459,0.01990632318501171,0.5253863134657837,3.7985961929998666,0.8495635672980375,0.8970403975350401,0.9343971631205674,0.498109640831758,0.6498150431565968,0.018564977420973405,527,37,1956,531,0.3467715503113733
BASE,XGBOOST,62,0.25,1000,IID_BALANCED,2116,0.02,0.9338761568069459,0.01990632318501171,0.5253863134657837,3.7985961929998666,0.9038259759270337,0.8971174702777649,0.9634369287020109,0.498109640831758,0.6566978193146418,0.01890359168241966,527,20,1038,531,0.5
BASE,XGBOOST,62,0.25,1000,TEMPORAL,8000,0.02,0.9338761568069459,0.01990632318501171,0.5253863134657837,3.7985961929998666,0.9185938713307445,0.9110270625,0.9637712789175032,0.552,0.7019551740581783,0.02075,2208,83,3917,1792,0.5
BASE,XGBOOST,62,0.25,1000,DOMAIN_OOD,3858,0.02,0.9338761568069459,0.01990632318501171,0.5253863134657837,3.7985961929998666,0.8846979755026226,0.8782940042853599,0.9420731707317073,0.48055987558320373,0.6364572605561277,0.029548989113530325,927,57,1872,1002,0.5
BASE,XGBOOST,62,0.25,1000,TEMPLATE_OOD,6832,0.02,0.9338761568069459,0.01990632318501171,0.5253863134657837,3.7985961929998666,0.911678703349172,0.9033431667480216,0.9589397089397089,0.5401053864168618,0.6910112359550562,0.023126463700234193,1845,79,3337,1571,0.5
BASE,XGBOOST,62,0.25,1000,DOMAIN_TEMPLATE_OOD,3708,0.02,0.9338761568069459,0.01990632318501171,0.5253863134657837,3.7985961929998666,0.8746033024966917,0.8678890739169748,0.9392575928008999,0.45037756202804746,0.6088224571636894,0.02912621359223301,835,54,1800,1019,0.5
BASE,MLP,62,0.25,1000,IID_ORIGINAL,3051,0.005,0.9820255041122438,0.00468384074941452,0.3973509933774834,0.47515840100004425,0.8527395629635568,0.8994296673517993,0.9791666666666666,0.3553875236294896,0.521497919556172,0.004014049172102358,376,8,1985,682,0.3467715503113733
BASE,MLP,62,0.25,1000,IID_BALANCED,2116,0.005,0.9820255041122438,0.00468384074941452,0.3973509933774834,0.47515840100004425,0.9085741599882311,0.8996948267051647,0.9947089947089947,0.3553875236294896,0.5236768802228412,0.001890359168241966,376,2,1056,682,0.5
BASE,MLP,62,0.25,1000,TEMPORAL,8000,0.005,0.9820255041122438,0.00468384074941452,0.3973509933774834,0.47515840100004425,0.9157362715187515,0.902927375,0.9869451697127938,0.378,0.5466377440347071,0.005,1512,20,3980,2488,0.5
BASE,MLP,62,0.25,1000,DOMAIN_OOD,3858,0.005,0.9820255041122438,0.00468384074941452,0.3973509933774834,0.47515840100004425,0.8817100173567283,0.8682454721676004,0.973404255319149,0.2846034214618974,0.4404332129963899,0.007776049766718507,549,15,1914,1380,0.5
BASE,MLP,62,0.25,1000,TEMPLATE_OOD,6832,0.005,0.9820255041122438,0.00468384074941452,0.3973509933774834,0.47515840100004425,0.9105415885372715,0.8971975110925855,0.9849445324881141,0.3638758782201405,0.5314236853356135,0.0055620608899297425,1243,19,3397,2173,0.5
BASE,MLP,62,0.25,1000,DOMAIN_TEMPLATE_OOD,3708,0.005,0.9820255041122438,0.00468384074941452,0.3973509933774834,0.47515840100004425,0.8721632965405901,0.8572848699392202,0.9720558882235529,0.2626752966558792,0.41358811040339705,0.007551240560949299,487,14,1840,1367,0.5
BASE,MLP,62,0.25,1000,IID_ORIGINAL,3051,0.01,0.9615125060081483,0.00936768149882904,0.47019867549668876,0.47515840100004425,0.8527395629635568,0.8994296673517993,0.974025974025974,0.42533081285444235,0.5921052631578947,0.006021073758153537,450,12,1981,608,0.3467715503113733
BASE,MLP,62,0.25,1000,IID_BALANCED,2116,0.01,0.9615125060081483,0.00936768149882904,0.47019867549668876,0.47515840100004425,0.9085741599882311,0.8996948267051647,0.9911894273127754,0.42533081285444235,0.5952380952380952,0.003780718336483932,450,4,1054,608,0.5
BASE,MLP,62,0.25,1000,TEMPORAL,8000,0.01,0.9615125060081483,0.00936768149882904,0.47019867549668876,0.47515840100004425,0.9157362715187515,0.902927375,0.9746136865342163,0.4415,0.6077081899518239,0.0115,1766,46,3954,2234,0.5
BASE,MLP,62,0.25,1000,DOMAIN_OOD,3858,0.01,0.9615125060081483,0.00936768149882904,0.47019867549668876,0.47515840100004425,0.8817100173567283,0.8682454721676004,0.9537815126050421,0.35303265940902023,0.5153234960272418,0.017107309486780714,681,33,1896,1248,0.5
BASE,MLP,62,0.25,1000,TEMPLATE_OOD,6832,0.01,0.9615125060081483,0.00936768149882904,0.47019867549668876,0.47515840100004425,0.9105415885372715,0.8971975110925855,0.971198928332217,0.4244730679156909,0.5907516805866775,0.012587822014051522,1450,43,3373,1966,0.5
BASE,MLP,62,0.25,1000,DOMAIN_TEMPLATE_OOD,3708,0.01,0.9615125060081483,0.00936768149882904,0.47019867549668876,0.47515840100004425,0.8721632965405901,0.8572848699392202,0.9513343799058085,0.3268608414239482,0.4865515857085508,0.016720604099244876,606,31,1823,1248,0.5
BASE,MLP,62,0.25,1000,IID_ORIGINAL,3051,0.02,0.8943365216255189,0.01990632318501171,0.5386313465783664,0.47515840100004425,0.8527395629635568,0.8994296673517993,0.9264448336252189,0.5,0.6494782074892572,0.021073758153537382,529,42,1951,529,0.3467715503113733
BASE,MLP,62,0.25,1000,IID_BALANCED,2116,0.02,0.8943365216255189,0.01990632318501171,0.5386313465783664,0.47515840100004425,0.9085741599882311,0.8996948267051647,0.9618181818181818,0.5,0.6579601990049752,0.01984877126654064,529,21,1037,529,0.5
BASE,MLP,62,0.25,1000,TEMPORAL,8000,0.02,0.8943365216255189,0.01990632318501171,0.5386313465783664,0.47515840100004425,0.9157362715187515,0.902927375,0.964456003467707,0.55625,0.7055652449659109,0.0205,2225,82,3918,1775,0.5
BASE,MLP,62,0.25,1000,DOMAIN_OOD,3858,0.02,0.8943365216255189,0.01990632318501171,0.5386313465783664,0.47515840100004425,0.8817100173567283,0.8682454721676004,0.9462254395036195,0.47433903576982894,0.6319060773480663,0.02695697252462416,915,52,1877,1014,0.5
BASE,MLP,62,0.25,1000,TEMPLATE_OOD,6832,0.02,0.8943365216255189,0.01990632318501171,0.5386313465783664,0.47515840100004425,0.9105415885372715,0.8971975110925855,0.9618599791013585,0.5389344262295082,0.6908067542213884,0.021370023419203747,1841,73,3343,1575,0.5
BASE,MLP,62,0.25,1000,DOMAIN_TEMPLATE_OOD,3708,0.02,0.8943365216255189,0.01990632318501171,0.5386313465783664,0.47515840100004425,0.8721632965405901,0.8572848699392202,0.9451901565995525,0.4557713052858684,0.6149927219796215,0.026429341963322545,845,49,1805,1009,0.5
DAPT,LOGREG,62,0.25,1000,IID_ORIGINAL,3051,0.005,0.9942080713275112,0.00468384074941452,0.32671081677704195,0.3905545280003935,0.8550317848784235,0.8860434962823568,0.9790419161676647,0.30907372400756145,0.4698275862068966,0.0035122930255895636,327,7,1986,731,0.3467715503113733
DAPT,LOGREG,62,0.25,1000,IID_BALANCED,2116,0.005,0.9942080713275112,0.00468384074941452,0.32671081677704195,0.3905545280003935,0.9035209196964356,0.884740799239568,0.9819819819819819,0.30907372400756145,0.4701653486700216,0.005671077504725898,327,6,1052,731,0.5
DAPT,LOGREG,62,0.25,1000,TEMPORAL,8000,0.005,0.9942080713275112,0.00468384074941452,0.32671081677704195,0.3905545280003935,0.932502746913793,0.9250895,0.9900709219858156,0.349,0.5160813308687615,0.0035,1396,14,3986,2604,0.5
DAPT,LOGREG,62,0.25,1000,DOMAIN_OOD,3858,0.005,0.9942080713275112,0.00468384074941452,0.32671081677704195,0.3905545280003935,0.905880238633723,0.8988656668926787,0.983739837398374,0.31363400725764645,0.47562893081761004,0.005184033177812338,605,10,1919,1324,0.5
DAPT,LOGREG,62,0.25,1000,TEMPLATE_OOD,6832,0.005,0.9942080713275112,0.00468384074941452,0.32671081677704195,0.3905545280003935,0.9278775715725875,0.9209966084660147,0.9892650701899257,0.3507025761124122,0.5178301275124271,0.0038056206088992973,1198,13,3403,2218,0.5
DAPT,LOGREG,62,0.25,1000,DOMAIN_TEMPLATE_OOD,3708,0.005,0.9942080713275112,0.00468384074941452,0.32671081677704195,0.3905545280003935,0.8976479495640595,0.8901497563796869,0.9828767123287672,0.30960086299892126,0.47087776866283837,0.005393743257820928,574,10,1844,1280,0.5
DAPT,LOGREG,62,0.25,1000,IID_ORIGINAL,3051,0.01,0.9866171937361586,0.00936768149882904,0.4194260485651214,0.3905545280003935,0.8550317848784235,0.8860434962823568,0.9663461538461539,0.3799621928166352,0.5454545454545454,0.007024586051179127,402,14,1979,656,0.3467715503113733
DAPT,LOGREG,62,0.25,1000,IID_BALANCED,2116,0.01,0.9866171937361586,0.00936768149882904,0.4194260485651214,0.3905545280003935,0.9035209196964356,0.884740799239568,0.9733656174334141,0.3799621928166352,0.5465669612508498,0.010396975425330813,402,11,1047,656,0.5
DAPT,LOGREG,62,0.25,1000,TEMPORAL,8000,0.01,0.9866171937361586,0.00936768149882904,0.4194260485651214,0.3905545280003935,0.932502746913793,0.9250895,0.9888268156424581,0.4425,0.6113989637305699,0.005,1770,20,3980,2230,0.5
DAPT,LOGREG,62,0.25,1000,DOMAIN_OOD,3858,0.01,0.9866171937361586,0.00936768149882904,0.4194260485651214,0.3905545280003935,0.905880238633723,0.8988656668926787,0.9827127659574468,0.3831000518403318,0.5512868332711675,0.00673924313115604,739,13,1916,1190,0.5
DAPT,LOGREG,62,0.25,1000,TEMPLATE_OOD,6832,0.01,0.9866171937361586,0.00936768149882904,0.4194260485651214,0.3905545280003935,0.9278775715725875,0.9209966084660147,0.9875,0.43940281030444966,0.6081847649918962,0.0055620608899297425,1501,19,3397,1915,0.5
DAPT,LOGREG,62,0.25,1000,DOMAIN_TEMPLATE_OOD,3708,0.01,0.9866171937361586,0.00936768149882904,0.4194260485651214,0.3905545280003935,0.8976479495640595,0.8901497563796869,0.9817927170868347,0.378101402373247,0.5459501557632399,0.007011866235167206,701,13,1841,1153,0.5
DAPT,LOGREG,62,0.25,1000,IID_ORIGINAL,3051,0.02,0.9651327434196367,0.01990632318501171,0.5033112582781457,0.3905545280003935,0.8550317848784235,0.8860434962823568,0.9430740037950665,0.46975425330812853,0.6271293375394322,0.015052684395383844,497,30,1963,561,0.3467715503113733
DAPT,LOGREG,62,0.25,1000,IID_BALANCED,2116,0.02,0.9651327434196367,0.01990632318501171,0.5033112582781457,0.3905545280003935,0.9035209196964356,0.884740799239568,0.9613152804642167,0.46975425330812853,0.6311111111111111,0.01890359168241966,497,20,1038,561,0.5
DAPT,LOGREG,62,0.25,1000,TEMPORAL,8000,0.02,0.9651327434196367,0.01990632318501171,0.5033112582781457,0.3905545280003935,0.932502746913793,0.9250895,0.9797235023041475,0.5315,0.6891410048622366,0.011,2126,44,3956,1874,0.5
DAPT,LOGREG,62,0.25,1000,DOMAIN_OOD,3858,0.02,0.9651327434196367,0.01990632318501171,0.5033112582781457,0.3905545280003935,0.905880238633723,0.8988656668926787,0.9696641386782232,0.46397096941420424,0.6276297335203366,0.014515292897874546,895,28,1901,1034,0.5
DAPT,LOGREG,62,0.25,1000,TEMPLATE_OOD,6832,0.02,0.9651327434196367,0.01990632318501171,0.5033112582781457,0.3905545280003935,0.9278775715725875,0.9209966084660147,0.9781181619256017,0.5234192037470726,0.6819221967963387,0.0117096018735363,1788,40,3376,1628,0.5
DAPT,LOGREG,62,0.25,1000,DOMAIN_TEMPLATE_OOD,3708,0.02,0.9651327434196367,0.01990632318501171,0.5033112582781457,0.3905545280003935,0.8976479495640595,0.8901497563796869,0.9689298043728424,0.45415318230852214,0.6184355490268086,0.014563106796116505,842,27,1827,1012,0.5
DAPT,XGBOOST,62,0.25,1000,IID_ORIGINAL,3051,0.005,0.9972029924392701,0.00468384074941452,0.24282560706401765,3.647475812999801,0.8262683381364451,0.8809481578720227,0.9746835443037974,0.21833648393194707,0.3567567567567568,0.0030105368790767687,231,6,1987,827,0.3467715503113733
DAPT,XGBOOST,62,0.25,1000,IID_BALANCED,2116,0.005,0.9972029924392701,0.00468384074941452,0.24282560706401765,3.647475812999801,0.8852086677389945,0.8790402407081164,0.9788135593220338,0.21833648393194707,0.357032457496136,0.004725897920604915,231,5,1053,827,0.5
DAPT,XGBOOST,62,0.25,1000,TEMPORAL,8000,0.005,0.9972029924392701,0.00468384074941452,0.24282560706401765,3.647475812999801,0.9120691488455537,0.9003524375000002,0.9957924263674615,0.1775,0.30129429238277106,0.00075,710,3,3997,3290,0.5
DAPT,XGBOOST,62,0.25,1000,DOMAIN_OOD,3858,0.005,0.9972029924392701,0.00468384074941452,0.24282560706401765,3.647475812999801,0.8810010182242027,0.8705397226206322,0.9838709677419355,0.09486780715396578,0.17304964539007092,0.0015552099533437014,183,3,1926,1746,0.5
DAPT,XGBOOST,62,0.25,1000,TEMPLATE_OOD,6832,0.005,0.9972029924392701,0.00468384074941452,0.24282560706401765,3.647475812999801,0.9093961500314885,0.8967782826648532,0.9951690821256038,0.18091334894613584,0.30616794649492196,0.0008782201405152225,618,3,3413,2798,0.5
DAPT,XGBOOST,62,0.25,1000,DOMAIN_TEMPLATE_OOD,3708,0.005,0.9972029924392701,0.00468384074941452,0.24282560706401765,3.647475812999801,0.8681639993771044,0.855591688398739,0.9826589595375722,0.09169363538295577,0.16773556980759743,0.0016181229773462784,170,3,1851,1684,0.5
DAPT,XGBOOST,62,0.25,1000,IID_ORIGINAL,3051,0.01,0.9890839457511903,0.00936768149882904,0.36423841059602646,3.647475812999801,0.8262683381364451,0.8809481578720227,0.9408740359897172,0.34593572778827975,0.5058742225293711,0.01154039136979428,366,23,1970,692,0.3467715503113733
DAPT,XGBOOST,62,0.25,1000,IID_BALANCED,2116,0.01,0.9890839457511903,0.00936768149882904,0.36423841059602646,3.647475812999801,0.8852086677389945,0.8790402407081164,0.9606299212598425,0.34593572778827975,0.5086865879082696,0.014177693761814745,366,15,1043,692,0.5
DAPT,XGBOOST,62,0.25,1000,TEMPORAL,8000,0.01,0.9890839457511903,0.00936768149882904,0.36423841059602646,3.647475812999801,0.9120691488455537,0.9003524375000002,0.9830757910228108,0.334,0.49860048516514277,0.00575,1336,23,3977,2664,0.5
DAPT,XGBOOST,62,0.25,1000,DOMAIN_OOD,3858,0.01,0.9890839457511903,0.00936768149882904,0.36423841059602646,3.647475812999801,0.8810010182242027,0.8705397226206322,0.970276008492569,0.23691031622602385,0.38083333333333336,0.007257646448937273,457,14,1915,1472,0.5
DAPT,XGBOOST,62,0.25,1000,TEMPLATE_OOD,6832,0.01,0.9890839457511903,0.00936768149882904,0.36423841059602646,3.647475812999801,0.9093961500314885,0.8967782826648532,0.9854202401372213,0.3363583138173302,0.5015277171540812,0.004976580796252928,1149,17,3399,2267,0.5
DAPT,XGBOOST,62,0.25,1000,DOMAIN_TEMPLATE_OOD,3708,0.01,0.9890839457511903,0.00936768149882904,0.36423841059602646,3.647475812999801,0.8681639993771044,0.855591688398739,0.9710467706013363,0.23516720604099245,0.3786365610073817,0.007011866235167206,436,13,1841,1418,0.5
DAPT,XGBOOST,62,0.25,1000,IID_ORIGINAL,3051,0.02,0.9543758630752565,0.01990632318501171,0.48344370860927155,3.647475812999801,0.8262683381364451,0.8809481578720227,0.9014598540145985,0.4669187145557656,0.6151930261519303,0.027094831911690917,494,54,1939,564,0.3467715503113733
DAPT,XGBOOST,62,0.25,1000,IID_BALANCED,2116,0.02,0.9543758630752565,0.01990632318501171,0.48344370860927155,3.647475812999801,0.8852086677389945,0.8790402407081164,0.9391634980988594,0.4669187145557656,0.6237373737373737,0.030245746691871456,494,32,1026,564,0.5
DAPT,XGBOOST,62,0.25,1000,TEMPORAL,8000,0.02,0.9543758630752565,0.01990632318501171,0.48344370860927155,3.647475812999801,0.9120691488455537,0.9003524375000002,0.9676153091265947,0.493,0.6531964226565088,0.0165,1972,66,3934,2028,0.5
DAPT,XGBOOST,62,0.25,1000,DOMAIN_OOD,3858,0.02,0.9543758630752565,0.01990632318501171,0.48344370860927155,3.647475812999801,0.8810010182242027,0.8705397226206322,0.9568345323741008,0.41368584758942456,0.5776330076004343,0.01866251944012442,798,36,1893,1131,0.5
DAPT,XGBOOST,62,0.25,1000,TEMPLATE_OOD,6832,0.02,0.9543758630752565,0.01990632318501171,0.48344370860927155,3.647475812999801,0.9093961500314885,0.8967782826648532,0.9719904648390941,0.4774590163934426,0.6403612092658029,0.013758782201405152,1631,47,3369,1785,0.5
DAPT,XGBOOST,62,0.25,1000,DOMAIN_TEMPLATE_OOD,3708,0.02,0.9543758630752565,0.01990632318501171,0.48344370860927155,3.647475812999801,0.8681639993771044,0.855591688398739,0.9552238805970149,0.37971952535059333,0.5434195291393284,0.01779935275080906,704,33,1821,1150,0.5
DAPT,MLP,62,0.25,1000,IID_ORIGINAL,3051,0.005,0.9941483736038209,0.00468384074941452,0.41280353200883,0.5746223939995616,0.8507119927827643,0.8871914175986463,0.9805825242718447,0.3818525519848771,0.5496598639455782,0.004014049172102358,404,8,1985,654,0.3467715503113733
DAPT,MLP,62,0.25,1000,IID_BALANCED,2116,0.005,0.9941483736038209,0.00468384074941452,0.41280353200883,0.5746223939995616,0.9022143230988775,0.8874409932783258,0.9853658536585366,0.3818525519848771,0.5504087193460491,0.005671077504725898,404,6,1052,654,0.5
DAPT,MLP,62,0.25,1000,TEMPORAL,8000,0.005,0.9941483736038209,0.00468384074941452,0.41280353200883,0.5746223939995616,0.9164563160254998,0.904406875,0.9912280701754386,0.31075,0.47316330414921964,0.00275,1243,11,3989,2757,0.5
DAPT,MLP,62,0.25,1000,DOMAIN_OOD,3858,0.005,0.9941483736038209,0.00468384074941452,0.41280353200883,0.5746223939995616,0.8860006459471634,0.8752166396446586,0.9882075471698113,0.21721099015033696,0.3561410964725882,0.002592016588906169,419,5,1924,1510,0.5
DAPT,MLP,62,0.25,1000,TEMPLATE_OOD,6832,0.005,0.9941483736038209,0.00468384074941452,0.41280353200883,0.5746223939995616,0.9111131460727355,0.8990091400709705,0.9903474903474904,0.3003512880562061,0.4609164420485175,0.002927400468384075,1026,10,3406,2390,0.5
DAPT,MLP,62,0.25,1000,DOMAIN_TEMPLATE_OOD,3708,0.005,0.9941483736038209,0.00468384074941452,0.41280353200883,0.5746223939995616,0.8745533666984876,0.8625012946147519,0.987012987012987,0.20496224379719524,0.3394372487717731,0.002696871628910464,380,5,1849,1474,0.5
DAPT,MLP,62,0.25,1000,IID_ORIGINAL,3051,0.01,0.9792017340660096,0.00936768149882904,0.4900662251655629,0.5746223939995616,0.8507119927827643,0.8871914175986463,0.9663366336633663,0.4612476370510397,0.6244401791426744,0.008529854490717512,488,17,1976,570,0.3467715503113733
DAPT,MLP,62,0.25,1000,IID_BALANCED,2116,0.01,0.9792017340660096,0.00936768149882904,0.4900662251655629,0.5746223939995616,0.9022143230988775,0.8874409932783258,0.9799196787148594,0.4612476370510397,0.6272493573264781,0.00945179584120983,488,10,1048,570,0.5
DAPT,MLP,62,0.25,1000,TEMPORAL,8000,0.01,0.9792017340660096,0.00936768149882904,0.4900662251655629,0.5746223939995616,0.9164563160254998,0.904406875,0.9830890642615558,0.436,0.6040872878420506,0.0075,1744,30,3970,2256,0.5
DAPT,MLP,62,0.25,1000,DOMAIN_OOD,3858,0.01,0.9792017340660096,0.00936768149882904,0.4900662251655629,0.5746223939995616,0.8860006459471634,0.8752166396446586,0.9755747126436781,0.35199585277345774,0.5173333333333333,0.008812856402280975,679,17,1912,1250,0.5
DAPT,MLP,62,0.25,1000,TEMPLATE_OOD,6832,0.01,0.9792017340660096,0.00936768149882904,0.4900662251655629,0.5746223939995616,0.9111131460727355,0.8990091400709705,0.9816076294277929,0.4218384074941452,0.5900900900900901,0.007903981264637002,1441,27,3389,1975,0.5
DAPT,MLP,62,0.25,1000,DOMAIN_TEMPLATE_OOD,3708,0.01,0.9792017340660096,0.00936768149882904,0.4900662251655629,0.5746223939995616,0.8745533666984876,0.8625012946147519,0.9731012658227848,0.33171521035598706,0.49477071600965405,0.009169363538295576,615,17,1837,1239,0.5
DAPT,MLP,62,0.25,1000,IID_ORIGINAL,3051,0.02,0.9350150227546693,0.01990632318501171,0.5584988962472406,0.5746223939995616,0.8507119927827643,0.8871914175986463,0.9336569579288025,0.5453686200378072,0.6885441527446301,0.020572002007024585,577,41,1952,481,0.3467715503113733
DAPT,MLP,62,0.25,1000,IID_BALANCED,2116,0.02,0.9350150227546693,0.01990632318501171,0.5584988962472406,0.5746223939995616,0.9022143230988775,0.8874409932783258,0.9552980132450332,0.5453686200378072,0.694344163658243,0.02551984877126654,577,27,1031,481,0.5
DAPT,MLP,62,0.25,1000,TEMPORAL,8000,0.02,0.9350150227546693,0.01990632318501171,0.5584988962472406,0.5746223939995616,0.9164563160254998,0.904406875,0.9699115044247788,0.548,0.7003194888178914,0.017,2192,68,3932,1808,0.5
DAPT,MLP,62,0.25,1000,DOMAIN_OOD,3858,0.02,0.9350150227546693,0.01990632318501171,0.5584988962472406,0.5746223939995616,0.8860006459471634,0.8752166396446586,0.955531453362256,0.45671332296526695,0.6180287618379516,0.021254536029030584,881,41,1888,1048,0.5
DAPT,MLP,62,0.25,1000,TEMPLATE_OOD,6832,0.02,0.9350150227546693,0.01990632318501171,0.5584988962472406,0.5746223939995616,0.9111131460727355,0.8990091400709705,0.9674493062966916,0.5307377049180327,0.6854442344045368,0.017857142857142856,1813,61,3355,1603,0.5
DAPT,MLP,62,0.25,1000,DOMAIN_TEMPLATE_OOD,3708,0.02,0.9350150227546693,0.01990632318501171,0.5584988962472406,0.5746223939995616,0.8745533666984876,0.8625012946147519,0.951764705882353,0.43635382955771307,0.5983727810650887,0.022114347357065803,809,41,1813,1045,0.5
CONTRASTIVE,LOGREG,62,0.25,1000,IID_ORIGINAL,3051,0.005,0.9889472725766256,0.00468384074941452,0.23620309050772628,0.35769583899946156,0.8040745133378999,0.8622736287782284,0.9450171821305842,0.2599243856332703,0.407709414381023,0.008028098344204716,275,16,1977,783,0.3467715503113733
CONTRASTIVE,LOGREG,62,0.25,1000,IID_BALANCED,2116,0.005,0.9889472725766256,0.00468384074941452,0.23620309050772628,0.35769583899946156,0.8733201471549513,0.8622610696788534,0.9615384615384616,0.2599243856332703,0.40922619047619047,0.010396975425330813,275,11,1047,783,0.5
CONTRASTIVE,LOGREG,62,0.25,1000,TEMPORAL,8000,0.005,0.9889472725766256,0.00468384074941452,0.23620309050772628,0.35769583899946156,0.8709854719228646,0.8457145,0.974124809741248,0.32,0.4817463304478735,0.0085,1280,34,3966,2720,0.5
CONTRASTIVE,LOGREG,62,0.25,1000,DOMAIN_OOD,3858,0.005,0.9889472725766256,0.00468384074941452,0.23620309050772628,0.35769583899946156,0.8400773628249211,0.8114804432415553,0.9636711281070746,0.26127527216174184,0.4110929853181077,0.009849663037843442,504,19,1910,1425,0.5
CONTRASTIVE,LOGREG,62,0.25,1000,TEMPLATE_OOD,6832,0.005,0.9889472725766256,0.00468384074941452,0.23620309050772628,0.35769583899946156,0.8682813249956562,0.8418315928897763,0.9746503496503497,0.32640515222482436,0.48903508771929827,0.008489461358313818,1115,29,3387,2301,0.5
CONTRASTIVE,LOGREG,62,0.25,1000,DOMAIN_TEMPLATE_OOD,3708,0.005,0.9889472725766256,0.00468384074941452,0.23620309050772628,0.35769583899946156,0.8308533655679932,0.7978527432450202,0.9647058823529412,0.26537216828478966,0.41624365482233505,0.009708737864077669,492,18,1836,1362,0.5
CONTRASTIVE,LOGREG,62,0.25,1000,IID_ORIGINAL,3051,0.01,0.9859473789799332,0.00936768149882904,0.24503311258278146,0.35769583899946156,0.8040745133378999,0.8622736287782284,0.939297124600639,0.277882797731569,0.4288840262582057,0.009533366783743101,294,19,1974,764,0.3467715503113733
CONTRASTIVE,LOGREG,62,0.25,1000,IID_BALANCED,2116,0.01,0.9859473789799332,0.00936768149882904,0.24503311258278146,0.35769583899946156,0.8733201471549513,0.8622610696788534,0.9576547231270358,0.277882797731569,0.4307692307692308,0.012287334593572778,294,13,1045,764,0.5
CONTRASTIVE,LOGREG,62,0.25,1000,TEMPORAL,8000,0.01,0.9859473789799332,0.00936768149882904,0.24503311258278146,0.35769583899946156,0.8709854719228646,0.8457145,0.9685489635453896,0.33875,0.5019448045934433,0.011,1355,44,3956,2645,0.5
CONTRASTIVE,LOGREG,62,0.25,1000,DOMAIN_OOD,3858,0.01,0.9859473789799332,0.00936768149882904,0.24503311258278146,0.35769583899946156,0.8400773628249211,0.8114804432415553,0.9588550983899821,0.27786417833074134,0.43086816720257237,0.011923276308968377,536,23,1906,1393,0.5
CONTRASTIVE,LOGREG,62,0.25,1000,TEMPLATE_OOD,6832,0.01,0.9859473789799332,0.00936768149882904,0.24503311258278146,0.35769583899946156,0.8682813249956562,0.8418315928897763,0.9704190632703369,0.3457259953161593,0.5098208504208935,0.01053864168618267,1181,36,3380,2235,0.5
CONTRASTIVE,LOGREG,62,0.25,1000,DOMAIN_TEMPLATE_OOD,3708,0.01,0.9859473789799332,0.00936768149882904,0.24503311258278146,0.35769583899946156,0.8308533655679932,0.7978527432450202,0.9618181818181818,0.2853290183387271,0.4400998336106489,0.011326860841423949,529,21,1833,1325,0.5
CONTRASTIVE,LOGREG,62,0.25,1000,IID_ORIGINAL,3051,0.02,0.9660554862180378,0.01990632318501171,0.35320088300220753,0.35769583899946156,0.8040745133378999,0.8622736287782284,0.9260089686098655,0.390359168241966,0.5492021276595744,0.01655795283492223,413,33,1960,645,0.3467715503113733
CONTRASTIVE,LOGREG,62,0.25,1000,IID_BALANCED,2116,0.02,0.9660554862180378,0.01990632318501171,0.35320088300220753,0.35769583899946156,0.8733201471549513,0.8622610696788534,0.9560185185185185,0.390359168241966,0.5543624161073826,0.017958412098298678,413,19,1039,645,0.5
CONTRASTIVE,LOGREG,62,0.25,1000,TEMPORAL,8000,0.02,0.9660554862180378,0.01990632318501171,0.35320088300220753,0.35769583899946156,0.8709854719228646,0.8457145,0.9586776859504132,0.406,0.5704250087811732,0.0175,1624,70,3930,2376,0.5
CONTRASTIVE,LOGREG,62,0.25,1000,DOMAIN_OOD,3858,0.02,0.9660554862180378,0.01990632318501171,0.35320088300220753,0.35769583899946156,0.8400773628249211,0.8114804432415553,0.9492017416545718,0.3390357698289269,0.49961802902979374,0.018144116122343183,654,35,1894,1275,0.5
CONTRASTIVE,LOGREG,62,0.25,1000,TEMPLATE_OOD,6832,0.02,0.9660554862180378,0.01990632318501171,0.35320088300220753,0.35769583899946156,0.8682813249956562,0.8418315928897763,0.9599723947550034,0.4072014051522248,0.5718396711202467,0.016978922716627636,1391,58,3358,2025,0.5
CONTRASTIVE,LOGREG,62,0.25,1000,DOMAIN_TEMPLATE_OOD,3708,0.02,0.9660554862180378,0.01990632318501171,0.35320088300220753,0.35769583899946156,0.8308533655679932,0.7978527432450202,0.9501510574018127,0.33926645091693636,0.5,0.01779935275080906,629,33,1821,1225,0.5
CONTRASTIVE,XGBOOST,62,0.25,1000,IID_ORIGINAL,3051,0.005,0.996831238269806,0.00468384074941452,0.046357615894039736,5.633066372999565,0.7403050682840606,0.8316679265899456,0.9242424242424242,0.057655954631379965,0.10854092526690391,0.002508780732563974,61,5,1988,997,0.3467715503113733
CONTRASTIVE,XGBOOST,62,0.25,1000,IID_BALANCED,2116,0.005,0.996831238269806,0.00468384074941452,0.046357615894039736,5.633066372999565,0.8335902715460526,0.8354878305895133,0.9682539682539683,0.057655954631379965,0.10883140053523639,0.001890359168241966,61,2,1056,997,0.5
CONTRASTIVE,XGBOOST,62,0.25,1000,TEMPORAL,8000,0.005,0.996831238269806,0.00468384074941452,0.046357615894039736,5.633066372999565,0.8672875379725654,0.8462998125000001,0.9878787878787879,0.12225,0.2175750834260289,0.0015,489,6,3994,3511,0.5
CONTRASTIVE,XGBOOST,62,0.25,1000,DOMAIN_OOD,3858,0.005,0.996831238269806,0.00468384074941452,0.046357615894039736,5.633066372999565,0.8349902474594446,0.8144782602502902,0.9858156028368794,0.0720580611715915,0.13429951690821257,0.0010368066355624676,139,2,1927,1790,0.5
CONTRASTIVE,XGBOOST,62,0.25,1000,TEMPLATE_OOD,6832,0.005,0.996831238269806,0.00468384074941452,0.046357615894039736,5.633066372999565,0.8676602075650022,0.8451554264543764,0.988399071925754,0.12470725995316159,0.22147127631920976,0.0014637002341920376,426,5,3411,2990,0.5
CONTRASTIVE,XGBOOST,62,0.25,1000,DOMAIN_TEMPLATE_OOD,3708,0.005,0.996831238269806,0.00468384074941452,0.046357615894039736,5.633066372999565,0.8295757817939666,0.8060510002571775,0.9859154929577465,0.07551240560949299,0.1402805611222445,0.0010787486515641855,140,2,1852,1714,0.5
CONTRASTIVE,XGBOOST,62,0.25,1000,IID_ORIGINAL,3051,0.01,0.9872777462005616,0.00936768149882904,0.16114790286975716,5.633066372999565,0.7403050682840606,0.8316679265899456,0.8947368421052632,0.16068052930056712,0.2724358974358974,0.010035122930255895,170,20,1973,888,0.3467715503113733
CONTRASTIVE,XGBOOST,62,0.25,1000,IID_BALANCED,2116,0.01,0.9872777462005616,0.00936768149882904,0.16114790286975716,5.633066372999565,0.8335902715460526,0.8354878305895133,0.9444444444444444,0.16068052930056712,0.27463651050080773,0.00945179584120983,170,10,1048,888,0.5
CONTRASTIVE,XGBOOST,62,0.25,1000,TEMPORAL,8000,0.01,0.9872777462005616,0.00936768149882904,0.16114790286975716,5.633066372999565,0.8672875379725654,0.8462998125000001,0.9762845849802372,0.247,0.3942537909018356,0.006,988,24,3976,3012,0.5
CONTRASTIVE,XGBOOST,62,0.25,1000,DOMAIN_OOD,3858,0.01,0.9872777462005616,0.00936768149882904,0.16114790286975716,5.633066372999565,0.8349902474594446,0.8144782602502902,0.9749303621169917,0.18144116122343182,0.30594405594405594,0.004665629860031105,350,9,1920,1579,0.5
CONTRASTIVE,XGBOOST,62,0.25,1000,TEMPLATE_OOD,6832,0.01,0.9872777462005616,0.00936768149882904,0.16114790286975716,5.633066372999565,0.8676602075650022,0.8451554264543764,0.9782110091743119,0.2497072599531616,0.3978544776119403,0.0055620608899297425,853,19,3397,2563,0.5
CONTRASTIVE,XGBOOST,62,0.25,1000,DOMAIN_TEMPLATE_OOD,3708,0.01,0.9872777462005616,0.00936768149882904,0.16114790286975716,5.633066372999565,0.8295757817939666,0.8060510002571775,0.9746478873239437,0.1866235167206041,0.31326392032593936,0.0048543689320388345,346,9,1845,1508,0.5
CONTRASTIVE,XGBOOST,62,0.25,1000,IID_ORIGINAL,3051,0.02,0.9723358750343324,0.01990632318501171,0.2671081677704194,5.633066372999565,0.7403050682840606,0.8316679265899456,0.8675496688741722,0.24763705103969755,0.38529411764705884,0.02007024586051179,262,40,1953,796,0.3467715503113733
CONTRASTIVE,XGBOOST,62,0.25,1000,IID_BALANCED,2116,0.02,0.9723358750343324,0.01990632318501171,0.2671081677704194,5.633066372999565,0.8335902715460526,0.8354878305895133,0.916083916083916,0.24763705103969755,0.3898809523809524,0.022684310018903593,262,24,1034,796,0.5
CONTRASTIVE,XGBOOST,62,0.25,1000,TEMPORAL,8000,0.02,0.9723358750343324,0.01990632318501171,0.2671081677704194,5.633066372999565,0.8672875379725654,0.8462998125000001,0.9644180874722016,0.32525,0.48644606468498786,0.012,1301,48,3952,2699,0.5
CONTRASTIVE,XGBOOST,62,0.25,1000,DOMAIN_OOD,3858,0.02,0.9723358750343324,0.01990632318501171,0.2671081677704194,5.633066372999565,0.8349902474594446,0.8144782602502902,0.9486692015209125,0.25868325557283567,0.4065173116089613,0.013996889580093312,499,27,1902,1430,0.5
CONTRASTIVE,XGBOOST,62,0.25,1000,TEMPLATE_OOD,6832,0.02,0.9723358750343324,0.01990632318501171,0.2671081677704194,5.633066372999565,0.8676602075650022,0.8451554264543764,0.9680207433016422,0.32786885245901637,0.4898316203804942,0.010831381733021077,1120,37,3379,2296,0.5
CONTRASTIVE,XGBOOST,62,0.25,1000,DOMAIN_TEMPLATE_OOD,3708,0.02,0.9723358750343324,0.01990632318501171,0.2671081677704194,5.633066372999565,0.8295757817939666,0.8060510002571775,0.9547244094488189,0.261596548004315,0.4106689246401355,0.012405609492988134,485,23,1831,1369,0.5
CONTRASTIVE,MLP,62,0.25,1000,IID_ORIGINAL,3051,0.005,0.9959235191345216,0.00468384074941452,0.18763796909492272,0.5869523540004593,0.783842870971318,0.8572152818418339,0.9214876033057852,0.2107750472589792,0.34307692307692306,0.009533366783743101,223,19,1974,835,0.3467715503113733
CONTRASTIVE,MLP,62,0.25,1000,IID_BALANCED,2116,0.005,0.9959235191345216,0.00468384074941452,0.18763796909492272,0.5869523540004593,0.8585153305815928,0.8581194321060888,0.9369747899159664,0.2107750472589792,0.3441358024691358,0.014177693761814745,223,15,1043,835,0.5
CONTRASTIVE,MLP,62,0.25,1000,TEMPORAL,8000,0.005,0.9959235191345216,0.00468384074941452,0.18763796909492272,0.5869523540004593,0.8680854852064264,0.84272753125,0.9757462686567164,0.2615,0.41246056782334384,0.0065,1046,26,3974,2954,0.5
CONTRASTIVE,MLP,62,0.25,1000,DOMAIN_OOD,3858,0.005,0.9959235191345216,0.00468384074941452,0.18763796909492272,0.5869523540004593,0.8339482999008877,0.8085809858047789,0.9717948717948718,0.1964748574390876,0.326865028029323,0.005702436495593572,379,11,1918,1550,0.5
CONTRASTIVE,MLP,62,0.25,1000,TEMPLATE_OOD,6832,0.005,0.9959235191345216,0.00468384074941452,0.18763796909492272,0.5869523540004593,0.8678809869513178,0.8413400364176844,0.9796791443850268,0.2681498829039813,0.42105263157894735,0.0055620608899297425,916,19,3397,2500,0.5
CONTRASTIVE,MLP,62,0.25,1000,DOMAIN_TEMPLATE_OOD,3708,0.005,0.9959235191345216,0.00468384074941452,0.18763796909492272,0.5869523540004593,0.8252236895640325,0.7956198964540937,0.9744245524296675,0.20550161812297735,0.3394209354120267,0.005393743257820928,381,10,1844,1473,0.5
CONTRASTIVE,MLP,62,0.25,1000,IID_ORIGINAL,3051,0.01,0.9943097829818727,0.00936768149882904,0.22075055187637968,0.5869523540004593,0.783842870971318,0.8572152818418339,0.9188191881918819,0.23534971644612476,0.3747178329571106,0.011038635223281485,249,22,1971,809,0.3467715503113733
CONTRASTIVE,MLP,62,0.25,1000,IID_BALANCED,2116,0.01,0.9943097829818727,0.00936768149882904,0.22075055187637968,0.5869523540004593,0.8585153305815928,0.8581194321060888,0.9360902255639098,0.23534971644612476,0.37613293051359514,0.01606805293005671,249,17,1041,809,0.5
CONTRASTIVE,MLP,62,0.25,1000,TEMPORAL,8000,0.01,0.9943097829818727,0.00936768149882904,0.22075055187637968,0.5869523540004593,0.8680854852064264,0.84272753125,0.9763513513513513,0.289,0.44598765432098764,0.007,1156,28,3972,2844,0.5
CONTRASTIVE,MLP,62,0.25,1000,DOMAIN_OOD,3858,0.01,0.9943097829818727,0.00936768149882904,0.22075055187637968,0.5869523540004593,0.8339482999008877,0.8085809858047789,0.9716312056737588,0.2130637636080871,0.3494897959183674,0.006220839813374806,411,12,1917,1518,0.5
CONTRASTIVE,MLP,62,0.25,1000,TEMPLATE_OOD,6832,0.01,0.9943097829818727,0.00936768149882904,0.22075055187637968,0.5869523540004593,0.8678809869513178,0.8413400364176844,0.9805636540330418,0.2953747072599532,0.45399325084364456,0.00585480093676815,1009,20,3396,2407,0.5
CONTRASTIVE,MLP,62,0.25,1000,DOMAIN_TEMPLATE_OOD,3708,0.01,0.9943097829818727,0.00936768149882904,0.22075055187637968,0.5869523540004593,0.8252236895640325,0.7956198964540937,0.9742388758782201,0.2243797195253506,0.3647523016220956,0.005933117583603021,416,11,1843,1438,0.5
CONTRASTIVE,MLP,62,0.25,1000,IID_ORIGINAL,3051,0.02,0.9658820033073426,0.01990632318501171,0.41280353200883,0.5869523540004593,0.783842870971318,0.8572152818418339,0.8754940711462451,0.41871455576559546,0.5664961636828645,0.03161063723030607,443,63,1930,615,0.3467715503113733
CONTRASTIVE,MLP,62,0.25,1000,IID_BALANCED,2116,0.02,0.9658820033073426,0.01990632318501171,0.41280353200883,0.5869523540004593,0.8585153305815928,0.8581194321060888,0.9190871369294605,0.41871455576559546,0.5753246753246753,0.036862003780718335,443,39,1019,615,0.5
CONTRASTIVE,MLP,62,0.25,1000,TEMPORAL,8000,0.02,0.9658820033073426,0.01990632318501171,0.41280353200883,0.5869523540004593,0.8680854852064264,0.84272753125,0.9531845400108874,0.43775,0.5999657358231969,0.0215,1751,86,3914,2249,0.5
CONTRASTIVE,MLP,62,0.25,1000,DOMAIN_OOD,3858,0.02,0.9658820033073426,0.01990632318501171,0.41280353200883,0.5869523540004593,0.8339482999008877,0.8085809858047789,0.9409340659340659,0.35510627268014516,0.5156191193074896,0.022291342664593053,685,43,1886,1244,0.5
CONTRASTIVE,MLP,62,0.25,1000,TEMPLATE_OOD,6832,0.02,0.9658820033073426,0.01990632318501171,0.41280353200883,0.5869523540004593,0.8678809869513178,0.8413400364176844,0.9579288025889967,0.4332552693208431,0.5966539004233018,0.019028103044496487,1480,65,3351,1936,0.5
CONTRASTIVE,MLP,62,0.25,1000,DOMAIN_TEMPLATE_OOD,3708,0.02,0.9658820033073426,0.01990632318501171,0.41280353200883,0.5869523540004593,0.8252236895640325,0.7956198964540937,0.941944847605225,0.35005393743257823,0.5104207628784899,0.021574973031283712,649,40,1814,1205,0.5
BASE,LOGREG,62,1.0,4000,IID_ORIGINAL,3051,0.005,0.994125237692969,0.00468384074941452,0.3333333333333333,0.947011322000435,0.8961567104863788,0.9208311320244674,0.987460815047022,0.29773156899810965,0.45751633986928103,0.002007024586051179,315,4,1989,743,0.3467715503113733
BASE,LOGREG,62,1.0,4000,IID_BALANCED,2116,0.005,0.994125237692969,0.00468384074941452,0.3333333333333333,0.947011322000435,0.933757155456087,0.9207058651162625,0.9936908517350158,0.29773156899810965,0.4581818181818182,0.001890359168241966,315,2,1056,743,0.5
BASE,LOGREG,62,1.0,4000,TEMPORAL,8000,0.005,0.994125237692969,0.00468384074941452,0.3333333333333333,0.947011322000435,0.9499098889746075,0.9445268124999998,0.99153194765204,0.322,0.4861294583883752,0.00275,1288,11,3989,2712,0.5
BASE,LOGREG,62,1.0,4000,DOMAIN_OOD,3858,0.005,0.994125237692969,0.00468384074941452,0.3333333333333333,0.947011322000435,0.925876188699382,0.9218968562829595,0.982532751091703,0.2332814930015552,0.3770423125261835,0.00414722654224987,450,8,1921,1479,0.5
BASE,LOGREG,62,1.0,4000,TEMPLATE_OOD,6832,0.005,0.994125237692969,0.00468384074941452,0.3333333333333333,0.947011322000435,0.9457954310921128,0.9402790594200594,0.9900090826521344,0.3190866510538642,0.4826212087668807,0.0032201405152224825,1090,11,3405,2326,0.5
BASE,LOGREG,62,1.0,4000,DOMAIN_TEMPLATE_OOD,3708,0.005,0.994125237692969,0.00468384074941452,0.3333333333333333,0.947011322000435,0.9213074954291286,0.9175894796986951,0.9809069212410502,0.22168284789644013,0.3616366036075671,0.004314994606256742,411,8,1846,1443,0.5
BASE,LOGREG,62,1.0,4000,IID_ORIGINAL,3051,0.01,0.9726248282562786,0.00936768149882904,0.4966887417218543,0.947011322000435,0.8961567104863788,0.9208311320244674,0.9780439121756487,0.46313799621928164,0.6286080821039127,0.0055193176116407425,490,11,1982,568,0.3467715503113733
BASE,LOGREG,62,1.0,4000,IID_BALANCED,2116,0.01,0.9726248282562786,0.00936768149882904,0.4966887417218543,0.947011322000435,0.933757155456087,0.9207058651162625,0.9879032258064516,0.46313799621928164,0.6306306306306306,0.005671077504725898,490,6,1052,568,0.5
BASE,LOGREG,62,1.0,4000,TEMPORAL,8000,0.01,0.9726248282562786,0.00936768149882904,0.4966887417218543,0.947011322000435,0.9499098889746075,0.9445268124999998,0.9850597609561753,0.4945,0.6584553928095872,0.0075,1978,30,3970,2022,0.5
BASE,LOGREG,62,1.0,4000,DOMAIN_OOD,3858,0.01,0.9726248282562786,0.00936768149882904,0.4966887417218543,0.947011322000435,0.925876188699382,0.9218968562829595,0.9737827715355806,0.40435458786936235,0.5714285714285714,0.01088646967340591,780,21,1908,1149,0.5
BASE,LOGREG,62,1.0,4000,TEMPLATE_OOD,6832,0.01,0.9726248282562786,0.00936768149882904,0.4966887417218543,0.947011322000435,0.9457954310921128,0.9402790594200594,0.984070796460177,0.4882903981264637,0.6527098415182939,0.007903981264637002,1668,27,3389,1748,0.5
BASE,LOGREG,62,1.0,4000,DOMAIN_TEMPLATE_OOD,3708,0.01,0.9726248282562786,0.00936768149882904,0.4966887417218543,0.947011322000435,0.9213074954291286,0.9175894796986951,0.9743243243243244,0.3888888888888889,0.5558982266769468,0.010248112189859764,721,19,1835,1133,0.5
BASE,LOGREG,62,1.0,4000,IID_ORIGINAL,3051,0.02,0.9327628852203124,0.01990632318501171,0.5849889624724062,0.947011322000435,0.8961567104863788,0.9208311320244674,0.9655737704918033,0.556710775047259,0.7062350119904077,0.010536879076768691,589,21,1972,469,0.3467715503113733
BASE,LOGREG,62,1.0,4000,IID_BALANCED,2116,0.02,0.9327628852203124,0.01990632318501171,0.5849889624724062,0.947011322000435,0.933757155456087,0.9207058651162625,0.9767827529021559,0.556710775047259,0.7092113184828417,0.013232514177693762,589,14,1044,469,0.5
BASE,LOGREG,62,1.0,4000,TEMPORAL,8000,0.02,0.9327628852203124,0.01990632318501171,0.5849889624724062,0.947011322000435,0.9499098889746075,0.9445268124999998,0.9769295302013423,0.58225,0.7296365914786967,0.01375,2329,55,3945,1671,0.5
BASE,LOGREG,62,1.0,4000,DOMAIN_OOD,3858,0.02,0.9327628852203124,0.01990632318501171,0.5849889624724062,0.947011322000435,0.925876188699382,0.9218968562829595,0.9601990049751243,0.5002592016588906,0.6578050443081118,0.020736132711249352,965,40,1889,964,0.5
BASE,LOGREG,62,1.0,4000,TEMPLATE_OOD,6832,0.02,0.9327628852203124,0.01990632318501171,0.5849889624724062,0.947011322000435,0.9457954310921128,0.9402790594200594,0.9745254745254746,0.5711358313817331,0.7201919527500923,0.014929742388758781,1951,51,3365,1465,0.5
BASE,LOGREG,62,1.0,4000,DOMAIN_TEMPLATE_OOD,3708,0.02,0.9327628852203124,0.01990632318501171,0.5849889624724062,0.947011322000435,0.9213074954291286,0.9175894796986951,0.9596949891067538,0.47518878101402373,0.6356421356421357,0.019956850053937433,881,37,1817,973,0.5
BASE,XGBOOST,62,1.0,4000,IID_ORIGINAL,3051,0.005,0.9872642755508424,0.00468384074941452,0.4613686534216336,10.815873350000402,0.8902611260546913,0.9250154368266249,0.9890350877192983,0.42627599243856334,0.5957727873183619,0.002508780732563974,451,5,1988,607,0.3467715503113733
BASE,XGBOOST,62,1.0,4000,IID_BALANCED,2116,0.005,0.9872642755508424,0.00468384074941452,0.4613686534216336,10.815873350000402,0.9304936457536666,0.924600934101865,0.9912087912087912,0.42627599243856334,0.5961665565102445,0.003780718336483932,451,4,1054,607,0.5
BASE,XGBOOST,62,1.0,4000,TEMPORAL,8000,0.005,0.9872642755508424,0.00468384074941452,0.4613686534216336,10.815873350000402,0.9439454823909516,0.9410411249999999,0.9929532351057014,0.3875,0.5574536953785291,0.00275,1550,11,3989,2450,0.5
BASE,XGBOOST,62,1.0,4000,DOMAIN_OOD,3858,0.005,0.9872642755508424,0.00468384074941452,0.4613686534216336,10.815873350000402,0.918630512238359,0.9179802103766123,0.9874776386404294,0.28615863141524106,0.4437299035369775,0.0036288232244686366,552,7,1922,1377,0.5
BASE,XGBOOST,62,1.0,4000,TEMPLATE_OOD,6832,0.005,0.9872642755508424,0.00468384074941452,0.4613686534216336,10.815873350000402,0.9379855713501095,0.934822919694618,0.9921875,0.37177985948477754,0.540885860306644,0.002927400468384075,1270,10,3406,2146,0.5
BASE,XGBOOST,62,1.0,4000,DOMAIN_TEMPLATE_OOD,3708,0.005,0.9872642755508424,0.00468384074941452,0.4613686534216336,10.815873350000402,0.9108628087132487,0.910580522710161,0.9874739039665971,0.2551240560949299,0.405486498071153,0.003236245954692557,473,6,1848,1381,0.5
BASE,XGBOOST,62,1.0,4000,IID_ORIGINAL,3051,0.01,0.9626537561416627,0.00936768149882904,0.5386313465783664,10.815873350000402,0.8902611260546913,0.9250154368266249,0.9721189591078067,0.4943289224952741,0.6553884711779449,0.007526342197691922,523,15,1978,535,0.3467715503113733
BASE,XGBOOST,62,1.0,4000,IID_BALANCED,2116,0.01,0.9626537561416627,0.00936768149882904,0.5386313465783664,10.815873350000402,0.9304936457536666,0.924600934101865,0.9812382739212008,0.4943289224952741,0.6574481458202388,0.00945179584120983,523,10,1048,535,0.5
BASE,XGBOOST,62,1.0,4000,TEMPORAL,8000,0.01,0.9626537561416627,0.00936768149882904,0.5386313465783664,10.815873350000402,0.9439454823909516,0.9410411249999999,0.982555156490508,0.47875,0.6438056816271642,0.0085,1915,34,3966,2085,0.5
BASE,XGBOOST,62,1.0,4000,DOMAIN_OOD,3858,0.01,0.9626537561416627,0.00936768149882904,0.5386313465783664,10.815873350000402,0.918630512238359,0.9179802103766123,0.9675745784695201,0.3867288750648004,0.5525925925925926,0.012960082944530845,746,25,1904,1183,0.5
BASE,XGBOOST,62,1.0,4000,TEMPLATE_OOD,6832,0.01,0.9626537561416627,0.00936768149882904,0.5386313465783664,10.815873350000402,0.9379855713501095,0.934822919694618,0.9806007509386734,0.4587236533957845,0.6250498603909055,0.009074941451990632,1567,31,3385,1849,0.5
BASE,XGBOOST,62,1.0,4000,DOMAIN_TEMPLATE_OOD,3708,0.01,0.9626537561416627,0.00936768149882904,0.5386313465783664,10.815873350000402,0.9108628087132487,0.910580522710161,0.967551622418879,0.35382955771305286,0.5181674565560821,0.011866235167206042,656,22,1832,1198,0.5
BASE,XGBOOST,62,1.0,4000,IID_ORIGINAL,3051,0.02,0.9044615626335145,0.01990632318501171,0.6004415011037527,10.815873350000402,0.8902611260546913,0.9250154368266249,0.9342948717948718,0.5510396975425331,0.6932223543400713,0.020572002007024585,583,41,1952,475,0.3467715503113733
BASE,XGBOOST,62,1.0,4000,IID_BALANCED,2116,0.02,0.9044615626335145,0.01990632318501171,0.6004415011037527,10.815873350000402,0.9304936457536666,0.924600934101865,0.9620462046204621,0.5510396975425331,0.7007211538461539,0.021739130434782608,583,23,1035,475,0.5
BASE,XGBOOST,62,1.0,4000,TEMPORAL,8000,0.02,0.9044615626335145,0.01990632318501171,0.6004415011037527,10.815873350000402,0.9439454823909516,0.9410411249999999,0.9725675096442349,0.56725,0.7165640296857729,0.016,2269,64,3936,1731,0.5
BASE,XGBOOST,62,1.0,4000,DOMAIN_OOD,3858,0.02,0.9044615626335145,0.01990632318501171,0.6004415011037527,10.815873350000402,0.918630512238359,0.9179802103766123,0.9553571428571429,0.49922239502332816,0.6557711950970377,0.02332814930015552,963,45,1884,966,0.5
BASE,XGBOOST,62,1.0,4000,TEMPLATE_OOD,6832,0.02,0.9044615626335145,0.01990632318501171,0.6004415011037527,10.815873350000402,0.9379855713501095,0.934822919694618,0.9688149688149689,0.5456674473067916,0.69812734082397,0.01756440281030445,1864,60,3356,1552,0.5
BASE,XGBOOST,62,1.0,4000,DOMAIN_TEMPLATE_OOD,3708,0.02,0.9044615626335145,0.01990632318501171,0.6004415011037527,10.815873350000402,0.9108628087132487,0.910580522710161,0.9532814238042269,0.4622437971952535,0.6225935343261896,0.022653721682847898,857,42,1812,997,0.5
BASE,MLP,62,1.0,4000,IID_ORIGINAL,3051,0.005,0.9989726543426515,0.00468384074941452,0.445916114790287,2.3918622029996186,0.9061689845490597,0.9348525605213711,0.9817767653758542,0.40737240075614367,0.575818303273213,0.004014049172102358,431,8,1985,627,0.3467715503113733
BASE,MLP,62,1.0,4000,IID_BALANCED,2116,0.005,0.9989726543426515,0.00468384074941452,0.445916114790287,2.3918622029996186,0.9413455363891242,0.9349259936892735,0.9885321100917431,0.40737240075614367,0.5769745649263721,0.004725897920604915,431,5,1053,627,0.5
BASE,MLP,62,1.0,4000,TEMPORAL,8000,0.005,0.9989726543426515,0.00468384074941452,0.445916114790287,2.3918622029996186,0.9583723105512812,0.95490459375,0.9925093632958801,0.3975,0.567654409139593,0.003,1590,12,3988,2410,0.5
BASE,MLP,62,1.0,4000,DOMAIN_OOD,3858,0.005,0.9989726543426515,0.00468384074941452,0.445916114790287,2.3918622029996186,0.9440218339907891,0.940445429115132,0.988835725677831,0.321410057024365,0.48513302034428796,0.0036288232244686366,620,7,1922,1309,0.5
BASE,MLP,62,1.0,4000,TEMPLATE_OOD,6832,0.005,0.9989726543426515,0.00468384074941452,0.445916114790287,2.3918622029996186,0.9546068170837135,0.9507198782832132,0.9924981245311327,0.38729508196721313,0.5571699305116866,0.002927400468384075,1323,10,3406,2093,0.5
BASE,MLP,62,1.0,4000,DOMAIN_TEMPLATE_OOD,3708,0.005,0.9989726543426515,0.00468384074941452,0.445916114790287,2.3918622029996186,0.9401959447910853,0.9358743857125733,0.9895470383275261,0.3063646170442287,0.46787479406919275,0.003236245954692557,568,6,1848,1286,0.5
BASE,MLP,62,1.0,4000,IID_ORIGINAL,3051,0.01,0.9912247061729432,0.00936768149882904,0.5496688741721855,2.3918622029996186,0.9061689845490597,0.9348525605213711,0.9756944444444444,0.5311909262759924,0.6878824969400245,0.007024586051179127,562,14,1979,496,0.3467715503113733
BASE,MLP,62,1.0,4000,IID_BALANCED,2116,0.01,0.9912247061729432,0.00936768149882904,0.5496688741721855,2.3918622029996186,0.9413455363891242,0.9349259936892735,0.9876977152899824,0.5311909262759924,0.690842040565458,0.006616257088846881,562,7,1051,496,0.5
BASE,MLP,62,1.0,4000,TEMPORAL,8000,0.01,0.9912247061729432,0.00936768149882904,0.5496688741721855,2.3918622029996186,0.9583723105512812,0.95490459375,0.9883936861652739,0.53225,0.6919077023074424,0.00625,2129,25,3975,1871,0.5
BASE,MLP,62,1.0,4000,DOMAIN_OOD,3858,0.01,0.9912247061729432,0.00936768149882904,0.5496688741721855,2.3918622029996186,0.9440218339907891,0.940445429115132,0.9852164730728616,0.48367029548989116,0.6488178025034771,0.007257646448937273,933,14,1915,996,0.5
BASE,MLP,62,1.0,4000,TEMPLATE_OOD,6832,0.01,0.9912247061729432,0.00936768149882904,0.5496688741721855,2.3918622029996186,0.9546068170837135,0.9507198782832132,0.9877573734001113,0.5196135831381733,0.6809898331095339,0.006440281030444965,1775,22,3394,1641,0.5
BASE,MLP,62,1.0,4000,DOMAIN_TEMPLATE_OOD,3708,0.01,0.9912247061729432,0.00936768149882904,0.5496688741721855,2.3918622029996186,0.9401959447910853,0.9358743857125733,0.9859976662777129,0.4557713052858684,0.6233862043526374,0.006472491909385114,845,12,1842,1009,0.5
BASE,MLP,62,1.0,4000,IID_ORIGINAL,3051,0.02,0.9105550646781922,0.01990632318501171,0.6777041942604857,2.3918622029996186,0.9061689845490597,0.9348525605213711,0.9471488178025035,0.6436672967863895,0.7664603263927968,0.019066733567486203,681,38,1955,377,0.3467715503113733
BASE,MLP,62,1.0,4000,IID_BALANCED,2116,0.02,0.9105550646781922,0.01990632318501171,0.6777041942604857,2.3918622029996186,0.9413455363891242,0.9349259936892735,0.9742489270386266,0.6436672967863895,0.7751849743881616,0.017013232514177693,681,18,1040,377,0.5
BASE,MLP,62,1.0,4000,TEMPORAL,8000,0.02,0.9105550646781922,0.01990632318501171,0.6777041942604857,2.3918622029996186,0.9583723105512812,0.95490459375,0.9725009290226682,0.65425,0.782244806456434,0.0185,2617,74,3926,1383,0.5
BASE,MLP,62,1.0,4000,DOMAIN_OOD,3858,0.02,0.9105550646781922,0.01990632318501171,0.6777041942604857,2.3918622029996186,0.9440218339907891,0.940445429115132,0.9589371980676329,0.6174183514774495,0.7511825922421949,0.026438569206842923,1191,51,1878,738,0.5
BASE,MLP,62,1.0,4000,TEMPLATE_OOD,6832,0.02,0.9105550646781922,0.01990632318501171,0.6777041942604857,2.3918622029996186,0.9546068170837135,0.9507198782832132,0.9706275033377837,0.6384660421545667,0.7702631114250398,0.019320843091334895,2181,66,3350,1235,0.5
BASE,MLP,62,1.0,4000,DOMAIN_TEMPLATE_OOD,3708,0.02,0.9105550646781922,0.01990632318501171,0.6777041942604857,2.3918622029996186,0.9401959447910853,0.9358743857125733,0.9594356261022927,0.5868392664509169,0.7282463186077643,0.02481121898597627,1088,46,1808,766,0.5
DAPT,LOGREG,62,1.0,4000,IID_ORIGINAL,3051,0.005,0.9854148467137493,0.00468384074941452,0.4216335540838852,0.8921626580004158,0.898384276037489,0.9224630251247987,0.9833333333333333,0.390359168241966,0.5588633288227334,0.0035122930255895636,413,7,1986,645,0.3467715503113733
DAPT,LOGREG,62,1.0,4000,IID_BALANCED,2116,0.005,0.9854148467137493,0.00468384074941452,0.4216335540838852,0.8921626580004158,0.9338098802711656,0.9223541225195737,0.9880382775119617,0.390359168241966,0.559620596205962,0.004725897920604915,413,5,1053,645,0.5
DAPT,LOGREG,62,1.0,4000,TEMPORAL,8000,0.005,0.9854148467137493,0.00468384074941452,0.4216335540838852,0.8921626580004158,0.9545465207892715,0.9501795000000001,0.9884146341463415,0.40525,0.574822695035461,0.00475,1621,19,3981,2379,0.5
DAPT,LOGREG,62,1.0,4000,DOMAIN_OOD,3858,0.005,0.9854148467137493,0.00468384074941452,0.4216335540838852,0.8921626580004158,0.935074339323443,0.9324723914624967,0.9796954314720813,0.3001555209953344,0.4595238095238095,0.006220839813374806,579,12,1917,1350,0.5
DAPT,LOGREG,62,1.0,4000,TEMPLATE_OOD,6832,0.005,0.9854148467137493,0.00468384074941452,0.4216335540838852,0.8921626580004158,0.95110664549115,0.9468683670727093,0.9872468117029257,0.38524590163934425,0.5542219414613603,0.004976580796252928,1316,17,3399,2100,0.5
DAPT,LOGREG,62,1.0,4000,DOMAIN_TEMPLATE_OOD,3708,0.005,0.9854148467137493,0.00468384074941452,0.4216335540838852,0.8921626580004158,0.9296296108537839,0.9272452692740498,0.9784313725490196,0.2691477885652643,0.42216582064297803,0.005933117583603021,499,11,1843,1355,0.5
DAPT,LOGREG,62,1.0,4000,IID_ORIGINAL,3051,0.01,0.9381695019584965,0.00936768149882904,0.5584988962472406,0.8921626580004158,0.898384276037489,0.9224630251247987,0.9679054054054054,0.5415879017013232,0.6945454545454546,0.009533366783743101,573,19,1974,485,0.3467715503113733
DAPT,LOGREG,62,1.0,4000,IID_BALANCED,2116,0.01,0.9381695019584965,0.00936768149882904,0.5584988962472406,0.8921626580004158,0.9338098802711656,0.9223541225195737,0.9794871794871794,0.5415879017013232,0.6975045648204504,0.011342155009451797,573,12,1046,485,0.5
DAPT,LOGREG,62,1.0,4000,TEMPORAL,8000,0.01,0.9381695019584965,0.00936768149882904,0.5584988962472406,0.8921626580004158,0.9545465207892715,0.9501795000000001,0.9821905609973286,0.5515,0.7063720781300032,0.01,2206,40,3960,1794,0.5
DAPT,LOGREG,62,1.0,4000,DOMAIN_OOD,3858,0.01,0.9381695019584965,0.00936768149882904,0.5584988962472406,0.8921626580004158,0.935074339323443,0.9324723914624967,0.975609756097561,0.45619491964748576,0.6216884493111975,0.011404872991187144,880,22,1907,1049,0.5
DAPT,LOGREG,62,1.0,4000,TEMPLATE_OOD,6832,0.01,0.9381695019584965,0.00936768149882904,0.5584988962472406,0.8921626580004158,0.95110664549115,0.9468683670727093,0.981203007518797,0.5348360655737705,0.6923076923076923,0.010245901639344262,1827,35,3381,1589,0.5
DAPT,LOGREG,62,1.0,4000,DOMAIN_TEMPLATE_OOD,3708,0.01,0.9381695019584965,0.00936768149882904,0.5584988962472406,0.8921626580004158,0.9296296108537839,0.9272452692740498,0.9745145631067961,0.4331175836030205,0.5997012696041822,0.011326860841423949,803,21,1833,1051,0.5
DAPT,LOGREG,62,1.0,4000,IID_ORIGINAL,3051,0.02,0.8954939027144501,0.01990632318501171,0.5938189845474614,0.8921626580004158,0.898384276037489,0.9224630251247987,0.9610591900311527,0.5831758034026465,0.7258823529411764,0.012543903662819869,617,25,1968,441,0.3467715503113733
DAPT,LOGREG,62,1.0,4000,IID_BALANCED,2116,0.02,0.8954939027144501,0.01990632318501171,0.5938189845474614,0.8921626580004158,0.9338098802711656,0.9223541225195737,0.9762658227848101,0.5831758034026465,0.7301775147928994,0.014177693761814745,617,15,1043,441,0.5
DAPT,LOGREG,62,1.0,4000,TEMPORAL,8000,0.02,0.8954939027144501,0.01990632318501171,0.5938189845474614,0.8921626580004158,0.9545465207892715,0.9501795000000001,0.9795836669335468,0.61175,0.7531548168667282,0.01275,2447,51,3949,1553,0.5
DAPT,LOGREG,62,1.0,4000,DOMAIN_OOD,3858,0.02,0.8954939027144501,0.01990632318501171,0.5938189845474614,0.8921626580004158,0.935074339323443,0.9324723914624967,0.9723282442748091,0.5282529808190772,0.6845817937520994,0.01503369621565578,1019,29,1900,910,0.5
DAPT,LOGREG,62,1.0,4000,TEMPLATE_OOD,6832,0.02,0.8954939027144501,0.01990632318501171,0.5938189845474614,0.8921626580004158,0.95110664549115,0.9468683670727093,0.9783027965284474,0.5939695550351288,0.7391621129326047,0.013173302107728338,2029,45,3371,1387,0.5
DAPT,LOGREG,62,1.0,4000,DOMAIN_TEMPLATE_OOD,3708,0.02,0.8954939027144501,0.01990632318501171,0.5938189845474614,0.8921626580004158,0.9296296108537839,0.9272452692740498,0.9706498951781971,0.4994606256742179,0.6595441595441596,0.015102481121898598,926,28,1826,928,0.5
DAPT,XGBOOST,62,1.0,4000,IID_ORIGINAL,3051,0.005,0.9954734444618226,0.00468384074941452,0.38852097130242824,10.496451457999683,0.8779713239494096,0.9134214552445848,0.9923469387755102,0.3676748582230624,0.5365517241379311,0.0015052684395383843,389,3,1990,669,0.3467715503113733
DAPT,XGBOOST,62,1.0,4000,IID_BALANCED,2116,0.005,0.9954734444618226,0.00468384074941452,0.38852097130242824,10.496451457999683,0.9218173503539332,0.9130506251764395,0.9923469387755102,0.3676748582230624,0.5365517241379311,0.002835538752362949,389,3,1055,669,0.5
DAPT,XGBOOST,62,1.0,4000,TEMPORAL,8000,0.005,0.9954734444618226,0.00468384074941452,0.38852097130242824,10.496451457999683,0.939817755904865,0.9346774375000001,0.9966694421315571,0.29925,0.46029609690444145,0.001,1197,4,3996,2803,0.5
DAPT,XGBOOST,62,1.0,4000,DOMAIN_OOD,3858,0.005,0.9954734444618226,0.00468384074941452,0.38852097130242824,10.496451457999683,0.9162154600783343,0.911841336873203,0.9949109414758269,0.20269569725246242,0.3367786391042205,0.0010368066355624676,391,2,1927,1538,0.5
DAPT,XGBOOST,62,1.0,4000,TEMPLATE_OOD,6832,0.005,0.9954734444618226,0.00468384074941452,0.38852097130242824,10.496451457999683,0.9347872705819936,0.9292164678959464,0.996039603960396,0.29449648711943793,0.45458653411658384,0.00117096018735363,1006,4,3412,2410,0.5
DAPT,XGBOOST,62,1.0,4000,DOMAIN_TEMPLATE_OOD,3708,0.005,0.9954734444618226,0.00468384074941452,0.38852097130242824,10.496451457999683,0.9060130242250123,0.9009317153267259,0.9941690962099126,0.18392664509169362,0.31042330450614475,0.0010787486515641855,341,2,1852,1513,0.5
DAPT,XGBOOST,62,1.0,4000,IID_ORIGINAL,3051,0.01,0.9656567573547364,0.00936768149882904,0.5298013245033113,10.496451457999683,0.8779713239494096,0.9134214552445848,0.9621621621621622,0.504725897920605,0.662120272783633,0.010536879076768691,534,21,1972,524,0.3467715503113733
DAPT,XGBOOST,62,1.0,4000,IID_BALANCED,2116,0.01,0.9656567573547364,0.00936768149882904,0.5298013245033113,10.496451457999683,0.9218173503539332,0.9130506251764395,0.9744525547445255,0.504725897920605,0.6650062266500623,0.013232514177693762,534,14,1044,524,0.5
DAPT,XGBOOST,62,1.0,4000,TEMPORAL,8000,0.01,0.9656567573547364,0.00936768149882904,0.5298013245033113,10.496451457999683,0.939817755904865,0.9346774375000001,0.9857670005271482,0.4675,0.6342207902323215,0.00675,1870,27,3973,2130,0.5
DAPT,XGBOOST,62,1.0,4000,DOMAIN_OOD,3858,0.01,0.9656567573547364,0.00936768149882904,0.5298013245033113,10.496451457999683,0.9162154600783343,0.911841336873203,0.9760319573901465,0.3799896319336444,0.5470149253731343,0.00933125972006221,733,18,1911,1196,0.5
DAPT,XGBOOST,62,1.0,4000,TEMPLATE_OOD,6832,0.01,0.9656567573547364,0.00936768149882904,0.5298013245033113,10.496451457999683,0.9347872705819936,0.9292164678959464,0.984516129032258,0.44672131147540983,0.6145791381393476,0.00702576112412178,1526,24,3392,1890,0.5
DAPT,XGBOOST,62,1.0,4000,DOMAIN_TEMPLATE_OOD,3708,0.01,0.9656567573547364,0.00936768149882904,0.5298013245033113,10.496451457999683,0.9060130242250123,0.9009317153267259,0.9755725190839695,0.3446601941747573,0.5093662813870068,0.008629989212513484,639,16,1838,1215,0.5
DAPT,XGBOOST,62,1.0,4000,IID_ORIGINAL,3051,0.02,0.8714582324028016,0.01990632318501171,0.609271523178808,10.496451457999683,0.8779713239494096,0.9134214552445848,0.9125188536953243,0.5718336483931947,0.7030796048808832,0.029101856497742096,605,58,1935,453,0.3467715503113733
DAPT,XGBOOST,62,1.0,4000,IID_BALANCED,2116,0.02,0.8714582324028016,0.01990632318501171,0.609271523178808,10.496451457999683,0.9218173503539332,0.9130506251764395,0.9482758620689655,0.5718336483931947,0.7134433962264151,0.031190926275992438,605,33,1025,453,0.5
DAPT,XGBOOST,62,1.0,4000,TEMPORAL,8000,0.02,0.8714582324028016,0.01990632318501171,0.609271523178808,10.496451457999683,0.939817755904865,0.9346774375000001,0.9737510584250635,0.575,0.7230430682175416,0.0155,2300,62,3938,1700,0.5
DAPT,XGBOOST,62,1.0,4000,DOMAIN_OOD,3858,0.02,0.8714582324028016,0.01990632318501171,0.609271523178808,10.496451457999683,0.9162154600783343,0.911841336873203,0.9617271835132483,0.5080352514256091,0.6648575305291723,0.02021772939346812,980,39,1890,949,0.5
DAPT,XGBOOST,62,1.0,4000,TEMPLATE_OOD,6832,0.02,0.8714582324028016,0.01990632318501171,0.609271523178808,10.496451457999683,0.9347872705819936,0.9292164678959464,0.9726944873776404,0.5526932084309133,0.7048721299234646,0.015515222482435597,1888,53,3363,1528,0.5
DAPT,XGBOOST,62,1.0,4000,DOMAIN_TEMPLATE_OOD,3708,0.02,0.8714582324028016,0.01990632318501171,0.609271523178808,10.496451457999683,0.9060130242250123,0.9009317153267259,0.9603960396039604,0.470873786407767,0.6319218241042345,0.019417475728155338,873,36,1818,981,0.5
DAPT,MLP,62,1.0,4000,IID_ORIGINAL,3051,0.005,0.9997193217277528,0.00468384074941452,0.445916114790287,3.0374112389999937,0.9059421652010946,0.9325491298941381,0.9911894273127754,0.42533081285444235,0.5952380952380952,0.002007024586051179,450,4,1989,608,0.3467715503113733
DAPT,MLP,62,1.0,4000,IID_BALANCED,2116,0.005,0.9997193217277528,0.00468384074941452,0.445916114790287,3.0374112389999937,0.9391796026334506,0.9322512605372337,0.9911894273127754,0.42533081285444235,0.5952380952380952,0.003780718336483932,450,4,1054,608,0.5
DAPT,MLP,62,1.0,4000,TEMPORAL,8000,0.005,0.9997193217277528,0.00468384074941452,0.445916114790287,3.0374112389999937,0.9546195533771514,0.9510711875000001,0.9950773558368495,0.35375,0.5219476208041313,0.00175,1415,7,3993,2585,0.5
DAPT,MLP,62,1.0,4000,DOMAIN_OOD,3858,0.005,0.9997193217277528,0.00468384074941452,0.445916114790287,3.0374112389999937,0.9355940361381393,0.9340836341228166,0.9918200408997955,0.2514256091238984,0.4011579818031431,0.002073613271124935,485,4,1925,1444,0.5
DAPT,MLP,62,1.0,4000,TEMPLATE_OOD,6832,0.005,0.9997193217277528,0.00468384074941452,0.445916114790287,3.0374112389999937,0.9500423375620535,0.946654982202502,0.9947043248014121,0.32991803278688525,0.49549351505825456,0.001756440281030445,1127,6,3410,2289,0.5
DAPT,MLP,62,1.0,4000,DOMAIN_TEMPLATE_OOD,3708,0.005,0.9997193217277528,0.00468384074941452,0.445916114790287,3.0374112389999937,0.9298233388797028,0.9285253377926266,0.9929078014184397,0.22653721682847897,0.3689064558629776,0.0016181229773462784,420,3,1851,1434,0.5
DAPT,MLP,62,1.0,4000,IID_ORIGINAL,3051,0.01,0.9945344924926759,0.00936768149882904,0.5629139072847682,3.0374112389999937,0.9059421652010946,0.9325491298941381,0.972027972027972,0.5255198487712666,0.6822085889570552,0.008028098344204716,556,16,1977,502,0.3467715503113733
DAPT,MLP,62,1.0,4000,IID_BALANCED,2116,0.01,0.9945344924926759,0.00936768149882904,0.5629139072847682,3.0374112389999937,0.9391796026334506,0.9322512605372337,0.9788732394366197,0.5255198487712666,0.6838868388683886,0.011342155009451797,556,12,1046,502,0.5
DAPT,MLP,62,1.0,4000,TEMPORAL,8000,0.01,0.9945344924926759,0.00936768149882904,0.5629139072847682,3.0374112389999937,0.9546195533771514,0.9510711875000001,0.9865805168986084,0.49625,0.6603459747172322,0.00675,1985,27,3973,2015,0.5
DAPT,MLP,62,1.0,4000,DOMAIN_OOD,3858,0.01,0.9945344924926759,0.00936768149882904,0.5629139072847682,3.0374112389999937,0.9355940361381393,0.9340836341228166,0.9823899371069182,0.4048729911871436,0.5734214390602056,0.007257646448937273,781,14,1915,1148,0.5
DAPT,MLP,62,1.0,4000,TEMPLATE_OOD,6832,0.01,0.9945344924926759,0.00936768149882904,0.5629139072847682,3.0374112389999937,0.9500423375620535,0.946654982202502,0.9852125693160814,0.4680913348946136,0.6346497320897003,0.00702576112412178,1599,24,3392,1817,0.5
DAPT,MLP,62,1.0,4000,DOMAIN_TEMPLATE_OOD,3708,0.01,0.9945344924926759,0.00936768149882904,0.5629139072847682,3.0374112389999937,0.9298233388797028,0.9285253377926266,0.9814020028612304,0.37001078748651567,0.5374069721895809,0.007011866235167206,686,13,1841,1168,0.5
DAPT,MLP,62,1.0,4000,IID_ORIGINAL,3051,0.02,0.9404441714286805,0.01990632318501171,0.6490066225165563,3.0374112389999937,0.9059421652010946,0.9325491298941381,0.9497847919655668,0.6257088846880907,0.7544159544159544,0.017561465127947817,662,35,1958,396,0.3467715503113733
DAPT,MLP,62,1.0,4000,IID_BALANCED,2116,0.02,0.9404441714286805,0.01990632318501171,0.6490066225165563,3.0374112389999937,0.9391796026334506,0.9322512605372337,0.9664233576642336,0.6257088846880907,0.759609868043603,0.021739130434782608,662,23,1035,396,0.5
DAPT,MLP,62,1.0,4000,TEMPORAL,8000,0.02,0.9404441714286805,0.01990632318501171,0.6490066225165563,3.0374112389999937,0.9546195533771514,0.9510711875000001,0.97429718875502,0.6065,0.7476117103235748,0.016,2426,64,3936,1574,0.5
DAPT,MLP,62,1.0,4000,DOMAIN_OOD,3858,0.02,0.9404441714286805,0.01990632318501171,0.6490066225165563,3.0374112389999937,0.9355940361381393,0.9340836341228166,0.961789375582479,0.5349922239502333,0.6875416389073951,0.021254536029030584,1032,41,1888,897,0.5
DAPT,MLP,62,1.0,4000,TEMPLATE_OOD,6832,0.02,0.9404441714286805,0.01990632318501171,0.6490066225165563,3.0374112389999937,0.9500423375620535,0.946654982202502,0.9726962457337884,0.5840163934426229,0.7298335467349552,0.01639344262295082,1995,56,3360,1421,0.5
DAPT,MLP,62,1.0,4000,DOMAIN_TEMPLATE_OOD,3708,0.02,0.9404441714286805,0.01990632318501171,0.6490066225165563,3.0374112389999937,0.9298233388797028,0.9285253377926266,0.9608247422680413,0.5026968716289104,0.660056657223796,0.020496224379719527,932,38,1816,922,0.5
CONTRASTIVE,LOGREG,62,1.0,4000,IID_ORIGINAL,3051,0.005,0.9895298303376985,0.00468384074941452,0.2671081677704194,0.42880159100059245,0.7986082305349789,0.8625965928007003,0.9433333333333334,0.2674858223062382,0.4167893961708395,0.008529854490717512,283,17,1976,775,0.3467715503113733
CONTRASTIVE,LOGREG,62,1.0,4000,IID_BALANCED,2116,0.005,0.9895298303376985,0.00468384074941452,0.2671081677704194,0.42880159100059245,0.8680663125710881,0.8617831197001155,0.9625850340136054,0.2674858223062382,0.41863905325443784,0.010396975425330813,283,11,1047,775,0.5
CONTRASTIVE,LOGREG,62,1.0,4000,TEMPORAL,8000,0.005,0.9895298303376985,0.00468384074941452,0.2671081677704194,0.42880159100059245,0.8863034169911015,0.8698228125,0.9752679307502061,0.29575,0.4538653366583541,0.0075,1183,30,3970,2817,0.5
CONTRASTIVE,LOGREG,62,1.0,4000,DOMAIN_OOD,3858,0.005,0.9895298303376985,0.00468384074941452,0.2671081677704194,0.42880159100059245,0.8466745387487071,0.830321944853604,0.9656862745098039,0.2042509072058061,0.3371844244758237,0.007257646448937273,394,14,1915,1535,0.5
CONTRASTIVE,LOGREG,62,1.0,4000,TEMPLATE_OOD,6832,0.005,0.9895298303376985,0.00468384074941452,0.2671081677704194,0.42880159100059245,0.8824630071767086,0.8655460218890029,0.974559686888454,0.29156908665105385,0.44885083370887785,0.007611241217798595,996,26,3390,2420,0.5
CONTRASTIVE,LOGREG,62,1.0,4000,DOMAIN_TEMPLATE_OOD,3708,0.005,0.9895298303376985,0.00468384074941452,0.2671081677704194,0.42880159100059245,0.8407054877711282,0.8231253687470108,0.9659685863874345,0.19902912621359223,0.3300536672629696,0.007011866235167206,369,13,1841,1485,0.5
CONTRASTIVE,LOGREG,62,1.0,4000,IID_ORIGINAL,3051,0.01,0.9844276202241643,0.00936768149882904,0.2913907284768212,0.42880159100059245,0.7986082305349789,0.8625965928007003,0.9376854599406528,0.29867674858223064,0.45304659498207883,0.010536879076768691,316,21,1972,742,0.3467715503113733
CONTRASTIVE,LOGREG,62,1.0,4000,IID_BALANCED,2116,0.01,0.9844276202241643,0.00936768149882904,0.2913907284768212,0.42880159100059245,0.8680663125710881,0.8617831197001155,0.9575757575757575,0.29867674858223064,0.4553314121037464,0.013232514177693762,316,14,1044,742,0.5
CONTRASTIVE,LOGREG,62,1.0,4000,TEMPORAL,8000,0.01,0.9844276202241643,0.00936768149882904,0.2913907284768212,0.42880159100059245,0.8863034169911015,0.8698228125,0.9732142857142857,0.327,0.48952095808383234,0.009,1308,36,3964,2692,0.5
CONTRASTIVE,LOGREG,62,1.0,4000,DOMAIN_OOD,3858,0.01,0.9844276202241643,0.00936768149882904,0.2913907284768212,0.42880159100059245,0.8466745387487071,0.830321944853604,0.9591397849462365,0.23120787973043028,0.37259816207184626,0.009849663037843442,446,19,1910,1483,0.5
CONTRASTIVE,LOGREG,62,1.0,4000,TEMPLATE_OOD,6832,0.01,0.9844276202241643,0.00936768149882904,0.2913907284768212,0.42880159100059245,0.8824630071767086,0.8655460218890029,0.9725906277630415,0.32201405152224827,0.4838354959313833,0.009074941451990632,1100,31,3385,2316,0.5
CONTRASTIVE,LOGREG,62,1.0,4000,DOMAIN_TEMPLATE_OOD,3708,0.01,0.9844276202241643,0.00936768149882904,0.2913907284768212,0.42880159100059245,0.8407054877711282,0.8231253687470108,0.9583333333333334,0.22330097087378642,0.36220472440944884,0.009708737864077669,414,18,1836,1440,0.5
CONTRASTIVE,LOGREG,62,1.0,4000,IID_ORIGINAL,3051,0.02,0.9435843507177922,0.01990632318501171,0.4326710816777042,0.42880159100059245,0.7986082305349789,0.8625965928007003,0.8821218074656189,0.42438563327032136,0.5730695596681558,0.030105368790767688,449,60,1933,609,0.3467715503113733
CONTRASTIVE,LOGREG,62,1.0,4000,IID_BALANCED,2116,0.02,0.9435843507177922,0.01990632318501171,0.4326710816777042,0.42880159100059245,0.8680663125710881,0.8617831197001155,0.9238683127572016,0.42438563327032136,0.5816062176165803,0.03497164461247637,449,37,1021,609,0.5
CONTRASTIVE,LOGREG,62,1.0,4000,TEMPORAL,8000,0.02,0.9435843507177922,0.01990632318501171,0.4326710816777042,0.42880159100059245,0.8863034169911015,0.8698228125,0.9531085353003161,0.45225,0.6134282807731435,0.02225,1809,89,3911,2191,0.5
CONTRASTIVE,LOGREG,62,1.0,4000,DOMAIN_OOD,3858,0.02,0.9435843507177922,0.01990632318501171,0.4326710816777042,0.42880159100059245,0.8466745387487071,0.830321944853604,0.9423347398030942,0.34733022291342663,0.5075757575757576,0.021254536029030584,670,41,1888,1259,0.5
CONTRASTIVE,LOGREG,62,1.0,4000,TEMPLATE_OOD,6832,0.02,0.9435843507177922,0.01990632318501171,0.4326710816777042,0.42880159100059245,0.8824630071767086,0.8655460218890029,0.9550417469492614,0.43530444964871196,0.598029358536095,0.020491803278688523,1487,70,3346,1929,0.5
CONTRASTIVE,LOGREG,62,1.0,4000,DOMAIN_TEMPLATE_OOD,3708,0.02,0.9435843507177922,0.01990632318501171,0.4326710816777042,0.42880159100059245,0.8407054877711282,0.8231253687470108,0.941717791411043,0.33117583603020495,0.49002394253790904,0.020496224379719527,614,38,1816,1240,0.5
CONTRASTIVE,XGBOOST,62,1.0,4000,IID_ORIGINAL,3051,0.005,0.9828533530235292,0.00468384074941452,0.20750551876379691,13.61930648500038,0.7873022253359577,0.8694921829427572,0.9215686274509803,0.222117202268431,0.357958872810358,0.010035122930255895,235,20,1973,823,0.3467715503113733
CONTRASTIVE,XGBOOST,62,1.0,4000,IID_BALANCED,2116,0.005,0.9828533530235292,0.00468384074941452,0.20750551876379691,13.61930648500038,0.8598153554902869,0.8687370685496406,0.9475806451612904,0.222117202268431,0.35987748851454826,0.012287334593572778,235,13,1045,823,0.5
CONTRASTIVE,XGBOOST,62,1.0,4000,TEMPORAL,8000,0.005,0.9828533530235292,0.00468384074941452,0.20750551876379691,13.61930648500038,0.8854172391506159,0.8677520000000001,0.9791847354726799,0.28225,0.43819134484766153,0.006,1129,24,3976,2871,0.5
CONTRASTIVE,XGBOOST,62,1.0,4000,DOMAIN_OOD,3858,0.005,0.9828533530235292,0.00468384074941452,0.20750551876379691,13.61930648500038,0.8481873426609292,0.8316788232110316,0.9725,0.20165889061689996,0.3340489480463718,0.005702436495593572,389,11,1918,1540,0.5
CONTRASTIVE,XGBOOST,62,1.0,4000,TEMPLATE_OOD,6832,0.005,0.9828533530235292,0.00468384074941452,0.20750551876379691,13.61930648500038,0.8854162364843974,0.8661210469810069,0.983419689119171,0.2778103044496487,0.4332344213649852,0.00468384074941452,949,16,3400,2467,0.5
CONTRASTIVE,XGBOOST,62,1.0,4000,DOMAIN_TEMPLATE_OOD,3708,0.005,0.9828533530235292,0.00468384074941452,0.20750551876379691,13.61930648500038,0.843174051966882,0.8250041602226854,0.9753424657534246,0.19201725997842503,0.32086525461919785,0.0048543689320388345,356,9,1845,1498,0.5
CONTRASTIVE,XGBOOST,62,1.0,4000,IID_ORIGINAL,3051,0.01,0.9724566936492921,0.00936768149882904,0.2582781456953642,13.61930648500038,0.7873022253359577,0.8694921829427572,0.9127725856697819,0.276937618147448,0.4249456127628716,0.014049172102358254,293,28,1965,765,0.3467715503113733
CONTRASTIVE,XGBOOST,62,1.0,4000,IID_BALANCED,2116,0.01,0.9724566936492921,0.00936768149882904,0.2582781456953642,13.61930648500038,0.8598153554902869,0.8687370685496406,0.9451612903225807,0.276937618147448,0.4283625730994152,0.01606805293005671,293,17,1041,765,0.5
CONTRASTIVE,XGBOOST,62,1.0,4000,TEMPORAL,8000,0.01,0.9724566936492921,0.00936768149882904,0.2582781456953642,13.61930648500038,0.8854172391506159,0.8677520000000001,0.9762931034482759,0.33975,0.504080118694362,0.00825,1359,33,3967,2641,0.5
CONTRASTIVE,XGBOOST,62,1.0,4000,DOMAIN_OOD,3858,0.01,0.9724566936492921,0.00936768149882904,0.2582781456953642,13.61930648500038,0.8481873426609292,0.8316788232110316,0.9680638722554891,0.2514256091238984,0.3991769547325103,0.00829445308449974,485,16,1913,1444,0.5
CONTRASTIVE,XGBOOST,62,1.0,4000,TEMPLATE_OOD,6832,0.01,0.9724566936492921,0.00936768149882904,0.2582781456953642,13.61930648500038,0.8854162364843974,0.8661210469810069,0.9827734711455641,0.33401639344262296,0.4985798558007428,0.00585480093676815,1141,20,3396,2275,0.5
CONTRASTIVE,XGBOOST,62,1.0,4000,DOMAIN_TEMPLATE_OOD,3708,0.01,0.9724566936492921,0.00936768149882904,0.2582781456953642,13.61930648500038,0.843174051966882,0.8250041602226854,0.9714912280701754,0.2389428263214671,0.38354978354978353,0.007011866235167206,443,13,1841,1411,0.5
CONTRASTIVE,XGBOOST,62,1.0,4000,IID_ORIGINAL,3051,0.02,0.9370187520980836,0.01990632318501171,0.3355408388520971,13.61930648500038,0.7873022253359577,0.8694921829427572,0.8778801843317973,0.3601134215500945,0.5107238605898123,0.026593075765178123,381,53,1940,677,0.3467715503113733
CONTRASTIVE,XGBOOST,62,1.0,4000,IID_BALANCED,2116,0.02,0.9370187520980836,0.01990632318501171,0.3355408388520971,13.61930648500038,0.8598153554902869,0.8687370685496406,0.9180722891566265,0.3601134215500945,0.5173116089613035,0.03213610586011342,381,34,1024,677,0.5
CONTRASTIVE,XGBOOST,62,1.0,4000,TEMPORAL,8000,0.02,0.9370187520980836,0.01990632318501171,0.3355408388520971,13.61930648500038,0.8854172391506159,0.8677520000000001,0.9572697003329633,0.43125,0.594622543950362,0.01925,1725,77,3923,2275,0.5
CONTRASTIVE,XGBOOST,62,1.0,4000,DOMAIN_OOD,3858,0.02,0.9370187520980836,0.01990632318501171,0.3355408388520971,13.61930648500038,0.8481873426609292,0.8316788232110316,0.9446935724962631,0.32763089683773977,0.4865280985373364,0.01918092275790565,632,37,1892,1297,0.5
CONTRASTIVE,XGBOOST,62,1.0,4000,TEMPLATE_OOD,6832,0.02,0.9370187520980836,0.01990632318501171,0.3355408388520971,13.61930648500038,0.8854162364843974,0.8661210469810069,0.9638312123241795,0.4212529274004684,0.5862701161132614,0.015807962529274005,1439,54,3362,1977,0.5
CONTRASTIVE,XGBOOST,62,1.0,4000,DOMAIN_TEMPLATE_OOD,3708,0.02,0.9370187520980836,0.01990632318501171,0.3355408388520971,13.61930648500038,0.843174051966882,0.8250041602226854,0.9503205128205128,0.319848975188781,0.47861178369652946,0.016720604099244876,593,31,1823,1261,0.5
CONTRASTIVE,MLP,62,1.0,4000,IID_ORIGINAL,3051,0.005,0.9902929067611695,0.00468384074941452,0.23178807947019867,1.8324312209997515,0.8162530822062976,0.8870470085753824,0.9296875,0.22495274102079396,0.3622526636225266,0.009031610637230306,238,18,1975,820,0.3467715503113733
CONTRASTIVE,MLP,62,1.0,4000,IID_BALANCED,2116,0.005,0.9902929067611695,0.00468384074941452,0.23178807947019867,1.8324312209997515,0.8799700522479956,0.8865766631765896,0.9407114624505929,0.22495274102079396,0.36308161708619374,0.014177693761814745,238,15,1043,820,0.5
CONTRASTIVE,MLP,62,1.0,4000,TEMPORAL,8000,0.005,0.9902929067611695,0.00468384074941452,0.23178807947019867,1.8324312209997515,0.8961554977657479,0.88007059375,0.9840737636211232,0.2935,0.4521471211245908,0.00475,1174,19,3981,2826,0.5
CONTRASTIVE,MLP,62,1.0,4000,DOMAIN_OOD,3858,0.005,0.9902929067611695,0.00468384074941452,0.23178807947019867,1.8324312209997515,0.866638797518571,0.8491225976816703,0.9829683698296837,0.20943494038361846,0.3452991452991453,0.0036288232244686366,404,7,1922,1525,0.5
CONTRASTIVE,MLP,62,1.0,4000,TEMPLATE_OOD,6832,0.005,0.9902929067611695,0.00468384074941452,0.23178807947019867,1.8324312209997515,0.8955348688921942,0.878248334741045,0.9851632047477745,0.29156908665105385,0.44996611700926137,0.004391100702576112,996,15,3401,2420,0.5
CONTRASTIVE,MLP,62,1.0,4000,DOMAIN_TEMPLATE_OOD,3708,0.005,0.9902929067611695,0.00468384074941452,0.23178807947019867,1.8324312209997515,0.8597325748284164,0.8405590291960355,0.9827586206896551,0.215210355987055,0.3530973451327434,0.0037756202804746495,399,7,1847,1455,0.5
CONTRASTIVE,MLP,62,1.0,4000,IID_ORIGINAL,3051,0.01,0.9661619067192079,0.00936768149882904,0.3598233995584989,1.8324312209997515,0.8162530822062976,0.8870470085753824,0.9009433962264151,0.3610586011342155,0.5155195681511471,0.021073758153537382,382,42,1951,676,0.3467715503113733
CONTRASTIVE,MLP,62,1.0,4000,IID_BALANCED,2116,0.01,0.9661619067192079,0.00936768149882904,0.3598233995584989,1.8324312209997515,0.8799700522479956,0.8865766631765896,0.9271844660194175,0.3610586011342155,0.5197278911564626,0.02835538752362949,382,30,1028,676,0.5
CONTRASTIVE,MLP,62,1.0,4000,TEMPORAL,8000,0.01,0.9661619067192079,0.00936768149882904,0.3598233995584989,1.8324312209997515,0.8961554977657479,0.88007059375,0.9669138619509412,0.42375,0.5892577785503216,0.0145,1695,58,3942,2305,0.5
CONTRASTIVE,MLP,62,1.0,4000,DOMAIN_OOD,3858,0.01,0.9661619067192079,0.00936768149882904,0.3598233995584989,1.8324312209997515,0.866638797518571,0.8491225976816703,0.9577874818049491,0.34110938310005184,0.5030581039755352,0.01503369621565578,658,29,1900,1271,0.5
CONTRASTIVE,MLP,62,1.0,4000,TEMPLATE_OOD,6832,0.01,0.9661619067192079,0.00936768149882904,0.3598233995584989,1.8324312209997515,0.8955348688921942,0.878248334741045,0.9703856749311295,0.41247072599531615,0.5788824979457683,0.012587822014051522,1409,43,3373,2007,0.5
CONTRASTIVE,MLP,62,1.0,4000,DOMAIN_TEMPLATE_OOD,3708,0.01,0.9661619067192079,0.00936768149882904,0.3598233995584989,1.8324312209997515,0.8597325748284164,0.8405590291960355,0.9591194968553459,0.3290183387270766,0.4899598393574297,0.014023732470334413,610,26,1828,1244,0.5
CONTRASTIVE,MLP,62,1.0,4000,IID_ORIGINAL,3051,0.02,0.9049394130706788,0.01990632318501171,0.4922737306843267,1.8324312209997515,0.8162530822062976,0.8870470085753824,0.8779264214046822,0.4962192816635161,0.6340579710144928,0.03662819869543402,525,73,1920,533,0.3467715503113733
CONTRASTIVE,MLP,62,1.0,4000,IID_BALANCED,2116,0.02,0.9049394130706788,0.01990632318501171,0.4922737306843267,1.8324312209997515,0.8799700522479956,0.8865766631765896,0.9226713532513181,0.4962192816635161,0.645359557467732,0.04158790170132325,525,44,1014,533,0.5
CONTRASTIVE,MLP,62,1.0,4000,TEMPORAL,8000,0.02,0.9049394130706788,0.01990632318501171,0.4922737306843267,1.8324312209997515,0.8961554977657479,0.88007059375,0.9517800811176206,0.528,0.6792088760250844,0.02675,2112,107,3893,1888,0.5
CONTRASTIVE,MLP,62,1.0,4000,DOMAIN_OOD,3858,0.02,0.9049394130706788,0.01990632318501171,0.4922737306843267,1.8324312209997515,0.866638797518571,0.8491225976816703,0.9457964601769911,0.4432348367029549,0.6036004235792446,0.025401762571280455,855,49,1880,1074,0.5
CONTRASTIVE,MLP,62,1.0,4000,TEMPLATE_OOD,6832,0.02,0.9049394130706788,0.01990632318501171,0.4922737306843267,1.8324312209997515,0.8955348688921942,0.878248334741045,0.9598901098901099,0.5114168618266979,0.6673032849503437,0.021370023419203747,1747,73,3343,1669,0.5
CONTRASTIVE,MLP,62,1.0,4000,DOMAIN_TEMPLATE_OOD,3708,0.02,0.9049394130706788,0.01990632318501171,0.4922737306843267,1.8324312209997515,0.8597325748284164,0.8405590291960355,0.9469240048250904,0.42340884573894283,0.5851658591129333,0.023732470334412083,785,44,1810,1069,0.5
BASE,LOGREG,72,0.1,400,IID_ORIGINAL,3051,0.005,0.998500342985107,0.00468384074941452,0.1434878587196468,0.026841851999961364,0.8407499282741737,0.8973951362851265,0.9728260869565217,0.16918714555765596,0.2882447665056361,0.002508780732563974,179,5,1988,879,0.3467715503113733
BASE,LOGREG,72,0.1,400,IID_BALANCED,2116,0.005,0.998500342985107,0.00468384074941452,0.1434878587196468,0.026841851999961364,0.902441313606155,0.8977964272569066,0.9944444444444445,0.16918714555765596,0.28917609046849757,0.000945179584120983,179,1,1057,879,0.5
BASE,LOGREG,72,0.1,400,TEMPORAL,8000,0.005,0.998500342985107,0.00468384074941452,0.1434878587196468,0.026841851999961364,0.925013646181051,0.9322469374999999,0.9714285714285714,0.1445,0.2515778019586507,0.00425,578,17,3983,3422,0.5
BASE,LOGREG,72,0.1,400,DOMAIN_OOD,3858,0.005,0.998500342985107,0.00468384074941452,0.1434878587196468,0.026841851999961364,0.9012352664105068,0.913931343406321,0.9452554744525548,0.13426645930533956,0.2351339083068543,0.007776049766718507,259,15,1914,1670,0.5
BASE,LOGREG,72,0.1,400,TEMPLATE_OOD,6832,0.005,0.998500342985107,0.00468384074941452,0.1434878587196468,0.026841851999961364,0.9162784283597804,0.9251240203149251,0.9643605870020965,0.13466042154566746,0.23632160287695864,0.004976580796252928,460,17,3399,2956,0.5
BASE,LOGREG,72,0.1,400,DOMAIN_TEMPLATE_OOD,3708,0.005,0.998500342985107,0.00468384074941452,0.1434878587196468,0.026841851999961364,0.8943362936326795,0.9067665003741291,0.9431818181818182,0.1343042071197411,0.23512747875354106,0.008090614886731391,249,15,1839,1605,0.5
BASE,LOGREG,72,0.1,400,IID_ORIGINAL,3051,0.01,0.997186357962909,0.00936768149882904,0.19646799116997793,0.026841851999961364,0.8407499282741737,0.8973951362851265,0.9623430962343096,0.21739130434782608,0.3546646106399383,0.004515805318615153,230,9,1984,828,0.3467715503113733
BASE,LOGREG,72,0.1,400,IID_BALANCED,2116,0.01,0.997186357962909,0.00936768149882904,0.19646799116997793,0.026841851999961364,0.902441313606155,0.8977964272569066,0.9871244635193133,0.21739130434782608,0.3563129357087529,0.002835538752362949,230,3,1055,828,0.5
BASE,LOGREG,72,0.1,400,TEMPORAL,8000,0.01,0.997186357962909,0.00936768149882904,0.19646799116997793,0.026841851999961364,0.925013646181051,0.9322469374999999,0.9733333333333334,0.20075,0.33284974093264247,0.0055,803,22,3978,3197,0.5
BASE,LOGREG,72,0.1,400,DOMAIN_OOD,3858,0.01,0.997186357962909,0.00936768149882904,0.19646799116997793,0.026841851999961364,0.9012352664105068,0.913931343406321,0.9540816326530612,0.19388284085018145,0.3222748815165877,0.00933125972006221,374,18,1911,1555,0.5
BASE,LOGREG,72,0.1,400,TEMPLATE_OOD,6832,0.01,0.997186357962909,0.00936768149882904,0.19646799116997793,0.026841851999961364,0.9162784283597804,0.9251240203149251,0.9669172932330827,0.188231850117096,0.3151188434207302,0.006440281030444965,643,22,3394,2773,0.5
BASE,LOGREG,72,0.1,400,DOMAIN_TEMPLATE_OOD,3708,0.01,0.997186357962909,0.00936768149882904,0.19646799116997793,0.026841851999961364,0.8943362936326795,0.9067665003741291,0.9510869565217391,0.18878101402373246,0.31503150315031503,0.009708737864077669,350,18,1836,1504,0.5
BASE,LOGREG,72,0.1,400,IID_ORIGINAL,3051,0.02,0.9844465423043232,0.01990632318501171,0.37969094922737306,0.026841851999961364,0.8407499282741737,0.8973951362851265,0.9156327543424317,0.3487712665406427,0.5051334702258727,0.017059708981435023,369,34,1959,689,0.3467715503113733
BASE,LOGREG,72,0.1,400,IID_BALANCED,2116,0.02,0.9844465423043232,0.01990632318501171,0.37969094922737306,0.026841851999961364,0.902441313606155,0.8977964272569066,0.9485861182519281,0.3487712665406427,0.5100207325501037,0.01890359168241966,369,20,1038,689,0.5
BASE,LOGREG,72,0.1,400,TEMPORAL,8000,0.02,0.9844465423043232,0.01990632318501171,0.37969094922737306,0.026841851999961364,0.925013646181051,0.9322469374999999,0.9618991793669402,0.41025,0.5751840168243953,0.01625,1641,65,3935,2359,0.5
BASE,LOGREG,72,0.1,400,DOMAIN_OOD,3858,0.02,0.9844465423043232,0.01990632318501171,0.37969094922737306,0.026841851999961364,0.9012352664105068,0.913931343406321,0.9455864570737605,0.40539139450492484,0.5674891146589259,0.02332814930015552,782,45,1884,1147,0.5
BASE,LOGREG,72,0.1,400,TEMPLATE_OOD,6832,0.02,0.9844465423043232,0.01990632318501171,0.37969094922737306,0.026841851999961364,0.9162784283597804,0.9251240203149251,0.9559132260321903,0.39988290398126464,0.5638802889576884,0.018442622950819672,1366,63,3353,2050,0.5
BASE,LOGREG,72,0.1,400,DOMAIN_TEMPLATE_OOD,3708,0.02,0.9844465423043232,0.01990632318501171,0.37969094922737306,0.026841851999961364,0.8943362936326795,0.9067665003741291,0.9443742098609356,0.4029126213592233,0.5648393194706994,0.023732470334412083,747,44,1810,1107,0.5
BASE,XGBOOST,72,0.1,400,IID_ORIGINAL,3051,0.005,0.9925348758697511,0.00468384074941452,0.26490066225165565,2.0993717609999294,0.8200907226720282,0.8867373235435555,0.9636363636363636,0.2504725897920605,0.3975993998499625,0.005017561465127948,265,10,1983,793,0.3467715503113733
BASE,XGBOOST,72,0.1,400,IID_BALANCED,2116,0.005,0.9925348758697511,0.00468384074941452,0.26490066225165565,2.0993717609999294,0.8842209291158446,0.8842914369231099,0.9851301115241635,0.2504725897920605,0.39939713639789,0.003780718336483932,265,4,1054,793,0.5
BASE,XGBOOST,72,0.1,400,TEMPORAL,8000,0.005,0.9925348758697511,0.00468384074941452,0.26490066225165565,2.0993717609999294,0.8926100362029488,0.9047052499999999,0.9539078156312625,0.119,0.2116025783507446,0.00575,476,23,3977,3524,0.5
BASE,XGBOOST,72,0.1,400,DOMAIN_OOD,3858,0.005,0.9925348758697511,0.00468384074941452,0.26490066225165565,2.0993717609999294,0.8492352701699688,0.8709259048744693,0.9254658385093167,0.07724209434940384,0.14258373205741626,0.006220839813374806,149,12,1917,1780,0.5
BASE,XGBOOST,72,0.1,400,TEMPLATE_OOD,6832,0.005,0.9925348758697511,0.00468384074941452,0.26490066225165565,2.0993717609999294,0.8825154662309138,0.895825677758338,0.944578313253012,0.11475409836065574,0.20464630644740275,0.006733021077283372,392,23,3393,3024,0.5
BASE,XGBOOST,72,0.1,400,DOMAIN_TEMPLATE_OOD,3708,0.005,0.9925348758697511,0.00468384074941452,0.26490066225165565,2.0993717609999294,0.8401710716920899,0.8602284456826197,0.9289940828402367,0.08468176914778856,0.15521502718734553,0.006472491909385114,157,12,1842,1697,0.5
BASE,XGBOOST,72,0.1,400,IID_ORIGINAL,3051,0.01,0.987275779247284,0.00936768149882904,0.32450331125827814,2.0993717609999294,0.8200907226720282,0.8867373235435555,0.9352941176470588,0.3005671077504726,0.45493562231759654,0.011038635223281485,318,22,1971,740,0.3467715503113733
BASE,XGBOOST,72,0.1,400,IID_BALANCED,2116,0.01,0.987275779247284,0.00936768149882904,0.32450331125827814,2.0993717609999294,0.8842209291158446,0.8842914369231099,0.9607250755287009,0.3005671077504726,0.45788336933045354,0.012287334593572778,318,13,1045,740,0.5
BASE,XGBOOST,72,0.1,400,TEMPORAL,8000,0.01,0.987275779247284,0.00936768149882904,0.32450331125827814,2.0993717609999294,0.8926100362029488,0.9047052499999999,0.9538834951456311,0.1965,0.32587064676616917,0.0095,786,38,3962,3214,0.5
BASE,XGBOOST,72,0.1,400,DOMAIN_OOD,3858,0.01,0.987275779247284,0.00936768149882904,0.32450331125827814,2.0993717609999294,0.8492352701699688,0.8709259048744693,0.9194139194139194,0.13011923276308968,0.22797456857402362,0.011404872991187144,251,22,1907,1678,0.5
BASE,XGBOOST,72,0.1,400,TEMPLATE_OOD,6832,0.01,0.987275779247284,0.00936768149882904,0.32450331125827814,2.0993717609999294,0.8825154662309138,0.895825677758338,0.943952802359882,0.1873536299765808,0.3126526624328285,0.011124121779859485,640,38,3378,2776,0.5
BASE,XGBOOST,72,0.1,400,DOMAIN_TEMPLATE_OOD,3708,0.01,0.987275779247284,0.00936768149882904,0.32450331125827814,2.0993717609999294,0.8401710716920899,0.8602284456826197,0.9188191881918819,0.1343042071197411,0.2343529411764706,0.011866235167206042,249,22,1832,1605,0.5
BASE,XGBOOST,72,0.1,400,IID_ORIGINAL,3051,0.02,0.9680494070053102,0.01990632318501171,0.4304635761589404,2.0993717609999294,0.8200907226720282,0.8867373235435555,0.8884120171673819,0.391304347826087,0.5433070866141733,0.02609131961866533,414,52,1941,644,0.3467715503113733
BASE,XGBOOST,72,0.1,400,IID_BALANCED,2116,0.02,0.9680494070053102,0.01990632318501171,0.4304635761589404,2.0993717609999294,0.8842209291158446,0.8842914369231099,0.9220489977728286,0.391304347826087,0.5494359654943597,0.0330812854442344,414,35,1023,644,0.5
BASE,XGBOOST,72,0.1,400,TEMPORAL,8000,0.02,0.9680494070053102,0.01990632318501171,0.4304635761589404,2.0993717609999294,0.8926100362029488,0.9047052499999999,0.938961038961039,0.3615,0.5220216606498195,0.0235,1446,94,3906,2554,0.5
BASE,XGBOOST,72,0.1,400,DOMAIN_OOD,3858,0.02,0.9680494070053102,0.01990632318501171,0.4304635761589404,2.0993717609999294,0.8492352701699688,0.8709259048744693,0.902027027027027,0.27682737169517885,0.42364141213804046,0.03006739243131156,534,58,1871,1395,0.5
BASE,XGBOOST,72,0.1,400,TEMPLATE_OOD,6832,0.02,0.9680494070053102,0.01990632318501171,0.4304635761589404,2.0993717609999294,0.8825154662309138,0.895825677758338,0.9346811819595645,0.3518735362997658,0.5112717992343684,0.02459016393442623,1202,84,3332,2214,0.5
BASE,XGBOOST,72,0.1,400,DOMAIN_TEMPLATE_OOD,3708,0.02,0.9680494070053102,0.01990632318501171,0.4304635761589404,2.0993717609999294,0.8401710716920899,0.8602284456826197,0.9003623188405797,0.2680690399137001,0.41313383208645055,0.0296655879180151,497,55,1799,1357,0.5
BASE,MLP,72,0.1,400,IID_ORIGINAL,3051,0.005,0.9986126422882081,0.00468384074941452,0.2803532008830022,0.2577880400003778,0.8437032626911638,0.9012825607964359,0.9625,0.29111531190926276,0.44702467343976776,0.006021073758153537,308,12,1981,750,0.3467715503113733
BASE,MLP,72,0.1,400,IID_BALANCED,2116,0.005,0.9986126422882081,0.00468384074941452,0.2803532008830022,0.2577880400003778,0.9064815244523018,0.9014511812064708,0.9871794871794872,0.29111531190926276,0.44963503649635034,0.003780718336483932,308,4,1054,750,0.5
BASE,MLP,72,0.1,400,TEMPORAL,8000,0.005,0.9986126422882081,0.00468384074941452,0.2803532008830022,0.2577880400003778,0.9174490261676487,0.92357390625,0.9708920187793427,0.2585,0.40829220138203354,0.00775,1034,31,3969,2966,0.5
BASE,MLP,72,0.1,400,DOMAIN_OOD,3858,0.005,0.9986126422882081,0.00468384074941452,0.2803532008830022,0.2577880400003778,0.8712317389426518,0.8917677875626742,0.9244712990936556,0.15863141524105753,0.27079646017699116,0.012960082944530845,306,25,1904,1623,0.5
BASE,MLP,72,0.1,400,TEMPLATE_OOD,6832,0.005,0.9986126422882081,0.00468384074941452,0.2803532008830022,0.2577880400003778,0.9093181388167847,0.9163899804748559,0.9656699889258029,0.25526932084309134,0.4037971752720537,0.009074941451990632,872,31,3385,2544,0.5
BASE,MLP,72,0.1,400,DOMAIN_TEMPLATE_OOD,3708,0.005,0.9986126422882081,0.00468384074941452,0.2803532008830022,0.2577880400003778,0.8621875935591705,0.882750378492987,0.919093851132686,0.15318230852211434,0.26259824318076747,0.01348435814455232,284,25,1829,1570,0.5
BASE,MLP,72,0.1,400,IID_ORIGINAL,3051,0.01,0.9953225255012513,0.00936768149882904,0.37969094922737306,0.2577880400003778,0.8437032626911638,0.9012825607964359,0.9377880184331797,0.3846880907372401,0.5455764075067024,0.013547415955845458,407,27,1966,651,0.3467715503113733
BASE,MLP,72,0.1,400,IID_BALANCED,2116,0.01,0.9953225255012513,0.00936768149882904,0.37969094922737306,0.2577880400003778,0.9064815244523018,0.9014511812064708,0.969047619047619,0.3846880907372401,0.550744248985115,0.012287334593572778,407,13,1045,651,0.5
BASE,MLP,72,0.1,400,TEMPORAL,8000,0.01,0.9953225255012513,0.00936768149882904,0.37969094922737306,0.2577880400003778,0.9174490261676487,0.92357390625,0.9577557755775578,0.36275,0.5262012692656391,0.016,1451,64,3936,2549,0.5
BASE,MLP,72,0.1,400,DOMAIN_OOD,3858,0.01,0.9953225255012513,0.00936768149882904,0.37969094922737306,0.2577880400003778,0.8712317389426518,0.8917677875626742,0.9195612431444241,0.2607568688439606,0.4063004846526656,0.02280974598237429,503,44,1885,1426,0.5
BASE,MLP,72,0.1,400,TEMPLATE_OOD,6832,0.01,0.9953225255012513,0.00936768149882904,0.37969094922737306,0.2577880400003778,0.9093181388167847,0.9163899804748559,0.9502719502719502,0.35802107728337235,0.5200935573038487,0.01873536299765808,1223,64,3352,2193,0.5
BASE,MLP,72,0.1,400,DOMAIN_TEMPLATE_OOD,3708,0.01,0.9953225255012513,0.00936768149882904,0.37969094922737306,0.2577880400003778,0.8621875935591705,0.882750378492987,0.914396887159533,0.2535059331175836,0.3969594594594595,0.023732470334412083,470,44,1810,1384,0.5
BASE,MLP,72,0.1,400,IID_ORIGINAL,3051,0.02,0.9859415888786317,0.01990632318501171,0.4768211920529801,0.2577880400003778,0.8437032626911638,0.9012825607964359,0.9064220183486239,0.4669187145557656,0.6163443543356207,0.025589563472152535,494,51,1942,564,0.3467715503113733
BASE,MLP,72,0.1,400,IID_BALANCED,2116,0.02,0.9859415888786317,0.01990632318501171,0.4768211920529801,0.2577880400003778,0.9064815244523018,0.9014511812064708,0.95,0.4669187145557656,0.6261089987325729,0.024574669187145556,494,26,1032,564,0.5
BASE,MLP,72,0.1,400,TEMPORAL,8000,0.02,0.9859415888786317,0.01990632318501171,0.4768211920529801,0.2577880400003778,0.9174490261676487,0.92357390625,0.9495669893020886,0.466,0.6251886634244508,0.02475,1864,99,3901,2136,0.5
BASE,MLP,72,0.1,400,DOMAIN_OOD,3858,0.02,0.9859415888786317,0.01990632318501171,0.4768211920529801,0.2577880400003778,0.8712317389426518,0.8917677875626742,0.9109159347553325,0.37636080870917576,0.532648569332355,0.0368066355624676,726,71,1858,1203,0.5
BASE,MLP,72,0.1,400,TEMPLATE_OOD,6832,0.02,0.9859415888786317,0.01990632318501171,0.4768211920529801,0.2577880400003778,0.9093181388167847,0.9163899804748559,0.9407894736842105,0.46048009367681497,0.6183176100628931,0.028981264637002343,1573,99,3317,1843,0.5
BASE,MLP,72,0.1,400,DOMAIN_TEMPLATE_OOD,3708,0.02,0.9859415888786317,0.01990632318501171,0.4768211920529801,0.2577880400003778,0.8621875935591705,0.882750378492987,0.9058355437665783,0.36839266450916935,0.5237730061349694,0.038295577130528585,683,71,1783,1171,0.5
DAPT,LOGREG,72,0.1,400,IID_ORIGINAL,3051,0.005,0.9970574629277877,0.00468384074941452,0.12582781456953643,0.027745444000174757,0.8433749936810653,0.895824895641361,0.9666666666666667,0.13705103969754254,0.24006622516556292,0.002508780732563974,145,5,1988,913,0.3467715503113733
DAPT,LOGREG,72,0.1,400,IID_BALANCED,2116,0.005,0.9970574629277877,0.00468384074941452,0.12582781456953643,0.027745444000174757,0.8985196427378819,0.8947723886063872,0.9797297297297297,0.13705103969754254,0.24046434494195687,0.002835538752362949,145,3,1055,913,0.5
DAPT,LOGREG,72,0.1,400,TEMPORAL,8000,0.005,0.9970574629277877,0.00468384074941452,0.12582781456953643,0.027745444000174757,0.9225213574727441,0.92564925,0.9804469273743017,0.08775,0.16108306562643415,0.00175,351,7,3993,3649,0.5
DAPT,LOGREG,72,0.1,400,DOMAIN_OOD,3858,0.005,0.9970574629277877,0.00468384074941452,0.12582781456953643,0.027745444000174757,0.8896127834535545,0.903322215476798,0.9571428571428572,0.06946604458268534,0.12953117448042534,0.003110419906687403,134,6,1923,1795,0.5
DAPT,LOGREG,72,0.1,400,TEMPLATE_OOD,6832,0.005,0.9970574629277877,0.00468384074941452,0.12582781456953643,0.027745444000174757,0.914617562814465,0.9198686680396426,0.9766666666666667,0.0857728337236534,0.15769644779332614,0.0020491803278688526,293,7,3409,3123,0.5
DAPT,LOGREG,72,0.1,400,DOMAIN_TEMPLATE_OOD,3708,0.005,0.9970574629277877,0.00468384074941452,0.12582781456953643,0.027745444000174757,0.8782842397749882,0.8929170317771191,0.952,0.06418554476806904,0.12026275896917635,0.003236245954692557,119,6,1848,1735,0.5
DAPT,LOGREG,72,0.1,400,IID_ORIGINAL,3051,0.01,0.9886798909256436,0.00936768149882904,0.25165562913907286,0.027745444000174757,0.8433749936810653,0.895824895641361,0.9535864978902954,0.21361058601134217,0.349034749034749,0.0055193176116407425,226,11,1982,832,0.3467715503113733
DAPT,LOGREG,72,0.1,400,IID_BALANCED,2116,0.01,0.9886798909256436,0.00936768149882904,0.25165562913907286,0.027745444000174757,0.8985196427378819,0.8947723886063872,0.9699570815450643,0.21361058601134217,0.35011618900077457,0.006616257088846881,226,7,1051,832,0.5
DAPT,LOGREG,72,0.1,400,TEMPORAL,8000,0.01,0.9886798909256436,0.00936768149882904,0.25165562913907286,0.027745444000174757,0.9225213574727441,0.92564925,0.9819004524886877,0.217,0.35544635544635544,0.004,868,16,3984,3132,0.5
DAPT,LOGREG,72,0.1,400,DOMAIN_OOD,3858,0.01,0.9886798909256436,0.00936768149882904,0.25165562913907286,0.027745444000174757,0.8896127834535545,0.903322215476798,0.9578313253012049,0.16485225505443235,0.2812914639540027,0.007257646448937273,318,14,1915,1611,0.5
DAPT,LOGREG,72,0.1,400,TEMPLATE_OOD,6832,0.01,0.9886798909256436,0.00936768149882904,0.25165562913907286,0.027745444000174757,0.914617562814465,0.9198686680396426,0.9778085991678225,0.2063817330210773,0.34082668600435095,0.00468384074941452,705,16,3400,2711,0.5
DAPT,LOGREG,72,0.1,400,DOMAIN_TEMPLATE_OOD,3708,0.01,0.9886798909256436,0.00936768149882904,0.25165562913907286,0.027745444000174757,0.8782842397749882,0.8929170317771191,0.9534883720930233,0.15480043149946063,0.26635730858468676,0.007551240560949299,287,14,1840,1567,0.5
DAPT,LOGREG,72,0.1,400,IID_ORIGINAL,3051,0.02,0.9563098408494974,0.01990632318501171,0.44150110375275936,0.027745444000174757,0.8433749936810653,0.895824895641361,0.9262472885032538,0.40359168241965976,0.5622119815668203,0.017059708981435023,427,34,1959,631,0.3467715503113733
DAPT,LOGREG,72,0.1,400,IID_BALANCED,2116,0.02,0.9563098408494974,0.01990632318501171,0.44150110375275936,0.027745444000174757,0.8985196427378819,0.8947723886063872,0.953125,0.40359168241965976,0.5670650730411687,0.01984877126654064,427,21,1037,631,0.5
DAPT,LOGREG,72,0.1,400,TEMPORAL,8000,0.02,0.9563098408494974,0.01990632318501171,0.44150110375275936,0.027745444000174757,0.9225213574727441,0.92564925,0.9698249849124925,0.40175,0.5681456602439455,0.0125,1607,50,3950,2393,0.5
DAPT,LOGREG,72,0.1,400,DOMAIN_OOD,3858,0.02,0.9563098408494974,0.01990632318501171,0.44150110375275936,0.027745444000174757,0.8896127834535545,0.903322215476798,0.9488372093023256,0.31726283048211507,0.4755244755244755,0.017107309486780714,612,33,1896,1317,0.5
DAPT,LOGREG,72,0.1,400,TEMPLATE_OOD,6832,0.02,0.9563098408494974,0.01990632318501171,0.44150110375275936,0.027745444000174757,0.914617562814465,0.9198686680396426,0.9645494830132939,0.38231850117096017,0.5475890985324947,0.01405152224824356,1306,48,3368,2110,0.5
DAPT,LOGREG,72,0.1,400,DOMAIN_TEMPLATE_OOD,3708,0.02,0.9563098408494974,0.01990632318501171,0.44150110375275936,0.027745444000174757,0.8782842397749882,0.8929170317771191,0.9435626102292769,0.2885652642934196,0.4419661296984717,0.017259978425026967,535,32,1822,1319,0.5
DAPT,XGBOOST,72,0.1,400,IID_ORIGINAL,3051,0.005,0.9973385930061341,0.00468384074941452,0.09050772626931568,1.9941435880000427,0.7872256486890885,0.8731092851445087,0.9357798165137615,0.09640831758034027,0.17480719794344474,0.0035122930255895636,102,7,1986,956,0.3467715503113733
DAPT,XGBOOST,72,0.1,400,IID_BALANCED,2116,0.005,0.9973385930061341,0.00468384074941452,0.09050772626931568,1.9941435880000427,0.8594132432922448,0.8688523125632055,0.9532710280373832,0.09640831758034027,0.17510729613733905,0.004725897920604915,102,5,1053,956,0.5
DAPT,XGBOOST,72,0.1,400,TEMPORAL,8000,0.005,0.9973385930061341,0.00468384074941452,0.09050772626931568,1.9941435880000427,0.884996898704869,0.8930410000000001,0.9716981132075472,0.0515,0.09781576448243115,0.0015,206,6,3994,3794,0.5
DAPT,XGBOOST,72,0.1,400,DOMAIN_OOD,3858,0.005,0.9973385930061341,0.00468384074941452,0.09050772626931568,1.9941435880000427,0.8299142443524469,0.8591332371774458,0.918918918918919,0.0352514256091239,0.06789815277084374,0.003110419906687403,68,6,1923,1861,0.5
DAPT,XGBOOST,72,0.1,400,TEMPLATE_OOD,6832,0.005,0.9973385930061341,0.00468384074941452,0.09050772626931568,1.9941435880000427,0.8784002128951791,0.8899325703810145,0.9651162790697675,0.04859484777517564,0.09253065774804906,0.001756440281030445,166,6,3410,3250,0.5
DAPT,XGBOOST,72,0.1,400,DOMAIN_TEMPLATE_OOD,3708,0.005,0.9973385930061341,0.00468384074941452,0.09050772626931568,1.9941435880000427,0.8141975561256012,0.8449228991457288,0.9076923076923077,0.03182308522114347,0.061490359562272015,0.003236245954692557,59,6,1848,1795,0.5
DAPT,XGBOOST,72,0.1,400,IID_ORIGINAL,3051,0.01,0.9952955842018129,0.00936768149882904,0.15673289183222958,1.9941435880000427,0.7872256486890885,0.8731092851445087,0.936046511627907,0.15217391304347827,0.26178861788617885,0.0055193176116407425,161,11,1982,897,0.3467715503113733
DAPT,XGBOOST,72,0.1,400,IID_BALANCED,2116,0.01,0.9952955842018129,0.00936768149882904,0.15673289183222958,1.9941435880000427,0.8594132432922448,0.8688523125632055,0.9526627218934911,0.15217391304347827,0.2624286878565607,0.007561436672967864,161,8,1050,897,0.5
DAPT,XGBOOST,72,0.1,400,TEMPORAL,8000,0.01,0.9952955842018129,0.00936768149882904,0.15673289183222958,1.9941435880000427,0.884996898704869,0.8930410000000001,0.965,0.0965,0.17545454545454545,0.0035,386,14,3986,3614,0.5
DAPT,XGBOOST,72,0.1,400,DOMAIN_OOD,3858,0.01,0.9952955842018129,0.00936768149882904,0.15673289183222958,1.9941435880000427,0.8299142443524469,0.8591332371774458,0.9148936170212766,0.06687402799377916,0.1246376811594203,0.006220839813374806,129,12,1917,1800,0.5
DAPT,XGBOOST,72,0.1,400,TEMPLATE_OOD,6832,0.01,0.9952955842018129,0.00936768149882904,0.15673289183222958,1.9941435880000427,0.8784002128951791,0.8899325703810145,0.9570552147239264,0.09133489461358314,0.16675574559059328,0.004098360655737705,312,14,3402,3104,0.5
DAPT,XGBOOST,72,0.1,400,DOMAIN_TEMPLATE_OOD,3708,0.01,0.9952955842018129,0.00936768149882904,0.15673289183222958,1.9941435880000427,0.8141975561256012,0.8449228991457288,0.9032258064516129,0.06040992448759439,0.11324570273003033,0.006472491909385114,112,12,1842,1742,0.5
DAPT,XGBOOST,72,0.1,400,IID_ORIGINAL,3051,0.02,0.9884444475173951,0.01990632318501171,0.24282560706401765,1.9941435880000427,0.7872256486890885,0.8731092851445087,0.875,0.2514177693761815,0.39060205580029367,0.019066733567486203,266,38,1955,792,0.3467715503113733
DAPT,XGBOOST,72,0.1,400,IID_BALANCED,2116,0.02,0.9884444475173951,0.01990632318501171,0.24282560706401765,1.9941435880000427,0.8594132432922448,0.8688523125632055,0.9172413793103448,0.2514177693761815,0.39465875370919884,0.022684310018903593,266,24,1034,792,0.5
DAPT,XGBOOST,72,0.1,400,TEMPORAL,8000,0.02,0.9884444475173951,0.01990632318501171,0.24282560706401765,1.9941435880000427,0.884996898704869,0.8930410000000001,0.9597238204833142,0.2085,0.3425754775107825,0.00875,834,35,3965,3166,0.5
DAPT,XGBOOST,72,0.1,400,DOMAIN_OOD,3858,0.02,0.9884444475173951,0.01990632318501171,0.24282560706401765,1.9941435880000427,0.8299142443524469,0.8591332371774458,0.9042904290429042,0.14204250907205807,0.24551971326164876,0.01503369621565578,274,29,1900,1655,0.5
DAPT,XGBOOST,72,0.1,400,TEMPLATE_OOD,6832,0.02,0.9884444475173951,0.01990632318501171,0.24282560706401765,1.9941435880000427,0.8784002128951791,0.8899325703810145,0.9529737206085753,0.20169789227166277,0.3329306595796086,0.009953161592505855,689,34,3382,2727,0.5
DAPT,XGBOOST,72,0.1,400,DOMAIN_TEMPLATE_OOD,3708,0.02,0.9884444475173951,0.01990632318501171,0.24282560706401765,1.9941435880000427,0.8141975561256012,0.8449228991457288,0.8966789667896679,0.13106796116504854,0.22870588235294118,0.015102481121898598,243,28,1826,1611,0.5
DAPT,MLP,72,0.1,400,IID_ORIGINAL,3051,0.005,0.9964710474014283,0.00468384074941452,0.1346578366445916,0.25720125299994834,0.8356786661899009,0.8922158556839296,0.968,0.11436672967863894,0.20456466610312765,0.002007024586051179,121,4,1989,937,0.3467715503113733
DAPT,MLP,72,0.1,400,IID_BALANCED,2116,0.005,0.9964710474014283,0.00468384074941452,0.1346578366445916,0.25720125299994834,0.8916489762622426,0.8898856850854592,0.9758064516129032,0.11436672967863894,0.20473773265651438,0.002835538752362949,121,3,1055,937,0.5
DAPT,MLP,72,0.1,400,TEMPORAL,8000,0.005,0.9964710474014283,0.00468384074941452,0.1346578366445916,0.25720125299994834,0.9219385096379451,0.922202,0.9887459807073955,0.15375,0.2661185633924708,0.00175,615,7,3993,3385,0.5
DAPT,MLP,72,0.1,400,DOMAIN_OOD,3858,0.005,0.9964710474014283,0.00468384074941452,0.1346578366445916,0.25720125299994834,0.8832482522288178,0.8939772499147416,0.968421052631579,0.09538621047174702,0.17366682397357244,0.003110419906687403,184,6,1923,1745,0.5
DAPT,MLP,72,0.1,400,TEMPLATE_OOD,6832,0.005,0.9964710474014283,0.00468384074941452,0.1346578366445916,0.25720125299994834,0.9152335206793778,0.9169112737140005,0.9869888475836431,0.15544496487119439,0.26858877086494687,0.0020491803278688526,531,7,3409,2885,0.5
DAPT,MLP,72,0.1,400,DOMAIN_TEMPLATE_OOD,3708,0.005,0.9964710474014283,0.00468384074941452,0.1346578366445916,0.25720125299994834,0.8721081000366391,0.8827061579441633,0.9672131147540983,0.09546925566343042,0.17378497790868924,0.003236245954692557,177,6,1848,1677,0.5
DAPT,MLP,72,0.1,400,IID_ORIGINAL,3051,0.01,0.9852277040481568,0.00936768149882904,0.3818984547461369,0.25720125299994834,0.8356786661899009,0.8922158556839296,0.9661458333333334,0.3506616257088847,0.5145631067961165,0.006522829904666332,371,13,1980,687,0.3467715503113733
DAPT,MLP,72,0.1,400,IID_BALANCED,2116,0.01,0.9852277040481568,0.00936768149882904,0.3818984547461369,0.25720125299994834,0.8916489762622426,0.8898856850854592,0.9712041884816754,0.3506616257088847,0.5152777777777777,0.010396975425330813,371,11,1047,687,0.5
DAPT,MLP,72,0.1,400,TEMPORAL,8000,0.01,0.9852277040481568,0.00936768149882904,0.3818984547461369,0.25720125299994834,0.9219385096379451,0.922202,0.9824024483550114,0.321,0.4838892029395139,0.00575,1284,23,3977,2716,0.5
DAPT,MLP,72,0.1,400,DOMAIN_OOD,3858,0.01,0.9852277040481568,0.00936768149882904,0.3818984547461369,0.25720125299994834,0.8832482522288178,0.8939772499147416,0.961864406779661,0.23535510627268014,0.37817576009995835,0.00933125972006221,454,18,1911,1475,0.5
DAPT,MLP,72,0.1,400,TEMPLATE_OOD,6832,0.01,0.9852277040481568,0.00936768149882904,0.3818984547461369,0.25720125299994834,0.9152335206793778,0.9169112737140005,0.98,0.3155737704918033,0.47741364038972545,0.006440281030444965,1078,22,3394,2338,0.5
DAPT,MLP,72,0.1,400,DOMAIN_TEMPLATE_OOD,3708,0.01,0.9852277040481568,0.00936768149882904,0.3818984547461369,0.25720125299994834,0.8721081000366391,0.8827061579441633,0.958139534883721,0.2222222222222222,0.3607705779334501,0.009708737864077669,412,18,1836,1442,0.5
DAPT,MLP,72,0.1,400,IID_ORIGINAL,3051,0.02,0.915974795818329,0.01990632318501171,0.5298013245033113,0.25720125299994834,0.8356786661899009,0.8922158556839296,0.8817034700315457,0.5283553875236295,0.6607565011820331,0.03763171098845961,559,75,1918,499,0.3467715503113733
DAPT,MLP,72,0.1,400,IID_BALANCED,2116,0.02,0.915974795818329,0.01990632318501171,0.5298013245033113,0.25720125299994834,0.8916489762622426,0.8898856850854592,0.9239669421487603,0.5283553875236295,0.672279013830427,0.043478260869565216,559,46,1012,499,0.5
DAPT,MLP,72,0.1,400,TEMPORAL,8000,0.02,0.915974795818329,0.01990632318501171,0.5298013245033113,0.25720125299994834,0.9219385096379451,0.922202,0.9557984790874525,0.50275,0.6589121887287025,0.02325,2011,93,3907,1989,0.5
DAPT,MLP,72,0.1,400,DOMAIN_OOD,3858,0.02,0.915974795818329,0.01990632318501171,0.5298013245033113,0.25720125299994834,0.8832482522288178,0.8939772499147416,0.9297423887587822,0.41161223431829963,0.5706072583542939,0.03110419906687403,794,60,1869,1135,0.5
DAPT,MLP,72,0.1,400,TEMPLATE_OOD,6832,0.02,0.915974795818329,0.01990632318501171,0.5298013245033113,0.25720125299994834,0.9152335206793778,0.9169112737140005,0.9490263459335624,0.48507025761124123,0.6419992251065478,0.026053864168618268,1657,89,3327,1759,0.5
DAPT,MLP,72,0.1,400,DOMAIN_TEMPLATE_OOD,3708,0.02,0.915974795818329,0.01990632318501171,0.5298013245033113,0.25720125299994834,0.8721081000366391,0.8827061579441633,0.9226804123711341,0.3861920172599784,0.5444866920152092,0.032362459546925564,716,60,1794,1138,0.5
CONTRASTIVE,LOGREG,72,0.1,400,IID_ORIGINAL,3051,0.005,0.9911401084279545,0.00468384074941452,0.1368653421633554,0.01998894099961035,0.714158115630779,0.8162884841747629,0.8817204301075269,0.15500945179584122,0.26366559485530544,0.011038635223281485,164,22,1971,894,0.3467715503113733
CONTRASTIVE,LOGREG,72,0.1,400,IID_BALANCED,2116,0.005,0.9911401084279545,0.00468384074941452,0.1368653421633554,0.01998894099961035,0.8196706596953718,0.8194144174727791,0.9479768786127167,0.15500945179584122,0.26645004061738425,0.008506616257088847,164,9,1049,894,0.5
CONTRASTIVE,LOGREG,72,0.1,400,TEMPORAL,8000,0.005,0.9911401084279545,0.00468384074941452,0.1368653421633554,0.01998894099961035,0.821520760175747,0.8161858124999999,0.9510961214165261,0.141,0.24559111691704769,0.00725,564,29,3971,3436,0.5
CONTRASTIVE,LOGREG,72,0.1,400,DOMAIN_OOD,3858,0.005,0.9911401084279545,0.00468384074941452,0.1368653421633554,0.01998894099961035,0.7733443184442788,0.7760239674865179,0.9205607476635514,0.10212545360290305,0.1838544097060196,0.008812856402280975,197,17,1912,1732,0.5
CONTRASTIVE,LOGREG,72,0.1,400,TEMPLATE_OOD,6832,0.005,0.9911401084279545,0.00468384074941452,0.1368653421633554,0.01998894099961035,0.8170254753112712,0.8116944506907844,0.9517102615694165,0.13846604215456673,0.24175824175824176,0.00702576112412178,473,24,3392,2943,0.5
CONTRASTIVE,LOGREG,72,0.1,400,DOMAIN_TEMPLATE_OOD,3708,0.005,0.9911401084279545,0.00468384074941452,0.1368653421633554,0.01998894099961035,0.764440500316359,0.7670432395508588,0.918918918918919,0.09169363538295577,0.16674840608141245,0.008090614886731391,170,15,1839,1684,0.5
CONTRASTIVE,LOGREG,72,0.1,400,IID_ORIGINAL,3051,0.01,0.9863096963587565,0.00936768149882904,0.17218543046357615,0.01998894099961035,0.714158115630779,0.8162884841747629,0.8528138528138528,0.18620037807183365,0.3056633048875097,0.017059708981435023,197,34,1959,861,0.3467715503113733
CONTRASTIVE,LOGREG,72,0.1,400,IID_BALANCED,2116,0.01,0.9863096963587565,0.00936768149882904,0.17218543046357615,0.01998894099961035,0.8196706596953718,0.8194144174727791,0.9205607476635514,0.18620037807183365,0.30974842767295596,0.01606805293005671,197,17,1041,861,0.5
CONTRASTIVE,LOGREG,72,0.1,400,TEMPORAL,8000,0.01,0.9863096963587565,0.00936768149882904,0.17218543046357615,0.01998894099961035,0.821520760175747,0.8161858124999999,0.9401595744680851,0.17675,0.2975589225589226,0.01125,707,45,3955,3293,0.5
CONTRASTIVE,LOGREG,72,0.1,400,DOMAIN_OOD,3858,0.01,0.9863096963587565,0.00936768149882904,0.17218543046357615,0.01998894099961035,0.7733443184442788,0.7760239674865179,0.9070631970260223,0.12649040953862103,0.22202001819836215,0.012960082944530845,244,25,1904,1685,0.5
CONTRASTIVE,LOGREG,72,0.1,400,TEMPLATE_OOD,6832,0.01,0.9863096963587565,0.00936768149882904,0.17218543046357615,0.01998894099961035,0.8170254753112712,0.8116944506907844,0.940251572327044,0.17505854800936768,0.29516288252714706,0.011124121779859485,598,38,3378,2818,0.5
CONTRASTIVE,LOGREG,72,0.1,400,DOMAIN_TEMPLATE_OOD,3708,0.01,0.9863096963587565,0.00936768149882904,0.17218543046357615,0.01998894099961035,0.764440500316359,0.7670432395508588,0.902127659574468,0.11434735706580366,0.20296792723791288,0.012405609492988134,212,23,1831,1642,0.5
CONTRASTIVE,LOGREG,72,0.1,400,IID_ORIGINAL,3051,0.02,0.9739800696533693,0.01990632318501171,0.24503311258278146,0.01998894099961035,0.714158115630779,0.8162884841747629,0.8395061728395061,0.2570888468809074,0.39363241678726485,0.02609131961866533,272,52,1941,786,0.3467715503113733
CONTRASTIVE,LOGREG,72,0.1,400,IID_BALANCED,2116,0.02,0.9739800696533693,0.01990632318501171,0.24503311258278146,0.01998894099961035,0.8196706596953718,0.8194144174727791,0.9158249158249159,0.2570888468809074,0.4014760147601476,0.023629489603024575,272,25,1033,786,0.5
CONTRASTIVE,LOGREG,72,0.1,400,TEMPORAL,8000,0.02,0.9739800696533693,0.01990632318501171,0.24503311258278146,0.01998894099961035,0.821520760175747,0.8161858124999999,0.9252704031465093,0.23525,0.37512457644010366,0.019,941,76,3924,3059,0.5
CONTRASTIVE,LOGREG,72,0.1,400,DOMAIN_OOD,3858,0.02,0.9739800696533693,0.01990632318501171,0.24503311258278146,0.01998894099961035,0.7733443184442788,0.7760239674865179,0.8807588075880759,0.168481078278901,0.2828546562228024,0.02280974598237429,325,44,1885,1604,0.5
CONTRASTIVE,LOGREG,72,0.1,400,TEMPLATE_OOD,6832,0.02,0.9739800696533693,0.01990632318501171,0.24503311258278146,0.01998894099961035,0.8170254753112712,0.8116944506907844,0.9234393404004712,0.22950819672131148,0.3676436107854631,0.019028103044496487,784,65,3351,2632,0.5
CONTRASTIVE,LOGREG,72,0.1,400,DOMAIN_TEMPLATE_OOD,3708,0.02,0.9739800696533693,0.01990632318501171,0.24503311258278146,0.01998894099961035,0.764440500316359,0.7670432395508588,0.874251497005988,0.1574973031283711,0.26691042047531993,0.022653721682847898,292,42,1812,1562,0.5
CONTRASTIVE,XGBOOST,72,0.1,400,IID_ORIGINAL,3051,0.005,0.9850608706474305,0.00468384074941452,0.10375275938189846,2.7775558069997714,0.6994203602177599,0.797716867258467,0.928,0.10964083175803403,0.19611158072696533,0.004515805318615153,116,9,1984,942,0.3467715503113733
CONTRASTIVE,XGBOOST,72,0.1,400,IID_BALANCED,2116,0.005,0.9850608706474305,0.00468384074941452,0.10375275938189846,2.7775558069997714,0.8037611680715591,0.8010664984759203,0.9508196721311475,0.10964083175803403,0.19661016949152543,0.005671077504725898,116,6,1052,942,0.5
CONTRASTIVE,XGBOOST,72,0.1,400,TEMPORAL,8000,0.005,0.9850608706474305,0.00468384074941452,0.10375275938189846,2.7775558069997714,0.8188591472067708,0.8070685,0.9540918163672655,0.1195,0.21239724505665408,0.00575,478,23,3977,3522,0.5
CONTRASTIVE,XGBOOST,72,0.1,400,DOMAIN_OOD,3858,0.005,0.9850608706474305,0.00468384074941452,0.10375275938189846,2.7775558069997714,0.7833336128847823,0.7732521624996876,0.9378531073446328,0.08605495075168482,0.157644824311491,0.005702436495593572,166,11,1918,1763,0.5
CONTRASTIVE,XGBOOST,72,0.1,400,TEMPLATE_OOD,6832,0.005,0.9850608706474305,0.00468384074941452,0.10375275938189846,2.7775558069997714,0.8191994438126784,0.8060304106861772,0.9556650246305419,0.11358313817330211,0.2030350601779173,0.005269320843091335,388,18,3398,3028,0.5
CONTRASTIVE,XGBOOST,72,0.1,400,DOMAIN_TEMPLATE_OOD,3708,0.005,0.9850608706474305,0.00468384074941452,0.10375275938189846,2.7775558069997714,0.7761022761184407,0.7699457949167315,0.916030534351145,0.06472491909385113,0.12090680100755667,0.005933117583603021,120,11,1843,1734,0.5
CONTRASTIVE,XGBOOST,72,0.1,400,IID_ORIGINAL,3051,0.01,0.9762983322143556,0.00936768149882904,0.1434878587196468,2.7775558069997714,0.6994203602177599,0.797716867258467,0.8793103448275862,0.1446124763705104,0.2483766233766234,0.010536879076768691,153,21,1972,905,0.3467715503113733
CONTRASTIVE,XGBOOST,72,0.1,400,IID_BALANCED,2116,0.01,0.9762983322143556,0.00936768149882904,0.1434878587196468,2.7775558069997714,0.8037611680715591,0.8010664984759203,0.9272727272727272,0.1446124763705104,0.25020441537203597,0.011342155009451797,153,12,1046,905,0.5
CONTRASTIVE,XGBOOST,72,0.1,400,TEMPORAL,8000,0.01,0.9762983322143556,0.00936768149882904,0.1434878587196468,2.7775558069997714,0.8188591472067708,0.8070685,0.9445214979195562,0.17025,0.288498199533997,0.01,681,40,3960,3319,0.5
CONTRASTIVE,XGBOOST,72,0.1,400,DOMAIN_OOD,3858,0.01,0.9762983322143556,0.00936768149882904,0.1434878587196468,2.7775558069997714,0.7833336128847823,0.7732521624996876,0.9169811320754717,0.12597200622083982,0.22151321786690975,0.011404872991187144,243,22,1907,1686,0.5
CONTRASTIVE,XGBOOST,72,0.1,400,TEMPLATE_OOD,6832,0.01,0.9762983322143556,0.00936768149882904,0.1434878587196468,2.7775558069997714,0.8191994438126784,0.8060304106861772,0.9472789115646258,0.16305620608899296,0.27822177822177824,0.009074941451990632,557,31,3385,2859,0.5
CONTRASTIVE,XGBOOST,72,0.1,400,DOMAIN_TEMPLATE_OOD,3708,0.01,0.9762983322143556,0.00936768149882904,0.1434878587196468,2.7775558069997714,0.7761022761184407,0.7699457949167315,0.9004739336492891,0.10248112189859762,0.18401937046004843,0.011326860841423949,190,21,1833,1664,0.5
CONTRASTIVE,XGBOOST,72,0.1,400,IID_ORIGINAL,3051,0.02,0.9471099972724916,0.01990632318501171,0.23399558498896247,2.7775558069997714,0.6994203602177599,0.797716867258467,0.8440677966101695,0.23534971644612476,0.36807095343680707,0.02308078273958856,249,46,1947,809,0.3467715503113733
CONTRASTIVE,XGBOOST,72,0.1,400,IID_BALANCED,2116,0.02,0.9471099972724916,0.01990632318501171,0.23399558498896247,2.7775558069997714,0.8037611680715591,0.8010664984759203,0.8989169675090253,0.23534971644612476,0.37303370786516854,0.026465028355387523,249,28,1030,809,0.5
CONTRASTIVE,XGBOOST,72,0.1,400,TEMPORAL,8000,0.02,0.9471099972724916,0.01990632318501171,0.23399558498896247,2.7775558069997714,0.8188591472067708,0.8070685,0.9184514003294892,0.27875,0.42769466820099733,0.02475,1115,99,3901,2885,0.5
CONTRASTIVE,XGBOOST,72,0.1,400,DOMAIN_OOD,3858,0.02,0.9471099972724916,0.01990632318501171,0.23399558498896247,2.7775558069997714,0.7833336128847823,0.7732521624996876,0.9048672566371682,0.21202695697252463,0.34355312893742124,0.022291342664593053,409,43,1886,1520,0.5
CONTRASTIVE,XGBOOST,72,0.1,400,TEMPLATE_OOD,6832,0.02,0.9471099972724916,0.01990632318501171,0.23399558498896247,2.7775558069997714,0.8191994438126784,0.8060304106861772,0.9261133603238867,0.26785714285714285,0.41553133514986373,0.021370023419203747,915,73,3343,2501,0.5
CONTRASTIVE,XGBOOST,72,0.1,400,DOMAIN_TEMPLATE_OOD,3708,0.02,0.9471099972724916,0.01990632318501171,0.23399558498896247,2.7775558069997714,0.7761022761184407,0.7699457949167315,0.8959390862944162,0.19039913700107874,0.3140569395017794,0.022114347357065803,353,41,1813,1501,0.5
CONTRASTIVE,MLP,72,0.1,400,IID_ORIGINAL,3051,0.005,0.9990768432617189,0.00468384074941452,0.12141280353200883,0.3428704829993876,0.7493475464179592,0.8425955873914088,0.9054054054054054,0.1266540642722117,0.2222222222222222,0.007024586051179127,134,14,1979,924,0.3467715503113733
CONTRASTIVE,MLP,72,0.1,400,IID_BALANCED,2116,0.005,0.9990768432617189,0.00468384074941452,0.12141280353200883,0.3428704829993876,0.8412058068198993,0.8468880542879706,0.950354609929078,0.1266540642722117,0.22351959966638865,0.006616257088846881,134,7,1051,924,0.5
CONTRASTIVE,MLP,72,0.1,400,TEMPORAL,8000,0.005,0.9990768432617189,0.00468384074941452,0.12141280353200883,0.3428704829993876,0.834229493955926,0.82331765625,0.951310861423221,0.127,0.22408469342743714,0.0065,508,26,3974,3492,0.5
CONTRASTIVE,MLP,72,0.1,400,DOMAIN_OOD,3858,0.005,0.9990768432617189,0.00468384074941452,0.12141280353200883,0.3428704829993876,0.7925326923902565,0.788064012194437,0.9103448275862069,0.06842923794712286,0.12729026036644167,0.00673924313115604,132,13,1916,1797,0.5
CONTRASTIVE,MLP,72,0.1,400,TEMPLATE_OOD,6832,0.005,0.9990768432617189,0.00468384074941452,0.12141280353200883,0.3428704829993876,0.8342894953557086,0.8236361193227627,0.9590909090909091,0.12353629976580796,0.21887966804979253,0.005269320843091335,422,18,3398,2994,0.5
CONTRASTIVE,MLP,72,0.1,400,DOMAIN_TEMPLATE_OOD,3708,0.005,0.9990768432617189,0.00468384074941452,0.12141280353200883,0.3428704829993876,0.781608076299622,0.777585040188333,0.905511811023622,0.06202804746494067,0.11610297829379101,0.006472491909385114,115,12,1842,1739,0.5
CONTRASTIVE,MLP,72,0.1,400,IID_ORIGINAL,3051,0.01,0.9980430603027345,0.00936768149882904,0.16335540838852097,0.3428704829993876,0.7493475464179592,0.8425955873914088,0.8947368421052632,0.1767485822306238,0.2951854775059195,0.011038635223281485,187,22,1971,871,0.3467715503113733
CONTRASTIVE,MLP,72,0.1,400,IID_BALANCED,2116,0.01,0.9980430603027345,0.00936768149882904,0.16335540838852097,0.3428704829993876,0.8412058068198993,0.8468880542879706,0.9396984924623115,0.1767485822306238,0.2975338106603023,0.011342155009451797,187,12,1046,871,0.5
CONTRASTIVE,MLP,72,0.1,400,TEMPORAL,8000,0.01,0.9980430603027345,0.00936768149882904,0.16335540838852097,0.3428704829993876,0.834229493955926,0.82331765625,0.94579945799458,0.1745,0.2946390882228789,0.01,698,40,3960,3302,0.5
CONTRASTIVE,MLP,72,0.1,400,DOMAIN_OOD,3858,0.01,0.9980430603027345,0.00936768149882904,0.16335540838852097,0.3428704829993876,0.7925326923902565,0.788064012194437,0.9155555555555556,0.10679108346293416,0.19127205199628597,0.009849663037843442,206,19,1910,1723,0.5
CONTRASTIVE,MLP,72,0.1,400,TEMPLATE_OOD,6832,0.01,0.9980430603027345,0.00936768149882904,0.16335540838852097,0.3428704829993876,0.8342894953557086,0.8236361193227627,0.9507389162561576,0.16949648711943793,0.28770186335403725,0.008782201405152224,579,30,3386,2837,0.5
CONTRASTIVE,MLP,72,0.1,400,DOMAIN_TEMPLATE_OOD,3708,0.01,0.9980430603027345,0.00936768149882904,0.16335540838852097,0.3428704829993876,0.781608076299622,0.777585040188333,0.9207920792079208,0.10032362459546926,0.18093385214007782,0.008629989212513484,186,16,1838,1668,0.5
CONTRASTIVE,MLP,72,0.1,400,IID_ORIGINAL,3051,0.02,0.9947276711463929,0.01990632318501171,0.24724061810154527,0.3428704829993876,0.7493475464179592,0.8425955873914088,0.8932038834951457,0.2608695652173913,0.4038039502560351,0.01655795283492223,276,33,1960,782,0.3467715503113733
CONTRASTIVE,MLP,72,0.1,400,IID_BALANCED,2116,0.02,0.9947276711463929,0.01990632318501171,0.24724061810154527,0.3428704829993876,0.8412058068198993,0.8468880542879706,0.9387755102040817,0.2608695652173913,0.40828402366863903,0.017013232514177693,276,18,1040,782,0.5
CONTRASTIVE,MLP,72,0.1,400,TEMPORAL,8000,0.02,0.9947276711463929,0.01990632318501171,0.24724061810154527,0.3428704829993876,0.834229493955926,0.82331765625,0.9429695181907571,0.23975,0.38230017939007377,0.0145,959,58,3942,3041,0.5
CONTRASTIVE,MLP,72,0.1,400,DOMAIN_OOD,3858,0.02,0.9947276711463929,0.01990632318501171,0.24724061810154527,0.3428704829993876,0.7925326923902565,0.788064012194437,0.9090909090909091,0.16588906168999482,0.2805786935554581,0.01658890616899948,320,32,1897,1609,0.5
CONTRASTIVE,MLP,72,0.1,400,TEMPLATE_OOD,6832,0.02,0.9947276711463929,0.01990632318501171,0.24724061810154527,0.3428704829993876,0.8342894953557086,0.8236361193227627,0.9448441247002398,0.2306791569086651,0.3708235294117647,0.013466042154566744,788,46,3370,2628,0.5
CONTRASTIVE,MLP,72,0.1,400,DOMAIN_TEMPLATE_OOD,3708,0.02,0.9947276711463929,0.01990632318501171,0.24724061810154527,0.3428704829993876,0.781608076299622,0.777585040188333,0.9046052631578947,0.1483279395900755,0.2548656163113994,0.01564185544768069,275,29,1825,1579,0.5
BASE,LOGREG,72,0.25,1000,IID_ORIGINAL,3051,0.005,0.9989858339222909,0.00468384074941452,0.16556291390728478,0.4203024969992839,0.8698071635488769,0.9114134821592018,0.9735449735449735,0.17391304347826086,0.2951082598235766,0.002508780732563974,184,5,1988,874,0.3467715503113733
BASE,LOGREG,72,0.25,1000,IID_BALANCED,2116,0.005,0.9989858339222909,0.00468384074941452,0.16556291390728478,0.4203024969992839,0.9192824260602847,0.9118597703696028,0.989247311827957,0.17391304347826086,0.2958199356913183,0.001890359168241966,184,2,1056,874,0.5
BASE,LOGREG,72,0.25,1000,TEMPORAL,8000,0.005,0.9989858339222909,0.00468384074941452,0.16556291390728478,0.4203024969992839,0.944772042320277,0.944207,0.9889349930843707,0.17875,0.30277366080880797,0.002,715,8,3992,3285,0.5
BASE,LOGREG,72,0.25,1000,DOMAIN_OOD,3858,0.005,0.9989858339222909,0.00468384074941452,0.16556291390728478,0.4203024969992839,0.9250716547003521,0.926298581499102,0.981651376146789,0.16640746500777606,0.2845744680851064,0.003110419906687403,321,6,1923,1608,0.5
BASE,LOGREG,72,0.25,1000,TEMPLATE_OOD,6832,0.005,0.9989858339222909,0.00468384074941452,0.16556291390728478,0.4203024969992839,0.939581767222561,0.939665128010355,0.986013986013986,0.16510538641686182,0.28284854563691075,0.00234192037470726,564,8,3408,2852,0.5
BASE,LOGREG,72,0.25,1000,DOMAIN_TEMPLATE_OOD,3708,0.005,0.9989858339222909,0.00468384074941452,0.16556291390728478,0.4203024969992839,0.9203942810768461,0.9214483044328774,0.9794520547945206,0.15426105717367852,0.26654240447343897,0.003236245954692557,286,6,1848,1568,0.5
BASE,LOGREG,72,0.25,1000,IID_ORIGINAL,3051,0.01,0.9923676746324628,0.00936768149882904,0.33774834437086093,0.4203024969992839,0.8698071635488769,0.9114134821592018,0.9628482972136223,0.2939508506616257,0.4503982621288921,0.006021073758153537,311,12,1981,747,0.3467715503113733
BASE,LOGREG,72,0.25,1000,IID_BALANCED,2116,0.01,0.9923676746324628,0.00936768149882904,0.33774834437086093,0.4203024969992839,0.9192824260602847,0.9118597703696028,0.9841772151898734,0.2939508506616257,0.45269286754002913,0.004725897920604915,311,5,1053,747,0.5
BASE,LOGREG,72,0.25,1000,TEMPORAL,8000,0.01,0.9923676746324628,0.00936768149882904,0.33774834437086093,0.4203024969992839,0.944772042320277,0.944207,0.9812462189957653,0.4055,0.5738545904829294,0.00775,1622,31,3969,2378,0.5
BASE,LOGREG,72,0.25,1000,DOMAIN_OOD,3858,0.01,0.9923676746324628,0.00936768149882904,0.33774834437086093,0.4203024969992839,0.9250716547003521,0.926298581499102,0.9729032258064516,0.3908761016070503,0.5576923076923077,0.01088646967340591,754,21,1908,1175,0.5
BASE,LOGREG,72,0.25,1000,TEMPLATE_OOD,6832,0.01,0.9923676746324628,0.00936768149882904,0.33774834437086093,0.4203024969992839,0.939581767222561,0.939665128010355,0.9785867237687366,0.40134660421545665,0.5692339630475399,0.008782201405152224,1371,30,3386,2045,0.5
BASE,LOGREG,72,0.25,1000,DOMAIN_TEMPLATE_OOD,3708,0.01,0.9923676746324628,0.00936768149882904,0.33774834437086093,0.4203024969992839,0.9203942810768461,0.9214483044328774,0.9726775956284153,0.38403451995685006,0.5506573859242073,0.010787486515641856,712,20,1834,1142,0.5
BASE,LOGREG,72,0.25,1000,IID_ORIGINAL,3051,0.02,0.9624411389713359,0.01990632318501171,0.48344370860927155,0.4203024969992839,0.8698071635488769,0.9114134821592018,0.9400386847195358,0.45935727788279773,0.6171428571428571,0.015554440541896638,486,31,1962,572,0.3467715503113733
BASE,LOGREG,72,0.25,1000,IID_BALANCED,2116,0.02,0.9624411389713359,0.01990632318501171,0.48344370860927155,0.4203024969992839,0.9192824260602847,0.9118597703696028,0.9681274900398407,0.45935727788279773,0.6230769230769231,0.015122873345935728,486,16,1042,572,0.5
BASE,LOGREG,72,0.25,1000,TEMPORAL,8000,0.02,0.9624411389713359,0.01990632318501171,0.48344370860927155,0.4203024969992839,0.944772042320277,0.944207,0.9712230215827338,0.57375,0.7213578500707214,0.017,2295,68,3932,1705,0.5
BASE,LOGREG,72,0.25,1000,DOMAIN_OOD,3858,0.02,0.9624411389713359,0.01990632318501171,0.48344370860927155,0.4203024969992839,0.9250716547003521,0.926298581499102,0.9568733153638814,0.552099533437014,0.7001972386587771,0.024883359253499222,1065,48,1881,864,0.5
BASE,LOGREG,72,0.25,1000,TEMPLATE_OOD,6832,0.02,0.9624411389713359,0.01990632318501171,0.48344370860927155,0.4203024969992839,0.939581767222561,0.939665128010355,0.9673366834170855,0.5635245901639344,0.7121716611172771,0.019028103044496487,1925,65,3351,1491,0.5
BASE,LOGREG,72,0.25,1000,DOMAIN_TEMPLATE_OOD,3708,0.02,0.9624411389713359,0.01990632318501171,0.48344370860927155,0.4203024969992839,0.9203942810768461,0.9214483044328774,0.9556412729026037,0.5345199568500539,0.6855759252853684,0.02481121898597627,991,46,1808,863,0.5
BASE,XGBOOST,72,0.25,1000,IID_ORIGINAL,3051,0.005,0.9952510595321656,0.00468384074941452,0.2958057395143488,3.8373555190000843,0.8550983615104757,0.9040763655782005,0.9814241486068112,0.2996219281663516,0.45908761766835626,0.0030105368790767687,317,6,1987,741,0.3467715503113733
BASE,XGBOOST,72,0.25,1000,IID_BALANCED,2116,0.005,0.9952510595321656,0.00468384074941452,0.2958057395143488,3.8373555190000843,0.9069661263381732,0.9030878248719808,0.984472049689441,0.2996219281663516,0.45942028985507244,0.004725897920604915,317,5,1053,741,0.5
BASE,XGBOOST,72,0.25,1000,TEMPORAL,8000,0.005,0.9952510595321656,0.00468384074941452,0.2958057395143488,3.8373555190000843,0.9201493909109851,0.92200278125,0.986159169550173,0.21375,0.3513457982329977,0.003,855,12,3988,3145,0.5
BASE,XGBOOST,72,0.25,1000,DOMAIN_OOD,3858,0.005,0.9952510595321656,0.00468384074941452,0.2958057395143488,3.8373555190000843,0.8798253907739193,0.8895894992825931,0.9696969696969697,0.11612234318299637,0.2074074074074074,0.0036288232244686366,224,7,1922,1705,0.5
BASE,XGBOOST,72,0.25,1000,TEMPLATE_OOD,6832,0.005,0.9952510595321656,0.00468384074941452,0.2958057395143488,3.8373555190000843,0.9123696786644295,0.9145236341311584,0.9836734693877551,0.21165105386416863,0.34834979523006504,0.00351288056206089,723,12,3404,2693,0.5
BASE,XGBOOST,72,0.25,1000,DOMAIN_TEMPLATE_OOD,3708,0.005,0.9952510595321656,0.00468384074941452,0.2958057395143488,3.8373555190000843,0.8707785635239498,0.8813533582597586,0.9691629955947136,0.1186623516720604,0.21143680922633348,0.0037756202804746495,220,7,1847,1634,0.5
BASE,XGBOOST,72,0.25,1000,IID_ORIGINAL,3051,0.01,0.9933007955551149,0.00936768149882904,0.3200883002207506,3.8373555190000843,0.8550983615104757,0.9040763655782005,0.9829545454545454,0.3270321361058601,0.4907801418439716,0.0030105368790767687,346,6,1987,712,0.3467715503113733
BASE,XGBOOST,72,0.25,1000,IID_BALANCED,2116,0.01,0.9933007955551149,0.00936768149882904,0.3200883002207506,3.8373555190000843,0.9069661263381732,0.9030878248719808,0.9857549857549858,0.3270321361058601,0.49112845990063875,0.004725897920604915,346,5,1053,712,0.5
BASE,XGBOOST,72,0.25,1000,TEMPORAL,8000,0.01,0.9933007955551149,0.00936768149882904,0.3200883002207506,3.8373555190000843,0.9201493909109851,0.92200278125,0.9854368932038835,0.25375,0.40357852882703776,0.00375,1015,15,3985,2985,0.5
BASE,XGBOOST,72,0.25,1000,DOMAIN_OOD,3858,0.01,0.9933007955551149,0.00936768149882904,0.3200883002207506,3.8373555190000843,0.8798253907739193,0.8895894992825931,0.9692832764505119,0.1472265422498704,0.2556255625562556,0.004665629860031105,284,9,1920,1645,0.5
BASE,XGBOOST,72,0.25,1000,TEMPLATE_OOD,6832,0.01,0.9933007955551149,0.00936768149882904,0.3200883002207506,3.8373555190000843,0.9123696786644295,0.9145236341311584,0.982837528604119,0.251463700234192,0.40046620046620046,0.004391100702576112,859,15,3401,2557,0.5
BASE,XGBOOST,72,0.25,1000,DOMAIN_TEMPLATE_OOD,3708,0.01,0.9933007955551149,0.00936768149882904,0.3200883002207506,3.8373555190000843,0.8707785635239498,0.8813533582597586,0.967741935483871,0.14563106796116504,0.25316455696202533,0.0048543689320388345,270,9,1845,1584,0.5
BASE,XGBOOST,72,0.25,1000,IID_ORIGINAL,3051,0.02,0.964436173439026,0.01990632318501171,0.4746136865342163,3.8373555190000843,0.8550983615104757,0.9040763655782005,0.933206106870229,0.4621928166351607,0.618204804045512,0.017561465127947817,489,35,1958,569,0.3467715503113733
BASE,XGBOOST,72,0.25,1000,IID_BALANCED,2116,0.02,0.964436173439026,0.01990632318501171,0.4746136865342163,3.8373555190000843,0.9069661263381732,0.9030878248719808,0.9607072691552063,0.4621928166351607,0.624122527121889,0.01890359168241966,489,20,1038,569,0.5
BASE,XGBOOST,72,0.25,1000,TEMPORAL,8000,0.02,0.964436173439026,0.01990632318501171,0.4746136865342163,3.8373555190000843,0.9201493909109851,0.92200278125,0.9600622406639004,0.46275,0.6244939271255061,0.01925,1851,77,3923,2149,0.5
BASE,XGBOOST,72,0.25,1000,DOMAIN_OOD,3858,0.02,0.964436173439026,0.01990632318501171,0.4746136865342163,3.8373555190000843,0.8798253907739193,0.8895894992825931,0.9276485788113695,0.37221358216692585,0.5312615612282648,0.029030585795749093,718,56,1873,1211,0.5
BASE,XGBOOST,72,0.25,1000,TEMPLATE_OOD,6832,0.02,0.964436173439026,0.01990632318501171,0.4746136865342163,3.8373555190000843,0.9123696786644295,0.9145236341311584,0.953646477132262,0.45169789227166274,0.6130313865713151,0.021955503512880562,1543,75,3341,1873,0.5
BASE,XGBOOST,72,0.25,1000,DOMAIN_TEMPLATE_OOD,3708,0.02,0.964436173439026,0.01990632318501171,0.4746136865342163,3.8373555190000843,0.8707785635239498,0.8813533582597586,0.9219858156028369,0.3505933117583603,0.5080109417741305,0.0296655879180151,650,55,1799,1204,0.5
BASE,MLP,72,0.25,1000,IID_ORIGINAL,3051,0.005,0.994399130344391,0.00468384074941452,0.4105960264900662,0.5642582700002094,0.8710656647793592,0.9127736302009776,0.975669099756691,0.3790170132325142,0.5459496255956433,0.005017561465127948,401,10,1983,657,0.3467715503113733
BASE,MLP,72,0.25,1000,IID_BALANCED,2116,0.005,0.994399130344391,0.00468384074941452,0.4105960264900662,0.5642582700002094,0.9217646240426969,0.9135562694530108,0.9901234567901235,0.3790170132325142,0.5481886534518113,0.003780718336483932,401,4,1054,657,0.5
BASE,MLP,72,0.25,1000,TEMPORAL,8000,0.005,0.994399130344391,0.00468384074941452,0.4105960264900662,0.5642582700002094,0.9404459686642013,0.9363860312500001,0.9861660079051383,0.37425,0.5425878941645523,0.00525,1497,21,3979,2503,0.5
BASE,MLP,72,0.25,1000,DOMAIN_OOD,3858,0.005,0.994399130344391,0.00468384074941452,0.4105960264900662,0.5642582700002094,0.9119091733156228,0.9105302790267562,0.968365553602812,0.2856402280974598,0.4411529223378703,0.00933125972006221,551,18,1911,1378,0.5
BASE,MLP,72,0.25,1000,TEMPLATE_OOD,6832,0.005,0.994399130344391,0.00468384074941452,0.4105960264900662,0.5642582700002094,0.9353758454933137,0.931061304359153,0.9836065573770492,0.36885245901639346,0.5365126676602087,0.006147540983606557,1260,21,3395,2156,0.5
BASE,MLP,72,0.25,1000,DOMAIN_TEMPLATE_OOD,3708,0.005,0.994399130344391,0.00468384074941452,0.4105960264900662,0.5642582700002094,0.9041990061073157,0.9031497249598233,0.9659090909090909,0.2750809061488673,0.4282115869017632,0.009708737864077669,510,18,1836,1344,0.5
BASE,MLP,72,0.25,1000,IID_ORIGINAL,3051,0.01,0.982609510421753,0.00936768149882904,0.4922737306843267,0.5642582700002094,0.8710656647793592,0.9127736302009776,0.9530332681017613,0.4603024574669187,0.6207775653282346,0.012042147516307075,487,24,1969,571,0.3467715503113733
BASE,MLP,72,0.25,1000,IID_BALANCED,2116,0.01,0.982609510421753,0.00936768149882904,0.4922737306843267,0.5642582700002094,0.9217646240426969,0.9135562694530108,0.9779116465863453,0.4603024574669187,0.6259640102827764,0.010396975425330813,487,11,1047,571,0.5
BASE,MLP,72,0.25,1000,TEMPORAL,8000,0.01,0.982609510421753,0.00936768149882904,0.4922737306843267,0.5642582700002094,0.9404459686642013,0.9363860312500001,0.9812992125984252,0.4985,0.6611405835543767,0.0095,1994,38,3962,2006,0.5
BASE,MLP,72,0.25,1000,DOMAIN_OOD,3858,0.01,0.982609510421753,0.00936768149882904,0.4922737306843267,0.5642582700002094,0.9119091733156228,0.9105302790267562,0.9651567944250871,0.4307931570762053,0.5956989247311828,0.015552099533437015,831,30,1899,1098,0.5
BASE,MLP,72,0.25,1000,TEMPLATE_OOD,6832,0.01,0.982609510421753,0.00936768149882904,0.4922737306843267,0.5642582700002094,0.9353758454933137,0.931061304359153,0.9785008715862871,0.4929742388758782,0.6556355849717734,0.010831381733021077,1684,37,3379,1732,0.5
BASE,MLP,72,0.25,1000,DOMAIN_TEMPLATE_OOD,3708,0.01,0.982609510421753,0.00936768149882904,0.4922737306843267,0.5642582700002094,0.9041990061073157,0.9031497249598233,0.9642857142857143,0.4223300970873786,0.5873968492123031,0.01564185544768069,783,29,1825,1071,0.5
BASE,MLP,72,0.25,1000,IID_ORIGINAL,3051,0.02,0.938300132751465,0.01990632318501171,0.5761589403973509,0.5642582700002094,0.8710656647793592,0.9127736302009776,0.9244992295839753,0.5671077504725898,0.70298769771529,0.024586051179126944,600,49,1944,458,0.3467715503113733
BASE,MLP,72,0.25,1000,IID_BALANCED,2116,0.02,0.938300132751465,0.01990632318501171,0.5761589403973509,0.5642582700002094,0.9217646240426969,0.9135562694530108,0.96,0.5671077504725898,0.7130124777183601,0.023629489603024575,600,25,1033,458,0.5
BASE,MLP,72,0.25,1000,TEMPORAL,8000,0.02,0.938300132751465,0.01990632318501171,0.5761589403973509,0.5642582700002094,0.9404459686642013,0.9363860312500001,0.9660481642321358,0.61175,0.7491198530537272,0.0215,2447,86,3914,1553,0.5
BASE,MLP,72,0.25,1000,DOMAIN_OOD,3858,0.02,0.938300132751465,0.01990632318501171,0.5761589403973509,0.5642582700002094,0.9119091733156228,0.9105302790267562,0.9459698848538529,0.5536547433903577,0.6984957488554611,0.03162260238465526,1068,61,1868,861,0.5
BASE,MLP,72,0.25,1000,TEMPLATE_OOD,6832,0.02,0.938300132751465,0.01990632318501171,0.5761589403973509,0.5642582700002094,0.9353758454933137,0.931061304359153,0.9621749408983451,0.5957259953161592,0.7358524679081541,0.0234192037470726,2035,80,3336,1381,0.5
BASE,MLP,72,0.25,1000,DOMAIN_TEMPLATE_OOD,3708,0.02,0.938300132751465,0.01990632318501171,0.5761589403973509,0.5642582700002094,0.9041990061073157,0.9031497249598233,0.944390243902439,0.5221143473570659,0.6724557137895103,0.030744336569579287,968,57,1797,886,0.5
DAPT,LOGREG,72,0.25,1000,IID_ORIGINAL,3051,0.005,0.9977443476658041,0.00468384074941452,0.18543046357615894,0.4573010619997149,0.8689076283521502,0.9067425971998403,0.9944444444444445,0.16918714555765596,0.28917609046849757,0.0005017561465127947,179,1,1992,879,0.3467715503113733
DAPT,LOGREG,72,0.25,1000,IID_BALANCED,2116,0.005,0.9977443476658041,0.00468384074941452,0.18543046357615894,0.4573010619997149,0.9167264134885829,0.9069694933908898,1.0,0.16918714555765596,0.28940986257073564,0.0,179,0,1058,879,0.5
DAPT,LOGREG,72,0.25,1000,TEMPORAL,8000,0.005,0.9977443476658041,0.00468384074941452,0.18543046357615894,0.4573010619997149,0.939561744848182,0.94104925,0.9810126582278481,0.155,0.26770293609671847,0.003,620,12,3988,3380,0.5
DAPT,LOGREG,72,0.25,1000,DOMAIN_OOD,3858,0.005,0.9977443476658041,0.00468384074941452,0.18543046357615894,0.4573010619997149,0.9134673400235803,0.9218232209749906,0.967479674796748,0.12337998963193364,0.2188505747126437,0.00414722654224987,238,8,1921,1691,0.5
DAPT,LOGREG,72,0.25,1000,TEMPLATE_OOD,6832,0.005,0.9977443476658041,0.00468384074941452,0.18543046357615894,0.4573010619997149,0.9338931499474105,0.9367324143443994,0.9763313609467456,0.1449063231850117,0.2523578893703798,0.00351288056206089,495,12,3404,2921,0.5
DAPT,LOGREG,72,0.25,1000,DOMAIN_TEMPLATE_OOD,3708,0.005,0.9977443476658041,0.00468384074941452,0.18543046357615894,0.4573010619997149,0.9049071300453214,0.9140250707237855,0.9620853080568721,0.10949298813376483,0.19661016949152543,0.004314994606256742,203,8,1846,1651,0.5
DAPT,LOGREG,72,0.25,1000,IID_ORIGINAL,3051,0.01,0.9932118141638901,0.00936768149882904,0.304635761589404,0.4573010619997149,0.8689076283521502,0.9067425971998403,0.9821428571428571,0.2599243856332703,0.4110612855007474,0.002508780732563974,275,5,1988,783,0.3467715503113733
DAPT,LOGREG,72,0.25,1000,IID_BALANCED,2116,0.01,0.9932118141638901,0.00936768149882904,0.304635761589404,0.4573010619997149,0.9167264134885829,0.9069694933908898,0.9892086330935251,0.2599243856332703,0.4116766467065868,0.002835538752362949,275,3,1055,783,0.5
DAPT,LOGREG,72,0.25,1000,TEMPORAL,8000,0.01,0.9932118141638901,0.00936768149882904,0.304635761589404,0.4573010619997149,0.939561744848182,0.94104925,0.9839142091152815,0.27525,0.4301621410431725,0.0045,1101,18,3982,2899,0.5
DAPT,LOGREG,72,0.25,1000,DOMAIN_OOD,3858,0.01,0.9932118141638901,0.00936768149882904,0.304635761589404,0.4573010619997149,0.9134673400235803,0.9218232209749906,0.9694835680751174,0.21410057024364956,0.35074309978768575,0.00673924313115604,413,13,1916,1516,0.5
DAPT,LOGREG,72,0.25,1000,TEMPLATE_OOD,6832,0.01,0.9932118141638901,0.00936768149882904,0.304635761589404,0.4573010619997149,0.9338931499474105,0.9367324143443994,0.9800664451827242,0.2590749414519906,0.40981708728872424,0.005269320843091335,885,18,3398,2531,0.5
DAPT,LOGREG,72,0.25,1000,DOMAIN_TEMPLATE_OOD,3708,0.01,0.9932118141638901,0.00936768149882904,0.304635761589404,0.4573010619997149,0.9049071300453214,0.9140250707237855,0.9644808743169399,0.19039913700107874,0.31801801801801804,0.007011866235167206,353,13,1841,1501,0.5
DAPT,LOGREG,72,0.25,1000,IID_ORIGINAL,3051,0.02,0.9514523228218228,0.01990632318501171,0.5474613686534217,0.4573010619997149,0.8689076283521502,0.9067425971998403,0.9478260869565217,0.5151228733459358,0.6674831598285365,0.015052684395383844,545,30,1963,513,0.3467715503113733
DAPT,LOGREG,72,0.25,1000,IID_BALANCED,2116,0.02,0.9514523228218228,0.01990632318501171,0.5474613686534217,0.4573010619997149,0.9167264134885829,0.9069694933908898,0.9697508896797153,0.5151228733459358,0.6728395061728395,0.01606805293005671,545,17,1041,513,0.5
DAPT,LOGREG,72,0.25,1000,TEMPORAL,8000,0.02,0.9514523228218228,0.01990632318501171,0.5474613686534217,0.4573010619997149,0.939561744848182,0.94104925,0.974090682610862,0.48875,0.650907274846013,0.013,1955,52,3948,2045,0.5
DAPT,LOGREG,72,0.25,1000,DOMAIN_OOD,3858,0.02,0.9514523228218228,0.01990632318501171,0.5474613686534217,0.4573010619997149,0.9134673400235803,0.9218232209749906,0.9567827130852341,0.4131674442716433,0.5771180304127443,0.01866251944012442,797,36,1893,1132,0.5
DAPT,LOGREG,72,0.25,1000,TEMPLATE_OOD,6832,0.02,0.9514523228218228,0.01990632318501171,0.5474613686534217,0.4573010619997149,0.9338931499474105,0.9367324143443994,0.9695863746958637,0.46662763466042156,0.6300395256916996,0.014637002341920375,1594,50,3366,1822,0.5
DAPT,LOGREG,72,0.25,1000,DOMAIN_TEMPLATE_OOD,3708,0.02,0.9514523228218228,0.01990632318501171,0.5474613686534217,0.4573010619997149,0.9049071300453214,0.9140250707237855,0.9510869565217391,0.3775620280474649,0.5405405405405406,0.019417475728155338,700,36,1818,1154,0.5
DAPT,XGBOOST,72,0.25,1000,IID_ORIGINAL,3051,0.005,0.9956238865852357,0.00468384074941452,0.2869757174392936,3.5338428320001185,0.8506150353210512,0.8986049471828145,0.9735973597359736,0.27882797731569,0.43350477590007347,0.004014049172102358,295,8,1985,763,0.3467715503113733
DAPT,XGBOOST,72,0.25,1000,IID_BALANCED,2116,0.005,0.9956238865852357,0.00468384074941452,0.2869757174392936,3.5338428320001185,0.9021704773399443,0.8962786010627463,0.9800664451827242,0.27882797731569,0.43414275202354674,0.005671077504725898,295,6,1052,763,0.5
DAPT,XGBOOST,72,0.25,1000,TEMPORAL,8000,0.005,0.9956238865852357,0.00468384074941452,0.2869757174392936,3.5338428320001185,0.9194809938092624,0.9179341250000002,0.9904076738609112,0.2065,0.341745966073645,0.002,826,8,3992,3174,0.5
DAPT,XGBOOST,72,0.25,1000,DOMAIN_OOD,3858,0.005,0.9956238865852357,0.00468384074941452,0.2869757174392936,3.5338428320001185,0.8809007146887394,0.8916717122977145,0.9734848484848485,0.1332296526697771,0.23438212494300045,0.0036288232244686366,257,7,1922,1672,0.5
DAPT,XGBOOST,72,0.25,1000,TEMPLATE_OOD,6832,0.005,0.9956238865852357,0.00468384074941452,0.2869757174392936,3.5338428320001185,0.9149316622633499,0.9144481781559709,0.9884393063583815,0.20023419203747073,0.3330087633885102,0.00234192037470726,684,8,3408,2732,0.5
DAPT,XGBOOST,72,0.25,1000,DOMAIN_TEMPLATE_OOD,3708,0.005,0.9956238865852357,0.00468384074941452,0.2869757174392936,3.5338428320001185,0.8687326700830855,0.8802673364916115,0.9704641350210971,0.12405609492988134,0.21999043519846964,0.0037756202804746495,230,7,1847,1624,0.5
DAPT,XGBOOST,72,0.25,1000,IID_ORIGINAL,3051,0.01,0.9907273054122926,0.00936768149882904,0.4083885209713024,3.5338428320001185,0.8506150353210512,0.8986049471828145,0.9623529411764706,0.38657844990548207,0.5515846257585975,0.008028098344204716,409,16,1977,649,0.3467715503113733
DAPT,XGBOOST,72,0.25,1000,IID_BALANCED,2116,0.01,0.9907273054122926,0.00936768149882904,0.4083885209713024,3.5338428320001185,0.9021704773399443,0.8962786010627463,0.9714964370546318,0.38657844990548207,0.5530764029749831,0.011342155009451797,409,12,1046,649,0.5
DAPT,XGBOOST,72,0.25,1000,TEMPORAL,8000,0.01,0.9907273054122926,0.00936768149882904,0.4083885209713024,3.5338428320001185,0.9194809938092624,0.9179341250000002,0.9796999117387467,0.2775,0.4324956165984804,0.00575,1110,23,3977,2890,0.5
DAPT,XGBOOST,72,0.25,1000,DOMAIN_OOD,3858,0.01,0.9907273054122926,0.00936768149882904,0.4083885209713024,3.5338428320001185,0.8809007146887394,0.8916717122977145,0.9438502673796791,0.18299637117677553,0.3065566652192792,0.01088646967340591,353,21,1908,1576,0.5
DAPT,XGBOOST,72,0.25,1000,TEMPLATE_OOD,6832,0.01,0.9907273054122926,0.00936768149882904,0.4083885209713024,3.5338428320001185,0.9149316622633499,0.9144481781559709,0.9763694951664876,0.2661007025761124,0.41821946169772256,0.006440281030444965,909,22,3394,2507,0.5
DAPT,XGBOOST,72,0.25,1000,DOMAIN_TEMPLATE_OOD,3708,0.01,0.9907273054122926,0.00936768149882904,0.4083885209713024,3.5338428320001185,0.8687326700830855,0.8802673364916115,0.9380804953560371,0.1634304207119741,0.27836472209462565,0.010787486515641856,303,20,1834,1551,0.5
DAPT,XGBOOST,72,0.25,1000,IID_ORIGINAL,3051,0.02,0.974614441394806,0.01990632318501171,0.4922737306843267,3.5338428320001185,0.8506150353210512,0.8986049471828145,0.930841121495327,0.4706994328922495,0.6252354048964218,0.018564977420973405,498,37,1956,560,0.3467715503113733
DAPT,XGBOOST,72,0.25,1000,IID_BALANCED,2116,0.02,0.974614441394806,0.01990632318501171,0.4922737306843267,3.5338428320001185,0.9021704773399443,0.8962786010627463,0.9521988527724665,0.4706994328922495,0.6299810246679317,0.023629489603024575,498,25,1033,560,0.5
DAPT,XGBOOST,72,0.25,1000,TEMPORAL,8000,0.02,0.974614441394806,0.01990632318501171,0.4922737306843267,3.5338428320001185,0.9194809938092624,0.9179341250000002,0.9689873417721518,0.38275,0.5487455197132617,0.01225,1531,49,3951,2469,0.5
DAPT,XGBOOST,72,0.25,1000,DOMAIN_OOD,3858,0.02,0.974614441394806,0.01990632318501171,0.4922737306843267,3.5338428320001185,0.8809007146887394,0.8916717122977145,0.9256637168141593,0.2711249351995853,0.4194065757818765,0.02177293934681182,523,42,1887,1406,0.5
DAPT,XGBOOST,72,0.25,1000,TEMPLATE_OOD,6832,0.02,0.974614441394806,0.01990632318501171,0.4922737306843267,3.5338428320001185,0.9149316622633499,0.9144481781559709,0.9656488549618321,0.3703161592505855,0.5353364367329666,0.013173302107728338,1265,45,3371,2151,0.5
DAPT,XGBOOST,72,0.25,1000,DOMAIN_TEMPLATE_OOD,3708,0.02,0.974614441394806,0.01990632318501171,0.4922737306843267,3.5338428320001185,0.8687326700830855,0.8802673364916115,0.920388349514563,0.255663430420712,0.4001688476150274,0.022114347357065803,474,41,1813,1380,0.5
DAPT,MLP,72,0.25,1000,IID_ORIGINAL,3051,0.005,0.9796397089958192,0.00468384074941452,0.39072847682119205,0.5157533410001633,0.8579316103592832,0.9028196039635891,0.9770408163265306,0.3620037807183365,0.5282758620689655,0.004515805318615153,383,9,1984,675,0.3467715503113733
DAPT,MLP,72,0.25,1000,IID_BALANCED,2116,0.005,0.9796397089958192,0.00468384074941452,0.39072847682119205,0.5157533410001633,0.908157898094238,0.9015110366243688,0.9845758354755784,0.3620037807183365,0.5293711126468555,0.005671077504725898,383,6,1052,675,0.5
DAPT,MLP,72,0.25,1000,TEMPORAL,8000,0.005,0.9796397089958192,0.00468384074941452,0.39072847682119205,0.5157533410001633,0.9386520149561229,0.9368723124999999,0.9885714285714285,0.346,0.5125925925925926,0.004,1384,16,3984,2616,0.5
DAPT,MLP,72,0.25,1000,DOMAIN_OOD,3858,0.005,0.9796397089958192,0.00468384074941452,0.39072847682119205,0.5157533410001633,0.906808964017693,0.9129208734867473,0.9755011135857461,0.22706065318818042,0.368376787216148,0.005702436495593572,438,11,1918,1491,0.5
DAPT,MLP,72,0.25,1000,TEMPLATE_OOD,6832,0.005,0.9796397089958192,0.00468384074941452,0.39072847682119205,0.5157533410001633,0.9331810867838117,0.9319745316159251,0.9871134020618557,0.3363583138173302,0.5017467248908297,0.004391100702576112,1149,15,3401,2267,0.5
DAPT,MLP,72,0.25,1000,DOMAIN_TEMPLATE_OOD,3708,0.005,0.9796397089958192,0.00468384074941452,0.39072847682119205,0.5157533410001633,0.8972413665739544,0.9042095635082721,0.9729064039408867,0.21305285868392665,0.3495575221238938,0.005933117583603021,395,11,1843,1459,0.5
DAPT,MLP,72,0.25,1000,IID_ORIGINAL,3051,0.01,0.967296600341797,0.00936768149882904,0.4746136865342163,0.5157533410001633,0.8579316103592832,0.9028196039635891,0.958984375,0.46408317580340264,0.6254777070063694,0.010536879076768691,491,21,1972,567,0.3467715503113733
DAPT,MLP,72,0.25,1000,IID_BALANCED,2116,0.01,0.967296600341797,0.00936768149882904,0.4746136865342163,0.5157533410001633,0.908157898094238,0.9015110366243688,0.9722772277227723,0.46408317580340264,0.6282789507357646,0.013232514177693762,491,14,1044,567,0.5
DAPT,MLP,72,0.25,1000,TEMPORAL,8000,0.01,0.967296600341797,0.00936768149882904,0.4746136865342163,0.5157533410001633,0.9386520149561229,0.9368723124999999,0.9842171717171717,0.38975,0.5583810888252149,0.00625,1559,25,3975,2441,0.5
DAPT,MLP,72,0.25,1000,DOMAIN_OOD,3858,0.01,0.967296600341797,0.00936768149882904,0.4746136865342163,0.5157533410001633,0.906808964017693,0.9129208734867473,0.9657657657657658,0.27786417833074134,0.43156199677938806,0.009849663037843442,536,19,1910,1393,0.5
DAPT,MLP,72,0.25,1000,TEMPLATE_OOD,6832,0.01,0.967296600341797,0.00936768149882904,0.4746136865342163,0.5157533410001633,0.9331810867838117,0.9319745316159251,0.9815526518063028,0.37382903981264637,0.5414458342166631,0.00702576112412178,1277,24,3392,2139,0.5
DAPT,MLP,72,0.25,1000,DOMAIN_TEMPLATE_OOD,3708,0.01,0.967296600341797,0.00936768149882904,0.4746136865342163,0.5157533410001633,0.8972413665739544,0.9042095635082721,0.9608247422680413,0.2513484358144552,0.39846088071825564,0.010248112189859764,466,19,1835,1388,0.5
DAPT,MLP,72,0.25,1000,IID_ORIGINAL,3051,0.02,0.93802148103714,0.01990632318501171,0.5342163355408388,0.5157533410001633,0.8579316103592832,0.9028196039635891,0.9254237288135593,0.5160680529300568,0.662621359223301,0.02207727044656297,546,44,1949,512,0.3467715503113733
DAPT,MLP,72,0.25,1000,IID_BALANCED,2116,0.02,0.93802148103714,0.01990632318501171,0.5342163355408388,0.5157533410001633,0.908157898094238,0.9015110366243688,0.9479166666666666,0.5160680529300568,0.6682986536107711,0.02835538752362949,546,30,1028,512,0.5
DAPT,MLP,72,0.25,1000,TEMPORAL,8000,0.02,0.93802148103714,0.01990632318501171,0.5342163355408388,0.5157533410001633,0.9386520149561229,0.9368723124999999,0.9754475703324809,0.47675,0.6404701931150294,0.012,1907,48,3952,2093,0.5
DAPT,MLP,72,0.25,1000,DOMAIN_OOD,3858,0.02,0.93802148103714,0.01990632318501171,0.5342163355408388,0.5157533410001633,0.906808964017693,0.9129208734867473,0.9584954604409858,0.3831000518403318,0.5474074074074075,0.01658890616899948,739,32,1897,1190,0.5
DAPT,MLP,72,0.25,1000,TEMPLATE_OOD,6832,0.02,0.93802148103714,0.01990632318501171,0.5342163355408388,0.5157533410001633,0.9331810867838117,0.9319745316159251,0.9718574108818011,0.45491803278688525,0.619740777666999,0.013173302107728338,1554,45,3371,1862,0.5
DAPT,MLP,72,0.25,1000,DOMAIN_TEMPLATE_OOD,3708,0.02,0.93802148103714,0.01990632318501171,0.5342163355408388,0.5157533410001633,0.8972413665739544,0.9042095635082721,0.9528718703976435,0.348975188781014,0.5108566916699566,0.017259978425026967,647,32,1822,1207,0.5
CONTRASTIVE,LOGREG,72,0.25,1000,IID_ORIGINAL,3051,0.005,0.9946551509309843,0.00468384074941452,0.16997792494481237,0.29947061099937855,0.7717363743621909,0.8533572608098097,0.9082125603864735,0.1776937618147448,0.2972332015810277,0.009533366783743101,188,19,1974,870,0.3467715503113733
CONTRASTIVE,LOGREG,72,0.25,1000,IID_BALANCED,2116,0.005,0.9946551509309843,0.00468384074941452,0.16997792494481237,0.29947061099937855,0.8552571793218275,0.854054623875701,0.9543147208121827,0.1776937618147448,0.299601593625498,0.008506616257088847,188,9,1049,870,0.5
CONTRASTIVE,LOGREG,72,0.25,1000,TEMPORAL,8000,0.005,0.9946551509309843,0.00468384074941452,0.16997792494481237,0.29947061099937855,0.8777443194767145,0.8701076249999999,0.9663760896637609,0.194,0.3231313762231938,0.00675,776,27,3973,3224,0.5
CONTRASTIVE,LOGREG,72,0.25,1000,DOMAIN_OOD,3858,0.005,0.9946551509309843,0.00468384074941452,0.16997792494481237,0.29947061099937855,0.8437344968059506,0.8392702472238278,0.9488817891373802,0.15396578538102643,0.2649420160570919,0.00829445308449974,297,16,1913,1632,0.5
CONTRASTIVE,LOGREG,72,0.25,1000,TEMPLATE_OOD,6832,0.005,0.9946551509309843,0.00468384074941452,0.16997792494481237,0.29947061099937855,0.8754429136881272,0.8676271670990352,0.9663608562691132,0.18501170960187355,0.31056511056511055,0.006440281030444965,632,22,3394,2784,0.5
CONTRASTIVE,LOGREG,72,0.25,1000,DOMAIN_TEMPLATE_OOD,3708,0.005,0.9946551509309843,0.00468384074941452,0.16997792494481237,0.29947061099937855,0.8358664718708799,0.832232183482694,0.9429657794676806,0.133764832793959,0.23429381199811053,0.008090614886731391,248,15,1839,1606,0.5
CONTRASTIVE,LOGREG,72,0.25,1000,IID_ORIGINAL,3051,0.01,0.9899672384209544,0.00936768149882904,0.23178807947019867,0.29947061099937855,0.7717363743621909,0.8533572608098097,0.9059233449477352,0.24574669187145556,0.38661710037174724,0.013547415955845458,260,27,1966,798,0.3467715503113733
CONTRASTIVE,LOGREG,72,0.25,1000,IID_BALANCED,2116,0.01,0.9899672384209544,0.00936768149882904,0.23178807947019867,0.29947061099937855,0.8552571793218275,0.854054623875701,0.9558823529411765,0.24574669187145556,0.39097744360902253,0.011342155009451797,260,12,1046,798,0.5
CONTRASTIVE,LOGREG,72,0.25,1000,TEMPORAL,8000,0.01,0.9899672384209544,0.00936768149882904,0.23178807947019867,0.29947061099937855,0.8777443194767145,0.8701076249999999,0.9662487945998072,0.2505,0.3978558665872543,0.00875,1002,35,3965,2998,0.5
CONTRASTIVE,LOGREG,72,0.25,1000,DOMAIN_OOD,3858,0.01,0.9899672384209544,0.00936768149882904,0.23178807947019867,0.29947061099937855,0.8437344968059506,0.8392702472238278,0.9528535980148883,0.19906687402799378,0.3293310463121784,0.009849663037843442,384,19,1910,1545,0.5
CONTRASTIVE,LOGREG,72,0.25,1000,TEMPLATE_OOD,6832,0.01,0.9899672384209544,0.00936768149882904,0.23178807947019867,0.29947061099937855,0.8754429136881272,0.8676271670990352,0.9688622754491018,0.23682669789227168,0.380616325570454,0.007611241217798595,809,26,3390,2607,0.5
CONTRASTIVE,LOGREG,72,0.25,1000,DOMAIN_TEMPLATE_OOD,3708,0.01,0.9899672384209544,0.00936768149882904,0.23178807947019867,0.29947061099937855,0.8358664718708799,0.832232183482694,0.9472140762463344,0.17421790722761596,0.29430523917995444,0.009708737864077669,323,18,1836,1531,0.5
CONTRASTIVE,LOGREG,72,0.25,1000,IID_ORIGINAL,3051,0.02,0.977435640060187,0.01990632318501171,0.31346578366445915,0.29947061099937855,0.7717363743621909,0.8533572608098097,0.8771498771498771,0.33742911153119093,0.48737201365187716,0.025087807325639738,357,50,1943,701,0.3467715503113733
CONTRASTIVE,LOGREG,72,0.25,1000,IID_BALANCED,2116,0.02,0.977435640060187,0.01990632318501171,0.31346578366445915,0.29947061099937855,0.8552571793218275,0.854054623875701,0.937007874015748,0.33742911153119093,0.4961779013203614,0.022684310018903593,357,24,1034,701,0.5
CONTRASTIVE,LOGREG,72,0.25,1000,TEMPORAL,8000,0.02,0.977435640060187,0.01990632318501171,0.31346578366445915,0.29947061099937855,0.8777443194767145,0.8701076249999999,0.9542857142857143,0.334,0.4948148148148148,0.016,1336,64,3936,2664,0.5
CONTRASTIVE,LOGREG,72,0.25,1000,DOMAIN_OOD,3858,0.02,0.977435640060187,0.01990632318501171,0.31346578366445915,0.29947061099937855,0.8437344968059506,0.8392702472238278,0.9475587703435805,0.2716433385173665,0.42224012892828366,0.01503369621565578,524,29,1900,1405,0.5
CONTRASTIVE,LOGREG,72,0.25,1000,TEMPLATE_OOD,6832,0.02,0.977435640060187,0.01990632318501171,0.31346578366445915,0.29947061099937855,0.8754429136881272,0.8676271670990352,0.9575221238938053,0.3167447306791569,0.4760228772547294,0.01405152224824356,1082,48,3368,2334,0.5
CONTRASTIVE,LOGREG,72,0.25,1000,DOMAIN_TEMPLATE_OOD,3708,0.02,0.977435640060187,0.01990632318501171,0.31346578366445915,0.29947061099937855,0.8358664718708799,0.832232183482694,0.940552016985138,0.2389428263214671,0.3810752688172043,0.015102481121898598,443,28,1826,1411,0.5
CONTRASTIVE,XGBOOST,72,0.25,1000,IID_ORIGINAL,3051,0.005,0.989943027496338,0.00468384074941452,0.16997792494481237,5.492990977999398,0.7384488914314971,0.8287304241594161,0.8959276018099548,0.18714555765595464,0.3096168881939015,0.01154039136979428,198,23,1970,860,0.3467715503113733
CONTRASTIVE,XGBOOST,72,0.25,1000,IID_BALANCED,2116,0.005,0.989943027496338,0.00468384074941452,0.16997792494481237,5.492990977999398,0.8300246537362739,0.8308253615445914,0.9295774647887324,0.18714555765595464,0.31156569630212433,0.014177693761814745,198,15,1043,860,0.5
CONTRASTIVE,XGBOOST,72,0.25,1000,TEMPORAL,8000,0.005,0.989943027496338,0.00468384074941452,0.16997792494481237,5.492990977999398,0.8509640144256254,0.8379102812499999,0.967479674796748,0.1785,0.30139299282397636,0.006,714,24,3976,3286,0.5
CONTRASTIVE,XGBOOST,72,0.25,1000,DOMAIN_OOD,3858,0.005,0.989943027496338,0.00468384074941452,0.16997792494481237,5.492990977999398,0.816072292218059,0.8058027310099511,0.9484126984126984,0.12389839294971487,0.21916552040348464,0.00673924313115604,239,13,1916,1690,0.5
CONTRASTIVE,XGBOOST,72,0.25,1000,TEMPLATE_OOD,6832,0.005,0.989943027496338,0.00468384074941452,0.16997792494481237,5.492990977999398,0.8523446319499849,0.8375769642377241,0.9751655629139073,0.172423887587822,0.2930348258706468,0.004391100702576112,589,15,3401,2827,0.5
CONTRASTIVE,XGBOOST,72,0.25,1000,DOMAIN_TEMPLATE_OOD,3708,0.005,0.989943027496338,0.00468384074941452,0.16997792494481237,5.492990977999398,0.8105257348775485,0.8006910042603008,0.9481132075471698,0.10841423948220065,0.19457889641819942,0.005933117583603021,201,11,1843,1653,0.5
CONTRASTIVE,XGBOOST,72,0.25,1000,IID_ORIGINAL,3051,0.01,0.9822475314140321,0.00936768149882904,0.2229580573951435,5.492990977999398,0.7384488914314971,0.8287304241594161,0.8912280701754386,0.24007561436672967,0.37825763216679076,0.015554440541896638,254,31,1962,804,0.3467715503113733
CONTRASTIVE,XGBOOST,72,0.25,1000,IID_BALANCED,2116,0.01,0.9822475314140321,0.00936768149882904,0.2229580573951435,5.492990977999398,0.8300246537362739,0.8308253615445914,0.9304029304029304,0.24007561436672967,0.3816679188580015,0.017958412098298678,254,19,1039,804,0.5
CONTRASTIVE,XGBOOST,72,0.25,1000,TEMPORAL,8000,0.01,0.9822475314140321,0.00936768149882904,0.2229580573951435,5.492990977999398,0.8509640144256254,0.8379102812499999,0.9623389494549058,0.24275,0.38770213615492116,0.0095,971,38,3962,3029,0.5
CONTRASTIVE,XGBOOST,72,0.25,1000,DOMAIN_OOD,3858,0.01,0.9822475314140321,0.00936768149882904,0.2229580573951435,5.492990977999398,0.816072292218059,0.8058027310099511,0.9405405405405406,0.18040435458786935,0.30274032187907784,0.011404872991187144,348,22,1907,1581,0.5
CONTRASTIVE,XGBOOST,72,0.25,1000,TEMPLATE_OOD,6832,0.01,0.9822475314140321,0.00936768149882904,0.2229580573951435,5.492990977999398,0.8523446319499849,0.8375769642377241,0.9674698795180723,0.23507025761124123,0.37823834196891193,0.007903981264637002,803,27,3389,2613,0.5
CONTRASTIVE,XGBOOST,72,0.25,1000,DOMAIN_TEMPLATE_OOD,3708,0.01,0.9822475314140321,0.00936768149882904,0.2229580573951435,5.492990977999398,0.8105257348775485,0.8006910042603008,0.9396825396825397,0.15965480043149946,0.2729368372521899,0.010248112189859764,296,19,1835,1558,0.5
CONTRASTIVE,XGBOOST,72,0.25,1000,IID_ORIGINAL,3051,0.02,0.9572163820266725,0.01990632318501171,0.31346578366445915,5.492990977999398,0.7384488914314971,0.8287304241594161,0.8649289099526066,0.3449905482041588,0.49324324324324326,0.028600100351229302,365,57,1936,693,0.3467715503113733
CONTRASTIVE,XGBOOST,72,0.25,1000,IID_BALANCED,2116,0.02,0.9572163820266725,0.01990632318501171,0.31346578366445915,5.492990977999398,0.8300246537362739,0.8308253615445914,0.9193954659949622,0.3449905482041588,0.5017182130584192,0.030245746691871456,365,32,1026,693,0.5
CONTRASTIVE,XGBOOST,72,0.25,1000,TEMPORAL,8000,0.02,0.9572163820266725,0.01990632318501171,0.31346578366445915,5.492990977999398,0.8509640144256254,0.8379102812499999,0.9425363276089829,0.35675,0.5175915850562205,0.02175,1427,87,3913,2573,0.5
CONTRASTIVE,XGBOOST,72,0.25,1000,DOMAIN_OOD,3858,0.02,0.9572163820266725,0.01990632318501171,0.31346578366445915,5.492990977999398,0.816072292218059,0.8058027310099511,0.9273648648648649,0.2846034214618974,0.43554145180483933,0.022291342664593053,549,43,1886,1380,0.5
CONTRASTIVE,XGBOOST,72,0.25,1000,TEMPLATE_OOD,6832,0.02,0.9572163820266725,0.01990632318501171,0.31346578366445915,5.492990977999398,0.8523446319499849,0.8375769642377241,0.9468170829975826,0.3439695550351288,0.5046167060339274,0.019320843091334895,1175,66,3350,2241,0.5
CONTRASTIVE,XGBOOST,72,0.25,1000,DOMAIN_TEMPLATE_OOD,3708,0.02,0.9572163820266725,0.01990632318501171,0.31346578366445915,5.492990977999398,0.8105257348775485,0.8006910042603008,0.9227799227799228,0.25782092772384035,0.403035413153457,0.021574973031283712,478,40,1814,1376,0.5
CONTRASTIVE,MLP,72,0.25,1000,IID_ORIGINAL,3051,0.005,0.9998149275779725,0.00468384074941452,0.11699779249448124,0.6075498750005863,0.7720865346205507,0.8599554964113528,0.9256756756756757,0.12948960302457466,0.22719734660033167,0.0055193176116407425,137,11,1982,921,0.3467715503113733
CONTRASTIVE,MLP,72,0.25,1000,IID_BALANCED,2116,0.005,0.9998149275779725,0.00468384074941452,0.11699779249448124,0.6075498750005863,0.8560812918689858,0.8618903234336641,0.9513888888888888,0.12948960302457466,0.22795341098169716,0.006616257088846881,137,7,1051,921,0.5
CONTRASTIVE,MLP,72,0.25,1000,TEMPORAL,8000,0.005,0.9998149275779725,0.00468384074941452,0.11699779249448124,0.6075498750005863,0.8683847932890226,0.8610915625,0.9675925925925926,0.1045,0.18862815884476533,0.0035,418,14,3986,3582,0.5
CONTRASTIVE,MLP,72,0.25,1000,DOMAIN_OOD,3858,0.005,0.9998149275779725,0.00468384074941452,0.11699779249448124,0.6075498750005863,0.8308823628551516,0.8294790355709596,0.9246575342465754,0.06998444790046657,0.13012048192771083,0.005702436495593572,135,11,1918,1794,0.5
CONTRASTIVE,MLP,72,0.25,1000,TEMPLATE_OOD,6832,0.005,0.9998149275779725,0.00468384074941452,0.11699779249448124,0.6075498750005863,0.8702607291626663,0.8618042453476957,0.9660056657223796,0.09982435597189696,0.18094985407269834,0.00351288056206089,341,12,3404,3075,0.5
CONTRASTIVE,MLP,72,0.25,1000,DOMAIN_TEMPLATE_OOD,3708,0.005,0.9998149275779725,0.00468384074941452,0.11699779249448124,0.6075498750005863,0.8237199104803565,0.8215901592987087,0.9173553719008265,0.059870550161812294,0.11240506329113924,0.005393743257820928,111,10,1844,1743,0.5
CONTRASTIVE,MLP,72,0.25,1000,IID_ORIGINAL,3051,0.01,0.9975011944770814,0.00936768149882904,0.24061810154525387,0.6075498750005863,0.7720865346205507,0.8599554964113528,0.8878504672897196,0.26937618147448017,0.41334300217548947,0.01806322127446061,285,36,1957,773,0.3467715503113733
CONTRASTIVE,MLP,72,0.25,1000,IID_BALANCED,2116,0.01,0.9975011944770814,0.00936768149882904,0.24061810154525387,0.6075498750005863,0.8560812918689858,0.8618903234336641,0.9375,0.26937618147448017,0.4185022026431718,0.017958412098298678,285,19,1039,773,0.5
CONTRASTIVE,MLP,72,0.25,1000,TEMPORAL,8000,0.01,0.9975011944770814,0.00936768149882904,0.24061810154525387,0.6075498750005863,0.8683847932890226,0.8610915625,0.958904109589041,0.2625,0.41216879293424924,0.01125,1050,45,3955,2950,0.5
CONTRASTIVE,MLP,72,0.25,1000,DOMAIN_OOD,3858,0.01,0.9975011944770814,0.00936768149882904,0.24061810154525387,0.6075498750005863,0.8308823628551516,0.8294790355709596,0.9312169312169312,0.1824779678589943,0.30515821413090594,0.01347848626231208,352,26,1903,1577,0.5
CONTRASTIVE,MLP,72,0.25,1000,TEMPLATE_OOD,6832,0.01,0.9975011944770814,0.00936768149882904,0.24061810154525387,0.6075498750005863,0.8702607291626663,0.8618042453476957,0.9648127128263337,0.24882903981264637,0.3956248545496858,0.009074941451990632,850,31,3385,2566,0.5
CONTRASTIVE,MLP,72,0.25,1000,DOMAIN_TEMPLATE_OOD,3708,0.01,0.9975011944770814,0.00936768149882904,0.24061810154525387,0.6075498750005863,0.8237199104803565,0.8215901592987087,0.9307228915662651,0.16666666666666666,0.282708142726441,0.012405609492988134,309,23,1831,1545,0.5
CONTRASTIVE,MLP,72,0.25,1000,IID_ORIGINAL,3051,0.02,0.993024230003357,0.01990632318501171,0.3200883002207506,0.6075498750005863,0.7720865346205507,0.8599554964113528,0.8737864077669902,0.34026465028355385,0.4897959183673469,0.02609131961866533,360,52,1941,698,0.3467715503113733
CONTRASTIVE,MLP,72,0.25,1000,IID_BALANCED,2116,0.02,0.993024230003357,0.01990632318501171,0.3200883002207506,0.6075498750005863,0.8560812918689858,0.8618903234336641,0.9254498714652957,0.34026465028355385,0.497581202487906,0.027410207939508508,360,29,1029,698,0.5
CONTRASTIVE,MLP,72,0.25,1000,TEMPORAL,8000,0.02,0.993024230003357,0.01990632318501171,0.3200883002207506,0.6075498750005863,0.8683847932890226,0.8610915625,0.9486504279131007,0.36025,0.5221960500090597,0.0195,1441,78,3922,2559,0.5
CONTRASTIVE,MLP,72,0.25,1000,DOMAIN_OOD,3858,0.02,0.993024230003357,0.01990632318501171,0.3200883002207506,0.6075498750005863,0.8308823628551516,0.8294790355709596,0.9267461669505963,0.2820114048729912,0.43243243243243246,0.022291342664593053,544,43,1886,1385,0.5
CONTRASTIVE,MLP,72,0.25,1000,TEMPLATE_OOD,6832,0.02,0.993024230003357,0.01990632318501171,0.3200883002207506,0.6075498750005863,0.8702607291626663,0.8618042453476957,0.9570502431118314,0.3457259953161593,0.5079569892473118,0.015515222482435597,1181,53,3363,2235,0.5
CONTRASTIVE,MLP,72,0.25,1000,DOMAIN_TEMPLATE_OOD,3708,0.02,0.993024230003357,0.01990632318501171,0.3200883002207506,0.6075498750005863,0.8237199104803565,0.8215901592987087,0.9274509803921569,0.2551240560949299,0.40016920473773265,0.019956850053937433,473,37,1817,1381,0.5
BASE,LOGREG,72,1.0,4000,IID_ORIGINAL,3051,0.005,0.994125237692969,0.00468384074941452,0.3333333333333333,0.8615063549996194,0.8961567104863788,0.9208311320244674,0.987460815047022,0.29773156899810965,0.45751633986928103,0.002007024586051179,315,4,1989,743,0.3467715503113733
BASE,LOGREG,72,1.0,4000,IID_BALANCED,2116,0.005,0.994125237692969,0.00468384074941452,0.3333333333333333,0.8615063549996194,0.933757155456087,0.9207058651162625,0.9936908517350158,0.29773156899810965,0.4581818181818182,0.001890359168241966,315,2,1056,743,0.5
BASE,LOGREG,72,1.0,4000,TEMPORAL,8000,0.005,0.994125237692969,0.00468384074941452,0.3333333333333333,0.8615063549996194,0.9499098889746075,0.9445268124999998,0.99153194765204,0.322,0.4861294583883752,0.00275,1288,11,3989,2712,0.5
BASE,LOGREG,72,1.0,4000,DOMAIN_OOD,3858,0.005,0.994125237692969,0.00468384074941452,0.3333333333333333,0.8615063549996194,0.925876188699382,0.9218968562829595,0.982532751091703,0.2332814930015552,0.3770423125261835,0.00414722654224987,450,8,1921,1479,0.5
BASE,LOGREG,72,1.0,4000,TEMPLATE_OOD,6832,0.005,0.994125237692969,0.00468384074941452,0.3333333333333333,0.8615063549996194,0.9457954310921128,0.9402790594200594,0.9900090826521344,0.3190866510538642,0.4826212087668807,0.0032201405152224825,1090,11,3405,2326,0.5
BASE,LOGREG,72,1.0,4000,DOMAIN_TEMPLATE_OOD,3708,0.005,0.994125237692969,0.00468384074941452,0.3333333333333333,0.8615063549996194,0.9213074954291286,0.9175894796986951,0.9809069212410502,0.22168284789644013,0.3616366036075671,0.004314994606256742,411,8,1846,1443,0.5
BASE,LOGREG,72,1.0,4000,IID_ORIGINAL,3051,0.01,0.9726248282562786,0.00936768149882904,0.4966887417218543,0.8615063549996194,0.8961567104863788,0.9208311320244674,0.9780439121756487,0.46313799621928164,0.6286080821039127,0.0055193176116407425,490,11,1982,568,0.3467715503113733
BASE,LOGREG,72,1.0,4000,IID_BALANCED,2116,0.01,0.9726248282562786,0.00936768149882904,0.4966887417218543,0.8615063549996194,0.933757155456087,0.9207058651162625,0.9879032258064516,0.46313799621928164,0.6306306306306306,0.005671077504725898,490,6,1052,568,0.5
BASE,LOGREG,72,1.0,4000,TEMPORAL,8000,0.01,0.9726248282562786,0.00936768149882904,0.4966887417218543,0.8615063549996194,0.9499098889746075,0.9445268124999998,0.9850597609561753,0.4945,0.6584553928095872,0.0075,1978,30,3970,2022,0.5
BASE,LOGREG,72,1.0,4000,DOMAIN_OOD,3858,0.01,0.9726248282562786,0.00936768149882904,0.4966887417218543,0.8615063549996194,0.925876188699382,0.9218968562829595,0.9737827715355806,0.40435458786936235,0.5714285714285714,0.01088646967340591,780,21,1908,1149,0.5
BASE,LOGREG,72,1.0,4000,TEMPLATE_OOD,6832,0.01,0.9726248282562786,0.00936768149882904,0.4966887417218543,0.8615063549996194,0.9457954310921128,0.9402790594200594,0.984070796460177,0.4882903981264637,0.6527098415182939,0.007903981264637002,1668,27,3389,1748,0.5
BASE,LOGREG,72,1.0,4000,DOMAIN_TEMPLATE_OOD,3708,0.01,0.9726248282562786,0.00936768149882904,0.4966887417218543,0.8615063549996194,0.9213074954291286,0.9175894796986951,0.9743243243243244,0.3888888888888889,0.5558982266769468,0.010248112189859764,721,19,1835,1133,0.5
BASE,LOGREG,72,1.0,4000,IID_ORIGINAL,3051,0.02,0.9327628852203124,0.01990632318501171,0.5849889624724062,0.8615063549996194,0.8961567104863788,0.9208311320244674,0.9655737704918033,0.556710775047259,0.7062350119904077,0.010536879076768691,589,21,1972,469,0.3467715503113733
BASE,LOGREG,72,1.0,4000,IID_BALANCED,2116,0.02,0.9327628852203124,0.01990632318501171,0.5849889624724062,0.8615063549996194,0.933757155456087,0.9207058651162625,0.9767827529021559,0.556710775047259,0.7092113184828417,0.013232514177693762,589,14,1044,469,0.5
BASE,LOGREG,72,1.0,4000,TEMPORAL,8000,0.02,0.9327628852203124,0.01990632318501171,0.5849889624724062,0.8615063549996194,0.9499098889746075,0.9445268124999998,0.9769295302013423,0.58225,0.7296365914786967,0.01375,2329,55,3945,1671,0.5
BASE,LOGREG,72,1.0,4000,DOMAIN_OOD,3858,0.02,0.9327628852203124,0.01990632318501171,0.5849889624724062,0.8615063549996194,0.925876188699382,0.9218968562829595,0.9601990049751243,0.5002592016588906,0.6578050443081118,0.020736132711249352,965,40,1889,964,0.5
BASE,LOGREG,72,1.0,4000,TEMPLATE_OOD,6832,0.02,0.9327628852203124,0.01990632318501171,0.5849889624724062,0.8615063549996194,0.9457954310921128,0.9402790594200594,0.9745254745254746,0.5711358313817331,0.7201919527500923,0.014929742388758781,1951,51,3365,1465,0.5
BASE,LOGREG,72,1.0,4000,DOMAIN_TEMPLATE_OOD,3708,0.02,0.9327628852203124,0.01990632318501171,0.5849889624724062,0.8615063549996194,0.9213074954291286,0.9175894796986951,0.9596949891067538,0.47518878101402373,0.6356421356421357,0.019956850053937433,881,37,1817,973,0.5
BASE,XGBOOST,72,1.0,4000,IID_ORIGINAL,3051,0.005,0.9881691932678224,0.00468384074941452,0.45253863134657835,10.788041550999878,0.8892955810397788,0.9239953257952929,0.9889867841409692,0.42438563327032136,0.593915343915344,0.002508780732563974,449,5,1988,609,0.3467715503113733
BASE,XGBOOST,72,1.0,4000,IID_BALANCED,2116,0.005,0.9881691932678224,0.00468384074941452,0.45253863134657835,10.788041550999878,0.9304703817324338,0.9242319745855682,0.9955654101995566,0.42438563327032136,0.5950960901259112,0.001890359168241966,449,2,1056,609,0.5
BASE,XGBOOST,72,1.0,4000,TEMPORAL,8000,0.005,0.9881691932678224,0.00468384074941452,0.45253863134657835,10.788041550999878,0.9453749255893922,0.9421221562500001,0.9929577464788732,0.38775,0.5577130528586839,0.00275,1551,11,3989,2449,0.5
BASE,XGBOOST,72,1.0,4000,DOMAIN_OOD,3858,0.005,0.9881691932678224,0.00468384074941452,0.45253863134657835,10.788041550999878,0.9199436676020775,0.918286173143483,0.9875666074600356,0.288232244686366,0.4462279293739968,0.0036288232244686366,556,7,1922,1373,0.5
BASE,XGBOOST,72,1.0,4000,TEMPLATE_OOD,6832,0.005,0.9881691932678224,0.00468384074941452,0.45253863134657835,10.788041550999878,0.9396827179748242,0.936204522456658,0.9922420480993018,0.3744145199063232,0.5436769394261424,0.002927400468384075,1279,10,3406,2137,0.5
BASE,XGBOOST,72,1.0,4000,DOMAIN_TEMPLATE_OOD,3708,0.005,0.9881691932678224,0.00468384074941452,0.45253863134657835,10.788041550999878,0.9124643096248397,0.9109049037097549,0.9875518672199171,0.25674217907227614,0.4075342465753425,0.003236245954692557,476,6,1848,1378,0.5
BASE,XGBOOST,72,1.0,4000,IID_ORIGINAL,3051,0.01,0.9646029472351075,0.00936768149882904,0.5165562913907285,10.788041550999878,0.8892955810397788,0.9239953257952929,0.9739292364990689,0.4943289224952741,0.6557993730407523,0.007024586051179127,523,14,1979,535,0.3467715503113733
BASE,XGBOOST,72,1.0,4000,IID_BALANCED,2116,0.01,0.9646029472351075,0.00936768149882904,0.5165562913907285,10.788041550999878,0.9304703817324338,0.9242319745855682,0.9830827067669173,0.4943289224952741,0.6578616352201258,0.008506616257088847,523,9,1049,535,0.5
BASE,XGBOOST,72,1.0,4000,TEMPORAL,8000,0.01,0.9646029472351075,0.00936768149882904,0.5165562913907285,10.788041550999878,0.9453749255893922,0.9421221562500001,0.9874118831822759,0.49025,0.6551954560641496,0.00625,1961,25,3975,2039,0.5
BASE,XGBOOST,72,1.0,4000,DOMAIN_OOD,3858,0.01,0.9646029472351075,0.00936768149882904,0.5165562913907285,10.788041550999878,0.9199436676020775,0.918286173143483,0.9772727272727273,0.401244167962675,0.5689084895259096,0.00933125972006221,774,18,1911,1155,0.5
BASE,XGBOOST,72,1.0,4000,TEMPLATE_OOD,6832,0.01,0.9646029472351075,0.00936768149882904,0.5165562913907285,10.788041550999878,0.9396827179748242,0.936204522456658,0.9859499083689677,0.4724824355971897,0.638828418761132,0.006733021077283372,1614,23,3393,1802,0.5
BASE,XGBOOST,72,1.0,4000,DOMAIN_TEMPLATE_OOD,3708,0.01,0.9646029472351075,0.00936768149882904,0.5165562913907285,10.788041550999878,0.9124643096248397,0.9109049037097549,0.9774647887323944,0.3743257820927724,0.5413416536661466,0.008629989212513484,694,16,1838,1160,0.5
BASE,XGBOOST,72,1.0,4000,IID_ORIGINAL,3051,0.02,0.8777087330818177,0.01990632318501171,0.6004415011037527,10.788041550999878,0.8892955810397788,0.9239953257952929,0.933641975308642,0.5718336483931947,0.7092614302461899,0.021575514300050176,605,43,1950,453,0.3467715503113733
BASE,XGBOOST,72,1.0,4000,IID_BALANCED,2116,0.02,0.8777087330818177,0.01990632318501171,0.6004415011037527,10.788041550999878,0.9304703817324338,0.9242319745855682,0.9633757961783439,0.5718336483931947,0.7176749703440095,0.021739130434782608,605,23,1035,453,0.5
BASE,XGBOOST,72,1.0,4000,TEMPORAL,8000,0.02,0.8777087330818177,0.01990632318501171,0.6004415011037527,10.788041550999878,0.9453749255893922,0.9421221562500001,0.9708383961117861,0.59925,0.741072808780337,0.018,2397,72,3928,1603,0.5
BASE,XGBOOST,72,1.0,4000,DOMAIN_OOD,3858,0.02,0.8777087330818177,0.01990632318501171,0.6004415011037527,10.788041550999878,0.9199436676020775,0.918286173143483,0.9527340129749768,0.5329186106791084,0.6835106382978723,0.026438569206842923,1028,51,1878,901,0.5
BASE,XGBOOST,72,1.0,4000,TEMPLATE_OOD,6832,0.02,0.8777087330818177,0.01990632318501171,0.6004415011037527,10.788041550999878,0.9396827179748242,0.936204522456658,0.9673170731707317,0.580503512880562,0.725576289791438,0.019613583138173303,1983,67,3349,1433,0.5
BASE,XGBOOST,72,1.0,4000,DOMAIN_TEMPLATE_OOD,3708,0.02,0.8777087330818177,0.01990632318501171,0.6004415011037527,10.788041550999878,0.9124643096248397,0.9109049037097549,0.9522842639593908,0.505933117583603,0.6607960549489257,0.02535059331175836,938,47,1807,916,0.5
BASE,MLP,72,1.0,4000,IID_ORIGINAL,3051,0.005,0.9977351427078248,0.00468384074941452,0.41721854304635764,2.02159985399976,0.8933882161115583,0.9227750814049551,0.9829683698296837,0.3818525519848771,0.5500340367597005,0.0035122930255895636,404,7,1986,654,0.3467715503113733
BASE,MLP,72,1.0,4000,IID_BALANCED,2116,0.005,0.9977351427078248,0.00468384074941452,0.41721854304635764,2.02159985399976,0.9337872041589886,0.9235985791931848,0.9901960784313726,0.3818525519848771,0.5511596180081856,0.003780718336483932,404,4,1054,654,0.5
BASE,MLP,72,1.0,4000,TEMPORAL,8000,0.005,0.9977351427078248,0.00468384074941452,0.41721854304635764,2.02159985399976,0.9533543411988284,0.94774221875,0.993844049247606,0.36325,0.532039545953863,0.00225,1453,9,3991,2547,0.5
BASE,MLP,72,1.0,4000,DOMAIN_OOD,3858,0.005,0.9977351427078248,0.00468384074941452,0.41721854304635764,2.02159985399976,0.9384129244635855,0.9322211176926026,0.9906716417910447,0.27527216174183516,0.4308316430020284,0.002592016588906169,531,5,1924,1398,0.5
BASE,MLP,72,1.0,4000,TEMPLATE_OOD,6832,0.005,0.9977351427078248,0.00468384074941452,0.41721854304635764,2.02159985399976,0.9499608498549342,0.9441220009570612,0.993214588634436,0.3427985948477752,0.5096844396082698,0.00234192037470726,1171,8,3408,2245,0.5
BASE,MLP,72,1.0,4000,DOMAIN_TEMPLATE_OOD,3708,0.005,0.9977351427078248,0.00468384074941452,0.41721854304635764,2.02159985399976,0.9339594439194417,0.9281613910388221,0.9889135254988913,0.2405609492988134,0.38698481561822123,0.002696871628910464,446,5,1849,1408,0.5
BASE,MLP,72,1.0,4000,IID_ORIGINAL,3051,0.01,0.9783656597137452,0.00936768149882904,0.5408388520971302,2.02159985399976,0.8933882161115583,0.9227750814049551,0.9608177172061328,0.5330812854442344,0.6857142857142857,0.01154039136979428,564,23,1970,494,0.3467715503113733
BASE,MLP,72,1.0,4000,IID_BALANCED,2116,0.01,0.9783656597137452,0.00936768149882904,0.5408388520971302,2.02159985399976,0.9337872041589886,0.9235985791931848,0.9808695652173913,0.5330812854442344,0.6907532149418248,0.010396975425330813,564,11,1047,494,0.5
BASE,MLP,72,1.0,4000,TEMPORAL,8000,0.01,0.9783656597137452,0.00936768149882904,0.5408388520971302,2.02159985399976,0.9533543411988284,0.94774221875,0.9852430555555556,0.5675,0.7201776649746193,0.0085,2270,34,3966,1730,0.5
BASE,MLP,72,1.0,4000,DOMAIN_OOD,3858,0.01,0.9783656597137452,0.00936768149882904,0.5408388520971302,2.02159985399976,0.9384129244635855,0.9322211176926026,0.9795719844357976,0.5220321410057024,0.6810957051065268,0.01088646967340591,1007,21,1908,922,0.5
BASE,MLP,72,1.0,4000,TEMPLATE_OOD,6832,0.01,0.9783656597137452,0.00936768149882904,0.5408388520971302,2.02159985399976,0.9499608498549342,0.9441220009570612,0.9857519788918205,0.5468384074941453,0.7034456787798908,0.007903981264637002,1868,27,3389,1548,0.5
BASE,MLP,72,1.0,4000,DOMAIN_TEMPLATE_OOD,3708,0.01,0.9783656597137452,0.00936768149882904,0.5408388520971302,2.02159985399976,0.9339594439194417,0.9281613910388221,0.9803707742639041,0.4848975188781014,0.6488632262721039,0.009708737864077669,899,18,1836,955,0.5
BASE,MLP,72,1.0,4000,IID_ORIGINAL,3051,0.02,0.8664894104003907,0.01990632318501171,0.6357615894039735,2.02159985399976,0.8933882161115583,0.9227750814049551,0.9354838709677419,0.6304347826086957,0.7532467532467533,0.02308078273958856,667,46,1947,391,0.3467715503113733
BASE,MLP,72,1.0,4000,IID_BALANCED,2116,0.02,0.8664894104003907,0.01990632318501171,0.6357615894039735,2.02159985399976,0.9337872041589886,0.9235985791931848,0.9680696661828737,0.6304347826086957,0.7635947338294219,0.020793950850661626,667,22,1036,391,0.5
BASE,MLP,72,1.0,4000,TEMPORAL,8000,0.02,0.8664894104003907,0.01990632318501171,0.6357615894039735,2.02159985399976,0.9533543411988284,0.94774221875,0.9679777236338323,0.69525,0.8092536010475775,0.023,2781,92,3908,1219,0.5
BASE,MLP,72,1.0,4000,DOMAIN_OOD,3858,0.02,0.8664894104003907,0.01990632318501171,0.6357615894039735,2.02159985399976,0.9384129244635855,0.9322211176926026,0.9579646017699115,0.6734059097978227,0.7908675799086758,0.029548989113530325,1299,57,1872,630,0.5
BASE,MLP,72,1.0,4000,TEMPLATE_OOD,6832,0.02,0.8664894104003907,0.01990632318501171,0.6357615894039735,2.02159985399976,0.9499608498549342,0.9441220009570612,0.9670558798999166,0.6788641686182669,0.7977296181630547,0.023126463700234193,2319,79,3337,1097,0.5
BASE,MLP,72,1.0,4000,DOMAIN_TEMPLATE_OOD,3708,0.02,0.8664894104003907,0.01990632318501171,0.6357615894039735,2.02159985399976,0.9339594439194417,0.9281613910388221,0.9597747385358005,0.6434735706580367,0.7704229899903132,0.02696871628910464,1193,50,1804,661,0.5
DAPT,LOGREG,72,1.0,4000,IID_ORIGINAL,3051,0.005,0.9943872366658331,0.00468384074941452,0.36423841059602646,0.835912559999997,0.9007683851735581,0.9266919093955497,0.991044776119403,0.31379962192816635,0.4766690595836324,0.0015052684395383843,332,3,1990,726,0.3467715503113733
DAPT,LOGREG,72,1.0,4000,IID_BALANCED,2116,0.005,0.9943872366658331,0.00468384074941452,0.36423841059602646,0.835912559999997,0.9347312651790387,0.9251825143563666,0.991044776119403,0.31379962192816635,0.4766690595836324,0.002835538752362949,332,3,1055,726,0.5
DAPT,LOGREG,72,1.0,4000,TEMPORAL,8000,0.005,0.9943872366658331,0.00468384074941452,0.36423841059602646,0.835912559999997,0.9514064166989107,0.9466101874999999,0.9959481361426256,0.30725,0.4696217042414979,0.00125,1229,5,3995,2771,0.5
DAPT,LOGREG,72,1.0,4000,DOMAIN_OOD,3858,0.005,0.9943872366658331,0.00468384074941452,0.36423841059602646,0.835912559999997,0.9276714404979072,0.92552111089343,0.9900249376558603,0.20580611715914982,0.3407725321888412,0.002073613271124935,397,4,1925,1532,0.5
DAPT,LOGREG,72,1.0,4000,TEMPLATE_OOD,6832,0.005,0.9943872366658331,0.00468384074941452,0.36423841059602646,0.835912559999997,0.9472330428058566,0.9428487617164575,0.9950835791543756,0.2962529274004684,0.456575682382134,0.0014637002341920376,1012,5,3411,2404,0.5
DAPT,LOGREG,72,1.0,4000,DOMAIN_TEMPLATE_OOD,3708,0.005,0.9943872366658331,0.00468384074941452,0.36423841059602646,0.835912559999997,0.9220500045301339,0.9202686049231436,0.9880597014925373,0.17853290183387271,0.30242119689355873,0.002157497303128371,331,4,1850,1523,0.5
DAPT,LOGREG,72,1.0,4000,IID_ORIGINAL,3051,0.01,0.9750152409091192,0.00936768149882904,0.48344370860927155,0.835912559999997,0.9007683851735581,0.9266919093955497,0.9816326530612245,0.4546313799621928,0.6214470284237726,0.004515805318615153,481,9,1984,577,0.3467715503113733
DAPT,LOGREG,72,1.0,4000,IID_BALANCED,2116,0.01,0.9750152409091192,0.00936768149882904,0.48344370860927155,0.835912559999997,0.9347312651790387,0.9251825143563666,0.9876796714579056,0.4546313799621928,0.6226537216828479,0.005671077504725898,481,6,1052,577,0.5
DAPT,LOGREG,72,1.0,4000,TEMPORAL,8000,0.01,0.9750152409091192,0.00936768149882904,0.48344370860927155,0.835912559999997,0.9514064166989107,0.9466101874999999,0.9903900508762012,0.438,0.6073842953718148,0.00425,1752,17,3983,2248,0.5
DAPT,LOGREG,72,1.0,4000,DOMAIN_OOD,3858,0.01,0.9750152409091192,0.00936768149882904,0.48344370860927155,0.835912559999997,0.9276714404979072,0.92552111089343,0.9803625377643505,0.33644375324002074,0.5009648784253184,0.00673924313115604,649,13,1916,1280,0.5
DAPT,LOGREG,72,1.0,4000,TEMPLATE_OOD,6832,0.01,0.9750152409091192,0.00936768149882904,0.48344370860927155,0.835912559999997,0.9472330428058566,0.9428487617164575,0.9890859481582538,0.4244730679156909,0.594018844735764,0.00468384074941452,1450,16,3400,1966,0.5
DAPT,LOGREG,72,1.0,4000,DOMAIN_TEMPLATE_OOD,3708,0.01,0.9750152409091192,0.00936768149882904,0.48344370860927155,0.835912559999997,0.9220500045301339,0.9202686049231436,0.9795221843003413,0.30960086299892126,0.4704918032786885,0.006472491909385114,574,12,1842,1280,0.5
DAPT,LOGREG,72,1.0,4000,IID_ORIGINAL,3051,0.02,0.9158665337377856,0.01990632318501171,0.5695364238410596,0.835912559999997,0.9007683851735581,0.9266919093955497,0.9601990049751243,0.5472589792060492,0.6971703792895846,0.012042147516307075,579,24,1969,479,0.3467715503113733
DAPT,LOGREG,72,1.0,4000,IID_BALANCED,2116,0.02,0.9158665337377856,0.01990632318501171,0.5695364238410596,0.835912559999997,0.9347312651790387,0.9251825143563666,0.973109243697479,0.5472589792060492,0.7005444646098004,0.015122873345935728,579,16,1042,479,0.5
DAPT,LOGREG,72,1.0,4000,TEMPORAL,8000,0.02,0.9158665337377856,0.01990632318501171,0.5695364238410596,0.835912559999997,0.9514064166989107,0.9466101874999999,0.9798510731493649,0.55925,0.7120802164571065,0.0115,2237,46,3954,1763,0.5
DAPT,LOGREG,72,1.0,4000,DOMAIN_OOD,3858,0.02,0.9158665337377856,0.01990632318501171,0.5695364238410596,0.835912559999997,0.9276714404979072,0.92552111089343,0.9688172043010753,0.46708138932089166,0.6302903112976566,0.01503369621565578,901,29,1900,1028,0.5
DAPT,LOGREG,72,1.0,4000,TEMPLATE_OOD,6832,0.02,0.9158665337377856,0.01990632318501171,0.5695364238410596,0.835912559999997,0.9472330428058566,0.9428487617164575,0.9767687434002112,0.5415690866510539,0.696798493408663,0.01288056206088993,1850,44,3372,1566,0.5
DAPT,LOGREG,72,1.0,4000,DOMAIN_TEMPLATE_OOD,3708,0.02,0.9158665337377856,0.01990632318501171,0.5695364238410596,0.835912559999997,0.9220500045301339,0.9202686049231436,0.9677804295942721,0.4374325782092772,0.6025260029717682,0.014563106796116505,811,27,1827,1043,0.5
DAPT,XGBOOST,72,1.0,4000,IID_ORIGINAL,3051,0.005,0.986536204814911,0.00468384074941452,0.48344370860927155,10.202276574999814,0.8942471490556444,0.9277362071598421,0.9917864476386037,0.45652173913043476,0.625242718446602,0.002007024586051179,483,4,1989,575,0.3467715503113733
DAPT,XGBOOST,72,1.0,4000,IID_BALANCED,2116,0.005,0.986536204814911,0.00468384074941452,0.48344370860927155,10.202276574999814,0.9334226836983898,0.9275365296722067,0.9938271604938271,0.45652173913043476,0.6256476683937824,0.002835538752362949,483,3,1055,575,0.5
DAPT,XGBOOST,72,1.0,4000,TEMPORAL,8000,0.005,0.986536204814911,0.00468384074941452,0.48344370860927155,10.202276574999814,0.9448297159722747,0.9406458437499999,0.9904580152671756,0.38925,0.5588657573582196,0.00375,1557,15,3985,2443,0.5
DAPT,XGBOOST,72,1.0,4000,DOMAIN_OOD,3858,0.005,0.986536204814911,0.00468384074941452,0.48344370860927155,10.202276574999814,0.9205524382403131,0.9197885752938493,0.9802158273381295,0.28252980819077245,0.4386317907444668,0.005702436495593572,545,11,1918,1384,0.5
DAPT,XGBOOST,72,1.0,4000,TEMPLATE_OOD,6832,0.005,0.986536204814911,0.00468384074941452,0.48344370860927155,10.202276574999814,0.9409230329115832,0.9368293802000778,0.9893536121673003,0.38085480093676816,0.5499894314098499,0.004098360655737705,1301,14,3402,2115,0.5
DAPT,XGBOOST,72,1.0,4000,DOMAIN_TEMPLATE_OOD,3708,0.005,0.986536204814911,0.00468384074941452,0.48344370860927155,10.202276574999814,0.9120035379358054,0.9114535876247629,0.9777327935222672,0.2605177993527508,0.41141396933560476,0.005933117583603021,483,11,1843,1371,0.5
DAPT,XGBOOST,72,1.0,4000,IID_ORIGINAL,3051,0.01,0.9513621330261232,0.00936768149882904,0.5540838852097131,10.202276574999814,0.8942471490556444,0.9277362071598421,0.9599303135888502,0.5207939508506616,0.6752450980392157,0.01154039136979428,551,23,1970,507,0.3467715503113733
DAPT,XGBOOST,72,1.0,4000,IID_BALANCED,2116,0.01,0.9513621330261232,0.00936768149882904,0.5540838852097131,10.202276574999814,0.9334226836983898,0.9275365296722067,0.9717813051146384,0.5207939508506616,0.6781538461538461,0.015122873345935728,551,16,1042,507,0.5
DAPT,XGBOOST,72,1.0,4000,TEMPORAL,8000,0.01,0.9513621330261232,0.00936768149882904,0.5540838852097131,10.202276574999814,0.9448297159722747,0.9406458437499999,0.9817823732151649,0.4985,0.6612502072624772,0.00925,1994,37,3963,2006,0.5
DAPT,XGBOOST,72,1.0,4000,DOMAIN_OOD,3858,0.01,0.9513621330261232,0.00936768149882904,0.5540838852097131,10.202276574999814,0.9205524382403131,0.9197885752938493,0.9677819083023544,0.4048729911871436,0.570906432748538,0.01347848626231208,781,26,1903,1148,0.5
DAPT,XGBOOST,72,1.0,4000,TEMPLATE_OOD,6832,0.01,0.9513621330261232,0.00936768149882904,0.5540838852097131,10.202276574999814,0.9409230329115832,0.9368293802000778,0.9802867383512545,0.4803864168618267,0.6447937131630649,0.009660421545667448,1641,33,3383,1775,0.5
DAPT,XGBOOST,72,1.0,4000,DOMAIN_TEMPLATE_OOD,3708,0.01,0.9513621330261232,0.00936768149882904,0.5540838852097131,10.202276574999814,0.9120035379358054,0.9114535876247629,0.9645892351274787,0.3673139158576052,0.53203125,0.01348435814455232,681,25,1829,1173,0.5
DAPT,XGBOOST,72,1.0,4000,IID_ORIGINAL,3051,0.02,0.89032781124115,0.01990632318501171,0.6004415011037527,10.202276574999814,0.8942471490556444,0.9277362071598421,0.9390625,0.5680529300567108,0.7078916372202592,0.019568489713998997,601,39,1954,457,0.3467715503113733
DAPT,XGBOOST,72,1.0,4000,IID_BALANCED,2116,0.02,0.89032781124115,0.01990632318501171,0.6004415011037527,10.202276574999814,0.9334226836983898,0.9275365296722067,0.9600638977635783,0.5680529300567108,0.7137767220902613,0.023629489603024575,601,25,1033,457,0.5
DAPT,XGBOOST,72,1.0,4000,TEMPORAL,8000,0.02,0.89032781124115,0.01990632318501171,0.6004415011037527,10.202276574999814,0.9448297159722747,0.9406458437499999,0.9736273238218763,0.563,0.7134484397275463,0.01525,2252,61,3939,1748,0.5
DAPT,XGBOOST,72,1.0,4000,DOMAIN_OOD,3858,0.02,0.89032781124115,0.01990632318501171,0.6004415011037527,10.202276574999814,0.9205524382403131,0.9197885752938493,0.9573361082206036,0.4769310523587351,0.6366782006920415,0.021254536029030584,920,41,1888,1009,0.5
DAPT,XGBOOST,72,1.0,4000,TEMPLATE_OOD,6832,0.02,0.89032781124115,0.01990632318501171,0.6004415011037527,10.202276574999814,0.9409230329115832,0.9368293802000778,0.9726747241198108,0.5418618266978923,0.6959954878736605,0.01522248243559719,1851,52,3364,1565,0.5
DAPT,XGBOOST,72,1.0,4000,DOMAIN_TEMPLATE_OOD,3708,0.02,0.89032781124115,0.01990632318501171,0.6004415011037527,10.202276574999814,0.9120035379358054,0.9114535876247629,0.9537037037037037,0.4444444444444444,0.6063281824871228,0.021574973031283712,824,40,1814,1030,0.5
DAPT,MLP,72,1.0,4000,IID_ORIGINAL,3051,0.005,0.9905256032943727,0.00468384074941452,0.47902869757174393,1.9493377170001622,0.8984376816851006,0.9290702714699937,0.9759519038076152,0.4603024574669187,0.6255619781631342,0.006021073758153537,487,12,1981,571,0.3467715503113733
DAPT,MLP,72,1.0,4000,IID_BALANCED,2116,0.005,0.9905256032943727,0.00468384074941452,0.47902869757174393,1.9493377170001622,0.9344274959791016,0.9280386004909932,0.9818548387096774,0.4603024574669187,0.6267696267696268,0.008506616257088847,487,9,1049,571,0.5
DAPT,MLP,72,1.0,4000,TEMPORAL,8000,0.005,0.9905256032943727,0.00468384074941452,0.47902869757174393,1.9493377170001622,0.9525932219962845,0.949862,0.9916815210932858,0.41725,0.5873658279077951,0.0035,1669,14,3986,2331,0.5
DAPT,MLP,72,1.0,4000,DOMAIN_OOD,3858,0.005,0.9905256032943727,0.00468384074941452,0.47902869757174393,1.9493377170001622,0.9272215660435278,0.9263617358690753,0.9867768595041322,0.3094867807153966,0.4711917916337806,0.00414722654224987,597,8,1921,1332,0.5
DAPT,MLP,72,1.0,4000,TEMPLATE_OOD,6832,0.005,0.9905256032943727,0.00468384074941452,0.47902869757174393,1.9493377170001622,0.9476323346577309,0.9446291970832945,0.9912980420594634,0.400175644028103,0.5701772679874869,0.00351288056206089,1367,12,3404,2049,0.5
DAPT,MLP,72,1.0,4000,DOMAIN_TEMPLATE_OOD,3708,0.005,0.9905256032943727,0.00468384074941452,0.47902869757174393,1.9493377170001622,0.9202464015581905,0.9196230430952521,0.9847908745247148,0.27939590075512405,0.43529411764705883,0.004314994606256742,518,8,1846,1336,0.5
DAPT,MLP,72,1.0,4000,IID_ORIGINAL,3051,0.01,0.9658782482147218,0.00936768149882904,0.5518763796909493,1.9493377170001622,0.8984376816851006,0.9290702714699937,0.9616666666666667,0.5453686200378072,0.6960193003618818,0.01154039136979428,577,23,1970,481,0.3467715503113733
DAPT,MLP,72,1.0,4000,IID_BALANCED,2116,0.01,0.9658782482147218,0.00936768149882904,0.5518763796909493,1.9493377170001622,0.9344274959791016,0.9280386004909932,0.9763113367174281,0.5453686200378072,0.6998180715585203,0.013232514177693762,577,14,1044,481,0.5
DAPT,MLP,72,1.0,4000,TEMPORAL,8000,0.01,0.9658782482147218,0.00936768149882904,0.5518763796909493,1.9493377170001622,0.9525932219962845,0.949862,0.9842906234658811,0.50125,0.6642372039092265,0.008,2005,32,3968,1995,0.5
DAPT,MLP,72,1.0,4000,DOMAIN_OOD,3858,0.01,0.9658782482147218,0.00936768149882904,0.5518763796909493,1.9493377170001622,0.9272215660435278,0.9263617358690753,0.9776119402985075,0.40746500777604977,0.575192096597146,0.00933125972006221,786,18,1911,1143,0.5
DAPT,MLP,72,1.0,4000,TEMPLATE_OOD,6832,0.01,0.9658782482147218,0.00936768149882904,0.5518763796909493,1.9493377170001622,0.9476323346577309,0.9446291970832945,0.9831629585087192,0.47862997658079626,0.6438275251033668,0.00819672131147541,1635,28,3388,1781,0.5
DAPT,MLP,72,1.0,4000,DOMAIN_TEMPLATE_OOD,3708,0.01,0.9658782482147218,0.00936768149882904,0.5518763796909493,1.9493377170001622,0.9202464015581905,0.9196230430952521,0.9759887005649718,0.3727076591154261,0.5394223263075723,0.009169363538295576,691,17,1837,1163,0.5
DAPT,MLP,72,1.0,4000,IID_ORIGINAL,3051,0.02,0.8903843164443971,0.01990632318501171,0.6313465783664459,1.9493377170001622,0.8984376816851006,0.9290702714699937,0.9427312775330396,0.6068052930056711,0.738355376653249,0.019568489713998997,642,39,1954,416,0.3467715503113733
DAPT,MLP,72,1.0,4000,IID_BALANCED,2116,0.02,0.8903843164443971,0.01990632318501171,0.6313465783664459,1.9493377170001622,0.9344274959791016,0.9280386004909932,0.9683257918552036,0.6068052930056711,0.7460778617083091,0.01984877126654064,642,21,1037,416,0.5
DAPT,MLP,72,1.0,4000,TEMPORAL,8000,0.02,0.8903843164443971,0.01990632318501171,0.6313465783664459,1.9493377170001622,0.9525932219962845,0.949862,0.9719740048740861,0.59825,0.7406375735066543,0.01725,2393,69,3931,1607,0.5
DAPT,MLP,72,1.0,4000,DOMAIN_OOD,3858,0.02,0.8903843164443971,0.01990632318501171,0.6313465783664459,1.9493377170001622,0.9272215660435278,0.9263617358690753,0.95489443378119,0.5158113011923277,0.6698081454055873,0.02436495593571799,995,47,1882,934,0.5
DAPT,MLP,72,1.0,4000,TEMPLATE_OOD,6832,0.02,0.8903843164443971,0.01990632318501171,0.6313465783664459,1.9493377170001622,0.9476323346577309,0.9446291970832945,0.9693675889328063,0.5743559718969555,0.7213235294117647,0.018149882903981264,1962,62,3354,1454,0.5
DAPT,MLP,72,1.0,4000,DOMAIN_TEMPLATE_OOD,3708,0.02,0.8903843164443971,0.01990632318501171,0.6313465783664459,1.9493377170001622,0.9202464015581905,0.9196230430952521,0.953241232731137,0.48381877022653724,0.641860465116279,0.023732470334412083,897,44,1810,957,0.5
CONTRASTIVE,LOGREG,72,1.0,4000,IID_ORIGINAL,3051,0.005,0.9909853386121262,0.00468384074941452,0.27593818984547464,0.6040493159998732,0.8033348806848571,0.8628427283772978,0.9442724458204335,0.2882797731568998,0.44170890658942796,0.009031610637230306,305,18,1975,753,0.3467715503113733
CONTRASTIVE,LOGREG,72,1.0,4000,IID_BALANCED,2116,0.005,0.9909853386121262,0.00468384074941452,0.27593818984547464,0.6040493159998732,0.870083670050985,0.8628926783423443,0.9561128526645768,0.2882797731568998,0.4429920116194626,0.013232514177693762,305,14,1044,753,0.5
CONTRASTIVE,LOGREG,72,1.0,4000,TEMPORAL,8000,0.005,0.9909853386121262,0.00468384074941452,0.27593818984547464,0.6040493159998732,0.8914912735945059,0.882427625,0.9732673267326732,0.24575,0.39241516966067863,0.00675,983,27,3973,3017,0.5
CONTRASTIVE,LOGREG,72,1.0,4000,DOMAIN_OOD,3858,0.005,0.9909853386121262,0.00468384074941452,0.27593818984547464,0.6040493159998732,0.8583016170848797,0.8466668332867067,0.9666666666666667,0.19543805080352514,0.32514014661492024,0.00673924313115604,377,13,1916,1552,0.5
CONTRASTIVE,LOGREG,72,1.0,4000,TEMPLATE_OOD,6832,0.005,0.9909853386121262,0.00468384074941452,0.27593818984547464,0.6040493159998732,0.890505382370871,0.8807785308425977,0.9754901960784313,0.23302107728337237,0.3761814744801512,0.00585480093676815,796,20,3396,2620,0.5
CONTRASTIVE,LOGREG,72,1.0,4000,DOMAIN_TEMPLATE_OOD,3708,0.005,0.9909853386121262,0.00468384074941452,0.27593818984547464,0.6040493159998732,0.8533993984828314,0.8423496704987263,0.9654178674351584,0.18069039913700108,0.3044070876874148,0.006472491909385114,335,12,1842,1519,0.5
CONTRASTIVE,LOGREG,72,1.0,4000,IID_ORIGINAL,3051,0.01,0.9851626468324998,0.00936768149882904,0.3090507726269316,0.6040493159998732,0.8033348806848571,0.8628427283772978,0.9426229508196722,0.32608695652173914,0.4845505617977528,0.010536879076768691,345,21,1972,713,0.3467715503113733
CONTRASTIVE,LOGREG,72,1.0,4000,IID_BALANCED,2116,0.01,0.9851626468324998,0.00936768149882904,0.3090507726269316,0.6040493159998732,0.870083670050985,0.8628926783423443,0.9530386740331491,0.32608695652173914,0.4859154929577465,0.01606805293005671,345,17,1041,713,0.5
CONTRASTIVE,LOGREG,72,1.0,4000,TEMPORAL,8000,0.01,0.9851626468324998,0.00936768149882904,0.3090507726269316,0.6040493159998732,0.8914912735945059,0.882427625,0.9692946058091286,0.292,0.44879923150816525,0.00925,1168,37,3963,2832,0.5
CONTRASTIVE,LOGREG,72,1.0,4000,DOMAIN_OOD,3858,0.01,0.9851626468324998,0.00936768149882904,0.3090507726269316,0.6040493159998732,0.8583016170848797,0.8466668332867067,0.9570815450643777,0.23120787973043028,0.3724425887265136,0.010368066355624676,446,20,1909,1483,0.5
CONTRASTIVE,LOGREG,72,1.0,4000,TEMPLATE_OOD,6832,0.01,0.9851626468324998,0.00936768149882904,0.3090507726269316,0.6040493159998732,0.890505382370871,0.8807785308425977,0.9704081632653061,0.27839578454332553,0.43266606005459507,0.008489461358313818,951,29,3387,2465,0.5
CONTRASTIVE,LOGREG,72,1.0,4000,DOMAIN_TEMPLATE_OOD,3708,0.01,0.9851626468324998,0.00936768149882904,0.3090507726269316,0.6040493159998732,0.8533993984828314,0.8423496704987263,0.954653937947494,0.21574973031283712,0.3519577650681918,0.010248112189859764,400,19,1835,1454,0.5
CONTRASTIVE,LOGREG,72,1.0,4000,IID_ORIGINAL,3051,0.02,0.9553897965189567,0.01990632318501171,0.4083885209713024,0.6040493159998732,0.8033348806848571,0.8628427283772978,0.9089026915113871,0.41493383742911155,0.5697598961713173,0.02207727044656297,439,44,1949,619,0.3467715503113733
CONTRASTIVE,LOGREG,72,1.0,4000,IID_BALANCED,2116,0.02,0.9553897965189567,0.01990632318501171,0.4083885209713024,0.6040493159998732,0.870083670050985,0.8628926783423443,0.9461206896551724,0.41493383742911155,0.5768725361366623,0.023629489603024575,439,25,1033,619,0.5
CONTRASTIVE,LOGREG,72,1.0,4000,TEMPORAL,8000,0.02,0.9553897965189567,0.01990632318501171,0.4083885209713024,0.6040493159998732,0.8914912735945059,0.882427625,0.9612093553907587,0.42125,0.5857813314792282,0.017,1685,68,3932,2315,0.5
CONTRASTIVE,LOGREG,72,1.0,4000,DOMAIN_OOD,3858,0.02,0.9553897965189567,0.01990632318501171,0.4083885209713024,0.6040493159998732,0.8583016170848797,0.8466668332867067,0.9556509298998569,0.3462934162778642,0.5083713850837138,0.01607050285121825,668,31,1898,1261,0.5
CONTRASTIVE,LOGREG,72,1.0,4000,TEMPLATE_OOD,6832,0.02,0.9553897965189567,0.01990632318501171,0.4083885209713024,0.6040493159998732,0.890505382370871,0.8807785308425977,0.9642857142857143,0.4031030444964871,0.5685383980181669,0.014929742388758781,1377,51,3365,2039,0.5
CONTRASTIVE,LOGREG,72,1.0,4000,DOMAIN_TEMPLATE_OOD,3708,0.02,0.9553897965189567,0.01990632318501171,0.4083885209713024,0.6040493159998732,0.8533993984828314,0.8423496704987263,0.9541864139020537,0.325782092772384,0.4857257740249296,0.01564185544768069,604,29,1825,1250,0.5
CONTRASTIVE,XGBOOST,72,1.0,4000,IID_ORIGINAL,3051,0.005,0.983092486858368,0.00468384074941452,0.22737306843267108,13.453120692000084,0.7880616799528858,0.861530953801443,0.9222222222222223,0.23534971644612476,0.375,0.010536879076768691,249,21,1972,809,0.3467715503113733
CONTRASTIVE,XGBOOST,72,1.0,4000,IID_BALANCED,2116,0.005,0.983092486858368,0.00468384074941452,0.22737306843267108,13.453120692000084,0.8618563542723343,0.8581980481773579,0.9540229885057471,0.23534971644612476,0.3775587566338135,0.011342155009451797,249,12,1046,809,0.5
CONTRASTIVE,XGBOOST,72,1.0,4000,TEMPORAL,8000,0.005,0.983092486858368,0.00468384074941452,0.22737306843267108,13.453120692000084,0.8785852948359811,0.8633479374999999,0.9766536964980544,0.251,0.39936356404136836,0.006,1004,24,3976,2996,0.5
CONTRASTIVE,XGBOOST,72,1.0,4000,DOMAIN_OOD,3858,0.005,0.983092486858368,0.00468384074941452,0.22737306843267108,13.453120692000084,0.8397894417804294,0.8268024996230894,0.9576547231270358,0.15241057542768274,0.2629695885509839,0.00673924313115604,294,13,1916,1635,0.5
CONTRASTIVE,XGBOOST,72,1.0,4000,TEMPLATE_OOD,6832,0.005,0.983092486858368,0.00468384074941452,0.22737306843267108,13.453120692000084,0.8797064000832864,0.8636073903493136,0.977906976744186,0.2461943793911007,0.39335827876520113,0.0055620608899297425,841,19,3397,2575,0.5
CONTRASTIVE,XGBOOST,72,1.0,4000,DOMAIN_TEMPLATE_OOD,3708,0.005,0.983092486858368,0.00468384074941452,0.22737306843267108,13.453120692000084,0.8326506057645011,0.8215872500520756,0.9501915708812261,0.133764832793959,0.23451536643026005,0.007011866235167206,248,13,1841,1606,0.5
CONTRASTIVE,XGBOOST,72,1.0,4000,IID_ORIGINAL,3051,0.01,0.9633803963661195,0.00936768149882904,0.31125827814569534,13.453120692000084,0.7880616799528858,0.861530953801443,0.9007832898172323,0.32608695652173914,0.47883414295628035,0.019066733567486203,345,38,1955,713,0.3467715503113733
CONTRASTIVE,XGBOOST,72,1.0,4000,IID_BALANCED,2116,0.01,0.9633803963661195,0.00936768149882904,0.31125827814569534,13.453120692000084,0.8618563542723343,0.8581980481773579,0.9349593495934959,0.32608695652173914,0.4835318850735809,0.022684310018903593,345,24,1034,713,0.5
CONTRASTIVE,XGBOOST,72,1.0,4000,TEMPORAL,8000,0.01,0.9633803963661195,0.00936768149882904,0.31125827814569534,13.453120692000084,0.8785852948359811,0.8633479374999999,0.9622377622377623,0.344,0.5068139963167587,0.0135,1376,54,3946,2624,0.5
CONTRASTIVE,XGBOOST,72,1.0,4000,DOMAIN_OOD,3858,0.01,0.9633803963661195,0.00936768149882904,0.31125827814569534,13.453120692000084,0.8397894417804294,0.8268024996230894,0.9467213114754098,0.23950233281493002,0.3822920976417046,0.01347848626231208,462,26,1903,1467,0.5
CONTRASTIVE,XGBOOST,72,1.0,4000,TEMPLATE_OOD,6832,0.01,0.9633803963661195,0.00936768149882904,0.31125827814569534,13.453120692000084,0.8797064000832864,0.8636073903493136,0.9719864176570459,0.3351873536299766,0.49847627340008704,0.009660421545667448,1145,33,3383,2271,0.5
CONTRASTIVE,XGBOOST,72,1.0,4000,DOMAIN_TEMPLATE_OOD,3708,0.01,0.9633803963661195,0.00936768149882904,0.31125827814569534,13.453120692000084,0.8326506057645011,0.8215872500520756,0.9487179487179487,0.21952535059331177,0.3565484012264564,0.011866235167206042,407,22,1832,1447,0.5
CONTRASTIVE,XGBOOST,72,1.0,4000,IID_ORIGINAL,3051,0.02,0.9139559864997865,0.01990632318501171,0.41280353200883,13.453120692000084,0.7880616799528858,0.861530953801443,0.8821292775665399,0.43856332703213613,0.5858585858585859,0.031108881083793276,464,62,1931,594,0.3467715503113733
CONTRASTIVE,XGBOOST,72,1.0,4000,IID_BALANCED,2116,0.02,0.9139559864997865,0.01990632318501171,0.41280353200883,13.453120692000084,0.8618563542723343,0.8581980481773579,0.9206349206349206,0.43856332703213613,0.5941101152368758,0.03780718336483932,464,40,1018,594,0.5
CONTRASTIVE,XGBOOST,72,1.0,4000,TEMPORAL,8000,0.02,0.9139559864997865,0.01990632318501171,0.41280353200883,13.453120692000084,0.8785852948359811,0.8633479374999999,0.9503875968992248,0.45975,0.6197135636057287,0.024,1839,96,3904,2161,0.5
CONTRASTIVE,XGBOOST,72,1.0,4000,DOMAIN_OOD,3858,0.02,0.9139559864997865,0.01990632318501171,0.41280353200883,13.453120692000084,0.8397894417804294,0.8268024996230894,0.9442934782608695,0.3602903058579575,0.5215759849906192,0.021254536029030584,695,41,1888,1234,0.5
CONTRASTIVE,XGBOOST,72,1.0,4000,TEMPLATE_OOD,6832,0.02,0.9139559864997865,0.01990632318501171,0.41280353200883,13.453120692000084,0.8797064000832864,0.8636073903493136,0.9586206896551724,0.4475995316159251,0.6102574336459788,0.019320843091334895,1529,66,3350,1887,0.5
CONTRASTIVE,XGBOOST,72,1.0,4000,DOMAIN_TEMPLATE_OOD,3708,0.02,0.9139559864997865,0.01990632318501171,0.41280353200883,13.453120692000084,0.8326506057645011,0.8215872500520756,0.9442771084337349,0.33818770226537215,0.4980142970611596,0.019956850053937433,627,37,1817,1227,0.5
CONTRASTIVE,MLP,72,1.0,4000,IID_ORIGINAL,3051,0.005,0.9991039633750917,0.00468384074941452,0.23841059602649006,2.3762757719996443,0.8151528565038624,0.8775005999258273,0.9487179487179487,0.2448015122873346,0.38918106686701726,0.007024586051179127,259,14,1979,799,0.3467715503113733
CONTRASTIVE,MLP,72,1.0,4000,IID_BALANCED,2116,0.005,0.9991039633750917,0.00468384074941452,0.23841059602649006,2.3762757719996443,0.879578053929792,0.8753837000296596,0.9700374531835206,0.2448015122873346,0.3909433962264151,0.007561436672967864,259,8,1050,799,0.5
CONTRASTIVE,MLP,72,1.0,4000,TEMPORAL,8000,0.005,0.9991039633750917,0.00468384074941452,0.23841059602649006,2.3762757719996443,0.8926565745659827,0.8790289062500001,0.9777571825764597,0.26375,0.4154361094703682,0.006,1055,24,3976,2945,0.5
CONTRASTIVE,MLP,72,1.0,4000,DOMAIN_OOD,3858,0.005,0.9991039633750917,0.00468384074941452,0.23841059602649006,2.3762757719996443,0.8526005745005969,0.8397160902016398,0.9722222222222222,0.16329704510108864,0.2796271637816245,0.004665629860031105,315,9,1920,1614,0.5
CONTRASTIVE,MLP,72,1.0,4000,TEMPLATE_OOD,6832,0.005,0.9991039633750917,0.00468384074941452,0.23841059602649006,2.3762757719996443,0.8933361577665259,0.8787894667743474,0.983926521239954,0.2508782201405152,0.39981338931653837,0.004098360655737705,857,14,3402,2559,0.5
CONTRASTIVE,MLP,72,1.0,4000,DOMAIN_TEMPLATE_OOD,3708,0.005,0.9991039633750917,0.00468384074941452,0.23841059602649006,2.3762757719996443,0.8428125298427696,0.8312418759287771,0.967741935483871,0.14563106796116504,0.25316455696202533,0.0048543689320388345,270,9,1845,1584,0.5
CONTRASTIVE,MLP,72,1.0,4000,IID_ORIGINAL,3051,0.01,0.9938883185386659,0.00936768149882904,0.3598233995584989,2.3762757719996443,0.8151528565038624,0.8775005999258273,0.9153318077803204,0.3780718336483932,0.5351170568561873,0.018564977420973405,400,37,1956,658,0.3467715503113733
CONTRASTIVE,MLP,72,1.0,4000,IID_BALANCED,2116,0.01,0.9938883185386659,0.00936768149882904,0.3598233995584989,2.3762757719996443,0.879578053929792,0.8753837000296596,0.9478672985781991,0.3780718336483932,0.5405405405405406,0.020793950850661626,400,22,1036,658,0.5
CONTRASTIVE,MLP,72,1.0,4000,TEMPORAL,8000,0.01,0.9938883185386659,0.00936768149882904,0.3598233995584989,2.3762757719996443,0.8926565745659827,0.8790289062500001,0.9602523659305994,0.3805,0.5450313339301701,0.01575,1522,63,3937,2478,0.5
CONTRASTIVE,MLP,72,1.0,4000,DOMAIN_OOD,3858,0.01,0.9938883185386659,0.00936768149882904,0.3598233995584989,2.3762757719996443,0.8526005745005969,0.8397160902016398,0.9410681399631676,0.26490409538621046,0.4134304207119741,0.01658890616899948,511,32,1897,1418,0.5
CONTRASTIVE,MLP,72,1.0,4000,TEMPLATE_OOD,6832,0.01,0.9938883185386659,0.00936768149882904,0.3598233995584989,2.3762757719996443,0.8933361577665259,0.8787894667743474,0.9667697063369397,0.36621779859484777,0.5312101910828025,0.012587822014051522,1251,43,3373,2165,0.5
CONTRASTIVE,MLP,72,1.0,4000,DOMAIN_TEMPLATE_OOD,3708,0.01,0.9938883185386659,0.00936768149882904,0.3598233995584989,2.3762757719996443,0.8428125298427696,0.8312418759287771,0.9375,0.24271844660194175,0.3856041131105398,0.016181229773462782,450,30,1824,1404,0.5
CONTRASTIVE,MLP,72,1.0,4000,IID_ORIGINAL,3051,0.02,0.9800680279731752,0.01990632318501171,0.44150110375275936,2.3762757719996443,0.8151528565038624,0.8775005999258273,0.8994413407821229,0.45652173913043476,0.6056426332288402,0.027094831911690917,483,54,1939,575,0.3467715503113733
CONTRASTIVE,MLP,72,1.0,4000,IID_BALANCED,2116,0.02,0.9800680279731752,0.01990632318501171,0.44150110375275936,2.3762757719996443,0.879578053929792,0.8753837000296596,0.9324324324324325,0.45652173913043476,0.6129441624365483,0.0330812854442344,483,35,1023,575,0.5
CONTRASTIVE,MLP,72,1.0,4000,TEMPORAL,8000,0.02,0.9800680279731752,0.01990632318501171,0.44150110375275936,2.3762757719996443,0.8926565745659827,0.8790289062500001,0.9516293279022403,0.46725,0.6267605633802817,0.02375,1869,95,3905,2131,0.5
CONTRASTIVE,MLP,72,1.0,4000,DOMAIN_OOD,3858,0.02,0.9800680279731752,0.01990632318501171,0.44150110375275936,2.3762757719996443,0.8526005745005969,0.8397160902016398,0.9337016574585635,0.35044064282011406,0.5096117602713909,0.024883359253499222,676,48,1881,1253,0.5
CONTRASTIVE,MLP,72,1.0,4000,TEMPLATE_OOD,6832,0.02,0.9800680279731752,0.01990632318501171,0.44150110375275936,2.3762757719996443,0.8933361577665259,0.8787894667743474,0.9570361145703612,0.44994145199063235,0.6121067303863003,0.02019906323185012,1537,69,3347,1879,0.5
CONTRASTIVE,MLP,72,1.0,4000,DOMAIN_TEMPLATE_OOD,3708,0.02,0.9800680279731752,0.01990632318501171,0.44150110375275936,2.3762757719996443,0.8428125298427696,0.8312418759287771,0.9306625577812019,0.325782092772384,0.4826208549740312,0.024271844660194174,604,45,1809,1250,0.5
BASE,LOGREG,82,0.1,400,IID_ORIGINAL,3051,0.005,0.9784205129150582,0.00468384074941452,0.36423841059602646,0.019155524999405316,0.8591610704793429,0.9011236871583624,0.944578313253012,0.3705103969754253,0.5322471147318398,0.01154039136979428,392,23,1970,666,0.3467715503113733
BASE,LOGREG,82,0.1,400,IID_BALANCED,2116,0.005,0.9784205129150582,0.00468384074941452,0.36423841059602646,0.019155524999405316,0.9121070616992788,0.9014511812064707,0.9727047146401985,0.3705103969754253,0.5366187542778919,0.010396975425330813,392,11,1047,666,0.5
BASE,LOGREG,82,0.1,400,TEMPORAL,8000,0.005,0.9784205129150582,0.00468384074941452,0.36423841059602646,0.019155524999405316,0.9183353739439633,0.9006953125,0.9797866367209432,0.43625,0.6037017816986681,0.009,1745,36,3964,2255,0.5
BASE,LOGREG,82,0.1,400,DOMAIN_OOD,3858,0.005,0.9784205129150582,0.00468384074941452,0.36423841059602646,0.019155524999405316,0.895039262458001,0.8757898663304167,0.9768392370572208,0.37169517884914466,0.5384904243334585,0.008812856402280975,717,17,1912,1212,0.5
BASE,LOGREG,82,0.1,400,TEMPLATE_OOD,6832,0.005,0.9784205129150582,0.00468384074941452,0.36423841059602646,0.019155524999405316,0.9151866444330703,0.8963196337390102,0.9834437086092715,0.43471896955503514,0.6029232643118149,0.007318501170960188,1485,25,3391,1931,0.5
BASE,LOGREG,82,0.1,400,DOMAIN_TEMPLATE_OOD,3708,0.005,0.9784205129150582,0.00468384074941452,0.36423841059602646,0.019155524999405316,0.8852642596721233,0.8635345135565073,0.977810650887574,0.3565264293419633,0.5225296442687747,0.008090614886731391,661,15,1839,1193,0.5
BASE,LOGREG,82,0.1,400,IID_ORIGINAL,3051,0.01,0.9732957538642445,0.00936768149882904,0.38852097130242824,0.019155524999405316,0.8591610704793429,0.9011236871583624,0.9481981981981982,0.39792060491493386,0.5605858854860186,0.01154039136979428,421,23,1970,637,0.3467715503113733
BASE,LOGREG,82,0.1,400,IID_BALANCED,2116,0.01,0.9732957538642445,0.00936768149882904,0.38852097130242824,0.019155524999405316,0.9121070616992788,0.9014511812064707,0.9745370370370371,0.39792060491493386,0.5651006711409396,0.010396975425330813,421,11,1047,637,0.5
BASE,LOGREG,82,0.1,400,TEMPORAL,8000,0.01,0.9732957538642445,0.00936768149882904,0.38852097130242824,0.019155524999405316,0.9183353739439633,0.9006953125,0.9782030834662414,0.46,0.6257439211018534,0.01025,1840,41,3959,2160,0.5
BASE,LOGREG,82,0.1,400,DOMAIN_OOD,3858,0.01,0.9732957538642445,0.00936768149882904,0.38852097130242824,0.019155524999405316,0.895039262458001,0.8757898663304167,0.974587039390089,0.3976153447382063,0.56480117820324,0.010368066355624676,767,20,1909,1162,0.5
BASE,LOGREG,82,0.1,400,TEMPLATE_OOD,6832,0.01,0.9732957538642445,0.00936768149882904,0.38852097130242824,0.019155524999405316,0.9151866444330703,0.8963196337390102,0.9811794228356336,0.45784543325526933,0.6243512974051896,0.008782201405152224,1564,30,3386,1852,0.5
BASE,LOGREG,82,0.1,400,DOMAIN_TEMPLATE_OOD,3708,0.01,0.9732957538642445,0.00936768149882904,0.38852097130242824,0.019155524999405316,0.8852642596721233,0.8635345135565073,0.975103734439834,0.3802588996763754,0.5471478463329453,0.009708737864077669,705,18,1836,1149,0.5
BASE,LOGREG,82,0.1,400,IID_ORIGINAL,3051,0.02,0.9193833176577635,0.01990632318501171,0.5342163355408388,0.019155524999405316,0.8591610704793429,0.9011236871583624,0.9269949066213922,0.5160680529300568,0.663023679417122,0.021575514300050176,546,43,1950,512,0.3467715503113733
BASE,LOGREG,82,0.1,400,IID_BALANCED,2116,0.02,0.9193833176577635,0.01990632318501171,0.5342163355408388,0.019155524999405316,0.9121070616992788,0.9014511812064707,0.9646643109540636,0.5160680529300568,0.6724137931034483,0.01890359168241966,546,20,1038,512,0.5
BASE,LOGREG,82,0.1,400,TEMPORAL,8000,0.02,0.9193833176577635,0.01990632318501171,0.5342163355408388,0.019155524999405316,0.9183353739439633,0.9006953125,0.9651612903225807,0.561,0.7095652173913043,0.02025,2244,81,3919,1756,0.5
BASE,LOGREG,82,0.1,400,DOMAIN_OOD,3858,0.02,0.9193833176577635,0.01990632318501171,0.5342163355408388,0.019155524999405316,0.895039262458001,0.8757898663304167,0.9540566959921799,0.5059616381544841,0.6612466124661247,0.02436495593571799,976,47,1882,953,0.5
BASE,LOGREG,82,0.1,400,TEMPLATE_OOD,6832,0.02,0.9193833176577635,0.01990632318501171,0.5342163355408388,0.019155524999405316,0.9151866444330703,0.8963196337390102,0.965711361310133,0.552400468384075,0.7027932960893855,0.019613583138173303,1887,67,3349,1529,0.5
BASE,LOGREG,82,0.1,400,DOMAIN_TEMPLATE_OOD,3708,0.02,0.9193833176577635,0.01990632318501171,0.5342163355408388,0.019155524999405316,0.8852642596721233,0.8635345135565073,0.9518201284796574,0.47950377562028046,0.6377331420373027,0.024271844660194174,889,45,1809,965,0.5
BASE,XGBOOST,82,0.1,400,IID_ORIGINAL,3051,0.005,0.9813676476478578,0.00468384074941452,0.3068432671081678,1.8730697229993893,0.8208535534158641,0.8832909512215248,0.9333333333333333,0.29111531190926276,0.4438040345821326,0.011038635223281485,308,22,1971,750,0.3467715503113733
BASE,XGBOOST,82,0.1,400,IID_BALANCED,2116,0.005,0.9813676476478578,0.00468384074941452,0.3068432671081678,1.8730697229993893,0.8852633007193482,0.8830916484718108,0.9565217391304348,0.29111531190926276,0.4463768115942029,0.013232514177693762,308,14,1044,750,0.5
BASE,XGBOOST,82,0.1,400,TEMPORAL,8000,0.005,0.9813676476478578,0.00468384074941452,0.3068432671081678,1.8730697229993893,0.8927980194599684,0.8815791249999999,0.976878612716763,0.29575,0.454039531759739,0.007,1183,28,3972,2817,0.5
BASE,XGBOOST,82,0.1,400,DOMAIN_OOD,3858,0.005,0.9813676476478578,0.00468384074941452,0.3068432671081678,1.8730697229993893,0.8579327619196836,0.8482198933040512,0.970108695652174,0.18506998444790046,0.3108402263822377,0.005702436495593572,357,11,1918,1572,0.5
BASE,XGBOOST,82,0.1,400,TEMPLATE_OOD,6832,0.005,0.9813676476478578,0.00468384074941452,0.3068432671081678,1.8730697229993893,0.8897841043312493,0.8762486871260194,0.9834791059280855,0.2962529274004684,0.4553430821147357,0.004976580796252928,1012,17,3399,2404,0.5
BASE,XGBOOST,82,0.1,400,DOMAIN_TEMPLATE_OOD,3708,0.005,0.9813676476478578,0.00468384074941452,0.3068432671081678,1.8730697229993893,0.8476005615151454,0.8365177946979562,0.9700598802395209,0.17475728155339806,0.2961608775137112,0.005393743257820928,324,10,1844,1530,0.5
BASE,XGBOOST,82,0.1,400,IID_ORIGINAL,3051,0.01,0.9685075283050538,0.00936768149882904,0.3443708609271523,1.8730697229993893,0.8208535534158641,0.8832909512215248,0.9217171717171717,0.3449905482041588,0.5020632737276479,0.015554440541896638,365,31,1962,693,0.3467715503113733
BASE,XGBOOST,82,0.1,400,IID_BALANCED,2116,0.01,0.9685075283050538,0.00936768149882904,0.3443708609271523,1.8730697229993893,0.8852633007193482,0.8830916484718108,0.9505208333333334,0.3449905482041588,0.5062413314840499,0.017958412098298678,365,19,1039,693,0.5
BASE,XGBOOST,82,0.1,400,TEMPORAL,8000,0.01,0.9685075283050538,0.00936768149882904,0.3443708609271523,1.8730697229993893,0.8927980194599684,0.8815791249999999,0.9666212534059946,0.35475,0.5190197512801755,0.01225,1419,49,3951,2581,0.5
BASE,XGBOOST,82,0.1,400,DOMAIN_OOD,3858,0.01,0.9685075283050538,0.00936768149882904,0.3443708609271523,1.8730697229993893,0.8579327619196836,0.8482198933040512,0.9596774193548387,0.24675997926386728,0.39257731958762887,0.010368066355624676,476,20,1909,1453,0.5
BASE,XGBOOST,82,0.1,400,TEMPLATE_OOD,6832,0.01,0.9685075283050538,0.00936768149882904,0.3443708609271523,1.8730697229993893,0.8897841043312493,0.8762486871260194,0.9704708699122107,0.3559718969555035,0.5208824159348897,0.010831381733021077,1216,37,3379,2200,0.5
BASE,XGBOOST,82,0.1,400,DOMAIN_TEMPLATE_OOD,3708,0.01,0.9685075283050538,0.00936768149882904,0.3443708609271523,1.8730697229993893,0.8476005615151454,0.8365177946979562,0.9580573951434879,0.23408845738942827,0.37624620719549196,0.010248112189859764,434,19,1835,1420,0.5
BASE,XGBOOST,82,0.1,400,IID_ORIGINAL,3051,0.02,0.9217746257781984,0.01990632318501171,0.4503311258278146,1.8730697229993893,0.8208535534158641,0.8832909512215248,0.8821292775665399,0.43856332703213613,0.5858585858585859,0.031108881083793276,464,62,1931,594,0.3467715503113733
BASE,XGBOOST,82,0.1,400,IID_BALANCED,2116,0.02,0.9217746257781984,0.01990632318501171,0.4503311258278146,1.8730697229993893,0.8852633007193482,0.8830916484718108,0.9298597194388778,0.43856332703213613,0.5960179833012202,0.0330812854442344,464,35,1023,594,0.5
BASE,XGBOOST,82,0.1,400,TEMPORAL,8000,0.02,0.9217746257781984,0.01990632318501171,0.4503311258278146,1.8730697229993893,0.8927980194599684,0.8815791249999999,0.9500788229111928,0.452,0.6125698797221751,0.02375,1808,95,3905,2192,0.5
BASE,XGBOOST,82,0.1,400,DOMAIN_OOD,3858,0.02,0.9217746257781984,0.01990632318501171,0.4503311258278146,1.8730697229993893,0.8579327619196836,0.8482198933040512,0.9270976616231087,0.34940383618455156,0.5075301204819277,0.027475375842405392,674,53,1876,1255,0.5
BASE,XGBOOST,82,0.1,400,TEMPLATE_OOD,6832,0.02,0.9217746257781984,0.01990632318501171,0.4503311258278146,1.8730697229993893,0.8897841043312493,0.8762486871260194,0.9507174048658765,0.446135831381733,0.6072922893006575,0.023126463700234193,1524,79,3337,1892,0.5
BASE,XGBOOST,82,0.1,400,DOMAIN_TEMPLATE_OOD,3708,0.02,0.9217746257781984,0.01990632318501171,0.4503311258278146,1.8730697229993893,0.8476005615151454,0.8365177946979562,0.9230769230769231,0.3300970873786408,0.4862932061978546,0.02750809061488673,612,51,1803,1242,0.5
BASE,MLP,82,0.1,400,IID_ORIGINAL,3051,0.005,0.9676996469497682,0.00468384074941452,0.304635761589404,0.2268865050000386,0.831367347175744,0.8872073049624536,0.9716088328075709,0.29111531190926276,0.448,0.004515805318615153,308,9,1984,750,0.3467715503113733
BASE,MLP,82,0.1,400,IID_BALANCED,2116,0.005,0.9676996469497682,0.00468384074941452,0.304635761589404,0.2268865050000386,0.8928617656193052,0.8864596324341323,0.9840255591054313,0.29111531190926276,0.44930707512764406,0.004725897920604915,308,5,1053,750,0.5
BASE,MLP,82,0.1,400,TEMPORAL,8000,0.005,0.9676996469497682,0.00468384074941452,0.304635761589404,0.2268865050000386,0.9040095697681501,0.89164509375,0.9815409309791332,0.30575,0.46626000762485703,0.00575,1223,23,3977,2777,0.5
BASE,MLP,82,0.1,400,DOMAIN_OOD,3858,0.005,0.9676996469497682,0.00468384074941452,0.304635761589404,0.2268865050000386,0.873089687489414,0.8616573964113805,0.9695550351288056,0.21461897356143078,0.35144312393887944,0.00673924313115604,414,13,1916,1515,0.5
BASE,MLP,82,0.1,400,TEMPLATE_OOD,6832,0.005,0.9676996469497682,0.00468384074941452,0.304635761589404,0.2268865050000386,0.899752774898517,0.8864298877304214,0.9816955684007708,0.29830210772833726,0.4575662325999102,0.0055620608899297425,1019,19,3397,2397,0.5
BASE,MLP,82,0.1,400,DOMAIN_TEMPLATE_OOD,3708,0.005,0.9676996469497682,0.00468384074941452,0.304635761589404,0.2268865050000386,0.8617684078630009,0.8477800702641247,0.967479674796748,0.1925566343042071,0.32118758434547906,0.006472491909385114,357,12,1842,1497,0.5
BASE,MLP,82,0.1,400,IID_ORIGINAL,3051,0.01,0.9271207451820375,0.00936768149882904,0.4083885209713024,0.2268865050000386,0.831367347175744,0.8872073049624536,0.9078651685393259,0.3818525519848771,0.5375914836992681,0.020572002007024585,404,41,1952,654,0.3467715503113733
BASE,MLP,82,0.1,400,IID_BALANCED,2116,0.01,0.9271207451820375,0.00936768149882904,0.4083885209713024,0.2268865050000386,0.8928617656193052,0.8864596324341323,0.9483568075117371,0.3818525519848771,0.5444743935309974,0.020793950850661626,404,22,1036,654,0.5
BASE,MLP,82,0.1,400,TEMPORAL,8000,0.01,0.9271207451820375,0.00936768149882904,0.4083885209713024,0.2268865050000386,0.9040095697681501,0.89164509375,0.9680735930735931,0.44725,0.6118331053351573,0.01475,1789,59,3941,2211,0.5
BASE,MLP,82,0.1,400,DOMAIN_OOD,3858,0.01,0.9271207451820375,0.00936768149882904,0.4083885209713024,0.2268865050000386,0.873089687489414,0.8616573964113805,0.9555555555555556,0.35666148263348885,0.5194412986032465,0.01658890616899948,688,32,1897,1241,0.5
BASE,MLP,82,0.1,400,TEMPLATE_OOD,6832,0.01,0.9271207451820375,0.00936768149882904,0.4083885209713024,0.2268865050000386,0.899752774898517,0.8864298877304214,0.96913985554826,0.43208430913348944,0.5976918404535331,0.013758782201405152,1476,47,3369,1940,0.5
BASE,MLP,82,0.1,400,DOMAIN_TEMPLATE_OOD,3708,0.01,0.9271207451820375,0.00936768149882904,0.4083885209713024,0.2268865050000386,0.8617684078630009,0.8477800702641247,0.9535603715170279,0.33225458468176916,0.4928,0.016181229773462782,616,30,1824,1238,0.5
BASE,MLP,82,0.1,400,IID_ORIGINAL,3051,0.02,0.8798022270202638,0.01990632318501171,0.46357615894039733,0.2268865050000386,0.831367347175744,0.8872073049624536,0.8835489833641405,0.45179584120982985,0.5978736710444027,0.03161063723030607,478,63,1930,580,0.3467715503113733
BASE,MLP,82,0.1,400,IID_BALANCED,2116,0.02,0.8798022270202638,0.01990632318501171,0.46357615894039733,0.2268865050000386,0.8928617656193052,0.8864596324341323,0.93359375,0.45179584120982985,0.6089171974522293,0.03213610586011342,478,34,1024,580,0.5
BASE,MLP,82,0.1,400,TEMPORAL,8000,0.02,0.8798022270202638,0.01990632318501171,0.46357615894039733,0.2268865050000386,0.9040095697681501,0.89164509375,0.9576071596796986,0.50825,0.6640535685121672,0.0225,2033,90,3910,1967,0.5
BASE,MLP,82,0.1,400,DOMAIN_OOD,3858,0.02,0.8798022270202638,0.01990632318501171,0.46357615894039733,0.2268865050000386,0.873089687489414,0.8616573964113805,0.9409038238702202,0.42094349403836184,0.5816618911174785,0.026438569206842923,812,51,1878,1117,0.5
BASE,MLP,82,0.1,400,TEMPLATE_OOD,6832,0.02,0.8798022270202638,0.01990632318501171,0.46357615894039733,0.2268865050000386,0.899752774898517,0.8864298877304214,0.9588100686498856,0.49063231850117095,0.6491092176607282,0.02107728337236534,1676,72,3344,1740,0.5
BASE,MLP,82,0.1,400,DOMAIN_TEMPLATE_OOD,3708,0.02,0.8798022270202638,0.01990632318501171,0.46357615894039733,0.2268865050000386,0.8617684078630009,0.8477800702641247,0.9374201787994891,0.3959007551240561,0.5566932119833143,0.026429341963322545,734,49,1805,1120,0.5
DAPT,LOGREG,82,0.1,400,IID_ORIGINAL,3051,0.005,0.9918944312011548,0.00468384074941452,0.2229580573951435,0.02705833900017751,0.8507838817549243,0.8977531947828743,0.9752475247524752,0.18620037807183365,0.3126984126984127,0.002508780732563974,197,5,1988,861,0.3467715503113733
DAPT,LOGREG,82,0.1,400,IID_BALANCED,2116,0.005,0.9918944312011548,0.00468384074941452,0.2229580573951435,0.02705833900017751,0.9072981858930504,0.8998860066966599,0.9899497487437185,0.18620037807183365,0.3134447096260939,0.001890359168241966,197,2,1056,861,0.5
DAPT,LOGREG,82,0.1,400,TEMPORAL,8000,0.005,0.9918944312011548,0.00468384074941452,0.2229580573951435,0.02705833900017751,0.9144085546955879,0.9032905,0.9890873015873016,0.24925,0.3981629392971246,0.00275,997,11,3989,3003,0.5
DAPT,LOGREG,82,0.1,400,DOMAIN_OOD,3858,0.005,0.9918944312011548,0.00468384074941452,0.2229580573951435,0.02705833900017751,0.8946493937144051,0.8827449092874816,0.9911242603550295,0.17366511145671332,0.29554477282752534,0.0015552099533437014,335,3,1926,1594,0.5
DAPT,LOGREG,82,0.1,400,TEMPLATE_OOD,6832,0.005,0.9918944312011548,0.00468384074941452,0.2229580573951435,0.02705833900017751,0.9159964941256646,0.9040091160758849,0.992822966507177,0.2429742388758782,0.39040451552210725,0.001756440281030445,830,6,3410,2586,0.5
DAPT,LOGREG,82,0.1,400,DOMAIN_TEMPLATE_OOD,3708,0.005,0.9918944312011548,0.00468384074941452,0.2229580573951435,0.02705833900017751,0.8839986074526058,0.8709397099364736,0.9902912621359223,0.1650485436893204,0.2829403606102635,0.0016181229773462784,306,3,1851,1548,0.5
DAPT,LOGREG,82,0.1,400,IID_ORIGINAL,3051,0.01,0.9791481611181667,0.00936768149882904,0.3818984547461369,0.02705833900017751,0.8507838817549243,0.8977531947828743,0.9422110552763819,0.3544423440453686,0.5151098901098901,0.01154039136979428,375,23,1970,683,0.3467715503113733
DAPT,LOGREG,82,0.1,400,IID_BALANCED,2116,0.01,0.9791481611181667,0.00936768149882904,0.3818984547461369,0.02705833900017751,0.9072981858930504,0.8998860066966599,0.9640102827763496,0.3544423440453686,0.5183137525915688,0.013232514177693762,375,14,1044,683,0.5
DAPT,LOGREG,82,0.1,400,TEMPORAL,8000,0.01,0.9791481611181667,0.00936768149882904,0.3818984547461369,0.02705833900017751,0.9144085546955879,0.9032905,0.977165883143049,0.36375,0.530151211513937,0.0085,1455,34,3966,2545,0.5
DAPT,LOGREG,82,0.1,400,DOMAIN_OOD,3858,0.01,0.9791481611181667,0.00936768149882904,0.3818984547461369,0.02705833900017751,0.8946493937144051,0.8827449092874816,0.9822380106571936,0.2866770347330223,0.4438202247191011,0.005184033177812338,553,10,1919,1376,0.5
DAPT,LOGREG,82,0.1,400,TEMPLATE_OOD,6832,0.01,0.9791481611181667,0.00936768149882904,0.3818984547461369,0.02705833900017751,0.9159964941256646,0.9040091160758849,0.9843621399176955,0.35011709601873536,0.5165191103433384,0.0055620608899297425,1196,19,3397,2220,0.5
DAPT,LOGREG,82,0.1,400,DOMAIN_TEMPLATE_OOD,3708,0.01,0.9791481611181667,0.00936768149882904,0.3818984547461369,0.02705833900017751,0.8839986074526058,0.8709397099364736,0.9793388429752066,0.255663430420712,0.40547476475620187,0.005393743257820928,474,10,1844,1380,0.5
DAPT,LOGREG,82,0.1,400,IID_ORIGINAL,3051,0.02,0.9154087255483656,0.01990632318501171,0.5320088300220751,0.02705833900017751,0.8507838817549243,0.8977531947828743,0.9184692179700499,0.5217391304347826,0.6654611211573237,0.024586051179126944,552,49,1944,506,0.3467715503113733
DAPT,LOGREG,82,0.1,400,IID_BALANCED,2116,0.02,0.9154087255483656,0.01990632318501171,0.5320088300220751,0.02705833900017751,0.9072981858930504,0.8998860066966599,0.9566724436741768,0.5217391304347826,0.6752293577981652,0.023629489603024575,552,25,1033,506,0.5
DAPT,LOGREG,82,0.1,400,TEMPORAL,8000,0.02,0.9154087255483656,0.01990632318501171,0.5320088300220751,0.02705833900017751,0.9144085546955879,0.9032905,0.9625334522747547,0.5395,0.6914450496635693,0.021,2158,84,3916,1842,0.5
DAPT,LOGREG,82,0.1,400,DOMAIN_OOD,3858,0.02,0.9154087255483656,0.01990632318501171,0.5320088300220751,0.02705833900017751,0.8946493937144051,0.8827449092874816,0.9658848614072495,0.46967340590979784,0.6320195326124869,0.01658890616899948,906,32,1897,1023,0.5
DAPT,LOGREG,82,0.1,400,TEMPLATE_OOD,6832,0.02,0.9154087255483656,0.01990632318501171,0.5320088300220751,0.02705833900017751,0.9159964941256646,0.9040091160758849,0.9703296703296703,0.5169789227166276,0.6745607333842628,0.015807962529274005,1766,54,3362,1650,0.5
DAPT,LOGREG,82,0.1,400,DOMAIN_TEMPLATE_OOD,3708,0.02,0.9154087255483656,0.01990632318501171,0.5320088300220751,0.02705833900017751,0.8839986074526058,0.8709397099364736,0.964975845410628,0.43096008629989213,0.5958240119313944,0.01564185544768069,799,29,1825,1055,0.5
DAPT,XGBOOST,82,0.1,400,IID_ORIGINAL,3051,0.005,0.9929361939430238,0.00468384074941452,0.15673289183222958,1.8597279550003805,0.8184477101207194,0.8727649798870717,0.9712643678160919,0.15973534971644612,0.27435064935064934,0.002508780732563974,169,5,1988,889,0.3467715503113733
DAPT,XGBOOST,82,0.1,400,IID_BALANCED,2116,0.005,0.9929361939430238,0.00468384074941452,0.15673289183222958,1.8597279550003805,0.8816613518123397,0.8724284504415007,0.9883040935672515,0.15973534971644612,0.27502034174125306,0.001890359168241966,169,2,1056,889,0.5
DAPT,XGBOOST,82,0.1,400,TEMPORAL,8000,0.005,0.9929361939430238,0.00468384074941452,0.15673289183222958,1.8597279550003805,0.8979110715422922,0.88145740625,0.9875173370319001,0.178,0.30163101037915696,0.00225,712,9,3991,3288,0.5
DAPT,XGBOOST,82,0.1,400,DOMAIN_OOD,3858,0.005,0.9929361939430238,0.00468384074941452,0.15673289183222958,1.8597279550003805,0.8653923565069316,0.8498085616363807,0.98,0.10160705028512182,0.18412400187881633,0.002073613271124935,196,4,1925,1733,0.5
DAPT,XGBOOST,82,0.1,400,TEMPLATE_OOD,6832,0.005,0.9929361939430238,0.00468384074941452,0.15673289183222958,1.8597279550003805,0.8965180422643011,0.8782596895584355,0.9885057471264368,0.1762295081967213,0.2991304347826087,0.0020491803278688526,602,7,3409,2814,0.5
DAPT,XGBOOST,82,0.1,400,DOMAIN_TEMPLATE_OOD,3708,0.005,0.9929361939430238,0.00468384074941452,0.15673289183222958,1.8597279550003805,0.8520363942729798,0.8337679747803227,0.9790575916230366,0.10086299892125135,0.18288508557457211,0.002157497303128371,187,4,1850,1667,0.5
DAPT,XGBOOST,82,0.1,400,IID_ORIGINAL,3051,0.01,0.9807276725769044,0.00936768149882904,0.32229580573951433,1.8597279550003805,0.8184477101207194,0.8727649798870717,0.9413407821229051,0.31852551984877125,0.4759887005649718,0.010536879076768691,337,21,1972,721,0.3467715503113733
DAPT,XGBOOST,82,0.1,400,IID_BALANCED,2116,0.01,0.9807276725769044,0.00936768149882904,0.32229580573951433,1.8597279550003805,0.8816613518123397,0.8724284504415007,0.9628571428571429,0.31852551984877125,0.4786931818181818,0.012287334593572778,337,13,1045,721,0.5
DAPT,XGBOOST,82,0.1,400,TEMPORAL,8000,0.01,0.9807276725769044,0.00936768149882904,0.32229580573951433,1.8597279550003805,0.8979110715422922,0.88145740625,0.9825119236883942,0.309,0.4701407379231647,0.0055,1236,22,3978,2764,0.5
DAPT,XGBOOST,82,0.1,400,DOMAIN_OOD,3858,0.01,0.9807276725769044,0.00936768149882904,0.32229580573951433,1.8597279550003805,0.8653923565069316,0.8498085616363807,0.9766899766899767,0.21721099015033696,0.35538592027141647,0.005184033177812338,419,10,1919,1510,0.5
DAPT,XGBOOST,82,0.1,400,TEMPLATE_OOD,6832,0.01,0.9807276725769044,0.00936768149882904,0.32229580573951433,1.8597279550003805,0.8965180422643011,0.8782596895584355,0.9868421052631579,0.3073770491803279,0.46875,0.004098360655737705,1050,14,3402,2366,0.5
DAPT,XGBOOST,82,0.1,400,DOMAIN_TEMPLATE_OOD,3708,0.01,0.9807276725769044,0.00936768149882904,0.32229580573951433,1.8597279550003805,0.8520363942729798,0.8337679747803227,0.9738219895287958,0.20064724919093851,0.33273703041144903,0.005393743257820928,372,10,1844,1482,0.5
DAPT,XGBOOST,82,0.1,400,IID_ORIGINAL,3051,0.02,0.9481658339500428,0.01990632318501171,0.434878587196468,1.8597279550003805,0.8184477101207194,0.8727649798870717,0.9026915113871635,0.4120982986767486,0.5658663205710578,0.023582538886101356,436,47,1946,622,0.3467715503113733
DAPT,XGBOOST,82,0.1,400,IID_BALANCED,2116,0.02,0.9481658339500428,0.01990632318501171,0.434878587196468,1.8597279550003805,0.8816613518123397,0.8724284504415007,0.9356223175965666,0.4120982986767486,0.5721784776902887,0.02835538752362949,436,30,1028,622,0.5
DAPT,XGBOOST,82,0.1,400,TEMPORAL,8000,0.02,0.9481658339500428,0.01990632318501171,0.434878587196468,1.8597279550003805,0.8979110715422922,0.88145740625,0.961335676625659,0.41025,0.5750832311196776,0.0165,1641,66,3934,2359,0.5
DAPT,XGBOOST,82,0.1,400,DOMAIN_OOD,3858,0.02,0.9481658339500428,0.01990632318501171,0.434878587196468,1.8597279550003805,0.8653923565069316,0.8498085616363807,0.9475357710651828,0.30896837739761535,0.4659890539483972,0.017107309486780714,596,33,1896,1333,0.5
DAPT,XGBOOST,82,0.1,400,TEMPLATE_OOD,6832,0.02,0.9481658339500428,0.01990632318501171,0.434878587196468,1.8597279550003805,0.8965180422643011,0.8782596895584355,0.9653220099079972,0.3992974238875878,0.5649202733485194,0.014344262295081968,1364,49,3367,2052,0.5
DAPT,XGBOOST,82,0.1,400,DOMAIN_TEMPLATE_OOD,3708,0.02,0.9481658339500428,0.01990632318501171,0.434878587196468,1.8597279550003805,0.8520363942729798,0.8337679747803227,0.9423423423423424,0.2820927723840345,0.43420506434205064,0.017259978425026967,523,32,1822,1331,0.5
DAPT,MLP,82,0.1,400,IID_ORIGINAL,3051,0.005,0.9849576950073243,0.00468384074941452,0.18763796909492272,0.263221636999333,0.8322273457688453,0.8896819397190734,0.9611111111111111,0.16351606805293006,0.27948303715670436,0.0035122930255895636,173,7,1986,885,0.3467715503113733
DAPT,MLP,82,0.1,400,IID_BALANCED,2116,0.005,0.9849576950073243,0.00468384074941452,0.18763796909492272,0.263221636999333,0.8937785540436245,0.8900295167613037,0.9829545454545454,0.16351606805293006,0.28038897893030795,0.002835538752362949,173,3,1055,885,0.5
DAPT,MLP,82,0.1,400,TEMPORAL,8000,0.005,0.9849576950073243,0.00468384074941452,0.18763796909492272,0.263221636999333,0.9157463177811258,0.9037840625,0.9888888888888889,0.28925,0.4475822050290135,0.00325,1157,13,3987,2843,0.5
DAPT,MLP,82,0.1,400,DOMAIN_OOD,3858,0.005,0.9849576950073243,0.00468384074941452,0.18763796909492272,0.263221636999333,0.8867366146486945,0.8758051846244101,0.977961432506887,0.184033177812338,0.30977312390924955,0.00414722654224987,355,8,1921,1574,0.5
DAPT,MLP,82,0.1,400,TEMPLATE_OOD,6832,0.005,0.9849576950073243,0.00468384074941452,0.18763796909492272,0.263221636999333,0.9121844930135194,0.8998673071754905,0.9889112903225806,0.28717798594847777,0.44509981851179675,0.0032201405152224825,981,11,3405,2435,0.5
DAPT,MLP,82,0.1,400,DOMAIN_TEMPLATE_OOD,3708,0.005,0.9849576950073243,0.00468384074941452,0.18763796909492272,0.263221636999333,0.8754766211303203,0.8629701197096804,0.9745222929936306,0.1650485436893204,0.2822878228782288,0.004314994606256742,306,8,1846,1548,0.5
DAPT,MLP,82,0.1,400,IID_ORIGINAL,3051,0.01,0.9715791940689088,0.00936768149882904,0.33774834437086093,0.263221636999333,0.8322273457688453,0.8896819397190734,0.9495548961424333,0.30245746691871456,0.45878136200716846,0.008529854490717512,320,17,1976,738,0.3467715503113733
DAPT,MLP,82,0.1,400,IID_BALANCED,2116,0.01,0.9715791940689088,0.00936768149882904,0.33774834437086093,0.263221636999333,0.8937785540436245,0.8900295167613037,0.9696969696969697,0.30245746691871456,0.4610951008645533,0.00945179584120983,320,10,1048,738,0.5
DAPT,MLP,82,0.1,400,TEMPORAL,8000,0.01,0.9715791940689088,0.00936768149882904,0.33774834437086093,0.263221636999333,0.9157463177811258,0.9037840625,0.9861878453038674,0.357,0.5242290748898678,0.005,1428,20,3980,2572,0.5
DAPT,MLP,82,0.1,400,DOMAIN_OOD,3858,0.01,0.9715791940689088,0.00936768149882904,0.33774834437086093,0.263221636999333,0.8867366146486945,0.8758051846244101,0.9782608695652174,0.25660964230171074,0.406570841889117,0.005702436495593572,495,11,1918,1434,0.5
DAPT,MLP,82,0.1,400,TEMPLATE_OOD,6832,0.01,0.9715791940689088,0.00936768149882904,0.33774834437086093,0.263221636999333,0.9121844930135194,0.8998673071754905,0.9867549668874173,0.34894613583138173,0.5155709342560554,0.00468384074941452,1192,16,3400,2224,0.5
DAPT,MLP,82,0.1,400,DOMAIN_TEMPLATE_OOD,3708,0.01,0.9715791940689088,0.00936768149882904,0.33774834437086093,0.263221636999333,0.8754766211303203,0.8629701197096804,0.975,0.2313915857605178,0.37401918047079336,0.005933117583603021,429,11,1843,1425,0.5
DAPT,MLP,82,0.1,400,IID_ORIGINAL,3051,0.02,0.9180951714515687,0.01990632318501171,0.4988962472406181,0.263221636999333,0.8322273457688453,0.8896819397190734,0.9281553398058252,0.45179584120982985,0.6077558804831532,0.018564977420973405,478,37,1956,580,0.3467715503113733
DAPT,MLP,82,0.1,400,IID_BALANCED,2116,0.02,0.9180951714515687,0.01990632318501171,0.4988962472406181,0.263221636999333,0.8937785540436245,0.8900295167613037,0.9598393574297188,0.45179584120982985,0.6143958868894601,0.01890359168241966,478,20,1038,580,0.5
DAPT,MLP,82,0.1,400,TEMPORAL,8000,0.02,0.9180951714515687,0.01990632318501171,0.4988962472406181,0.263221636999333,0.9157463177811258,0.9037840625,0.9702463970246397,0.52175,0.6785888473418956,0.016,2087,64,3936,1913,0.5
DAPT,MLP,82,0.1,400,DOMAIN_OOD,3858,0.02,0.9180951714515687,0.01990632318501171,0.4988962472406181,0.263221636999333,0.8867366146486945,0.8758051846244101,0.9611428571428572,0.4359771902540176,0.5998573466476462,0.01762571280456195,841,34,1895,1088,0.5
DAPT,MLP,82,0.1,400,TEMPLATE_OOD,6832,0.02,0.9180951714515687,0.01990632318501171,0.4988962472406181,0.263221636999333,0.9121844930135194,0.8998673071754905,0.9702748177229389,0.5064402810304449,0.6655125985766494,0.015515222482435597,1730,53,3363,1686,0.5
DAPT,MLP,82,0.1,400,DOMAIN_TEMPLATE_OOD,3708,0.02,0.9180951714515687,0.01990632318501171,0.4988962472406181,0.263221636999333,0.8754766211303203,0.8629701197096804,0.9600515463917526,0.40183387270765913,0.5665399239543726,0.016720604099244876,745,31,1823,1109,0.5
CONTRASTIVE,LOGREG,82,0.1,400,IID_ORIGINAL,3051,0.005,0.9931691091915917,0.00468384074941452,0.17218543046357615,0.021536405000006198,0.7416353924078287,0.8291434956184073,0.9515418502202643,0.20415879017013233,0.3361867704280156,0.0055193176116407425,216,11,1982,842,0.3467715503113733
CONTRASTIVE,LOGREG,82,0.1,400,IID_BALANCED,2116,0.005,0.9931691091915917,0.00468384074941452,0.17218543046357615,0.021536405000006198,0.8368912499655182,0.8358800175814124,0.9642857142857143,0.20415879017013233,0.3369734789391576,0.007561436672967864,216,8,1050,842,0.5
CONTRASTIVE,LOGREG,82,0.1,400,TEMPORAL,8000,0.005,0.9931691091915917,0.00468384074941452,0.17218543046357615,0.021536405000006198,0.8317943558168035,0.813344625,0.9696641386782232,0.22375,0.36359943124111316,0.007,895,28,3972,3105,0.5
CONTRASTIVE,LOGREG,82,0.1,400,DOMAIN_OOD,3858,0.005,0.9931691091915917,0.00468384074941452,0.17218543046357615,0.021536405000006198,0.7990482616076198,0.7860582562782834,0.9578947368421052,0.14152410575427682,0.24661246612466126,0.006220839813374806,273,12,1917,1656,0.5
CONTRASTIVE,LOGREG,82,0.1,400,TEMPLATE_OOD,6832,0.005,0.9931691091915917,0.00468384074941452,0.17218543046357615,0.021536405000006198,0.8381649099402146,0.8187640028465027,0.9730061349693252,0.23214285714285715,0.37485228078468447,0.006440281030444965,793,22,3394,2623,0.5
CONTRASTIVE,LOGREG,82,0.1,400,DOMAIN_TEMPLATE_OOD,3708,0.005,0.9931691091915917,0.00468384074941452,0.17218543046357615,0.021536405000006198,0.7924372690677814,0.7758518565066466,0.9578947368421052,0.14724919093851133,0.2552594670406732,0.006472491909385114,273,12,1842,1581,0.5
CONTRASTIVE,LOGREG,82,0.1,400,IID_ORIGINAL,3051,0.01,0.9901187832977614,0.00936768149882904,0.20750551876379691,0.021536405000006198,0.7416353924078287,0.8291434956184073,0.9204545454545454,0.22967863894139887,0.367624810892587,0.010536879076768691,243,21,1972,815,0.3467715503113733
CONTRASTIVE,LOGREG,82,0.1,400,IID_BALANCED,2116,0.01,0.9901187832977614,0.00936768149882904,0.20750551876379691,0.021536405000006198,0.8368912499655182,0.8358800175814124,0.9382239382239382,0.22967863894139887,0.3690205011389522,0.015122873345935728,243,16,1042,815,0.5
CONTRASTIVE,LOGREG,82,0.1,400,TEMPORAL,8000,0.01,0.9901187832977614,0.00936768149882904,0.20750551876379691,0.021536405000006198,0.8317943558168035,0.813344625,0.9653179190751445,0.2505,0.3977768955934895,0.009,1002,36,3964,2998,0.5
CONTRASTIVE,LOGREG,82,0.1,400,DOMAIN_OOD,3858,0.01,0.9901187832977614,0.00936768149882904,0.20750551876379691,0.021536405000006198,0.7990482616076198,0.7860582562782834,0.9542682926829268,0.16226023846552617,0.2773593265396544,0.007776049766718507,313,15,1914,1616,0.5
CONTRASTIVE,LOGREG,82,0.1,400,TEMPLATE_OOD,6832,0.01,0.9901187832977614,0.00936768149882904,0.20750551876379691,0.021536405000006198,0.8381649099402146,0.8187640028465027,0.9723756906077348,0.2576112412177986,0.4073131219625087,0.007318501170960188,880,25,3391,2536,0.5
CONTRASTIVE,LOGREG,82,0.1,400,DOMAIN_TEMPLATE_OOD,3708,0.01,0.9901187832977614,0.00936768149882904,0.20750551876379691,0.021536405000006198,0.7924372690677814,0.7758518565066466,0.9569230769230769,0.16774541531823084,0.2854520422212024,0.007551240560949299,311,14,1840,1543,0.5
CONTRASTIVE,LOGREG,82,0.1,400,IID_ORIGINAL,3051,0.02,0.9690193376209463,0.01990632318501171,0.3554083885209713,0.021536405000006198,0.7416353924078287,0.8291434956184073,0.8317307692307693,0.3270321361058601,0.4694708276797829,0.035122930255895635,346,70,1923,712,0.3467715503113733
CONTRASTIVE,LOGREG,82,0.1,400,IID_BALANCED,2116,0.02,0.9690193376209463,0.01990632318501171,0.3554083885209713,0.021536405000006198,0.8368912499655182,0.8358800175814124,0.8987012987012987,0.3270321361058601,0.47955647955647956,0.036862003780718335,346,39,1019,712,0.5
CONTRASTIVE,LOGREG,82,0.1,400,TEMPORAL,8000,0.02,0.9690193376209463,0.01990632318501171,0.3554083885209713,0.021536405000006198,0.8317943558168035,0.813344625,0.9397260273972603,0.343,0.5025641025641026,0.022,1372,88,3912,2628,0.5
CONTRASTIVE,LOGREG,82,0.1,400,DOMAIN_OOD,3858,0.02,0.9690193376209463,0.01990632318501171,0.3554083885209713,0.021536405000006198,0.7990482616076198,0.7860582562782834,0.9334637964774951,0.24727838258164853,0.3909836065573771,0.01762571280456195,477,34,1895,1452,0.5
CONTRASTIVE,LOGREG,82,0.1,400,TEMPLATE_OOD,6832,0.02,0.9690193376209463,0.01990632318501171,0.3554083885209713,0.021536405000006198,0.8381649099402146,0.8187640028465027,0.9506369426751592,0.34953161592505855,0.5111301369863014,0.018149882903981264,1194,62,3354,2222,0.5
CONTRASTIVE,LOGREG,82,0.1,400,DOMAIN_TEMPLATE_OOD,3708,0.02,0.9690193376209463,0.01990632318501171,0.3554083885209713,0.021536405000006198,0.7924372690677814,0.7758518565066466,0.937625754527163,0.2513484358144552,0.3964270523181625,0.016720604099244876,466,31,1823,1388,0.5
CONTRASTIVE,XGBOOST,82,0.1,400,IID_ORIGINAL,3051,0.005,0.9880093932151796,0.00468384074941452,0.08609271523178808,2.7578200569996625,0.7050664134153954,0.8065099303137541,0.8850574712643678,0.07277882797731569,0.13449781659388646,0.005017561465127948,77,10,1983,981,0.3467715503113733
CONTRASTIVE,XGBOOST,82,0.1,400,IID_BALANCED,2116,0.005,0.9880093932151796,0.00468384074941452,0.08609271523178808,2.7578200569996625,0.8129582037611767,0.8144196168538563,0.9058823529411765,0.07277882797731569,0.1347331583552056,0.007561436672967864,77,8,1050,981,0.5
CONTRASTIVE,XGBOOST,82,0.1,400,TEMPORAL,8000,0.005,0.9880093932151796,0.00468384074941452,0.08609271523178808,2.7578200569996625,0.8118834824765929,0.7869548125,0.9742647058823529,0.1325,0.23327464788732394,0.0035,530,14,3986,3470,0.5
CONTRASTIVE,XGBOOST,82,0.1,400,DOMAIN_OOD,3858,0.005,0.9880093932151796,0.00468384074941452,0.08609271523178808,2.7578200569996625,0.7753204941340982,0.7540674773537835,0.9603174603174603,0.06272680145152928,0.11776155717761558,0.002592016588906169,121,5,1924,1808,0.5
CONTRASTIVE,XGBOOST,82,0.1,400,TEMPLATE_OOD,6832,0.005,0.9880093932151796,0.00468384074941452,0.08609271523178808,2.7578200569996625,0.8214249185244022,0.7931764146131444,0.9829787234042553,0.13524590163934427,0.2377766340710242,0.00234192037470726,462,8,3408,2954,0.5
CONTRASTIVE,XGBOOST,82,0.1,400,DOMAIN_TEMPLATE_OOD,3708,0.005,0.9880093932151796,0.00468384074941452,0.08609271523178808,2.7578200569996625,0.7704738309186535,0.74753412255376,0.9537037037037037,0.05555555555555555,0.10499490316004077,0.002696871628910464,103,5,1849,1751,0.5
CONTRASTIVE,XGBOOST,82,0.1,400,IID_ORIGINAL,3051,0.01,0.9692643880844117,0.00936768149882904,0.16114790286975716,2.7578200569996625,0.7050664134153954,0.8065099303137541,0.8641304347826086,0.1502835538752363,0.2560386473429952,0.012543903662819869,159,25,1968,899,0.3467715503113733
CONTRASTIVE,XGBOOST,82,0.1,400,IID_BALANCED,2116,0.01,0.9692643880844117,0.00936768149882904,0.16114790286975716,2.7578200569996625,0.8129582037611767,0.8144196168538563,0.9190751445086706,0.1502835538752363,0.25832656376929325,0.013232514177693762,159,14,1044,899,0.5
CONTRASTIVE,XGBOOST,82,0.1,400,TEMPORAL,8000,0.01,0.9692643880844117,0.00936768149882904,0.16114790286975716,2.7578200569996625,0.8118834824765929,0.7869548125,0.9607609988109393,0.202,0.3338153274116918,0.00825,808,33,3967,3192,0.5
CONTRASTIVE,XGBOOST,82,0.1,400,DOMAIN_OOD,3858,0.01,0.9692643880844117,0.00936768149882904,0.16114790286975716,2.7578200569996625,0.7753204941340982,0.7540674773537835,0.9475982532751092,0.11249351995852773,0.20111214087117701,0.006220839813374806,217,12,1917,1712,0.5
CONTRASTIVE,XGBOOST,82,0.1,400,TEMPLATE_OOD,6832,0.01,0.9692643880844117,0.00936768149882904,0.16114790286975716,2.7578200569996625,0.8214249185244022,0.7931764146131444,0.9724896836313618,0.2069672131147541,0.34129857591117546,0.00585480093676815,707,20,3396,2709,0.5
CONTRASTIVE,XGBOOST,82,0.1,400,DOMAIN_TEMPLATE_OOD,3708,0.01,0.9692643880844117,0.00936768149882904,0.16114790286975716,2.7578200569996625,0.7704738309186535,0.74753412255376,0.941747572815534,0.104638619201726,0.1883495145631068,0.006472491909385114,194,12,1842,1660,0.5
CONTRASTIVE,XGBOOST,82,0.1,400,IID_ORIGINAL,3051,0.02,0.9396817684173585,0.01990632318501171,0.24282560706401765,2.7578200569996625,0.7050664134153954,0.8065099303137541,0.84375,0.2551984877126654,0.3918722786647315,0.025087807325639738,270,50,1943,788,0.3467715503113733
CONTRASTIVE,XGBOOST,82,0.1,400,IID_BALANCED,2116,0.02,0.9396817684173585,0.01990632318501171,0.24282560706401765,2.7578200569996625,0.8129582037611767,0.8144196168538563,0.9121621621621622,0.2551984877126654,0.3988183161004431,0.024574669187145556,270,26,1032,788,0.5
CONTRASTIVE,XGBOOST,82,0.1,400,TEMPORAL,8000,0.02,0.9396817684173585,0.01990632318501171,0.24282560706401765,2.7578200569996625,0.8118834824765929,0.7869548125,0.9250411861614497,0.28075,0.43076332949750673,0.02275,1123,91,3909,2877,0.5
CONTRASTIVE,XGBOOST,82,0.1,400,DOMAIN_OOD,3858,0.02,0.9396817684173585,0.01990632318501171,0.24282560706401765,2.7578200569996625,0.7753204941340982,0.7540674773537835,0.9190600522193212,0.1824779678589943,0.3044982698961938,0.01607050285121825,352,31,1898,1577,0.5
CONTRASTIVE,XGBOOST,82,0.1,400,TEMPLATE_OOD,6832,0.02,0.9396817684173585,0.01990632318501171,0.24282560706401765,2.7578200569996625,0.8214249185244022,0.7931764146131444,0.9444985394352483,0.28395784543325525,0.4366419086203016,0.01668618266978923,970,57,3359,2446,0.5
CONTRASTIVE,XGBOOST,82,0.1,400,DOMAIN_TEMPLATE_OOD,3708,0.02,0.9396817684173585,0.01990632318501171,0.24282560706401765,2.7578200569996625,0.7704738309186535,0.74753412255376,0.9150141643059491,0.17421790722761596,0.2927050294517444,0.016181229773462782,323,30,1824,1531,0.5
CONTRASTIVE,MLP,82,0.1,400,IID_ORIGINAL,3051,0.005,0.9258035421371461,0.00468384074941452,0.18101545253863136,0.21967188300004636,0.7567135518227799,0.8428972101789154,0.9432989690721649,0.17296786389413987,0.29233226837060705,0.0055193176116407425,183,11,1982,875,0.3467715503113733
CONTRASTIVE,MLP,82,0.1,400,IID_BALANCED,2116,0.005,0.9258035421371461,0.00468384074941452,0.18101545253863136,0.21967188300004636,0.8443463203727675,0.8463118342201464,0.9631578947368421,0.17296786389413987,0.2932692307692308,0.006616257088846881,183,7,1051,875,0.5
CONTRASTIVE,MLP,82,0.1,400,TEMPORAL,8000,0.005,0.9258035421371461,0.00468384074941452,0.18101545253863136,0.21967188300004636,0.8259007874649719,0.80394075,0.970873786407767,0.2,0.33167495854063017,0.006,800,24,3976,3200,0.5
CONTRASTIVE,MLP,82,0.1,400,DOMAIN_OOD,3858,0.005,0.9258035421371461,0.00468384074941452,0.18101545253863136,0.21967188300004636,0.7779827679074933,0.7661047002707039,0.9354838709677419,0.10523587350959046,0.1891891891891892,0.007257646448937273,203,14,1915,1726,0.5
CONTRASTIVE,MLP,82,0.1,400,TEMPLATE_OOD,6832,0.005,0.9258035421371461,0.00468384074941452,0.18101545253863136,0.21967188300004636,0.8318782712084326,0.8090972397424436,0.9739368998628258,0.20784543325526933,0.3425814234016888,0.0055620608899297425,710,19,3397,2706,0.5
CONTRASTIVE,MLP,82,0.1,400,DOMAIN_TEMPLATE_OOD,3708,0.005,0.9258035421371461,0.00468384074941452,0.18101545253863136,0.21967188300004636,0.7737568973169286,0.7584272147221844,0.9333333333333333,0.10571736785329018,0.18992248062015504,0.007551240560949299,196,14,1840,1658,0.5
CONTRASTIVE,MLP,82,0.1,400,IID_ORIGINAL,3051,0.01,0.8972678184509278,0.00936768149882904,0.22075055187637968,0.21967188300004636,0.7567135518227799,0.8428972101789154,0.915057915057915,0.22400756143667297,0.35990888382687924,0.011038635223281485,237,22,1971,821,0.3467715503113733
CONTRASTIVE,MLP,82,0.1,400,IID_BALANCED,2116,0.01,0.8972678184509278,0.00936768149882904,0.22075055187637968,0.21967188300004636,0.8443463203727675,0.8463118342201464,0.9404761904761905,0.22400756143667297,0.3618320610687023,0.014177693761814745,237,15,1043,821,0.5
CONTRASTIVE,MLP,82,0.1,400,TEMPORAL,8000,0.01,0.8972678184509278,0.00936768149882904,0.22075055187637968,0.21967188300004636,0.8259007874649719,0.80394075,0.9599589322381931,0.23375,0.37595496582227583,0.00975,935,39,3961,3065,0.5
CONTRASTIVE,MLP,82,0.1,400,DOMAIN_OOD,3858,0.01,0.8972678184509278,0.00936768149882904,0.22075055187637968,0.21967188300004636,0.7779827679074933,0.7661047002707039,0.9188191881918819,0.1290824261275272,0.22636363636363635,0.011404872991187144,249,22,1907,1680,0.5
CONTRASTIVE,MLP,82,0.1,400,TEMPLATE_OOD,6832,0.01,0.8972678184509278,0.00936768149882904,0.22075055187637968,0.21967188300004636,0.8318782712084326,0.8090972397424436,0.9637002341920374,0.24092505854800936,0.38548009367681496,0.009074941451990632,823,31,3385,2593,0.5
CONTRASTIVE,MLP,82,0.1,400,DOMAIN_TEMPLATE_OOD,3708,0.01,0.8972678184509278,0.00936768149882904,0.22075055187637968,0.21967188300004636,0.7737568973169286,0.7584272147221844,0.9207547169811321,0.13160733549083065,0.23029731005191129,0.011326860841423949,244,21,1833,1610,0.5
CONTRASTIVE,MLP,82,0.1,400,IID_ORIGINAL,3051,0.02,0.8426956534385682,0.01990632318501171,0.31346578366445915,0.21967188300004636,0.7567135518227799,0.8428972101789154,0.8575,0.32419659735349715,0.47050754458161864,0.028600100351229302,343,57,1936,715,0.3467715503113733
CONTRASTIVE,MLP,82,0.1,400,IID_BALANCED,2116,0.02,0.8426956534385682,0.01990632318501171,0.31346578366445915,0.21967188300004636,0.8443463203727675,0.8463118342201464,0.9074074074074074,0.32419659735349715,0.4777158774373259,0.0330812854442344,343,35,1023,715,0.5
CONTRASTIVE,MLP,82,0.1,400,TEMPORAL,8000,0.02,0.8426956534385682,0.01990632318501171,0.31346578366445915,0.21967188300004636,0.8259007874649719,0.80394075,0.9346153846153846,0.30375,0.45849056603773586,0.02125,1215,85,3915,2785,0.5
CONTRASTIVE,MLP,82,0.1,400,DOMAIN_OOD,3858,0.02,0.8426956534385682,0.01990632318501171,0.31346578366445915,0.21967188300004636,0.7779827679074933,0.7661047002707039,0.8909952606635071,0.19491964748574392,0.3198638877073586,0.023846552617936754,376,46,1883,1553,0.5
CONTRASTIVE,MLP,82,0.1,400,TEMPLATE_OOD,6832,0.02,0.8426956534385682,0.01990632318501171,0.31346578366445915,0.21967188300004636,0.8318782712084326,0.8090972397424436,0.9402852049910874,0.3088407494145199,0.4649625385632437,0.019613583138173303,1055,67,3349,2361,0.5
CONTRASTIVE,MLP,82,0.1,400,DOMAIN_TEMPLATE_OOD,3708,0.02,0.8426956534385682,0.01990632318501171,0.31346578366445915,0.21967188300004636,0.7737568973169286,0.7584272147221844,0.8943488943488943,0.19633225458468176,0.3219814241486068,0.02319309600862999,364,43,1811,1490,0.5
BASE,LOGREG,82,0.25,1000,IID_ORIGINAL,3051,0.005,0.9950471713070675,0.00468384074941452,0.20750551876379691,0.38481416499962506,0.8490871172761691,0.9032687183971879,0.9521276595744681,0.16918714555765596,0.28731942215088285,0.004515805318615153,179,9,1984,879,0.3467715503113733
BASE,LOGREG,82,0.25,1000,IID_BALANCED,2116,0.005,0.9950471713070675,0.00468384074941452,0.20750551876379691,0.38481416499962506,0.9078575353711189,0.9036658316686976,0.9835164835164835,0.16918714555765596,0.2887096774193548,0.002835538752362949,179,3,1055,879,0.5
BASE,LOGREG,82,0.25,1000,TEMPORAL,8000,0.005,0.9950471713070675,0.00468384074941452,0.20750551876379691,0.38481416499962506,0.9315582063736056,0.9236455625,0.9870722433460076,0.3245,0.48842897460018814,0.00425,1298,17,3983,2702,0.5
BASE,LOGREG,82,0.25,1000,DOMAIN_OOD,3858,0.005,0.9950471713070675,0.00468384074941452,0.20750551876379691,0.38481416499962506,0.9172521281618927,0.9055740046938479,0.9908256880733946,0.27993779160186627,0.43654001616814875,0.002592016588906169,540,5,1924,1389,0.5
BASE,LOGREG,82,0.25,1000,TEMPLATE_OOD,6832,0.005,0.9950471713070675,0.00468384074941452,0.20750551876379691,0.38481416499962506,0.9296675059286768,0.920295609173527,0.9881710646041856,0.31791569086651056,0.48106312292358805,0.0038056206088992973,1086,13,3403,2330,0.5
BASE,LOGREG,82,0.25,1000,DOMAIN_TEMPLATE_OOD,3708,0.005,0.9950471713070675,0.00468384074941452,0.20750551876379691,0.38481416499962506,0.9101934739335718,0.8978060207440923,0.9899396378269618,0.26537216828478966,0.41854529987239475,0.002696871628910464,492,5,1849,1362,0.5
BASE,LOGREG,82,0.25,1000,IID_ORIGINAL,3051,0.01,0.9842016899124881,0.00936768149882904,0.2913907284768212,0.38481416499962506,0.8490871172761691,0.9032687183971879,0.9323076923076923,0.28638941398865786,0.43817787418655096,0.011038635223281485,303,22,1971,755,0.3467715503113733
BASE,LOGREG,82,0.25,1000,IID_BALANCED,2116,0.01,0.9842016899124881,0.00936768149882904,0.2913907284768212,0.38481416499962506,0.9078575353711189,0.9036658316686976,0.9619047619047619,0.28638941398865786,0.44136926438455937,0.011342155009451797,303,12,1046,755,0.5
BASE,LOGREG,82,0.25,1000,TEMPORAL,8000,0.01,0.9842016899124881,0.00936768149882904,0.2913907284768212,0.38481416499962506,0.9315582063736056,0.9236455625,0.9731947483588621,0.44475,0.6105010295126974,0.01225,1779,49,3951,2221,0.5
BASE,LOGREG,82,0.25,1000,DOMAIN_OOD,3858,0.01,0.9842016899124881,0.00936768149882904,0.2913907284768212,0.38481416499962506,0.9172521281618927,0.9055740046938479,0.973384030418251,0.39813374805598756,0.565121412803532,0.01088646967340591,768,21,1908,1161,0.5
BASE,LOGREG,82,0.25,1000,TEMPLATE_OOD,6832,0.01,0.9842016899124881,0.00936768149882904,0.2913907284768212,0.38481416499962506,0.9296675059286768,0.920295609173527,0.9760827407886231,0.4420374707259953,0.6085029216199879,0.010831381733021077,1510,37,3379,1906,0.5
BASE,LOGREG,82,0.25,1000,DOMAIN_TEMPLATE_OOD,3708,0.01,0.9842016899124881,0.00936768149882904,0.2913907284768212,0.38481416499962506,0.9101934739335718,0.8978060207440923,0.9727891156462585,0.3856526429341963,0.552336809578988,0.010787486515641856,715,20,1834,1139,0.5
BASE,LOGREG,82,0.25,1000,IID_ORIGINAL,3051,0.02,0.9368869648507099,0.01990632318501171,0.4966887417218543,0.38481416499962506,0.8490871172761691,0.9032687183971879,0.9257246376811594,0.4829867674858223,0.6347826086956522,0.020572002007024585,511,41,1952,547,0.3467715503113733
BASE,LOGREG,82,0.25,1000,IID_BALANCED,2116,0.02,0.9368869648507099,0.01990632318501171,0.4966887417218543,0.38481416499962506,0.9078575353711189,0.9036658316686976,0.9569288389513109,0.4829867674858223,0.6419597989949749,0.021739130434782608,511,23,1035,547,0.5
BASE,LOGREG,82,0.25,1000,TEMPORAL,8000,0.02,0.9368869648507099,0.01990632318501171,0.4966887417218543,0.38481416499962506,0.9315582063736056,0.9236455625,0.9646808510638298,0.56675,0.714015748031496,0.02075,2267,83,3917,1733,0.5
BASE,LOGREG,82,0.25,1000,DOMAIN_OOD,3858,0.02,0.9368869648507099,0.01990632318501171,0.4966887417218543,0.38481416499962506,0.9172521281618927,0.9055740046938479,0.9664429530201343,0.5225505443234837,0.6783310901749664,0.018144116122343183,1008,35,1894,921,0.5
BASE,LOGREG,82,0.25,1000,TEMPLATE_OOD,6832,0.02,0.9368869648507099,0.01990632318501171,0.4966887417218543,0.38481416499962506,0.9296675059286768,0.920295609173527,0.967479674796748,0.5573770491803278,0.7072808320950966,0.01873536299765808,1904,64,3352,1512,0.5
BASE,LOGREG,82,0.25,1000,DOMAIN_TEMPLATE_OOD,3708,0.02,0.9368869648507099,0.01990632318501171,0.4966887417218543,0.38481416499962506,0.9101934739335718,0.8978060207440923,0.9664570230607966,0.49730312837108953,0.6566951566951567,0.017259978425026967,922,32,1822,932,0.5
BASE,XGBOOST,82,0.25,1000,IID_ORIGINAL,3051,0.005,0.994814157485962,0.00468384074941452,0.20750551876379691,3.771841415000381,0.8304441958634358,0.8974141062717622,0.9490740740740741,0.1937618147448015,0.3218210361067504,0.0055193176116407425,205,11,1982,853,0.3467715503113733
BASE,XGBOOST,82,0.25,1000,IID_BALANCED,2116,0.005,0.994814157485962,0.00468384074941452,0.20750551876379691,3.771841415000381,0.891127325311527,0.8956925539860134,0.9669811320754716,0.1937618147448015,0.3228346456692913,0.006616257088846881,205,7,1051,853,0.5
BASE,XGBOOST,82,0.25,1000,TEMPORAL,8000,0.005,0.994814157485962,0.00468384074941452,0.20750551876379691,3.771841415000381,0.9112919629309527,0.9042183125000001,0.9829497016197783,0.28825,0.4457761453701914,0.005,1153,20,3980,2847,0.5
BASE,XGBOOST,82,0.25,1000,DOMAIN_OOD,3858,0.005,0.994814157485962,0.00468384074941452,0.20750551876379691,3.771841415000381,0.8864489699392435,0.8770424727918881,0.9848101265822785,0.20165889061689996,0.3347676419965577,0.003110419906687403,389,6,1923,1540,0.5
BASE,XGBOOST,82,0.25,1000,TEMPLATE_OOD,6832,0.005,0.994814157485962,0.00468384074941452,0.20750551876379691,3.771841415000381,0.907968282938667,0.8980980980809417,0.9898477157360406,0.2854215456674473,0.4430811179277437,0.002927400468384075,975,10,3406,2441,0.5
BASE,XGBOOST,82,0.25,1000,DOMAIN_TEMPLATE_OOD,3708,0.005,0.994814157485962,0.00468384074941452,0.20750551876379691,3.771841415000381,0.8746504716934739,0.8657181940793339,0.9855491329479769,0.18392664509169362,0.31,0.002696871628910464,341,5,1849,1513,0.5
BASE,XGBOOST,82,0.25,1000,IID_ORIGINAL,3051,0.01,0.9832073450088502,0.00936768149882904,0.3686534216335541,3.771841415000381,0.8304441958634358,0.8974141062717622,0.9407216494845361,0.3449905482041588,0.5048409405255878,0.01154039136979428,365,23,1970,693,0.3467715503113733
BASE,XGBOOST,82,0.25,1000,IID_BALANCED,2116,0.01,0.9832073450088502,0.00936768149882904,0.3686534216335541,3.771841415000381,0.891127325311527,0.8956925539860134,0.9605263157894737,0.3449905482041588,0.5076495132127955,0.014177693761814745,365,15,1043,693,0.5
BASE,XGBOOST,82,0.25,1000,TEMPORAL,8000,0.01,0.9832073450088502,0.00936768149882904,0.3686534216335541,3.771841415000381,0.9112919629309527,0.9042183125000001,0.9751552795031055,0.3925,0.5597147950089126,0.01,1570,40,3960,2430,0.5
BASE,XGBOOST,82,0.25,1000,DOMAIN_OOD,3858,0.01,0.9832073450088502,0.00936768149882904,0.3686534216335541,3.771841415000381,0.8864489699392435,0.8770424727918881,0.9711864406779661,0.29704510108864696,0.4549424374751886,0.008812856402280975,573,17,1912,1356,0.5
BASE,XGBOOST,82,0.25,1000,TEMPLATE_OOD,6832,0.01,0.9832073450088502,0.00936768149882904,0.3686534216335541,3.771841415000381,0.907968282938667,0.8980980980809417,0.9795763993948563,0.3790983606557377,0.5466441536513297,0.007903981264637002,1295,27,3389,2121,0.5
BASE,XGBOOST,82,0.25,1000,DOMAIN_TEMPLATE_OOD,3708,0.01,0.9832073450088502,0.00936768149882904,0.3686534216335541,3.771841415000381,0.8746504716934739,0.8657181940793339,0.9691714836223507,0.27130528586839264,0.42393594605983986,0.008629989212513484,503,16,1838,1351,0.5
BASE,XGBOOST,82,0.25,1000,IID_ORIGINAL,3051,0.02,0.9488802552223207,0.01990632318501171,0.45916114790286977,3.771841415000381,0.8304441958634358,0.8974141062717622,0.9176470588235294,0.44234404536862004,0.5969387755102041,0.021073758153537382,468,42,1951,590,0.3467715503113733
BASE,XGBOOST,82,0.25,1000,IID_BALANCED,2116,0.02,0.9488802552223207,0.01990632318501171,0.45916114790286977,3.771841415000381,0.891127325311527,0.8956925539860134,0.9454545454545454,0.44234404536862004,0.6027044430135222,0.02551984877126654,468,27,1031,590,0.5
BASE,XGBOOST,82,0.25,1000,TEMPORAL,8000,0.02,0.9488802552223207,0.01990632318501171,0.45916114790286977,3.771841415000381,0.9112919629309527,0.9042183125000001,0.9643201542912246,0.5,0.658544616397761,0.0185,2000,74,3926,2000,0.5
BASE,XGBOOST,82,0.25,1000,DOMAIN_OOD,3858,0.02,0.9488802552223207,0.01990632318501171,0.45916114790286977,3.771841415000381,0.8864489699392435,0.8770424727918881,0.9556354916067147,0.4131674442716433,0.576909156713717,0.01918092275790565,797,37,1892,1132,0.5
BASE,XGBOOST,82,0.25,1000,TEMPLATE_OOD,6832,0.02,0.9488802552223207,0.01990632318501171,0.45916114790286977,3.771841415000381,0.907968282938667,0.8980980980809417,0.9657210401891253,0.4783372365339578,0.6397807361002349,0.016978922716627636,1634,58,3358,1782,0.5
BASE,XGBOOST,82,0.25,1000,DOMAIN_TEMPLATE_OOD,3708,0.02,0.9488802552223207,0.01990632318501171,0.45916114790286977,3.771841415000381,0.8746504716934739,0.8657181940793339,0.9506849315068493,0.3743257820927724,0.5371517027863777,0.019417475728155338,694,36,1818,1160,0.5
BASE,MLP,82,0.25,1000,IID_ORIGINAL,3051,0.005,0.9946187734603883,0.00468384074941452,0.3620309050772627,0.5553336160000981,0.8635857488538683,0.9119669315192969,0.9628571428571429,0.31852551984877125,0.4786931818181818,0.006522829904666332,337,13,1980,721,0.3467715503113733
BASE,MLP,82,0.25,1000,IID_BALANCED,2116,0.005,0.9946187734603883,0.00468384074941452,0.3620309050772627,0.5553336160000981,0.9149574610263718,0.9110887968524983,0.9768115942028985,0.31852551984877125,0.4803991446899501,0.007561436672967864,337,8,1050,721,0.5
BASE,MLP,82,0.25,1000,TEMPORAL,8000,0.005,0.9946187734603883,0.00468384074941452,0.3620309050772627,0.5553336160000981,0.9306372930089575,0.92627265625,0.9847480106100795,0.37125,0.5392156862745098,0.00575,1485,23,3977,2515,0.5
BASE,MLP,82,0.25,1000,DOMAIN_OOD,3858,0.005,0.9946187734603883,0.00468384074941452,0.3620309050772627,0.5553336160000981,0.9096843049602445,0.901736503306467,0.9874326750448833,0.28512182477967857,0.4424778761061947,0.0036288232244686366,550,7,1922,1379,0.5
BASE,MLP,82,0.25,1000,TEMPLATE_OOD,6832,0.005,0.9946187734603883,0.00468384074941452,0.3620309050772627,0.5553336160000981,0.9273579242276084,0.921201894994762,0.9873116574147502,0.3644613583138173,0.5323925593329057,0.00468384074941452,1245,16,3400,2171,0.5
BASE,MLP,82,0.25,1000,DOMAIN_TEMPLATE_OOD,3708,0.005,0.9946187734603883,0.00468384074941452,0.3620309050772627,0.5553336160000981,0.9007544119564976,0.8924548979494465,0.9859437751004017,0.26483279395900755,0.4175170068027211,0.0037756202804746495,491,7,1847,1363,0.5
BASE,MLP,82,0.25,1000,IID_ORIGINAL,3051,0.01,0.9885501265525819,0.00936768149882904,0.40397350993377484,0.5553336160000981,0.8635857488538683,0.9119669315192969,0.9513381995133819,0.3695652173913043,0.5323349217154527,0.010035122930255895,391,20,1973,667,0.3467715503113733
BASE,MLP,82,0.25,1000,IID_BALANCED,2116,0.01,0.9885501265525819,0.00936768149882904,0.40397350993377484,0.5553336160000981,0.9149574610263718,0.9110887968524983,0.972636815920398,0.3695652173913043,0.5356164383561643,0.010396975425330813,391,11,1047,667,0.5
BASE,MLP,82,0.25,1000,TEMPORAL,8000,0.01,0.9885501265525819,0.00936768149882904,0.40397350993377484,0.5553336160000981,0.9306372930089575,0.92627265625,0.9795037756202805,0.454,0.6204304748889649,0.0095,1816,38,3962,2184,0.5
BASE,MLP,82,0.25,1000,DOMAIN_OOD,3858,0.01,0.9885501265525819,0.00936768149882904,0.40397350993377484,0.5553336160000981,0.9096843049602445,0.901736503306467,0.9836956521739131,0.37532400207361327,0.5433395872420262,0.006220839813374806,724,12,1917,1205,0.5
BASE,MLP,82,0.25,1000,TEMPLATE_OOD,6832,0.01,0.9885501265525819,0.00936768149882904,0.40397350993377484,0.5553336160000981,0.9273579242276084,0.921201894994762,0.9831606217616581,0.44437939110070257,0.6120967741935484,0.007611241217798595,1518,26,3390,1898,0.5
BASE,MLP,82,0.25,1000,DOMAIN_TEMPLATE_OOD,3708,0.01,0.9885501265525819,0.00936768149882904,0.40397350993377484,0.5553336160000981,0.9007544119564976,0.8924548979494465,0.9823008849557522,0.3592233009708738,0.5260663507109005,0.006472491909385114,666,12,1842,1188,0.5
BASE,MLP,82,0.25,1000,IID_ORIGINAL,3051,0.02,0.9341390728950502,0.01990632318501171,0.5386313465783664,0.5553336160000981,0.8635857488538683,0.9119669315192969,0.9177852348993288,0.5170132325141777,0.6614268440145102,0.024586051179126944,547,49,1944,511,0.3467715503113733
BASE,MLP,82,0.25,1000,IID_BALANCED,2116,0.02,0.9341390728950502,0.01990632318501171,0.5386313465783664,0.5553336160000981,0.9149574610263718,0.9110887968524983,0.9496527777777778,0.5170132325141777,0.6695226438188494,0.027410207939508508,547,29,1029,511,0.5
BASE,MLP,82,0.25,1000,TEMPORAL,8000,0.02,0.9341390728950502,0.01990632318501171,0.5386313465783664,0.5553336160000981,0.9306372930089575,0.92627265625,0.9634913973982375,0.574,0.7194109352968824,0.02175,2296,87,3913,1704,0.5
BASE,MLP,82,0.25,1000,DOMAIN_OOD,3858,0.02,0.9341390728950502,0.01990632318501171,0.5386313465783664,0.5553336160000981,0.9096843049602445,0.901736503306467,0.9591633466135459,0.49922239502332816,0.6566655301738834,0.021254536029030584,963,41,1888,966,0.5
BASE,MLP,82,0.25,1000,TEMPLATE_OOD,6832,0.02,0.9341390728950502,0.01990632318501171,0.5386313465783664,0.5553336160000981,0.9273579242276084,0.921201894994762,0.9677584442169908,0.5535714285714286,0.7042830540037244,0.018442622950819672,1891,63,3353,1525,0.5
BASE,MLP,82,0.25,1000,DOMAIN_TEMPLATE_OOD,3708,0.02,0.9341390728950502,0.01990632318501171,0.5386313465783664,0.5553336160000981,0.9007544119564976,0.8924548979494465,0.9580573951434879,0.46817691477885653,0.6289855072463768,0.020496224379719527,868,38,1816,986,0.5
DAPT,LOGREG,82,0.25,1000,IID_ORIGINAL,3051,0.005,0.991375404455067,0.00468384074941452,0.25165562913907286,0.3280577199993786,0.8329040360940492,0.9048636200235798,0.9147982062780269,0.19281663516068054,0.3185011709601874,0.009533366783743101,204,19,1974,854,0.3467715503113733
DAPT,LOGREG,82,0.25,1000,IID_BALANCED,2116,0.005,0.991375404455067,0.00468384074941452,0.25165562913907286,0.3280577199993786,0.9002668129267796,0.9069185716174543,0.9577464788732394,0.19281663516068054,0.3210070810385523,0.008506616257088847,204,9,1049,854,0.5
DAPT,LOGREG,82,0.25,1000,TEMPORAL,8000,0.005,0.991375404455067,0.00468384074941452,0.25165562913907286,0.3280577199993786,0.9286948006718043,0.9262633125000002,0.9779086892488954,0.332,0.49570735349010825,0.0075,1328,30,3970,2672,0.5
DAPT,LOGREG,82,0.25,1000,DOMAIN_OOD,3858,0.005,0.991375404455067,0.00468384074941452,0.25165562913907286,0.3280577199993786,0.9200825851596475,0.9131310297306587,0.984375,0.2939346811819596,0.45269461077844314,0.004665629860031105,567,9,1920,1362,0.5
DAPT,LOGREG,82,0.25,1000,TEMPLATE_OOD,6832,0.005,0.991375404455067,0.00468384074941452,0.25165562913907286,0.3280577199993786,0.9295487403264926,0.925787398740738,0.984375,0.3135245901639344,0.4755772646536412,0.004976580796252928,1071,17,3399,2345,0.5
DAPT,LOGREG,82,0.25,1000,DOMAIN_TEMPLATE_OOD,3708,0.005,0.991375404455067,0.00468384074941452,0.25165562913907286,0.3280577199993786,0.9113303882495987,0.9046119123176339,0.9822134387351779,0.2680690399137001,0.4211864406779661,0.0048543689320388345,497,9,1845,1357,0.5
DAPT,LOGREG,82,0.25,1000,IID_ORIGINAL,3051,0.01,0.985255588535038,0.00936768149882904,0.2869757174392936,0.3280577199993786,0.8329040360940492,0.9048636200235798,0.9,0.2381852551984877,0.37668161434977576,0.014049172102358254,252,28,1965,806,0.3467715503113733
DAPT,LOGREG,82,0.25,1000,IID_BALANCED,2116,0.01,0.985255588535038,0.00936768149882904,0.2869757174392936,0.3280577199993786,0.9002668129267796,0.9069185716174543,0.9509433962264151,0.2381852551984877,0.38095238095238093,0.012287334593572778,252,13,1045,806,0.5
DAPT,LOGREG,82,0.25,1000,TEMPORAL,8000,0.01,0.985255588535038,0.00936768149882904,0.2869757174392936,0.3280577199993786,0.9286948006718043,0.9262633125000002,0.9765970904490828,0.386,0.5533058591650242,0.00925,1544,37,3963,2456,0.5
DAPT,LOGREG,82,0.25,1000,DOMAIN_OOD,3858,0.01,0.985255588535038,0.00936768149882904,0.2869757174392936,0.3280577199993786,0.9200825851596475,0.9131310297306587,0.984984984984985,0.34007257646448935,0.505587668593449,0.005184033177812338,656,10,1919,1273,0.5
DAPT,LOGREG,82,0.25,1000,TEMPLATE_OOD,6832,0.01,0.985255588535038,0.00936768149882904,0.2869757174392936,0.3280577199993786,0.9295487403264926,0.925787398740738,0.9826086956521739,0.3638758782201405,0.5310831019013031,0.006440281030444965,1243,22,3394,2173,0.5
DAPT,LOGREG,82,0.25,1000,DOMAIN_TEMPLATE_OOD,3708,0.01,0.985255588535038,0.00936768149882904,0.2869757174392936,0.3280577199993786,0.9113303882495987,0.9046119123176339,0.9826388888888888,0.30528586839266453,0.46584362139917695,0.005393743257820928,566,10,1844,1288,0.5
DAPT,LOGREG,82,0.25,1000,IID_ORIGINAL,3051,0.02,0.9468100246854152,0.01990632318501171,0.4392935982339956,0.3280577199993786,0.8329040360940492,0.9048636200235798,0.8881720430107527,0.390359168241966,0.5423506237688772,0.02609131961866533,413,52,1941,645,0.3467715503113733
DAPT,LOGREG,82,0.25,1000,IID_BALANCED,2116,0.02,0.9468100246854152,0.01990632318501171,0.4392935982339956,0.3280577199993786,0.9002668129267796,0.9069185716174543,0.9407744874715261,0.390359168241966,0.5517702070808284,0.024574669187145556,413,26,1032,645,0.5
DAPT,LOGREG,82,0.25,1000,TEMPORAL,8000,0.02,0.9468100246854152,0.01990632318501171,0.4392935982339956,0.3280577199993786,0.9286948006718043,0.9262633125000002,0.9671989641778161,0.56025,0.7095140098147855,0.019,2241,76,3924,1759,0.5
DAPT,LOGREG,82,0.25,1000,DOMAIN_OOD,3858,0.02,0.9468100246854152,0.01990632318501171,0.4392935982339956,0.3280577199993786,0.9200825851596475,0.9131310297306587,0.9750499001996008,0.5064800414722654,0.6666666666666666,0.012960082944530845,977,25,1904,952,0.5
DAPT,LOGREG,82,0.25,1000,TEMPLATE_OOD,6832,0.02,0.9468100246854152,0.01990632318501171,0.4392935982339956,0.3280577199993786,0.9295487403264926,0.925787398740738,0.9734888653234358,0.5374707259953162,0.6925688419464353,0.014637002341920375,1836,50,3366,1580,0.5
DAPT,LOGREG,82,0.25,1000,DOMAIN_TEMPLATE_OOD,3708,0.02,0.9468100246854152,0.01990632318501171,0.4392935982339956,0.3280577199993786,0.9113303882495987,0.9046119123176339,0.9743875278396437,0.47195253505933116,0.6359011627906976,0.012405609492988134,875,23,1831,979,0.5
DAPT,XGBOOST,82,0.25,1000,IID_ORIGINAL,3051,0.005,0.9978008866310121,0.00468384074941452,0.16997792494481237,3.6677831699998933,0.8354696931089647,0.8921646367200134,0.9644970414201184,0.15406427221172023,0.2656886715566422,0.0030105368790767687,163,6,1987,895,0.3467715503113733
DAPT,XGBOOST,82,0.25,1000,IID_BALANCED,2116,0.005,0.9978008866310121,0.00468384074941452,0.16997792494481237,3.6677831699998933,0.8954839986447825,0.8922611411480089,0.9819277108433735,0.15406427221172023,0.26633986928104575,0.002835538752362949,163,3,1055,895,0.5
DAPT,XGBOOST,82,0.25,1000,TEMPORAL,8000,0.005,0.9978008866310121,0.00468384074941452,0.16997792494481237,3.6677831699998933,0.919652686049805,0.9124697499999999,0.985981308411215,0.211,0.34761120263591433,0.003,844,12,3988,3156,0.5
DAPT,XGBOOST,82,0.25,1000,DOMAIN_OOD,3858,0.005,0.9978008866310121,0.00468384074941452,0.16997792494481237,3.6677831699998933,0.8971330062312546,0.8878507385433271,0.9923664122137404,0.13478486262312078,0.23733455043359197,0.0010368066355624676,260,2,1927,1669,0.5
DAPT,XGBOOST,82,0.25,1000,TEMPLATE_OOD,6832,0.005,0.9978008866310121,0.00468384074941452,0.16997792494481237,3.6677831699998933,0.9185575718695889,0.9091782574357343,0.9930555555555556,0.20930913348946137,0.34574468085106386,0.0014637002341920376,715,5,3411,2701,0.5
DAPT,XGBOOST,82,0.25,1000,DOMAIN_TEMPLATE_OOD,3708,0.005,0.9978008866310121,0.00468384074941452,0.16997792494481237,3.6677831699998933,0.8859940286089942,0.8753123076260664,0.9920318725099602,0.1343042071197411,0.2365795724465558,0.0010787486515641855,249,2,1852,1605,0.5
DAPT,XGBOOST,82,0.25,1000,IID_ORIGINAL,3051,0.01,0.9927229285240174,0.00936768149882904,0.3509933774834437,3.6677831699998933,0.8354696931089647,0.8921646367200134,0.9452054794520548,0.32608695652173914,0.4848910751932537,0.010035122930255895,345,20,1973,713,0.3467715503113733
DAPT,XGBOOST,82,0.25,1000,IID_BALANCED,2116,0.01,0.9927229285240174,0.00936768149882904,0.3509933774834437,3.6677831699998933,0.8954839986447825,0.8922611411480089,0.9636871508379888,0.32608695652173914,0.4872881355932203,0.012287334593572778,345,13,1045,713,0.5
DAPT,XGBOOST,82,0.25,1000,TEMPORAL,8000,0.01,0.9927229285240174,0.00936768149882904,0.3509933774834437,3.6677831699998933,0.919652686049805,0.9124697499999999,0.9801762114537445,0.33375,0.4979485266691533,0.00675,1335,27,3973,2665,0.5
DAPT,XGBOOST,82,0.25,1000,DOMAIN_OOD,3858,0.01,0.9927229285240174,0.00936768149882904,0.3509933774834437,3.6677831699998933,0.8971330062312546,0.8878507385433271,0.9854469854469855,0.24572317262830481,0.3933609958506224,0.0036288232244686366,474,7,1922,1455,0.5
DAPT,XGBOOST,82,0.25,1000,TEMPLATE_OOD,6832,0.01,0.9927229285240174,0.00936768149882904,0.3509933774834437,3.6677831699998933,0.9185575718695889,0.9091782574357343,0.9892086330935251,0.32201405152224827,0.48586572438162545,0.00351288056206089,1100,12,3404,2316,0.5
DAPT,XGBOOST,82,0.25,1000,DOMAIN_TEMPLATE_OOD,3708,0.01,0.9927229285240174,0.00936768149882904,0.3509933774834437,3.6677831699998933,0.8859940286089942,0.8753123076260664,0.9832935560859188,0.2222222222222222,0.36251649802023755,0.0037756202804746495,412,7,1847,1442,0.5
DAPT,XGBOOST,82,0.25,1000,IID_ORIGINAL,3051,0.02,0.954813301563263,0.01990632318501171,0.4613686534216336,3.6677831699998933,0.8354696931089647,0.8921646367200134,0.9127272727272727,0.47448015122873344,0.6243781094527363,0.02408429503261415,502,48,1945,556,0.3467715503113733
DAPT,XGBOOST,82,0.25,1000,IID_BALANCED,2116,0.02,0.954813301563263,0.01990632318501171,0.4613686534216336,3.6677831699998933,0.8954839986447825,0.8922611411480089,0.9471698113207547,0.47448015122873344,0.6322418136020151,0.026465028355387523,502,28,1030,556,0.5
DAPT,XGBOOST,82,0.25,1000,TEMPORAL,8000,0.02,0.954813301563263,0.01990632318501171,0.4613686534216336,3.6677831699998933,0.919652686049805,0.9124697499999999,0.965756594169366,0.52175,0.6774874208732349,0.0185,2087,74,3926,1913,0.5
DAPT,XGBOOST,82,0.25,1000,DOMAIN_OOD,3858,0.02,0.954813301563263,0.01990632318501171,0.4613686534216336,3.6677831699998933,0.8971330062312546,0.8878507385433271,0.9601328903654485,0.4494556765163297,0.6122881355932204,0.01866251944012442,867,36,1893,1062,0.5
DAPT,XGBOOST,82,0.25,1000,TEMPLATE_OOD,6832,0.02,0.954813301563263,0.01990632318501171,0.4613686534216336,3.6677831699998933,0.9185575718695889,0.9091782574357343,0.9696629213483146,0.5052693208430913,0.6643571978444958,0.015807962529274005,1726,54,3362,1690,0.5
DAPT,XGBOOST,82,0.25,1000,DOMAIN_TEMPLATE_OOD,3708,0.02,0.954813301563263,0.01990632318501171,0.4613686534216336,3.6677831699998933,0.8859940286089942,0.8753123076260664,0.9573170731707317,0.42340884573894283,0.587135377711294,0.018878101402373247,785,35,1819,1069,0.5
DAPT,MLP,82,0.25,1000,IID_ORIGINAL,3051,0.005,0.9949688315391542,0.00468384074941452,0.2737306843267108,0.5663652569992337,0.8536595863847449,0.9103812777613899,0.9662447257383966,0.21644612476370512,0.35366795366795367,0.004014049172102358,229,8,1985,829,0.3467715503113733
DAPT,MLP,82,0.25,1000,IID_BALANCED,2116,0.005,0.9949688315391542,0.00468384074941452,0.2737306843267108,0.5663652569992337,0.9098633799595408,0.9112893571706792,0.9786324786324786,0.21644612476370512,0.3544891640866873,0.004725897920604915,229,5,1053,829,0.5
DAPT,MLP,82,0.25,1000,TEMPORAL,8000,0.005,0.9949688315391542,0.00468384074941452,0.2737306843267108,0.5663652569992337,0.936441617501975,0.9324466874999999,0.989648033126294,0.3585,0.5263351073591485,0.00375,1434,15,3985,2566,0.5
DAPT,MLP,82,0.25,1000,DOMAIN_OOD,3858,0.005,0.9949688315391542,0.00468384074941452,0.2737306843267108,0.5663652569992337,0.9184432464224718,0.9118225249332109,0.9906716417910447,0.27527216174183516,0.4308316430020284,0.002592016588906169,531,5,1924,1398,0.5
DAPT,MLP,82,0.25,1000,TEMPLATE_OOD,6832,0.005,0.9949688315391542,0.00468384074941452,0.2737306843267108,0.5663652569992337,0.9333464506258704,0.9286763213750968,0.9891395154553049,0.34660421545667447,0.5133318881422068,0.0038056206088992973,1184,13,3403,2232,0.5
DAPT,MLP,82,0.25,1000,DOMAIN_TEMPLATE_OOD,3708,0.005,0.9949688315391542,0.00468384074941452,0.2737306843267108,0.5663652569992337,0.9095278876487428,0.9028838198175553,0.9895397489539749,0.2551240560949299,0.4056603773584906,0.002696871628910464,473,5,1849,1381,0.5
DAPT,MLP,82,0.25,1000,IID_ORIGINAL,3051,0.01,0.9817142486572267,0.00936768149882904,0.4304635761589404,0.5663652569992337,0.8536595863847449,0.9103812777613899,0.9387308533916849,0.4054820415879017,0.5663366336633663,0.014049172102358254,429,28,1965,629,0.3467715503113733
DAPT,MLP,82,0.25,1000,IID_BALANCED,2116,0.01,0.9817142486572267,0.00936768149882904,0.4304635761589404,0.5663652569992337,0.9098633799595408,0.9112893571706792,0.9618834080717489,0.4054820415879017,0.5704787234042553,0.01606805293005671,429,17,1041,629,0.5
DAPT,MLP,82,0.25,1000,TEMPORAL,8000,0.01,0.9817142486572267,0.00936768149882904,0.4304635761589404,0.5663652569992337,0.936441617501975,0.9324466874999999,0.9817629179331308,0.4845,0.6488115165718111,0.009,1938,36,3964,2062,0.5
DAPT,MLP,82,0.25,1000,DOMAIN_OOD,3858,0.01,0.9817142486572267,0.00936768149882904,0.4304635761589404,0.5663652569992337,0.9184432464224718,0.9118225249332109,0.9842041312272175,0.4199066874027994,0.5886627906976745,0.00673924313115604,810,13,1916,1119,0.5
DAPT,MLP,82,0.25,1000,TEMPLATE_OOD,6832,0.01,0.9817142486572267,0.00936768149882904,0.4304635761589404,0.5663652569992337,0.9333464506258704,0.9286763213750968,0.9831880448318805,0.4622365339578454,0.6288331342094783,0.007903981264637002,1579,27,3389,1837,0.5
DAPT,MLP,82,0.25,1000,DOMAIN_TEMPLATE_OOD,3708,0.01,0.9817142486572267,0.00936768149882904,0.4304635761589404,0.5663652569992337,0.9095278876487428,0.9028838198175553,0.9818688981868898,0.37971952535059333,0.5476468300272268,0.007011866235167206,704,13,1841,1150,0.5
DAPT,MLP,82,0.25,1000,IID_ORIGINAL,3051,0.02,0.9348122477531434,0.01990632318501171,0.543046357615894,0.5663652569992337,0.8536595863847449,0.9103812777613899,0.8947368421052632,0.498109640831758,0.6399514268366727,0.031108881083793276,527,62,1931,531,0.3467715503113733
DAPT,MLP,82,0.25,1000,IID_BALANCED,2116,0.02,0.9348122477531434,0.01990632318501171,0.543046357615894,0.5663652569992337,0.9098633799595408,0.9112893571706792,0.9410714285714286,0.498109640831758,0.6514215080346106,0.031190926275992438,527,33,1025,531,0.5
DAPT,MLP,82,0.25,1000,TEMPORAL,8000,0.02,0.9348122477531434,0.01990632318501171,0.543046357615894,0.5663652569992337,0.936441617501975,0.9324466874999999,0.9649265905383361,0.5915,0.7334159950402975,0.0215,2366,86,3914,1634,0.5
DAPT,MLP,82,0.25,1000,DOMAIN_OOD,3858,0.02,0.9348122477531434,0.01990632318501171,0.543046357615894,0.5663652569992337,0.9184432464224718,0.9118225249332109,0.9680150517403575,0.5334370139968896,0.6878342245989305,0.01762571280456195,1029,34,1895,900,0.5
DAPT,MLP,82,0.25,1000,TEMPLATE_OOD,6832,0.02,0.9348122477531434,0.01990632318501171,0.543046357615894,0.5663652569992337,0.9333464506258704,0.9286763213750968,0.9681116093672147,0.5687939110070258,0.7165775401069518,0.01873536299765808,1943,64,3352,1473,0.5
DAPT,MLP,82,0.25,1000,DOMAIN_TEMPLATE_OOD,3708,0.02,0.9348122477531434,0.01990632318501171,0.543046357615894,0.5663652569992337,0.9095278876487428,0.9028838198175553,0.964248159831756,0.49460625674217906,0.6538324420677362,0.018338727076591153,917,34,1820,937,0.5
CONTRASTIVE,LOGREG,82,0.25,1000,IID_ORIGINAL,3051,0.005,0.9967431782855319,0.00468384074941452,0.17439293598233996,0.2811923549998028,0.7633728777788968,0.8548098875364343,0.9289940828402367,0.14839319470699433,0.25590872045639773,0.006021073758153537,157,12,1981,901,0.3467715503113733
CONTRASTIVE,LOGREG,82,0.25,1000,IID_BALANCED,2116,0.005,0.9967431782855319,0.00468384074941452,0.17439293598233996,0.2811923549998028,0.8515358328687463,0.8602107982747345,0.9573170731707317,0.14839319470699433,0.2569558101472995,0.006616257088846881,157,7,1051,901,0.5
CONTRASTIVE,LOGREG,82,0.25,1000,TEMPORAL,8000,0.005,0.9967431782855319,0.00468384074941452,0.17439293598233996,0.2811923549998028,0.8654176749927333,0.8562996249999999,0.9675550405561993,0.20875,0.34340941805469877,0.007,835,28,3972,3165,0.5
CONTRASTIVE,LOGREG,82,0.25,1000,DOMAIN_OOD,3858,0.005,0.9967431782855319,0.00468384074941452,0.17439293598233996,0.2811923549998028,0.8366540465062722,0.8316358244910497,0.9595588235294118,0.13530326594090203,0.2371649250340754,0.005702436495593572,261,11,1918,1668,0.5
CONTRASTIVE,LOGREG,82,0.25,1000,TEMPLATE_OOD,6832,0.005,0.9967431782855319,0.00468384074941452,0.17439293598233996,0.2811923549998028,0.8685784118709017,0.857176021779311,0.9725490196078431,0.21779859484777517,0.35589571872757714,0.006147540983606557,744,21,3395,2672,0.5
CONTRASTIVE,LOGREG,82,0.25,1000,DOMAIN_TEMPLATE_OOD,3708,0.005,0.9967431782855319,0.00468384074941452,0.17439293598233996,0.2811923549998028,0.8337668094615254,0.8260960004840987,0.9589552238805971,0.13861920172599784,0.24222431668237512,0.005933117583603021,257,11,1843,1597,0.5
CONTRASTIVE,LOGREG,82,0.25,1000,IID_ORIGINAL,3051,0.01,0.9946473482571575,0.00936768149882904,0.2163355408388521,0.2811923549998028,0.7633728777788968,0.8548098875364343,0.9216589861751152,0.1890359168241966,0.3137254901960784,0.008529854490717512,200,17,1976,858,0.3467715503113733
CONTRASTIVE,LOGREG,82,0.25,1000,IID_BALANCED,2116,0.01,0.9946473482571575,0.00936768149882904,0.2163355408388521,0.2811923549998028,0.8515358328687463,0.8602107982747345,0.9569377990430622,0.1890359168241966,0.31570639305445936,0.008506616257088847,200,9,1049,858,0.5
CONTRASTIVE,LOGREG,82,0.25,1000,TEMPORAL,8000,0.01,0.9946473482571575,0.00936768149882904,0.2163355408388521,0.2811923549998028,0.8654176749927333,0.8562996249999999,0.9586693548387096,0.23775,0.38100961538461536,0.01025,951,41,3959,3049,0.5
CONTRASTIVE,LOGREG,82,0.25,1000,DOMAIN_OOD,3858,0.01,0.9946473482571575,0.00936768149882904,0.2163355408388521,0.2811923549998028,0.8366540465062722,0.8316358244910497,0.9492063492063492,0.15500259201658892,0.26648841354723707,0.00829445308449974,299,16,1913,1630,0.5
CONTRASTIVE,LOGREG,82,0.25,1000,TEMPLATE_OOD,6832,0.01,0.9946473482571575,0.00936768149882904,0.2163355408388521,0.2811923549998028,0.8685784118709017,0.857176021779311,0.9657142857142857,0.24736533957845433,0.39384758797483105,0.008782201405152224,845,30,3386,2571,0.5
CONTRASTIVE,LOGREG,82,0.25,1000,DOMAIN_TEMPLATE_OOD,3708,0.01,0.9946473482571575,0.00936768149882904,0.2163355408388521,0.2811923549998028,0.8337668094615254,0.8260960004840987,0.9528301886792453,0.1634304207119741,0.27900552486187846,0.008090614886731391,303,15,1839,1551,0.5
CONTRASTIVE,LOGREG,82,0.25,1000,IID_ORIGINAL,3051,0.02,0.9819425154362716,0.01990632318501171,0.33112582781456956,0.2811923549998028,0.7633728777788968,0.8548098875364343,0.8692098092643051,0.30151228733459357,0.447719298245614,0.02408429503261415,319,48,1945,739,0.3467715503113733
CONTRASTIVE,LOGREG,82,0.25,1000,IID_BALANCED,2116,0.02,0.9819425154362716,0.01990632318501171,0.33112582781456956,0.2811923549998028,0.8515358328687463,0.8602107982747345,0.9246376811594202,0.30151228733459357,0.4547398431931575,0.024574669187145556,319,26,1032,739,0.5
CONTRASTIVE,LOGREG,82,0.25,1000,TEMPORAL,8000,0.02,0.9819425154362716,0.01990632318501171,0.33112582781456956,0.2811923549998028,0.8654176749927333,0.8562996249999999,0.9408866995073891,0.33425,0.4932669249216012,0.021,1337,84,3916,2663,0.5
CONTRASTIVE,LOGREG,82,0.25,1000,DOMAIN_OOD,3858,0.02,0.9819425154362716,0.01990632318501171,0.33112582781456956,0.2811923549998028,0.8366540465062722,0.8316358244910497,0.9301397205588823,0.24157594608605495,0.38353909465020575,0.018144116122343183,466,35,1894,1463,0.5
CONTRASTIVE,LOGREG,82,0.25,1000,TEMPLATE_OOD,6832,0.02,0.9819425154362716,0.01990632318501171,0.33112582781456956,0.2811923549998028,0.8685784118709017,0.857176021779311,0.9495114006514658,0.34133489461358313,0.5021533161068045,0.018149882903981264,1166,62,3354,2250,0.5
CONTRASTIVE,LOGREG,82,0.25,1000,DOMAIN_TEMPLATE_OOD,3708,0.02,0.9819425154362716,0.01990632318501171,0.33112582781456956,0.2811923549998028,0.8337668094615254,0.8260960004840987,0.9348268839103869,0.24757281553398058,0.39147121535181234,0.017259978425026967,459,32,1822,1395,0.5
CONTRASTIVE,XGBOOST,82,0.25,1000,IID_ORIGINAL,3051,0.005,0.988089144229889,0.00468384074941452,0.18101545253863136,5.571246200999667,0.7323762242831038,0.8363440282956321,0.8601036269430051,0.15689981096408318,0.2653876898481215,0.013547415955845458,166,27,1966,892,0.3467715503113733
CONTRASTIVE,XGBOOST,82,0.25,1000,IID_BALANCED,2116,0.005,0.988089144229889,0.00468384074941452,0.18101545253863136,5.571246200999667,0.8286774388891636,0.8395669326510411,0.907103825136612,0.15689981096408318,0.26752618855761484,0.01606805293005671,166,17,1041,892,0.5
CONTRASTIVE,XGBOOST,82,0.25,1000,TEMPORAL,8000,0.005,0.988089144229889,0.00468384074941452,0.18101545253863136,5.571246200999667,0.8472552717241512,0.8313991875,0.9674039580908033,0.20775,0.3420456884132538,0.007,831,28,3972,3169,0.5
CONTRASTIVE,XGBOOST,82,0.25,1000,DOMAIN_OOD,3858,0.005,0.988089144229889,0.00468384074941452,0.18101545253863136,5.571246200999667,0.8146206687132871,0.8036108712588763,0.9579439252336449,0.10627268014515293,0.19132057862809146,0.004665629860031105,205,9,1920,1724,0.5
CONTRASTIVE,XGBOOST,82,0.25,1000,TEMPLATE_OOD,6832,0.005,0.988089144229889,0.00468384074941452,0.18101545253863136,5.571246200999667,0.8532409330146726,0.833015969757965,0.9823609226594301,0.21194379391100704,0.3486636166626535,0.0038056206088992973,724,13,3403,2692,0.5
CONTRASTIVE,XGBOOST,82,0.25,1000,DOMAIN_TEMPLATE_OOD,3708,0.005,0.988089144229889,0.00468384074941452,0.18101545253863136,5.571246200999667,0.8092573430567989,0.7943139356404822,0.9617224880382775,0.10841423948220065,0.19486185167232187,0.004314994606256742,201,8,1846,1653,0.5
CONTRASTIVE,XGBOOST,82,0.25,1000,IID_ORIGINAL,3051,0.01,0.9784093499183656,0.00936768149882904,0.24503311258278146,5.571246200999667,0.7323762242831038,0.8363440282956321,0.8602941176470589,0.22117202268431002,0.3518796992481203,0.019066733567486203,234,38,1955,824,0.3467715503113733
CONTRASTIVE,XGBOOST,82,0.25,1000,IID_BALANCED,2116,0.01,0.9784093499183656,0.00936768149882904,0.24503311258278146,5.571246200999667,0.8286774388891636,0.8395669326510411,0.9212598425196851,0.22117202268431002,0.3567073170731707,0.01890359168241966,234,20,1038,824,0.5
CONTRASTIVE,XGBOOST,82,0.25,1000,TEMPORAL,8000,0.01,0.9784093499183656,0.00936768149882904,0.24503311258278146,5.571246200999667,0.8472552717241512,0.8313991875,0.9484536082474226,0.253,0.3994474047760016,0.01375,1012,55,3945,2988,0.5
CONTRASTIVE,XGBOOST,82,0.25,1000,DOMAIN_OOD,3858,0.01,0.9784093499183656,0.00936768149882904,0.24503311258278146,5.571246200999667,0.8146206687132871,0.8036108712588763,0.9297658862876255,0.144116122343183,0.2495511669658887,0.01088646967340591,278,21,1908,1651,0.5
CONTRASTIVE,XGBOOST,82,0.25,1000,TEMPLATE_OOD,6832,0.01,0.9784093499183656,0.00936768149882904,0.24503311258278146,5.571246200999667,0.8532409330146726,0.833015969757965,0.9667774086378738,0.2555620608899297,0.4042602454271822,0.008782201405152224,873,30,3386,2543,0.5
CONTRASTIVE,XGBOOST,82,0.25,1000,DOMAIN_TEMPLATE_OOD,3708,0.01,0.9784093499183656,0.00936768149882904,0.24503311258278146,5.571246200999667,0.8092573430567989,0.7943139356404822,0.9328621908127208,0.1423948220064725,0.24707533926064576,0.010248112189859764,264,19,1835,1590,0.5
CONTRASTIVE,XGBOOST,82,0.25,1000,IID_ORIGINAL,3051,0.02,0.9651890993118287,0.01990632318501171,0.3068432671081678,5.571246200999667,0.7323762242831038,0.8363440282956321,0.8477011494252874,0.27882797731569,0.41963015647226176,0.026593075765178123,295,53,1940,763,0.3467715503113733
CONTRASTIVE,XGBOOST,82,0.25,1000,IID_BALANCED,2116,0.02,0.9651890993118287,0.01990632318501171,0.3068432671081678,5.571246200999667,0.8286774388891636,0.8395669326510411,0.9104938271604939,0.27882797731569,0.426917510853835,0.027410207939508508,295,29,1029,763,0.5
CONTRASTIVE,XGBOOST,82,0.25,1000,TEMPORAL,8000,0.02,0.9651890993118287,0.01990632318501171,0.3068432671081678,5.571246200999667,0.8472552717241512,0.8313991875,0.9456692913385827,0.30025,0.45578747628083494,0.01725,1201,69,3931,2799,0.5
CONTRASTIVE,XGBOOST,82,0.25,1000,DOMAIN_OOD,3858,0.02,0.9651890993118287,0.01990632318501171,0.3068432671081678,5.571246200999667,0.8146206687132871,0.8036108712588763,0.9368686868686869,0.19232763089683774,0.31913978494623657,0.012960082944530845,371,25,1904,1558,0.5
CONTRASTIVE,XGBOOST,82,0.25,1000,TEMPLATE_OOD,6832,0.02,0.9651890993118287,0.01990632318501171,0.3068432671081678,5.571246200999667,0.8532409330146726,0.833015969757965,0.961646398503274,0.3009367681498829,0.4584169453734671,0.012002341920374707,1028,41,3375,2388,0.5
CONTRASTIVE,XGBOOST,82,0.25,1000,DOMAIN_TEMPLATE_OOD,3708,0.02,0.9651890993118287,0.01990632318501171,0.3068432671081678,5.571246200999667,0.8092573430567989,0.7943139356404822,0.9416445623342176,0.19147788565264293,0.31824294038547735,0.011866235167206042,355,22,1832,1499,0.5
CONTRASTIVE,MLP,82,0.25,1000,IID_ORIGINAL,3051,0.005,0.9994068145751954,0.00468384074941452,0.19205298013245034,0.878868544999932,0.7835447147381658,0.868355880743282,0.9362745098039216,0.18052930056710775,0.30269413629160064,0.006522829904666332,191,13,1980,867,0.3467715503113733
CONTRASTIVE,MLP,82,0.25,1000,IID_BALANCED,2116,0.005,0.9994068145751954,0.00468384074941452,0.19205298013245034,0.878868544999932,0.8633805206191119,0.8724641850193503,0.9597989949748744,0.18052930056710775,0.3038981702466189,0.007561436672967864,191,8,1050,867,0.5
CONTRASTIVE,MLP,82,0.25,1000,TEMPORAL,8000,0.005,0.9994068145751954,0.00468384074941452,0.19205298013245034,0.878868544999932,0.8681150768639436,0.85887846875,0.9755849440488301,0.23975,0.3849086895444511,0.006,959,24,3976,3041,0.5
CONTRASTIVE,MLP,82,0.25,1000,DOMAIN_OOD,3858,0.005,0.9994068145751954,0.00468384074941452,0.19205298013245034,0.878868544999932,0.8371085917636363,0.8337064816001759,0.9627118644067797,0.1472265422498704,0.25539568345323743,0.005702436495593572,284,11,1918,1645,0.5
CONTRASTIVE,MLP,82,0.25,1000,TEMPLATE_OOD,6832,0.005,0.9994068145751954,0.00468384074941452,0.19205298013245034,0.878868544999932,0.8709623485545449,0.8608331727947831,0.9791907514450867,0.24795081967213115,0.39570193879934595,0.005269320843091335,847,18,3398,2569,0.5
CONTRASTIVE,MLP,82,0.25,1000,DOMAIN_TEMPLATE_OOD,3708,0.005,0.9994068145751954,0.00468384074941452,0.19205298013245034,0.878868544999932,0.8330919247744324,0.8278133287716346,0.9619377162629758,0.1499460625674218,0.2594493700419972,0.005933117583603021,278,11,1843,1576,0.5
CONTRASTIVE,MLP,82,0.25,1000,IID_ORIGINAL,3051,0.01,0.9983016252517701,0.00936768149882904,0.26490066225165565,0.878868544999932,0.7835447147381658,0.868355880743282,0.9191919191919192,0.2580340264650284,0.4029520295202952,0.012042147516307075,273,24,1969,785,0.3467715503113733
CONTRASTIVE,MLP,82,0.25,1000,IID_BALANCED,2116,0.01,0.9983016252517701,0.00936768149882904,0.26490066225165565,0.878868544999932,0.8633805206191119,0.8724641850193503,0.9545454545454546,0.2580340264650284,0.40625,0.012287334593572778,273,13,1045,785,0.5
CONTRASTIVE,MLP,82,0.25,1000,TEMPORAL,8000,0.01,0.9983016252517701,0.00936768149882904,0.26490066225165565,0.878868544999932,0.8681150768639436,0.85887846875,0.9693548387096774,0.3005,0.4587786259541985,0.0095,1202,38,3962,2798,0.5
CONTRASTIVE,MLP,82,0.25,1000,DOMAIN_OOD,3858,0.01,0.9983016252517701,0.00936768149882904,0.26490066225165565,0.878868544999932,0.8371085917636363,0.8337064816001759,0.9641943734015346,0.19543805080352514,0.325,0.007257646448937273,377,14,1915,1552,0.5
CONTRASTIVE,MLP,82,0.25,1000,TEMPLATE_OOD,6832,0.01,0.9983016252517701,0.00936768149882904,0.26490066225165565,0.878868544999932,0.8709623485545449,0.8608331727947831,0.9750462107208873,0.3088407494145199,0.4690973766118275,0.007903981264637002,1055,27,3389,2361,0.5
CONTRASTIVE,MLP,82,0.25,1000,DOMAIN_TEMPLATE_OOD,3708,0.01,0.9983016252517701,0.00936768149882904,0.26490066225165565,0.878868544999932,0.8330919247744324,0.8278133287716346,0.9670050761421319,0.20550161812297735,0.3389679715302491,0.007011866235167206,381,13,1841,1473,0.5
CONTRASTIVE,MLP,82,0.25,1000,IID_ORIGINAL,3051,0.02,0.9933400750160218,0.01990632318501171,0.3576158940397351,0.878868544999932,0.7835447147381658,0.868355880743282,0.8781609195402299,0.3610586011342155,0.5117213663764233,0.026593075765178123,382,53,1940,676,0.3467715503113733
CONTRASTIVE,MLP,82,0.25,1000,IID_BALANCED,2116,0.02,0.9933400750160218,0.01990632318501171,0.3576158940397351,0.878868544999932,0.8633805206191119,0.8724641850193503,0.9339853300733496,0.3610586011342155,0.5207907293796864,0.02551984877126654,382,27,1031,676,0.5
CONTRASTIVE,MLP,82,0.25,1000,TEMPORAL,8000,0.02,0.9933400750160218,0.01990632318501171,0.3576158940397351,0.878868544999932,0.8681150768639436,0.85887846875,0.9469135802469136,0.3835,0.5459074733096085,0.0215,1534,86,3914,2466,0.5
CONTRASTIVE,MLP,82,0.25,1000,DOMAIN_OOD,3858,0.02,0.9933400750160218,0.01990632318501171,0.3576158940397351,0.878868544999932,0.8371085917636363,0.8337064816001759,0.9409660107334525,0.272680145152929,0.4228295819935691,0.017107309486780714,526,33,1896,1403,0.5
CONTRASTIVE,MLP,82,0.25,1000,TEMPLATE_OOD,6832,0.02,0.9933400750160218,0.01990632318501171,0.3576158940397351,0.878868544999932,0.8709623485545449,0.8608331727947831,0.9544797687861272,0.3867096018735363,0.5504166666666667,0.018442622950819672,1321,63,3353,2095,0.5
CONTRASTIVE,MLP,82,0.25,1000,DOMAIN_TEMPLATE_OOD,3708,0.02,0.9933400750160218,0.01990632318501171,0.3576158940397351,0.878868544999932,0.8330919247744324,0.8278133287716346,0.9468864468864469,0.27885652642934194,0.43083333333333335,0.01564185544768069,517,29,1825,1337,0.5
BASE,LOGREG,82,1.0,4000,IID_ORIGINAL,3051,0.005,0.994125237692969,0.00468384074941452,0.3333333333333333,0.8345563379998566,0.8961567104863788,0.9208311320244674,0.987460815047022,0.29773156899810965,0.45751633986928103,0.002007024586051179,315,4,1989,743,0.3467715503113733
BASE,LOGREG,82,1.0,4000,IID_BALANCED,2116,0.005,0.994125237692969,0.00468384074941452,0.3333333333333333,0.8345563379998566,0.933757155456087,0.9207058651162625,0.9936908517350158,0.29773156899810965,0.4581818181818182,0.001890359168241966,315,2,1056,743,0.5
BASE,LOGREG,82,1.0,4000,TEMPORAL,8000,0.005,0.994125237692969,0.00468384074941452,0.3333333333333333,0.8345563379998566,0.9499098889746075,0.9445268124999998,0.99153194765204,0.322,0.4861294583883752,0.00275,1288,11,3989,2712,0.5
BASE,LOGREG,82,1.0,4000,DOMAIN_OOD,3858,0.005,0.994125237692969,0.00468384074941452,0.3333333333333333,0.8345563379998566,0.925876188699382,0.9218968562829595,0.982532751091703,0.2332814930015552,0.3770423125261835,0.00414722654224987,450,8,1921,1479,0.5
BASE,LOGREG,82,1.0,4000,TEMPLATE_OOD,6832,0.005,0.994125237692969,0.00468384074941452,0.3333333333333333,0.8345563379998566,0.9457954310921128,0.9402790594200594,0.9900090826521344,0.3190866510538642,0.4826212087668807,0.0032201405152224825,1090,11,3405,2326,0.5
BASE,LOGREG,82,1.0,4000,DOMAIN_TEMPLATE_OOD,3708,0.005,0.994125237692969,0.00468384074941452,0.3333333333333333,0.8345563379998566,0.9213074954291286,0.9175894796986951,0.9809069212410502,0.22168284789644013,0.3616366036075671,0.004314994606256742,411,8,1846,1443,0.5
BASE,LOGREG,82,1.0,4000,IID_ORIGINAL,3051,0.01,0.9726248282562786,0.00936768149882904,0.4966887417218543,0.8345563379998566,0.8961567104863788,0.9208311320244674,0.9780439121756487,0.46313799621928164,0.6286080821039127,0.0055193176116407425,490,11,1982,568,0.3467715503113733
BASE,LOGREG,82,1.0,4000,IID_BALANCED,2116,0.01,0.9726248282562786,0.00936768149882904,0.4966887417218543,0.8345563379998566,0.933757155456087,0.9207058651162625,0.9879032258064516,0.46313799621928164,0.6306306306306306,0.005671077504725898,490,6,1052,568,0.5
BASE,LOGREG,82,1.0,4000,TEMPORAL,8000,0.01,0.9726248282562786,0.00936768149882904,0.4966887417218543,0.8345563379998566,0.9499098889746075,0.9445268124999998,0.9850597609561753,0.4945,0.6584553928095872,0.0075,1978,30,3970,2022,0.5
BASE,LOGREG,82,1.0,4000,DOMAIN_OOD,3858,0.01,0.9726248282562786,0.00936768149882904,0.4966887417218543,0.8345563379998566,0.925876188699382,0.9218968562829595,0.9737827715355806,0.40435458786936235,0.5714285714285714,0.01088646967340591,780,21,1908,1149,0.5
BASE,LOGREG,82,1.0,4000,TEMPLATE_OOD,6832,0.01,0.9726248282562786,0.00936768149882904,0.4966887417218543,0.8345563379998566,0.9457954310921128,0.9402790594200594,0.984070796460177,0.4882903981264637,0.6527098415182939,0.007903981264637002,1668,27,3389,1748,0.5
BASE,LOGREG,82,1.0,4000,DOMAIN_TEMPLATE_OOD,3708,0.01,0.9726248282562786,0.00936768149882904,0.4966887417218543,0.8345563379998566,0.9213074954291286,0.9175894796986951,0.9743243243243244,0.3888888888888889,0.5558982266769468,0.010248112189859764,721,19,1835,1133,0.5
BASE,LOGREG,82,1.0,4000,IID_ORIGINAL,3051,0.02,0.9327628852203124,0.01990632318501171,0.5849889624724062,0.8345563379998566,0.8961567104863788,0.9208311320244674,0.9655737704918033,0.556710775047259,0.7062350119904077,0.010536879076768691,589,21,1972,469,0.3467715503113733
BASE,LOGREG,82,1.0,4000,IID_BALANCED,2116,0.02,0.9327628852203124,0.01990632318501171,0.5849889624724062,0.8345563379998566,0.933757155456087,0.9207058651162625,0.9767827529021559,0.556710775047259,0.7092113184828417,0.013232514177693762,589,14,1044,469,0.5
BASE,LOGREG,82,1.0,4000,TEMPORAL,8000,0.02,0.9327628852203124,0.01990632318501171,0.5849889624724062,0.8345563379998566,0.9499098889746075,0.9445268124999998,0.9769295302013423,0.58225,0.7296365914786967,0.01375,2329,55,3945,1671,0.5
BASE,LOGREG,82,1.0,4000,DOMAIN_OOD,3858,0.02,0.9327628852203124,0.01990632318501171,0.5849889624724062,0.8345563379998566,0.925876188699382,0.9218968562829595,0.9601990049751243,0.5002592016588906,0.6578050443081118,0.020736132711249352,965,40,1889,964,0.5
BASE,LOGREG,82,1.0,4000,TEMPLATE_OOD,6832,0.02,0.9327628852203124,0.01990632318501171,0.5849889624724062,0.8345563379998566,0.9457954310921128,0.9402790594200594,0.9745254745254746,0.5711358313817331,0.7201919527500923,0.014929742388758781,1951,51,3365,1465,0.5
BASE,LOGREG,82,1.0,4000,DOMAIN_TEMPLATE_OOD,3708,0.02,0.9327628852203124,0.01990632318501171,0.5849889624724062,0.8345563379998566,0.9213074954291286,0.9175894796986951,0.9596949891067538,0.47518878101402373,0.6356421356421357,0.019956850053937433,881,37,1817,973,0.5
BASE,XGBOOST,82,1.0,4000,IID_ORIGINAL,3051,0.005,0.9907761216163636,0.00468384074941452,0.423841059602649,10.969871436000176,0.88972704272346,0.924478586204836,0.9905882352941177,0.39792060491493386,0.5677680377612947,0.002007024586051179,421,4,1989,637,0.3467715503113733
BASE,XGBOOST,82,1.0,4000,IID_BALANCED,2116,0.005,0.9907761216163636,0.00468384074941452,0.423841059602649,10.969871436000176,0.930233220797613,0.9242292944922296,0.9929245283018868,0.39792060491493386,0.5681511470985156,0.002835538752362949,421,3,1055,637,0.5
BASE,XGBOOST,82,1.0,4000,TEMPORAL,8000,0.005,0.9907761216163636,0.00468384074941452,0.423841059602649,10.969871436000176,0.9428789509680193,0.93983571875,0.9915373765867419,0.3515,0.5190107050572167,0.003,1406,12,3988,2594,0.5
BASE,XGBOOST,82,1.0,4000,DOMAIN_OOD,3858,0.005,0.9907761216163636,0.00468384074941452,0.423841059602649,10.969871436000176,0.9195091476654903,0.918879421108233,0.9875,0.24572317262830481,0.39352428393524286,0.003110419906687403,474,6,1923,1455,0.5
BASE,XGBOOST,82,1.0,4000,TEMPLATE_OOD,6832,0.005,0.9907761216163636,0.00468384074941452,0.423841059602649,10.969871436000176,0.9370152905883329,0.9336364912465928,0.9907251264755481,0.3439695550351288,0.5106475445458496,0.0032201405152224825,1175,11,3405,2241,0.5
BASE,XGBOOST,82,1.0,4000,DOMAIN_TEMPLATE_OOD,3708,0.005,0.9907761216163636,0.00468384074941452,0.423841059602649,10.969871436000176,0.9123689845932259,0.9122306474004718,0.9880668257756563,0.22330097087378642,0.36427628684557856,0.002696871628910464,414,5,1849,1440,0.5
BASE,XGBOOST,82,1.0,4000,IID_ORIGINAL,3051,0.01,0.951195001602173,0.00936768149882904,0.5342163355408388,10.969871436000176,0.88972704272346,0.924478586204836,0.9644760213143873,0.5132325141776938,0.6699568167797656,0.010035122930255895,543,20,1973,515,0.3467715503113733
BASE,XGBOOST,82,1.0,4000,IID_BALANCED,2116,0.01,0.951195001602173,0.00936768149882904,0.5342163355408388,10.969871436000176,0.930233220797613,0.9242292944922296,0.9731182795698925,0.5132325141776938,0.6720297029702971,0.014177693761814745,543,15,1043,515,0.5
BASE,XGBOOST,82,1.0,4000,TEMPORAL,8000,0.01,0.951195001602173,0.00936768149882904,0.5342163355408388,10.969871436000176,0.9428789509680193,0.93983571875,0.9809479553903345,0.52775,0.6862808842652796,0.01025,2111,41,3959,1889,0.5
BASE,XGBOOST,82,1.0,4000,DOMAIN_OOD,3858,0.01,0.951195001602173,0.00936768149882904,0.5342163355408388,10.969871436000176,0.9195091476654903,0.918879421108233,0.9679911699779249,0.454639709694142,0.618694885361552,0.01503369621565578,877,29,1900,1052,0.5
BASE,XGBOOST,82,1.0,4000,TEMPLATE_OOD,6832,0.01,0.951195001602173,0.00936768149882904,0.5342163355408388,10.969871436000176,0.9370152905883329,0.9336364912465928,0.9798206278026906,0.5117096018735363,0.6723076923076923,0.01053864168618267,1748,36,3380,1668,0.5
BASE,XGBOOST,82,1.0,4000,DOMAIN_TEMPLATE_OOD,3708,0.01,0.951195001602173,0.00936768149882904,0.5342163355408388,10.969871436000176,0.9123689845932259,0.9122306474004718,0.9692496924969249,0.4250269687162891,0.5909261342332208,0.01348435814455232,788,25,1829,1066,0.5
BASE,XGBOOST,82,1.0,4000,IID_ORIGINAL,3051,0.02,0.8690348863601686,0.01990632318501171,0.6004415011037527,10.969871436000176,0.88972704272346,0.924478586204836,0.924924924924925,0.5822306238185255,0.7146171693735499,0.025087807325639738,616,50,1943,442,0.3467715503113733
BASE,XGBOOST,82,1.0,4000,IID_BALANCED,2116,0.02,0.8690348863601686,0.01990632318501171,0.6004415011037527,10.969871436000176,0.930233220797613,0.9242292944922296,0.9565217391304348,0.5822306238185255,0.7238542890716804,0.026465028355387523,616,28,1030,442,0.5
BASE,XGBOOST,82,1.0,4000,TEMPORAL,8000,0.02,0.8690348863601686,0.01990632318501171,0.6004415011037527,10.969871436000176,0.9428789509680193,0.93983571875,0.9694928684627575,0.61175,0.7501532801961986,0.01925,2447,77,3923,1553,0.5
BASE,XGBOOST,82,1.0,4000,DOMAIN_OOD,3858,0.02,0.8690348863601686,0.01990632318501171,0.6004415011037527,10.969871436000176,0.9195091476654903,0.918879421108233,0.9516994633273703,0.5515811301192327,0.6983918608467345,0.027993779160186624,1064,54,1875,865,0.5
BASE,XGBOOST,82,1.0,4000,TEMPLATE_OOD,6832,0.02,0.8690348863601686,0.01990632318501171,0.6004415011037527,10.969871436000176,0.9370152905883329,0.9336364912465928,0.9660774008600096,0.59192037470726,0.7340715193320022,0.02078454332552693,2022,71,3345,1394,0.5
BASE,XGBOOST,82,1.0,4000,DOMAIN_TEMPLATE_OOD,3708,0.02,0.8690348863601686,0.01990632318501171,0.6004415011037527,10.969871436000176,0.9123689845932259,0.9122306474004718,0.9515331355093967,0.5188781014023732,0.6715532286212914,0.026429341963322545,962,49,1805,892,0.5
BASE,MLP,82,1.0,4000,IID_ORIGINAL,3051,0.005,0.9997183680534364,0.00468384074941452,0.4326710816777042,2.723182016999999,0.9076046698118866,0.9356824974366805,0.9907407407407407,0.4045368620037807,0.574496644295302,0.002007024586051179,428,4,1989,630,0.3467715503113733
BASE,MLP,82,1.0,4000,IID_BALANCED,2116,0.005,0.9997183680534364,0.00468384074941452,0.4326710816777042,2.723182016999999,0.9422499097972281,0.935544648568294,0.9930394431554525,0.4045368620037807,0.5748824714573539,0.002835538752362949,428,3,1055,630,0.5
BASE,MLP,82,1.0,4000,TEMPORAL,8000,0.005,0.9997183680534364,0.00468384074941452,0.4326710816777042,2.723182016999999,0.9595671727443342,0.95736821875,0.9909722222222223,0.35675,0.5246323529411765,0.00325,1427,13,3987,2573,0.5
BASE,MLP,82,1.0,4000,DOMAIN_OOD,3858,0.005,0.9997183680534364,0.00468384074941452,0.4326710816777042,2.723182016999999,0.9432168593716501,0.941677611184612,0.9840954274353877,0.25660964230171074,0.40707236842105265,0.00414722654224987,495,8,1921,1434,0.5
BASE,MLP,82,1.0,4000,TEMPLATE_OOD,6832,0.005,0.9997183680534364,0.00468384074941452,0.4326710816777042,2.723182016999999,0.955694244779633,0.9532783114589561,0.9905172413793103,0.3363583138173302,0.5021853146853147,0.0032201405152224825,1149,11,3405,2267,0.5
BASE,MLP,82,1.0,4000,DOMAIN_TEMPLATE_OOD,3708,0.005,0.9997183680534364,0.00468384074941452,0.4326710816777042,2.723182016999999,0.9383220434592217,0.9367416321339092,0.9836829836829837,0.22761596548004315,0.36968900569426194,0.0037756202804746495,422,7,1847,1432,0.5
BASE,MLP,82,1.0,4000,IID_ORIGINAL,3051,0.01,0.99761700630188,0.00936768149882904,0.5209713024282561,2.723182016999999,0.9076046698118866,0.9356824974366805,0.9760147601476015,0.5,0.66125,0.006522829904666332,529,13,1980,529,0.3467715503113733
BASE,MLP,82,1.0,4000,IID_BALANCED,2116,0.01,0.99761700630188,0.00936768149882904,0.5209713024282561,2.723182016999999,0.9422499097972281,0.935544648568294,0.9869402985074627,0.5,0.6637390213299874,0.006616257088846881,529,7,1051,529,0.5
BASE,MLP,82,1.0,4000,TEMPORAL,8000,0.01,0.99761700630188,0.00936768149882904,0.5209713024282561,2.723182016999999,0.9595671727443342,0.95736821875,0.9894313034725717,0.4915,0.6567563053282112,0.00525,1966,21,3979,2034,0.5
BASE,MLP,82,1.0,4000,DOMAIN_OOD,3858,0.01,0.99761700630188,0.00936768149882904,0.5209713024282561,2.723182016999999,0.9432168593716501,0.941677611184612,0.9851485148514851,0.4126490409538621,0.5816587504567045,0.006220839813374806,796,12,1917,1133,0.5
BASE,MLP,82,1.0,4000,TEMPLATE_OOD,6832,0.01,0.99761700630188,0.00936768149882904,0.5209713024282561,2.723182016999999,0.955694244779633,0.9532783114589561,0.9888268156424581,0.46633489461358313,0.6337776009548438,0.005269320843091335,1593,18,3398,1823,0.5
BASE,MLP,82,1.0,4000,DOMAIN_TEMPLATE_OOD,3708,0.01,0.99761700630188,0.00936768149882904,0.5209713024282561,2.723182016999999,0.9383220434592217,0.9367416321339092,0.9858557284299858,0.37594390507011866,0.5443186255368997,0.005393743257820928,697,10,1844,1157,0.5
BASE,MLP,82,1.0,4000,IID_ORIGINAL,3051,0.02,0.9086251258850099,0.01990632318501171,0.6578366445916115,2.723182016999999,0.9076046698118866,0.9356824974366805,0.9320652173913043,0.6483931947069943,0.7647714604236343,0.025087807325639738,686,50,1943,372,0.3467715503113733
BASE,MLP,82,1.0,4000,IID_BALANCED,2116,0.02,0.9086251258850099,0.01990632318501171,0.6578366445916115,2.723182016999999,0.9422499097972281,0.935544648568294,0.9621318373071529,0.6483931947069943,0.7747035573122529,0.02551984877126654,686,27,1031,372,0.5
BASE,MLP,82,1.0,4000,TEMPORAL,8000,0.02,0.9086251258850099,0.01990632318501171,0.6578366445916115,2.723182016999999,0.9595671727443342,0.95736821875,0.9717014503006721,0.68675,0.8047458620184561,0.02,2747,80,3920,1253,0.5
BASE,MLP,82,1.0,4000,DOMAIN_OOD,3858,0.02,0.9086251258850099,0.01990632318501171,0.6578366445916115,2.723182016999999,0.9432168593716501,0.941677611184612,0.9565217391304348,0.6614826334888543,0.7821023597916028,0.03006739243131156,1276,58,1871,653,0.5
BASE,MLP,82,1.0,4000,TEMPLATE_OOD,6832,0.02,0.9086251258850099,0.01990632318501171,0.6578366445916115,2.723182016999999,0.955694244779633,0.9532783114589561,0.9690808979246082,0.6697892271662763,0.7921066297386187,0.021370023419203747,2288,73,3343,1128,0.5
BASE,MLP,82,1.0,4000,DOMAIN_TEMPLATE_OOD,3708,0.02,0.9086251258850099,0.01990632318501171,0.6578366445916115,2.723182016999999,0.9383220434592217,0.9367416321339092,0.9565573770491803,0.6294498381877023,0.7592713077423552,0.028586839266450916,1167,53,1801,687,0.5
DAPT,LOGREG,82,1.0,4000,IID_ORIGINAL,3051,0.005,0.9967431637660024,0.00468384074941452,0.2229580573951435,0.536637588999838,0.9046913270161407,0.9343567324956821,0.9903846153846154,0.1947069943289225,0.325434439178515,0.0010035122930255895,206,2,1991,852,0.3467715503113733
DAPT,LOGREG,82,1.0,4000,IID_BALANCED,2116,0.005,0.9967431637660024,0.00468384074941452,0.2229580573951435,0.536637588999838,0.9397190581465779,0.9340044882629779,0.9903846153846154,0.1947069943289225,0.325434439178515,0.001890359168241966,206,2,1056,852,0.5
DAPT,LOGREG,82,1.0,4000,TEMPORAL,8000,0.005,0.9967431637660024,0.00468384074941452,0.2229580573951435,0.536637588999838,0.9557130082249132,0.9527660625000001,0.9951783992285439,0.258,0.4097677188802859,0.00125,1032,5,3995,2968,0.5
DAPT,LOGREG,82,1.0,4000,DOMAIN_OOD,3858,0.005,0.9967431637660024,0.00468384074941452,0.2229580573951435,0.536637588999838,0.9371315011180287,0.9365419515667792,0.9897959183673469,0.2011404872991187,0.33433864713485567,0.002073613271124935,388,4,1925,1541,0.5
DAPT,LOGREG,82,1.0,4000,TEMPLATE_OOD,6832,0.005,0.9967431637660024,0.00468384074941452,0.2229580573951435,0.536637588999838,0.9528411196017188,0.9500881648009917,0.9951219512195122,0.2388758782201405,0.38526912181303113,0.00117096018735363,816,4,3412,2600,0.5
DAPT,LOGREG,82,1.0,4000,DOMAIN_TEMPLATE_OOD,3708,0.005,0.9967431637660024,0.00468384074941452,0.2229580573951435,0.536637588999838,0.9321542066008885,0.9319215923121411,0.9906542056074766,0.1715210355987055,0.2924137931034483,0.0016181229773462784,318,3,1851,1536,0.5
DAPT,LOGREG,82,1.0,4000,IID_ORIGINAL,3051,0.01,0.9648672861792852,0.00936768149882904,0.5121412803532008,0.536637588999838,0.9046913270161407,0.9343567324956821,0.969811320754717,0.48582230623818523,0.6473551637279596,0.008028098344204716,514,16,1977,544,0.3467715503113733
DAPT,LOGREG,82,1.0,4000,IID_BALANCED,2116,0.01,0.9648672861792852,0.00936768149882904,0.5121412803532008,0.536637588999838,0.9397190581465779,0.9340044882629779,0.982791586998088,0.48582230623818523,0.6502213788741303,0.008506616257088847,514,9,1049,544,0.5
DAPT,LOGREG,82,1.0,4000,TEMPORAL,8000,0.01,0.9648672861792852,0.00936768149882904,0.5121412803532008,0.536637588999838,0.9557130082249132,0.9527660625000001,0.986822840409956,0.5055,0.6685402545875351,0.00675,2022,27,3973,1978,0.5
DAPT,LOGREG,82,1.0,4000,DOMAIN_OOD,3858,0.01,0.9648672861792852,0.00936768149882904,0.5121412803532008,0.536637588999838,0.9371315011180287,0.9365419515667792,0.9813200498132005,0.4085018144116122,0.5768667642752562,0.007776049766718507,788,15,1914,1141,0.5
DAPT,LOGREG,82,1.0,4000,TEMPLATE_OOD,6832,0.01,0.9648672861792852,0.00936768149882904,0.5121412803532008,0.536637588999838,0.9528411196017188,0.9500881648009917,0.9867788461538461,0.4806791569086651,0.6464566929133858,0.006440281030444965,1642,22,3394,1774,0.5
DAPT,LOGREG,82,1.0,4000,DOMAIN_TEMPLATE_OOD,3708,0.01,0.9648672861792852,0.00936768149882904,0.5121412803532008,0.536637588999838,0.9321542066008885,0.9319215923121411,0.9813486370157819,0.36893203883495146,0.5362602900823207,0.007011866235167206,684,13,1841,1170,0.5
DAPT,LOGREG,82,1.0,4000,IID_ORIGINAL,3051,0.02,0.9100803409300694,0.01990632318501171,0.6026490066225165,0.536637588999838,0.9046913270161407,0.9343567324956821,0.95,0.5746691871455577,0.7161366313309776,0.016056196688409432,608,32,1961,450,0.3467715503113733
DAPT,LOGREG,82,1.0,4000,IID_BALANCED,2116,0.02,0.9100803409300694,0.01990632318501171,0.6026490066225165,0.536637588999838,0.9397190581465779,0.9340044882629779,0.9728,0.5746691871455577,0.7225193107546048,0.01606805293005671,608,17,1041,450,0.5
DAPT,LOGREG,82,1.0,4000,TEMPORAL,8000,0.02,0.9100803409300694,0.01990632318501171,0.6026490066225165,0.536637588999838,0.9557130082249132,0.9527660625000001,0.9784688995215312,0.6135,0.7541487400122926,0.0135,2454,54,3946,1546,0.5
DAPT,LOGREG,82,1.0,4000,DOMAIN_OOD,3858,0.02,0.9100803409300694,0.01990632318501171,0.6026490066225165,0.536637588999838,0.9371315011180287,0.9365419515667792,0.9713467048710601,0.5272161741835147,0.6834677419354839,0.015552099533437015,1017,30,1899,912,0.5
DAPT,LOGREG,82,1.0,4000,TEMPLATE_OOD,6832,0.02,0.9100803409300694,0.01990632318501171,0.6026490066225165,0.536637588999838,0.9528411196017188,0.9500881648009917,0.9782503624939585,0.5925058548009368,0.7380127620783956,0.013173302107728338,2024,45,3371,1392,0.5
DAPT,LOGREG,82,1.0,4000,DOMAIN_TEMPLATE_OOD,3708,0.02,0.9100803409300694,0.01990632318501171,0.6026490066225165,0.536637588999838,0.9321542066008885,0.9319215923121411,0.9704329461457233,0.49568500539374327,0.6561942163513032,0.015102481121898598,919,28,1826,935,0.5
DAPT,XGBOOST,82,1.0,4000,IID_ORIGINAL,3051,0.005,0.9833492040634156,0.00468384074941452,0.4878587196467991,10.50114152399965,0.8846109485657262,0.917292755267254,0.9800796812749004,0.46502835538752363,0.6307692307692307,0.005017561465127948,492,10,1983,566,0.3467715503113733
DAPT,XGBOOST,82,1.0,4000,IID_BALANCED,2116,0.005,0.9833492040634156,0.00468384074941452,0.4878587196467991,10.50114152399965,0.9279952449044279,0.9181329755110939,0.9879518072289156,0.46502835538752363,0.6323907455012854,0.005671077504725898,492,6,1052,566,0.5
DAPT,XGBOOST,82,1.0,4000,TEMPORAL,8000,0.005,0.9833492040634156,0.00468384074941452,0.4878587196467991,10.50114152399965,0.9461154289300173,0.9435598749999999,0.9879656160458453,0.431,0.6001740644038294,0.00525,1724,21,3979,2276,0.5
DAPT,XGBOOST,82,1.0,4000,DOMAIN_OOD,3858,0.005,0.9833492040634156,0.00468384074941452,0.4878587196467991,10.50114152399965,0.921688353591767,0.922405047404745,0.9785932721712538,0.33177812337998963,0.49554781262098335,0.007257646448937273,640,14,1915,1289,0.5
DAPT,XGBOOST,82,1.0,4000,TEMPLATE_OOD,6832,0.005,0.9833492040634156,0.00468384074941452,0.4878587196467991,10.50114152399965,0.9419703432111385,0.939307087051429,0.9881367759944173,0.41451990632318503,0.5840379459682409,0.004976580796252928,1416,17,3399,2000,0.5
DAPT,XGBOOST,82,1.0,4000,DOMAIN_TEMPLATE_OOD,3708,0.005,0.9833492040634156,0.00468384074941452,0.4878587196467991,10.50114152399965,0.9137358958968577,0.9146240846055469,0.9771528998242531,0.2998921251348436,0.45893520429219975,0.007011866235167206,556,13,1841,1298,0.5
DAPT,XGBOOST,82,1.0,4000,IID_ORIGINAL,3051,0.01,0.9580472707748414,0.00936768149882904,0.5408388520971302,10.50114152399965,0.8846109485657262,0.917292755267254,0.9585492227979274,0.5245746691871456,0.678069639584606,0.012042147516307075,555,24,1969,503,0.3467715503113733
DAPT,XGBOOST,82,1.0,4000,IID_BALANCED,2116,0.01,0.9580472707748414,0.00936768149882904,0.5408388520971302,10.50114152399965,0.9279952449044279,0.9181329755110939,0.9788359788359788,0.5245746691871456,0.683076923076923,0.011342155009451797,555,12,1046,503,0.5
DAPT,XGBOOST,82,1.0,4000,TEMPORAL,8000,0.01,0.9580472707748414,0.00936768149882904,0.5408388520971302,10.50114152399965,0.9461154289300173,0.9435598749999999,0.9805542051531356,0.50425,0.666006273732871,0.01,2017,40,3960,1983,0.5
DAPT,XGBOOST,82,1.0,4000,DOMAIN_OOD,3858,0.01,0.9580472707748414,0.00936768149882904,0.5408388520971302,10.50114152399965,0.921688353591767,0.922405047404745,0.9689366786140979,0.4204250907205806,0.586406362979031,0.01347848626231208,811,26,1903,1118,0.5
DAPT,XGBOOST,82,1.0,4000,TEMPLATE_OOD,6832,0.01,0.9580472707748414,0.00936768149882904,0.5408388520971302,10.50114152399965,0.9419703432111385,0.939307087051429,0.9796893667861409,0.48009367681498827,0.6444007858546169,0.009953161592505855,1640,34,3382,1776,0.5
DAPT,XGBOOST,82,1.0,4000,DOMAIN_TEMPLATE_OOD,3708,0.01,0.9580472707748414,0.00936768149882904,0.5408388520971302,10.50114152399965,0.9137358958968577,0.9146240846055469,0.9653739612188366,0.37594390507011866,0.5411490683229814,0.01348435814455232,697,25,1829,1157,0.5
DAPT,XGBOOST,82,1.0,4000,IID_ORIGINAL,3051,0.02,0.9024512171745301,0.01990632318501171,0.6114790286975718,10.50114152399965,0.8846109485657262,0.917292755267254,0.934984520123839,0.5708884688090737,0.7089201877934272,0.021073758153537382,604,42,1951,454,0.3467715503113733
DAPT,XGBOOST,82,1.0,4000,IID_BALANCED,2116,0.02,0.9024512171745301,0.01990632318501171,0.6114790286975718,10.50114152399965,0.9279952449044279,0.9181329755110939,0.967948717948718,0.5708884688090737,0.718192627824019,0.01890359168241966,604,20,1038,454,0.5
DAPT,XGBOOST,82,1.0,4000,TEMPORAL,8000,0.02,0.9024512171745301,0.01990632318501171,0.6114790286975718,10.50114152399965,0.9461154289300173,0.9435598749999999,0.9720338983050848,0.5735,0.7213836477987421,0.0165,2294,66,3934,1706,0.5
DAPT,XGBOOST,82,1.0,4000,DOMAIN_OOD,3858,0.02,0.9024512171745301,0.01990632318501171,0.6114790286975718,10.50114152399965,0.921688353591767,0.922405047404745,0.9587109768378651,0.49351995852773456,0.6516084873374401,0.021254536029030584,952,41,1888,977,0.5
DAPT,XGBOOST,82,1.0,4000,TEMPLATE_OOD,6832,0.02,0.9024512171745301,0.01990632318501171,0.6114790286975718,10.50114152399965,0.9419703432111385,0.939307087051429,0.9725246241575947,0.5491803278688525,0.7019644527595884,0.015515222482435597,1876,53,3363,1540,0.5
DAPT,XGBOOST,82,1.0,4000,DOMAIN_TEMPLATE_OOD,3708,0.02,0.9024512171745301,0.01990632318501171,0.6114790286975718,10.50114152399965,0.9137358958968577,0.9146240846055469,0.9576837416481069,0.4638619201725998,0.625,0.020496224379719527,860,38,1816,994,0.5
DAPT,MLP,82,1.0,4000,IID_ORIGINAL,3051,0.005,0.996884047985077,0.00468384074941452,0.47902869757174393,2.29300623600011,0.9094029632742819,0.9393593550963343,0.9808510638297873,0.43572778827977315,0.6034031413612565,0.004515805318615153,461,9,1984,597,0.3467715503113733
DAPT,MLP,82,1.0,4000,IID_BALANCED,2116,0.005,0.996884047985077,0.00468384074941452,0.47902869757174393,2.29300623600011,0.9433514274445376,0.9395053798406954,0.9850427350427351,0.43572778827977315,0.6041939711664482,0.006616257088846881,461,7,1051,597,0.5
DAPT,MLP,82,1.0,4000,TEMPORAL,8000,0.005,0.996884047985077,0.00468384074941452,0.47902869757174393,2.29300623600011,0.9593927040047541,0.9578891249999999,0.9899159663865547,0.44175,0.6108902333621434,0.0045,1767,18,3982,2233,0.5
DAPT,MLP,82,1.0,4000,DOMAIN_OOD,3858,0.005,0.996884047985077,0.00468384074941452,0.47902869757174393,2.29300623600011,0.9402991985124833,0.940158412659253,0.9821693907875185,0.3426645930533955,0.5080707148347425,0.006220839813374806,661,12,1917,1268,0.5
DAPT,MLP,82,1.0,4000,TEMPLATE_OOD,6832,0.005,0.996884047985077,0.00468384074941452,0.47902869757174393,2.29300623600011,0.9550610398660467,0.9532831104761175,0.9897189856065799,0.42271662763466045,0.5924102564102565,0.004391100702576112,1444,15,3401,1972,0.5
DAPT,MLP,82,1.0,4000,DOMAIN_TEMPLATE_OOD,3708,0.005,0.996884047985077,0.00468384074941452,0.47902869757174393,2.29300623600011,0.934185060936062,0.9346981772987994,0.9812925170068028,0.3112189859762675,0.4725634725634726,0.005933117583603021,577,11,1843,1277,0.5
DAPT,MLP,82,1.0,4000,IID_ORIGINAL,3051,0.01,0.9867315888404847,0.00936768149882904,0.5496688741721855,2.29300623600011,0.9094029632742819,0.9393593550963343,0.9626998223801065,0.5122873345935728,0.6687230104873535,0.010536879076768691,542,21,1972,516,0.3467715503113733
DAPT,MLP,82,1.0,4000,IID_BALANCED,2116,0.01,0.9867315888404847,0.00936768149882904,0.5496688741721855,2.29300623600011,0.9433514274445376,0.9395053798406954,0.9748201438848921,0.5122873345935728,0.6716232961586122,0.013232514177693762,542,14,1044,516,0.5
DAPT,MLP,82,1.0,4000,TEMPORAL,8000,0.01,0.9867315888404847,0.00936768149882904,0.5496688741721855,2.29300623600011,0.9593927040047541,0.9578891249999999,0.9872641509433963,0.52325,0.6839869281045752,0.00675,2093,27,3973,1907,0.5
DAPT,MLP,82,1.0,4000,DOMAIN_OOD,3858,0.01,0.9867315888404847,0.00936768149882904,0.5496688741721855,2.29300623600011,0.9402991985124833,0.940158412659253,0.980593607305936,0.4453084499740798,0.6124777183600713,0.008812856402280975,859,17,1912,1070,0.5
DAPT,MLP,82,1.0,4000,TEMPLATE_OOD,6832,0.01,0.9867315888404847,0.00936768149882904,0.5496688741721855,2.29300623600011,0.9550610398660467,0.9532831104761175,0.9861671469740634,0.5008782201405152,0.6643370219374879,0.00702576112412178,1711,24,3392,1705,0.5
DAPT,MLP,82,1.0,4000,DOMAIN_TEMPLATE_OOD,3708,0.01,0.9867315888404847,0.00936768149882904,0.5496688741721855,2.29300623600011,0.934185060936062,0.9346981772987994,0.9790301441677588,0.4029126213592233,0.5708826901031716,0.008629989212513484,747,16,1838,1107,0.5
DAPT,MLP,82,1.0,4000,IID_ORIGINAL,3051,0.02,0.9093564748764039,0.01990632318501171,0.6512141280353201,2.29300623600011,0.9094029632742819,0.9393593550963343,0.9409221902017291,0.6172022684310019,0.7454337899543378,0.020572002007024585,653,41,1952,405,0.3467715503113733
DAPT,MLP,82,1.0,4000,IID_BALANCED,2116,0.02,0.9093564748764039,0.01990632318501171,0.6512141280353201,2.29300623600011,0.9433514274445376,0.9395053798406954,0.9659763313609467,0.6172022684310019,0.7531718569780853,0.021739130434782608,653,23,1035,405,0.5
DAPT,MLP,82,1.0,4000,TEMPORAL,8000,0.02,0.9093564748764039,0.01990632318501171,0.6512141280353201,2.29300623600011,0.9593927040047541,0.9578891249999999,0.9711427472104656,0.631,0.7649643885437187,0.01875,2524,75,3925,1476,0.5
DAPT,MLP,82,1.0,4000,DOMAIN_OOD,3858,0.02,0.9093564748764039,0.01990632318501171,0.6512141280353201,2.29300623600011,0.9402991985124833,0.940158412659253,0.9597550306211724,0.5686884396060135,0.7141927083333334,0.023846552617936754,1097,46,1883,832,0.5
DAPT,MLP,82,1.0,4000,TEMPLATE_OOD,6832,0.02,0.9093564748764039,0.01990632318501171,0.6512141280353201,2.29300623600011,0.9550610398660467,0.9532831104761175,0.9687354176388241,0.607728337236534,0.7468969239071775,0.019613583138173303,2076,67,3349,1340,0.5
DAPT,MLP,82,1.0,4000,DOMAIN_TEMPLATE_OOD,3708,0.02,0.9093564748764039,0.01990632318501171,0.6512141280353201,2.29300623600011,0.934185060936062,0.9346981772987994,0.9565217391304348,0.5339805825242718,0.6853582554517134,0.024271844660194174,990,45,1809,864,0.5
CONTRASTIVE,LOGREG,82,1.0,4000,IID_ORIGINAL,3051,0.005,0.9923336099943415,0.00468384074941452,0.24503311258278146,0.49114708799970686,0.7928184871741224,0.8599640329053388,0.9242424242424242,0.23062381852551986,0.3691376701966717,0.010035122930255895,244,20,1973,814,0.3467715503113733
CONTRASTIVE,LOGREG,82,1.0,4000,IID_BALANCED,2116,0.005,0.9923336099943415,0.00468384074941452,0.24503311258278146,0.49114708799970686,0.868904327310347,0.8622941241633642,0.953125,0.23062381852551986,0.3713850837138508,0.011342155009451797,244,12,1046,814,0.5
CONTRASTIVE,LOGREG,82,1.0,4000,TEMPORAL,8000,0.005,0.9923336099943415,0.00468384074941452,0.24503311258278146,0.49114708799970686,0.887859178080224,0.8762665624999999,0.97953216374269,0.25125,0.39992041384799043,0.00525,1005,21,3979,2995,0.5
CONTRASTIVE,LOGREG,82,1.0,4000,DOMAIN_OOD,3858,0.005,0.9923336099943415,0.00468384074941452,0.24503311258278146,0.49114708799970686,0.8567633889620714,0.8484596111679501,0.9681159420289855,0.1731467081389321,0.2937554969217238,0.005702436495593572,334,11,1918,1595,0.5
CONTRASTIVE,LOGREG,82,1.0,4000,TEMPLATE_OOD,6832,0.005,0.9923336099943415,0.00468384074941452,0.24503311258278146,0.49114708799970686,0.8857651991269366,0.8726936437703273,0.9830890642615558,0.25526932084309134,0.40529862886358353,0.004391100702576112,872,15,3401,2544,0.5
CONTRASTIVE,LOGREG,82,1.0,4000,DOMAIN_TEMPLATE_OOD,3708,0.005,0.9923336099943415,0.00468384074941452,0.24503311258278146,0.49114708799970686,0.8506604804140104,0.8391148791673504,0.9727272727272728,0.17313915857605178,0.29395604395604397,0.0048543689320388345,321,9,1845,1533,0.5
CONTRASTIVE,LOGREG,82,1.0,4000,IID_ORIGINAL,3051,0.01,0.9895641654833789,0.00936768149882904,0.282560706401766,0.49114708799970686,0.7928184871741224,0.8599640329053388,0.9207920792079208,0.2637051039697543,0.4099926524614254,0.012042147516307075,279,24,1969,779,0.3467715503113733
CONTRASTIVE,LOGREG,82,1.0,4000,IID_BALANCED,2116,0.01,0.9895641654833789,0.00936768149882904,0.282560706401766,0.49114708799970686,0.868904327310347,0.8622941241633642,0.9554794520547946,0.2637051039697543,0.41333333333333333,0.012287334593572778,279,13,1045,779,0.5
CONTRASTIVE,LOGREG,82,1.0,4000,TEMPORAL,8000,0.01,0.9895641654833789,0.00936768149882904,0.282560706401766,0.49114708799970686,0.887859178080224,0.8762665624999999,0.9730668983492615,0.28,0.434867016113376,0.00775,1120,31,3969,2880,0.5
CONTRASTIVE,LOGREG,82,1.0,4000,DOMAIN_OOD,3858,0.01,0.9895641654833789,0.00936768149882904,0.282560706401766,0.49114708799970686,0.8567633889620714,0.8484596111679501,0.9585492227979274,0.1918092275790565,0.31965442764578833,0.00829445308449974,370,16,1913,1559,0.5
CONTRASTIVE,LOGREG,82,1.0,4000,TEMPLATE_OOD,6832,0.01,0.9895641654833789,0.00936768149882904,0.282560706401766,0.49114708799970686,0.8857651991269366,0.8726936437703273,0.9758551307847082,0.28395784543325525,0.4399092970521542,0.00702576112412178,970,24,3392,2446,0.5
CONTRASTIVE,LOGREG,82,1.0,4000,DOMAIN_TEMPLATE_OOD,3708,0.01,0.9895641654833789,0.00936768149882904,0.282560706401766,0.49114708799970686,0.8506604804140104,0.8391148791673504,0.9622641509433962,0.1925566343042071,0.3208988764044944,0.007551240560949299,357,14,1840,1497,0.5
CONTRASTIVE,LOGREG,82,1.0,4000,IID_ORIGINAL,3051,0.02,0.954453736966041,0.01990632318501171,0.40618101545253865,0.49114708799970686,0.7928184871741224,0.8599640329053388,0.8716356107660456,0.39792060491493386,0.5463984425697599,0.031108881083793276,421,62,1931,637,0.3467715503113733
CONTRASTIVE,LOGREG,82,1.0,4000,IID_BALANCED,2116,0.02,0.954453736966041,0.01990632318501171,0.40618101545253865,0.49114708799970686,0.868904327310347,0.8622941241633642,0.9293598233995585,0.39792060491493386,0.557246856386499,0.030245746691871456,421,32,1026,637,0.5
CONTRASTIVE,LOGREG,82,1.0,4000,TEMPORAL,8000,0.02,0.954453736966041,0.01990632318501171,0.40618101545253865,0.49114708799970686,0.887859178080224,0.8762665624999999,0.9586919104991394,0.41775,0.5819258227407278,0.018,1671,72,3928,2329,0.5
CONTRASTIVE,LOGREG,82,1.0,4000,DOMAIN_OOD,3858,0.02,0.954453736966041,0.01990632318501171,0.40618101545253865,0.49114708799970686,0.8567633889620714,0.8484596111679501,0.9421364985163204,0.32918610679108345,0.4878985785631963,0.02021772939346812,635,39,1890,1294,0.5
CONTRASTIVE,LOGREG,82,1.0,4000,TEMPLATE_OOD,6832,0.02,0.954453736966041,0.01990632318501171,0.40618101545253865,0.49114708799970686,0.8857651991269366,0.8726936437703273,0.9586160108548168,0.4136416861826698,0.5779141104294478,0.017857142857142856,1413,61,3355,2003,0.5
CONTRASTIVE,LOGREG,82,1.0,4000,DOMAIN_TEMPLATE_OOD,3708,0.02,0.954453736966041,0.01990632318501171,0.40618101545253865,0.49114708799970686,0.8506604804140104,0.8391148791673504,0.9434850863422292,0.32416396979503775,0.4825371336812525,0.019417475728155338,601,36,1818,1253,0.5
CONTRASTIVE,XGBOOST,82,1.0,4000,IID_ORIGINAL,3051,0.005,0.9946367144584657,0.00468384074941452,0.09050772626931568,13.765521389000241,0.7929133331668048,0.8727687738843988,0.9590163934426229,0.11058601134215501,0.19830508474576272,0.002508780732563974,117,5,1988,941,0.3467715503113733
CONTRASTIVE,XGBOOST,82,1.0,4000,IID_BALANCED,2116,0.005,0.9946367144584657,0.00468384074941452,0.09050772626931568,13.765521389000241,0.8641921283355051,0.8716512233732727,0.9669421487603306,0.11058601134215501,0.1984732824427481,0.003780718336483932,117,4,1054,941,0.5
CONTRASTIVE,XGBOOST,82,1.0,4000,TEMPORAL,8000,0.005,0.9946367144584657,0.00468384074941452,0.09050772626931568,13.765521389000241,0.8817076475049482,0.8671994062500001,0.9901960784313726,0.17675,0.2999575731862537,0.00175,707,7,3993,3293,0.5
CONTRASTIVE,XGBOOST,82,1.0,4000,DOMAIN_OOD,3858,0.005,0.9946367144584657,0.00468384074941452,0.09050772626931568,13.765521389000241,0.8441401399669972,0.8349843498096365,0.9775280898876404,0.09020217729393468,0.16516373991457048,0.002073613271124935,174,4,1925,1755,0.5
CONTRASTIVE,XGBOOST,82,1.0,4000,TEMPLATE_OOD,6832,0.005,0.9946367144584657,0.00468384074941452,0.09050772626931568,13.765521389000241,0.8831678501374296,0.867485981728085,0.9919354838709677,0.18003512880562061,0.3047571853320119,0.0014637002341920376,615,5,3411,2801,0.5
CONTRASTIVE,XGBOOST,82,1.0,4000,DOMAIN_TEMPLATE_OOD,3708,0.005,0.9946367144584657,0.00468384074941452,0.09050772626931568,13.765521389000241,0.8380649457147131,0.8268974979315256,0.9803921568627451,0.08090614886731391,0.14947683109118087,0.0016181229773462784,150,3,1851,1704,0.5
CONTRASTIVE,XGBOOST,82,1.0,4000,IID_ORIGINAL,3051,0.01,0.9796441793441774,0.00936768149882904,0.2163355408388521,13.765521389000241,0.7929133331668048,0.8727687738843988,0.9243986254295533,0.2542533081285444,0.3988139362490734,0.011038635223281485,269,22,1971,789,0.3467715503113733
CONTRASTIVE,XGBOOST,82,1.0,4000,IID_BALANCED,2116,0.01,0.9796441793441774,0.00936768149882904,0.2163355408388521,13.765521389000241,0.8641921283355051,0.8716512233732727,0.950530035335689,0.2542533081285444,0.40119313944817303,0.013232514177693762,269,14,1044,789,0.5
CONTRASTIVE,XGBOOST,82,1.0,4000,TEMPORAL,8000,0.01,0.9796441793441774,0.00936768149882904,0.2163355408388521,13.765521389000241,0.8817076475049482,0.8671994062500001,0.9756317689530686,0.27025,0.42325763508222397,0.00675,1081,27,3973,2919,0.5
CONTRASTIVE,XGBOOST,82,1.0,4000,DOMAIN_OOD,3858,0.01,0.9796441793441774,0.00936768149882904,0.2163355408388521,13.765521389000241,0.8441401399669972,0.8349843498096365,0.963076923076923,0.16226023846552617,0.2777284826974268,0.006220839813374806,313,12,1917,1616,0.5
CONTRASTIVE,XGBOOST,82,1.0,4000,TEMPLATE_OOD,6832,0.01,0.9796441793441774,0.00936768149882904,0.2163355408388521,13.765521389000241,0.8831678501374296,0.867485981728085,0.9806659505907627,0.26727166276346603,0.4200598113641592,0.005269320843091335,913,18,3398,2503,0.5
CONTRASTIVE,XGBOOST,82,1.0,4000,DOMAIN_TEMPLATE_OOD,3708,0.01,0.9796441793441774,0.00936768149882904,0.2163355408388521,13.765521389000241,0.8380649457147131,0.8268974979315256,0.9655172413793104,0.15102481121898598,0.26119402985074625,0.005393743257820928,280,10,1844,1574,0.5
CONTRASTIVE,XGBOOST,82,1.0,4000,IID_ORIGINAL,3051,0.02,0.9513012766838075,0.01990632318501171,0.36423841059602646,13.765521389000241,0.7929133331668048,0.8727687738843988,0.888095238095238,0.35255198487712663,0.5047361299052774,0.023582538886101356,373,47,1946,685,0.3467715503113733
CONTRASTIVE,XGBOOST,82,1.0,4000,IID_BALANCED,2116,0.02,0.9513012766838075,0.01990632318501171,0.36423841059602646,13.765521389000241,0.8641921283355051,0.8716512233732727,0.9301745635910225,0.35255198487712663,0.5113091158327622,0.026465028355387523,373,28,1030,685,0.5
CONTRASTIVE,XGBOOST,82,1.0,4000,TEMPORAL,8000,0.02,0.9513012766838075,0.01990632318501171,0.36423841059602646,13.765521389000241,0.8817076475049482,0.8671994062500001,0.9645958583834335,0.361,0.5253774786247044,0.01325,1444,53,3947,2556,0.5
CONTRASTIVE,XGBOOST,82,1.0,4000,DOMAIN_OOD,3858,0.02,0.9513012766838075,0.01990632318501171,0.36423841059602646,13.765521389000241,0.8441401399669972,0.8349843498096365,0.9454191033138402,0.2514256091238984,0.3972153972153972,0.014515292897874546,485,28,1901,1444,0.5
CONTRASTIVE,XGBOOST,82,1.0,4000,TEMPLATE_OOD,6832,0.02,0.9513012766838075,0.01990632318501171,0.36423841059602646,13.765521389000241,0.8831678501374296,0.867485981728085,0.9703287890938251,0.3542154566744731,0.5189791979412396,0.010831381733021077,1210,37,3379,2206,0.5
CONTRASTIVE,XGBOOST,82,1.0,4000,DOMAIN_TEMPLATE_OOD,3708,0.02,0.9513012766838075,0.01990632318501171,0.36423841059602646,13.765521389000241,0.8380649457147131,0.8268974979315256,0.9518828451882845,0.24541531823085222,0.3902229845626072,0.012405609492988134,455,23,1831,1399,0.5
CONTRASTIVE,MLP,82,1.0,4000,IID_ORIGINAL,3051,0.005,0.9993197917938234,0.00468384074941452,0.2671081677704194,2.3633842950002872,0.828279661015374,0.8921051183869441,0.9638989169675091,0.2523629489603025,0.4,0.005017561465127948,267,10,1983,791,0.3467715503113733
CONTRASTIVE,MLP,82,1.0,4000,IID_BALANCED,2116,0.005,0.9993197917938234,0.00468384074941452,0.2671081677704194,2.3633842950002872,0.8926369113337584,0.8930781229340946,0.9744525547445255,0.2523629489603025,0.4009009009009009,0.006616257088846881,267,7,1051,791,0.5
CONTRASTIVE,MLP,82,1.0,4000,TEMPORAL,8000,0.005,0.9993197917938234,0.00468384074941452,0.2671081677704194,2.3633842950002872,0.8966471817492311,0.8891855625,0.9841112214498511,0.24775,0.3958458158577991,0.004,991,16,3984,3009,0.5
CONTRASTIVE,MLP,82,1.0,4000,DOMAIN_OOD,3858,0.005,0.9993197917938234,0.00468384074941452,0.2671081677704194,2.3633842950002872,0.8578395072267172,0.8561825843896911,0.9716312056737588,0.14204250907205807,0.24785165083672547,0.00414722654224987,274,8,1921,1655,0.5
CONTRASTIVE,MLP,82,1.0,4000,TEMPLATE_OOD,6832,0.005,0.9993197917938234,0.00468384074941452,0.2671081677704194,2.3633842950002872,0.8958285739448453,0.8876541512869592,0.9874572405929305,0.2535128805620609,0.4034474726298626,0.0032201405152224825,866,11,3405,2550,0.5
CONTRASTIVE,MLP,82,1.0,4000,DOMAIN_TEMPLATE_OOD,3708,0.005,0.9993197917938234,0.00468384074941452,0.2671081677704194,2.3633842950002872,0.8553876937285273,0.8524255552879048,0.9740740740740741,0.1418554476806904,0.24764595103578155,0.0037756202804746495,263,7,1847,1591,0.5
CONTRASTIVE,MLP,82,1.0,4000,IID_ORIGINAL,3051,0.01,0.9959062337875367,0.00936768149882904,0.3686534216335541,2.3633842950002872,0.828279661015374,0.8921051183869441,0.9384236453201971,0.3601134215500945,0.5204918032786885,0.012543903662819869,381,25,1968,677,0.3467715503113733
CONTRASTIVE,MLP,82,1.0,4000,IID_BALANCED,2116,0.01,0.9959062337875367,0.00936768149882904,0.3686534216335541,2.3633842950002872,0.8926369113337584,0.8930781229340946,0.9645569620253165,0.3601134215500945,0.5244322092222987,0.013232514177693762,381,14,1044,677,0.5
CONTRASTIVE,MLP,82,1.0,4000,TEMPORAL,8000,0.01,0.9959062337875367,0.00936768149882904,0.3686534216335541,2.3633842950002872,0.8966471817492311,0.8891855625,0.969760900140647,0.34475,0.5086683880486905,0.01075,1379,43,3957,2621,0.5
CONTRASTIVE,MLP,82,1.0,4000,DOMAIN_OOD,3858,0.01,0.9959062337875367,0.00936768149882904,0.3686534216335541,2.3633842950002872,0.8578395072267172,0.8561825843896911,0.9502164502164502,0.22757905650596164,0.3672103722291928,0.011923276308968377,439,23,1906,1490,0.5
CONTRASTIVE,MLP,82,1.0,4000,TEMPLATE_OOD,6832,0.01,0.9959062337875367,0.00936768149882904,0.3686534216335541,2.3633842950002872,0.8958285739448453,0.8876541512869592,0.9738562091503268,0.34894613583138173,0.5137931034482759,0.00936768149882904,1192,32,3384,2224,0.5
CONTRASTIVE,MLP,82,1.0,4000,DOMAIN_TEMPLATE_OOD,3708,0.01,0.9959062337875367,0.00936768149882904,0.3686534216335541,2.3633842950002872,0.8553876937285273,0.8524255552879048,0.956140350877193,0.23516720604099245,0.3774891774891775,0.010787486515641856,436,20,1834,1418,0.5
CONTRASTIVE,MLP,82,1.0,4000,IID_ORIGINAL,3051,0.02,0.9862673282623292,0.01990632318501171,0.4326710816777042,2.3633842950002872,0.828279661015374,0.8921051183869441,0.9063745019920318,0.43005671077504726,0.5833333333333334,0.023582538886101356,455,47,1946,603,0.3467715503113733
CONTRASTIVE,MLP,82,1.0,4000,IID_BALANCED,2116,0.02,0.9862673282623292,0.01990632318501171,0.4326710816777042,2.3633842950002872,0.8926369113337584,0.8930781229340946,0.9439834024896265,0.43005671077504726,0.5909090909090909,0.02551984877126654,455,27,1031,603,0.5
CONTRASTIVE,MLP,82,1.0,4000,TEMPORAL,8000,0.02,0.9862673282623292,0.01990632318501171,0.4326710816777042,2.3633842950002872,0.8966471817492311,0.8891855625,0.9604130808950087,0.4185,0.5829705728713216,0.01725,1674,69,3931,2326,0.5
CONTRASTIVE,MLP,82,1.0,4000,DOMAIN_OOD,3858,0.02,0.9862673282623292,0.01990632318501171,0.4326710816777042,2.3633842950002872,0.8578395072267172,0.8561825843896911,0.9404186795491143,0.30274753758424056,0.45803921568627454,0.01918092275790565,584,37,1892,1345,0.5
CONTRASTIVE,MLP,82,1.0,4000,TEMPLATE_OOD,6832,0.02,0.9862673282623292,0.01990632318501171,0.4326710816777042,2.3633842950002872,0.8958285739448453,0.8876541512869592,0.9642616318273769,0.41861826697892274,0.583792610736885,0.015515222482435597,1430,53,3363,1986,0.5
CONTRASTIVE,MLP,82,1.0,4000,DOMAIN_TEMPLATE_OOD,3708,0.02,0.9862673282623292,0.01990632318501171,0.4326710816777042,2.3633842950002872,0.8553876937285273,0.8524255552879048,0.9464882943143813,0.30528586839266453,0.46166394779771613,0.017259978425026967,566,32,1822,1288,0.5
