model,label_budget,scenario,target_fpr,recall_mean,recall_std,precision_mean,f1_mean,empirical_fpr_mean,empirical_fpr_std,roc_auc_mean,fit_seconds_mean
B0_STRUCT_XGB,0.1,DOMAIN_OOD,0.005,0.35909797822706063,0.04794914655417982,0.9817626163820385,0.5242431853662429,0.0066355624675997925,0.002453532310253858,0.9069495068718674,0.13364387009933126
B0_STRUCT_XGB,0.1,DOMAIN_OOD,0.01,0.4520476931052359,0.05315144046262775,0.9676772121087336,0.6145602038844503,0.01503369621565578,0.003214286372513958,0.9069495068718674,0.13364387009933126
B0_STRUCT_XGB,0.1,DOMAIN_OOD,0.02,0.5484707102125453,0.043888079177082075,0.9469568171272582,0.6936488277422813,0.030793157076205287,0.006269608960433287,0.9069495068718674,0.13364387009933126
B0_STRUCT_XGB,0.1,DOMAIN_TEMPLATE_OOD,0.005,0.33176914778856526,0.04913503076713223,0.9805259552067931,0.4939967812443885,0.006526429341963323,0.002118947215905946,0.9003755691941038,0.13364387009933126
B0_STRUCT_XGB,0.1,DOMAIN_TEMPLATE_OOD,0.01,0.4253505933117584,0.055902245154974675,0.9662177318338312,0.5886922539850482,0.01483279395900755,0.0034231270702372828,0.9003755691941038,0.13364387009933126
B0_STRUCT_XGB,0.1,DOMAIN_TEMPLATE_OOD,0.02,0.521413160733549,0.04822169368026777,0.9445723428961701,0.6706468919580273,0.03074433656957929,0.0071148360076984446,0.9003755691941038,0.13364387009933126
B0_STRUCT_XGB,0.1,IID_BALANCED,0.005,0.3940453686200378,0.03399859415395791,0.9787812115628103,0.561141865787138,0.008506616257088848,0.0016671400825863838,0.8823696313263604,0.13364387009933126
B0_STRUCT_XGB,0.1,IID_BALANCED,0.01,0.4611531190926276,0.030306236770315676,0.9715161156891756,0.6249056059614002,0.013516068052930059,0.0025999598028705437,0.8823696313263604,0.13364387009933126
B0_STRUCT_XGB,0.1,IID_BALANCED,0.02,0.5362948960302457,0.025607991108753718,0.9587618504932596,0.6874693466257792,0.023156899810964082,0.00362661135262172,0.8823696313263604,0.13364387009933126
B0_STRUCT_XGB,0.1,IID_ORIGINAL,0.005,0.3940453686200378,0.03399859415395791,0.9665121138806952,0.5591103378944904,0.007225288509784244,0.00185038523979787,0.8804794806397058,0.13364387009933126
B0_STRUCT_XGB,0.1,IID_ORIGINAL,0.01,0.4611531190926276,0.030306236770315676,0.9515429062308624,0.6207401024636026,0.01244355243351731,0.0025671963678675215,0.8804794806397058,0.13364387009933126
B0_STRUCT_XGB,0.1,IID_ORIGINAL,0.02,0.5362948960302457,0.025607991108753718,0.9273870515140683,0.6791914562042718,0.022378324134470648,0.003396493398988195,0.8804794806397058,0.13364387009933126
B0_STRUCT_XGB,0.1,TEMPLATE_OOD,0.005,0.4415690866510539,0.04855548631759937,0.9869104466763634,0.6087468037992575,0.00585480093676815,0.001761853052816919,0.9310181903317629,0.13364387009933126
B0_STRUCT_XGB,0.1,TEMPLATE_OOD,0.01,0.52903981264637,0.050310007647150816,0.9774708281211201,0.6852044291336759,0.012207259953161593,0.0021291682138136043,0.9310181903317629,0.13364387009933126
B0_STRUCT_XGB,0.1,TEMPLATE_OOD,0.02,0.6186475409836065,0.043137000507168476,0.9631356991813671,0.7525198589474934,0.02379976580796253,0.004714336871207923,0.9310181903317629,0.13364387009933126
B0_STRUCT_XGB,0.1,TEMPORAL,0.005,0.4572,0.0456607052069939,0.9886790019516694,0.624051898375465,0.0052499999999999995,0.0018633899812498251,0.9353132937499999,0.13364387009933126
B0_STRUCT_XGB,0.1,TEMPORAL,0.01,0.544925,0.044767927817926864,0.9801120011356573,0.6994371932154588,0.01105,0.0017110750356947463,0.9353132937499999,0.13364387009933126
B0_STRUCT_XGB,0.1,TEMPORAL,0.02,0.6347,0.03879339863659512,0.9671223807341018,0.7657563498944112,0.02165,0.003930295437015164,0.9353132937499999,0.13364387009933126
B0_STRUCT_XGB,0.25,DOMAIN_OOD,0.005,0.42877138413685845,0.050103650120154344,0.9891254515388631,0.5965896038201084,0.004872991187143598,0.0031123393267446144,0.9223829702494545,0.19026824080028745
B0_STRUCT_XGB,0.25,DOMAIN_OOD,0.01,0.5068947641264904,0.038371029340156085,0.9802470133671777,0.6673556548002109,0.0104199066874028,0.004607345436237629,0.9223829702494545,0.19026824080028745
B0_STRUCT_XGB,0.25,DOMAIN_OOD,0.02,0.6138413685847589,0.020146637795750443,0.9599874441747984,0.7486475211437001,0.025660964230171075,0.005881587152278385,0.9223829702494545,0.19026824080028745
B0_STRUCT_XGB,0.25,DOMAIN_TEMPLATE_OOD,0.005,0.3964940668824164,0.051074347020593804,0.9882961884272083,0.5641405744690673,0.0048543689320388345,0.003124442142571515,0.9166610227281984,0.19026824080028745
B0_STRUCT_XGB,0.25,DOMAIN_TEMPLATE_OOD,0.01,0.4761057173678533,0.04202895594952281,0.9793866675701542,0.639627475787256,0.010248112189859762,0.004674577490111471,0.9166610227281984,0.19026824080028745
B0_STRUCT_XGB,0.25,DOMAIN_TEMPLATE_OOD,0.02,0.5928263214670981,0.023748060759082347,0.9596553733286189,0.7326110095910632,0.025026968716289105,0.006423362223188528,0.9166610227281984,0.19026824080028745
B0_STRUCT_XGB,0.25,IID_BALANCED,0.005,0.46049149338374296,0.029015627757050882,0.9839133632017327,0.6268043842256079,0.007655954631379962,0.002936993367718064,0.8877732355158823,0.19026824080028745
B0_STRUCT_XGB,0.25,IID_BALANCED,0.01,0.5197542533081285,0.02542222687382541,0.9758436693805514,0.6778814750842941,0.012948960302457466,0.0036755483511253647,0.8877732355158823,0.19026824080028745
B0_STRUCT_XGB,0.25,IID_BALANCED,0.02,0.5981096408317581,0.01742711125329723,0.9645662204309371,0.7382148102846782,0.022022684310018904,0.004251557435682217,0.8877732355158823,0.19026824080028745
B0_STRUCT_XGB,0.25,IID_ORIGINAL,0.005,0.46049149338374296,0.029015627757050882,0.9765825101675739,0.6252670917848923,0.005970898143502258,0.0024173562984910195,0.8863958874965971,0.19026824080028745
B0_STRUCT_XGB,0.25,IID_ORIGINAL,0.01,0.5197542533081285,0.02542222687382541,0.9637105412801523,0.6748790114454144,0.01048670346211741,0.003159691781523889,0.8863958874965971,0.19026824080028745
B0_STRUCT_XGB,0.25,IID_ORIGINAL,0.02,0.5981096408317581,0.01742711125329723,0.9406058189850549,0.7310564240952278,0.020120421475163068,0.004194326592769264,0.8863958874965971,0.19026824080028745
B0_STRUCT_XGB,0.25,TEMPLATE_OOD,0.005,0.502400468384075,0.0507141657011637,0.9905530453051897,0.665246390396471,0.004888758782201405,0.00222109778701614,0.9415496720557345,0.19026824080028745
B0_STRUCT_XGB,0.25,TEMPLATE_OOD,0.01,0.5762002341920375,0.03977054272505142,0.9844363458144076,0.7261393827341425,0.009221311475409836,0.002947659536883922,0.9415496720557345,0.19026824080028745
B0_STRUCT_XGB,0.25,TEMPLATE_OOD,0.02,0.6750292740046838,0.021793552232015803,0.9713981328558129,0.7963301573345397,0.01993559718969555,0.003909172831492863,0.9415496720557345,0.19026824080028745
B0_STRUCT_XGB,0.25,TEMPORAL,0.005,0.5229999999999999,0.04834540079239989,0.9919912009650751,0.6836629199890789,0.0043,0.0019500712237705007,0.9452281499999999,0.19026824080028745
B0_STRUCT_XGB,0.25,TEMPORAL,0.01,0.59555,0.03741950620257361,0.9863252158252882,0.7420000772003554,0.00835,0.0026671874491473015,0.9452281499999999,0.19026824080028745
B0_STRUCT_XGB,0.25,TEMPORAL,0.02,0.6897249999999999,0.019930242932120316,0.9738288702429548,0.807351150094474,0.018575,0.0030139720930655238,0.9452281499999999,0.19026824080028745
B0_STRUCT_XGB,1.0,DOMAIN_OOD,0.005,0.6034214618973561,0.016675082884831258,0.9947229273865116,0.7510390418763568,0.0032141005702436497,0.0008394648558141435,0.9520938898550163,0.3602382024997496
B0_STRUCT_XGB,1.0,DOMAIN_OOD,0.01,0.646604458268533,0.01045425269014646,0.9908703144917752,0.7825012839003176,0.005961638154484189,0.000559939579955751,0.9520938898550163,0.3602382024997496
B0_STRUCT_XGB,1.0,DOMAIN_OOD,0.02,0.7328667703473302,0.012267783253657193,0.9745184443352514,0.8365314637317895,0.01918092275790565,0.002073613271124935,0.9520938898550163,0.3602382024997496
B0_STRUCT_XGB,1.0,DOMAIN_TEMPLATE_OOD,0.005,0.5830097087378641,0.018142818456926085,0.9943227342498127,0.734880189589434,0.003344120819848975,0.0008734237901108319,0.948477271219754,0.3602382024997496
B0_STRUCT_XGB,1.0,DOMAIN_TEMPLATE_OOD,0.01,0.6306364617044229,0.010974054885342028,0.990265425582282,0.7705032118837951,0.006202804746494067,0.0005825908574620514,0.948477271219754,0.3602382024997496
B0_STRUCT_XGB,1.0,DOMAIN_TEMPLATE_OOD,0.02,0.7229773462783171,0.012531863319108414,0.9745005571394796,0.8300430053989677,0.018932038834951457,0.0019931728230011634,0.948477271219754,0.3602382024997496
B0_STRUCT_XGB,1.0,IID_BALANCED,0.005,0.5741020793950851,0.00938011043020967,0.9881354494767056,0.7262100717623496,0.006899810964083175,0.0007781404559060156,0.896107432434847,0.3602382024997496
B0_STRUCT_XGB,1.0,IID_BALANCED,0.01,0.6103024574669187,0.007769276526864608,0.9862555128035433,0.7539879864315107,0.008506616257088847,0.000630119722747322,0.896107432434847,0.3602382024997496
B0_STRUCT_XGB,1.0,IID_BALANCED,0.02,0.6680529300567108,0.007098292383938959,0.970495636420519,0.7913372527128609,0.020321361058601134,0.0019034413947061392,0.896107432434847,0.3602382024997496
B0_STRUCT_XGB,1.0,IID_ORIGINAL,0.005,0.5741020793950851,0.00938011043020967,0.9814259335679887,0.7243916776671963,0.0057701956848971395,0.0005913252895020469,0.894221196683667,0.3602382024997496
B0_STRUCT_XGB,1.0,IID_ORIGINAL,0.01,0.6103024574669187,0.007769276526864608,0.9789280808564739,0.7518369522812297,0.006974410436527847,0.00028481997601482567,0.894221196683667,0.3602382024997496
B0_STRUCT_XGB,1.0,IID_ORIGINAL,0.02,0.6680529300567108,0.007098292383938959,0.9565999891762855,0.7866690026219196,0.016106372303060713,0.0016120529533395543,0.894221196683667,0.3602382024997496
B0_STRUCT_XGB,1.0,TEMPLATE_OOD,0.005,0.669115925058548,0.015405934595529636,0.9947487880721821,0.7999703917667943,0.0035421545667447306,0.0006538589214578824,0.9609492447375348,0.3602382024997496
B0_STRUCT_XGB,1.0,TEMPLATE_OOD,0.01,0.706791569086651,0.008504813525477854,0.9920717477154877,0.8254517851674613,0.005649882903981265,0.00036641263379232227,0.9609492447375348,0.3602382024997496
B0_STRUCT_XGB,1.0,TEMPLATE_OOD,0.02,0.7782786885245901,0.009274927869688771,0.9810830747249742,0.867959418703634,0.015017564402810305,0.0015120180069111103,0.9609492447375348,0.3602382024997496
B0_STRUCT_XGB,1.0,TEMPORAL,0.005,0.684975,0.014395914736865823,0.9954328750776071,0.8114432478722394,0.00315,0.0005676462121975466,0.962606215625,0.3602382024997496
B0_STRUCT_XGB,1.0,TEMPORAL,0.01,0.7201500000000001,0.007965376464563504,0.9930042855367894,0.8348249743313547,0.0050750000000000005,0.00040909792362111923,0.962606215625,0.3602382024997496
B0_STRUCT_XGB,1.0,TEMPORAL,0.02,0.787725,0.008871341186339554,0.9827340450970077,0.8744601922731065,0.013850000000000001,0.0014102797200870791,0.962606215625,0.3602382024997496
BASE_LOGREG,0.1,DOMAIN_OOD,0.005,0.2381544841886988,0.0849655148067482,0.9740369774819412,0.3758816450550776,0.006117159149818559,0.0027734442920668914,0.8849987006324305,0.026366882399725
BASE_LOGREG,0.1,DOMAIN_OOD,0.01,0.299585277345775,0.06990074931504472,0.9703539741578808,0.45367986586758374,0.009072058061171593,0.003093574181781261,0.8849987006324305,0.026366882399725
BASE_LOGREG,0.1,DOMAIN_OOD,0.02,0.447071021254536,0.04977703750323871,0.9468461333671364,0.6058538508216171,0.025090720580611715,0.005276520746500559,0.8849987006324305,0.026366882399725
BASE_LOGREG,0.1,DOMAIN_TEMPLATE_OOD,0.005,0.2320388349514563,0.08570407411210716,0.9729820304127536,0.3676788091022586,0.006148867313915857,0.0026325789597588098,0.8751408220832765,0.026366882399725
BASE_LOGREG,0.1,DOMAIN_TEMPLATE_OOD,0.01,0.2923948220064725,0.07135090819843246,0.9700011170080309,0.44497037150187335,0.00889967637540453,0.0030111712018058663,0.8751408220832765,0.026366882399725
BASE_LOGREG,0.1,DOMAIN_TEMPLATE_OOD,0.02,0.43160733549083063,0.04917997632037991,0.9447781072709802,0.5910131358652883,0.02518878101402373,0.005339836093076451,0.8751408220832765,0.026366882399725
BASE_LOGREG,0.1,IID_BALANCED,0.005,0.2622873345935728,0.07683489062619071,0.982950041875071,0.40838465025879084,0.005198487712665406,0.0038133958528387534,0.8980756036463562,0.026366882399725
BASE_LOGREG,0.1,IID_BALANCED,0.01,0.32173913043478264,0.06735976888929113,0.9767610452803128,0.48034008513979565,0.007844990548204159,0.0035658875404967643,0.8980756036463562,0.026366882399725
BASE_LOGREG,0.1,IID_BALANCED,0.02,0.4695652173913044,0.0652285011647643,0.9553185934147164,0.6271576623211097,0.021928166351606805,0.0059076874522163685,0.8980756036463562,0.026366882399725
BASE_LOGREG,0.1,IID_ORIGINAL,0.005,0.2622873345935728,0.07683489062619071,0.966132232805772,0.40684480022962094,0.005218263923733066,0.0032534715278910394,0.8985376037302583,0.026366882399725
BASE_LOGREG,0.1,IID_ORIGINAL,0.01,0.32173913043478264,0.06735976888929113,0.9563176294577428,0.47784537014829886,0.007827395885599598,0.0024375228904146757,0.8985376037302583,0.026366882399725
BASE_LOGREG,0.1,IID_ORIGINAL,0.02,0.4695652173913044,0.0652285011647643,0.9202400967364373,0.6194212415393051,0.021525338685398895,0.004558653948328838,0.8985376037302583,0.026366882399725
BASE_LOGREG,0.1,TEMPLATE_OOD,0.005,0.2818793911007026,0.09147609405111916,0.9824976915051253,0.4308045685163302,0.004888758782201405,0.002173429196374731,0.9058489007165619,0.026366882399725
BASE_LOGREG,0.1,TEMPLATE_OOD,0.01,0.34967798594847777,0.07679159750656495,0.9788282139582425,0.5107343577423565,0.007406323185011709,0.0021112040183597263,0.9058489007165619,0.026366882399725
BASE_LOGREG,0.1,TEMPLATE_OOD,0.02,0.5019906323185012,0.0553103636359714,0.9614809594452132,0.6579111005370056,0.020140515222482436,0.004640542783481627,0.9058489007165619,0.026366882399725
BASE_LOGREG,0.1,TEMPORAL,0.005,0.28650000000000003,0.08780597296818077,0.9837620051461279,0.437073045897632,0.004775,0.002384702403981586,0.911436840625,0.026366882399725
BASE_LOGREG,0.1,TEMPORAL,0.01,0.35395,0.07334079507492555,0.9800365511142661,0.5159233884590234,0.0072,0.0023475755815545347,0.911436840625,0.026366882399725
BASE_LOGREG,0.1,TEMPORAL,0.02,0.5082,0.05263168669579616,0.9635666207849688,0.6639397636587813,0.019225,0.0036083429561072616,0.911436840625,0.026366882399725
BASE_LOGREG,0.25,DOMAIN_OOD,0.005,0.2332296526697771,0.06879066396751757,0.9855716300720457,0.37261919874540583,0.0035769828926905133,0.0020070236610657834,0.9080944687252842,0.37589689750002436
BASE_LOGREG,0.25,DOMAIN_OOD,0.01,0.3744945567651633,0.05502145683812015,0.9733050006972898,0.538779929415606,0.01026438569206843,0.0015987604639668748,0.9080944687252842,0.37589689750002436
BASE_LOGREG,0.25,DOMAIN_OOD,0.02,0.5315189217210989,0.03728425633922354,0.9544889996136512,0.6821356558429525,0.025298081907724212,0.00494102395041618,0.9080944687252842,0.37589689750002436
BASE_LOGREG,0.25,DOMAIN_TEMPLATE_OOD,0.005,0.22362459546925567,0.06984253062937229,0.9848295092723331,0.3596622839944034,0.0036138079827400214,0.002066428696611954,0.901419974189164,0.37589689750002436
BASE_LOGREG,0.25,DOMAIN_TEMPLATE_OOD,0.01,0.3615426105717368,0.058862987714076866,0.9728439892465076,0.5246779314865814,0.010086299892125134,0.0017065987019179128,0.901419974189164,0.37589689750002436
BASE_LOGREG,0.25,DOMAIN_TEMPLATE_OOD,0.02,0.5096548004314995,0.03770689919681809,0.9530669402967593,0.6634126355266349,0.025080906148867314,0.005206196416961617,0.901419974189164,0.37589689750002436
BASE_LOGREG,0.25,IID_BALANCED,0.005,0.21899810964083177,0.06553555624944593,0.9863576632929817,0.35429803823414013,0.003119092627599244,0.001839798528123054,0.9062356391665267,0.37589689750002436
BASE_LOGREG,0.25,IID_BALANCED,0.01,0.3609640831758034,0.06128452878528038,0.9781719658037916,0.524679274306212,0.008034026465028356,0.002963907958762883,0.9062356391665267,0.37589689750002436
BASE_LOGREG,0.25,IID_BALANCED,0.02,0.5178638941398865,0.03950817999782584,0.9621039509735818,0.6724910371400465,0.020415879017013232,0.0035140122227091826,0.9062356391665267,0.37589689750002436
BASE_LOGREG,0.25,IID_ORIGINAL,0.005,0.21899810964083177,0.06553555624944593,0.9728519405320635,0.35335888698608386,0.003311590566984446,0.0018044628144186221,0.9064918376890004,0.37589689750002436
BASE_LOGREG,0.25,IID_ORIGINAL,0.01,0.3609640831758034,0.06128452878528038,0.9610526860856717,0.5221893952052986,0.00772704465629704,0.0028501633589751857,0.9064918376890004,0.37589689750002436
BASE_LOGREG,0.25,IID_ORIGINAL,0.02,0.5178638941398865,0.03950817999782584,0.9345912721131622,0.6656641704447878,0.01921726041144004,0.00233015179887849,0.9064918376890004,0.37589689750002436
BASE_LOGREG,0.25,TEMPLATE_OOD,0.005,0.26656908665105383,0.07521693953256656,0.9881075340280236,0.4148103922450437,0.0033665105386416865,0.001805889492908055,0.9249352132683226,0.37589689750002436
BASE_LOGREG,0.25,TEMPLATE_OOD,0.01,0.4206088992974239,0.047222638493678123,0.9790067186263689,0.5870020506368602,0.009045667447306793,0.0015270570973506595,0.9249352132683226,0.37589689750002436
BASE_LOGREG,0.25,TEMPLATE_OOD,0.02,0.5756147540983607,0.024896121606158308,0.9644834530384359,0.720679257194788,0.021194379391100703,0.0028854659763116654,0.9249352132683226,0.37589689750002436
BASE_LOGREG,0.25,TEMPORAL,0.005,0.27302499999999996,0.07294970204036326,0.9889137217316012,0.42319310176217384,0.003275,0.0020664314382260276,0.929529528125,0.37589689750002436
BASE_LOGREG,0.25,TEMPORAL,0.01,0.42627499999999996,0.04658645636519979,0.9798054734551069,0.5927217437144103,0.008825,0.002137788317137337,0.929529528125,0.37589689750002436
BASE_LOGREG,0.25,TEMPORAL,0.02,0.5828749999999999,0.025585436938487756,0.9658822045438974,0.726751308609719,0.020550000000000002,0.00222922507711636,0.929529528125,0.37589689750002436
BASE_LOGREG,1.0,DOMAIN_OOD,0.005,0.2332814930015552,0.0,0.9825327510917031,0.3770423125261835,0.00414722654224987,0.0,0.9218968562829595,0.7740044176999618
BASE_LOGREG,1.0,DOMAIN_OOD,0.01,0.40435458786936235,0.0,0.9737827715355806,0.5714285714285714,0.01088646967340591,0.0,0.9218968562829595,0.7740044176999618
BASE_LOGREG,1.0,DOMAIN_OOD,0.02,0.5002592016588906,0.0,0.9601990049751243,0.6578050443081118,0.020736132711249352,0.0,0.9218968562829595,0.7740044176999618
BASE_LOGREG,1.0,DOMAIN_TEMPLATE_OOD,0.005,0.22168284789644016,0.0,0.9809069212410503,0.3616366036075671,0.004314994606256742,0.0,0.9175894796986952,0.7740044176999618
BASE_LOGREG,1.0,DOMAIN_TEMPLATE_OOD,0.01,0.3888888888888889,0.0,0.9743243243243244,0.5558982266769468,0.010248112189859764,0.0,0.9175894796986952,0.7740044176999618
BASE_LOGREG,1.0,DOMAIN_TEMPLATE_OOD,0.02,0.47518878101402373,0.0,0.9596949891067539,0.6356421356421357,0.019956850053937433,0.0,0.9175894796986952,0.7740044176999618
BASE_LOGREG,1.0,IID_BALANCED,0.005,0.29773156899810965,0.0,0.9936908517350158,0.4581818181818182,0.001890359168241966,0.0,0.9207058651162626,0.7740044176999618
BASE_LOGREG,1.0,IID_BALANCED,0.01,0.4631379962192817,0.0,0.9879032258064516,0.6306306306306306,0.005671077504725898,0.0,0.9207058651162626,0.7740044176999618
BASE_LOGREG,1.0,IID_BALANCED,0.02,0.556710775047259,0.0,0.976782752902156,0.7092113184828417,0.01323251417769376,0.0,0.9207058651162626,0.7740044176999618
BASE_LOGREG,1.0,IID_ORIGINAL,0.005,0.29773156899810965,0.0,0.987460815047022,0.45751633986928103,0.002007024586051179,0.0,0.9208311320244673,0.7740044176999618
BASE_LOGREG,1.0,IID_ORIGINAL,0.01,0.4631379962192817,0.0,0.9780439121756487,0.6286080821039127,0.0055193176116407425,0.0,0.9208311320244673,0.7740044176999618
BASE_LOGREG,1.0,IID_ORIGINAL,0.02,0.556710775047259,0.0,0.9655737704918032,0.7062350119904077,0.010536879076768691,0.0,0.9208311320244673,0.7740044176999618
BASE_LOGREG,1.0,TEMPLATE_OOD,0.005,0.3190866510538642,0.0,0.9900090826521344,0.48262120876688075,0.0032201405152224825,0.0,0.9402790594200594,0.7740044176999618
BASE_LOGREG,1.0,TEMPLATE_OOD,0.01,0.48829039812646363,0.0,0.9840707964601771,0.6527098415182939,0.007903981264637002,0.0,0.9402790594200594,0.7740044176999618
BASE_LOGREG,1.0,TEMPLATE_OOD,0.02,0.5711358313817331,0.0,0.9745254745254746,0.7201919527500923,0.014929742388758781,0.0,0.9402790594200594,0.7740044176999618
BASE_LOGREG,1.0,TEMPORAL,0.005,0.322,0.0,0.99153194765204,0.4861294583883752,0.00275,0.0,0.9445268124999998,0.7740044176999618
BASE_LOGREG,1.0,TEMPORAL,0.01,0.49450000000000005,0.0,0.9850597609561753,0.6584553928095872,0.0075,0.0,0.9445268124999998,0.7740044176999618
BASE_LOGREG,1.0,TEMPORAL,0.02,0.58225,0.0,0.9769295302013423,0.7296365914786967,0.013750000000000002,0.0,0.9445268124999998,0.7740044176999618
BASE_MLP,0.1,DOMAIN_OOD,0.005,0.1736132711249352,0.06219181181644593,0.9335215257546732,0.2894183379423649,0.009383100051840332,0.004646068729080013,0.8509916311053816,0.26155025670013854
BASE_MLP,0.1,DOMAIN_OOD,0.01,0.2385692068429238,0.08832547283363724,0.9179434071173425,0.3727358735262108,0.017107309486780714,0.0072822904806308895,0.8509916311053816,0.26155025670013854
BASE_MLP,0.1,DOMAIN_OOD,0.02,0.3294453084499741,0.12405681318588963,0.9029236131899296,0.47277525675423543,0.029030585795749093,0.007997536869124683,0.8509916311053816,0.26155025670013854
BASE_MLP,0.1,DOMAIN_TEMPLATE_OOD,0.005,0.161596548004315,0.0544053775325154,0.9314393986018796,0.2728399461525189,0.009331175836030204,0.005072859422274028,0.8387552090060966,0.26155025670013854
BASE_MLP,0.1,DOMAIN_TEMPLATE_OOD,0.01,0.22400215749730315,0.08334532826368049,0.9133524362997866,0.3543036472922967,0.01725997842502697,0.007770651846448871,0.8387552090060966,0.26155025670013854
BASE_MLP,0.1,DOMAIN_TEMPLATE_OOD,0.02,0.3124595469255663,0.11822214939478819,0.8979228518194169,0.4543129854356769,0.029503775620280476,0.008475216774333966,0.8387552090060966,0.26155025670013854
BASE_MLP,0.1,IID_BALANCED,0.005,0.272117202268431,0.05322264750385975,0.9756965370202735,0.4231994963330468,0.006427221172022685,0.0025903975792179543,0.8886684760274586,0.26155025670013854
BASE_MLP,0.1,IID_BALANCED,0.01,0.3469754253308129,0.052340632203659365,0.9604634593876045,0.507907730817443,0.013988657844990548,0.005453357661857293,0.8886684760274586,0.26155025670013854
BASE_MLP,0.1,IID_BALANCED,0.02,0.43676748582230623,0.06938108890910741,0.9427992579184776,0.594153720438172,0.02608695652173913,0.00658166007713648,0.8886684760274586,0.26155025670013854
BASE_MLP,0.1,IID_ORIGINAL,0.005,0.272117202268431,0.05322264750385975,0.9549463658132407,0.42129616191753205,0.006522829904666331,0.0024919994021995887,0.8895380049454754,0.26155025670013854
BASE_MLP,0.1,IID_ORIGINAL,0.01,0.3469754253308129,0.052340632203659365,0.9306142246215867,0.5037083494200193,0.013497240341194181,0.004721427877665222,0.8895380049454754,0.26155025670013854
BASE_MLP,0.1,IID_ORIGINAL,0.02,0.43676748582230623,0.06938108890910741,0.8986076550100959,0.5851151272670234,0.025840441545408932,0.00535859486322154,0.8895380049454754,0.26155025670013854
BASE_MLP,0.1,TEMPLATE_OOD,0.005,0.2658957845433255,0.05999449973143829,0.9716698952657483,0.41465373017382684,0.006967213114754098,0.0028475981993709635,0.8831780479929139,0.26155025670013854
BASE_MLP,0.1,TEMPLATE_OOD,0.01,0.33512880562060887,0.08096599113831573,0.9601135741013153,0.4921965009855424,0.012968384074941452,0.004706250870879554,0.8831780479929139,0.26155025670013854
BASE_MLP,0.1,TEMPLATE_OOD,0.02,0.42172131147540987,0.10973836581736539,0.9465303056410157,0.5762621569718895,0.02233606557377049,0.005406760646470183,0.8831780479929139,0.26155025670013854
BASE_MLP,0.1,TEMPORAL,0.005,0.269675,0.06505799229234724,0.9739268520105636,0.4189259744854471,0.00645,0.002374049517409254,0.89083144375,0.26155025670013854
BASE_MLP,0.1,TEMPORAL,0.01,0.34085,0.08587662338753453,0.9636047320071757,0.498299806122336,0.011949999999999999,0.004010056802036045,0.89083144375,0.26155025670013854
BASE_MLP,0.1,TEMPORAL,0.02,0.4295,0.11508342384741796,0.9509020898268503,0.5836692767269367,0.02085,0.004153646323145216,0.89083144375,0.26155025670013854
BASE_MLP,0.25,DOMAIN_OOD,0.005,0.26739243131156043,0.06534386482718704,0.9774121493611017,0.41630286943365463,0.006117159149818559,0.001889783737963341,0.8950322638207965,0.5987127509001766
BASE_MLP,0.25,DOMAIN_OOD,0.01,0.36350440642820114,0.07949519509672588,0.9684517095562366,0.5241454905450109,0.011871435977190255,0.005238182718120946,0.8950322638207965,0.5987127509001766
BASE_MLP,0.25,DOMAIN_OOD,0.02,0.49860031104199065,0.07115327632338792,0.9458315162284915,0.6503981146605254,0.028252980819077244,0.0037641301038175154,0.8950322638207965,0.5987127509001766
BASE_MLP,0.25,DOMAIN_TEMPLATE_OOD,0.005,0.25156418554476806,0.06514566193130784,0.9760479846376503,0.39631650389233614,0.0060949298813376485,0.0019372475723913665,0.8861954647172388,0.5987127509001766
BASE_MLP,0.25,DOMAIN_TEMPLATE_OOD,0.01,0.34336569579288023,0.08035418413219846,0.9667200683362281,0.502004097324137,0.011758360302049622,0.005052107526697873,0.8861954647172388,0.5987127509001766
BASE_MLP,0.25,DOMAIN_TEMPLATE_OOD,0.02,0.4726537216828479,0.07241826539727327,0.9436810775912884,0.6270478848187475,0.02783171521035599,0.003738624589879908,0.8861954647172388,0.5987127509001766
BASE_MLP,0.25,IID_BALANCED,0.005,0.3440453686200378,0.03199990907522275,0.9866564230601789,0.5094220702190595,0.0046313799621928164,0.0019138427912397532,0.9113015962635925,0.5987127509001766
BASE_MLP,0.25,IID_BALANCED,0.01,0.4222117202268431,0.04169052755468498,0.976241137041049,0.5882418483063105,0.010586011342155009,0.005991109930185111,0.9113015962635925,0.5987127509001766
BASE_MLP,0.25,IID_BALANCED,0.02,0.534593572778828,0.027582406755343694,0.9533817200518435,0.684618814972311,0.02627599243856333,0.006345152300024753,0.9113015962635925,0.5987127509001766
BASE_MLP,0.25,IID_ORIGINAL,0.005,0.3440453686200378,0.03199990907522275,0.9729192635199582,0.5075223003126662,0.005117912694430507,0.0018443283160515433,0.9118609367189701,0.5987127509001766
BASE_MLP,0.25,IID_ORIGINAL,0.01,0.4222117202268431,0.04169052755468498,0.9560883806966464,0.584354155840467,0.01063723030607125,0.005591323795524847,0.9118609367189701,0.5987127509001766
BASE_MLP,0.25,IID_ORIGINAL,0.02,0.534593572778828,0.027582406755343694,0.9199420816439936,0.6757886393141258,0.024786753637732063,0.004831239799265646,0.9118609367189701,0.5987127509001766
BASE_MLP,0.25,TEMPLATE_OOD,0.005,0.34953161592505855,0.057354973263256455,0.9850461787432296,0.5135742583536634,0.005327868852459017,0.0013854987782434699,0.9182587820300118,0.5987127509001766
BASE_MLP,0.25,TEMPLATE_OOD,0.01,0.436943793911007,0.0617605495815526,0.9779952749810154,0.6016535030702934,0.009982435597189695,0.0036782618297553095,0.9182587820300118,0.5987127509001766
BASE_MLP,0.25,TEMPLATE_OOD,0.02,0.5569379391100703,0.05654629298785517,0.9615140864782269,0.7037896855687802,0.022306791569086652,0.0033257468234411855,0.9182587820300118,0.5987127509001766
BASE_MLP,0.25,TEMPORAL,0.005,0.357375,0.05421846881931573,0.9862084182625015,0.5225445143747856,0.005,0.001201850425154663,0.9240193843750001,0.5987127509001766
BASE_MLP,0.25,TEMPORAL,0.01,0.4478,0.06328866846091451,0.979540348988252,0.6121603193701036,0.009575,0.00407916453864432,0.9240193843750001,0.5987127509001766
BASE_MLP,0.25,TEMPORAL,0.02,0.572025,0.055617799159381816,0.9630079858574929,0.7162561136304137,0.022025,0.0038702031241554004,0.9240193843750001,0.5987127509001766
BASE_MLP,1.0,DOMAIN_OOD,0.005,0.2623639191290824,0.0573186503944028,0.9912839244675371,0.41189623165402944,0.002436495593571799,0.001584690723084206,0.9372690464845725,2.643565057200431
BASE_MLP,1.0,DOMAIN_OOD,0.01,0.49186106791083467,0.05226472217133909,0.9793246305331718,0.6532615843867321,0.010523587350959046,0.0033153503276971454,0.9372690464845725,2.643565057200431
BASE_MLP,1.0,DOMAIN_OOD,0.02,0.6427164333851737,0.028262147830950178,0.9580116407343701,0.7689764328770912,0.02820114048729912,0.0032530697427337386,0.9372690464845725,2.643565057200431
BASE_MLP,1.0,DOMAIN_TEMPLATE_OOD,0.005,0.23840345199568502,0.05773125317224299,0.9910659286455236,0.38113486794344065,0.0022653721682847896,0.0014561996930109015,0.9327338248796444,2.643565057200431
BASE_MLP,1.0,DOMAIN_TEMPLATE_OOD,0.01,0.4585760517799352,0.053321910407771365,0.9798849639294824,0.6230171626169146,0.009546925566343043,0.003226743009652663,0.9327338248796444,2.643565057200431
BASE_MLP,1.0,DOMAIN_TEMPLATE_OOD,0.02,0.6121359223300971,0.028346046683997123,0.9582464067558938,0.7466968476729836,0.02669902912621359,0.003137347782562954,0.9327338248796444,2.643565057200431
BASE_MLP,1.0,IID_BALANCED,0.005,0.3784499054820416,0.04192593331602867,0.992396370849225,0.5466917895394371,0.0029300567107750472,0.0012161473891379195,0.9320553903823958,2.643565057200431
BASE_MLP,1.0,IID_BALANCED,0.01,0.5333648393194708,0.0348537953130548,0.9828109563749923,0.6908036083041365,0.00945179584120983,0.00330437570311957,0.9320553903823958,2.643565057200431
BASE_MLP,1.0,IID_BALANCED,0.02,0.6386578449905482,0.02275007096236884,0.9668596211588497,0.7689844014379041,0.021928166351606805,0.0039300481737902125,0.9320553903823958,2.643565057200431
BASE_MLP,1.0,IID_ORIGINAL,0.005,0.3784499054820416,0.04192593331602867,0.9891250660662072,0.5461570071569259,0.0022579026593075764,0.001064385521103684,0.9317519399182583,2.643565057200431
BASE_MLP,1.0,IID_ORIGINAL,0.01,0.5333648393194708,0.0348537953130548,0.9684051962147174,0.6871783113719943,0.009332664325137983,0.0026571503071731724,0.9317519399182583,2.643565057200431
BASE_MLP,1.0,IID_ORIGINAL,0.02,0.6386578449905482,0.02275007096236884,0.9390985936139875,0.7600293839497063,0.022027094831911693,0.0030054220548297156,0.9317519399182583,2.643565057200431
BASE_MLP,1.0,TEMPLATE_OOD,0.005,0.33571428571428574,0.051172285055235266,0.993874075664996,0.49986625175231125,0.0021370023419203747,0.0010957675283864007,0.9490981018515979,2.643565057200431
BASE_MLP,1.0,TEMPLATE_OOD,0.01,0.5309718969555035,0.043536393198966336,0.9854531304940923,0.6891139930843383,0.007903981264637002,0.0020745795887460285,0.9490981018515979,2.643565057200431
BASE_MLP,1.0,TEMPLATE_OOD,0.02,0.6595140515222482,0.02254814256177967,0.9682409984539799,0.784387367432073,0.021662763466042154,0.0025632173178305423,0.9490981018515979,2.643565057200431
BASE_MLP,1.0,TEMPORAL,0.005,0.350275,0.05105640263473328,0.9944516715770233,0.5160995699529868,0.002025,0.0010765815239812439,0.953180803125,2.643565057200431
BASE_MLP,1.0,TEMPORAL,0.01,0.54855,0.03973432605023858,0.9862248292601252,0.7041789568074033,0.007725,0.0019700888304845544,0.953180803125,2.643565057200431
BASE_MLP,1.0,TEMPORAL,0.02,0.67505,0.021653457511959195,0.9702892120789093,0.7959882229569496,0.0207,0.0024375534182180833,0.953180803125,2.643565057200431
BASE_XGBOOST,0.1,DOMAIN_OOD,0.005,0.11586314152410575,0.042486763622652246,0.9530696394499831,0.2042508623409022,0.005650596163815449,0.003227728540155885,0.8516949692303847,1.9721094890997848
BASE_XGBOOST,0.1,DOMAIN_OOD,0.01,0.17744945567651632,0.0507776865697778,0.94233979065992,0.2958410215741491,0.010679108346293417,0.0038031949251044867,0.8516949692303847,1.9721094890997848
BASE_XGBOOST,0.1,DOMAIN_OOD,0.02,0.3110938310005184,0.04088084870484061,0.9168360800650153,0.46316644413925595,0.028252980819077244,0.005779157251837099,0.8516949692303847,1.9721094890997848
BASE_XGBOOST,0.1,DOMAIN_TEMPLATE_OOD,0.005,0.11494066882416396,0.041618864567718336,0.9529839944534715,0.20283362254903747,0.005717367853290183,0.0033268704800346284,0.8396193716260012,1.9721094890997848
BASE_XGBOOST,0.1,DOMAIN_TEMPLATE_OOD,0.01,0.17351672060409923,0.05053134351499947,0.9403779786537452,0.290120499076598,0.010895361380798274,0.004002530631958109,0.8396193716260012,1.9721094890997848
BASE_XGBOOST,0.1,DOMAIN_TEMPLATE_OOD,0.02,0.29902912621359223,0.041080829798100515,0.9126804109424398,0.44901591501367155,0.028640776699029126,0.005811742717174101,0.8396193716260012,1.9721094890997848
BASE_XGBOOST,0.1,IID_BALANCED,0.005,0.23506616257088847,0.06443886926685653,0.9708475525243774,0.374347130011036,0.006805293005671077,0.004005103612368167,0.8799968553571492,1.9721094890997848
BASE_XGBOOST,0.1,IID_BALANCED,0.01,0.30425330812854445,0.07083797123191403,0.9599219456383082,0.4577533754632622,0.01228733459357278,0.004319883176056109,0.8799968553571492,1.9721094890997848
BASE_XGBOOST,0.1,IID_BALANCED,0.02,0.41899810964083173,0.03507240376744425,0.9323035305018272,0.5774163437041746,0.030340264650283555,0.003406436779023442,0.8799968553571492,1.9721094890997848
BASE_XGBOOST,0.1,IID_ORIGINAL,0.005,0.23506616257088847,0.06443886926685653,0.9534118467726417,0.372913860241602,0.006021073758153537,0.0032944832921211254,0.8810170426359933,1.9721094890997848
BASE_XGBOOST,0.1,IID_ORIGINAL,0.01,0.30425330812854445,0.07083797123191403,0.9324120154048563,0.4545383925663017,0.011389864525840442,0.0036570493286915036,0.8810170426359933,1.9721094890997848
BASE_XGBOOST,0.1,IID_ORIGINAL,0.02,0.41899810964083173,0.03507240376744425,0.8907750953529698,0.5691557738973196,0.027245358755644756,0.0024700132295163205,0.8810170426359933,1.9721094890997848
BASE_XGBOOST,0.1,TEMPLATE_OOD,0.005,0.20562060889929742,0.060863527372998466,0.9757137459582118,0.33585557904845637,0.004859484777517564,0.002391009078187631,0.8815473719553664,1.9721094890997848
BASE_XGBOOST,0.1,TEMPLATE_OOD,0.01,0.27617096018735365,0.057744980839946385,0.9674657479990543,0.4267798426398174,0.009221311475409836,0.0031202726298437708,0.8815473719553664,1.9721094890997848
BASE_XGBOOST,0.1,TEMPLATE_OOD,0.02,0.4060304449648712,0.039958271728265105,0.9469146970401937,0.5672864833280029,0.022804449648711943,0.004080781786232777,0.8815473719553664,1.9721094890997848
BASE_XGBOOST,0.1,TEMPORAL,0.005,0.20259999999999997,0.05812357525135563,0.9748178459736231,0.33193680371848866,0.00515,0.002415804443888435,0.890022590625,1.9721094890997848
BASE_XGBOOST,0.1,TEMPORAL,0.01,0.27490000000000003,0.05364378394143683,0.9675973836804435,0.4256433522017108,0.009174999999999999,0.0025794325388003897,0.890022590625,1.9721094890997848
BASE_XGBOOST,0.1,TEMPORAL,0.02,0.41095,0.03558202573709871,0.9493621225701476,0.5727950544536499,0.0219,0.002993511501750262,0.890022590625,1.9721094890997848
BASE_XGBOOST,0.25,DOMAIN_OOD,0.005,0.1636080870917574,0.04531818958456098,0.9817584703032246,0.278180310800594,0.0030067392431311563,0.0015222198407150677,0.8851081055005844,3.950645880099728
BASE_XGBOOST,0.25,DOMAIN_OOD,0.01,0.2600311041990669,0.0676132549426329,0.9722747863832542,0.40608351408162535,0.0075686884396060135,0.0034142979879670902,0.8851081055005844,3.950645880099728
BASE_XGBOOST,0.25,DOMAIN_OOD,0.02,0.4300155520995334,0.04481865770136723,0.9432517673694779,0.5894635552642659,0.025868325557283568,0.004950985398067546,0.8851081055005844,3.950645880099728
BASE_XGBOOST,0.25,DOMAIN_TEMPLATE_OOD,0.005,0.15701186623516722,0.04207231148852078,0.9810681977643911,0.2686918679983565,0.00302049622437972,0.0015715047381094683,0.8749190793048995,3.950645880099728
BASE_XGBOOST,0.25,DOMAIN_TEMPLATE_OOD,0.01,0.24563106796116502,0.06419999696282297,0.9705596295796379,0.38810944483383053,0.007605177993527508,0.003453212808323481,0.8749190793048995,3.950645880099728
BASE_XGBOOST,0.25,DOMAIN_TEMPLATE_OOD,0.02,0.4065803667745415,0.04774050201174368,0.9400229546556529,0.5661237181097745,0.02594390507011866,0.005213641821433532,0.8749190793048995,3.950645880099728
BASE_XGBOOST,0.25,IID_BALANCED,0.005,0.2735349716446125,0.057075770051216175,0.9813534761009025,0.4250027695453653,0.005103969754253308,0.001737120195600532,0.9033747735321128,3.950645880099728
BASE_XGBOOST,0.25,IID_BALANCED,0.01,0.35926275992438567,0.04221437691762027,0.9727785788818993,0.5233929656854577,0.010207939508506616,0.004383749749445769,0.9033747735321128,3.950645880099728
BASE_XGBOOST,0.25,IID_BALANCED,0.02,0.48468809073724006,0.022935838572681166,0.9495934532124297,0.6414695219728771,0.025803402646502837,0.0049021937542116974,0.9033747735321128,3.950645880099728
BASE_XGBOOST,0.25,IID_ORIGINAL,0.005,0.2735349716446125,0.057075770051216175,0.9737577937650539,0.4242742071476,0.00386352232814852,0.0017549514486803377,0.9041349591244213,3.950645880099728
BASE_XGBOOST,0.25,IID_ORIGINAL,0.01,0.35926275992438567,0.04221437691762027,0.9589773503115246,0.521284831518686,0.008329152032112394,0.0036505417777576987,0.9041349591244213,3.950645880099728
BASE_XGBOOST,0.25,IID_ORIGINAL,0.02,0.48468809073724006,0.022935838572681166,0.9163431468781946,0.6336561808474224,0.023582538886101356,0.004244381180949832,0.9041349591244213,3.950645880099728
BASE_XGBOOST,0.25,TEMPLATE_OOD,0.005,0.25992388758782203,0.04630980381302908,0.9884034391312125,0.4096646431087606,0.0031030444964871193,0.0013535160721623498,0.9085186025330584,3.950645880099728
BASE_XGBOOST,0.25,TEMPLATE_OOD,0.01,0.3529566744730679,0.0607258320553789,0.981386003662808,0.5163845128653239,0.006879391100702575,0.002918441925983252,0.9085186025330584,3.950645880099728
BASE_XGBOOST,0.25,TEMPLATE_OOD,0.02,0.49961943793911007,0.03774569826511201,0.9599616057802421,0.6563908554354672,0.020901639344262295,0.0033125505017609596,0.9085186025330584,3.950645880099728
BASE_XGBOOST,0.25,TEMPORAL,0.005,0.261325,0.04659355135399938,0.9880862835062398,0.4113717122701381,0.0032,0.0013112758841847295,0.915906915625,3.950645880099728
BASE_XGBOOST,0.25,TEMPORAL,0.01,0.35910000000000003,0.06269770950982004,0.9812759878658204,0.5228630407892974,0.007000000000000001,0.0028819360776317637,0.915906915625,3.950645880099728
BASE_XGBOOST,0.25,TEMPORAL,0.02,0.5126999999999999,0.03486438010348098,0.9624331970957993,0.668362746104399,0.020025,0.002433704309620761,0.915906915625,3.950645880099728
BASE_XGBOOST,1.0,DOMAIN_OOD,0.005,0.23597719025401762,0.04835702407707665,0.9892298109132467,0.3787332245746948,0.002747537584240539,0.0015465457636263658,0.9187823246236737,11.020092420800301
BASE_XGBOOST,1.0,DOMAIN_OOD,0.01,0.40098496630378433,0.03988094539857811,0.9729455985686245,0.5668403685147536,0.01119751166407465,0.002396895231988899,0.9187823246236737,11.020092420800301
BASE_XGBOOST,1.0,DOMAIN_OOD,0.02,0.5363400725764645,0.025529221571291085,0.9510368126741394,0.6854899244727015,0.027734577501296008,0.004127378922583786,0.9187823246236737,11.020092420800301
BASE_XGBOOST,1.0,DOMAIN_TEMPLATE_OOD,0.005,0.2135382955771305,0.04195921656782409,0.9889342500601609,0.3493879639678209,0.002535059331175836,0.0013704307083897524,0.9114525112035088,11.020092420800301
BASE_XGBOOST,1.0,DOMAIN_TEMPLATE_OOD,0.01,0.3709816612729234,0.04160359980670278,0.9723218076835078,0.535831101806443,0.010571736785329019,0.002053089165569248,0.9114525112035088,11.020092420800301
BASE_XGBOOST,1.0,DOMAIN_TEMPLATE_OOD,0.02,0.5066343042071197,0.02690157049260064,0.9499479708801903,0.6603877128656513,0.026806903991370014,0.003972129685739829,0.9114525112035088,11.020092420800301
BASE_XGBOOST,1.0,IID_BALANCED,0.005,0.38638941398865784,0.03644031987908201,0.9929895250257058,0.5553996346842204,0.0027410207939508506,0.0009399139187256647,0.9254364085319878,11.020092420800301
BASE_XGBOOST,1.0,IID_BALANCED,0.01,0.49177693761814745,0.01730278239122186,0.9798487707273734,0.6546643327358428,0.010207939508506616,0.003206807977315557,0.9254364085319878,11.020092420800301
BASE_XGBOOST,1.0,IID_BALANCED,0.02,0.5764650283553875,0.015373177977137527,0.9586651142418278,0.7198308207370896,0.02495274102079395,0.0044377610237325785,0.9254364085319878,11.020092420800301
BASE_XGBOOST,1.0,IID_ORIGINAL,0.005,0.38638941398865784,0.03644031987908201,0.990489028621693,0.5549735130556158,0.002007024586051179,0.0007095903474024559,0.9252658406502153,11.020092420800301
BASE_XGBOOST,1.0,IID_ORIGINAL,0.01,0.49177693761814745,0.01730278239122186,0.9698519571600013,0.6524047897372649,0.008178625188158555,0.0021941276064368783,0.9252658406502153,11.020092420800301
BASE_XGBOOST,1.0,IID_ORIGINAL,0.02,0.5764650283553875,0.015373177977137527,0.9274837005028317,0.7108122513439273,0.02403411941796287,0.004194326592769263,0.9252658406502153,11.020092420800301
BASE_XGBOOST,1.0,TEMPLATE_OOD,0.005,0.3312353629976581,0.043016797166001326,0.9934513227613412,0.4953483762749591,0.0022833723653395786,0.0012014632296347685,0.9356836062831475,11.020092420800301
BASE_XGBOOST,1.0,TEMPLATE_OOD,0.01,0.4706967213114754,0.031405745630871576,0.9822994898586197,0.635849872974977,0.008518735362997657,0.0015517983935244232,0.9356836062831475,11.020092420800301
BASE_XGBOOST,1.0,TEMPLATE_OOD,0.02,0.5805620608899298,0.022165832687294867,0.9659791543045608,0.7249816628694085,0.020521077283372366,0.0030373886182365997,0.9356836062831475,11.020092420800301
BASE_XGBOOST,1.0,TEMPORAL,0.005,0.340175,0.046322548205190744,0.9941556327273002,0.5052354514817511,0.0021,0.0011438239957848994,0.9417321093750001,11.020092420800301
BASE_XGBOOST,1.0,TEMPORAL,0.01,0.48760000000000003,0.03115489973949168,0.9842357618569219,0.6515738511603736,0.00785,0.0015509853498842454,0.9417321093750001,11.020092420800301
BASE_XGBOOST,1.0,TEMPORAL,0.02,0.59925,0.021072296188756227,0.9696963189291885,0.7405056293884016,0.0188,0.002950517845320641,0.9417321093750001,11.020092420800301
CONTRASTIVE_LOGREG,0.1,DOMAIN_OOD,0.005,0.10316226023846553,0.048656323922668145,0.934867455647918,0.18258226185152573,0.006687402799377916,0.0031243089860519832,0.8002847858972798,0.018604860899813502
CONTRASTIVE_LOGREG,0.1,DOMAIN_OOD,0.01,0.1512182477967859,0.03933269757724094,0.9322720938598398,0.25852039586765035,0.0104199066874028,0.002232413735575415,0.8002847858972798,0.018604860899813502
CONTRASTIVE_LOGREG,0.1,DOMAIN_OOD,0.02,0.23851736651114566,0.04630131388543454,0.9175588046020835,0.37682001317029246,0.0208398133748056,0.0027080750681402767,0.8002847858972798,0.018604860899813502
CONTRASTIVE_LOGREG,0.1,DOMAIN_TEMPLATE_OOD,0.005,0.1022653721682848,0.049863009862844726,0.9364379201557161,0.18099392257423463,0.0064724919093851144,0.0033151903837802545,0.7917614062832745,0.018604860899813502
CONTRASTIVE_LOGREG,0.1,DOMAIN_TEMPLATE_OOD,0.01,0.148975188781014,0.04064702397385866,0.9340642085477656,0.25512331267795996,0.009978425026968716,0.002608525373704946,0.7917614062832745,0.018604860899813502
CONTRASTIVE_LOGREG,0.1,DOMAIN_TEMPLATE_OOD,0.02,0.2335490830636462,0.04710467155309333,0.9182311009635701,0.3704848857682758,0.02017259978425027,0.003365511386349541,0.7917614062832745,0.018604860899813502
CONTRASTIVE_LOGREG,0.1,IID_BALANCED,0.005,0.14035916824196598,0.06699190666340554,0.9321925005722628,0.23874788202093927,0.008695652173913044,0.0032376137564373354,0.8433044121483271,0.018604860899813502
CONTRASTIVE_LOGREG,0.1,IID_BALANCED,0.01,0.2056710775047259,0.042758161945489696,0.9339094456243215,0.33540019693298934,0.013988657844990548,0.003530920157812703,0.8433044121483271,0.018604860899813502
CONTRASTIVE_LOGREG,0.1,IID_BALANCED,0.02,0.3078449905482042,0.04938114836290679,0.9166616713156659,0.45917357572003004,0.027504725897920607,0.005501381843160518,0.8433044121483271,0.018604860899813502
CONTRASTIVE_LOGREG,0.1,IID_ORIGINAL,0.005,0.14035916824196598,0.06699190666340554,0.8999701393416524,0.23732025454382905,0.007777220270948319,0.0036890357919573133,0.8426014206622991,0.018604860899813502
CONTRASTIVE_LOGREG,0.1,IID_ORIGINAL,0.01,0.2056710775047259,0.042758161945489696,0.8949000646443382,0.3328646571567114,0.012393376818866032,0.003328693958532728,0.8426014206622991,0.018604860899813502
CONTRASTIVE_LOGREG,0.1,IID_ORIGINAL,0.02,0.3078449905482042,0.04938114836290679,0.8645444538747176,0.45231153280731673,0.025338685398896138,0.00539501291730701,0.8426014206622991,0.018604860899813502
CONTRASTIVE_LOGREG,0.1,TEMPLATE_OOD,0.005,0.1517271662763466,0.07567970965372554,0.9624494096722216,0.25519005805068556,0.005503512880562061,0.0025023138836572376,0.837705625030851,0.018604860899813502
CONTRASTIVE_LOGREG,0.1,TEMPLATE_OOD,0.01,0.2125,0.06018250132822145,0.9589736489105605,0.3442946437230505,0.00857728337236534,0.0018413946206815206,0.837705625030851,0.018604860899813502
CONTRASTIVE_LOGREG,0.1,TEMPLATE_OOD,0.02,0.3096311475409836,0.059971482045935116,0.9439439353458405,0.4635405828259012,0.018062060889929742,0.002901426534842488,0.837705625030851,0.018604860899813502
CONTRASTIVE_LOGREG,0.1,TEMPORAL,0.005,0.149825,0.07345738087868063,0.9604100559232371,0.25265514751342105,0.005675,0.002438265549297059,0.8385320249999999,0.018604860899813502
CONTRASTIVE_LOGREG,0.1,TEMPORAL,0.01,0.21115,0.057477797645892996,0.9566805653382664,0.34264746014885644,0.009025,0.001569899147503856,0.8385320249999999,0.018604860899813502
CONTRASTIVE_LOGREG,0.1,TEMPORAL,0.02,0.311625,0.05796338044163939,0.9416365566762807,0.4657190638788647,0.019,0.00273861278752583,0.8385320249999999,0.018604860899813502
CONTRASTIVE_LOGREG,0.25,DOMAIN_OOD,0.005,0.14354587869362362,0.059355331111703324,0.9555848863509173,0.24547132779790423,0.0064282011404872995,0.0031693814461684123,0.8283924713541184,0.24468340269986583
CONTRASTIVE_LOGREG,0.25,DOMAIN_OOD,0.01,0.2002592016588906,0.0473248253312429,0.9491412153663431,0.32843763711331103,0.010679108346293415,0.004163036508423167,0.8283924713541184,0.24468340269986583
CONTRASTIVE_LOGREG,0.25,DOMAIN_OOD,0.02,0.3115603939865215,0.044240458010195056,0.9313853132363542,0.465526209166338,0.022654224987039916,0.00505601980154911,0.8283924713541184,0.24468340269986583
CONTRASTIVE_LOGREG,0.25,DOMAIN_TEMPLATE_OOD,0.005,0.13813376483279396,0.05930635397656778,0.95586779143724,0.23722092246743345,0.006202804746494066,0.003074906755930793,0.8204209912617868,0.24468340269986583
CONTRASTIVE_LOGREG,0.25,DOMAIN_TEMPLATE_OOD,0.01,0.19687162891046386,0.04869660414881034,0.950371481327633,0.32372169651443117,0.010248112189859762,0.004036307860597564,0.8204209912617868,0.24468340269986583
CONTRASTIVE_LOGREG,0.25,DOMAIN_TEMPLATE_OOD,0.02,0.3040992448759439,0.04286418019335955,0.9315767685107236,0.457128222832888,0.022114347357065803,0.004982526594948227,0.8204209912617868,0.24468340269986583
CONTRASTIVE_LOGREG,0.25,IID_BALANCED,0.005,0.1667296786389414,0.0561782743193536,0.9572992685268851,0.2804295718366989,0.007372400756143667,0.003237613756437336,0.8596251085437803,0.24468340269986583
CONTRASTIVE_LOGREG,0.25,IID_BALANCED,0.01,0.23780718336483933,0.048191183990883665,0.9459374937944967,0.3778732913763066,0.013516068052930055,0.004251557435682216,0.8596251085437803,0.24468340269986583
CONTRASTIVE_LOGREG,0.25,IID_BALANCED,0.02,0.3662570888468809,0.03941964220432106,0.9265177693388411,0.5240042414629864,0.02882797731568998,0.0069634644314115765,0.8596251085437803,0.24468340269986583
CONTRASTIVE_LOGREG,0.25,IID_ORIGINAL,0.005,0.1667296786389414,0.0561782743193536,0.9294133799765874,0.27906378857730213,0.00677370797792273,0.003003559959201869,0.859929033279996,0.24468340269986583
CONTRASTIVE_LOGREG,0.25,IID_ORIGINAL,0.01,0.23780718336483933,0.048191183990883665,0.9104775522327857,0.37475480825768226,0.012543903662819869,0.0045374343422814965,0.859929033279996,0.24468340269986583
CONTRASTIVE_LOGREG,0.25,IID_ORIGINAL,0.02,0.3662570888468809,0.03941964220432106,0.87568757535718,0.5155570555444717,0.027446061214249872,0.004933510205311196,0.859929033279996,0.24468340269986583
CONTRASTIVE_LOGREG,0.25,TEMPLATE_OOD,0.005,0.19780444964871197,0.07599736220471072,0.9731404286072574,0.3226939226161124,0.0054156908665105395,0.0025002201356984694,0.8618277948104799,0.24468340269986583
CONTRASTIVE_LOGREG,0.25,TEMPLATE_OOD,0.01,0.26528103044496487,0.05272406359463174,0.9659592517472178,0.41382730412968183,0.00936768149882904,0.0032714782619516413,0.8618277948104799,0.24468340269986583
CONTRASTIVE_LOGREG,0.25,TEMPLATE_OOD,0.02,0.384748243559719,0.044794233442846866,0.9488663812879314,0.5461933043856424,0.020608899297423888,0.003759554250588632,0.8618277948104799,0.24468340269986583
CONTRASTIVE_LOGREG,0.25,TEMPORAL,0.005,0.19785,0.07486480407300143,0.9707972777974352,0.3228590129920842,0.005725,0.002405000577500509,0.863128746875,0.24468340269986583
CONTRASTIVE_LOGREG,0.25,TEMPORAL,0.01,0.26739999999999997,0.05249407373959253,0.9635230402144851,0.41625061317834094,0.010125,0.0032643912143001485,0.863128746875,0.24468340269986583
CONTRASTIVE_LOGREG,0.25,TEMPORAL,0.02,0.3902,0.044890267443078474,0.9450305438124831,0.55108124224338,0.022525,0.0036750850330298465,0.863128746875,0.24468340269986583
CONTRASTIVE_LOGREG,1.0,DOMAIN_OOD,0.005,0.15889061689994816,0.03932221962923393,0.9707126682812218,0.2712530467260679,0.004717470191809228,0.0016292862714806524,0.8448851544500584,0.5436746789996505
CONTRASTIVE_LOGREG,1.0,DOMAIN_OOD,0.01,0.21876620010368067,0.04530553690984538,0.9638533378951386,0.35449013362858783,0.008242612752721618,0.0034599079588678574,0.8448851544500584,0.5436746789996505
CONTRASTIVE_LOGREG,1.0,DOMAIN_OOD,0.02,0.3242094349403836,0.0447492811775843,0.9475483755763315,0.4815506957431978,0.017884914463452566,0.004134607262486746,0.8448851544500584,0.5436746789996505
CONTRASTIVE_LOGREG,1.0,DOMAIN_TEMPLATE_OOD,0.005,0.15199568500539376,0.03719884498988398,0.9714986934849887,0.2611955244929483,0.004368932038834952,0.0016760188689566944,0.8386261839179173,0.5436746789996505
CONTRASTIVE_LOGREG,1.0,DOMAIN_TEMPLATE_OOD,0.01,0.21014023732470336,0.04304208621757896,0.9641312204580895,0.34312705264759247,0.007874865156418555,0.0034226548822123824,0.8386261839179173,0.5436746789996505
CONTRASTIVE_LOGREG,1.0,DOMAIN_TEMPLATE_OOD,0.02,0.3101941747572815,0.04454581064517474,0.9473774871734602,0.4657539101330113,0.01715210355987055,0.0042149495180417405,0.8386261839179173,0.5436746789996505
CONTRASTIVE_LOGREG,1.0,IID_BALANCED,0.005,0.23572778827977317,0.04934726598406265,0.9681850530844297,0.3767154573162057,0.007844990548204159,0.0036211330846111166,0.8691317122937668,0.5436746789996505
CONTRASTIVE_LOGREG,1.0,IID_BALANCED,0.01,0.2997164461247637,0.047226306706352215,0.9578240385188959,0.45472993950752477,0.013137996219281665,0.0034064367790234435,0.8691317122937668,0.5436746789996505
CONTRASTIVE_LOGREG,1.0,IID_BALANCED,0.02,0.40879017013232516,0.024716641906884943,0.9413950604024084,0.5696388988054786,0.02551984877126654,0.006859338707333725,0.8691317122937668,0.5436746789996505
CONTRASTIVE_LOGREG,1.0,IID_ORIGINAL,0.005,0.23572778827977317,0.04934726598406265,0.9494194672362746,0.37523548833101084,0.00672353236327145,0.002402847967361495,0.8698210039486026,0.5436746789996505
CONTRASTIVE_LOGREG,1.0,IID_ORIGINAL,0.01,0.2997164461247637,0.047226306706352215,0.9333673025749052,0.4518720903942722,0.011339688911189163,0.0024260196507066394,0.8698210039486026,0.5436746789996505
CONTRASTIVE_LOGREG,1.0,IID_ORIGINAL,0.02,0.40879017013232516,0.024716641906884943,0.9042364437987557,0.5626014549061951,0.023080782739588558,0.005501550160026269,0.8698210039486026,0.5436746789996505
CONTRASTIVE_LOGREG,1.0,TEMPLATE_OOD,0.005,0.22330210772833725,0.05419879034049565,0.9817903809754618,0.3608520277778363,0.004039812646370024,0.0018245114586292338,0.8777980241075198,0.5436746789996505
CONTRASTIVE_LOGREG,1.0,TEMPLATE_OOD,0.01,0.2929742388758782,0.04265101817268594,0.9752474703512284,0.44902901867429074,0.0074355971896955505,0.0029051981367569707,0.8777980241075198,0.5436746789996505
CONTRASTIVE_LOGREG,1.0,TEMPLATE_OOD,0.02,0.40040983606557373,0.04159560346539943,0.9600775362477174,0.5639877028031254,0.016627634660421546,0.0033740680424121493,0.8777980241075198,0.5436746789996505
CONTRASTIVE_LOGREG,1.0,TEMPORAL,0.005,0.227425,0.05450497556288886,0.9797223328796386,0.36619430891000027,0.00455,0.001766981104093143,0.88061655625,0.5436746789996505
CONTRASTIVE_LOGREG,1.0,TEMPORAL,0.01,0.29845,0.044607828162031536,0.9741882451229046,0.4552485973029655,0.0079,0.0029443920330765134,0.88061655625,0.5436746789996505
CONTRASTIVE_LOGREG,1.0,TEMPORAL,0.02,0.4119,0.04226326221830651,0.959179549403243,0.5751724256423802,0.017499999999999998,0.003027650354097491,0.88061655625,0.5436746789996505
CONTRASTIVE_MLP,0.1,DOMAIN_OOD,0.005,0.07589424572317263,0.028977256471643967,0.9173386973671388,0.13903460186885871,0.006272680145152929,0.003027226816102941,0.7900863898032836,0.29578560840000134
CONTRASTIVE_MLP,0.1,DOMAIN_OOD,0.01,0.12617936754795228,0.0449901874500459,0.909149316691164,0.21922086309933198,0.011715914981855886,0.003352519595722212,0.7900863898032836,0.29578560840000134
CONTRASTIVE_MLP,0.1,DOMAIN_OOD,0.02,0.19414204250907205,0.037975574017346615,0.9025081499286127,0.31825458338416845,0.02037325038880249,0.003955975538354917,0.7900863898032836,0.29578560840000134
CONTRASTIVE_MLP,0.1,DOMAIN_TEMPLATE_OOD,0.005,0.0744336569579288,0.029790091019576748,0.9197378039954149,0.13645653031482258,0.0060949298813376485,0.003051691616509018,0.7807679596522402,0.29578560840000134
CONTRASTIVE_MLP,0.1,DOMAIN_TEMPLATE_OOD,0.01,0.12335490830636461,0.043008916421653505,0.9127749060511793,0.21513171974069306,0.011003236245954692,0.0032975926697189142,0.7807679596522402,0.29578560840000134
CONTRASTIVE_MLP,0.1,DOMAIN_TEMPLATE_OOD,0.02,0.18932038834951456,0.03785111612526371,0.9049039027730702,0.3118107921425545,0.019309600862998922,0.0038794977229086453,0.7807679596522402,0.29578560840000134
CONTRASTIVE_MLP,0.1,IID_BALANCED,0.005,0.12381852551984877,0.04133652619060628,0.945297105386491,0.21676964680507113,0.007088846880907372,0.0037609755470426345,0.8371311744883702,0.29578560840000134
CONTRASTIVE_MLP,0.1,IID_BALANCED,0.01,0.19073724007561438,0.0411820721278123,0.934365551905852,0.31504150912902895,0.01323251417769376,0.005253097668724973,0.8371311744883702,0.29578560840000134
CONTRASTIVE_MLP,0.1,IID_BALANCED,0.02,0.2805293005671078,0.030555284386659262,0.9188144626140634,0.4290068482648028,0.024858223062381852,0.0063957927863656245,0.8371311744883702,0.29578560840000134
CONTRASTIVE_MLP,0.1,IID_ORIGINAL,0.005,0.12381852551984877,0.04133652619060628,0.9069384652871424,0.21566441791603425,0.00672353236327145,0.0033964933989881953,0.8364663372844653,0.29578560840000134
CONTRASTIVE_MLP,0.1,IID_ORIGINAL,0.01,0.19073724007561438,0.0411820721278123,0.8900755365061956,0.31247195915619547,0.012293025589563472,0.004008819138386648,0.8364663372844653,0.29578560840000134
CONTRASTIVE_MLP,0.1,IID_ORIGINAL,0.02,0.2805293005671078,0.030555284386659262,0.8647053165523625,0.4228202816536621,0.023331660812844955,0.004636533291730762,0.8364663372844653,0.29578560840000134
CONTRASTIVE_MLP,0.1,TEMPLATE_OOD,0.005,0.13524590163934427,0.05458308937838798,0.9618922614001475,0.2334572883016277,0.004947306791569087,0.002269443494533291,0.826601757674314,0.29578560840000134
CONTRASTIVE_MLP,0.1,TEMPLATE_OOD,0.01,0.1977166276346604,0.06103709147702695,0.9539607115365479,0.3237316274590566,0.009045667447306793,0.002634479711615653,0.826601757674314,0.29578560840000134
CONTRASTIVE_MLP,0.1,TEMPLATE_OOD,0.02,0.2740046838407494,0.0500725268200525,0.9414904695013753,0.42242867939577317,0.016656908665105385,0.003599763675773063,0.826601757674314,0.29578560840000134
CONTRASTIVE_MLP,0.1,TEMPORAL,0.005,0.13385,0.05252687142998546,0.9584013293823423,0.23148724963363457,0.005325,0.0022206417991202454,0.8255418625000001,0.29578560840000134
CONTRASTIVE_MLP,0.1,TEMPORAL,0.01,0.197575,0.060069294476370286,0.9499092665351345,0.3234124709138565,0.009925,0.0028260936919280565,0.8255418625000001,0.29578560840000134
CONTRASTIVE_MLP,0.1,TEMPORAL,0.02,0.275475,0.0495834663863761,0.9368123490868857,0.4237746739222296,0.0182,0.004171330722922841,0.8255418625000001,0.29578560840000134
CONTRASTIVE_MLP,0.25,DOMAIN_OOD,0.005,0.13141524105754276,0.052608927058784186,0.9517347524349068,0.22751174261602913,0.006324520476931052,0.003193783321831117,0.8281904983041036,0.6337013239001863
CONTRASTIVE_MLP,0.25,DOMAIN_OOD,0.01,0.20508035251425608,0.03006163184261392,0.9541179245457687,0.3365689283545754,0.010057024364955935,0.004480849630789824,0.8281904983041036,0.6337013239001863
CONTRASTIVE_MLP,0.25,DOMAIN_OOD,0.02,0.30139968895800934,0.036278521168869995,0.9382020305779903,0.45508632190504433,0.019958527734577503,0.00469593165429452,0.8281904983041036,0.6337013239001863
CONTRASTIVE_MLP,0.25,DOMAIN_TEMPLATE_OOD,0.005,0.1302049622437972,0.054687461715109034,0.951639248759905,0.22536994084312453,0.006148867313915857,0.0029782494413302637,0.8198808896243465,0.6337013239001863
CONTRASTIVE_MLP,0.25,DOMAIN_TEMPLATE_OOD,0.01,0.20345199568500538,0.0310188959584066,0.9567684375944946,0.3345004871122491,0.009277238403451996,0.0038207267771706564,0.8198808896243465,0.6337013239001863
CONTRASTIVE_MLP,0.25,DOMAIN_TEMPLATE_OOD,0.02,0.2931499460625674,0.03563523527184094,0.940504586575013,0.4458422035117072,0.018662351672060408,0.004528460695125829,0.8198808896243465,0.6337013239001863
CONTRASTIVE_MLP,0.25,IID_BALANCED,0.005,0.15387523629489602,0.05264008246303129,0.9565891487800225,0.2615830021435109,0.007561436672967864,0.004880886384634426,0.8656104269924707,0.6337013239001863
CONTRASTIVE_MLP,0.25,IID_BALANCED,0.01,0.238468809073724,0.03282086109479001,0.9386530453177526,0.3792570948195251,0.015595463137996219,0.005143297957566008,0.8656104269924707,0.6337013239001863
CONTRASTIVE_MLP,0.25,IID_BALANCED,0.02,0.3479206049149338,0.03924854350410159,0.9228893899806414,0.5041455487296879,0.029206049149338376,0.007327428144920342,0.8656104269924707,0.6337013239001863
CONTRASTIVE_MLP,0.25,IID_ORIGINAL,0.005,0.15387523629489602,0.05264008246303129,0.9315578210270472,0.2605281123541602,0.006372303060712493,0.0041107954242907965,0.8658849451340561,0.6337013239001863
CONTRASTIVE_MLP,0.25,IID_ORIGINAL,0.01,0.238468809073724,0.03282086109479001,0.9052545298652861,0.3762619805134862,0.013497240341194181,0.0056740118910244474,0.8658849451340561,0.6337013239001863
CONTRASTIVE_MLP,0.25,IID_ORIGINAL,0.02,0.3479206049149338,0.03924854350410159,0.8750635227453651,0.4967137674979325,0.026442548921224284,0.0055473750503455075,0.8658849451340561,0.6337013239001863
CONTRASTIVE_MLP,0.25,TEMPLATE_OOD,0.005,0.19844847775175645,0.07478888509307359,0.9731970214520536,0.32369790122041897,0.0052693208430913355,0.0028180189457833044,0.8623915893453592,0.6337013239001863
CONTRASTIVE_MLP,0.25,TEMPLATE_OOD,0.01,0.2874121779859485,0.03719931425401655,0.9716151622794895,0.44239526585198086,0.008460187353629977,0.003102522798460475,0.8623915893453592,0.6337013239001863
CONTRASTIVE_MLP,0.25,TEMPLATE_OOD,0.02,0.38539227166276346,0.03296796823230678,0.9573555941227537,0.5487625350078231,0.01727166276346604,0.003553306295088432,0.8623915893453592,0.6337013239001863
CONTRASTIVE_MLP,0.25,TEMPORAL,0.005,0.19675,0.07237681105007167,0.9713333786815402,0.3216087533462396,0.005625,0.0028607739822953124,0.8620582125,0.6337013239001863
CONTRASTIVE_MLP,0.25,TEMPORAL,0.01,0.28815,0.035496517826087925,0.9672136411956936,0.44291346206122445,0.009850000000000001,0.0033254072432310207,0.8620582125,0.6337013239001863
CONTRASTIVE_MLP,0.25,TEMPORAL,0.02,0.389975,0.03326773754121417,0.9525504303721138,0.5526130732434652,0.0195,0.0035668224265054485,0.8620582125,0.6337013239001863
CONTRASTIVE_MLP,1.0,DOMAIN_OOD,0.005,0.1694142042509072,0.04790849503246643,0.9752137788201344,0.28603553759308814,0.004302747537584241,0.001746060906040315,0.8545400735976841,2.0474389650002194
CONTRASTIVE_MLP,1.0,DOMAIN_OOD,0.01,0.28066355624676,0.03711661563170823,0.9597456355930394,0.43313316084285597,0.011767755313634007,0.003456454094309578,0.8545400735976841,2.0474389650002194
CONTRASTIVE_MLP,1.0,DOMAIN_OOD,0.02,0.3715914981855884,0.041836999909107865,0.944822595843277,0.5321703270028842,0.021721099015033697,0.004502455425444191,0.8545400735976841,2.0474389650002194
CONTRASTIVE_MLP,1.0,DOMAIN_TEMPLATE_OOD,0.005,0.16364617044228696,0.04590861020412132,0.9751362265377749,0.2778117922520128,0.004153182308522114,0.0015888925634869257,0.8477022770091548,2.0474389650002194
CONTRASTIVE_MLP,1.0,DOMAIN_TEMPLATE_OOD,0.01,0.2695253505933118,0.034881439540190046,0.9613642029714125,0.4199415854961931,0.010841423948220064,0.003462560992206489,0.8477022770091548,2.0474389650002194
CONTRASTIVE_MLP,1.0,DOMAIN_TEMPLATE_OOD,0.02,0.3548004314994606,0.038892176198644844,0.9453641110867277,0.5148522795482153,0.020550161812297733,0.0043925812650607255,0.8477022770091548,2.0474389650002194
CONTRASTIVE_MLP,1.0,IID_BALANCED,0.005,0.2440453686200378,0.05387947377550773,0.9686291507196803,0.3871312722354008,0.007844990548204159,0.0037556932754090997,0.8909329762257853,2.0474389650002194
CONTRASTIVE_MLP,1.0,IID_BALANCED,0.01,0.37485822306238187,0.020708805839093528,0.9549869036031643,0.5381041851224238,0.017674858223062383,0.005457906296947762,0.8909329762257853,2.0474389650002194
CONTRASTIVE_MLP,1.0,IID_BALANCED,0.02,0.46644612476370506,0.021992216462244828,0.9369891398144107,0.6225106975110404,0.03147448015122874,0.005619205463296412,0.8909329762257853,2.0474389650002194
CONTRASTIVE_MLP,1.0,IID_ORIGINAL,0.005,0.2440453686200378,0.05387947377550773,0.9542625172131884,0.3858509403000566,0.006271951831409934,0.002391762777400082,0.8922214044050205,2.0474389650002194
CONTRASTIVE_MLP,1.0,IID_ORIGINAL,0.01,0.37485822306238187,0.020708805839093528,0.9297187489619934,0.5340073489260462,0.015052684395383844,0.003251751479381767,0.8922214044050205,2.0474389650002194
CONTRASTIVE_MLP,1.0,IID_ORIGINAL,0.02,0.46644612476370506,0.021992216462244828,0.9004607159656397,0.6141739097741663,0.027496236828901156,0.004788201533976074,0.8922214044050205,2.0474389650002194
CONTRASTIVE_MLP,1.0,TEMPLATE_OOD,0.005,0.25834309133489464,0.05771678515354825,0.9834673437411589,0.406061041749216,0.004361826697892272,0.0017038823155924557,0.8873251700908795,2.0474389650002194
CONTRASTIVE_MLP,1.0,TEMPLATE_OOD,0.01,0.3766978922716627,0.027161200590004906,0.9727543090910045,0.5425711356575996,0.01056791569086651,0.0022819958219859747,0.8873251700908795,2.0474389650002194
CONTRASTIVE_MLP,1.0,TEMPLATE_OOD,0.02,0.4629098360655738,0.03249137591845341,0.9609813393832527,0.6241952190555787,0.018852459016393444,0.003524246509916693,0.8873251700908795,2.0474389650002194
CONTRASTIVE_MLP,1.0,TEMPORAL,0.005,0.2623,0.05980184872653277,0.981698502133521,0.4106428024648885,0.00495,0.0019677962857527253,0.887921215625,2.0474389650002194
CONTRASTIVE_MLP,1.0,TEMPORAL,0.01,0.385125,0.030070576704368905,0.9682533063471193,0.5504425367810234,0.01265,0.003002776492958919,0.887921215625,2.0474389650002194
CONTRASTIVE_MLP,1.0,TEMPORAL,0.02,0.47482500000000005,0.03529853829205333,0.9554566031333573,0.6336386947654618,0.022225,0.004829668150550765,0.887921215625,2.0474389650002194
CONTRASTIVE_XGBOOST,0.1,DOMAIN_OOD,0.005,0.07967858994297564,0.035851170006195844,0.9430072471484644,0.1450282185773992,0.0050803525142560915,0.0031844201139905152,0.778331681913744,2.7246056729993144
CONTRASTIVE_XGBOOST,0.1,DOMAIN_OOD,0.01,0.11918092275790566,0.02166907954261262,0.9333193052330394,0.21074835732967134,0.008553654743390359,0.0028209482836209624,0.778331681913744,2.7246056729993144
CONTRASTIVE_XGBOOST,0.1,DOMAIN_OOD,0.02,0.19740798341109383,0.029564446222297962,0.9181825925574527,0.3239565976433315,0.017677553136340073,0.004853527511117061,0.778331681913744,2.7246056729993144
CONTRASTIVE_XGBOOST,0.1,DOMAIN_TEMPLATE_OOD,0.005,0.0756202804746494,0.03886889722594889,0.9411523785297382,0.13778264287316544,0.004908306364617044,0.003097947932594453,0.7707105631254153,2.7246056729993144
CONTRASTIVE_XGBOOST,0.1,DOMAIN_TEMPLATE_OOD,0.01,0.11192017259978423,0.02624616382028107,0.9317963664063182,0.19895885050131085,0.008144552319309602,0.002755564136881295,0.7707105631254153,2.7246056729993144
CONTRASTIVE_XGBOOST,0.1,DOMAIN_TEMPLATE_OOD,0.02,0.18683926645091692,0.03290350402404067,0.9167208335311404,0.3091913591900948,0.01699029126213592,0.004812570591270828,0.7707105631254153,2.7246056729993144
CONTRASTIVE_XGBOOST,0.1,IID_BALANCED,0.005,0.10189035916824196,0.041542049535560614,0.9348857669247232,0.18138411959586767,0.0072778827977315694,0.005197055425074462,0.809980756929828,2.7246056729993144
CONTRASTIVE_XGBOOST,0.1,IID_BALANCED,0.01,0.15311909262759923,0.025275577971180307,0.9235282663399206,0.2619258753554753,0.01275992438563327,0.00588158623270147,0.809980756929828,2.7246056729993144
CONTRASTIVE_XGBOOST,0.1,IID_BALANCED,0.02,0.24461247637051037,0.0355802891774445,0.9022972079953904,0.3838883989016652,0.02608695652173913,0.004719592516968873,0.809980756929828,2.7246056729993144
CONTRASTIVE_XGBOOST,0.1,IID_ORIGINAL,0.005,0.10189035916824196,0.041542049535560614,0.9024174661680137,0.1804431539150191,0.006372303060712493,0.004400032366963122,0.8087487444240095,2.7246056729993144
CONTRASTIVE_XGBOOST,0.1,IID_ORIGINAL,0.01,0.15311909262759923,0.025275577971180307,0.8758807406327825,0.25982623766186286,0.01164074259909684,0.00365513654581642,0.8087487444240095,2.7246056729993144
CONTRASTIVE_XGBOOST,0.1,IID_ORIGINAL,0.02,0.24461247637051037,0.0355802891774445,0.8417169209134393,0.37796769952306264,0.02428499749121927,0.003822724770606898,0.8087487444240095,2.7246056729993144
CONTRASTIVE_XGBOOST,0.1,TEMPLATE_OOD,0.005,0.12485362997658081,0.050795670548173494,0.9685148126389944,0.21805602065240065,0.004098360655737704,0.0022884542153705258,0.814909937873295,2.7246056729993144
CONTRASTIVE_XGBOOST,0.1,TEMPLATE_OOD,0.01,0.17693208430913349,0.03678422324693877,0.9609341968132699,0.29746533610351844,0.007025761124121781,0.0024686008276099763,0.814909937873295,2.7246056729993144
CONTRASTIVE_XGBOOST,0.1,TEMPLATE_OOD,0.02,0.26411007025761124,0.048566976573241286,0.9423002555733723,0.4105246838308475,0.01598360655737705,0.003925579871689832,0.814909937873295,2.7246056729993144
CONTRASTIVE_XGBOOST,0.1,TEMPORAL,0.005,0.125725,0.04864289516465894,0.9655361151836697,0.2195499826624534,0.0046,0.002569046515733026,0.8147791312500001,2.7246056729993144
CONTRASTIVE_XGBOOST,0.1,TEMPORAL,0.01,0.17795,0.032999537033789494,0.9565351038989389,0.29894387779671183,0.008,0.0025385910352879694,0.8147791312500001,2.7246056729993144
CONTRASTIVE_XGBOOST,0.1,TEMPORAL,0.02,0.2682,0.04392019277431889,0.9365916854841638,0.415295083796305,0.01805,0.004372896319628699,0.8147791312500001,2.7246056729993144
CONTRASTIVE_XGBOOST,0.25,DOMAIN_OOD,0.005,0.10326594090202176,0.031013634642321986,0.9581127831726051,0.18503448240902048,0.004821150855365474,0.002721823126179771,0.8083451781369784,5.664072181399751
CONTRASTIVE_XGBOOST,0.25,DOMAIN_OOD,0.01,0.15806117159149818,0.01795377711598983,0.9463076870100975,0.2705061527837819,0.008968377397615345,0.0034391327420195575,0.8083451781369784,5.664072181399751
CONTRASTIVE_XGBOOST,0.25,DOMAIN_OOD,0.02,0.236547433903577,0.034904155227920446,0.9341412087351252,0.3764251745229023,0.016433385173665112,0.0033689568803825644,0.8083451781369784,5.664072181399751
CONTRASTIVE_XGBOOST,0.25,DOMAIN_TEMPLATE_OOD,0.005,0.09838187702265372,0.027352182073381654,0.9607422347875832,0.1773624132777994,0.004314994606256742,0.0026301220493217896,0.8006264917162111,5.664072181399751
CONTRASTIVE_XGBOOST,0.25,DOMAIN_TEMPLATE_OOD,0.01,0.14956850053937434,0.017943239949793178,0.94774500422225,0.2579866569317816,0.00825242718446602,0.003266568559063914,0.8006264917162111,5.664072181399751
CONTRASTIVE_XGBOOST,0.25,DOMAIN_TEMPLATE_OOD,0.02,0.2255663430420712,0.0339351762520505,0.9347563080776651,0.36238893400092936,0.015480043149946063,0.0033736655625672134,0.8006264917162111,5.664072181399751
CONTRASTIVE_XGBOOST,0.25,IID_BALANCED,0.005,0.13440453686200377,0.050009835967717645,0.9474033100411701,0.23184125082621948,0.008412098298676748,0.005696400788368882,0.8420368173355584,5.664072181399751
CONTRASTIVE_XGBOOST,0.25,IID_BALANCED,0.01,0.20066162570888468,0.03640011899376814,0.9411976435150704,0.3292695879283712,0.01275992438563327,0.005045878190941074,0.8420368173355584,5.664072181399751
CONTRASTIVE_XGBOOST,0.25,IID_BALANCED,0.02,0.2909262759924386,0.031696963715532094,0.925569848357816,0.44193183551988546,0.02325141776937618,0.0032498543057914637,0.8420368173355584,5.664072181399751
CONTRASTIVE_XGBOOST,0.25,IID_ORIGINAL,0.005,0.13440453686200377,0.050009835967717645,0.91637732581954,0.23065057373985137,0.007275464124435524,0.0044139967286826055,0.8418517979279082,5.664072181399751
CONTRASTIVE_XGBOOST,0.25,IID_ORIGINAL,0.01,0.20066162570888468,0.03640011899376814,0.9014509910686235,0.3266115058481288,0.011891620672353238,0.00424471070085879,0.8418517979279082,5.664072181399751
CONTRASTIVE_XGBOOST,0.25,IID_ORIGINAL,0.02,0.2909262759924386,0.031696963715532094,0.8753308531602325,0.43587764974447696,0.02197691921726041,0.0032757499708566903,0.8418517979279082,5.664072181399751
CONTRASTIVE_XGBOOST,0.25,TEMPLATE_OOD,0.005,0.1669496487119438,0.050763568252871365,0.9788269413987803,0.282238398768068,0.003747072599531616,0.0022157325494902374,0.8440553117578663,5.664072181399751
CONTRASTIVE_XGBOOST,0.25,TEMPLATE_OOD,0.01,0.23278688524590163,0.02082861376520764,0.9698425834174966,0.3750566186880777,0.007201405152224824,0.0023548951021074714,0.8440553117578663,5.664072181399751
CONTRASTIVE_XGBOOST,0.25,TEMPLATE_OOD,0.02,0.3168325526932084,0.029645396530062967,0.956296443801046,0.47531208456968344,0.014373536299765807,0.002519946044105076,0.8440553117578663,5.664072181399751
CONTRASTIVE_XGBOOST,0.25,TEMPORAL,0.005,0.16885,0.051087642558863715,0.974698579030493,0.28476267782822107,0.00465,0.0026462762096534404,0.844731334375,5.664072181399751
CONTRASTIVE_XGBOOST,0.25,TEMPORAL,0.01,0.23664999999999997,0.01976781896585121,0.9641590410192752,0.3796445468437621,0.008825,0.0033062440926223216,0.844731334375,5.664072181399751
CONTRASTIVE_XGBOOST,0.25,TEMPORAL,0.02,0.3225,0.02839429715825188,0.9506970858561428,0.4810368596972537,0.016625,0.002819204970672878,0.844731334375,5.664072181399751
CONTRASTIVE_XGBOOST,1.0,DOMAIN_OOD,0.005,0.13488854328667704,0.032505720712218834,0.9719490853211485,0.2355751120574982,0.0039398652151373765,0.001510404242848603,0.8325375882716692,13.811801436299902
CONTRASTIVE_XGBOOST,1.0,DOMAIN_OOD,0.01,0.20393986521513735,0.026020427023203042,0.9606229384893457,0.3356900479451578,0.008501814411612236,0.003683542448791907,0.8325375882716692,13.811801436299902
CONTRASTIVE_XGBOOST,1.0,DOMAIN_OOD,0.02,0.29367547952306894,0.04010195827428462,0.9445590325261068,0.4466890792441475,0.017262830482115084,0.0038488512881369,0.8325375882716692,13.811801436299902
CONTRASTIVE_XGBOOST,1.0,DOMAIN_TEMPLATE_OOD,0.005,0.1263214670981661,0.03161038300316781,0.9725296220705865,0.22232505560442467,0.0036138079827400214,0.0016290731808808767,0.8258860110621195,13.811801436299902
CONTRASTIVE_XGBOOST,1.0,DOMAIN_TEMPLATE_OOD,0.01,0.19277238403451996,0.02520057826785883,0.9628295486334588,0.3205050404977043,0.007551240560949299,0.0033151903837802545,0.8258860110621195,13.811801436299902
CONTRASTIVE_XGBOOST,1.0,DOMAIN_TEMPLATE_OOD,0.02,0.27750809061488674,0.040005312901264474,0.9462052657054141,0.42774315866451057,0.015803667745415317,0.0037459666656896795,0.8258860110621195,13.811801436299902
CONTRASTIVE_XGBOOST,1.0,IID_BALANCED,0.005,0.17448015122873345,0.036666796068924784,0.9687710335446555,0.29408642337744423,0.005860113421550095,0.003530920157812703,0.8726736789819933,13.811801436299902
CONTRASTIVE_XGBOOST,1.0,IID_BALANCED,0.01,0.27192816635160677,0.043885135831288676,0.955858462779838,0.42156675873810645,0.01285444234404537,0.005331870397304646,0.8726736789819933,13.811801436299902
CONTRASTIVE_XGBOOST,1.0,IID_BALANCED,0.02,0.38052930056710776,0.04759427370896523,0.9336615393602836,0.5389118262237876,0.027410207939508508,0.0071429011019247856,0.8726736789819933,13.811801436299902
CONTRASTIVE_XGBOOST,1.0,IID_ORIGINAL,0.005,0.17448015122873345,0.036666796068924784,0.9469996089336288,0.29292176784113877,0.005469141996989463,0.003194908157827483,0.8742340630771025,13.811801436299902
CONTRASTIVE_XGBOOST,1.0,IID_ORIGINAL,0.01,0.27192816635160677,0.043885135831288676,0.9261274694234064,0.4184585042946175,0.011791269443050678,0.004159501627511586,0.8742340630771025,13.811801436299902
CONTRASTIVE_XGBOOST,1.0,IID_ORIGINAL,0.02,0.38052930056710776,0.04759427370896523,0.8950542686652183,0.5321055118274505,0.024034119417962872,0.005929551012561283,0.8742340630771025,13.811801436299902
CONTRASTIVE_XGBOOST,1.0,TEMPLATE_OOD,0.005,0.2184718969555035,0.03571109955799247,0.9849291205449614,0.3563348114724696,0.0033665105386416865,0.0012741573826308152,0.8690428171738999,13.811801436299902
CONTRASTIVE_XGBOOST,1.0,TEMPLATE_OOD,0.01,0.29827283372365343,0.023553176029050063,0.9773917467144949,0.456575783200804,0.006967213114754098,0.0029267498626490964,0.8690428171738999,13.811801436299902
CONTRASTIVE_XGBOOST,1.0,TEMPLATE_OOD,0.02,0.38767564402810306,0.036355084576789286,0.9631697172901731,0.5518909659508349,0.014929742388758781,0.00407506108856774,0.8690428171738999,13.811801436299902
CONTRASTIVE_XGBOOST,1.0,TEMPORAL,0.005,0.2206,0.03667579431844509,0.9834154060091154,0.35899566663800475,0.0037749999999999997,0.001474081635007596,0.8695248375,13.811801436299902
CONTRASTIVE_XGBOOST,1.0,TEMPORAL,0.01,0.303825,0.024731348190774664,0.9732801870231077,0.462515535253471,0.0085,0.003914006188605793,0.8695248375,13.811801436299902
CONTRASTIVE_XGBOOST,1.0,TEMPORAL,0.02,0.39695,0.03627016680413809,0.9580944318045507,0.5603867840419093,0.017525,0.005316967076152428,0.8695248375,13.811801436299902
DAPT_E2E,0.1,DOMAIN_OOD,0.005,0.28325557283566616,0.10341137773216712,0.9848931973823044,0.431124699129508,0.004458268532918611,0.002506509675406082,0.9193535357444329,30.127565088000257
DAPT_E2E,0.1,DOMAIN_OOD,0.01,0.3819077242094349,0.09008261038709581,0.9769935051574212,0.5437176866321434,0.009072058061171593,0.004434293215951734,0.9193535357444329,30.127565088000257
DAPT_E2E,0.1,DOMAIN_OOD,0.02,0.5387765681700363,0.08286062587000695,0.9605083625152989,0.6873074978134843,0.02177293934681182,0.005956000670334919,0.9193535357444329,30.127565088000257
DAPT_E2E,0.1,DOMAIN_TEMPLATE_OOD,0.005,0.2738942826321467,0.09840023559077314,0.9844130417071678,0.42030969201142476,0.00447680690399137,0.002504850342591602,0.9102373770697835,30.127565088000257
DAPT_E2E,0.1,DOMAIN_TEMPLATE_OOD,0.01,0.3644552319309601,0.08776807943407015,0.976549230989377,0.5254152959595224,0.008845738942826321,0.004641266537292356,0.9102373770697835,30.127565088000257
DAPT_E2E,0.1,DOMAIN_TEMPLATE_OOD,0.02,0.5133225458468177,0.08762248026105454,0.9591944528379376,0.6651919855138168,0.021413160733549083,0.006280102455887994,0.9102373770697835,30.127565088000257
DAPT_E2E,0.1,IID_BALANCED,0.005,0.4433837429111532,0.07180939297986573,0.9771752673854568,0.6067602329995121,0.010586011342155009,0.004406334905367885,0.8610074113514461,30.127565088000257
DAPT_E2E,0.1,IID_BALANCED,0.01,0.5158790170132326,0.05590124442137154,0.9660809214466125,0.6707821054605694,0.01843100189035917,0.005295443073084945,0.8610074113514461,30.127565088000257
DAPT_E2E,0.1,IID_BALANCED,0.02,0.597069943289225,0.04067336174050491,0.947285092701889,0.731784282339438,0.0331758034026465,0.004509870348399961,0.8610074113514461,30.127565088000257
DAPT_E2E,0.1,IID_ORIGINAL,0.005,0.4433837429111532,0.07180939297986573,0.9685831156150295,0.6050641298568504,0.007777220270948319,0.0033554779474391835,0.8616234324862919,30.127565088000257
DAPT_E2E,0.1,IID_ORIGINAL,0.01,0.5158790170132326,0.05590124442137154,0.9493104680502136,0.6666693465948424,0.014801806322127447,0.003726756975272988,0.8616234324862919,30.127565088000257
DAPT_E2E,0.1,IID_ORIGINAL,0.02,0.597069943289225,0.04067336174050491,0.9158885307470722,0.7221959517998425,0.029101856497742096,0.003843159489237684,0.8616234324862919,30.127565088000257
DAPT_E2E,0.1,TEMPLATE_OOD,0.005,0.42137002341920377,0.09537658616091976,0.9898923768632203,0.5853530925420283,0.004391100702576112,0.002060764254678267,0.9331570865715273,30.127565088000257
DAPT_E2E,0.1,TEMPLATE_OOD,0.01,0.5055327868852458,0.07564527805344363,0.9835862951108616,0.6648574614934273,0.008430913348946136,0.003131087109396004,0.9331570865715273,30.127565088000257
DAPT_E2E,0.1,TEMPLATE_OOD,0.02,0.6283665105386417,0.06780824682980933,0.9677905205285668,0.7602229203992698,0.020784543325526934,0.003784293409380429,0.9331570865715273,30.127565088000257
DAPT_E2E,0.1,TEMPORAL,0.005,0.426675,0.09683556007193043,0.9889443274301619,0.5903983282275065,0.004725,0.0021745050522411357,0.9343324562499999,30.127565088000257
DAPT_E2E,0.1,TEMPORAL,0.01,0.516775,0.074229322784942,0.9813962130082722,0.6742763263564553,0.00975,0.003104656001699526,0.9343324562499999,30.127565088000257
DAPT_E2E,0.1,TEMPORAL,0.02,0.6413,0.06193038206100637,0.9653659819470348,0.7692173759458178,0.0229,0.003646154747736914,0.9343324562499999,30.127565088000257
DAPT_E2E,0.25,DOMAIN_OOD,0.005,0.4411093831000518,0.1015419204229573,0.993999069177858,0.6045995271333504,0.002851218247796786,0.002119897035836409,0.9555065907631762,74.30988774850012
DAPT_E2E,0.25,DOMAIN_OOD,0.01,0.5890098496630378,0.07155960650453212,0.9874488557711043,0.7355032515568544,0.007620528771384137,0.0028399376786856943,0.9555065907631762,74.30988774850012
DAPT_E2E,0.25,DOMAIN_OOD,0.02,0.7366511145671332,0.05362851072276644,0.9752984157779423,0.8383105932692804,0.018766200103680665,0.004116875286692687,0.9555065907631762,74.30988774850012
DAPT_E2E,0.25,DOMAIN_TEMPLATE_OOD,0.005,0.4247033441208199,0.09779272857557779,0.9938839335912446,0.5888783933720264,0.0028047464940668823,0.0019662313001786863,0.9507406214616289,74.30988774850012
DAPT_E2E,0.25,DOMAIN_TEMPLATE_OOD,0.01,0.5637001078748651,0.07413141495072388,0.9877869680032141,0.7151070477646543,0.007119741100323625,0.002782994976035865,0.9507406214616289,74.30988774850012
DAPT_E2E,0.25,DOMAIN_TEMPLATE_OOD,0.02,0.7146709816612729,0.056245705958673085,0.976001915598796,0.8239624226742336,0.017691477885652642,0.004042709621734684,0.9507406214616289,74.30988774850012
DAPT_E2E,0.25,IID_BALANCED,0.005,0.5182419659735349,0.05564897256734746,0.9826267326216691,0.6770418144823591,0.009073724007561438,0.002643500562495656,0.8880778727920496,74.30988774850012
DAPT_E2E,0.25,IID_BALANCED,0.01,0.6034026465028355,0.04707842004028483,0.97533413430799,0.7445240411841995,0.015406427221172022,0.004902193754211697,0.8880778727920496,74.30988774850012
DAPT_E2E,0.25,IID_BALANCED,0.02,0.6900756143667296,0.024279854726294,0.9630861808355966,0.803766268179485,0.02655954631379962,0.005299190733195291,0.8880778727920496,74.30988774850012
DAPT_E2E,0.25,IID_ORIGINAL,0.005,0.5182419659735349,0.05564897256734746,0.9760645239124768,0.6755057900779411,0.006673356748620171,0.002342125936301763,0.8874300126055561,74.30988774850012
DAPT_E2E,0.25,IID_ORIGINAL,0.01,0.6034026465028355,0.04707842004028483,0.9614452445745257,0.7403698846496283,0.012995484194681384,0.004253926894992223,0.8874300126055561,74.30988774850012
DAPT_E2E,0.25,IID_ORIGINAL,0.02,0.6900756143667296,0.024279854726294,0.9393066882327815,0.7953187281883252,0.023783241344706475,0.004599887462368961,0.8874300126055561,74.30988774850012
DAPT_E2E,0.25,TEMPLATE_OOD,0.005,0.5491803278688525,0.08759500976573056,0.9930355791042624,0.7033692238845721,0.00389344262295082,0.0023583295153539615,0.9603599639936599,74.30988774850012
DAPT_E2E,0.25,TEMPLATE_OOD,0.01,0.6647833723653396,0.059224952324859366,0.9872120268518483,0.7931733359492297,0.00860655737704918,0.0035457951454944355,0.9603599639936599,74.30988774850012
DAPT_E2E,0.25,TEMPLATE_OOD,0.02,0.781791569086651,0.0413117877679644,0.9768013961989528,0.8679871911254313,0.01850117096018735,0.003072763548931161,0.9603599639936599,74.30988774850012
DAPT_E2E,0.25,TEMPORAL,0.005,0.5559000000000001,0.08659060765079163,0.9918127355155123,0.7088184501626301,0.0045249999999999995,0.0025012496876561526,0.960736565625,74.30988774850012
DAPT_E2E,0.25,TEMPORAL,0.01,0.67515,0.055316789695554654,0.9850218501119151,0.8000268771165195,0.010225,0.0040025165694708735,0.960736565625,74.30988774850012
DAPT_E2E,0.25,TEMPORAL,0.02,0.78835,0.03966967775686278,0.9741036493132441,0.8710138567261024,0.02085,0.0038228116470588615,0.960736565625,74.30988774850012
DAPT_E2E,1.0,DOMAIN_OOD,0.005,0.6122861586314152,0.08626131860517978,0.9928270798813059,0.7541980956420459,0.004561949196474858,0.00207073124989739,0.9663738185093903,294.3676545582007
DAPT_E2E,1.0,DOMAIN_OOD,0.01,0.7763089683773976,0.05144207949502195,0.9877200312623533,0.8684665658071535,0.009694142042509072,0.0031585281762609697,0.9663738185093903,294.3676545582007
DAPT_E2E,1.0,DOMAIN_OOD,0.02,0.8674442716433385,0.025893713822413636,0.9750560531533091,0.9179024781792036,0.02223950233281493,0.004482515312283284,0.9663738185093903,294.3676545582007
DAPT_E2E,1.0,DOMAIN_TEMPLATE_OOD,0.005,0.5960625674217906,0.08586597207140569,0.9930986959023935,0.7416911765613824,0.004261057173678533,0.0017141584230928484,0.9630341522280756,294.3676545582007
DAPT_E2E,1.0,DOMAIN_TEMPLATE_OOD,0.01,0.7595469255663431,0.053357059750279316,0.9885203308739877,0.8580754778709696,0.008845738942826321,0.0030743810859114066,0.9630341522280756,294.3676545582007
DAPT_E2E,1.0,DOMAIN_TEMPLATE_OOD,0.02,0.8548543689320388,0.027101972113549276,0.9771012014513035,0.9116803856779159,0.020064724919093852,0.004098298495953009,0.9630341522280756,294.3676545582007
DAPT_E2E,1.0,IID_BALANCED,0.005,0.660586011342155,0.04517666192316288,0.9892386480245259,0.7912913679737197,0.0072778827977315694,0.002317350415681574,0.9117812883030005,294.3676545582007
DAPT_E2E,1.0,IID_BALANCED,0.01,0.7389413988657845,0.020749986939773094,0.9837988932163361,0.8438098339483959,0.01219281663516068,0.0027628432600370198,0.9117812883030005,294.3676545582007
DAPT_E2E,1.0,IID_BALANCED,0.02,0.7761814744801512,0.008986664895277658,0.977988195275492,0.8654440364746442,0.017485822306238186,0.0026075843347899887,0.9117812883030005,294.3676545582007
DAPT_E2E,1.0,IID_ORIGINAL,0.005,0.660586011342155,0.04517666192316288,0.9858124652287861,0.7901687027364417,0.005117912694430507,0.0017187131732617669,0.9105379461385169,294.3676545582007
DAPT_E2E,1.0,IID_ORIGINAL,0.01,0.7389413988657845,0.020749986939773094,0.9740571652703064,0.8401812026670171,0.01048670346211741,0.0022742588959230696,0.9105379461385169,294.3676545582007
DAPT_E2E,1.0,IID_ORIGINAL,0.02,0.7761814744801512,0.008986664895277658,0.9586132230113492,0.8577645071608215,0.017812343201204214,0.0027911555892755706,0.9105379461385169,294.3676545582007
DAPT_E2E,1.0,TEMPLATE_OOD,0.005,0.678864168618267,0.06692566470666206,0.9941064766642548,0.8050627090817792,0.004098360655737704,0.0016731487314092745,0.9706648935440878,294.3676545582007
DAPT_E2E,1.0,TEMPLATE_OOD,0.01,0.8057377049180328,0.04193130333474337,0.989985721301348,0.887860642223211,0.00816744730679157,0.0023274419089196036,0.9706648935440878,294.3676545582007
DAPT_E2E,1.0,TEMPLATE_OOD,0.02,0.8811475409836065,0.021683851583438864,0.9814776466131383,0.9284711068406695,0.016656908665105385,0.003190284558294561,0.9706648935440878,294.3676545582007
DAPT_E2E,1.0,TEMPORAL,0.005,0.6864,0.06595202380855682,0.9936777564257134,0.8102791885357388,0.00445,0.0018476712069220782,0.9717870468750001,294.3676545582007
DAPT_E2E,1.0,TEMPORAL,0.01,0.8120499999999999,0.03999267294003854,0.9893903538806004,0.8914963981123707,0.008725,0.0020427718097395667,0.9717870468750001,294.3676545582007
DAPT_E2E,1.0,TEMPORAL,0.02,0.8842000000000001,0.020183808141951594,0.9809073244030511,0.9299190825750469,0.01725,0.0033993463423951905,0.9717870468750001,294.3676545582007
DAPT_LOGREG,0.1,DOMAIN_OOD,0.005,0.22602384655261795,0.09217282909340163,0.974988387402011,0.3584397770136786,0.005702436495593572,0.0028603672640827456,0.8920570748884519,0.025801845800197044
DAPT_LOGREG,0.1,DOMAIN_OOD,0.01,0.32452047693105235,0.07160557573302849,0.968590665452304,0.4818887255783083,0.010575427682737169,0.003964646386645927,0.8920570748884519,0.025801845800197044
DAPT_LOGREG,0.1,DOMAIN_OOD,0.02,0.44862623120787976,0.057370071264747226,0.955320708128075,0.6084887163209081,0.020995334370139968,0.004606049053140431,0.8920570748884519,0.025801845800197044
DAPT_LOGREG,0.1,DOMAIN_TEMPLATE_OOD,0.005,0.2155879180151025,0.09104339316917333,0.9725672615700729,0.344462673205432,0.00593311758360302,0.0029760779139242806,0.8813265495520343,0.025801845800197044
DAPT_LOGREG,0.1,DOMAIN_TEMPLATE_OOD,0.01,0.306957928802589,0.07425819692683075,0.9657205155715696,0.4611402876636291,0.010949298813376484,0.004147301845092746,0.8813265495520343,0.025801845800197044
DAPT_LOGREG,0.1,DOMAIN_TEMPLATE_OOD,0.02,0.4266990291262136,0.062135282444066235,0.9525345992487555,0.5868725391860294,0.021251348435814454,0.004938213419662825,0.8813265495520343,0.025801845800197044
DAPT_LOGREG,0.1,IID_BALANCED,0.005,0.25954631379962195,0.09185408026212658,0.9759708763100337,0.4020124340096892,0.006710775047258979,0.0036593087355348735,0.8928410240100628,0.025801845800197044
DAPT_LOGREG,0.1,IID_BALANCED,0.01,0.37589792060491495,0.061240132850798316,0.9646623651952385,0.538060972093697,0.01389413988657845,0.004881903130064606,0.8928410240100628,0.025801845800197044
DAPT_LOGREG,0.1,IID_BALANCED,0.02,0.500945179584121,0.03670684010318897,0.9450362049145531,0.6539652233650166,0.029300567107750475,0.0068448522313800985,0.8928410240100628,0.025801845800197044
DAPT_LOGREG,0.1,IID_ORIGINAL,0.005,0.25954631379962195,0.09185408026212658,0.9637316059873046,0.40082705933680673,0.005418966382338184,0.0027359899711227337,0.8939839058633383,0.025801845800197044
DAPT_LOGREG,0.1,IID_ORIGINAL,0.01,0.37589792060491495,0.061240132850798316,0.9457290054801006,0.535014949732317,0.011540391369794279,0.003602719389285502,0.8939839058633383,0.025801845800197044
DAPT_LOGREG,0.1,IID_ORIGINAL,0.02,0.500945179584121,0.03670684010318897,0.9146492219072371,0.6464552433341159,0.02498745609633718,0.005836113995668678,0.8939839058633383,0.025801845800197044
DAPT_LOGREG,0.1,TEMPLATE_OOD,0.005,0.2800644028103044,0.10600747713824635,0.9834431520000029,0.4259213303651891,0.00471311475409836,0.0023959818573171944,0.912357156397227,0.025801845800197044
DAPT_LOGREG,0.1,TEMPLATE_OOD,0.01,0.39262295081967213,0.08095717041802271,0.9783888722102914,0.5555847895214231,0.008811475409836065,0.003261129377431762,0.912357156397227,0.025801845800197044
DAPT_LOGREG,0.1,TEMPLATE_OOD,0.02,0.5175936768149882,0.05501842174755687,0.9672910976222537,0.6726510410794387,0.01759367681498829,0.004245459662653317,0.912357156397227,0.025801845800197044
DAPT_LOGREG,0.1,TEMPORAL,0.005,0.28645,0.10390586017053022,0.9852083755094936,0.4342219265060828,0.004325,0.002108349802307219,0.9160719437499999,0.025801845800197044
DAPT_LOGREG,0.1,TEMPORAL,0.01,0.401625,0.07791495096150247,0.9796918117768513,0.5653460176501006,0.008425,0.002606215860421218,0.9160719437499999,0.025801845800197044
DAPT_LOGREG,0.1,TEMPORAL,0.02,0.5301750000000001,0.05009533272782116,0.9683357167294571,0.6838122104606248,0.017425000000000003,0.0036648669825793123,0.9160719437499999,0.025801845800197044
DAPT_LOGREG,0.25,DOMAIN_OOD,0.005,0.28595127008812854,0.07571615234914197,0.9839805981571852,0.43823254881938356,0.004354587869362364,0.0013429659048021737,0.9110384970227419,0.38484173660053783
DAPT_LOGREG,0.25,DOMAIN_OOD,0.01,0.3707102125453603,0.07455179242996915,0.9797371755340369,0.5339134807910753,0.00751684810782789,0.0019125577692395588,0.9110384970227419,0.38484173660053783
DAPT_LOGREG,0.25,DOMAIN_OOD,0.02,0.5051840331778124,0.06309689878968286,0.9648475513699573,0.6611020629941642,0.01835147744945568,0.0038654954654862104,0.9110384970227419,0.38484173660053783
DAPT_LOGREG,0.25,DOMAIN_TEMPLATE_OOD,0.005,0.26974110032362464,0.07654152671808992,0.982392772370412,0.4181327301704096,0.0044228694714131605,0.0012914983815942446,0.9026065249747186,0.38484173660053783
DAPT_LOGREG,0.25,DOMAIN_TEMPLATE_OOD,0.01,0.3491370010787486,0.07700492854350224,0.978155510270768,0.5101766017996565,0.007551240560949299,0.0017615891713651047,0.9026065249747186,0.38484173660053783
DAPT_LOGREG,0.25,DOMAIN_TEMPLATE_OOD,0.02,0.4773462783171521,0.06486958940835036,0.9627711436884848,0.6359836635732721,0.018338727076591156,0.003922586161321724,0.9026065249747186,0.38484173660053783
DAPT_LOGREG,0.25,IID_BALANCED,0.005,0.2828922495274102,0.08243624206680165,0.979198960337184,0.4332076368187276,0.0060491493383742915,0.003652520919014351,0.9033871912979157,0.38484173660053783
DAPT_LOGREG,0.25,IID_BALANCED,0.01,0.38449905482041585,0.09034123837053348,0.9741697478412961,0.5456970650341757,0.010113421550094518,0.005139436622218738,0.9033871912979157,0.38484173660053783
DAPT_LOGREG,0.25,IID_BALANCED,0.02,0.519187145557656,0.07001853670135777,0.9560192703746162,0.67040628601215,0.023818525519848772,0.005685062920549445,0.9033871912979157,0.38484173660053783
DAPT_LOGREG,0.25,IID_ORIGINAL,0.005,0.2828922495274102,0.08243624206680165,0.9664259093936197,0.43207671773468687,0.005067737079779228,0.002803156313579597,0.9038629532285494,0.38484173660053783
DAPT_LOGREG,0.25,IID_ORIGINAL,0.01,0.38449905482041585,0.09034123837053348,0.9562740772749525,0.5430204877883108,0.009081786251881585,0.004357870805660736,0.9038629532285494,0.38484173660053783
DAPT_LOGREG,0.25,IID_ORIGINAL,0.02,0.519187145557656,0.07001853670135777,0.9274948018710274,0.6633765094803719,0.021374811841445056,0.004973885844088812,0.9038629532285494,0.38484173660053783
DAPT_LOGREG,0.25,TEMPLATE_OOD,0.005,0.3347189695550351,0.08663162359248841,0.9874747510862403,0.4941060554852138,0.004010538641686183,0.0009364631626861886,0.92752008388682,0.38484173660053783
DAPT_LOGREG,0.25,TEMPLATE_OOD,0.01,0.42845433255269316,0.08186355011413723,0.983969736276153,0.5926910094950288,0.006908665105386416,0.0015502636306194769,0.92752008388682,0.38484173660053783
DAPT_LOGREG,0.25,TEMPLATE_OOD,0.02,0.5611533957845433,0.05823531675669798,0.9713209196850408,0.7097440162625294,0.016598360655737703,0.003192074841577044,0.92752008388682,0.38484173660053783
DAPT_LOGREG,0.25,TEMPORAL,0.005,0.344175,0.08502883906194547,0.9872146530690621,0.5048373705026894,0.004274999999999999,0.001569899147503856,0.9306186999999999,0.38484173660053783
DAPT_LOGREG,0.25,TEMPORAL,0.01,0.44025,0.0781302331580633,0.9834106557860001,0.604378003615724,0.007424999999999999,0.00238644901242178,0.9306186999999999,0.38484173660053783
DAPT_LOGREG,0.25,TEMPORAL,0.02,0.576425,0.055966638127846566,0.9714012594962304,0.7220504346072635,0.01705,0.0038020462326956985,0.9306186999999999,0.38484173660053783
DAPT_LOGREG,1.0,DOMAIN_OOD,0.005,0.29460860549507517,0.0742200564487332,0.9853214192460307,0.4490868570621487,0.004510108864696735,0.001955784871874327,0.9313709523759615,0.7229566089999026
DAPT_LOGREG,1.0,DOMAIN_OOD,0.01,0.4272680145152929,0.04762406003340229,0.9792725403714874,0.5934971227892398,0.009072058061171593,0.0018968808018057848,0.9313709523759615,0.7229566089999026
DAPT_LOGREG,1.0,DOMAIN_OOD,0.02,0.5560393986521514,0.04624371976661389,0.9671740256207271,0.7050417048521809,0.018973561430793158,0.003509181619587077,0.9313709523759615,0.7229566089999026
DAPT_LOGREG,1.0,DOMAIN_TEMPLATE_OOD,0.005,0.266504854368932,0.07345770958632308,0.984506320383671,0.4147402463380021,0.004314994606256742,0.0018856685511868963,0.9259119324496206,0.7229566089999026
DAPT_LOGREG,1.0,DOMAIN_TEMPLATE_OOD,0.01,0.39978425026968717,0.048628051403971466,0.9785463861922139,0.5660449359298747,0.008791801510248113,0.0019538623497874375,0.9259119324496206,0.7229566089999026
DAPT_LOGREG,1.0,DOMAIN_TEMPLATE_OOD,0.02,0.5273462783171521,0.045818994455217275,0.9660030444816184,0.6811244835822359,0.01866235167206041,0.0035250128538374618,0.9259119324496206,0.7229566089999026
DAPT_LOGREG,1.0,IID_BALANCED,0.005,0.33015122873345937,0.07990361590938065,0.9910707423614701,0.4904079794924295,0.0030245746691871457,0.0018798278374513294,0.9231979945754911,0.7229566089999026
DAPT_LOGREG,1.0,IID_BALANCED,0.01,0.47788279773156905,0.042674506410582055,0.9843212364431627,0.6424038826026967,0.007561436672967864,0.0023994244189867384,0.9231979945754911,0.7229566089999026
DAPT_LOGREG,1.0,IID_BALANCED,0.02,0.5912098298676749,0.02240361409933699,0.9733939223560023,0.7353995808942019,0.016162570888468807,0.002247770508095396,0.9231979945754911,0.7229566089999026
DAPT_LOGREG,1.0,IID_ORIGINAL,0.005,0.33015122873345937,0.07990361590938065,0.988810923938955,0.4900748228290356,0.0020572002007024585,0.0014280230276726249,0.9237645559078704,0.7229566089999026
DAPT_LOGREG,1.0,IID_ORIGINAL,0.01,0.47788279773156905,0.042674506410582055,0.9758940548574646,0.6405585781426086,0.006271951831409934,0.0016599291889345382,0.9237645559078704,0.7229566089999026
DAPT_LOGREG,1.0,IID_ORIGINAL,0.02,0.5912098298676749,0.02240361409933699,0.9547756367648856,0.7299861525076963,0.014902157551430003,0.0021941276064368787,0.9237645559078704,0.7229566089999026
DAPT_LOGREG,1.0,TEMPLATE_OOD,0.005,0.3693501170960187,0.07514954342932723,0.992195948140502,0.5342876079895282,0.0030152224824355972,0.0014410820744806872,0.946224163291358,0.7229566089999026
DAPT_LOGREG,1.0,TEMPLATE_OOD,0.01,0.5030444964871195,0.038277295693031364,0.9860752864755302,0.6654044540088291,0.007142857142857143,0.0015685816781740919,0.946224163291358,0.7229566089999026
DAPT_LOGREG,1.0,TEMPLATE_OOD,0.02,0.6184718969555035,0.039038848444006964,0.9758698840011133,0.7564381229138839,0.015339578454332554,0.0023058634641283256,0.946224163291358,0.7229566089999026
DAPT_LOGREG,1.0,TEMPORAL,0.005,0.383375,0.07432840510568994,0.9929052046173478,0.5493529594949202,0.00285,0.0014443376028862196,0.9492173781250001,0.7229566089999026
DAPT_LOGREG,1.0,TEMPORAL,0.01,0.517775,0.03868990860389537,0.9869358211341603,0.6784022091705197,0.006900000000000001,0.0015907719998653343,0.9492173781250001,0.7229566089999026
DAPT_LOGREG,1.0,TEMPORAL,0.02,0.633275,0.037852133728203174,0.9773612374527136,0.7679411138389828,0.014724999999999999,0.0023934227002813833,0.9492173781250001,0.7229566089999026
DAPT_MLP,0.1,DOMAIN_OOD,0.005,0.16578538102643858,0.08787842673316705,0.953190689408542,0.27450307492267945,0.005598755832037325,0.0015222198407150677,0.8684789014687018,0.2675357039994196
DAPT_MLP,0.1,DOMAIN_OOD,0.01,0.2392431311560394,0.08990815137949208,0.9469724812628109,0.3752354978851947,0.010782789009849664,0.003672175969349092,0.8684789014687018,0.2675357039994196
DAPT_MLP,0.1,DOMAIN_OOD,0.02,0.3683255572835666,0.13466767246576614,0.9295473373296037,0.515637770950971,0.02374287195438051,0.005364075886971679,0.8684789014687018,0.2675357039994196
DAPT_MLP,0.1,DOMAIN_TEMPLATE_OOD,0.005,0.1487594390507012,0.08145477021914585,0.9433002630080134,0.25006063089653596,0.005825242718446602,0.0015837983132359038,0.8564832124832282,0.2675357039994196
DAPT_MLP,0.1,DOMAIN_TEMPLATE_OOD,0.01,0.2192017259978425,0.08368058482154549,0.9421046921757152,0.34959980429210225,0.011003236245954692,0.003915988030222792,0.8564832124832282,0.2675357039994196
DAPT_MLP,0.1,DOMAIN_TEMPLATE_OOD,0.02,0.34406688241639694,0.12896836276124427,0.9247028855738051,0.4901129688349089,0.0238403451995685,0.0059510695689056975,0.8564832124832282,0.2675357039994196
DAPT_MLP,0.1,IID_BALANCED,0.005,0.21294896030245747,0.09762794651369294,0.9636948891286643,0.3391390597978132,0.0072778827977315694,0.003961494091745408,0.8834782519359207,0.2675357039994196
DAPT_MLP,0.1,IID_BALANCED,0.01,0.3002835538752363,0.08619757979738231,0.9503792612404792,0.45064337741610344,0.01389413988657845,0.004204603401500502,0.8834782519359207,0.2675357039994196
DAPT_MLP,0.1,IID_BALANCED,0.02,0.4330812854442344,0.11660773652523153,0.9336916859936769,0.5829676744621801,0.029395085066162573,0.008949585786009823,0.8834782519359207,0.2675357039994196
DAPT_MLP,0.1,IID_ORIGINAL,0.005,0.21294896030245747,0.09762794651369294,0.9405190464086252,0.3378065076155208,0.006372303060712493,0.0034280550488201425,0.8853646790230837,0.2675357039994196
DAPT_MLP,0.1,IID_ORIGINAL,0.01,0.3002835538752363,0.08619757979738231,0.9232534647343504,0.44803851218636426,0.011640742599096839,0.003662781683945078,0.8853646790230837,0.2675357039994196
DAPT_MLP,0.1,IID_ORIGINAL,0.02,0.4330812854442344,0.11660773652523153,0.8941534136279946,0.5753612297924013,0.02589061716006021,0.007759485720820792,0.8853646790230837,0.2675357039994196
DAPT_MLP,0.1,TEMPLATE_OOD,0.005,0.2506440281030445,0.1114550719775664,0.9733184074225711,0.3873389782307446,0.004566744730679157,0.001537930390698325,0.8963707432717779,0.2675357039994196
DAPT_MLP,0.1,TEMPLATE_OOD,0.01,0.33114754098360655,0.09898671848582379,0.9715785957114071,0.48664030754873877,0.008460187353629977,0.003151245343871349,0.8963707432717779,0.2675357039994196
DAPT_MLP,0.1,TEMPLATE_OOD,0.02,0.4465749414519906,0.13118363844346895,0.9554958401811892,0.5982058628614233,0.019408665105386417,0.004950779575229466,0.8963707432717779,0.2675357039994196
DAPT_MLP,0.1,TEMPORAL,0.005,0.25735,0.11512995073201221,0.9772107992464601,0.39533017804347576,0.004399999999999999,0.0016253204812179862,0.9013216187499999,0.2675357039994196
DAPT_MLP,0.1,TEMPORAL,0.01,0.339225,0.1024044575038932,0.9727405736125909,0.4951993786730508,0.008525,0.002873369102638921,0.9013216187499999,0.2675357039994196
DAPT_MLP,0.1,TEMPORAL,0.02,0.46130000000000004,0.13589404573662037,0.9581452550002723,0.6116569041802772,0.019,0.00452615853800009,0.9013216187499999,0.2675357039994196
DAPT_MLP,0.25,DOMAIN_OOD,0.005,0.27568688439606015,0.06313027731785485,0.9847042464031077,0.42735551899629726,0.004354587869362364,0.0021885108275773372,0.9039817889671197,0.5856484656996145
DAPT_MLP,0.25,DOMAIN_OOD,0.01,0.4055987558320373,0.06790278768887852,0.9727542475831076,0.5694428419575361,0.011301192327630898,0.0030503188752191088,0.9039817889671197,0.5856484656996145
DAPT_MLP,0.25,DOMAIN_OOD,0.02,0.49616381544841887,0.0595842920075007,0.9579605767694662,0.6518025296050741,0.02177293934681182,0.004525937741043301,0.9039817889671197,0.5856484656996145
DAPT_MLP,0.25,DOMAIN_TEMPLATE_OOD,0.005,0.25604099244875944,0.059741668892145605,0.9831831868609612,0.40303252035853054,0.00447680690399137,0.00231714830907568,0.8945901249695984,0.5856484656996145
DAPT_MLP,0.25,DOMAIN_TEMPLATE_OOD,0.01,0.3762135922330097,0.06617021229575609,0.9705045171229905,0.5391854906371962,0.011326860841423949,0.0027853170415011986,0.8945901249695984,0.5856484656996145
DAPT_MLP,0.25,DOMAIN_TEMPLATE_OOD,0.02,0.46370010787486515,0.06115660801619672,0.9547157621229425,0.6220693843898569,0.021952535059331174,0.004469905969601294,0.8945901249695984,0.5856484656996145
DAPT_MLP,0.25,IID_BALANCED,0.005,0.32173913043478264,0.0769884083335555,0.979446396673205,0.47969267188577575,0.006710775047258979,0.003632081357770535,0.9038457105999479,0.5856484656996145
DAPT_MLP,0.25,IID_BALANCED,0.01,0.4388468809073724,0.056857700173874724,0.96415911330519,0.6014389952309156,0.015879017013232515,0.003904709107707541,0.9038457105999479,0.5856484656996145
DAPT_MLP,0.25,IID_BALANCED,0.02,0.5287334593572779,0.04189751280482066,0.9450721474079232,0.677288734717571,0.030623818525519847,0.006398120363122377,0.9038457105999479,0.5856484656996145
DAPT_MLP,0.25,IID_ORIGINAL,0.005,0.32173913043478264,0.0769884083335555,0.966591948202175,0.4781580445218939,0.0058203712995484195,0.003049312640930811,0.9049188938221393,0.5856484656996145
DAPT_MLP,0.25,IID_ORIGINAL,0.01,0.4388468809073724,0.056857700173874724,0.9423256216801803,0.5971913515900322,0.013948820873055694,0.003045640980790109,0.9049188938221393,0.5856484656996145
DAPT_MLP,0.25,IID_ORIGINAL,0.02,0.5287334593572779,0.04189751280482066,0.9130766414299183,0.6688771493951314,0.026693426994480685,0.005898095541298866,0.9049188938221393,0.5856484656996145
DAPT_MLP,0.25,TEMPLATE_OOD,0.005,0.3557669789227166,0.05675686056943907,0.9880703116818659,0.5208305979942205,0.004391100702576112,0.0017992865841711333,0.9234191180503377,0.5856484656996145
DAPT_MLP,0.25,TEMPLATE_OOD,0.01,0.4722775175644028,0.057924741662610586,0.9794218063683869,0.6353136577119105,0.010011709601873536,0.002349227476316028,0.9234191180503377,0.5856484656996145
DAPT_MLP,0.25,TEMPLATE_OOD,0.02,0.5569379391100703,0.05181696374269926,0.9679764403057336,0.7057156976801915,0.018530444964871197,0.003779383727069384,0.9234191180503377,0.5856484656996145
DAPT_MLP,0.25,TEMPORAL,0.005,0.36767500000000003,0.056779305942687715,0.9884607862728318,0.5337335407540422,0.00435,0.0017288403306519923,0.928315740625,0.5856484656996145
DAPT_MLP,0.25,TEMPORAL,0.01,0.491275,0.057854877111230274,0.9799707491241791,0.6525773802995094,0.010125,0.002375365468956537,0.928315740625,0.5856484656996145
DAPT_MLP,0.25,TEMPORAL,0.02,0.57865,0.05103732294442306,0.9683489252806,0.7231425074004749,0.01905,0.0042553887405657,0.928315740625,0.5856484656996145
DAPT_MLP,1.0,DOMAIN_OOD,0.005,0.3468636599274235,0.09440175184694719,0.9883829742333967,0.5066502612584186,0.004354587869362364,0.002308043249637325,0.9352811887856113,2.2898912586001643
DAPT_MLP,1.0,DOMAIN_OOD,0.01,0.4873509590461379,0.058126167057309136,0.9783400370294256,0.6487181952923711,0.010834629341627787,0.002449269001541664,0.9352811887856113,2.2898912586001643
DAPT_MLP,1.0,DOMAIN_OOD,0.02,0.5940902021772939,0.045115982834701064,0.9592302515437299,0.7328386660951416,0.02524624157594609,0.0035333495306638756,0.9352811887856113,2.2898912586001643
DAPT_MLP,1.0,DOMAIN_TEMPLATE_OOD,0.005,0.31742179072276155,0.08800281444246844,0.9877142051946806,0.47405275900416594,0.004207119741100324,0.002228253633200959,0.9301891068496466,2.2898912586001643
DAPT_MLP,1.0,DOMAIN_TEMPLATE_OOD,0.01,0.4495685005393743,0.05900460942425774,0.9772836967198899,0.6137603313325262,0.0104638619201726,0.0022770428189841873,0.9301891068496466,2.2898912586001643
DAPT_MLP,1.0,DOMAIN_TEMPLATE_OOD,0.02,0.5612729234088458,0.045641678531312464,0.9583286177938234,0.7069539566468473,0.024379719525350594,0.0030277647515312297,0.9301891068496466,2.2898912586001643
DAPT_MLP,1.0,IID_BALANCED,0.005,0.4447069943289225,0.07813897432025346,0.9858060128439193,0.6087972001836377,0.006616257088846882,0.0030869435951898904,0.9303544691449789,2.2898912586001643
DAPT_MLP,1.0,IID_BALANCED,0.01,0.552930056710775,0.02765715985803999,0.976245015724006,0.7056484204712408,0.013421550094517959,0.001321750281247828,0.9303544691449789,2.2898912586001643
DAPT_MLP,1.0,IID_BALANCED,0.02,0.6289224952741022,0.02129487715181692,0.9651586383502584,0.7614070918712048,0.022684310018903593,0.002399424418986739,0.9303544691449789,2.2898912586001643
DAPT_MLP,1.0,IID_ORIGINAL,0.005,0.4447069943289225,0.07813897432025346,0.9812564403237977,0.6078169125888931,0.004716507777220271,0.0024489720980395554,0.9306649122590693,2.2898912586001643
DAPT_MLP,1.0,IID_ORIGINAL,0.01,0.552930056710775,0.02765715985803999,0.9629713310748519,0.7021278489729299,0.011289513296537882,0.0014818569281375934,0.9306649122590693,2.2898912586001643
DAPT_MLP,1.0,IID_ORIGINAL,0.02,0.6289224952741022,0.02129487715181692,0.9403856126193066,0.7535596982518757,0.02117410938283994,0.002545310236460518,0.9306649122590693,2.2898912586001643
DAPT_MLP,1.0,TEMPLATE_OOD,0.005,0.42426814988290396,0.07938721107938511,0.9919296276706471,0.5902244446781878,0.0036299765807962527,0.0017191815414164902,0.9490151045637282,2.2898912586001643
DAPT_MLP,1.0,TEMPLATE_OOD,0.01,0.543003512880562,0.051914301606299215,0.9839136258937504,0.6984776113957906,0.008870023419203748,0.0016037001704287772,0.9490151045637282,2.2898912586001643
DAPT_MLP,1.0,TEMPLATE_OOD,0.02,0.6394613583138173,0.04271758416489345,0.9706481877935307,0.7702591660722771,0.019320843091334895,0.00245312355385959,0.9490151045637282,2.2898912586001643
DAPT_MLP,1.0,TEMPORAL,0.005,0.443725,0.08265771540919013,0.9924440316722736,0.6089863518848455,0.0035749999999999996,0.0018523633552842702,0.95324138125,2.2898912586001643
DAPT_MLP,1.0,TEMPORAL,0.01,0.56645,0.05034654903764505,0.9847967676212053,0.7180176920988623,0.008749999999999999,0.0015855247992033704,0.95324138125,2.2898912586001643
DAPT_MLP,1.0,TEMPORAL,0.02,0.660175,0.040346080974488684,0.9721246851616145,0.7857062622324864,0.018925,0.002630087662248372,0.95324138125,2.2898912586001643
DAPT_XGBOOST,0.1,DOMAIN_OOD,0.005,0.1296526697770866,0.05575959945256215,0.9511907930404107,0.22429727863370647,0.006220839813374806,0.0033238956387888967,0.8556779003510039,1.8406355699005872
DAPT_XGBOOST,0.1,DOMAIN_OOD,0.01,0.18906168999481596,0.05817936347895226,0.9450805731516931,0.3114206030389257,0.010471747019180922,0.004087759820305496,0.8556779003510039,1.8406355699005872
DAPT_XGBOOST,0.1,DOMAIN_OOD,0.02,0.28875064800414724,0.06067509205781396,0.9258793928631478,0.4370256428483129,0.022654224987039916,0.004426205123097265,0.8556779003510039,1.8406355699005872
DAPT_XGBOOST,0.1,DOMAIN_TEMPLATE_OOD,0.005,0.12340884573894281,0.053591603784221335,0.9474406155963822,0.2147127398769692,0.006364617044228695,0.0033132396978898075,0.8413237537660198,1.8406355699005872
DAPT_XGBOOST,0.1,DOMAIN_TEMPLATE_OOD,0.01,0.1779395900755124,0.055197114657645346,0.9405052251410456,0.2958611540132864,0.010733549083063646,0.004119147103911122,0.8413237537660198,1.8406355699005872
DAPT_XGBOOST,0.1,DOMAIN_TEMPLATE_OOD,0.02,0.2721143473570658,0.05518059748352814,0.9202273006256,0.4172316336111829,0.02319309600862999,0.004736404125249729,0.8413237537660198,1.8406355699005872
DAPT_XGBOOST,0.1,IID_BALANCED,0.005,0.23667296786389413,0.08023975327987709,0.9730671544430104,0.3745015068723302,0.006427221172022685,0.0037225092596703036,0.8712451445642347,1.8406355699005872
DAPT_XGBOOST,0.1,IID_BALANCED,0.01,0.31616257088846883,0.06805767037563941,0.956623430174238,0.4713086436662164,0.014272211720226843,0.003604648326392836,0.8712451445642347,1.8406355699005872
DAPT_XGBOOST,0.1,IID_BALANCED,0.02,0.41153119092627605,0.0612906023694149,0.9331354262895866,0.5687198396758836,0.029111531190926278,0.0043152851085731395,0.8712451445642347,1.8406355699005872
DAPT_XGBOOST,0.1,IID_ORIGINAL,0.005,0.23667296786389413,0.08023975327987709,0.9551615794729778,0.37303132821742696,0.005870546914199699,0.0027690191824988526,0.873682249878355,1.8406355699005872
DAPT_XGBOOST,0.1,IID_ORIGINAL,0.01,0.31616257088846883,0.06805767037563941,0.9339506897905441,0.46833044238693883,0.011941796287004517,0.0031450501484644676,0.873682249878355,1.8406355699005872
DAPT_XGBOOST,0.1,IID_ORIGINAL,0.02,0.41153119092627605,0.0612906023694149,0.8962038147428963,0.5616547091337819,0.02503763171098846,0.003463773375776273,0.873682249878355,1.8406355699005872
DAPT_XGBOOST,0.1,TEMPLATE_OOD,0.005,0.19739461358313817,0.07519527019804548,0.9771102932016389,0.3223227933000061,0.00427400468384075,0.0021520763078985514,0.8851645797226443,1.8406355699005872
DAPT_XGBOOST,0.1,TEMPLATE_OOD,0.01,0.26800351288056207,0.07547891476497895,0.971265281966757,0.4147511887794099,0.007552693208430913,0.0028841456989712987,0.8851645797226443,1.8406355699005872
DAPT_XGBOOST,0.1,TEMPLATE_OOD,0.02,0.3748829039812646,0.07109548954657809,0.9562468603081562,0.5348193749607437,0.017096018735362997,0.0042201523562140535,0.8851645797226443,1.8406355699005872
DAPT_XGBOOST,0.1,TEMPORAL,0.005,0.200975,0.07526651258472568,0.9798746847094776,0.3274385625322958,0.003875,0.0019516730714383948,0.8899427281250001,1.8406355699005872
DAPT_XGBOOST,0.1,TEMPORAL,0.01,0.272825,0.0758476222801714,0.9737430881905453,0.4208620794900576,0.0071,0.0024782386218172507,0.8899427281250001,1.8406355699005872
DAPT_XGBOOST,0.1,TEMPORAL,0.02,0.38195,0.07239549939970945,0.9588641058583469,0.5424139388888347,0.016375,0.003844639124807425,0.8899427281250001,1.8406355699005872
DAPT_XGBOOST,0.25,DOMAIN_OOD,0.005,0.17283566614826334,0.05549106035019912,0.9785957152889276,0.2902013587405202,0.004199066874027994,0.0037815420685465865,0.889663698948762,3.6582187899001837
DAPT_XGBOOST,0.25,DOMAIN_OOD,0.01,0.27698289269051324,0.06140109870160771,0.9649792989695877,0.4270168890898912,0.01026438569206843,0.005018972350594935,0.889663698948762,3.6582187899001837
DAPT_XGBOOST,0.25,DOMAIN_OOD,0.02,0.39279419388284087,0.05696885831348151,0.9473528876215763,0.5532506808076463,0.021513737687921204,0.0038735980251356317,0.889663698948762,3.6582187899001837
DAPT_XGBOOST,0.25,DOMAIN_TEMPLATE_OOD,0.005,0.16008629989212514,0.0536277819015089,0.9760452824341146,0.2716179299864311,0.004368932038834952,0.003934517071319507,0.8780377916956137,3.6582187899001837
DAPT_XGBOOST,0.25,DOMAIN_TEMPLATE_OOD,0.01,0.2576051779935275,0.06056447584978424,0.9615954978060387,0.40286470740970354,0.010517799352750809,0.005131148217486637,0.8780377916956137,3.6582187899001837
DAPT_XGBOOST,0.25,DOMAIN_TEMPLATE_OOD,0.02,0.3661272923408846,0.051407652266459616,0.9434957444429243,0.525757202194496,0.021628910463861922,0.004055881342225665,0.8780377916956137,3.6582187899001837
DAPT_XGBOOST,0.25,IID_BALANCED,0.005,0.27419659735349716,0.07735274621168414,0.9809364320728715,0.4234046274077693,0.005387523629489603,0.002185071314984209,0.8909959584192452,3.6582187899001837
DAPT_XGBOOST,0.25,IID_BALANCED,0.01,0.3992438563327032,0.060609853225541944,0.9657977213535032,0.5625703618784342,0.014083175803402648,0.0034642260888225486,0.8909959584192452,3.6582187899001837
DAPT_XGBOOST,0.25,IID_BALANCED,0.02,0.4879017013232514,0.03459007193656037,0.9449090268601068,0.6428703707634579,0.028449905482041588,0.005935346493398322,0.8909959584192452,3.6582187899001837
DAPT_XGBOOST,0.25,IID_ORIGINAL,0.005,0.27419659735349716,0.07735274621168414,0.9726065733565303,0.42255273957474015,0.004164576016056197,0.0020353962771803044,0.8924492813694812,3.6582187899001837
DAPT_XGBOOST,0.25,IID_ORIGINAL,0.01,0.3992438563327032,0.060609853225541944,0.9470586310342141,0.5591434837580553,0.011991971901655796,0.004003232904509862,0.8924492813694812,3.6582187899001837
DAPT_XGBOOST,0.25,IID_ORIGINAL,0.02,0.4879017013232514,0.03459007193656037,0.9119958176469144,0.6349793264248305,0.025087807325639738,0.005039812401177241,0.8924492813694812,3.6582187899001837
DAPT_XGBOOST,0.25,TEMPLATE_OOD,0.005,0.25368852459016394,0.06075501351403189,0.9880995263766936,0.4003119954291807,0.0033372365339578458,0.0025378309104326217,0.911730683270352,3.6582187899001837
DAPT_XGBOOST,0.25,TEMPLATE_OOD,0.01,0.36416861826697894,0.060886802097459176,0.9794886255355031,0.5281597949993438,0.007874707259953161,0.003495081327315518,0.911730683270352,3.6582187899001837
DAPT_XGBOOST,0.25,TEMPLATE_OOD,0.02,0.46838407494145196,0.04647001725827037,0.9665478732062756,0.6296975844513912,0.016276346604215456,0.003086368123016692,0.911730683270352,3.6582187899001837
DAPT_XGBOOST,0.25,TEMPORAL,0.005,0.25987499999999997,0.0616719873830719,0.9886518523293466,0.40810177783754187,0.0032,0.0020709632756012084,0.9167256531250001,3.6582187899001837
DAPT_XGBOOST,0.25,TEMPORAL,0.01,0.376025,0.06279148141976656,0.9793027321615251,0.5405375295950768,0.008175,0.0031929827573741907,0.9167256531250001,3.6582187899001837
DAPT_XGBOOST,0.25,TEMPORAL,0.02,0.485175,0.04776825567256984,0.9666948364882234,0.644750926682575,0.016800000000000002,0.0029316282923393345,0.9167256531250001,3.6582187899001837
DAPT_XGBOOST,1.0,DOMAIN_OOD,0.005,0.31337480559875586,0.04943395387081722,0.9847841641206472,0.4733787093981687,0.004924831518921721,0.0018968808018057844,0.9197839260572511,10.329110683300224
DAPT_XGBOOST,1.0,DOMAIN_OOD,0.01,0.42280974598237425,0.028119577311895242,0.9736381546621689,0.5890890564409532,0.011456713322965268,0.002051171691822902,0.9197839260572511,10.329110683300224
DAPT_XGBOOST,1.0,DOMAIN_OOD,0.02,0.5262312078797304,0.025980518413347066,0.9606839768744708,0.6796561096753009,0.021513737687921204,0.001679818739867254,0.9197839260572511,10.329110683300224
DAPT_XGBOOST,1.0,DOMAIN_TEMPLATE_OOD,0.005,0.2829557713052859,0.043686138777850075,0.983073645506604,0.4376817756619455,0.004962243797195254,0.0018993329947852224,0.9116293933988031,10.329110683300224
DAPT_XGBOOST,1.0,DOMAIN_TEMPLATE_OOD,0.01,0.38538295577130527,0.027068316618391812,0.9718217657715755,0.5514155715096685,0.011165048543689321,0.0023031557396475917,0.9116293933988031,10.329110683300224
DAPT_XGBOOST,1.0,DOMAIN_TEMPLATE_OOD,0.02,0.4907766990291262,0.024014712679473266,0.9588575597212167,0.6489442266820249,0.021035598705501618,0.0019364130913824198,0.9116293933988031,10.329110683300224
DAPT_XGBOOST,1.0,IID_BALANCED,0.005,0.42911153119092627,0.04425890240904796,0.9874815118350366,0.5970525210871009,0.005387523629489603,0.0024424760483067807,0.9173906343244914,10.329110683300224
DAPT_XGBOOST,1.0,IID_BALANCED,0.01,0.5089792060491494,0.02355270026464834,0.9766600009960336,0.6689574205786195,0.012098298676748583,0.0036142735727032107,0.9173906343244914,10.329110683300224
DAPT_XGBOOST,1.0,IID_BALANCED,0.02,0.579867674858223,0.012089844898771202,0.9605315943722239,0.7231114813332065,0.023818525519848772,0.004292220886181827,0.9173906343244914,10.329110683300224
DAPT_XGBOOST,1.0,IID_ORIGINAL,0.005,0.42911153119092627,0.04425890240904796,0.9825591283703812,0.5960963736453184,0.004064224786753638,0.0019853036595716906,0.9176647329926956,10.329110683300224
DAPT_XGBOOST,1.0,IID_ORIGINAL,0.01,0.5089792060491494,0.02355270026464834,0.9636073667040648,0.6658559969656226,0.010185649774209734,0.0027385448227123035,0.9176647329926956,10.329110683300224
DAPT_XGBOOST,1.0,IID_ORIGINAL,0.02,0.579867674858223,0.012089844898771202,0.9338075711633259,0.7154026808817565,0.021826392373306573,0.003437833214767429,0.9176647329926956,10.329110683300224
DAPT_XGBOOST,1.0,TEMPLATE_OOD,0.005,0.3942622950819672,0.042205765161659026,0.9902070931086916,0.5627078807204724,0.003951990632318501,0.0012439060093659214,0.9363719524527092,10.329110683300224
DAPT_XGBOOST,1.0,TEMPLATE_OOD,0.01,0.4861826697892272,0.022649832991468315,0.9832551543512548,0.650361198207457,0.008284543325526934,0.0013383055562836605,0.9363719524527092,10.329110683300224
DAPT_XGBOOST,1.0,TEMPLATE_OOD,0.02,0.574092505854801,0.02159869226829879,0.9728639778855674,0.7218671114938676,0.016012880562060888,0.0013383055562836608,0.9363719524527092,10.329110683300224
DAPT_XGBOOST,1.0,TEMPORAL,0.005,0.409425,0.0464640018963307,0.9912969913306151,0.5780176513905693,0.0036499999999999996,0.0012144957801491119,0.941431878125,10.329110683300224
DAPT_XGBOOST,1.0,TEMPORAL,0.01,0.50615,0.023263347423217767,0.9846520526924003,0.6683176066926065,0.0079,0.0012974333637352374,0.941431878125,10.329110683300224
DAPT_XGBOOST,1.0,TEMPORAL,0.02,0.5959749999999999,0.021510155870089732,0.9744013149881864,0.739392524862535,0.01565,0.001242756792153817,0.941431878125,10.329110683300224
STRUCT_LOGREG,0.1,DOMAIN_OOD,0.005,0.4683255572835666,0.05265882280646946,0.9838573172119244,0.632988986028445,0.007724209434940383,0.002614384222676976,0.90691950182758,0.005050113299876102
STRUCT_LOGREG,0.1,DOMAIN_OOD,0.01,0.5330222913426645,0.04498328438618402,0.9741800156629555,0.6880111460768561,0.014152410575427682,0.002892031853371415,0.90691950182758,0.005050113299876102
STRUCT_LOGREG,0.1,DOMAIN_OOD,0.02,0.6036806635562467,0.03662017899389889,0.9599263280244473,0.7405944494929506,0.025298081907724212,0.005165568174607465,0.90691950182758,0.005050113299876102
STRUCT_LOGREG,0.1,DOMAIN_TEMPLATE_OOD,0.005,0.45124056094929876,0.05190414205232133,0.983062522726286,0.6169452713846295,0.007820927723840344,0.0028569307051547472,0.8983451768763768,0.005050113299876102
STRUCT_LOGREG,0.1,DOMAIN_TEMPLATE_OOD,0.01,0.5156957928802589,0.04252928460772814,0.9731148118940635,0.6731759481712707,0.01429341963322546,0.0031884480134786405,0.8983451768763768,0.005050113299876102
STRUCT_LOGREG,0.1,DOMAIN_TEMPLATE_OOD,0.02,0.5869471413160734,0.03561395726585253,0.9585273547670754,0.7274435052244419,0.02551240560949299,0.005285073336699899,0.8983451768763768,0.005050113299876102
STRUCT_LOGREG,0.1,IID_BALANCED,0.005,0.36030245746691875,0.04378039910368161,0.9674653687816598,0.5235912188444627,0.012287334593572778,0.0045873408250034775,0.8279941109415704,0.005050113299876102
STRUCT_LOGREG,0.1,IID_BALANCED,0.01,0.42826086956521736,0.04017587712359193,0.9558174520694827,0.5905814769322525,0.019659735349716444,0.00314429110267792,0.8279941109415704,0.005050113299876102
STRUCT_LOGREG,0.1,IID_BALANCED,0.02,0.4918714555765596,0.04216673426452224,0.9438358126784857,0.645834749258247,0.029111531190926278,0.002914942282601228,0.8279941109415704,0.005050113299876102
STRUCT_LOGREG,0.1,IID_ORIGINAL,0.005,0.36030245746691875,0.04378039910368161,0.9511358709366299,0.5211000590903593,0.009984947315604616,0.003904180163391539,0.8286516750023949,0.005050113299876102
STRUCT_LOGREG,0.1,IID_ORIGINAL,0.01,0.42826086956521736,0.04017587712359193,0.9346933776004109,0.5864867451079385,0.015805318615153035,0.002615235954358904,0.8286516750023949,0.005050113299876102
STRUCT_LOGREG,0.1,IID_ORIGINAL,0.02,0.4918714555765596,0.04216673426452224,0.91178980331696,0.6382472691394425,0.025087807325639738,0.0027583914538335235,0.8286516750023949,0.005050113299876102
STRUCT_LOGREG,0.1,TEMPLATE_OOD,0.005,0.5231264637002342,0.04874861632234467,0.9853799980899144,0.6821768961842005,0.007845433255269322,0.0030133113295267417,0.9196253064515245,0.005050113299876102
STRUCT_LOGREG,0.1,TEMPLATE_OOD,0.01,0.581996487119438,0.03847758318357498,0.9776116519053367,0.728945119227685,0.013348946135831383,0.003234008413189283,0.9196253064515245,0.005050113299876102
STRUCT_LOGREG,0.1,TEMPLATE_OOD,0.02,0.6471896955503513,0.03137278691116198,0.9659928556229026,0.7747043391960968,0.022775175644028103,0.003536653017977923,0.9196253064515245,0.005050113299876102
STRUCT_LOGREG,0.1,TEMPORAL,0.005,0.533425,0.051057572351654604,0.9866665649130718,0.6911444639696523,0.007274999999999999,0.0026285029537319866,0.922151225,0.005050113299876102
STRUCT_LOGREG,0.1,TEMPORAL,0.01,0.594775,0.04115543875223403,0.9796890735899186,0.7394327265514077,0.012325,0.0027438061560945263,0.922151225,0.005050113299876102
STRUCT_LOGREG,0.1,TEMPORAL,0.02,0.66145,0.032540103462240774,0.9688935856737491,0.7857929413983431,0.0212,0.0034816981808051973,0.922151225,0.005050113299876102
STRUCT_LOGREG,0.25,DOMAIN_OOD,0.005,0.4715914981855883,0.0747879712854628,0.9839456116738061,0.6340674469299811,0.007931570762052878,0.0027868698923205,0.913028155293102,0.008329498499733745
STRUCT_LOGREG,0.25,DOMAIN_OOD,0.01,0.5234836702954899,0.03737923987380843,0.977590707855372,0.6811178537384862,0.012026956972524625,0.0022503985617556184,0.913028155293102,0.008329498499733745
STRUCT_LOGREG,0.25,DOMAIN_OOD,0.02,0.5999481596682219,0.045875390432739895,0.9591358740595577,0.7371430775451587,0.025764644893727325,0.006502696415414502,0.913028155293102,0.008329498499733745
STRUCT_LOGREG,0.25,DOMAIN_TEMPLATE_OOD,0.005,0.45124056094929876,0.0732782806542209,0.9834995847083008,0.6151257135825035,0.007820927723840345,0.00278821690386027,0.904772269992052,0.008329498499733745
STRUCT_LOGREG,0.25,DOMAIN_TEMPLATE_OOD,0.01,0.5030204962243797,0.03889001516663326,0.9772409146814601,0.6633387667806221,0.011758360302049622,0.0026029429803457542,0.904772269992052,0.008329498499733745
STRUCT_LOGREG,0.25,DOMAIN_TEMPLATE_OOD,0.02,0.5818230852211435,0.04837295343975182,0.9580034663814716,0.7227585050992449,0.025782092772384035,0.007240038628105804,0.904772269992052,0.008329498499733745
STRUCT_LOGREG,0.25,IID_BALANCED,0.005,0.367296786389414,0.07552399556547905,0.9645580457470688,0.527737983004682,0.013421550094517959,0.0029487987288714782,0.8296725640631644,0.008329498499733745
STRUCT_LOGREG,0.25,IID_BALANCED,0.01,0.41918714555765596,0.05079259421081178,0.9576498945070563,0.5816163375996214,0.01824196597353497,0.0027843164581330426,0.8296725640631644,0.008329498499733745
STRUCT_LOGREG,0.25,IID_BALANCED,0.02,0.49697542533081285,0.050856166091163287,0.9426007575599714,0.6495659781158574,0.029962192816635157,0.002092244198599117,0.8296725640631644,0.008329498499733745
STRUCT_LOGREG,0.25,IID_ORIGINAL,0.005,0.367296786389414,0.07552399556547905,0.9463648625611795,0.5247977752288354,0.011138986452584045,0.0031272108091708294,0.8303845121441112,0.008329498499733745
STRUCT_LOGREG,0.25,IID_ORIGINAL,0.01,0.41918714555765596,0.05079259421081178,0.9362008522273806,0.5775788266225235,0.015002508780732565,0.001971163140135284,0.8303845121441112,0.008329498499733745
STRUCT_LOGREG,0.25,IID_ORIGINAL,0.02,0.49697542533081285,0.050856166091163287,0.911071488326737,0.6418888320105223,0.02558956347215253,0.0026018312738090056,0.8303845121441112,0.008329498499733745
STRUCT_LOGREG,0.25,TEMPLATE_OOD,0.005,0.5206967213114754,0.08387183138313585,0.9846581387079351,0.6770552606782447,0.008343091334894612,0.002567856628989221,0.9241662136165942,0.008329498499733745
STRUCT_LOGREG,0.25,TEMPLATE_OOD,0.01,0.575731850117096,0.03373900125011522,0.979392011161974,0.7246255310707469,0.01214871194379391,0.0020572959252837648,0.9241662136165942,0.008329498499733745
STRUCT_LOGREG,0.25,TEMPLATE_OOD,0.02,0.6489168618266979,0.0408197278351345,0.9646726929979634,0.7751505561690439,0.023916861826697892,0.004857583750754871,0.9241662136165942,0.008329498499733745
STRUCT_LOGREG,0.25,TEMPORAL,0.005,0.5333249999999999,0.0864187198406045,0.985813202208645,0.6879366436296619,0.00785,0.0023219962675824156,0.92651339375,0.008329498499733745
STRUCT_LOGREG,0.25,TEMPORAL,0.01,0.5907,0.03400363542655729,0.9808897501017751,0.7368258273396568,0.011524999999999999,0.0017298442447547442,0.92651339375,0.008329498499733745
STRUCT_LOGREG,0.25,TEMPORAL,0.02,0.66475,0.039124445327981615,0.9676515222152373,0.7874475334448686,0.022325,0.003998350354278068,0.92651339375,0.008329498499733745
STRUCT_LOGREG,1.0,DOMAIN_OOD,0.005,0.5184033177812337,0.009836011384660582,0.9866010337189269,0.6796192464266888,0.00705028512182478,0.0006557340923107059,0.9162498075135426,0.047582971601150346
STRUCT_LOGREG,1.0,DOMAIN_OOD,0.01,0.5580093312597201,0.000983601138466093,0.9766827548600212,0.7102367120327271,0.01332296526697771,0.0004918005692330301,0.9162498075135426,0.047582971601150346
STRUCT_LOGREG,1.0,DOMAIN_OOD,0.02,0.6363919129082427,0.000983601138466054,0.9473690947827554,0.7613491327420584,0.03535510627268015,0.00032786704615535284,0.9162498075135426,0.047582971601150346
STRUCT_LOGREG,1.0,DOMAIN_TEMPLATE_OOD,0.005,0.4988133764832794,0.01057503856151239,0.9864682757756309,0.6625209266877418,0.0068500539374325795,0.0005116954142667281,0.9075387598928935,0.047582971601150346
STRUCT_LOGREG,1.0,DOMAIN_TEMPLATE_OOD,0.01,0.540453074433657,0.0017056513808891083,0.975849060939367,0.6956385785132759,0.0133764832793959,0.00034113027617781855,0.9075387598928935,0.047582971601150346
STRUCT_LOGREG,1.0,DOMAIN_TEMPLATE_OOD,0.02,0.6190938511326861,0.0013645211047112772,0.9469531882457721,0.7487027494871625,0.03468176914778856,0.0005116954142667293,0.9075387598928935,0.047582971601150346
STRUCT_LOGREG,1.0,IID_BALANCED,0.005,0.38582230623818525,0.008368976794396455,0.9693676856938142,0.551908796821319,0.01219281663516068,0.0002988920283713019,0.8368758509296349,0.047582971601150346
STRUCT_LOGREG,1.0,IID_BALANCED,0.01,0.46928166351606804,0.004483380425569546,0.9612748221098121,0.6306651339600737,0.01890359168241966,0.0,0.8368758509296349,0.047582971601150346
STRUCT_LOGREG,1.0,IID_BALANCED,0.02,0.5651228733459357,0.0032878123120843195,0.9418722786647316,0.7063984658731173,0.03487712665406427,0.00029889202837130204,0.8368758509296349,0.047582971601150346
STRUCT_LOGREG,1.0,IID_ORIGINAL,0.005,0.38582230623818525,0.008368976794396455,0.9515236318407959,0.5489758205387514,0.010436527847466131,0.00031733845059391674,0.83821247712931,0.047582971601150346
STRUCT_LOGREG,1.0,IID_ORIGINAL,0.01,0.46928166351606804,0.004483380425569546,0.943015683147262,0.6266849574130099,0.015052684395383844,0.0,0.83821247712931,0.047582971601150346
STRUCT_LOGREG,1.0,IID_ORIGINAL,0.02,0.5651228733459357,0.0032878123120843195,0.9129615711854793,0.6981094519863704,0.028600100351229302,0.0,0.83821247712931,0.047582971601150346
STRUCT_LOGREG,1.0,TEMPLATE_OOD,0.005,0.5631733021077283,0.008516672855254436,0.9873277912929435,0.7171987468445694,0.007230679156908665,0.0002777175931061224,0.9273208946807696,0.047582971601150346
STRUCT_LOGREG,1.0,TEMPLATE_OOD,0.01,0.6067037470725996,0.001388587965530585,0.9793507351949279,0.7492489699774064,0.012792740046838409,0.00027771759310612267,0.9273208946807696,0.047582971601150346
STRUCT_LOGREG,1.0,TEMPLATE_OOD,0.02,0.6789812646370024,0.0012960154344952353,0.9605340073231586,0.795581355670478,0.027898126463700233,0.0002777175931061225,0.9273208946807696,0.047582971601150346
STRUCT_LOGREG,1.0,TEMPORAL,0.005,0.581,0.00869626356546303,0.98789224991141,0.7316450833264686,0.007125000000000001,0.00039528470752104753,0.9285999468750001,0.047582971601150346
STRUCT_LOGREG,1.0,TEMPORAL,0.01,0.6233000000000001,0.001423024947075791,0.9813058411200369,0.7623639884895487,0.011875,0.00039528470752104775,0.9285999468750001,0.047582971601150346
STRUCT_LOGREG,1.0,TEMPORAL,0.02,0.6948000000000001,0.0009486832980505166,0.9631610259217034,0.8072612987642147,0.026574999999999998,0.0002371708245126288,0.9285999468750001,0.047582971601150346
STRUCT_MLP,0.1,DOMAIN_OOD,0.005,0.3773976153447382,0.1409466073221224,0.9819344633304142,0.5302063064247302,0.006687402799377916,0.0033725003542838536,0.9013679102165227,0.1506254601001274
STRUCT_MLP,0.1,DOMAIN_OOD,0.01,0.4745463970969414,0.11752208168696741,0.9725082536720013,0.6291629250241224,0.013063763608087092,0.004424518242772614,0.9013679102165227,0.1506254601001274
STRUCT_MLP,0.1,DOMAIN_OOD,0.02,0.5923276308968377,0.06587879841742762,0.9560444683539118,0.7294473859553517,0.0272680145152929,0.007083580831828453,0.9013679102165227,0.1506254601001274
STRUCT_MLP,0.1,DOMAIN_TEMPLATE_OOD,0.005,0.3576591154261057,0.13799352160499437,0.9819665903844204,0.5093171239166804,0.006418554476806904,0.003809288083985642,0.8932421400883712,0.1506254601001274
STRUCT_MLP,0.1,DOMAIN_TEMPLATE_OOD,0.01,0.4562028047464941,0.11752607768037636,0.9718805690410841,0.6118547224696732,0.012891046386192017,0.004900430053408508,0.8932421400883712,0.1506254601001274
STRUCT_MLP,0.1,DOMAIN_TEMPLATE_OOD,0.02,0.5797195253505933,0.06328035584368902,0.9548735790659894,0.7194982643836529,0.02750809061488673,0.007602435998513476,0.8932421400883712,0.1506254601001274
STRUCT_MLP,0.1,IID_BALANCED,0.005,0.3041587901701323,0.0729862536723258,0.9728896236336869,0.4589324696891531,0.008601134215500945,0.003195955804137557,0.8180464978326979,0.1506254601001274
STRUCT_MLP,0.1,IID_BALANCED,0.01,0.37693761814744803,0.07093508234292244,0.9644401102239757,0.5383478250472553,0.01389413988657845,0.0030562430530000698,0.8180464978326979,0.1506254601001274
STRUCT_MLP,0.1,IID_BALANCED,0.02,0.47514177693761817,0.061063201680236115,0.9482273905952885,0.6311014924724706,0.02561436672967864,0.003435452948590795,0.8180464978326979,0.1506254601001274
STRUCT_MLP,0.1,IID_ORIGINAL,0.005,0.3041587901701323,0.0729862536723258,0.9566379879750974,0.4570200736210537,0.007425990968389364,0.00310926911888202,0.8179402483360951,0.1506254601001274
STRUCT_MLP,0.1,IID_ORIGINAL,0.01,0.37693761814744803,0.07093508234292244,0.9428971074153708,0.5349091002014401,0.012092323130958354,0.0027015218602768456,0.8179402483360951,0.1506254601001274
STRUCT_MLP,0.1,IID_ORIGINAL,0.02,0.47514177693761817,0.061063201680236115,0.9122328511379149,0.6231553237624097,0.02383341695935775,0.002426596107801792,0.8179402483360951,0.1506254601001274
STRUCT_MLP,0.1,TEMPLATE_OOD,0.005,0.4447014051522248,0.13763891746445694,0.987898644096967,0.6007507755691244,0.0055620608899297425,0.0032157020010312415,0.9163122064029858,0.1506254601001274
STRUCT_MLP,0.1,TEMPLATE_OOD,0.01,0.5364754098360656,0.11243734945648556,0.9802558890643109,0.6862512872125948,0.010772833723653395,0.003463197100864261,0.9163122064029858,0.1506254601001274
STRUCT_MLP,0.1,TEMPLATE_OOD,0.02,0.641364168618267,0.054746902300705017,0.9672350884452244,0.7700409203235752,0.021721311475409837,0.003865942393259761,0.9163122064029858,0.1506254601001274
STRUCT_MLP,0.1,TEMPORAL,0.005,0.455675,0.14094783560278998,0.9884167948330633,0.6109077287784278,0.005375,0.002716334335501104,0.9186060843749999,0.1506254601001274
STRUCT_MLP,0.1,TEMPORAL,0.01,0.5499750000000001,0.11326097261045687,0.9819009120410941,0.6979832792811583,0.01005,0.0029575703241380793,0.9186060843749999,0.1506254601001274
STRUCT_MLP,0.1,TEMPORAL,0.02,0.6536,0.056586610116214284,0.9702745728477703,0.7797702813485113,0.019975,0.003209036719432588,0.9186060843749999,0.1506254601001274
STRUCT_MLP,0.25,DOMAIN_OOD,0.005,0.4960082944530845,0.09169856394808179,0.9874931621667112,0.6555539428264152,0.006583722135821669,0.0030133857326843858,0.9216916852031461,0.42098445990050093
STRUCT_MLP,0.25,DOMAIN_OOD,0.01,0.6022809745982374,0.05377852487978997,0.9788986122165122,0.7443332835788776,0.013167444271643338,0.0035176804976670395,0.9216916852031461,0.42098445990050093
STRUCT_MLP,0.25,DOMAIN_OOD,0.02,0.6865733540694661,0.01918668193015906,0.9643784877479871,0.8019466845708317,0.025401762571280455,0.003395003059337912,0.9216916852031461,0.42098445990050093
STRUCT_MLP,0.25,DOMAIN_TEMPLATE_OOD,0.005,0.4778856526429342,0.09179581280235401,0.9876738828311945,0.639133624365366,0.006310679611650485,0.0031352864500259875,0.9133713193666221,0.42098445990050093
STRUCT_MLP,0.25,DOMAIN_TEMPLATE_OOD,0.01,0.5843581445523193,0.05454600935653629,0.9788020967800206,0.7303373343849242,0.012837108953613808,0.0035396547148003484,0.9133713193666221,0.42098445990050093
STRUCT_MLP,0.25,DOMAIN_TEMPLATE_OOD,0.02,0.6696332254584683,0.02095669592835168,0.96402036405918,0.7901179662822198,0.025026968716289105,0.003297592669718914,0.9133713193666221,0.42098445990050093
STRUCT_MLP,0.25,IID_BALANCED,0.005,0.3832703213610586,0.07733708900787996,0.9756207851240211,0.5463185964621701,0.009640831758034027,0.002914942282601229,0.8371004874196419,0.42098445990050093
STRUCT_MLP,0.25,IID_BALANCED,0.01,0.4821361058601134,0.06314486616286426,0.9696671395087322,0.6417392473571837,0.015217391304347827,0.003818598305261673,0.8371004874196419,0.42098445990050093
STRUCT_MLP,0.25,IID_BALANCED,0.02,0.5739130434782609,0.038188062559401076,0.9591315966493272,0.7174957424034879,0.02438563327032136,0.004668842735436094,0.8371004874196419,0.42098445990050093
STRUCT_MLP,0.25,IID_ORIGINAL,0.005,0.3832703213610586,0.07733708900787996,0.9625450958569808,0.5441345261916007,0.008028098344204716,0.0027380340431083627,0.8379009899487526,0.42098445990050093
STRUCT_MLP,0.25,IID_ORIGINAL,0.01,0.4821361058601134,0.06314486616286426,0.9516123516440589,0.6376987373907577,0.013095835423983942,0.002752808173476207,0.8379009899487526,0.42098445990050093
STRUCT_MLP,0.25,IID_ORIGINAL,0.02,0.5739130434782609,0.038188062559401076,0.9316673615456239,0.7096463838342559,0.022328148519819367,0.00348631269203476,0.8379009899487526,0.42098445990050093
STRUCT_MLP,0.25,TEMPLATE_OOD,0.005,0.5637002341920374,0.07948192673461645,0.9900205887762781,0.7152132538799159,0.005913348946135832,0.002741981075672675,0.93036173620214,0.42098445990050093
STRUCT_MLP,0.25,TEMPLATE_OOD,0.01,0.6538056206088994,0.04759488643649369,0.9837058543791446,0.7845393461053422,0.01094847775175644,0.0026044908658006617,0.93036173620214,0.42098445990050093
STRUCT_MLP,0.25,TEMPLATE_OOD,0.02,0.7252634660421545,0.016643186360874616,0.9731257436315855,0.8310006498648109,0.020052693208430915,0.0024031245815817233,0.93036173620214,0.42098445990050093
STRUCT_MLP,0.25,TEMPORAL,0.005,0.57585,0.08173204865765803,0.9904670465966132,0.7250410566977775,0.005724999999999999,0.002405000577500508,0.931426509375,0.42098445990050093
STRUCT_MLP,0.25,TEMPORAL,0.01,0.667,0.0477691206627136,0.9849818239391901,0.7944209770134274,0.010275,0.0023963224138481677,0.931426509375,0.42098445990050093
STRUCT_MLP,0.25,TEMPORAL,0.02,0.737125,0.015921356202702477,0.9754862265013948,0.8396189959971118,0.01855,0.002314807407395554,0.931426509375,0.42098445990050093
STRUCT_MLP,1.0,DOMAIN_OOD,0.005,0.6439087610160705,0.028956897517623557,0.9883279271919829,0.77942901810439,0.007620528771384137,0.0012472840803607113,0.9382738862592485,1.5241578265002318
STRUCT_MLP,1.0,DOMAIN_OOD,0.01,0.6779678589942976,0.02740388009904967,0.9831825683045347,0.8022129562934888,0.01166407465007776,0.002756705742793125,0.9382738862592485,1.5241578265002318
STRUCT_MLP,1.0,DOMAIN_OOD,0.02,0.728564022809746,0.020818338291980123,0.9692502565913967,0.8316459883450588,0.023224468636599275,0.005468820582644544,0.9382738862592485,1.5241578265002318
STRUCT_MLP,1.0,DOMAIN_TEMPLATE_OOD,0.005,0.6292880258899676,0.029696680991070246,0.9885799749211014,0.7686615245067552,0.007281553398058252,0.0012776582527464844,0.931279463395277,1.5241578265002318
STRUCT_MLP,1.0,DOMAIN_TEMPLATE_OOD,0.01,0.6640237324703344,0.027464518374602478,0.9836293298042577,0.7925018143927188,0.01111111111111111,0.0027760171255834278,0.931279463395277,1.5241578265002318
STRUCT_MLP,1.0,DOMAIN_TEMPLATE_OOD,0.02,0.711866235167206,0.019863171030639053,0.9693024326029474,0.8206832499341485,0.022653721682847898,0.005674122199949478,0.931279463395277,1.5241578265002318
STRUCT_MLP,1.0,IID_BALANCED,0.005,0.5337429111531191,0.0346280744275077,0.9809109972327489,0.6907019373929876,0.010396975425330812,0.001942159421225261,0.8499077154527036,1.5241578265002318
STRUCT_MLP,1.0,IID_BALANCED,0.01,0.580718336483932,0.011560593460431498,0.9744945465018265,0.7276866848852009,0.015217391304347827,0.0027985403895655265,0.8499077154527036,1.5241578265002318
STRUCT_MLP,1.0,IID_BALANCED,0.02,0.6352551984877126,0.015398983825133905,0.9625204440554219,0.7652630923504091,0.024763705103969753,0.0032068079773155565,0.8499077154527036,1.5241578265002318
STRUCT_MLP,1.0,IID_ORIGINAL,0.005,0.5337429111531191,0.0346280744275077,0.9714575454524143,0.688341170211892,0.008329152032112394,0.0011873717577721254,0.8505033211704103,1.5241578265002318
STRUCT_MLP,1.0,IID_ORIGINAL,0.01,0.580718336483932,0.011560593460431498,0.9605132854504861,0.7237448724785496,0.012694430506773708,0.002281626924607454,0.8505033211704103,1.5241578265002318
STRUCT_MLP,1.0,IID_ORIGINAL,0.02,0.6352551984877126,0.015398983825133905,0.9418560265416203,0.7586137891382696,0.020873055694932263,0.003421111938597249,0.8505033211704103,1.5241578265002318
STRUCT_MLP,1.0,TEMPLATE_OOD,0.005,0.6949063231850117,0.022254148934823664,0.9897940164459627,0.81635328525988,0.007172131147540983,0.0006934362999391047,0.9443522423750472,1.5241578265002318
STRUCT_MLP,1.0,TEMPLATE_OOD,0.01,0.7231850117096019,0.019833099165262418,0.985553661818846,0.8340751751201976,0.010626463700234193,0.002009532431057156,0.9443522423750472,1.5241578265002318
STRUCT_MLP,1.0,TEMPLATE_OOD,0.02,0.7647248243559719,0.013636122009825903,0.9755598235188236,0.8572890934550081,0.01920374707259953,0.003309674773723665,0.9443522423750472,1.5241578265002318
STRUCT_MLP,1.0,TEMPORAL,0.005,0.70755,0.020601645026011337,0.9903170315594381,0.8252286710052499,0.006925000000000001,0.0006241661103691333,0.9455762249999999,1.5241578265002318
STRUCT_MLP,1.0,TEMPORAL,0.01,0.7342,0.018645747206504998,0.9865282039731035,0.8417311466098596,0.01005,0.0017432409153323842,0.9455762249999999,1.5241578265002318
STRUCT_MLP,1.0,TEMPORAL,0.02,0.773975,0.012883263259835312,0.9775030352276805,0.8638427388634524,0.017849999999999998,0.002853360591770109,0.9455762249999999,1.5241578265002318
T0_E2E,0.1,DOMAIN_OOD,0.005,0.20860549507516848,0.07081354743719179,0.9859951665414052,0.3390289582823754,0.003110419906687403,0.0024559651639108164,0.9193684777996264,29.796204946599754
T0_E2E,0.1,DOMAIN_OOD,0.01,0.31814411612234317,0.1058632237599461,0.9791018057146846,0.4715252139425988,0.006998444790046657,0.004112884131816798,0.9193684777996264,29.796204946599754
T0_E2E,0.1,DOMAIN_OOD,0.02,0.47781233799896317,0.0739976424890261,0.9636451527155383,0.6361492221051661,0.01762571280456195,0.005201284583823193,0.9193684777996264,29.796204946599754
T0_E2E,0.1,DOMAIN_TEMPLATE_OOD,0.005,0.20674217907227616,0.07241603353901677,0.9864782554028663,0.3362230974808323,0.0030204962243797194,0.0026325789597588098,0.9101717008270406,29.796204946599754
T0_E2E,0.1,DOMAIN_TEMPLATE_OOD,0.01,0.30717367853290184,0.10286246918808763,0.9790807166083964,0.4590925670065277,0.006850053937432578,0.004262612048031033,0.9101717008270406,29.796204946599754
T0_E2E,0.1,DOMAIN_TEMPLATE_OOD,0.02,0.45512405609492984,0.07251851648947498,0.9636425821453377,0.6154761509618509,0.016882416396979506,0.00533983609307645,0.9101717008270406,29.796204946599754
T0_E2E,0.1,IID_BALANCED,0.005,0.3673913043478261,0.11193811291865229,0.9714254180583006,0.5240138080861035,0.009924385633270322,0.002755648343499669,0.869596797824479,29.796204946599754
T0_E2E,0.1,IID_BALANCED,0.01,0.4615311909262759,0.0971059777719257,0.9622540861902487,0.6182458255703281,0.017958412098298675,0.004715384230338931,0.869596797824479,29.796204946599754
T0_E2E,0.1,IID_BALANCED,0.02,0.570226843100189,0.036766419408852606,0.949188514310374,0.7118436529957328,0.030529300567107752,0.004204603401500502,0.869596797824479,29.796204946599754
T0_E2E,0.1,IID_ORIGINAL,0.005,0.3673913043478261,0.11193811291865229,0.9610855478046059,0.522728657579953,0.007124937280481686,0.0021652520264502104,0.8700535759847557,29.796204946599754
T0_E2E,0.1,IID_ORIGINAL,0.01,0.4615311909262759,0.0971059777719257,0.9457324970436499,0.614876664121767,0.013848469643753136,0.0037488344475322035,0.8700535759847557,29.796204946599754
T0_E2E,0.1,IID_ORIGINAL,0.02,0.570226843100189,0.036766419408852606,0.9192979414754381,0.7032519236019933,0.026593075765178126,0.003828574391122125,0.8700535759847557,29.796204946599754
T0_E2E,0.1,TEMPLATE_OOD,0.005,0.33615339578454334,0.08197244625687153,0.9901333786004047,0.4967401168187952,0.003161592505854801,0.0014721328778802584,0.9343694339970602,29.796204946599754
T0_E2E,0.1,TEMPLATE_OOD,0.01,0.44074941451990635,0.10335480681452719,0.9834460248434272,0.6021956804732571,0.0072892271662763465,0.0026775003226222715,0.9343694339970602,29.796204946599754
T0_E2E,0.1,TEMPLATE_OOD,0.02,0.578307962529274,0.05695367767004135,0.9720015874793069,0.7237533656902302,0.016627634660421546,0.003582130342515493,0.9343694339970602,29.796204946599754
T0_E2E,0.1,TEMPORAL,0.005,0.340125,0.08088522818715967,0.9871636229504904,0.5011604134340761,0.003875,0.0018228869045189464,0.9362854468749999,29.796204946599754
T0_E2E,0.1,TEMPORAL,0.01,0.4486,0.10236998529299929,0.9802952910742947,0.6094079001575354,0.00865,0.002923088169119167,0.9362854468749999,29.796204946599754
T0_E2E,0.1,TEMPORAL,0.02,0.59245,0.054073869228429855,0.9676224257841752,0.733684786603779,0.0198,0.004948063594309732,0.9362854468749999,29.796204946599754
T0_E2E,0.25,DOMAIN_OOD,0.005,0.4051840331778124,0.11481309124095494,0.9925692992047773,0.5667065263336228,0.003265940902021773,0.002030688722367042,0.955350680091942,73.98058687190014
T0_E2E,0.25,DOMAIN_OOD,0.01,0.5532400207361328,0.07942868200344448,0.9861061522942951,0.7057085236334523,0.00782789009849663,0.0028546198767971944,0.955350680091942,73.98058687190014
T0_E2E,0.25,DOMAIN_OOD,0.02,0.7024883359253499,0.05729051212056956,0.9729853740785241,0.8146759258654053,0.019543805080352514,0.005143845147352839,0.955350680091942,73.98058687190014
T0_E2E,0.25,DOMAIN_TEMPLATE_OOD,0.005,0.39228694714131607,0.10687933599363052,0.9926489715424613,0.5546002923629665,0.003128371089536138,0.0020781277636533466,0.950613472837528,73.98058687190014
T0_E2E,0.25,DOMAIN_TEMPLATE_OOD,0.01,0.5308522114347356,0.07552944106740614,0.9862119500146912,0.6872906416833532,0.00744336569579288,0.0026643126289597565,0.950613472837528,73.98058687190014
T0_E2E,0.25,DOMAIN_TEMPLATE_OOD,0.02,0.67680690399137,0.05833881839071358,0.9730920318738588,0.797002633380628,0.018770226537216828,0.005064887986093924,0.950613472837528,73.98058687190014
T0_E2E,0.25,IID_BALANCED,0.005,0.4992438563327032,0.07779975710972525,0.9809619951082075,0.65842575897022,0.009357277882797731,0.002652871384375663,0.8985501141719763,73.98058687190014
T0_E2E,0.25,IID_BALANCED,0.01,0.595179584120983,0.051435005975837,0.9730057968874155,0.7374772978950483,0.016351606805293007,0.003481375827740711,0.8985501141719763,73.98058687190014
T0_E2E,0.25,IID_BALANCED,0.02,0.679773156899811,0.03233871168291583,0.9644644923319305,0.7970761726354333,0.02504725897920605,0.0035154243233178,0.8985501141719763,73.98058687190014
T0_E2E,0.25,IID_ORIGINAL,0.005,0.4992438563327032,0.07779975710972525,0.9729504182933383,0.6567228291030905,0.007074761665830406,0.0018840926598613732,0.8983900883716828,73.98058687190014
T0_E2E,0.25,IID_ORIGINAL,0.01,0.595179584120983,0.051435005975837,0.9593277540599919,0.7335275716073479,0.013296537882589063,0.0031133150140468784,0.8983900883716828,73.98058687190014
T0_E2E,0.25,IID_ORIGINAL,0.02,0.679773156899811,0.03233871168291583,0.9401204390786617,0.7886493348101251,0.022980431510286,0.003662781683945077,0.8983900883716828,73.98058687190014
T0_E2E,0.25,TEMPLATE_OOD,0.005,0.5163348946135832,0.09985986191532727,0.9928759050365497,0.6740463264474992,0.0036592505854800934,0.0014291391994415313,0.9614500136086415,73.98058687190014
T0_E2E,0.25,TEMPLATE_OOD,0.01,0.6345433255269322,0.06402575736925953,0.98673848198092,0.7707644608039718,0.008372365339578454,0.00394493689178525,0.9614500136086415,73.98058687190014
T0_E2E,0.25,TEMPLATE_OOD,0.02,0.7498829039812647,0.04397930329384298,0.9763759773986225,0.8476878552095236,0.018032786885245903,0.005215193124362308,0.9614500136086415,73.98058687190014
T0_E2E,0.25,TEMPORAL,0.005,0.5255,0.10011632123573945,0.9910163860194506,0.6816571711848411,0.0045249999999999995,0.0018946195748311412,0.9619758812500001,73.98058687190014
T0_E2E,0.25,TEMPORAL,0.01,0.6452,0.06340322897490668,0.9843331853953554,0.777977048179826,0.010025000000000001,0.0049895028699148865,0.9619758812500001,73.98058687190014
T0_E2E,0.25,TEMPORAL,0.02,0.760075,0.042887943462521526,0.9740130938571511,0.8533480235163877,0.0201,0.006015258376273901,0.9619758812500001,73.98058687190014
T0_E2E,1.0,DOMAIN_OOD,0.005,0.5669258683255574,0.08456710284583233,0.9935230153403243,0.7184734472676028,0.0037843442198030068,0.0015074358726500355,0.9666145038444887,294.29007231879984
T0_E2E,1.0,DOMAIN_OOD,0.01,0.7413167444271643,0.04510936380283864,0.9886802473010498,0.846572960909098,0.008553654743390359,0.0028315136699799447,0.9666145038444887,294.29007231879984
T0_E2E,1.0,DOMAIN_OOD,0.02,0.8576982892690512,0.017431940549353934,0.9777824872709882,0.9137284343922729,0.01949196474857439,0.0029749907332514047,0.9666145038444887,294.29007231879984
T0_E2E,1.0,DOMAIN_TEMPLATE_OOD,0.005,0.549244875943905,0.08355024568366758,0.9940129092554381,0.7040580897082459,0.0033980582524271844,0.0015266400370624795,0.9627704290207826,294.29007231879984
T0_E2E,1.0,DOMAIN_TEMPLATE_OOD,0.01,0.7218446601941747,0.047448627240278755,0.989153149412242,0.8337778751344901,0.007982740021574973,0.002806129164347598,0.9627704290207826,294.29007231879984
T0_E2E,1.0,DOMAIN_TEMPLATE_OOD,0.02,0.8420711974110032,0.01951346020901836,0.9790538621547556,0.9053036648967108,0.018015102481121897,0.0024546635261957594,0.9627704290207826,294.29007231879984
T0_E2E,1.0,IID_BALANCED,0.005,0.6397920604914933,0.03396061798352722,0.9914793155587474,0.7772099095161641,0.0055765595463138,0.002576950856544238,0.9003704782358554,294.29007231879984
T0_E2E,1.0,IID_BALANCED,0.01,0.7252362948960303,0.021823666942870072,0.9861360580212724,0.8356249818085708,0.010207939508506616,0.001655189103536698,0.9003704782358554,294.29007231879984
T0_E2E,1.0,IID_BALANCED,0.02,0.7749527410207939,0.006323997815989392,0.9771198112118924,0.8643603226563915,0.018147448015122875,0.0019826254218717424,0.9003704782358554,294.29007231879984
T0_E2E,1.0,IID_ORIGINAL,0.005,0.6397920604914933,0.03396061798352722,0.987822099695134,0.7760463903647248,0.004264927245358756,0.002078910000778734,0.8992585817848291,294.29007231879984
T0_E2E,1.0,IID_ORIGINAL,0.01,0.7252362948960303,0.021823666942870072,0.9781111069279624,0.832721790545951,0.00863020572002007,0.0012471217181674024,0.8992585817848291,294.29007231879984
T0_E2E,1.0,IID_ORIGINAL,0.02,0.7749527410207939,0.006323997815989392,0.9608859186359553,0.8579432759531411,0.016758655293527346,0.0026039806597797045,0.8992585817848291,294.29007231879984
T0_E2E,1.0,TEMPLATE_OOD,0.005,0.639519906323185,0.0666569650903577,0.9952671447917683,0.776812308835283,0.0031030444964871193,0.0012737836746354973,0.9697235706127385,294.29007231879984
T0_E2E,1.0,TEMPLATE_OOD,0.01,0.777224824355972,0.03639695340852853,0.9911678052935009,0.8708038238214458,0.006967213114754098,0.0019506242680278317,0.9697235706127385,294.29007231879984
T0_E2E,1.0,TEMPLATE_OOD,0.02,0.8709894613583138,0.015298635801700624,0.9830347665176573,0.9235556933528143,0.015046838407494146,0.0023305082339622456,0.9697235706127385,294.29007231879984
T0_E2E,1.0,TEMPORAL,0.005,0.6487999999999999,0.06732011008771617,0.994703961652521,0.7834828290170958,0.0035000000000000005,0.0011547005383792516,0.9707676125000001,294.29007231879984
T0_E2E,1.0,TEMPORAL,0.01,0.7857749999999999,0.035588202243003055,0.9904396179303847,0.8758902805099373,0.007625,0.0018304902197073996,0.9707676125000001,294.29007231879984
T0_E2E,1.0,TEMPORAL,0.02,0.8756,0.014023888349685508,0.9822920732123082,0.9258225015380261,0.0158,0.0023681919967209874,0.9707676125000001,294.29007231879984
