model,seed,seed_group,label_budget,scenario,n_test,prevalence_phish,average_precision,roc_auc
STRUCT_LOGREG,42,ORIGINAL5,0.1,IID_BALANCED,2116,0.5,0.866293033394528,0.8284954670687996
STRUCT_LOGREG,42,ORIGINAL5,0.1,TEMPORAL,2116,0.5,0.9273172070610457,0.9031441068320939
STRUCT_LOGREG,42,ORIGINAL5,0.1,DOMAIN_OOD,2116,0.5,0.9194910921375443,0.8981761071465583
STRUCT_LOGREG,42,ORIGINAL5,0.1,TEMPLATE_OOD,2116,0.5,0.9279509884692403,0.9032968721524008
STRUCT_LOGREG,42,ORIGINAL5,0.1,DOMAIN_TEMPLATE_OOD,2116,0.5,0.9044969960157789,0.8787516839919813
STRUCT_LOGREG,42,ORIGINAL5,0.25,IID_BALANCED,2116,0.5,0.8642241337486665,0.828926068731887
STRUCT_LOGREG,42,ORIGINAL5,0.25,TEMPORAL,2116,0.5,0.9311463052338249,0.9126950661268363
STRUCT_LOGREG,42,ORIGINAL5,0.25,DOMAIN_OOD,2116,0.5,0.9241148291753483,0.911124531430348
STRUCT_LOGREG,42,ORIGINAL5,0.25,TEMPLATE_OOD,2116,0.5,0.927284601913866,0.9083140068824798
STRUCT_LOGREG,42,ORIGINAL5,0.25,DOMAIN_TEMPLATE_OOD,2116,0.5,0.9151582611658649,0.8998386583810092
STRUCT_LOGREG,42,ORIGINAL5,1.0,IID_BALANCED,2116,0.5,0.8766165339569267,0.8367108465164146
STRUCT_LOGREG,42,ORIGINAL5,1.0,TEMPORAL,2116,0.5,0.9404128749183183,0.9210113957568762
STRUCT_LOGREG,42,ORIGINAL5,1.0,DOMAIN_OOD,2116,0.5,0.9353153588775116,0.9223818168174069
STRUCT_LOGREG,42,ORIGINAL5,1.0,TEMPLATE_OOD,2116,0.5,0.9386783215878096,0.9192595080778012
STRUCT_LOGREG,42,ORIGINAL5,1.0,DOMAIN_TEMPLATE_OOD,2116,0.5,0.9255713596003738,0.909469127111467
STRUCT_LOGREG,52,ORIGINAL5,0.1,IID_BALANCED,2116,0.5,0.8421292033432942,0.8038618358282026
STRUCT_LOGREG,52,ORIGINAL5,0.1,TEMPORAL,2116,0.5,0.9231356737444746,0.9079834620373712
STRUCT_LOGREG,52,ORIGINAL5,0.1,DOMAIN_OOD,2116,0.5,0.9276631161223962,0.9169689216376442
STRUCT_LOGREG,52,ORIGINAL5,0.1,TEMPLATE_OOD,2116,0.5,0.9184171232609247,0.9025410858308827
STRUCT_LOGREG,52,ORIGINAL5,0.1,DOMAIN_TEMPLATE_OOD,2116,0.5,0.9140003130539027,0.898380687604747
STRUCT_LOGREG,52,ORIGINAL5,0.25,IID_BALANCED,2116,0.5,0.8618658640214121,0.8246745473322351
STRUCT_LOGREG,52,ORIGINAL5,0.25,TEMPORAL,2116,0.5,0.9291231894167531,0.9091725301153155
STRUCT_LOGREG,52,ORIGINAL5,0.25,DOMAIN_OOD,2116,0.5,0.9280436273254441,0.9141441032586362
STRUCT_LOGREG,52,ORIGINAL5,0.25,TEMPLATE_OOD,2116,0.5,0.9291311474560018,0.9100480272726299
STRUCT_LOGREG,52,ORIGINAL5,0.25,DOMAIN_TEMPLATE_OOD,2116,0.5,0.9156505767060389,0.897663315954417
STRUCT_LOGREG,52,ORIGINAL5,1.0,IID_BALANCED,2116,0.5,0.8766165339569267,0.8367108465164146
STRUCT_LOGREG,52,ORIGINAL5,1.0,TEMPORAL,2116,0.5,0.9404128749183183,0.9210113957568762
STRUCT_LOGREG,52,ORIGINAL5,1.0,DOMAIN_OOD,2116,0.5,0.9353153588775116,0.9223818168174069
STRUCT_LOGREG,52,ORIGINAL5,1.0,TEMPLATE_OOD,2116,0.5,0.9386783215878096,0.9192595080778012
STRUCT_LOGREG,52,ORIGINAL5,1.0,DOMAIN_TEMPLATE_OOD,2116,0.5,0.9255713596003738,0.909469127111467
STRUCT_LOGREG,62,ORIGINAL5,0.1,IID_BALANCED,2116,0.5,0.8672250044054233,0.823370235240726
STRUCT_LOGREG,62,ORIGINAL5,0.1,TEMPORAL,2116,0.5,0.936062694045653,0.9133749164704242
STRUCT_LOGREG,62,ORIGINAL5,0.1,DOMAIN_OOD,2116,0.5,0.9254047971107608,0.9075296328986817
STRUCT_LOGREG,62,ORIGINAL5,0.1,TEMPLATE_OOD,2116,0.5,0.9376584904331562,0.9141458899875287
STRUCT_LOGREG,62,ORIGINAL5,0.1,DOMAIN_TEMPLATE_OOD,2116,0.5,0.9162431706455622,0.896067767053434
STRUCT_LOGREG,62,ORIGINAL5,0.25,IID_BALANCED,2116,0.5,0.8636894957108723,0.8207365968532132
STRUCT_LOGREG,62,ORIGINAL5,0.25,TEMPORAL,2116,0.5,0.9376334670525661,0.917733641603625
STRUCT_LOGREG,62,ORIGINAL5,0.25,DOMAIN_OOD,2116,0.5,0.927405221257298,0.9115703202890213
STRUCT_LOGREG,62,ORIGINAL5,0.25,TEMPLATE_OOD,2116,0.5,0.9341289733812304,0.9117480998138228
STRUCT_LOGREG,62,ORIGINAL5,0.25,DOMAIN_TEMPLATE_OOD,2116,0.5,0.9189071132658299,0.90090265543648
STRUCT_LOGREG,62,ORIGINAL5,1.0,IID_BALANCED,2116,0.5,0.8766165339569267,0.8367108465164146
STRUCT_LOGREG,62,ORIGINAL5,1.0,TEMPORAL,2116,0.5,0.9404128749183183,0.9210113957568762
STRUCT_LOGREG,62,ORIGINAL5,1.0,DOMAIN_OOD,2116,0.5,0.9353153588775116,0.9223818168174069
STRUCT_LOGREG,62,ORIGINAL5,1.0,TEMPLATE_OOD,2116,0.5,0.9386783215878096,0.9192595080778012
STRUCT_LOGREG,62,ORIGINAL5,1.0,DOMAIN_TEMPLATE_OOD,2116,0.5,0.9255713596003738,0.909469127111467
STRUCT_LOGREG,72,ORIGINAL5,0.1,IID_BALANCED,2116,0.5,0.8783774450455701,0.8394400748996752
STRUCT_LOGREG,72,ORIGINAL5,0.1,TEMPORAL,2116,0.5,0.9396185087847438,0.9215161466690012
STRUCT_LOGREG,72,ORIGINAL5,0.1,DOMAIN_OOD,2116,0.5,0.9344622889193701,0.9199893868303786
STRUCT_LOGREG,72,ORIGINAL5,0.1,TEMPLATE_OOD,2116,0.5,0.9412984317638136,0.9224917006442944
STRUCT_LOGREG,72,ORIGINAL5,0.1,DOMAIN_TEMPLATE_OOD,2116,0.5,0.9216316807584533,0.9046083311594798
STRUCT_LOGREG,72,ORIGINAL5,0.25,IID_BALANCED,2116,0.5,0.8636912679968716,0.8281122137213632
STRUCT_LOGREG,72,ORIGINAL5,0.25,TEMPORAL,2116,0.5,0.9347485436125536,0.9158647231820927
STRUCT_LOGREG,72,ORIGINAL5,0.25,DOMAIN_OOD,2116,0.5,0.9254909997072408,0.9128076300470623
STRUCT_LOGREG,72,ORIGINAL5,0.25,TEMPLATE_OOD,2116,0.5,0.9335701642920329,0.9153769461944461
STRUCT_LOGREG,72,ORIGINAL5,0.25,DOMAIN_TEMPLATE_OOD,2116,0.5,0.9141730502337009,0.8994920329758684
STRUCT_LOGREG,72,ORIGINAL5,1.0,IID_BALANCED,2116,0.5,0.8762471460312348,0.8383608906486184
STRUCT_LOGREG,72,ORIGINAL5,1.0,TEMPORAL,2116,0.5,0.9417404992963047,0.9241238774875734
STRUCT_LOGREG,72,ORIGINAL5,1.0,DOMAIN_OOD,2116,0.5,0.9361867172914206,0.9237960127358036
STRUCT_LOGREG,72,ORIGINAL5,1.0,TEMPLATE_OOD,2116,0.5,0.940559837459152,0.9226185583956604
STRUCT_LOGREG,72,ORIGINAL5,1.0,DOMAIN_TEMPLATE_OOD,2116,0.5,0.9266562668791547,0.9116944979470484
STRUCT_LOGREG,82,ORIGINAL5,0.1,IID_BALANCED,2116,0.5,0.8618079793279835,0.8204265993903682
STRUCT_LOGREG,82,ORIGINAL5,0.1,TEMPORAL,2116,0.5,0.9306382519057478,0.9080701183886565
STRUCT_LOGREG,82,ORIGINAL5,0.1,DOMAIN_OOD,2116,0.5,0.921993223084847,0.9028734174048834
STRUCT_LOGREG,82,ORIGINAL5,0.1,TEMPLATE_OOD,2116,0.5,0.9307346391833671,0.9063709392119096
STRUCT_LOGREG,82,ORIGINAL5,0.1,DOMAIN_TEMPLATE_OOD,2116,0.5,0.9093589577370315,0.8833882454679622
STRUCT_LOGREG,82,ORIGINAL5,0.25,IID_BALANCED,2116,0.5,0.8669005189086995,0.8303617053969932
STRUCT_LOGREG,82,ORIGINAL5,0.25,TEMPORAL,2116,0.5,0.9354819808649355,0.9186886481966545
STRUCT_LOGREG,82,ORIGINAL5,0.25,DOMAIN_OOD,2116,0.5,0.9315409488098698,0.9172985731183065
STRUCT_LOGREG,82,ORIGINAL5,0.25,TEMPLATE_OOD,2116,0.5,0.9342089511843467,0.9147408707087241
STRUCT_LOGREG,82,ORIGINAL5,0.25,DOMAIN_TEMPLATE_OOD,2116,0.5,0.9224042595608454,0.9032200428100243
STRUCT_LOGREG,82,ORIGINAL5,1.0,IID_BALANCED,2116,0.5,0.8766165339569267,0.8367108465164146
STRUCT_LOGREG,82,ORIGINAL5,1.0,TEMPORAL,2116,0.5,0.9404128749183183,0.9210113957568762
STRUCT_LOGREG,82,ORIGINAL5,1.0,DOMAIN_OOD,2116,0.5,0.9353153588775116,0.9223818168174069
STRUCT_LOGREG,82,ORIGINAL5,1.0,TEMPLATE_OOD,2116,0.5,0.9386783215878096,0.9192595080778012
STRUCT_LOGREG,82,ORIGINAL5,1.0,DOMAIN_TEMPLATE_OOD,2116,0.5,0.9255713596003738,0.909469127111467
STRUCT_LOGREG,242,REPLICATION5,0.1,IID_BALANCED,2116,0.5,0.8678951916412172,0.814709960298884
STRUCT_LOGREG,242,REPLICATION5,0.1,TEMPORAL,2116,0.5,0.9363157184942417,0.9115622800090051
STRUCT_LOGREG,242,REPLICATION5,0.1,DOMAIN_OOD,2116,0.5,0.9340327147383056,0.9148284204244552
STRUCT_LOGREG,242,REPLICATION5,0.1,TEMPLATE_OOD,2116,0.5,0.9366639412701907,0.90991491597014
STRUCT_LOGREG,242,REPLICATION5,0.1,DOMAIN_TEMPLATE_OOD,2116,0.5,0.9196574591773992,0.8956023241769433
STRUCT_LOGREG,242,REPLICATION5,0.25,IID_BALANCED,2116,0.5,0.8713705075220699,0.824536075843068
STRUCT_LOGREG,242,REPLICATION5,0.25,TEMPORAL,2116,0.5,0.9400425605769791,0.9207380262363271
STRUCT_LOGREG,242,REPLICATION5,0.25,DOMAIN_OOD,2116,0.5,0.9375736584739202,0.9240711689852452
STRUCT_LOGREG,242,REPLICATION5,0.25,TEMPLATE_OOD,2116,0.5,0.9371792531154054,0.9169179998642085
STRUCT_LOGREG,242,REPLICATION5,0.25,DOMAIN_TEMPLATE_OOD,2116,0.5,0.9250684474554138,0.9078851919482849
STRUCT_LOGREG,242,REPLICATION5,1.0,IID_BALANCED,2116,0.5,0.8766165339569267,0.8367108465164146
STRUCT_LOGREG,242,REPLICATION5,1.0,TEMPORAL,2116,0.5,0.9404128749183183,0.9210113957568762
STRUCT_LOGREG,242,REPLICATION5,1.0,DOMAIN_OOD,2116,0.5,0.9353153588775116,0.9223818168174069
STRUCT_LOGREG,242,REPLICATION5,1.0,TEMPLATE_OOD,2116,0.5,0.9386783215878096,0.9192595080778012
STRUCT_LOGREG,242,REPLICATION5,1.0,DOMAIN_TEMPLATE_OOD,2116,0.5,0.9255713596003738,0.909469127111467
STRUCT_LOGREG,252,REPLICATION5,0.1,IID_BALANCED,2116,0.5,0.8732210281273959,0.8465843103762494
STRUCT_LOGREG,252,REPLICATION5,0.1,TEMPORAL,2116,0.5,0.9378715223994025,0.9236771952644537
STRUCT_LOGREG,252,REPLICATION5,0.1,DOMAIN_OOD,2116,0.5,0.9244567260487433,0.9138769872892106
STRUCT_LOGREG,252,REPLICATION5,0.1,TEMPLATE_OOD,2116,0.5,0.9330145230054244,0.9186815012810846
STRUCT_LOGREG,252,REPLICATION5,0.1,DOMAIN_TEMPLATE_OOD,2116,0.5,0.9125319673453377,0.9051854445917503
STRUCT_LOGREG,252,REPLICATION5,0.25,IID_BALANCED,2116,0.5,0.8555262434596627,0.828197083343756
STRUCT_LOGREG,252,REPLICATION5,0.25,TEMPORAL,2116,0.5,0.9365929314962618,0.9203735335422616
STRUCT_LOGREG,252,REPLICATION5,0.25,DOMAIN_OOD,2116,0.5,0.9325971514503507,0.9205450595159392
STRUCT_LOGREG,252,REPLICATION5,0.25,TEMPLATE_OOD,2116,0.5,0.933042190911413,0.9169885756554615
STRUCT_LOGREG,252,REPLICATION5,0.25,DOMAIN_TEMPLATE_OOD,2116,0.5,0.9239370315316748,0.9121876351213724
STRUCT_LOGREG,252,REPLICATION5,1.0,IID_BALANCED,2116,0.5,0.8766165339569267,0.8367108465164146
STRUCT_LOGREG,252,REPLICATION5,1.0,TEMPORAL,2116,0.5,0.9404128749183183,0.9210113957568762
STRUCT_LOGREG,252,REPLICATION5,1.0,DOMAIN_OOD,2116,0.5,0.9353153588775116,0.9223818168174069
STRUCT_LOGREG,252,REPLICATION5,1.0,TEMPLATE_OOD,2116,0.5,0.9386783215878096,0.9192595080778012
STRUCT_LOGREG,252,REPLICATION5,1.0,DOMAIN_TEMPLATE_OOD,2116,0.5,0.9255713596003738,0.909469127111467
STRUCT_LOGREG,262,REPLICATION5,0.1,IID_BALANCED,2116,0.5,0.8688001002495065,0.8362570173777251
STRUCT_LOGREG,262,REPLICATION5,0.1,TEMPORAL,2116,0.5,0.9446962012394817,0.9283861192605801
STRUCT_LOGREG,262,REPLICATION5,0.1,DOMAIN_OOD,2116,0.5,0.9405695992507074,0.9280850554421975
STRUCT_LOGREG,262,REPLICATION5,0.1,TEMPLATE_OOD,2116,0.5,0.9448293377951494,0.9262402578607137
STRUCT_LOGREG,262,REPLICATION5,0.1,DOMAIN_TEMPLATE_OOD,2116,0.5,0.9287523816813749,0.9118687040140652
STRUCT_LOGREG,262,REPLICATION5,0.25,IID_BALANCED,2116,0.5,0.8802262140277206,0.8430421203469113
STRUCT_LOGREG,262,REPLICATION5,0.25,TEMPORAL,2116,0.5,0.9448271553568675,0.9278822617129012
STRUCT_LOGREG,262,REPLICATION5,0.25,DOMAIN_OOD,2116,0.5,0.9390798155318065,0.9259793954424119
STRUCT_LOGREG,262,REPLICATION5,0.25,TEMPLATE_OOD,2116,0.5,0.9443601752103197,0.925982968900197
STRUCT_LOGREG,262,REPLICATION5,0.25,DOMAIN_TEMPLATE_OOD,2116,0.5,0.929642970179664,0.9145425438016588
STRUCT_LOGREG,262,REPLICATION5,1.0,IID_BALANCED,2116,0.5,0.8766165339569267,0.8367108465164146
STRUCT_LOGREG,262,REPLICATION5,1.0,TEMPORAL,2116,0.5,0.9404128749183183,0.9210113957568762
STRUCT_LOGREG,262,REPLICATION5,1.0,DOMAIN_OOD,2116,0.5,0.9353153588775116,0.9223818168174069
STRUCT_LOGREG,262,REPLICATION5,1.0,TEMPLATE_OOD,2116,0.5,0.9386783215878096,0.9192595080778012
STRUCT_LOGREG,262,REPLICATION5,1.0,DOMAIN_TEMPLATE_OOD,2116,0.5,0.9255713596003738,0.909469127111467
STRUCT_LOGREG,272,REPLICATION5,0.1,IID_BALANCED,2116,0.5,0.8745733211056302,0.8346051865166292
STRUCT_LOGREG,272,REPLICATION5,0.1,TEMPORAL,2116,0.5,0.934702554395618,0.913003276860789
STRUCT_LOGREG,272,REPLICATION5,0.1,DOMAIN_OOD,2116,0.5,0.9318363406440187,0.9154368016123441
STRUCT_LOGREG,272,REPLICATION5,0.1,TEMPLATE_OOD,2116,0.5,0.932377788648205,0.9104464678156524
STRUCT_LOGREG,272,REPLICATION5,0.1,DOMAIN_TEMPLATE_OOD,2116,0.5,0.9221087999815496,0.9030083154362656
STRUCT_LOGREG,272,REPLICATION5,0.25,IID_BALANCED,2116,0.5,0.8755233422169642,0.8291833576924039
STRUCT_LOGREG,272,REPLICATION5,0.25,TEMPORAL,2116,0.5,0.9394766810210634,0.9186555937121437
STRUCT_LOGREG,272,REPLICATION5,0.25,DOMAIN_OOD,2116,0.5,0.9315704414427385,0.9163676873653254
STRUCT_LOGREG,272,REPLICATION5,0.25,TEMPLATE_OOD,2116,0.5,0.9391023461008579,0.91783459178605
STRUCT_LOGREG,272,REPLICATION5,0.25,DOMAIN_TEMPLATE_OOD,2116,0.5,0.9227085776734352,0.904989797778024
STRUCT_LOGREG,272,REPLICATION5,1.0,IID_BALANCED,2116,0.5,0.8766165339569267,0.8367108465164146
STRUCT_LOGREG,272,REPLICATION5,1.0,TEMPORAL,2116,0.5,0.9404128749183183,0.9210113957568762
STRUCT_LOGREG,272,REPLICATION5,1.0,DOMAIN_OOD,2116,0.5,0.9353153588775116,0.9223818168174069
STRUCT_LOGREG,272,REPLICATION5,1.0,TEMPLATE_OOD,2116,0.5,0.9386783215878096,0.9192595080778012
STRUCT_LOGREG,272,REPLICATION5,1.0,DOMAIN_TEMPLATE_OOD,2116,0.5,0.9255713596003738,0.909469127111467
STRUCT_LOGREG,282,REPLICATION5,0.1,IID_BALANCED,2116,0.5,0.8703729414899157,0.8321904224184448
STRUCT_LOGREG,282,REPLICATION5,0.1,TEMPORAL,2116,0.5,0.9318153462732137,0.9112781901151011
STRUCT_LOGREG,282,REPLICATION5,0.1,DOMAIN_OOD,2116,0.5,0.9278642453924569,0.9128942863983478
STRUCT_LOGREG,282,REPLICATION5,0.1,TEMPLATE_OOD,2116,0.5,0.9334565397203906,0.9141012217652167
STRUCT_LOGREG,282,REPLICATION5,0.1,DOMAIN_TEMPLATE_OOD,2116,0.5,0.91679157569417,0.8989980024370982
STRUCT_LOGREG,282,REPLICATION5,0.25,IID_BALANCED,2116,0.5,0.8777897555647864,0.8389558713698136
STRUCT_LOGREG,282,REPLICATION5,0.25,TEMPORAL,2116,0.5,0.9432491085724353,0.9267995040040594
STRUCT_LOGREG,282,REPLICATION5,0.25,DOMAIN_OOD,2116,0.5,0.9422075097081597,0.9315620298669601
STRUCT_LOGREG,282,REPLICATION5,0.25,TEMPLATE_OOD,2116,0.5,0.9428486165519901,0.9256872652684918
STRUCT_LOGREG,282,REPLICATION5,0.25,DOMAIN_TEMPLATE_OOD,2116,0.5,0.932664117901044,0.9194337141448179
STRUCT_LOGREG,282,REPLICATION5,1.0,IID_BALANCED,2116,0.5,0.8766165339569267,0.8367108465164146
STRUCT_LOGREG,282,REPLICATION5,1.0,TEMPORAL,2116,0.5,0.9404128749183183,0.9210113957568762
STRUCT_LOGREG,282,REPLICATION5,1.0,DOMAIN_OOD,2116,0.5,0.9353153588775116,0.9223818168174069
STRUCT_LOGREG,282,REPLICATION5,1.0,TEMPLATE_OOD,2116,0.5,0.9386783215878096,0.9192595080778012
STRUCT_LOGREG,282,REPLICATION5,1.0,DOMAIN_TEMPLATE_OOD,2116,0.5,0.9255713596003738,0.909469127111467
B0_STRUCT_XGB,42,ORIGINAL5,0.1,IID_BALANCED,2116,0.5,0.9047245038175529,0.8886412284118481
B0_STRUCT_XGB,42,ORIGINAL5,0.1,TEMPORAL,2116,0.5,0.9315903904235252,0.9270353522178666
B0_STRUCT_XGB,42,ORIGINAL5,0.1,DOMAIN_OOD,2116,0.5,0.8983172365147614,0.9009473236587918
B0_STRUCT_XGB,42,ORIGINAL5,0.1,TEMPLATE_OOD,2116,0.5,0.925057666905213,0.9217251939494212
B0_STRUCT_XGB,42,ORIGINAL5,0.1,DOMAIN_TEMPLATE_OOD,2116,0.5,0.888960220328675,0.8917380762647359
B0_STRUCT_XGB,42,ORIGINAL5,0.25,IID_BALANCED,2116,0.5,0.9114686857079297,0.8891102447461237
B0_STRUCT_XGB,42,ORIGINAL5,0.25,TEMPORAL,2116,0.5,0.9562010818380254,0.9466661425595249
B0_STRUCT_XGB,42,ORIGINAL5,0.25,DOMAIN_OOD,2116,0.5,0.9419003891190161,0.9360958544316237
B0_STRUCT_XGB,42,ORIGINAL5,0.25,TEMPLATE_OOD,2116,0.5,0.9484362594463119,0.9397774093145752
B0_STRUCT_XGB,42,ORIGINAL5,0.25,DOMAIN_TEMPLATE_OOD,2116,0.5,0.9329070891966759,0.9270621531512537
B0_STRUCT_XGB,42,ORIGINAL5,1.0,IID_BALANCED,2116,0.5,0.9221643701710438,0.8952851797985284
B0_STRUCT_XGB,42,ORIGINAL5,1.0,TEMPORAL,2116,0.5,0.9676998627332418,0.9547305434157253
B0_STRUCT_XGB,42,ORIGINAL5,1.0,DOMAIN_OOD,2116,0.5,0.967912913526105,0.959544884416508
B0_STRUCT_XGB,42,ORIGINAL5,1.0,TEMPLATE_OOD,2116,0.5,0.966542573246715,0.9549404840605915
B0_STRUCT_XGB,42,ORIGINAL5,1.0,DOMAIN_TEMPLATE_OOD,2116,0.5,0.9605762025335387,0.9507095100432031
B0_STRUCT_XGB,52,ORIGINAL5,0.1,IID_BALANCED,2116,0.5,0.9021526119427254,0.8915308157132086
B0_STRUCT_XGB,52,ORIGINAL5,0.1,TEMPORAL,2116,0.5,0.9380142212480678,0.931184136706201
B0_STRUCT_XGB,52,ORIGINAL5,0.1,DOMAIN_OOD,2116,0.5,0.9216328585520475,0.9205718604493266
B0_STRUCT_XGB,52,ORIGINAL5,0.1,TEMPLATE_OOD,2116,0.5,0.93810365944034,0.9322436669394405
B0_STRUCT_XGB,52,ORIGINAL5,0.1,DOMAIN_TEMPLATE_OOD,2116,0.5,0.9202101405411652,0.9186377264232188
B0_STRUCT_XGB,52,ORIGINAL5,0.25,IID_BALANCED,2116,0.5,0.9156561067455489,0.9007900915162539
B0_STRUCT_XGB,52,ORIGINAL5,0.25,TEMPORAL,2116,0.5,0.9476971530422441,0.9400355916395382
B0_STRUCT_XGB,52,ORIGINAL5,0.25,DOMAIN_OOD,2116,0.5,0.9319426513490575,0.9274025250052709
B0_STRUCT_XGB,52,ORIGINAL5,0.25,TEMPLATE_OOD,2116,0.5,0.9474310050526363,0.9400597124795866
B0_STRUCT_XGB,52,ORIGINAL5,0.25,DOMAIN_TEMPLATE_OOD,2116,0.5,0.9274640129077187,0.9223067742039229
B0_STRUCT_XGB,52,ORIGINAL5,1.0,IID_BALANCED,2116,0.5,0.9236911460828959,0.8973979867138839
B0_STRUCT_XGB,52,ORIGINAL5,1.0,TEMPORAL,2116,0.5,0.967566540256769,0.9543991052061706
B0_STRUCT_XGB,52,ORIGINAL5,1.0,DOMAIN_OOD,2116,0.5,0.9679446734106383,0.959399266011771
B0_STRUCT_XGB,52,ORIGINAL5,1.0,TEMPLATE_OOD,2116,0.5,0.9669061928046608,0.955528317866217
B0_STRUCT_XGB,52,ORIGINAL5,1.0,DOMAIN_TEMPLATE_OOD,2116,0.5,0.960937982954256,0.9510463084394353
B0_STRUCT_XGB,62,ORIGINAL5,0.1,IID_BALANCED,2116,0.5,0.8950066410967248,0.8728648589734884
B0_STRUCT_XGB,62,ORIGINAL5,0.1,TEMPORAL,2116,0.5,0.9361096408476417,0.9260061963757991
B0_STRUCT_XGB,62,ORIGINAL5,0.1,DOMAIN_OOD,2116,0.5,0.911198527784096,0.9034648246682939
B0_STRUCT_XGB,62,ORIGINAL5,0.1,TEMPLATE_OOD,2116,0.5,0.9352059964977721,0.9252798910810068
B0_STRUCT_XGB,62,ORIGINAL5,0.1,DOMAIN_TEMPLATE_OOD,2116,0.5,0.9049101921158537,0.8972148470024051
B0_STRUCT_XGB,62,ORIGINAL5,0.25,IID_BALANCED,2116,0.5,0.9031747367208288,0.8802748703728188
B0_STRUCT_XGB,62,ORIGINAL5,0.25,TEMPORAL,2116,0.5,0.9441741217618169,0.9332406616614435
B0_STRUCT_XGB,62,ORIGINAL5,0.25,DOMAIN_OOD,2116,0.5,0.9228522157365789,0.9145219964193954
B0_STRUCT_XGB,62,ORIGINAL5,0.25,TEMPLATE_OOD,2116,0.5,0.9419935527576022,0.9312046840884646
B0_STRUCT_XGB,62,ORIGINAL5,0.25,DOMAIN_TEMPLATE_OOD,2116,0.5,0.9170785053986706,0.9083300874425121
B0_STRUCT_XGB,62,ORIGINAL5,1.0,IID_BALANCED,2116,0.5,0.922896543712239,0.8958417458485354
B0_STRUCT_XGB,62,ORIGINAL5,1.0,TEMPORAL,2116,0.5,0.9664670698291729,0.9531921698393016
B0_STRUCT_XGB,62,ORIGINAL5,1.0,DOMAIN_OOD,2116,0.5,0.96553084384189,0.9566360897795535
B0_STRUCT_XGB,62,ORIGINAL5,1.0,TEMPLATE_OOD,2116,0.5,0.9649827100694519,0.9530108168567148
B0_STRUCT_XGB,62,ORIGINAL5,1.0,DOMAIN_TEMPLATE_OOD,2116,0.5,0.9581601706275191,0.9477926751262324
B0_STRUCT_XGB,72,ORIGINAL5,0.1,IID_BALANCED,2116,0.5,0.897210977082783,0.8820213978652163
B0_STRUCT_XGB,72,ORIGINAL5,0.1,TEMPORAL,2116,0.5,0.9427521031399405,0.9345869618819258
B0_STRUCT_XGB,72,ORIGINAL5,0.1,DOMAIN_OOD,2116,0.5,0.9273707801867555,0.923285901637001
B0_STRUCT_XGB,72,ORIGINAL5,0.1,TEMPLATE_OOD,2116,0.5,0.9425948210901398,0.9345530140329688
B0_STRUCT_XGB,72,ORIGINAL5,0.1,DOMAIN_TEMPLATE_OOD,2116,0.5,0.924865515469567,0.9200742564527714
B0_STRUCT_XGB,72,ORIGINAL5,0.25,IID_BALANCED,2116,0.5,0.9093319773659166,0.8880364206817444
B0_STRUCT_XGB,72,ORIGINAL5,0.25,TEMPORAL,2116,0.5,0.9495267811530728,0.9398582587969597
B0_STRUCT_XGB,72,ORIGINAL5,0.25,DOMAIN_OOD,2116,0.5,0.9342126469177453,0.9264073170121605
B0_STRUCT_XGB,72,ORIGINAL5,0.25,TEMPLATE_OOD,2116,0.5,0.947081921574076,0.936586311512609
B0_STRUCT_XGB,72,ORIGINAL5,0.25,DOMAIN_TEMPLATE_OOD,2116,0.5,0.9271800412916876,0.9193399108779629
B0_STRUCT_XGB,72,ORIGINAL5,1.0,IID_BALANCED,2116,0.5,0.923609588877467,0.8967056292680486
B0_STRUCT_XGB,72,ORIGINAL5,1.0,TEMPORAL,2116,0.5,0.9678948216108111,0.95466532781115
B0_STRUCT_XGB,72,ORIGINAL5,1.0,DOMAIN_OOD,2116,0.5,0.9680700182944264,0.9594421475051904
B0_STRUCT_XGB,72,ORIGINAL5,1.0,TEMPLATE_OOD,2116,0.5,0.966484828565251,0.9547975457491932
B0_STRUCT_XGB,72,ORIGINAL5,1.0,DOMAIN_TEMPLATE_OOD,2116,0.5,0.9612355770904257,0.9510409482527579
B0_STRUCT_XGB,82,ORIGINAL5,0.1,IID_BALANCED,2116,0.5,0.9028999326381144,0.8839233707712593
B0_STRUCT_XGB,82,ORIGINAL5,0.1,TEMPORAL,2116,0.5,0.9318772755334266,0.9219726559010295
B0_STRUCT_XGB,82,ORIGINAL5,0.1,DOMAIN_OOD,2116,0.5,0.9106259470094202,0.9031557205698951
B0_STRUCT_XGB,82,ORIGINAL5,0.1,TEMPLATE_OOD,2116,0.5,0.9326509816062364,0.9231018685610757
B0_STRUCT_XGB,82,ORIGINAL5,0.1,DOMAIN_TEMPLATE_OOD,2116,0.5,0.9074715616961351,0.8961311959291169
B0_STRUCT_XGB,82,ORIGINAL5,0.25,IID_BALANCED,2116,0.5,0.9105762623384108,0.8861773292691207
B0_STRUCT_XGB,82,ORIGINAL5,0.25,TEMPORAL,2116,0.5,0.946217889509782,0.9351426345674866
B0_STRUCT_XGB,82,ORIGINAL5,0.25,DOMAIN_OOD,2116,0.5,0.9349809015351251,0.9259374073134388
B0_STRUCT_XGB,82,ORIGINAL5,0.25,TEMPLATE_OOD,2116,0.5,0.9465685468776895,0.9382390357381513
B0_STRUCT_XGB,82,ORIGINAL5,0.25,DOMAIN_TEMPLATE_OOD,2116,0.5,0.9277667495651523,0.9172387177004084
B0_STRUCT_XGB,82,ORIGINAL5,1.0,IID_BALANCED,2116,0.5,0.9216449253871812,0.8940076686404065
B0_STRUCT_XGB,82,ORIGINAL5,1.0,TEMPORAL,2116,0.5,0.9674972181079984,0.9544830814641172
B0_STRUCT_XGB,82,ORIGINAL5,1.0,DOMAIN_OOD,2116,0.5,0.9674281595026734,0.9586881479125646
B0_STRUCT_XGB,82,ORIGINAL5,1.0,TEMPLATE_OOD,2116,0.5,0.9663193791733504,0.9545585707598242
B0_STRUCT_XGB,82,ORIGINAL5,1.0,DOMAIN_TEMPLATE_OOD,2116,0.5,0.9596722413089028,0.9492586861825109
B0_STRUCT_XGB,242,REPLICATION5,0.1,IID_BALANCED,2116,0.5,0.8968146271777981,0.8840055603003134
B0_STRUCT_XGB,242,REPLICATION5,0.1,TEMPORAL,2116,0.5,0.9377397750289537,0.9306838526163073
B0_STRUCT_XGB,242,REPLICATION5,0.1,DOMAIN_OOD,2116,0.5,0.9101371747142948,0.9068685432084648
B0_STRUCT_XGB,242,REPLICATION5,0.1,TEMPLATE_OOD,2116,0.5,0.9305745009427409,0.9240095268384547
B0_STRUCT_XGB,242,REPLICATION5,0.1,DOMAIN_TEMPLATE_OOD,2116,0.5,0.8973835920424275,0.8957613430483741
B0_STRUCT_XGB,242,REPLICATION5,0.25,IID_BALANCED,2116,0.5,0.9043419465878693,0.876621903152147
B0_STRUCT_XGB,242,REPLICATION5,0.25,TEMPORAL,2116,0.5,0.9531715777548063,0.9411701644862618
B0_STRUCT_XGB,242,REPLICATION5,0.25,DOMAIN_OOD,2116,0.5,0.9401735915810714,0.9336163214110869
B0_STRUCT_XGB,242,REPLICATION5,0.25,TEMPLATE_OOD,2116,0.5,0.9508573564707972,0.9387446800147227
B0_STRUCT_XGB,242,REPLICATION5,0.25,DOMAIN_TEMPLATE_OOD,2116,0.5,0.9318238730561546,0.9229508899696613
B0_STRUCT_XGB,242,REPLICATION5,1.0,IID_BALANCED,2116,0.5,0.9227474906848866,0.8960820608845737
B0_STRUCT_XGB,242,REPLICATION5,1.0,TEMPORAL,2116,0.5,0.9674248791381073,0.9545974321132358
B0_STRUCT_XGB,242,REPLICATION5,1.0,DOMAIN_OOD,2116,0.5,0.9671409417353584,0.9587408564148927
B0_STRUCT_XGB,242,REPLICATION5,1.0,TEMPLATE_OOD,2116,0.5,0.9661046655250697,0.9551611450788128
B0_STRUCT_XGB,242,REPLICATION5,1.0,DOMAIN_TEMPLATE_OOD,2116,0.5,0.9595538195891469,0.9496732072855658
B0_STRUCT_XGB,252,REPLICATION5,0.1,IID_BALANCED,2116,0.5,0.906541614727211,0.8899741281656369
B0_STRUCT_XGB,252,REPLICATION5,0.1,TEMPORAL,2116,0.5,0.9438002714677165,0.9347343670155552
B0_STRUCT_XGB,252,REPLICATION5,0.1,DOMAIN_OOD,2116,0.5,0.9205016838836975,0.9128112035048476
B0_STRUCT_XGB,252,REPLICATION5,0.1,TEMPLATE_OOD,2116,0.5,0.937283682114938,0.9280939890866599
B0_STRUCT_XGB,252,REPLICATION5,0.1,DOMAIN_TEMPLATE_OOD,2116,0.5,0.91335389432635,0.9077038389656984
B0_STRUCT_XGB,252,REPLICATION5,0.25,IID_BALANCED,2116,0.5,0.9162603594340109,0.8979849271550631
B0_STRUCT_XGB,252,REPLICATION5,0.25,TEMPORAL,2116,0.5,0.9516100615750708,0.9415096429758326
B0_STRUCT_XGB,252,REPLICATION5,0.25,DOMAIN_OOD,2116,0.5,0.9339703230218457,0.9258695116155244
B0_STRUCT_XGB,252,REPLICATION5,0.25,TEMPLATE_OOD,2116,0.5,0.9483135546645227,0.9375725858612569
B0_STRUCT_XGB,252,REPLICATION5,0.25,DOMAIN_TEMPLATE_OOD,2116,0.5,0.9247485448553356,0.9176648525412645
B0_STRUCT_XGB,252,REPLICATION5,1.0,IID_BALANCED,2116,0.5,0.9234767744313381,0.8964474469430856
B0_STRUCT_XGB,252,REPLICATION5,1.0,TEMPORAL,2116,0.5,0.9678034800400238,0.9549565646206238
B0_STRUCT_XGB,252,REPLICATION5,1.0,DOMAIN_OOD,2116,0.5,0.9670944224897896,0.9587060152014896
B0_STRUCT_XGB,252,REPLICATION5,1.0,TEMPLATE_OOD,2116,0.5,0.966506658358786,0.9552352943278504
B0_STRUCT_XGB,252,REPLICATION5,1.0,DOMAIN_TEMPLATE_OOD,2116,0.5,0.960266217255927,0.9505147565939231
B0_STRUCT_XGB,262,REPLICATION5,0.1,IID_BALANCED,2116,0.5,0.8921662970407761,0.875018313971148
B0_STRUCT_XGB,262,REPLICATION5,0.1,TEMPORAL,2116,0.5,0.9354982630946664,0.9266181510214728
B0_STRUCT_XGB,262,REPLICATION5,0.1,DOMAIN_OOD,2116,0.5,0.9165407832107695,0.90839708977598
B0_STRUCT_XGB,262,REPLICATION5,0.1,TEMPLATE_OOD,2116,0.5,0.9348672839577861,0.9240854628163849
B0_STRUCT_XGB,262,REPLICATION5,0.1,DOMAIN_TEMPLATE_OOD,2116,0.5,0.9054775740123193,0.9007784777784529
B0_STRUCT_XGB,262,REPLICATION5,0.25,IID_BALANCED,2116,0.5,0.9083180905918865,0.8824930942928306
B0_STRUCT_XGB,262,REPLICATION5,0.25,TEMPORAL,2116,0.5,0.9498266967461333,0.9390930921487559
B0_STRUCT_XGB,262,REPLICATION5,0.25,DOMAIN_OOD,2116,0.5,0.9356900196494545,0.9286166072877098
B0_STRUCT_XGB,262,REPLICATION5,0.25,TEMPLATE_OOD,2116,0.5,0.9492180673133737,0.9393798621359987
B0_STRUCT_XGB,262,REPLICATION5,0.25,DOMAIN_TEMPLATE_OOD,2116,0.5,0.9306129642649588,0.9228999681962259
B0_STRUCT_XGB,262,REPLICATION5,1.0,IID_BALANCED,2116,0.5,0.9240715502480703,0.897230034197991
B0_STRUCT_XGB,262,REPLICATION5,1.0,TEMPORAL,2116,0.5,0.9686936448595178,0.9563082250277837
B0_STRUCT_XGB,262,REPLICATION5,1.0,DOMAIN_OOD,2116,0.5,0.9673922802527215,0.9593563845183515
B0_STRUCT_XGB,262,REPLICATION5,1.0,TEMPLATE_OOD,2116,0.5,0.9669570115102126,0.9560455758805894
B0_STRUCT_XGB,262,REPLICATION5,1.0,DOMAIN_TEMPLATE_OOD,2116,0.5,0.960802818079014,0.9514170546846245
B0_STRUCT_XGB,272,REPLICATION5,0.1,IID_BALANCED,2116,0.5,0.8954591963023806,0.8684735260380001
B0_STRUCT_XGB,272,REPLICATION5,0.1,TEMPORAL,2116,0.5,0.931631030671362,0.919721377496507
B0_STRUCT_XGB,272,REPLICATION5,0.1,DOMAIN_OOD,2116,0.5,0.9074984415965126,0.8978924639348773
B0_STRUCT_XGB,272,REPLICATION5,0.1,TEMPLATE_OOD,2116,0.5,0.9256417764468876,0.9144934087571157
B0_STRUCT_XGB,272,REPLICATION5,0.1,DOMAIN_TEMPLATE_OOD,2116,0.5,0.9007675721868218,0.8914870408553429
B0_STRUCT_XGB,272,REPLICATION5,0.25,IID_BALANCED,2116,0.5,0.9024819582027591,0.868637011731662
B0_STRUCT_XGB,272,REPLICATION5,0.25,TEMPORAL,2116,0.5,0.9407825149729875,0.9269406555865652
B0_STRUCT_XGB,272,REPLICATION5,0.25,DOMAIN_OOD,2116,0.5,0.9221564873889628,0.9134186913282899
B0_STRUCT_XGB,272,REPLICATION5,0.25,TEMPLATE_OOD,2116,0.5,0.9398675346847071,0.9262634853363159
B0_STRUCT_XGB,272,REPLICATION5,0.25,DOMAIN_TEMPLATE_OOD,2116,0.5,0.9135406622022696,0.9023025575237367
B0_STRUCT_XGB,272,REPLICATION5,1.0,IID_BALANCED,2116,0.5,0.9221264373170213,0.8953700494209211
B0_STRUCT_XGB,272,REPLICATION5,1.0,TEMPORAL,2116,0.5,0.9678134915796348,0.954695702202322
B0_STRUCT_XGB,272,REPLICATION5,1.0,DOMAIN_OOD,2116,0.5,0.967215126306629,0.9592009391047058
B0_STRUCT_XGB,272,REPLICATION5,1.0,TEMPLATE_OOD,2116,0.5,0.9669568828183557,0.9558963840180674
B0_STRUCT_XGB,272,REPLICATION5,1.0,DOMAIN_TEMPLATE_OOD,2116,0.5,0.9600279918633808,0.9507899128433647
B0_STRUCT_XGB,282,REPLICATION5,0.1,IID_BALANCED,2116,0.5,0.9015083316772446,0.8872431130534839
B0_STRUCT_XGB,282,REPLICATION5,0.1,TEMPORAL,2116,0.5,0.9399960539956876,0.9296287892052987
B0_STRUCT_XGB,282,REPLICATION5,0.1,DOMAIN_OOD,2116,0.5,0.9192779025169641,0.9131730161055741
B0_STRUCT_XGB,282,REPLICATION5,0.1,TEMPLATE_OOD,2116,0.5,0.9356814999639669,0.9276079988279059
B0_STRUCT_XGB,282,REPLICATION5,0.1,DOMAIN_TEMPLATE_OOD,2116,0.5,0.9140202155414758,0.9085913965430369
B0_STRUCT_XGB,282,REPLICATION5,0.25,IID_BALANCED,2116,0.5,0.9188426024206977,0.9076064622410583
B0_STRUCT_XGB,282,REPLICATION5,0.25,TEMPORAL,2116,0.5,0.9523248089279104,0.9426719101203898
B0_STRUCT_XGB,282,REPLICATION5,0.25,DOMAIN_OOD,2116,0.5,0.9399922793405887,0.9330548418566257
B0_STRUCT_XGB,282,REPLICATION5,0.25,TEMPLATE_OOD,2116,0.5,0.9499079814259005,0.9425343319956689
B0_STRUCT_XGB,282,REPLICATION5,0.25,DOMAIN_TEMPLATE_OOD,2116,0.5,0.9376689527994966,0.9303533077711986
B0_STRUCT_XGB,282,REPLICATION5,1.0,IID_BALANCED,2116,0.5,0.9233247169450643,0.8967065226324948
B0_STRUCT_XGB,282,REPLICATION5,1.0,TEMPORAL,2116,0.5,0.9675272720962952,0.9543088753971004
B0_STRUCT_XGB,282,REPLICATION5,1.0,DOMAIN_OOD,2116,0.5,0.9673012252504287,0.9588552070640114
B0_STRUCT_XGB,282,REPLICATION5,1.0,TEMPLATE_OOD,2116,0.5,0.9665100153424737,0.9551414910609954
B0_STRUCT_XGB,282,REPLICATION5,1.0,DOMAIN_TEMPLATE_OOD,2116,0.5,0.9599203301035365,0.9499805246550719
STRUCT_MLP,42,ORIGINAL5,0.1,IID_BALANCED,2116,0.5,0.8723595907797956,0.8328917135087425
STRUCT_MLP,42,ORIGINAL5,0.1,TEMPORAL,2116,0.5,0.9276663032637383,0.8990096161748993
STRUCT_MLP,42,ORIGINAL5,0.1,DOMAIN_OOD,2116,0.5,0.9177742398118609,0.8968664348683717
STRUCT_MLP,42,ORIGINAL5,0.1,TEMPLATE_OOD,2116,0.5,0.9293410842279415,0.903005635342927
STRUCT_MLP,42,ORIGINAL5,0.1,DOMAIN_TEMPLATE_OOD,2116,0.5,0.901487571323642,0.8751228376113579
STRUCT_MLP,42,ORIGINAL5,0.25,IID_BALANCED,2116,0.5,0.8911247715585529,0.8526006732394467
STRUCT_MLP,42,ORIGINAL5,0.25,TEMPORAL,2116,0.5,0.9529269903939231,0.9346771916909958
STRUCT_MLP,42,ORIGINAL5,0.25,DOMAIN_OOD,2116,0.5,0.9495164104599304,0.9382801305026782
STRUCT_MLP,42,ORIGINAL5,0.25,TEMPLATE_OOD,2116,0.5,0.9489022620929384,0.9314521460400728
STRUCT_MLP,42,ORIGINAL5,0.25,DOMAIN_TEMPLATE_OOD,2116,0.5,0.9377900811703963,0.9243534721502568
STRUCT_MLP,42,ORIGINAL5,1.0,IID_BALANCED,2116,0.5,0.8893900637893819,0.8424002379922886
STRUCT_MLP,42,ORIGINAL5,1.0,TEMPORAL,2116,0.5,0.957225734598739,0.9371348372825998
STRUCT_MLP,42,ORIGINAL5,1.0,DOMAIN_OOD,2116,0.5,0.9565050509520296,0.9434187627974457
STRUCT_MLP,42,ORIGINAL5,1.0,TEMPLATE_OOD,2116,0.5,0.9553397395404641,0.9360690534982365
STRUCT_MLP,42,ORIGINAL5,1.0,DOMAIN_TEMPLATE_OOD,2116,0.5,0.945448672670615,0.9279019157307187
STRUCT_MLP,52,ORIGINAL5,0.1,IID_BALANCED,2116,0.5,0.8568806621273886,0.8104763061881569
STRUCT_MLP,52,ORIGINAL5,0.1,TEMPORAL,2116,0.5,0.9271946190626565,0.9040392580072255
STRUCT_MLP,52,ORIGINAL5,0.1,DOMAIN_OOD,2116,0.5,0.9312240003595751,0.9144532073570348
STRUCT_MLP,52,ORIGINAL5,0.1,TEMPLATE_OOD,2116,0.5,0.9201243781676455,0.8971768790134398
STRUCT_MLP,52,ORIGINAL5,0.1,DOMAIN_TEMPLATE_OOD,2116,0.5,0.9168505455626429,0.8942658509653697
STRUCT_MLP,52,ORIGINAL5,0.25,IID_BALANCED,2116,0.5,0.8757774620594267,0.8337832912260892
STRUCT_MLP,52,ORIGINAL5,0.25,TEMPORAL,2116,0.5,0.9373277092778207,0.9111281048881328
STRUCT_MLP,52,ORIGINAL5,0.25,DOMAIN_OOD,2116,0.5,0.9383409823932863,0.9207460665163432
STRUCT_MLP,52,ORIGINAL5,0.25,TEMPLATE_OOD,2116,0.5,0.9390184320621668,0.913975257378297
STRUCT_MLP,52,ORIGINAL5,0.25,DOMAIN_TEMPLATE_OOD,2116,0.5,0.926947654014855,0.9049978380580402
STRUCT_MLP,52,ORIGINAL5,1.0,IID_BALANCED,2116,0.5,0.8924319188741761,0.8499786485897349
STRUCT_MLP,52,ORIGINAL5,1.0,TEMPORAL,2116,0.5,0.9600804061671304,0.939900693608156
STRUCT_MLP,52,ORIGINAL5,1.0,DOMAIN_OOD,2116,0.5,0.9614810740801578,0.94942038514728
STRUCT_MLP,52,ORIGINAL5,1.0,TEMPLATE_OOD,2116,0.5,0.9580407608443057,0.939373608584875
STRUCT_MLP,52,ORIGINAL5,1.0,DOMAIN_TEMPLATE_OOD,2116,0.5,0.9541176767055028,0.9387000117924106
STRUCT_MLP,62,ORIGINAL5,0.1,IID_BALANCED,2116,0.5,0.7750538986307915,0.6914649747535208
STRUCT_MLP,62,ORIGINAL5,0.1,TEMPORAL,2116,0.5,0.9107962041660922,0.8764003487694798
STRUCT_MLP,62,ORIGINAL5,0.1,DOMAIN_OOD,2116,0.5,0.8987961638935204,0.8703049231527904
STRUCT_MLP,62,ORIGINAL5,0.1,TEMPLATE_OOD,2116,0.5,0.9163333512721218,0.8822246382767358
STRUCT_MLP,62,ORIGINAL5,0.1,DOMAIN_TEMPLATE_OOD,2116,0.5,0.8817334234058921,0.8470854878305896
STRUCT_MLP,62,ORIGINAL5,0.25,IID_BALANCED,2116,0.5,0.8724047038552998,0.8222106481895076
STRUCT_MLP,62,ORIGINAL5,0.25,TEMPORAL,2116,0.5,0.9400950867821298,0.9130872531187353
STRUCT_MLP,62,ORIGINAL5,0.25,DOMAIN_OOD,2116,0.5,0.9350179073919646,0.9160978913025611
STRUCT_MLP,62,ORIGINAL5,0.25,TEMPLATE_OOD,2116,0.5,0.9402081864730115,0.9133222079680962
STRUCT_MLP,62,ORIGINAL5,0.25,DOMAIN_TEMPLATE_OOD,2116,0.5,0.9227083009809837,0.901003605618905
STRUCT_MLP,62,ORIGINAL5,1.0,IID_BALANCED,2116,0.5,0.8994144640012851,0.855213764244696
STRUCT_MLP,62,ORIGINAL5,1.0,TEMPORAL,2116,0.5,0.9602332406915262,0.9396719923099188
STRUCT_MLP,62,ORIGINAL5,1.0,DOMAIN_OOD,2116,0.5,0.9604239240767689,0.9481259000646797
STRUCT_MLP,62,ORIGINAL5,1.0,TEMPLATE_OOD,2116,0.5,0.9568218009013686,0.9370910624247341
STRUCT_MLP,62,ORIGINAL5,1.0,DOMAIN_TEMPLATE_OOD,2116,0.5,0.9515258862593755,0.934624483188668
STRUCT_MLP,72,ORIGINAL5,0.1,IID_BALANCED,2116,0.5,0.8621853011303787,0.8341468905557085
STRUCT_MLP,72,ORIGINAL5,0.1,TEMPORAL,2116,0.5,0.9304029638331909,0.9166187227747186
STRUCT_MLP,72,ORIGINAL5,0.1,DOMAIN_OOD,2116,0.5,0.9055042342287312,0.904138421460758
STRUCT_MLP,72,ORIGINAL5,0.1,TEMPLATE_OOD,2116,0.5,0.9237866689259889,0.9122171161480983
STRUCT_MLP,72,ORIGINAL5,0.1,DOMAIN_TEMPLATE_OOD,2116,0.5,0.8962885518720435,0.8928159204691236
STRUCT_MLP,72,ORIGINAL5,0.25,IID_BALANCED,2116,0.5,0.8758844190579345,0.8273930553421407
STRUCT_MLP,72,ORIGINAL5,0.25,TEMPORAL,2116,0.5,0.9418114685052105,0.9172208504114838
STRUCT_MLP,72,ORIGINAL5,0.25,DOMAIN_OOD,2116,0.5,0.938398962883031,0.9230965083743984
STRUCT_MLP,72,ORIGINAL5,0.25,TEMPLATE_OOD,2116,0.5,0.9412032258843517,0.9166249763258422
STRUCT_MLP,72,ORIGINAL5,0.25,DOMAIN_TEMPLATE_OOD,2116,0.5,0.9257741217430319,0.9061306241758713
STRUCT_MLP,72,ORIGINAL5,1.0,IID_BALANCED,2116,0.5,0.8990403165720097,0.857854996230002
STRUCT_MLP,72,ORIGINAL5,1.0,TEMPORAL,2116,0.5,0.9586245614657499,0.93926551148688
STRUCT_MLP,72,ORIGINAL5,1.0,DOMAIN_OOD,2116,0.5,0.9595729684205966,0.9482572246382768
STRUCT_MLP,72,ORIGINAL5,1.0,TEMPLATE_OOD,2116,0.5,0.957260892471777,0.9386946516057333
STRUCT_MLP,72,ORIGINAL5,1.0,DOMAIN_TEMPLATE_OOD,2116,0.5,0.9489220029422446,0.9338079480848053
STRUCT_MLP,82,ORIGINAL5,0.1,IID_BALANCED,2116,0.5,0.8610727421331296,0.821469155699129
STRUCT_MLP,82,ORIGINAL5,0.1,TEMPORAL,2116,0.5,0.9314254324988078,0.9055115226146276
STRUCT_MLP,82,ORIGINAL5,0.1,DOMAIN_OOD,2116,0.5,0.9325976410188972,0.9134508524483546
STRUCT_MLP,82,ORIGINAL5,0.1,TEMPLATE_OOD,2116,0.5,0.9328446634481307,0.9066523490124749
STRUCT_MLP,82,ORIGINAL5,0.1,DOMAIN_TEMPLATE_OOD,2116,0.5,0.9155945579525001,0.8890977376438762
STRUCT_MLP,82,ORIGINAL5,0.25,IID_BALANCED,2116,0.5,0.879421370224555,0.8408864319381362
STRUCT_MLP,82,ORIGINAL5,0.25,TEMPORAL,2116,0.5,0.9439427440281698,0.9181142148577228
STRUCT_MLP,82,ORIGINAL5,0.25,DOMAIN_OOD,2116,0.5,0.938235374476573,0.9216215636736577
STRUCT_MLP,82,ORIGINAL5,0.25,TEMPLATE_OOD,2116,0.5,0.9420141291493933,0.9211177061259788
STRUCT_MLP,82,ORIGINAL5,0.25,DOMAIN_TEMPLATE_OOD,2116,0.5,0.9302874817080414,0.9073987550073077
STRUCT_MLP,82,ORIGINAL5,1.0,IID_BALANCED,2116,0.5,0.8959127272254963,0.8554741799807748
STRUCT_MLP,82,ORIGINAL5,1.0,TEMPORAL,2116,0.5,0.9580002058313951,0.9372759888651054
STRUCT_MLP,82,ORIGINAL5,1.0,DOMAIN_OOD,2116,0.5,0.9572699701373799,0.9446292716220998
STRUCT_MLP,82,ORIGINAL5,1.0,TEMPLATE_OOD,2116,0.5,0.9565117747396775,0.938323905360544
STRUCT_MLP,82,ORIGINAL5,1.0,DOMAIN_TEMPLATE_OOD,2116,0.5,0.9498582889364514,0.933556912675412
STRUCT_MLP,242,REPLICATION5,0.1,IID_BALANCED,2116,0.5,0.8854031534147333,0.8547130334725791
STRUCT_MLP,242,REPLICATION5,0.1,TEMPORAL,2116,0.5,0.9483801352076027,0.9348487176646738
STRUCT_MLP,242,REPLICATION5,0.1,DOMAIN_OOD,2116,0.5,0.9307123989835321,0.9196499083408078
STRUCT_MLP,242,REPLICATION5,0.1,TEMPLATE_OOD,2116,0.5,0.9489831434948138,0.9329136902741201
STRUCT_MLP,242,REPLICATION5,0.1,DOMAIN_TEMPLATE_OOD,2116,0.5,0.9221745528473244,0.9097737643876345
STRUCT_MLP,242,REPLICATION5,0.25,IID_BALANCED,2116,0.5,0.8850229413152201,0.8394186341529655
STRUCT_MLP,242,REPLICATION5,0.25,TEMPORAL,2116,0.5,0.9526775159219618,0.9339803674229294
STRUCT_MLP,242,REPLICATION5,0.25,DOMAIN_OOD,2116,0.5,0.9507949396071788,0.9410522403793583
STRUCT_MLP,242,REPLICATION5,0.25,TEMPLATE_OOD,2116,0.5,0.9500361906976662,0.9302961324466394
STRUCT_MLP,242,REPLICATION5,0.25,DOMAIN_TEMPLATE_OOD,2116,0.5,0.9389561795667872,0.9242686025278639
STRUCT_MLP,242,REPLICATION5,1.0,IID_BALANCED,2116,0.5,0.8913599279915854,0.8494301228197442
STRUCT_MLP,242,REPLICATION5,1.0,TEMPORAL,2116,0.5,0.9571914236232321,0.9375234508167138
STRUCT_MLP,242,REPLICATION5,1.0,DOMAIN_OOD,2116,0.5,0.9558617249266435,0.9432079287881332
STRUCT_MLP,242,REPLICATION5,1.0,TEMPLATE_OOD,2116,0.5,0.9545529934947349,0.9351649686786424
STRUCT_MLP,242,REPLICATION5,1.0,DOMAIN_TEMPLATE_OOD,2116,0.5,0.9458637603586357,0.929663630418702
STRUCT_MLP,252,REPLICATION5,0.1,IID_BALANCED,2116,0.5,0.8655514665077346,0.8198682466114686
STRUCT_MLP,252,REPLICATION5,0.1,TEMPORAL,2116,0.5,0.9353174101692168,0.9107761192963146
STRUCT_MLP,252,REPLICATION5,0.1,DOMAIN_OOD,2116,0.5,0.9217692282084167,0.9067220314392814
STRUCT_MLP,252,REPLICATION5,0.1,TEMPLATE_OOD,2116,0.5,0.9342780898844387,0.9127888693936914
STRUCT_MLP,252,REPLICATION5,0.1,DOMAIN_TEMPLATE_OOD,2116,0.5,0.9090937166314281,0.8908934001808169
STRUCT_MLP,252,REPLICATION5,0.25,IID_BALANCED,2116,0.5,0.8713222824558474,0.8268659703188597
STRUCT_MLP,252,REPLICATION5,0.25,TEMPORAL,2116,0.5,0.9459824429567036,0.9265708027058223
STRUCT_MLP,252,REPLICATION5,0.25,DOMAIN_OOD,2116,0.5,0.9417277609142521,0.932715810049278
STRUCT_MLP,252,REPLICATION5,0.25,TEMPLATE_OOD,2116,0.5,0.9414475300668612,0.9227847241826608
STRUCT_MLP,252,REPLICATION5,0.25,DOMAIN_TEMPLATE_OOD,2116,0.5,0.9321172009833034,0.9165351931989951
STRUCT_MLP,252,REPLICATION5,1.0,IID_BALANCED,2116,0.5,0.8920389532679723,0.8447051182635854
STRUCT_MLP,252,REPLICATION5,1.0,TEMPORAL,2116,0.5,0.9604679555113651,0.9400391650973232
STRUCT_MLP,252,REPLICATION5,1.0,DOMAIN_OOD,2116,0.5,0.9621970771545134,0.949917095779389
STRUCT_MLP,252,REPLICATION5,1.0,TEMPLATE_OOD,2116,0.5,0.9585816873046806,0.9394129166205095
STRUCT_MLP,252,REPLICATION5,1.0,DOMAIN_TEMPLATE_OOD,2116,0.5,0.9539237738840747,0.9381622063957749
STRUCT_MLP,262,REPLICATION5,0.1,IID_BALANCED,2116,0.5,0.8733758571055467,0.8225662072391108
STRUCT_MLP,262,REPLICATION5,0.1,TEMPORAL,2116,0.5,0.9419433121329899,0.9206040215693913
STRUCT_MLP,262,REPLICATION5,0.1,DOMAIN_OOD,2116,0.5,0.9304415835508654,0.916500798667815
STRUCT_MLP,262,REPLICATION5,0.1,TEMPLATE_OOD,2116,0.5,0.9438570623148177,0.9225506626977463
STRUCT_MLP,262,REPLICATION5,0.1,DOMAIN_TEMPLATE_OOD,2116,0.5,0.9156941753439473,0.8982386426577949
STRUCT_MLP,262,REPLICATION5,0.25,IID_BALANCED,2116,0.5,0.8855299740967593,0.8423229619676889
STRUCT_MLP,262,REPLICATION5,0.25,TEMPORAL,2116,0.5,0.9441059590868309,0.9229937714630809
STRUCT_MLP,262,REPLICATION5,0.25,DOMAIN_OOD,2116,0.5,0.9420480141517084,0.926506480465693
STRUCT_MLP,262,REPLICATION5,0.25,TEMPLATE_OOD,2116,0.5,0.9466578077598999,0.9253656540678458
STRUCT_MLP,262,REPLICATION5,0.25,DOMAIN_TEMPLATE_OOD,2116,0.5,0.93099373393608,0.9118338628006618
STRUCT_MLP,262,REPLICATION5,1.0,IID_BALANCED,2116,0.5,0.898652180271901,0.8553620627427718
STRUCT_MLP,262,REPLICATION5,1.0,TEMPORAL,2116,0.5,0.9581867774794406,0.9381148580801241
STRUCT_MLP,262,REPLICATION5,1.0,DOMAIN_OOD,2116,0.5,0.9573810820638089,0.9447400488134334
STRUCT_MLP,262,REPLICATION5,1.0,TEMPLATE_OOD,2116,0.5,0.9557486180094347,0.9362772074142103
STRUCT_MLP,262,REPLICATION5,1.0,DOMAIN_TEMPLATE_OOD,2116,0.5,0.9482247318144053,0.9317853709785201
STRUCT_MLP,272,REPLICATION5,0.1,IID_BALANCED,2116,0.5,0.8853479291784746,0.8458865927437366
STRUCT_MLP,272,REPLICATION5,0.1,TEMPORAL,2116,0.5,0.9392922036120509,0.9180838404665507
STRUCT_MLP,272,REPLICATION5,0.1,DOMAIN_OOD,2116,0.5,0.9318612183379348,0.9190334868729029
STRUCT_MLP,272,REPLICATION5,0.1,TEMPLATE_OOD,2116,0.5,0.9372902621482616,0.9175576488077157
STRUCT_MLP,272,REPLICATION5,0.1,DOMAIN_TEMPLATE_OOD,2116,0.5,0.9252756659945166,0.9065076239721843
STRUCT_MLP,272,REPLICATION5,0.25,IID_BALANCED,2116,0.5,0.8853743603212949,0.8338190258039386
STRUCT_MLP,272,REPLICATION5,0.25,TEMPORAL,2116,0.5,0.9442716097389346,0.9210721445392205
STRUCT_MLP,272,REPLICATION5,0.25,DOMAIN_OOD,2116,0.5,0.9383303421185174,0.9249953545048795
STRUCT_MLP,272,REPLICATION5,0.25,TEMPLATE_OOD,2116,0.5,0.9439997231702563,0.9229374895029677
STRUCT_MLP,272,REPLICATION5,0.25,DOMAIN_TEMPLATE_OOD,2116,0.5,0.930712194159713,0.9123957890373463
STRUCT_MLP,272,REPLICATION5,1.0,IID_BALANCED,2116,0.5,0.888909563887862,0.8404451099016943
STRUCT_MLP,272,REPLICATION5,1.0,TEMPORAL,2116,0.5,0.9558280150408629,0.9333523322172232
STRUCT_MLP,272,REPLICATION5,1.0,DOMAIN_OOD,2116,0.5,0.9572515430559211,0.9435125660643009
STRUCT_MLP,272,REPLICATION5,1.0,TEMPLATE_OOD,2116,0.5,0.9541735668523736,0.9327618183182592
STRUCT_MLP,272,REPLICATION5,1.0,DOMAIN_TEMPLATE_OOD,2116,0.5,0.9459485600617936,0.92654757523022
STRUCT_MLP,282,REPLICATION5,0.1,IID_BALANCED,2116,0.5,0.8806957922036552,0.8469818575548258
STRUCT_MLP,282,REPLICATION5,0.1,TEMPORAL,2116,0.5,0.9399885666664396,0.9204718036313477
STRUCT_MLP,282,REPLICATION5,0.1,DOMAIN_OOD,2116,0.5,0.934249937479052,0.9233350366815442
STRUCT_MLP,282,REPLICATION5,0.1,TEMPLATE_OOD,2116,0.5,0.9402056633407829,0.9226748403557735
STRUCT_MLP,282,REPLICATION5,0.1,DOMAIN_TEMPLATE_OOD,2116,0.5,0.925519627515237,0.9096924682230266
STRUCT_MLP,282,REPLICATION5,0.25,IID_BALANCED,2116,0.5,0.8912882176633501,0.8517041820176458
STRUCT_MLP,282,REPLICATION5,0.25,TEMPORAL,2116,0.5,0.9541891557648361,0.9368927355176689
STRUCT_MLP,282,REPLICATION5,0.25,DOMAIN_OOD,2116,0.5,0.9532831582858045,0.9447637229712588
STRUCT_MLP,282,REPLICATION5,0.25,TEMPLATE_OOD,2116,0.5,0.9531049233501115,0.9379647728531558
STRUCT_MLP,282,REPLICATION5,0.25,DOMAIN_TEMPLATE_OOD,2116,0.5,0.9474477715486456,0.9348612247669212
STRUCT_MLP,282,REPLICATION5,1.0,IID_BALANCED,2116,0.5,0.8932596367803702,0.8482129137617433
STRUCT_MLP,282,REPLICATION5,1.0,TEMPORAL,2116,0.5,0.9548758205015467,0.9329905196164965
STRUCT_MLP,282,REPLICATION5,1.0,DOMAIN_OOD,2116,0.5,0.9555522908919722,0.9432615306549076
STRUCT_MLP,282,REPLICATION5,1.0,TEMPLATE_OOD,2116,0.5,0.9553428110054485,0.9357867503332249
STRUCT_MLP,282,REPLICATION5,1.0,DOMAIN_TEMPLATE_OOD,2116,0.5,0.9444456168501234,0.9281976193624238
BASE_LOGREG,42,ORIGINAL5,0.1,IID_BALANCED,2116,0.5,0.9037980924555247,0.8915509164132489
BASE_LOGREG,42,ORIGINAL5,0.1,TEMPORAL,2116,0.5,0.9125575354570317,0.9069882540442609
BASE_LOGREG,42,ORIGINAL5,0.1,DOMAIN_OOD,2116,0.5,0.8872050860421479,0.8882990698289387
BASE_LOGREG,42,ORIGINAL5,0.1,TEMPLATE_OOD,2116,0.5,0.9094846379028645,0.9023865337816832
BASE_LOGREG,42,ORIGINAL5,0.1,DOMAIN_TEMPLATE_OOD,2116,0.5,0.8804328071886078,0.8754176478786168
BASE_LOGREG,42,ORIGINAL5,0.25,IID_BALANCED,2116,0.5,0.9177763846888436,0.9039749357670963
BASE_LOGREG,42,ORIGINAL5,0.25,TEMPORAL,2116,0.5,0.9300433618034504,0.9228508331516825
BASE_LOGREG,42,ORIGINAL5,0.25,DOMAIN_OOD,2116,0.5,0.9187999264700449,0.914386205023567
BASE_LOGREG,42,ORIGINAL5,0.25,TEMPLATE_OOD,2116,0.5,0.927084086948244,0.9190308067795641
BASE_LOGREG,42,ORIGINAL5,0.25,DOMAIN_TEMPLATE_OOD,2116,0.5,0.9093792478717413,0.9026000478843342
BASE_LOGREG,42,ORIGINAL5,1.0,IID_BALANCED,2116,0.5,0.933757155456087,0.9207058651162625
BASE_LOGREG,42,ORIGINAL5,1.0,TEMPORAL,2116,0.5,0.9482099370719944,0.9418250006253551
BASE_LOGREG,42,ORIGINAL5,1.0,DOMAIN_OOD,2116,0.5,0.9267180762817451,0.924384739905875
BASE_LOGREG,42,ORIGINAL5,1.0,TEMPLATE_OOD,2116,0.5,0.9412801874570603,0.9336319552888962
BASE_LOGREG,42,ORIGINAL5,1.0,DOMAIN_TEMPLATE_OOD,2116,0.5,0.9210694680697082,0.9166937653882026
BASE_LOGREG,52,ORIGINAL5,0.1,IID_BALANCED,2116,0.5,0.8993387007893024,0.8850829578224777
BASE_LOGREG,52,ORIGINAL5,0.1,TEMPORAL,2116,0.5,0.9077305932935623,0.8929499251360594
BASE_LOGREG,52,ORIGINAL5,0.1,DOMAIN_OOD,2116,0.5,0.8863302837120643,0.8710365886342601
BASE_LOGREG,52,ORIGINAL5,0.1,TEMPLATE_OOD,2116,0.5,0.9000148875528355,0.8841636858072977
BASE_LOGREG,52,ORIGINAL5,0.1,DOMAIN_TEMPLATE_OOD,2116,0.5,0.8751438782568317,0.8573940201757426
BASE_LOGREG,52,ORIGINAL5,0.25,IID_BALANCED,2116,0.5,0.9116633850872597,0.9050058783380563
BASE_LOGREG,52,ORIGINAL5,0.25,TEMPORAL,2116,0.5,0.9322090986087559,0.9276825947591668
BASE_LOGREG,52,ORIGINAL5,0.25,DOMAIN_OOD,2116,0.5,0.9279719776602933,0.9209604739834405
BASE_LOGREG,52,ORIGINAL5,0.25,TEMPLATE_OOD,2116,0.5,0.9274488636392574,0.9210158625791073
BASE_LOGREG,52,ORIGINAL5,0.25,DOMAIN_TEMPLATE_OOD,2116,0.5,0.919329792149719,0.9093065347822514
BASE_LOGREG,52,ORIGINAL5,1.0,IID_BALANCED,2116,0.5,0.933757155456087,0.9207058651162625
BASE_LOGREG,52,ORIGINAL5,1.0,TEMPORAL,2116,0.5,0.9482099370719944,0.9418250006253551
BASE_LOGREG,52,ORIGINAL5,1.0,DOMAIN_OOD,2116,0.5,0.9267180762817451,0.924384739905875
BASE_LOGREG,52,ORIGINAL5,1.0,TEMPLATE_OOD,2116,0.5,0.9412801874570603,0.9336319552888962
BASE_LOGREG,52,ORIGINAL5,1.0,DOMAIN_TEMPLATE_OOD,2116,0.5,0.9210694680697082,0.9166937653882026
BASE_LOGREG,62,ORIGINAL5,0.1,IID_BALANCED,2116,0.5,0.9039167477242702,0.8906191372958217
BASE_LOGREG,62,ORIGINAL5,0.1,TEMPORAL,2116,0.5,0.9161063655596648,0.9085748693007816
BASE_LOGREG,62,ORIGINAL5,0.1,DOMAIN_OOD,2116,0.5,0.8814643648994417,0.8795047902201607
BASE_LOGREG,62,ORIGINAL5,0.1,TEMPLATE_OOD,2116,0.5,0.9065142028280665,0.8972881028869966
BASE_LOGREG,62,ORIGINAL5,0.1,DOMAIN_TEMPLATE_OOD,2116,0.5,0.878584365780112,0.8764861117563189
BASE_LOGREG,62,ORIGINAL5,0.25,IID_BALANCED,2116,0.5,0.9100901729147833,0.897704857401167
BASE_LOGREG,62,ORIGINAL5,0.25,TEMPORAL,2116,0.5,0.9302843514273655,0.9241194106653422
BASE_LOGREG,62,ORIGINAL5,0.25,DOMAIN_OOD,2116,0.5,0.8998806514933304,0.9010277264589536
BASE_LOGREG,62,ORIGINAL5,0.25,TEMPLATE_OOD,2116,0.5,0.9207115050086604,0.9149043564023855
BASE_LOGREG,62,ORIGINAL5,0.25,DOMAIN_TEMPLATE_OOD,2116,0.5,0.8971781370712817,0.8945776351571069
BASE_LOGREG,62,ORIGINAL5,1.0,IID_BALANCED,2116,0.5,0.933757155456087,0.9207058651162625
BASE_LOGREG,62,ORIGINAL5,1.0,TEMPORAL,2116,0.5,0.9482099370719944,0.9418250006253551
BASE_LOGREG,62,ORIGINAL5,1.0,DOMAIN_OOD,2116,0.5,0.9267180762817451,0.924384739905875
BASE_LOGREG,62,ORIGINAL5,1.0,TEMPLATE_OOD,2116,0.5,0.9412801874570603,0.9336319552888962
BASE_LOGREG,62,ORIGINAL5,1.0,DOMAIN_TEMPLATE_OOD,2116,0.5,0.9210694680697082,0.9166937653882026
BASE_LOGREG,72,ORIGINAL5,0.1,IID_BALANCED,2116,0.5,0.902441313606155,0.8977964272569066
BASE_LOGREG,72,ORIGINAL5,0.1,TEMPORAL,2116,0.5,0.9280178034051891,0.9293616732358733
BASE_LOGREG,72,ORIGINAL5,0.1,DOMAIN_OOD,2116,0.5,0.9074913735691236,0.9161139718625934
BASE_LOGREG,72,ORIGINAL5,0.1,TEMPLATE_OOD,2116,0.5,0.9081246197938178,0.9176755729146193
BASE_LOGREG,72,ORIGINAL5,0.1,DOMAIN_TEMPLATE_OOD,2116,0.5,0.9038945354930649,0.912352907543927
BASE_LOGREG,72,ORIGINAL5,0.25,IID_BALANCED,2116,0.5,0.9192824981563628,0.9118597703696026
BASE_LOGREG,72,ORIGINAL5,0.25,TEMPORAL,2116,0.5,0.9469419866222504,0.9440450112742594
BASE_LOGREG,72,ORIGINAL5,0.25,DOMAIN_OOD,2116,0.5,0.9278506262576114,0.9316428793493449
BASE_LOGREG,72,ORIGINAL5,0.25,TEMPLATE_OOD,2116,0.5,0.9347571933943641,0.934000914805193
BASE_LOGREG,72,ORIGINAL5,0.25,DOMAIN_TEMPLATE_OOD,2116,0.5,0.9202513488759085,0.9206647703517354
BASE_LOGREG,72,ORIGINAL5,1.0,IID_BALANCED,2116,0.5,0.933757155456087,0.9207058651162625
BASE_LOGREG,72,ORIGINAL5,1.0,TEMPORAL,2116,0.5,0.9482099370719944,0.9418250006253551
BASE_LOGREG,72,ORIGINAL5,1.0,DOMAIN_OOD,2116,0.5,0.9267180762817451,0.924384739905875
BASE_LOGREG,72,ORIGINAL5,1.0,TEMPLATE_OOD,2116,0.5,0.9412801874570603,0.9336319552888962
BASE_LOGREG,72,ORIGINAL5,1.0,DOMAIN_TEMPLATE_OOD,2116,0.5,0.9210694680697082,0.9166937653882026
BASE_LOGREG,82,ORIGINAL5,0.1,IID_BALANCED,2116,0.5,0.9121070616992788,0.9014511812064707
BASE_LOGREG,82,ORIGINAL5,0.1,TEMPORAL,2116,0.5,0.9113717037472109,0.8947589881396936
BASE_LOGREG,82,ORIGINAL5,0.1,DOMAIN_OOD,2116,0.5,0.8928322056091393,0.8762064886846459
BASE_LOGREG,82,ORIGINAL5,0.1,TEMPLATE_OOD,2116,0.5,0.9078325598258669,0.8850418630579509
BASE_LOGREG,82,ORIGINAL5,0.1,DOMAIN_TEMPLATE_OOD,2116,0.5,0.8851151689473811,0.8631580075828775
BASE_LOGREG,82,ORIGINAL5,0.25,IID_BALANCED,2116,0.5,0.9078575353711189,0.9036658316686976
BASE_LOGREG,82,ORIGINAL5,0.25,TEMPORAL,2116,0.5,0.9293894912733844,0.9220539520656373
BASE_LOGREG,82,ORIGINAL5,0.25,DOMAIN_OOD,2116,0.5,0.9189055315296626,0.9086463384564806
BASE_LOGREG,82,ORIGINAL5,0.25,TEMPLATE_OOD,2116,0.5,0.923310837217898,0.9123752416550825
BASE_LOGREG,82,ORIGINAL5,0.25,DOMAIN_TEMPLATE_OOD,2116,0.5,0.9073278258109303,0.893545799221701
BASE_LOGREG,82,ORIGINAL5,1.0,IID_BALANCED,2116,0.5,0.933757155456087,0.9207058651162625
BASE_LOGREG,82,ORIGINAL5,1.0,TEMPORAL,2116,0.5,0.9482099370719944,0.9418250006253551
BASE_LOGREG,82,ORIGINAL5,1.0,DOMAIN_OOD,2116,0.5,0.9267180762817451,0.924384739905875
BASE_LOGREG,82,ORIGINAL5,1.0,TEMPLATE_OOD,2116,0.5,0.9412801874570603,0.9336319552888962
BASE_LOGREG,82,ORIGINAL5,1.0,DOMAIN_TEMPLATE_OOD,2116,0.5,0.9210694680697082,0.9166937653882026
BASE_LOGREG,242,REPLICATION5,0.1,IID_BALANCED,2116,0.5,0.9000723036859108,0.8974757094207066
BASE_LOGREG,242,REPLICATION5,0.1,TEMPORAL,2116,0.5,0.9205537628728744,0.9199205977680184
BASE_LOGREG,242,REPLICATION5,0.1,DOMAIN_OOD,2116,0.5,0.8984427274518503,0.899598343344971
BASE_LOGREG,242,REPLICATION5,0.1,TEMPLATE_OOD,2116,0.5,0.9091841511627272,0.9090796202129066
BASE_LOGREG,242,REPLICATION5,0.1,DOMAIN_TEMPLATE_OOD,2116,0.5,0.9008265712862008,0.8995233007314867
BASE_LOGREG,242,REPLICATION5,0.25,IID_BALANCED,2116,0.5,0.9133707399804614,0.9056750083082893
BASE_LOGREG,242,REPLICATION5,0.25,TEMPORAL,2116,0.5,0.9436228103296089,0.9359743568669352
BASE_LOGREG,242,REPLICATION5,0.25,DOMAIN_OOD,2116,0.5,0.9223516576146423,0.92152597367791
BASE_LOGREG,242,REPLICATION5,0.25,TEMPLATE_OOD,2116,0.5,0.934142710627528,0.9279126361040734
BASE_LOGREG,242,REPLICATION5,0.25,DOMAIN_TEMPLATE_OOD,2116,0.5,0.9191892977017486,0.9156020740348983
BASE_LOGREG,242,REPLICATION5,1.0,IID_BALANCED,2116,0.5,0.933757155456087,0.9207058651162625
BASE_LOGREG,242,REPLICATION5,1.0,TEMPORAL,2116,0.5,0.9482099370719944,0.9418250006253551
BASE_LOGREG,242,REPLICATION5,1.0,DOMAIN_OOD,2116,0.5,0.9267180762817451,0.924384739905875
BASE_LOGREG,242,REPLICATION5,1.0,TEMPLATE_OOD,2116,0.5,0.9412801874570603,0.9336319552888962
BASE_LOGREG,242,REPLICATION5,1.0,DOMAIN_TEMPLATE_OOD,2116,0.5,0.9210694680697082,0.9166937653882026
BASE_LOGREG,252,REPLICATION5,0.1,IID_BALANCED,2116,0.5,0.9084761992891465,0.9057902523218542
BASE_LOGREG,252,REPLICATION5,0.1,TEMPORAL,2116,0.5,0.9306391737910862,0.9219628288921209
BASE_LOGREG,252,REPLICATION5,0.1,DOMAIN_OOD,2116,0.5,0.9009794826657795,0.9013377239217985
BASE_LOGREG,252,REPLICATION5,0.1,TEMPLATE_OOD,2116,0.5,0.9221173200392839,0.9156931972084148
BASE_LOGREG,252,REPLICATION5,0.1,DOMAIN_TEMPLATE_OOD,2116,0.5,0.8905752716861114,0.8907477817760798
BASE_LOGREG,252,REPLICATION5,0.25,IID_BALANCED,2116,0.5,0.9183065218313282,0.9134633595506019
BASE_LOGREG,252,REPLICATION5,0.25,TEMPORAL,2116,0.5,0.9342676643876712,0.9307892696209633
BASE_LOGREG,252,REPLICATION5,0.25,DOMAIN_OOD,2116,0.5,0.9111797465907794,0.9096746009341018
BASE_LOGREG,252,REPLICATION5,0.25,TEMPLATE_OOD,2116,0.5,0.932560772004366,0.9256613576995509
BASE_LOGREG,252,REPLICATION5,0.25,DOMAIN_TEMPLATE_OOD,2116,0.5,0.9026274684816684,0.8977919604346755
BASE_LOGREG,252,REPLICATION5,1.0,IID_BALANCED,2116,0.5,0.933757155456087,0.9207058651162625
BASE_LOGREG,252,REPLICATION5,1.0,TEMPORAL,2116,0.5,0.9482099370719944,0.9418250006253551
BASE_LOGREG,252,REPLICATION5,1.0,DOMAIN_OOD,2116,0.5,0.9267180762817451,0.924384739905875
BASE_LOGREG,252,REPLICATION5,1.0,TEMPLATE_OOD,2116,0.5,0.9412801874570603,0.9336319552888962
BASE_LOGREG,252,REPLICATION5,1.0,DOMAIN_TEMPLATE_OOD,2116,0.5,0.9210694680697082,0.9166937653882026
BASE_LOGREG,262,REPLICATION5,0.1,IID_BALANCED,2116,0.5,0.9068712307507736,0.9032763247701373
BASE_LOGREG,262,REPLICATION5,0.1,TEMPORAL,2116,0.5,0.9143613762686595,0.9005408428357532
BASE_LOGREG,262,REPLICATION5,0.1,DOMAIN_OOD,2116,0.5,0.878960688145783,0.8690917342347976
BASE_LOGREG,262,REPLICATION5,0.1,TEMPLATE_OOD,2116,0.5,0.8956575252158525,0.8820205045007701
BASE_LOGREG,262,REPLICATION5,0.1,DOMAIN_TEMPLATE_OOD,2116,0.5,0.8676466278049255,0.8517827980889149
BASE_LOGREG,262,REPLICATION5,0.25,IID_BALANCED,2116,0.5,0.9113884892759186,0.9015825057800679
BASE_LOGREG,262,REPLICATION5,0.25,TEMPORAL,2116,0.5,0.9241817131186926,0.9160174885023996
BASE_LOGREG,262,REPLICATION5,0.25,DOMAIN_OOD,2116,0.5,0.9010293164030164,0.8973488516693409
BASE_LOGREG,262,REPLICATION5,0.25,TEMPLATE_OOD,2116,0.5,0.9118884712337931,0.9058554679264297
BASE_LOGREG,262,REPLICATION5,0.25,DOMAIN_TEMPLATE_OOD,2116,0.5,0.8933370739572507,0.8858878791885392
BASE_LOGREG,262,REPLICATION5,1.0,IID_BALANCED,2116,0.5,0.933757155456087,0.9207058651162625
BASE_LOGREG,262,REPLICATION5,1.0,TEMPORAL,2116,0.5,0.9482099370719944,0.9418250006253551
BASE_LOGREG,262,REPLICATION5,1.0,DOMAIN_OOD,2116,0.5,0.9267180762817451,0.924384739905875
BASE_LOGREG,262,REPLICATION5,1.0,TEMPLATE_OOD,2116,0.5,0.9412801874570603,0.9336319552888962
BASE_LOGREG,262,REPLICATION5,1.0,DOMAIN_TEMPLATE_OOD,2116,0.5,0.9210694680697082,0.9166937653882026
BASE_LOGREG,272,REPLICATION5,0.1,IID_BALANCED,2116,0.5,0.9069322972953888,0.9039284808158918
BASE_LOGREG,272,REPLICATION5,0.1,TEMPORAL,2116,0.5,0.9174708239359893,0.9030601305741475
BASE_LOGREG,272,REPLICATION5,0.1,DOMAIN_OOD,2116,0.5,0.8812677472157191,0.8795047902201606
BASE_LOGREG,272,REPLICATION5,0.1,TEMPLATE_OOD,2116,0.5,0.9053058503594034,0.8907870898117145
BASE_LOGREG,272,REPLICATION5,0.1,DOMAIN_TEMPLATE_OOD,2116,0.5,0.8760266648332689,0.8699475773742946
BASE_LOGREG,272,REPLICATION5,0.25,IID_BALANCED,2116,0.5,0.9157544620132901,0.9047512694708781
BASE_LOGREG,272,REPLICATION5,0.25,TEMPORAL,2116,0.5,0.9303505983018259,0.920685317733999
BASE_LOGREG,272,REPLICATION5,0.25,DOMAIN_OOD,2116,0.5,0.907714608404086,0.8995438481137503
BASE_LOGREG,272,REPLICATION5,0.25,TEMPLATE_OOD,2116,0.5,0.9248171755947372,0.9120643508277915
BASE_LOGREG,272,REPLICATION5,0.25,DOMAIN_TEMPLATE_OOD,2116,0.5,0.8993908503584424,0.889589981453754
BASE_LOGREG,272,REPLICATION5,1.0,IID_BALANCED,2116,0.5,0.933757155456087,0.9207058651162625
BASE_LOGREG,272,REPLICATION5,1.0,TEMPORAL,2116,0.5,0.9482099370719944,0.9418250006253551
BASE_LOGREG,272,REPLICATION5,1.0,DOMAIN_OOD,2116,0.5,0.9267180762817451,0.924384739905875
BASE_LOGREG,272,REPLICATION5,1.0,TEMPLATE_OOD,2116,0.5,0.9412801874570603,0.9336319552888962
BASE_LOGREG,272,REPLICATION5,1.0,DOMAIN_TEMPLATE_OOD,2116,0.5,0.9210694680697082,0.9166937653882026
BASE_LOGREG,282,REPLICATION5,0.1,IID_BALANCED,2116,0.5,0.908964863958475,0.9037846491400474
BASE_LOGREG,282,REPLICATION5,0.1,TEMPORAL,2116,0.5,0.9150814396582908,0.9005631769469091
BASE_LOGREG,282,REPLICATION5,0.1,DOMAIN_OOD,2116,0.5,0.8781001713922026,0.869537523093471
BASE_LOGREG,282,REPLICATION5,0.1,TEMPLATE_OOD,2116,0.5,0.9035673552383366,0.8915428761332328
BASE_LOGREG,282,REPLICATION5,0.1,DOMAIN_TEMPLATE_OOD,2116,0.5,0.8679399739927232,0.8584383632133962
BASE_LOGREG,282,REPLICATION5,0.25,IID_BALANCED,2116,0.5,0.9186154195774429,0.9146729750108098
BASE_LOGREG,282,REPLICATION5,0.25,TEMPORAL,2116,0.5,0.9317466219298459,0.9252160155231006
BASE_LOGREG,282,REPLICATION5,0.25,DOMAIN_OOD,2116,0.5,0.9018422824952312,0.9038114500734344
BASE_LOGREG,282,REPLICATION5,0.25,TEMPLATE_OOD,2116,0.5,0.9231898645921218,0.917349494891742
BASE_LOGREG,282,REPLICATION5,0.25,DOMAIN_TEMPLATE_OOD,2116,0.5,0.8910858000162776,0.8935323987550075
BASE_LOGREG,282,REPLICATION5,1.0,IID_BALANCED,2116,0.5,0.933757155456087,0.9207058651162625
BASE_LOGREG,282,REPLICATION5,1.0,TEMPORAL,2116,0.5,0.9482099370719944,0.9418250006253551
BASE_LOGREG,282,REPLICATION5,1.0,DOMAIN_OOD,2116,0.5,0.9267180762817451,0.924384739905875
BASE_LOGREG,282,REPLICATION5,1.0,TEMPLATE_OOD,2116,0.5,0.9412801874570603,0.9336319552888962
BASE_LOGREG,282,REPLICATION5,1.0,DOMAIN_TEMPLATE_OOD,2116,0.5,0.9210694680697082,0.9166937653882026
BASE_XGBOOST,42,ORIGINAL5,0.1,IID_BALANCED,2116,0.5,0.8671597506491449,0.8762824246625762
BASE_XGBOOST,42,ORIGINAL5,0.1,TEMPORAL,2116,0.5,0.8910007320040991,0.887456627156135
BASE_XGBOOST,42,ORIGINAL5,0.1,DOMAIN_OOD,2116,0.5,0.8628956960908192,0.8634760453257385
BASE_XGBOOST,42,ORIGINAL5,0.1,TEMPLATE_OOD,2116,0.5,0.8833813566606079,0.8745993260458615
BASE_XGBOOST,42,ORIGINAL5,0.1,DOMAIN_TEMPLATE_OOD,2116,0.5,0.8491207548920585,0.850692893464503
BASE_XGBOOST,42,ORIGINAL5,0.25,IID_BALANCED,2116,0.5,0.9091361043085434,0.9049433428268197
BASE_XGBOOST,42,ORIGINAL5,0.25,TEMPORAL,2116,0.5,0.9220157730168962,0.9180981342976905
BASE_XGBOOST,42,ORIGINAL5,0.25,DOMAIN_OOD,2116,0.5,0.8935418773513719,0.8919605240118496
BASE_XGBOOST,42,ORIGINAL5,0.25,TEMPLATE_OOD,2116,0.5,0.9107637751477187,0.9036095497085845
BASE_XGBOOST,42,ORIGINAL5,0.25,DOMAIN_TEMPLATE_OOD,2116,0.5,0.88621650430804,0.8822014108011335
BASE_XGBOOST,42,ORIGINAL5,1.0,IID_BALANCED,2116,0.5,0.9317935954289526,0.9255693411615883
BASE_XGBOOST,42,ORIGINAL5,1.0,TEMPORAL,2116,0.5,0.9421489578093233,0.9388081088904056
BASE_XGBOOST,42,ORIGINAL5,1.0,DOMAIN_OOD,2116,0.5,0.9219291742071735,0.9206942513784614
BASE_XGBOOST,42,ORIGINAL5,1.0,TEMPLATE_OOD,2116,0.5,0.9341934681188335,0.9299119857347565
BASE_XGBOOST,42,ORIGINAL5,1.0,DOMAIN_TEMPLATE_OOD,2116,0.5,0.9127327213244893,0.9111817067549072
BASE_XGBOOST,52,ORIGINAL5,0.1,IID_BALANCED,2116,0.5,0.8764367621109189,0.882853120164665
BASE_XGBOOST,52,ORIGINAL5,0.1,TEMPORAL,2116,0.5,0.8787728252572038,0.8753300981628853
BASE_XGBOOST,52,ORIGINAL5,0.1,DOMAIN_OOD,2116,0.5,0.8364268564812029,0.8384198527020701
BASE_XGBOOST,52,ORIGINAL5,0.1,TEMPLATE_OOD,2116,0.5,0.871438098651738,0.8628712375956347
BASE_XGBOOST,52,ORIGINAL5,0.1,DOMAIN_TEMPLATE_OOD,2116,0.5,0.8348014515694074,0.8318152093510244
BASE_XGBOOST,52,ORIGINAL5,0.25,IID_BALANCED,2116,0.5,0.900500280057102,0.9056785817660743
BASE_XGBOOST,52,ORIGINAL5,0.25,TEMPORAL,2116,0.5,0.9180994787822016,0.9167804217394877
BASE_XGBOOST,52,ORIGINAL5,0.25,DOMAIN_OOD,2116,0.5,0.8967205001903967,0.8949090733666618
BASE_XGBOOST,52,ORIGINAL5,0.25,TEMPLATE_OOD,2116,0.5,0.9114579265132603,0.9059340839976988
BASE_XGBOOST,52,ORIGINAL5,0.25,DOMAIN_TEMPLATE_OOD,2116,0.5,0.8886259975870671,0.8863908433717718
BASE_XGBOOST,52,ORIGINAL5,1.0,IID_BALANCED,2116,0.5,0.9323197944693348,0.9261366275849502
BASE_XGBOOST,52,ORIGINAL5,1.0,TEMPORAL,2116,0.5,0.9411282916698216,0.9379826401420807
BASE_XGBOOST,52,ORIGINAL5,1.0,DOMAIN_OOD,2116,0.5,0.921643886897501,0.9208595238010155
BASE_XGBOOST,52,ORIGINAL5,1.0,TEMPLATE_OOD,2116,0.5,0.9316590505139837,0.9283003562737411
BASE_XGBOOST,52,ORIGINAL5,1.0,DOMAIN_TEMPLATE_OOD,2116,0.5,0.910301177563859,0.9100516007304147
BASE_XGBOOST,62,ORIGINAL5,0.1,IID_BALANCED,2116,0.5,0.8742213011965463,0.8592772324284146
BASE_XGBOOST,62,ORIGINAL5,0.1,TEMPORAL,2116,0.5,0.8715127696280442,0.8652315064625983
BASE_XGBOOST,62,ORIGINAL5,0.1,DOMAIN_OOD,2116,0.5,0.8166714771416705,0.8304778427750044
BASE_XGBOOST,62,ORIGINAL5,0.1,TEMPLATE_OOD,2116,0.5,0.8498065620538264,0.8464377986070661
BASE_XGBOOST,62,ORIGINAL5,0.1,DOMAIN_TEMPLATE_OOD,2116,0.5,0.8124777188693989,0.8216451484950382
BASE_XGBOOST,62,ORIGINAL5,0.25,IID_BALANCED,2116,0.5,0.9038259759270337,0.8971174702777649
BASE_XGBOOST,62,ORIGINAL5,0.25,TEMPORAL,2116,0.5,0.9179200230204976,0.9116909244892635
BASE_XGBOOST,62,ORIGINAL5,0.25,DOMAIN_OOD,2116,0.5,0.8830226614329098,0.8765995690409911
BASE_XGBOOST,62,ORIGINAL5,0.25,TEMPLATE_OOD,2116,0.5,0.9023135468262132,0.8928489749536344
BASE_XGBOOST,62,ORIGINAL5,0.25,DOMAIN_TEMPLATE_OOD,2116,0.5,0.8767410965071951,0.8712492093724651
BASE_XGBOOST,62,ORIGINAL5,1.0,IID_BALANCED,2116,0.5,0.9304936457536666,0.924600934101865
BASE_XGBOOST,62,ORIGINAL5,1.0,TEMPORAL,2116,0.5,0.9410307820664874,0.9376172540835689
BASE_XGBOOST,62,ORIGINAL5,1.0,DOMAIN_OOD,2116,0.5,0.9208565658976352,0.9204843107335952
BASE_XGBOOST,62,ORIGINAL5,1.0,TEMPLATE_OOD,2116,0.5,0.9320136138633089,0.9278411669483742
BASE_XGBOOST,62,ORIGINAL5,1.0,DOMAIN_TEMPLATE_OOD,2116,0.5,0.9124355300627093,0.9114845573021823
BASE_XGBOOST,72,ORIGINAL5,0.1,IID_BALANCED,2116,0.5,0.8842209291158446,0.8842914369231099
BASE_XGBOOST,72,ORIGINAL5,0.1,TEMPORAL,2116,0.5,0.8832410897723697,0.9007177289961085
BASE_XGBOOST,72,ORIGINAL5,0.1,DOMAIN_OOD,2116,0.5,0.8500505650823784,0.8708605958383508
BASE_XGBOOST,72,ORIGINAL5,0.1,TEMPLATE_OOD,2116,0.5,0.8661979421242426,0.8821402153365662
BASE_XGBOOST,72,ORIGINAL5,0.1,DOMAIN_TEMPLATE_OOD,2116,0.5,0.8512006336721338,0.8662177808112465
BASE_XGBOOST,72,ORIGINAL5,0.25,IID_BALANCED,2116,0.5,0.9069661263381732,0.9030878248719808
BASE_XGBOOST,72,ORIGINAL5,0.25,TEMPORAL,2116,0.5,0.916580896631541,0.9188405201525152
BASE_XGBOOST,72,ORIGINAL5,0.25,DOMAIN_OOD,2116,0.5,0.885022558588096,0.8926881693533113
BASE_XGBOOST,72,ORIGINAL5,0.25,TEMPLATE_OOD,2116,0.5,0.90113528228548,0.9038632652113164
BASE_XGBOOST,72,ORIGINAL5,0.25,DOMAIN_TEMPLATE_OOD,2116,0.5,0.8747946093949908,0.8837893661043236
BASE_XGBOOST,72,ORIGINAL5,1.0,IID_BALANCED,2116,0.5,0.9304703817324338,0.9242319745855682
BASE_XGBOOST,72,ORIGINAL5,1.0,TEMPORAL,2116,0.5,0.9437728310061133,0.9408851812279115
BASE_XGBOOST,72,ORIGINAL5,1.0,DOMAIN_OOD,2116,0.5,0.9219915140606804,0.9208211091298274
BASE_XGBOOST,72,ORIGINAL5,1.0,TEMPLATE_OOD,2116,0.5,0.9338141014992006,0.9292839505290504
BASE_XGBOOST,72,ORIGINAL5,1.0,DOMAIN_TEMPLATE_OOD,2116,0.5,0.9135928642904089,0.9119231992452859
BASE_XGBOOST,82,ORIGINAL5,0.1,IID_BALANCED,2116,0.5,0.8852633007193482,0.8830916484718108
BASE_XGBOOST,82,ORIGINAL5,0.1,TEMPORAL,2116,0.5,0.8859182851328411,0.8769095665038361
BASE_XGBOOST,82,ORIGINAL5,0.1,DOMAIN_OOD,2116,0.5,0.8573421543630448,0.8475419970626177
BASE_XGBOOST,82,ORIGINAL5,0.1,TEMPLATE_OOD,2116,0.5,0.8793245369309519,0.8653521106628408
BASE_XGBOOST,82,ORIGINAL5,0.1,DOMAIN_TEMPLATE_OOD,2116,0.5,0.8499176476028159,0.8408453371736093
BASE_XGBOOST,82,ORIGINAL5,0.25,IID_BALANCED,2116,0.5,0.891127325311527,0.8956925539860134
BASE_XGBOOST,82,ORIGINAL5,0.25,TEMPORAL,2116,0.5,0.9025105553722651,0.8962366129337731
BASE_XGBOOST,82,ORIGINAL5,0.25,DOMAIN_OOD,2116,0.5,0.8847902665863087,0.8754998374076707
BASE_XGBOOST,82,ORIGINAL5,0.25,TEMPLATE_OOD,2116,0.5,0.9020000367408822,0.8921539374144603
BASE_XGBOOST,82,ORIGINAL5,0.25,DOMAIN_TEMPLATE_OOD,2116,0.5,0.8735176084405589,0.8653404969250396
BASE_XGBOOST,82,ORIGINAL5,1.0,IID_BALANCED,2116,0.5,0.930233220797613,0.9242292944922296
BASE_XGBOOST,82,ORIGINAL5,1.0,TEMPORAL,2116,0.5,0.9410290628233356,0.9381228983601402
BASE_XGBOOST,82,ORIGINAL5,1.0,DOMAIN_OOD,2116,0.5,0.9222799290493601,0.9224702598975847
BASE_XGBOOST,82,ORIGINAL5,1.0,TEMPLATE_OOD,2116,0.5,0.9316638607333333,0.9270666199734849
BASE_XGBOOST,82,ORIGINAL5,1.0,DOMAIN_TEMPLATE_OOD,2116,0.5,0.9144116865301211,0.9142111055921043
BASE_XGBOOST,242,REPLICATION5,0.1,IID_BALANCED,2116,0.5,0.8897415024193884,0.8905253340289665
BASE_XGBOOST,242,REPLICATION5,0.1,TEMPORAL,2116,0.5,0.8986601150262568,0.9014386741042235
BASE_XGBOOST,242,REPLICATION5,0.1,DOMAIN_OOD,2116,0.5,0.852341513530524,0.864239871927273
BASE_XGBOOST,242,REPLICATION5,0.1,TEMPLATE_OOD,2116,0.5,0.8787843647305866,0.8822903005635343
BASE_XGBOOST,242,REPLICATION5,0.1,DOMAIN_TEMPLATE_OOD,2116,0.5,0.8536924304353222,0.8616428614820559
BASE_XGBOOST,242,REPLICATION5,0.25,IID_BALANCED,2116,0.5,0.9106756557972646,0.9092815205777567
BASE_XGBOOST,242,REPLICATION5,0.25,TEMPORAL,2116,0.5,0.9230114045931683,0.9194042331180919
BASE_XGBOOST,242,REPLICATION5,0.25,DOMAIN_OOD,2116,0.5,0.8898769379743239,0.8916920679957547
BASE_XGBOOST,242,REPLICATION5,0.25,TEMPLATE_OOD,2116,0.5,0.9074360775677461,0.9025509128397913
BASE_XGBOOST,242,REPLICATION5,0.25,DOMAIN_TEMPLATE_OOD,2116,0.5,0.8829069229902486,0.8816854928334303
BASE_XGBOOST,242,REPLICATION5,1.0,IID_BALANCED,2116,0.5,0.9314004610473102,0.9263689023409721
BASE_XGBOOST,242,REPLICATION5,1.0,TEMPORAL,2116,0.5,0.9422956957576634,0.9396844994121663
BASE_XGBOOST,242,REPLICATION5,1.0,DOMAIN_OOD,2116,0.5,0.9186622717013836,0.9194730221804523
BASE_XGBOOST,242,REPLICATION5,1.0,TEMPLATE_OOD,2116,0.5,0.9321470745525396,0.9288194010170062
BASE_XGBOOST,242,REPLICATION5,1.0,DOMAIN_TEMPLATE_OOD,2116,0.5,0.912160582187171,0.9119178390586083
BASE_XGBOOST,252,REPLICATION5,0.1,IID_BALANCED,2116,0.5,0.8824293664644981,0.8813397607927359
BASE_XGBOOST,252,REPLICATION5,0.1,TEMPORAL,2116,0.5,0.8981227386376553,0.8921628710589228
BASE_XGBOOST,252,REPLICATION5,0.1,DOMAIN_OOD,2116,0.5,0.8471683853418062,0.852359018156739
BASE_XGBOOST,252,REPLICATION5,0.1,TEMPLATE_OOD,2116,0.5,0.8778563894553955,0.8708409418205336
BASE_XGBOOST,252,REPLICATION5,0.1,DOMAIN_TEMPLATE_OOD,2116,0.5,0.8431944491050636,0.8444732901897865
BASE_XGBOOST,252,REPLICATION5,0.25,IID_BALANCED,2116,0.5,0.909413662850241,0.9099962121347479
BASE_XGBOOST,252,REPLICATION5,0.25,TEMPORAL,2116,0.5,0.9205736426450022,0.9183643569026697
BASE_XGBOOST,252,REPLICATION5,0.25,DOMAIN_OOD,2116,0.5,0.8960067059052685,0.8926006196375799
BASE_XGBOOST,252,REPLICATION5,0.25,TEMPLATE_OOD,2116,0.5,0.9089910364131538,0.9079736350284625
BASE_XGBOOST,252,REPLICATION5,0.25,DOMAIN_TEMPLATE_OOD,2116,0.5,0.8891586485788792,0.8853286330451935
BASE_XGBOOST,252,REPLICATION5,1.0,IID_BALANCED,2116,0.5,0.9296163166439988,0.9236682616199914
BASE_XGBOOST,252,REPLICATION5,1.0,TEMPORAL,2116,0.5,0.9425109503599466,0.939762222118989
BASE_XGBOOST,252,REPLICATION5,1.0,DOMAIN_OOD,2116,0.5,0.9229064488903547,0.921888679643083
BASE_XGBOOST,252,REPLICATION5,1.0,TEMPLATE_OOD,2116,0.5,0.9344574935294887,0.9313351152976155
BASE_XGBOOST,252,REPLICATION5,1.0,DOMAIN_TEMPLATE_OOD,2116,0.5,0.9127629441892136,0.9115202918800317
BASE_XGBOOST,262,REPLICATION5,0.1,IID_BALANCED,2116,0.5,0.8743778540644584,0.8735773171193641
BASE_XGBOOST,262,REPLICATION5,0.1,TEMPORAL,2116,0.5,0.8904361104043865,0.8911587294213499
BASE_XGBOOST,262,REPLICATION5,0.1,DOMAIN_OOD,2116,0.5,0.8518856390781677,0.8491214654035686
BASE_XGBOOST,262,REPLICATION5,0.1,TEMPLATE_OOD,2116,0.5,0.8698960628155841,0.8637869361530297
BASE_XGBOOST,262,REPLICATION5,0.1,DOMAIN_TEMPLATE_OOD,2116,0.5,0.8353962757293099,0.8321877423251061
BASE_XGBOOST,262,REPLICATION5,0.25,IID_BALANCED,2116,0.5,0.9040566653668624,0.8984762776004946
BASE_XGBOOST,262,REPLICATION5,0.25,TEMPORAL,2116,0.5,0.9123171878010811,0.9102561811886035
BASE_XGBOOST,262,REPLICATION5,0.25,DOMAIN_OOD,2116,0.5,0.8876810584551266,0.8803651001818888
BASE_XGBOOST,262,REPLICATION5,0.25,TEMPLATE_OOD,2116,0.5,0.9016585770900418,0.8942774647031708
BASE_XGBOOST,262,REPLICATION5,0.25,DOMAIN_TEMPLATE_OOD,2116,0.5,0.8760379577744952,0.8709669062074535
BASE_XGBOOST,262,REPLICATION5,1.0,IID_BALANCED,2116,0.5,0.9311225120060025,0.9248385690445646
BASE_XGBOOST,262,REPLICATION5,1.0,TEMPORAL,2116,0.5,0.9434647607854193,0.9405823306806365
BASE_XGBOOST,262,REPLICATION5,1.0,DOMAIN_OOD,2116,0.5,0.9244879466155806,0.9230750676276885
BASE_XGBOOST,262,REPLICATION5,1.0,TEMPLATE_OOD,2116,0.5,0.9343592401217953,0.9302398504865262
BASE_XGBOOST,262,REPLICATION5,1.0,DOMAIN_TEMPLATE_OOD,2116,0.5,0.9178073025208769,0.9160987846670073
BASE_XGBOOST,272,REPLICATION5,0.1,IID_BALANCED,2116,0.5,0.8833455470892888,0.888039100775083
BASE_XGBOOST,272,REPLICATION5,0.1,TEMPORAL,2116,0.5,0.899200627451616,0.8927980531801987
BASE_XGBOOST,272,REPLICATION5,0.1,DOMAIN_OOD,2116,0.5,0.8512383041492311,0.8473222294088428
BASE_XGBOOST,272,REPLICATION5,0.1,TEMPLATE_OOD,2116,0.5,0.8788064118561205,0.8697045822449176
BASE_XGBOOST,272,REPLICATION5,0.1,DOMAIN_TEMPLATE_OOD,2116,0.5,0.8414346546445486,0.8323878559610636
BASE_XGBOOST,272,REPLICATION5,0.25,IID_BALANCED,2116,0.5,0.9031484925569258,0.9014261670019761
BASE_XGBOOST,272,REPLICATION5,0.25,TEMPORAL,2116,0.5,0.9089973441525347,0.9037837557756012
BASE_XGBOOST,272,REPLICATION5,0.25,DOMAIN_OOD,2116,0.5,0.8736412895540739,0.8704701955753446
BASE_XGBOOST,272,REPLICATION5,0.25,TEMPLATE_OOD,2116,0.5,0.8970125159725284,0.8872574068846237
BASE_XGBOOST,272,REPLICATION5,0.25,DOMAIN_TEMPLATE_OOD,2116,0.5,0.8653183194493836,0.8593933698064258
BASE_XGBOOST,272,REPLICATION5,1.0,IID_BALANCED,2116,0.5,0.9323958122439406,0.926401063461037
BASE_XGBOOST,272,REPLICATION5,1.0,TEMPORAL,2116,0.5,0.9434670189282122,0.9411469370106597
BASE_XGBOOST,272,REPLICATION5,1.0,DOMAIN_OOD,2116,0.5,0.9222198458781503,0.9231125889344307
BASE_XGBOOST,272,REPLICATION5,1.0,TEMPLATE_OOD,2116,0.5,0.9340182941466519,0.9301469405841174
BASE_XGBOOST,272,REPLICATION5,1.0,DOMAIN_TEMPLATE_OOD,2116,0.5,0.914867726609376,0.9155770598304036
BASE_XGBOOST,282,REPLICATION5,0.1,IID_BALANCED,2116,0.5,0.882812511451211,0.8806911782047663
BASE_XGBOOST,282,REPLICATION5,0.1,TEMPORAL,2116,0.5,0.898952480373582,0.8943846684367194
BASE_XGBOOST,282,REPLICATION5,0.1,DOMAIN_OOD,2116,0.5,0.852159323495985,0.8525671720727127
BASE_XGBOOST,282,REPLICATION5,0.1,TEMPLATE_OOD,2116,0.5,0.8814952090538868,0.8728929999535449
BASE_XGBOOST,282,REPLICATION5,0.1,DOMAIN_TEMPLATE_OOD,2116,0.5,0.8404466730122097,0.8386878620359419
BASE_XGBOOST,282,REPLICATION5,0.25,IID_BALANCED,2116,0.5,0.9117677627792662,0.9080477842775004
BASE_XGBOOST,282,REPLICATION5,0.25,TEMPORAL,2116,0.5,0.9263197550781925,0.9230786410854736
BASE_XGBOOST,282,REPLICATION5,0.25,DOMAIN_OOD,2116,0.5,0.8887702649280883,0.8873404897781241
BASE_XGBOOST,282,REPLICATION5,0.25,TEMPLATE_OOD,2116,0.5,0.9087518214562915,0.9046306652706357
BASE_XGBOOST,282,REPLICATION5,0.25,DOMAIN_TEMPLATE_OOD,2116,0.5,0.8770257113167651,0.8753158043317455
BASE_XGBOOST,282,REPLICATION5,1.0,IID_BALANCED,2116,0.5,0.9334010646616138,0.9283191169271122
BASE_XGBOOST,282,REPLICATION5,1.0,TEMPORAL,2116,0.5,0.9425047281197041,0.9397488216522955
BASE_XGBOOST,282,REPLICATION5,1.0,DOMAIN_OOD,2116,0.5,0.9210777593218422,0.9208800711832792
BASE_XGBOOST,282,REPLICATION5,1.0,TEMPLATE_OOD,2116,0.5,0.9338402296697592,0.9297431398544174
BASE_XGBOOST,282,REPLICATION5,1.0,DOMAIN_TEMPLATE_OOD,2116,0.5,0.9126404403800357,0.9127969096737075
BASE_MLP,42,ORIGINAL5,0.1,IID_BALANCED,2116,0.5,0.9020461070448695,0.8933045908212164
BASE_MLP,42,ORIGINAL5,0.1,TEMPORAL,2116,0.5,0.9024334412910447,0.8943444670366386
BASE_MLP,42,ORIGINAL5,0.1,DOMAIN_OOD,2116,0.5,0.8714965722052502,0.8693802909509328
BASE_MLP,42,ORIGINAL5,0.1,TEMPLATE_OOD,2116,0.5,0.8954820574770284,0.8859423744197599
BASE_MLP,42,ORIGINAL5,0.1,DOMAIN_TEMPLATE_OOD,2116,0.5,0.8623621470962458,0.8559217555683405
BASE_MLP,42,ORIGINAL5,0.25,IID_BALANCED,2116,0.5,0.9201195641823804,0.9119866281209685
BASE_MLP,42,ORIGINAL5,0.25,TEMPORAL,2116,0.5,0.9309702578339621,0.9261464545938587
BASE_MLP,42,ORIGINAL5,0.25,DOMAIN_OOD,2116,0.5,0.8993323221357165,0.8994397711557633
BASE_MLP,42,ORIGINAL5,0.25,TEMPLATE_OOD,2116,0.5,0.9179204371237821,0.9132123241412087
BASE_MLP,42,ORIGINAL5,0.25,DOMAIN_TEMPLATE_OOD,2116,0.5,0.8938125434849868,0.8939058250935352
BASE_MLP,42,ORIGINAL5,1.0,IID_BALANCED,2116,0.5,0.9385647426869208,0.9298369431212725
BASE_MLP,42,ORIGINAL5,1.0,TEMPORAL,2116,0.5,0.9506317634061096,0.9459621713758884
BASE_MLP,42,ORIGINAL5,1.0,DOMAIN_OOD,2116,0.5,0.9355988153417909,0.9318952548054075
BASE_MLP,42,ORIGINAL5,1.0,TEMPLATE_OOD,2116,0.5,0.9463766034743787,0.941372511533335
BASE_MLP,42,ORIGINAL5,1.0,DOMAIN_TEMPLATE_OOD,2116,0.5,0.9302703765581436,0.9270304387134123
BASE_MLP,52,ORIGINAL5,0.1,IID_BALANCED,2116,0.5,0.8645084382027931,0.8702977762372204
BASE_MLP,52,ORIGINAL5,0.1,TEMPORAL,2116,0.5,0.8666923655864271,0.861433814201636
BASE_MLP,52,ORIGINAL5,0.1,DOMAIN_OOD,2116,0.5,0.768855852453407,0.7993726794858509
BASE_MLP,52,ORIGINAL5,0.1,TEMPLATE_OOD,2116,0.5,0.8309171995376536,0.8368716521167378
BASE_MLP,52,ORIGINAL5,0.1,DOMAIN_TEMPLATE_OOD,2116,0.5,0.7786947393420228,0.798069260758788
BASE_MLP,52,ORIGINAL5,0.25,IID_BALANCED,2116,0.5,0.9145822263971042,0.9106787425716747
BASE_MLP,52,ORIGINAL5,0.25,TEMPORAL,2116,0.5,0.9246129072558652,0.9173919297029384
BASE_MLP,52,ORIGINAL5,0.25,DOMAIN_OOD,2116,0.5,0.9070586338577744,0.9019175174474078
BASE_MLP,52,ORIGINAL5,0.25,TEMPLATE_OOD,2116,0.5,0.919810037319808,0.916598175392455
BASE_MLP,52,ORIGINAL5,0.25,DOMAIN_TEMPLATE_OOD,2116,0.5,0.9036635263960267,0.8963491768539993
BASE_MLP,52,ORIGINAL5,1.0,IID_BALANCED,2116,0.5,0.9404687104796192,0.9308969200367352
BASE_MLP,52,ORIGINAL5,1.0,TEMPORAL,2116,0.5,0.9511161674642322,0.9466514020461619
BASE_MLP,52,ORIGINAL5,1.0,DOMAIN_OOD,2116,0.5,0.9401528881282992,0.9392074427978746
BASE_MLP,52,ORIGINAL5,1.0,TEMPLATE_OOD,2116,0.5,0.9471226723671173,0.9433883884062735
BASE_MLP,52,ORIGINAL5,1.0,DOMAIN_TEMPLATE_OOD,2116,0.5,0.9379289858040252,0.9358340986488756
BASE_MLP,62,ORIGINAL5,0.1,IID_BALANCED,2116,0.5,0.8955781104488114,0.8828513334357725
BASE_MLP,62,ORIGINAL5,0.1,TEMPORAL,2116,0.5,0.8977107836427292,0.8875736578985923
BASE_MLP,62,ORIGINAL5,0.1,DOMAIN_OOD,2116,0.5,0.8548723952371686,0.8509144478471704
BASE_MLP,62,ORIGINAL5,0.1,TEMPLATE_OOD,2116,0.5,0.8879386743882023,0.876094818128866
BASE_MLP,62,ORIGINAL5,0.1,DOMAIN_TEMPLATE_OOD,2116,0.5,0.8523916536684972,0.844161505998049
BASE_MLP,62,ORIGINAL5,0.25,IID_BALANCED,2116,0.5,0.9085741599882311,0.8996948267051647
BASE_MLP,62,ORIGINAL5,0.25,TEMPORAL,2116,0.5,0.9107995692748554,0.89741317390947
BASE_MLP,62,ORIGINAL5,0.25,DOMAIN_OOD,2116,0.5,0.880347943917897,0.8677722349477024
BASE_MLP,62,ORIGINAL5,0.25,TEMPLATE_OOD,2116,0.5,0.9016108554691908,0.8874021319249146
BASE_MLP,62,ORIGINAL5,0.25,DOMAIN_TEMPLATE_OOD,2116,0.5,0.8710192658035738,0.8568472811346444
BASE_MLP,62,ORIGINAL5,1.0,IID_BALANCED,2116,0.5,0.9413455363891242,0.9349259936892735
BASE_MLP,62,ORIGINAL5,1.0,TEMPORAL,2116,0.5,0.9556537484355049,0.9512544623554089
BASE_MLP,62,ORIGINAL5,1.0,DOMAIN_OOD,2116,0.5,0.9451371098689373,0.9424378486354752
BASE_MLP,62,ORIGINAL5,1.0,TEMPLATE_OOD,2116,0.5,0.9496909721016406,0.9448445724536434
BASE_MLP,62,ORIGINAL5,1.0,DOMAIN_TEMPLATE_OOD,2116,0.5,0.9402610336987924,0.9361708970451077
BASE_MLP,72,ORIGINAL5,0.1,IID_BALANCED,2116,0.5,0.9064815244523018,0.9014511812064708
BASE_MLP,72,ORIGINAL5,0.1,TEMPORAL,2116,0.5,0.9155474310520572,0.9185242691385465
BASE_MLP,72,ORIGINAL5,0.1,DOMAIN_OOD,2116,0.5,0.8694921858405101,0.8912909473593933
BASE_MLP,72,ORIGINAL5,0.1,TEMPLATE_OOD,2116,0.5,0.901174458025738,0.9067363252704215
BASE_MLP,72,ORIGINAL5,0.1,DOMAIN_TEMPLATE_OOD,2116,0.5,0.8681926763013108,0.8867356820480201
BASE_MLP,72,ORIGINAL5,0.25,IID_BALANCED,2116,0.5,0.9217646240426969,0.9135562694530108
BASE_MLP,72,ORIGINAL5,0.25,TEMPORAL,2116,0.5,0.9379204249934787,0.9324303801087045
BASE_MLP,72,ORIGINAL5,0.25,DOMAIN_OOD,2116,0.5,0.9148584995880611,0.9135357220707473
BASE_MLP,72,ORIGINAL5,0.25,TEMPLATE_OOD,2116,0.5,0.932379626027742,0.9268486390486026
BASE_MLP,72,ORIGINAL5,0.25,DOMAIN_TEMPLATE_OOD,2116,0.5,0.906748469245292,0.9053873449566004
BASE_MLP,72,ORIGINAL5,1.0,IID_BALANCED,2116,0.5,0.9337872041589886,0.9235985791931848
BASE_MLP,72,ORIGINAL5,1.0,TEMPORAL,2116,0.5,0.9477716778634818,0.9405680368494966
BASE_MLP,72,ORIGINAL5,1.0,DOMAIN_OOD,2116,0.5,0.9382532841470962,0.9343189525480541
BASE_MLP,72,ORIGINAL5,1.0,TEMPLATE_OOD,2116,0.5,0.9465634708108149,0.9396442980120855
BASE_MLP,72,ORIGINAL5,1.0,DOMAIN_TEMPLATE_OOD,2116,0.5,0.9337842038002974,0.9291687065154857
BASE_MLP,82,ORIGINAL5,0.1,IID_BALANCED,2116,0.5,0.8928617656193052,0.8864596324341323
BASE_MLP,82,ORIGINAL5,0.1,TEMPORAL,2116,0.5,0.8968859113218364,0.882999631933848
BASE_MLP,82,ORIGINAL5,0.1,DOMAIN_OOD,2116,0.5,0.8702459168828189,0.8606708809645477
BASE_MLP,82,ORIGINAL5,0.1,TEMPLATE_OOD,2116,0.5,0.8907923527236292,0.8752211077004441
BASE_MLP,82,ORIGINAL5,0.1,DOMAIN_TEMPLATE_OOD,2116,0.5,0.8631492135127647,0.8470703006350035
BASE_MLP,82,ORIGINAL5,0.25,IID_BALANCED,2116,0.5,0.9149574610263718,0.9110887968524983
BASE_MLP,82,ORIGINAL5,0.25,TEMPORAL,2116,0.5,0.9231700266430622,0.91925504125557
BASE_MLP,82,ORIGINAL5,0.25,DOMAIN_OOD,2116,0.5,0.9092283433002237,0.9026768772267109
BASE_MLP,82,ORIGINAL5,0.25,TEMPLATE_OOD,2116,0.5,0.9209842990577053,0.9139207621470763
BASE_MLP,82,ORIGINAL5,0.25,DOMAIN_TEMPLATE_OOD,2116,0.5,0.8992003494648879,0.8901791553060487
BASE_MLP,82,ORIGINAL5,1.0,IID_BALANCED,2116,0.5,0.9422499097972281,0.935544648568294
BASE_MLP,82,ORIGINAL5,1.0,TEMPORAL,2116,0.5,0.9552060771550368,0.9536075843068028
BASE_MLP,82,ORIGINAL5,1.0,DOMAIN_OOD,2116,0.5,0.9443152393686232,0.9426987110537769
BASE_MLP,82,ORIGINAL5,1.0,TEMPLATE_OOD,2116,0.5,0.9506613677453369,0.9477078055038397
BASE_MLP,82,ORIGINAL5,1.0,DOMAIN_TEMPLATE_OOD,2116,0.5,0.9407534776304646,0.9384797974564125
BASE_MLP,242,REPLICATION5,0.1,IID_BALANCED,2116,0.5,0.8440615303820656,0.8486185012203358
BASE_MLP,242,REPLICATION5,0.1,TEMPORAL,2116,0.5,0.84440438219482,0.8351635392955286
BASE_MLP,242,REPLICATION5,0.1,DOMAIN_OOD,2116,0.5,0.7491469512392837,0.7781204326742687
BASE_MLP,242,REPLICATION5,0.1,TEMPLATE_OOD,2116,0.5,0.8084426432199454,0.8007091526974246
BASE_MLP,242,REPLICATION5,0.1,DOMAIN_TEMPLATE_OOD,2116,0.5,0.7609156354246782,0.7791326145918576
BASE_MLP,242,REPLICATION5,0.25,IID_BALANCED,2116,0.5,0.9201367775086512,0.9126155566911209
BASE_MLP,242,REPLICATION5,0.25,TEMPORAL,2116,0.5,0.9295586568872314,0.9230009183786506
BASE_MLP,242,REPLICATION5,0.25,DOMAIN_OOD,2116,0.5,0.9039416968204762,0.8999038739855846
BASE_MLP,242,REPLICATION5,0.25,TEMPLATE_OOD,2116,0.5,0.9227882135877441,0.9155475788036778
BASE_MLP,242,REPLICATION5,0.25,DOMAIN_TEMPLATE_OOD,2116,0.5,0.9025009411248182,0.8957247151060781
BASE_MLP,242,REPLICATION5,1.0,IID_BALANCED,2116,0.5,0.9312269049885165,0.9223987907418857
BASE_MLP,242,REPLICATION5,1.0,TEMPORAL,2116,0.5,0.9436390499981073,0.9368257331842009
BASE_MLP,242,REPLICATION5,1.0,DOMAIN_OOD,2116,0.5,0.929463600657787,0.9262080967406491
BASE_MLP,242,REPLICATION5,1.0,TEMPLATE_OOD,2116,0.5,0.9397605929125414,0.9318470131253105
BASE_MLP,242,REPLICATION5,1.0,DOMAIN_TEMPLATE_OOD,2116,0.5,0.9258642144130235,0.9202707966309441
BASE_MLP,252,REPLICATION5,0.1,IID_BALANCED,2116,0.5,0.8832313630406725,0.8872609803424087
BASE_MLP,252,REPLICATION5,0.1,TEMPORAL,2116,0.5,0.8861110151589959,0.8815121801308601
BASE_MLP,252,REPLICATION5,0.1,DOMAIN_OOD,2116,0.5,0.8237660017749528,0.8394155073774037
BASE_MLP,252,REPLICATION5,0.1,TEMPLATE_OOD,2116,0.5,0.8713140111525361,0.8665358185541076
BASE_MLP,252,REPLICATION5,0.1,DOMAIN_TEMPLATE_OOD,2116,0.5,0.8266326891857141,0.8313560200256574
BASE_MLP,252,REPLICATION5,0.25,IID_BALANCED,2116,0.5,0.9199953952796869,0.9189119893082143
BASE_MLP,252,REPLICATION5,0.25,TEMPORAL,2116,0.5,0.9345220871508447,0.9316013379025947
BASE_MLP,252,REPLICATION5,0.25,DOMAIN_OOD,2116,0.5,0.9167154717570658,0.9088857601280728
BASE_MLP,252,REPLICATION5,0.25,TEMPLATE_OOD,2116,0.5,0.9354344980533953,0.9272211720226844
BASE_MLP,252,REPLICATION5,0.25,DOMAIN_TEMPLATE_OOD,2116,0.5,0.9065087727368182,0.9000164379058108
BASE_MLP,252,REPLICATION5,1.0,IID_BALANCED,2116,0.5,0.9453120564258741,0.9385244656787247
BASE_MLP,252,REPLICATION5,1.0,TEMPORAL,2116,0.5,0.9563906488147629,0.9512991305777211
BASE_MLP,252,REPLICATION5,1.0,DOMAIN_OOD,2116,0.5,0.9454925854334477,0.943651484235691
BASE_MLP,252,REPLICATION5,1.0,TEMPLATE_OOD,2116,0.5,0.9549599096566764,0.9491568426356396
BASE_MLP,252,REPLICATION5,1.0,DOMAIN_TEMPLATE_OOD,2116,0.5,0.9441568951794678,0.9405537430183569
BASE_MLP,262,REPLICATION5,0.1,IID_BALANCED,2116,0.5,0.9086539834943482,0.908393516318195
BASE_MLP,262,REPLICATION5,0.1,TEMPORAL,2116,0.5,0.9187717308928134,0.908632937989787
BASE_MLP,262,REPLICATION5,0.1,DOMAIN_OOD,2116,0.5,0.8841763151310291,0.8732722331609736
BASE_MLP,262,REPLICATION5,0.1,TEMPLATE_OOD,2116,0.5,0.9054235827298233,0.8929320578471346
BASE_MLP,262,REPLICATION5,0.1,DOMAIN_TEMPLATE_OOD,2116,0.5,0.8730683003237686,0.8587260265650851
BASE_MLP,262,REPLICATION5,0.25,IID_BALANCED,2116,0.5,0.9046903363604712,0.8998547389410416
BASE_MLP,262,REPLICATION5,0.25,TEMPORAL,2116,0.5,0.9061758500176743,0.8936905242619916
BASE_MLP,262,REPLICATION5,0.25,DOMAIN_OOD,2116,0.5,0.8650436441322089,0.8553598293316562
BASE_MLP,262,REPLICATION5,0.25,TEMPLATE_OOD,2116,0.5,0.8928860055699218,0.8763655075560766
BASE_MLP,262,REPLICATION5,0.25,DOMAIN_TEMPLATE_OOD,2116,0.5,0.8568550640762441,0.8422255852430487
BASE_MLP,262,REPLICATION5,1.0,IID_BALANCED,2116,0.5,0.9485070368735731,0.9388331230949005
BASE_MLP,262,REPLICATION5,1.0,TEMPORAL,2116,0.5,0.9576284472625866,0.9527454876161819
BASE_MLP,262,REPLICATION5,1.0,DOMAIN_OOD,2116,0.5,0.9505156284285208,0.9471458792671552
BASE_MLP,262,REPLICATION5,1.0,TEMPLATE_OOD,2116,0.5,0.9544326890124136,0.9484341107986322
BASE_MLP,262,REPLICATION5,1.0,DOMAIN_TEMPLATE_OOD,2116,0.5,0.945054431403024,0.942071122530294
BASE_MLP,272,REPLICATION5,0.1,IID_BALANCED,2116,0.5,0.9018811287239574,0.8998931536122298
BASE_MLP,272,REPLICATION5,0.1,TEMPORAL,2116,0.5,0.9126338594288113,0.9010956221568677
BASE_MLP,272,REPLICATION5,0.1,DOMAIN_OOD,2116,0.5,0.8672359854074844,0.8601370957079199
BASE_MLP,272,REPLICATION5,0.1,TEMPLATE_OOD,2116,0.5,0.8949490566306273,0.8808747645984685
BASE_MLP,272,REPLICATION5,0.1,DOMAIN_TEMPLATE_OOD,2116,0.5,0.8630488031176335,0.8515210423061667
BASE_MLP,272,REPLICATION5,0.25,IID_BALANCED,2116,0.5,0.9151495043257653,0.9103928659488781
BASE_MLP,272,REPLICATION5,0.25,TEMPORAL,2116,0.5,0.9267598004817311,0.919243427517769
BASE_MLP,272,REPLICATION5,0.25,DOMAIN_OOD,2116,0.5,0.8962430869103131,0.8929910199005863
BASE_MLP,272,REPLICATION5,0.25,TEMPLATE_OOD,2116,0.5,0.9179351944666857,0.9082121633356084
BASE_MLP,272,REPLICATION5,0.25,DOMAIN_TEMPLATE_OOD,2116,0.5,0.8900439044694785,0.886537355140955
BASE_MLP,272,REPLICATION5,1.0,IID_BALANCED,2116,0.5,0.9414390134839721,0.9345253197351354
BASE_MLP,272,REPLICATION5,1.0,TEMPORAL,2116,0.5,0.9512070893897077,0.9463561450966798
BASE_MLP,272,REPLICATION5,1.0,DOMAIN_OOD,2116,0.5,0.9415979456569062,0.9388929785127984
BASE_MLP,272,REPLICATION5,1.0,TEMPLATE_OOD,2116,0.5,0.9502038244031552,0.9446484789576938
BASE_MLP,272,REPLICATION5,1.0,DOMAIN_TEMPLATE_OOD,2116,0.5,0.9375973707644638,0.9339008579872142
BASE_MLP,282,REPLICATION5,0.1,IID_BALANCED,2116,0.5,0.9087817090214159,0.9081540946466029
BASE_MLP,282,REPLICATION5,0.1,TEMPORAL,2116,0.5,0.908729521885207,0.9025187517197265
BASE_MLP,282,REPLICATION5,0.1,DOMAIN_OOD,2116,0.5,0.8738139552702857,0.8695142956178685
BASE_MLP,282,REPLICATION5,0.1,TEMPLATE_OOD,2116,0.5,0.8986249520530463,0.889302318102065
BASE_MLP,282,REPLICATION5,0.1,DOMAIN_TEMPLATE_OOD,2116,0.5,0.8657162012653656,0.8619153376381588
BASE_MLP,282,REPLICATION5,0.25,IID_BALANCED,2116,0.5,0.9274882678067704,0.9242355480433532
BASE_MLP,282,REPLICATION5,0.25,TEMPORAL,2116,0.5,0.9402663556671598,0.9369409771977658
BASE_MLP,282,REPLICATION5,0.25,DOMAIN_OOD,2116,0.5,0.9150415404174377,0.9156512090794415
BASE_MLP,282,REPLICATION5,0.25,TEMPLATE_OOD,2116,0.5,0.9310844749717857,0.9276705343391426
BASE_MLP,282,REPLICATION5,0.25,DOMAIN_TEMPLATE_OOD,2116,0.5,0.9082579769853999,0.9098675676544895
BASE_MLP,282,REPLICATION5,1.0,IID_BALANCED,2116,0.5,0.9403261579586193,0.9314691199645513
BASE_MLP,282,REPLICATION5,1.0,TEMPORAL,2116,0.5,0.9554714696229101,0.9515613330426921
BASE_MLP,282,REPLICATION5,1.0,DOMAIN_OOD,2116,0.5,0.9475112574335887,0.9451916445410071
BASE_MLP,282,REPLICATION5,1.0,TEMPLATE_OOD,2116,0.5,0.9544383671460224,0.9503789651980946
BASE_MLP,282,REPLICATION5,1.0,DOMAIN_TEMPLATE_OOD,2116,0.5,0.9406423862128235,0.9383596399383936
DAPT_LOGREG,42,ORIGINAL5,0.1,IID_BALANCED,2116,0.5,0.8911862092883179,0.8820401585185873
DAPT_LOGREG,42,ORIGINAL5,0.1,TEMPORAL,2116,0.5,0.9059265053230412,0.8955219213767819
DAPT_LOGREG,42,ORIGINAL5,0.1,DOMAIN_OOD,2116,0.5,0.896152414665593,0.8861630354379808
DAPT_LOGREG,42,ORIGINAL5,0.1,TEMPLATE_OOD,2116,0.5,0.9092236869448018,0.8972371811135609
DAPT_LOGREG,42,ORIGINAL5,0.1,DOMAIN_TEMPLATE_OOD,2116,0.5,0.8726352044592993,0.8640049170779122
DAPT_LOGREG,42,ORIGINAL5,0.25,IID_BALANCED,2116,0.5,0.9136421979685253,0.8998806465099825
DAPT_LOGREG,42,ORIGINAL5,0.25,TEMPORAL,2116,0.5,0.9330541436440791,0.9251324859473773
DAPT_LOGREG,42,ORIGINAL5,0.25,DOMAIN_OOD,2116,0.5,0.9223033367632336,0.9163525001697392
DAPT_LOGREG,42,ORIGINAL5,0.25,TEMPLATE_OOD,2116,0.5,0.9299999905388129,0.9218368645052012
DAPT_LOGREG,42,ORIGINAL5,0.25,DOMAIN_TEMPLATE_OOD,2116,0.5,0.9024902724536137,0.8981242920086763
DAPT_LOGREG,42,ORIGINAL5,1.0,IID_BALANCED,2116,0.5,0.9288733151485472,0.9204485761557457
DAPT_LOGREG,42,ORIGINAL5,1.0,TEMPORAL,2116,0.5,0.9544885174765394,0.9490407052576284
DAPT_LOGREG,42,ORIGINAL5,1.0,DOMAIN_OOD,2116,0.5,0.9364811254375499,0.9332192209147337
DAPT_LOGREG,42,ORIGINAL5,1.0,TEMPLATE_OOD,2116,0.5,0.9490546601113158,0.9422609624751199
DAPT_LOGREG,42,ORIGINAL5,1.0,DOMAIN_TEMPLATE_OOD,2116,0.5,0.9268142735629623,0.9228454729650051
DAPT_LOGREG,52,ORIGINAL5,0.1,IID_BALANCED,2116,0.5,0.8968748742477421,0.8851883748271339
DAPT_LOGREG,52,ORIGINAL5,0.1,TEMPORAL,2116,0.5,0.9114417940633499,0.8992195568197655
DAPT_LOGREG,52,ORIGINAL5,0.1,DOMAIN_OOD,2116,0.5,0.8934272506721398,0.8802641499994639
DAPT_LOGREG,52,ORIGINAL5,0.1,TEMPLATE_OOD,2116,0.5,0.9083459965035463,0.8954352650254966
DAPT_LOGREG,52,ORIGINAL5,0.1,DOMAIN_TEMPLATE_OOD,2116,0.5,0.8790238230420211,0.8661472050199934
DAPT_LOGREG,52,ORIGINAL5,0.25,IID_BALANCED,2116,0.5,0.9111518062995705,0.9047226818085985
DAPT_LOGREG,52,ORIGINAL5,0.25,TEMPORAL,2116,0.5,0.9306496820970133,0.9274838211698786
DAPT_LOGREG,52,ORIGINAL5,0.25,DOMAIN_OOD,2116,0.5,0.9286542794324966,0.9229133686629194
DAPT_LOGREG,52,ORIGINAL5,0.25,TEMPLATE_OOD,2116,0.5,0.9313922053612061,0.9245017706483324
DAPT_LOGREG,52,ORIGINAL5,0.25,DOMAIN_TEMPLATE_OOD,2116,0.5,0.9155595936887737,0.9120277228854956
DAPT_LOGREG,52,ORIGINAL5,1.0,IID_BALANCED,2116,0.5,0.931480684412849,0.923779038811325
DAPT_LOGREG,52,ORIGINAL5,1.0,TEMPORAL,2116,0.5,0.9519558507595619,0.947144985902709
DAPT_LOGREG,52,ORIGINAL5,1.0,DOMAIN_OOD,2116,0.5,0.9318855302889679,0.9307973099009794
DAPT_LOGREG,52,ORIGINAL5,1.0,TEMPLATE_OOD,2116,0.5,0.9466557881080686,0.9410549204726969
DAPT_LOGREG,52,ORIGINAL5,1.0,DOMAIN_TEMPLATE_OOD,2116,0.5,0.9205643658845064,0.9193166834023605
DAPT_LOGREG,62,ORIGINAL5,0.1,IID_BALANCED,2116,0.5,0.8944329257652783,0.8751085437802181
DAPT_LOGREG,62,ORIGINAL5,0.1,TEMPORAL,2116,0.5,0.9133939115627852,0.9025428725597748
DAPT_LOGREG,62,ORIGINAL5,0.1,DOMAIN_OOD,2116,0.5,0.8833065477681558,0.875601680954542
DAPT_LOGREG,62,ORIGINAL5,0.1,TEMPLATE_OOD,2116,0.5,0.9071866474888947,0.891648293137889
DAPT_LOGREG,62,ORIGINAL5,0.1,DOMAIN_TEMPLATE_OOD,2116,0.5,0.8709291163723003,0.858022948745895
DAPT_LOGREG,62,ORIGINAL5,0.25,IID_BALANCED,2116,0.5,0.9035209196964356,0.8847407992395682
DAPT_LOGREG,62,ORIGINAL5,0.25,TEMPORAL,2116,0.5,0.9348499156493613,0.9260624783359122
DAPT_LOGREG,62,ORIGINAL5,0.25,DOMAIN_OOD,2116,0.5,0.9071361821285664,0.9039606419359565
DAPT_LOGREG,62,ORIGINAL5,0.25,TEMPLATE_OOD,2116,0.5,0.9269555792374307,0.9157959341197323
DAPT_LOGREG,62,ORIGINAL5,0.25,DOMAIN_TEMPLATE_OOD,2116,0.5,0.8966378782262338,0.890508360104488
DAPT_LOGREG,62,ORIGINAL5,1.0,IID_BALANCED,2116,0.5,0.9338098802711656,0.9223541225195737
DAPT_LOGREG,62,ORIGINAL5,1.0,TEMPORAL,2116,0.5,0.954686917999678,0.9495311623386137
DAPT_LOGREG,62,ORIGINAL5,1.0,DOMAIN_OOD,2116,0.5,0.9362668660186892,0.9369374037399808
DAPT_LOGREG,62,ORIGINAL5,1.0,TEMPLATE_OOD,2116,0.5,0.9487492416526697,0.9430096018810682
DAPT_LOGREG,62,ORIGINAL5,1.0,DOMAIN_TEMPLATE_OOD,2116,0.5,0.9286969948690025,0.9267476888661774
DAPT_LOGREG,72,ORIGINAL5,0.1,IID_BALANCED,2116,0.5,0.8985197690650116,0.8947723886063872
DAPT_LOGREG,72,ORIGINAL5,0.1,TEMPORAL,2116,0.5,0.9193921270635459,0.9230125321164517
DAPT_LOGREG,72,ORIGINAL5,0.1,DOMAIN_OOD,2116,0.5,0.9021989346719147,0.9096987217741503
DAPT_LOGREG,72,ORIGINAL5,0.1,TEMPLATE_OOD,2116,0.5,0.9087020787674623,0.9113880739419886
DAPT_LOGREG,72,ORIGINAL5,0.1,DOMAIN_TEMPLATE_OOD,2116,0.5,0.8872665167493934,0.8965224895565695
DAPT_LOGREG,72,ORIGINAL5,0.25,IID_BALANCED,2116,0.5,0.9167264134885829,0.9069694933908898
DAPT_LOGREG,72,ORIGINAL5,0.25,TEMPORAL,2116,0.5,0.9392859126220681,0.9410039986992615
DAPT_LOGREG,72,ORIGINAL5,0.25,DOMAIN_OOD,2116,0.5,0.9259969612518546,0.9289989672707001
DAPT_LOGREG,72,ORIGINAL5,0.25,TEMPLATE_OOD,2116,0.5,0.9277228287248676,0.9281985127268699
DAPT_LOGREG,72,ORIGINAL5,0.25,DOMAIN_TEMPLATE_OOD,2116,0.5,0.9082120764926341,0.9142647074588784
DAPT_LOGREG,72,ORIGINAL5,1.0,IID_BALANCED,2116,0.5,0.9347312651790387,0.9251825143563666
DAPT_LOGREG,72,ORIGINAL5,1.0,TEMPORAL,2116,0.5,0.9525841397189494,0.9470047276846495
DAPT_LOGREG,72,ORIGINAL5,1.0,DOMAIN_OOD,2116,0.5,0.9308967402933772,0.9284745623407579
DAPT_LOGREG,72,ORIGINAL5,1.0,TEMPLATE_OOD,2116,0.5,0.9442529272881773,0.9385472464721037
DAPT_LOGREG,72,ORIGINAL5,1.0,DOMAIN_TEMPLATE_OOD,2116,0.5,0.9205230213758901,0.9185081885785142
DAPT_LOGREG,82,ORIGINAL5,0.1,IID_BALANCED,2116,0.5,0.9072981858930504,0.8998860066966599
DAPT_LOGREG,82,ORIGINAL5,0.1,TEMPORAL,2116,0.5,0.9084447409674739,0.899994997159101
DAPT_LOGREG,82,ORIGINAL5,0.1,DOMAIN_OOD,2116,0.5,0.8985047443207409,0.8896149956582489
DAPT_LOGREG,82,ORIGINAL5,0.1,TEMPLATE_OOD,2116,0.5,0.9109607943624333,0.8970504679442969
DAPT_LOGREG,82,ORIGINAL5,0.1,DOMAIN_TEMPLATE_OOD,2116,0.5,0.8834132030767554,0.8730734595716854
DAPT_LOGREG,82,ORIGINAL5,0.25,IID_BALANCED,2116,0.5,0.9002668129267796,0.9069185716174543
DAPT_LOGREG,82,ORIGINAL5,0.25,TEMPORAL,2116,0.5,0.9244133227280052,0.924484796723854
DAPT_LOGREG,82,ORIGINAL5,0.25,DOMAIN_OOD,2116,0.5,0.9246044218704159,0.9179373286973673
DAPT_LOGREG,82,ORIGINAL5,0.25,TEMPLATE_OOD,2116,0.5,0.9280242645305292,0.9227784706315373
DAPT_LOGREG,82,ORIGINAL5,0.25,DOMAIN_TEMPLATE_OOD,2116,0.5,0.9076146484156059,0.9011554775747657
DAPT_LOGREG,82,ORIGINAL5,1.0,IID_BALANCED,2116,0.5,0.9397190818516867,0.9340044882629779
DAPT_LOGREG,82,ORIGINAL5,1.0,TEMPORAL,2116,0.5,0.9567802580867256,0.9531385679725274
DAPT_LOGREG,82,ORIGINAL5,1.0,DOMAIN_OOD,2116,0.5,0.9401508157329692,0.9409119821612988
DAPT_LOGREG,82,ORIGINAL5,1.0,TEMPLATE_OOD,2116,0.5,0.9507549211764972,0.9465723392926698
DAPT_LOGREG,82,ORIGINAL5,1.0,DOMAIN_TEMPLATE_OOD,2116,0.5,0.9292096289271262,0.9294277822048949
DAPT_LOGREG,242,REPLICATION5,0.1,IID_BALANCED,2116,0.5,0.9048760538436488,0.8987782347833235
DAPT_LOGREG,242,REPLICATION5,0.1,TEMPORAL,2116,0.5,0.9320272685638195,0.9335801401510143
DAPT_LOGREG,242,REPLICATION5,0.1,DOMAIN_OOD,2116,0.5,0.9173864367048125,0.9203096579843553
DAPT_LOGREG,242,REPLICATION5,0.1,TEMPLATE_OOD,2116,0.5,0.9266138272842714,0.9225819304533647
DAPT_LOGREG,242,REPLICATION5,0.1,DOMAIN_TEMPLATE_OOD,2116,0.5,0.9079380798352816,0.9099283164368338
DAPT_LOGREG,242,REPLICATION5,0.25,IID_BALANCED,2116,0.5,0.9213153684709505,0.9102892356731143
DAPT_LOGREG,242,REPLICATION5,0.25,TEMPORAL,2116,0.5,0.9514403877150375,0.9427898342272933
DAPT_LOGREG,242,REPLICATION5,0.25,DOMAIN_OOD,2116,0.5,0.9387945861688871,0.933788294066988
DAPT_LOGREG,242,REPLICATION5,0.25,TEMPLATE_OOD,2116,0.5,0.9444037969478097,0.9353079069900406
DAPT_LOGREG,242,REPLICATION5,0.25,DOMAIN_TEMPLATE_OOD,2116,0.5,0.9266523587258308,0.921133786686011
DAPT_LOGREG,242,REPLICATION5,1.0,IID_BALANCED,2116,0.5,0.9344547823163596,0.9253522536011521
DAPT_LOGREG,242,REPLICATION5,1.0,TEMPORAL,2116,0.5,0.9541551129075948,0.9479552674554479
DAPT_LOGREG,242,REPLICATION5,1.0,DOMAIN_OOD,2116,0.5,0.9382810001134819,0.9334255881018149
DAPT_LOGREG,242,REPLICATION5,1.0,TEMPLATE_OOD,2116,0.5,0.9467545006605915,0.937259014940627
DAPT_LOGREG,242,REPLICATION5,1.0,DOMAIN_TEMPLATE_OOD,2116,0.5,0.9248434686356986,0.920371746813369
DAPT_LOGREG,252,REPLICATION5,0.1,IID_BALANCED,2116,0.5,0.9014456595979283,0.8966234397389947
DAPT_LOGREG,252,REPLICATION5,0.1,TEMPORAL,2116,0.5,0.9341261434584939,0.9265082671945855
DAPT_LOGREG,252,REPLICATION5,0.1,DOMAIN_OOD,2116,0.5,0.9117210622370211,0.911741846262699
DAPT_LOGREG,252,REPLICATION5,0.1,TEMPLATE_OOD,2116,0.5,0.9280929614055612,0.919389045922506
DAPT_LOGREG,252,REPLICATION5,0.1,DOMAIN_TEMPLATE_OOD,2116,0.5,0.8962555134063053,0.8939558535025247
DAPT_LOGREG,252,REPLICATION5,0.25,IID_BALANCED,2116,0.5,0.9186925247035757,0.9102633281041734
DAPT_LOGREG,252,REPLICATION5,0.25,TEMPORAL,2116,0.5,0.9408078694537743,0.9349246536426044
DAPT_LOGREG,252,REPLICATION5,0.25,DOMAIN_OOD,2116,0.5,0.9274573833109616,0.9198803963679374
DAPT_LOGREG,252,REPLICATION5,0.25,TEMPLATE_OOD,2116,0.5,0.9360123053137207,0.9264260776655315
DAPT_LOGREG,252,REPLICATION5,0.25,DOMAIN_TEMPLATE_OOD,2116,0.5,0.9101835476843797,0.9031655475788036
DAPT_LOGREG,252,REPLICATION5,1.0,IID_BALANCED,2116,0.5,0.9264654200147825,0.9088973738658739
DAPT_LOGREG,252,REPLICATION5,1.0,TEMPORAL,2116,0.5,0.9554362079117684,0.9484760989276054
DAPT_LOGREG,252,REPLICATION5,1.0,DOMAIN_OOD,2116,0.5,0.9438531252160332,0.9387062653435343
DAPT_LOGREG,252,REPLICATION5,1.0,TEMPLATE_OOD,2116,0.5,0.9473745243637761,0.9401329683641781
DAPT_LOGREG,252,REPLICATION5,1.0,DOMAIN_TEMPLATE_OOD,2116,0.5,0.929493396638185,0.9257337202196961
DAPT_LOGREG,262,REPLICATION5,0.1,IID_BALANCED,2116,0.5,0.9009358498523168,0.8958488927641053
DAPT_LOGREG,262,REPLICATION5,0.1,TEMPORAL,2116,0.5,0.9140223262141861,0.9020095339853703
DAPT_LOGREG,262,REPLICATION5,0.1,DOMAIN_OOD,2116,0.5,0.888409073428337,0.8811369670634395
DAPT_LOGREG,262,REPLICATION5,0.1,TEMPLATE_OOD,2116,0.5,0.8981840935226371,0.8890352021326395
DAPT_LOGREG,262,REPLICATION5,0.1,DOMAIN_TEMPLATE_OOD,2116,0.5,0.8640302844805192,0.8552436919536451
DAPT_LOGREG,262,REPLICATION5,0.25,IID_BALANCED,2116,0.5,0.9050539677901259,0.8995116869936857
DAPT_LOGREG,262,REPLICATION5,0.25,TEMPORAL,2116,0.5,0.9233097437448986,0.9175299545098823
DAPT_LOGREG,262,REPLICATION5,0.25,DOMAIN_OOD,2116,0.5,0.9026232663246678,0.8998717128655201
DAPT_LOGREG,262,REPLICATION5,0.25,TEMPLATE_OOD,2116,0.5,0.9120015126311339,0.9038695187624401
DAPT_LOGREG,262,REPLICATION5,0.25,DOMAIN_TEMPLATE_OOD,2116,0.5,0.8889064974313947,0.8835088496682044
DAPT_LOGREG,262,REPLICATION5,1.0,IID_BALANCED,2116,0.5,0.9313697358688519,0.9196016666607109
DAPT_LOGREG,262,REPLICATION5,1.0,TEMPORAL,2116,0.5,0.9546677529119948,0.9467179576974067
DAPT_LOGREG,262,REPLICATION5,1.0,DOMAIN_OOD,2116,0.5,0.9350293893615002,0.9307204805586029
DAPT_LOGREG,262,REPLICATION5,1.0,TEMPLATE_OOD,2116,0.5,0.9445121643430485,0.9365711243170228
DAPT_LOGREG,262,REPLICATION5,1.0,DOMAIN_TEMPLATE_OOD,2116,0.5,0.9250731210341231,0.9195632519895227
DAPT_LOGREG,272,REPLICATION5,0.1,IID_BALANCED,2116,0.5,0.898279037953917,0.896374191058494
DAPT_LOGREG,272,REPLICATION5,0.1,TEMPORAL,2116,0.5,0.9186943512889492,0.9113782469330798
DAPT_LOGREG,272,REPLICATION5,0.1,DOMAIN_OOD,2116,0.5,0.8958653371360875,0.8918171390182283
DAPT_LOGREG,272,REPLICATION5,0.1,TEMPLATE_OOD,2116,0.5,0.9099186349042034,0.9009321364632058
DAPT_LOGREG,272,REPLICATION5,0.1,DOMAIN_TEMPLATE_OOD,2116,0.5,0.8789789075846859,0.8785095822270503
DAPT_LOGREG,272,REPLICATION5,0.25,IID_BALANCED,2116,0.5,0.911743469696383,0.9026974246089744
DAPT_LOGREG,272,REPLICATION5,0.25,TEMPORAL,2116,0.5,0.9226693865445359,0.9110959437680684
DAPT_LOGREG,272,REPLICATION5,0.25,DOMAIN_OOD,2116,0.5,0.9025077124188661,0.8909425352253599
DAPT_LOGREG,272,REPLICATION5,0.25,TEMPLATE_OOD,2116,0.5,0.9149804083153901,0.9000584260347841
DAPT_LOGREG,272,REPLICATION5,0.25,DOMAIN_TEMPLATE_OOD,2116,0.5,0.8834176077402331,0.8739721842046019
DAPT_LOGREG,272,REPLICATION5,1.0,IID_BALANCED,2116,0.5,0.9380248953004617,0.9278331266683582
DAPT_LOGREG,272,REPLICATION5,1.0,TEMPORAL,2116,0.5,0.9525408778161435,0.947152132818279
DAPT_LOGREG,272,REPLICATION5,1.0,DOMAIN_OOD,2116,0.5,0.9365612516387976,0.9333952137106427
DAPT_LOGREG,272,REPLICATION5,1.0,TEMPLATE_OOD,2116,0.5,0.9452079542508734,0.9391895755089497
DAPT_LOGREG,272,REPLICATION5,1.0,DOMAIN_TEMPLATE_OOD,2116,0.5,0.9229801711113407,0.9202431023331107
DAPT_LOGREG,282,REPLICATION5,0.1,IID_BALANCED,2116,0.5,0.9034154818174025,0.9037900093267248
DAPT_LOGREG,282,REPLICATION5,0.1,TEMPORAL,2116,0.5,0.9311226287283293,0.9300826183439883
DAPT_LOGREG,282,REPLICATION5,0.1,DOMAIN_OOD,2116,0.5,0.9139820455016514,0.9164043153076211
DAPT_LOGREG,282,REPLICATION5,0.1,TEMPLATE_OOD,2116,0.5,0.9255162982335441,0.9223827101818532
DAPT_LOGREG,282,REPLICATION5,0.1,DOMAIN_TEMPLATE_OOD,2116,0.5,0.8980307597183897,0.9034603578460627
DAPT_LOGREG,282,REPLICATION5,0.25,IID_BALANCED,2116,0.5,0.9143081460510523,0.9078780450327151
DAPT_LOGREG,282,REPLICATION5,0.25,TEMPORAL,2116,0.5,0.9426789702571375,0.9397497150167416
DAPT_LOGREG,282,REPLICATION5,0.25,DOMAIN_OOD,2116,0.5,0.9287913488074946,0.9301987557219993
DAPT_LOGREG,282,REPLICATION5,0.25,TEMPLATE_OOD,2116,0.5,0.938630908957879,0.9339205120050316
DAPT_LOGREG,282,REPLICATION5,0.25,DOMAIN_TEMPLATE_OOD,2116,0.5,0.913739219623132,0.9162944314807336
DAPT_LOGREG,282,REPLICATION5,1.0,IID_BALANCED,2116,0.5,0.9363293707978785,0.9245267848528271
DAPT_LOGREG,282,REPLICATION5,1.0,TEMPORAL,2116,0.5,0.9597191809186505,0.955539931604018
DAPT_LOGREG,282,REPLICATION5,1.0,DOMAIN_OOD,2116,0.5,0.9457425117694477,0.9435009523264997
DAPT_LOGREG,282,REPLICATION5,1.0,TEMPLATE_OOD,2116,0.5,0.9521151581096465,0.9460800954827919
DAPT_LOGREG,282,REPLICATION5,1.0,DOMAIN_TEMPLATE_OOD,2116,0.5,0.934300142751007,0.9327457377582269
DAPT_XGBOOST,42,ORIGINAL5,0.1,IID_BALANCED,2116,0.5,0.8689512930357273,0.8616884230688141
DAPT_XGBOOST,42,ORIGINAL5,0.1,TEMPORAL,2116,0.5,0.8768491570739627,0.8700699683034294
DAPT_XGBOOST,42,ORIGINAL5,0.1,DOMAIN_OOD,2116,0.5,0.8578537098002815,0.8535668468880542
DAPT_XGBOOST,42,ORIGINAL5,0.1,TEMPLATE_OOD,2116,0.5,0.8764508130267252,0.8675569341161589
DAPT_XGBOOST,42,ORIGINAL5,0.1,DOMAIN_TEMPLATE_OOD,2116,0.5,0.8361195082406812,0.8335921112345939
DAPT_XGBOOST,42,ORIGINAL5,0.25,IID_BALANCED,2116,0.5,0.9000198785817045,0.8954969071722871
DAPT_XGBOOST,42,ORIGINAL5,0.25,TEMPORAL,2116,0.5,0.9225899798871774,0.9185573236230575
DAPT_XGBOOST,42,ORIGINAL5,0.25,DOMAIN_OOD,2116,0.5,0.8996259026744333,0.8986326163785864
DAPT_XGBOOST,42,ORIGINAL5,0.25,TEMPLATE_OOD,2116,0.5,0.9149059243724154,0.9104884559446256
DAPT_XGBOOST,42,ORIGINAL5,0.25,DOMAIN_TEMPLATE_OOD,2116,0.5,0.8859009216771246,0.8874092788404844
DAPT_XGBOOST,42,ORIGINAL5,1.0,IID_BALANCED,2116,0.5,0.9261190202940398,0.9169608813576282
DAPT_XGBOOST,42,ORIGINAL5,1.0,TEMPORAL,2116,0.5,0.9408170850599991,0.936579164597039
DAPT_XGBOOST,42,ORIGINAL5,1.0,DOMAIN_OOD,2116,0.5,0.9265023341440535,0.9226167716667679
DAPT_XGBOOST,42,ORIGINAL5,1.0,TEMPLATE_OOD,2116,0.5,0.937878878362113,0.9300593908683858
DAPT_XGBOOST,42,ORIGINAL5,1.0,DOMAIN_TEMPLATE_OOD,2116,0.5,0.9127888109406366,0.9134562126350321
DAPT_XGBOOST,52,ORIGINAL5,0.1,IID_BALANCED,2116,0.5,0.8557077699458839,0.8490388291922915
DAPT_XGBOOST,52,ORIGINAL5,0.1,TEMPORAL,2116,0.5,0.8721501149394122,0.8686959737851137
DAPT_XGBOOST,52,ORIGINAL5,0.1,DOMAIN_OOD,2116,0.5,0.829844512882864,0.8346525348322797
DAPT_XGBOOST,52,ORIGINAL5,0.1,TEMPLATE_OOD,2116,0.5,0.8696956918327673,0.8604421796663104
DAPT_XGBOOST,52,ORIGINAL5,0.1,DOMAIN_TEMPLATE_OOD,2116,0.5,0.8215207661062929,0.8258636154101794
DAPT_XGBOOST,52,ORIGINAL5,0.25,IID_BALANCED,2116,0.5,0.8875824353185571,0.8803606333596579
DAPT_XGBOOST,52,ORIGINAL5,0.25,TEMPORAL,2116,0.5,0.9067465285410112,0.9035496942906864
DAPT_XGBOOST,52,ORIGINAL5,0.25,DOMAIN_OOD,2116,0.5,0.8903512091720776,0.888028380401728
DAPT_XGBOOST,52,ORIGINAL5,0.25,TEMPLATE_OOD,2116,0.5,0.9031234618649082,0.8980715835063482
DAPT_XGBOOST,52,ORIGINAL5,0.25,DOMAIN_TEMPLATE_OOD,2116,0.5,0.8756213572863336,0.875930439070758
DAPT_XGBOOST,52,ORIGINAL5,1.0,IID_BALANCED,2116,0.5,0.9195306845444036,0.9131962435811765
DAPT_XGBOOST,52,ORIGINAL5,1.0,TEMPORAL,2116,0.5,0.9366582072352645,0.9316719136938476
DAPT_XGBOOST,52,ORIGINAL5,1.0,DOMAIN_OOD,2116,0.5,0.922106610223621,0.9155172044125057
DAPT_XGBOOST,52,ORIGINAL5,1.0,TEMPLATE_OOD,2116,0.5,0.9346030650388153,0.9280430673132243
DAPT_XGBOOST,52,ORIGINAL5,1.0,DOMAIN_TEMPLATE_OOD,2116,0.5,0.9120152432355535,0.9096120654228652
DAPT_XGBOOST,62,ORIGINAL5,0.1,IID_BALANCED,2116,0.5,0.8761365495633893,0.8619077440403657
DAPT_XGBOOST,62,ORIGINAL5,0.1,TEMPORAL,2116,0.5,0.8726775634985691,0.8647598100349841
DAPT_XGBOOST,62,ORIGINAL5,0.1,DOMAIN_OOD,2116,0.5,0.8248783831530487,0.8241599694112014
DAPT_XGBOOST,62,ORIGINAL5,0.1,TEMPLATE_OOD,2116,0.5,0.8678418700840725,0.8564452671338366
DAPT_XGBOOST,62,ORIGINAL5,0.1,DOMAIN_TEMPLATE_OOD,2116,0.5,0.8164815242272976,0.8098446975246658
DAPT_XGBOOST,62,ORIGINAL5,0.25,IID_BALANCED,2116,0.5,0.8852086677389945,0.8790402407081164
DAPT_XGBOOST,62,ORIGINAL5,0.25,TEMPORAL,2116,0.5,0.9086461758299362,0.89719697971348
DAPT_XGBOOST,62,ORIGINAL5,0.25,DOMAIN_OOD,2116,0.5,0.8822608824013399,0.8702245203526289
DAPT_XGBOOST,62,ORIGINAL5,0.25,TEMPLATE_OOD,2116,0.5,0.9035721109887577,0.8903082464685302
DAPT_XGBOOST,62,ORIGINAL5,0.25,DOMAIN_TEMPLATE_OOD,2116,0.5,0.8687294666957389,0.8572037335486937
DAPT_XGBOOST,62,ORIGINAL5,1.0,IID_BALANCED,2116,0.5,0.9218173503539332,0.9130506251764395
DAPT_XGBOOST,62,ORIGINAL5,1.0,TEMPORAL,2116,0.5,0.9351847402740832,0.9292392823067384
DAPT_XGBOOST,62,ORIGINAL5,1.0,DOMAIN_OOD,2116,0.5,0.9187349670507824,0.9136134447775701
DAPT_XGBOOST,62,ORIGINAL5,1.0,TEMPLATE_OOD,2116,0.5,0.9316370119117676,0.9260303172158476
DAPT_XGBOOST,62,ORIGINAL5,1.0,DOMAIN_TEMPLATE_OOD,2116,0.5,0.9060950974303691,0.902677770591157
DAPT_XGBOOST,72,ORIGINAL5,0.1,IID_BALANCED,2116,0.5,0.8594132432922448,0.8688523125632055
DAPT_XGBOOST,72,ORIGINAL5,0.1,TEMPORAL,2116,0.5,0.8768767672712854,0.8865543290654336
DAPT_XGBOOST,72,ORIGINAL5,0.1,DOMAIN_OOD,2116,0.5,0.8413320865209181,0.86582023363267
DAPT_XGBOOST,72,ORIGINAL5,0.1,TEMPLATE_OOD,2116,0.5,0.8677439843170807,0.8844584960745566
DAPT_XGBOOST,72,ORIGINAL5,0.1,DOMAIN_TEMPLATE_OOD,2116,0.5,0.8254198918933155,0.8517827980889148
DAPT_XGBOOST,72,ORIGINAL5,0.25,IID_BALANCED,2116,0.5,0.9021704773399443,0.8962786010627463
DAPT_XGBOOST,72,ORIGINAL5,0.25,TEMPORAL,2116,0.5,0.9164595623782803,0.9139305891559848
DAPT_XGBOOST,72,ORIGINAL5,0.25,DOMAIN_OOD,2116,0.5,0.8903738387824768,0.8970192001886785
DAPT_XGBOOST,72,ORIGINAL5,0.25,TEMPLATE_OOD,2116,0.5,0.9098787196754318,0.9092466793643532
DAPT_XGBOOST,72,ORIGINAL5,0.25,DOMAIN_TEMPLATE_OOD,2116,0.5,0.8742878961060105,0.8834391672413978
DAPT_XGBOOST,72,ORIGINAL5,1.0,IID_BALANCED,2116,0.5,0.9334226836983898,0.9275365296722067
DAPT_XGBOOST,72,ORIGINAL5,1.0,TEMPORAL,2116,0.5,0.9405147360683167,0.9369820719622928
DAPT_XGBOOST,72,ORIGINAL5,1.0,DOMAIN_OOD,2116,0.5,0.9248416081051971,0.9235396171397329
DAPT_XGBOOST,72,ORIGINAL5,1.0,TEMPLATE_OOD,2116,0.5,0.9405212136240507,0.936310261898721
DAPT_XGBOOST,72,ORIGINAL5,1.0,DOMAIN_TEMPLATE_OOD,2116,0.5,0.9127763414505897,0.913089933212074
DAPT_XGBOOST,82,ORIGINAL5,0.1,IID_BALANCED,2116,0.5,0.8816613518123397,0.8724284504415007
DAPT_XGBOOST,82,ORIGINAL5,0.1,TEMPORAL,2116,0.5,0.8893326898863797,0.8741571106449734
DAPT_XGBOOST,82,ORIGINAL5,0.1,DOMAIN_OOD,2116,0.5,0.8664892873434176,0.8528459017799395
DAPT_XGBOOST,82,ORIGINAL5,0.1,TEMPLATE_OOD,2116,0.5,0.887650564855102,0.8691104948881686
DAPT_XGBOOST,82,ORIGINAL5,0.1,DOMAIN_TEMPLATE_OOD,2116,0.5,0.8541110071981767,0.8345444377342849
DAPT_XGBOOST,82,ORIGINAL5,0.25,IID_BALANCED,2116,0.5,0.8954839986447825,0.8922611411480089
DAPT_XGBOOST,82,ORIGINAL5,0.25,TEMPORAL,2116,0.5,0.9145880845841559,0.9079343269928281
DAPT_XGBOOST,82,ORIGINAL5,0.25,DOMAIN_OOD,2116,0.5,0.8981099787503161,0.8905717889801709
DAPT_XGBOOST,82,ORIGINAL5,0.25,TEMPLATE_OOD,2116,0.5,0.911325351376969,0.9017343777359286
DAPT_XGBOOST,82,ORIGINAL5,0.25,DOMAIN_TEMPLATE_OOD,2116,0.5,0.884628087840799,0.8739873714001879
DAPT_XGBOOST,82,ORIGINAL5,1.0,IID_BALANCED,2116,0.5,0.9279952449044279,0.9181329755110939
DAPT_XGBOOST,82,ORIGINAL5,1.0,TEMPORAL,2116,0.5,0.9408915861506695,0.9394191701716332
DAPT_XGBOOST,82,ORIGINAL5,1.0,DOMAIN_OOD,2116,0.5,0.9236123256999058,0.9250163485693662
DAPT_XGBOOST,82,ORIGINAL5,1.0,TEMPLATE_OOD,2116,0.5,0.9370656572138056,0.934124199098774
DAPT_XGBOOST,82,ORIGINAL5,1.0,DOMAIN_TEMPLATE_OOD,2116,0.5,0.9124459209161908,0.9148248469666703
DAPT_XGBOOST,242,REPLICATION5,0.1,IID_BALANCED,2116,0.5,0.8872003491454432,0.8841815530962225
DAPT_XGBOOST,242,REPLICATION5,0.1,TEMPORAL,2116,0.5,0.9065850735469015,0.9095352360804886
DAPT_XGBOOST,242,REPLICATION5,0.1,DOMAIN_OOD,2116,0.5,0.8834023519910166,0.888540278229423
DAPT_XGBOOST,242,REPLICATION5,0.1,TEMPLATE_OOD,2116,0.5,0.9007868444070379,0.9002344188306932
DAPT_XGBOOST,242,REPLICATION5,0.1,DOMAIN_TEMPLATE_OOD,2116,0.5,0.8681056031300137,0.8780905943017642
DAPT_XGBOOST,242,REPLICATION5,0.25,IID_BALANCED,2116,0.5,0.8994920684816661,0.8870760539020371
DAPT_XGBOOST,242,REPLICATION5,0.25,TEMPORAL,2116,0.5,0.926258253187538,0.9213821420020656
DAPT_XGBOOST,242,REPLICATION5,0.25,DOMAIN_OOD,2116,0.5,0.8967392253793148,0.8991257535529105
DAPT_XGBOOST,242,REPLICATION5,0.25,TEMPLATE_OOD,2116,0.5,0.9163112282913385,0.9103821455755233
DAPT_XGBOOST,242,REPLICATION5,0.25,DOMAIN_TEMPLATE_OOD,2116,0.5,0.8834014304071787,0.8907844097183757
DAPT_XGBOOST,242,REPLICATION5,1.0,IID_BALANCED,2116,0.5,0.9274868325621244,0.9190397404240265
DAPT_XGBOOST,242,REPLICATION5,1.0,TEMPORAL,2116,0.5,0.9445305758416017,0.9399015869726023
DAPT_XGBOOST,242,REPLICATION5,1.0,DOMAIN_OOD,2116,0.5,0.9263764217817604,0.9245437587773055
DAPT_XGBOOST,242,REPLICATION5,1.0,TEMPLATE_OOD,2116,0.5,0.939014812390857,0.9331602588612821
DAPT_XGBOOST,242,REPLICATION5,1.0,DOMAIN_TEMPLATE_OOD,2116,0.5,0.9150753567270623,0.9154421617990217
DAPT_XGBOOST,252,REPLICATION5,0.1,IID_BALANCED,2116,0.5,0.8742112666890147,0.8760635503732476
DAPT_XGBOOST,252,REPLICATION5,0.1,TEMPORAL,2116,0.5,0.8853463460528719,0.8841467118828191
DAPT_XGBOOST,252,REPLICATION5,0.1,DOMAIN_OOD,2116,0.5,0.8490289713895025,0.8585080456402029
DAPT_XGBOOST,252,REPLICATION5,0.1,TEMPLATE_OOD,2116,0.5,0.8708848199531223,0.8738435397243436
DAPT_XGBOOST,252,REPLICATION5,0.1,DOMAIN_TEMPLATE_OOD,2116,0.5,0.8363197371072668,0.841685099753074
DAPT_XGBOOST,252,REPLICATION5,0.25,IID_BALANCED,2116,0.5,0.9017646971047741,0.8977723064168581
DAPT_XGBOOST,252,REPLICATION5,0.25,TEMPORAL,2116,0.5,0.9141818092967259,0.9155958204837746
DAPT_XGBOOST,252,REPLICATION5,0.25,DOMAIN_OOD,2116,0.5,0.8927474095689265,0.8940996851783691
DAPT_XGBOOST,252,REPLICATION5,0.25,TEMPLATE_OOD,2116,0.5,0.9086580632190763,0.9058876290464942
DAPT_XGBOOST,252,REPLICATION5,0.25,DOMAIN_TEMPLATE_OOD,2116,0.5,0.8753052855275725,0.8797397450695217
DAPT_XGBOOST,252,REPLICATION5,1.0,IID_BALANCED,2116,0.5,0.924572035320305,0.9121157192834501
DAPT_XGBOOST,252,REPLICATION5,1.0,TEMPORAL,2116,0.5,0.9429260483948662,0.9386910781479483
DAPT_XGBOOST,252,REPLICATION5,1.0,DOMAIN_OOD,2116,0.5,0.9254388901328667,0.9244562090615743
DAPT_XGBOOST,252,REPLICATION5,1.0,TEMPLATE_OOD,2116,0.5,0.9361133600690901,0.9318059183607834
DAPT_XGBOOST,252,REPLICATION5,1.0,DOMAIN_TEMPLATE_OOD,2116,0.5,0.9140711903693864,0.9150723089182785
DAPT_XGBOOST,262,REPLICATION5,0.1,IID_BALANCED,2116,0.5,0.884083144754981,0.8727080735131736
DAPT_XGBOOST,262,REPLICATION5,0.1,TEMPORAL,2116,0.5,0.8980165102264552,0.8937941545377553
DAPT_XGBOOST,262,REPLICATION5,0.1,DOMAIN_OOD,2116,0.5,0.8662623713605491,0.8659479847484822
DAPT_XGBOOST,262,REPLICATION5,0.1,TEMPLATE_OOD,2116,0.5,0.8853086071990581,0.8798826833809199
DAPT_XGBOOST,262,REPLICATION5,0.1,DOMAIN_TEMPLATE_OOD,2116,0.5,0.8367062532120437,0.8394302478907665
DAPT_XGBOOST,262,REPLICATION5,0.25,IID_BALANCED,2116,0.5,0.9018065797232286,0.8928570152336505
DAPT_XGBOOST,262,REPLICATION5,0.25,TEMPORAL,2116,0.5,0.9143158102109175,0.909604025142849
DAPT_XGBOOST,262,REPLICATION5,0.25,DOMAIN_OOD,2116,0.5,0.8944618252458836,0.8904904928155631
DAPT_XGBOOST,262,REPLICATION5,0.25,TEMPLATE_OOD,2116,0.5,0.9051394258461091,0.899214643315311
DAPT_XGBOOST,262,REPLICATION5,0.25,DOMAIN_TEMPLATE_OOD,2116,0.5,0.8740920194927037,0.8715190054352293
DAPT_XGBOOST,262,REPLICATION5,1.0,IID_BALANCED,2116,0.5,0.9287259512863396,0.9167911421128425
DAPT_XGBOOST,262,REPLICATION5,1.0,TEMPORAL,2116,0.5,0.9442021552453332,0.9397014733366448
DAPT_XGBOOST,262,REPLICATION5,1.0,DOMAIN_OOD,2116,0.5,0.9308566223982518,0.9274882879921099
DAPT_XGBOOST,262,REPLICATION5,1.0,TEMPLATE_OOD,2116,0.5,0.9408160528743427,0.9351238739141156
DAPT_XGBOOST,262,REPLICATION5,1.0,DOMAIN_TEMPLATE_OOD,2116,0.5,0.9192893490647863,0.9169331870597945
DAPT_XGBOOST,272,REPLICATION5,0.1,IID_BALANCED,2116,0.5,0.8822052258385148,0.885666771488095
DAPT_XGBOOST,272,REPLICATION5,0.1,TEMPORAL,2116,0.5,0.894153244645111,0.8917742575248089
DAPT_XGBOOST,272,REPLICATION5,0.1,DOMAIN_OOD,2116,0.5,0.851757706933826,0.8572001600909087
DAPT_XGBOOST,272,REPLICATION5,0.1,TEMPLATE_OOD,2116,0.5,0.8830522928859286,0.8797996004874197
DAPT_XGBOOST,272,REPLICATION5,0.1,DOMAIN_TEMPLATE_OOD,2116,0.5,0.8344403236769964,0.8425963314882379
DAPT_XGBOOST,272,REPLICATION5,0.25,IID_BALANCED,2116,0.5,0.8984583351071199,0.8913472293195064
DAPT_XGBOOST,272,REPLICATION5,0.25,TEMPORAL,2116,0.5,0.9089154707288631,0.9058938825976178
DAPT_XGBOOST,272,REPLICATION5,0.25,DOMAIN_OOD,2116,0.5,0.8793941974461618,0.8783603903645283
DAPT_XGBOOST,272,REPLICATION5,0.25,TEMPLATE_OOD,2116,0.5,0.9060625435913936,0.8999145943589395
DAPT_XGBOOST,272,REPLICATION5,0.25,DOMAIN_TEMPLATE_OOD,2116,0.5,0.8651305126827779,0.8657273237302611
DAPT_XGBOOST,272,REPLICATION5,1.0,IID_BALANCED,2116,0.5,0.9275838261330906,0.9164936517522451
DAPT_XGBOOST,272,REPLICATION5,1.0,TEMPORAL,2116,0.5,0.9396197742577176,0.9356455987507192
DAPT_XGBOOST,272,REPLICATION5,1.0,DOMAIN_OOD,2116,0.5,0.9165233803436961,0.9148328872466865
DAPT_XGBOOST,272,REPLICATION5,1.0,TEMPLATE_OOD,2116,0.5,0.9356492144120779,0.9312797267019486
DAPT_XGBOOST,272,REPLICATION5,1.0,DOMAIN_TEMPLATE_OOD,2116,0.5,0.9114601071120707,0.9103991195000016
DAPT_XGBOOST,282,REPLICATION5,0.1,IID_BALANCED,2116,0.5,0.8815129019446551,0.8799157378654306
DAPT_XGBOOST,282,REPLICATION5,0.1,TEMPORAL,2116,0.5,0.9067026262396662,0.9037292605443805
DAPT_XGBOOST,282,REPLICATION5,0.1,DOMAIN_OOD,2116,0.5,0.8822991943628095,0.8883821527224389
DAPT_XGBOOST,282,REPLICATION5,0.1,TEMPLATE_OOD,2116,0.5,0.903651387178464,0.9010911553346366
DAPT_XGBOOST,282,REPLICATION5,0.1,DOMAIN_TEMPLATE_OOD,2116,0.5,0.8669885854848405,0.8707810864026357
DAPT_XGBOOST,282,REPLICATION5,0.25,IID_BALANCED,2116,0.5,0.9047729728386691,0.8974694558695832
DAPT_XGBOOST,282,REPLICATION5,0.25,TEMPORAL,2116,0.5,0.9303933651289267,0.9325813587001189
DAPT_XGBOOST,282,REPLICATION5,0.25,DOMAIN_OOD,2116,0.5,0.9118656312292421,0.9188423068814077
DAPT_XGBOOST,282,REPLICATION5,0.25,TEMPLATE_OOD,2116,0.5,0.9237492715763008,0.9248921709113389
DAPT_XGBOOST,282,REPLICATION5,0.25,DOMAIN_TEMPLATE_OOD,2116,0.5,0.9029688822692762,0.9072723439381649
DAPT_XGBOOST,282,REPLICATION5,1.0,IID_BALANCED,2116,0.5,0.9284484901723689,0.9205888343738052
DAPT_XGBOOST,282,REPLICATION5,1.0,TEMPORAL,2116,0.5,0.9438124530604094,0.9409789844947667
DAPT_XGBOOST,282,REPLICATION5,1.0,DOMAIN_OOD,2116,0.5,0.9273649750619135,0.9268557859641724
DAPT_XGBOOST,282,REPLICATION5,1.0,TEMPLATE_OOD,2116,0.5,0.9407366234047349,0.9370446074735295
DAPT_XGBOOST,282,REPLICATION5,1.0,DOMAIN_TEMPLATE_OOD,2116,0.5,0.9151479937528377,0.9169233600508859
DAPT_MLP,42,ORIGINAL5,0.1,IID_BALANCED,2116,0.5,0.8864140450923769,0.8869063146572518
DAPT_MLP,42,ORIGINAL5,0.1,TEMPORAL,2116,0.5,0.9000987506475151,0.8958832872952855
DAPT_MLP,42,ORIGINAL5,0.1,DOMAIN_OOD,2116,0.5,0.8848938921610082,0.8793019964908644
DAPT_MLP,42,ORIGINAL5,0.1,TEMPLATE_OOD,2116,0.5,0.9023956585680222,0.8928132403757848
DAPT_MLP,42,ORIGINAL5,0.1,DOMAIN_TEMPLATE_OOD,2116,0.5,0.8630882551422496,0.8594116837775736
DAPT_MLP,42,ORIGINAL5,0.25,IID_BALANCED,2116,0.5,0.9031099608918588,0.8979107779060251
DAPT_MLP,42,ORIGINAL5,0.25,TEMPORAL,2116,0.5,0.9272278643995775,0.9251539266940869
DAPT_MLP,42,ORIGINAL5,0.25,DOMAIN_OOD,2116,0.5,0.9088453220328995,0.9065799864923296
DAPT_MLP,42,ORIGINAL5,0.25,TEMPLATE_OOD,2116,0.5,0.9225952171425373,0.9163614338142018
DAPT_MLP,42,ORIGINAL5,0.25,DOMAIN_TEMPLATE_OOD,2116,0.5,0.8907576836160913,0.891196250728092
DAPT_MLP,42,ORIGINAL5,1.0,IID_BALANCED,2116,0.5,0.9417117545755489,0.9336587562222833
DAPT_MLP,42,ORIGINAL5,1.0,TEMPORAL,2116,0.5,0.9560375987721997,0.9536321518290742
DAPT_MLP,42,ORIGINAL5,1.0,DOMAIN_OOD,2116,0.5,0.9450911123524339,0.94203047444799
DAPT_MLP,42,ORIGINAL5,1.0,TEMPLATE_OOD,2116,0.5,0.9537254469455684,0.9492193781468762
DAPT_MLP,42,ORIGINAL5,1.0,DOMAIN_TEMPLATE_OOD,2116,0.5,0.9338144326711347,0.9339589266762197
DAPT_MLP,52,ORIGINAL5,0.1,IID_BALANCED,2116,0.5,0.850799786323265,0.8575467854960493
DAPT_MLP,52,ORIGINAL5,0.1,TEMPORAL,2116,0.5,0.8654512631810157,0.8633750951433135
DAPT_MLP,52,ORIGINAL5,0.1,DOMAIN_OOD,2116,0.5,0.8051290394871135,0.8268391693854724
DAPT_MLP,52,ORIGINAL5,0.1,TEMPLATE_OOD,2116,0.5,0.8420466366337573,0.8527333378597132
DAPT_MLP,52,ORIGINAL5,0.1,DOMAIN_TEMPLATE_OOD,2116,0.5,0.8073562308655637,0.8175329919489996
DAPT_MLP,52,ORIGINAL5,0.25,IID_BALANCED,2116,0.5,0.8950935541450735,0.8889552460147012
DAPT_MLP,52,ORIGINAL5,0.25,TEMPORAL,2116,0.5,0.9188754017464729,0.9144451670770187
DAPT_MLP,52,ORIGINAL5,0.25,DOMAIN_OOD,2116,0.5,0.9116992291986261,0.9073317526738397
DAPT_MLP,52,ORIGINAL5,0.25,TEMPLATE_OOD,2116,0.5,0.9196619620040214,0.9147565045865331
DAPT_MLP,52,ORIGINAL5,0.25,DOMAIN_TEMPLATE_OOD,2116,0.5,0.8998962781867342,0.8963165690517116
DAPT_MLP,52,ORIGINAL5,1.0,IID_BALANCED,2116,0.5,0.9315715534027409,0.9223005206527994
DAPT_MLP,52,ORIGINAL5,1.0,TEMPORAL,2116,0.5,0.9437458057052407,0.939074331495385
DAPT_MLP,52,ORIGINAL5,1.0,DOMAIN_OOD,2116,0.5,0.9334089567948929,0.9308330444788291
DAPT_MLP,52,ORIGINAL5,1.0,TEMPLATE_OOD,2116,0.5,0.9421733726723803,0.9367694512240881
DAPT_MLP,52,ORIGINAL5,1.0,DOMAIN_TEMPLATE_OOD,2116,0.5,0.9228141094086126,0.9230375463209465
DAPT_MLP,62,ORIGINAL5,0.1,IID_BALANCED,2116,0.5,0.8857103436900917,0.8750192073355942
DAPT_MLP,62,ORIGINAL5,0.1,TEMPORAL,2116,0.5,0.8805738841198593,0.8737381227196872
DAPT_MLP,62,ORIGINAL5,0.1,DOMAIN_OOD,2116,0.5,0.8466035598097845,0.8442137678181538
DAPT_MLP,62,ORIGINAL5,0.1,TEMPLATE_OOD,2116,0.5,0.8742934705342466,0.8652623275359937
DAPT_MLP,62,ORIGINAL5,0.1,DOMAIN_TEMPLATE_OOD,2116,0.5,0.8276524884325733,0.8258475348501471
DAPT_MLP,62,ORIGINAL5,0.25,IID_BALANCED,2116,0.5,0.9022143230988775,0.8874409932783258
DAPT_MLP,62,ORIGINAL5,0.25,TEMPORAL,2116,0.5,0.9109337398387016,0.8991597014018674
DAPT_MLP,62,ORIGINAL5,0.25,DOMAIN_OOD,2116,0.5,0.8929257254857326,0.8816309976022099
DAPT_MLP,62,ORIGINAL5,0.25,TEMPLATE_OOD,2116,0.5,0.905873303571155,0.8926676219710479
DAPT_MLP,62,ORIGINAL5,0.25,DOMAIN_TEMPLATE_OOD,2116,0.5,0.8712388541273197,0.8622883172944638
DAPT_MLP,62,ORIGINAL5,1.0,IID_BALANCED,2116,0.5,0.9391796026334506,0.9322512605372337
DAPT_MLP,62,ORIGINAL5,1.0,TEMPORAL,2116,0.5,0.9516563705183139,0.9477569405483827
DAPT_MLP,62,ORIGINAL5,1.0,DOMAIN_OOD,2116,0.5,0.9403252844294304,0.9401838901376139
DAPT_MLP,62,ORIGINAL5,1.0,TEMPLATE_OOD,2116,0.5,0.9467833502559198,0.9425754267601959
DAPT_MLP,62,ORIGINAL5,1.0,DOMAIN_TEMPLATE_OOD,2116,0.5,0.9277306999006749,0.9279894654464499
DAPT_MLP,72,ORIGINAL5,0.1,IID_BALANCED,2116,0.5,0.8916489762622426,0.8898856850854592
DAPT_MLP,72,ORIGINAL5,0.1,TEMPORAL,2116,0.5,0.9166821143347893,0.916937653882026
DAPT_MLP,72,ORIGINAL5,0.1,DOMAIN_OOD,2116,0.5,0.8910887279617815,0.9002281652795696
DAPT_MLP,72,ORIGINAL5,0.1,TEMPLATE_OOD,2116,0.5,0.9067748045744661,0.9069167848885618
DAPT_MLP,72,ORIGINAL5,0.1,DOMAIN_TEMPLATE_OOD,2116,0.5,0.8738118901165278,0.8830943285651495
DAPT_MLP,72,ORIGINAL5,0.25,IID_BALANCED,2116,0.5,0.908157898094238,0.9015110366243688
DAPT_MLP,72,ORIGINAL5,0.25,TEMPORAL,2116,0.5,0.9331529934325842,0.9320426599390368
DAPT_MLP,72,ORIGINAL5,0.25,DOMAIN_OOD,2116,0.5,0.9161815886493307,0.9195444913361517
DAPT_MLP,72,ORIGINAL5,0.25,TEMPLATE_OOD,2116,0.5,0.9262383534856153,0.9231063353833069
DAPT_MLP,72,ORIGINAL5,0.25,DOMAIN_TEMPLATE_OOD,2116,0.5,0.8980595418527093,0.9051104019782663
DAPT_MLP,72,ORIGINAL5,1.0,IID_BALANCED,2116,0.5,0.9344274959791016,0.9280386004909932
DAPT_MLP,72,ORIGINAL5,1.0,TEMPORAL,2116,0.5,0.9511818505368078,0.9483358407095458
DAPT_MLP,72,ORIGINAL5,1.0,DOMAIN_OOD,2116,0.5,0.929617621287761,0.9295903745341105
DAPT_MLP,72,ORIGINAL5,1.0,TEMPLATE_OOD,2116,0.5,0.9455596283465354,0.9412282331752673
DAPT_MLP,72,ORIGINAL5,1.0,DOMAIN_TEMPLATE_OOD,2116,0.5,0.9180190783885108,0.9182410726090887
DAPT_MLP,82,ORIGINAL5,0.1,IID_BALANCED,2116,0.5,0.8937785540436245,0.8900295167613037
DAPT_MLP,82,ORIGINAL5,0.1,TEMPORAL,2116,0.5,0.9099084866595843,0.8996403314739441
DAPT_MLP,82,ORIGINAL5,0.1,DOMAIN_OOD,2116,0.5,0.8889716065178412,0.8798272947852531
DAPT_MLP,82,ORIGINAL5,0.1,TEMPLATE_OOD,2116,0.5,0.9067530508888987,0.8929275910249034
DAPT_MLP,82,ORIGINAL5,0.1,DOMAIN_TEMPLATE_OOD,2116,0.5,0.8737286709705625,0.8624290221947463
DAPT_MLP,82,ORIGINAL5,0.25,IID_BALANCED,2116,0.5,0.9098633799595408,0.9112893571706792
DAPT_MLP,82,ORIGINAL5,0.25,TEMPORAL,2116,0.5,0.9298917428801126,0.9272104516493294
DAPT_MLP,82,ORIGINAL5,0.25,DOMAIN_OOD,2116,0.5,0.9222365371098742,0.9159102847688508
DAPT_MLP,82,ORIGINAL5,0.25,TEMPLATE_OOD,2116,0.5,0.9310551208966253,0.9246322018574833
DAPT_MLP,82,ORIGINAL5,0.25,DOMAIN_TEMPLATE_OOD,2116,0.5,0.9042663526109715,0.8991695284107762
DAPT_MLP,82,ORIGINAL5,1.0,IID_BALANCED,2116,0.5,0.9433514274445376,0.9395053798406954
DAPT_MLP,82,ORIGINAL5,1.0,TEMPORAL,2116,0.5,0.9557024885860268,0.9548935824271639
DAPT_MLP,82,ORIGINAL5,1.0,DOMAIN_OOD,2116,0.5,0.9441129670296327,0.9445234079352204
DAPT_MLP,82,ORIGINAL5,1.0,TEMPLATE_OOD,2116,0.5,0.9518997704728022,0.9494695201918232
DAPT_MLP,82,ORIGINAL5,1.0,DOMAIN_TEMPLATE_OOD,2116,0.5,0.9303411553033976,0.9325804653356728
DAPT_MLP,242,REPLICATION5,0.1,IID_BALANCED,2116,0.5,0.8871737096498469,0.8865391418698474
DAPT_MLP,242,REPLICATION5,0.1,TEMPORAL,2116,0.5,0.9130832993496674,0.9106814226650133
DAPT_MLP,242,REPLICATION5,0.1,DOMAIN_OOD,2116,0.5,0.8905902687003993,0.8936172683774
DAPT_MLP,242,REPLICATION5,0.1,TEMPLATE_OOD,2116,0.5,0.9101786610023948,0.9060868493180055
DAPT_MLP,242,REPLICATION5,0.1,DOMAIN_TEMPLATE_OOD,2116,0.5,0.8780387599326704,0.8846032211148473
DAPT_MLP,242,REPLICATION5,0.25,IID_BALANCED,2116,0.5,0.9135214258701987,0.9105867260337119
DAPT_MLP,242,REPLICATION5,0.25,TEMPORAL,2116,0.5,0.9370804076677695,0.9335019707619684
DAPT_MLP,242,REPLICATION5,0.25,DOMAIN_OOD,2116,0.5,0.9209630350828686,0.9195918396518022
DAPT_MLP,242,REPLICATION5,0.25,TEMPLATE_OOD,2116,0.5,0.9338349689670663,0.9285254841141934
DAPT_MLP,242,REPLICATION5,0.25,DOMAIN_TEMPLATE_OOD,2116,0.5,0.9066094838631514,0.9087633691989381
DAPT_MLP,242,REPLICATION5,1.0,IID_BALANCED,2116,0.5,0.9368430751038894,0.9293947277203842
DAPT_MLP,242,REPLICATION5,1.0,TEMPORAL,2116,0.5,0.9545402703881809,0.9510427349816502
DAPT_MLP,242,REPLICATION5,1.0,DOMAIN_OOD,2116,0.5,0.9400425237456936,0.9396219639009294
DAPT_MLP,242,REPLICATION5,1.0,TEMPLATE_OOD,2116,0.5,0.9513805015756785,0.9458308468022913
DAPT_MLP,242,REPLICATION5,1.0,DOMAIN_TEMPLATE_OOD,2116,0.5,0.9276655715066295,0.9271514895958776
DAPT_MLP,252,REPLICATION5,0.1,IID_BALANCED,2116,0.5,0.8241261416308973,0.8397947405848322
DAPT_MLP,252,REPLICATION5,0.1,TEMPORAL,2116,0.5,0.8568934088314341,0.8552767464381558
DAPT_MLP,252,REPLICATION5,0.1,DOMAIN_OOD,2116,0.5,0.7928497873188279,0.8175017241933812
DAPT_MLP,252,REPLICATION5,0.1,TEMPLATE_OOD,2116,0.5,0.8406494327690726,0.8436415678903377
DAPT_MLP,252,REPLICATION5,0.1,DOMAIN_TEMPLATE_OOD,2116,0.5,0.7813103757602968,0.8090228022341258
DAPT_MLP,252,REPLICATION5,0.25,IID_BALANCED,2116,0.5,0.9186005407986817,0.9109574722789013
DAPT_MLP,252,REPLICATION5,0.25,TEMPORAL,2116,0.5,0.9368302952160875,0.9328547282206681
DAPT_MLP,252,REPLICATION5,0.25,DOMAIN_OOD,2116,0.5,0.9257350052216344,0.918137442333325
DAPT_MLP,252,REPLICATION5,0.25,TEMPLATE_OOD,2116,0.5,0.9362980799705061,0.928023413295407
DAPT_MLP,252,REPLICATION5,0.25,DOMAIN_TEMPLATE_OOD,2116,0.5,0.9082734473915511,0.9068287884906071
DAPT_MLP,252,REPLICATION5,1.0,IID_BALANCED,2116,0.5,0.9359845183870252,0.9257229998463413
DAPT_MLP,252,REPLICATION5,1.0,TEMPORAL,2116,0.5,0.9525108279578146,0.9460171132893322
DAPT_MLP,252,REPLICATION5,1.0,DOMAIN_OOD,2116,0.5,0.9425734887393135,0.9368141194463999
DAPT_MLP,252,REPLICATION5,1.0,TEMPLATE_OOD,2116,0.5,0.9493871454353382,0.9426397490003253
DAPT_MLP,252,REPLICATION5,1.0,DOMAIN_TEMPLATE_OOD,2116,0.5,0.9305519244064553,0.9273444563162653
DAPT_MLP,262,REPLICATION5,0.1,IID_BALANCED,2116,0.5,0.9053128455383752,0.9011590510325506
DAPT_MLP,262,REPLICATION5,0.1,TEMPORAL,2116,0.5,0.9143369258881751,0.9008302929163347
DAPT_MLP,262,REPLICATION5,0.1,DOMAIN_OOD,2116,0.5,0.8864787701889926,0.8737832376242223
DAPT_MLP,262,REPLICATION5,0.1,TEMPLATE_OOD,2116,0.5,0.9004071565789015,0.8881753388531345
DAPT_MLP,262,REPLICATION5,0.1,DOMAIN_TEMPLATE_OOD,2116,0.5,0.8583335015968118,0.8457441011145616
DAPT_MLP,262,REPLICATION5,0.25,IID_BALANCED,2116,0.5,0.9185981608194889,0.9109369248966376
DAPT_MLP,262,REPLICATION5,0.25,TEMPORAL,2116,0.5,0.9242266127461338,0.9160116816334991
DAPT_MLP,262,REPLICATION5,0.25,DOMAIN_OOD,2116,0.5,0.9048652450408566,0.8934399355348215
DAPT_MLP,262,REPLICATION5,0.25,TEMPLATE_OOD,2116,0.5,0.9177550660051221,0.9043608692078716
DAPT_MLP,262,REPLICATION5,0.25,DOMAIN_TEMPLATE_OOD,2116,0.5,0.8882993722047801,0.8753640460118424
DAPT_MLP,262,REPLICATION5,1.0,IID_BALANCED,2116,0.5,0.9409597685096951,0.9303756418823547
DAPT_MLP,262,REPLICATION5,1.0,TEMPORAL,2116,0.5,0.9619203027516472,0.9562135283964822
DAPT_MLP,262,REPLICATION5,1.0,DOMAIN_OOD,2116,0.5,0.950930436286641,0.9479793882954963
DAPT_MLP,262,REPLICATION5,1.0,TEMPLATE_OOD,2116,0.5,0.9580007512244395,0.9519745140990776
DAPT_MLP,262,REPLICATION5,1.0,DOMAIN_TEMPLATE_OOD,2116,0.5,0.9427991328179104,0.9399650158482853
DAPT_MLP,272,REPLICATION5,0.1,IID_BALANCED,2116,0.5,0.8973927280243725,0.8999896369724238
DAPT_MLP,272,REPLICATION5,0.1,TEMPORAL,2116,0.5,0.917639412534774,0.9168572510818643
DAPT_MLP,272,REPLICATION5,0.1,DOMAIN_OOD,2116,0.5,0.8957567348212977,0.8931049238674819
DAPT_MLP,272,REPLICATION5,0.1,TEMPLATE_OOD,2116,0.5,0.9137944478653098,0.9083501881425524
DAPT_MLP,272,REPLICATION5,0.1,DOMAIN_TEMPLATE_OOD,2116,0.5,0.8843247692827575,0.8833909255613009
DAPT_MLP,272,REPLICATION5,0.25,IID_BALANCED,2116,0.5,0.897525936633017,0.8972648754113943
DAPT_MLP,272,REPLICATION5,0.25,TEMPORAL,2116,0.5,0.9085806784689534,0.9033549408414063
DAPT_MLP,272,REPLICATION5,0.25,DOMAIN_OOD,2116,0.5,0.8937692976529634,0.8846478893371592
DAPT_MLP,272,REPLICATION5,0.25,TEMPLATE_OOD,2116,0.5,0.9109972830652293,0.9021488988389836
DAPT_MLP,272,REPLICATION5,0.25,DOMAIN_TEMPLATE_OOD,2116,0.5,0.8801966627677826,0.8727598886510552
DAPT_MLP,272,REPLICATION5,1.0,IID_BALANCED,2116,0.5,0.943326946920805,0.9352319710121103
DAPT_MLP,272,REPLICATION5,1.0,TEMPORAL,2116,0.5,0.9543633721329096,0.9505629982740199
DAPT_MLP,272,REPLICATION5,1.0,DOMAIN_OOD,2116,0.5,0.9418226717243389,0.9383971612451357
DAPT_MLP,272,REPLICATION5,1.0,TEMPLATE_OOD,2116,0.5,0.9537601973701603,0.9500269796062764
DAPT_MLP,272,REPLICATION5,1.0,DOMAIN_TEMPLATE_OOD,2116,0.5,0.932728300180637,0.9315383557091348
DAPT_MLP,282,REPLICATION5,0.1,IID_BALANCED,2116,0.5,0.9044808929071628,0.9079124395638951
DAPT_MLP,282,REPLICATION5,0.1,TEMPORAL,2116,0.5,0.9294245424380887,0.9270523261423451
DAPT_MLP,282,REPLICATION5,0.1,DOMAIN_OOD,2116,0.5,0.9108764937523884,0.9118088485961671
DAPT_MLP,282,REPLICATION5,0.1,TEMPLATE_OOD,2116,0.5,0.9260722102405132,0.9212856586418716
DAPT_MLP,282,REPLICATION5,0.1,DOMAIN_TEMPLATE_OOD,2116,0.5,0.8947486603661744,0.9008142123563024
DAPT_MLP,282,REPLICATION5,0.25,IID_BALANCED,2116,0.5,0.9242766037780289,0.9216036963847328
DAPT_MLP,282,REPLICATION5,0.25,TEMPORAL,2116,0.5,0.9490736155397262,0.9480848053001525
DAPT_MLP,282,REPLICATION5,0.25,DOMAIN_OOD,2116,0.5,0.9368205108848112,0.9396210705364832
DAPT_MLP,282,REPLICATION5,0.25,TEMPLATE_OOD,2116,0.5,0.9457842002322967,0.9426844172226372
DAPT_MLP,282,REPLICATION5,0.25,DOMAIN_TEMPLATE_OOD,2116,0.5,0.923628170417307,0.9289824400284447
DAPT_MLP,282,REPLICATION5,1.0,IID_BALANCED,2116,0.5,0.9361500886537132,0.9270648332445925
DAPT_MLP,282,REPLICATION5,1.0,TEMPORAL,2116,0.5,0.9577694027169508,0.9549887257406884
DAPT_MLP,282,REPLICATION5,1.0,DOMAIN_OOD,2116,0.5,0.946968167565021,0.9450723803874341
DAPT_MLP,282,REPLICATION5,1.0,TEMPLATE_OOD,2116,0.5,0.9540576834093452,0.9494400391650972
DAPT_MLP,282,REPLICATION5,1.0,DOMAIN_TEMPLATE_OOD,2116,0.5,0.9355948242852028,0.9343046587169141
CONTRASTIVE_LOGREG,42,ORIGINAL5,0.1,IID_BALANCED,2116,0.5,0.8435109946396964,0.8497244864047799
CONTRASTIVE_LOGREG,42,ORIGINAL5,0.1,TEMPORAL,2116,0.5,0.8490202622562737,0.8467308221454326
CONTRASTIVE_LOGREG,42,ORIGINAL5,0.1,DOMAIN_OOD,2116,0.5,0.8386655506945145,0.8307217312688278
CONTRASTIVE_LOGREG,42,ORIGINAL5,0.1,TEMPLATE_OOD,2116,0.5,0.8587066703786386,0.8544655715209709
CONTRASTIVE_LOGREG,42,ORIGINAL5,0.1,DOMAIN_TEMPLATE_OOD,2116,0.5,0.8244574958542779,0.8130152479443684
CONTRASTIVE_LOGREG,42,ORIGINAL5,0.25,IID_BALANCED,2116,0.5,0.8673941211969283,0.8660587619398158
CONTRASTIVE_LOGREG,42,ORIGINAL5,0.25,TEMPORAL,2116,0.5,0.8808927205525007,0.8768541779081693
CONTRASTIVE_LOGREG,42,ORIGINAL5,0.25,DOMAIN_OOD,2116,0.5,0.8530463896883069,0.853561486701377
CONTRASTIVE_LOGREG,42,ORIGINAL5,0.25,TEMPLATE_OOD,2116,0.5,0.8797931801680532,0.8767880689391477
CONTRASTIVE_LOGREG,42,ORIGINAL5,0.25,DOMAIN_TEMPLATE_OOD,2116,0.5,0.8422246651811589,0.8393837929395621
CONTRASTIVE_LOGREG,42,ORIGINAL5,1.0,IID_BALANCED,2116,0.5,0.8601003337289939,0.8537499865995335
CONTRASTIVE_LOGREG,42,ORIGINAL5,1.0,TEMPORAL,2116,0.5,0.8737286540603287,0.8722167230677421
CONTRASTIVE_LOGREG,42,ORIGINAL5,1.0,DOMAIN_OOD,2116,0.5,0.8538682837276447,0.8507402417801535
CONTRASTIVE_LOGREG,42,ORIGINAL5,1.0,TEMPLATE_OOD,2116,0.5,0.879227946158956,0.8778011442211826
CONTRASTIVE_LOGREG,42,ORIGINAL5,1.0,DOMAIN_TEMPLATE_OOD,2116,0.5,0.843045342884052,0.8431922055738794
CONTRASTIVE_LOGREG,52,ORIGINAL5,0.1,IID_BALANCED,2116,0.5,0.8502978633913442,0.8542466972316423
CONTRASTIVE_LOGREG,52,ORIGINAL5,0.1,TEMPORAL,2116,0.5,0.85056200105551,0.8349272443994984
CONTRASTIVE_LOGREG,52,ORIGINAL5,0.1,DOMAIN_OOD,2116,0.5,0.8147625360298492,0.8066946944872266
CONTRASTIVE_LOGREG,52,ORIGINAL5,0.1,TEMPLATE_OOD,2116,0.5,0.8602993704933364,0.8442856836560761
CONTRASTIVE_LOGREG,52,ORIGINAL5,0.1,DOMAIN_TEMPLATE_OOD,2116,0.5,0.8107557332388378,0.7976198984423297
CONTRASTIVE_LOGREG,52,ORIGINAL5,0.25,IID_BALANCED,2116,0.5,0.8741331285280269,0.8771346943442883
CONTRASTIVE_LOGREG,52,ORIGINAL5,0.25,TEMPORAL,2116,0.5,0.8715447265170191,0.8542422304094112
CONTRASTIVE_LOGREG,52,ORIGINAL5,0.25,DOMAIN_OOD,2116,0.5,0.8461452852999851,0.8342634746159426
CONTRASTIVE_LOGREG,52,ORIGINAL5,0.25,TEMPLATE_OOD,2116,0.5,0.8763466456016686,0.8652315064625984
CONTRASTIVE_LOGREG,52,ORIGINAL5,0.25,DOMAIN_TEMPLATE_OOD,2116,0.5,0.8406248284244566,0.8251426703020643
CONTRASTIVE_LOGREG,52,ORIGINAL5,1.0,IID_BALANCED,2116,0.5,0.8884764591772447,0.8791635250016974
CONTRASTIVE_LOGREG,52,ORIGINAL5,1.0,TEMPORAL,2116,0.5,0.8985161551685263,0.8805455598000294
CONTRASTIVE_LOGREG,52,ORIGINAL5,1.0,DOMAIN_OOD,2116,0.5,0.872347224463709,0.8536293823992911
CONTRASTIVE_LOGREG,52,ORIGINAL5,1.0,TEMPLATE_OOD,2116,0.5,0.899547479066194,0.8835177833126668
CONTRASTIVE_LOGREG,52,ORIGINAL5,1.0,DOMAIN_TEMPLATE_OOD,2116,0.5,0.8680172414074412,0.8469890044703957
CONTRASTIVE_LOGREG,62,ORIGINAL5,0.1,IID_BALANCED,2116,0.5,0.8448166772981169,0.8361462401863915
CONTRASTIVE_LOGREG,62,ORIGINAL5,0.1,TEMPORAL,2116,0.5,0.8305188705905353,0.815894561554597
CONTRASTIVE_LOGREG,62,ORIGINAL5,0.1,DOMAIN_OOD,2116,0.5,0.8066147239703427,0.7821780939890866
CONTRASTIVE_LOGREG,62,ORIGINAL5,0.1,TEMPLATE_OOD,2116,0.5,0.8415998800558279,0.8188935860006217
CONTRASTIVE_LOGREG,62,ORIGINAL5,0.1,DOMAIN_TEMPLATE_OOD,2116,0.5,0.7934070730206106,0.767563545013061
CONTRASTIVE_LOGREG,62,ORIGINAL5,0.25,IID_BALANCED,2116,0.5,0.8733201471549513,0.8622610696788534
CONTRASTIVE_LOGREG,62,ORIGINAL5,0.25,TEMPORAL,2116,0.5,0.8664441701051055,0.8417172608731388
CONTRASTIVE_LOGREG,62,ORIGINAL5,0.25,DOMAIN_OOD,2116,0.5,0.8413764727171715,0.8091898613855726
CONTRASTIVE_LOGREG,62,ORIGINAL5,0.25,TEMPLATE_OOD,2116,0.5,0.8669998506377647,0.8364339035380806
CONTRASTIVE_LOGREG,62,ORIGINAL5,0.25,DOMAIN_TEMPLATE_OOD,2116,0.5,0.8347086996904535,0.7978745073095079
CONTRASTIVE_LOGREG,62,ORIGINAL5,1.0,IID_BALANCED,2116,0.5,0.8680663125710881,0.8617831197001155
CONTRASTIVE_LOGREG,62,ORIGINAL5,1.0,TEMPORAL,2116,0.5,0.8789102033939601,0.8651350231024044
CONTRASTIVE_LOGREG,62,ORIGINAL5,1.0,DOMAIN_OOD,2116,0.5,0.8517581630165932,0.8323244270853806
CONTRASTIVE_LOGREG,62,ORIGINAL5,1.0,TEMPLATE_OOD,2116,0.5,0.8791175503048227,0.8613033829924849
CONTRASTIVE_LOGREG,62,ORIGINAL5,1.0,DOMAIN_TEMPLATE_OOD,2116,0.5,0.8458014382541688,0.8253034759023875
CONTRASTIVE_LOGREG,72,ORIGINAL5,0.1,IID_BALANCED,2116,0.5,0.8196706596953718,0.8194144174727791
CONTRASTIVE_LOGREG,72,ORIGINAL5,0.1,TEMPORAL,2116,0.5,0.813655653271484,0.8140104559374788
CONTRASTIVE_LOGREG,72,ORIGINAL5,0.1,DOMAIN_OOD,2116,0.5,0.7781145557493448,0.7759397300609988
CONTRASTIVE_LOGREG,72,ORIGINAL5,0.1,TEMPLATE_OOD,2116,0.5,0.8250759836255299,0.8168048999253148
CONTRASTIVE_LOGREG,72,ORIGINAL5,0.1,DOMAIN_TEMPLATE_OOD,2116,0.5,0.7729777209322045,0.773586608109605
CONTRASTIVE_LOGREG,72,ORIGINAL5,0.25,IID_BALANCED,2116,0.5,0.8552571793218275,0.854054623875701
CONTRASTIVE_LOGREG,72,ORIGINAL5,0.25,TEMPORAL,2116,0.5,0.8699681968120778,0.8700583545656284
CONTRASTIVE_LOGREG,72,ORIGINAL5,0.25,DOMAIN_OOD,2116,0.5,0.855671834497846,0.844210641042592
CONTRASTIVE_LOGREG,72,ORIGINAL5,0.25,TEMPLATE_OOD,2116,0.5,0.8732869638658352,0.8682698389442577
CONTRASTIVE_LOGREG,72,ORIGINAL5,0.25,DOMAIN_TEMPLATE_OOD,2116,0.5,0.8404822359203079,0.8378373790831223
CONTRASTIVE_LOGREG,72,ORIGINAL5,1.0,IID_BALANCED,2116,0.5,0.870083836553554,0.8628926783423444
CONTRASTIVE_LOGREG,72,ORIGINAL5,1.0,TEMPORAL,2116,0.5,0.8843728407689269,0.8806482967113468
CONTRASTIVE_LOGREG,72,ORIGINAL5,1.0,DOMAIN_OOD,2116,0.5,0.8613000862095178,0.8461420949753611
CONTRASTIVE_LOGREG,72,ORIGINAL5,1.0,TEMPLATE_OOD,2116,0.5,0.8949074714860518,0.8858566114329207
CONTRASTIVE_LOGREG,72,ORIGINAL5,1.0,DOMAIN_TEMPLATE_OOD,2116,0.5,0.8628030767589333,0.8520972623739909
CONTRASTIVE_LOGREG,82,ORIGINAL5,0.1,IID_BALANCED,2116,0.5,0.8368912499655183,0.8358800175814124
CONTRASTIVE_LOGREG,82,ORIGINAL5,0.1,TEMPORAL,2116,0.5,0.8108743234141775,0.7997201982554379
CONTRASTIVE_LOGREG,82,ORIGINAL5,0.1,DOMAIN_OOD,2116,0.5,0.8054840927942883,0.78913606297862
CONTRASTIVE_LOGREG,82,ORIGINAL5,0.1,TEMPLATE_OOD,2116,0.5,0.8308246703782158,0.8078212270539342
CONTRASTIVE_LOGREG,82,ORIGINAL5,0.1,DOMAIN_TEMPLATE_OOD,2116,0.5,0.800396496779199,0.7740368637905095
CONTRASTIVE_LOGREG,82,ORIGINAL5,0.25,IID_BALANCED,2116,0.5,0.8515358328687463,0.8602107982747345
CONTRASTIVE_LOGREG,82,ORIGINAL5,0.25,TEMPORAL,2116,0.5,0.8534251578890039,0.8497459271514897
CONTRASTIVE_LOGREG,82,ORIGINAL5,0.25,DOMAIN_OOD,2116,0.5,0.8408511177478564,0.8333848506830664
CONTRASTIVE_LOGREG,82,ORIGINAL5,0.25,TEMPLATE_OOD,2116,0.5,0.8616843936036052,0.8466584596252872
CONTRASTIVE_LOGREG,82,ORIGINAL5,0.25,DOMAIN_TEMPLATE_OOD,2116,0.5,0.8400547971397333,0.8267453661186173
CONTRASTIVE_LOGREG,82,ORIGINAL5,1.0,IID_BALANCED,2116,0.5,0.868904327310347,0.8622941241633643
CONTRASTIVE_LOGREG,82,ORIGINAL5,1.0,TEMPORAL,2116,0.5,0.8773157264485909,0.8703603117484572
CONTRASTIVE_LOGREG,82,ORIGINAL5,1.0,DOMAIN_OOD,2116,0.5,0.8628938286866537,0.8517845848178072
CONTRASTIVE_LOGREG,82,ORIGINAL5,1.0,TEMPLATE_OOD,2116,0.5,0.875708024638413,0.8624790506037356
CONTRASTIVE_LOGREG,82,ORIGINAL5,1.0,DOMAIN_TEMPLATE_OOD,2116,0.5,0.852631896066637,0.83976436619366
CONTRASTIVE_LOGREG,242,REPLICATION5,0.1,IID_BALANCED,2116,0.5,0.7983452244340238,0.8177473994160971
CONTRASTIVE_LOGREG,242,REPLICATION5,0.1,TEMPORAL,2116,0.5,0.8492145930070816,0.8460348912418123
CONTRASTIVE_LOGREG,242,REPLICATION5,0.1,DOMAIN_OOD,2116,0.5,0.7961156700554319,0.7979066684295726
CONTRASTIVE_LOGREG,242,REPLICATION5,0.1,TEMPLATE_OOD,2116,0.5,0.8369948546879963,0.8310978377006943
CONTRASTIVE_LOGREG,242,REPLICATION5,0.1,DOMAIN_TEMPLATE_OOD,2116,0.5,0.7971087399484558,0.7935836778742213
CONTRASTIVE_LOGREG,242,REPLICATION5,0.25,IID_BALANCED,2116,0.5,0.8298162298849068,0.8413000596767451
CONTRASTIVE_LOGREG,242,REPLICATION5,0.25,TEMPORAL,2116,0.5,0.8665196590566929,0.8561486701376853
CONTRASTIVE_LOGREG,242,REPLICATION5,0.25,DOMAIN_OOD,2116,0.5,0.8261043423399099,0.8218211412909473
CONTRASTIVE_LOGREG,242,REPLICATION5,0.25,TEMPLATE_OOD,2116,0.5,0.86250498473435,0.8524018996501584
CONTRASTIVE_LOGREG,242,REPLICATION5,0.25,DOMAIN_TEMPLATE_OOD,2116,0.5,0.8222051055321329,0.8088226885981682
CONTRASTIVE_LOGREG,242,REPLICATION5,1.0,IID_BALANCED,2116,0.5,0.8648847048077968,0.8656201199967125
CONTRASTIVE_LOGREG,242,REPLICATION5,1.0,TEMPORAL,2116,0.5,0.8863245870707869,0.8725892560418237
CONTRASTIVE_LOGREG,242,REPLICATION5,1.0,DOMAIN_OOD,2116,0.5,0.851224830464606,0.8355199917095779
CONTRASTIVE_LOGREG,242,REPLICATION5,1.0,TEMPLATE_OOD,2116,0.5,0.8813638586489916,0.8663803731404619
CONTRASTIVE_LOGREG,242,REPLICATION5,1.0,DOMAIN_TEMPLATE_OOD,2116,0.5,0.8496869725110177,0.8306717028598383
CONTRASTIVE_LOGREG,252,REPLICATION5,0.1,IID_BALANCED,2116,0.5,0.8578385067455014,0.8631874886096033
CONTRASTIVE_LOGREG,252,REPLICATION5,0.1,TEMPORAL,2116,0.5,0.8798346268987364,0.8769122465971748
CONTRASTIVE_LOGREG,252,REPLICATION5,0.1,DOMAIN_OOD,2116,0.5,0.8455449795412622,0.8461322679664522
CONTRASTIVE_LOGREG,252,REPLICATION5,0.1,TEMPLATE_OOD,2116,0.5,0.8731578617949994,0.8724534646459954
CONTRASTIVE_LOGREG,252,REPLICATION5,0.1,DOMAIN_TEMPLATE_OOD,2116,0.5,0.8327342497701731,0.8269731740524083
CONTRASTIVE_LOGREG,252,REPLICATION5,0.25,IID_BALANCED,2116,0.5,0.8599364610216305,0.8653798049606741
CONTRASTIVE_LOGREG,252,REPLICATION5,0.25,TEMPORAL,2116,0.5,0.9037726486828493,0.8984110619959191
CONTRASTIVE_LOGREG,252,REPLICATION5,0.25,DOMAIN_OOD,2116,0.5,0.8856104538974371,0.8799193113232158
CONTRASTIVE_LOGREG,252,REPLICATION5,0.25,TEMPLATE_OOD,2116,0.5,0.9036940101579426,0.9012367737393735
CONTRASTIVE_LOGREG,252,REPLICATION5,0.25,DOMAIN_TEMPLATE_OOD,2116,0.5,0.8717750511049628,0.8641898435182835
CONTRASTIVE_LOGREG,252,REPLICATION5,1.0,IID_BALANCED,2116,0.5,0.8842966460756094,0.8712072212434919
CONTRASTIVE_LOGREG,252,REPLICATION5,1.0,TEMPORAL,2116,0.5,0.9084090006548287,0.897536458203051
CONTRASTIVE_LOGREG,252,REPLICATION5,1.0,DOMAIN_OOD,2116,0.5,0.8781129746838827,0.8673103655289968
CONTRASTIVE_LOGREG,252,REPLICATION5,1.0,TEMPLATE_OOD,2116,0.5,0.9024052268195748,0.8915982647288997
CONTRASTIVE_LOGREG,252,REPLICATION5,1.0,DOMAIN_TEMPLATE_OOD,2116,0.5,0.8783091385729177,0.8668574297547536
CONTRASTIVE_LOGREG,262,REPLICATION5,0.1,IID_BALANCED,2116,0.5,0.8654927390044093,0.8642586325806441
CONTRASTIVE_LOGREG,262,REPLICATION5,0.1,TEMPORAL,2116,0.5,0.8501221602189999,0.8431993524894493
CONTRASTIVE_LOGREG,262,REPLICATION5,0.1,DOMAIN_OOD,2116,0.5,0.8016485065304887,0.7960716978569974
CONTRASTIVE_LOGREG,262,REPLICATION5,0.1,TEMPLATE_OOD,2116,0.5,0.8534261805131462,0.8443821670162699
CONTRASTIVE_LOGREG,262,REPLICATION5,0.1,DOMAIN_TEMPLATE_OOD,2116,0.5,0.8007819946866971,0.7866315157535886
CONTRASTIVE_LOGREG,262,REPLICATION5,0.25,IID_BALANCED,2116,0.5,0.8689689750343066,0.8622119346343102
CONTRASTIVE_LOGREG,262,REPLICATION5,0.25,TEMPORAL,2116,0.5,0.8628520042260753,0.8496458703335108
CONTRASTIVE_LOGREG,262,REPLICATION5,0.25,DOMAIN_OOD,2116,0.5,0.8095055568526652,0.7961306599104491
CONTRASTIVE_LOGREG,262,REPLICATION5,0.25,TEMPLATE_OOD,2116,0.5,0.8621236465882701,0.844169546278065
CONTRASTIVE_LOGREG,262,REPLICATION5,0.25,DOMAIN_TEMPLATE_OOD,2116,0.5,0.8049954223326902,0.7874864655286395
CONTRASTIVE_LOGREG,262,REPLICATION5,1.0,IID_BALANCED,2116,0.5,0.8918447109391219,0.8906861396292896
CONTRASTIVE_LOGREG,262,REPLICATION5,1.0,TEMPORAL,2116,0.5,0.8909221324681253,0.8794806693801124
CONTRASTIVE_LOGREG,262,REPLICATION5,1.0,DOMAIN_OOD,2116,0.5,0.8607956506846784,0.841457291819283
CONTRASTIVE_LOGREG,262,REPLICATION5,1.0,TEMPLATE_OOD,2116,0.5,0.8963204220692892,0.881385322379494
CONTRASTIVE_LOGREG,262,REPLICATION5,1.0,DOMAIN_TEMPLATE_OOD,2116,0.5,0.863901517874722,0.843780932743951
CONTRASTIVE_LOGREG,272,REPLICATION5,0.1,IID_BALANCED,2116,0.5,0.8193619529316751,0.8344238335340425
CONTRASTIVE_LOGREG,272,REPLICATION5,0.1,TEMPORAL,2116,0.5,0.8204342979178166,0.8202707072944994
CONTRASTIVE_LOGREG,272,REPLICATION5,0.1,DOMAIN_OOD,2116,0.5,0.8012396017282494,0.7972411119171243
CONTRASTIVE_LOGREG,272,REPLICATION5,0.1,TEMPLATE_OOD,2116,0.5,0.830290000612717,0.824289507255906
CONTRASTIVE_LOGREG,272,REPLICATION5,0.1,DOMAIN_TEMPLATE_OOD,2116,0.5,0.7920406129829263,0.7802930950075222
CONTRASTIVE_LOGREG,272,REPLICATION5,0.25,IID_BALANCED,2116,0.5,0.8438753633647783,0.8439596056331987
CONTRASTIVE_LOGREG,272,REPLICATION5,0.25,TEMPORAL,2116,0.5,0.8498665709614004,0.8460089836728714
CONTRASTIVE_LOGREG,272,REPLICATION5,0.25,DOMAIN_OOD,2116,0.5,0.8221940241550327,0.8178903377274952
CONTRASTIVE_LOGREG,272,REPLICATION5,0.25,TEMPLATE_OOD,2116,0.5,0.8545495300968221,0.8489999678388798
CONTRASTIVE_LOGREG,272,REPLICATION5,0.25,DOMAIN_TEMPLATE_OOD,2116,0.5,0.8124604697431348,0.8027531705504198
CONTRASTIVE_LOGREG,272,REPLICATION5,1.0,IID_BALANCED,2116,0.5,0.8803687326270764,0.8774656858716199
CONTRASTIVE_LOGREG,272,REPLICATION5,1.0,TEMPORAL,2116,0.5,0.8863157328828664,0.8863461751494599
CONTRASTIVE_LOGREG,272,REPLICATION5,1.0,DOMAIN_OOD,2116,0.5,0.8766095550708408,0.8711178847988679
CONTRASTIVE_LOGREG,272,REPLICATION5,1.0,TEMPLATE_OOD,2116,0.5,0.8967992993123794,0.8940067752759603
CONTRASTIVE_LOGREG,272,REPLICATION5,1.0,DOMAIN_TEMPLATE_OOD,2116,0.5,0.8635927207966727,0.8568562147791067
CONTRASTIVE_LOGREG,282,REPLICATION5,0.1,IID_BALANCED,2116,0.5,0.8504450779289369,0.8580149084658788
CONTRASTIVE_LOGREG,282,REPLICATION5,0.1,TEMPORAL,2116,0.5,0.8660740057155479,0.8569276839348057
CONTRASTIVE_LOGREG,282,REPLICATION5,0.1,DOMAIN_OOD,2116,0.5,0.8347908564881124,0.8231326002980264
CONTRASTIVE_LOGREG,282,REPLICATION5,0.1,TEMPLATE_OOD,2116,0.5,0.8663529400803763,0.8528146340243209
CONTRASTIVE_LOGREG,282,REPLICATION5,0.1,DOMAIN_TEMPLATE_OOD,2116,0.5,0.8240932315113607,0.8073254097862715
CONTRASTIVE_LOGREG,282,REPLICATION5,0.25,IID_BALANCED,2116,0.5,0.8562808353590122,0.8636797324194811
CONTRASTIVE_LOGREG,282,REPLICATION5,0.25,TEMPORAL,2116,0.5,0.8799950636955665,0.8740758144803656
CONTRASTIVE_LOGREG,282,REPLICATION5,0.25,DOMAIN_OOD,2116,0.5,0.8425870887509515,0.8346873760456832
CONTRASTIVE_LOGREG,282,REPLICATION5,0.25,TEMPLATE_OOD,2116,0.5,0.8765215630286798,0.8640576255802402
CONTRASTIVE_LOGREG,282,REPLICATION5,0.25,DOMAIN_TEMPLATE_OOD,2116,0.5,0.8365680946436975,0.8251105091819997
CONTRASTIVE_LOGREG,282,REPLICATION5,1.0,IID_BALANCED,2116,0.5,0.872301361007175,0.8664545223894997
CONTRASTIVE_LOGREG,282,REPLICATION5,1.0,TEMPORAL,2116,0.5,0.8785839837733302,0.8679562680236277
CONTRASTIVE_LOGREG,282,REPLICATION5,1.0,DOMAIN_OOD,2116,0.5,0.8416468650565728,0.8284534789398266
CONTRASTIVE_LOGREG,282,REPLICATION5,1.0,TEMPLATE_OOD,2116,0.5,0.872897271694844,0.8615633520463406
CONTRASTIVE_LOGREG,282,REPLICATION5,1.0,DOMAIN_TEMPLATE_OOD,2116,0.5,0.8286747632073475,0.815901708470167
CONTRASTIVE_XGBOOST,42,ORIGINAL5,0.1,IID_BALANCED,2116,0.5,0.8107757450371089,0.8093855081992989
CONTRASTIVE_XGBOOST,42,ORIGINAL5,0.1,TEMPORAL,2116,0.5,0.8319518472386367,0.8201925379054534
CONTRASTIVE_XGBOOST,42,ORIGINAL5,0.1,DOMAIN_OOD,2116,0.5,0.8088974784526558,0.8020518794601219
CONTRASTIVE_XGBOOST,42,ORIGINAL5,0.1,TEMPLATE_OOD,2116,0.5,0.823850414089834,0.8223660936031533
CONTRASTIVE_XGBOOST,42,ORIGINAL5,0.1,DOMAIN_TEMPLATE_OOD,2116,0.5,0.7884629683160411,0.7835243942095691
CONTRASTIVE_XGBOOST,42,ORIGINAL5,0.25,IID_BALANCED,2116,0.5,0.84663114012523,0.8502435311480449
CONTRASTIVE_XGBOOST,42,ORIGINAL5,0.25,TEMPORAL,2116,0.5,0.8626270750657568,0.8562085255555834
CONTRASTIVE_XGBOOST,42,ORIGINAL5,0.25,DOMAIN_OOD,2116,0.5,0.8410698071630398,0.8321359271872242
CONTRASTIVE_XGBOOST,42,ORIGINAL5,0.25,TEMPLATE_OOD,2116,0.5,0.8667714903583013,0.8575994939983776
CONTRASTIVE_XGBOOST,42,ORIGINAL5,0.25,DOMAIN_TEMPLATE_OOD,2116,0.5,0.829085526081162,0.819391189997177
CONTRASTIVE_XGBOOST,42,ORIGINAL5,1.0,IID_BALANCED,2116,0.5,0.8718891954363615,0.8712411690924489
CONTRASTIVE_XGBOOST,42,ORIGINAL5,1.0,TEMPORAL,2116,0.5,0.8764976808800724,0.874062414013672
CONTRASTIVE_XGBOOST,42,ORIGINAL5,1.0,DOMAIN_OOD,2116,0.5,0.8502939609809024,0.8450950718443687
CONTRASTIVE_XGBOOST,42,ORIGINAL5,1.0,TEMPLATE_OOD,2116,0.5,0.880736656134506,0.873699708048499
CONTRASTIVE_XGBOOST,42,ORIGINAL5,1.0,DOMAIN_TEMPLATE_OOD,2116,0.5,0.842699361788217,0.8371343012639321
CONTRASTIVE_XGBOOST,52,ORIGINAL5,0.1,IID_BALANCED,2116,0.5,0.8113295074161863,0.8183941952751741
CONTRASTIVE_XGBOOST,52,ORIGINAL5,0.1,TEMPORAL,2116,0.5,0.8360297263567084,0.8198271518469417
CONTRASTIVE_XGBOOST,52,ORIGINAL5,0.1,DOMAIN_OOD,2116,0.5,0.8028728301058655,0.7880233775608292
CONTRASTIVE_XGBOOST,52,ORIGINAL5,0.1,TEMPLATE_OOD,2116,0.5,0.840882769323098,0.8261485986685295
CONTRASTIVE_XGBOOST,52,ORIGINAL5,0.1,DOMAIN_TEMPLATE_OOD,2116,0.5,0.7988166201811627,0.7824318094918186
CONTRASTIVE_XGBOOST,52,ORIGINAL5,0.25,IID_BALANCED,2116,0.5,0.8349680586159584,0.8469970447504119
CONTRASTIVE_XGBOOST,52,ORIGINAL5,0.25,TEMPORAL,2116,0.5,0.8504684390372074,0.8274252164622053
CONTRASTIVE_XGBOOST,52,ORIGINAL5,0.25,DOMAIN_OOD,2116,0.5,0.8235604867137762,0.8058620788233317
CONTRASTIVE_XGBOOST,52,ORIGINAL5,0.25,TEMPLATE_OOD,2116,0.5,0.8516599991799035,0.83657416175614
CONTRASTIVE_XGBOOST,52,ORIGINAL5,0.25,DOMAIN_TEMPLATE_OOD,2116,0.5,0.8124923420839065,0.7958867714166258
CONTRASTIVE_XGBOOST,52,ORIGINAL5,1.0,IID_BALANCED,2116,0.5,0.8788142889444073,0.8824734402750134
CONTRASTIVE_XGBOOST,52,ORIGINAL5,1.0,TEMPORAL,2116,0.5,0.8811156560628961,0.8613882526148777
CONTRASTIVE_XGBOOST,52,ORIGINAL5,1.0,DOMAIN_OOD,2116,0.5,0.8484136172861403,0.8303599186681008
CONTRASTIVE_XGBOOST,52,ORIGINAL5,1.0,TEMPLATE_OOD,2116,0.5,0.8828821478638902,0.863560021583685
CONTRASTIVE_XGBOOST,52,ORIGINAL5,1.0,DOMAIN_TEMPLATE_OOD,2116,0.5,0.8438739211309512,0.8237713558770874
CONTRASTIVE_XGBOOST,62,ORIGINAL5,0.1,IID_BALANCED,2116,0.5,0.8071760709601057,0.8051098659595984
CONTRASTIVE_XGBOOST,62,ORIGINAL5,0.1,TEMPORAL,2116,0.5,0.8295164347172715,0.8144875125517705
CONTRASTIVE_XGBOOST,62,ORIGINAL5,0.1,DOMAIN_OOD,2116,0.5,0.7970703195478288,0.7825863615410179
CONTRASTIVE_XGBOOST,62,ORIGINAL5,0.1,TEMPLATE_OOD,2116,0.5,0.8365235479882664,0.8159445899635865
CONTRASTIVE_XGBOOST,62,ORIGINAL5,0.1,DOMAIN_TEMPLATE_OOD,2116,0.5,0.7856831954158556,0.7629144764348326
CONTRASTIVE_XGBOOST,62,ORIGINAL5,0.25,IID_BALANCED,2116,0.5,0.8335902715460526,0.8354878305895133
CONTRASTIVE_XGBOOST,62,ORIGINAL5,0.25,TEMPORAL,2116,0.5,0.8597768790985842,0.8429313431555776
CONTRASTIVE_XGBOOST,62,ORIGINAL5,0.25,DOMAIN_OOD,2116,0.5,0.8409755253691374,0.8180055817410601
CONTRASTIVE_XGBOOST,62,ORIGINAL5,0.25,TEMPLATE_OOD,2116,0.5,0.8605489149943096,0.8379177818832837
CONTRASTIVE_XGBOOST,62,ORIGINAL5,0.25,DOMAIN_TEMPLATE_OOD,2116,0.5,0.8363014514191981,0.8095489938929606
CONTRASTIVE_XGBOOST,62,ORIGINAL5,1.0,IID_BALANCED,2116,0.5,0.8598153554902869,0.8687370685496406
CONTRASTIVE_XGBOOST,62,ORIGINAL5,1.0,TEMPORAL,2116,0.5,0.8828780746027536,0.8669914344216895
CONTRASTIVE_XGBOOST,62,ORIGINAL5,1.0,DOMAIN_OOD,2116,0.5,0.856059482097605,0.8378534596431544
CONTRASTIVE_XGBOOST,62,ORIGINAL5,1.0,TEMPLATE_OOD,2116,0.5,0.8820544872353001,0.8629346664713176
CONTRASTIVE_XGBOOST,62,ORIGINAL5,1.0,DOMAIN_TEMPLATE_OOD,2116,0.5,0.8496493378254857,0.826463956318052
CONTRASTIVE_XGBOOST,72,ORIGINAL5,0.1,IID_BALANCED,2116,0.5,0.8037611680715591,0.8010664984759203
CONTRASTIVE_XGBOOST,72,ORIGINAL5,0.1,TEMPORAL,2116,0.5,0.8106598744799911,0.8063346686153923
CONTRASTIVE_XGBOOST,72,ORIGINAL5,0.1,DOMAIN_OOD,2116,0.5,0.7883176320428391,0.7737054255809548
CONTRASTIVE_XGBOOST,72,ORIGINAL5,0.1,TEMPLATE_OOD,2116,0.5,0.822327165030284,0.8073397036174114
CONTRASTIVE_XGBOOST,72,ORIGINAL5,0.1,DOMAIN_TEMPLATE_OOD,2116,0.5,0.7892581873333739,0.7791629889830296
CONTRASTIVE_XGBOOST,72,ORIGINAL5,0.25,IID_BALANCED,2116,0.5,0.8300246537362739,0.8308253615445914
CONTRASTIVE_XGBOOST,72,ORIGINAL5,0.25,TEMPORAL,2116,0.5,0.84119598707898,0.834757951836936
CONTRASTIVE_XGBOOST,72,ORIGINAL5,0.25,DOMAIN_OOD,2116,0.5,0.8230402607379979,0.8084037006728821
CONTRASTIVE_XGBOOST,72,ORIGINAL5,0.25,TEMPLATE_OOD,2116,0.5,0.8498077256931328,0.835732612447783
CONTRASTIVE_XGBOOST,72,ORIGINAL5,0.25,DOMAIN_TEMPLATE_OOD,2116,0.5,0.8189048718271656,0.8071529904481474
CONTRASTIVE_XGBOOST,72,ORIGINAL5,1.0,IID_BALANCED,2116,0.5,0.8618563542723343,0.8581980481773579
CONTRASTIVE_XGBOOST,72,ORIGINAL5,1.0,TEMPORAL,2116,0.5,0.8728224681081819,0.860111634821202
CONTRASTIVE_XGBOOST,72,ORIGINAL5,1.0,DOMAIN_OOD,2116,0.5,0.8451124545588942,0.8287697299537952
CONTRASTIVE_XGBOOST,72,ORIGINAL5,1.0,TEMPLATE_OOD,2116,0.5,0.8759767317314513,0.8641791231449288
CONTRASTIVE_XGBOOST,72,ORIGINAL5,1.0,DOMAIN_TEMPLATE_OOD,2116,0.5,0.8385336989916824,0.8256635017742218
CONTRASTIVE_XGBOOST,82,ORIGINAL5,0.1,IID_BALANCED,2116,0.5,0.8129582037611767,0.8144196168538563
CONTRASTIVE_XGBOOST,82,ORIGINAL5,0.1,TEMPORAL,2116,0.5,0.7889141032003729,0.7729576795394528
CONTRASTIVE_XGBOOST,82,ORIGINAL5,0.1,DOMAIN_OOD,2116,0.5,0.7833516085990425,0.7591900400584617
CONTRASTIVE_XGBOOST,82,ORIGINAL5,0.1,TEMPLATE_OOD,2116,0.5,0.8102482601774139,0.778230316501156
CONTRASTIVE_XGBOOST,82,ORIGINAL5,0.1,DOMAIN_TEMPLATE_OOD,2116,0.5,0.7666488392072723,0.7428914991012754
CONTRASTIVE_XGBOOST,82,ORIGINAL5,0.25,IID_BALANCED,2116,0.5,0.8286774388891636,0.8395669326510411
CONTRASTIVE_XGBOOST,82,ORIGINAL5,0.25,TEMPORAL,2116,0.5,0.8366101886600867,0.8272358231996024
CONTRASTIVE_XGBOOST,82,ORIGINAL5,0.25,DOMAIN_OOD,2116,0.5,0.8210947576063301,0.8073414903463038
CONTRASTIVE_XGBOOST,82,ORIGINAL5,0.25,TEMPLATE_OOD,2116,0.5,0.8421846303493901,0.82057579125289
CONTRASTIVE_XGBOOST,82,ORIGINAL5,0.25,DOMAIN_TEMPLATE_OOD,2116,0.5,0.8084714046686334,0.7916281031014041
CONTRASTIVE_XGBOOST,82,ORIGINAL5,1.0,IID_BALANCED,2116,0.5,0.8641921283355051,0.8716512233732727
CONTRASTIVE_XGBOOST,82,ORIGINAL5,1.0,TEMPORAL,2116,0.5,0.875144366241233,0.861591046344174
CONTRASTIVE_XGBOOST,82,ORIGINAL5,1.0,DOMAIN_OOD,2116,0.5,0.8486142971882831,0.838516336062264
CONTRASTIVE_XGBOOST,82,ORIGINAL5,1.0,TEMPLATE_OOD,2116,0.5,0.8746668897589008,0.8618876433403253
CONTRASTIVE_XGBOOST,82,ORIGINAL5,1.0,DOMAIN_TEMPLATE_OOD,2116,0.5,0.8420536787805994,0.8277852423340396
CONTRASTIVE_XGBOOST,242,REPLICATION5,0.1,IID_BALANCED,2116,0.5,0.7663504891906978,0.7721750922845473
CONTRASTIVE_XGBOOST,242,REPLICATION5,0.1,TEMPORAL,2116,0.5,0.8007669397147623,0.7868039350917126
CONTRASTIVE_XGBOOST,242,REPLICATION5,0.1,DOMAIN_OOD,2116,0.5,0.7691264038486701,0.7554459496642736
CONTRASTIVE_XGBOOST,242,REPLICATION5,0.1,TEMPLATE_OOD,2116,0.5,0.794806282612877,0.7837370149477739
CONTRASTIVE_XGBOOST,242,REPLICATION5,0.1,DOMAIN_TEMPLATE_OOD,2116,0.5,0.7732148318245771,0.7602558238428251
CONTRASTIVE_XGBOOST,242,REPLICATION5,0.25,IID_BALANCED,2116,0.5,0.828238948581645,0.8282578321261002
CONTRASTIVE_XGBOOST,242,REPLICATION5,0.25,TEMPORAL,2116,0.5,0.8399192663469451,0.8361283728974667
CONTRASTIVE_XGBOOST,242,REPLICATION5,0.25,DOMAIN_OOD,2116,0.5,0.801921486371834,0.7999694469359386
CONTRASTIVE_XGBOOST,242,REPLICATION5,0.25,TEMPLATE_OOD,2116,0.5,0.8382734297342024,0.8389960727698943
CONTRASTIVE_XGBOOST,242,REPLICATION5,0.25,DOMAIN_TEMPLATE_OOD,2116,0.5,0.7983699374540225,0.7974019175174475
CONTRASTIVE_XGBOOST,242,REPLICATION5,1.0,IID_BALANCED,2116,0.5,0.8684051043229537,0.8711000175099431
CONTRASTIVE_XGBOOST,242,REPLICATION5,1.0,TEMPORAL,2116,0.5,0.8642903788620728,0.8557457627724315
CONTRASTIVE_XGBOOST,242,REPLICATION5,1.0,DOMAIN_OOD,2116,0.5,0.8361163775150237,0.8279219270943142
CONTRASTIVE_XGBOOST,242,REPLICATION5,1.0,TEMPLATE_OOD,2116,0.5,0.877417823579093,0.8660453614731223
CONTRASTIVE_XGBOOST,242,REPLICATION5,1.0,DOMAIN_TEMPLATE_OOD,2116,0.5,0.8312500425447183,0.8151092942063529
CONTRASTIVE_XGBOOST,252,REPLICATION5,0.1,IID_BALANCED,2116,0.5,0.8114990126513636,0.8178912310919415
CONTRASTIVE_XGBOOST,252,REPLICATION5,0.1,TEMPORAL,2116,0.5,0.8499658207853242,0.8371298344417009
CONTRASTIVE_XGBOOST,252,REPLICATION5,0.1,DOMAIN_OOD,2116,0.5,0.8251994082902298,0.8130563427088955
CONTRASTIVE_XGBOOST,252,REPLICATION5,0.1,TEMPLATE_OOD,2116,0.5,0.8535493307346621,0.8428741678310181
CONTRASTIVE_XGBOOST,252,REPLICATION5,0.1,DOMAIN_TEMPLATE_OOD,2116,0.5,0.8066157476002056,0.7921431277046608
CONTRASTIVE_XGBOOST,252,REPLICATION5,0.25,IID_BALANCED,2116,0.5,0.8467670900430444,0.8495207993110374
CONTRASTIVE_XGBOOST,252,REPLICATION5,0.25,TEMPORAL,2116,0.5,0.8781130048253992,0.8655522242987983
CONTRASTIVE_XGBOOST,252,REPLICATION5,0.25,DOMAIN_OOD,2116,0.5,0.8591279250047288,0.8425588101814958
CONTRASTIVE_XGBOOST,252,REPLICATION5,0.25,TEMPLATE_OOD,2116,0.5,0.8791348339330572,0.868368555715567
CONTRASTIVE_XGBOOST,252,REPLICATION5,0.25,DOMAIN_TEMPLATE_OOD,2116,0.5,0.8446378190815362,0.8250131324573597
CONTRASTIVE_XGBOOST,252,REPLICATION5,1.0,IID_BALANCED,2116,0.5,0.8752076824449051,0.8707319513580924
CONTRASTIVE_XGBOOST,252,REPLICATION5,1.0,TEMPORAL,2116,0.5,0.8939299250617878,0.880058676176829
CONTRASTIVE_XGBOOST,252,REPLICATION5,1.0,DOMAIN_OOD,2116,0.5,0.8669891750117752,0.8484987903845397
CONTRASTIVE_XGBOOST,252,REPLICATION5,1.0,TEMPLATE_OOD,2116,0.5,0.8968143058447047,0.8820401585185873
CONTRASTIVE_XGBOOST,252,REPLICATION5,1.0,DOMAIN_TEMPLATE_OOD,2116,0.5,0.860132425772015,0.8389737386587383
CONTRASTIVE_XGBOOST,262,REPLICATION5,0.1,IID_BALANCED,2116,0.5,0.836235268243436,0.8241751566067873
CONTRASTIVE_XGBOOST,262,REPLICATION5,0.1,TEMPORAL,2116,0.5,0.8395941749297553,0.8183459535950772
CONTRASTIVE_XGBOOST,262,REPLICATION5,0.1,DOMAIN_OOD,2116,0.5,0.7839873072982836,0.7570808066008913
CONTRASTIVE_XGBOOST,262,REPLICATION5,0.1,TEMPLATE_OOD,2116,0.5,0.8428550307839406,0.8202640070611527
CONTRASTIVE_XGBOOST,262,REPLICATION5,0.1,DOMAIN_TEMPLATE_OOD,2116,0.5,0.7828877233343062,0.7567797427825087
CONTRASTIVE_XGBOOST,262,REPLICATION5,0.25,IID_BALANCED,2116,0.5,0.8551331926846955,0.8488784702741915
CONTRASTIVE_XGBOOST,262,REPLICATION5,0.25,TEMPORAL,2116,0.5,0.8564408813319573,0.843470488598883
CONTRASTIVE_XGBOOST,262,REPLICATION5,0.25,DOMAIN_OOD,2116,0.5,0.8137055669995159,0.7945538716628371
CONTRASTIVE_XGBOOST,262,REPLICATION5,0.25,TEMPLATE_OOD,2116,0.5,0.8635226975572257,0.8409355669826795
CONTRASTIVE_XGBOOST,262,REPLICATION5,0.25,DOMAIN_TEMPLATE_OOD,2116,0.5,0.8097796260497667,0.7906364685660786
CONTRASTIVE_XGBOOST,262,REPLICATION5,1.0,IID_BALANCED,2116,0.5,0.8848332795638301,0.8837259372286406
CONTRASTIVE_XGBOOST,262,REPLICATION5,1.0,TEMPORAL,2116,0.5,0.8857441817397355,0.8755650530122463
CONTRASTIVE_XGBOOST,262,REPLICATION5,1.0,DOMAIN_OOD,2116,0.5,0.8529268854591864,0.8361882283153648
CONTRASTIVE_XGBOOST,262,REPLICATION5,1.0,TEMPLATE_OOD,2116,0.5,0.8890023620466229,0.8754877769876466
CONTRASTIVE_XGBOOST,262,REPLICATION5,1.0,DOMAIN_TEMPLATE_OOD,2116,0.5,0.8473396900490087,0.8328935002376348
CONTRASTIVE_XGBOOST,272,REPLICATION5,0.1,IID_BALANCED,2116,0.5,0.8055093596289242,0.8077175967781705
CONTRASTIVE_XGBOOST,272,REPLICATION5,0.1,TEMPORAL,2116,0.5,0.8327677724291803,0.8184540506930722
CONTRASTIVE_XGBOOST,272,REPLICATION5,0.1,DOMAIN_OOD,2116,0.5,0.7999401679071214,0.7924625054941913
CONTRASTIVE_XGBOOST,272,REPLICATION5,0.1,TEMPLATE_OOD,2116,0.5,0.8356579940950343,0.8202997416390021
CONTRASTIVE_XGBOOST,272,REPLICATION5,0.1,DOMAIN_TEMPLATE_OOD,2116,0.5,0.7972173449873142,0.7789673421693032
CONTRASTIVE_XGBOOST,272,REPLICATION5,0.25,IID_BALANCED,2116,0.5,0.8357629507346778,0.8289305355541182
CONTRASTIVE_XGBOOST,272,REPLICATION5,0.25,TEMPORAL,2116,0.5,0.8499939265965022,0.8380276657101712
CONTRASTIVE_XGBOOST,272,REPLICATION5,0.25,DOMAIN_OOD,2116,0.5,0.8209171838572684,0.8072351799772013
CONTRASTIVE_XGBOOST,272,REPLICATION5,0.25,TEMPLATE_OOD,2116,0.5,0.8454779276752078,0.8342308668136549
CONTRASTIVE_XGBOOST,272,REPLICATION5,0.25,DOMAIN_TEMPLATE_OOD,2116,0.5,0.8057856159596809,0.7878004831314925
CONTRASTIVE_XGBOOST,272,REPLICATION5,1.0,IID_BALANCED,2116,0.5,0.867248071066461,0.8686343316383232
CONTRASTIVE_XGBOOST,272,REPLICATION5,1.0,TEMPORAL,2116,0.5,0.8875353742356805,0.8764432302628993
CONTRASTIVE_XGBOOST,272,REPLICATION5,1.0,DOMAIN_OOD,2116,0.5,0.8625842835269076,0.8446617900879427
CONTRASTIVE_XGBOOST,272,REPLICATION5,1.0,TEMPLATE_OOD,2116,0.5,0.8841831365686903,0.8725151067927859
CONTRASTIVE_XGBOOST,272,REPLICATION5,1.0,DOMAIN_TEMPLATE_OOD,2116,0.5,0.8514617469604746,0.8319090126178794
CONTRASTIVE_XGBOOST,282,REPLICATION5,0.1,IID_BALANCED,2116,0.5,0.8302290720995956,0.8294728077729853
CONTRASTIVE_XGBOOST,282,REPLICATION5,0.1,TEMPORAL,2116,0.5,0.8320729892762231,0.8229342733909611
CONTRASTIVE_XGBOOST,282,REPLICATION5,0.1,DOMAIN_OOD,2116,0.5,0.8124683729231215,0.7936622939454905
CONTRASTIVE_XGBOOST,282,REPLICATION5,0.1,TEMPLATE_OOD,2116,0.5,0.8478610819161964,0.8291681704968178
CONTRASTIVE_XGBOOST,282,REPLICATION5,0.1,DOMAIN_TEMPLATE_OOD,2116,0.5,0.8100297658276482,0.7856872295339139
CONTRASTIVE_XGBOOST,282,REPLICATION5,0.25,IID_BALANCED,2116,0.5,0.8572987014946752,0.8616598354065345
CONTRASTIVE_XGBOOST,282,REPLICATION5,0.25,TEMPORAL,2116,0.5,0.8579539311558662,0.8491522864769636
CONTRASTIVE_XGBOOST,282,REPLICATION5,0.25,DOMAIN_OOD,2116,0.5,0.8259889360397015,0.8110525262559811
CONTRASTIVE_XGBOOST,282,REPLICATION5,0.25,TEMPLATE_OOD,2116,0.5,0.8527397326743116,0.8381714973860157
CONTRASTIVE_XGBOOST,282,REPLICATION5,0.25,DOMAIN_TEMPLATE_OOD,2116,0.5,0.8197990754108857,0.7978780807672928
CONTRASTIVE_XGBOOST,282,REPLICATION5,1.0,IID_BALANCED,2116,0.5,0.8845080366143712,0.8802436026172005
CONTRASTIVE_XGBOOST,282,REPLICATION5,1.0,TEMPORAL,2116,0.5,0.8766786334441788,0.8641407084737405
CONTRASTIVE_XGBOOST,282,REPLICATION5,1.0,DOMAIN_OOD,2116,0.5,0.8476898547673878,0.8314721574036685
CONTRASTIVE_XGBOOST,282,REPLICATION5,1.0,TEMPLATE_OOD,2116,0.5,0.8806369132256355,0.8666144346253766
CONTRASTIVE_XGBOOST,282,REPLICATION5,1.0,DOMAIN_TEMPLATE_OOD,2116,0.5,0.8416697115744668,0.8193849364460534
CONTRASTIVE_MLP,42,ORIGINAL5,0.1,IID_BALANCED,2116,0.5,0.8480674867406417,0.856740970765542
CONTRASTIVE_MLP,42,ORIGINAL5,0.1,TEMPORAL,2116,0.5,0.8605571309667289,0.8613100832258318
CONTRASTIVE_MLP,42,ORIGINAL5,0.1,DOMAIN_OOD,2116,0.5,0.8497399289543182,0.8464824668293781
CONTRASTIVE_MLP,42,ORIGINAL5,0.1,TEMPLATE_OOD,2116,0.5,0.8733838542716618,0.8659488781129284
CONTRASTIVE_MLP,42,ORIGINAL5,0.1,DOMAIN_TEMPLATE_OOD,2116,0.5,0.8393631307610938,0.8284239979131007
CONTRASTIVE_MLP,42,ORIGINAL5,0.25,IID_BALANCED,2116,0.5,0.8707872879727342,0.8763163725115333
CONTRASTIVE_MLP,42,ORIGINAL5,0.25,TEMPORAL,2116,0.5,0.8843146041250348,0.8811155263167298
CONTRASTIVE_MLP,42,ORIGINAL5,0.25,DOMAIN_OOD,2116,0.5,0.8642130503233308,0.8605270492887033
CONTRASTIVE_MLP,42,ORIGINAL5,0.25,TEMPLATE_OOD,2116,0.5,0.8878468814322763,0.8788303000632502
CONTRASTIVE_MLP,42,ORIGINAL5,0.25,DOMAIN_TEMPLATE_OOD,2116,0.5,0.8532169956227939,0.8447207521413946
CONTRASTIVE_MLP,42,ORIGINAL5,1.0,IID_BALANCED,2116,0.5,0.8923770407455696,0.8921825250767399
CONTRASTIVE_MLP,42,ORIGINAL5,1.0,TEMPORAL,2116,0.5,0.8896147632033224,0.8904011563709393
CONTRASTIVE_MLP,42,ORIGINAL5,1.0,DOMAIN_OOD,2116,0.5,0.8731793769164533,0.8696206059869711
CONTRASTIVE_MLP,42,ORIGINAL5,1.0,TEMPLATE_OOD,2116,0.5,0.8958824724463705,0.891184636990291
CONTRASTIVE_MLP,42,ORIGINAL5,1.0,DOMAIN_TEMPLATE_OOD,2116,0.5,0.8644212580757378,0.8590887325302583
CONTRASTIVE_MLP,52,ORIGINAL5,0.1,IID_BALANCED,2116,0.5,0.8520162403466294,0.8502372775969211
CONTRASTIVE_MLP,52,ORIGINAL5,0.1,TEMPORAL,2116,0.5,0.8459059168202293,0.8293754310483452
CONTRASTIVE_MLP,52,ORIGINAL5,0.1,DOMAIN_OOD,2116,0.5,0.811023024304581,0.7988920494137743
CONTRASTIVE_MLP,52,ORIGINAL5,0.1,TEMPLATE_OOD,2116,0.5,0.8595804972472301,0.8422961610343016
CONTRASTIVE_MLP,52,ORIGINAL5,0.1,DOMAIN_TEMPLATE_OOD,2116,0.5,0.8067690630962419,0.794374752091366
CONTRASTIVE_MLP,52,ORIGINAL5,0.25,IID_BALANCED,2116,0.5,0.8716183188662708,0.879415453775537
CONTRASTIVE_MLP,52,ORIGINAL5,0.25,TEMPORAL,2116,0.5,0.870494661505201,0.8560512934130453
CONTRASTIVE_MLP,52,ORIGINAL5,0.25,DOMAIN_OOD,2116,0.5,0.8495012744331134,0.841681526295289
CONTRASTIVE_MLP,52,ORIGINAL5,0.25,TEMPLATE_OOD,2116,0.5,0.8815045818441982,0.8699672313921121
CONTRASTIVE_MLP,52,ORIGINAL5,0.25,DOMAIN_TEMPLATE_OOD,2116,0.5,0.840194189363475,0.8317071122530294
CONTRASTIVE_MLP,52,ORIGINAL5,1.0,IID_BALANCED,2116,0.5,0.8964949627689724,0.8940166022848689
CONTRASTIVE_MLP,52,ORIGINAL5,1.0,TEMPORAL,2116,0.5,0.8884624242406102,0.8727241540732058
CONTRASTIVE_MLP,52,ORIGINAL5,1.0,DOMAIN_OOD,2116,0.5,0.8686833165980961,0.8538973917331627
CONTRASTIVE_MLP,52,ORIGINAL5,1.0,TEMPLATE_OOD,2116,0.5,0.8990132358987208,0.8858923460107704
CONTRASTIVE_MLP,52,ORIGINAL5,1.0,DOMAIN_TEMPLATE_OOD,2116,0.5,0.8602174182404386,0.8440962903934734
CONTRASTIVE_MLP,62,ORIGINAL5,0.1,IID_BALANCED,2116,0.5,0.812644780355594,0.8119717982711612
CONTRASTIVE_MLP,62,ORIGINAL5,0.1,TEMPORAL,2116,0.5,0.8060366517504447,0.7872166694658752
CONTRASTIVE_MLP,62,ORIGINAL5,0.1,DOMAIN_OOD,2116,0.5,0.7823103445484308,0.7656794393959427
CONTRASTIVE_MLP,62,ORIGINAL5,0.1,TEMPLATE_OOD,2116,0.5,0.8124217775606281,0.7872765248837732
CONTRASTIVE_MLP,62,ORIGINAL5,0.1,DOMAIN_TEMPLATE_OOD,2116,0.5,0.7669449508845865,0.7456305544934444
CONTRASTIVE_MLP,62,ORIGINAL5,0.25,IID_BALANCED,2116,0.5,0.8585153305815928,0.8581194321060888
CONTRASTIVE_MLP,62,ORIGINAL5,0.25,TEMPORAL,2116,0.5,0.8616693867544458,0.839491890037557
CONTRASTIVE_MLP,62,ORIGINAL5,0.25,DOMAIN_OOD,2116,0.5,0.8383940275820905,0.8093837214704064
CONTRASTIVE_MLP,62,ORIGINAL5,0.25,TEMPLATE_OOD,2116,0.5,0.8676109392119443,0.8365250267115969
CONTRASTIVE_MLP,62,ORIGINAL5,0.25,DOMAIN_TEMPLATE_OOD,2116,0.5,0.82965192152959,0.7969132471653546
CONTRASTIVE_MLP,62,ORIGINAL5,1.0,IID_BALANCED,2116,0.5,0.8799700522479956,0.8865766631765896
CONTRASTIVE_MLP,62,ORIGINAL5,1.0,TEMPORAL,2116,0.5,0.8901892619834921,0.8751898399448257
CONTRASTIVE_MLP,62,ORIGINAL5,1.0,DOMAIN_OOD,2116,0.5,0.8712379239225374,0.8536445695948771
CONTRASTIVE_MLP,62,ORIGINAL5,1.0,TEMPLATE_OOD,2116,0.5,0.8914307766212715,0.873778324119768
CONTRASTIVE_MLP,62,ORIGINAL5,1.0,DOMAIN_TEMPLATE_OOD,2116,0.5,0.8651583466996318,0.8438104137706768
CONTRASTIVE_MLP,72,ORIGINAL5,0.1,IID_BALANCED,2116,0.5,0.8412058068198993,0.8468880542879706
CONTRASTIVE_MLP,72,ORIGINAL5,0.1,TEMPORAL,2116,0.5,0.8292844191731631,0.8220096411891038
CONTRASTIVE_MLP,72,ORIGINAL5,0.1,DOMAIN_OOD,2116,0.5,0.7983469924754529,0.7862102944171869
CONTRASTIVE_MLP,72,ORIGINAL5,0.1,TEMPLATE_OOD,2116,0.5,0.8328614448150474,0.8185210530265401
CONTRASTIVE_MLP,72,ORIGINAL5,0.1,DOMAIN_TEMPLATE_OOD,2116,0.5,0.7926341089957579,0.7846357395806904
CONTRASTIVE_MLP,72,ORIGINAL5,0.25,IID_BALANCED,2116,0.5,0.8560812918689858,0.8618903234336641
CONTRASTIVE_MLP,72,ORIGINAL5,0.25,TEMPORAL,2116,0.5,0.8625646719381648,0.8607883583892282
CONTRASTIVE_MLP,72,ORIGINAL5,0.25,DOMAIN_OOD,2116,0.5,0.8337655775118713,0.8303983333392891
CONTRASTIVE_MLP,72,ORIGINAL5,0.25,TEMPLATE_OOD,2116,0.5,0.865807819684931,0.856763751558921
CONTRASTIVE_MLP,72,ORIGINAL5,0.25,DOMAIN_TEMPLATE_OOD,2116,0.5,0.8367642250503028,0.8284677727709664
CONTRASTIVE_MLP,72,ORIGINAL5,1.0,IID_BALANCED,2116,0.5,0.879578053929792,0.8753837000296596
CONTRASTIVE_MLP,72,ORIGINAL5,1.0,TEMPORAL,2116,0.5,0.8904987660492725,0.8784662540514077
CONTRASTIVE_MLP,72,ORIGINAL5,1.0,DOMAIN_OOD,2116,0.5,0.8593135261487852,0.8437425180727627
CONTRASTIVE_MLP,72,ORIGINAL5,1.0,TEMPLATE_OOD,2116,0.5,0.8939943009064357,0.8809323866052508
CONTRASTIVE_MLP,72,ORIGINAL5,1.0,DOMAIN_TEMPLATE_OOD,2116,0.5,0.8516341327416583,0.838591378675748
CONTRASTIVE_MLP,82,ORIGINAL5,0.1,IID_BALANCED,2116,0.5,0.8443463203727675,0.8463118342201464
CONTRASTIVE_MLP,82,ORIGINAL5,0.1,TEMPORAL,2116,0.5,0.8108602752494862,0.7951417054684624
CONTRASTIVE_MLP,82,ORIGINAL5,0.1,DOMAIN_OOD,2116,0.5,0.7813519781098166,0.7676368008976525
CONTRASTIVE_MLP,82,ORIGINAL5,0.1,TEMPLATE_OOD,2116,0.5,0.8211944298998084,0.7951899471485593
CONTRASTIVE_MLP,82,ORIGINAL5,0.1,DOMAIN_TEMPLATE_OOD,2116,0.5,0.7777025625347425,0.7584824954170404
CONTRASTIVE_MLP,82,ORIGINAL5,0.25,IID_BALANCED,2116,0.5,0.8633805206191119,0.8724641850193503
CONTRASTIVE_MLP,82,ORIGINAL5,0.25,TEMPORAL,2116,0.5,0.8573311984844333,0.8527945333242807
CONTRASTIVE_MLP,82,ORIGINAL5,0.25,DOMAIN_OOD,2116,0.5,0.8404798136775142,0.8362632709288489
CONTRASTIVE_MLP,82,ORIGINAL5,0.25,TEMPLATE_OOD,2116,0.5,0.8612776162063891,0.8518444402357054
CONTRASTIVE_MLP,82,ORIGINAL5,0.25,DOMAIN_TEMPLATE_OOD,2116,0.5,0.8389399661872432,0.8277767553718004
CONTRASTIVE_MLP,82,ORIGINAL5,1.0,IID_BALANCED,2116,0.5,0.8926369113337584,0.8930781229340946
CONTRASTIVE_MLP,82,ORIGINAL5,1.0,TEMPORAL,2116,0.5,0.8839589066719675,0.8831010287984964
CONTRASTIVE_MLP,82,ORIGINAL5,1.0,DOMAIN_OOD,2116,0.5,0.8660040281656547,0.8626389628396126
CONTRASTIVE_MLP,82,ORIGINAL5,1.0,TEMPLATE_OOD,2116,0.5,0.8914446035728539,0.881104805943375
CONTRASTIVE_MLP,82,ORIGINAL5,1.0,DOMAIN_TEMPLATE_OOD,2116,0.5,0.8605742473560007,0.853696384732759
CONTRASTIVE_MLP,242,REPLICATION5,0.1,IID_BALANCED,2116,0.5,0.7918039159724016,0.8058343845254983
CONTRASTIVE_MLP,242,REPLICATION5,0.1,TEMPORAL,2116,0.5,0.8344307367660402,0.825552277900665
CONTRASTIVE_MLP,242,REPLICATION5,0.1,DOMAIN_OOD,2116,0.5,0.8024742986330381,0.7981505569233958
CONTRASTIVE_MLP,242,REPLICATION5,0.1,TEMPLATE_OOD,2116,0.5,0.8294159457171639,0.8157578767943225
CONTRASTIVE_MLP,242,REPLICATION5,0.1,DOMAIN_TEMPLATE_OOD,2116,0.5,0.8010019267660574,0.7950103808948652
CONTRASTIVE_MLP,242,REPLICATION5,0.25,IID_BALANCED,2116,0.5,0.8350705115542554,0.8507420285090461
CONTRASTIVE_MLP,242,REPLICATION5,0.25,TEMPORAL,2116,0.5,0.8723790214759496,0.8652350799203833
CONTRASTIVE_MLP,242,REPLICATION5,0.25,DOMAIN_OOD,2116,0.5,0.8366423316914469,0.8309307785492476
CONTRASTIVE_MLP,242,REPLICATION5,0.25,TEMPLATE_OOD,2116,0.5,0.8730977612377914,0.8642729264117838
CONTRASTIVE_MLP,242,REPLICATION5,0.25,DOMAIN_TEMPLATE_OOD,2116,0.5,0.8253238861652102,0.8194438984995052
CONTRASTIVE_MLP,242,REPLICATION5,1.0,IID_BALANCED,2116,0.5,0.8808366449234327,0.8846121547593097
CONTRASTIVE_MLP,242,REPLICATION5,1.0,TEMPORAL,2116,0.5,0.8907722982357763,0.877555468998467
CONTRASTIVE_MLP,242,REPLICATION5,1.0,DOMAIN_OOD,2116,0.5,0.87020331150076,0.8533229583942311
CONTRASTIVE_MLP,242,REPLICATION5,1.0,TEMPLATE_OOD,2116,0.5,0.8968308857703965,0.8832122526720529
CONTRASTIVE_MLP,242,REPLICATION5,1.0,DOMAIN_TEMPLATE_OOD,2116,0.5,0.8587841433672341,0.8409034058626148
CONTRASTIVE_MLP,252,REPLICATION5,0.1,IID_BALANCED,2116,0.5,0.8201810468550144,0.8166217602138357
CONTRASTIVE_MLP,252,REPLICATION5,0.1,TEMPORAL,2116,0.5,0.8095188179617832,0.8124765491832862
CONTRASTIVE_MLP,252,REPLICATION5,0.1,DOMAIN_OOD,2116,0.5,0.7747021400547518,0.7847277561186531
CONTRASTIVE_MLP,252,REPLICATION5,0.1,TEMPLATE_OOD,2116,0.5,0.8219146968737021,0.8144410576005661
CONTRASTIVE_MLP,252,REPLICATION5,0.1,DOMAIN_TEMPLATE_OOD,2116,0.5,0.7637891242353776,0.7731229519620071
CONTRASTIVE_MLP,252,REPLICATION5,0.25,IID_BALANCED,2116,0.5,0.8433079392044807,0.8471364096040251
CONTRASTIVE_MLP,252,REPLICATION5,0.25,TEMPORAL,2116,0.5,0.8642194113058612,0.8565899921741275
CONTRASTIVE_MLP,252,REPLICATION5,0.25,DOMAIN_OOD,2116,0.5,0.8566447518089875,0.8396839633934985
CONTRASTIVE_MLP,252,REPLICATION5,0.25,TEMPLATE_OOD,2116,0.5,0.8786336032755666,0.8655870655122018
CONTRASTIVE_MLP,252,REPLICATION5,0.25,DOMAIN_TEMPLATE_OOD,2116,0.5,0.838272067403178,0.8228547639552459
CONTRASTIVE_MLP,252,REPLICATION5,1.0,IID_BALANCED,2116,0.5,0.9075904403484567,0.898690685067592
CONTRASTIVE_MLP,252,REPLICATION5,1.0,TEMPORAL,2116,0.5,0.9099003727053165,0.9004095182621561
CONTRASTIVE_MLP,252,REPLICATION5,1.0,DOMAIN_OOD,2116,0.5,0.8862172848939928,0.8713492661904438
CONTRASTIVE_MLP,252,REPLICATION5,1.0,TEMPLATE_OOD,2116,0.5,0.9128713613634097,0.9019943467897842
CONTRASTIVE_MLP,252,REPLICATION5,1.0,DOMAIN_TEMPLATE_OOD,2116,0.5,0.8762209094271861,0.8644292651898757
CONTRASTIVE_MLP,262,REPLICATION5,0.1,IID_BALANCED,2116,0.5,0.8662058954296171,0.8654450205652495
CONTRASTIVE_MLP,262,REPLICATION5,0.1,TEMPORAL,2116,0.5,0.8414850880230719,0.828724168367037
CONTRASTIVE_MLP,262,REPLICATION5,0.1,DOMAIN_OOD,2116,0.5,0.7973523286758113,0.7844517065047651
CONTRASTIVE_MLP,262,REPLICATION5,0.1,TEMPLATE_OOD,2116,0.5,0.8411361291035251,0.8259270442858624
CONTRASTIVE_MLP,262,REPLICATION5,0.1,DOMAIN_TEMPLATE_OOD,2116,0.5,0.7866465316830893,0.7685927008551284
CONTRASTIVE_MLP,262,REPLICATION5,0.25,IID_BALANCED,2116,0.5,0.8742469779031453,0.871297004370339
CONTRASTIVE_MLP,262,REPLICATION5,0.25,TEMPORAL,2116,0.5,0.865458609525182,0.8498048892049415
CONTRASTIVE_MLP,262,REPLICATION5,0.25,DOMAIN_OOD,2116,0.5,0.8245316921209274,0.8019973842289014
CONTRASTIVE_MLP,262,REPLICATION5,0.25,TEMPLATE_OOD,2116,0.5,0.8661266870396198,0.843205606040573
CONTRASTIVE_MLP,262,REPLICATION5,0.25,DOMAIN_TEMPLATE_OOD,2116,0.5,0.8169268762288379,0.792682273147966
CONTRASTIVE_MLP,262,REPLICATION5,1.0,IID_BALANCED,2116,0.5,0.898516267408577,0.9017285708670281
CONTRASTIVE_MLP,262,REPLICATION5,1.0,TEMPORAL,2116,0.5,0.9018709809464619,0.8919596306474032
CONTRASTIVE_MLP,262,REPLICATION5,1.0,DOMAIN_OOD,2116,0.5,0.8690938081998478,0.8566610146476034
CONTRASTIVE_MLP,262,REPLICATION5,1.0,TEMPLATE_OOD,2116,0.5,0.9013924550783858,0.8902332038550463
CONTRASTIVE_MLP,262,REPLICATION5,1.0,DOMAIN_TEMPLATE_OOD,2116,0.5,0.8688086950565703,0.8554893671763608
CONTRASTIVE_MLP,272,REPLICATION5,0.1,IID_BALANCED,2116,0.5,0.8124908480249632,0.8212538548675854
CONTRASTIVE_MLP,272,REPLICATION5,0.1,TEMPORAL,2116,0.5,0.8104343891445681,0.8124225006342888
CONTRASTIVE_MLP,272,REPLICATION5,0.1,DOMAIN_OOD,2116,0.5,0.7940073894724544,0.7965174867156707
CONTRASTIVE_MLP,272,REPLICATION5,0.1,TEMPLATE_OOD,2116,0.5,0.8175977136302646,0.8187756618937183
CONTRASTIVE_MLP,272,REPLICATION5,0.1,DOMAIN_TEMPLATE_OOD,2116,0.5,0.7918135463157058,0.7821968546424576
CONTRASTIVE_MLP,272,REPLICATION5,0.25,IID_BALANCED,2116,0.5,0.8577545655857974,0.8606958951690424
CONTRASTIVE_MLP,272,REPLICATION5,0.25,TEMPORAL,2116,0.5,0.8633633122068327,0.8592030831793769
CONTRASTIVE_MLP,272,REPLICATION5,0.25,DOMAIN_OOD,2116,0.5,0.8404846730759198,0.8305046437083916
CONTRASTIVE_MLP,272,REPLICATION5,0.25,TEMPLATE_OOD,2116,0.5,0.8658425604855932,0.860425205741832
CONTRASTIVE_MLP,272,REPLICATION5,0.25,DOMAIN_TEMPLATE_OOD,2116,0.5,0.8301611605048289,0.8181797878080768
CONTRASTIVE_MLP,272,REPLICATION5,1.0,IID_BALANCED,2116,0.5,0.8854973684605635,0.8845362187813793
CONTRASTIVE_MLP,272,REPLICATION5,1.0,TEMPORAL,2116,0.5,0.8931489953557379,0.8883544584246054
CONTRASTIVE_MLP,272,REPLICATION5,1.0,DOMAIN_OOD,2116,0.5,0.8764359019094059,0.8665250981807526
CONTRASTIVE_MLP,272,REPLICATION5,1.0,TEMPLATE_OOD,2116,0.5,0.8950718392287424,0.8881757855353576
CONTRASTIVE_MLP,272,REPLICATION5,1.0,DOMAIN_TEMPLATE_OOD,2116,0.5,0.862687630414616,0.8521615846141201
CONTRASTIVE_MLP,282,REPLICATION5,0.1,IID_BALANCED,2116,0.5,0.8465168014359074,0.8500067895697916
CONTRASTIVE_MLP,282,REPLICATION5,0.1,TEMPORAL,2116,0.5,0.8394943628232885,0.834907143699458
CONTRASTIVE_MLP,282,REPLICATION5,0.1,DOMAIN_OOD,2116,0.5,0.8176426910649457,0.8045130985095108
CONTRASTIVE_MLP,282,REPLICATION5,0.1,TEMPLATE_OOD,2116,0.5,0.8596669610543378,0.8450941784799225
CONTRASTIVE_MLP,282,REPLICATION5,0.1,DOMAIN_TEMPLATE_OOD,2116,0.5,0.8028552098979107,0.7872130960080903
CONTRASTIVE_MLP,282,REPLICATION5,0.25,IID_BALANCED,2116,0.5,0.8651118893642507,0.8780271654260812
CONTRASTIVE_MLP,282,REPLICATION5,0.25,TEMPORAL,2116,0.5,0.8709581054092855,0.870086942227908
CONTRASTIVE_MLP,282,REPLICATION5,0.25,DOMAIN_OOD,2116,0.5,0.8443213627604083,0.8380513398679965
CONTRASTIVE_MLP,282,REPLICATION5,0.25,TEMPLATE_OOD,2116,0.5,0.8798067105599262,0.8691471228304644
CONTRASTIVE_MLP,282,REPLICATION5,0.25,DOMAIN_TEMPLATE_OOD,2116,0.5,0.8349694860620731,0.8252597010445217
CONTRASTIVE_MLP,282,REPLICATION5,1.0,IID_BALANCED,2116,0.5,0.8946184734573871,0.8985245192805915
CONTRASTIVE_MLP,282,REPLICATION5,1.0,TEMPORAL,2116,0.5,0.8893060448015271,0.8850901047380477
CONTRASTIVE_MLP,282,REPLICATION5,1.0,DOMAIN_OOD,2116,0.5,0.8707276764322883,0.857724565020851
CONTRASTIVE_MLP,282,REPLICATION5,1.0,TEMPLATE_OOD,2116,0.5,0.8973116623603571,0.8870760539020371
CONTRASTIVE_MLP,282,REPLICATION5,1.0,DOMAIN_TEMPLATE_OOD,2116,0.5,0.8562971416896167,0.8438693758241288
T0_E2E,42,ORIGINAL5,0.1,IID_BALANCED,2116,0.5,0.8945150456054703,0.8628958051179062
T0_E2E,42,ORIGINAL5,0.1,TEMPORAL,2116,0.5,0.9383209273949029,0.927081360486848
T0_E2E,42,ORIGINAL5,0.1,DOMAIN_OOD,2116,0.5,0.9078886962993011,0.9050210655336423
T0_E2E,42,ORIGINAL5,0.1,TEMPLATE_OOD,2116,0.5,0.9272722689559271,0.9166160426813799
T0_E2E,42,ORIGINAL5,0.1,DOMAIN_TEMPLATE_OOD,2116,0.5,0.9011854496491309,0.8917599636936688
T0_E2E,42,ORIGINAL5,0.25,IID_BALANCED,2116,0.5,0.9274551164512228,0.9020881500566393
T0_E2E,42,ORIGINAL5,0.25,TEMPORAL,2116,0.5,0.969198159871759,0.9614946523204247
T0_E2E,42,ORIGINAL5,0.25,DOMAIN_OOD,2116,0.5,0.9666368652650063,0.9622955535464781
T0_E2E,42,ORIGINAL5,0.25,TEMPLATE_OOD,2116,0.5,0.9671587704584661,0.9604637097494648
T0_E2E,42,ORIGINAL5,0.25,DOMAIN_TEMPLATE_OOD,2116,0.5,0.9614389033968785,0.9558338485068307
T0_E2E,42,ORIGINAL5,1.0,IID_BALANCED,2116,0.5,0.9392536648682137,0.9172512248026559
T0_E2E,42,ORIGINAL5,1.0,TEMPORAL,2116,0.5,0.9794554892927639,0.9721877780596839
T0_E2E,42,ORIGINAL5,1.0,DOMAIN_OOD,2116,0.5,0.9820816587383219,0.976989165275996
T0_E2E,42,ORIGINAL5,1.0,TEMPLATE_OOD,2116,0.5,0.9753218030628894,0.9682158797317049
T0_E2E,42,ORIGINAL5,1.0,DOMAIN_TEMPLATE_OOD,2116,0.5,0.977030179042023,0.9713247880046169
T0_E2E,52,ORIGINAL5,0.1,IID_BALANCED,2116,0.5,0.8861629290324328,0.8420250249248681
T0_E2E,52,ORIGINAL5,0.1,TEMPORAL,2116,0.5,0.9331792766529001,0.9230245925364761
T0_E2E,52,ORIGINAL5,0.1,DOMAIN_OOD,2116,0.5,0.9148560974488364,0.9088245646635053
T0_E2E,52,ORIGINAL5,0.1,TEMPLATE_OOD,2116,0.5,0.9291177381407637,0.9186980285233401
T0_E2E,52,ORIGINAL5,0.1,DOMAIN_TEMPLATE_OOD,2116,0.5,0.9066557076585109,0.8991632748596525
T0_E2E,52,ORIGINAL5,0.25,IID_BALANCED,2116,0.5,0.9157684396170865,0.8865154677120222
T0_E2E,52,ORIGINAL5,0.25,TEMPORAL,2116,0.5,0.9609602676024469,0.9548435540181746
T0_E2E,52,ORIGINAL5,0.25,DOMAIN_OOD,2116,0.5,0.9580504117112756,0.9568634510311211
T0_E2E,52,ORIGINAL5,0.25,TEMPLATE_OOD,2116,0.5,0.9587252188698113,0.9530358310612098
T0_E2E,52,ORIGINAL5,0.25,DOMAIN_TEMPLATE_OOD,2116,0.5,0.9541172809788173,0.9512102408153202
T0_E2E,52,ORIGINAL5,1.0,IID_BALANCED,2116,0.5,0.9247911147462774,0.8870456795108651
T0_E2E,52,ORIGINAL5,1.0,TEMPORAL,2116,0.5,0.9739220879138785,0.9636503407291996
T0_E2E,52,ORIGINAL5,1.0,DOMAIN_OOD,2116,0.5,0.9733493321185257,0.9667954302621845
T0_E2E,52,ORIGINAL5,1.0,TEMPLATE_OOD,2116,0.5,0.9693623044633481,0.9607008980099412
T0_E2E,52,ORIGINAL5,1.0,DOMAIN_TEMPLATE_OOD,2116,0.5,0.9670026299622156,0.9584496196054189
T0_E2E,62,ORIGINAL5,0.1,IID_BALANCED,2116,0.5,0.8831107536745109,0.8442629028626971
T0_E2E,62,ORIGINAL5,0.1,TEMPORAL,2116,0.5,0.9441583886473375,0.9284861760785589
T0_E2E,62,ORIGINAL5,0.1,DOMAIN_OOD,2116,0.5,0.934259462152923,0.9256738648017981
T0_E2E,62,ORIGINAL5,0.1,TEMPLATE_OOD,2116,0.5,0.9406471997302827,0.9243400716835631
T0_E2E,62,ORIGINAL5,0.1,DOMAIN_TEMPLATE_OOD,2116,0.5,0.9268089217701039,0.9151343977472922
T0_E2E,62,ORIGINAL5,0.25,IID_BALANCED,2116,0.5,0.9246075051138892,0.8991829288774696
T0_E2E,62,ORIGINAL5,0.25,TEMPORAL,2116,0.5,0.9656714610739654,0.9539229419563252
T0_E2E,62,ORIGINAL5,0.25,DOMAIN_OOD,2116,0.5,0.9578407356661708,0.9505996262163158
T0_E2E,62,ORIGINAL5,0.25,TEMPLATE_OOD,2116,0.5,0.9612979646511752,0.9522152758173391
T0_E2E,62,ORIGINAL5,0.25,DOMAIN_TEMPLATE_OOD,2116,0.5,0.9519278484196507,0.9445796898953335
T0_E2E,62,ORIGINAL5,1.0,IID_BALANCED,2116,0.5,0.9270420705323907,0.8870595266597817
T0_E2E,62,ORIGINAL5,1.0,TEMPORAL,2116,0.5,0.9765242365514701,0.9636440871780763
T0_E2E,62,ORIGINAL5,1.0,DOMAIN_OOD,2116,0.5,0.9773962873436164,0.9699226525062448
T0_E2E,62,ORIGINAL5,1.0,TEMPLATE_OOD,2116,0.5,0.9703020681844967,0.9598906164572025
T0_E2E,62,ORIGINAL5,1.0,DOMAIN_TEMPLATE_OOD,2116,0.5,0.9725816647206222,0.9656523704532215
T0_E2E,72,ORIGINAL5,0.1,IID_BALANCED,2116,0.5,0.9088593109197473,0.8753921869918989
T0_E2E,72,ORIGINAL5,0.1,TEMPORAL,2116,0.5,0.9541522711288777,0.9432771645327167
T0_E2E,72,ORIGINAL5,0.1,DOMAIN_OOD,2116,0.5,0.949389080886002,0.9444885667218171
T0_E2E,72,ORIGINAL5,0.1,TEMPLATE_OOD,2116,0.5,0.9556400533986091,0.9461837257585558
T0_E2E,72,ORIGINAL5,0.1,DOMAIN_TEMPLATE_OOD,2116,0.5,0.9448589902147693,0.9384561232985875
T0_E2E,72,ORIGINAL5,0.25,IID_BALANCED,2116,0.5,0.933206715793798,0.9100556208704227
T0_E2E,72,ORIGINAL5,0.25,TEMPORAL,2116,0.5,0.9695556065688592,0.9597646520702827
T0_E2E,72,ORIGINAL5,0.25,DOMAIN_OOD,2116,0.5,0.9681512298868812,0.9633189025196451
T0_E2E,72,ORIGINAL5,0.25,TEMPLATE_OOD,2116,0.5,0.9661768242054688,0.9570314035470142
T0_E2E,72,ORIGINAL5,0.25,DOMAIN_TEMPLATE_OOD,2116,0.5,0.9621147284806786,0.9577916566907636
T0_E2E,72,ORIGINAL5,1.0,IID_BALANCED,2116,0.5,0.927418676437582,0.8934859438038028
T0_E2E,72,ORIGINAL5,1.0,TEMPORAL,2116,0.5,0.9744714470499576,0.9620061034658968
T0_E2E,72,ORIGINAL5,1.0,DOMAIN_OOD,2116,0.5,0.9745076195217173,0.9664403178948046
T0_E2E,72,ORIGINAL5,1.0,TEMPLATE_OOD,2116,0.5,0.9691382613240672,0.9567763479976129
T0_E2E,72,ORIGINAL5,1.0,DOMAIN_TEMPLATE_OOD,2116,0.5,0.9683441747235593,0.9598615821126997
T0_E2E,82,ORIGINAL5,0.1,IID_BALANCED,2116,0.5,0.8930045029158973,0.8711348587233465
T0_E2E,82,ORIGINAL5,0.1,TEMPORAL,2116,0.5,0.9178349345092873,0.9087785563945241
T0_E2E,82,ORIGINAL5,0.1,DOMAIN_OOD,2116,0.5,0.9013058013495461,0.8954093574565557
T0_E2E,82,ORIGINAL5,0.1,TEMPLATE_OOD,2116,0.5,0.9172814755160836,0.9031463402432094
T0_E2E,82,ORIGINAL5,0.1,DOMAIN_TEMPLATE_OOD,2116,0.5,0.8923266289243652,0.8814402642929379
T0_E2E,82,ORIGINAL5,0.25,IID_BALANCED,2116,0.5,0.9190335170216697,0.8936065480040449
T0_E2E,82,ORIGINAL5,0.25,TEMPORAL,2116,0.5,0.9545006973955148,0.947312938418602
T0_E2E,82,ORIGINAL5,0.25,DOMAIN_OOD,2116,0.5,0.9553819217978495,0.9493944775783392
T0_E2E,82,ORIGINAL5,0.25,TEMPLATE_OOD,2116,0.5,0.9557088332215353,0.9485971498100707
T0_E2E,82,ORIGINAL5,0.25,DOMAIN_TEMPLATE_OOD,2116,0.5,0.9504634619552436,0.9429841409943504
T0_E2E,82,ORIGINAL5,1.0,IID_BALANCED,2116,0.5,0.9296079845374925,0.8944681980124428
T0_E2E,82,ORIGINAL5,1.0,TEMPORAL,2116,0.5,0.9761816372668439,0.9664711389681998
T0_E2E,82,ORIGINAL5,1.0,DOMAIN_OOD,2116,0.5,0.9792899525740107,0.9735287180934887
T0_E2E,82,ORIGINAL5,1.0,TEMPLATE_OOD,2116,0.5,0.9721591107096836,0.9641510715013168
T0_E2E,82,ORIGINAL5,1.0,DOMAIN_TEMPLATE_OOD,2116,0.5,0.973616042810886,0.9670906872116667
T0_E2E,242,REPLICATION5,0.1,IID_BALANCED,2116,0.5,0.907272360326585,0.8889230848946366
T0_E2E,242,REPLICATION5,0.1,TEMPORAL,2116,0.5,0.9457366027351357,0.9385749407699373
T0_E2E,242,REPLICATION5,0.1,DOMAIN_OOD,2116,0.5,0.9085368728400444,0.9115658534667901
T0_E2E,242,REPLICATION5,0.1,TEMPLATE_OOD,2116,0.5,0.9360499681310013,0.92977932111449
T0_E2E,242,REPLICATION5,0.1,DOMAIN_TEMPLATE_OOD,2116,0.5,0.9101439640376355,0.909772871023188
T0_E2E,242,REPLICATION5,0.25,IID_BALANCED,2116,0.5,0.9356228638332186,0.9142647074588784
T0_E2E,242,REPLICATION5,0.25,TEMPORAL,2116,0.5,0.9747314574423456,0.9671433957139948
T0_E2E,242,REPLICATION5,0.25,DOMAIN_OOD,2116,0.5,0.9710944348806239,0.967136695480648
T0_E2E,242,REPLICATION5,0.25,TEMPLATE_OOD,2116,0.5,0.9730798157313185,0.9664295975214496
T0_E2E,242,REPLICATION5,0.25,DOMAIN_TEMPLATE_OOD,2116,0.5,0.9681260098715049,0.9630491064568809
T0_E2E,242,REPLICATION5,1.0,IID_BALANCED,2116,0.5,0.933919148541408,0.9005837243291727
T0_E2E,242,REPLICATION5,1.0,TEMPORAL,2116,0.5,0.9751162800744518,0.9633130956507445
T0_E2E,242,REPLICATION5,1.0,DOMAIN_OOD,2116,0.5,0.9771260743890612,0.9704323169228241
T0_E2E,242,REPLICATION5,1.0,TEMPLATE_OOD,2116,0.5,0.9725747128893494,0.9631746241615774
T0_E2E,242,REPLICATION5,1.0,DOMAIN_TEMPLATE_OOD,2116,0.5,0.9711233599379546,0.9633532970508253
T0_E2E,252,REPLICATION5,0.1,IID_BALANCED,2116,0.5,0.9039859167390562,0.8811695748657273
T0_E2E,252,REPLICATION5,0.1,TEMPORAL,2116,0.5,0.9434195362981994,0.9405099681604911
T0_E2E,252,REPLICATION5,0.1,DOMAIN_OOD,2116,0.5,0.9253961516381648,0.92741815888308
T0_E2E,252,REPLICATION5,0.1,TEMPLATE_OOD,2116,0.5,0.9413028780904633,0.9358059576688191
T0_E2E,252,REPLICATION5,0.1,DOMAIN_TEMPLATE_OOD,2116,0.5,0.9205084074948043,0.9243199709835229
T0_E2E,252,REPLICATION5,0.25,IID_BALANCED,2116,0.5,0.915595845441673,0.884433481870062
T0_E2E,252,REPLICATION5,0.25,TEMPORAL,2116,0.5,0.9640202312541781,0.9562698103565954
T0_E2E,252,REPLICATION5,0.25,DOMAIN_OOD,2116,0.5,0.959429996464827,0.9566874582352122
T0_E2E,252,REPLICATION5,0.25,TEMPLATE_OOD,2116,0.5,0.9607850770674234,0.9545880517865502
T0_E2E,252,REPLICATION5,0.25,DOMAIN_TEMPLATE_OOD,2116,0.5,0.9516075283108042,0.9483166333739516
T0_E2E,252,REPLICATION5,1.0,IID_BALANCED,2116,0.5,0.9384827884386036,0.9144058590413842
T0_E2E,252,REPLICATION5,1.0,TEMPORAL,2116,0.5,0.975626799518979,0.9670772867449731
T0_E2E,252,REPLICATION5,1.0,DOMAIN_OOD,2116,0.5,0.9784654496608616,0.9735010237956554
T0_E2E,252,REPLICATION5,1.0,TEMPLATE_OOD,2116,0.5,0.971366101466844,0.9649631397829482
T0_E2E,252,REPLICATION5,1.0,DOMAIN_TEMPLATE_OOD,2116,0.5,0.9706857264712435,0.9665443948527913
T0_E2E,262,REPLICATION5,0.1,IID_BALANCED,2116,0.5,0.9007307774912813,0.8966542608123899
T0_E2E,262,REPLICATION5,0.1,TEMPORAL,2116,0.5,0.9346890964581192,0.9336699232778612
T0_E2E,262,REPLICATION5,0.1,DOMAIN_OOD,2116,0.5,0.9242341431191785,0.9134566593172551
T0_E2E,262,REPLICATION5,0.1,TEMPLATE_OOD,2116,0.5,0.9305909896245064,0.9246339885863759
T0_E2E,262,REPLICATION5,0.1,DOMAIN_TEMPLATE_OOD,2116,0.5,0.9138515718347827,0.9017852995093643
T0_E2E,262,REPLICATION5,0.25,IID_BALANCED,2116,0.5,0.9137305246420648,0.9095057550537626
T0_E2E,262,REPLICATION5,0.25,TEMPORAL,2116,0.5,0.947184184408283,0.9489035738151308
T0_E2E,262,REPLICATION5,0.25,DOMAIN_OOD,2116,0.5,0.9467650551194068,0.9399757362216401
T0_E2E,262,REPLICATION5,0.25,TEMPLATE_OOD,2116,0.5,0.9452541861730686,0.9430029016477214
T0_E2E,262,REPLICATION5,0.25,DOMAIN_TEMPLATE_OOD,2116,0.5,0.9415698230569017,0.9327189368248399
T0_E2E,262,REPLICATION5,1.0,IID_BALANCED,2116,0.5,0.9382814424541709,0.9090782801662373
T0_E2E,262,REPLICATION5,1.0,TEMPORAL,2116,0.5,0.9792581835649408,0.9711554954420545
T0_E2E,262,REPLICATION5,1.0,DOMAIN_OOD,2116,0.5,0.9795264031549789,0.9741187853102297
T0_E2E,262,REPLICATION5,1.0,TEMPLATE_OOD,2116,0.5,0.9731595089162481,0.9649747535207492
T0_E2E,262,REPLICATION5,1.0,DOMAIN_TEMPLATE_OOD,2116,0.5,0.9733395206928176,0.9682136463205891
T0_E2E,272,REPLICATION5,0.1,IID_BALANCED,2116,0.5,0.9031194865738708,0.8741843582605836
T0_E2E,272,REPLICATION5,0.1,TEMPORAL,2116,0.5,0.9333273072545881,0.928023413295407
T0_E2E,272,REPLICATION5,0.1,DOMAIN_OOD,2116,0.5,0.9096774942187588,0.9121317998434825
T0_E2E,272,REPLICATION5,0.1,TEMPLATE_OOD,2116,0.5,0.9292151324662308,0.9225144814376736
T0_E2E,272,REPLICATION5,0.1,DOMAIN_TEMPLATE_OOD,2116,0.5,0.9030920409305163,0.9049111817067549
T0_E2E,272,REPLICATION5,0.25,IID_BALANCED,2116,0.5,0.9255476405512986,0.8943967288567437
T0_E2E,272,REPLICATION5,0.25,TEMPORAL,2116,0.5,0.9699213997774815,0.9588837947262909
T0_E2E,272,REPLICATION5,0.25,DOMAIN_OOD,2116,0.5,0.9704494566466644,0.9664264707458877
T0_E2E,272,REPLICATION5,0.25,TEMPLATE_OOD,2116,0.5,0.9688417101339104,0.96081524865906
T0_E2E,272,REPLICATION5,0.25,DOMAIN_TEMPLATE_OOD,2116,0.5,0.9679612735512406,0.9623692561132928
T0_E2E,272,REPLICATION5,1.0,IID_BALANCED,2116,0.5,0.938307204823982,0.9098872216723067
T0_E2E,272,REPLICATION5,1.0,TEMPORAL,2116,0.5,0.978662965342409,0.9689730060998925
T0_E2E,272,REPLICATION5,1.0,DOMAIN_OOD,2116,0.5,0.9801397770214301,0.9743171122172949
T0_E2E,272,REPLICATION5,1.0,TEMPLATE_OOD,2116,0.5,0.973464602486946,0.9647255048402487
T0_E2E,272,REPLICATION5,1.0,DOMAIN_TEMPLATE_OOD,2116,0.5,0.9735562575868751,0.9674860009791274
T0_E2E,282,REPLICATION5,0.1,IID_BALANCED,2116,0.5,0.886704323832876,0.8593259207907347
T0_E2E,282,REPLICATION5,0.1,TEMPORAL,2116,0.5,0.940685599912209,0.9430658838411812
T0_E2E,282,REPLICATION5,0.1,DOMAIN_OOD,2116,0.5,0.9542563315688873,0.9565646206238543
T0_E2E,282,REPLICATION5,0.1,TEMPLATE_OOD,2116,0.5,0.9424997106402091,0.9421046236970281
T0_E2E,282,REPLICATION5,0.1,DOMAIN_TEMPLATE_OOD,2116,0.5,0.9512852098680237,0.952535993653539
T0_E2E,282,REPLICATION5,0.25,IID_BALANCED,2116,0.5,0.9222230097478783,0.8914517529597163
T0_E2E,282,REPLICATION5,0.25,TEMPORAL,2116,0.5,0.9683063881586688,0.9591973656469208
T0_E2E,282,REPLICATION5,0.25,DOMAIN_OOD,2116,0.5,0.9678567288715947,0.9632867413995805
T0_E2E,282,REPLICATION5,0.25,TEMPLATE_OOD,2116,0.5,0.967960134455538,0.9584080781586688
T0_E2E,282,REPLICATION5,0.25,DOMAIN_TEMPLATE_OOD,2116,0.5,0.9640058583996649,0.958163296300399
T0_E2E,282,REPLICATION5,1.0,IID_BALANCED,2116,0.5,0.9278264546674602,0.8904391243599044
T0_E2E,282,REPLICATION5,1.0,TEMPORAL,2116,0.5,0.9730912952924909,0.959619480347769
T0_E2E,282,REPLICATION5,1.0,DOMAIN_OOD,2116,0.5,0.9731453772599999,0.9669321150224592
T0_E2E,282,REPLICATION5,1.0,TEMPLATE_OOD,2116,0.5,0.96848246758652,0.9572587647985821
T0_E2E,282,REPLICATION5,1.0,DOMAIN_TEMPLATE_OOD,2116,0.5,0.9685160215249558,0.9606933044121484
DAPT_E2E,42,ORIGINAL5,0.1,IID_BALANCED,2116,0.5,0.8814444980779572,0.8320363170514686
DAPT_E2E,42,ORIGINAL5,0.1,TEMPORAL,2116,0.5,0.923750042193408,0.9051979516939976
DAPT_E2E,42,ORIGINAL5,0.1,DOMAIN_OOD,2116,0.5,0.9109406197808352,0.9052336862718471
DAPT_E2E,42,ORIGINAL5,0.1,TEMPLATE_OOD,2116,0.5,0.9235110772682511,0.9080334904463607
DAPT_E2E,42,ORIGINAL5,0.1,DOMAIN_TEMPLATE_OOD,2116,0.5,0.9009375811616467,0.8948635117799034
DAPT_E2E,42,ORIGINAL5,0.25,IID_BALANCED,2116,0.5,0.9324374178305166,0.9137304755200274
DAPT_E2E,42,ORIGINAL5,0.25,TEMPORAL,2116,0.5,0.9720388571091296,0.964323490839441
DAPT_E2E,42,ORIGINAL5,0.25,DOMAIN_OOD,2116,0.5,0.9691119225727077,0.9641166769701367
DAPT_E2E,42,ORIGINAL5,0.25,TEMPLATE_OOD,2116,0.5,0.9697654742066806,0.9629490496389019
DAPT_E2E,42,ORIGINAL5,0.25,DOMAIN_TEMPLATE_OOD,2116,0.5,0.9668715923259025,0.961334293402325
DAPT_E2E,42,ORIGINAL5,1.0,IID_BALANCED,2116,0.5,0.9314672016059115,0.9022373419191612
DAPT_E2E,42,ORIGINAL5,1.0,TEMPORAL,2116,0.5,0.9747923421374828,0.965131092298841
DAPT_E2E,42,ORIGINAL5,1.0,DOMAIN_OOD,2116,0.5,0.9735143553535808,0.9681140361848335
DAPT_E2E,42,ORIGINAL5,1.0,TEMPLATE_OOD,2116,0.5,0.9714322304202752,0.9623996305044651
DAPT_E2E,42,ORIGINAL5,1.0,DOMAIN_TEMPLATE_OOD,2116,0.5,0.9696351443368203,0.9628297854853292
DAPT_E2E,52,ORIGINAL5,0.1,IID_BALANCED,2116,0.5,0.8741703974172043,0.8222097548250614
DAPT_E2E,52,ORIGINAL5,0.1,TEMPORAL,2116,0.5,0.9125151988889653,0.9008106388985174
DAPT_E2E,52,ORIGINAL5,0.1,DOMAIN_OOD,2116,0.5,0.8881571876457998,0.877309347093528
DAPT_E2E,52,ORIGINAL5,0.1,TEMPLATE_OOD,2116,0.5,0.9062040464459551,0.8921566175077991
DAPT_E2E,52,ORIGINAL5,0.1,DOMAIN_TEMPLATE_OOD,2116,0.5,0.8726962571197712,0.8616044468108675
DAPT_E2E,52,ORIGINAL5,0.25,IID_BALANCED,2116,0.5,0.913535509065912,0.8776550791342226
DAPT_E2E,52,ORIGINAL5,0.25,TEMPORAL,2116,0.5,0.9605786577110856,0.9537938507938437
DAPT_E2E,52,ORIGINAL5,0.25,DOMAIN_OOD,2116,0.5,0.9615212556276784,0.9591875386380123
DAPT_E2E,52,ORIGINAL5,0.25,TEMPLATE_OOD,2116,0.5,0.95906872901932,0.9502351335222501
DAPT_E2E,52,ORIGINAL5,0.25,DOMAIN_TEMPLATE_OOD,2116,0.5,0.9581313062433405,0.9491675630089944
DAPT_E2E,52,ORIGINAL5,1.0,IID_BALANCED,2116,0.5,0.9374796680635487,0.9103276503443026
DAPT_E2E,52,ORIGINAL5,1.0,TEMPORAL,2116,0.5,0.9777235979130334,0.9709857561972693
DAPT_E2E,52,ORIGINAL5,1.0,DOMAIN_OOD,2116,0.5,0.97913252216622,0.9731606519416383
DAPT_E2E,52,ORIGINAL5,1.0,TEMPLATE_OOD,2116,0.5,0.9741915991063115,0.9655804546152994
DAPT_E2E,52,ORIGINAL5,1.0,DOMAIN_TEMPLATE_OOD,2116,0.5,0.9735606057210898,0.9679996855357149
DAPT_E2E,62,ORIGINAL5,0.1,IID_BALANCED,2116,0.5,0.8863725969724708,0.8551481019578976
DAPT_E2E,62,ORIGINAL5,0.1,TEMPORAL,2116,0.5,0.9471451600092285,0.9384212820851843
DAPT_E2E,62,ORIGINAL5,0.1,DOMAIN_OOD,2116,0.5,0.9215574371390924,0.9217439546027923
DAPT_E2E,62,ORIGINAL5,0.1,TEMPLATE_OOD,2116,0.5,0.9391417222659205,0.9294273355226718
DAPT_E2E,62,ORIGINAL5,0.1,DOMAIN_TEMPLATE_OOD,2116,0.5,0.916958040899793,0.9129215340139579
DAPT_E2E,62,ORIGINAL5,0.25,IID_BALANCED,2116,0.5,0.9041250667052352,0.8512583931589723
DAPT_E2E,62,ORIGINAL5,0.25,TEMPORAL,2116,0.5,0.9619073952614188,0.945766524562162
DAPT_E2E,62,ORIGINAL5,0.25,DOMAIN_OOD,2116,0.5,0.9600409728360284,0.9493833105227611
DAPT_E2E,62,ORIGINAL5,0.25,TEMPLATE_OOD,2116,0.5,0.9589741365559513,0.943677838486855
DAPT_E2E,62,ORIGINAL5,0.25,DOMAIN_TEMPLATE_OOD,2116,0.5,0.9525235246551988,0.9381313853223796
DAPT_E2E,62,ORIGINAL5,1.0,IID_BALANCED,2116,0.5,0.9481796291574818,0.9362057382585112
DAPT_E2E,62,ORIGINAL5,1.0,TEMPORAL,2116,0.5,0.9786986107928445,0.9770802884495123
DAPT_E2E,62,ORIGINAL5,1.0,DOMAIN_OOD,2116,0.5,0.9813363916938419,0.9768078122934094
DAPT_E2E,62,ORIGINAL5,1.0,TEMPLATE_OOD,2116,0.5,0.975901144125925,0.9716146847674215
DAPT_E2E,62,ORIGINAL5,1.0,DOMAIN_TEMPLATE_OOD,2116,0.5,0.9731489101583175,0.9700932851154763
DAPT_E2E,72,ORIGINAL5,0.1,IID_BALANCED,2116,0.5,0.9105045383876114,0.876968975239511
DAPT_E2E,72,ORIGINAL5,0.1,TEMPORAL,2116,0.5,0.9569656140463813,0.9452439063611122
DAPT_E2E,72,ORIGINAL5,0.1,DOMAIN_OOD,2116,0.5,0.9489293133473164,0.9420340479057752
DAPT_E2E,72,ORIGINAL5,0.1,TEMPLATE_OOD,2116,0.5,0.9559532136506507,0.9470234883380205
DAPT_E2E,72,ORIGINAL5,0.1,DOMAIN_TEMPLATE_OOD,2116,0.5,0.9431440081332036,0.934655304262063
DAPT_E2E,72,ORIGINAL5,0.25,IID_BALANCED,2116,0.5,0.933084214454607,0.9131931168056145
DAPT_E2E,72,ORIGINAL5,0.25,TEMPORAL,2116,0.5,0.9683527722797394,0.9642631887393198
DAPT_E2E,72,ORIGINAL5,0.25,DOMAIN_OOD,2116,0.5,0.9686466880780678,0.9623786364399785
DAPT_E2E,72,ORIGINAL5,0.25,TEMPLATE_OOD,2116,0.5,0.9700620489935601,0.9638325870762324
DAPT_E2E,72,ORIGINAL5,0.25,DOMAIN_TEMPLATE_OOD,2116,0.5,0.9622616796151546,0.9560455758805894
DAPT_E2E,72,ORIGINAL5,1.0,IID_BALANCED,2116,0.5,0.947672339046439,0.932234286612755
DAPT_E2E,72,ORIGINAL5,1.0,TEMPORAL,2116,0.5,0.9784017344746027,0.9731106235326489
DAPT_E2E,72,ORIGINAL5,1.0,DOMAIN_OOD,2116,0.5,0.9791725203870303,0.9745918217845134
DAPT_E2E,72,ORIGINAL5,1.0,TEMPLATE_OOD,2116,0.5,0.9736597700260778,0.9671157014161612
DAPT_E2E,72,ORIGINAL5,1.0,DOMAIN_TEMPLATE_OOD,2116,0.5,0.9771648680409879,0.9726125728538707
DAPT_E2E,82,ORIGINAL5,0.1,IID_BALANCED,2116,0.5,0.8964263859835726,0.8654825418719916
DAPT_E2E,82,ORIGINAL5,0.1,TEMPORAL,2116,0.5,0.9319994207975173,0.9212347368684359
DAPT_E2E,82,ORIGINAL5,0.1,DOMAIN_OOD,2116,0.5,0.9252180826016131,0.9149467912135819
DAPT_E2E,82,ORIGINAL5,0.1,TEMPLATE_OOD,2116,0.5,0.9330803477549101,0.9213736550398263
DAPT_E2E,82,ORIGINAL5,0.1,DOMAIN_TEMPLATE_OOD,2116,0.5,0.9187933691918597,0.9053886850032697
DAPT_E2E,82,ORIGINAL5,0.25,IID_BALANCED,2116,0.5,0.92464294251495,0.9020394616943194
DAPT_E2E,82,ORIGINAL5,0.25,TEMPORAL,2116,0.5,0.9607172618852186,0.9540645402210541
DAPT_E2E,82,ORIGINAL5,0.25,DOMAIN_OOD,2116,0.5,0.9602498829027273,0.9552169803567025
DAPT_E2E,82,ORIGINAL5,0.25,TEMPLATE_OOD,2116,0.5,0.9615150363416687,0.955861096122441
DAPT_E2E,82,ORIGINAL5,0.25,DOMAIN_TEMPLATE_OOD,2116,0.5,0.9535920120506538,0.9454332996237148
DAPT_E2E,82,ORIGINAL5,1.0,IID_BALANCED,2116,0.5,0.9377039534009819,0.9147707984176728
DAPT_E2E,82,ORIGINAL5,1.0,TEMPORAL,2116,0.5,0.9759030562826684,0.9675114618658452
DAPT_E2E,82,ORIGINAL5,1.0,DOMAIN_OOD,2116,0.5,0.9764811375331294,0.9696238220989776
DAPT_E2E,82,ORIGINAL5,1.0,TEMPLATE_OOD,2116,0.5,0.9684072667928584,0.9617657884298583
DAPT_E2E,82,ORIGINAL5,1.0,DOMAIN_TEMPLATE_OOD,2116,0.5,0.9688783747888479,0.9615339603560593
DAPT_E2E,242,REPLICATION5,0.1,IID_BALANCED,2116,0.5,0.9023521969111024,0.884758666528493
DAPT_E2E,242,REPLICATION5,0.1,TEMPORAL,2116,0.5,0.9444817377636457,0.941611933204927
DAPT_E2E,242,REPLICATION5,0.1,DOMAIN_OOD,2116,0.5,0.9329254319362854,0.9365684442236843
DAPT_E2E,242,REPLICATION5,0.1,TEMPLATE_OOD,2116,0.5,0.94306565409668,0.9431927415925472
DAPT_E2E,242,REPLICATION5,0.1,DOMAIN_TEMPLATE_OOD,2116,0.5,0.9274621898191091,0.9339423994339643
DAPT_E2E,242,REPLICATION5,0.25,IID_BALANCED,2116,0.5,0.9335298772901027,0.9132315314768028
DAPT_E2E,242,REPLICATION5,0.25,TEMPORAL,2116,0.5,0.977175707719026,0.9693388388406273
DAPT_E2E,242,REPLICATION5,0.25,DOMAIN_OOD,2116,0.5,0.9777311430370141,0.9722118988997323
DAPT_E2E,242,REPLICATION5,0.25,TEMPLATE_OOD,2116,0.5,0.9753075837282239,0.9677057686329023
DAPT_E2E,242,REPLICATION5,0.25,DOMAIN_TEMPLATE_OOD,2116,0.5,0.9744023818431379,0.9691342583824386
DAPT_E2E,242,REPLICATION5,1.0,IID_BALANCED,2116,0.5,0.9364474795468218,0.9114309554354079
DAPT_E2E,242,REPLICATION5,1.0,TEMPORAL,2116,0.5,0.976105747568155,0.9677173823707034
DAPT_E2E,242,REPLICATION5,1.0,DOMAIN_OOD,2116,0.5,0.9772294506229356,0.97214712997738
DAPT_E2E,242,REPLICATION5,1.0,TEMPLATE_OOD,2116,0.5,0.9731353578775677,0.965553206999689
DAPT_E2E,242,REPLICATION5,1.0,DOMAIN_TEMPLATE_OOD,2116,0.5,0.971519686524944,0.9658672246025422
DAPT_E2E,252,REPLICATION5,0.1,IID_BALANCED,2116,0.5,0.8994487563219284,0.8622128279987565
DAPT_E2E,252,REPLICATION5,0.1,TEMPORAL,2116,0.5,0.9486580282822614,0.9425736400313035
DAPT_E2E,252,REPLICATION5,0.1,DOMAIN_OOD,2116,0.5,0.9373883666958939,0.9333657326839169
DAPT_E2E,252,REPLICATION5,0.1,TEMPLATE_OOD,2116,0.5,0.9430228220378297,0.939040830328651
DAPT_E2E,252,REPLICATION5,0.1,DOMAIN_TEMPLATE_OOD,2116,0.5,0.9271315469349616,0.9263550551920554
DAPT_E2E,252,REPLICATION5,0.25,IID_BALANCED,2116,0.5,0.913986908487287,0.8783594970000821
DAPT_E2E,252,REPLICATION5,0.25,TEMPORAL,2116,0.5,0.9640378178486948,0.9545934119732277
DAPT_E2E,252,REPLICATION5,0.25,DOMAIN_OOD,2116,0.5,0.9623442102575261,0.9563640603056734
DAPT_E2E,252,REPLICATION5,0.25,TEMPLATE_OOD,2116,0.5,0.9605017648148539,0.9522630708152128
DAPT_E2E,252,REPLICATION5,0.25,DOMAIN_TEMPLATE_OOD,2116,0.5,0.952069218353434,0.947029295206921
DAPT_E2E,252,REPLICATION5,1.0,IID_BALANCED,2116,0.5,0.9305131103701287,0.8933045908212163
DAPT_E2E,252,REPLICATION5,1.0,TEMPORAL,2116,0.5,0.9740416912038572,0.9619458013657756
DAPT_E2E,252,REPLICATION5,1.0,DOMAIN_OOD,2116,0.5,0.9740096232247459,0.9654424298083555
DAPT_E2E,252,REPLICATION5,1.0,TEMPLATE_OOD,2116,0.5,0.9677681545301033,0.9578117573908043
DAPT_E2E,252,REPLICATION5,1.0,DOMAIN_TEMPLATE_OOD,2116,0.5,0.9653755702868169,0.9571225267205306
DAPT_E2E,262,REPLICATION5,0.1,IID_BALANCED,2116,0.5,0.8962371469928647,0.8689858705479183
DAPT_E2E,262,REPLICATION5,0.1,TEMPORAL,2116,0.5,0.9400773688720251,0.9336444623911436
DAPT_E2E,262,REPLICATION5,0.1,DOMAIN_OOD,2116,0.5,0.9243757055731635,0.9161613201782441
DAPT_E2E,262,REPLICATION5,0.1,TEMPLATE_OOD,2116,0.5,0.9352147022808723,0.9245348251328431
DAPT_E2E,262,REPLICATION5,0.1,DOMAIN_TEMPLATE_OOD,2116,0.5,0.9118901476197052,0.9007914315629233
DAPT_E2E,262,REPLICATION5,0.25,IID_BALANCED,2116,0.5,0.9058099472867347,0.879737511658406
DAPT_E2E,262,REPLICATION5,0.25,TEMPORAL,2116,0.5,0.9519429430178776,0.9465611722370917
DAPT_E2E,262,REPLICATION5,0.25,DOMAIN_OOD,2116,0.5,0.9567989485275059,0.9501895719354919
DAPT_E2E,262,REPLICATION5,0.25,TEMPLATE_OOD,2116,0.5,0.9517033662353189,0.947780168023985
DAPT_E2E,262,REPLICATION5,0.25,DOMAIN_TEMPLATE_OOD,2116,0.5,0.9509792294511024,0.9420644222969472
DAPT_E2E,262,REPLICATION5,1.0,IID_BALANCED,2116,0.5,0.933619595403454,0.9074621838829906
DAPT_E2E,262,REPLICATION5,1.0,TEMPORAL,2116,0.5,0.9768328402300567,0.9680184461890858
DAPT_E2E,262,REPLICATION5,1.0,DOMAIN_OOD,2116,0.5,0.9775636840456177,0.9709259007793711
DAPT_E2E,262,REPLICATION5,1.0,TEMPLATE_OOD,2116,0.5,0.9712739831640694,0.9615969425495193
DAPT_E2E,262,REPLICATION5,1.0,DOMAIN_TEMPLATE_OOD,2116,0.5,0.972749555038061,0.9665819161595335
DAPT_E2E,272,REPLICATION5,0.1,IID_BALANCED,2116,0.5,0.9058325970636697,0.8821598693543833
DAPT_E2E,272,REPLICATION5,0.1,TEMPORAL,2116,0.5,0.9354818656747632,0.9265194342501635
DAPT_E2E,272,REPLICATION5,0.1,DOMAIN_OOD,2116,0.5,0.915972099190299,0.913990444573883
DAPT_E2E,272,REPLICATION5,0.1,TEMPLATE_OOD,2116,0.5,0.9328139009545673,0.9232993021036945
DAPT_E2E,272,REPLICATION5,0.1,DOMAIN_TEMPLATE_OOD,2116,0.5,0.9099112541844148,0.9068739033951424
DAPT_E2E,272,REPLICATION5,0.25,IID_BALANCED,2116,0.5,0.9002748376087444,0.8570250606594458
DAPT_E2E,272,REPLICATION5,0.25,TEMPORAL,2116,0.5,0.9629552532623313,0.9485654353722293
DAPT_E2E,272,REPLICATION5,0.25,DOMAIN_OOD,2116,0.5,0.969581301264825,0.9597329376324413
DAPT_E2E,272,REPLICATION5,0.25,TEMPLATE_OOD,2116,0.5,0.9610667017556168,0.9461194035184264
DAPT_E2E,272,REPLICATION5,0.25,DOMAIN_TEMPLATE_OOD,2116,0.5,0.9646400602545373,0.9528888726098034
DAPT_E2E,272,REPLICATION5,1.0,IID_BALANCED,2116,0.5,0.9324484469557405,0.9052278794029467
DAPT_E2E,272,REPLICATION5,1.0,TEMPORAL,2116,0.5,0.9753273324593283,0.9674408860745922
DAPT_E2E,272,REPLICATION5,1.0,DOMAIN_OOD,2116,0.5,0.9803064314124691,0.9735648993535616
DAPT_E2E,272,REPLICATION5,1.0,TEMPLATE_OOD,2116,0.5,0.9744942757898922,0.9643690524261991
DAPT_E2E,272,REPLICATION5,1.0,DOMAIN_TEMPLATE_OOD,2116,0.5,0.9751246648245536,0.9676052651327004
DAPT_E2E,282,REPLICATION5,0.1,IID_BALANCED,2116,0.5,0.9048025342988218,0.8601111881389789
DAPT_E2E,282,REPLICATION5,0.1,TEMPORAL,2116,0.5,0.9559013858085696,0.9383466861539232
DAPT_E2E,282,REPLICATION5,0.1,DOMAIN_OOD,2116,0.5,0.9588546402439085,0.9491738165601181
DAPT_E2E,282,REPLICATION5,0.1,TEMPLATE_OOD,2116,0.5,0.956796059065991,0.9410942285083315
DAPT_E2E,282,REPLICATION5,0.1,DOMAIN_TEMPLATE_OOD,2116,0.5,0.9514960773159808,0.9392561311601946
DAPT_E2E,282,REPLICATION5,0.25,IID_BALANCED,2116,0.5,0.923251114432106,0.8945486008126042
DAPT_E2E,282,REPLICATION5,0.25,TEMPORAL,2116,0.5,0.9683410412329072,0.9566745044507418
DAPT_E2E,282,REPLICATION5,0.25,DOMAIN_OOD,2116,0.5,0.9718657275431722,0.9644731293841861
DAPT_E2E,282,REPLICATION5,0.25,TEMPLATE_OOD,2116,0.5,0.9655714950393388,0.954707315940123
DAPT_E2E,282,REPLICATION5,0.25,DOMAIN_TEMPLATE_OOD,2116,0.5,0.9669772720564281,0.9586162320746423
DAPT_E2E,282,REPLICATION5,1.0,IID_BALANCED,2116,0.5,0.9343639777838987,0.9046114579350418
DAPT_E2E,282,REPLICATION5,1.0,TEMPORAL,2116,0.5,0.9735936564318823,0.9600407016841705
DAPT_E2E,282,REPLICATION5,1.0,DOMAIN_OOD,2116,0.5,0.979315443655299,0.9710858130152479
DAPT_E2E,282,REPLICATION5,1.0,TEMPLATE_OOD,2116,0.5,0.971832151397481,0.9602899503646715
DAPT_E2E,282,REPLICATION5,1.0,DOMAIN_TEMPLATE_OOD,2116,0.5,0.9726340931980786,0.9634019854131455
