representation,classifier,seed,label_budget,n_train,scenario,n_test,threshold,target_fpr,calibration_fpr,calibration_recall,fit_seconds,predict_seconds,average_precision,roc_auc,precision,recall,f1,empirical_fpr,tp,fp,tn,fn
BASE,LOGREG,42,0.1,400,IID,3051,0.993382889160526,0.005,0.0046838407494145,0.2362030905077262,0.025866785999824,0.0255440740002086,0.8524317978918843,0.8928622579785392,0.9891696750902528,0.2589792060491493,0.4104868913857677,0.0015052684395383,274,3,1990,784
BASE,LOGREG,42,0.1,400,TEMPORAL,8000,0.993382889160526,0.005,0.0046838407494145,0.2362030905077262,0.025866785999824,0.0596101760002056,0.918040854089804,0.911405125,0.99002849002849,0.17375,0.295618885580604,0.00175,695,7,3993,3305
BASE,LOGREG,42,0.1,400,DOMAIN_OOD,3858,0.993382889160526,0.005,0.0046838407494145,0.2362030905077262,0.025866785999824,0.0269160560001182,0.8895582305703407,0.8885655922630253,0.9776785714285714,0.1135303265940902,0.2034370645610775,0.0025920165889061,219,5,1924,1710
BASE,LOGREG,42,0.1,400,TEMPLATE_OOD,6832,0.993382889160526,0.005,0.0046838407494145,0.2362030905077262,0.025866785999824,0.0482987630002753,0.9166973883424776,0.9108258628632856,0.9893617021276596,0.1633489461358313,0.2804020100502513,0.0017564402810304,558,6,3410,2858
BASE,LOGREG,42,0.1,400,DOMAIN_TEMPLATE_OOD,3708,0.993382889160526,0.005,0.0046838407494145,0.2362030905077262,0.025866785999824,0.0220924199993532,0.8796824802823101,0.8767224194691439,0.9753694581280788,0.1067961165048543,0.1925133689839572,0.0026968716289104,198,5,1849,1656
BASE,XGBOOST,42,0.1,400,IID,3051,0.9927988648414612,0.005,0.00468384074941452,0.11037527593818984,2.281039025000041,0.008174737999979698,0.7946255207140211,0.8777626228662322,0.9067796610169492,0.10113421550094517,0.18197278911564627,0.0055193176116407425,107,11,1982,951
BASE,XGBOOST,42,0.1,400,TEMPORAL,8000,0.9927988648414612,0.005,0.00468384074941452,0.11037527593818984,2.281039025000041,0.01766297200003919,0.8975444058416377,0.8924003125,0.9793956043956044,0.17825,0.30160744500846026,0.00375,713,15,3985,3287
BASE,XGBOOST,42,0.1,400,DOMAIN_OOD,3858,0.9927988648414612,0.005,0.00468384074941452,0.11037527593818984,2.281039025000041,0.008867217999977584,0.8586989145683616,0.8607276834627728,0.9805194805194806,0.0782789009849663,0.14498319731156986,0.0015552099533437014,151,3,1926,1778
BASE,XGBOOST,42,0.1,400,TEMPLATE_OOD,6832,0.9927988648414612,0.005,0.00468384074941452,0.11037527593818984,2.281039025000041,0.015156453000031433,0.8943356991801402,0.8875502011473764,0.988835725677831,0.18149882903981265,0.3067029433588919,0.0020491803278688526,620,7,3409,2796
BASE,XGBOOST,42,0.1,400,DOMAIN_TEMPLATE_OOD,3708,0.9927988648414612,0.005,0.00468384074941452,0.11037527593818984,2.281039025000041,0.00868809999997211,0.8464937847397371,0.8491491617296751,0.9784172661870504,0.07335490830636461,0.1364776718514802,0.0016181229773462784,136,3,1851,1718
BASE,MLP,42,0.1,400,IID,3051,0.9951568841934204,0.005,0.00468384074941452,0.32671081677704195,0.32744471800003794,0.023000049000074796,0.8472223446253704,0.894692861688879,0.9652406417112299,0.34120982986767484,0.5041899441340782,0.006522829904666332,361,13,1980,697
BASE,MLP,42,0.1,400,TEMPORAL,8000,0.9951568841934204,0.005,0.00468384074941452,0.32671081677704195,0.32744471800003794,0.0657652820000294,0.9094466636506398,0.90061934375,0.9736024844720497,0.3135,0.4742813918305598,0.0085,1254,34,3966,2746
BASE,MLP,42,0.1,400,DOMAIN_OOD,3858,0.9951568841934204,0.005,0.00468384074941452,0.32671081677704195,0.32744471800003794,0.027894551000031242,0.8702722232146491,0.868718458087401,0.9521410579345088,0.19595645412130638,0.3250214961306965,0.009849663037843442,378,19,1910,1551
BASE,MLP,42,0.1,400,TEMPLATE_OOD,6832,0.9951568841934204,0.005,0.00468384074941452,0.32671081677704195,0.32744471800003794,0.04790049500002169,0.9054913172079063,0.8970196475190452,0.9765698219306467,0.3050351288056206,0.4648672763774258,0.007318501170960188,1042,25,3391,2374
BASE,MLP,42,0.1,400,DOMAIN_TEMPLATE_OOD,3708,0.9951568841934204,0.005,0.00468384074941452,0.32671081677704195,0.32744471800003794,0.026160294999954203,0.8580664870002435,0.8553734949012544,0.9484240687679083,0.17853290183387271,0.30049931911030414,0.009708737864077669,331,18,1836,1523
DAPT,LOGREG,42,0.1,400,IID,3051,0.9936045756149189,0.005,0.00468384074941452,0.17218543046357615,0.034703792999948746,0.024720988000012767,0.8367207193567879,0.8843214957455062,0.9751552795031055,0.14839319470699433,0.2575881870385562,0.002007024586051179,157,4,1989,901
DAPT,LOGREG,42,0.1,400,TEMPORAL,8000,0.9936045756149189,0.005,0.00468384074941452,0.17218543046357615,0.034703792999948746,0.061062970999955724,0.9151393528299777,0.9021093750000001,0.9899777282850779,0.22225,0.3630053082890976,0.00225,889,9,3991,3111
DAPT,LOGREG,42,0.1,400,DOMAIN_OOD,3858,0.9936045756149189,0.005,0.00468384074941452,0.17218543046357615,0.034703792999948746,0.0254795880000529,0.8904571013486733,0.8825498025955638,0.9745454545454545,0.13893208916537067,0.24319419237749546,0.0036288232244686366,268,7,1922,1661
DAPT,LOGREG,42,0.1,400,TEMPLATE_OOD,6832,0.9936045756149189,0.005,0.00468384074941452,0.17218543046357615,0.034703792999948746,0.04770656499999859,0.9151737023189007,0.9035352988279429,0.9875346260387812,0.20872365339578455,0.34461092315128083,0.0026346604215456673,713,9,3407,2703
DAPT,LOGREG,42,0.1,400,DOMAIN_TEMPLATE_OOD,3708,0.9936045756149189,0.005,0.00468384074941452,0.17218543046357615,0.034703792999948746,0.022335515000008854,0.8782175371202539,0.8682826949864372,0.9711934156378601,0.1272923408845739,0.22508345255126372,0.0037756202804746495,236,7,1847,1618
DAPT,XGBOOST,42,0.1,400,IID,3051,0.9880515933036804,0.005,0.00468384074941452,0.20088300220750552,1.8330853199998955,0.007118353000009847,0.8018627007784181,0.8636385193166631,0.9482071713147411,0.22495274102079396,0.36363636363636365,0.006522829904666332,238,13,1980,820
DAPT,XGBOOST,42,0.1,400,TEMPORAL,8000,0.9880515933036804,0.005,0.00468384074941452,0.20088300220750552,1.8330853199998955,0.018126758999983394,0.891378540247235,0.8793841874999999,0.9919517102615694,0.2465,0.394873848618342,0.002,986,8,3992,3014
DAPT,XGBOOST,42,0.1,400,DOMAIN_OOD,3858,0.9880515933036804,0.005,0.00468384074941452,0.20088300220750552,1.8330853199998955,0.008924575000037294,0.851344216428065,0.851068558502849,0.9750889679715302,0.14204250907205807,0.24796380090497738,0.0036288232244686366,274,7,1922,1655
DAPT,XGBOOST,42,0.1,400,TEMPLATE_OOD,6832,0.9880515933036804,0.005,0.00468384074941452,0.20088300220750552,1.8330853199998955,0.015166739000051166,0.8881451739096473,0.8766595172737195,0.9914738124238733,0.2382903981264637,0.3842341279206986,0.0020491803278688526,814,7,3409,2602
DAPT,XGBOOST,42,0.1,400,DOMAIN_TEMPLATE_OOD,3708,0.9880515933036804,0.005,0.00468384074941452,0.20088300220750552,1.8330853199998955,0.008216345999926489,0.8351875191355482,0.8331451050761699,0.9715447154471545,0.12891046386192018,0.2276190476190476,0.0037756202804746495,239,7,1847,1615
DAPT,MLP,42,0.1,400,IID,3051,0.9953034520149231,0.005,0.00468384074941452,0.24503311258278146,0.4706542860000127,0.022384385000009388,0.8263416780141808,0.8905405687391693,0.9194139194139194,0.23724007561436672,0.377160030052592,0.011038635223281485,251,22,1971,807
DAPT,MLP,42,0.1,400,TEMPORAL,8000,0.9953034520149231,0.005,0.00468384074941452,0.24503311258278146,0.4706542860000127,0.059856022999952074,0.9117350075317493,0.9030664374999999,0.9808459696727854,0.30725,0.4679230915667238,0.006,1229,24,3976,2771
DAPT,MLP,42,0.1,400,DOMAIN_OOD,3858,0.9953034520149231,0.005,0.00468384074941452,0.24503311258278146,0.4706542860000127,0.026628574000028493,0.8779480183053615,0.8752026650606644,0.9733333333333334,0.18921721099015035,0.3168402777777778,0.005184033177812338,365,10,1919,1564
DAPT,MLP,42,0.1,400,TEMPLATE_OOD,6832,0.9953034520149231,0.005,0.00468384074941452,0.24503311258278146,0.4706542860000127,0.04660310700000991,0.9091005888383092,0.9009964902045204,0.9854085603112841,0.2965456674473068,0.45589558955895587,0.004391100702576112,1013,15,3401,2403
DAPT,MLP,42,0.1,400,DOMAIN_TEMPLATE_OOD,3708,0.9953034520149231,0.005,0.00468384074941452,0.24503311258278146,0.4706542860000127,0.02569826399997055,0.864587006552688,0.8601430592939374,0.9694189602446484,0.1709816612729234,0.2906923429619441,0.005393743257820928,317,10,1844,1537
CONTRASTIVE,LOGREG,42,0.1,400,IID,3051,0.9992507666442012,0.005,0.00468384074941452,0.04415011037527594,0.019942944000035823,0.023910059999934674,0.7667500650449167,0.8505449602910755,0.9047619047619048,0.035916824196597356,0.06909090909090909,0.002007024586051179,38,4,1989,1020
CONTRASTIVE,LOGREG,42,0.1,400,TEMPORAL,8000,0.9992507666442012,0.005,0.00468384074941452,0.04415011037527594,0.019942944000035823,0.07317361200000505,0.8609343798085001,0.8532411875,0.9871794871794872,0.0385,0.0741097208854668,0.0005,154,2,3998,3846
CONTRASTIVE,LOGREG,42,0.1,400,DOMAIN_OOD,3858,0.9992507666442012,0.005,0.00468384074941452,0.04415011037527594,0.019942944000035823,0.029116113999975823,0.8261878870507886,0.8211454805254766,0.9629629629629629,0.02695697252462416,0.052445789208270296,0.0010368066355624676,52,2,1927,1877
CONTRASTIVE,LOGREG,42,0.1,400,TEMPLATE_OOD,6832,0.9992507666442012,0.005,0.00468384074941452,0.04415011037527594,0.019942944000035823,0.044902094999997644,0.8603166219008598,0.8522724546012977,0.9849624060150376,0.03834894613583138,0.07382361228515075,0.000585480093676815,131,2,3414,3285
CONTRASTIVE,LOGREG,42,0.1,400,DOMAIN_TEMPLATE_OOD,3708,0.9992507666442012,0.005,0.00468384074941452,0.04415011037527594,0.019942944000035823,0.01977785799999765,0.8164009076024514,0.8104992383592314,0.9615384615384616,0.02696871628910464,0.05246589716684155,0.0010787486515641855,50,2,1852,1804
CONTRASTIVE,XGBOOST,42,0.1,400,IID,3051,0.9926749467849731,0.005,0.00468384074941452,0.09933774834437085,2.736205357000017,0.008786955999994461,0.7172357504813407,0.810821808276036,0.9203539823008849,0.09829867674858223,0.1776259607173356,0.004515805318615153,104,9,1984,954
CONTRASTIVE,XGBOOST,42,0.1,400,TEMPORAL,8000,0.9926749467849731,0.005,0.00468384074941452,0.09933774834437085,2.736205357000017,0.020818888000007973,0.8361877752091628,0.8249835624999999,0.9754768392370572,0.0895,0.1639569498511564,0.00225,358,9,3991,3642
CONTRASTIVE,XGBOOST,42,0.1,400,DOMAIN_OOD,3858,0.9926749467849731,0.005,0.00468384074941452,0.09933774834437085,2.736205357000017,0.01075845900004424,0.7988854037897182,0.7892909537949192,0.9508196721311475,0.06013478486262312,0.11311555338859093,0.003110419906687403,116,6,1923,1813
CONTRASTIVE,XGBOOST,42,0.1,400,TEMPLATE_OOD,6832,0.9926749467849731,0.005,0.00468384074941452,0.09933774834437085,2.736205357000017,0.018269716999952834,0.8327292439824844,0.8205095596421852,0.9735973597359736,0.08635831381733021,0.15864479698843775,0.00234192037470726,295,8,3408,3121
CONTRASTIVE,XGBOOST,42,0.1,400,DOMAIN_TEMPLATE_OOD,3708,0.9926749467849731,0.005,0.00468384074941452,0.09933774834437085,2.736205357000017,0.009648844000025747,0.7873499788848858,0.7800295346718196,0.9494949494949495,0.05070118662351672,0.09626216077828981,0.002696871628910464,94,5,1849,1760
CONTRASTIVE,MLP,42,0.1,400,IID,3051,0.9996737837791443,0.005,0.00468384074941452,0.10375275938189846,0.4533132099999193,0.02283946800002923,0.7718509251397644,0.8590819285267812,0.9420289855072463,0.12287334593572778,0.21739130434782608,0.004014049172102358,130,8,1985,928
CONTRASTIVE,MLP,42,0.1,400,TEMPORAL,8000,0.9996737837791443,0.005,0.00468384074941452,0.10375275938189846,0.4533132099999193,0.07525458399993568,0.8734970463876485,0.86703803125,0.9761499148211243,0.14325,0.249836494440811,0.0035,573,14,3986,3427
CONTRASTIVE,MLP,42,0.1,400,DOMAIN_OOD,3858,0.9996737837791443,0.005,0.00468384074941452,0.10375275938189846,0.4533132099999193,0.04320874999996249,0.8381014388604534,0.8374718257605869,0.9483870967741935,0.07620528771384137,0.14107485604606526,0.00414722654224987,147,8,1921,1782
CONTRASTIVE,MLP,42,0.1,400,TEMPLATE_OOD,6832,0.9996737837791443,0.005,0.00468384074941452,0.10375275938189846,0.4533132099999193,0.0682386169999063,0.8730392203236037,0.8653704721273082,0.9779116465863453,0.14256440281030444,0.24885028104241186,0.0032201405152224825,487,11,3405,2929
CONTRASTIVE,MLP,42,0.1,400,DOMAIN_TEMPLATE_OOD,3708,0.9996737837791443,0.005,0.00468384074941452,0.10375275938189846,0.4533132099999193,0.040356353999982275,0.829448874281036,0.8266289744672879,0.9473684210526315,0.06796116504854369,0.1268243583291394,0.0037756202804746495,126,7,1847,1728
BASE,LOGREG,42,0.25,1000,IID,3051,0.9976651294435303,0.005,0.00468384074941452,0.152317880794702,0.3258866209999951,0.036125820000052045,0.8692856163366288,0.903041552807226,0.9855072463768116,0.19281663516068054,0.32252964426877473,0.0015052684395383843,204,3,1990,854
BASE,LOGREG,42,0.25,1000,TEMPORAL,8000,0.9976651294435303,0.005,0.00468384074941452,0.152317880794702,0.3258866209999951,0.05400793800004067,0.9364627804978285,0.9299934999999998,0.9941927990708479,0.214,0.3521909072207365,0.00125,856,5,3995,3144
BASE,LOGREG,42,0.25,1000,DOMAIN_OOD,3858,0.9976651294435303,0.005,0.00468384074941452,0.152317880794702,0.3258866209999951,0.023402653000061946,0.9163930765037394,0.9099695488439928,0.9914529914529915,0.18040435458786935,0.30526315789473685,0.0015552099533437014,348,3,1926,1581
BASE,LOGREG,42,0.25,1000,TEMPLATE_OOD,6832,0.9976651294435303,0.005,0.00468384074941452,0.152317880794702,0.3258866209999951,0.04274984900007439,0.9314459231083095,0.9244958632472071,0.9931787175989086,0.21311475409836064,0.35092793444203424,0.0014637002341920376,728,5,3411,2688
BASE,LOGREG,42,0.25,1000,DOMAIN_TEMPLATE_OOD,3708,0.9976651294435303,0.005,0.00468384074941452,0.152317880794702,0.3258866209999951,0.020904214999973192,0.9084288200381455,0.9020168643208829,0.9911504424778761,0.18122977346278318,0.3064295485636115,0.0016181229773462784,336,3,1851,1518
BASE,XGBOOST,42,0.25,1000,IID,3051,0.9927963018417358,0.005,0.00468384074941452,0.2980132450331126,3.9780903110000736,0.009335315999919658,0.8545625272379214,0.9041707412617128,0.9811320754716981,0.2948960302457467,0.45348837209302323,0.0030105368790767687,312,6,1987,746
BASE,XGBOOST,42,0.25,1000,TEMPORAL,8000,0.9927963018417358,0.005,0.00468384074941452,0.2980132450331126,3.9780903110000736,0.06150288599997111,0.9256401476110678,0.92030809375,0.9951124144672532,0.2545,0.40533545689826794,0.00125,1018,5,3995,2982
BASE,XGBOOST,42,0.25,1000,DOMAIN_OOD,3858,0.9927963018417358,0.005,0.00468384074941452,0.2980132450331126,3.9780903110000736,0.03417436100005489,0.8937490233996681,0.8905103437452047,0.992619926199262,0.1394504924831519,0.24454545454545454,0.0010368066355624676,269,2,1927,1660
BASE,XGBOOST,42,0.25,1000,TEMPLATE_OOD,6832,0.9927963018417358,0.005,0.00468384074941452,0.2980132450331126,3.9780903110000736,0.054059834999975465,0.9188520663073494,0.9129441576079504,0.994343891402715,0.25731850117096017,0.4088372093023256,0.0014637002341920376,879,5,3411,2537
BASE,XGBOOST,42,0.25,1000,DOMAIN_TEMPLATE_OOD,3708,0.9927963018417358,0.005,0.00468384074941452,0.2980132450331126,3.9780903110000736,0.042732870000008916,0.8842646063958204,0.8807716543954645,0.9922178988326849,0.13754045307443366,0.24159166271909047,0.0010787486515641855,255,2,1852,1599
BASE,MLP,42,0.25,1000,IID,3051,0.990768313407898,0.005,0.00468384074941452,0.3841059602649007,0.6168722169999228,0.02526930400006222,0.8740764355475602,0.9123064942800747,0.9779411764705882,0.3771266540642722,0.5443383356070941,0.004515805318615153,399,9,1984,659
BASE,MLP,42,0.25,1000,TEMPORAL,8000,0.990768313407898,0.005,0.00468384074941452,0.3841059602649007,0.6168722169999228,0.06040305100009391,0.932125377759016,0.9282448750000002,0.9862490450725745,0.32275,0.48634394424562066,0.0045,1291,18,3982,2709
BASE,MLP,42,0.25,1000,DOMAIN_OOD,3858,0.990768313407898,0.005,0.00468384074941452,0.3841059602649007,0.6168722169999228,0.02814908099992408,0.8971163480498583,0.8974511433762755,0.972636815920398,0.20269569725246242,0.3354783354783355,0.005702436495593572,391,11,1918,1538
BASE,MLP,42,0.25,1000,TEMPLATE_OOD,6832,0.990768313407898,0.005,0.00468384074941452,0.3841059602649007,0.6168722169999228,0.04820106899990151,0.9256942404195135,0.9213884139385397,0.9836214740673339,0.3164519906323185,0.4788482834994463,0.005269320843091335,1081,18,3398,2335
BASE,MLP,42,0.25,1000,DOMAIN_TEMPLATE_OOD,3708,0.990768313407898,0.005,0.00468384074941452,0.3841059602649007,0.6168722169999228,0.026007162000041717,0.8880807092531171,0.8888557234772712,0.9693593314763231,0.18770226537216828,0.3145051965657479,0.005933117583603021,348,11,1843,1506
DAPT,LOGREG,42,0.25,1000,IID,3051,0.995419042603774,0.005,0.00468384074941452,0.26490066225165565,0.3726662999999917,0.03571552100004283,0.8644483335481177,0.8995254657843093,0.9844357976653697,0.2391304347826087,0.38479087452471483,0.002007024586051179,253,4,1989,805
DAPT,LOGREG,42,0.25,1000,TEMPORAL,8000,0.995419042603774,0.005,0.00468384074941452,0.26490066225165565,0.3726662999999917,0.05548265699997046,0.935913994398004,0.9278168750000001,0.9935275080906149,0.307,0.4690603514132926,0.002,1228,8,3992,2772
DAPT,LOGREG,42,0.25,1000,DOMAIN_OOD,3858,0.995419042603774,0.005,0.00468384074941452,0.26490066225165565,0.3726662999999917,0.023834942000007686,0.9152257751992586,0.909447920622213,0.9900398406374502,0.2576464489372732,0.4088852324146442,0.002592016588906169,497,5,1924,1432
DAPT,LOGREG,42,0.25,1000,TEMPLATE_OOD,6832,0.995419042603774,0.005,0.00468384074941452,0.26490066225165565,0.3726662999999917,0.04302720099997259,0.9326864021861703,0.9250019881642525,0.9922928709055877,0.3015222482435597,0.4625056129321958,0.00234192037470726,1030,8,3408,2386
DAPT,LOGREG,42,0.25,1000,DOMAIN_TEMPLATE_OOD,3708,0.995419042603774,0.005,0.00468384074941452,0.26490066225165565,0.3726662999999917,0.021051413000009234,0.9056939559715602,0.8993205745412992,0.9892933618843683,0.24919093851132687,0.3981042654028436,0.002696871628910464,462,5,1849,1392
DAPT,XGBOOST,42,0.25,1000,IID,3051,0.996089518070221,0.005,0.00468384074941452,0.2097130242825607,3.802845314000024,0.007897943999978452,0.8459863347139167,0.8968639766593284,0.9777777777777777,0.20793950850661624,0.34294621979734996,0.002508780732563974,220,5,1988,838
DAPT,XGBOOST,42,0.25,1000,TEMPORAL,8000,0.996089518070221,0.005,0.00468384074941452,0.2097130242825607,3.802845314000024,0.020969943999944007,0.9276769982674257,0.9232642812500002,0.9941520467836257,0.2125,0.35015447991761073,0.00125,850,5,3995,3150
DAPT,XGBOOST,42,0.25,1000,DOMAIN_OOD,3858,0.996089518070221,0.005,0.00468384074941452,0.2097130242825607,3.802845314000024,0.010450570999978481,0.8973448272398755,0.8980766403810116,0.9835390946502057,0.12389839294971487,0.22007366482504603,0.002073613271124935,239,4,1925,1690
DAPT,XGBOOST,42,0.25,1000,TEMPLATE_OOD,6832,0.996089518070221,0.005,0.00468384074941452,0.2097130242825607,3.802845314000024,0.016892204999976457,0.9214239201167851,0.9171061909378103,0.9929478138222849,0.20608899297423888,0.3413333333333333,0.0014637002341920376,704,5,3411,2712
DAPT,XGBOOST,42,0.25,1000,DOMAIN_TEMPLATE_OOD,3708,0.996089518070221,0.005,0.00468384074941452,0.2097130242825607,3.802845314000024,0.00956677400006356,0.8846748125109842,0.8859070565522634,0.9800995024875622,0.10625674217907227,0.19172749391727495,0.002157497303128371,197,4,1850,1657
DAPT,MLP,42,0.25,1000,IID,3051,0.9433161616325378,0.005,0.00468384074941452,0.34216335540838855,0.4756644099999221,0.022701751999989028,0.8516855034330265,0.9007902896432409,0.9502762430939227,0.32514177693761814,0.48450704225352115,0.009031610637230306,344,18,1975,714
DAPT,MLP,42,0.25,1000,TEMPORAL,8000,0.9433161616325378,0.005,0.00468384074941452,0.34216335540838855,0.4756644099999221,0.06606955300003392,0.9337253208821631,0.9292800625,0.985239852398524,0.4005,0.5694987557767508,0.006,1602,24,3976,2398
DAPT,MLP,42,0.25,1000,DOMAIN_OOD,3858,0.9433161616325378,0.005,0.00468384074941452,0.34216335540838855,0.4756644099999221,0.029298073000063596,0.9015195446682549,0.9004426449480132,0.9716814159292035,0.2846034214618974,0.44025661587810744,0.00829445308449974,549,16,1913,1380
DAPT,MLP,42,0.25,1000,TEMPLATE_OOD,6832,0.9433161616325378,0.005,0.00468384074941452,0.34216335540838855,0.4756644099999221,0.04632067400007145,0.9266647436538664,0.9218266670414471,0.9828741623231572,0.3864168618266979,0.5547383904181551,0.006733021077283372,1320,23,3393,2096
DAPT,MLP,42,0.25,1000,DOMAIN_TEMPLATE_OOD,3708,0.9433161616325378,0.005,0.00468384074941452,0.34216335540838855,0.4756644099999221,0.027031781999994564,0.8903806586209242,0.8890689712554797,0.9690522243713733,0.2702265372168285,0.42260649514972587,0.008629989212513484,501,16,1838,1353
CONTRASTIVE,LOGREG,42,0.25,1000,IID,3051,0.9978094214877402,0.005,0.00468384074941452,0.09492273730684327,0.35407043899999735,0.038749328999983845,0.7916962040312597,0.8661885597701597,0.9624060150375939,0.12098298676748583,0.21494542401343408,0.002508780732563974,128,5,1988,930
CONTRASTIVE,LOGREG,42,0.25,1000,TEMPORAL,8000,0.9978094214877402,0.005,0.00468384074941452,0.09492273730684327,0.35407043899999735,0.055598618999965765,0.8790239872030081,0.8751383125,0.985655737704918,0.12025,0.214349376114082,0.00175,481,7,3993,3519
CONTRASTIVE,LOGREG,42,0.25,1000,DOMAIN_OOD,3858,0.9978094214877402,0.005,0.00468384074941452,0.09492273730684327,0.35407043899999735,0.025041186000066773,0.8494756824506255,0.8450296570233975,0.9831460674157303,0.09072058061171591,0.16611295681063123,0.0015552099533437014,175,3,1926,1754
CONTRASTIVE,LOGREG,42,0.25,1000,TEMPLATE_OOD,6832,0.9978094214877402,0.005,0.00468384074941452,0.09492273730684327,0.35407043899999735,0.0425369460000411,0.8775711361146558,0.8731789443807624,0.9875,0.11563231850117096,0.2070230607966457,0.0014637002341920376,395,5,3411,3021
CONTRASTIVE,LOGREG,42,0.25,1000,DOMAIN_TEMPLATE_OOD,3708,0.9978094214877402,0.005,0.00468384074941452,0.09492273730684327,0.35407043899999735,0.020485574999952405,0.843040450503255,0.8377341507152674,0.9805194805194806,0.081445523193096,0.150398406374502,0.0016181229773462784,151,3,1851,1703
CONTRASTIVE,XGBOOST,42,0.25,1000,IID,3051,0.9883657097816467,0.005,0.00468384074941452,0.1390728476821192,5.818751691999978,0.009415741999987404,0.7706134527409534,0.8555938222341521,0.9289940828402367,0.14839319470699433,0.25590872045639773,0.006021073758153537,157,12,1981,901
CONTRASTIVE,XGBOOST,42,0.25,1000,TEMPORAL,8000,0.9883657097816467,0.005,0.00468384074941452,0.1390728476821192,5.818751691999978,0.02333415900000091,0.8697488108756875,0.8595488749999999,0.9800266311584553,0.184,0.3098295095769312,0.00375,736,15,3985,3264
CONTRASTIVE,XGBOOST,42,0.25,1000,DOMAIN_OOD,3858,0.9883657097816467,0.005,0.00468384074941452,0.1390728476821192,5.818751691999978,0.012470295999946757,0.8293680109665564,0.8206977563536656,0.9629629629629629,0.10782789009849664,0.19393939393939394,0.00414722654224987,208,8,1921,1721
CONTRASTIVE,XGBOOST,42,0.25,1000,TEMPLATE_OOD,6832,0.9883657097816467,0.005,0.00468384074941452,0.1390728476821192,5.818751691999978,0.02105009800004609,0.8669380482052752,0.8544901575585891,0.9815100154083205,0.1864754098360656,0.3134071340713407,0.00351288056206089,637,12,3404,2779
CONTRASTIVE,XGBOOST,42,0.25,1000,DOMAIN_TEMPLATE_OOD,3708,0.9883657097816467,0.005,0.00468384074941452,0.1390728476821192,5.818751691999978,0.011409646000061002,0.8217936412876471,0.8125505481602506,0.9655172413793104,0.10571736785329018,0.19056878949927078,0.0037756202804746495,196,7,1847,1658
CONTRASTIVE,MLP,42,0.25,1000,IID,3051,0.9917106032371521,0.005,0.00468384074941452,0.1545253863134658,0.545882243000051,0.021261888000026374,0.8022099344901275,0.8792337453298266,0.9378238341968912,0.17107750472589792,0.28936850519584334,0.006021073758153537,181,12,1981,877
CONTRASTIVE,MLP,42,0.25,1000,TEMPORAL,8000,0.9917106032371521,0.005,0.00468384074941452,0.1545253863134658,0.545882243000051,0.058919420000052014,0.8902414883062039,0.883052125,0.9726477024070022,0.22225,0.36182336182336183,0.00625,889,25,3975,3111
CONTRASTIVE,MLP,42,0.25,1000,DOMAIN_OOD,3858,0.9917106032371521,0.005,0.00468384074941452,0.1545253863134658,0.545882243000051,0.026870591999909266,0.8586762471060783,0.8534678870778366,0.9587020648967551,0.168481078278901,0.2865961199294533,0.007257646448937273,325,14,1915,1604
CONTRASTIVE,MLP,42,0.25,1000,TEMPLATE_OOD,6832,0.9917106032371521,0.005,0.00468384074941452,0.1545253863134658,0.545882243000051,0.047538794000047346,0.8891847796678004,0.8810974083936183,0.9735182849936949,0.2259953161592506,0.36683297695414585,0.006147540983606557,772,21,3395,2644
CONTRASTIVE,MLP,42,0.25,1000,DOMAIN_TEMPLATE_OOD,3708,0.9917106032371521,0.005,0.00468384074941452,0.1545253863134658,0.545882243000051,0.026560509999967508,0.8524460777896993,0.8442869378317268,0.9584664536741214,0.16181229773462782,0.2768804799261652,0.007011866235167206,300,13,1841,1554
BASE,LOGREG,42,1.0,4000,IID,3051,0.994125237692969,0.005,0.00468384074941452,0.3333333333333333,0.5465704199999664,0.023741760999996586,0.8961567104863788,0.9208311320244674,0.987460815047022,0.29773156899810965,0.45751633986928103,0.002007024586051179,315,4,1989,743
BASE,LOGREG,42,1.0,4000,TEMPORAL,8000,0.994125237692969,0.005,0.00468384074941452,0.3333333333333333,0.5465704199999664,0.0663858740000478,0.9499098889746075,0.9445268124999998,0.99153194765204,0.322,0.4861294583883752,0.00275,1288,11,3989,2712
BASE,LOGREG,42,1.0,4000,DOMAIN_OOD,3858,0.994125237692969,0.005,0.00468384074941452,0.3333333333333333,0.5465704199999664,0.02134785299995201,0.925876188699382,0.9218968562829595,0.982532751091703,0.2332814930015552,0.3770423125261835,0.00414722654224987,450,8,1921,1479
BASE,LOGREG,42,1.0,4000,TEMPLATE_OOD,6832,0.994125237692969,0.005,0.00468384074941452,0.3333333333333333,0.5465704199999664,0.04268897199995081,0.9457954310921128,0.9402790594200594,0.9900090826521344,0.3190866510538642,0.4826212087668807,0.0032201405152224825,1090,11,3405,2326
BASE,LOGREG,42,1.0,4000,DOMAIN_TEMPLATE_OOD,3708,0.994125237692969,0.005,0.00468384074941452,0.3333333333333333,0.5465704199999664,0.02061768300006861,0.9213074954291286,0.9175894796986951,0.9809069212410502,0.22168284789644013,0.3616366036075671,0.004314994606256742,411,8,1846,1443
BASE,XGBOOST,42,1.0,4000,IID,3051,0.9923814535140991,0.005,0.00468384074941452,0.40176600441501104,10.855397261999997,0.010808708000013212,0.8920507255590171,0.9257073670891599,0.9881516587677726,0.3941398865784499,0.5635135135135135,0.002508780732563974,417,5,1988,641
BASE,XGBOOST,42,1.0,4000,TEMPORAL,8000,0.9923814535140991,0.005,0.00468384074941452,0.40176600441501104,10.855397261999997,0.02675635500008866,0.9446516721337634,0.9415663124999999,0.9934782608695653,0.34275,0.5096654275092937,0.00225,1371,9,3991,2629
BASE,XGBOOST,42,1.0,4000,DOMAIN_OOD,3858,0.9923814535140991,0.005,0.00468384074941452,0.40176600441501104,10.855397261999997,0.013777565000054892,0.9195105381638496,0.9178995877766463,0.987012987012987,0.2363919129082426,0.38143036386449186,0.003110419906687403,456,6,1923,1473
BASE,XGBOOST,42,1.0,4000,TEMPLATE_OOD,6832,0.9923814535140991,0.005,0.00468384074941452,0.40176600441501104,10.855397261999997,0.023791322000079163,0.9387830009192383,0.9357218784450088,0.992988606485539,0.3316744730679157,0.49725696730305025,0.00234192037470726,1133,8,3408,2283
BASE,XGBOOST,42,1.0,4000,DOMAIN_TEMPLATE_OOD,3708,0.9923814535140991,0.005,0.00468384074941452,0.40176600441501104,10.855397261999997,0.013045178999959717,0.9113305524347777,0.9102762155123358,0.9873737373737373,0.21089536138079829,0.34755555555555556,0.002696871628910464,391,5,1849,1463
BASE,MLP,42,1.0,4000,IID,3051,0.999825119972229,0.005,0.00468384074941452,0.37969094922737306,2.8458034129999987,0.021094533999985288,0.9023499071207232,0.9296953325296382,0.994579945799458,0.34688090737240074,0.5143658023826209,0.0010035122930255895,367,2,1991,691
BASE,MLP,42,1.0,4000,TEMPORAL,8000,0.999825119972229,0.005,0.00468384074941452,0.37969094922737306,2.8458034129999987,0.053287103999991814,0.9537058038224173,0.9494044687500001,0.995114006514658,0.3055,0.46748278500382556,0.0015,1222,6,3994,2778
BASE,MLP,42,1.0,4000,DOMAIN_OOD,3858,0.999825119972229,0.005,0.00468384074941452,0.37969094922737306,2.8458034129999987,0.026490534999993542,0.934763519200416,0.9300886499235026,0.9927360774818402,0.21254536029030585,0.35012809564474806,0.0015552099533437014,410,3,1926,1519
BASE,MLP,42,1.0,4000,TEMPLATE_OOD,6832,0.999825119972229,0.005,0.00468384074941452,0.37969094922737306,2.8458034129999987,0.04627723699991293,0.949315865088425,0.9449604578125257,0.9939698492462311,0.28951990632318503,0.44842439356155067,0.001756440281030445,989,6,3410,2427
BASE,MLP,42,1.0,4000,DOMAIN_TEMPLATE_OOD,3708,0.999825119972229,0.005,0.00468384074941452,0.37969094922737306,2.8458034129999987,0.025059228000031908,0.928845857332534,0.9247516085224634,0.9913793103448276,0.18608414239482202,0.3133514986376022,0.0016181229773462784,345,3,1851,1509
DAPT,LOGREG,42,1.0,4000,IID,3051,0.9936721263883593,0.005,0.00468384074941452,0.32450331125827814,0.6458043239999824,0.0432084900000973,0.892491563283498,0.9218152000811914,0.982089552238806,0.31096408317580343,0.4723618090452261,0.0030105368790767687,329,6,1987,729
DAPT,LOGREG,42,1.0,4000,TEMPORAL,8000,0.9936721263883593,0.005,0.00468384074941452,0.32450331125827814,0.6458043239999824,0.050819994999983464,0.9542373482735207,0.9491515625,0.9933993399339934,0.37625,0.5457842248413418,0.0025,1505,10,3990,2495
DAPT,LOGREG,42,1.0,4000,DOMAIN_OOD,3858,0.9936721263883593,0.005,0.00468384074941452,0.32450331125827814,0.6458043239999824,0.021863950000010846,0.933296576736056,0.9300846187935045,0.9842381786339754,0.2913426645930534,0.4496,0.004665629860031105,562,9,1920,1367
DAPT,LOGREG,42,1.0,4000,TEMPLATE_OOD,6832,0.9936721263883593,0.005,0.00468384074941452,0.32450331125827814,0.6458043239999824,0.042908541999963745,0.9514612117848026,0.9463619850654585,0.9927594529364441,0.36124121779859486,0.5297274093153037,0.0026346604215456673,1234,9,3407,2182
DAPT,LOGREG,42,1.0,4000,DOMAIN_TEMPLATE_OOD,3708,0.9936721263883593,0.005,0.00468384074941452,0.32450331125827814,0.6458043239999824,0.020207209999966835,0.9278258325752489,0.9243671515798955,0.9836065573770492,0.2588996763754045,0.4099060631938514,0.004314994606256742,480,8,1846,1374
DAPT,XGBOOST,42,1.0,4000,IID,3051,0.9924296140670776,0.005,0.00468384074941452,0.39514348785871967,9.909874748999982,0.010166204000029211,0.887243232261043,0.9185964675987885,0.9874055415617129,0.3705103969754253,0.5388316151202749,0.002508780732563974,392,5,1988,666
DAPT,XGBOOST,42,1.0,4000,TEMPORAL,8000,0.9924296140670776,0.005,0.00468384074941452,0.39514348785871967,9.909874748999982,0.02567922200000794,0.9458439026341031,0.9404168125,0.9907894736842106,0.3765,0.5456521739130434,0.0035,1506,14,3986,2494
DAPT,XGBOOST,42,1.0,4000,DOMAIN_OOD,3858,0.9924296140670776,0.005,0.00468384074941452,0.39514348785871967,9.909874748999982,0.01316262000000279,0.9237560906904485,0.9211712528832657,0.9852670349907919,0.2773457750129601,0.43284789644012944,0.00414722654224987,535,8,1921,1394
DAPT,XGBOOST,42,1.0,4000,TEMPLATE_OOD,6832,0.9924296140670776,0.005,0.00468384074941452,0.39514348785871967,9.909874748999982,0.021981792000019595,0.9410828370306565,0.9355790219877255,0.9888089528377298,0.36211943793911006,0.5301049925005357,0.004098360655737705,1237,14,3402,2179
DAPT,XGBOOST,42,1.0,4000,DOMAIN_TEMPLATE_OOD,3708,0.9924296140670776,0.005,0.00468384074941452,0.39514348785871967,9.909874748999982,0.011995744000046216,0.9145825178167845,0.911956596367631,0.9824945295404814,0.24217907227615965,0.3885763738641281,0.004314994606256742,449,8,1846,1405
DAPT,MLP,42,1.0,4000,IID,3051,0.9988442063331604,0.005,0.00468384074941452,0.47019867549668876,2.6359380439999995,0.02075243199999477,0.90888159529546,0.9338480997290138,0.9901185770750988,0.4735349716446125,0.6406649616368286,0.002508780732563974,501,5,1988,557
DAPT,MLP,42,1.0,4000,TEMPORAL,8000,0.9988442063331604,0.005,0.00468384074941452,0.47019867549668876,2.6359380439999995,0.05431442500002959,0.9586253205567101,0.95523778125,0.9944320712694877,0.4465,0.6162870945479642,0.0025,1786,10,3990,2214
DAPT,MLP,42,1.0,4000,DOMAIN_OOD,3858,0.9988442063331604,0.005,0.00468384074941452,0.47019867549668876,2.6359380439999995,0.025998230000027434,0.9410772840307625,0.9391203966846912,0.9895366218236173,0.3431829963711768,0.5096227867590454,0.0036288232244686366,662,7,1922,1267
DAPT,MLP,42,1.0,4000,TEMPLATE_OOD,6832,0.9988442063331604,0.005,0.00468384074941452,0.47019867549668876,2.6359380439999995,0.04651097399994342,0.9547263428092307,0.9511178967690276,0.9932157394843962,0.42857142857142855,0.5987730061349693,0.002927400468384075,1464,10,3406,1952
DAPT,MLP,42,1.0,4000,DOMAIN_TEMPLATE_OOD,3708,0.9988442063331604,0.005,0.00468384074941452,0.47019867549668876,2.6359380439999995,0.026349814000013794,0.9350070084339457,0.9335981911468135,0.9882943143812709,0.3187702265372168,0.4820554649265905,0.0037756202804746495,591,7,1847,1263
CONTRASTIVE,LOGREG,42,1.0,4000,IID,3051,0.9975478759643961,0.005,0.00468384074941452,0.16556291390728478,0.49533972299991547,0.02136804999997821,0.7883658418804522,0.8573679902342508,0.9569377990430622,0.1890359168241966,0.31570639305445936,0.004515805318615153,200,9,1984,858
CONTRASTIVE,LOGREG,42,1.0,4000,TEMPORAL,8000,0.9975478759643961,0.005,0.00468384074941452,0.16556291390728478,0.49533972299991547,0.06533675800005767,0.8822079271877098,0.8796741874999999,0.9752577319587629,0.11825,0.2109253065774805,0.003,473,12,3988,3527
CONTRASTIVE,LOGREG,42,1.0,4000,DOMAIN_OOD,3858,0.9975478759643961,0.005,0.00468384074941452,0.16556291390728478,0.49533972299991547,0.02067854000006264,0.8472312965917519,0.8451312414993546,0.9647058823529412,0.08501814411612234,0.15626488804192473,0.003110419906687403,164,6,1923,1765
CONTRASTIVE,LOGREG,42,1.0,4000,TEMPLATE_OOD,6832,0.9975478759643961,0.005,0.00468384074941452,0.16556291390728478,0.49533972299991547,0.041214311000089765,0.8797376071739582,0.8765714210301159,0.9792207792207792,0.11036299765807962,0.19836885030255197,0.00234192037470726,377,8,3408,3039
CONTRASTIVE,LOGREG,42,1.0,4000,DOMAIN_TEMPLATE_OOD,3708,0.9975478759643961,0.005,0.00468384074941452,0.16556291390728478,0.49533972299991547,0.02019429399990713,0.8405246075540739,0.8389766899522767,0.9594594594594594,0.07659115426105717,0.14185814185814186,0.003236245954692557,142,6,1848,1712
CONTRASTIVE,XGBOOST,42,1.0,4000,IID,3051,0.9932432174682617,0.005,0.00468384074941452,0.15673289183222958,13.498694037000064,0.011048670000036509,0.8011755647846421,0.8731567101110977,0.9593023255813954,0.15595463137996218,0.2682926829268293,0.0035122930255895636,165,7,1986,893
CONTRASTIVE,XGBOOST,42,1.0,4000,TEMPORAL,8000,0.9932432174682617,0.005,0.00468384074941452,0.15673289183222958,13.498694037000064,0.027728042000035202,0.8833332474920208,0.87530471875,0.983358547655068,0.1625,0.278910105127655,0.00275,650,11,3989,3350
CONTRASTIVE,XGBOOST,42,1.0,4000,DOMAIN_OOD,3858,0.9932432174682617,0.005,0.00468384074941452,0.15673289183222958,13.498694037000064,0.013927233999993405,0.8444085545405939,0.8384771895821626,0.972972972972973,0.09331259720062209,0.17029328287606432,0.002592016588906169,180,5,1924,1749
CONTRASTIVE,XGBOOST,42,1.0,4000,TEMPLATE_OOD,6832,0.9932432174682617,0.005,0.00468384074941452,0.15673289183222958,13.498694037000064,0.023077808000039113,0.8829338144122586,0.8733497808220303,0.9841269841269841,0.16334894613583137,0.2801908109465227,0.0026346604215456673,558,9,3407,2858
CONTRASTIVE,XGBOOST,42,1.0,4000,DOMAIN_TEMPLATE_OOD,3708,0.9932432174682617,0.005,0.00468384074941452,0.15673289183222958,13.498694037000064,0.012825009999914982,0.8391582450824123,0.8319444589906777,0.9761904761904762,0.08845738942826321,0.16221562809099901,0.002157497303128371,164,4,1850,1690
CONTRASTIVE,MLP,42,1.0,4000,IID,3051,0.9946629405021667,0.005,0.00468384074941452,0.24944812362030905,1.8972950070000252,0.021399977999976727,0.8360249625369713,0.8951946178353918,0.946031746031746,0.28166351606805295,0.4340859431900947,0.008529854490717512,298,17,1976,760
CONTRASTIVE,MLP,42,1.0,4000,TEMPORAL,8000,0.9946629405021667,0.005,0.00468384074941452,0.24944812362030905,1.8972950070000252,0.05284158599999955,0.8978108834849071,0.8939816562499999,0.9797047970479705,0.2655,0.4177812745869394,0.0055,1062,22,3978,2938
CONTRASTIVE,MLP,42,1.0,4000,DOMAIN_OOD,3858,0.9946629405021667,0.005,0.00468384074941452,0.24944812362030905,1.8972950070000252,0.026032334999968043,0.8661387413633311,0.8638192914294683,0.9808219178082191,0.1855883877656817,0.3121185701830863,0.0036288232244686366,358,7,1922,1571
CONTRASTIVE,MLP,42,1.0,4000,TEMPLATE_OOD,6832,0.9946629405021667,0.005,0.00468384074941452,0.24944812362030905,1.8972950070000252,0.04711507900003653,0.8975110628075794,0.8926770940168596,0.9812154696132597,0.25995316159250587,0.4110159685258042,0.004976580796252928,888,17,3399,2528
CONTRASTIVE,MLP,42,1.0,4000,DOMAIN_TEMPLATE_OOD,3708,0.9946629405021667,0.005,0.00468384074941452,0.24944812362030905,1.8972950070000252,0.02551316599999609,0.8593304181439184,0.8561077887514561,0.9796511627906976,0.18176914778856526,0.30664240218380345,0.0037756202804746495,337,7,1847,1517
BASE,LOGREG,52,0.1,400,IID,3051,0.9896670797277426,0.005,0.00468384074941452,0.3620309050772627,0.027604319000033684,0.019242077999933827,0.8437476644542399,0.8857807619674531,0.9525065963060686,0.34120982986767484,0.5024356297842728,0.009031610637230306,361,18,1975,697
BASE,LOGREG,52,0.1,400,TEMPORAL,8000,0.9896670797277426,0.005,0.00468384074941452,0.3620309050772627,0.027604319000033684,0.05368707100001302,0.9123922244125747,0.899298375,0.9822090437361009,0.33125,0.49541970461768553,0.006,1325,24,3976,2675
BASE,LOGREG,52,0.1,400,DOMAIN_OOD,3858,0.9896670797277426,0.005,0.00468384074941452,0.3620309050772627,0.027604319000033684,0.02118722600005185,0.8854540099057087,0.869720059520978,0.9794303797468354,0.32089165370658373,0.48340491995314333,0.00673924313115604,619,13,1916,1310
BASE,LOGREG,52,0.1,400,TEMPLATE_OOD,6832,0.9896670797277426,0.005,0.00468384074941452,0.3620309050772627,0.027604319000033684,0.04226521199996114,0.907010480456393,0.8927236273439771,0.9852045256744996,0.33138173302107726,0.495947426067908,0.004976580796252928,1132,17,3399,2284
BASE,LOGREG,52,0.1,400,DOMAIN_TEMPLATE_OOD,3708,0.9896670797277426,0.005,0.00468384074941452,0.3620309050772627,0.027604319000033684,0.020858060000023215,0.8744923072350446,0.8574152041883842,0.978688524590164,0.3220064724919094,0.48457792207792205,0.007011866235167206,597,13,1841,1257
BASE,XGBOOST,52,0.1,400,IID,3051,0.9863870739936829,0.005,0.00468384074941452,0.3200883002207506,1.8022545700000592,0.00717010100004245,0.809268802589942,0.8835906770103681,0.9391304347826087,0.30623818525519847,0.46186742694226657,0.010536879076768691,324,21,1972,734
BASE,XGBOOST,52,0.1,400,TEMPORAL,8000,0.9863870739936829,0.005,0.00468384074941452,0.3200883002207506,1.8022545700000592,0.017430899999908434,0.885069317176889,0.8805584999999999,0.9641693811074918,0.222,0.3609022556390977,0.00825,888,33,3967,3112
BASE,XGBOOST,52,0.1,400,DOMAIN_OOD,3858,0.9863870739936829,0.005,0.00468384074941452,0.3200883002207506,1.8022545700000592,0.008938688000057482,0.8353349361519611,0.8391743063298684,0.9318181818181818,0.12752721617418353,0.2243502051983584,0.00933125972006221,246,18,1911,1683
BASE,XGBOOST,52,0.1,400,TEMPLATE_OOD,6832,0.9863870739936829,0.005,0.00468384074941452,0.3200883002207506,1.8022545700000592,0.01576787700003024,0.8805041419073664,0.8725721258000647,0.9719387755102041,0.2230679156908665,0.3628571428571429,0.006440281030444965,762,22,3394,2654
BASE,XGBOOST,52,0.1,400,DOMAIN_TEMPLATE_OOD,3708,0.9863870739936829,0.005,0.00468384074941452,0.3200883002207506,1.8022545700000592,0.008644534000040949,0.8273468804900992,0.8279619912745875,0.932806324110672,0.1272923408845739,0.22401518747033697,0.009169363538295576,236,17,1837,1618
BASE,MLP,52,0.1,400,IID,3051,0.9404241442680359,0.005,0.00468384074941452,0.23178807947019867,0.18393334800009598,0.020676965999996355,0.7819568944027632,0.8706080924065989,0.9153846153846154,0.22495274102079396,0.3611532625189681,0.011038635223281485,238,22,1971,820
BASE,MLP,52,0.1,400,TEMPORAL,8000,0.9404241442680359,0.005,0.00468384074941452,0.23178807947019867,0.18393334800009598,0.05465736700000434,0.8572965922936038,0.86055296875,0.9577464788732394,0.187,0.3129052499477097,0.00825,748,33,3967,3252
BASE,MLP,52,0.1,400,DOMAIN_OOD,3858,0.9404241442680359,0.005,0.00468384074941452,0.23178807947019867,0.18393334800009598,0.026526797999963492,0.7786720859720466,0.8060744291718367,0.8818565400843882,0.10834629341627787,0.19298245614035087,0.014515292897874546,209,28,1901,1720
BASE,MLP,52,0.1,400,TEMPLATE_OOD,6832,0.9404241442680359,0.005,0.00468384074941452,0.23178807947019867,0.18393334800009598,0.045562588999928266,0.8471495790833004,0.8521391104816021,0.9530102790014684,0.18998829039812645,0.3168171833048572,0.00936768149882904,649,32,3384,2767
BASE,MLP,52,0.1,400,DOMAIN_TEMPLATE_OOD,3708,0.9404241442680359,0.005,0.00468384074941452,0.23178807947019867,0.18393334800009598,0.02558471500003634,0.7687763665460199,0.7941824376926649,0.8794642857142857,0.10625674217907227,0.18960538979788258,0.014563106796116505,197,27,1827,1657
DAPT,LOGREG,52,0.1,400,IID,3051,0.9873432834078375,0.005,0.00468384074941452,0.3576158940397351,0.026293301000009706,0.0182040260000349,0.8404614155647995,0.8857546782358291,0.9538043478260869,0.33175803402646503,0.49228611500701264,0.008529854490717512,351,17,1976,707
DAPT,LOGREG,52,0.1,400,TEMPORAL,8000,0.9873432834078375,0.005,0.00468384074941452,0.3576158940397351,0.026293301000009706,0.05351580599995032,0.9176635575753527,0.90537775,0.9849564528899446,0.311,0.47273418202546075,0.00475,1244,19,3981,2756
DAPT,LOGREG,52,0.1,400,DOMAIN_OOD,3858,0.9873432834078375,0.005,0.00468384074941452,0.3576158940397351,0.026293301000009706,0.0207895160000362,0.8909412746337857,0.8794979684448518,0.9732824427480916,0.2643856920684292,0.4158173664900122,0.007257646448937273,510,14,1915,1419
DAPT,LOGREG,52,0.1,400,TEMPLATE_OOD,6832,0.9873432834078375,0.005,0.00468384074941452,0.3576158940397351,0.026293301000009706,0.0421288249999634,0.9124132383376444,0.9002777088395153,0.9822263797942001,0.3073770491803279,0.4682274247491639,0.0055620608899297425,1050,19,3397,2366
DAPT,LOGREG,52,0.1,400,DOMAIN_TEMPLATE_OOD,3708,0.9873432834078375,0.005,0.00468384074941452,0.3576158940397351,0.026293301000009706,0.020146731999943768,0.8803314113576302,0.867212383150109,0.9719438877755511,0.261596548004315,0.4122396940076498,0.007551240560949299,485,14,1840,1369
DAPT,XGBOOST,52,0.1,400,IID,3051,0.9941793084144592,0.005,0.00468384074941452,0.22737306843267108,1.754861099999971,0.007095935000052123,0.7832710096587919,0.8489118815665794,0.9477911646586346,0.22306238185255198,0.361132364192808,0.006522829904666332,236,13,1980,822
DAPT,XGBOOST,52,0.1,400,TEMPORAL,8000,0.9941793084144592,0.005,0.00468384074941452,0.22737306843267108,1.754861099999971,0.01745315200003006,0.8790830884991583,0.8715313124999999,0.9738805970149254,0.1305,0.23015873015873015,0.0035,522,14,3986,3478
DAPT,XGBOOST,52,0.1,400,DOMAIN_OOD,3858,0.9941793084144592,0.005,0.00468384074941452,0.22737306843267108,1.754861099999971,0.00952073799999198,0.8284054644917719,0.833144542078413,0.9430379746835443,0.07724209434940384,0.14278869190225205,0.004665629860031105,149,9,1920,1780
DAPT,XGBOOST,52,0.1,400,TEMPLATE_OOD,6832,0.9941793084144592,0.005,0.00468384074941452,0.22737306843267108,1.754861099999971,0.015393491000054382,0.8727746593828793,0.8663478862386127,0.9683972911963883,0.12558548009367682,0.22233739310702255,0.004098360655737705,429,14,3402,2987
DAPT,XGBOOST,52,0.1,400,DOMAIN_TEMPLATE_OOD,3708,0.9941793084144592,0.005,0.00468384074941452,0.22737306843267108,1.754861099999971,0.0085650059999125,0.8163162432644318,0.8200837513920746,0.9387755102040817,0.0744336569579288,0.13793103448275862,0.0048543689320388345,138,9,1845,1716
DAPT,MLP,52,0.1,400,IID,3051,0.9954718947410583,0.005,0.00468384074941452,0.10375275938189846,0.1985928699999704,0.02081065800007309,0.7675908984564984,0.8591929029485998,0.8943661971830986,0.12003780718336483,0.21166666666666667,0.007526342197691922,127,15,1978,931
DAPT,MLP,52,0.1,400,TEMPORAL,8000,0.9954718947410583,0.005,0.00468384074941452,0.10375275938189846,0.1985928699999704,0.05762796699991668,0.8624409615611266,0.8680693125000001,0.9171270718232044,0.0415,0.07940684046878738,0.00375,166,15,3985,3834
DAPT,MLP,52,0.1,400,DOMAIN_OOD,3858,0.9954718947410583,0.005,0.00468384074941452,0.10375275938189846,0.1985928699999704,0.026923181000029217,0.8067973749353841,0.828493155544376,0.84,0.03265940902021773,0.06287425149700598,0.006220839813374806,63,12,1917,1866
DAPT,MLP,52,0.1,400,TEMPLATE_OOD,6832,0.9954718947410583,0.005,0.00468384074941452,0.10375275938189846,0.1985928699999704,0.046089881000057176,0.8545138990633533,0.864041787099145,0.8872180451127819,0.03454332552693208,0.06649760495914342,0.004391100702576112,118,15,3401,3298
DAPT,MLP,52,0.1,400,DOMAIN_TEMPLATE_OOD,3708,0.9954718947410583,0.005,0.00468384074941452,0.10375275938189846,0.1985928699999704,0.025328384999966147,0.7903226163909116,0.8126736092928319,0.7857142857142857,0.023732470334412083,0.04607329842931937,0.006472491909385114,44,12,1842,1810
CONTRASTIVE,LOGREG,52,0.1,400,IID,3051,0.9946445363295277,0.005,0.00468384074941452,0.19426048565121412,0.021362259000056838,0.02345897700001842,0.7683285843302379,0.8517827519190512,0.9124423963133641,0.18714555765595464,0.31058823529411766,0.009533366783743101,198,19,1974,860
CONTRASTIVE,LOGREG,52,0.1,400,TEMPORAL,8000,0.9946445363295277,0.005,0.00468384074941452,0.19426048565121412,0.021362259000056838,0.05552724400001807,0.860148564704037,0.844552625,0.9659574468085106,0.227,0.36761133603238866,0.008,908,32,3968,3092
CONTRASTIVE,LOGREG,52,0.1,400,DOMAIN_OOD,3858,0.9946445363295277,0.005,0.00468384074941452,0.19426048565121412,0.021362259000056838,0.02345971300007932,0.8133263986380718,0.8040938006326726,0.9285714285714286,0.15500259201658892,0.26565970679697914,0.011923276308968377,299,23,1906,1630
CONTRASTIVE,LOGREG,52,0.1,400,TEMPLATE_OOD,6832,0.9946445363295277,0.005,0.00468384074941452,0.19426048565121412,0.021362259000056838,0.04177380299995548,0.8595331931176086,0.8431854299096688,0.9659781287970839,0.23272833723653397,0.3750884642604388,0.00819672131147541,795,28,3388,2621
CONTRASTIVE,LOGREG,52,0.1,400,DOMAIN_TEMPLATE_OOD,3708,0.9946445363295277,0.005,0.00468384074941452,0.19426048565121412,0.021362259000056838,0.019741840999927263,0.8064327547712811,0.7950287375382421,0.9267515923566879,0.156957928802589,0.26845018450184505,0.012405609492988134,291,23,1831,1563
CONTRASTIVE,XGBOOST,52,0.1,400,IID,3051,0.9882669448852539,0.005,0.00468384074941452,0.11920529801324503,2.597858229999929,0.007556258999898091,0.7062944130080372,0.8137028749963245,0.88,0.10396975425330812,0.18596787827557057,0.007526342197691922,110,15,1978,948
CONTRASTIVE,XGBOOST,52,0.1,400,TEMPORAL,8000,0.9882669448852539,0.005,0.00468384074941452,0.11920529801324503,2.597858229999929,0.019118857999956163,0.8388952846138729,0.8214343125,0.9727427597955707,0.14275,0.24896446479180293,0.004,571,16,3984,3429
CONTRASTIVE,XGBOOST,52,0.1,400,DOMAIN_OOD,3858,0.9882669448852539,0.005,0.00468384074941452,0.11920529801324503,2.597858229999929,0.009790104999979121,0.7997970455234621,0.7857803770504007,0.9605263157894737,0.07568688439606014,0.1403171552138395,0.003110419906687403,146,6,1923,1783
CONTRASTIVE,XGBOOST,52,0.1,400,TEMPLATE_OOD,6832,0.9882669448852539,0.005,0.00468384074941452,0.11920529801324503,2.597858229999929,0.01610637900000711,0.842407343271328,0.8239532829390825,0.9757085020242915,0.1411007025761124,0.2465473145780051,0.00351288056206089,482,12,3404,2934
CONTRASTIVE,XGBOOST,52,0.1,400,DOMAIN_TEMPLATE_OOD,3708,0.9882669448852539,0.005,0.00468384074941452,0.11920529801324503,2.597858229999929,0.008917926000094667,0.7934749956700451,0.7794796870581582,0.9621212121212122,0.06850053937432578,0.12789526686807653,0.002696871628910464,127,5,1849,1727
CONTRASTIVE,MLP,52,0.1,400,IID,3051,0.9989771246910095,0.005,0.00468384074941452,0.16777041942604856,0.2988816729999826,0.02117656400002943,0.7722224022499815,0.8474433674761476,0.9237668161434978,0.1947069943289225,0.32162373145979706,0.008529854490717512,206,17,1976,852
CONTRASTIVE,MLP,52,0.1,400,TEMPORAL,8000,0.9989771246910095,0.005,0.00468384074941452,0.16777041942604856,0.2988816729999826,0.05735992199993234,0.852529140659419,0.833299125,0.959902794653706,0.1975,0.32759693137051626,0.00825,790,33,3967,3210
CONTRASTIVE,MLP,52,0.1,400,DOMAIN_OOD,3858,0.9989771246910095,0.005,0.00468384074941452,0.16777041942604856,0.2988816729999826,0.02653928699999142,0.809005051402679,0.7987079422129453,0.9205020920502092,0.11404872991187144,0.2029520295202952,0.009849663037843442,220,19,1910,1709
CONTRASTIVE,MLP,52,0.1,400,TEMPLATE_OOD,6832,0.9989771246910095,0.005,0.00468384074941452,0.16777041942604856,0.2988816729999826,0.04722048400003587,0.8575747398565369,0.8380137176477686,0.9630681818181818,0.19847775175644028,0.329126213592233,0.007611241217798595,678,26,3390,2738
CONTRASTIVE,MLP,52,0.1,400,DOMAIN_TEMPLATE_OOD,3708,0.9989771246910095,0.005,0.00468384074941452,0.16777041942604856,0.2988816729999826,0.02614335900000242,0.8063138627065608,0.7932111857041948,0.9208333333333333,0.1192017259978425,0.2110792741165234,0.010248112189859764,221,19,1835,1633
BASE,LOGREG,52,0.25,1000,IID,3051,0.9966238494672616,0.005,0.00468384074941452,0.3620309050772627,0.35311367099996005,0.03937574600001881,0.8620038661892473,0.9048337422946287,0.9606741573033708,0.32325141776937616,0.4837340876944837,0.007024586051179127,342,14,1979,716
BASE,LOGREG,52,0.25,1000,TEMPORAL,8000,0.9966238494672616,0.005,0.00468384074941452,0.3620309050772627,0.35311367099996005,0.06421349499998996,0.938939723257684,0.9337995625000001,0.9794156706507304,0.36875,0.535779150018162,0.00775,1475,31,3969,2525
BASE,LOGREG,52,0.25,1000,DOMAIN_OOD,3858,0.9966238494672616,0.005,0.00468384074941452,0.3620309050772627,0.35311367099996005,0.026342359999944165,0.9263392427658415,0.9188337349682523,0.9823529411764705,0.3462934162778642,0.512073591414335,0.006220839813374806,668,12,1917,1261
BASE,LOGREG,52,0.25,1000,TEMPLATE_OOD,6832,0.9966238494672616,0.005,0.00468384074941452,0.3620309050772627,0.35311367099996005,0.04270070799998393,0.9365696938112558,0.9298741046405123,0.9825949367088608,0.3635831381733021,0.5307692307692308,0.006440281030444965,1242,22,3394,2174
BASE,LOGREG,52,0.25,1000,DOMAIN_TEMPLATE_OOD,3708,0.9966238494672616,0.005,0.00468384074941452,0.3620309050772627,0.35311367099996005,0.01970446100006029,0.92000824818065,0.9114716249538884,0.9814241486068112,0.3419633225458468,0.5072,0.006472491909385114,634,12,1842,1220
BASE,XGBOOST,52,0.25,1000,IID,3051,0.9964566230773926,0.005,0.00468384074941452,0.2185430463576159,3.772799641000006,0.00843685600000299,0.8443584659968062,0.9055185588121755,0.9741379310344828,0.21361058601134217,0.35038759689922483,0.0030105368790767687,226,6,1987,832
BASE,XGBOOST,52,0.25,1000,TEMPORAL,8000,0.9964566230773926,0.005,0.00468384074941452,0.2185430463576159,3.772799641000006,0.020195865000005142,0.9219367671890218,0.9198029374999999,0.984144960362401,0.21725,0.35592873233667827,0.0035,869,14,3986,3131
BASE,XGBOOST,52,0.25,1000,DOMAIN_OOD,3858,0.9964566230773926,0.005,0.00468384074941452,0.2185430463576159,3.772799641000006,0.010950552999929641,0.8956006921218126,0.8943658508465777,0.9781021897810219,0.13893208916537067,0.24330458465728552,0.003110419906687403,268,6,1923,1661
BASE,XGBOOST,52,0.25,1000,TEMPLATE_OOD,6832,0.9964566230773926,0.005,0.00468384074941452,0.2185430463576159,3.772799641000006,0.01782155499995497,0.9180200706898105,0.9143617958470677,0.9850948509485095,0.21282201405152223,0.35002407318247475,0.0032201405152224825,727,11,3405,2689
BASE,XGBOOST,52,0.25,1000,DOMAIN_TEMPLATE_OOD,3708,0.9964566230773926,0.005,0.00468384074941452,0.2185430463576159,3.772799641000006,0.009918063999975857,0.8870930807902543,0.8857640670802452,0.9766536964980544,0.1353829557713053,0.23780198957839888,0.003236245954692557,251,6,1848,1603
BASE,MLP,52,0.25,1000,IID,3051,0.9994234442710876,0.005,0.00468384074941452,0.3487858719646799,0.5773583299999245,0.02080886900000678,0.8621751127598687,0.9105531932652754,0.9666666666666667,0.32892249527410206,0.4908321579689704,0.006021073758153537,348,12,1981,710
BASE,MLP,52,0.25,1000,TEMPORAL,8000,0.9994234442710876,0.005,0.00468384074941452,0.3487858719646799,0.5773583299999245,0.05691259499997159,0.9317732443237148,0.9268218437500001,0.9811151079136691,0.27275,0.42683881064162754,0.00525,1091,21,3979,2909
BASE,MLP,52,0.25,1000,DOMAIN_OOD,3858,0.9994234442710876,0.005,0.00468384074941452,0.3487858719646799,0.5773583299999245,0.026716961999909472,0.9098049013512496,0.9033848323627717,0.9773299748110831,0.2011404872991187,0.3336199484092863,0.004665629860031105,388,9,1920,1541
BASE,MLP,52,0.25,1000,TEMPLATE_OOD,6832,0.9994234442710876,0.005,0.00468384074941452,0.3487858719646799,0.5773583299999245,0.04597238600001674,0.9281080017633704,0.9225346934662066,0.9818799546998868,0.2538056206088993,0.4033496161898116,0.00468384074941452,867,16,3400,2549
BASE,MLP,52,0.25,1000,DOMAIN_TEMPLATE_OOD,3708,0.9994234442710876,0.005,0.00468384074941452,0.3487858719646799,0.5773583299999245,0.025726193999958014,0.9018134782599003,0.8954102561417107,0.9747191011235955,0.1871628910463862,0.31402714932126696,0.0048543689320388345,347,9,1845,1507
DAPT,LOGREG,52,0.25,1000,IID,3051,0.995595580206804,0.005,0.00468384074941452,0.2869757174392936,0.5962344829999893,0.03473773700000038,0.8598284310005399,0.9054550093569458,0.9450171821305842,0.2599243856332703,0.407709414381023,0.008028098344204716,275,16,1977,783
DAPT,LOGREG,52,0.25,1000,TEMPORAL,8000,0.995595580206804,0.005,0.00468384074941452,0.2869757174392936,0.5962344829999893,0.06187831800002641,0.9380569234925584,0.9336759375,0.9837712519319938,0.31825,0.4809217982621836,0.00525,1273,21,3979,2727
DAPT,LOGREG,52,0.25,1000,DOMAIN_OOD,3858,0.995595580206804,0.005,0.00468384074941452,0.2869757174392936,0.5962344829999893,0.02348867499995322,0.926137321545783,0.919580300243937,0.992633517495396,0.279419388284085,0.436084142394822,0.002073613271124935,539,4,1925,1390
DAPT,LOGREG,52,0.25,1000,TEMPLATE_OOD,6832,0.995595580206804,0.005,0.00468384074941452,0.2869757174392936,0.5962344829999893,0.04337539400000878,0.9359254761483851,0.9304690113750417,0.9895238095238095,0.30415690866510536,0.4652933273622929,0.0032201405152224825,1039,11,3405,2377
DAPT,LOGREG,52,0.25,1000,DOMAIN_TEMPLATE_OOD,3708,0.995595580206804,0.005,0.00468384074941452,0.2869757174392936,0.5962344829999893,0.020748525000044538,0.9188787362090894,0.9123862920953442,0.9922779922779923,0.2772384034519957,0.433389544688027,0.002157497303128371,514,4,1850,1340
DAPT,XGBOOST,52,0.25,1000,IID,3051,0.994575560092926,0.005,0.00468384074941452,0.2671081677704194,3.5642612880000115,0.0081608860000415,0.8292225782653115,0.8822732114385226,0.9651567944250871,0.2618147448015123,0.41189591078066917,0.005017561465127948,277,10,1983,781
DAPT,XGBOOST,52,0.25,1000,TEMPORAL,8000,0.994575560092926,0.005,0.00468384074941452,0.2671081677704194,3.5642612880000115,0.021315724000032787,0.9167196273981256,0.911519,0.9851162790697674,0.26475,0.4173399014778325,0.004,1059,16,3984,2941
DAPT,XGBOOST,52,0.25,1000,DOMAIN_OOD,3858,0.994575560092926,0.005,0.00468384074941452,0.2671081677704194,3.5642612880000115,0.010498613999970985,0.8885612381482978,0.8868843423117347,0.9751381215469613,0.18299637117677553,0.30816237450894807,0.004665629860031105,353,9,1920,1576
DAPT,XGBOOST,52,0.25,1000,TEMPLATE_OOD,6832,0.994575560092926,0.005,0.00468384074941452,0.2671081677704194,3.5642612880000115,0.017585277999955906,0.9119906604314003,0.9072782751235405,0.9827981651376146,0.2508782201405152,0.39972014925373134,0.004391100702576112,857,15,3401,2559
DAPT,XGBOOST,52,0.25,1000,DOMAIN_TEMPLATE_OOD,3708,0.994575560092926,0.005,0.00468384074941452,0.2671081677704194,3.5642612880000115,0.009343822000005275,0.8779138593975788,0.8760852944564888,0.9721362229102167,0.16936353829557713,0.28847037207165827,0.0048543689320388345,314,9,1845,1540
DAPT,MLP,52,0.25,1000,IID,3051,0.9975656867027283,0.005,0.00468384074941452,0.3068432671081678,0.5755923929999653,0.02060057100004542,0.8398244384438828,0.8909695275619679,0.9415384615384615,0.2892249527410208,0.44251626898047725,0.009533366783743101,306,19,1974,752
DAPT,MLP,52,0.25,1000,TEMPORAL,8000,0.9975656867027283,0.005,0.00468384074941452,0.3068432671081678,0.5755923929999653,0.05825926900001832,0.9286748912133302,0.9247343437500001,0.9794721407624634,0.334,0.4981357196122297,0.007,1336,28,3972,2664
DAPT,MLP,52,0.25,1000,DOMAIN_OOD,3858,0.9975656867027283,0.005,0.00468384074941452,0.3068432671081678,0.5755923929999653,0.026655479000055493,0.9097361680880964,0.9047067742602136,0.9858870967741935,0.2534992223950233,0.40329896907216495,0.0036288232244686366,489,7,1922,1440
DAPT,MLP,52,0.25,1000,TEMPLATE_OOD,6832,0.9975656867027283,0.005,0.00468384074941452,0.3068432671081678,0.5755923929999653,0.047487380999996276,0.9251190511333787,0.9205940052048769,0.9835315645013724,0.31469555035128804,0.4768241295187403,0.005269320843091335,1075,18,3398,2341
DAPT,MLP,52,0.25,1000,DOMAIN_TEMPLATE_OOD,3708,0.9975656867027283,0.005,0.00468384074941452,0.3068432671081678,0.5755923929999653,0.025841033000006064,0.900573898751755,0.8960502904009988,0.9844444444444445,0.2389428263214671,0.3845486111111111,0.0037756202804746495,443,7,1847,1411
CONTRASTIVE,LOGREG,52,0.25,1000,IID,3051,0.9920207679133567,0.005,0.00468384074941452,0.24061810154525387,0.3418025560000615,0.0351769129999866,0.7993991468727634,0.8756911003256198,0.9163636363636364,0.2381852551984877,0.37809452363090773,0.01154039136979428,252,23,1970,806
CONTRASTIVE,LOGREG,52,0.25,1000,TEMPORAL,8000,0.9920207679133567,0.005,0.00468384074941452,0.24061810154525387,0.3418025560000615,0.05719209699998373,0.8801844751321866,0.8663755625,0.9730831973898858,0.29825,0.4565633371603521,0.00825,1193,33,3967,2807
CONTRASTIVE,LOGREG,52,0.25,1000,DOMAIN_OOD,3858,0.9920207679133567,0.005,0.00468384074941452,0.24061810154525387,0.3418025560000615,0.024263329000064005,0.844287479512609,0.8317597145529974,0.9571428571428572,0.208398133748056,0.34227330779054915,0.00933125972006221,402,18,1911,1527
CONTRASTIVE,LOGREG,52,0.25,1000,TEMPLATE_OOD,6832,0.9920207679133567,0.005,0.00468384074941452,0.24061810154525387,0.3418025560000615,0.04272215900004994,0.8783359253562848,0.8645270020128448,0.9731027857829011,0.2965456674473068,0.4545658514695984,0.00819672131147541,1013,28,3388,2403
CONTRASTIVE,LOGREG,52,0.25,1000,DOMAIN_TEMPLATE_OOD,3708,0.9920207679133567,0.005,0.00468384074941452,0.24061810154525387,0.3418025560000615,0.023313670999982605,0.8358973852926684,0.8236542697849136,0.9549071618037135,0.1941747572815534,0.3227252353204841,0.009169363538295576,360,17,1837,1494
CONTRASTIVE,XGBOOST,52,0.25,1000,IID,3051,0.9841529130935669,0.005,0.00468384074941452,0.17218543046357615,5.558603193000067,0.009564867999984017,0.7463928719677544,0.844327547171243,0.8888888888888888,0.17391304347826086,0.2909090909090909,0.01154039136979428,184,23,1970,874
CONTRASTIVE,XGBOOST,52,0.25,1000,TEMPORAL,8000,0.9841529130935669,0.005,0.00468384074941452,0.17218543046357615,5.558603193000067,0.02412130499999421,0.8558539475831007,0.836733375,0.9711359404096834,0.26075,0.411115490737091,0.00775,1043,31,3969,2957
CONTRASTIVE,XGBOOST,52,0.25,1000,DOMAIN_OOD,3858,0.9841529130935669,0.005,0.00468384074941452,0.17218543046357615,5.558603193000067,0.012410777000013695,0.8168562112421537,0.8012596475018685,0.9629629629629629,0.16174183514774496,0.2769640479360852,0.006220839813374806,312,12,1917,1617
CONTRASTIVE,XGBOOST,52,0.25,1000,TEMPLATE_OOD,6832,0.9841529130935669,0.005,0.00468384074941452,0.17218543046357615,5.558603193000067,0.021022165000090354,0.8569775418100625,0.8372136529295944,0.9746835443037974,0.24795081967213115,0.39533255542590434,0.006440281030444965,847,22,3394,2569
CONTRASTIVE,XGBOOST,52,0.25,1000,DOMAIN_TEMPLATE_OOD,3708,0.9841529130935669,0.005,0.00468384074941452,0.17218543046357615,5.558603193000067,0.011447707000002083,0.8073407768073101,0.7925596599207057,0.9601449275362319,0.1429341963322546,0.24882629107981222,0.005933117583603021,265,11,1843,1589
CONTRASTIVE,MLP,52,0.25,1000,IID,3051,0.99086594581604,0.005,0.00468384074941452,0.2229580573951435,0.5198749229999748,0.020950750999986667,0.8011190241305566,0.8791597623819475,0.9350180505415162,0.2448015122873346,0.3880149812734082,0.009031610637230306,259,18,1975,799
CONTRASTIVE,MLP,52,0.25,1000,TEMPORAL,8000,0.99086594581604,0.005,0.00468384074941452,0.2229580573951435,0.5198749229999748,0.05845009500001197,0.8816295857921419,0.86700678125,0.9754098360655737,0.2975,0.4559386973180077,0.0075,1190,30,3970,2810
CONTRASTIVE,MLP,52,0.25,1000,DOMAIN_OOD,3858,0.99086594581604,0.005,0.00468384074941452,0.2229580573951435,0.5198749229999748,0.02653533399995922,0.8479003469964791,0.8382699895002501,0.9585365853658536,0.20373250388802489,0.3360410431808465,0.008812856402280975,393,17,1912,1536
CONTRASTIVE,MLP,52,0.25,1000,TEMPLATE_OOD,6832,0.99086594581604,0.005,0.00468384074941452,0.2229580573951435,0.5198749229999748,0.04610581099996125,0.8822411408842583,0.8684451852831969,0.976145038167939,0.2994730679156909,0.4583333333333333,0.007318501170960188,1023,25,3391,2393
CONTRASTIVE,MLP,52,0.25,1000,DOMAIN_TEMPLATE_OOD,3708,0.99086594581604,0.005,0.00468384074941452,0.2229580573951435,0.5198749229999748,0.025111178999964068,0.8397159770783035,0.8301247252216555,0.9558441558441558,0.19848975188781015,0.32871817775792767,0.009169363538295576,368,17,1837,1486
BASE,LOGREG,52,1.0,4000,IID,3051,0.994125237692969,0.005,0.00468384074941452,0.3333333333333333,0.822650101000022,0.041312333999940165,0.8961567104863788,0.9208311320244674,0.987460815047022,0.29773156899810965,0.45751633986928103,0.002007024586051179,315,4,1989,743
BASE,LOGREG,52,1.0,4000,TEMPORAL,8000,0.994125237692969,0.005,0.00468384074941452,0.3333333333333333,0.822650101000022,0.04920683000000281,0.9499098889746075,0.9445268124999998,0.99153194765204,0.322,0.4861294583883752,0.00275,1288,11,3989,2712
BASE,LOGREG,52,1.0,4000,DOMAIN_OOD,3858,0.994125237692969,0.005,0.00468384074941452,0.3333333333333333,0.822650101000022,0.021089904000064053,0.925876188699382,0.9218968562829595,0.982532751091703,0.2332814930015552,0.3770423125261835,0.00414722654224987,450,8,1921,1479
BASE,LOGREG,52,1.0,4000,TEMPLATE_OOD,6832,0.994125237692969,0.005,0.00468384074941452,0.3333333333333333,0.822650101000022,0.042360488000099394,0.9457954310921128,0.9402790594200594,0.9900090826521344,0.3190866510538642,0.4826212087668807,0.0032201405152224825,1090,11,3405,2326
BASE,LOGREG,52,1.0,4000,DOMAIN_TEMPLATE_OOD,3708,0.994125237692969,0.005,0.00468384074941452,0.3333333333333333,0.822650101000022,0.020106651999981295,0.9213074954291286,0.9175894796986951,0.9809069212410502,0.22168284789644013,0.3616366036075671,0.004314994606256742,411,8,1846,1443
BASE,XGBOOST,52,1.0,4000,IID,3051,0.9896005988121033,0.005,0.00468384074941452,0.4282560706401766,10.565416679000009,0.010557075000065197,0.8912620757406201,0.9253791863203632,0.9908045977011494,0.40737240075614367,0.5773610180843939,0.002007024586051179,431,4,1989,627
BASE,XGBOOST,52,1.0,4000,TEMPORAL,8000,0.9896005988121033,0.005,0.00468384074941452,0.4282560706401766,10.565416679000009,0.02653490599993802,0.9441699403286538,0.9411905625000001,0.9924137931034482,0.35975,0.5280733944954128,0.00275,1439,11,3989,2561
BASE,XGBOOST,52,1.0,4000,DOMAIN_OOD,3858,0.9896005988121033,0.005,0.00468384074941452,0.4282560706401766,10.565416679000009,0.013667879999957222,0.9188753519141308,0.918137693188546,0.9858012170385395,0.25194401244167963,0.40132122213047067,0.0036288232244686366,486,7,1922,1443
BASE,XGBOOST,52,1.0,4000,TEMPLATE_OOD,6832,0.9896005988121033,0.005,0.00468384074941452,0.4282560706401766,10.565416679000009,0.023293249000062133,0.9381736411108883,0.9349935418940488,0.9917423616845582,0.3515807962529274,0.5191268640587854,0.002927400468384075,1201,10,3406,2215
BASE,XGBOOST,52,1.0,4000,DOMAIN_TEMPLATE_OOD,3708,0.9896005988121033,0.005,0.00468384074941452,0.4282560706401766,10.565416679000009,0.012587140000050567,0.9103052578122457,0.9097240405013679,0.9861751152073732,0.2308522114347357,0.3741258741258741,0.003236245954692557,428,6,1848,1426
BASE,MLP,52,1.0,4000,IID,3051,0.9997069835662842,0.005,0.00468384074941452,0.41501103752759383,2.484370533999936,0.021362777999911486,0.9058724732529388,0.9306673072198821,0.9950124688279302,0.3771266540642722,0.546949965729952,0.0010035122930255895,399,2,1991,659
BASE,MLP,52,1.0,4000,TEMPORAL,8000,0.9997069835662842,0.005,0.00468384074941452,0.41501103752759383,2.484370533999936,0.05950425000003179,0.9558876777966643,0.9527709062499999,0.9960876369327074,0.31825,0.482379689276241,0.00125,1273,5,3995,2727
BASE,MLP,52,1.0,4000,DOMAIN_OOD,3858,0.9997069835662842,0.005,0.00468384074941452,0.41501103752759383,2.484370533999936,0.028033464000031927,0.9401941310269034,0.9377851520582545,0.9975490196078431,0.21099015033696217,0.34830979888746255,0.0005184033177812338,407,1,1928,1522
BASE,MLP,52,1.0,4000,TEMPLATE_OOD,6832,0.9997069835662842,0.005,0.00468384074941452,0.41501103752759383,2.484370533999936,0.04964513699997042,0.951508045225544,0.9484688821443653,0.995164410058027,0.3012295081967213,0.46247191011235955,0.0014637002341920376,1029,5,3411,2387
BASE,MLP,52,1.0,4000,DOMAIN_TEMPLATE_OOD,3708,0.9997069835662842,0.005,0.00468384074941452,0.41501103752759383,2.484370533999936,0.02478372899997794,0.9348670648853273,0.9329110270920684,0.9971098265895953,0.18608414239482202,0.31363636363636366,0.0005393743257820927,345,1,1853,1509
DAPT,LOGREG,52,1.0,4000,IID,3051,0.9930763086283355,0.005,0.00468384074941452,0.2847682119205298,0.8089351159999296,0.041940765000049396,0.8951593321812998,0.9248750589255208,0.9895833333333334,0.26937618147448017,0.4234769687964339,0.0015052684395383843,285,3,1990,773
DAPT,LOGREG,52,1.0,4000,TEMPORAL,8000,0.9930763086283355,0.005,0.00468384074941452,0.2847682119205298,0.8089351159999296,0.05669089000002714,0.9515694533474055,0.9473672500000001,0.9916376306620209,0.35575,0.5236430542778289,0.003,1423,12,3988,2577
DAPT,LOGREG,52,1.0,4000,DOMAIN_OOD,3858,0.9930763086283355,0.005,0.00468384074941452,0.2847682119205298,0.8089351159999296,0.028159584000036375,0.9311754984575011,0.9288728611160157,0.9801084990958409,0.2809745982374287,0.43674456083803387,0.005702436495593572,542,11,1918,1387
DAPT,LOGREG,52,1.0,4000,TEMPLATE_OOD,6832,0.9930763086283355,0.005,0.00468384074941452,0.2847682119205298,0.8089351159999296,0.04262618500001736,0.9479178184241971,0.9437828561282079,0.9906937394247038,0.3427985948477752,0.5093518921270117,0.0032201405152224825,1171,11,3405,2245
DAPT,LOGREG,52,1.0,4000,DOMAIN_TEMPLATE_OOD,3708,0.9930763086283355,0.005,0.00468384074941452,0.2847682119205298,0.8089351159999296,0.02011647599999833,0.9247397461113124,0.9228619073719144,0.9797979797979798,0.261596548004315,0.4129416773094934,0.005393743257820928,485,10,1844,1369
DAPT,XGBOOST,52,1.0,4000,IID,3051,0.9814761281013489,0.005,0.00468384074941452,0.41721854304635764,10.07231962100002,0.01104564100000971,0.8729400437669985,0.9129898880486239,0.9675,0.3657844990548204,0.5308641975308642,0.006522829904666332,387,13,1980,671
DAPT,XGBOOST,52,1.0,4000,TEMPORAL,8000,0.9814761281013489,0.005,0.00468384074941452,0.41721854304635764,10.07231962100002,0.026273310999954447,0.9429739100897158,0.9378437500000001,0.9920454545454546,0.4365,0.60625,0.0035,1746,14,3986,2254
DAPT,XGBOOST,52,1.0,4000,DOMAIN_OOD,3858,0.9814761281013489,0.005,0.00468384074941452,0.41721854304635764,10.07231962100002,0.013826667999978781,0.920326908134049,0.9152866093117491,0.9896142433234422,0.34577501296008295,0.5124855935459086,0.0036288232244686366,667,7,1922,1262
DAPT,XGBOOST,52,1.0,4000,TEMPLATE_OOD,6832,0.9814761281013489,0.005,0.00468384074941452,0.41721854304635764,10.07231962100002,0.02334190400006264,0.9373264473293066,0.9319765026408305,0.9909596662030598,0.41715456674473067,0.5871446229913473,0.0038056206088992973,1425,13,3403,1991
DAPT,XGBOOST,52,1.0,4000,DOMAIN_TEMPLATE_OOD,3708,0.9814761281013489,0.005,0.00468384074941452,0.41721854304635764,10.07231962100002,0.012402197999904274,0.9111941407703126,0.9070393877083165,0.9877622377622378,0.3047464940668824,0.46578730420445175,0.0037756202804746495,565,7,1847,1289
DAPT,MLP,52,1.0,4000,IID,3051,0.987502932548523,0.005,0.00468384074941452,0.293598233995585,1.7688342290000492,0.02138755900000433,0.8937121731384589,0.9226256927601995,0.9888475836431226,0.2514177693761815,0.400904295403165,0.0015052684395383843,266,3,1990,792
DAPT,MLP,52,1.0,4000,TEMPORAL,8000,0.987502932548523,0.005,0.00468384074941452,0.293598233995585,1.7688342290000492,0.05275950099996862,0.948200058768874,0.9443125625,0.9968228752978554,0.31375,0.4772770488686062,0.001,1255,4,3996,2745
DAPT,MLP,52,1.0,4000,DOMAIN_OOD,3858,0.987502932548523,0.005,0.00468384074941452,0.293598233995585,1.7688342290000492,0.02573648600002798,0.9318032441757099,0.9289365529699888,0.994750656167979,0.1964748574390876,0.3281385281385281,0.0010368066355624676,379,2,1927,1550
DAPT,MLP,52,1.0,4000,TEMPLATE_OOD,6832,0.987502932548523,0.005,0.00468384074941452,0.293598233995585,1.7688342290000492,0.049610389999998006,0.9435736065507954,0.9395824306610576,0.99609375,0.29859484777517564,0.4594594594594595,0.00117096018735363,1020,4,3412,2396
DAPT,MLP,52,1.0,4000,DOMAIN_TEMPLATE_OOD,3708,0.987502932548523,0.005,0.00468384074941452,0.293598233995585,1.7688342290000492,0.026290180999922086,0.9246180369941708,0.9224365755141513,0.9937304075235109,0.1709816612729234,0.2917625402669121,0.0010787486515641855,317,2,1852,1537
CONTRASTIVE,LOGREG,52,1.0,4000,IID,3051,0.9922129561882762,0.005,0.00468384074941452,0.26269315673289184,0.6458979740000359,0.04708032799999273,0.8277023716391747,0.8813005253737799,0.9583333333333334,0.2826086956521739,0.4364963503649635,0.006522829904666332,299,13,1980,759
CONTRASTIVE,LOGREG,52,1.0,4000,TEMPORAL,8000,0.9922129561882762,0.005,0.00468384074941452,0.26269315673289184,0.6458979740000359,0.05028891400002067,0.9035782353718118,0.8868119374999999,0.9884238646482636,0.2775,0.4333398399375366,0.00325,1110,13,3987,2890
CONTRASTIVE,LOGREG,52,1.0,4000,DOMAIN_OOD,3858,0.9922129561882762,0.005,0.00468384074941452,0.26269315673289184,0.6458979740000359,0.020774412000037046,0.8717338247472637,0.8531448591939729,0.9802816901408451,0.18040435458786935,0.30472854640980734,0.0036288232244686366,348,7,1922,1581
CONTRASTIVE,LOGREG,52,1.0,4000,TEMPLATE_OOD,6832,0.9922129561882762,0.005,0.00468384074941452,0.26269315673289184,0.6458979740000359,0.042738307000036,0.9002383038434262,0.8835782431757977,0.9871106337271751,0.2690281030444965,0.4228203358638141,0.00351288056206089,919,12,3404,2497
CONTRASTIVE,LOGREG,52,1.0,4000,DOMAIN_TEMPLATE_OOD,3708,0.9922129561882762,0.005,0.00468384074941452,0.26269315673289184,0.6458979740000359,0.019964886000025217,0.8631437575705647,0.8440992914238898,0.9808917197452229,0.16612729234088458,0.28413284132841327,0.003236245954692557,308,6,1848,1546
CONTRASTIVE,XGBOOST,52,1.0,4000,IID,3051,0.9926556944847107,0.005,0.00468384074941452,0.1368653421633554,13.368003889999954,0.010723828000095637,0.8077588990721344,0.8811511367290242,0.9441340782122905,0.15973534971644612,0.27324171382376716,0.005017561465127948,169,10,1983,889
CONTRASTIVE,XGBOOST,52,1.0,4000,TEMPORAL,8000,0.9926556944847107,0.005,0.00468384074941452,0.1368653421633554,13.368003889999954,0.027186905000007755,0.884937052253555,0.8649441249999998,0.9889746416758545,0.22425,0.36560016303240267,0.0025,897,10,3990,3103
CONTRASTIVE,XGBOOST,52,1.0,4000,DOMAIN_OOD,3858,0.9926556944847107,0.005,0.00468384074941452,0.1368653421633554,13.368003889999954,0.014111483999954544,0.844532864588156,0.8260032609154266,0.9774436090225563,0.13478486262312078,0.23690205011389523,0.003110419906687403,260,6,1923,1669
CONTRASTIVE,XGBOOST,52,1.0,4000,TEMPLATE_OOD,6832,0.9926556944847107,0.005,0.00468384074941452,0.1368653421633554,13.368003889999954,0.02324905000000399,0.8856506253866095,0.8646986525730959,0.9883268482490273,0.2230679156908665,0.3639837592548364,0.0026346604215456673,762,9,3407,2654
CONTRASTIVE,XGBOOST,52,1.0,4000,DOMAIN_TEMPLATE_OOD,3708,0.9926556944847107,0.005,0.00468384074941452,0.1368653421633554,13.368003889999954,0.012662688999967031,0.8385467179052856,0.8198440294695047,0.9779735682819384,0.11974110032362459,0.21335896203748198,0.002696871628910464,222,5,1849,1632
CONTRASTIVE,MLP,52,1.0,4000,IID,3051,0.9814363718032837,0.005,0.00468384074941452,0.3068432671081678,1.7685139090000348,0.020366219000038654,0.8381966829303285,0.8942959147185281,0.9578313253012049,0.3005671077504726,0.45755395683453237,0.007024586051179127,318,14,1979,740
CONTRASTIVE,MLP,52,1.0,4000,TEMPORAL,8000,0.9814363718032837,0.005,0.00468384074941452,0.3068432671081678,1.7685139090000348,0.05277879400000529,0.8978995933092259,0.88143121875,0.9827067669172932,0.32675,0.49043151969981236,0.00575,1307,23,3977,2693
CONTRASTIVE,MLP,52,1.0,4000,DOMAIN_OOD,3858,0.9814363718032837,0.005,0.00468384074941452,0.3068432671081678,1.7685139090000348,0.026173758000027192,0.8675742037334084,0.8516225701356153,0.9788235294117648,0.21565578019699327,0.35344095157179267,0.004665629860031105,416,9,1920,1513
CONTRASTIVE,MLP,52,1.0,4000,TEMPLATE_OOD,6832,0.9814363718032837,0.005,0.00468384074941452,0.3068432671081678,1.7685139090000348,0.046064907999948446,0.8991747445430667,0.883273934069731,0.9848214285714286,0.32289227166276346,0.486331569664903,0.004976580796252928,1103,17,3399,2313
CONTRASTIVE,MLP,52,1.0,4000,DOMAIN_TEMPLATE_OOD,3708,0.9814363718032837,0.005,0.00468384074941452,0.3068432671081678,1.7685139090000348,0.02522346400007791,0.8575827292290572,0.8417067269928049,0.979002624671916,0.2011866235167206,0.3337807606263982,0.004314994606256742,373,8,1846,1481
BASE,LOGREG,62,0.1,400,IID,3051,0.9928123341141797,0.005,0.00468384074941452,0.3487858719646799,0.025357652000025155,0.03449621599997954,0.8502201747584918,0.8895600575549396,0.9704301075268817,0.34120982986767484,0.5048951048951049,0.0055193176116407425,361,11,1982,697
BASE,LOGREG,62,0.1,400,TEMPORAL,8000,0.9928123341141797,0.005,0.00468384074941452,0.3487858719646799,0.025357652000025155,0.06388279700001931,0.9184294318654724,0.9120857499999999,0.9829721362229102,0.3175,0.4799697656840514,0.0055,1270,22,3978,2730
BASE,LOGREG,62,0.1,400,DOMAIN_OOD,3858,0.9928123341141797,0.005,0.00468384074941452,0.3487858719646799,0.025357652000025155,0.021494734000043536,0.8855641610722524,0.8804993011364294,0.9684014869888475,0.2700881285640228,0.42237535468179976,0.008812856402280975,521,17,1912,1408
BASE,LOGREG,62,0.1,400,TEMPLATE_OOD,6832,0.9928123341141797,0.005,0.00468384074941452,0.3487858719646799,0.025357652000025155,0.04202521699994577,0.9127579057506428,0.9064513873273039,0.9804651162790697,0.3085480093676815,0.4693832108661768,0.006147540983606557,1054,21,3395,2362
BASE,LOGREG,62,0.1,400,DOMAIN_TEMPLATE_OOD,3708,0.9928123341141797,0.005,0.00468384074941452,0.3487858719646799,0.025357652000025155,0.019544923000012204,0.8780934277212462,0.8728065735009525,0.9683794466403162,0.26429341963322545,0.4152542372881356,0.008629989212513484,490,16,1838,1364
BASE,XGBOOST,62,0.1,400,IID,3051,0.9944495558738708,0.005,0.00468384074941452,0.20088300220750552,2.0460223340000994,0.007924935999994887,0.8075275314042074,0.8592920211287711,0.9831932773109243,0.22117202268431002,0.3611111111111111,0.002007024586051179,234,4,1989,824
BASE,XGBOOST,62,0.1,400,TEMPORAL,8000,0.9944495558738708,0.005,0.00468384074941452,0.20088300220750552,2.0460223340000994,0.018487491999962913,0.8745946672473406,0.8690326874999998,0.9751552795031055,0.11775,0.21012714699977694,0.003,471,12,3988,3529
BASE,XGBOOST,62,0.1,400,DOMAIN_OOD,3858,0.9944495558738708,0.005,0.00468384074941452,0.20088300220750552,2.0460223340000994,0.009912203999988378,0.8205223580859157,0.8310749599372863,0.9354838709677419,0.06013478486262312,0.1130053580126644,0.00414722654224987,116,8,1921,1813
BASE,XGBOOST,62,0.1,400,TEMPLATE_OOD,6832,0.9944495558738708,0.005,0.00468384074941452,0.20088300220750552,2.0460223340000994,0.018206484000074852,0.8669573839613183,0.8621178953978796,0.9728395061728395,0.11533957845433256,0.20622873593300184,0.0032201405152224825,394,11,3405,3022
BASE,XGBOOST,62,0.1,400,DOMAIN_TEMPLATE_OOD,3708,0.9944495558738708,0.005,0.00468384074941452,0.20088300220750552,2.0460223340000994,0.010314984000046934,0.8084818929786752,0.8170168235914301,0.9411764705882353,0.06040992448759439,0.11353269133299544,0.0037756202804746495,112,7,1847,1742
BASE,MLP,62,0.1,400,IID,3051,0.9913244843482971,0.005,0.00468384074941452,0.3686534216335541,0.27767138100000466,0.022446607000006225,0.8362381618436692,0.8816647491171843,0.978021978021978,0.33648393194706994,0.5007032348804501,0.004014049172102358,356,8,1985,702
BASE,MLP,62,0.1,400,TEMPORAL,8000,0.9913244843482971,0.005,0.00468384074941452,0.3686534216335541,0.27767138100000466,0.05745361200001753,0.9027186686156339,0.8938602499999999,0.9860594795539034,0.26525,0.4180457052797478,0.00375,1061,15,3985,2939
BASE,MLP,62,0.1,400,DOMAIN_OOD,3858,0.9913244843482971,0.005,0.00468384074941452,0.3686534216335541,0.27767138100000466,0.027456551999989642,0.8575769392740427,0.8538121455796914,0.9706744868035191,0.1715914981855884,0.2916299559471366,0.005184033177812338,331,10,1919,1598
BASE,MLP,62,0.1,400,TEMPLATE_OOD,6832,0.9913244843482971,0.005,0.00468384074941452,0.3686534216335541,0.27767138100000466,0.04582777400003124,0.895623829678643,0.8864090634238108,0.9850230414746544,0.2502927400468384,0.39915966386554624,0.0038056206088992973,855,13,3403,2561
BASE,MLP,62,0.1,400,DOMAIN_TEMPLATE_OOD,3708,0.9913244843482971,0.005,0.00468384074941452,0.3686534216335541,0.27767138100000466,0.026269694000006893,0.8469133235837831,0.8421041300828903,0.9724137931034482,0.15210355987055016,0.2630597014925373,0.004314994606256742,282,8,1846,1572
DAPT,LOGREG,62,0.1,400,IID,3051,0.9910168246075871,0.005,0.00468384074941452,0.3355408388520971,0.028955776999964655,0.02316970999993373,0.8447922241366416,0.8766931898696476,0.9673024523160763,0.33553875236294894,0.4982456140350877,0.006021073758153537,355,12,1981,703
DAPT,LOGREG,62,0.1,400,TEMPORAL,8000,0.9910168246075871,0.005,0.00468384074941452,0.3355408388520971,0.028955776999964655,0.07195206599999437,0.9172683850667207,0.9047348749999999,0.9876190476190476,0.25925,0.41069306930693067,0.00325,1037,13,3987,2963
DAPT,LOGREG,62,0.1,400,DOMAIN_OOD,3858,0.9910168246075871,0.005,0.00468384074941452,0.3355408388520971,0.028955776999964655,0.023118143000033342,0.8823391287185185,0.8722572527419075,0.9779951100244498,0.20736132711249353,0.3421727972626176,0.004665629860031105,400,9,1920,1529
DAPT,LOGREG,62,0.1,400,TEMPLATE_OOD,6832,0.9910168246075871,0.005,0.00468384074941452,0.3355408388520971,0.028955776999964655,0.04293288200005918,0.9100590359997753,0.8981961351458079,0.9844868735083532,0.24151053864168617,0.38787023977433005,0.0038056206088992973,825,13,3403,2591
DAPT,LOGREG,62,0.1,400,DOMAIN_TEMPLATE_OOD,3708,0.9910168246075871,0.005,0.00468384074941452,0.3355408388520971,0.028955776999964655,0.01997369000002891,0.8720204556612519,0.8601068391733551,0.9754098360655737,0.1925566343042071,0.3216216216216216,0.0048543689320388345,357,9,1845,1497
DAPT,XGBOOST,62,0.1,400,IID,3051,0.9911448955535889,0.005,0.00468384074941452,0.30022075055187636,1.9119089810000105,0.0069556290000036824,0.8129530012469524,0.8652137395819205,0.9573170731707317,0.29678638941398866,0.4531024531024531,0.007024586051179127,314,14,1979,744
DAPT,XGBOOST,62,0.1,400,TEMPORAL,8000,0.9911448955535889,0.005,0.00468384074941452,0.30022075055187636,1.9119089810000105,0.017174024000041754,0.8788812495487968,0.86855725,0.9707174231332357,0.16575,0.28315182575272263,0.005,663,20,3980,3337
DAPT,XGBOOST,62,0.1,400,DOMAIN_OOD,3858,0.9911448955535889,0.005,0.00468384074941452,0.30022075055187636,1.9119089810000105,0.009222739999927398,0.827995800396789,0.827045173648987,0.9223300970873787,0.09849663037843442,0.17798594847775176,0.00829445308449974,190,16,1913,1739
DAPT,XGBOOST,62,0.1,400,TEMPLATE_OOD,6832,0.9911448955535889,0.005,0.00468384074941452,0.30022075055187636,1.9119089810000105,0.015269981999949778,0.8741530567568649,0.8639588326596426,0.9667250437828371,0.16159250585480095,0.2768999247554552,0.0055620608899297425,552,19,3397,2864
DAPT,XGBOOST,62,0.1,400,DOMAIN_TEMPLATE_OOD,3708,0.9911448955535889,0.005,0.00468384074941452,0.30022075055187636,1.9119089810000105,0.008450407000054838,0.8162984892678954,0.8093180842261811,0.9222797927461139,0.09600862998921252,0.17391304347826086,0.008090614886731391,178,15,1839,1676
DAPT,MLP,62,0.1,400,IID,3051,0.9856083989143372,0.005,0.00468384074941452,0.34216335540838855,0.22982700499994735,0.020510999999942214,0.8294513824992022,0.8760799850516506,0.9715762273901809,0.3553875236294896,0.5204152249134948,0.0055193176116407425,376,11,1982,682
DAPT,MLP,62,0.1,400,TEMPORAL,8000,0.9856083989143372,0.005,0.00468384074941452,0.34216335540838855,0.22982700499994735,0.05604563000008511,0.8907261849840948,0.8823901875000001,0.9848320693391116,0.22725,0.3692870201096892,0.0035,909,14,3986,3091
DAPT,MLP,62,0.1,400,DOMAIN_OOD,3858,0.9856083989143372,0.005,0.00468384074941452,0.34216335540838855,0.22982700499994735,0.025030971999967733,0.8427640129600927,0.8398835164675691,0.967741935483871,0.13996889580093314,0.24456521739130435,0.004665629860031105,270,9,1920,1659
DAPT,MLP,62,0.1,400,TEMPLATE_OOD,6832,0.9856083989143372,0.005,0.00468384074941452,0.34216335540838855,0.22982700499994735,0.04548945100009405,0.8830188557989804,0.873872402360568,0.9808743169398907,0.2101873536299766,0.3461909353905497,0.004098360655737705,718,14,3402,2698
DAPT,MLP,62,0.1,400,DOMAIN_TEMPLATE_OOD,3708,0.9856083989143372,0.005,0.00468384074941452,0.34216335540838855,0.22982700499994735,0.024841759999958413,0.8277158346823756,0.8253759619423993,0.9628099173553719,0.1256742179072276,0.22232824427480916,0.0048543689320388345,233,9,1845,1621
CONTRASTIVE,LOGREG,62,0.1,400,IID,3051,0.9974019863911575,0.005,0.00468384074941452,0.08609271523178808,0.0169573580000133,0.02528742799995598,0.7619641670504729,0.8344441841340723,0.9435483870967742,0.11058601134215501,0.19796954314720813,0.0035122930255895636,117,7,1986,941
CONTRASTIVE,LOGREG,62,0.1,400,TEMPORAL,8000,0.9974019863911575,0.005,0.00468384074941452,0.08609271523178808,0.0169573580000133,0.056613852999930714,0.8412689281460776,0.82456725,0.9670886075949368,0.0955,0.1738339021615472,0.00325,382,13,3987,3618
CONTRASTIVE,LOGREG,62,0.1,400,DOMAIN_OOD,3858,0.9974019863911575,0.005,0.00468384074941452,0.08609271523178808,0.0169573580000133,0.023078414999986308,0.7960954474196011,0.7815611276521811,0.9435483870967742,0.060653188180404355,0.11397954213346323,0.0036288232244686366,117,7,1922,1812
CONTRASTIVE,LOGREG,62,0.1,400,TEMPLATE_OOD,6832,0.9974019863911575,0.005,0.00468384074941452,0.08609271523178808,0.0169573580000133,0.041557004999958735,0.8391096737565418,0.8200918737556835,0.967930029154519,0.09718969555035128,0.17664272412875764,0.0032201405152224825,332,11,3405,3084
CONTRASTIVE,LOGREG,62,0.1,400,DOMAIN_TEMPLATE_OOD,3708,0.9974019863911575,0.005,0.00468384074941452,0.08609271523178808,0.0169573580000133,0.020037629999933415,0.789547047218567,0.7695012620311894,0.95,0.061488673139158574,0.11550151975683891,0.003236245954692557,114,6,1848,1740
CONTRASTIVE,XGBOOST,62,0.1,400,IID,3051,0.9943422675132751,0.005,0.00468384074941452,0.05739514348785872,2.7440147239999533,0.00761142800001835,0.7094222562985943,0.8055761327216145,0.9240506329113924,0.06899810964083176,0.1284080914687775,0.0030105368790767687,73,6,1987,985
CONTRASTIVE,XGBOOST,62,0.1,400,TEMPORAL,8000,0.9943422675132751,0.005,0.00468384074941452,0.05739514348785872,2.7440147239999533,0.019172324999999546,0.8354588239261294,0.8174657499999999,0.9733333333333334,0.073,0.13581395348837208,0.002,292,8,3992,3708
CONTRASTIVE,XGBOOST,62,0.1,400,DOMAIN_OOD,3858,0.9943422675132751,0.005,0.00468384074941452,0.05739514348785872,2.7440147239999533,0.010633732999963286,0.7927463480214154,0.7796702589409791,0.9452054794520548,0.03576982892690513,0.06893106893106893,0.002073613271124935,69,4,1925,1860
CONTRASTIVE,XGBOOST,62,0.1,400,TEMPLATE_OOD,6832,0.9943422675132751,0.005,0.00468384074941452,0.05739514348785872,2.7440147239999533,0.01692326399995636,0.8344977589826416,0.815370669229799,0.9694656488549618,0.0743559718969555,0.13811854268624252,0.00234192037470726,254,8,3408,3162
CONTRASTIVE,XGBOOST,62,0.1,400,DOMAIN_TEMPLATE_OOD,3708,0.9943422675132751,0.005,0.00468384074941452,0.05739514348785872,2.7440147239999533,0.009656973999994989,0.7855123957794793,0.7682051926561306,0.9402985074626866,0.03398058252427184,0.06559083810515356,0.002157497303128371,63,4,1850,1791
CONTRASTIVE,MLP,62,0.1,400,IID,3051,0.9858248829841614,0.005,0.00468384074941452,0.10596026490066225,0.21956012700002248,0.022007752999911645,0.7193387952683561,0.8111504632944986,0.864,0.10207939508506617,0.18258664412510567,0.008529854490717512,108,17,1976,950
CONTRASTIVE,MLP,62,0.1,400,TEMPORAL,8000,0.9858248829841614,0.005,0.00468384074941452,0.10596026490066225,0.21956012700002248,0.05778781399999389,0.8123860904966672,0.7943502499999999,0.9607250755287009,0.0795,0.14684830293234818,0.00325,318,13,3987,3682
CONTRASTIVE,MLP,62,0.1,400,DOMAIN_OOD,3858,0.9858248829841614,0.005,0.00468384074941452,0.10596026490066225,0.21956012700002248,0.025970706999942195,0.7736194373746347,0.7650216700111608,0.9326923076923077,0.05028512182477968,0.0954254795868175,0.0036288232244686366,97,7,1922,1832
CONTRASTIVE,MLP,62,0.1,400,TEMPLATE_OOD,6832,0.9858248829841614,0.005,0.00468384074941452,0.10596026490066225,0.21956012700002248,0.045602151000025515,0.8138941618197745,0.7947941118801727,0.9652777777777778,0.08138173302107728,0.15010799136069114,0.002927400468384075,278,10,3406,3138
CONTRASTIVE,MLP,62,0.1,400,DOMAIN_TEMPLATE_OOD,3708,0.9858248829841614,0.005,0.00468384074941452,0.10596026490066225,0.21956012700002248,0.024866313000075024,0.7643035304912107,0.7497050023914007,0.93,0.05016181229773463,0.09518935516888434,0.0037756202804746495,93,7,1847,1761
BASE,LOGREG,62,0.25,1000,IID,3051,0.9986783643166323,0.005,0.00468384074941452,0.1390728476821192,0.30948803800004043,0.03611082300005819,0.8621631846084108,0.8979993303594718,0.9754601226993865,0.1502835538752363,0.26044226044226043,0.002007024586051179,159,4,1989,899
BASE,LOGREG,62,0.25,1000,TEMPORAL,8000,0.9986783643166323,0.005,0.00468384074941452,0.1390728476821192,0.30948803800004043,0.052435825999964436,0.9298274500182462,0.9253274375,0.9919759277833501,0.24725,0.3958375025015009,0.002,989,8,3992,3011
BASE,LOGREG,62,0.25,1000,DOMAIN_OOD,3858,0.9986783643166323,0.005,0.00468384074941452,0.1390728476821192,0.30948803800004043,0.024158839000051557,0.9010605181257381,0.8973155630373327,0.9887387387387387,0.22757905650596164,0.36999578592498944,0.002592016588906169,439,5,1924,1490
BASE,LOGREG,62,0.25,1000,TEMPLATE_OOD,6832,0.9986783643166323,0.005,0.00468384074941452,0.1390728476821192,0.30948803800004043,0.041683570999907715,0.9263277616319344,0.9215257858047815,0.9903961584633854,0.24151053864168617,0.38832666509767005,0.00234192037470726,825,8,3408,2591
BASE,LOGREG,62,0.25,1000,DOMAIN_TEMPLATE_OOD,3708,0.9986783643166323,0.005,0.00468384074941452,0.1390728476821192,0.30948803800004043,0.019892553999966367,0.8968117348118001,0.8932207571256178,0.9875930521091811,0.21467098166127294,0.3526805494018609,0.002696871628910464,398,5,1849,1456
BASE,XGBOOST,62,0.25,1000,IID,3051,0.9925633668899536,0.005,0.00468384074941452,0.2980132450331126,3.791799042999969,0.008879255000010744,0.8495635672980375,0.8970403975350401,0.9842767295597484,0.29584120982986767,0.45494186046511625,0.002508780732563974,313,5,1988,745
BASE,XGBOOST,62,0.25,1000,TEMPORAL,8000,0.9925633668899536,0.005,0.00468384074941452,0.2980132450331126,3.791799042999969,0.021452483999951255,0.9185938713307445,0.9110270625,0.9894394800974817,0.3045,0.4656853374115848,0.00325,1218,13,3987,2782
BASE,XGBOOST,62,0.25,1000,DOMAIN_OOD,3858,0.9925633668899536,0.005,0.00468384074941452,0.2980132450331126,3.791799042999969,0.010566974999960621,0.8846979755026226,0.8782940042853599,0.9765013054830287,0.19388284085018145,0.3235294117647059,0.004665629860031105,374,9,1920,1555
BASE,XGBOOST,62,0.25,1000,TEMPLATE_OOD,6832,0.9925633668899536,0.005,0.00468384074941452,0.2980132450331126,3.791799042999969,0.01769839700000375,0.911678703349172,0.9033431667480216,0.9876425855513308,0.30415690866510536,0.4650850492390331,0.0038056206088992973,1039,13,3403,2377
BASE,XGBOOST,62,0.25,1000,DOMAIN_TEMPLATE_OOD,3708,0.9925633668899536,0.005,0.00468384074941452,0.2980132450331126,3.791799042999969,0.00966559000005418,0.8746033024966917,0.8678890739169748,0.9742120343839542,0.18338727076591155,0.30866999546073537,0.0048543689320388345,340,9,1845,1514
BASE,MLP,62,0.25,1000,IID,3051,0.9820255637168884,0.005,0.00468384074941452,0.3973509933774834,0.45503820299995823,0.020690863000027093,0.8527395629635568,0.8994296673517993,0.9791666666666666,0.3553875236294896,0.521497919556172,0.004014049172102358,376,8,1985,682
BASE,MLP,62,0.25,1000,TEMPORAL,8000,0.9820255637168884,0.005,0.00468384074941452,0.3973509933774834,0.45503820299995823,0.0595413839999992,0.9157362715187515,0.902927375,0.9869451697127938,0.378,0.5466377440347071,0.005,1512,20,3980,2488
BASE,MLP,62,0.25,1000,DOMAIN_OOD,3858,0.9820255637168884,0.005,0.00468384074941452,0.3973509933774834,0.45503820299995823,0.02766419500005668,0.8817100173567283,0.8682454721676004,0.973404255319149,0.2846034214618974,0.4404332129963899,0.007776049766718507,549,15,1914,1380
BASE,MLP,62,0.25,1000,TEMPLATE_OOD,6832,0.9820255637168884,0.005,0.00468384074941452,0.3973509933774834,0.45503820299995823,0.04805854200003523,0.9105415885372715,0.8971975110925855,0.9849445324881141,0.3638758782201405,0.5314236853356135,0.0055620608899297425,1243,19,3397,2173
BASE,MLP,62,0.25,1000,DOMAIN_TEMPLATE_OOD,3708,0.9820255637168884,0.005,0.00468384074941452,0.3973509933774834,0.45503820299995823,0.025123123000071246,0.8721632965405901,0.8572848699392202,0.9720558882235529,0.2626752966558792,0.41358811040339705,0.007551240560949299,487,14,1840,1367
DAPT,LOGREG,62,0.25,1000,IID,3051,0.9942080713275112,0.005,0.00468384074941452,0.32671081677704195,0.5909224370000175,0.03958202900003016,0.8550317848784235,0.8860434962823568,0.9790419161676647,0.30907372400756145,0.4698275862068966,0.0035122930255895636,327,7,1986,731
DAPT,LOGREG,62,0.25,1000,TEMPORAL,8000,0.9942080713275112,0.005,0.00468384074941452,0.32671081677704195,0.5909224370000175,0.0528002959999867,0.932502746913793,0.9250895,0.9900709219858156,0.349,0.5160813308687615,0.0035,1396,14,3986,2604
DAPT,LOGREG,62,0.25,1000,DOMAIN_OOD,3858,0.9942080713275112,0.005,0.00468384074941452,0.32671081677704195,0.5909224370000175,0.023444096999924113,0.905880238633723,0.8988656668926787,0.983739837398374,0.31363400725764645,0.47562893081761004,0.005184033177812338,605,10,1919,1324
DAPT,LOGREG,62,0.25,1000,TEMPLATE_OOD,6832,0.9942080713275112,0.005,0.00468384074941452,0.32671081677704195,0.5909224370000175,0.04270003099998121,0.9278775715725875,0.9209966084660147,0.9892650701899257,0.3507025761124122,0.5178301275124271,0.0038056206088992973,1198,13,3403,2218
DAPT,LOGREG,62,0.25,1000,DOMAIN_TEMPLATE_OOD,3708,0.9942080713275112,0.005,0.00468384074941452,0.32671081677704195,0.5909224370000175,0.020314909000035186,0.8976479495640595,0.8901497563796869,0.9828767123287672,0.30960086299892126,0.47087776866283837,0.005393743257820928,574,10,1844,1280
DAPT,XGBOOST,62,0.25,1000,IID,3051,0.9972030520439148,0.005,0.00468384074941452,0.24282560706401765,3.597422069000004,0.008234343000026456,0.8262683381364451,0.8809481578720227,0.9746835443037974,0.21833648393194707,0.3567567567567568,0.0030105368790767687,231,6,1987,827
DAPT,XGBOOST,62,0.25,1000,TEMPORAL,8000,0.9972030520439148,0.005,0.00468384074941452,0.24282560706401765,3.597422069000004,0.020569870000031187,0.9120691488455537,0.9003524375000002,0.9957924263674615,0.1775,0.30129429238277106,0.00075,710,3,3997,3290
DAPT,XGBOOST,62,0.25,1000,DOMAIN_OOD,3858,0.9972030520439148,0.005,0.00468384074941452,0.24282560706401765,3.597422069000004,0.0101823999999624,0.8810010182242027,0.8705397226206322,0.9838709677419355,0.09486780715396578,0.17304964539007092,0.0015552099533437014,183,3,1926,1746
DAPT,XGBOOST,62,0.25,1000,TEMPLATE_OOD,6832,0.9972030520439148,0.005,0.00468384074941452,0.24282560706401765,3.597422069000004,0.017516218000082517,0.9093961500314885,0.8967782826648532,0.9951690821256038,0.18091334894613584,0.30616794649492196,0.0008782201405152225,618,3,3413,2798
DAPT,XGBOOST,62,0.25,1000,DOMAIN_TEMPLATE_OOD,3708,0.9972030520439148,0.005,0.00468384074941452,0.24282560706401765,3.597422069000004,0.009618625999905817,0.8681639993771044,0.855591688398739,0.9826589595375722,0.09169363538295577,0.16773556980759743,0.0016181229773462784,170,3,1851,1684
DAPT,MLP,62,0.25,1000,IID,3051,0.9941484332084656,0.005,0.00468384074941452,0.41280353200883,0.5512790729999324,0.02090660199996819,0.8507119927827643,0.8871914175986463,0.9805825242718447,0.3818525519848771,0.5496598639455782,0.004014049172102358,404,8,1985,654
DAPT,MLP,62,0.25,1000,TEMPORAL,8000,0.9941484332084656,0.005,0.00468384074941452,0.41280353200883,0.5512790729999324,0.05676269599996431,0.9164563160254998,0.904406875,0.9912280701754386,0.31075,0.47316330414921964,0.00275,1243,11,3989,2757
DAPT,MLP,62,0.25,1000,DOMAIN_OOD,3858,0.9941484332084656,0.005,0.00468384074941452,0.41280353200883,0.5512790729999324,0.02613357999996424,0.8860006459471634,0.8752166396446586,0.9882075471698113,0.21721099015033696,0.3561410964725882,0.002592016588906169,419,5,1924,1510
DAPT,MLP,62,0.25,1000,TEMPLATE_OOD,6832,0.9941484332084656,0.005,0.00468384074941452,0.41280353200883,0.5512790729999324,0.04683652999995047,0.9111131460727355,0.8990091400709705,0.9903474903474904,0.3003512880562061,0.4609164420485175,0.002927400468384075,1026,10,3406,2390
DAPT,MLP,62,0.25,1000,DOMAIN_TEMPLATE_OOD,3708,0.9941484332084656,0.005,0.00468384074941452,0.41280353200883,0.5512790729999324,0.025539986000012505,0.8745533666984876,0.8625012946147519,0.987012987012987,0.20496224379719524,0.3394372487717731,0.002696871628910464,380,5,1849,1474
CONTRASTIVE,LOGREG,62,0.25,1000,IID,3051,0.9889472725766256,0.005,0.00468384074941452,0.23620309050772628,0.20188562900000306,0.039836708999928305,0.8040745133378999,0.8622736287782284,0.9450171821305842,0.2599243856332703,0.407709414381023,0.008028098344204716,275,16,1977,783
CONTRASTIVE,LOGREG,62,0.25,1000,TEMPORAL,8000,0.9889472725766256,0.005,0.00468384074941452,0.23620309050772628,0.20188562900000306,0.05785321600001225,0.8709854719228646,0.8457145,0.974124809741248,0.32,0.4817463304478735,0.0085,1280,34,3966,2720
CONTRASTIVE,LOGREG,62,0.25,1000,DOMAIN_OOD,3858,0.9889472725766256,0.005,0.00468384074941452,0.23620309050772628,0.20188562900000306,0.023657449999973323,0.8400773628249211,0.8114804432415553,0.9636711281070746,0.26127527216174184,0.4110929853181077,0.009849663037843442,504,19,1910,1425
CONTRASTIVE,LOGREG,62,0.25,1000,TEMPLATE_OOD,6832,0.9889472725766256,0.005,0.00468384074941452,0.23620309050772628,0.20188562900000306,0.04675553799995669,0.8682813249956562,0.8418315928897763,0.9746503496503497,0.32640515222482436,0.48903508771929827,0.008489461358313818,1115,29,3387,2301
CONTRASTIVE,LOGREG,62,0.25,1000,DOMAIN_TEMPLATE_OOD,3708,0.9889472725766256,0.005,0.00468384074941452,0.23620309050772628,0.20188562900000306,0.034257842999977584,0.8308533655679932,0.7978527432450202,0.9647058823529412,0.26537216828478966,0.41624365482233505,0.009708737864077669,492,18,1836,1362
CONTRASTIVE,XGBOOST,62,0.25,1000,IID,3051,0.9968312978744507,0.005,0.00468384074941452,0.046357615894039736,5.463288036999984,0.009575002000019595,0.7403050682840606,0.8316679265899456,0.9242424242424242,0.057655954631379965,0.10854092526690391,0.002508780732563974,61,5,1988,997
CONTRASTIVE,XGBOOST,62,0.25,1000,TEMPORAL,8000,0.9968312978744507,0.005,0.00468384074941452,0.046357615894039736,5.463288036999984,0.023655975999986367,0.8672875379725654,0.8462998125000001,0.9878787878787879,0.12225,0.2175750834260289,0.0015,489,6,3994,3511
CONTRASTIVE,XGBOOST,62,0.25,1000,DOMAIN_OOD,3858,0.9968312978744507,0.005,0.00468384074941452,0.046357615894039736,5.463288036999984,0.012051384999949732,0.8349902474594446,0.8144782602502902,0.9858156028368794,0.0720580611715915,0.13429951690821257,0.0010368066355624676,139,2,1927,1790
CONTRASTIVE,XGBOOST,62,0.25,1000,TEMPLATE_OOD,6832,0.9968312978744507,0.005,0.00468384074941452,0.046357615894039736,5.463288036999984,0.020204672000090795,0.8676602075650022,0.8451554264543764,0.988399071925754,0.12470725995316159,0.22147127631920976,0.0014637002341920376,426,5,3411,2990
CONTRASTIVE,XGBOOST,62,0.25,1000,DOMAIN_TEMPLATE_OOD,3708,0.9968312978744507,0.005,0.00468384074941452,0.046357615894039736,5.463288036999984,0.011235224000074595,0.8295757817939666,0.8060510002571775,0.9859154929577465,0.07551240560949299,0.1402805611222445,0.0010787486515641855,140,2,1852,1714
CONTRASTIVE,MLP,62,0.25,1000,IID,3051,0.9959235787391663,0.005,0.00468384074941452,0.18763796909492272,0.599006423999981,0.021829251999974986,0.783842870971318,0.8572152818418339,0.9214876033057852,0.2107750472589792,0.34307692307692306,0.009533366783743101,223,19,1974,835
CONTRASTIVE,MLP,62,0.25,1000,TEMPORAL,8000,0.9959235787391663,0.005,0.00468384074941452,0.18763796909492272,0.599006423999981,0.05793906400003834,0.8680854852064264,0.84272753125,0.9757462686567164,0.2615,0.41246056782334384,0.0065,1046,26,3974,2954
CONTRASTIVE,MLP,62,0.25,1000,DOMAIN_OOD,3858,0.9959235787391663,0.005,0.00468384074941452,0.18763796909492272,0.599006423999981,0.02621239899997363,0.8339482999008877,0.8085809858047789,0.9717948717948718,0.1964748574390876,0.326865028029323,0.005702436495593572,379,11,1918,1550
CONTRASTIVE,MLP,62,0.25,1000,TEMPLATE_OOD,6832,0.9959235787391663,0.005,0.00468384074941452,0.18763796909492272,0.599006423999981,0.04604016700000102,0.8678809869513178,0.8413400364176844,0.9796791443850268,0.2681498829039813,0.42105263157894735,0.0055620608899297425,916,19,3397,2500
CONTRASTIVE,MLP,62,0.25,1000,DOMAIN_TEMPLATE_OOD,3708,0.9959235787391663,0.005,0.00468384074941452,0.18763796909492272,0.599006423999981,0.02610934000006182,0.8252236895640325,0.7956198964540937,0.9744245524296675,0.20550161812297735,0.3394209354120267,0.005393743257820928,381,10,1844,1473
BASE,LOGREG,62,1.0,4000,IID,3051,0.994125237692969,0.005,0.00468384074941452,0.3333333333333333,0.7093426309999131,0.020240291000050092,0.8961567104863788,0.9208311320244674,0.987460815047022,0.29773156899810965,0.45751633986928103,0.002007024586051179,315,4,1989,743
BASE,LOGREG,62,1.0,4000,TEMPORAL,8000,0.994125237692969,0.005,0.00468384074941452,0.3333333333333333,0.7093426309999131,0.07092336400000931,0.9499098889746075,0.9445268124999998,0.99153194765204,0.322,0.4861294583883752,0.00275,1288,11,3989,2712
BASE,LOGREG,62,1.0,4000,DOMAIN_OOD,3858,0.994125237692969,0.005,0.00468384074941452,0.3333333333333333,0.7093426309999131,0.021155725000085113,0.925876188699382,0.9218968562829595,0.982532751091703,0.2332814930015552,0.3770423125261835,0.00414722654224987,450,8,1921,1479
BASE,LOGREG,62,1.0,4000,TEMPLATE_OOD,6832,0.994125237692969,0.005,0.00468384074941452,0.3333333333333333,0.7093426309999131,0.041359164000027704,0.9457954310921128,0.9402790594200594,0.9900090826521344,0.3190866510538642,0.4826212087668807,0.0032201405152224825,1090,11,3405,2326
BASE,LOGREG,62,1.0,4000,DOMAIN_TEMPLATE_OOD,3708,0.994125237692969,0.005,0.00468384074941452,0.3333333333333333,0.7093426309999131,0.02031645599993226,0.9213074954291286,0.9175894796986951,0.9809069212410502,0.22168284789644013,0.3616366036075671,0.004314994606256742,411,8,1846,1443
BASE,XGBOOST,62,1.0,4000,IID,3051,0.9872643351554871,0.005,0.00468384074941452,0.4613686534216336,10.74354977300004,0.010884695999948235,0.8902611260546913,0.9250154368266249,0.9890350877192983,0.42627599243856334,0.5957727873183619,0.002508780732563974,451,5,1988,607
BASE,XGBOOST,62,1.0,4000,TEMPORAL,8000,0.9872643351554871,0.005,0.00468384074941452,0.4613686534216336,10.74354977300004,0.02981834100000924,0.9439454823909516,0.9410411249999999,0.9929532351057014,0.3875,0.5574536953785291,0.00275,1550,11,3989,2450
BASE,XGBOOST,62,1.0,4000,DOMAIN_OOD,3858,0.9872643351554871,0.005,0.00468384074941452,0.4613686534216336,10.74354977300004,0.013481909000006453,0.918630512238359,0.9179802103766123,0.9874776386404294,0.28615863141524106,0.4437299035369775,0.0036288232244686366,552,7,1922,1377
BASE,XGBOOST,62,1.0,4000,TEMPLATE_OOD,6832,0.9872643351554871,0.005,0.00468384074941452,0.4613686534216336,10.74354977300004,0.02425809900000786,0.9379855713501095,0.934822919694618,0.9921875,0.37177985948477754,0.540885860306644,0.002927400468384075,1270,10,3406,2146
BASE,XGBOOST,62,1.0,4000,DOMAIN_TEMPLATE_OOD,3708,0.9872643351554871,0.005,0.00468384074941452,0.4613686534216336,10.74354977300004,0.01281009499996344,0.9108628087132487,0.910580522710161,0.9874739039665971,0.2551240560949299,0.405486498071153,0.003236245954692557,473,6,1848,1381
BASE,MLP,62,1.0,4000,IID,3051,0.9989727139472961,0.005,0.00468384074941452,0.445916114790287,2.2825057920000518,0.02051618400003008,0.9061689845490597,0.9348525605213711,0.9817767653758542,0.40737240075614367,0.575818303273213,0.004014049172102358,431,8,1985,627
BASE,MLP,62,1.0,4000,TEMPORAL,8000,0.9989727139472961,0.005,0.00468384074941452,0.445916114790287,2.2825057920000518,0.05876129299997501,0.9583723105512812,0.95490459375,0.9925093632958801,0.3975,0.567654409139593,0.003,1590,12,3988,2410
BASE,MLP,62,1.0,4000,DOMAIN_OOD,3858,0.9989727139472961,0.005,0.00468384074941452,0.445916114790287,2.2825057920000518,0.028765790999955243,0.9440218339907891,0.940445429115132,0.988835725677831,0.321410057024365,0.48513302034428796,0.0036288232244686366,620,7,1922,1309
BASE,MLP,62,1.0,4000,TEMPLATE_OOD,6832,0.9989727139472961,0.005,0.00468384074941452,0.445916114790287,2.2825057920000518,0.04867104699997071,0.9546068170837135,0.9507198782832132,0.9924981245311327,0.38729508196721313,0.5571699305116866,0.002927400468384075,1323,10,3406,2093
BASE,MLP,62,1.0,4000,DOMAIN_TEMPLATE_OOD,3708,0.9989727139472961,0.005,0.00468384074941452,0.445916114790287,2.2825057920000518,0.02471085399997719,0.9401959447910853,0.9358743857125733,0.9895470383275261,0.3063646170442287,0.46787479406919275,0.003236245954692557,568,6,1848,1286
DAPT,LOGREG,62,1.0,4000,IID,3051,0.9854148467137493,0.005,0.00468384074941452,0.4216335540838852,0.6612187260000155,0.020748047999973096,0.898384276037489,0.9224630251247987,0.9833333333333333,0.390359168241966,0.5588633288227334,0.0035122930255895636,413,7,1986,645
DAPT,LOGREG,62,1.0,4000,TEMPORAL,8000,0.9854148467137493,0.005,0.00468384074941452,0.4216335540838852,0.6612187260000155,0.0808103150000079,0.9545465207892715,0.9501795000000001,0.9884146341463415,0.40525,0.574822695035461,0.00475,1621,19,3981,2379
DAPT,LOGREG,62,1.0,4000,DOMAIN_OOD,3858,0.9854148467137493,0.005,0.00468384074941452,0.4216335540838852,0.6612187260000155,0.027862518000006276,0.935074339323443,0.9324723914624967,0.9796954314720813,0.3001555209953344,0.4595238095238095,0.006220839813374806,579,12,1917,1350
DAPT,LOGREG,62,1.0,4000,TEMPLATE_OOD,6832,0.9854148467137493,0.005,0.00468384074941452,0.4216335540838852,0.6612187260000155,0.042742645999965134,0.95110664549115,0.9468683670727093,0.9872468117029257,0.38524590163934425,0.5542219414613603,0.004976580796252928,1316,17,3399,2100
DAPT,LOGREG,62,1.0,4000,DOMAIN_TEMPLATE_OOD,3708,0.9854148467137493,0.005,0.00468384074941452,0.4216335540838852,0.6612187260000155,0.020197762000066177,0.9296296108537839,0.9272452692740498,0.9784313725490196,0.2691477885652643,0.42216582064297803,0.005933117583603021,499,11,1843,1355
DAPT,XGBOOST,62,1.0,4000,IID,3051,0.9954735040664673,0.005,0.00468384074941452,0.38852097130242824,10.194875885999977,0.01109115099995961,0.8779713239494096,0.9134214552445848,0.9923469387755102,0.3676748582230624,0.5365517241379311,0.0015052684395383843,389,3,1990,669
DAPT,XGBOOST,62,1.0,4000,TEMPORAL,8000,0.9954735040664673,0.005,0.00468384074941452,0.38852097130242824,10.194875885999977,0.02663890300004823,0.939817755904865,0.9346774375000001,0.9966694421315571,0.29925,0.46029609690444145,0.001,1197,4,3996,2803
DAPT,XGBOOST,62,1.0,4000,DOMAIN_OOD,3858,0.9954735040664673,0.005,0.00468384074941452,0.38852097130242824,10.194875885999977,0.014026392999994641,0.9162154600783343,0.911841336873203,0.9949109414758269,0.20269569725246242,0.3367786391042205,0.0010368066355624676,391,2,1927,1538
DAPT,XGBOOST,62,1.0,4000,TEMPLATE_OOD,6832,0.9954735040664673,0.005,0.00468384074941452,0.38852097130242824,10.194875885999977,0.023056353000015406,0.9347872705819936,0.9292164678959464,0.996039603960396,0.29449648711943793,0.45458653411658384,0.00117096018735363,1006,4,3412,2410
DAPT,XGBOOST,62,1.0,4000,DOMAIN_TEMPLATE_OOD,3708,0.9954735040664673,0.005,0.00468384074941452,0.38852097130242824,10.194875885999977,0.013010550999979387,0.9060130242250123,0.9009317153267259,0.9941690962099126,0.18392664509169362,0.31042330450614475,0.0010787486515641855,341,2,1852,1513
DAPT,MLP,62,1.0,4000,IID,3051,0.9997193813323975,0.005,0.00468384074941452,0.445916114790287,2.9524954920000255,0.022120646999951532,0.9059421652010946,0.9325491298941381,0.9911894273127754,0.42533081285444235,0.5952380952380952,0.002007024586051179,450,4,1989,608
DAPT,MLP,62,1.0,4000,TEMPORAL,8000,0.9997193813323975,0.005,0.00468384074941452,0.445916114790287,2.9524954920000255,0.05974598600005265,0.9546195533771514,0.9510711875000001,0.9950773558368495,0.35375,0.5219476208041313,0.00175,1415,7,3993,2585
DAPT,MLP,62,1.0,4000,DOMAIN_OOD,3858,0.9997193813323975,0.005,0.00468384074941452,0.445916114790287,2.9524954920000255,0.029298807000031957,0.9355940361381393,0.9340836341228166,0.9918200408997955,0.2514256091238984,0.4011579818031431,0.002073613271124935,485,4,1925,1444
DAPT,MLP,62,1.0,4000,TEMPLATE_OOD,6832,0.9997193813323975,0.005,0.00468384074941452,0.445916114790287,2.9524954920000255,0.04961341800003538,0.9500423375620535,0.946654982202502,0.9947043248014121,0.32991803278688525,0.49549351505825456,0.001756440281030445,1127,6,3410,2289
DAPT,MLP,62,1.0,4000,DOMAIN_TEMPLATE_OOD,3708,0.9997193813323975,0.005,0.00468384074941452,0.445916114790287,2.9524954920000255,0.025203338999972402,0.9298233388797028,0.9285253377926266,0.9929078014184397,0.22653721682847897,0.3689064558629776,0.0016181229773462784,420,3,1851,1434
CONTRASTIVE,LOGREG,62,1.0,4000,IID,3051,0.9895298303376985,0.005,0.00468384074941452,0.2671081677704194,0.5226020129999824,0.021744622000028357,0.7986082305349789,0.8625965928007003,0.9433333333333334,0.2674858223062382,0.4167893961708395,0.008529854490717512,283,17,1976,775
CONTRASTIVE,LOGREG,62,1.0,4000,TEMPORAL,8000,0.9895298303376985,0.005,0.00468384074941452,0.2671081677704194,0.5226020129999824,0.07764073900000312,0.8863034169911015,0.8698228125,0.9752679307502061,0.29575,0.4538653366583541,0.0075,1183,30,3970,2817
CONTRASTIVE,LOGREG,62,1.0,4000,DOMAIN_OOD,3858,0.9895298303376985,0.005,0.00468384074941452,0.2671081677704194,0.5226020129999824,0.029208389000018542,0.8466745387487071,0.830321944853604,0.9656862745098039,0.2042509072058061,0.3371844244758237,0.007257646448937273,394,14,1915,1535
CONTRASTIVE,LOGREG,62,1.0,4000,TEMPLATE_OOD,6832,0.9895298303376985,0.005,0.00468384074941452,0.2671081677704194,0.5226020129999824,0.04214845600006356,0.8824630071767086,0.8655460218890029,0.974559686888454,0.29156908665105385,0.44885083370887785,0.007611241217798595,996,26,3390,2420
CONTRASTIVE,LOGREG,62,1.0,4000,DOMAIN_TEMPLATE_OOD,3708,0.9895298303376985,0.005,0.00468384074941452,0.2671081677704194,0.5226020129999824,0.02005340999994587,0.8407054877711282,0.8231253687470108,0.9659685863874345,0.19902912621359223,0.3300536672629696,0.007011866235167206,369,13,1841,1485
CONTRASTIVE,XGBOOST,62,1.0,4000,IID,3051,0.9828534126281738,0.005,0.00468384074941452,0.20750551876379691,13.485626507999996,0.010909860999959164,0.7873022253359577,0.8694921829427572,0.9215686274509803,0.222117202268431,0.357958872810358,0.010035122930255895,235,20,1973,823
CONTRASTIVE,XGBOOST,62,1.0,4000,TEMPORAL,8000,0.9828534126281738,0.005,0.00468384074941452,0.20750551876379691,13.485626507999996,0.0269746500000565,0.8854172391506159,0.8677520000000001,0.9791847354726799,0.28225,0.43819134484766153,0.006,1129,24,3976,2871
CONTRASTIVE,XGBOOST,62,1.0,4000,DOMAIN_OOD,3858,0.9828534126281738,0.005,0.00468384074941452,0.20750551876379691,13.485626507999996,0.013558858000010332,0.8481873426609292,0.8316788232110316,0.9725,0.20165889061689996,0.3340489480463718,0.005702436495593572,389,11,1918,1540
CONTRASTIVE,XGBOOST,62,1.0,4000,TEMPLATE_OOD,6832,0.9828534126281738,0.005,0.00468384074941452,0.20750551876379691,13.485626507999996,0.023282019000021137,0.8854162364843974,0.8661210469810069,0.983419689119171,0.2778103044496487,0.4332344213649852,0.00468384074941452,949,16,3400,2467
CONTRASTIVE,XGBOOST,62,1.0,4000,DOMAIN_TEMPLATE_OOD,3708,0.9828534126281738,0.005,0.00468384074941452,0.20750551876379691,13.485626507999996,0.012746590000006108,0.843174051966882,0.8250041602226854,0.9753424657534246,0.19201725997842503,0.32086525461919785,0.0048543689320388345,356,9,1845,1498
CONTRASTIVE,MLP,62,1.0,4000,IID,3051,0.9902929663658142,0.005,0.00468384074941452,0.23178807947019867,1.7433114149999938,0.021209310000017467,0.8162530822062976,0.8870470085753824,0.9296875,0.22495274102079396,0.3622526636225266,0.009031610637230306,238,18,1975,820
CONTRASTIVE,MLP,62,1.0,4000,TEMPORAL,8000,0.9902929663658142,0.005,0.00468384074941452,0.23178807947019867,1.7433114149999938,0.06079656199995043,0.8961554977657479,0.88007059375,0.9840737636211232,0.2935,0.4521471211245908,0.00475,1174,19,3981,2826
CONTRASTIVE,MLP,62,1.0,4000,DOMAIN_OOD,3858,0.9902929663658142,0.005,0.00468384074941452,0.23178807947019867,1.7433114149999938,0.030565347999981896,0.866638797518571,0.8491225976816703,0.9829683698296837,0.20943494038361846,0.3452991452991453,0.0036288232244686366,404,7,1922,1525
CONTRASTIVE,MLP,62,1.0,4000,TEMPLATE_OOD,6832,0.9902929663658142,0.005,0.00468384074941452,0.23178807947019867,1.7433114149999938,0.05049288099996829,0.8955348688921942,0.878248334741045,0.9851632047477745,0.29156908665105385,0.44996611700926137,0.004391100702576112,996,15,3401,2420
CONTRASTIVE,MLP,62,1.0,4000,DOMAIN_TEMPLATE_OOD,3708,0.9902929663658142,0.005,0.00468384074941452,0.23178807947019867,1.7433114149999938,0.02563862500005598,0.8597325748284164,0.8405590291960355,0.9827586206896551,0.215210355987055,0.3530973451327434,0.0037756202804746495,399,7,1847,1455
BASE,LOGREG,72,0.1,400,IID,3051,0.998500342985107,0.005,0.00468384074941452,0.1434878587196468,0.028623116999938247,0.02638056900002539,0.8407499282741737,0.8973951362851265,0.9728260869565217,0.16918714555765596,0.2882447665056361,0.002508780732563974,179,5,1988,879
BASE,LOGREG,72,0.1,400,TEMPORAL,8000,0.998500342985107,0.005,0.00468384074941452,0.1434878587196468,0.028623116999938247,0.06478047299992795,0.925013646181051,0.9322469374999999,0.9714285714285714,0.1445,0.2515778019586507,0.00425,578,17,3983,3422
BASE,LOGREG,72,0.1,400,DOMAIN_OOD,3858,0.998500342985107,0.005,0.00468384074941452,0.1434878587196468,0.028623116999938247,0.023832747000028576,0.9012352664105068,0.913931343406321,0.9452554744525548,0.13426645930533956,0.2351339083068543,0.007776049766718507,259,15,1914,1670
BASE,LOGREG,72,0.1,400,TEMPLATE_OOD,6832,0.998500342985107,0.005,0.00468384074941452,0.1434878587196468,0.028623116999938247,0.04267549900009726,0.9162784283597804,0.9251240203149251,0.9643605870020965,0.13466042154566746,0.23632160287695864,0.004976580796252928,460,17,3399,2956
BASE,LOGREG,72,0.1,400,DOMAIN_TEMPLATE_OOD,3708,0.998500342985107,0.005,0.00468384074941452,0.1434878587196468,0.028623116999938247,0.020125158000041665,0.8943362936326795,0.9067665003741291,0.9431818181818182,0.1343042071197411,0.23512747875354106,0.008090614886731391,249,15,1839,1605
BASE,XGBOOST,72,0.1,400,IID,3051,0.9925349354743958,0.005,0.00468384074941452,0.26490066225165565,2.0547093789999735,0.0077684540000291236,0.8200907226720282,0.8867373235435555,0.9636363636363636,0.2504725897920605,0.3975993998499625,0.005017561465127948,265,10,1983,793
BASE,XGBOOST,72,0.1,400,TEMPORAL,8000,0.9925349354743958,0.005,0.00468384074941452,0.26490066225165565,2.0547093789999735,0.017798609999999826,0.8926100362029488,0.9047052499999999,0.9539078156312625,0.119,0.2116025783507446,0.00575,476,23,3977,3524
BASE,XGBOOST,72,0.1,400,DOMAIN_OOD,3858,0.9925349354743958,0.005,0.00468384074941452,0.26490066225165565,2.0547093789999735,0.009119911999960095,0.8492352701699688,0.8709259048744693,0.9254658385093167,0.07724209434940384,0.14258373205741626,0.006220839813374806,149,12,1917,1780
BASE,XGBOOST,72,0.1,400,TEMPLATE_OOD,6832,0.9925349354743958,0.005,0.00468384074941452,0.26490066225165565,2.0547093789999735,0.015851333000000523,0.8825154662309138,0.895825677758338,0.944578313253012,0.11475409836065574,0.20464630644740275,0.006733021077283372,392,23,3393,3024
BASE,XGBOOST,72,0.1,400,DOMAIN_TEMPLATE_OOD,3708,0.9925349354743958,0.005,0.00468384074941452,0.26490066225165565,2.0547093789999735,0.008691808999969908,0.8401710716920899,0.8602284456826197,0.9289940828402367,0.08468176914778856,0.15521502718734553,0.006472491909385114,157,12,1842,1697
BASE,MLP,72,0.1,400,IID,3051,0.9986127018928528,0.005,0.00468384074941452,0.2803532008830022,0.24594270500006132,0.0217157079999879,0.8437032626911638,0.9012825607964359,0.9625,0.29111531190926276,0.44702467343976776,0.006021073758153537,308,12,1981,750
BASE,MLP,72,0.1,400,TEMPORAL,8000,0.9986127018928528,0.005,0.00468384074941452,0.2803532008830022,0.24594270500006132,0.05709702299998298,0.9174490261676487,0.92357390625,0.9708920187793427,0.2585,0.40829220138203354,0.00775,1034,31,3969,2966
BASE,MLP,72,0.1,400,DOMAIN_OOD,3858,0.9986127018928528,0.005,0.00468384074941452,0.2803532008830022,0.24594270500006132,0.026119124000047123,0.8712317389426518,0.8917677875626742,0.9244712990936556,0.15863141524105753,0.27079646017699116,0.012960082944530845,306,25,1904,1623
BASE,MLP,72,0.1,400,TEMPLATE_OOD,6832,0.9986127018928528,0.005,0.00468384074941452,0.2803532008830022,0.24594270500006132,0.04514816400001109,0.9093181388167847,0.9163899804748559,0.9656699889258029,0.25526932084309134,0.4037971752720537,0.009074941451990632,872,31,3385,2544
BASE,MLP,72,0.1,400,DOMAIN_TEMPLATE_OOD,3708,0.9986127018928528,0.005,0.00468384074941452,0.2803532008830022,0.24594270500006132,0.025622287000032884,0.8621875935591705,0.882750378492987,0.919093851132686,0.15318230852211434,0.26259824318076747,0.01348435814455232,284,25,1829,1570
DAPT,LOGREG,72,0.1,400,IID,3051,0.9970574629277877,0.005,0.00468384074941452,0.12582781456953643,0.030677650000029644,0.026516610999919976,0.8433749936810653,0.895824895641361,0.9666666666666667,0.13705103969754254,0.24006622516556292,0.002508780732563974,145,5,1988,913
DAPT,LOGREG,72,0.1,400,TEMPORAL,8000,0.9970574629277877,0.005,0.00468384074941452,0.12582781456953643,0.030677650000029644,0.08806610999999975,0.9225213574727441,0.92564925,0.9804469273743017,0.08775,0.16108306562643415,0.00175,351,7,3993,3649
DAPT,LOGREG,72,0.1,400,DOMAIN_OOD,3858,0.9970574629277877,0.005,0.00468384074941452,0.12582781456953643,0.030677650000029644,0.02717962899998838,0.8896127834535545,0.903322215476798,0.9571428571428572,0.06946604458268534,0.12953117448042534,0.003110419906687403,134,6,1923,1795
DAPT,LOGREG,72,0.1,400,TEMPLATE_OOD,6832,0.9970574629277877,0.005,0.00468384074941452,0.12582781456953643,0.030677650000029644,0.05347387900008016,0.914617562814465,0.9198686680396426,0.9766666666666667,0.0857728337236534,0.15769644779332614,0.0020491803278688526,293,7,3409,3123
DAPT,LOGREG,72,0.1,400,DOMAIN_TEMPLATE_OOD,3708,0.9970574629277877,0.005,0.00468384074941452,0.12582781456953643,0.030677650000029644,0.02000686599990331,0.8782842397749882,0.8929170317771191,0.952,0.06418554476806904,0.12026275896917635,0.003236245954692557,119,6,1848,1735
DAPT,XGBOOST,72,0.1,400,IID,3051,0.9973386526107788,0.005,0.00468384074941452,0.09050772626931568,1.9210390939999797,0.0070637320000059844,0.7872256486890885,0.8731092851445087,0.9357798165137615,0.09640831758034027,0.17480719794344474,0.0035122930255895636,102,7,1986,956
DAPT,XGBOOST,72,0.1,400,TEMPORAL,8000,0.9973386526107788,0.005,0.00468384074941452,0.09050772626931568,1.9210390939999797,0.017410935000043537,0.884996898704869,0.8930410000000001,0.9716981132075472,0.0515,0.09781576448243115,0.0015,206,6,3994,3794
DAPT,XGBOOST,72,0.1,400,DOMAIN_OOD,3858,0.9973386526107788,0.005,0.00468384074941452,0.09050772626931568,1.9210390939999797,0.009058463999963351,0.8299142443524469,0.8591332371774458,0.918918918918919,0.0352514256091239,0.06789815277084374,0.003110419906687403,68,6,1923,1861
DAPT,XGBOOST,72,0.1,400,TEMPLATE_OOD,6832,0.9973386526107788,0.005,0.00468384074941452,0.09050772626931568,1.9210390939999797,0.015551523999988603,0.8784002128951791,0.8899325703810145,0.9651162790697675,0.04859484777517564,0.09253065774804906,0.001756440281030445,166,6,3410,3250
DAPT,XGBOOST,72,0.1,400,DOMAIN_TEMPLATE_OOD,3708,0.9973386526107788,0.005,0.00468384074941452,0.09050772626931568,1.9210390939999797,0.008614072000000306,0.8141975561256012,0.8449228991457288,0.9076923076923077,0.03182308522114347,0.061490359562272015,0.003236245954692557,59,6,1848,1795
DAPT,MLP,72,0.1,400,IID,3051,0.996471107006073,0.005,0.00468384074941452,0.1346578366445916,0.25938420600004974,0.022776983999960976,0.8356786661899009,0.8922158556839296,0.968,0.11436672967863894,0.20456466610312765,0.002007024586051179,121,4,1989,937
DAPT,MLP,72,0.1,400,TEMPORAL,8000,0.996471107006073,0.005,0.00468384074941452,0.1346578366445916,0.25938420600004974,0.060799115000008896,0.9219385096379451,0.922202,0.9887459807073955,0.15375,0.2661185633924708,0.00175,615,7,3993,3385
DAPT,MLP,72,0.1,400,DOMAIN_OOD,3858,0.996471107006073,0.005,0.00468384074941452,0.1346578366445916,0.25938420600004974,0.02843534799990266,0.8832482522288178,0.8939772499147416,0.968421052631579,0.09538621047174702,0.17366682397357244,0.003110419906687403,184,6,1923,1745
DAPT,MLP,72,0.1,400,TEMPLATE_OOD,6832,0.996471107006073,0.005,0.00468384074941452,0.1346578366445916,0.25938420600004974,0.04737292499999057,0.9152335206793778,0.9169112737140005,0.9869888475836431,0.15544496487119439,0.26858877086494687,0.0020491803278688526,531,7,3409,2885
DAPT,MLP,72,0.1,400,DOMAIN_TEMPLATE_OOD,3708,0.996471107006073,0.005,0.00468384074941452,0.1346578366445916,0.25938420600004974,0.025960144000009677,0.8721081000366391,0.8827061579441633,0.9672131147540983,0.09546925566343042,0.17378497790868924,0.003236245954692557,177,6,1848,1677
CONTRASTIVE,LOGREG,72,0.1,400,IID,3051,0.9911401084279545,0.005,0.00468384074941452,0.1368653421633554,0.021350437000023703,0.02519098200002645,0.714158115630779,0.8162884841747629,0.8817204301075269,0.15500945179584122,0.26366559485530544,0.011038635223281485,164,22,1971,894
CONTRASTIVE,LOGREG,72,0.1,400,TEMPORAL,8000,0.9911401084279545,0.005,0.00468384074941452,0.1368653421633554,0.021350437000023703,0.08114807499998733,0.821520760175747,0.8161858124999999,0.9510961214165261,0.141,0.24559111691704769,0.00725,564,29,3971,3436
CONTRASTIVE,LOGREG,72,0.1,400,DOMAIN_OOD,3858,0.9911401084279545,0.005,0.00468384074941452,0.1368653421633554,0.021350437000023703,0.023583606999977746,0.7733443184442788,0.7760239674865179,0.9205607476635514,0.10212545360290305,0.1838544097060196,0.008812856402280975,197,17,1912,1732
CONTRASTIVE,LOGREG,72,0.1,400,TEMPLATE_OOD,6832,0.9911401084279545,0.005,0.00468384074941452,0.1368653421633554,0.021350437000023703,0.04308581700001923,0.8170254753112712,0.8116944506907844,0.9517102615694165,0.13846604215456673,0.24175824175824176,0.00702576112412178,473,24,3392,2943
CONTRASTIVE,LOGREG,72,0.1,400,DOMAIN_TEMPLATE_OOD,3708,0.9911401084279545,0.005,0.00468384074941452,0.1368653421633554,0.021350437000023703,0.019981081999958406,0.764440500316359,0.7670432395508588,0.918918918918919,0.09169363538295577,0.16674840608141245,0.008090614886731391,170,15,1839,1684
CONTRASTIVE,XGBOOST,72,0.1,400,IID,3051,0.9850609302520752,0.005,0.00468384074941452,0.10375275938189846,2.739367785000013,0.008157773999982965,0.6994203602177599,0.797716867258467,0.928,0.10964083175803403,0.19611158072696533,0.004515805318615153,116,9,1984,942
CONTRASTIVE,XGBOOST,72,0.1,400,TEMPORAL,8000,0.9850609302520752,0.005,0.00468384074941452,0.10375275938189846,2.739367785000013,0.02087270399999852,0.8188591472067708,0.8070685,0.9540918163672655,0.1195,0.21239724505665408,0.00575,478,23,3977,3522
CONTRASTIVE,XGBOOST,72,0.1,400,DOMAIN_OOD,3858,0.9850609302520752,0.005,0.00468384074941452,0.10375275938189846,2.739367785000013,0.010269188000052054,0.7833336128847823,0.7732521624996876,0.9378531073446328,0.08605495075168482,0.157644824311491,0.005702436495593572,166,11,1918,1763
CONTRASTIVE,XGBOOST,72,0.1,400,TEMPLATE_OOD,6832,0.9850609302520752,0.005,0.00468384074941452,0.10375275938189846,2.739367785000013,0.01765861199999108,0.8191994438126784,0.8060304106861772,0.9556650246305419,0.11358313817330211,0.2030350601779173,0.005269320843091335,388,18,3398,3028
CONTRASTIVE,XGBOOST,72,0.1,400,DOMAIN_TEMPLATE_OOD,3708,0.9850609302520752,0.005,0.00468384074941452,0.10375275938189846,2.739367785000013,0.009784292000063033,0.7761022761184407,0.7699457949167315,0.916030534351145,0.06472491909385113,0.12090680100755667,0.005933117583603021,120,11,1843,1734
CONTRASTIVE,MLP,72,0.1,400,IID,3051,0.9990769028663635,0.005,0.00468384074941452,0.12141280353200883,0.33100435799997285,0.021881988000018282,0.7493475464179592,0.8425955873914088,0.9054054054054054,0.1266540642722117,0.2222222222222222,0.007024586051179127,134,14,1979,924
CONTRASTIVE,MLP,72,0.1,400,TEMPORAL,8000,0.9990769028663635,0.005,0.00468384074941452,0.12141280353200883,0.33100435799997285,0.060789167999928395,0.834229493955926,0.82331765625,0.951310861423221,0.127,0.22408469342743714,0.0065,508,26,3974,3492
CONTRASTIVE,MLP,72,0.1,400,DOMAIN_OOD,3858,0.9990769028663635,0.005,0.00468384074941452,0.12141280353200883,0.33100435799997285,0.03188214799990874,0.7925326923902565,0.788064012194437,0.9103448275862069,0.06842923794712286,0.12729026036644167,0.00673924313115604,132,13,1916,1797
CONTRASTIVE,MLP,72,0.1,400,TEMPLATE_OOD,6832,0.9990769028663635,0.005,0.00468384074941452,0.12141280353200883,0.33100435799997285,0.04950246300006711,0.8342894953557086,0.8236361193227627,0.9590909090909091,0.12353629976580796,0.21887966804979253,0.005269320843091335,422,18,3398,2994
CONTRASTIVE,MLP,72,0.1,400,DOMAIN_TEMPLATE_OOD,3708,0.9990769028663635,0.005,0.00468384074941452,0.12141280353200883,0.33100435799997285,0.027145042000029207,0.781608076299622,0.777585040188333,0.905511811023622,0.06202804746494067,0.11610297829379101,0.006472491909385114,115,12,1842,1739
BASE,LOGREG,72,0.25,1000,IID,3051,0.9989858339222909,0.005,0.00468384074941452,0.16556291390728478,0.4372663130000092,0.03992844599997625,0.8698071635488769,0.9114134821592018,0.9735449735449735,0.17391304347826086,0.2951082598235766,0.002508780732563974,184,5,1988,874
BASE,LOGREG,72,0.25,1000,TEMPORAL,8000,0.9989858339222909,0.005,0.00468384074941452,0.16556291390728478,0.4372663130000092,0.05163526399996954,0.944772042320277,0.944207,0.9889349930843707,0.17875,0.30277366080880797,0.002,715,8,3992,3285
BASE,LOGREG,72,0.25,1000,DOMAIN_OOD,3858,0.9989858339222909,0.005,0.00468384074941452,0.16556291390728478,0.4372663130000092,0.024817218000066532,0.9250716547003521,0.926298581499102,0.981651376146789,0.16640746500777606,0.2845744680851064,0.003110419906687403,321,6,1923,1608
BASE,LOGREG,72,0.25,1000,TEMPLATE_OOD,6832,0.9989858339222909,0.005,0.00468384074941452,0.16556291390728478,0.4372663130000092,0.04254937199993947,0.939581767222561,0.939665128010355,0.986013986013986,0.16510538641686182,0.28284854563691075,0.00234192037470726,564,8,3408,2852
BASE,LOGREG,72,0.25,1000,DOMAIN_TEMPLATE_OOD,3708,0.9989858339222909,0.005,0.00468384074941452,0.16556291390728478,0.4372663130000092,0.020551340999986678,0.9203942810768461,0.9214483044328774,0.9794520547945206,0.15426105717367852,0.26654240447343897,0.003236245954692557,286,6,1848,1568
BASE,XGBOOST,72,0.25,1000,IID,3051,0.9952511191368103,0.005,0.00468384074941452,0.2958057395143488,3.7651436940000167,0.00840745400000742,0.8550983615104757,0.9040763655782005,0.9814241486068112,0.2996219281663516,0.45908761766835626,0.0030105368790767687,317,6,1987,741
BASE,XGBOOST,72,0.25,1000,TEMPORAL,8000,0.9952511191368103,0.005,0.00468384074941452,0.2958057395143488,3.7651436940000167,0.020287983000002896,0.9201493909109851,0.92200278125,0.986159169550173,0.21375,0.3513457982329977,0.003,855,12,3988,3145
BASE,XGBOOST,72,0.25,1000,DOMAIN_OOD,3858,0.9952511191368103,0.005,0.00468384074941452,0.2958057395143488,3.7651436940000167,0.010493733000089378,0.8798253907739193,0.8895894992825931,0.9696969696969697,0.11612234318299637,0.2074074074074074,0.0036288232244686366,224,7,1922,1705
BASE,XGBOOST,72,0.25,1000,TEMPLATE_OOD,6832,0.9952511191368103,0.005,0.00468384074941452,0.2958057395143488,3.7651436940000167,0.01761086199996953,0.9123696786644295,0.9145236341311584,0.9836734693877551,0.21165105386416863,0.34834979523006504,0.00351288056206089,723,12,3404,2693
BASE,XGBOOST,72,0.25,1000,DOMAIN_TEMPLATE_OOD,3708,0.9952511191368103,0.005,0.00468384074941452,0.2958057395143488,3.7651436940000167,0.009584875000086868,0.8707785635239498,0.8813533582597586,0.9691629955947136,0.1186623516720604,0.21143680922633348,0.0037756202804746495,220,7,1847,1634
BASE,MLP,72,0.25,1000,IID,3051,0.9943991899490356,0.005,0.00468384074941452,0.4105960264900662,0.5463181430000077,0.020761030000016945,0.8710656647793592,0.9127736302009776,0.975669099756691,0.3790170132325142,0.5459496255956433,0.005017561465127948,401,10,1983,657
BASE,MLP,72,0.25,1000,TEMPORAL,8000,0.9943991899490356,0.005,0.00468384074941452,0.4105960264900662,0.5463181430000077,0.057927543000005244,0.9404459686642013,0.9363860312500001,0.9861660079051383,0.37425,0.5425878941645523,0.00525,1497,21,3979,2503
BASE,MLP,72,0.25,1000,DOMAIN_OOD,3858,0.9943991899490356,0.005,0.00468384074941452,0.4105960264900662,0.5463181430000077,0.026380492000043887,0.9119091733156228,0.9105302790267562,0.968365553602812,0.2856402280974598,0.4411529223378703,0.00933125972006221,551,18,1911,1378
BASE,MLP,72,0.25,1000,TEMPLATE_OOD,6832,0.9943991899490356,0.005,0.00468384074941452,0.4105960264900662,0.5463181430000077,0.046273507999899266,0.9353758454933137,0.931061304359153,0.9836065573770492,0.36885245901639346,0.5365126676602087,0.006147540983606557,1260,21,3395,2156
BASE,MLP,72,0.25,1000,DOMAIN_TEMPLATE_OOD,3708,0.9943991899490356,0.005,0.00468384074941452,0.4105960264900662,0.5463181430000077,0.025804038000046603,0.9041990061073157,0.9031497249598233,0.9659090909090909,0.2750809061488673,0.4282115869017632,0.009708737864077669,510,18,1836,1344
DAPT,LOGREG,72,0.25,1000,IID,3051,0.9977443476658041,0.005,0.00468384074941452,0.18543046357615894,0.4621317659999704,0.0179334109999445,0.8689076283521502,0.9067425971998403,0.9944444444444445,0.16918714555765596,0.28917609046849757,0.0005017561465127947,179,1,1992,879
DAPT,LOGREG,72,0.25,1000,TEMPORAL,8000,0.9977443476658041,0.005,0.00468384074941452,0.18543046357615894,0.4621317659999704,0.0780979239999624,0.939561744848182,0.94104925,0.9810126582278481,0.155,0.26770293609671847,0.003,620,12,3988,3380
DAPT,LOGREG,72,0.25,1000,DOMAIN_OOD,3858,0.9977443476658041,0.005,0.00468384074941452,0.18543046357615894,0.4621317659999704,0.023767758000076356,0.9134673400235803,0.9218232209749906,0.967479674796748,0.12337998963193364,0.2188505747126437,0.00414722654224987,238,8,1921,1691
DAPT,LOGREG,72,0.25,1000,TEMPLATE_OOD,6832,0.9977443476658041,0.005,0.00468384074941452,0.18543046357615894,0.4621317659999704,0.04247874900011084,0.9338931499474105,0.9367324143443994,0.9763313609467456,0.1449063231850117,0.2523578893703798,0.00351288056206089,495,12,3404,2921
DAPT,LOGREG,72,0.25,1000,DOMAIN_TEMPLATE_OOD,3708,0.9977443476658041,0.005,0.00468384074941452,0.18543046357615894,0.4621317659999704,0.02030292000006284,0.9049071300453214,0.9140250707237855,0.9620853080568721,0.10949298813376483,0.19661016949152543,0.004314994606256742,203,8,1846,1651
DAPT,XGBOOST,72,0.25,1000,IID,3051,0.9956239461898804,0.005,0.00468384074941452,0.2869757174392936,3.4496574180000152,0.007981629999903816,0.8506150353210512,0.8986049471828145,0.9735973597359736,0.27882797731569,0.43350477590007347,0.004014049172102358,295,8,1985,763
DAPT,XGBOOST,72,0.25,1000,TEMPORAL,8000,0.9956239461898804,0.005,0.00468384074941452,0.2869757174392936,3.4496574180000152,0.019414927999946485,0.9194809938092624,0.9179341250000002,0.9904076738609112,0.2065,0.341745966073645,0.002,826,8,3992,3174
DAPT,XGBOOST,72,0.25,1000,DOMAIN_OOD,3858,0.9956239461898804,0.005,0.00468384074941452,0.2869757174392936,3.4496574180000152,0.009877254999992147,0.8809007146887394,0.8916717122977145,0.9734848484848485,0.1332296526697771,0.23438212494300045,0.0036288232244686366,257,7,1922,1672
DAPT,XGBOOST,72,0.25,1000,TEMPLATE_OOD,6832,0.9956239461898804,0.005,0.00468384074941452,0.2869757174392936,3.4496574180000152,0.016536212000005435,0.9149316622633499,0.9144481781559709,0.9884393063583815,0.20023419203747073,0.3330087633885102,0.00234192037470726,684,8,3408,2732
DAPT,XGBOOST,72,0.25,1000,DOMAIN_TEMPLATE_OOD,3708,0.9956239461898804,0.005,0.00468384074941452,0.2869757174392936,3.4496574180000152,0.009407286000055137,0.8687326700830855,0.8802673364916115,0.9704641350210971,0.12405609492988134,0.21999043519846964,0.0037756202804746495,230,7,1847,1624
DAPT,MLP,72,0.25,1000,IID,3051,0.9796397686004639,0.005,0.00468384074941452,0.39072847682119205,0.5900706880000826,0.025261844000056044,0.8579316103592832,0.9028196039635891,0.9770408163265306,0.3620037807183365,0.5282758620689655,0.004515805318615153,383,9,1984,675
DAPT,MLP,72,0.25,1000,TEMPORAL,8000,0.9796397686004639,0.005,0.00468384074941452,0.39072847682119205,0.5900706880000826,0.05651322300002448,0.9386520149561229,0.9368723124999999,0.9885714285714285,0.346,0.5125925925925926,0.004,1384,16,3984,2616
DAPT,MLP,72,0.25,1000,DOMAIN_OOD,3858,0.9796397686004639,0.005,0.00468384074941452,0.39072847682119205,0.5900706880000826,0.025453356000070926,0.906808964017693,0.9129208734867473,0.9755011135857461,0.22706065318818042,0.368376787216148,0.005702436495593572,438,11,1918,1491
DAPT,MLP,72,0.25,1000,TEMPLATE_OOD,6832,0.9796397686004639,0.005,0.00468384074941452,0.39072847682119205,0.5900706880000826,0.047377586999914456,0.9331810867838117,0.9319745316159251,0.9871134020618557,0.3363583138173302,0.5017467248908297,0.004391100702576112,1149,15,3401,2267
DAPT,MLP,72,0.25,1000,DOMAIN_TEMPLATE_OOD,3708,0.9796397686004639,0.005,0.00468384074941452,0.39072847682119205,0.5900706880000826,0.027168461999963256,0.8972413665739544,0.9042095635082721,0.9729064039408867,0.21305285868392665,0.3495575221238938,0.005933117583603021,395,11,1843,1459
CONTRASTIVE,LOGREG,72,0.25,1000,IID,3051,0.9946551509309843,0.005,0.00468384074941452,0.16997792494481237,0.26642827199998464,0.034961396999960925,0.7717363743621909,0.8533572608098097,0.9082125603864735,0.1776937618147448,0.2972332015810277,0.009533366783743101,188,19,1974,870
CONTRASTIVE,LOGREG,72,0.25,1000,TEMPORAL,8000,0.9946551509309843,0.005,0.00468384074941452,0.16997792494481237,0.26642827199998464,0.05382359299994732,0.8777443194767145,0.8701076249999999,0.9663760896637609,0.194,0.3231313762231938,0.00675,776,27,3973,3224
CONTRASTIVE,LOGREG,72,0.25,1000,DOMAIN_OOD,3858,0.9946551509309843,0.005,0.00468384074941452,0.16997792494481237,0.26642827199998464,0.02316931999996541,0.8437344968059506,0.8392702472238278,0.9488817891373802,0.15396578538102643,0.2649420160570919,0.00829445308449974,297,16,1913,1632
CONTRASTIVE,LOGREG,72,0.25,1000,TEMPLATE_OOD,6832,0.9946551509309843,0.005,0.00468384074941452,0.16997792494481237,0.26642827199998464,0.043604146999996374,0.8754429136881272,0.8676271670990352,0.9663608562691132,0.18501170960187355,0.31056511056511055,0.006440281030444965,632,22,3394,2784
CONTRASTIVE,LOGREG,72,0.25,1000,DOMAIN_TEMPLATE_OOD,3708,0.9946551509309843,0.005,0.00468384074941452,0.16997792494481237,0.26642827199998464,0.020004414000027282,0.8358664718708799,0.832232183482694,0.9429657794676806,0.133764832793959,0.23429381199811053,0.008090614886731391,248,15,1839,1606
CONTRASTIVE,XGBOOST,72,0.25,1000,IID,3051,0.9899430871009827,0.005,0.00468384074941452,0.16997792494481237,5.373974956999973,0.009823492000009537,0.7384488914314971,0.8287304241594161,0.8959276018099548,0.18714555765595464,0.3096168881939015,0.01154039136979428,198,23,1970,860
CONTRASTIVE,XGBOOST,72,0.25,1000,TEMPORAL,8000,0.9899430871009827,0.005,0.00468384074941452,0.16997792494481237,5.373974956999973,0.02376122399994074,0.8509640144256254,0.8379102812499999,0.967479674796748,0.1785,0.30139299282397636,0.006,714,24,3976,3286
CONTRASTIVE,XGBOOST,72,0.25,1000,DOMAIN_OOD,3858,0.9899430871009827,0.005,0.00468384074941452,0.16997792494481237,5.373974956999973,0.012550638999982766,0.816072292218059,0.8058027310099511,0.9484126984126984,0.12389839294971487,0.21916552040348464,0.00673924313115604,239,13,1916,1690
CONTRASTIVE,XGBOOST,72,0.25,1000,TEMPLATE_OOD,6832,0.9899430871009827,0.005,0.00468384074941452,0.16997792494481237,5.373974956999973,0.021052570000051674,0.8523446319499849,0.8375769642377241,0.9751655629139073,0.172423887587822,0.2930348258706468,0.004391100702576112,589,15,3401,2827
CONTRASTIVE,XGBOOST,72,0.25,1000,DOMAIN_TEMPLATE_OOD,3708,0.9899430871009827,0.005,0.00468384074941452,0.16997792494481237,5.373974956999973,0.011156228000004376,0.8105257348775485,0.8006910042603008,0.9481132075471698,0.10841423948220065,0.19457889641819942,0.005933117583603021,201,11,1843,1653
CONTRASTIVE,MLP,72,0.25,1000,IID,3051,0.9998149871826172,0.005,0.00468384074941452,0.11699779249448124,0.6211302329999171,0.021332134999966,0.7720865346205507,0.8599554964113528,0.9256756756756757,0.12948960302457466,0.22719734660033167,0.0055193176116407425,137,11,1982,921
CONTRASTIVE,MLP,72,0.25,1000,TEMPORAL,8000,0.9998149871826172,0.005,0.00468384074941452,0.11699779249448124,0.6211302329999171,0.05935485300005894,0.8683847932890226,0.8610915625,0.9675925925925926,0.1045,0.18862815884476533,0.0035,418,14,3986,3582
CONTRASTIVE,MLP,72,0.25,1000,DOMAIN_OOD,3858,0.9998149871826172,0.005,0.00468384074941452,0.11699779249448124,0.6211302329999171,0.02754597900002409,0.8308823628551516,0.8294790355709596,0.9246575342465754,0.06998444790046657,0.13012048192771083,0.005702436495593572,135,11,1918,1794
CONTRASTIVE,MLP,72,0.25,1000,TEMPLATE_OOD,6832,0.9998149871826172,0.005,0.00468384074941452,0.11699779249448124,0.6211302329999171,0.04636975299990809,0.8702607291626663,0.8618042453476957,0.9660056657223796,0.09982435597189696,0.18094985407269834,0.00351288056206089,341,12,3404,3075
CONTRASTIVE,MLP,72,0.25,1000,DOMAIN_TEMPLATE_OOD,3708,0.9998149871826172,0.005,0.00468384074941452,0.11699779249448124,0.6211302329999171,0.02660820199992031,0.8237199104803565,0.8215901592987087,0.9173553719008265,0.059870550161812294,0.11240506329113924,0.005393743257820928,111,10,1844,1743
BASE,LOGREG,72,1.0,4000,IID,3051,0.994125237692969,0.005,0.00468384074941452,0.3333333333333333,0.6015505799999801,0.036132666999947105,0.8961567104863788,0.9208311320244674,0.987460815047022,0.29773156899810965,0.45751633986928103,0.002007024586051179,315,4,1989,743
BASE,LOGREG,72,1.0,4000,TEMPORAL,8000,0.994125237692969,0.005,0.00468384074941452,0.3333333333333333,0.6015505799999801,0.0642877469999803,0.9499098889746075,0.9445268124999998,0.99153194765204,0.322,0.4861294583883752,0.00275,1288,11,3989,2712
BASE,LOGREG,72,1.0,4000,DOMAIN_OOD,3858,0.994125237692969,0.005,0.00468384074941452,0.3333333333333333,0.6015505799999801,0.021350811000047543,0.925876188699382,0.9218968562829595,0.982532751091703,0.2332814930015552,0.3770423125261835,0.00414722654224987,450,8,1921,1479
BASE,LOGREG,72,1.0,4000,TEMPLATE_OOD,6832,0.994125237692969,0.005,0.00468384074941452,0.3333333333333333,0.6015505799999801,0.04397043100004794,0.9457954310921128,0.9402790594200594,0.9900090826521344,0.3190866510538642,0.4826212087668807,0.0032201405152224825,1090,11,3405,2326
BASE,LOGREG,72,1.0,4000,DOMAIN_TEMPLATE_OOD,3708,0.994125237692969,0.005,0.00468384074941452,0.3333333333333333,0.6015505799999801,0.020335792999958358,0.9213074954291286,0.9175894796986951,0.9809069212410502,0.22168284789644013,0.3616366036075671,0.004314994606256742,411,8,1846,1443
BASE,XGBOOST,72,1.0,4000,IID,3051,0.988169252872467,0.005,0.00468384074941452,0.45253863134657835,10.802303974999973,0.010586708999994698,0.8892955810397788,0.9239953257952929,0.9889867841409692,0.42438563327032136,0.593915343915344,0.002508780732563974,449,5,1988,609
BASE,XGBOOST,72,1.0,4000,TEMPORAL,8000,0.988169252872467,0.005,0.00468384074941452,0.45253863134657835,10.802303974999973,0.026433387000110997,0.9453749255893922,0.9421221562500001,0.9929577464788732,0.38775,0.5577130528586839,0.00275,1551,11,3989,2449
BASE,XGBOOST,72,1.0,4000,DOMAIN_OOD,3858,0.988169252872467,0.005,0.00468384074941452,0.45253863134657835,10.802303974999973,0.012945527999931983,0.9199436676020775,0.918286173143483,0.9875666074600356,0.288232244686366,0.4462279293739968,0.0036288232244686366,556,7,1922,1373
BASE,XGBOOST,72,1.0,4000,TEMPLATE_OOD,6832,0.988169252872467,0.005,0.00468384074941452,0.45253863134657835,10.802303974999973,0.023121506999927988,0.9396827179748242,0.936204522456658,0.9922420480993018,0.3744145199063232,0.5436769394261424,0.002927400468384075,1279,10,3406,2137
BASE,XGBOOST,72,1.0,4000,DOMAIN_TEMPLATE_OOD,3708,0.988169252872467,0.005,0.00468384074941452,0.45253863134657835,10.802303974999973,0.0125746319999962,0.9124643096248397,0.9109049037097549,0.9875518672199171,0.25674217907227614,0.4075342465753425,0.003236245954692557,476,6,1848,1378
BASE,MLP,72,1.0,4000,IID,3051,0.9977352023124695,0.005,0.00468384074941452,0.41721854304635764,2.029886766000004,0.021455757000012454,0.8933882161115583,0.9227750814049551,0.9829683698296837,0.3818525519848771,0.5500340367597005,0.0035122930255895636,404,7,1986,654
BASE,MLP,72,1.0,4000,TEMPORAL,8000,0.9977352023124695,0.005,0.00468384074941452,0.41721854304635764,2.029886766000004,0.05872177400010514,0.9533543411988284,0.94774221875,0.993844049247606,0.36325,0.532039545953863,0.00225,1453,9,3991,2547
BASE,MLP,72,1.0,4000,DOMAIN_OOD,3858,0.9977352023124695,0.005,0.00468384074941452,0.41721854304635764,2.029886766000004,0.030237522999982502,0.9384129244635855,0.9322211176926026,0.9906716417910447,0.27527216174183516,0.4308316430020284,0.002592016588906169,531,5,1924,1398
BASE,MLP,72,1.0,4000,TEMPLATE_OOD,6832,0.9977352023124695,0.005,0.00468384074941452,0.41721854304635764,2.029886766000004,0.05019390600000406,0.9499608498549342,0.9441220009570612,0.993214588634436,0.3427985948477752,0.5096844396082698,0.00234192037470726,1171,8,3408,2245
BASE,MLP,72,1.0,4000,DOMAIN_TEMPLATE_OOD,3708,0.9977352023124695,0.005,0.00468384074941452,0.41721854304635764,2.029886766000004,0.02550650500006668,0.9339594439194417,0.9281613910388221,0.9889135254988913,0.2405609492988134,0.38698481561822123,0.002696871628910464,446,5,1849,1408
DAPT,LOGREG,72,1.0,4000,IID,3051,0.9943872366658331,0.005,0.00468384074941452,0.36423841059602646,0.6202724390000185,0.040482183999984045,0.9007683851735581,0.9266919093955497,0.991044776119403,0.31379962192816635,0.4766690595836324,0.0015052684395383843,332,3,1990,726
DAPT,LOGREG,72,1.0,4000,TEMPORAL,8000,0.9943872366658331,0.005,0.00468384074941452,0.36423841059602646,0.6202724390000185,0.05761347300006037,0.9514064166989107,0.9466101874999999,0.9959481361426256,0.30725,0.4696217042414979,0.00125,1229,5,3995,2771
DAPT,LOGREG,72,1.0,4000,DOMAIN_OOD,3858,0.9943872366658331,0.005,0.00468384074941452,0.36423841059602646,0.6202724390000185,0.027627053999935924,0.9276714404979072,0.92552111089343,0.9900249376558603,0.20580611715914982,0.3407725321888412,0.002073613271124935,397,4,1925,1532
DAPT,LOGREG,72,1.0,4000,TEMPLATE_OOD,6832,0.9943872366658331,0.005,0.00468384074941452,0.36423841059602646,0.6202724390000185,0.04156063200002791,0.9472330428058566,0.9428487617164575,0.9950835791543756,0.2962529274004684,0.456575682382134,0.0014637002341920376,1012,5,3411,2404
DAPT,LOGREG,72,1.0,4000,DOMAIN_TEMPLATE_OOD,3708,0.9943872366658331,0.005,0.00468384074941452,0.36423841059602646,0.6202724390000185,0.01988435999999183,0.9220500045301339,0.9202686049231436,0.9880597014925373,0.17853290183387271,0.30242119689355873,0.002157497303128371,331,4,1850,1523
DAPT,XGBOOST,72,1.0,4000,IID,3051,0.9865362644195557,0.005,0.00468384074941452,0.48344370860927155,10.033324340000036,0.010827438999967853,0.8942471490556444,0.9277362071598421,0.9917864476386037,0.45652173913043476,0.625242718446602,0.002007024586051179,483,4,1989,575
DAPT,XGBOOST,72,1.0,4000,TEMPORAL,8000,0.9865362644195557,0.005,0.00468384074941452,0.48344370860927155,10.033324340000036,0.026503558999934285,0.9448297159722747,0.9406458437499999,0.9904580152671756,0.38925,0.5588657573582196,0.00375,1557,15,3985,2443
DAPT,XGBOOST,72,1.0,4000,DOMAIN_OOD,3858,0.9865362644195557,0.005,0.00468384074941452,0.48344370860927155,10.033324340000036,0.013660283000035633,0.9205524382403131,0.9197885752938493,0.9802158273381295,0.28252980819077245,0.4386317907444668,0.005702436495593572,545,11,1918,1384
DAPT,XGBOOST,72,1.0,4000,TEMPLATE_OOD,6832,0.9865362644195557,0.005,0.00468384074941452,0.48344370860927155,10.033324340000036,0.022613959000068462,0.9409230329115832,0.9368293802000778,0.9893536121673003,0.38085480093676816,0.5499894314098499,0.004098360655737705,1301,14,3402,2115
DAPT,XGBOOST,72,1.0,4000,DOMAIN_TEMPLATE_OOD,3708,0.9865362644195557,0.005,0.00468384074941452,0.48344370860927155,10.033324340000036,0.012353921999988415,0.9120035379358054,0.9114535876247629,0.9777327935222672,0.2605177993527508,0.41141396933560476,0.005933117583603021,483,11,1843,1371
DAPT,MLP,72,1.0,4000,IID,3051,0.9905256628990173,0.005,0.00468384074941452,0.47902869757174393,1.894998421000082,0.0214960839999776,0.8984376816851006,0.9290702714699937,0.9759519038076152,0.4603024574669187,0.6255619781631342,0.006021073758153537,487,12,1981,571
DAPT,MLP,72,1.0,4000,TEMPORAL,8000,0.9905256628990173,0.005,0.00468384074941452,0.47902869757174393,1.894998421000082,0.057630585999959294,0.9525932219962845,0.949862,0.9916815210932858,0.41725,0.5873658279077951,0.0035,1669,14,3986,2331
DAPT,MLP,72,1.0,4000,DOMAIN_OOD,3858,0.9905256628990173,0.005,0.00468384074941452,0.47902869757174393,1.894998421000082,0.030528935999996065,0.9272215660435278,0.9263617358690753,0.9867768595041322,0.3094867807153966,0.4711917916337806,0.00414722654224987,597,8,1921,1332
DAPT,MLP,72,1.0,4000,TEMPLATE_OOD,6832,0.9905256628990173,0.005,0.00468384074941452,0.47902869757174393,1.894998421000082,0.055416553999975804,0.9476323346577309,0.9446291970832945,0.9912980420594634,0.400175644028103,0.5701772679874869,0.00351288056206089,1367,12,3404,2049
DAPT,MLP,72,1.0,4000,DOMAIN_TEMPLATE_OOD,3708,0.9905256628990173,0.005,0.00468384074941452,0.47902869757174393,1.894998421000082,0.02783611099994232,0.9202464015581905,0.9196230430952521,0.9847908745247148,0.27939590075512405,0.43529411764705883,0.004314994606256742,518,8,1846,1336
CONTRASTIVE,LOGREG,72,1.0,4000,IID,3051,0.9909853386121262,0.005,0.00468384074941452,0.27593818984547464,0.4431838699999844,0.01955344000009518,0.8033348806848571,0.8628427283772978,0.9442724458204335,0.2882797731568998,0.44170890658942796,0.009031610637230306,305,18,1975,753
CONTRASTIVE,LOGREG,72,1.0,4000,TEMPORAL,8000,0.9909853386121262,0.005,0.00468384074941452,0.27593818984547464,0.4431838699999844,0.05853366000008009,0.8914912735945059,0.882427625,0.9732673267326732,0.24575,0.39241516966067863,0.00675,983,27,3973,3017
CONTRASTIVE,LOGREG,72,1.0,4000,DOMAIN_OOD,3858,0.9909853386121262,0.005,0.00468384074941452,0.27593818984547464,0.4431838699999844,0.027714393999985987,0.8583016170848797,0.8466668332867067,0.9666666666666667,0.19543805080352514,0.32514014661492024,0.00673924313115604,377,13,1916,1552
CONTRASTIVE,LOGREG,72,1.0,4000,TEMPLATE_OOD,6832,0.9909853386121262,0.005,0.00468384074941452,0.27593818984547464,0.4431838699999844,0.041922438000028706,0.890505382370871,0.8807785308425977,0.9754901960784313,0.23302107728337237,0.3761814744801512,0.00585480093676815,796,20,3396,2620
CONTRASTIVE,LOGREG,72,1.0,4000,DOMAIN_TEMPLATE_OOD,3708,0.9909853386121262,0.005,0.00468384074941452,0.27593818984547464,0.4431838699999844,0.02000616700001956,0.8533993984828314,0.8423496704987263,0.9654178674351584,0.18069039913700108,0.3044070876874148,0.006472491909385114,335,12,1842,1519
CONTRASTIVE,XGBOOST,72,1.0,4000,IID,3051,0.9830925464630127,0.005,0.00468384074941452,0.22737306843267108,13.482238099000028,0.010854587000039828,0.7880616799528858,0.861530953801443,0.9222222222222223,0.23534971644612476,0.375,0.010536879076768691,249,21,1972,809
CONTRASTIVE,XGBOOST,72,1.0,4000,TEMPORAL,8000,0.9830925464630127,0.005,0.00468384074941452,0.22737306843267108,13.482238099000028,0.026680134999992333,0.8785852948359811,0.8633479374999999,0.9766536964980544,0.251,0.39936356404136836,0.006,1004,24,3976,2996
CONTRASTIVE,XGBOOST,72,1.0,4000,DOMAIN_OOD,3858,0.9830925464630127,0.005,0.00468384074941452,0.22737306843267108,13.482238099000028,0.01391075499998351,0.8397894417804294,0.8268024996230894,0.9576547231270358,0.15241057542768274,0.2629695885509839,0.00673924313115604,294,13,1916,1635
CONTRASTIVE,XGBOOST,72,1.0,4000,TEMPLATE_OOD,6832,0.9830925464630127,0.005,0.00468384074941452,0.22737306843267108,13.482238099000028,0.02323187899992263,0.8797064000832864,0.8636073903493136,0.977906976744186,0.2461943793911007,0.39335827876520113,0.0055620608899297425,841,19,3397,2575
CONTRASTIVE,XGBOOST,72,1.0,4000,DOMAIN_TEMPLATE_OOD,3708,0.9830925464630127,0.005,0.00468384074941452,0.22737306843267108,13.482238099000028,0.012819940999975188,0.8326506057645011,0.8215872500520756,0.9501915708812261,0.133764832793959,0.23451536643026005,0.007011866235167206,248,13,1841,1606
CONTRASTIVE,MLP,72,1.0,4000,IID,3051,0.9991040229797363,0.005,0.00468384074941452,0.23841059602649006,2.2609998469999937,0.02189597100004903,0.8151528565038624,0.8775005999258273,0.9487179487179487,0.2448015122873346,0.38918106686701726,0.007024586051179127,259,14,1979,799
CONTRASTIVE,MLP,72,1.0,4000,TEMPORAL,8000,0.9991040229797363,0.005,0.00468384074941452,0.23841059602649006,2.2609998469999937,0.05740374699996664,0.8926565745659827,0.8790289062500001,0.9777571825764597,0.26375,0.4154361094703682,0.006,1055,24,3976,2945
CONTRASTIVE,MLP,72,1.0,4000,DOMAIN_OOD,3858,0.9991040229797363,0.005,0.00468384074941452,0.23841059602649006,2.2609998469999937,0.030054776000042693,0.8526005745005969,0.8397160902016398,0.9722222222222222,0.16329704510108864,0.2796271637816245,0.004665629860031105,315,9,1920,1614
CONTRASTIVE,MLP,72,1.0,4000,TEMPLATE_OOD,6832,0.9991040229797363,0.005,0.00468384074941452,0.23841059602649006,2.2609998469999937,0.05113794900000812,0.8933361577665259,0.8787894667743474,0.983926521239954,0.2508782201405152,0.39981338931653837,0.004098360655737705,857,14,3402,2559
CONTRASTIVE,MLP,72,1.0,4000,DOMAIN_TEMPLATE_OOD,3708,0.9991040229797363,0.005,0.00468384074941452,0.23841059602649006,2.2609998469999937,0.02575021999996352,0.8428125298427696,0.8312418759287771,0.967741935483871,0.14563106796116504,0.25316455696202533,0.0048543689320388345,270,9,1845,1584
BASE,LOGREG,82,0.1,400,IID,3051,0.9784205129150582,0.005,0.00468384074941452,0.36423841059602646,0.02198790199997802,0.024935703999972247,0.8591610704793429,0.9011236871583624,0.944578313253012,0.3705103969754253,0.5322471147318398,0.01154039136979428,392,23,1970,666
BASE,LOGREG,82,0.1,400,TEMPORAL,8000,0.9784205129150582,0.005,0.00468384074941452,0.36423841059602646,0.02198790199997802,0.06962736299999506,0.9183353739439633,0.9006953125,0.9797866367209432,0.43625,0.6037017816986681,0.009,1745,36,3964,2255
BASE,LOGREG,82,0.1,400,DOMAIN_OOD,3858,0.9784205129150582,0.005,0.00468384074941452,0.36423841059602646,0.02198790199997802,0.023494092999953864,0.895039262458001,0.8757898663304167,0.9768392370572208,0.37169517884914466,0.5384904243334585,0.008812856402280975,717,17,1912,1212
BASE,LOGREG,82,0.1,400,TEMPLATE_OOD,6832,0.9784205129150582,0.005,0.00468384074941452,0.36423841059602646,0.02198790199997802,0.04304272000001674,0.9151866444330703,0.8963196337390102,0.9834437086092715,0.43471896955503514,0.6029232643118149,0.007318501170960188,1485,25,3391,1931
BASE,LOGREG,82,0.1,400,DOMAIN_TEMPLATE_OOD,3708,0.9784205129150582,0.005,0.00468384074941452,0.36423841059602646,0.02198790199997802,0.020380329999966307,0.8852642596721233,0.8635345135565073,0.977810650887574,0.3565264293419633,0.5225296442687747,0.008090614886731391,661,15,1839,1193
BASE,XGBOOST,82,0.1,400,IID,3051,0.9813677072525024,0.005,0.00468384074941452,0.3068432671081678,1.8281378970000333,0.007460899000079735,0.8208535534158641,0.8832909512215248,0.9333333333333333,0.29111531190926276,0.4438040345821326,0.011038635223281485,308,22,1971,750
BASE,XGBOOST,82,0.1,400,TEMPORAL,8000,0.9813677072525024,0.005,0.00468384074941452,0.3068432671081678,1.8281378970000333,0.017551463000017975,0.8927980194599684,0.8815791249999999,0.976878612716763,0.29575,0.454039531759739,0.007,1183,28,3972,2817
BASE,XGBOOST,82,0.1,400,DOMAIN_OOD,3858,0.9813677072525024,0.005,0.00468384074941452,0.3068432671081678,1.8281378970000333,0.009665655000162587,0.8579327619196836,0.8482198933040512,0.970108695652174,0.18506998444790046,0.3108402263822377,0.005702436495593572,357,11,1918,1572
BASE,XGBOOST,82,0.1,400,TEMPLATE_OOD,6832,0.9813677072525024,0.005,0.00468384074941452,0.3068432671081678,1.8281378970000333,0.015025735000108398,0.8897841043312493,0.8762486871260194,0.9834791059280855,0.2962529274004684,0.4553430821147357,0.004976580796252928,1012,17,3399,2404
BASE,XGBOOST,82,0.1,400,DOMAIN_TEMPLATE_OOD,3708,0.9813677072525024,0.005,0.00468384074941452,0.3068432671081678,1.8281378970000333,0.008573931000000812,0.8476005615151454,0.8365177946979562,0.9700598802395209,0.17475728155339806,0.2961608775137112,0.005393743257820928,324,10,1844,1530
BASE,MLP,82,0.1,400,IID,3051,0.9676997065544128,0.005,0.00468384074941452,0.304635761589404,0.2281035470000461,0.021154645000024175,0.831367347175744,0.8872073049624536,0.9716088328075709,0.29111531190926276,0.448,0.004515805318615153,308,9,1984,750
BASE,MLP,82,0.1,400,TEMPORAL,8000,0.9676997065544128,0.005,0.00468384074941452,0.304635761589404,0.2281035470000461,0.05726251500004764,0.9040095697681501,0.89164509375,0.9815409309791332,0.30575,0.46626000762485703,0.00575,1223,23,3977,2777
BASE,MLP,82,0.1,400,DOMAIN_OOD,3858,0.9676997065544128,0.005,0.00468384074941452,0.304635761589404,0.2281035470000461,0.026039671000035014,0.873089687489414,0.8616573964113805,0.9695550351288056,0.21461897356143078,0.35144312393887944,0.00673924313115604,414,13,1916,1515
BASE,MLP,82,0.1,400,TEMPLATE_OOD,6832,0.9676997065544128,0.005,0.00468384074941452,0.304635761589404,0.2281035470000461,0.04653620499993849,0.899752774898517,0.8864298877304214,0.9816955684007708,0.29830210772833726,0.4575662325999102,0.0055620608899297425,1019,19,3397,2397
BASE,MLP,82,0.1,400,DOMAIN_TEMPLATE_OOD,3708,0.9676997065544128,0.005,0.00468384074941452,0.304635761589404,0.2281035470000461,0.026276365999819973,0.8617684078630009,0.8477800702641247,0.967479674796748,0.1925566343042071,0.32118758434547906,0.006472491909385114,357,12,1842,1497
DAPT,LOGREG,82,0.1,400,IID,3051,0.9918944312011548,0.005,0.00468384074941452,0.2229580573951435,0.03585444600003029,0.038378585999907955,0.8507838817549243,0.8977531947828743,0.9752475247524752,0.18620037807183365,0.3126984126984127,0.002508780732563974,197,5,1988,861
DAPT,LOGREG,82,0.1,400,TEMPORAL,8000,0.9918944312011548,0.005,0.00468384074941452,0.2229580573951435,0.03585444600003029,0.05741011199984314,0.9144085546955879,0.9032905,0.9890873015873016,0.24925,0.3981629392971246,0.00275,997,11,3989,3003
DAPT,LOGREG,82,0.1,400,DOMAIN_OOD,3858,0.9918944312011548,0.005,0.00468384074941452,0.2229580573951435,0.03585444600003029,0.023584226000139097,0.8946493937144051,0.8827449092874816,0.9911242603550295,0.17366511145671332,0.29554477282752534,0.0015552099533437014,335,3,1926,1594
DAPT,LOGREG,82,0.1,400,TEMPLATE_OOD,6832,0.9918944312011548,0.005,0.00468384074941452,0.2229580573951435,0.03585444600003029,0.04393316499999855,0.9159964941256646,0.9040091160758849,0.992822966507177,0.2429742388758782,0.39040451552210725,0.001756440281030445,830,6,3410,2586
DAPT,LOGREG,82,0.1,400,DOMAIN_TEMPLATE_OOD,3708,0.9918944312011548,0.005,0.00468384074941452,0.2229580573951435,0.03585444600003029,0.020299279000028037,0.8839986074526058,0.8709397099364736,0.9902912621359223,0.1650485436893204,0.2829403606102635,0.0016181229773462784,306,3,1851,1548
DAPT,XGBOOST,82,0.1,400,IID,3051,0.9929362535476685,0.005,0.00468384074941452,0.15673289183222958,1.85373244099992,0.007278165999878183,0.8184477101207194,0.8727649798870717,0.9712643678160919,0.15973534971644612,0.27435064935064934,0.002508780732563974,169,5,1988,889
DAPT,XGBOOST,82,0.1,400,TEMPORAL,8000,0.9929362535476685,0.005,0.00468384074941452,0.15673289183222958,1.85373244099992,0.017640940999854138,0.8979110715422922,0.88145740625,0.9875173370319001,0.178,0.30163101037915696,0.00225,712,9,3991,3288
DAPT,XGBOOST,82,0.1,400,DOMAIN_OOD,3858,0.9929362535476685,0.005,0.00468384074941452,0.15673289183222958,1.85373244099992,0.009229634999883274,0.8653923565069316,0.8498085616363807,0.98,0.10160705028512182,0.18412400187881633,0.002073613271124935,196,4,1925,1733
DAPT,XGBOOST,82,0.1,400,TEMPLATE_OOD,6832,0.9929362535476685,0.005,0.00468384074941452,0.15673289183222958,1.85373244099992,0.015341070999966178,0.8965180422643011,0.8782596895584355,0.9885057471264368,0.1762295081967213,0.2991304347826087,0.0020491803278688526,602,7,3409,2814
DAPT,XGBOOST,82,0.1,400,DOMAIN_TEMPLATE_OOD,3708,0.9929362535476685,0.005,0.00468384074941452,0.15673289183222958,1.85373244099992,0.008735054999988279,0.8520363942729798,0.8337679747803227,0.9790575916230366,0.10086299892125135,0.18288508557457211,0.002157497303128371,187,4,1850,1667
DAPT,MLP,82,0.1,400,IID,3051,0.984957754611969,0.005,0.00468384074941452,0.18763796909492272,0.254825105000009,0.021223337000037645,0.8322273457688453,0.8896819397190734,0.9611111111111111,0.16351606805293006,0.27948303715670436,0.0035122930255895636,173,7,1986,885
DAPT,MLP,82,0.1,400,TEMPORAL,8000,0.984957754611969,0.005,0.00468384074941452,0.18763796909492272,0.254825105000009,0.056849125000098866,0.9157463177811258,0.9037840625,0.9888888888888889,0.28925,0.4475822050290135,0.00325,1157,13,3987,2843
DAPT,MLP,82,0.1,400,DOMAIN_OOD,3858,0.984957754611969,0.005,0.00468384074941452,0.18763796909492272,0.254825105000009,0.026745021000124325,0.8867366146486945,0.8758051846244101,0.977961432506887,0.184033177812338,0.30977312390924955,0.00414722654224987,355,8,1921,1574
DAPT,MLP,82,0.1,400,TEMPLATE_OOD,6832,0.984957754611969,0.005,0.00468384074941452,0.18763796909492272,0.254825105000009,0.047752563000130976,0.9121844930135194,0.8998673071754905,0.9889112903225806,0.28717798594847777,0.44509981851179675,0.0032201405152224825,981,11,3405,2435
DAPT,MLP,82,0.1,400,DOMAIN_TEMPLATE_OOD,3708,0.984957754611969,0.005,0.00468384074941452,0.18763796909492272,0.254825105000009,0.026744615000097838,0.8754766211303203,0.8629701197096804,0.9745222929936306,0.1650485436893204,0.2822878228782288,0.004314994606256742,306,8,1846,1548
CONTRASTIVE,LOGREG,82,0.1,400,IID,3051,0.9931691091915917,0.005,0.00468384074941452,0.17218543046357615,0.02479597299998204,0.02414450400010537,0.7416353924078287,0.8291434956184073,0.9515418502202643,0.20415879017013233,0.3361867704280156,0.0055193176116407425,216,11,1982,842
CONTRASTIVE,LOGREG,82,0.1,400,TEMPORAL,8000,0.9931691091915917,0.005,0.00468384074941452,0.17218543046357615,0.02479597299998204,0.0715857259999666,0.8317943558168035,0.813344625,0.9696641386782232,0.22375,0.36359943124111316,0.007,895,28,3972,3105
CONTRASTIVE,LOGREG,82,0.1,400,DOMAIN_OOD,3858,0.9931691091915917,0.005,0.00468384074941452,0.17218543046357615,0.02479597299998204,0.024975596999865957,0.7990482616076198,0.7860582562782834,0.9578947368421052,0.14152410575427682,0.24661246612466126,0.006220839813374806,273,12,1917,1656
CONTRASTIVE,LOGREG,82,0.1,400,TEMPLATE_OOD,6832,0.9931691091915917,0.005,0.00468384074941452,0.17218543046357615,0.02479597299998204,0.04356979599992883,0.8381649099402146,0.8187640028465027,0.9730061349693252,0.23214285714285715,0.37485228078468447,0.006440281030444965,793,22,3394,2623
CONTRASTIVE,LOGREG,82,0.1,400,DOMAIN_TEMPLATE_OOD,3708,0.9931691091915917,0.005,0.00468384074941452,0.17218543046357615,0.02479597299998204,0.02019665099987833,0.7924372690677814,0.7758518565066466,0.9578947368421052,0.14724919093851133,0.2552594670406732,0.006472491909385114,273,12,1842,1581
CONTRASTIVE,XGBOOST,82,0.1,400,IID,3051,0.9880094528198242,0.005,0.00468384074941452,0.08609271523178808,2.6247094559998914,0.008961311000120986,0.7050664134153954,0.8065099303137541,0.8850574712643678,0.07277882797731569,0.13449781659388646,0.005017561465127948,77,10,1983,981
CONTRASTIVE,XGBOOST,82,0.1,400,TEMPORAL,8000,0.9880094528198242,0.005,0.00468384074941452,0.08609271523178808,2.6247094559998914,0.018804241999987426,0.8118834824765929,0.7869548125,0.9742647058823529,0.1325,0.23327464788732394,0.0035,530,14,3986,3470
CONTRASTIVE,XGBOOST,82,0.1,400,DOMAIN_OOD,3858,0.9880094528198242,0.005,0.00468384074941452,0.08609271523178808,2.6247094559998914,0.009835295999891969,0.7753204941340982,0.7540674773537835,0.9603174603174603,0.06272680145152928,0.11776155717761558,0.002592016588906169,121,5,1924,1808
CONTRASTIVE,XGBOOST,82,0.1,400,TEMPLATE_OOD,6832,0.9880094528198242,0.005,0.00468384074941452,0.08609271523178808,2.6247094559998914,0.016422622999925807,0.8214249185244022,0.7931764146131444,0.9829787234042553,0.13524590163934427,0.2377766340710242,0.00234192037470726,462,8,3408,2954
CONTRASTIVE,XGBOOST,82,0.1,400,DOMAIN_TEMPLATE_OOD,3708,0.9880094528198242,0.005,0.00468384074941452,0.08609271523178808,2.6247094559998914,0.009469668999827263,0.7704738309186535,0.74753412255376,0.9537037037037037,0.05555555555555555,0.10499490316004077,0.002696871628910464,103,5,1849,1751
CONTRASTIVE,MLP,82,0.1,400,IID,3051,0.9258036017417908,0.005,0.00468384074941452,0.18101545253863136,0.2099618659999578,0.021160534000046027,0.7567135518227799,0.8428972101789154,0.9432989690721649,0.17296786389413987,0.29233226837060705,0.0055193176116407425,183,11,1982,875
CONTRASTIVE,MLP,82,0.1,400,TEMPORAL,8000,0.9258036017417908,0.005,0.00468384074941452,0.18101545253863136,0.2099618659999578,0.05880581400015217,0.8259007874649719,0.80394075,0.970873786407767,0.2,0.33167495854063017,0.006,800,24,3976,3200
CONTRASTIVE,MLP,82,0.1,400,DOMAIN_OOD,3858,0.9258036017417908,0.005,0.00468384074941452,0.18101545253863136,0.2099618659999578,0.026448104999872157,0.7779827679074933,0.7661047002707039,0.9354838709677419,0.10523587350959046,0.1891891891891892,0.007257646448937273,203,14,1915,1726
CONTRASTIVE,MLP,82,0.1,400,TEMPLATE_OOD,6832,0.9258036017417908,0.005,0.00468384074941452,0.18101545253863136,0.2099618659999578,0.04583135999996557,0.8318782712084326,0.8090972397424436,0.9739368998628258,0.20784543325526933,0.3425814234016888,0.0055620608899297425,710,19,3397,2706
CONTRASTIVE,MLP,82,0.1,400,DOMAIN_TEMPLATE_OOD,3708,0.9258036017417908,0.005,0.00468384074941452,0.18101545253863136,0.2099618659999578,0.02530042000012145,0.7737568973169286,0.7584272147221844,0.9333333333333333,0.10571736785329018,0.18992248062015504,0.007551240560949299,196,14,1840,1658
BASE,LOGREG,82,0.25,1000,IID,3051,0.9950471713070675,0.005,0.00468384074941452,0.20750551876379691,0.3152106580000691,0.020454792000009547,0.8490871172761691,0.9032687183971879,0.9521276595744681,0.16918714555765596,0.28731942215088285,0.004515805318615153,179,9,1984,879
BASE,LOGREG,82,0.25,1000,TEMPORAL,8000,0.9950471713070675,0.005,0.00468384074941452,0.20750551876379691,0.3152106580000691,0.060114713000075426,0.9315582063736056,0.9236455625,0.9870722433460076,0.3245,0.48842897460018814,0.00425,1298,17,3983,2702
BASE,LOGREG,82,0.25,1000,DOMAIN_OOD,3858,0.9950471713070675,0.005,0.00468384074941452,0.20750551876379691,0.3152106580000691,0.02370929900007468,0.9172521281618927,0.9055740046938479,0.9908256880733946,0.27993779160186627,0.43654001616814875,0.002592016588906169,540,5,1924,1389
BASE,LOGREG,82,0.25,1000,TEMPLATE_OOD,6832,0.9950471713070675,0.005,0.00468384074941452,0.20750551876379691,0.3152106580000691,0.04161543200007145,0.9296675059286768,0.920295609173527,0.9881710646041856,0.31791569086651056,0.48106312292358805,0.0038056206088992973,1086,13,3403,2330
BASE,LOGREG,82,0.25,1000,DOMAIN_TEMPLATE_OOD,3708,0.9950471713070675,0.005,0.00468384074941452,0.20750551876379691,0.3152106580000691,0.020045471999992515,0.9101934739335718,0.8978060207440923,0.9899396378269618,0.26537216828478966,0.41854529987239475,0.002696871628910464,492,5,1849,1362
BASE,XGBOOST,82,0.25,1000,IID,3051,0.9948142170906067,0.005,0.00468384074941452,0.20750551876379691,3.7980458930001078,0.008483358000148655,0.8304441958634358,0.8974141062717622,0.9490740740740741,0.1937618147448015,0.3218210361067504,0.0055193176116407425,205,11,1982,853
BASE,XGBOOST,82,0.25,1000,TEMPORAL,8000,0.9948142170906067,0.005,0.00468384074941452,0.20750551876379691,3.7980458930001078,0.01985122899986891,0.9112919629309527,0.9042183125000001,0.9829497016197783,0.28825,0.4457761453701914,0.005,1153,20,3980,2847
BASE,XGBOOST,82,0.25,1000,DOMAIN_OOD,3858,0.9948142170906067,0.005,0.00468384074941452,0.20750551876379691,3.7980458930001078,0.010341095999820027,0.8864489699392435,0.8770424727918881,0.9848101265822785,0.20165889061689996,0.3347676419965577,0.003110419906687403,389,6,1923,1540
BASE,XGBOOST,82,0.25,1000,TEMPLATE_OOD,6832,0.9948142170906067,0.005,0.00468384074941452,0.20750551876379691,3.7980458930001078,0.01773036300005515,0.907968282938667,0.8980980980809417,0.9898477157360406,0.2854215456674473,0.4430811179277437,0.002927400468384075,975,10,3406,2441
BASE,XGBOOST,82,0.25,1000,DOMAIN_TEMPLATE_OOD,3708,0.9948142170906067,0.005,0.00468384074941452,0.20750551876379691,3.7980458930001078,0.009658003999902576,0.8746504716934739,0.8657181940793339,0.9855491329479769,0.18392664509169362,0.31,0.002696871628910464,341,5,1849,1513
BASE,MLP,82,0.25,1000,IID,3051,0.994618833065033,0.005,0.00468384074941452,0.3620309050772627,0.5698144589998719,0.02088330800006588,0.8635857488538683,0.9119669315192969,0.9628571428571429,0.31852551984877125,0.4786931818181818,0.006522829904666332,337,13,1980,721
BASE,MLP,82,0.25,1000,TEMPORAL,8000,0.994618833065033,0.005,0.00468384074941452,0.3620309050772627,0.5698144589998719,0.05671946699999353,0.9306372930089575,0.92627265625,0.9847480106100795,0.37125,0.5392156862745098,0.00575,1485,23,3977,2515
BASE,MLP,82,0.25,1000,DOMAIN_OOD,3858,0.994618833065033,0.005,0.00468384074941452,0.3620309050772627,0.5698144589998719,0.025564701000121204,0.9096843049602445,0.901736503306467,0.9874326750448833,0.28512182477967857,0.4424778761061947,0.0036288232244686366,550,7,1922,1379
BASE,MLP,82,0.25,1000,TEMPLATE_OOD,6832,0.994618833065033,0.005,0.00468384074941452,0.3620309050772627,0.5698144589998719,0.04625512200004778,0.9273579242276084,0.921201894994762,0.9873116574147502,0.3644613583138173,0.5323925593329057,0.00468384074941452,1245,16,3400,2171
BASE,MLP,82,0.25,1000,DOMAIN_TEMPLATE_OOD,3708,0.994618833065033,0.005,0.00468384074941452,0.3620309050772627,0.5698144589998719,0.024880327000118996,0.9007544119564976,0.8924548979494465,0.9859437751004017,0.26483279395900755,0.4175170068027211,0.0037756202804746495,491,7,1847,1363
DAPT,LOGREG,82,0.25,1000,IID,3051,0.991375404455067,0.005,0.00468384074941452,0.25165562913907286,0.4804066110000349,0.019638778000171442,0.8329040360940492,0.9048636200235798,0.9147982062780269,0.19281663516068054,0.3185011709601874,0.009533366783743101,204,19,1974,854
DAPT,LOGREG,82,0.25,1000,TEMPORAL,8000,0.991375404455067,0.005,0.00468384074941452,0.25165562913907286,0.4804066110000349,0.08189985200010597,0.9286948006718043,0.9262633125000002,0.9779086892488954,0.332,0.49570735349010825,0.0075,1328,30,3970,2672
DAPT,LOGREG,82,0.25,1000,DOMAIN_OOD,3858,0.991375404455067,0.005,0.00468384074941452,0.25165562913907286,0.4804066110000349,0.02450427500002661,0.9200825851596475,0.9131310297306587,0.984375,0.2939346811819596,0.45269461077844314,0.004665629860031105,567,9,1920,1362
DAPT,LOGREG,82,0.25,1000,TEMPLATE_OOD,6832,0.991375404455067,0.005,0.00468384074941452,0.25165562913907286,0.4804066110000349,0.04433474999996179,0.9295487403264926,0.925787398740738,0.984375,0.3135245901639344,0.4755772646536412,0.004976580796252928,1071,17,3399,2345
DAPT,LOGREG,82,0.25,1000,DOMAIN_TEMPLATE_OOD,3708,0.991375404455067,0.005,0.00468384074941452,0.25165562913907286,0.4804066110000349,0.02031214099997669,0.9113303882495987,0.9046119123176339,0.9822134387351779,0.2680690399137001,0.4211864406779661,0.0048543689320388345,497,9,1845,1357
DAPT,XGBOOST,82,0.25,1000,IID,3051,0.9978009462356567,0.005,0.00468384074941452,0.16997792494481237,3.5599544709998554,0.008119427999872642,0.8354696931089647,0.8921646367200134,0.9644970414201184,0.15406427221172023,0.2656886715566422,0.0030105368790767687,163,6,1987,895
DAPT,XGBOOST,82,0.25,1000,TEMPORAL,8000,0.9978009462356567,0.005,0.00468384074941452,0.16997792494481237,3.5599544709998554,0.019914319999998042,0.919652686049805,0.9124697499999999,0.985981308411215,0.211,0.34761120263591433,0.003,844,12,3988,3156
DAPT,XGBOOST,82,0.25,1000,DOMAIN_OOD,3858,0.9978009462356567,0.005,0.00468384074941452,0.16997792494481237,3.5599544709998554,0.010599637000041184,0.8971330062312546,0.8878507385433271,0.9923664122137404,0.13478486262312078,0.23733455043359197,0.0010368066355624676,260,2,1927,1669
DAPT,XGBOOST,82,0.25,1000,TEMPLATE_OOD,6832,0.9978009462356567,0.005,0.00468384074941452,0.16997792494481237,3.5599544709998554,0.01745787400000154,0.9185575718695889,0.9091782574357343,0.9930555555555556,0.20930913348946137,0.34574468085106386,0.0014637002341920376,715,5,3411,2701
DAPT,XGBOOST,82,0.25,1000,DOMAIN_TEMPLATE_OOD,3708,0.9978009462356567,0.005,0.00468384074941452,0.16997792494481237,3.5599544709998554,0.009765130999994653,0.8859940286089942,0.8753123076260664,0.9920318725099602,0.1343042071197411,0.2365795724465558,0.0010787486515641855,249,2,1852,1605
DAPT,MLP,82,0.25,1000,IID,3051,0.9949688911437988,0.005,0.00468384074941452,0.2737306843267108,0.7012460720000036,0.021654170999909184,0.8536595863847449,0.9103812777613899,0.9662447257383966,0.21644612476370512,0.35366795366795367,0.004014049172102358,229,8,1985,829
DAPT,MLP,82,0.25,1000,TEMPORAL,8000,0.9949688911437988,0.005,0.00468384074941452,0.2737306843267108,0.7012460720000036,0.05810717700001078,0.936441617501975,0.9324466874999999,0.989648033126294,0.3585,0.5263351073591485,0.00375,1434,15,3985,2566
DAPT,MLP,82,0.25,1000,DOMAIN_OOD,3858,0.9949688911437988,0.005,0.00468384074941452,0.2737306843267108,0.7012460720000036,0.02692258399997627,0.9184432464224718,0.9118225249332109,0.9906716417910447,0.27527216174183516,0.4308316430020284,0.002592016588906169,531,5,1924,1398
DAPT,MLP,82,0.25,1000,TEMPLATE_OOD,6832,0.9949688911437988,0.005,0.00468384074941452,0.2737306843267108,0.7012460720000036,0.0474590139999691,0.9333464506258704,0.9286763213750968,0.9891395154553049,0.34660421545667447,0.5133318881422068,0.0038056206088992973,1184,13,3403,2232
DAPT,MLP,82,0.25,1000,DOMAIN_TEMPLATE_OOD,3708,0.9949688911437988,0.005,0.00468384074941452,0.2737306843267108,0.7012460720000036,0.024744265999970594,0.9095278876487428,0.9028838198175553,0.9895397489539749,0.2551240560949299,0.4056603773584906,0.002696871628910464,473,5,1849,1381
CONTRASTIVE,LOGREG,82,0.25,1000,IID,3051,0.9967431782855319,0.005,0.00468384074941452,0.17439293598233996,0.29273200800002996,0.03990227400004187,0.7633728777788968,0.8548098875364343,0.9289940828402367,0.14839319470699433,0.25590872045639773,0.006021073758153537,157,12,1981,901
CONTRASTIVE,LOGREG,82,0.25,1000,TEMPORAL,8000,0.9967431782855319,0.005,0.00468384074941452,0.17439293598233996,0.29273200800002996,0.0548132330000044,0.8654176749927333,0.8562996249999999,0.9675550405561993,0.20875,0.34340941805469877,0.007,835,28,3972,3165
CONTRASTIVE,LOGREG,82,0.25,1000,DOMAIN_OOD,3858,0.9967431782855319,0.005,0.00468384074941452,0.17439293598233996,0.29273200800002996,0.02383766100001594,0.8366540465062722,0.8316358244910497,0.9595588235294118,0.13530326594090203,0.2371649250340754,0.005702436495593572,261,11,1918,1668
CONTRASTIVE,LOGREG,82,0.25,1000,TEMPLATE_OOD,6832,0.9967431782855319,0.005,0.00468384074941452,0.17439293598233996,0.29273200800002996,0.04166699000006702,0.8685784118709017,0.857176021779311,0.9725490196078431,0.21779859484777517,0.35589571872757714,0.006147540983606557,744,21,3395,2672
CONTRASTIVE,LOGREG,82,0.25,1000,DOMAIN_TEMPLATE_OOD,3708,0.9967431782855319,0.005,0.00468384074941452,0.17439293598233996,0.29273200800002996,0.020190547999845876,0.8337668094615254,0.8260960004840987,0.9589552238805971,0.13861920172599784,0.24222431668237512,0.005933117583603021,257,11,1843,1597
CONTRASTIVE,XGBOOST,82,0.25,1000,IID,3051,0.9880892038345337,0.005,0.00468384074941452,0.18101545253863136,5.425185102000114,0.010928264000085619,0.7323762242831038,0.8363440282956321,0.8601036269430051,0.15689981096408318,0.2653876898481215,0.013547415955845458,166,27,1966,892
CONTRASTIVE,XGBOOST,82,0.25,1000,TEMPORAL,8000,0.9880892038345337,0.005,0.00468384074941452,0.18101545253863136,5.425185102000114,0.02456993199984936,0.8472552717241512,0.8313991875,0.9674039580908033,0.20775,0.3420456884132538,0.007,831,28,3972,3169
CONTRASTIVE,XGBOOST,82,0.25,1000,DOMAIN_OOD,3858,0.9880892038345337,0.005,0.00468384074941452,0.18101545253863136,5.425185102000114,0.012172729999974763,0.8146206687132871,0.8036108712588763,0.9579439252336449,0.10627268014515293,0.19132057862809146,0.004665629860031105,205,9,1920,1724
CONTRASTIVE,XGBOOST,82,0.25,1000,TEMPLATE_OOD,6832,0.9880892038345337,0.005,0.00468384074941452,0.18101545253863136,5.425185102000114,0.02004147500019826,0.8532409330146726,0.833015969757965,0.9823609226594301,0.21194379391100704,0.3486636166626535,0.0038056206088992973,724,13,3403,2692
CONTRASTIVE,XGBOOST,82,0.25,1000,DOMAIN_TEMPLATE_OOD,3708,0.9880892038345337,0.005,0.00468384074941452,0.18101545253863136,5.425185102000114,0.011236099999905491,0.8092573430567989,0.7943139356404822,0.9617224880382775,0.10841423948220065,0.19486185167232187,0.004314994606256742,201,8,1846,1653
CONTRASTIVE,MLP,82,0.25,1000,IID,3051,0.9994068741798401,0.005,0.00468384074941452,0.19205298013245034,0.8412263120001171,0.02093261999993956,0.7835447147381658,0.868355880743282,0.9362745098039216,0.18052930056710775,0.30269413629160064,0.006522829904666332,191,13,1980,867
CONTRASTIVE,MLP,82,0.25,1000,TEMPORAL,8000,0.9994068741798401,0.005,0.00468384074941452,0.19205298013245034,0.8412263120001171,0.05684838199999831,0.8681150768639436,0.85887846875,0.9755849440488301,0.23975,0.3849086895444511,0.006,959,24,3976,3041
CONTRASTIVE,MLP,82,0.25,1000,DOMAIN_OOD,3858,0.9994068741798401,0.005,0.00468384074941452,0.19205298013245034,0.8412263120001171,0.02582677100008368,0.8371085917636363,0.8337064816001759,0.9627118644067797,0.1472265422498704,0.25539568345323743,0.005702436495593572,284,11,1918,1645
CONTRASTIVE,MLP,82,0.25,1000,TEMPLATE_OOD,6832,0.9994068741798401,0.005,0.00468384074941452,0.19205298013245034,0.8412263120001171,0.04749775599998429,0.8709623485545449,0.8608331727947831,0.9791907514450867,0.24795081967213115,0.39570193879934595,0.005269320843091335,847,18,3398,2569
CONTRASTIVE,MLP,82,0.25,1000,DOMAIN_TEMPLATE_OOD,3708,0.9994068741798401,0.005,0.00468384074941452,0.19205298013245034,0.8412263120001171,0.025867434000019784,0.8330919247744324,0.8278133287716346,0.9619377162629758,0.1499460625674218,0.2594493700419972,0.005933117583603021,278,11,1843,1576
BASE,LOGREG,82,1.0,4000,IID,3051,0.994125237692969,0.005,0.00468384074941452,0.3333333333333333,0.6918143929999587,0.04669481899986749,0.8961567104863788,0.9208311320244674,0.987460815047022,0.29773156899810965,0.45751633986928103,0.002007024586051179,315,4,1989,743
BASE,LOGREG,82,1.0,4000,TEMPORAL,8000,0.994125237692969,0.005,0.00468384074941452,0.3333333333333333,0.6918143929999587,0.05009100000006583,0.9499098889746075,0.9445268124999998,0.99153194765204,0.322,0.4861294583883752,0.00275,1288,11,3989,2712
BASE,LOGREG,82,1.0,4000,DOMAIN_OOD,3858,0.994125237692969,0.005,0.00468384074941452,0.3333333333333333,0.6918143929999587,0.020778422000148566,0.925876188699382,0.9218968562829595,0.982532751091703,0.2332814930015552,0.3770423125261835,0.00414722654224987,450,8,1921,1479
BASE,LOGREG,82,1.0,4000,TEMPLATE_OOD,6832,0.994125237692969,0.005,0.00468384074941452,0.3333333333333333,0.6918143929999587,0.04135029700000814,0.9457954310921128,0.9402790594200594,0.9900090826521344,0.3190866510538642,0.4826212087668807,0.0032201405152224825,1090,11,3405,2326
BASE,LOGREG,82,1.0,4000,DOMAIN_TEMPLATE_OOD,3708,0.994125237692969,0.005,0.00468384074941452,0.3333333333333333,0.6918143929999587,0.020102655999835406,0.9213074954291286,0.9175894796986951,0.9809069212410502,0.22168284789644013,0.3616366036075671,0.004314994606256742,411,8,1846,1443
BASE,XGBOOST,82,1.0,4000,IID,3051,0.9907761812210083,0.005,0.00468384074941452,0.423841059602649,10.727464699999928,0.010754185999985566,0.88972704272346,0.924478586204836,0.9905882352941177,0.39792060491493386,0.5677680377612947,0.002007024586051179,421,4,1989,637
BASE,XGBOOST,82,1.0,4000,TEMPORAL,8000,0.9907761812210083,0.005,0.00468384074941452,0.423841059602649,10.727464699999928,0.026743803000044863,0.9428789509680193,0.93983571875,0.9915373765867419,0.3515,0.5190107050572167,0.003,1406,12,3988,2594
BASE,XGBOOST,82,1.0,4000,DOMAIN_OOD,3858,0.9907761812210083,0.005,0.00468384074941452,0.423841059602649,10.727464699999928,0.013196845000038593,0.9195091476654903,0.918879421108233,0.9875,0.24572317262830481,0.39352428393524286,0.003110419906687403,474,6,1923,1455
BASE,XGBOOST,82,1.0,4000,TEMPLATE_OOD,6832,0.9907761812210083,0.005,0.00468384074941452,0.423841059602649,10.727464699999928,0.023911070999929507,0.9370152905883329,0.9336364912465928,0.9907251264755481,0.3439695550351288,0.5106475445458496,0.0032201405152224825,1175,11,3405,2241
BASE,XGBOOST,82,1.0,4000,DOMAIN_TEMPLATE_OOD,3708,0.9907761812210083,0.005,0.00468384074941452,0.423841059602649,10.727464699999928,0.012568967999868619,0.9123689845932259,0.9122306474004718,0.9880668257756563,0.22330097087378642,0.36427628684557856,0.002696871628910464,414,5,1849,1440
BASE,MLP,82,1.0,4000,IID,3051,0.999718427658081,0.005,0.00468384074941452,0.4326710816777042,2.643008749000046,0.02308293600003708,0.9076046698118866,0.9356824974366805,0.9907407407407407,0.4045368620037807,0.574496644295302,0.002007024586051179,428,4,1989,630
BASE,MLP,82,1.0,4000,TEMPORAL,8000,0.999718427658081,0.005,0.00468384074941452,0.4326710816777042,2.643008749000046,0.06177475399999821,0.9595671727443342,0.95736821875,0.9909722222222223,0.35675,0.5246323529411765,0.00325,1427,13,3987,2573
BASE,MLP,82,1.0,4000,DOMAIN_OOD,3858,0.999718427658081,0.005,0.00468384074941452,0.4326710816777042,2.643008749000046,0.029720616000076916,0.9432168593716501,0.941677611184612,0.9840954274353877,0.25660964230171074,0.40707236842105265,0.00414722654224987,495,8,1921,1434
BASE,MLP,82,1.0,4000,TEMPLATE_OOD,6832,0.999718427658081,0.005,0.00468384074941452,0.4326710816777042,2.643008749000046,0.051279510999847844,0.955694244779633,0.9532783114589561,0.9905172413793103,0.3363583138173302,0.5021853146853147,0.0032201405152224825,1149,11,3405,2267
BASE,MLP,82,1.0,4000,DOMAIN_TEMPLATE_OOD,3708,0.999718427658081,0.005,0.00468384074941452,0.4326710816777042,2.643008749000046,0.02550611700007721,0.9383220434592217,0.9367416321339092,0.9836829836829837,0.22761596548004315,0.36968900569426194,0.0037756202804746495,422,7,1847,1432
DAPT,LOGREG,82,1.0,4000,IID,3051,0.9967431637660024,0.005,0.00468384074941452,0.2229580573951435,0.5619985860000725,0.040625661999911244,0.9046913270161407,0.9343567324956821,0.9903846153846154,0.1947069943289225,0.325434439178515,0.0010035122930255895,206,2,1991,852
DAPT,LOGREG,82,1.0,4000,TEMPORAL,8000,0.9967431637660024,0.005,0.00468384074941452,0.2229580573951435,0.5619985860000725,0.06176219400003902,0.9557130082249132,0.9527660625000001,0.9951783992285439,0.258,0.4097677188802859,0.00125,1032,5,3995,2968
DAPT,LOGREG,82,1.0,4000,DOMAIN_OOD,3858,0.9967431637660024,0.005,0.00468384074941452,0.2229580573951435,0.5619985860000725,0.028764938999984224,0.9371315011180287,0.9365419515667792,0.9897959183673469,0.2011404872991187,0.33433864713485567,0.002073613271124935,388,4,1925,1541
DAPT,LOGREG,82,1.0,4000,TEMPLATE_OOD,6832,0.9967431637660024,0.005,0.00468384074941452,0.2229580573951435,0.5619985860000725,0.04209709599990674,0.9528411196017188,0.9500881648009917,0.9951219512195122,0.2388758782201405,0.38526912181303113,0.00117096018735363,816,4,3412,2600
DAPT,LOGREG,82,1.0,4000,DOMAIN_TEMPLATE_OOD,3708,0.9967431637660024,0.005,0.00468384074941452,0.2229580573951435,0.5619985860000725,0.02077251800005797,0.9321542066008885,0.9319215923121411,0.9906542056074766,0.1715210355987055,0.2924137931034483,0.0016181229773462784,318,3,1851,1536
DAPT,XGBOOST,82,1.0,4000,IID,3051,0.9833492636680603,0.005,0.00468384074941452,0.4878587196467991,10.312148243000138,0.010285432999808108,0.8846109485657262,0.917292755267254,0.9800796812749004,0.46502835538752363,0.6307692307692307,0.005017561465127948,492,10,1983,566
DAPT,XGBOOST,82,1.0,4000,TEMPORAL,8000,0.9833492636680603,0.005,0.00468384074941452,0.4878587196467991,10.312148243000138,0.02626761900000929,0.9461154289300173,0.9435598749999999,0.9879656160458453,0.431,0.6001740644038294,0.00525,1724,21,3979,2276
DAPT,XGBOOST,82,1.0,4000,DOMAIN_OOD,3858,0.9833492636680603,0.005,0.00468384074941452,0.4878587196467991,10.312148243000138,0.013115874000050098,0.921688353591767,0.922405047404745,0.9785932721712538,0.33177812337998963,0.49554781262098335,0.007257646448937273,640,14,1915,1289
DAPT,XGBOOST,82,1.0,4000,TEMPLATE_OOD,6832,0.9833492636680603,0.005,0.00468384074941452,0.4878587196467991,10.312148243000138,0.02236864099995728,0.9419703432111385,0.939307087051429,0.9881367759944173,0.41451990632318503,0.5840379459682409,0.004976580796252928,1416,17,3399,2000
DAPT,XGBOOST,82,1.0,4000,DOMAIN_TEMPLATE_OOD,3708,0.9833492636680603,0.005,0.00468384074941452,0.4878587196467991,10.312148243000138,0.012804871000071216,0.9137358958968577,0.9146240846055469,0.9771528998242531,0.2998921251348436,0.45893520429219975,0.007011866235167206,556,13,1841,1298
DAPT,MLP,82,1.0,4000,IID,3051,0.9968841075897217,0.005,0.00468384074941452,0.47902869757174393,2.211372205999851,0.02348833799987915,0.9094029632742819,0.9393593550963343,0.9808510638297873,0.43572778827977315,0.6034031413612565,0.004515805318615153,461,9,1984,597
DAPT,MLP,82,1.0,4000,TEMPORAL,8000,0.9968841075897217,0.005,0.00468384074941452,0.47902869757174393,2.211372205999851,0.05795041299984405,0.9593927040047541,0.9578891249999999,0.9899159663865547,0.44175,0.6108902333621434,0.0045,1767,18,3982,2233
DAPT,MLP,82,1.0,4000,DOMAIN_OOD,3858,0.9968841075897217,0.005,0.00468384074941452,0.47902869757174393,2.211372205999851,0.03033083099990108,0.9402991985124833,0.940158412659253,0.9821693907875185,0.3426645930533955,0.5080707148347425,0.006220839813374806,661,12,1917,1268
DAPT,MLP,82,1.0,4000,TEMPLATE_OOD,6832,0.9968841075897217,0.005,0.00468384074941452,0.47902869757174393,2.211372205999851,0.05135149200009437,0.9550610398660467,0.9532831104761175,0.9897189856065799,0.42271662763466045,0.5924102564102565,0.004391100702576112,1444,15,3401,1972
DAPT,MLP,82,1.0,4000,DOMAIN_TEMPLATE_OOD,3708,0.9968841075897217,0.005,0.00468384074941452,0.47902869757174393,2.211372205999851,0.025580474999969738,0.934185060936062,0.9346981772987994,0.9812925170068028,0.3112189859762675,0.4725634725634726,0.005933117583603021,577,11,1843,1277
CONTRASTIVE,LOGREG,82,1.0,4000,IID,3051,0.9923336099943415,0.005,0.00468384074941452,0.24503311258278146,0.5022827259999758,0.05095160099995155,0.7928184871741224,0.8599640329053388,0.9242424242424242,0.23062381852551986,0.3691376701966717,0.010035122930255895,244,20,1973,814
CONTRASTIVE,LOGREG,82,1.0,4000,TEMPORAL,8000,0.9923336099943415,0.005,0.00468384074941452,0.24503311258278146,0.5022827259999758,0.05780225299986341,0.887859178080224,0.8762665624999999,0.97953216374269,0.25125,0.39992041384799043,0.00525,1005,21,3979,2995
CONTRASTIVE,LOGREG,82,1.0,4000,DOMAIN_OOD,3858,0.9923336099943415,0.005,0.00468384074941452,0.24503311258278146,0.5022827259999758,0.028395401999887326,0.8567633889620714,0.8484596111679501,0.9681159420289855,0.1731467081389321,0.2937554969217238,0.005702436495593572,334,11,1918,1595
CONTRASTIVE,LOGREG,82,1.0,4000,TEMPLATE_OOD,6832,0.9923336099943415,0.005,0.00468384074941452,0.24503311258278146,0.5022827259999758,0.043153920000122525,0.8857651991269366,0.8726936437703273,0.9830890642615558,0.25526932084309134,0.40529862886358353,0.004391100702576112,872,15,3401,2544
CONTRASTIVE,LOGREG,82,1.0,4000,DOMAIN_TEMPLATE_OOD,3708,0.9923336099943415,0.005,0.00468384074941452,0.24503311258278146,0.5022827259999758,0.020620750000034604,0.8506604804140104,0.8391148791673504,0.9727272727272728,0.17313915857605178,0.29395604395604397,0.0048543689320388345,321,9,1845,1533
CONTRASTIVE,XGBOOST,82,1.0,4000,IID,3051,0.9946367740631104,0.005,0.00468384074941452,0.09050772626931568,13.396271782999975,0.010915457000010065,0.7929133331668048,0.8727687738843988,0.9590163934426229,0.11058601134215501,0.19830508474576272,0.002508780732563974,117,5,1988,941
CONTRASTIVE,XGBOOST,82,1.0,4000,TEMPORAL,8000,0.9946367740631104,0.005,0.00468384074941452,0.09050772626931568,13.396271782999975,0.027736068999956842,0.8817076475049482,0.8671994062500001,0.9901960784313726,0.17675,0.2999575731862537,0.00175,707,7,3993,3293
CONTRASTIVE,XGBOOST,82,1.0,4000,DOMAIN_OOD,3858,0.9946367740631104,0.005,0.00468384074941452,0.09050772626931568,13.396271782999975,0.013933048999888342,0.8441401399669972,0.8349843498096365,0.9775280898876404,0.09020217729393468,0.16516373991457048,0.002073613271124935,174,4,1925,1755
CONTRASTIVE,XGBOOST,82,1.0,4000,TEMPLATE_OOD,6832,0.9946367740631104,0.005,0.00468384074941452,0.09050772626931568,13.396271782999975,0.02318469500005449,0.8831678501374296,0.867485981728085,0.9919354838709677,0.18003512880562061,0.3047571853320119,0.0014637002341920376,615,5,3411,2801
CONTRASTIVE,XGBOOST,82,1.0,4000,DOMAIN_TEMPLATE_OOD,3708,0.9946367740631104,0.005,0.00468384074941452,0.09050772626931568,13.396271782999975,0.012982269000076485,0.8380649457147131,0.8268974979315256,0.9803921568627451,0.08090614886731391,0.14947683109118087,0.0016181229773462784,150,3,1851,1704
CONTRASTIVE,MLP,82,1.0,4000,IID,3051,0.999319851398468,0.005,0.00468384074941452,0.2671081677704194,2.216381733000162,0.020838625999886062,0.828279661015374,0.8921051183869441,0.9638989169675091,0.2523629489603025,0.4,0.005017561465127948,267,10,1983,791
CONTRASTIVE,MLP,82,1.0,4000,TEMPORAL,8000,0.999319851398468,0.005,0.00468384074941452,0.2671081677704194,2.216381733000162,0.05859370799998942,0.8966471817492311,0.8891855625,0.9841112214498511,0.24775,0.3958458158577991,0.004,991,16,3984,3009
CONTRASTIVE,MLP,82,1.0,4000,DOMAIN_OOD,3858,0.999319851398468,0.005,0.00468384074941452,0.2671081677704194,2.216381733000162,0.029452908999928695,0.8578395072267172,0.8561825843896911,0.9716312056737588,0.14204250907205807,0.24785165083672547,0.00414722654224987,274,8,1921,1655
CONTRASTIVE,MLP,82,1.0,4000,TEMPLATE_OOD,6832,0.999319851398468,0.005,0.00468384074941452,0.2671081677704194,2.216381733000162,0.051346147999993264,0.8958285739448453,0.8876541512869592,0.9874572405929305,0.2535128805620609,0.4034474726298626,0.0032201405152224825,866,11,3405,2550
CONTRASTIVE,MLP,82,1.0,4000,DOMAIN_TEMPLATE_OOD,3708,0.999319851398468,0.005,0.00468384074941452,0.2671081677704194,2.216381733000162,0.026315346000046702,0.8553876937285273,0.8524255552879048,0.9740740740740741,0.1418554476806904,0.24764595103578155,0.0037756202804746495,263,7,1847,1591
