model,seed,label_budget,scenario,target_fpr,review_fraction,direct_recall,direct_fpr,direct_ap,stage1_recall,stage1_fpr,review_precision,assisted_recall,capture_rate
T0_AL_SELECTED,42,0.25,IID_ORIGINAL,0.005,0.05,0.6162570888468809,0.0045158053186151,0.904285689768303,0.4612476370510397,0.0030105368790767,0.9765625,0.5793950850661626,0.219298245614035
T0_AL_SELECTED,42,0.25,IID_ORIGINAL,0.005,0.1,0.6162570888468809,0.0045158053186151,0.904285689768303,0.4612476370510397,0.0030105368790767,0.96484375,0.6947069943289225,0.4333333333333333
T0_AL_SELECTED,42,0.25,IID_ORIGINAL,0.005,0.2,0.6162570888468809,0.0045158053186151,0.904285689768303,0.4612476370510397,0.0030105368790767,0.736328125,0.8175803402646503,0.6614035087719298
T0_AL_SELECTED,42,0.25,IID_BALANCED,0.005,0.05,0.6162570888468809,0.0056710775047258,0.934029857979578,0.4612476370510397,0.0028355387523629,0.975609756097561,0.5368620037807184,0.1403508771929824
T0_AL_SELECTED,42,0.25,IID_BALANCED,0.005,0.1,0.6162570888468809,0.0056710775047258,0.934029857979578,0.4612476370510397,0.0028355387523629,0.9754601226993864,0.611531190926276,0.2789473684210526
T0_AL_SELECTED,42,0.25,IID_BALANCED,0.005,0.2,0.6162570888468809,0.0056710775047258,0.934029857979578,0.4612476370510397,0.0028355387523629,0.9507692307692308,0.7533081285444234,0.5421052631578948
T0_AL_SELECTED,42,0.25,TEMPORAL,0.005,0.05,0.65975,0.004,0.973901765503776,0.53475,0.00175,0.9965870307167236,0.60775,0.1569048898441698
T0_AL_SELECTED,42,0.25,TEMPORAL,0.005,0.1,0.65975,0.004,0.973901765503776,0.53475,0.00175,0.9897610921501706,0.67975,0.3116603976356797
T0_AL_SELECTED,42,0.25,TEMPORAL,0.005,0.2,0.65975,0.004,0.973901765503776,0.53475,0.00175,0.9658411614005123,0.8175,0.6077377753895755
T0_AL_SELECTED,42,0.25,DOMAIN_OOD,0.005,0.05,0.576464489372732,0.0051840331778123,0.964859715226046,0.4504924831518921,0.0025920165889061,1.0,0.5282529808190772,0.1415094339622641
T0_AL_SELECTED,42,0.25,DOMAIN_OOD,0.005,0.1,0.576464489372732,0.0051840331778123,0.964859715226046,0.4504924831518921,0.0025920165889061,0.9899665551839464,0.6039398652151374,0.2792452830188679
T0_AL_SELECTED,42,0.25,DOMAIN_OOD,0.005,0.2,0.576464489372732,0.0051840331778123,0.964859715226046,0.4504924831518921,0.0025920165889061,0.9631490787269682,0.7485743908761016,0.5424528301886793
T0_AL_SELECTED,42,0.25,TEMPLATE_OOD,0.005,0.05,0.6484192037470726,0.0040983606557377,0.9719887875392784,0.5152224824355972,0.0020491803278688,0.9960629921259844,0.5892857142857143,0.1527777777777778
T0_AL_SELECTED,42,0.25,TEMPLATE_OOD,0.005,0.1,0.6484192037470726,0.0040983606557377,0.9719887875392784,0.5152224824355972,0.0020491803278688,0.9921104536489151,0.6624707259953162,0.303743961352657
T0_AL_SELECTED,42,0.25,TEMPLATE_OOD,0.005,0.2,0.6484192037470726,0.0040983606557377,0.9719887875392784,0.5152224824355972,0.0020491803278688,0.9684106614017768,0.802400468384075,0.592391304347826
T0_AL_SELECTED,42,0.25,DOMAIN_TEMPLATE_OOD,0.005,0.05,0.5507011866235167,0.0048543689320388,0.963020995733191,0.4234088457389428,0.0026968716289104,1.0,0.5021574973031284,0.1365762394761459
T0_AL_SELECTED,42,0.25,DOMAIN_TEMPLATE_OOD,0.005,0.1,0.5507011866235167,0.0048543689320388,0.963020995733191,0.4234088457389428,0.0026968716289104,0.9931506849315068,0.5798274002157497,0.2712815715622076
T0_AL_SELECTED,42,0.25,DOMAIN_TEMPLATE_OOD,0.005,0.2,0.5507011866235167,0.0048543689320388,0.963020995733191,0.4234088457389428,0.0026968716289104,0.9674657534246576,0.7281553398058253,0.5285313376987839
T0_AL_SELECTED,42,0.25,IID_ORIGINAL,0.01,0.05,0.6824196597353497,0.0090316106372303,0.904285689768303,0.5642722117202268,0.0065228299046663,0.959349593495935,0.6758034026465028,0.2559652928416486
T0_AL_SELECTED,42,0.25,IID_ORIGINAL,0.01,0.1,0.6824196597353497,0.0090316106372303,0.904285689768303,0.5642722117202268,0.0065228299046663,0.9020408163265308,0.7731568998109641,0.4793926247288503
T0_AL_SELECTED,42,0.25,IID_ORIGINAL,0.01,0.2,0.6824196597353497,0.0090316106372303,0.904285689768303,0.5642722117202268,0.0065228299046663,0.5950920245398773,0.8393194706994329,0.631236442516269
T0_AL_SELECTED,42,0.25,IID_BALANCED,0.01,0.05,0.6824196597353497,0.0113421550094517,0.934029857979578,0.5642722117202268,0.0075614366729678,0.986842105263158,0.6351606805293005,0.1626898047722342
T0_AL_SELECTED,42,0.25,IID_BALANCED,0.01,0.1,0.6824196597353497,0.0113421550094517,0.934029857979578,0.5642722117202268,0.0075614366729678,0.9802631578947368,0.7051039697542533,0.3232104121475054
T0_AL_SELECTED,42,0.25,IID_BALANCED,0.01,0.2,0.6824196597353497,0.0113421550094517,0.934029857979578,0.5642722117202268,0.0075614366729678,0.8613861386138614,0.8109640831758034,0.5661605206073753
T0_AL_SELECTED,42,0.25,TEMPORAL,0.01,0.05,0.765,0.00925,0.973901765503776,0.657,0.00475,0.996268656716418,0.72375,0.1946064139941691
T0_AL_SELECTED,42,0.25,TEMPORAL,0.01,0.1,0.765,0.00925,0.973901765503776,0.657,0.00475,0.9738805970149254,0.7875,0.380466472303207
T0_AL_SELECTED,42,0.25,TEMPORAL,0.01,0.2,0.765,0.00925,0.973901765503776,0.657,0.00475,0.8739495798319328,0.891,0.6822157434402333
T0_AL_SELECTED,42,0.25,DOMAIN_OOD,0.01,0.05,0.7081389320891653,0.0129600829445308,0.964859715226046,0.5909797822706065,0.006739243131156,0.9926470588235294,0.6609642301710731,0.1711026615969581
T0_AL_SELECTED,42,0.25,DOMAIN_OOD,0.01,0.1,0.7081389320891653,0.0129600829445308,0.964859715226046,0.5909797822706065,0.006739243131156,0.977859778597786,0.7283566614826334,0.3358681875792142
T0_AL_SELECTED,42,0.25,DOMAIN_OOD,0.01,0.2,0.7081389320891653,0.0129600829445308,0.964859715226046,0.5909797822706065,0.006739243131156,0.9038817005545288,0.8444790046656299,0.6197718631178707
T0_AL_SELECTED,42,0.25,TEMPLATE_OOD,0.01,0.05,0.7543911007025761,0.009367681498829,0.9719887875392784,0.6443208430913349,0.0055620608899297,1.0,0.711943793911007,0.1901234567901234
T0_AL_SELECTED,42,0.25,TEMPLATE_OOD,0.01,0.1,0.7543911007025761,0.009367681498829,0.9719887875392784,0.6443208430913349,0.0055620608899297,0.9761904761904762,0.7763466042154566,0.37119341563786
T0_AL_SELECTED,42,0.25,TEMPLATE_OOD,0.01,0.2,0.7543911007025761,0.009367681498829,0.9719887875392784,0.6443208430913349,0.0055620608899297,0.886240520043337,0.8837822014051522,0.6732510288065844
T0_AL_SELECTED,42,0.25,DOMAIN_TEMPLATE_OOD,0.01,0.05,0.68554476806904,0.011866235167206,0.963020995733191,0.5609492988133765,0.0070118662351672,1.0,0.6326860841423948,0.1633906633906633
T0_AL_SELECTED,42,0.25,DOMAIN_TEMPLATE_OOD,0.01,0.1,0.68554476806904,0.011866235167206,0.963020995733191,0.5609492988133765,0.0070118662351672,0.9849624060150376,0.7022653721682848,0.3218673218673218
T0_AL_SELECTED,42,0.25,DOMAIN_TEMPLATE_OOD,0.01,0.2,0.68554476806904,0.011866235167206,0.963020995733191,0.5609492988133765,0.0070118662351672,0.9190207156308852,0.8241639697950378,0.5995085995085995
T0_AL_SELECTED,42,0.25,IID_ORIGINAL,0.02,0.05,0.7448015122873346,0.0210737581535373,0.904285689768303,0.6502835538752363,0.0155544405418966,0.9487179487179488,0.7551984877126654,0.3
T0_AL_SELECTED,42,0.25,IID_ORIGINAL,0.02,0.1,0.7448015122873346,0.0210737581535373,0.904285689768303,0.6502835538752363,0.0155544405418966,0.7307692307692307,0.8119092627599244,0.4621621621621621
T0_AL_SELECTED,42,0.25,IID_ORIGINAL,0.02,0.2,0.7448015122873346,0.0210737581535373,0.904285689768303,0.6502835538752363,0.0155544405418966,0.45610278372591,0.8516068052930057,0.5756756756756757
T0_AL_SELECTED,42,0.25,IID_BALANCED,0.02,0.05,0.7448015122873346,0.0217391304347826,0.934029857979578,0.6502835538752363,0.0179584120982986,1.0,0.717391304347826,0.1918918918918919
T0_AL_SELECTED,42,0.25,IID_BALANCED,0.02,0.1,0.7448015122873346,0.0217391304347826,0.934029857979578,0.6502835538752363,0.0179584120982986,0.9432624113475178,0.775992438563327,0.3594594594594594
T0_AL_SELECTED,42,0.25,IID_BALANCED,0.02,0.2,0.7448015122873346,0.0217391304347826,0.934029857979578,0.6502835538752363,0.0179584120982986,0.7021276595744681,0.8374291115311909,0.5351351351351351
T0_AL_SELECTED,42,0.25,TEMPORAL,0.02,0.05,0.8465,0.021,0.973901765503776,0.75175,0.0125,0.9758064516129032,0.81225,0.2437059415911379
T0_AL_SELECTED,42,0.25,TEMPORAL,0.02,0.1,0.8465,0.021,0.973901765503776,0.75175,0.0125,0.9171717171717172,0.86525,0.4572004028197381
T0_AL_SELECTED,42,0.25,TEMPORAL,0.02,0.2,0.8465,0.021,0.973901765503776,0.75175,0.0125,0.7077856420626896,0.92675,0.7049345417925479
T0_AL_SELECTED,42,0.25,DOMAIN_OOD,0.02,0.05,0.8175220321410057,0.0274753758424053,0.964859715226046,0.6941420425090721,0.0191809227579056,0.976,0.7573872472783826,0.2067796610169491
T0_AL_SELECTED,42,0.25,DOMAIN_OOD,0.02,0.1,0.8175220321410057,0.0274753758424053,0.964859715226046,0.6941420425090721,0.0191809227579056,0.9196787148594378,0.8128564022809746,0.3881355932203389
T0_AL_SELECTED,42,0.25,DOMAIN_OOD,0.02,0.2,0.8175220321410057,0.0274753758424053,0.964859715226046,0.6941420425090721,0.0191809227579056,0.7887323943661971,0.8973561430793157,0.6644067796610169
T0_AL_SELECTED,42,0.25,TEMPLATE_OOD,0.02,0.05,0.8401639344262295,0.0213700234192037,0.9719887875392784,0.7403395784543325,0.0140515222482435,0.9812206572769951,0.8015222482435597,0.2356257046223224
T0_AL_SELECTED,42,0.25,TEMPLATE_OOD,0.02,0.1,0.8401639344262295,0.0213700234192037,0.9719887875392784,0.7403395784543325,0.0140515222482435,0.9178403755868544,0.8548009367681498,0.4408117249154453
T0_AL_SELECTED,42,0.25,TEMPLATE_OOD,0.02,0.2,0.8401639344262295,0.0213700234192037,0.9719887875392784,0.7403395784543325,0.0140515222482435,0.7226792009400705,0.9203747072599532,0.6933483652762119
T0_AL_SELECTED,42,0.25,DOMAIN_TEMPLATE_OOD,0.02,0.05,0.8004314994606256,0.0258899676375404,0.963020995733191,0.6704422869471414,0.0188781014023732,0.9836065573770492,0.7351672060409924,0.1963993453355155
T0_AL_SELECTED,42,0.25,DOMAIN_TEMPLATE_OOD,0.02,0.1,0.8004314994606256,0.0258899676375404,0.963020995733191,0.6704422869471414,0.0188781014023732,0.9300411522633744,0.7923408845738943,0.3698854337152209
T0_AL_SELECTED,42,0.25,DOMAIN_TEMPLATE_OOD,0.02,0.2,0.8004314994606256,0.0258899676375404,0.963020995733191,0.6704422869471414,0.0188781014023732,0.8209876543209876,0.8856526429341963,0.6530278232405892
DAPT_AL_SELECTED,42,0.25,IID_ORIGINAL,0.005,0.05,0.6521739130434783,0.0045158053186151,0.8860255218305951,0.4612476370510397,0.0030105368790767,0.984375,0.5803402646502835,0.2210526315789473
DAPT_AL_SELECTED,42,0.25,IID_ORIGINAL,0.005,0.1,0.6521739130434783,0.0045158053186151,0.8860255218305951,0.4612476370510397,0.0030105368790767,0.97265625,0.6965973534971645,0.4368421052631579
DAPT_AL_SELECTED,42,0.25,IID_ORIGINAL,0.005,0.2,0.6521739130434783,0.0045158053186151,0.8860255218305951,0.4612476370510397,0.0030105368790767,0.712890625,0.8062381852551985,0.6403508771929824
DAPT_AL_SELECTED,42,0.25,IID_BALANCED,0.005,0.05,0.6521739130434783,0.0066162570888468,0.9182054308202754,0.4612476370510397,0.0028355387523629,0.975609756097561,0.5368620037807184,0.1403508771929824
DAPT_AL_SELECTED,42,0.25,IID_BALANCED,0.005,0.1,0.6521739130434783,0.0066162570888468,0.9182054308202754,0.4612476370510397,0.0028355387523629,0.9877300613496932,0.6134215500945179,0.2824561403508772
DAPT_AL_SELECTED,42,0.25,IID_BALANCED,0.005,0.2,0.6521739130434783,0.0066162570888468,0.9182054308202754,0.4612476370510397,0.0028355387523629,0.9446153846153846,0.7514177693761814,0.5385964912280702
DAPT_AL_SELECTED,42,0.25,TEMPORAL,0.005,0.05,0.7105,0.003,0.9720059399969444,0.53475,0.00175,0.9965870307167236,0.60775,0.1569048898441698
DAPT_AL_SELECTED,42,0.25,TEMPORAL,0.005,0.1,0.7105,0.003,0.9720059399969444,0.53475,0.00175,0.9965870307167236,0.68075,0.3138097796883396
DAPT_AL_SELECTED,42,0.25,TEMPORAL,0.005,0.2,0.7105,0.003,0.9720059399969444,0.53475,0.00175,0.981212638770282,0.822,0.6174099946265449
DAPT_AL_SELECTED,42,0.25,DOMAIN_OOD,0.005,0.05,0.6443753240020736,0.0025920165889061,0.9691127494375248,0.4504924831518921,0.0025920165889061,1.0,0.5282529808190772,0.1415094339622641
DAPT_AL_SELECTED,42,0.25,DOMAIN_OOD,0.005,0.1,0.6443753240020736,0.0025920165889061,0.9691127494375248,0.4504924831518921,0.0025920165889061,0.9966555183946488,0.6049766718506998,0.2811320754716981
DAPT_AL_SELECTED,42,0.25,DOMAIN_OOD,0.005,0.2,0.6443753240020736,0.0025920165889061,0.9691127494375248,0.4504924831518921,0.0025920165889061,0.9916247906197656,0.7573872472783826,0.5584905660377358
DAPT_AL_SELECTED,42,0.25,TEMPLATE_OOD,0.005,0.05,0.697599531615925,0.0026346604215456,0.9724659748350754,0.5152224824355972,0.0020491803278688,0.9960629921259844,0.5892857142857143,0.1527777777777778
DAPT_AL_SELECTED,42,0.25,TEMPLATE_OOD,0.005,0.1,0.697599531615925,0.0026346604215456,0.9724659748350754,0.5152224824355972,0.0020491803278688,0.9960552268244576,0.663056206088993,0.304951690821256
DAPT_AL_SELECTED,42,0.25,TEMPLATE_OOD,0.005,0.2,0.697599531615925,0.0026346604215456,0.9724659748350754,0.5152224824355972,0.0020491803278688,0.9861796643632774,0.8076697892271663,0.6032608695652174
DAPT_AL_SELECTED,42,0.25,DOMAIN_TEMPLATE_OOD,0.005,0.05,0.6062567421790723,0.0021574973031283,0.9668298759118074,0.4234088457389428,0.0026968716289104,1.0,0.5021574973031284,0.1365762394761459
DAPT_AL_SELECTED,42,0.25,DOMAIN_TEMPLATE_OOD,0.005,0.1,0.6062567421790723,0.0021574973031283,0.9668298759118074,0.4234088457389428,0.0026968716289104,0.9965753424657534,0.5803667745415318,0.2722170252572498
DAPT_AL_SELECTED,42,0.25,DOMAIN_TEMPLATE_OOD,0.005,0.2,0.6062567421790723,0.0021574973031283,0.9668298759118074,0.4234088457389428,0.0026968716289104,0.9948630136986302,0.7367853290183387,0.5434985968194574
DAPT_AL_SELECTED,42,0.25,IID_ORIGINAL,0.01,0.05,0.6984877126654064,0.0075263421976919,0.8860255218305951,0.5642722117202268,0.0065228299046663,0.975609756097561,0.6776937618147448,0.2603036876355748
DAPT_AL_SELECTED,42,0.25,IID_ORIGINAL,0.01,0.1,0.6984877126654064,0.0075263421976919,0.8860255218305951,0.5642722117202268,0.0065228299046663,0.8938775510204081,0.7712665406427222,0.4750542299349241
DAPT_AL_SELECTED,42,0.25,IID_ORIGINAL,0.01,0.2,0.6984877126654064,0.0075263421976919,0.8860255218305951,0.5642722117202268,0.0065228299046663,0.5521472392638037,0.8194706994328923,0.5856832971800434
DAPT_AL_SELECTED,42,0.25,IID_BALANCED,0.01,0.05,0.6984877126654064,0.0103969754253308,0.9182054308202754,0.5642722117202268,0.0075614366729678,0.9736842105263158,0.6342155009451795,0.1605206073752711
DAPT_AL_SELECTED,42,0.25,IID_BALANCED,0.01,0.1,0.6984877126654064,0.0103969754253308,0.9182054308202754,0.5642722117202268,0.0075614366729678,0.9802631578947368,0.7051039697542533,0.3232104121475054
DAPT_AL_SELECTED,42,0.25,IID_BALANCED,0.01,0.2,0.6984877126654064,0.0103969754253308,0.9182054308202754,0.5642722117202268,0.0075614366729678,0.8382838283828383,0.8043478260869565,0.5509761388286334
DAPT_AL_SELECTED,42,0.25,TEMPORAL,0.01,0.05,0.786,0.00475,0.9720059399969444,0.657,0.00475,1.0,0.724,0.19533527696793
DAPT_AL_SELECTED,42,0.25,TEMPORAL,0.01,0.1,0.786,0.00475,0.9720059399969444,0.657,0.00475,0.9906716417910448,0.78975,0.3870262390670554
DAPT_AL_SELECTED,42,0.25,TEMPORAL,0.01,0.2,0.786,0.00475,0.9720059399969444,0.657,0.00475,0.8982259570494865,0.8975,0.7011661807580175
DAPT_AL_SELECTED,42,0.25,DOMAIN_OOD,0.01,0.05,0.7366511145671333,0.0046656298600311,0.9691127494375248,0.5909797822706065,0.006739243131156,1.0,0.6614826334888543,0.1723700887198986
DAPT_AL_SELECTED,42,0.25,DOMAIN_OOD,0.01,0.1,0.7366511145671333,0.0046656298600311,0.9691127494375248,0.5909797822706065,0.006739243131156,0.988929889298893,0.7299118714359772,0.3396704689480355
DAPT_AL_SELECTED,42,0.25,DOMAIN_OOD,0.01,0.2,0.7366511145671333,0.0046656298600311,0.9691127494375248,0.5909797822706065,0.006739243131156,0.9297597042513864,0.8517366511145671,0.6375158428390367
DAPT_AL_SELECTED,42,0.25,TEMPLATE_OOD,0.01,0.05,0.7740046838407494,0.0040983606557377,0.9724659748350754,0.6443208430913349,0.0055620608899297,1.0,0.711943793911007,0.1901234567901234
DAPT_AL_SELECTED,42,0.25,TEMPLATE_OOD,0.01,0.1,0.7740046838407494,0.0040983606557377,0.9724659748350754,0.6443208430913349,0.0055620608899297,0.9935064935064936,0.7786885245901639,0.3777777777777777
DAPT_AL_SELECTED,42,0.25,TEMPLATE_OOD,0.01,0.2,0.7740046838407494,0.0040983606557377,0.9724659748350754,0.6443208430913349,0.0055620608899297,0.9089924160346696,0.8899297423887588,0.6905349794238683
DAPT_AL_SELECTED,42,0.25,DOMAIN_TEMPLATE_OOD,0.01,0.05,0.7098166127292341,0.0037756202804746,0.9668298759118074,0.5609492988133765,0.0070118662351672,1.0,0.6326860841423948,0.1633906633906633
DAPT_AL_SELECTED,42,0.25,DOMAIN_TEMPLATE_OOD,0.01,0.1,0.7098166127292341,0.0037756202804746,0.9668298759118074,0.5609492988133765,0.0070118662351672,0.9924812030075189,0.703344120819849,0.3243243243243243
DAPT_AL_SELECTED,42,0.25,DOMAIN_TEMPLATE_OOD,0.01,0.2,0.7098166127292341,0.0037756202804746,0.9668298759118074,0.5609492988133765,0.0070118662351672,0.943502824858757,0.831175836030205,0.6154791154791155
DAPT_AL_SELECTED,42,0.25,IID_ORIGINAL,0.02,0.05,0.7589792060491494,0.0270948319116909,0.8860255218305951,0.6502835538752363,0.0155544405418966,0.9572649572649572,0.7561436672967864,0.3027027027027027
DAPT_AL_SELECTED,42,0.25,IID_ORIGINAL,0.02,0.1,0.7589792060491494,0.0270948319116909,0.8860255218305951,0.6502835538752363,0.0155544405418966,0.6837606837606838,0.8015122873345936,0.4324324324324324
DAPT_AL_SELECTED,42,0.25,IID_ORIGINAL,0.02,0.2,0.7589792060491494,0.0270948319116909,0.8860255218305951,0.6502835538752363,0.0155544405418966,0.3961456102783726,0.8251417769376181,0.5
DAPT_AL_SELECTED,42,0.25,IID_BALANCED,0.02,0.05,0.7589792060491494,0.0283553875236294,0.9182054308202754,0.6502835538752363,0.0179584120982986,1.0,0.717391304347826,0.1918918918918919
DAPT_AL_SELECTED,42,0.25,IID_BALANCED,0.02,0.1,0.7589792060491494,0.0283553875236294,0.9182054308202754,0.6502835538752363,0.0179584120982986,0.9290780141843972,0.774102079395085,0.354054054054054
DAPT_AL_SELECTED,42,0.25,IID_BALANCED,0.02,0.2,0.7589792060491494,0.0283553875236294,0.9182054308202754,0.6502835538752363,0.0179584120982986,0.6418439716312057,0.8213610586011342,0.4891891891891892
DAPT_AL_SELECTED,42,0.25,TEMPORAL,0.02,0.05,0.8715,0.021,0.9720059399969444,0.75175,0.0125,0.9919354838709676,0.81325,0.2477341389728096
DAPT_AL_SELECTED,42,0.25,TEMPORAL,0.02,0.1,0.8715,0.021,0.9720059399969444,0.75175,0.0125,0.9494949494949496,0.86925,0.473313192346425
DAPT_AL_SELECTED,42,0.25,TEMPORAL,0.02,0.2,0.8715,0.021,0.9720059399969444,0.75175,0.0125,0.731041456016178,0.9325,0.7280966767371602
DAPT_AL_SELECTED,42,0.25,DOMAIN_OOD,0.02,0.05,0.8455158113011924,0.0259201658890616,0.9691127494375248,0.6941420425090721,0.0191809227579056,0.992,0.7584240539139451,0.2101694915254237
DAPT_AL_SELECTED,42,0.25,DOMAIN_OOD,0.02,0.1,0.8455158113011924,0.0259201658890616,0.9691127494375248,0.6941420425090721,0.0191809227579056,0.9799196787148594,0.8206324520476931,0.4135593220338983
DAPT_AL_SELECTED,42,0.25,DOMAIN_OOD,0.02,0.2,0.8455158113011924,0.0259201658890616,0.9691127494375248,0.6941420425090721,0.0191809227579056,0.8289738430583501,0.9077242094349404,0.6983050847457627
DAPT_AL_SELECTED,42,0.25,TEMPLATE_OOD,0.02,0.05,0.8662177985948478,0.0204918032786885,0.9724659748350754,0.7403395784543325,0.0140515222482435,0.9953051643192488,0.802400468384075,0.2390078917700112
DAPT_AL_SELECTED,42,0.25,TEMPLATE_OOD,0.02,0.1,0.8662177985948478,0.0204918032786885,0.9724659748350754,0.7403395784543325,0.0140515222482435,0.955399061032864,0.8594847775175644,0.4588500563697858
DAPT_AL_SELECTED,42,0.25,TEMPLATE_OOD,0.02,0.2,0.8662177985948478,0.0204918032786885,0.9724659748350754,0.7403395784543325,0.0140515222482435,0.7567567567567568,0.9288641686182668,0.7260428410372041
DAPT_AL_SELECTED,42,0.25,DOMAIN_TEMPLATE_OOD,0.02,0.05,0.8290183387270766,0.0248112189859762,0.9668298759118074,0.6704422869471414,0.0188781014023732,0.9918032786885246,0.7357065803667745,0.1980360065466448
DAPT_AL_SELECTED,42,0.25,DOMAIN_TEMPLATE_OOD,0.02,0.1,0.8290183387270766,0.0248112189859762,0.9668298759118074,0.6704422869471414,0.0188781014023732,0.9876543209876544,0.7998921251348435,0.392798690671031
DAPT_AL_SELECTED,42,0.25,DOMAIN_TEMPLATE_OOD,0.02,0.2,0.8290183387270766,0.0248112189859762,0.9668298759118074,0.6704422869471414,0.0188781014023732,0.8477366255144033,0.8926645091693636,0.67430441898527
T0_AL_SELECTED,52,0.25,IID_ORIGINAL,0.005,0.05,0.5189035916824196,0.0015052684395383,0.8939646980940221,0.5604914933837429,0.0060210737581535,0.983739837398374,0.6748582230623819,0.2602150537634408
T0_AL_SELECTED,52,0.25,IID_ORIGINAL,0.005,0.1,0.5189035916824196,0.0015052684395383,0.8939646980940221,0.5604914933837429,0.0060210737581535,0.9020408163265308,0.7693761814744802,0.4752688172043011
T0_AL_SELECTED,52,0.25,IID_ORIGINAL,0.005,0.2,0.5189035916824196,0.0015052684395383,0.8939646980940221,0.5604914933837429,0.0060210737581535,0.5693877551020409,0.8241965973534972,0.6
T0_AL_SELECTED,52,0.25,IID_BALANCED,0.005,0.05,0.5189035916824196,0.0018903591682419,0.9253167382264856,0.5604914933837429,0.0066162570888468,1.0,0.6323251417769377,0.1634408602150537
T0_AL_SELECTED,52,0.25,IID_BALANCED,0.005,0.1,0.5189035916824196,0.0018903591682419,0.9253167382264856,0.5604914933837429,0.0066162570888468,0.986842105263158,0.7022684310018904,0.3225806451612903
T0_AL_SELECTED,52,0.25,IID_BALANCED,0.005,0.2,0.5189035916824196,0.0018903591682419,0.9253167382264856,0.5604914933837429,0.0066162570888468,0.8552631578947368,0.8062381852551985,0.5591397849462365
T0_AL_SELECTED,52,0.25,TEMPORAL,0.005,0.05,0.5435,0.002,0.9717711121826372,0.6685,0.0035,0.9699248120300752,0.733,0.1945701357466063
T0_AL_SELECTED,52,0.25,TEMPORAL,0.005,0.1,0.5435,0.002,0.9717711121826372,0.6685,0.0035,0.9699248120300752,0.7975,0.3891402714932127
T0_AL_SELECTED,52,0.25,TEMPORAL,0.005,0.2,0.5435,0.002,0.9717711121826372,0.6685,0.0035,0.889934148635936,0.905,0.7134238310708899
T0_AL_SELECTED,52,0.25,DOMAIN_OOD,0.005,0.05,0.4318299637117677,0.0015552099533437,0.9681814298610072,0.589942975635044,0.0041472265422498,0.9779411764705882,0.6588906168999482,0.168141592920354
T0_AL_SELECTED,52,0.25,DOMAIN_OOD,0.005,0.1,0.4318299637117677,0.0015552099533437,0.9681814298610072,0.589942975635044,0.0041472265422498,0.9852941176470588,0.7288750648004148,0.3388116308470291
T0_AL_SELECTED,52,0.25,DOMAIN_OOD,0.005,0.2,0.4318299637117677,0.0015552099533437,0.9681814298610072,0.589942975635044,0.0041472265422498,0.9318600368324124,0.8522550544323484,0.6396965865992414
T0_AL_SELECTED,52,0.25,TEMPLATE_OOD,0.005,0.05,0.5322014051522248,0.0011709601873536,0.9729987126430828,0.6528103044496487,0.0040983606557377,0.982608695652174,0.7189695550351288,0.1905564924114671
T0_AL_SELECTED,52,0.25,TEMPLATE_OOD,0.005,0.1,0.5322014051522248,0.0011709601873536,0.9729987126430828,0.6528103044496487,0.0040983606557377,0.9803921568627452,0.7845433255269321,0.3794266441821248
T0_AL_SELECTED,52,0.25,TEMPLATE_OOD,0.005,0.2,0.5322014051522248,0.0011709601873536,0.9729987126430828,0.6528103044496487,0.0040983606557377,0.9074074074074074,0.8966627634660421,0.7023608768971332
T0_AL_SELECTED,52,0.25,DOMAIN_TEMPLATE_OOD,0.005,0.05,0.413160733549083,0.0010787486515641,0.9676672250250432,0.5668824163969794,0.0043149946062567,0.9849624060150376,0.6375404530744336,0.1631382316313823
T0_AL_SELECTED,52,0.25,DOMAIN_TEMPLATE_OOD,0.005,0.1,0.413160733549083,0.0010787486515641,0.9676672250250432,0.5668824163969794,0.0043149946062567,0.9924528301886792,0.7087378640776699,0.3275217932752179
T0_AL_SELECTED,52,0.25,DOMAIN_TEMPLATE_OOD,0.005,0.2,0.413160733549083,0.0010787486515641,0.9676672250250432,0.5668824163969794,0.0043149946062567,0.9358490566037736,0.8344120819848975,0.6176836861768369
T0_AL_SELECTED,52,0.25,IID_ORIGINAL,0.01,0.05,0.7022684310018904,0.0115403913697942,0.8939646980940221,0.6020793950850661,0.0085298544907175,0.9666666666666668,0.7117202268431002,0.2755344418052256
T0_AL_SELECTED,52,0.25,IID_ORIGINAL,0.01,0.1,0.7022684310018904,0.0115403913697942,0.8939646980940221,0.6020793950850661,0.0085298544907175,0.8125,0.7863894139886578,0.4631828978622327
T0_AL_SELECTED,52,0.25,IID_ORIGINAL,0.01,0.2,0.7022684310018904,0.0115403913697942,0.8939646980940221,0.6020793950850661,0.0085298544907175,0.4979166666666667,0.8279773156899811,0.5676959619952494
T0_AL_SELECTED,52,0.25,IID_BALANCED,0.01,0.05,0.7022684310018904,0.0151228733459357,0.9253167382264856,0.6020793950850661,0.0103969754253308,0.9864864864864864,0.6710775047258979,0.173396674584323
T0_AL_SELECTED,52,0.25,IID_BALANCED,0.01,0.1,0.7022684310018904,0.0151228733459357,0.9253167382264856,0.6020793950850661,0.0103969754253308,0.9659863945578232,0.7362948960302458,0.33729216152019
T0_AL_SELECTED,52,0.25,IID_BALANCED,0.01,0.2,0.7022684310018904,0.0151228733459357,0.9253167382264856,0.6020793950850661,0.0103969754253308,0.782312925170068,0.8194706994328923,0.5463182897862233
T0_AL_SELECTED,52,0.25,TEMPORAL,0.01,0.05,0.78875,0.009,0.9717711121826372,0.719,0.006,0.9803921568627452,0.7815,0.2224199288256227
T0_AL_SELECTED,52,0.25,TEMPORAL,0.01,0.1,0.78875,0.009,0.9717711121826372,0.719,0.006,0.9588235294117649,0.84125,0.4350533807829181
T0_AL_SELECTED,52,0.25,TEMPORAL,0.01,0.2,0.78875,0.009,0.9717711121826372,0.719,0.006,0.8284313725490197,0.93025,0.751779359430605
T0_AL_SELECTED,52,0.25,DOMAIN_OOD,0.01,0.05,0.742871954380508,0.0093312597200622,0.9681814298610072,0.6485225505443235,0.0077760497667185,0.9846153846153848,0.7148781752203214,0.1887905604719764
T0_AL_SELECTED,52,0.25,DOMAIN_OOD,0.01,0.1,0.742871954380508,0.0093312597200622,0.9681814298610072,0.6485225505443235,0.0077760497667185,0.9730769230769232,0.7796785899429757,0.3731563421828908
T0_AL_SELECTED,52,0.25,DOMAIN_OOD,0.01,0.2,0.742871954380508,0.0093312597200622,0.9681814298610072,0.6485225505443235,0.0077760497667185,0.9017341040462428,0.8911353032659409,0.6902654867256637
T0_AL_SELECTED,52,0.25,TEMPLATE_OOD,0.01,0.05,0.7804449648711944,0.0081967213114754,0.9729987126430828,0.7049180327868853,0.0061475409836065,0.986425339366516,0.7687353629976581,0.2162698412698412
T0_AL_SELECTED,52,0.25,TEMPLATE_OOD,0.01,0.1,0.7804449648711944,0.0081967213114754,0.9729987126430828,0.7049180327868853,0.0061475409836065,0.963718820861678,0.8293325526932084,0.4216269841269841
T0_AL_SELECTED,52,0.25,TEMPLATE_OOD,0.01,0.2,0.7804449648711944,0.0081967213114754,0.9729987126430828,0.7049180327868853,0.0061475409836065,0.8467650397275823,0.9233021077283372,0.7400793650793651
T0_AL_SELECTED,52,0.25,DOMAIN_TEMPLATE_OOD,0.01,0.05,0.7162891046386192,0.0086299892125134,0.9676672250250432,0.6321467098166127,0.0075512405609492,0.984251968503937,0.6995685005393744,0.1832844574780058
T0_AL_SELECTED,52,0.25,DOMAIN_TEMPLATE_OOD,0.01,0.1,0.7162891046386192,0.0086299892125134,0.9676672250250432,0.6321467098166127,0.0075512405609492,0.9762845849802372,0.7653721682847896,0.3621700879765396
T0_AL_SELECTED,52,0.25,DOMAIN_TEMPLATE_OOD,0.01,0.2,0.7162891046386192,0.0086299892125134,0.9676672250250432,0.6321467098166127,0.0075512405609492,0.9089108910891088,0.8797195253505933,0.6730205278592375
T0_AL_SELECTED,52,0.25,IID_ORIGINAL,0.02,0.05,0.7533081285444234,0.0235825388861013,0.8939646980940221,0.6512287334593573,0.0150526843953838,0.9316239316239316,0.7542533081285444,0.2953929539295393
T0_AL_SELECTED,52,0.25,IID_ORIGINAL,0.02,0.1,0.7533081285444234,0.0235825388861013,0.8939646980940221,0.6512287334593573,0.0150526843953838,0.7008547008547008,0.8062381852551985,0.4444444444444444
T0_AL_SELECTED,52,0.25,IID_ORIGINAL,0.02,0.2,0.7533081285444234,0.0235825388861013,0.8939646980940221,0.6512287334593573,0.0150526843953838,0.4197002141327623,0.8364839319470699,0.5311653116531165
T0_AL_SELECTED,52,0.25,IID_BALANCED,0.02,0.05,0.7533081285444234,0.0274102079395085,0.9253167382264856,0.6512287334593573,0.0170132325141776,1.0,0.718336483931947,0.1924119241192411
T0_AL_SELECTED,52,0.25,IID_BALANCED,0.02,0.1,0.7533081285444234,0.0274102079395085,0.9253167382264856,0.6512287334593573,0.0170132325141776,0.9219858156028368,0.774102079395085,0.3523035230352303
T0_AL_SELECTED,52,0.25,IID_BALANCED,0.02,0.2,0.7533081285444234,0.0274102079395085,0.9253167382264856,0.6512287334593573,0.0170132325141776,0.6595744680851063,0.8270321361058601,0.5040650406504065
T0_AL_SELECTED,52,0.25,TEMPORAL,0.02,0.05,0.87475,0.023,0.9717711121826372,0.78025,0.01175,0.9834710743801652,0.83975,0.2707622298065984
T0_AL_SELECTED,52,0.25,TEMPORAL,0.02,0.1,0.87475,0.023,0.9717711121826372,0.78025,0.01175,0.9214876033057852,0.89175,0.5073947667804323
T0_AL_SELECTED,52,0.25,TEMPORAL,0.02,0.2,0.87475,0.023,0.9717711121826372,0.78025,0.01175,0.6732161323681489,0.943,0.7406143344709898
T0_AL_SELECTED,52,0.25,DOMAIN_OOD,0.02,0.05,0.8527734577501296,0.0264385692068429,0.9681814298610072,0.7278382581648523,0.015552099533437,0.9918032786885246,0.7905650596163816,0.2304761904761904
T0_AL_SELECTED,52,0.25,DOMAIN_OOD,0.02,0.1,0.8527734577501296,0.0264385692068429,0.9681814298610072,0.7278382581648523,0.015552099533437,0.9506172839506172,0.8475894245723172,0.44
T0_AL_SELECTED,52,0.25,DOMAIN_OOD,0.02,0.2,0.8527734577501296,0.0264385692068429,0.9681814298610072,0.7278382581648523,0.015552099533437,0.8020618556701031,0.9294971487817522,0.7409523809523809
T0_AL_SELECTED,52,0.25,TEMPLATE_OOD,0.02,0.05,0.870023419203747,0.0207845433255269,0.9729987126430828,0.7699063231850117,0.0117096018735363,0.9904306220095692,0.830503512880562,0.2633587786259542
T0_AL_SELECTED,52,0.25,TEMPLATE_OOD,0.02,0.1,0.870023419203747,0.0207845433255269,0.9729987126430828,0.7699063231850117,0.0117096018735363,0.9328537170263788,0.8837822014051522,0.494910941475827
T0_AL_SELECTED,52,0.25,TEMPLATE_OOD,0.02,0.2,0.870023419203747,0.0207845433255269,0.9729987126430828,0.7699063231850117,0.0117096018735363,0.6986794717887155,0.9402810304449648,0.7404580152671756
T0_AL_SELECTED,52,0.25,DOMAIN_TEMPLATE_OOD,0.02,0.05,0.8360302049622438,0.023732470334412,0.9676672250250432,0.7189859762675297,0.0145631067961165,0.9915254237288136,0.7820927723840345,0.2245681381957773
T0_AL_SELECTED,52,0.25,DOMAIN_TEMPLATE_OOD,0.02,0.1,0.8360302049622438,0.023732470334412,0.9676672250250432,0.7189859762675297,0.0145631067961165,0.948936170212766,0.8392664509169363,0.4280230326295585
T0_AL_SELECTED,52,0.25,DOMAIN_TEMPLATE_OOD,0.02,0.2,0.8360302049622438,0.023732470334412,0.9676672250250432,0.7189859762675297,0.0145631067961165,0.8,0.9217907227615966,0.7216890595009597
DAPT_AL_SELECTED,52,0.25,IID_ORIGINAL,0.005,0.05,0.5604914933837429,0.0035122930255895,0.8995778015463685,0.5604914933837429,0.0060210737581535,0.959349593495935,0.6720226843100189,0.2537634408602151
DAPT_AL_SELECTED,52,0.25,IID_ORIGINAL,0.005,0.1,0.5604914933837429,0.0035122930255895,0.8995778015463685,0.5604914933837429,0.0060210737581535,0.9020408163265308,0.7693761814744802,0.4752688172043011
DAPT_AL_SELECTED,52,0.25,IID_ORIGINAL,0.005,0.2,0.5604914933837429,0.0035122930255895,0.8995778015463685,0.5604914933837429,0.0060210737581535,0.5653061224489796,0.8223062381852552,0.5956989247311828
DAPT_AL_SELECTED,52,0.25,IID_BALANCED,0.005,0.05,0.5604914933837429,0.0066162570888468,0.9293409724249896,0.5604914933837429,0.0066162570888468,0.9736842105263158,0.6304347826086957,0.1591397849462365
DAPT_AL_SELECTED,52,0.25,IID_BALANCED,0.005,0.1,0.5604914933837429,0.0066162570888468,0.9293409724249896,0.5604914933837429,0.0066162570888468,0.9671052631578948,0.6994328922495274,0.3161290322580645
DAPT_AL_SELECTED,52,0.25,IID_BALANCED,0.005,0.2,0.5604914933837429,0.0066162570888468,0.9293409724249896,0.5604914933837429,0.0066162570888468,0.8421052631578947,0.8024574669187146,0.5505376344086022
DAPT_AL_SELECTED,52,0.25,TEMPORAL,0.005,0.05,0.56875,0.002,0.9753433226595992,0.6685,0.0035,0.9736842105263158,0.73325,0.1953242835595776
DAPT_AL_SELECTED,52,0.25,TEMPORAL,0.005,0.1,0.56875,0.002,0.9753433226595992,0.6685,0.0035,0.981203007518797,0.799,0.3936651583710407
DAPT_AL_SELECTED,52,0.25,TEMPORAL,0.005,0.2,0.56875,0.002,0.9753433226595992,0.6685,0.0035,0.9143932267168392,0.9115,0.7330316742081447
DAPT_AL_SELECTED,52,0.25,DOMAIN_OOD,0.005,0.05,0.4624157594608605,0.0015552099533437,0.9732682362044628,0.589942975635044,0.0041472265422498,0.9779411764705882,0.6588906168999482,0.168141592920354
DAPT_AL_SELECTED,52,0.25,DOMAIN_OOD,0.005,0.1,0.4624157594608605,0.0015552099533437,0.9732682362044628,0.589942975635044,0.0041472265422498,0.9852941176470588,0.7288750648004148,0.3388116308470291
DAPT_AL_SELECTED,52,0.25,DOMAIN_OOD,0.005,0.2,0.4624157594608605,0.0015552099533437,0.9732682362044628,0.589942975635044,0.0041472265422498,0.9650092081031308,0.8615863141524106,0.6624525916561315
DAPT_AL_SELECTED,52,0.25,TEMPLATE_OOD,0.005,0.05,0.5579625292740047,0.001463700234192,0.9750851760419392,0.6528103044496487,0.0040983606557377,0.982608695652174,0.7189695550351288,0.1905564924114671
DAPT_AL_SELECTED,52,0.25,TEMPLATE_OOD,0.005,0.1,0.5579625292740047,0.001463700234192,0.9750851760419392,0.6528103044496487,0.0040983606557377,0.9847494553376906,0.7851288056206089,0.3811129848229342
DAPT_AL_SELECTED,52,0.25,TEMPLATE_OOD,0.005,0.2,0.5579625292740047,0.001463700234192,0.9750851760419392,0.6528103044496487,0.0040983606557377,0.9324618736383442,0.9033957845433256,0.7217537942664418
DAPT_AL_SELECTED,52,0.25,DOMAIN_TEMPLATE_OOD,0.005,0.05,0.436353829557713,0.0010787486515641,0.9717552680280984,0.5668824163969794,0.0043149946062567,0.9924812030075189,0.6380798274002157,0.1643835616438356
DAPT_AL_SELECTED,52,0.25,DOMAIN_TEMPLATE_OOD,0.005,0.1,0.436353829557713,0.0010787486515641,0.9717552680280984,0.5668824163969794,0.0043149946062567,0.9886792452830188,0.7081984897518878,0.3262764632627646
DAPT_AL_SELECTED,52,0.25,DOMAIN_TEMPLATE_OOD,0.005,0.2,0.436353829557713,0.0010787486515641,0.9717552680280984,0.5668824163969794,0.0043149946062567,0.9716981132075472,0.8446601941747572,0.6413449564134496
DAPT_AL_SELECTED,52,0.25,IID_ORIGINAL,0.01,0.05,0.6909262759924386,0.0075263421976919,0.8995778015463685,0.6020793950850661,0.0085298544907175,0.9583333333333334,0.7107750472589792,0.2731591448931116
DAPT_AL_SELECTED,52,0.25,IID_ORIGINAL,0.01,0.1,0.6909262759924386,0.0075263421976919,0.8995778015463685,0.6020793950850661,0.0085298544907175,0.8291666666666667,0.7901701323251418,0.4726840855106888
DAPT_AL_SELECTED,52,0.25,IID_ORIGINAL,0.01,0.2,0.6909262759924386,0.0075263421976919,0.8995778015463685,0.6020793950850661,0.0085298544907175,0.49375,0.8260869565217391,0.5629453681710214
DAPT_AL_SELECTED,52,0.25,IID_BALANCED,0.01,0.05,0.6909262759924386,0.0113421550094517,0.9293409724249896,0.6020793950850661,0.0103969754253308,0.972972972972973,0.6701323251417769,0.171021377672209
DAPT_AL_SELECTED,52,0.25,IID_BALANCED,0.01,0.1,0.6909262759924386,0.0113421550094517,0.9293409724249896,0.6020793950850661,0.0103969754253308,0.9659863945578232,0.7362948960302458,0.33729216152019
DAPT_AL_SELECTED,52,0.25,IID_BALANCED,0.01,0.2,0.6909262759924386,0.0113421550094517,0.9293409724249896,0.6020793950850661,0.0103969754253308,0.7482993197278912,0.8100189035916824,0.5225653206650831
DAPT_AL_SELECTED,52,0.25,TEMPORAL,0.01,0.05,0.77225,0.0055,0.9753433226595992,0.719,0.006,0.9803921568627452,0.7815,0.2224199288256227
DAPT_AL_SELECTED,52,0.25,TEMPORAL,0.01,0.1,0.77225,0.0055,0.9753433226595992,0.719,0.006,0.976470588235294,0.8435,0.4430604982206406
DAPT_AL_SELECTED,52,0.25,TEMPORAL,0.01,0.2,0.77225,0.0055,0.9753433226595992,0.719,0.006,0.8264705882352941,0.92975,0.75
DAPT_AL_SELECTED,52,0.25,DOMAIN_OOD,0.01,0.05,0.71850699844479,0.0051840331778123,0.9732682362044628,0.6485225505443235,0.0077760497667185,0.9846153846153848,0.7148781752203214,0.1887905604719764
DAPT_AL_SELECTED,52,0.25,DOMAIN_OOD,0.01,0.1,0.71850699844479,0.0051840331778123,0.9732682362044628,0.6485225505443235,0.0077760497667185,0.9884615384615384,0.7817522032141005,0.3790560471976401
DAPT_AL_SELECTED,52,0.25,DOMAIN_OOD,0.01,0.2,0.71850699844479,0.0051840331778123,0.9732682362044628,0.6485225505443235,0.0077760497667185,0.9248554913294798,0.8973561430793157,0.7079646017699115
DAPT_AL_SELECTED,52,0.25,TEMPLATE_OOD,0.01,0.05,0.765807962529274,0.0046838407494145,0.9750851760419392,0.7049180327868853,0.0061475409836065,0.986425339366516,0.7687353629976581,0.2162698412698412
DAPT_AL_SELECTED,52,0.25,TEMPLATE_OOD,0.01,0.1,0.765807962529274,0.0046838407494145,0.9750851760419392,0.7049180327868853,0.0061475409836065,0.979591836734694,0.8313817330210773,0.4285714285714285
DAPT_AL_SELECTED,52,0.25,TEMPLATE_OOD,0.01,0.2,0.765807962529274,0.0046838407494145,0.9750851760419392,0.7049180327868853,0.0061475409836065,0.8501702610669694,0.9241803278688524,0.7430555555555556
DAPT_AL_SELECTED,52,0.25,DOMAIN_TEMPLATE_OOD,0.01,0.05,0.6974110032362459,0.0043149946062567,0.9717552680280984,0.6321467098166127,0.0075512405609492,0.984251968503937,0.6995685005393744,0.1832844574780058
DAPT_AL_SELECTED,52,0.25,DOMAIN_TEMPLATE_OOD,0.01,0.1,0.6974110032362459,0.0043149946062567,0.9717552680280984,0.6321467098166127,0.0075512405609492,0.9881422924901184,0.7669902912621359,0.3665689149560117
DAPT_AL_SELECTED,52,0.25,DOMAIN_TEMPLATE_OOD,0.01,0.2,0.6974110032362459,0.0043149946062567,0.9717552680280984,0.6321467098166127,0.0075512405609492,0.9405940594059404,0.8883495145631068,0.6964809384164223
DAPT_AL_SELECTED,52,0.25,IID_ORIGINAL,0.02,0.05,0.7665406427221172,0.0225790265930757,0.8995778015463685,0.6512287334593573,0.0150526843953838,0.9487179487179488,0.7561436672967864,0.3008130081300813
DAPT_AL_SELECTED,52,0.25,IID_ORIGINAL,0.02,0.1,0.7665406427221172,0.0225790265930757,0.8995778015463685,0.6512287334593573,0.0150526843953838,0.7008547008547008,0.8062381852551985,0.4444444444444444
DAPT_AL_SELECTED,52,0.25,IID_ORIGINAL,0.02,0.2,0.7665406427221172,0.0225790265930757,0.8995778015463685,0.6512287334593573,0.0150526843953838,0.4111349036402569,0.832703213610586,0.5203252032520326
DAPT_AL_SELECTED,52,0.25,IID_BALANCED,0.02,0.05,0.7665406427221172,0.0245746691871455,0.9293409724249896,0.6512287334593573,0.0170132325141776,0.9577464788732394,0.7155009451795841,0.1842818428184282
DAPT_AL_SELECTED,52,0.25,IID_BALANCED,0.02,0.1,0.7665406427221172,0.0245746691871455,0.9293409724249896,0.6512287334593573,0.0170132325141776,0.9432624113475178,0.776937618147448,0.3604336043360434
DAPT_AL_SELECTED,52,0.25,IID_BALANCED,0.02,0.2,0.7665406427221172,0.0245746691871455,0.9293409724249896,0.6512287334593573,0.0170132325141776,0.6453900709219859,0.8232514177693762,0.4932249322493225
DAPT_AL_SELECTED,52,0.25,TEMPORAL,0.02,0.05,0.891,0.0195,0.9753433226595992,0.78025,0.01175,0.9834710743801652,0.83975,0.2707622298065984
DAPT_AL_SELECTED,52,0.25,TEMPORAL,0.02,0.1,0.891,0.0195,0.9753433226595992,0.78025,0.01175,0.9586776859504132,0.89625,0.5278725824800911
DAPT_AL_SELECTED,52,0.25,TEMPORAL,0.02,0.2,0.891,0.0195,0.9753433226595992,0.78025,0.01175,0.6670113753877973,0.9415,0.7337883959044369
DAPT_AL_SELECTED,52,0.25,DOMAIN_OOD,0.02,0.05,0.871435977190254,0.0243649559357179,0.9732682362044628,0.7278382581648523,0.015552099533437,0.9918032786885246,0.7905650596163816,0.2304761904761904
DAPT_AL_SELECTED,52,0.25,DOMAIN_OOD,0.02,0.1,0.871435977190254,0.0243649559357179,0.9732682362044628,0.7278382581648523,0.015552099533437,0.9753086419753086,0.8506998444790047,0.4514285714285714
DAPT_AL_SELECTED,52,0.25,DOMAIN_OOD,0.02,0.2,0.871435977190254,0.0243649559357179,0.9732682362044628,0.7278382581648523,0.015552099533437,0.8,0.928978745463971,0.7390476190476191
DAPT_AL_SELECTED,52,0.25,TEMPLATE_OOD,0.02,0.05,0.8890515222482436,0.0193208430913348,0.9750851760419392,0.7699063231850117,0.0117096018735363,0.985645933014354,0.8302107728337237,0.2620865139949109
DAPT_AL_SELECTED,52,0.25,TEMPLATE_OOD,0.02,0.1,0.8890515222482436,0.0193208430913348,0.9750851760419392,0.7699063231850117,0.0117096018735363,0.9664268585131894,0.8878805620608899,0.5127226463104325
DAPT_AL_SELECTED,52,0.25,TEMPLATE_OOD,0.02,0.2,0.8890515222482436,0.0193208430913348,0.9750851760419392,0.7699063231850117,0.0117096018735363,0.687875150060024,0.9376463700234192,0.7290076335877863
DAPT_AL_SELECTED,52,0.25,DOMAIN_TEMPLATE_OOD,0.02,0.05,0.8624595469255664,0.0226537216828478,0.9717552680280984,0.7189859762675297,0.0145631067961165,0.9830508474576272,0.7815533980582524,0.2226487523992322
DAPT_AL_SELECTED,52,0.25,DOMAIN_TEMPLATE_OOD,0.02,0.1,0.8624595469255664,0.0226537216828478,0.9717552680280984,0.7189859762675297,0.0145631067961165,0.9787234042553192,0.843042071197411,0.4414587332053742
DAPT_AL_SELECTED,52,0.25,DOMAIN_TEMPLATE_OOD,0.02,0.2,0.8624595469255664,0.0226537216828478,0.9717552680280984,0.7189859762675297,0.0145631067961165,0.7936170212765957,0.9201725997842504,0.7159309021113244
T0_AL_SELECTED,62,0.25,IID_ORIGINAL,0.005,0.05,0.611531190926276,0.0050175614651279,0.9219299279372094,0.55765595463138,0.0065228299046663,0.967479674796748,0.6701323251417769,0.2542735042735042
T0_AL_SELECTED,62,0.25,IID_ORIGINAL,0.005,0.1,0.611531190926276,0.0050175614651279,0.9219299279372094,0.55765595463138,0.0065228299046663,0.9020408163265308,0.7665406427221172,0.4722222222222222
T0_AL_SELECTED,62,0.25,IID_ORIGINAL,0.005,0.2,0.611531190926276,0.0050175614651279,0.9219299279372094,0.55765595463138,0.0065228299046663,0.636734693877551,0.8525519848771267,0.6666666666666666
T0_AL_SELECTED,62,0.25,IID_BALANCED,0.005,0.05,0.611531190926276,0.0066162570888468,0.9473330320087624,0.55765595463138,0.0085066162570888,0.986842105263158,0.6285444234404537,0.1602564102564102
T0_AL_SELECTED,62,0.25,IID_BALANCED,0.005,0.1,0.611531190926276,0.0066162570888468,0.9473330320087624,0.55765595463138,0.0085066162570888,0.9736842105263158,0.6975425330812854,0.3162393162393162
T0_AL_SELECTED,62,0.25,IID_BALANCED,0.005,0.2,0.611531190926276,0.0066162570888468,0.9473330320087624,0.55765595463138,0.0085066162570888,0.8848684210526315,0.8119092627599244,0.5747863247863247
T0_AL_SELECTED,62,0.25,TEMPORAL,0.005,0.05,0.6305,0.00325,0.980665708010557,0.676,0.00375,0.981132075471698,0.741,0.2006172839506173
T0_AL_SELECTED,62,0.25,TEMPORAL,0.005,0.1,0.6305,0.00325,0.980665708010557,0.676,0.00375,0.9640831758034026,0.8035,0.3935185185185185
T0_AL_SELECTED,62,0.25,TEMPORAL,0.005,0.2,0.6305,0.00325,0.980665708010557,0.676,0.00375,0.9044465468306528,0.915,0.7376543209876543
T0_AL_SELECTED,62,0.25,DOMAIN_OOD,0.005,0.05,0.5386210471747019,0.0031104199066874,0.9775319640423404,0.6070502851218248,0.0025920165889061,0.9851851851851852,0.6759979263867288,0.1754617414248021
T0_AL_SELECTED,62,0.25,DOMAIN_OOD,0.005,0.1,0.5386210471747019,0.0031104199066874,0.9775319640423404,0.6070502851218248,0.0025920165889061,0.966542750929368,0.7418351477449455,0.3430079155672823
T0_AL_SELECTED,62,0.25,DOMAIN_OOD,0.005,0.2,0.5386210471747019,0.0031104199066874,0.9775319640423404,0.6070502851218248,0.0025920165889061,0.9348230912476724,0.8672887506480041,0.662269129287599
T0_AL_SELECTED,62,0.25,TEMPLATE_OOD,0.005,0.05,0.6209016393442623,0.002927400468384,0.9802338868949616,0.6618852459016393,0.0035128805620608,0.9824561403508772,0.7274590163934426,0.1939393939393939
T0_AL_SELECTED,62,0.25,TEMPLATE_OOD,0.005,0.1,0.6209016393442623,0.002927400468384,0.9802338868949616,0.6618852459016393,0.0035128805620608,0.9671052631578948,0.7909836065573771,0.3818181818181818
T0_AL_SELECTED,62,0.25,TEMPLATE_OOD,0.005,0.2,0.6209016393442623,0.002927400468384,0.9802338868949616,0.6618852459016393,0.0035128805620608,0.912280701754386,0.9054449648711944,0.7203463203463204
T0_AL_SELECTED,62,0.25,DOMAIN_TEMPLATE_OOD,0.005,0.05,0.5264293419633226,0.0026968716289104,0.9762500137071192,0.5825242718446602,0.0026968716289104,0.9924242424242424,0.6531823085221143,0.169250645994832
T0_AL_SELECTED,62,0.25,DOMAIN_TEMPLATE_OOD,0.005,0.1,0.5264293419633226,0.0026968716289104,0.9762500137071192,0.5825242718446602,0.0026968716289104,0.9695817490494296,0.7200647249190939,0.3294573643410852
T0_AL_SELECTED,62,0.25,DOMAIN_TEMPLATE_OOD,0.005,0.2,0.5264293419633226,0.0026968716289104,0.9762500137071192,0.5825242718446602,0.0026968716289104,0.940952380952381,0.8489751887810141,0.6382428940568475
T0_AL_SELECTED,62,0.25,IID_ORIGINAL,0.01,0.05,0.7466918714555766,0.0135474159558454,0.9219299279372094,0.611531190926276,0.0115403913697942,0.95,0.719281663516068,0.2773722627737226
T0_AL_SELECTED,62,0.25,IID_ORIGINAL,0.01,0.1,0.7466918714555766,0.0135474159558454,0.9219299279372094,0.611531190926276,0.0115403913697942,0.8200836820083682,0.7967863894139886,0.4768856447688564
T0_AL_SELECTED,62,0.25,IID_ORIGINAL,0.01,0.2,0.7466918714555766,0.0135474159558454,0.9219299279372094,0.611531190926276,0.0115403913697942,0.5534591194968553,0.8610586011342155,0.6423357664233577
T0_AL_SELECTED,62,0.25,IID_BALANCED,0.01,0.05,0.7466918714555766,0.0151228733459357,0.9473330320087624,0.611531190926276,0.0151228733459357,0.9863013698630136,0.6795841209829868,0.1751824817518248
T0_AL_SELECTED,62,0.25,IID_BALANCED,0.01,0.1,0.7466918714555766,0.0151228733459357,0.9473330320087624,0.611531190926276,0.0151228733459357,0.9657534246575342,0.7448015122873346,0.3430656934306569
T0_AL_SELECTED,62,0.25,IID_BALANCED,0.01,0.2,0.7466918714555766,0.0151228733459357,0.9473330320087624,0.611531190926276,0.0151228733459357,0.8213058419243986,0.8374291115311909,0.5815085158150851
T0_AL_SELECTED,62,0.25,TEMPORAL,0.01,0.05,0.84275,0.014,0.980665708010557,0.7405,0.00825,0.9760956175298804,0.80175,0.2360308285163776
T0_AL_SELECTED,62,0.25,TEMPORAL,0.01,0.1,0.84275,0.014,0.980665708010557,0.7405,0.00825,0.9321357285429142,0.85725,0.4499036608863198
T0_AL_SELECTED,62,0.25,TEMPORAL,0.01,0.2,0.84275,0.014,0.980665708010557,0.7405,0.00825,0.7972027972027972,0.94,0.7687861271676301
T0_AL_SELECTED,62,0.25,DOMAIN_OOD,0.01,0.05,0.8076723691031623,0.015552099533437,0.9775319640423404,0.6811819595645412,0.0088128564022809,0.9763779527559056,0.7454639709694142,0.2016260162601626
T0_AL_SELECTED,62,0.25,DOMAIN_OOD,0.01,0.1,0.8076723691031623,0.015552099533437,0.9775319640423404,0.6811819595645412,0.0088128564022809,0.9407114624505928,0.8045619491964748,0.3869918699186991
T0_AL_SELECTED,62,0.25,DOMAIN_OOD,0.01,0.2,0.8076723691031623,0.015552099533437,0.9775319640423404,0.6811819595645412,0.0088128564022809,0.8774703557312253,0.911353032659409,0.7219512195121951
T0_AL_SELECTED,62,0.25,TEMPLATE_OOD,0.01,0.05,0.8357728337236534,0.0131733021077283,0.9802338868949616,0.7271662763466042,0.007903981264637,0.9815668202764976,0.789519906323185,0.2285407725321888
T0_AL_SELECTED,62,0.25,TEMPLATE_OOD,0.01,0.1,0.8357728337236534,0.0131733021077283,0.9802338868949616,0.7271662763466042,0.007903981264637,0.9330254041570438,0.8454332552693209,0.4334763948497854
T0_AL_SELECTED,62,0.25,TEMPLATE_OOD,0.01,0.2,0.8357728337236534,0.0131733021077283,0.9802338868949616,0.7271662763466042,0.007903981264637,0.8219653179190751,0.935304449648712,0.7628755364806867
T0_AL_SELECTED,62,0.25,DOMAIN_TEMPLATE_OOD,0.01,0.05,0.7928802588996764,0.0151024811218985,0.9762500137071192,0.6601941747572816,0.0075512405609492,0.9838709677419356,0.7259978425026968,0.1936507936507936
T0_AL_SELECTED,62,0.25,DOMAIN_TEMPLATE_OOD,0.01,0.1,0.7928802588996764,0.0151024811218985,0.9762500137071192,0.6601941747572816,0.0075512405609492,0.9433198380566802,0.7858683926645091,0.3698412698412698
T0_AL_SELECTED,62,0.25,DOMAIN_TEMPLATE_OOD,0.01,0.2,0.7928802588996764,0.0151024811218985,0.9762500137071192,0.6601941747572816,0.0075512405609492,0.888663967611336,0.8969795037756203,0.6968253968253968
T0_AL_SELECTED,62,0.25,IID_ORIGINAL,0.02,0.05,0.7854442344045368,0.0240842950326141,0.9219299279372094,0.6540642722117203,0.0205720020070245,0.9051724137931034,0.7533081285444234,0.2868852459016393
T0_AL_SELECTED,62,0.25,IID_ORIGINAL,0.02,0.1,0.7854442344045368,0.0240842950326141,0.9219299279372094,0.6540642722117203,0.0205720020070245,0.7241379310344828,0.8128544423440454,0.4590163934426229
T0_AL_SELECTED,62,0.25,IID_ORIGINAL,0.02,0.2,0.7854442344045368,0.0240842950326141,0.9219299279372094,0.6540642722117203,0.0205720020070245,0.4827586206896552,0.8657844990548205,0.6120218579234973
T0_AL_SELECTED,62,0.25,IID_BALANCED,0.02,0.05,0.7854442344045368,0.0274102079395085,0.9473330320087624,0.6540642722117203,0.0255198487712665,0.9714285714285714,0.718336483931947,0.1857923497267759
T0_AL_SELECTED,62,0.25,IID_BALANCED,0.02,0.1,0.7854442344045368,0.0274102079395085,0.9473330320087624,0.6540642722117203,0.0255198487712665,0.95,0.779773156899811,0.3633879781420765
T0_AL_SELECTED,62,0.25,IID_BALANCED,0.02,0.2,0.7854442344045368,0.0274102079395085,0.9473330320087624,0.6540642722117203,0.0255198487712665,0.7392857142857143,0.8497164461247637,0.5655737704918032
T0_AL_SELECTED,62,0.25,TEMPORAL,0.02,0.05,0.899,0.02325,0.980665708010557,0.79425,0.01825,0.957983193277311,0.85125,0.2770352369380316
T0_AL_SELECTED,62,0.25,TEMPORAL,0.02,0.1,0.899,0.02325,0.980665708010557,0.79425,0.01825,0.9031578947368422,0.9015,0.5212636695018226
T0_AL_SELECTED,62,0.25,TEMPORAL,0.02,0.2,0.899,0.02325,0.980665708010557,0.79425,0.01825,0.6747368421052632,0.9545,0.778857837181045
T0_AL_SELECTED,62,0.25,DOMAIN_OOD,0.02,0.05,0.8849144634525661,0.029030585795749,0.9775319640423404,0.7490927941938829,0.0248833592534992,0.957983193277311,0.8081907724209435,0.2355371900826446
T0_AL_SELECTED,62,0.25,DOMAIN_OOD,0.02,0.1,0.8849144634525661,0.029030585795749,0.9775319640423404,0.7490927941938829,0.0248833592534992,0.9113924050632912,0.8610679108346293,0.4462809917355372
T0_AL_SELECTED,62,0.25,DOMAIN_OOD,0.02,0.2,0.8849144634525661,0.029030585795749,0.9775319640423404,0.7490927941938829,0.0248833592534992,0.7801268498942917,0.9403836184551582,0.762396694214876
T0_AL_SELECTED,62,0.25,TEMPLATE_OOD,0.02,0.05,0.8940281030444965,0.0225409836065573,0.9802338868949616,0.7836651053864169,0.0175644028103044,0.9560975609756096,0.8410421545667447,0.2652232746955345
T0_AL_SELECTED,62,0.25,TEMPLATE_OOD,0.02,0.1,0.8940281030444965,0.0225409836065573,0.9802338868949616,0.7836651053864169,0.0175644028103044,0.9121951219512195,0.8931498829039812,0.5060893098782138
T0_AL_SELECTED,62,0.25,TEMPLATE_OOD,0.02,0.2,0.8940281030444965,0.0225409836065573,0.9802338868949616,0.7836651053864169,0.0175644028103044,0.6935286935286935,0.9499414519906324,0.7686062246278755
T0_AL_SELECTED,62,0.25,DOMAIN_TEMPLATE_OOD,0.02,0.05,0.872168284789644,0.0280474649406688,0.9762500137071192,0.7357065803667745,0.0215749730312837,0.956896551724138,0.7955771305285868,0.2265306122448979
T0_AL_SELECTED,62,0.25,DOMAIN_TEMPLATE_OOD,0.02,0.1,0.872168284789644,0.0280474649406688,0.9762500137071192,0.7357065803667745,0.0215749730312837,0.9090909090909092,0.8489751887810141,0.4285714285714285
T0_AL_SELECTED,62,0.25,DOMAIN_TEMPLATE_OOD,0.02,0.2,0.872168284789644,0.0280474649406688,0.9762500137071192,0.7357065803667745,0.0215749730312837,0.7960954446854663,0.9336569579288024,0.7489795918367347
DAPT_AL_SELECTED,62,0.25,IID_ORIGINAL,0.005,0.05,0.6172022684310019,0.0055193176116407,0.8839048260293891,0.55765595463138,0.0065228299046663,0.959349593495935,0.6691871455576559,0.2521367521367521
DAPT_AL_SELECTED,62,0.25,IID_ORIGINAL,0.005,0.1,0.6172022684310019,0.0055193176116407,0.8839048260293891,0.55765595463138,0.0065228299046663,0.9020408163265308,0.7665406427221172,0.4722222222222222
DAPT_AL_SELECTED,62,0.25,IID_ORIGINAL,0.005,0.2,0.6172022684310019,0.0055193176116407,0.8839048260293891,0.55765595463138,0.0065228299046663,0.5755102040816327,0.8241965973534972,0.6025641025641025
DAPT_AL_SELECTED,62,0.25,IID_BALANCED,0.005,0.05,0.6172022684310019,0.0094517958412098,0.9145970826020678,0.55765595463138,0.0085066162570888,0.9736842105263158,0.6275992438563327,0.1581196581196581
DAPT_AL_SELECTED,62,0.25,IID_BALANCED,0.005,0.1,0.6172022684310019,0.0094517958412098,0.9145970826020678,0.55765595463138,0.0085066162570888,0.9539473684210528,0.6947069943289225,0.3098290598290598
DAPT_AL_SELECTED,62,0.25,IID_BALANCED,0.005,0.2,0.6172022684310019,0.0094517958412098,0.9145970826020678,0.55765595463138,0.0085066162570888,0.8519736842105263,0.8024574669187146,0.5534188034188035
DAPT_AL_SELECTED,62,0.25,TEMPORAL,0.005,0.05,0.58525,0.00325,0.9699997381846902,0.676,0.00375,0.9735849056603774,0.7405,0.199074074074074
DAPT_AL_SELECTED,62,0.25,TEMPORAL,0.005,0.1,0.58525,0.00325,0.9699997381846902,0.676,0.00375,0.945179584120983,0.801,0.3858024691358024
DAPT_AL_SELECTED,62,0.25,TEMPORAL,0.005,0.2,0.58525,0.00325,0.9699997381846902,0.676,0.00375,0.8817407757805109,0.909,0.7191358024691358
DAPT_AL_SELECTED,62,0.25,DOMAIN_OOD,0.005,0.05,0.4738206324520477,0.0020736132711249,0.9682766146536316,0.6070502851218248,0.0025920165889061,0.9777777777777776,0.6754795230689477,0.1741424802110818
DAPT_AL_SELECTED,62,0.25,DOMAIN_OOD,0.005,0.1,0.4738206324520477,0.0020736132711249,0.9682766146536316,0.6070502851218248,0.0025920165889061,0.9553903345724908,0.7402799377916018,0.3390501319261214
DAPT_AL_SELECTED,62,0.25,DOMAIN_OOD,0.005,0.2,0.4738206324520477,0.0020736132711249,0.9682766146536316,0.6070502851218248,0.0025920165889061,0.9180633147113594,0.8626231207879731,0.6503957783641161
DAPT_AL_SELECTED,62,0.25,TEMPLATE_OOD,0.005,0.05,0.5731850117096019,0.0026346604215456,0.970228348655819,0.6618852459016393,0.0035128805620608,0.9780701754385964,0.7271662763466042,0.193073593073593
DAPT_AL_SELECTED,62,0.25,TEMPLATE_OOD,0.005,0.1,0.5731850117096019,0.0026346604215456,0.970228348655819,0.6618852459016393,0.0035128805620608,0.9473684210526316,0.7883489461358314,0.374025974025974
DAPT_AL_SELECTED,62,0.25,TEMPLATE_OOD,0.005,0.2,0.5731850117096019,0.0026346604215456,0.970228348655819,0.6618852459016393,0.0035128805620608,0.893640350877193,0.9004683840749415,0.7056277056277056
DAPT_AL_SELECTED,62,0.25,DOMAIN_TEMPLATE_OOD,0.005,0.05,0.4530744336569579,0.0016181229773462,0.966029694755176,0.5825242718446602,0.0026968716289104,0.9848484848484848,0.6526429341963322,0.1679586563307493
DAPT_AL_SELECTED,62,0.25,DOMAIN_TEMPLATE_OOD,0.005,0.1,0.4530744336569579,0.0016181229773462,0.966029694755176,0.5825242718446602,0.0026968716289104,0.9619771863117872,0.7189859762675297,0.3268733850129199
DAPT_AL_SELECTED,62,0.25,DOMAIN_TEMPLATE_OOD,0.005,0.2,0.4530744336569579,0.0016181229773462,0.966029694755176,0.5825242718446602,0.0026968716289104,0.9314285714285714,0.8462783171521036,0.6317829457364341
DAPT_AL_SELECTED,62,0.25,IID_ORIGINAL,0.01,0.05,0.6739130434782609,0.0095333667837431,0.8839048260293891,0.611531190926276,0.0115403913697942,0.9166666666666666,0.7155009451795841,0.267639902676399
DAPT_AL_SELECTED,62,0.25,IID_ORIGINAL,0.01,0.1,0.6739130434782609,0.0095333667837431,0.8839048260293891,0.611531190926276,0.0115403913697942,0.7824267782426778,0.7882797731568998,0.4549878345498783
DAPT_AL_SELECTED,62,0.25,IID_ORIGINAL,0.01,0.2,0.6739130434782609,0.0095333667837431,0.8839048260293891,0.611531190926276,0.0115403913697942,0.4863731656184486,0.8308128544423441,0.5644768856447688
DAPT_AL_SELECTED,62,0.25,IID_BALANCED,0.01,0.05,0.6739130434782609,0.0122873345935727,0.9145970826020678,0.611531190926276,0.0151228733459357,0.9863013698630136,0.6795841209829868,0.1751824817518248
DAPT_AL_SELECTED,62,0.25,IID_BALANCED,0.01,0.1,0.6739130434782609,0.0122873345935727,0.9145970826020678,0.611531190926276,0.0151228733459357,0.9383561643835616,0.7410207939508506,0.3333333333333333
DAPT_AL_SELECTED,62,0.25,IID_BALANCED,0.01,0.2,0.6739130434782609,0.0122873345935727,0.9145970826020678,0.611531190926276,0.0151228733459357,0.7525773195876289,0.8185255198487713,0.5328467153284672
DAPT_AL_SELECTED,62,0.25,TEMPORAL,0.01,0.05,0.65825,0.0065,0.9699997381846902,0.7405,0.00825,0.952191235059761,0.80025,0.2302504816955684
DAPT_AL_SELECTED,62,0.25,TEMPORAL,0.01,0.1,0.65825,0.0065,0.9699997381846902,0.7405,0.00825,0.9261477045908184,0.8565,0.4470134874759152
DAPT_AL_SELECTED,62,0.25,TEMPORAL,0.01,0.2,0.65825,0.0065,0.9699997381846902,0.7405,0.00825,0.7782217782217782,0.93525,0.7504816955684007
DAPT_AL_SELECTED,62,0.25,DOMAIN_OOD,0.01,0.05,0.5666148263348886,0.0062208398133748,0.9682766146536316,0.6811819595645412,0.0088128564022809,0.9606299212598424,0.7444271643338517,0.1983739837398374
DAPT_AL_SELECTED,62,0.25,DOMAIN_OOD,0.01,0.1,0.5666148263348886,0.0062208398133748,0.9682766146536316,0.6811819595645412,0.0088128564022809,0.9367588932806324,0.8040435458786936,0.3853658536585366
DAPT_AL_SELECTED,62,0.25,DOMAIN_OOD,0.01,0.2,0.5666148263348886,0.0062208398133748,0.9682766146536316,0.6811819595645412,0.0088128564022809,0.8537549407114624,0.9051321928460342,0.7024390243902439
DAPT_AL_SELECTED,62,0.25,TEMPLATE_OOD,0.01,0.05,0.6434426229508197,0.0061475409836065,0.970228348655819,0.7271662763466042,0.007903981264637,0.9539170506912442,0.7877634660421545,0.2221030042918454
DAPT_AL_SELECTED,62,0.25,TEMPLATE_OOD,0.01,0.1,0.6434426229508197,0.0061475409836065,0.970228348655819,0.7271662763466042,0.007903981264637,0.9399538106235564,0.8463114754098361,0.4366952789699571
DAPT_AL_SELECTED,62,0.25,TEMPLATE_OOD,0.01,0.2,0.6434426229508197,0.0061475409836065,0.970228348655819,0.7271662763466042,0.007903981264637,0.8023121387283237,0.930327868852459,0.7446351931330472
DAPT_AL_SELECTED,62,0.25,DOMAIN_TEMPLATE_OOD,0.01,0.05,0.5447680690399137,0.005933117583603,0.966029694755176,0.6601941747572816,0.0075512405609492,0.967741935483871,0.7249190938511327,0.1904761904761904
DAPT_AL_SELECTED,62,0.25,DOMAIN_TEMPLATE_OOD,0.01,0.1,0.5447680690399137,0.005933117583603,0.966029694755176,0.6601941747572816,0.0075512405609492,0.9473684210526316,0.7864077669902912,0.3714285714285714
DAPT_AL_SELECTED,62,0.25,DOMAIN_TEMPLATE_OOD,0.01,0.2,0.5447680690399137,0.005933117583603,0.966029694755176,0.6601941747572816,0.0075512405609492,0.8623481781376519,0.889967637540453,0.6761904761904762
DAPT_AL_SELECTED,62,0.25,IID_ORIGINAL,0.02,0.05,0.775047258979206,0.0250878073256397,0.8839048260293891,0.6540642722117203,0.0205720020070245,0.8879310344827587,0.7514177693761814,0.2814207650273224
DAPT_AL_SELECTED,62,0.25,IID_ORIGINAL,0.02,0.1,0.775047258979206,0.0250878073256397,0.8839048260293891,0.6540642722117203,0.0205720020070245,0.6724137931034483,0.8015122873345936,0.4262295081967213
DAPT_AL_SELECTED,62,0.25,IID_ORIGINAL,0.02,0.2,0.775047258979206,0.0250878073256397,0.8839048260293891,0.6540642722117203,0.0205720020070245,0.4051724137931034,0.831758034026465,0.5136612021857924
DAPT_AL_SELECTED,62,0.25,IID_BALANCED,0.02,0.05,0.775047258979206,0.0255198487712665,0.9145970826020678,0.6540642722117203,0.0255198487712665,0.9571428571428572,0.717391304347826,0.1830601092896175
DAPT_AL_SELECTED,62,0.25,IID_BALANCED,0.02,0.1,0.775047258979206,0.0255198487712665,0.9145970826020678,0.6540642722117203,0.0255198487712665,0.9285714285714286,0.776937618147448,0.3551912568306011
DAPT_AL_SELECTED,62,0.25,IID_BALANCED,0.02,0.2,0.775047258979206,0.0255198487712665,0.9145970826020678,0.6540642722117203,0.0255198487712665,0.65,0.8260869565217391,0.4972677595628415
DAPT_AL_SELECTED,62,0.25,TEMPORAL,0.02,0.05,0.8685,0.026,0.9699997381846902,0.79425,0.01825,0.9243697478991596,0.84925,0.267314702308627
DAPT_AL_SELECTED,62,0.25,TEMPORAL,0.02,0.1,0.8685,0.026,0.9699997381846902,0.79425,0.01825,0.8821052631578947,0.899,0.5091130012150669
DAPT_AL_SELECTED,62,0.25,TEMPORAL,0.02,0.2,0.8685,0.026,0.9699997381846902,0.79425,0.01825,0.6473684210526316,0.948,0.74726609963548
DAPT_AL_SELECTED,62,0.25,DOMAIN_OOD,0.02,0.05,0.8506998444790047,0.0316226023846552,0.9682766146536316,0.7490927941938829,0.0248833592534992,0.9243697478991596,0.8061171591498185,0.2272727272727272
DAPT_AL_SELECTED,62,0.25,DOMAIN_OOD,0.02,0.1,0.8506998444790047,0.0316226023846552,0.9682766146536316,0.7490927941938829,0.0248833592534992,0.9324894514767932,0.8636599274235355,0.4566115702479338
DAPT_AL_SELECTED,62,0.25,DOMAIN_OOD,0.02,0.2,0.8506998444790047,0.0316226023846552,0.9682766146536316,0.7490927941938829,0.0248833592534992,0.7632135306553911,0.9362363919129082,0.7458677685950413
DAPT_AL_SELECTED,62,0.25,TEMPLATE_OOD,0.02,0.05,0.8629976580796253,0.0242974238875878,0.970228348655819,0.7836651053864169,0.0175644028103044,0.9219512195121952,0.8389929742388759,0.2557510148849797
DAPT_AL_SELECTED,62,0.25,TEMPLATE_OOD,0.02,0.1,0.8629976580796253,0.0242974238875878,0.970228348655819,0.7836651053864169,0.0175644028103044,0.8902439024390244,0.8905152224824356,0.4939106901217862
DAPT_AL_SELECTED,62,0.25,TEMPLATE_OOD,0.02,0.2,0.8629976580796253,0.0242974238875878,0.970228348655819,0.7836651053864169,0.0175644028103044,0.6678876678876678,0.9437939110070258,0.7401894451962111
DAPT_AL_SELECTED,62,0.25,DOMAIN_TEMPLATE_OOD,0.02,0.05,0.8333333333333334,0.0307443365695792,0.966029694755176,0.7357065803667745,0.0215749730312837,0.9310344827586208,0.7939590075512406,0.2204081632653061
DAPT_AL_SELECTED,62,0.25,DOMAIN_TEMPLATE_OOD,0.02,0.1,0.8333333333333334,0.0307443365695792,0.966029694755176,0.7357065803667745,0.0215749730312837,0.9307359307359307,0.8516720604099245,0.4387755102040816
DAPT_AL_SELECTED,62,0.25,DOMAIN_TEMPLATE_OOD,0.02,0.2,0.8333333333333334,0.0307443365695792,0.966029694755176,0.7357065803667745,0.0215749730312837,0.7635574837310195,0.9255663430420712,0.7183673469387755
T0_AL_SELECTED,72,0.25,IID_ORIGINAL,0.005,0.05,0.5236294896030246,0.0025087807325639,0.8946732313718471,0.5349716446124764,0.0060210737581535,0.9758064516129032,0.6493383742911153,0.2459349593495935
T0_AL_SELECTED,72,0.25,IID_ORIGINAL,0.005,0.1,0.5236294896030246,0.0025087807325639,0.8946732313718471,0.5349716446124764,0.0060210737581535,0.939516129032258,0.7551984877126654,0.4735772357723577
T0_AL_SELECTED,72,0.25,IID_ORIGINAL,0.005,0.2,0.5236294896030246,0.0025087807325639,0.8946732313718471,0.5349716446124764,0.0060210737581535,0.6282828282828283,0.8289224952741021,0.6321138211382114
T0_AL_SELECTED,72,0.25,IID_BALANCED,0.005,0.05,0.5236294896030246,0.0028355387523629,0.92508553182423,0.5349716446124764,0.0075614366729678,0.9871794871794872,0.6077504725897921,0.1565040650406504
T0_AL_SELECTED,72,0.25,IID_BALANCED,0.005,0.1,0.5236294896030246,0.0028355387523629,0.92508553182423,0.5349716446124764,0.0075614366729678,0.9870967741935484,0.6795841209829868,0.3109756097560975
T0_AL_SELECTED,72,0.25,IID_BALANCED,0.005,0.2,0.5236294896030246,0.0028355387523629,0.92508553182423,0.5349716446124764,0.0075614366729678,0.906148867313916,0.7996219281663516,0.5691056910569106
T0_AL_SELECTED,72,0.25,TEMPORAL,0.005,0.05,0.602,0.003,0.9764553101668578,0.67075,0.00475,0.981132075471698,0.73575,0.1974183750949126
T0_AL_SELECTED,72,0.25,TEMPORAL,0.005,0.1,0.602,0.003,0.9764553101668578,0.67075,0.00475,0.9735849056603774,0.79975,0.3917995444191344
T0_AL_SELECTED,72,0.25,TEMPORAL,0.005,0.2,0.602,0.003,0.9764553101668578,0.67075,0.00475,0.9245283018867924,0.91575,0.7441154138192863
T0_AL_SELECTED,72,0.25,DOMAIN_OOD,0.005,0.05,0.5075168481078279,0.0041472265422498,0.9719847943310505,0.5894245723172629,0.0072576464489372,0.9779411764705882,0.6583722135821669,0.1679292929292929
T0_AL_SELECTED,72,0.25,DOMAIN_OOD,0.005,0.1,0.5075168481078279,0.0041472265422498,0.9719847943310505,0.5894245723172629,0.0072576464489372,0.974169741697417,0.7262830482115086,0.3333333333333333
T0_AL_SELECTED,72,0.25,DOMAIN_OOD,0.005,0.2,0.5075168481078279,0.0041472265422498,0.9719847943310505,0.5894245723172629,0.0072576464489372,0.9538745387453874,0.8574390876101607,0.6527777777777778
T0_AL_SELECTED,72,0.25,TEMPLATE_OOD,0.005,0.05,0.5986533957845434,0.002927400468384,0.9753230354246202,0.6554449648711944,0.0055620608899297,0.9781659388646288,0.7210187353629977,0.1903143585386576
T0_AL_SELECTED,72,0.25,TEMPLATE_OOD,0.005,0.1,0.5986533957845434,0.002927400468384,0.9753230354246202,0.6554449648711944,0.0055620608899297,0.9781659388646288,0.7865925058548009,0.3806287170773152
T0_AL_SELECTED,72,0.25,TEMPLATE_OOD,0.005,0.2,0.5986533957845434,0.002927400468384,0.9753230354246202,0.6554449648711944,0.0055620608899297,0.9420765027322404,0.9077868852459016,0.7323704333050127
T0_AL_SELECTED,72,0.25,DOMAIN_TEMPLATE_OOD,0.005,0.05,0.5032362459546925,0.0032362459546925,0.9700589536426903,0.5652642934196332,0.0075512405609492,0.9849624060150376,0.6359223300970874,0.162531017369727
T0_AL_SELECTED,72,0.25,DOMAIN_TEMPLATE_OOD,0.005,0.1,0.5032362459546925,0.0032362459546925,0.9700589536426903,0.5652642934196332,0.0075512405609492,0.981132075471698,0.7055016181229773,0.3225806451612903
T0_AL_SELECTED,72,0.25,DOMAIN_TEMPLATE_OOD,0.005,0.2,0.5032362459546925,0.0032362459546925,0.9700589536426903,0.5652642934196332,0.0075512405609492,0.9566037735849056,0.8387270765911543,0.6290322580645161
T0_AL_SELECTED,72,0.25,IID_ORIGINAL,0.01,0.05,0.6814744801512287,0.0075263421976919,0.8946732313718471,0.5718336483931947,0.0075263421976919,0.9672131147540984,0.6833648393194707,0.260485651214128
T0_AL_SELECTED,72,0.25,IID_ORIGINAL,0.01,0.1,0.6814744801512287,0.0075263421976919,0.8946732313718471,0.5718336483931947,0.0075263421976919,0.8975409836065574,0.77882797731569,0.4834437086092715
T0_AL_SELECTED,72,0.25,IID_ORIGINAL,0.01,0.2,0.6814744801512287,0.0075263421976919,0.8946732313718471,0.5718336483931947,0.0075263421976919,0.5646817248459959,0.831758034026465,0.6070640176600441
T0_AL_SELECTED,72,0.25,IID_BALANCED,0.01,0.05,0.6814744801512287,0.0085066162570888,0.92508553182423,0.5718336483931947,0.0094517958412098,0.986842105263158,0.6427221172022685,0.1655629139072847
T0_AL_SELECTED,72,0.25,IID_BALANCED,0.01,0.1,0.6814744801512287,0.0085066162570888,0.92508553182423,0.5718336483931947,0.0094517958412098,0.9867549668874172,0.7126654064272212,0.3289183222958057
T0_AL_SELECTED,72,0.25,IID_BALANCED,0.01,0.2,0.6814744801512287,0.0085066162570888,0.92508553182423,0.5718336483931947,0.0094517958412098,0.8704318936877077,0.8194706994328923,0.5783664459161147
T0_AL_SELECTED,72,0.25,TEMPORAL,0.01,0.05,0.787,0.0085,0.9764553101668578,0.7125,0.0075,0.96875,0.7745,0.2156521739130434
T0_AL_SELECTED,72,0.25,TEMPORAL,0.01,0.1,0.787,0.0085,0.9764553101668578,0.7125,0.0075,0.96875,0.8365,0.4313043478260869
T0_AL_SELECTED,72,0.25,TEMPORAL,0.01,0.2,0.787,0.0085,0.9764553101668578,0.7125,0.0075,0.8623046875,0.93325,0.7678260869565218
T0_AL_SELECTED,72,0.25,DOMAIN_OOD,0.01,0.05,0.7454639709694142,0.0124416796267496,0.9719847943310505,0.6443753240020736,0.0114048729911871,0.9769230769230768,0.7102125453602903,0.1851311953352769
T0_AL_SELECTED,72,0.25,DOMAIN_OOD,0.01,0.1,0.7454639709694142,0.0124416796267496,0.9719847943310505,0.6443753240020736,0.0114048729911871,0.9692307692307692,0.7750129600829445,0.3673469387755102
T0_AL_SELECTED,72,0.25,DOMAIN_OOD,0.01,0.2,0.7454639709694142,0.0124416796267496,0.9719847943310505,0.6443753240020736,0.0114048729911871,0.9402697495183044,0.8973561430793157,0.7113702623906706
T0_AL_SELECTED,72,0.25,TEMPLATE_OOD,0.01,0.05,0.7792740046838408,0.0087822014051522,0.9753230354246202,0.6964285714285714,0.0084894613583138,0.9684684684684683,0.759367681498829,0.2073288331726133
T0_AL_SELECTED,72,0.25,TEMPLATE_OOD,0.01,0.1,0.7792740046838408,0.0087822014051522,0.9753230354246202,0.6964285714285714,0.0084894613583138,0.9706546275395034,0.8223067915690867,0.4146576663452266
T0_AL_SELECTED,72,0.25,TEMPLATE_OOD,0.01,0.2,0.7792740046838408,0.0087822014051522,0.9753230354246202,0.6964285714285714,0.0084894613583138,0.8937853107344633,0.9279859484777516,0.7627772420443587
T0_AL_SELECTED,72,0.25,DOMAIN_TEMPLATE_OOD,0.01,0.05,0.7259978425026968,0.011866235167206,0.9700589536426903,0.6240560949298813,0.0113268608414239,0.9763779527559056,0.6909385113268608,0.1779053084648493
T0_AL_SELECTED,72,0.25,DOMAIN_TEMPLATE_OOD,0.01,0.1,0.7259978425026968,0.011866235167206,0.9700589536426903,0.6240560949298813,0.0113268608414239,0.9762845849802372,0.7572815533980582,0.3543758967001434
T0_AL_SELECTED,72,0.25,DOMAIN_TEMPLATE_OOD,0.01,0.2,0.7259978425026968,0.011866235167206,0.9700589536426903,0.6240560949298813,0.0113268608414239,0.9426877470355732,0.8813376483279396,0.6843615494978479
T0_AL_SELECTED,72,0.25,IID_ORIGINAL,0.02,0.05,0.7533081285444234,0.0180632212744606,0.8946732313718471,0.6436672967863895,0.0165579528349222,0.9401709401709402,0.7476370510396976,0.2917771883289125
T0_AL_SELECTED,72,0.25,IID_ORIGINAL,0.02,0.1,0.7533081285444234,0.0180632212744606,0.8946732313718471,0.6436672967863895,0.0165579528349222,0.7606837606837606,0.8119092627599244,0.4721485411140583
T0_AL_SELECTED,72,0.25,IID_ORIGINAL,0.02,0.2,0.7533081285444234,0.0180632212744606,0.8946732313718471,0.6436672967863895,0.0165579528349222,0.4337606837606838,0.8355387523629489,0.5384615384615384
T0_AL_SELECTED,72,0.25,IID_BALANCED,0.02,0.05,0.7533081285444234,0.0198487712665406,0.92508553182423,0.6436672967863895,0.0179584120982986,0.9859154929577464,0.7098298676748582,0.1856763925729443
T0_AL_SELECTED,72,0.25,IID_BALANCED,0.02,0.1,0.7533081285444234,0.0198487712665406,0.92508553182423,0.6436672967863895,0.0179584120982986,0.9507042253521126,0.7712665406427222,0.3580901856763925
T0_AL_SELECTED,72,0.25,IID_BALANCED,0.02,0.2,0.7533081285444234,0.0198487712665406,0.92508553182423,0.6436672967863895,0.0179584120982986,0.7007042253521126,0.831758034026465,0.5278514588859416
T0_AL_SELECTED,72,0.25,TEMPORAL,0.02,0.05,0.88225,0.0155,0.9764553101668578,0.79225,0.0165,0.9497907949790796,0.849,0.273164861612515
T0_AL_SELECTED,72,0.25,TEMPORAL,0.02,0.1,0.88225,0.0155,0.9764553101668578,0.79225,0.0165,0.9287211740041929,0.903,0.53309265944645
T0_AL_SELECTED,72,0.25,TEMPORAL,0.02,0.2,0.88225,0.0155,0.9764553101668578,0.79225,0.0165,0.6505771248688352,0.94725,0.7460890493381468
T0_AL_SELECTED,72,0.25,DOMAIN_OOD,0.02,0.05,0.8683255572835666,0.0181441161223431,0.9719847943310505,0.7439087610160705,0.0254017625712804,0.9411764705882352,0.8019699326075687,0.2267206477732793
T0_AL_SELECTED,72,0.25,DOMAIN_OOD,0.02,0.1,0.8683255572835666,0.0181441161223431,0.9719847943310505,0.7439087610160705,0.0254017625712804,0.9369747899159664,0.8595127008812856,0.451417004048583
T0_AL_SELECTED,72,0.25,DOMAIN_OOD,0.02,0.2,0.8683255572835666,0.0181441161223431,0.9719847943310505,0.7439087610160705,0.0254017625712804,0.8,0.9409020217729394,0.7692307692307693
T0_AL_SELECTED,72,0.25,TEMPLATE_OOD,0.02,0.05,0.8785128805620609,0.0152224824355971,0.9753230354246202,0.78307962529274,0.0178571428571428,0.9609756097560976,0.8407494145199064,0.2658569500674764
T0_AL_SELECTED,72,0.25,TEMPLATE_OOD,0.02,0.1,0.8785128805620609,0.0152224824355971,0.9753230354246202,0.78307962529274,0.0178571428571428,0.9292682926829268,0.8946135831381733,0.5141700404858299
T0_AL_SELECTED,72,0.25,TEMPLATE_OOD,0.02,0.2,0.8785128805620609,0.0152224824355971,0.9753230354246202,0.78307962529274,0.0178571428571428,0.6792682926829269,0.9461358313817332,0.7516869095816464
T0_AL_SELECTED,72,0.25,DOMAIN_TEMPLATE_OOD,0.02,0.05,0.8516720604099245,0.0172599784250269,0.9700589536426903,0.7335490830636462,0.0248112189859762,0.956896551724138,0.7934196332254585,0.2246963562753036
T0_AL_SELECTED,72,0.25,DOMAIN_TEMPLATE_OOD,0.02,0.1,0.8516720604099245,0.0172599784250269,0.9700589536426903,0.7335490830636462,0.0248112189859762,0.9393939393939394,0.8505933117583603,0.4392712550607287
T0_AL_SELECTED,72,0.25,DOMAIN_TEMPLATE_OOD,0.02,0.2,0.8516720604099245,0.0172599784250269,0.9700589536426903,0.7335490830636462,0.0248112189859762,0.8026030368763557,0.9331175836030206,0.7489878542510121
DAPT_AL_SELECTED,72,0.25,IID_ORIGINAL,0.005,0.05,0.6824196597353497,0.0055193176116407,0.900197632048287,0.5349716446124764,0.0060210737581535,0.9919354838709676,0.6512287334593573,0.25
DAPT_AL_SELECTED,72,0.25,IID_ORIGINAL,0.005,0.1,0.6824196597353497,0.0055193176116407,0.900197632048287,0.5349716446124764,0.0060210737581535,0.9475806451612904,0.7570888468809074,0.4776422764227642
DAPT_AL_SELECTED,72,0.25,IID_ORIGINAL,0.005,0.2,0.6824196597353497,0.0055193176116407,0.900197632048287,0.5349716446124764,0.0060210737581535,0.6262626262626263,0.8279773156899811,0.6300813008130082
DAPT_AL_SELECTED,72,0.25,IID_BALANCED,0.005,0.05,0.6824196597353497,0.0056710775047258,0.9290518181651148,0.5349716446124764,0.0075614366729678,0.9871794871794872,0.6077504725897921,0.1565040650406504
DAPT_AL_SELECTED,72,0.25,IID_BALANCED,0.005,0.1,0.6824196597353497,0.0056710775047258,0.9290518181651148,0.5349716446124764,0.0075614366729678,0.9870967741935484,0.6795841209829868,0.3109756097560975
DAPT_AL_SELECTED,72,0.25,IID_BALANCED,0.005,0.2,0.6824196597353497,0.0056710775047258,0.9290518181651148,0.5349716446124764,0.0075614366729678,0.919093851132686,0.8034026465028355,0.5772357723577236
DAPT_AL_SELECTED,72,0.25,TEMPORAL,0.005,0.05,0.77625,0.00425,0.9745084299647528,0.67075,0.00475,0.9849056603773584,0.736,0.1981776765375854
DAPT_AL_SELECTED,72,0.25,TEMPORAL,0.005,0.1,0.77625,0.00425,0.9745084299647528,0.67075,0.00475,0.979245283018868,0.8005,0.3940774487471526
DAPT_AL_SELECTED,72,0.25,TEMPORAL,0.005,0.2,0.77625,0.00425,0.9745084299647528,0.67075,0.00475,0.9264150943396228,0.91625,0.7456340167046317
DAPT_AL_SELECTED,72,0.25,DOMAIN_OOD,0.005,0.05,0.7293934681181959,0.0041472265422498,0.9716883755258034,0.5894245723172629,0.0072576464489372,0.9852941176470588,0.6588906168999482,0.1691919191919192
DAPT_AL_SELECTED,72,0.25,DOMAIN_OOD,0.005,0.1,0.7293934681181959,0.0041472265422498,0.9716883755258034,0.5894245723172629,0.0072576464489372,0.981549815498155,0.7273198548470711,0.3358585858585858
DAPT_AL_SELECTED,72,0.25,DOMAIN_OOD,0.005,0.2,0.7293934681181959,0.0041472265422498,0.9716883755258034,0.5894245723172629,0.0072576464489372,0.9649446494464944,0.8605495075168481,0.6603535353535354
DAPT_AL_SELECTED,72,0.25,TEMPLATE_OOD,0.005,0.05,0.7734192037470726,0.0040983606557377,0.9742995555167234,0.6554449648711944,0.0055620608899297,0.9868995633187772,0.7216042154566745,0.1920135938827527
DAPT_AL_SELECTED,72,0.25,TEMPLATE_OOD,0.005,0.1,0.7734192037470726,0.0040983606557377,0.9742995555167234,0.6554449648711944,0.0055620608899297,0.982532751091703,0.7871779859484778,0.3823279524214104
DAPT_AL_SELECTED,72,0.25,TEMPLATE_OOD,0.005,0.2,0.7734192037470726,0.0040983606557377,0.9742995555167234,0.6554449648711944,0.0055620608899297,0.9486338797814208,0.909543325526932,0.7374681393372983
DAPT_AL_SELECTED,72,0.25,DOMAIN_TEMPLATE_OOD,0.005,0.05,0.7114347357065803,0.0043149946062567,0.9703215547440704,0.5652642934196332,0.0075512405609492,0.9849624060150376,0.6359223300970874,0.162531017369727
DAPT_AL_SELECTED,72,0.25,DOMAIN_TEMPLATE_OOD,0.005,0.1,0.7114347357065803,0.0043149946062567,0.9703215547440704,0.5652642934196332,0.0075512405609492,0.981132075471698,0.7055016181229773,0.3225806451612903
DAPT_AL_SELECTED,72,0.25,DOMAIN_TEMPLATE_OOD,0.005,0.2,0.7114347357065803,0.0043149946062567,0.9703215547440704,0.5652642934196332,0.0075512405609492,0.9716981132075472,0.843042071197411,0.6389578163771712
DAPT_AL_SELECTED,72,0.25,IID_ORIGINAL,0.01,0.05,0.7485822306238186,0.0110386352232814,0.900197632048287,0.5718336483931947,0.0075263421976919,0.9836065573770492,0.6852551984877127,0.2649006622516556
DAPT_AL_SELECTED,72,0.25,IID_ORIGINAL,0.01,0.1,0.7485822306238186,0.0110386352232814,0.900197632048287,0.5718336483931947,0.0075263421976919,0.9221311475409836,0.7844990548204159,0.4966887417218543
DAPT_AL_SELECTED,72,0.25,IID_ORIGINAL,0.01,0.2,0.7485822306238186,0.0110386352232814,0.900197632048287,0.5718336483931947,0.0075263421976919,0.5687885010266941,0.833648393194707,0.6114790286975718
DAPT_AL_SELECTED,72,0.25,IID_BALANCED,0.01,0.05,0.7485822306238186,0.0113421550094517,0.9290518181651148,0.5718336483931947,0.0094517958412098,0.986842105263158,0.6427221172022685,0.1655629139072847
DAPT_AL_SELECTED,72,0.25,IID_BALANCED,0.01,0.1,0.7485822306238186,0.0113421550094517,0.9290518181651148,0.5718336483931947,0.0094517958412098,0.9801324503311258,0.7117202268431002,0.3267108167770419
DAPT_AL_SELECTED,72,0.25,IID_BALANCED,0.01,0.2,0.7485822306238186,0.0113421550094517,0.9290518181651148,0.5718336483931947,0.0094517958412098,0.8637873754152824,0.8175803402646503,0.5739514348785872
DAPT_AL_SELECTED,72,0.25,TEMPORAL,0.01,0.05,0.87025,0.01075,0.9745084299647528,0.7125,0.0075,0.984375,0.7755,0.2191304347826086
DAPT_AL_SELECTED,72,0.25,TEMPORAL,0.01,0.1,0.87025,0.01075,0.9745084299647528,0.7125,0.0075,0.978515625,0.83775,0.4356521739130435
DAPT_AL_SELECTED,72,0.25,TEMPORAL,0.01,0.2,0.87025,0.01075,0.9745084299647528,0.7125,0.0075,0.8681640625,0.93475,0.7730434782608696
DAPT_AL_SELECTED,72,0.25,DOMAIN_OOD,0.01,0.05,0.8455158113011924,0.0119232763089683,0.9716883755258034,0.6443753240020736,0.0114048729911871,0.9846153846153848,0.7107309486780715,0.1865889212827988
DAPT_AL_SELECTED,72,0.25,DOMAIN_OOD,0.01,0.1,0.8455158113011924,0.0119232763089683,0.9716883755258034,0.6443753240020736,0.0114048729911871,0.9807692307692308,0.7765681700362882,0.3717201166180758
DAPT_AL_SELECTED,72,0.25,DOMAIN_OOD,0.01,0.2,0.8455158113011924,0.0119232763089683,0.9716883755258034,0.6443753240020736,0.0114048729911871,0.9460500963391136,0.8989113530326595,0.7157434402332361
DAPT_AL_SELECTED,72,0.25,TEMPLATE_OOD,0.01,0.05,0.8697306791569087,0.0099531615925058,0.9742995555167234,0.6964285714285714,0.0084894613583138,0.9864864864864864,0.7605386416861827,0.2111861137897782
DAPT_AL_SELECTED,72,0.25,TEMPLATE_OOD,0.01,0.1,0.8697306791569087,0.0099531615925058,0.9742995555167234,0.6964285714285714,0.0084894613583138,0.981941309255079,0.8237704918032787,0.4194792671166827
DAPT_AL_SELECTED,72,0.25,TEMPLATE_OOD,0.01,0.2,0.8697306791569087,0.0099531615925058,0.9742995555167234,0.6964285714285714,0.0084894613583138,0.8994350282485876,0.9294496487119438,0.7675988428158148
DAPT_AL_SELECTED,72,0.25,DOMAIN_TEMPLATE_OOD,0.01,0.05,0.8408845738942826,0.0113268608414239,0.9703215547440704,0.6240560949298813,0.0113268608414239,0.984251968503937,0.6914778856526429,0.1793400286944046
DAPT_AL_SELECTED,72,0.25,DOMAIN_TEMPLATE_OOD,0.01,0.1,0.8408845738942826,0.0113268608414239,0.9703215547440704,0.6240560949298813,0.0113268608414239,0.9802371541501976,0.7578209277238404,0.3558106169296987
DAPT_AL_SELECTED,72,0.25,DOMAIN_TEMPLATE_OOD,0.01,0.2,0.8408845738942826,0.0113268608414239,0.9703215547440704,0.6240560949298813,0.0113268608414239,0.9545454545454546,0.8845738942826321,0.6929698708751794
DAPT_AL_SELECTED,72,0.25,IID_ORIGINAL,0.02,0.05,0.775047258979206,0.014550928248871,0.900197632048287,0.6436672967863895,0.0165579528349222,0.9487179487179488,0.7485822306238186,0.2944297082228116
DAPT_AL_SELECTED,72,0.25,IID_ORIGINAL,0.02,0.1,0.775047258979206,0.014550928248871,0.900197632048287,0.6436672967863895,0.0165579528349222,0.7564102564102564,0.8109640831758034,0.4694960212201591
DAPT_AL_SELECTED,72,0.25,IID_ORIGINAL,0.02,0.2,0.775047258979206,0.014550928248871,0.900197632048287,0.6436672967863895,0.0165579528349222,0.438034188034188,0.8374291115311909,0.5437665782493368
DAPT_AL_SELECTED,72,0.25,IID_BALANCED,0.02,0.05,0.775047258979206,0.0151228733459357,0.9290518181651148,0.6436672967863895,0.0179584120982986,0.9859154929577464,0.7098298676748582,0.1856763925729443
DAPT_AL_SELECTED,72,0.25,IID_BALANCED,0.02,0.1,0.775047258979206,0.0151228733459357,0.9290518181651148,0.6436672967863895,0.0179584120982986,0.971830985915493,0.774102079395085,0.3660477453580902
DAPT_AL_SELECTED,72,0.25,IID_BALANCED,0.02,0.2,0.775047258979206,0.0151228733459357,0.9290518181651148,0.6436672967863895,0.0179584120982986,0.704225352112676,0.832703213610586,0.5305039787798409
DAPT_AL_SELECTED,72,0.25,TEMPORAL,0.02,0.05,0.89675,0.01525,0.9745084299647528,0.79225,0.0165,0.9623430962343096,0.84975,0.2767749699157641
DAPT_AL_SELECTED,72,0.25,TEMPORAL,0.02,0.1,0.89675,0.01525,0.9745084299647528,0.79225,0.0165,0.941299790356394,0.9045,0.5403128760529483
DAPT_AL_SELECTED,72,0.25,TEMPORAL,0.02,0.2,0.89675,0.01525,0.9745084299647528,0.79225,0.0165,0.6526757607555089,0.94775,0.7484957882069796
DAPT_AL_SELECTED,72,0.25,DOMAIN_OOD,0.02,0.05,0.8812856402280974,0.0176257128045619,0.9716883755258034,0.7439087610160705,0.0254017625712804,0.9663865546218487,0.8035251425609123,0.2327935222672064
DAPT_AL_SELECTED,72,0.25,DOMAIN_OOD,0.02,0.1,0.8812856402280974,0.0176257128045619,0.9716883755258034,0.7439087610160705,0.0254017625712804,0.96218487394958,0.8626231207879731,0.4635627530364372
DAPT_AL_SELECTED,72,0.25,DOMAIN_OOD,0.02,0.2,0.8812856402280974,0.0176257128045619,0.9716883755258034,0.7439087610160705,0.0254017625712804,0.8021052631578948,0.9414204250907204,0.771255060728745
DAPT_AL_SELECTED,72,0.25,TEMPLATE_OOD,0.02,0.05,0.8963700234192038,0.0140515222482435,0.9742995555167234,0.78307962529274,0.0178571428571428,0.9658536585365852,0.8410421545667447,0.2672064777327935
DAPT_AL_SELECTED,72,0.25,TEMPLATE_OOD,0.02,0.1,0.8963700234192038,0.0140515222482435,0.9742995555167234,0.78307962529274,0.0178571428571428,0.9536585365853658,0.8975409836065574,0.5276653171390013
DAPT_AL_SELECTED,72,0.25,TEMPLATE_OOD,0.02,0.2,0.8963700234192038,0.0140515222482435,0.9742995555167234,0.78307962529274,0.0178571428571428,0.6792682926829269,0.9461358313817332,0.7516869095816464
DAPT_AL_SELECTED,72,0.25,DOMAIN_TEMPLATE_OOD,0.02,0.05,0.8727076591154261,0.0161812297734627,0.9703215547440704,0.7335490830636462,0.0248112189859762,0.956896551724138,0.7934196332254585,0.2246963562753036
DAPT_AL_SELECTED,72,0.25,DOMAIN_TEMPLATE_OOD,0.02,0.1,0.8727076591154261,0.0161812297734627,0.9703215547440704,0.7335490830636462,0.0248112189859762,0.961038961038961,0.8532901833872708,0.4493927125506073
DAPT_AL_SELECTED,72,0.25,DOMAIN_TEMPLATE_OOD,0.02,0.2,0.8727076591154261,0.0161812297734627,0.9703215547440704,0.7335490830636462,0.0248112189859762,0.8004338394793926,0.9325782092772384,0.7469635627530364
T0_AL_SELECTED,82,0.25,IID_ORIGINAL,0.005,0.05,0.6578449905482041,0.0080280983442047,0.8900960515140621,0.5699432892249527,0.0055193176116407,0.9672131147540984,0.6814744801512287,0.2593406593406593
T0_AL_SELECTED,82,0.25,IID_ORIGINAL,0.005,0.1,0.6578449905482041,0.0080280983442047,0.8900960515140621,0.5699432892249527,0.0055193176116407,0.8934426229508197,0.775992438563327,0.4791208791208791
T0_AL_SELECTED,82,0.25,IID_ORIGINAL,0.005,0.2,0.6578449905482041,0.0080280983442047,0.8900960515140621,0.5699432892249527,0.0055193176116407,0.5942622950819673,0.8440453686200378,0.6373626373626373
T0_AL_SELECTED,82,0.25,IID_BALANCED,0.005,0.05,0.6578449905482041,0.0094517958412098,0.9222304212824782,0.5699432892249527,0.0066162570888468,0.9736842105263158,0.6398865784499055,0.1626373626373626
T0_AL_SELECTED,82,0.25,IID_BALANCED,0.005,0.1,0.6578449905482041,0.0094517958412098,0.9222304212824782,0.5699432892249527,0.0066162570888468,0.9801324503311258,0.7098298676748582,0.3252747252747253
T0_AL_SELECTED,82,0.25,IID_BALANCED,0.005,0.2,0.6578449905482041,0.0094517958412098,0.9222304212824782,0.5699432892249527,0.0066162570888468,0.8841059602649006,0.8223062381852552,0.5868131868131868
T0_AL_SELECTED,82,0.25,TEMPORAL,0.005,0.05,0.82375,0.00675,0.972393988026626,0.723,0.00375,0.976470588235294,0.78525,0.2247292418772563
T0_AL_SELECTED,82,0.25,TEMPORAL,0.005,0.1,0.82375,0.00675,0.972393988026626,0.723,0.00375,0.9803921568627452,0.848,0.4512635379061371
T0_AL_SELECTED,82,0.25,TEMPORAL,0.005,0.2,0.82375,0.00675,0.972393988026626,0.723,0.00375,0.8331697742885181,0.93525,0.766245487364621
T0_AL_SELECTED,82,0.25,DOMAIN_OOD,0.005,0.05,0.7962674961119751,0.0077760497667185,0.9706383013687516,0.6620010368066356,0.0046656298600311,0.9689922480620154,0.7268014515292898,0.1917177914110429
T0_AL_SELECTED,82,0.25,DOMAIN_OOD,0.005,0.1,0.7962674961119751,0.0077760497667185,0.9706383013687516,0.6620010368066356,0.0046656298600311,0.9806201550387597,0.7931570762052877,0.3880368098159509
T0_AL_SELECTED,82,0.25,DOMAIN_OOD,0.005,0.2,0.7962674961119751,0.0077760497667185,0.9706383013687516,0.6620010368066356,0.0046656298600311,0.9223300970873788,0.9082426127527216,0.7285276073619632
T0_AL_SELECTED,82,0.25,TEMPLATE_OOD,0.005,0.05,0.8158665105386417,0.0061475409836065,0.9726334006346596,0.710480093676815,0.0038056206088992,0.9772727272727272,0.7734192037470726,0.217391304347826
T0_AL_SELECTED,82,0.25,TEMPLATE_OOD,0.005,0.1,0.8158665105386417,0.0061475409836065,0.9726334006346596,0.710480093676815,0.0038056206088992,0.9795454545454544,0.8366510538641686,0.435793731041456
T0_AL_SELECTED,82,0.25,TEMPLATE_OOD,0.005,0.2,0.8158665105386417,0.0061475409836065,0.9726334006346596,0.710480093676815,0.0038056206088992,0.8543799772468714,0.930327868852459,0.7593528816986855
T0_AL_SELECTED,82,0.25,DOMAIN_TEMPLATE_OOD,0.005,0.05,0.7815533980582524,0.0064724919093851,0.969554813650908,0.6429341963322546,0.0048543689320388,0.9761904761904762,0.709277238403452,0.1858006042296072
T0_AL_SELECTED,82,0.25,DOMAIN_TEMPLATE_OOD,0.005,0.1,0.7815533980582524,0.0064724919093851,0.969554813650908,0.6429341963322546,0.0048543689320388,0.9840637450199204,0.7761596548004315,0.3731117824773414
T0_AL_SELECTED,82,0.25,DOMAIN_TEMPLATE_OOD,0.005,0.2,0.7815533980582524,0.0064724919093851,0.969554813650908,0.6429341963322546,0.0048543689320388,0.9422310756972112,0.8980582524271845,0.7145015105740181
T0_AL_SELECTED,82,0.25,IID_ORIGINAL,0.01,0.05,0.7400756143667296,0.0150526843953838,0.8900960515140621,0.6077504725897921,0.0090316106372303,0.9666666666666668,0.717391304347826,0.2795180722891566
T0_AL_SELECTED,82,0.25,IID_ORIGINAL,0.01,0.1,0.7400756143667296,0.0150526843953838,0.8900960515140621,0.6077504725897921,0.0090316106372303,0.8451882845188284,0.7986767485822306,0.4867469879518072
T0_AL_SELECTED,82,0.25,IID_ORIGINAL,0.01,0.2,0.7400756143667296,0.0150526843953838,0.8900960515140621,0.6077504725897921,0.0090316106372303,0.5334728033472803,0.8487712665406427,0.6144578313253012
T0_AL_SELECTED,82,0.25,IID_BALANCED,0.01,0.05,0.7400756143667296,0.0151228733459357,0.9222304212824782,0.6077504725897921,0.0103969754253308,0.972972972972973,0.6758034026465028,0.1734939759036144
T0_AL_SELECTED,82,0.25,IID_BALANCED,0.01,0.1,0.7400756143667296,0.0151228733459357,0.9222304212824782,0.6077504725897921,0.0103969754253308,0.9727891156462584,0.7429111531190926,0.344578313253012
T0_AL_SELECTED,82,0.25,IID_BALANCED,0.01,0.2,0.7400756143667296,0.0151228733459357,0.9222304212824782,0.6077504725897921,0.0103969754253308,0.8361774744027304,0.8393194706994329,0.5903614457831325
T0_AL_SELECTED,82,0.25,TEMPORAL,0.01,0.05,0.8825,0.01325,0.972393988026626,0.77125,0.00625,0.9755102040816328,0.831,0.2612021857923497
T0_AL_SELECTED,82,0.25,TEMPORAL,0.01,0.1,0.8825,0.01325,0.972393988026626,0.77125,0.00625,0.9591002044989776,0.8885,0.512568306010929
T0_AL_SELECTED,82,0.25,TEMPORAL,0.01,0.2,0.8825,0.01325,0.972393988026626,0.77125,0.00625,0.7116564417177914,0.94525,0.760655737704918
T0_AL_SELECTED,82,0.25,DOMAIN_OOD,0.01,0.05,0.8657335406946605,0.0171073094867807,0.9706383013687516,0.720580611715915,0.0088128564022809,0.975609756097561,0.782789009849663,0.222634508348794
T0_AL_SELECTED,82,0.25,DOMAIN_OOD,0.01,0.1,0.8657335406946605,0.0171073094867807,0.9706383013687516,0.720580611715915,0.0088128564022809,0.975609756097561,0.844997407983411,0.4452690166975881
T0_AL_SELECTED,82,0.25,DOMAIN_OOD,0.01,0.2,0.8657335406946605,0.0171073094867807,0.9706383013687516,0.720580611715915,0.0088128564022809,0.8228105906313645,0.9300155520995336,0.7495361781076066
T0_AL_SELECTED,82,0.25,TEMPLATE_OOD,0.01,0.05,0.8788056206088993,0.0131733021077283,0.9726334006346596,0.7608313817330211,0.0061475409836065,0.981042654028436,0.8214285714285714,0.2533659730722154
T0_AL_SELECTED,82,0.25,TEMPLATE_OOD,0.01,0.1,0.8788056206088993,0.0131733021077283,0.9726334006346596,0.7608313817330211,0.0061475409836065,0.9644549763033176,0.879976580796253,0.4981640146878825
T0_AL_SELECTED,82,0.25,TEMPLATE_OOD,0.01,0.2,0.8788056206088993,0.0131733021077283,0.9726334006346596,0.7608313817330211,0.0061475409836065,0.7425860023724793,0.944086651053864,0.7662178702570379
T0_AL_SELECTED,82,0.25,DOMAIN_TEMPLATE_OOD,0.01,0.05,0.8565264293419633,0.0156418554476806,0.969554813650908,0.7044228694714132,0.0080906148867313,0.9833333333333332,0.7680690399137001,0.2153284671532846
T0_AL_SELECTED,82,0.25,DOMAIN_TEMPLATE_OOD,0.01,0.1,0.8565264293419633,0.0156418554476806,0.969554813650908,0.7044228694714132,0.0080906148867313,0.9790794979079498,0.8306364617044228,0.4270072992700729
T0_AL_SELECTED,82,0.25,DOMAIN_TEMPLATE_OOD,0.01,0.2,0.8565264293419633,0.0156418554476806,0.969554813650908,0.7044228694714132,0.0080906148867313,0.8472803347280334,0.9228694714131608,0.7390510948905109
T0_AL_SELECTED,82,0.25,IID_ORIGINAL,0.02,0.05,0.7703213610586012,0.0255895634721525,0.8900960515140621,0.6805293005671077,0.0215755143000501,0.9043478260869564,0.77882797731569,0.3076923076923077
T0_AL_SELECTED,82,0.25,IID_ORIGINAL,0.02,0.1,0.7703213610586012,0.0255895634721525,0.8900960515140621,0.6805293005671077,0.0215755143000501,0.7074235807860262,0.833648393194707,0.4792899408284023
T0_AL_SELECTED,82,0.25,IID_ORIGINAL,0.02,0.2,0.7703213610586012,0.0255895634721525,0.8900960515140621,0.6805293005671077,0.0215755143000501,0.3951965065502183,0.8516068052930057,0.5355029585798816
T0_AL_SELECTED,82,0.25,IID_BALANCED,0.02,0.05,0.7703213610586012,0.0236294896030245,0.9222304212824782,0.6805293005671077,0.0226843100189035,0.9855072463768116,0.7448015122873346,0.2011834319526627
T0_AL_SELECTED,82,0.25,IID_BALANCED,0.02,0.1,0.7703213610586012,0.0236294896030245,0.9222304212824782,0.6805293005671077,0.0226843100189035,0.9202898550724636,0.8005671077504726,0.3757396449704142
T0_AL_SELECTED,82,0.25,IID_BALANCED,0.02,0.2,0.7703213610586012,0.0236294896030245,0.9222304212824782,0.6805293005671077,0.0226843100189035,0.6472727272727272,0.8487712665406427,0.5266272189349113
T0_AL_SELECTED,82,0.25,TEMPORAL,0.02,0.05,0.9095,0.02175,0.972393988026626,0.8365,0.0175,0.9739130434782608,0.8925,0.3425076452599388
T0_AL_SELECTED,82,0.25,TEMPORAL,0.02,0.1,0.9095,0.02175,0.972393988026626,0.8365,0.0175,0.8322440087145969,0.932,0.5840978593272171
T0_AL_SELECTED,82,0.25,TEMPORAL,0.02,0.2,0.9095,0.02175,0.972393988026626,0.8365,0.0175,0.4961832061068702,0.95025,0.6957186544342507
T0_AL_SELECTED,82,0.25,DOMAIN_OOD,0.02,0.05,0.8983929497148782,0.0279937791601866,0.9706383013687516,0.8087091757387247,0.0269569725246241,0.9734513274336284,0.8657335406946605,0.2981029810298103
T0_AL_SELECTED,82,0.25,DOMAIN_OOD,0.02,0.1,0.8983929497148782,0.0279937791601866,0.9706383013687516,0.8087091757387247,0.0269569725246241,0.9111111111111112,0.9149818558838776,0.5555555555555556
T0_AL_SELECTED,82,0.25,DOMAIN_OOD,0.02,0.2,0.8983929497148782,0.0279937791601866,0.9706383013687516,0.8087091757387247,0.0269569725246241,0.6155555555555555,0.9523068947641264,0.7506775067750677
T0_AL_SELECTED,82,0.25,TEMPLATE_OOD,0.02,0.05,0.906615925058548,0.0213700234192037,0.9726334006346596,0.8302107728337237,0.0178571428571428,0.9746192893401016,0.8864168618266979,0.3310344827586207
T0_AL_SELECTED,82,0.25,TEMPLATE_OOD,0.02,0.1,0.906615925058548,0.0213700234192037,0.9726334006346596,0.8302107728337237,0.0178571428571428,0.8578680203045685,0.9291569086651054,0.5827586206896552
T0_AL_SELECTED,82,0.25,TEMPLATE_OOD,0.02,0.2,0.906615925058548,0.0213700234192037,0.9726334006346596,0.8302107728337237,0.0178571428571428,0.5209656925031766,0.9502341920374708,0.7068965517241379
T0_AL_SELECTED,82,0.25,DOMAIN_TEMPLATE_OOD,0.02,0.05,0.8915857605177994,0.0264293419633225,0.969554813650908,0.7998921251348435,0.0253505933117583,0.981651376146789,0.8576051779935275,0.2884097035040431
T0_AL_SELECTED,82,0.25,DOMAIN_TEMPLATE_OOD,0.02,0.1,0.8915857605177994,0.0264293419633225,0.969554813650908,0.7998921251348435,0.0253505933117583,0.908256880733945,0.906688241639698,0.5336927223719676
T0_AL_SELECTED,82,0.25,DOMAIN_TEMPLATE_OOD,0.02,0.2,0.8915857605177994,0.0264293419633225,0.969554813650908,0.7998921251348435,0.0253505933117583,0.6192660550458715,0.9455231930960086,0.7277628032345014
DAPT_AL_SELECTED,82,0.25,IID_ORIGINAL,0.005,0.05,0.5822306238185255,0.0035122930255895,0.8862346867099351,0.5699432892249527,0.0055193176116407,0.9672131147540984,0.6814744801512287,0.2593406593406593
DAPT_AL_SELECTED,82,0.25,IID_ORIGINAL,0.005,0.1,0.5822306238185255,0.0035122930255895,0.8862346867099351,0.5699432892249527,0.0055193176116407,0.9139344262295082,0.780718336483932,0.4901098901098901
DAPT_AL_SELECTED,82,0.25,IID_ORIGINAL,0.005,0.2,0.5822306238185255,0.0035122930255895,0.8862346867099351,0.5699432892249527,0.0055193176116407,0.5737704918032787,0.834593572778828,0.6153846153846154
DAPT_AL_SELECTED,82,0.25,IID_BALANCED,0.005,0.05,0.5822306238185255,0.0037807183364839,0.9165279814285326,0.5699432892249527,0.0066162570888468,0.9736842105263158,0.6398865784499055,0.1626373626373626
DAPT_AL_SELECTED,82,0.25,IID_BALANCED,0.005,0.1,0.5822306238185255,0.0037807183364839,0.9165279814285326,0.5699432892249527,0.0066162570888468,0.9801324503311258,0.7098298676748582,0.3252747252747253
DAPT_AL_SELECTED,82,0.25,IID_BALANCED,0.005,0.2,0.5822306238185255,0.0037807183364839,0.9165279814285326,0.5699432892249527,0.0066162570888468,0.8708609271523179,0.8185255198487713,0.578021978021978
DAPT_AL_SELECTED,82,0.25,TEMPORAL,0.005,0.05,0.71625,0.00225,0.9770452375393084,0.723,0.00375,0.9882352941176472,0.786,0.2274368231046931
DAPT_AL_SELECTED,82,0.25,TEMPORAL,0.005,0.1,0.71625,0.00225,0.9770452375393084,0.723,0.00375,0.984313725490196,0.8485,0.4530685920577617
DAPT_AL_SELECTED,82,0.25,TEMPORAL,0.005,0.2,0.71625,0.00225,0.9770452375393084,0.723,0.00375,0.844946025515211,0.93825,0.7770758122743683
DAPT_AL_SELECTED,82,0.25,DOMAIN_OOD,0.005,0.05,0.6749611197511665,0.0025920165889061,0.9752241260739404,0.6620010368066356,0.0046656298600311,0.992248062015504,0.7283566614826334,0.1963190184049079
DAPT_AL_SELECTED,82,0.25,DOMAIN_OOD,0.005,0.1,0.6749611197511665,0.0025920165889061,0.9752241260739404,0.6620010368066356,0.0046656298600311,0.9844961240310076,0.7936754795230689,0.3895705521472393
DAPT_AL_SELECTED,82,0.25,DOMAIN_OOD,0.005,0.2,0.6749611197511665,0.0025920165889061,0.9752241260739404,0.6620010368066356,0.0046656298600311,0.9359223300970874,0.9118714359771902,0.7392638036809815
DAPT_AL_SELECTED,82,0.25,TEMPLATE_OOD,0.005,0.05,0.7101873536299765,0.0020491803278688,0.977282082442926,0.710480093676815,0.0038056206088992,0.990909090909091,0.7742974238875878,0.2204246713852376
DAPT_AL_SELECTED,82,0.25,TEMPLATE_OOD,0.005,0.1,0.7101873536299765,0.0020491803278688,0.977282082442926,0.710480093676815,0.0038056206088992,0.9863636363636364,0.8375292740046838,0.4388270980788675
DAPT_AL_SELECTED,82,0.25,TEMPLATE_OOD,0.005,0.2,0.7101873536299765,0.0020491803278688,0.977282082442926,0.710480093676815,0.0038056206088992,0.8691695108077361,0.9341334894613584,0.7724974721941354
DAPT_AL_SELECTED,82,0.25,DOMAIN_TEMPLATE_OOD,0.005,0.05,0.6537216828478964,0.0021574973031283,0.9737422145076922,0.6429341963322546,0.0048543689320388,0.992063492063492,0.7103559870550162,0.188821752265861
DAPT_AL_SELECTED,82,0.25,DOMAIN_TEMPLATE_OOD,0.005,0.1,0.6537216828478964,0.0021574973031283,0.9737422145076922,0.6429341963322546,0.0048543689320388,0.9880478087649402,0.7766990291262136,0.3746223564954682
DAPT_AL_SELECTED,82,0.25,DOMAIN_TEMPLATE_OOD,0.005,0.2,0.6537216828478964,0.0021574973031283,0.9737422145076922,0.6429341963322546,0.0048543689320388,0.9462151394422312,0.8991370010787486,0.7175226586102719
DAPT_AL_SELECTED,82,0.25,IID_ORIGINAL,0.01,0.05,0.7381852551984878,0.0110386352232814,0.8862346867099351,0.6077504725897921,0.0090316106372303,0.9666666666666668,0.717391304347826,0.2795180722891566
DAPT_AL_SELECTED,82,0.25,IID_ORIGINAL,0.01,0.1,0.7381852551984878,0.0110386352232814,0.8862346867099351,0.6077504725897921,0.0090316106372303,0.8451882845188284,0.7986767485822306,0.4867469879518072
DAPT_AL_SELECTED,82,0.25,IID_ORIGINAL,0.01,0.2,0.7381852551984878,0.0110386352232814,0.8862346867099351,0.6077504725897921,0.0090316106372303,0.5062761506276151,0.8364839319470699,0.5831325301204819
DAPT_AL_SELECTED,82,0.25,IID_BALANCED,0.01,0.05,0.7381852551984878,0.0132325141776937,0.9165279814285326,0.6077504725897921,0.0103969754253308,0.972972972972973,0.6758034026465028,0.1734939759036144
DAPT_AL_SELECTED,82,0.25,IID_BALANCED,0.01,0.1,0.7381852551984878,0.0132325141776937,0.9165279814285326,0.6077504725897921,0.0103969754253308,0.9659863945578232,0.7419659735349716,0.3421686746987952
DAPT_AL_SELECTED,82,0.25,IID_BALANCED,0.01,0.2,0.7381852551984878,0.0132325141776937,0.9165279814285326,0.6077504725897921,0.0103969754253308,0.7952218430034129,0.8279773156899811,0.5614457831325301
DAPT_AL_SELECTED,82,0.25,TEMPORAL,0.01,0.05,0.8785,0.009,0.9770452375393084,0.77125,0.00625,0.9836734693877552,0.8315,0.2633879781420765
DAPT_AL_SELECTED,82,0.25,TEMPORAL,0.01,0.1,0.8785,0.009,0.9770452375393084,0.77125,0.00625,0.9713701431492844,0.89,0.5191256830601093
DAPT_AL_SELECTED,82,0.25,TEMPORAL,0.01,0.2,0.8785,0.009,0.9770452375393084,0.77125,0.00625,0.7106339468302658,0.945,0.7595628415300546
DAPT_AL_SELECTED,82,0.25,DOMAIN_OOD,0.01,0.05,0.8636599274235355,0.0108864696734059,0.9752241260739404,0.720580611715915,0.0088128564022809,0.975609756097561,0.782789009849663,0.222634508348794
DAPT_AL_SELECTED,82,0.25,DOMAIN_OOD,0.01,0.1,0.8636599274235355,0.0108864696734059,0.9752241260739404,0.720580611715915,0.0088128564022809,0.9796747967479674,0.8455158113011924,0.4471243042671614
DAPT_AL_SELECTED,82,0.25,DOMAIN_OOD,0.01,0.2,0.8636599274235355,0.0108864696734059,0.9752241260739404,0.720580611715915,0.0088128564022809,0.8533604887983707,0.937791601866252,0.7773654916512059
DAPT_AL_SELECTED,82,0.25,TEMPLATE_OOD,0.01,0.05,0.8755854800936768,0.0084894613583138,0.977282082442926,0.7608313817330211,0.0061475409836065,0.985781990521327,0.8217213114754098,0.2545899632802937
DAPT_AL_SELECTED,82,0.25,TEMPLATE_OOD,0.01,0.1,0.8755854800936768,0.0084894613583138,0.977282082442926,0.7608313817330211,0.0061475409836065,0.971563981042654,0.8808548009367682,0.5018359853121175
DAPT_AL_SELECTED,82,0.25,TEMPLATE_OOD,0.01,0.2,0.8755854800936768,0.0084894613583138,0.977282082442926,0.7608313817330211,0.0061475409836065,0.7378410438908659,0.9429156908665104,0.7613219094247246
DAPT_AL_SELECTED,82,0.25,DOMAIN_TEMPLATE_OOD,0.01,0.05,0.8478964401294499,0.0097087378640776,0.9737422145076922,0.7044228694714132,0.0080906148867313,0.975,0.767529665587918,0.2135036496350364
DAPT_AL_SELECTED,82,0.25,DOMAIN_TEMPLATE_OOD,0.01,0.1,0.8478964401294499,0.0097087378640776,0.9737422145076922,0.7044228694714132,0.0080906148867313,0.9790794979079498,0.8306364617044228,0.4270072992700729
DAPT_AL_SELECTED,82,0.25,DOMAIN_TEMPLATE_OOD,0.01,0.2,0.8478964401294499,0.0097087378640776,0.9737422145076922,0.7044228694714132,0.0080906148867313,0.8723849372384938,0.9293419633225458,0.7609489051094891
DAPT_AL_SELECTED,82,0.25,IID_ORIGINAL,0.02,0.05,0.775992438563327,0.0235825388861013,0.8862346867099351,0.6805293005671077,0.0215755143000501,0.9391304347826088,0.782608695652174,0.3195266272189349
DAPT_AL_SELECTED,82,0.25,IID_ORIGINAL,0.02,0.1,0.775992438563327,0.0235825388861013,0.8862346867099351,0.6805293005671077,0.0215755143000501,0.6506550218340611,0.8213610586011342,0.4408284023668639
DAPT_AL_SELECTED,82,0.25,IID_ORIGINAL,0.02,0.2,0.775992438563327,0.0235825388861013,0.8862346867099351,0.6805293005671077,0.0215755143000501,0.3842794759825327,0.8468809073724007,0.5207100591715976
DAPT_AL_SELECTED,82,0.25,IID_BALANCED,0.02,0.05,0.775992438563327,0.0226843100189035,0.9165279814285326,0.6805293005671077,0.0226843100189035,1.0,0.7457466918714556,0.2041420118343195
DAPT_AL_SELECTED,82,0.25,IID_BALANCED,0.02,0.1,0.775992438563327,0.0226843100189035,0.9165279814285326,0.6805293005671077,0.0226843100189035,0.9202898550724636,0.8005671077504726,0.3757396449704142
DAPT_AL_SELECTED,82,0.25,IID_BALANCED,0.02,0.2,0.775992438563327,0.0226843100189035,0.9165279814285326,0.6805293005671077,0.0226843100189035,0.6072727272727273,0.8383742911153119,0.4940828402366864
DAPT_AL_SELECTED,82,0.25,TEMPORAL,0.02,0.05,0.913,0.02075,0.9770452375393084,0.8365,0.0175,0.9782608695652174,0.89275,0.3440366972477064
DAPT_AL_SELECTED,82,0.25,TEMPORAL,0.02,0.1,0.913,0.02075,0.9770452375393084,0.8365,0.0175,0.8583877995642701,0.935,0.6024464831804281
DAPT_AL_SELECTED,82,0.25,TEMPORAL,0.02,0.2,0.913,0.02075,0.9770452375393084,0.8365,0.0175,0.5125408942202835,0.954,0.7186544342507645
DAPT_AL_SELECTED,82,0.25,DOMAIN_OOD,0.02,0.05,0.9056505961638156,0.0248833592534992,0.9752241260739404,0.8087091757387247,0.0269569725246241,0.9734513274336284,0.8657335406946605,0.2981029810298103
DAPT_AL_SELECTED,82,0.25,DOMAIN_OOD,0.02,0.1,0.9056505961638156,0.0248833592534992,0.9752241260739404,0.8087091757387247,0.0269569725246241,0.9333333333333332,0.917573872472784,0.5691056910569106
DAPT_AL_SELECTED,82,0.25,DOMAIN_OOD,0.02,0.2,0.9056505961638156,0.0248833592534992,0.9752241260739404,0.8087091757387247,0.0269569725246241,0.5955555555555555,0.9476412649040954,0.7262872628726287
DAPT_AL_SELECTED,82,0.25,TEMPLATE_OOD,0.02,0.05,0.9101288056206088,0.0196135831381733,0.977282082442926,0.8302107728337237,0.0178571428571428,0.9847715736040608,0.8870023419203747,0.3344827586206896
DAPT_AL_SELECTED,82,0.25,TEMPLATE_OOD,0.02,0.1,0.9101288056206088,0.0196135831381733,0.977282082442926,0.8302107728337237,0.0178571428571428,0.8781725888324873,0.9314988290398126,0.596551724137931
DAPT_AL_SELECTED,82,0.25,TEMPLATE_OOD,0.02,0.2,0.9101288056206088,0.0196135831381733,0.977282082442926,0.8302107728337237,0.0178571428571428,0.531130876747141,0.952576112412178,0.7206896551724138
DAPT_AL_SELECTED,82,0.25,DOMAIN_TEMPLATE_OOD,0.02,0.05,0.8969795037756203,0.0231930960086299,0.9737422145076922,0.7998921251348435,0.0253505933117583,0.9724770642201837,0.8570658036677454,0.2857142857142857
DAPT_AL_SELECTED,82,0.25,DOMAIN_TEMPLATE_OOD,0.02,0.1,0.8969795037756203,0.0231930960086299,0.9737422145076922,0.7998921251348435,0.0253505933117583,0.9311926605504588,0.9093851132686084,0.5471698113207547
DAPT_AL_SELECTED,82,0.25,DOMAIN_TEMPLATE_OOD,0.02,0.2,0.8969795037756203,0.0231930960086299,0.9737422145076922,0.7998921251348435,0.0253505933117583,0.6032110091743119,0.941747572815534,0.7088948787061995
T0_AL_SELECTED,242,0.25,IID_ORIGINAL,0.005,0.05,0.6512287334593573,0.0075263421976919,0.9065602887209476,0.4896030245746692,0.0040140491721023,0.9763779527559056,0.6068052930056711,0.2296296296296296
T0_AL_SELECTED,242,0.25,IID_ORIGINAL,0.005,0.1,0.6512287334593573,0.0075263421976919,0.9065602887209476,0.4896030245746692,0.0040140491721023,0.9446640316205532,0.7155009451795841,0.4425925925925926
T0_AL_SELECTED,242,0.25,IID_ORIGINAL,0.005,0.2,0.6512287334593573,0.0075263421976919,0.9065602887209476,0.4896030245746692,0.0040140491721023,0.6851485148514852,0.8166351606805293,0.6407407407407407
T0_AL_SELECTED,242,0.25,IID_BALANCED,0.005,0.05,0.6512287334593573,0.0094517958412098,0.935304300270343,0.4896030245746692,0.0047258979206049,0.975,0.5633270321361059,0.1444444444444444
T0_AL_SELECTED,242,0.25,IID_BALANCED,0.005,0.1,0.6512287334593573,0.0094517958412098,0.935304300270343,0.4896030245746692,0.0047258979206049,0.975,0.6370510396975425,0.2888888888888888
T0_AL_SELECTED,242,0.25,IID_BALANCED,0.005,0.2,0.6512287334593573,0.0094517958412098,0.935304300270343,0.4896030245746692,0.0047258979206049,0.9404388714733544,0.7731568998109641,0.5555555555555556
T0_AL_SELECTED,242,0.25,TEMPORAL,0.005,0.05,0.69525,0.005,0.9765623932589031,0.55275,0.00275,0.9930795847750864,0.6245,0.1604248183342649
T0_AL_SELECTED,242,0.25,TEMPORAL,0.005,0.1,0.69525,0.005,0.9765623932589031,0.55275,0.00275,0.991349480968858,0.696,0.320290665176076
T0_AL_SELECTED,242,0.25,TEMPORAL,0.005,0.2,0.69525,0.005,0.9765623932589031,0.55275,0.00275,0.9593425605536332,0.83,0.6198993851313583
T0_AL_SELECTED,242,0.25,DOMAIN_OOD,0.005,0.05,0.6226023846552617,0.0051840331778123,0.9712449111033868,0.4660445826853291,0.0036288232244686,1.0,0.5427682737169518,0.1436893203883495
T0_AL_SELECTED,242,0.25,DOMAIN_OOD,0.005,0.1,0.6226023846552617,0.0051840331778123,0.9712449111033868,0.4660445826853291,0.0036288232244686,0.9932432432432432,0.6184551581130119,0.2854368932038835
T0_AL_SELECTED,242,0.25,DOMAIN_OOD,0.005,0.2,0.6226023846552617,0.0051840331778123,0.9712449111033868,0.4660445826853291,0.0036288232244686,0.9729272419627748,0.7641264904095386,0.558252427184466
T0_AL_SELECTED,242,0.25,TEMPLATE_OOD,0.005,0.05,0.6841334894613583,0.0046838407494145,0.9764938098168529,0.5327868852459017,0.0032201405152224,0.9920318725099602,0.6056791569086651,0.1560150375939849
T0_AL_SELECTED,242,0.25,TEMPLATE_OOD,0.005,0.1,0.6841334894613583,0.0046838407494145,0.9764938098168529,0.5327868852459017,0.0032201405152224,0.994011976047904,0.6785714285714286,0.3120300751879699
T0_AL_SELECTED,242,0.25,TEMPLATE_OOD,0.005,0.2,0.6841334894613583,0.0046838407494145,0.9764938098168529,0.5327868852459017,0.0032201405152224,0.964035964035964,0.8152810304449649,0.6046365914786967
T0_AL_SELECTED,242,0.25,DOMAIN_TEMPLATE_OOD,0.005,0.05,0.5954692556634305,0.0048543689320388,0.9690976943631516,0.4347357065803667,0.0037756202804746,1.0,0.5129449838187702,0.1383587786259542
T0_AL_SELECTED,242,0.25,DOMAIN_TEMPLATE_OOD,0.005,0.1,0.5954692556634305,0.0048543689320388,0.9690976943631516,0.4347357065803667,0.0037756202804746,0.996551724137931,0.5906148867313916,0.2757633587786259
T0_AL_SELECTED,242,0.25,DOMAIN_TEMPLATE_OOD,0.005,0.2,0.5954692556634305,0.0048543689320388,0.9690976943631516,0.4347357065803667,0.0037756202804746,0.9740932642487048,0.7389428263214671,0.5381679389312977
T0_AL_SELECTED,242,0.25,IID_ORIGINAL,0.01,0.05,0.7400756143667296,0.0140491721023582,0.9065602887209476,0.5661625708884688,0.0075263421976919,0.9508196721311476,0.6758034026465028,0.2527233115468409
T0_AL_SELECTED,242,0.25,IID_ORIGINAL,0.01,0.1,0.7400756143667296,0.0140491721023582,0.9065602887209476,0.5661625708884688,0.0075263421976919,0.8934426229508197,0.7722117202268431,0.4749455337690632
T0_AL_SELECTED,242,0.25,IID_ORIGINAL,0.01,0.2,0.7400756143667296,0.0140491721023582,0.9065602887209476,0.5661625708884688,0.0075263421976919,0.5799180327868853,0.833648393194707,0.616557734204793
T0_AL_SELECTED,242,0.25,IID_BALANCED,0.01,0.05,0.7400756143667296,0.0160680529300567,0.935304300270343,0.5661625708884688,0.0103969754253308,0.9736842105263158,0.6361058601134215,0.1612200435729847
T0_AL_SELECTED,242,0.25,IID_BALANCED,0.01,0.1,0.7400756143667296,0.0160680529300567,0.935304300270343,0.5661625708884688,0.0103969754253308,0.9602649006622516,0.7032136105860114,0.3159041394335512
T0_AL_SELECTED,242,0.25,IID_BALANCED,0.01,0.2,0.7400756143667296,0.0160680529300567,0.935304300270343,0.5661625708884688,0.0103969754253308,0.8278145695364238,0.8024574669187146,0.5446623093681917
T0_AL_SELECTED,242,0.25,TEMPORAL,0.01,0.05,0.81525,0.01375,0.9765623932589031,0.64525,0.00525,0.9888888888888888,0.712,0.1881606765327695
T0_AL_SELECTED,242,0.25,TEMPORAL,0.01,0.1,0.81525,0.01375,0.9765623932589031,0.64525,0.00525,0.9833333333333332,0.778,0.3742071881606765
T0_AL_SELECTED,242,0.25,TEMPORAL,0.01,0.2,0.81525,0.01375,0.9765623932589031,0.64525,0.00525,0.901851851851852,0.88875,0.6863988724453841
T0_AL_SELECTED,242,0.25,DOMAIN_OOD,0.01,0.05,0.7765681700362882,0.0176257128045619,0.9712449111033868,0.5660964230171073,0.006739243131156,1.0,0.6376360808709176,0.1648745519713261
T0_AL_SELECTED,242,0.25,DOMAIN_OOD,0.01,0.1,0.7765681700362882,0.0176257128045619,0.9712449111033868,0.5660964230171073,0.006739243131156,0.9963768115942028,0.7086573354069466,0.3285543608124253
T0_AL_SELECTED,242,0.25,DOMAIN_OOD,0.01,0.2,0.7765681700362882,0.0176257128045619,0.9712449111033868,0.5660964230171073,0.006739243131156,0.9382940108892922,0.8341109383100052,0.6176821983273596
T0_AL_SELECTED,242,0.25,TEMPLATE_OOD,0.01,0.05,0.8059133489461359,0.0131733021077283,0.9764938098168529,0.627927400468384,0.0058548009367681,0.9957264957264956,0.6961358313817331,0.1833202202989771
T0_AL_SELECTED,242,0.25,TEMPLATE_OOD,0.01,0.1,0.8059133489461359,0.0131733021077283,0.9764938098168529,0.627927400468384,0.0058548009367681,0.987152034261242,0.7628805620608899,0.3627065302911094
T0_AL_SELECTED,242,0.25,TEMPLATE_OOD,0.01,0.2,0.8059133489461359,0.0131733021077283,0.9764938098168529,0.627927400468384,0.0058548009367681,0.9197002141327624,0.8793911007025761,0.6758457907159717
T0_AL_SELECTED,242,0.25,DOMAIN_TEMPLATE_OOD,0.01,0.05,0.7513484358144552,0.0167206040992448,0.9690976943631516,0.5388349514563107,0.0070118662351672,1.0,0.6116504854368932,0.1578947368421052
T0_AL_SELECTED,242,0.25,DOMAIN_TEMPLATE_OOD,0.01,0.1,0.7513484358144552,0.0167206040992448,0.9690976943631516,0.5388349514563107,0.0070118662351672,1.0,0.6844660194174758,0.3157894736842105
T0_AL_SELECTED,242,0.25,DOMAIN_TEMPLATE_OOD,0.01,0.2,0.7513484358144552,0.0167206040992448,0.9690976943631516,0.5388349514563107,0.0070118662351672,0.9425925925925924,0.8133764832793959,0.5953216374269006
T0_AL_SELECTED,242,0.25,IID_ORIGINAL,0.02,0.05,0.7665406427221172,0.0230807827395885,0.9065602887209476,0.6408317580340265,0.0180632212744606,0.9145299145299144,0.7419659735349716,0.281578947368421
T0_AL_SELECTED,242,0.25,IID_ORIGINAL,0.02,0.1,0.7665406427221172,0.0230807827395885,0.9065602887209476,0.6408317580340265,0.0180632212744606,0.7222222222222222,0.8005671077504726,0.4447368421052631
T0_AL_SELECTED,242,0.25,IID_ORIGINAL,0.02,0.2,0.7665406427221172,0.0230807827395885,0.9065602887209476,0.6408317580340265,0.0180632212744606,0.4786324786324786,0.8525519848771267,0.5894736842105263
T0_AL_SELECTED,242,0.25,IID_BALANCED,0.02,0.05,0.7665406427221172,0.0226843100189035,0.935304300270343,0.6408317580340265,0.0236294896030245,0.9577464788732394,0.7051039697542533,0.1789473684210526
T0_AL_SELECTED,242,0.25,IID_BALANCED,0.02,0.1,0.7665406427221172,0.0226843100189035,0.935304300270343,0.6408317580340265,0.0236294896030245,0.9577464788732394,0.7693761814744802,0.3578947368421052
T0_AL_SELECTED,242,0.25,IID_BALANCED,0.02,0.2,0.7665406427221172,0.0226843100189035,0.935304300270343,0.6408317580340265,0.0236294896030245,0.7102473498233216,0.8308128544423441,0.5289473684210526
T0_AL_SELECTED,242,0.25,TEMPORAL,0.02,0.05,0.866,0.02475,0.9765623932589031,0.7455,0.01275,0.9919678714859438,0.80725,0.2426326129666011
T0_AL_SELECTED,242,0.25,TEMPORAL,0.02,0.1,0.866,0.02475,0.9765623932589031,0.7455,0.01275,0.9537223340040242,0.864,0.4656188605108055
T0_AL_SELECTED,242,0.25,TEMPORAL,0.02,0.2,0.866,0.02475,0.9765623932589031,0.7455,0.01275,0.772635814889336,0.9375,0.7544204322200393
T0_AL_SELECTED,242,0.25,DOMAIN_OOD,0.02,0.05,0.8465526179367548,0.0331778123379989,0.9712449111033868,0.6905132192846034,0.0176257128045619,1.0,0.7553136340072576,0.2093802345058626
T0_AL_SELECTED,242,0.25,DOMAIN_OOD,0.02,0.1,0.8465526179367548,0.0331778123379989,0.9712449111033868,0.6905132192846034,0.0176257128045619,0.972,0.8164852255054432,0.4070351758793969
T0_AL_SELECTED,242,0.25,DOMAIN_OOD,0.02,0.2,0.8465526179367548,0.0331778123379989,0.9712449111033868,0.6905132192846034,0.0176257128045619,0.8336673346693386,0.9061689994815968,0.6968174204355109
T0_AL_SELECTED,242,0.25,TEMPLATE_OOD,0.02,0.05,0.8603629976580797,0.0240046838407494,0.9764938098168529,0.732728337236534,0.0128805620608899,0.9953488372093025,0.7953747072599532,0.2343921139101862
T0_AL_SELECTED,242,0.25,TEMPLATE_OOD,0.02,0.1,0.8603629976580797,0.0240046838407494,0.9764938098168529,0.732728337236534,0.0128805620608899,0.958041958041958,0.8530444964871194,0.4501642935377875
T0_AL_SELECTED,242,0.25,TEMPLATE_OOD,0.02,0.2,0.8603629976580797,0.0240046838407494,0.9764938098168529,0.732728337236534,0.0128805620608899,0.7992998833138857,0.9332552693208432,0.7502738225629791
T0_AL_SELECTED,242,0.25,DOMAIN_TEMPLATE_OOD,0.02,0.05,0.8290183387270766,0.0312837108953613,0.9690976943631516,0.6725997842502697,0.0167206040992448,1.0,0.738403451995685,0.200988467874794
T0_AL_SELECTED,242,0.25,DOMAIN_TEMPLATE_OOD,0.02,0.1,0.8290183387270766,0.0312837108953613,0.9690976943631516,0.6725997842502697,0.0167206040992448,0.97119341563786,0.7998921251348435,0.3887973640856672
T0_AL_SELECTED,242,0.25,DOMAIN_TEMPLATE_OOD,0.02,0.2,0.8290183387270766,0.0312837108953613,0.9690976943631516,0.6725997842502697,0.0167206040992448,0.845679012345679,0.8942826321467098,0.6771004942339374
DAPT_AL_SELECTED,242,0.25,IID_ORIGINAL,0.005,0.05,0.6776937618147448,0.0050175614651279,0.887390609946303,0.4896030245746692,0.0040140491721023,0.984251968503937,0.6077504725897921,0.2314814814814814
DAPT_AL_SELECTED,242,0.25,IID_ORIGINAL,0.005,0.1,0.6776937618147448,0.0050175614651279,0.887390609946303,0.4896030245746692,0.0040140491721023,0.9604743083003952,0.719281663516068,0.45
DAPT_AL_SELECTED,242,0.25,IID_ORIGINAL,0.005,0.2,0.6776937618147448,0.0050175614651279,0.887390609946303,0.4896030245746692,0.0040140491721023,0.6831683168316832,0.8156899810964083,0.6388888888888888
DAPT_AL_SELECTED,242,0.25,IID_BALANCED,0.005,0.05,0.6776937618147448,0.0066162570888468,0.9181687793939356,0.4896030245746692,0.0047258979206049,0.975,0.5633270321361059,0.1444444444444444
DAPT_AL_SELECTED,242,0.25,IID_BALANCED,0.005,0.1,0.6776937618147448,0.0066162570888468,0.9181687793939356,0.4896030245746692,0.0047258979206049,0.98125,0.6379962192816635,0.2907407407407407
DAPT_AL_SELECTED,242,0.25,IID_BALANCED,0.005,0.2,0.6776937618147448,0.0066162570888468,0.9181687793939356,0.4896030245746692,0.0047258979206049,0.9373040752351096,0.7722117202268431,0.5537037037037037
DAPT_AL_SELECTED,242,0.25,TEMPORAL,0.005,0.05,0.807,0.00475,0.9757331159827606,0.55275,0.00275,1.0,0.625,0.1615427613191727
DAPT_AL_SELECTED,242,0.25,TEMPORAL,0.005,0.1,0.807,0.00475,0.9757331159827606,0.55275,0.00275,0.9930795847750864,0.69625,0.3208496366685299
DAPT_AL_SELECTED,242,0.25,TEMPORAL,0.005,0.2,0.807,0.00475,0.9757331159827606,0.55275,0.00275,0.9852941176470588,0.8375,0.6366685299049748
DAPT_AL_SELECTED,242,0.25,DOMAIN_OOD,0.005,0.05,0.7677553136340073,0.0046656298600311,0.9723970857065576,0.4660445826853291,0.0036288232244686,1.0,0.5427682737169518,0.1436893203883495
DAPT_AL_SELECTED,242,0.25,DOMAIN_OOD,0.005,0.1,0.7677553136340073,0.0046656298600311,0.9723970857065576,0.4660445826853291,0.0036288232244686,0.9932432432432432,0.6184551581130119,0.2854368932038835
DAPT_AL_SELECTED,242,0.25,DOMAIN_OOD,0.005,0.2,0.7677553136340073,0.0046656298600311,0.9723970857065576,0.4660445826853291,0.0036288232244686,0.9915397631133672,0.7698289269051322,0.5689320388349515
DAPT_AL_SELECTED,242,0.25,TEMPLATE_OOD,0.005,0.05,0.8059133489461359,0.0040983606557377,0.9752517404740284,0.5327868852459017,0.0032201405152224,1.0,0.6062646370023419,0.1572681704260651
DAPT_AL_SELECTED,242,0.25,TEMPLATE_OOD,0.005,0.1,0.8059133489461359,0.0040983606557377,0.9752517404740284,0.5327868852459017,0.0032201405152224,0.998003992015968,0.6791569086651054,0.3132832080200501
DAPT_AL_SELECTED,242,0.25,TEMPLATE_OOD,0.005,0.2,0.8059133489461359,0.0040983606557377,0.9752517404740284,0.5327868852459017,0.0032201405152224,0.989010989010989,0.822599531615925,0.6203007518796992
DAPT_AL_SELECTED,242,0.25,DOMAIN_TEMPLATE_OOD,0.005,0.05,0.7524271844660194,0.0043149946062567,0.9716469563267708,0.4347357065803667,0.0037756202804746,1.0,0.5129449838187702,0.1383587786259542
DAPT_AL_SELECTED,242,0.25,DOMAIN_TEMPLATE_OOD,0.005,0.1,0.7524271844660194,0.0043149946062567,0.9716469563267708,0.4347357065803667,0.0037756202804746,0.996551724137931,0.5906148867313916,0.2757633587786259
DAPT_AL_SELECTED,242,0.25,DOMAIN_TEMPLATE_OOD,0.005,0.2,0.7524271844660194,0.0043149946062567,0.9716469563267708,0.4347357065803667,0.0037756202804746,0.993091537132988,0.7448759439050702,0.5486641221374046
DAPT_AL_SELECTED,242,0.25,IID_ORIGINAL,0.01,0.05,0.7372400756143668,0.0155544405418966,0.887390609946303,0.5661625708884688,0.0075263421976919,0.9672131147540984,0.6776937618147448,0.2570806100217865
DAPT_AL_SELECTED,242,0.25,IID_ORIGINAL,0.01,0.1,0.7372400756143668,0.0155544405418966,0.887390609946303,0.5661625708884688,0.0075263421976919,0.889344262295082,0.7712665406427222,0.4727668845315904
DAPT_AL_SELECTED,242,0.25,IID_ORIGINAL,0.01,0.2,0.7372400756143668,0.0155544405418966,0.887390609946303,0.5661625708884688,0.0075263421976919,0.5717213114754098,0.8298676748582231,0.6078431372549019
DAPT_AL_SELECTED,242,0.25,IID_BALANCED,0.01,0.05,0.7372400756143668,0.0151228733459357,0.9181687793939356,0.5661625708884688,0.0103969754253308,0.9736842105263158,0.6361058601134215,0.1612200435729847
DAPT_AL_SELECTED,242,0.25,IID_BALANCED,0.01,0.1,0.7372400756143668,0.0151228733459357,0.9181687793939356,0.5661625708884688,0.0103969754253308,0.9735099337748344,0.7051039697542533,0.3202614379084967
DAPT_AL_SELECTED,242,0.25,IID_BALANCED,0.01,0.2,0.7372400756143668,0.0151228733459357,0.9181687793939356,0.5661625708884688,0.0103969754253308,0.847682119205298,0.8081285444234405,0.5577342047930284
DAPT_AL_SELECTED,242,0.25,TEMPORAL,0.01,0.05,0.887,0.01525,0.9757331159827606,0.64525,0.00525,0.9925925925925926,0.71225,0.1888653981677237
DAPT_AL_SELECTED,242,0.25,TEMPORAL,0.01,0.1,0.887,0.01525,0.9757331159827606,0.64525,0.00525,0.987037037037037,0.7785,0.3756166314305849
DAPT_AL_SELECTED,242,0.25,TEMPORAL,0.01,0.2,0.887,0.01525,0.9757331159827606,0.64525,0.00525,0.95,0.90175,0.7230443974630021
DAPT_AL_SELECTED,242,0.25,DOMAIN_OOD,0.01,0.05,0.8698807672369103,0.0176257128045619,0.9723970857065576,0.5660964230171073,0.006739243131156,1.0,0.6376360808709176,0.1648745519713261
DAPT_AL_SELECTED,242,0.25,DOMAIN_OOD,0.01,0.1,0.8698807672369103,0.0176257128045619,0.9723970857065576,0.5660964230171073,0.006739243131156,0.9927536231884058,0.7081389320891653,0.3273596176821983
DAPT_AL_SELECTED,242,0.25,DOMAIN_OOD,0.01,0.2,0.8698807672369103,0.0176257128045619,0.9723970857065576,0.5660964230171073,0.006739243131156,0.9764065335753176,0.844997407983411,0.6427718040621266
DAPT_AL_SELECTED,242,0.25,TEMPLATE_OOD,0.01,0.05,0.8864168618266979,0.0149297423887587,0.9752517404740284,0.627927400468384,0.0058548009367681,1.0,0.6964285714285714,0.1841070023603462
DAPT_AL_SELECTED,242,0.25,TEMPLATE_OOD,0.01,0.1,0.8864168618266979,0.0149297423887587,0.9752517404740284,0.627927400468384,0.0058548009367681,0.9914346895074948,0.7634660421545667,0.3642800944138473
DAPT_AL_SELECTED,242,0.25,TEMPLATE_OOD,0.01,0.2,0.8864168618266979,0.0149297423887587,0.9752517404740284,0.627927400468384,0.0058548009367681,0.9646680942184154,0.8916861826697893,0.7088906372934697
DAPT_AL_SELECTED,242,0.25,DOMAIN_TEMPLATE_OOD,0.01,0.05,0.8635382955771306,0.0161812297734627,0.9716469563267708,0.5388349514563107,0.0070118662351672,1.0,0.6116504854368932,0.1578947368421052
DAPT_AL_SELECTED,242,0.25,DOMAIN_TEMPLATE_OOD,0.01,0.1,0.8635382955771306,0.0161812297734627,0.9716469563267708,0.5388349514563107,0.0070118662351672,1.0,0.6844660194174758,0.3157894736842105
DAPT_AL_SELECTED,242,0.25,DOMAIN_TEMPLATE_OOD,0.01,0.2,0.8635382955771306,0.0161812297734627,0.9716469563267708,0.5388349514563107,0.0070118662351672,0.9851851851851852,0.825782092772384,0.6222222222222222
DAPT_AL_SELECTED,242,0.25,IID_ORIGINAL,0.02,0.05,0.7627599243856332,0.0235825388861013,0.887390609946303,0.6408317580340265,0.0180632212744606,0.9487179487179488,0.7457466918714556,0.2921052631578947
DAPT_AL_SELECTED,242,0.25,IID_ORIGINAL,0.02,0.1,0.7627599243856332,0.0235825388861013,0.887390609946303,0.6408317580340265,0.0180632212744606,0.7393162393162394,0.8043478260869565,0.4552631578947368
DAPT_AL_SELECTED,242,0.25,IID_ORIGINAL,0.02,0.2,0.7627599243856332,0.0235825388861013,0.887390609946303,0.6408317580340265,0.0180632212744606,0.4465811965811966,0.8383742911153119,0.55
DAPT_AL_SELECTED,242,0.25,IID_BALANCED,0.02,0.05,0.7627599243856332,0.0207939508506616,0.9181687793939356,0.6408317580340265,0.0236294896030245,0.971830985915493,0.7060491493383743,0.181578947368421
DAPT_AL_SELECTED,242,0.25,IID_BALANCED,0.02,0.1,0.7627599243856332,0.0207939508506616,0.9181687793939356,0.6408317580340265,0.0236294896030245,0.9507042253521126,0.7684310018903592,0.3552631578947368
DAPT_AL_SELECTED,242,0.25,IID_BALANCED,0.02,0.2,0.7627599243856332,0.0207939508506616,0.9181687793939356,0.6408317580340265,0.0236294896030245,0.7102473498233216,0.8308128544423441,0.5289473684210526
DAPT_AL_SELECTED,242,0.25,TEMPORAL,0.02,0.05,0.90575,0.02275,0.9757331159827606,0.7455,0.01275,0.9839357429718876,0.80675,0.2406679764243615
DAPT_AL_SELECTED,242,0.25,TEMPORAL,0.02,0.1,0.90575,0.02275,0.9757331159827606,0.7455,0.01275,0.9818913480885312,0.8675,0.4793713163064833
DAPT_AL_SELECTED,242,0.25,TEMPORAL,0.02,0.2,0.90575,0.02275,0.9757331159827606,0.7455,0.01275,0.7816901408450704,0.93975,0.7632612966601179
DAPT_AL_SELECTED,242,0.25,DOMAIN_OOD,0.02,0.05,0.8916537065837221,0.029030585795749,0.9723970857065576,0.6905132192846034,0.0176257128045619,1.0,0.7553136340072576,0.2093802345058626
DAPT_AL_SELECTED,242,0.25,DOMAIN_OOD,0.02,0.1,0.8916537065837221,0.029030585795749,0.9723970857065576,0.6905132192846034,0.0176257128045619,0.996,0.8195956454121306,0.4170854271356783
DAPT_AL_SELECTED,242,0.25,DOMAIN_OOD,0.02,0.2,0.8916537065837221,0.029030585795749,0.9723970857065576,0.6905132192846034,0.0176257128045619,0.87374749498998,0.9165370658372214,0.7303182579564489
DAPT_AL_SELECTED,242,0.25,TEMPLATE_OOD,0.02,0.05,0.9039812646370023,0.0225409836065573,0.9752517404740284,0.732728337236534,0.0128805620608899,0.9953488372093025,0.7953747072599532,0.2343921139101862
DAPT_AL_SELECTED,242,0.25,TEMPLATE_OOD,0.02,0.1,0.9039812646370023,0.0225409836065573,0.9752517404740284,0.732728337236534,0.0128805620608899,0.9883449883449884,0.8568501170960188,0.4644030668127054
DAPT_AL_SELECTED,242,0.25,TEMPLATE_OOD,0.02,0.2,0.9039812646370023,0.0225409836065573,0.9752517404740284,0.732728337236534,0.0128805620608899,0.8039673278879813,0.9344262295081968,0.7546549835706462
DAPT_AL_SELECTED,242,0.25,DOMAIN_TEMPLATE_OOD,0.02,0.05,0.8845738942826321,0.0264293419633225,0.9716469563267708,0.6725997842502697,0.0167206040992448,1.0,0.738403451995685,0.200988467874794
DAPT_AL_SELECTED,242,0.25,DOMAIN_TEMPLATE_OOD,0.02,0.1,0.8845738942826321,0.0264293419633225,0.9716469563267708,0.6725997842502697,0.0167206040992448,0.9958847736625516,0.8031283710895362,0.3986820428336079
DAPT_AL_SELECTED,242,0.25,DOMAIN_TEMPLATE_OOD,0.02,0.2,0.8845738942826321,0.0264293419633225,0.9716469563267708,0.6725997842502697,0.0167206040992448,0.897119341563786,0.9077669902912622,0.7182866556836903
T0_AL_SELECTED,252,0.25,IID_ORIGINAL,0.005,0.05,0.6001890359168242,0.0040140491721023,0.8825678386957351,0.552930056710775,0.0040140491721023,0.983739837398374,0.667296786389414,0.2558139534883721
T0_AL_SELECTED,252,0.25,IID_ORIGINAL,0.005,0.1,0.6001890359168242,0.0040140491721023,0.8825678386957351,0.552930056710775,0.0040140491721023,0.9227642276422764,0.7674858223062382,0.4799154334038055
T0_AL_SELECTED,252,0.25,IID_ORIGINAL,0.005,0.2,0.6001890359168242,0.0040140491721023,0.8825678386957351,0.552930056710775,0.0040140491721023,0.5772357723577236,0.8213610586011342,0.6004228329809725
T0_AL_SELECTED,252,0.25,IID_BALANCED,0.005,0.05,0.6001890359168242,0.0056710775047258,0.9140105200087696,0.552930056710775,0.0056710775047258,1.0,0.6257088846880907,0.1627906976744186
T0_AL_SELECTED,252,0.25,IID_BALANCED,0.005,0.1,0.6001890359168242,0.0056710775047258,0.9140105200087696,0.552930056710775,0.0056710775047258,0.9869281045751634,0.6956521739130435,0.3192389006342495
T0_AL_SELECTED,252,0.25,IID_BALANCED,0.005,0.2,0.6001890359168242,0.0056710775047258,0.9140105200087696,0.552930056710775,0.0056710775047258,0.8819672131147541,0.8071833648393195,0.5687103594080338
T0_AL_SELECTED,252,0.25,TEMPORAL,0.005,0.05,0.64075,0.00225,0.9724882911740128,0.74475,0.0035,0.9800796812749004,0.80625,0.2409402546523016
T0_AL_SELECTED,252,0.25,TEMPORAL,0.005,0.1,0.64075,0.00225,0.9724882911740128,0.74475,0.0035,0.9481037924151696,0.8635,0.465230166503428
T0_AL_SELECTED,252,0.25,TEMPORAL,0.005,0.2,0.64075,0.00225,0.9724882911740128,0.74475,0.0035,0.7684630738522954,0.93725,0.7541625857002938
T0_AL_SELECTED,252,0.25,DOMAIN_OOD,0.005,0.05,0.5536547433903577,0.0025920165889061,0.9702962006037826,0.7008812856402281,0.0036288232244686,0.976,0.7641264904095386,0.2114384748700173
T0_AL_SELECTED,252,0.25,DOMAIN_OOD,0.005,0.1,0.5536547433903577,0.0025920165889061,0.9702962006037826,0.7008812856402281,0.0036288232244686,0.944,0.8232244686365993,0.4090121317157712
T0_AL_SELECTED,252,0.25,DOMAIN_OOD,0.005,0.2,0.5536547433903577,0.0025920165889061,0.9702962006037826,0.7008812856402281,0.0036288232244686,0.852,0.9217210990150336,0.7383015597920277
T0_AL_SELECTED,252,0.25,TEMPLATE_OOD,0.005,0.05,0.6334894613583139,0.0023419203747072,0.9723820924191258,0.7344847775175644,0.0040983606557377,0.9861111111111112,0.7968384074941453,0.2348401323042999
T0_AL_SELECTED,252,0.25,TEMPLATE_OOD,0.005,0.1,0.6334894613583139,0.0023419203747072,0.9723820924191258,0.7344847775175644,0.0040983606557377,0.9582366589327146,0.8553864168618267,0.4553472987872106
T0_AL_SELECTED,252,0.25,TEMPLATE_OOD,0.005,0.2,0.6334894613583139,0.0023419203747072,0.9723820924191258,0.7344847775175644,0.0040983606557377,0.7911832946635731,0.9341334894613584,0.7519294377067255
T0_AL_SELECTED,252,0.25,DOMAIN_TEMPLATE_OOD,0.005,0.05,0.5426105717367853,0.0026968716289104,0.9673465313856664,0.6779935275080906,0.0037756202804746,0.983739837398374,0.7432578209277239,0.202680067001675
T0_AL_SELECTED,252,0.25,DOMAIN_TEMPLATE_OOD,0.005,0.1,0.5426105717367853,0.0026968716289104,0.9673465313856664,0.6779935275080906,0.0037756202804746,0.9510204081632652,0.8036677454153183,0.3902847571189279
T0_AL_SELECTED,252,0.25,DOMAIN_TEMPLATE_OOD,0.005,0.2,0.5426105717367853,0.0026968716289104,0.9673465313856664,0.6779935275080906,0.0037756202804746,0.8834355828220859,0.9110032362459548,0.7236180904522613
T0_AL_SELECTED,252,0.25,IID_ORIGINAL,0.01,0.05,0.6918714555765595,0.0080280983442047,0.8825678386957351,0.6389413988657845,0.0090316106372303,0.9661016949152542,0.7466918714555766,0.2984293193717277
T0_AL_SELECTED,252,0.25,IID_ORIGINAL,0.01,0.1,0.6918714555765595,0.0080280983442047,0.8825678386957351,0.6389413988657845,0.0090316106372303,0.75,0.8062381852551985,0.4633507853403141
T0_AL_SELECTED,252,0.25,IID_ORIGINAL,0.01,0.2,0.6918714555765595,0.0080280983442047,0.8825678386957351,0.6389413988657845,0.0090316106372303,0.4258474576271186,0.8289224952741021,0.5261780104712042
T0_AL_SELECTED,252,0.25,IID_BALANCED,0.01,0.05,0.6918714555765595,0.0085066162570888,0.9140105200087696,0.6389413988657845,0.0103969754253308,0.9861111111111112,0.7060491493383743,0.1858638743455497
T0_AL_SELECTED,252,0.25,IID_BALANCED,0.01,0.1,0.6918714555765595,0.0085066162570888,0.9140105200087696,0.6389413988657845,0.0103969754253308,0.9790209790209792,0.7712665406427222,0.3664921465968586
T0_AL_SELECTED,252,0.25,IID_BALANCED,0.01,0.2,0.6918714555765595,0.0085066162570888,0.9140105200087696,0.6389413988657845,0.0103969754253308,0.6783216783216783,0.8223062381852552,0.5078534031413613
T0_AL_SELECTED,252,0.25,TEMPORAL,0.01,0.05,0.755,0.0065,0.9724882911740128,0.8155,0.0085,0.9364406779661016,0.87075,0.2994579945799458
T0_AL_SELECTED,252,0.25,TEMPORAL,0.01,0.1,0.755,0.0065,0.9724882911740128,0.8155,0.0085,0.8789808917197452,0.919,0.5609756097560976
T0_AL_SELECTED,252,0.25,TEMPORAL,0.01,0.2,0.755,0.0065,0.9724882911740128,0.8155,0.0085,0.565356004250797,0.9485,0.7208672086720868
T0_AL_SELECTED,252,0.25,DOMAIN_OOD,0.01,0.05,0.7122861586314152,0.0077760497667185,0.9702962006037826,0.776049766718507,0.0114048729911871,0.9572649572649572,0.8341109383100052,0.2592592592592592
T0_AL_SELECTED,252,0.25,DOMAIN_OOD,0.01,0.1,0.7122861586314152,0.0077760497667185,0.9702962006037826,0.776049766718507,0.0114048729911871,0.9102564102564102,0.8864696734059098,0.4930555555555556
T0_AL_SELECTED,252,0.25,DOMAIN_OOD,0.01,0.2,0.7122861586314152,0.0077760497667185,0.9702962006037826,0.776049766718507,0.0114048729911871,0.6794871794871795,0.9409020217729394,0.7361111111111112
T0_AL_SELECTED,252,0.25,TEMPLATE_OOD,0.01,0.05,0.7485362997658079,0.0058548009367681,0.9723820924191258,0.8062060889929742,0.0081967213114754,0.9507389162561576,0.8627049180327869,0.2915407854984894
T0_AL_SELECTED,252,0.25,TEMPLATE_OOD,0.01,0.1,0.7485362997658079,0.0058548009367681,0.9723820924191258,0.8062060889929742,0.0081967213114754,0.891358024691358,0.9118852459016392,0.5453172205438066
T0_AL_SELECTED,252,0.25,TEMPLATE_OOD,0.01,0.2,0.7485362997658079,0.0058548009367681,0.9723820924191258,0.8062060889929742,0.0081967213114754,0.5888888888888889,0.9458430913348946,0.7205438066465257
T0_AL_SELECTED,252,0.25,DOMAIN_TEMPLATE_OOD,0.01,0.05,0.6877022653721683,0.0075512405609492,0.9673465313856664,0.7653721682847896,0.0097087378640776,0.9649122807017544,0.8247033441208198,0.2528735632183908
T0_AL_SELECTED,252,0.25,DOMAIN_TEMPLATE_OOD,0.01,0.1,0.6877022653721683,0.0075512405609492,0.9673465313856664,0.7653721682847896,0.0097087378640776,0.9035087719298246,0.8764832793959008,0.4735632183908046
T0_AL_SELECTED,252,0.25,DOMAIN_TEMPLATE_OOD,0.01,0.2,0.6877022653721683,0.0075512405609492,0.9673465313856664,0.7653721682847896,0.0097087378640776,0.6857142857142857,0.9336569579288024,0.7172413793103448
T0_AL_SELECTED,252,0.25,IID_ORIGINAL,0.02,0.05,0.7835538752362949,0.0240842950326141,0.8825678386957351,0.6890359168241966,0.0195684897139989,0.8869565217391304,0.7854442344045368,0.3100303951367781
T0_AL_SELECTED,252,0.25,IID_ORIGINAL,0.02,0.1,0.7835538752362949,0.0240842950326141,0.8825678386957351,0.6890359168241966,0.0195684897139989,0.6026200873362445,0.8194706994328923,0.4194528875379939
T0_AL_SELECTED,252,0.25,IID_ORIGINAL,0.02,0.2,0.7835538752362949,0.0240842950326141,0.8825678386957351,0.6890359168241966,0.0195684897139989,0.3304157549234136,0.831758034026465,0.458966565349544
T0_AL_SELECTED,252,0.25,IID_BALANCED,0.02,0.05,0.7835538752362949,0.0245746691871455,0.9140105200087696,0.6890359168241966,0.0207939508506616,0.9855072463768116,0.7533081285444234,0.2066869300911854
T0_AL_SELECTED,252,0.25,IID_BALANCED,0.02,0.1,0.7835538752362949,0.0245746691871455,0.9140105200087696,0.6890359168241966,0.0207939508506616,0.8905109489051095,0.8043478260869565,0.3708206686930091
T0_AL_SELECTED,252,0.25,IID_BALANCED,0.02,0.2,0.7835538752362949,0.0245746691871455,0.9140105200087696,0.6890359168241966,0.0207939508506616,0.5531135531135531,0.831758034026465,0.458966565349544
T0_AL_SELECTED,252,0.25,TEMPORAL,0.02,0.05,0.906,0.0225,0.9724882911740128,0.8585,0.01675,0.8933333333333333,0.90875,0.3551236749116608
T0_AL_SELECTED,252,0.25,TEMPORAL,0.02,0.1,0.906,0.0225,0.9724882911740128,0.8585,0.01675,0.7066666666666667,0.938,0.5618374558303887
T0_AL_SELECTED,252,0.25,TEMPORAL,0.02,0.2,0.906,0.0225,0.9724882911740128,0.8585,0.01675,0.4133333333333333,0.9515,0.657243816254417
T0_AL_SELECTED,252,0.25,DOMAIN_OOD,0.02,0.05,0.8952825298081908,0.029030585795749,0.9702962006037826,0.8356661482633488,0.0243649559357179,0.9181818181818182,0.8880248833592534,0.3186119873817035
T0_AL_SELECTED,252,0.25,DOMAIN_OOD,0.02,0.1,0.8952825298081908,0.029030585795749,0.9702962006037826,0.8356661482633488,0.0243649559357179,0.8181818181818182,0.928978745463971,0.5678233438485805
T0_AL_SELECTED,252,0.25,DOMAIN_OOD,0.02,0.2,0.8952825298081908,0.029030585795749,0.9702962006037826,0.8356661482633488,0.0243649559357179,0.4931818181818181,0.9481596682218766,0.6845425867507886
T0_AL_SELECTED,252,0.25,TEMPLATE_OOD,0.02,0.05,0.9028103044496488,0.0213700234192037,0.9723820924191258,0.8542154566744731,0.0166861826697892,0.9015544041450776,0.905152224824356,0.3493975903614458
T0_AL_SELECTED,252,0.25,TEMPLATE_OOD,0.02,0.1,0.9028103044496488,0.0213700234192037,0.9723820924191258,0.8542154566744731,0.0166861826697892,0.7227979274611399,0.9358899297423888,0.5602409638554217
T0_AL_SELECTED,252,0.25,TEMPLATE_OOD,0.02,0.2,0.9028103044496488,0.0213700234192037,0.9723820924191258,0.8542154566744731,0.0166861826697892,0.4235751295336787,0.9499414519906324,0.6566265060240963
T0_AL_SELECTED,252,0.25,DOMAIN_TEMPLATE_OOD,0.02,0.05,0.8872707659115426,0.0269687162891046,0.9673465313856664,0.8295577130528586,0.0226537216828478,0.9158878504672896,0.8824163969795038,0.310126582278481
T0_AL_SELECTED,252,0.25,DOMAIN_TEMPLATE_OOD,0.02,0.1,0.8872707659115426,0.0269687162891046,0.9673465313856664,0.8295577130528586,0.0226537216828478,0.8028169014084507,0.9217907227615966,0.5411392405063291
T0_AL_SELECTED,252,0.25,DOMAIN_TEMPLATE_OOD,0.02,0.2,0.8872707659115426,0.0269687162891046,0.9673465313856664,0.8295577130528586,0.0226537216828478,0.488262910798122,0.941747572815534,0.6582278481012658
DAPT_AL_SELECTED,252,0.25,IID_ORIGINAL,0.005,0.05,0.6521739130434783,0.0030105368790767,0.8861846542315226,0.552930056710775,0.0040140491721023,0.991869918699187,0.668241965973535,0.2579281183932346
DAPT_AL_SELECTED,252,0.25,IID_ORIGINAL,0.005,0.1,0.6521739130434783,0.0030105368790767,0.8861846542315226,0.552930056710775,0.0040140491721023,0.9308943089430894,0.7693761814744802,0.4841437632135306
DAPT_AL_SELECTED,252,0.25,IID_ORIGINAL,0.005,0.2,0.6521739130434783,0.0030105368790767,0.8861846542315226,0.552930056710775,0.0040140491721023,0.5772357723577236,0.8213610586011342,0.6004228329809725
DAPT_AL_SELECTED,252,0.25,IID_BALANCED,0.005,0.05,0.6521739130434783,0.0047258979206049,0.917571871430648,0.552930056710775,0.0056710775047258,1.0,0.6257088846880907,0.1627906976744186
DAPT_AL_SELECTED,252,0.25,IID_BALANCED,0.005,0.1,0.6521739130434783,0.0047258979206049,0.917571871430648,0.552930056710775,0.0056710775047258,0.9803921568627452,0.6947069943289225,0.3171247357293869
DAPT_AL_SELECTED,252,0.25,IID_BALANCED,0.005,0.2,0.6521739130434783,0.0047258979206049,0.917571871430648,0.552930056710775,0.0056710775047258,0.8721311475409836,0.8043478260869565,0.5623678646934461
DAPT_AL_SELECTED,252,0.25,TEMPORAL,0.005,0.05,0.71925,0.00275,0.974364412142577,0.74475,0.0035,0.9880478087649402,0.80675,0.2428991185112634
DAPT_AL_SELECTED,252,0.25,TEMPORAL,0.005,0.1,0.71925,0.00275,0.974364412142577,0.74475,0.0035,0.9520958083832336,0.864,0.4671890303623898
DAPT_AL_SELECTED,252,0.25,TEMPORAL,0.005,0.2,0.71925,0.00275,0.974364412142577,0.74475,0.0035,0.7724550898203593,0.93825,0.7580803134182175
DAPT_AL_SELECTED,252,0.25,DOMAIN_OOD,0.005,0.05,0.6583722135821669,0.0025920165889061,0.970206471342254,0.7008812856402281,0.0036288232244686,0.984,0.7646448937273198,0.2131715771230502
DAPT_AL_SELECTED,252,0.25,DOMAIN_OOD,0.005,0.1,0.6583722135821669,0.0025920165889061,0.970206471342254,0.7008812856402281,0.0036288232244686,0.952,0.8242612752721618,0.4124783362218371
DAPT_AL_SELECTED,252,0.25,DOMAIN_OOD,0.005,0.2,0.6583722135821669,0.0025920165889061,0.970206471342254,0.7008812856402281,0.0036288232244686,0.856,0.922757905650596,0.7417677642980935
DAPT_AL_SELECTED,252,0.25,TEMPLATE_OOD,0.005,0.05,0.710480093676815,0.0023419203747072,0.97326328045192,0.7344847775175644,0.0040983606557377,0.9907407407407408,0.7971311475409836,0.2359426681367144
DAPT_AL_SELECTED,252,0.25,TEMPLATE_OOD,0.005,0.1,0.710480093676815,0.0023419203747072,0.97326328045192,0.7344847775175644,0.0040983606557377,0.962877030162413,0.8559718969555035,0.4575523704520396
DAPT_AL_SELECTED,252,0.25,TEMPLATE_OOD,0.005,0.2,0.710480093676815,0.0023419203747072,0.97326328045192,0.7344847775175644,0.0040983606557377,0.7877030162412993,0.9332552693208432,0.7486218302094818
DAPT_AL_SELECTED,252,0.25,DOMAIN_TEMPLATE_OOD,0.005,0.05,0.6283710895361381,0.0026968716289104,0.9678145296183917,0.6779935275080906,0.0037756202804746,0.983739837398374,0.7432578209277239,0.202680067001675
DAPT_AL_SELECTED,252,0.25,DOMAIN_TEMPLATE_OOD,0.005,0.1,0.6283710895361381,0.0026968716289104,0.9678145296183917,0.6779935275080906,0.0037756202804746,0.9551020408163264,0.8042071197411004,0.3919597989949748
DAPT_AL_SELECTED,252,0.25,DOMAIN_TEMPLATE_OOD,0.005,0.2,0.6283710895361381,0.0026968716289104,0.9678145296183917,0.6779935275080906,0.0037756202804746,0.8732106339468303,0.9083063646170444,0.7152428810720268
DAPT_AL_SELECTED,252,0.25,IID_ORIGINAL,0.01,0.05,0.7372400756143668,0.0105368790767686,0.8861846542315226,0.6389413988657845,0.0090316106372303,0.9745762711864406,0.7476370510396976,0.3010471204188482
DAPT_AL_SELECTED,252,0.25,IID_ORIGINAL,0.01,0.1,0.7372400756143668,0.0105368790767686,0.8861846542315226,0.6389413988657845,0.0090316106372303,0.75,0.8062381852551985,0.4633507853403141
DAPT_AL_SELECTED,252,0.25,IID_ORIGINAL,0.01,0.2,0.7372400756143668,0.0105368790767686,0.8861846542315226,0.6389413988657845,0.0090316106372303,0.423728813559322,0.8279773156899811,0.5235602094240838
DAPT_AL_SELECTED,252,0.25,IID_BALANCED,0.01,0.05,0.7372400756143668,0.0122873345935727,0.917571871430648,0.6389413988657845,0.0103969754253308,0.9861111111111112,0.7060491493383743,0.1858638743455497
DAPT_AL_SELECTED,252,0.25,IID_BALANCED,0.01,0.1,0.7372400756143668,0.0122873345935727,0.917571871430648,0.6389413988657845,0.0103969754253308,0.965034965034965,0.7693761814744802,0.3612565445026178
DAPT_AL_SELECTED,252,0.25,IID_BALANCED,0.01,0.2,0.7372400756143668,0.0122873345935727,0.917571871430648,0.6389413988657845,0.0103969754253308,0.6748251748251748,0.8213610586011342,0.5052356020942408
DAPT_AL_SELECTED,252,0.25,TEMPORAL,0.01,0.05,0.854,0.01075,0.974364412142577,0.8155,0.0085,0.9745762711864406,0.873,0.3116531165311653
DAPT_AL_SELECTED,252,0.25,TEMPORAL,0.01,0.1,0.854,0.01075,0.974364412142577,0.8155,0.0085,0.8853503184713376,0.91975,0.5650406504065041
DAPT_AL_SELECTED,252,0.25,TEMPORAL,0.01,0.2,0.854,0.01075,0.974364412142577,0.8155,0.0085,0.5674814027630181,0.949,0.7235772357723578
DAPT_AL_SELECTED,252,0.25,DOMAIN_OOD,0.01,0.05,0.8294453084499741,0.0124416796267496,0.970206471342254,0.776049766718507,0.0114048729911871,0.9914529914529916,0.8361845515811301,0.2685185185185185
DAPT_AL_SELECTED,252,0.25,DOMAIN_OOD,0.01,0.1,0.8294453084499741,0.0124416796267496,0.970206471342254,0.776049766718507,0.0114048729911871,0.9273504273504274,0.8885432866770347,0.5023148148148148
DAPT_AL_SELECTED,252,0.25,DOMAIN_OOD,0.01,0.2,0.8294453084499741,0.0124416796267496,0.970206471342254,0.776049766718507,0.0114048729911871,0.6773504273504274,0.9403836184551582,0.7337962962962963
DAPT_AL_SELECTED,252,0.25,TEMPLATE_OOD,0.01,0.05,0.8486533957845434,0.0105386416861826,0.97326328045192,0.8062060889929742,0.0081967213114754,0.9802955665024632,0.8644613583138173,0.3006042296072507
DAPT_AL_SELECTED,252,0.25,TEMPLATE_OOD,0.01,0.1,0.8486533957845434,0.0105386416861826,0.97326328045192,0.8062060889929742,0.0081967213114754,0.8987654320987655,0.9127634660421544,0.5498489425981873
DAPT_AL_SELECTED,252,0.25,TEMPLATE_OOD,0.01,0.2,0.8486533957845434,0.0105386416861826,0.97326328045192,0.8062060889929742,0.0081967213114754,0.5901234567901235,0.9461358313817332,0.7220543806646526
DAPT_AL_SELECTED,252,0.25,DOMAIN_TEMPLATE_OOD,0.01,0.05,0.8096008629989212,0.011866235167206,0.9678145296183917,0.7653721682847896,0.0097087378640776,0.9912280701754386,0.8263214670981661,0.2597701149425287
DAPT_AL_SELECTED,252,0.25,DOMAIN_TEMPLATE_OOD,0.01,0.1,0.8096008629989212,0.011866235167206,0.9678145296183917,0.7653721682847896,0.0097087378640776,0.912280701754386,0.877562028047465,0.4781609195402299
DAPT_AL_SELECTED,252,0.25,DOMAIN_TEMPLATE_OOD,0.01,0.2,0.8096008629989212,0.011866235167206,0.9678145296183917,0.7653721682847896,0.0097087378640776,0.6835164835164835,0.9331175836030206,0.7149425287356321
DAPT_AL_SELECTED,252,0.25,IID_ORIGINAL,0.02,0.05,0.7608695652173914,0.0180632212744606,0.8861846542315226,0.6890359168241966,0.0195684897139989,0.8956521739130435,0.7863894139886578,0.3130699088145897
DAPT_AL_SELECTED,252,0.25,IID_ORIGINAL,0.02,0.1,0.7608695652173914,0.0180632212744606,0.8861846542315226,0.6890359168241966,0.0195684897139989,0.6026200873362445,0.8194706994328923,0.4194528875379939
DAPT_AL_SELECTED,252,0.25,IID_ORIGINAL,0.02,0.2,0.7608695652173914,0.0180632212744606,0.8861846542315226,0.6890359168241966,0.0195684897139989,0.3304157549234136,0.831758034026465,0.458966565349544
DAPT_AL_SELECTED,252,0.25,IID_BALANCED,0.02,0.05,0.7608695652173914,0.0170132325141776,0.917571871430648,0.6890359168241966,0.0207939508506616,0.9710144927536232,0.7523629489603024,0.2036474164133738
DAPT_AL_SELECTED,252,0.25,IID_BALANCED,0.02,0.1,0.7608695652173914,0.0170132325141776,0.917571871430648,0.6890359168241966,0.0207939508506616,0.8759124087591241,0.8024574669187146,0.364741641337386
DAPT_AL_SELECTED,252,0.25,IID_BALANCED,0.02,0.2,0.7608695652173914,0.0170132325141776,0.917571871430648,0.6890359168241966,0.0207939508506616,0.5531135531135531,0.831758034026465,0.458966565349544
DAPT_AL_SELECTED,252,0.25,TEMPORAL,0.02,0.05,0.892,0.018,0.974364412142577,0.8585,0.01675,0.9333333333333332,0.911,0.3710247349823322
DAPT_AL_SELECTED,252,0.25,TEMPORAL,0.02,0.1,0.892,0.018,0.974364412142577,0.8585,0.01675,0.72,0.9395,0.5724381625441696
DAPT_AL_SELECTED,252,0.25,TEMPORAL,0.02,0.2,0.892,0.018,0.974364412142577,0.8585,0.01675,0.4177777777777778,0.9525,0.6643109540636042
DAPT_AL_SELECTED,252,0.25,DOMAIN_OOD,0.02,0.05,0.87817522032141,0.0233281493001555,0.970206471342254,0.8356661482633488,0.0243649559357179,0.9454545454545454,0.8895800933125972,0.3280757097791798
DAPT_AL_SELECTED,252,0.25,DOMAIN_OOD,0.02,0.1,0.87817522032141,0.0233281493001555,0.970206471342254,0.8356661482633488,0.0243649559357179,0.8454545454545455,0.9320891653706584,0.5867507886435331
DAPT_AL_SELECTED,252,0.25,DOMAIN_OOD,0.02,0.2,0.87817522032141,0.0233281493001555,0.970206471342254,0.8356661482633488,0.0243649559357179,0.5068181818181818,0.951270088128564,0.7034700315457413
DAPT_AL_SELECTED,252,0.25,TEMPLATE_OOD,0.02,0.05,0.8890515222482436,0.0181498829039812,0.97326328045192,0.8542154566744731,0.0166861826697892,0.9430051813471504,0.9074941451990632,0.3654618473895582
DAPT_AL_SELECTED,252,0.25,TEMPLATE_OOD,0.02,0.1,0.8890515222482436,0.0181498829039812,0.97326328045192,0.8542154566744731,0.0166861826697892,0.7357512953367875,0.9373536299765808,0.570281124497992
DAPT_AL_SELECTED,252,0.25,TEMPLATE_OOD,0.02,0.2,0.8890515222482436,0.0181498829039812,0.97326328045192,0.8542154566744731,0.0166861826697892,0.4274611398963731,0.9508196721311476,0.6626506024096386
DAPT_AL_SELECTED,252,0.25,DOMAIN_TEMPLATE_OOD,0.02,0.05,0.8646170442286947,0.0226537216828478,0.9678145296183917,0.8295577130528586,0.0226537216828478,0.9439252336448598,0.88403451995685,0.3196202531645569
DAPT_AL_SELECTED,252,0.25,DOMAIN_TEMPLATE_OOD,0.02,0.1,0.8646170442286947,0.0226537216828478,0.9678145296183917,0.8295577130528586,0.0226537216828478,0.8262910798122066,0.924487594390507,0.5569620253164557
DAPT_AL_SELECTED,252,0.25,DOMAIN_TEMPLATE_OOD,0.02,0.2,0.8646170442286947,0.0226537216828478,0.9678145296183917,0.8295577130528586,0.0226537216828478,0.4976525821596244,0.9439050701186624,0.6708860759493671
T0_AL_SELECTED,262,0.25,IID_ORIGINAL,0.005,0.05,0.5226843100189036,0.0100351229302558,0.8902932165623925,0.5311909262759924,0.0045158053186151,0.9274193548387096,0.6398865784499055,0.2318548387096774
T0_AL_SELECTED,262,0.25,IID_ORIGINAL,0.005,0.1,0.5226843100189036,0.0100351229302558,0.8902932165623925,0.5311909262759924,0.0045158053186151,0.8911290322580645,0.7400756143667296,0.4455645161290322
T0_AL_SELECTED,262,0.25,IID_ORIGINAL,0.005,0.2,0.5226843100189036,0.0100351229302558,0.8902932165623925,0.5311909262759924,0.0045158053186151,0.6209677419354839,0.8223062381852552,0.6209677419354839
T0_AL_SELECTED,262,0.25,IID_BALANCED,0.005,0.05,0.5226843100189036,0.0122873345935727,0.9225274185709788,0.5311909262759924,0.0056710775047258,0.9743589743589745,0.6030245746691871,0.1532258064516129
T0_AL_SELECTED,262,0.25,IID_BALANCED,0.005,0.1,0.5226843100189036,0.0122873345935727,0.9225274185709788,0.5311909262759924,0.0056710775047258,0.9290322580645162,0.667296786389414,0.2903225806451613
T0_AL_SELECTED,262,0.25,IID_BALANCED,0.005,0.2,0.5226843100189036,0.0122873345935727,0.9225274185709788,0.5311909262759924,0.0056710775047258,0.8774193548387097,0.7882797731568998,0.5483870967741935
T0_AL_SELECTED,262,0.25,TEMPORAL,0.005,0.05,0.53725,0.006,0.969612565761702,0.66075,0.00175,0.917910447761194,0.72225,0.1812822402358143
T0_AL_SELECTED,262,0.25,TEMPORAL,0.005,0.1,0.53725,0.006,0.969612565761702,0.66075,0.00175,0.9327102803738316,0.7855,0.367722918201916
T0_AL_SELECTED,262,0.25,TEMPORAL,0.005,0.2,0.53725,0.006,0.969612565761702,0.66075,0.00175,0.8813084112149533,0.8965,0.6949152542372882
T0_AL_SELECTED,262,0.25,DOMAIN_OOD,0.005,0.05,0.4484188698807672,0.0010368066355624,0.9715385310790212,0.5790565059616382,0.0015552099533437,0.9854014598540146,0.6490409538621047,0.1662561576354679
T0_AL_SELECTED,262,0.25,DOMAIN_OOD,0.005,0.1,0.4484188698807672,0.0010368066355624,0.9715385310790212,0.5790565059616382,0.0015552099533437,0.978102189781022,0.7179885951270089,0.3300492610837438
T0_AL_SELECTED,262,0.25,DOMAIN_OOD,0.005,0.2,0.4484188698807672,0.0010368066355624,0.9715385310790212,0.5790565059616382,0.0015552099533437,0.9434306569343066,0.847071021254536,0.6366995073891626
T0_AL_SELECTED,262,0.25,TEMPLATE_OOD,0.005,0.05,0.5304449648711944,0.0035128805620608,0.9709001334299938,0.6451990632318502,0.0020491803278688,0.9525862068965516,0.7098946135831382,0.1823432343234323
T0_AL_SELECTED,262,0.25,TEMPLATE_OOD,0.005,0.1,0.5304449648711944,0.0035128805620608,0.9709001334299938,0.6451990632318502,0.0020491803278688,0.9503239740820736,0.7740046838407494,0.363036303630363
T0_AL_SELECTED,262,0.25,TEMPLATE_OOD,0.005,0.2,0.5304449648711944,0.0035128805620608,0.9709001334299938,0.6451990632318502,0.0020491803278688,0.8951351351351351,0.8875878220140515,0.6831683168316832
T0_AL_SELECTED,262,0.25,DOMAIN_TEMPLATE_OOD,0.005,0.05,0.4358144552319309,0.000539374325782,0.969587867520196,0.5533980582524272,0.0016181229773462,0.9925373134328358,0.6251348435814456,0.1606280193236715
T0_AL_SELECTED,262,0.25,DOMAIN_TEMPLATE_OOD,0.005,0.1,0.4358144552319309,0.000539374325782,0.969587867520196,0.5533980582524272,0.0016181229773462,0.9850746268656716,0.6957928802588996,0.3188405797101449
T0_AL_SELECTED,262,0.25,DOMAIN_TEMPLATE_OOD,0.005,0.2,0.4358144552319309,0.000539374325782,0.969587867520196,0.5533980582524272,0.0016181229773462,0.9496268656716418,0.8279395900755124,0.6147342995169082
T0_AL_SELECTED,262,0.25,IID_ORIGINAL,0.01,0.05,0.6398865784499055,0.0130456598093326,0.8902932165623925,0.5945179584120983,0.0080280983442047,0.859504132231405,0.6928166351606805,0.2424242424242424
T0_AL_SELECTED,262,0.25,IID_ORIGINAL,0.01,0.1,0.6398865784499055,0.0130456598093326,0.8902932165623925,0.5945179584120983,0.0080280983442047,0.7966804979253111,0.775992438563327,0.4475524475524475
T0_AL_SELECTED,262,0.25,IID_ORIGINAL,0.01,0.2,0.6398865784499055,0.0130456598093326,0.8902932165623925,0.5945179584120983,0.0080280983442047,0.5103734439834025,0.8270321361058601,0.5734265734265734
T0_AL_SELECTED,262,0.25,IID_BALANCED,0.01,0.05,0.6398865784499055,0.0170132325141776,0.9225274185709788,0.5945179584120983,0.0103969754253308,0.918918918918919,0.6587901701323251,0.1585081585081585
T0_AL_SELECTED,262,0.25,IID_BALANCED,0.01,0.1,0.6398865784499055,0.0170132325141776,0.9225274185709788,0.5945179584120983,0.0103969754253308,0.9324324324324323,0.724952741020794,0.3216783216783216
T0_AL_SELECTED,262,0.25,IID_BALANCED,0.01,0.2,0.6398865784499055,0.0170132325141776,0.9225274185709788,0.5945179584120983,0.0103969754253308,0.777027027027027,0.8119092627599244,0.5361305361305362
T0_AL_SELECTED,262,0.25,TEMPORAL,0.01,0.05,0.6965,0.01075,0.969612565761702,0.74625,0.005,0.916,0.8035,0.225615763546798
T0_AL_SELECTED,262,0.25,TEMPORAL,0.01,0.1,0.6965,0.01075,0.969612565761702,0.74625,0.005,0.91,0.86,0.4482758620689655
T0_AL_SELECTED,262,0.25,TEMPORAL,0.01,0.2,0.6965,0.01075,0.969612565761702,0.74625,0.005,0.7547547547547547,0.93475,0.7428571428571429
T0_AL_SELECTED,262,0.25,DOMAIN_OOD,0.01,0.05,0.6272680145152929,0.0046656298600311,0.9715385310790212,0.6801451529289787,0.0051840331778123,0.9921259842519684,0.7454639709694142,0.2042139384116693
T0_AL_SELECTED,262,0.25,DOMAIN_OOD,0.01,0.1,0.6272680145152929,0.0046656298600311,0.9715385310790212,0.6801451529289787,0.0051840331778123,0.9763779527559056,0.8087091757387247,0.4019448946515397
T0_AL_SELECTED,262,0.25,DOMAIN_OOD,0.01,0.2,0.6272680145152929,0.0046656298600311,0.9715385310790212,0.6801451529289787,0.0051840331778123,0.8759842519685039,0.9108346293416276,0.7212317666126418
T0_AL_SELECTED,262,0.25,TEMPLATE_OOD,0.01,0.05,0.6809133489461359,0.0081967213114754,0.9709001334299938,0.734192037470726,0.0049765807962529,0.9583333333333334,0.7947892271662763,0.2279735682819383
T0_AL_SELECTED,262,0.25,TEMPLATE_OOD,0.01,0.1,0.6809133489461359,0.0081967213114754,0.9709001334299938,0.734192037470726,0.0049765807962529,0.9303944315545244,0.8515807962529274,0.4416299559471365
T0_AL_SELECTED,262,0.25,TEMPLATE_OOD,0.01,0.2,0.6809133489461359,0.0081967213114754,0.9709001334299938,0.734192037470726,0.0049765807962529,0.7807424593967517,0.9312060889929742,0.7411894273127754
T0_AL_SELECTED,262,0.25,DOMAIN_TEMPLATE_OOD,0.01,0.05,0.5954692556634305,0.0037756202804746,0.969587867520196,0.662891046386192,0.0048543689320388,1.0,0.7297734627831716,0.1984
T0_AL_SELECTED,262,0.25,DOMAIN_TEMPLATE_OOD,0.01,0.1,0.5954692556634305,0.0037756202804746,0.969587867520196,0.662891046386192,0.0048543689320388,0.979757085020243,0.7934196332254585,0.3872
T0_AL_SELECTED,262,0.25,DOMAIN_TEMPLATE_OOD,0.01,0.2,0.5954692556634305,0.0037756202804746,0.969587867520196,0.662891046386192,0.0048543689320388,0.8825910931174089,0.8980582524271845,0.6976
T0_AL_SELECTED,262,0.25,IID_ORIGINAL,0.02,0.05,0.7580340264650284,0.029101856497742,0.8902932165623925,0.6465028355387523,0.0135474159558454,0.8632478632478633,0.7419659735349716,0.2700534759358289
T0_AL_SELECTED,262,0.25,IID_ORIGINAL,0.02,0.1,0.7580340264650284,0.029101856497742,0.8902932165623925,0.6465028355387523,0.0135474159558454,0.6923076923076923,0.7996219281663516,0.4331550802139037
T0_AL_SELECTED,262,0.25,IID_ORIGINAL,0.02,0.2,0.7580340264650284,0.029101856497742,0.8902932165623925,0.6465028355387523,0.0135474159558454,0.4465811965811966,0.8440453686200378,0.5588235294117647
T0_AL_SELECTED,262,0.25,IID_BALANCED,0.02,0.05,0.7580340264650284,0.0321361058601134,0.9225274185709788,0.6465028355387523,0.0170132325141776,0.8873239436619719,0.7060491493383743,0.1684491978609625
T0_AL_SELECTED,262,0.25,IID_BALANCED,0.02,0.1,0.7580340264650284,0.0321361058601134,0.9225274185709788,0.6465028355387523,0.0170132325141776,0.9014084507042254,0.7674858223062382,0.3422459893048128
T0_AL_SELECTED,262,0.25,IID_BALANCED,0.02,0.2,0.7580340264650284,0.0321361058601134,0.9225274185709788,0.6465028355387523,0.0170132325141776,0.6643109540636042,0.8241965973534972,0.5026737967914439
T0_AL_SELECTED,262,0.25,TEMPORAL,0.02,0.05,0.8415,0.02875,0.969612565761702,0.803,0.01225,0.8734177215189873,0.85475,0.2626903553299492
T0_AL_SELECTED,262,0.25,TEMPORAL,0.02,0.1,0.8415,0.02875,0.969612565761702,0.803,0.01225,0.8481012658227848,0.9035,0.5101522842639594
T0_AL_SELECTED,262,0.25,TEMPORAL,0.02,0.2,0.8415,0.02875,0.969612565761702,0.803,0.01225,0.6160337552742616,0.949,0.7411167512690355
T0_AL_SELECTED,262,0.25,DOMAIN_OOD,0.02,0.05,0.8190772420943494,0.0269569725246241,0.9715385310790212,0.7547952306894764,0.0176257128045619,0.9831932773109244,0.8154484188698807,0.2473572938689217
T0_AL_SELECTED,262,0.25,DOMAIN_OOD,0.02,0.1,0.8190772420943494,0.0269569725246241,0.9715385310790212,0.7547952306894764,0.0176257128045619,0.9367088607594936,0.8698807672369103,0.4693446088794926
T0_AL_SELECTED,262,0.25,DOMAIN_OOD,0.02,0.2,0.8190772420943494,0.0269569725246241,0.9715385310790212,0.7547952306894764,0.0176257128045619,0.7468354430379747,0.9383100051840332,0.7484143763213531
T0_AL_SELECTED,262,0.25,TEMPLATE_OOD,0.02,0.05,0.8319672131147541,0.0263466042154566,0.9709001334299938,0.794496487119438,0.0117096018735363,0.9117647058823528,0.8489461358313818,0.2649572649572649
T0_AL_SELECTED,262,0.25,TEMPLATE_OOD,0.02,0.1,0.8319672131147541,0.0263466042154566,0.9709001334299938,0.794496487119438,0.0117096018735363,0.8676470588235294,0.8981264637002342,0.5042735042735043
T0_AL_SELECTED,262,0.25,TEMPLATE_OOD,0.02,0.2,0.8319672131147541,0.0263466042154566,0.9709001334299938,0.794496487119438,0.0117096018735363,0.6421568627450981,0.9478922716627636,0.7464387464387464
T0_AL_SELECTED,262,0.25,DOMAIN_TEMPLATE_OOD,0.02,0.05,0.7950377562028047,0.0253505933117583,0.969587867520196,0.7470334412081985,0.0161812297734627,0.982608695652174,0.807982740021575,0.2409381663113006
T0_AL_SELECTED,262,0.25,DOMAIN_TEMPLATE_OOD,0.02,0.1,0.7950377562028047,0.0253505933117583,0.969587867520196,0.7470334412081985,0.0161812297734627,0.9391304347826088,0.8635382955771306,0.4605543710021322
T0_AL_SELECTED,262,0.25,DOMAIN_TEMPLATE_OOD,0.02,0.2,0.7950377562028047,0.0253505933117583,0.969587867520196,0.7470334412081985,0.0161812297734627,0.7363834422657952,0.9293419633225458,0.720682302771855
DAPT_AL_SELECTED,262,0.25,IID_ORIGINAL,0.005,0.05,0.6493383742911153,0.0125439036628198,0.8819244079164996,0.5311909262759924,0.0045158053186151,0.9596774193548387,0.6436672967863895,0.2399193548387097
DAPT_AL_SELECTED,262,0.25,IID_ORIGINAL,0.005,0.1,0.6493383742911153,0.0125439036628198,0.8819244079164996,0.5311909262759924,0.0045158053186151,0.8951612903225806,0.7410207939508506,0.4475806451612903
DAPT_AL_SELECTED,262,0.25,IID_ORIGINAL,0.005,0.2,0.6493383742911153,0.0125439036628198,0.8819244079164996,0.5311909262759924,0.0045158053186151,0.6189516129032258,0.8213610586011342,0.6189516129032258
DAPT_AL_SELECTED,262,0.25,IID_BALANCED,0.005,0.05,0.6493383742911153,0.0160680529300567,0.9141137166827108,0.5311909262759924,0.0056710775047258,0.9743589743589745,0.6030245746691871,0.1532258064516129
DAPT_AL_SELECTED,262,0.25,IID_BALANCED,0.005,0.1,0.6493383742911153,0.0160680529300567,0.9141137166827108,0.5311909262759924,0.0056710775047258,0.9612903225806452,0.6720226843100189,0.3004032258064516
DAPT_AL_SELECTED,262,0.25,IID_BALANCED,0.005,0.2,0.6493383742911153,0.0160680529300567,0.9141137166827108,0.5311909262759924,0.0056710775047258,0.867741935483871,0.7854442344045368,0.5423387096774194
DAPT_AL_SELECTED,262,0.25,TEMPORAL,0.005,0.05,0.70075,0.008,0.9703496554880212,0.66075,0.00175,0.9738805970149254,0.726,0.1923360353721444
DAPT_AL_SELECTED,262,0.25,TEMPORAL,0.005,0.1,0.70075,0.008,0.9703496554880212,0.66075,0.00175,0.9514018691588784,0.788,0.3750921149594694
DAPT_AL_SELECTED,262,0.25,TEMPORAL,0.005,0.2,0.70075,0.008,0.9703496554880212,0.66075,0.00175,0.8822429906542056,0.89675,0.6956521739130435
DAPT_AL_SELECTED,262,0.25,DOMAIN_OOD,0.005,0.05,0.6350440642820114,0.0036288232244686,0.969058659189218,0.5790565059616382,0.0015552099533437,0.978102189781022,0.6485225505443235,0.1650246305418719
DAPT_AL_SELECTED,262,0.25,DOMAIN_OOD,0.005,0.1,0.6350440642820114,0.0036288232244686,0.969058659189218,0.5790565059616382,0.0015552099533437,0.9854014598540146,0.7190254017625712,0.3325123152709359
DAPT_AL_SELECTED,262,0.25,DOMAIN_OOD,0.005,0.2,0.6350440642820114,0.0036288232244686,0.969058659189218,0.5790565059616382,0.0015552099533437,0.9288321167883212,0.8429237947122862,0.6268472906403941
DAPT_AL_SELECTED,262,0.25,TEMPLATE_OOD,0.005,0.05,0.6899882903981265,0.0058548009367681,0.9707552412670922,0.6451990632318502,0.0020491803278688,0.9698275862068966,0.7110655737704918,0.1856435643564356
DAPT_AL_SELECTED,262,0.25,TEMPLATE_OOD,0.005,0.1,0.6899882903981265,0.0058548009367681,0.9707552412670922,0.6451990632318502,0.0020491803278688,0.9697624190064796,0.7766393442622951,0.3704620462046205
DAPT_AL_SELECTED,262,0.25,TEMPLATE_OOD,0.005,0.2,0.6899882903981265,0.0058548009367681,0.9707552412670922,0.6451990632318502,0.0020491803278688,0.8983783783783784,0.8884660421545667,0.6856435643564357
DAPT_AL_SELECTED,262,0.25,DOMAIN_TEMPLATE_OOD,0.005,0.05,0.6116504854368932,0.0032362459546925,0.9666839731842292,0.5533980582524272,0.0016181229773462,0.9776119402985076,0.6240560949298813,0.1582125603864734
DAPT_AL_SELECTED,262,0.25,DOMAIN_TEMPLATE_OOD,0.005,0.1,0.6116504854368932,0.0032362459546925,0.9666839731842292,0.5533980582524272,0.0016181229773462,0.9850746268656716,0.6957928802588996,0.3188405797101449
DAPT_AL_SELECTED,262,0.25,DOMAIN_TEMPLATE_OOD,0.005,0.2,0.6116504854368932,0.0032362459546925,0.9666839731842292,0.5533980582524272,0.0016181229773462,0.9309701492537312,0.8225458468176915,0.6026570048309179
DAPT_AL_SELECTED,262,0.25,IID_ORIGINAL,0.01,0.05,0.725897920604915,0.0150526843953838,0.8819244079164996,0.5945179584120983,0.0080280983442047,0.9008264462809916,0.6975425330812854,0.2540792540792541
DAPT_AL_SELECTED,262,0.25,IID_ORIGINAL,0.01,0.1,0.725897920604915,0.0150526843953838,0.8819244079164996,0.5945179584120983,0.0080280983442047,0.8049792531120332,0.777882797731569,0.4522144522144522
DAPT_AL_SELECTED,262,0.25,IID_ORIGINAL,0.01,0.2,0.725897920604915,0.0150526843953838,0.8819244079164996,0.5945179584120983,0.0080280983442047,0.5103734439834025,0.8270321361058601,0.5734265734265734
DAPT_AL_SELECTED,262,0.25,IID_BALANCED,0.01,0.05,0.725897920604915,0.0207939508506616,0.9141137166827108,0.5945179584120983,0.0103969754253308,0.9594594594594594,0.6616257088846881,0.1655011655011655
DAPT_AL_SELECTED,262,0.25,IID_BALANCED,0.01,0.1,0.725897920604915,0.0207939508506616,0.9141137166827108,0.5945179584120983,0.0103969754253308,0.9121621621621622,0.722117202268431,0.3146853146853147
DAPT_AL_SELECTED,262,0.25,IID_BALANCED,0.01,0.2,0.725897920604915,0.0207939508506616,0.9141137166827108,0.5945179584120983,0.0103969754253308,0.7871621621621622,0.8147448015122873,0.5431235431235432
DAPT_AL_SELECTED,262,0.25,TEMPORAL,0.01,0.05,0.75375,0.0135,0.9703496554880212,0.74625,0.005,0.936,0.80475,0.2305418719211822
DAPT_AL_SELECTED,262,0.25,TEMPORAL,0.01,0.1,0.75375,0.0135,0.9703496554880212,0.74625,0.005,0.904,0.85925,0.4453201970443349
DAPT_AL_SELECTED,262,0.25,TEMPORAL,0.01,0.2,0.75375,0.0135,0.9703496554880212,0.74625,0.005,0.7587587587587588,0.93575,0.7467980295566502
DAPT_AL_SELECTED,262,0.25,DOMAIN_OOD,0.01,0.05,0.702954898911353,0.0088128564022809,0.969058659189218,0.6801451529289787,0.0051840331778123,0.984251968503937,0.744945567651633,0.2025931928687196
DAPT_AL_SELECTED,262,0.25,DOMAIN_OOD,0.01,0.1,0.702954898911353,0.0088128564022809,0.969058659189218,0.6801451529289787,0.0051840331778123,0.9724409448818898,0.8081907724209435,0.4003241491085899
DAPT_AL_SELECTED,262,0.25,DOMAIN_OOD,0.01,0.2,0.702954898911353,0.0088128564022809,0.969058659189218,0.6801451529289787,0.0051840331778123,0.8622047244094488,0.9072058061171592,0.7098865478119936
DAPT_AL_SELECTED,262,0.25,TEMPLATE_OOD,0.01,0.05,0.7444379391100703,0.0114168618266978,0.9707552412670922,0.734192037470726,0.0049765807962529,0.9629629629629628,0.7950819672131147,0.2290748898678414
DAPT_AL_SELECTED,262,0.25,TEMPLATE_OOD,0.01,0.1,0.7444379391100703,0.0114168618266978,0.9707552412670922,0.734192037470726,0.0049765807962529,0.9211136890951276,0.8504098360655737,0.4372246696035242
DAPT_AL_SELECTED,262,0.25,TEMPLATE_OOD,0.01,0.2,0.7444379391100703,0.0114168618266978,0.9707552412670922,0.734192037470726,0.0049765807962529,0.7784222737819025,0.9306206088992974,0.7389867841409692
DAPT_AL_SELECTED,262,0.25,DOMAIN_TEMPLATE_OOD,0.01,0.05,0.6790722761596548,0.0080906148867313,0.9666839731842292,0.662891046386192,0.0048543689320388,0.9838709677419356,0.7286947141316074,0.1952
DAPT_AL_SELECTED,262,0.25,DOMAIN_TEMPLATE_OOD,0.01,0.1,0.6790722761596548,0.0080906148867313,0.9666839731842292,0.662891046386192,0.0048543689320388,0.979757085020243,0.7934196332254585,0.3872
DAPT_AL_SELECTED,262,0.25,DOMAIN_TEMPLATE_OOD,0.01,0.2,0.6790722761596548,0.0080906148867313,0.9666839731842292,0.662891046386192,0.0048543689320388,0.8663967611336032,0.8937432578209277,0.6848
DAPT_AL_SELECTED,262,0.25,IID_ORIGINAL,0.02,0.05,0.7589792060491494,0.0195684897139989,0.8819244079164996,0.6465028355387523,0.0135474159558454,0.8376068376068376,0.7391304347826086,0.2620320855614973
DAPT_AL_SELECTED,262,0.25,IID_ORIGINAL,0.02,0.1,0.7589792060491494,0.0195684897139989,0.8819244079164996,0.6465028355387523,0.0135474159558454,0.6752136752136753,0.7958412098298677,0.4224598930481283
DAPT_AL_SELECTED,262,0.25,IID_ORIGINAL,0.02,0.2,0.7589792060491494,0.0195684897139989,0.8819244079164996,0.6465028355387523,0.0135474159558454,0.4188034188034188,0.831758034026465,0.5240641711229946
DAPT_AL_SELECTED,262,0.25,IID_BALANCED,0.02,0.05,0.7589792060491494,0.0226843100189035,0.9141137166827108,0.6465028355387523,0.0170132325141776,0.971830985915493,0.7117202268431002,0.1844919786096256
DAPT_AL_SELECTED,262,0.25,IID_BALANCED,0.02,0.1,0.7589792060491494,0.0226843100189035,0.9141137166827108,0.6465028355387523,0.0170132325141776,0.908450704225352,0.7684310018903592,0.3449197860962567
DAPT_AL_SELECTED,262,0.25,IID_BALANCED,0.02,0.2,0.7589792060491494,0.0226843100189035,0.9141137166827108,0.6465028355387523,0.0170132325141776,0.6713780918727915,0.8260869565217391,0.5080213903743316
DAPT_AL_SELECTED,262,0.25,TEMPORAL,0.02,0.05,0.816,0.01975,0.9703496554880212,0.803,0.01225,0.8987341772151899,0.85625,0.2703045685279188
DAPT_AL_SELECTED,262,0.25,TEMPORAL,0.02,0.1,0.816,0.01975,0.9703496554880212,0.803,0.01225,0.8333333333333334,0.90175,0.501269035532995
DAPT_AL_SELECTED,262,0.25,TEMPORAL,0.02,0.2,0.816,0.01975,0.9703496554880212,0.803,0.01225,0.609704641350211,0.9475,0.733502538071066
DAPT_AL_SELECTED,262,0.25,DOMAIN_OOD,0.02,0.05,0.7801969932607569,0.0165889061689994,0.969058659189218,0.7547952306894764,0.0176257128045619,0.9831932773109244,0.8154484188698807,0.2473572938689217
DAPT_AL_SELECTED,262,0.25,DOMAIN_OOD,0.02,0.1,0.7801969932607569,0.0165889061689994,0.969058659189218,0.7547952306894764,0.0176257128045619,0.919831223628692,0.8678071539657853,0.4608879492600423
DAPT_AL_SELECTED,262,0.25,DOMAIN_OOD,0.02,0.2,0.7801969932607569,0.0165889061689994,0.969058659189218,0.7547952306894764,0.0176257128045619,0.740506329113924,0.9367547952306896,0.7420718816067653
DAPT_AL_SELECTED,262,0.25,TEMPLATE_OOD,0.02,0.05,0.8088407494145199,0.0178571428571428,0.9707552412670922,0.794496487119438,0.0117096018735363,0.9411764705882352,0.8507025761124122,0.2735042735042735
DAPT_AL_SELECTED,262,0.25,TEMPLATE_OOD,0.02,0.1,0.8088407494145199,0.0178571428571428,0.9707552412670922,0.794496487119438,0.0117096018735363,0.8504901960784313,0.8960772833723654,0.4943019943019943
DAPT_AL_SELECTED,262,0.25,TEMPLATE_OOD,0.02,0.2,0.8088407494145199,0.0178571428571428,0.9707552412670922,0.794496487119438,0.0117096018735363,0.6299019607843137,0.9449648711943794,0.7321937321937322
DAPT_AL_SELECTED,262,0.25,DOMAIN_TEMPLATE_OOD,0.02,0.05,0.7583603020496225,0.0156418554476806,0.9666839731842292,0.7470334412081985,0.0161812297734627,0.9739130434782608,0.8074433656957929,0.2388059701492537
DAPT_AL_SELECTED,262,0.25,DOMAIN_TEMPLATE_OOD,0.02,0.1,0.7583603020496225,0.0156418554476806,0.9666839731842292,0.7470334412081985,0.0161812297734627,0.908695652173913,0.8597626752966558,0.4456289978678038
DAPT_AL_SELECTED,262,0.25,DOMAIN_TEMPLATE_OOD,0.02,0.2,0.7583603020496225,0.0156418554476806,0.9666839731842292,0.7470334412081985,0.0161812297734627,0.7407407407407407,0.93042071197411,0.7249466950959488
T0_AL_SELECTED,272,0.25,IID_ORIGINAL,0.005,0.05,0.6446124763705104,0.0070245860511791,0.8912301177974485,0.5132325141776938,0.0040140491721023,0.992,0.6304347826086957,0.2407766990291262
T0_AL_SELECTED,272,0.25,IID_ORIGINAL,0.005,0.1,0.6446124763705104,0.0070245860511791,0.8912301177974485,0.5132325141776938,0.0040140491721023,0.936,0.7344045368620038,0.4543689320388349
T0_AL_SELECTED,272,0.25,IID_ORIGINAL,0.005,0.2,0.6446124763705104,0.0070245860511791,0.8912301177974485,0.5132325141776938,0.0040140491721023,0.67,0.8298676748582231,0.6504854368932039
T0_AL_SELECTED,272,0.25,IID_BALANCED,0.005,0.05,0.6446124763705104,0.0085066162570888,0.9227936061791538,0.5132325141776938,0.0056710775047258,0.9873417721518988,0.5869565217391305,0.1514563106796116
T0_AL_SELECTED,272,0.25,IID_BALANCED,0.005,0.1,0.6446124763705104,0.0085066162570888,0.9227936061791538,0.5132325141776938,0.0056710775047258,0.9808917197452228,0.6587901701323251,0.2990291262135922
T0_AL_SELECTED,272,0.25,IID_BALANCED,0.005,0.2,0.6446124763705104,0.0085066162570888,0.9227936061791538,0.5132325141776938,0.0056710775047258,0.929936305732484,0.7892249527410208,0.566990291262136
T0_AL_SELECTED,272,0.25,TEMPORAL,0.005,0.05,0.7255,0.005,0.971768723287294,0.69675,0.00425,1.0,0.76175,0.2143446001648804
T0_AL_SELECTED,272,0.25,TEMPORAL,0.005,0.1,0.7255,0.005,0.971768723287294,0.69675,0.00425,0.9692307692307692,0.82275,0.4154987633965375
T0_AL_SELECTED,272,0.25,TEMPORAL,0.005,0.2,0.7255,0.005,0.971768723287294,0.69675,0.00425,0.8576923076923076,0.91975,0.7353668590272052
T0_AL_SELECTED,272,0.25,DOMAIN_OOD,0.005,0.05,0.6588906168999482,0.0046656298600311,0.9677291485912212,0.623120787973043,0.0051840331778123,1.0,0.6920684292379471,0.1829436038514443
T0_AL_SELECTED,272,0.25,DOMAIN_OOD,0.005,0.1,0.6588906168999482,0.0046656298600311,0.9677291485912212,0.623120787973043,0.0051840331778123,0.9735849056603774,0.7568688439606014,0.3548830811554332
T0_AL_SELECTED,272,0.25,DOMAIN_OOD,0.005,0.2,0.6588906168999482,0.0046656298600311,0.9677291485912212,0.623120787973043,0.0051840331778123,0.9018867924528302,0.8709175738724728,0.657496561210454
T0_AL_SELECTED,272,0.25,TEMPLATE_OOD,0.005,0.05,0.7180913348946136,0.0049765807962529,0.9705814643258166,0.6826697892271663,0.0046838407494145,1.0,0.7485362997658079,0.2075645756457564
T0_AL_SELECTED,272,0.25,TEMPLATE_OOD,0.005,0.1,0.7180913348946136,0.0049765807962529,0.9705814643258166,0.6826697892271663,0.0046838407494145,0.975501113585746,0.8108899297423887,0.4040590405904059
T0_AL_SELECTED,272,0.25,TEMPLATE_OOD,0.005,0.2,0.7180913348946136,0.0049765807962529,0.9705814643258166,0.6826697892271663,0.0046838407494145,0.8729096989966555,0.9118852459016392,0.7223247232472325
T0_AL_SELECTED,272,0.25,DOMAIN_TEMPLATE_OOD,0.005,0.05,0.6380798274002157,0.0043149946062567,0.9643276408500698,0.6019417475728155,0.0053937432578209,1.0,0.6720604099244876,0.1761517615176151
T0_AL_SELECTED,272,0.25,DOMAIN_TEMPLATE_OOD,0.005,0.1,0.6380798274002157,0.0043149946062567,0.9643276408500698,0.6019417475728155,0.0053937432578209,0.9768339768339768,0.738403451995685,0.3428184281842818
T0_AL_SELECTED,272,0.25,DOMAIN_TEMPLATE_OOD,0.005,0.2,0.6380798274002157,0.0043149946062567,0.9643276408500698,0.6019417475728155,0.0053937432578209,0.90715667311412,0.854908306364617,0.6355013550135501
T0_AL_SELECTED,272,0.25,IID_ORIGINAL,0.01,0.05,0.7164461247637051,0.014550928248871,0.8912301177974485,0.5954631379962193,0.0070245860511791,0.950413223140496,0.7041587901701323,0.2686915887850467
T0_AL_SELECTED,272,0.25,IID_ORIGINAL,0.01,0.1,0.7164461247637051,0.014550928248871,0.8912301177974485,0.5954631379962193,0.0070245860511791,0.8257261410788381,0.7835538752362949,0.4649532710280374
T0_AL_SELECTED,272,0.25,IID_ORIGINAL,0.01,0.2,0.7164461247637051,0.014550928248871,0.8912301177974485,0.5954631379962193,0.0070245860511791,0.5373443983402489,0.8402646502835539,0.6051401869158879
T0_AL_SELECTED,272,0.25,IID_BALANCED,0.01,0.05,0.7164461247637051,0.0141776937618147,0.9227936061791538,0.5954631379962193,0.0066162570888468,0.972972972972973,0.6635160680529301,0.1682242990654205
T0_AL_SELECTED,272,0.25,IID_BALANCED,0.01,0.1,0.7164461247637051,0.0141776937618147,0.9227936061791538,0.5954631379962193,0.0066162570888468,0.9662162162162162,0.7306238185255198,0.3341121495327103
T0_AL_SELECTED,272,0.25,IID_BALANCED,0.01,0.2,0.7164461247637051,0.0141776937618147,0.9227936061791538,0.5954631379962193,0.0066162570888468,0.8175675675675675,0.8241965973534972,0.5654205607476636
T0_AL_SELECTED,272,0.25,TEMPORAL,0.01,0.05,0.8265,0.0105,0.971768723287294,0.7435,0.0065,0.988,0.80525,0.2407407407407407
T0_AL_SELECTED,272,0.25,TEMPORAL,0.01,0.1,0.8265,0.0105,0.971768723287294,0.7435,0.0065,0.946,0.86175,0.4610136452241715
T0_AL_SELECTED,272,0.25,TEMPORAL,0.01,0.2,0.8265,0.0105,0.971768723287294,0.7435,0.0065,0.766,0.935,0.746588693957115
T0_AL_SELECTED,272,0.25,DOMAIN_OOD,0.01,0.05,0.7905650596163816,0.0129600829445308,0.9677291485912212,0.6780715396578538,0.0088128564022809,1.0,0.7439087610160705,0.2045088566827697
T0_AL_SELECTED,272,0.25,DOMAIN_OOD,0.01,0.1,0.7905650596163816,0.0129600829445308,0.9677291485912212,0.6780715396578538,0.0088128564022809,0.9606299212598424,0.8045619491964748,0.392914653784219
T0_AL_SELECTED,272,0.25,DOMAIN_OOD,0.01,0.2,0.7905650596163816,0.0129600829445308,0.9677291485912212,0.6780715396578538,0.0088128564022809,0.8579881656804734,0.9035769828926904,0.7004830917874396
T0_AL_SELECTED,272,0.25,TEMPLATE_OOD,0.01,0.05,0.8223067915690867,0.0105386416861826,0.9705814643258166,0.7306791569086651,0.0070257611241217,0.9907407407407408,0.7933255269320844,0.2326086956521739
T0_AL_SELECTED,272,0.25,TEMPLATE_OOD,0.01,0.1,0.8223067915690867,0.0105386416861826,0.9705814643258166,0.7306791569086651,0.0070257611241217,0.949074074074074,0.8507025761124122,0.4456521739130434
T0_AL_SELECTED,272,0.25,TEMPLATE_OOD,0.01,0.2,0.8223067915690867,0.0105386416861826,0.9705814643258166,0.7306791569086651,0.0070257611241217,0.7867902665121669,0.9294496487119438,0.7380434782608696
T0_AL_SELECTED,272,0.25,DOMAIN_TEMPLATE_OOD,0.01,0.05,0.7745415318230853,0.0124056094929881,0.9643276408500698,0.6596548004314995,0.0091693635382955,1.0,0.7265372168284789,0.196513470681458
T0_AL_SELECTED,272,0.25,DOMAIN_TEMPLATE_OOD,0.01,0.1,0.7745415318230853,0.0124056094929881,0.9643276408500698,0.6596548004314995,0.0091693635382955,0.9595141700404858,0.7874865156418555,0.375594294770206
T0_AL_SELECTED,272,0.25,DOMAIN_TEMPLATE_OOD,0.01,0.2,0.7745415318230853,0.0124056094929881,0.9643276408500698,0.6596548004314995,0.0091693635382955,0.8582995951417004,0.8883495145631068,0.6719492868462758
T0_AL_SELECTED,272,0.25,IID_ORIGINAL,0.02,0.05,0.7391304347826086,0.0205720020070245,0.8912301177974485,0.665406427221172,0.0220772704465629,0.913793103448276,0.7655954631379962,0.2994350282485876
T0_AL_SELECTED,272,0.25,IID_ORIGINAL,0.02,0.1,0.7391304347826086,0.0205720020070245,0.8912301177974485,0.665406427221172,0.0220772704465629,0.683982683982684,0.8147448015122873,0.4463276836158192
T0_AL_SELECTED,272,0.25,IID_ORIGINAL,0.02,0.2,0.7391304347826086,0.0205720020070245,0.8912301177974485,0.665406427221172,0.0220772704465629,0.4099783080260303,0.8440453686200378,0.5338983050847458
T0_AL_SELECTED,272,0.25,IID_BALANCED,0.02,0.05,0.7391304347826086,0.0189035916824196,0.9227936061791538,0.665406427221172,0.0236294896030245,0.9714285714285714,0.7296786389413988,0.192090395480226
T0_AL_SELECTED,272,0.25,IID_BALANCED,0.02,0.1,0.7391304347826086,0.0189035916824196,0.9227936061791538,0.665406427221172,0.0236294896030245,0.920863309352518,0.7863894139886578,0.3615819209039548
T0_AL_SELECTED,272,0.25,IID_BALANCED,0.02,0.2,0.7391304347826086,0.0189035916824196,0.9227936061791538,0.665406427221172,0.0236294896030245,0.6690647482014388,0.8412098298676749,0.5254237288135594
T0_AL_SELECTED,272,0.25,TEMPORAL,0.02,0.05,0.8595,0.01675,0.971768723287294,0.80825,0.01775,0.9446808510638298,0.86375,0.2894393741851369
T0_AL_SELECTED,272,0.25,TEMPORAL,0.02,0.1,0.8595,0.01675,0.971768723287294,0.80825,0.01775,0.8595744680851064,0.90925,0.5267275097783573
T0_AL_SELECTED,272,0.25,TEMPORAL,0.02,0.2,0.8595,0.01675,0.971768723287294,0.80825,0.01775,0.5914893617021276,0.94725,0.7249022164276402
T0_AL_SELECTED,272,0.25,DOMAIN_OOD,0.02,0.05,0.8294453084499741,0.0202177293934681,0.9677291485912212,0.767236910316226,0.0259201658890616,0.9401709401709402,0.8242612752721618,0.2449888641425389
T0_AL_SELECTED,272,0.25,DOMAIN_OOD,0.02,0.1,0.8294453084499741,0.0202177293934681,0.9677291485912212,0.767236910316226,0.0259201658890616,0.9098712446351932,0.8771384136858476,0.4721603563474387
T0_AL_SELECTED,272,0.25,DOMAIN_OOD,0.02,0.2,0.8294453084499741,0.0202177293934681,0.9677291485912212,0.767236910316226,0.0259201658890616,0.7081545064377682,0.9383100051840332,0.734966592427617
T0_AL_SELECTED,272,0.25,TEMPLATE_OOD,0.02,0.05,0.8550936768149883,0.0163934426229508,0.9705814643258166,0.8000585480093677,0.0193208430913348,0.9554455445544554,0.8565573770491803,0.2825768667642752
T0_AL_SELECTED,272,0.25,TEMPLATE_OOD,0.02,0.1,0.8550936768149883,0.0163934426229508,0.9705814643258166,0.8000585480093677,0.0193208430913348,0.8737623762376238,0.9033957845433256,0.5168374816983895
T0_AL_SELECTED,272,0.25,TEMPLATE_OOD,0.02,0.2,0.8550936768149883,0.0163934426229508,0.9705814643258166,0.8000585480093677,0.0193208430913348,0.6071871127633209,0.9435011709601874,0.7174231332357247
T0_AL_SELECTED,272,0.25,DOMAIN_TEMPLATE_OOD,0.02,0.05,0.8133764832793959,0.0194174757281553,0.9643276408500698,0.750269687162891,0.0264293419633225,0.9473684210526316,0.8085221143473571,0.2332613390928725
T0_AL_SELECTED,272,0.25,DOMAIN_TEMPLATE_OOD,0.02,0.1,0.8133764832793959,0.0194174757281553,0.9643276408500698,0.750269687162891,0.0264293419633225,0.9118942731277532,0.8619201725997843,0.4470842332613391
T0_AL_SELECTED,272,0.25,DOMAIN_TEMPLATE_OOD,0.02,0.2,0.8133764832793959,0.0194174757281553,0.9643276408500698,0.750269687162891,0.0264293419633225,0.7224669603524229,0.9271844660194176,0.7084233261339092
DAPT_AL_SELECTED,272,0.25,IID_ORIGINAL,0.005,0.05,0.6455576559546313,0.0070245860511791,0.8776997761026022,0.5132325141776938,0.0040140491721023,0.976,0.6285444234404537,0.2368932038834951
DAPT_AL_SELECTED,272,0.25,IID_ORIGINAL,0.005,0.1,0.6455576559546313,0.0070245860511791,0.8776997761026022,0.5132325141776938,0.0040140491721023,0.94,0.7353497164461248,0.4563106796116505
DAPT_AL_SELECTED,272,0.25,IID_ORIGINAL,0.005,0.2,0.6455576559546313,0.0070245860511791,0.8776997761026022,0.5132325141776938,0.0040140491721023,0.632,0.8119092627599244,0.6135922330097088
DAPT_AL_SELECTED,272,0.25,IID_BALANCED,0.005,0.05,0.6455576559546313,0.0094517958412098,0.9105698507539765,0.5132325141776938,0.0056710775047258,0.9873417721518988,0.5869565217391305,0.1514563106796116
DAPT_AL_SELECTED,272,0.25,IID_BALANCED,0.005,0.1,0.6455576559546313,0.0094517958412098,0.9105698507539765,0.5132325141776938,0.0056710775047258,0.9808917197452228,0.6587901701323251,0.2990291262135922
DAPT_AL_SELECTED,272,0.25,IID_BALANCED,0.005,0.2,0.6455576559546313,0.0094517958412098,0.9105698507539765,0.5132325141776938,0.0056710775047258,0.926751592356688,0.7882797731568998,0.5650485436893203
DAPT_AL_SELECTED,272,0.25,TEMPORAL,0.005,0.05,0.69625,0.004,0.9681837340246972,0.69675,0.00425,0.9923076923076924,0.76125,0.2126957955482275
DAPT_AL_SELECTED,272,0.25,TEMPORAL,0.005,0.1,0.69625,0.004,0.9681837340246972,0.69675,0.00425,0.9769230769230768,0.82375,0.4187963726298433
DAPT_AL_SELECTED,272,0.25,TEMPORAL,0.005,0.2,0.69625,0.004,0.9681837340246972,0.69675,0.00425,0.8682692307692308,0.9225,0.7444352844187964
DAPT_AL_SELECTED,272,0.25,DOMAIN_OOD,0.005,0.05,0.6303784344219803,0.0031104199066874,0.9678919641282706,0.623120787973043,0.0051840331778123,1.0,0.6920684292379471,0.1829436038514443
DAPT_AL_SELECTED,272,0.25,DOMAIN_OOD,0.005,0.1,0.6303784344219803,0.0031104199066874,0.9678919641282706,0.623120787973043,0.0051840331778123,0.981132075471698,0.7579056505961638,0.3576341127922971
DAPT_AL_SELECTED,272,0.25,DOMAIN_OOD,0.005,0.2,0.6303784344219803,0.0031104199066874,0.9678919641282706,0.623120787973043,0.0051840331778123,0.9377358490566038,0.8807672369103162,0.6836313617606602
DAPT_AL_SELECTED,272,0.25,TEMPLATE_OOD,0.005,0.05,0.6973067915690867,0.0040983606557377,0.968358823826049,0.6826697892271663,0.0046838407494145,0.9911111111111112,0.7479508196721312,0.2057195571955719
DAPT_AL_SELECTED,272,0.25,TEMPLATE_OOD,0.005,0.1,0.6973067915690867,0.0040983606557377,0.968358823826049,0.6826697892271663,0.0046838407494145,0.979955456570156,0.8114754098360656,0.4059040590405904
DAPT_AL_SELECTED,272,0.25,TEMPLATE_OOD,0.005,0.2,0.6973067915690867,0.0040983606557377,0.968358823826049,0.6826697892271663,0.0046838407494145,0.8929765886287625,0.9171545667447308,0.738929889298893
DAPT_AL_SELECTED,272,0.25,DOMAIN_TEMPLATE_OOD,0.005,0.05,0.6186623516720604,0.0032362459546925,0.9651907639691496,0.6019417475728155,0.0053937432578209,1.0,0.6720604099244876,0.1761517615176151
DAPT_AL_SELECTED,272,0.25,DOMAIN_TEMPLATE_OOD,0.005,0.1,0.6186623516720604,0.0032362459546925,0.9651907639691496,0.6019417475728155,0.0053937432578209,0.9806949806949808,0.7389428263214671,0.3441734417344173
DAPT_AL_SELECTED,272,0.25,DOMAIN_TEMPLATE_OOD,0.005,0.2,0.6186623516720604,0.0032362459546925,0.9651907639691496,0.6019417475728155,0.0053937432578209,0.9477756286266924,0.866235167206041,0.6639566395663956
DAPT_AL_SELECTED,272,0.25,IID_ORIGINAL,0.01,0.05,0.6994328922495274,0.0100351229302558,0.8776997761026022,0.5954631379962193,0.0070245860511791,0.950413223140496,0.7041587901701323,0.2686915887850467
DAPT_AL_SELECTED,272,0.25,IID_ORIGINAL,0.01,0.1,0.6994328922495274,0.0100351229302558,0.8776997761026022,0.5954631379962193,0.0070245860511791,0.8423236514522822,0.7873345935727788,0.4742990654205608
DAPT_AL_SELECTED,272,0.25,IID_ORIGINAL,0.01,0.2,0.6994328922495274,0.0100351229302558,0.8776997761026022,0.5954631379962193,0.0070245860511791,0.4854771784232365,0.8166351606805293,0.5467289719626168
DAPT_AL_SELECTED,272,0.25,IID_BALANCED,0.01,0.05,0.6994328922495274,0.0141776937618147,0.9105698507539765,0.5954631379962193,0.0066162570888468,0.972972972972973,0.6635160680529301,0.1682242990654205
DAPT_AL_SELECTED,272,0.25,IID_BALANCED,0.01,0.1,0.6994328922495274,0.0141776937618147,0.9105698507539765,0.5954631379962193,0.0066162570888468,0.945945945945946,0.7277882797731569,0.3271028037383177
DAPT_AL_SELECTED,272,0.25,IID_BALANCED,0.01,0.2,0.6994328922495274,0.0141776937618147,0.9105698507539765,0.5954631379962193,0.0066162570888468,0.7635135135135135,0.8090737240075614,0.5280373831775701
DAPT_AL_SELECTED,272,0.25,TEMPORAL,0.01,0.05,0.8025,0.00625,0.9681837340246972,0.7435,0.0065,0.98,0.80475,0.2387914230019493
DAPT_AL_SELECTED,272,0.25,TEMPORAL,0.01,0.1,0.8025,0.00625,0.9681837340246972,0.7435,0.0065,0.968,0.8645,0.4717348927875243
DAPT_AL_SELECTED,272,0.25,TEMPORAL,0.01,0.2,0.8025,0.00625,0.9681837340246972,0.7435,0.0065,0.745,0.92975,0.7261208576998051
DAPT_AL_SELECTED,272,0.25,DOMAIN_OOD,0.01,0.05,0.7662001036806636,0.0057024364955935,0.9678919641282706,0.6780715396578538,0.0088128564022809,0.984251968503937,0.742871954380508,0.2012882447665056
DAPT_AL_SELECTED,272,0.25,DOMAIN_OOD,0.01,0.1,0.7662001036806636,0.0057024364955935,0.9678919641282706,0.6780715396578538,0.0088128564022809,0.9803149606299212,0.807153965785381,0.4009661835748792
DAPT_AL_SELECTED,272,0.25,DOMAIN_OOD,0.01,0.2,0.7662001036806636,0.0057024364955935,0.9678919641282706,0.6780715396578538,0.0088128564022809,0.8816568047337278,0.9097978227060654,0.7198067632850241
DAPT_AL_SELECTED,272,0.25,TEMPLATE_OOD,0.01,0.05,0.8035714285714286,0.0064402810304449,0.968358823826049,0.7306791569086651,0.0070257611241217,0.9814814814814816,0.7927400468384075,0.2304347826086956
DAPT_AL_SELECTED,272,0.25,TEMPLATE_OOD,0.01,0.1,0.8035714285714286,0.0064402810304449,0.968358823826049,0.7306791569086651,0.0070257611241217,0.9699074074074074,0.8533372365339579,0.4554347826086956
DAPT_AL_SELECTED,272,0.25,TEMPLATE_OOD,0.01,0.2,0.8035714285714286,0.0064402810304449,0.968358823826049,0.7306791569086651,0.0070257611241217,0.779837775202781,0.9276932084309132,0.7315217391304348
DAPT_AL_SELECTED,272,0.25,DOMAIN_TEMPLATE_OOD,0.01,0.05,0.7524271844660194,0.005933117583603,0.9651907639691496,0.6596548004314995,0.0091693635382955,0.9838709677419356,0.7254584681769147,0.1933438985736925
DAPT_AL_SELECTED,272,0.25,DOMAIN_TEMPLATE_OOD,0.01,0.1,0.7524271844660194,0.005933117583603,0.9651907639691496,0.6596548004314995,0.0091693635382955,0.979757085020243,0.7901833872707659,0.3835182250396196
DAPT_AL_SELECTED,272,0.25,DOMAIN_TEMPLATE_OOD,0.01,0.2,0.7524271844660194,0.005933117583603,0.9651907639691496,0.6596548004314995,0.0091693635382955,0.9048582995951416,0.9007551240560948,0.7083993660855784
DAPT_AL_SELECTED,272,0.25,IID_ORIGINAL,0.02,0.05,0.7570888468809074,0.0195684897139989,0.8776997761026022,0.665406427221172,0.0220772704465629,0.9051724137931034,0.7646502835538752,0.2966101694915254
DAPT_AL_SELECTED,272,0.25,IID_ORIGINAL,0.02,0.1,0.7570888468809074,0.0195684897139989,0.8776997761026022,0.665406427221172,0.0220772704465629,0.6493506493506493,0.8071833648393195,0.423728813559322
DAPT_AL_SELECTED,272,0.25,IID_ORIGINAL,0.02,0.2,0.7570888468809074,0.0195684897139989,0.8776997761026022,0.665406427221172,0.0220772704465629,0.3535791757049891,0.8194706994328923,0.4604519774011299
DAPT_AL_SELECTED,272,0.25,IID_BALANCED,0.02,0.05,0.7570888468809074,0.0198487712665406,0.9105698507539765,0.665406427221172,0.0236294896030245,0.9857142857142858,0.7306238185255198,0.1949152542372881
DAPT_AL_SELECTED,272,0.25,IID_BALANCED,0.02,0.1,0.7570888468809074,0.0198487712665406,0.9105698507539765,0.665406427221172,0.0236294896030245,0.935251798561151,0.7882797731568998,0.3672316384180791
DAPT_AL_SELECTED,272,0.25,IID_BALANCED,0.02,0.2,0.7570888468809074,0.0198487712665406,0.9105698507539765,0.665406427221172,0.0236294896030245,0.5827338129496403,0.8185255198487713,0.4576271186440678
DAPT_AL_SELECTED,272,0.25,TEMPORAL,0.02,0.05,0.892,0.01725,0.9681837340246972,0.80825,0.01775,0.9617021276595744,0.86475,0.2946544980443285
DAPT_AL_SELECTED,272,0.25,TEMPORAL,0.02,0.1,0.892,0.01725,0.9681837340246972,0.80825,0.01775,0.9127659574468086,0.9155,0.559322033898305
DAPT_AL_SELECTED,272,0.25,TEMPORAL,0.02,0.2,0.892,0.01725,0.9681837340246972,0.80825,0.01775,0.5563829787234043,0.939,0.681877444589309
DAPT_AL_SELECTED,272,0.25,DOMAIN_OOD,0.02,0.05,0.8745463970969414,0.0217729393468118,0.9678919641282706,0.767236910316226,0.0259201658890616,0.9658119658119658,0.8258164852255054,0.2516703786191537
DAPT_AL_SELECTED,272,0.25,DOMAIN_OOD,0.02,0.1,0.8745463970969414,0.0217729393468118,0.9678919641282706,0.767236910316226,0.0259201658890616,0.9484978540772532,0.8818040435458787,0.4922048997772829
DAPT_AL_SELECTED,272,0.25,DOMAIN_OOD,0.02,0.2,0.8745463970969414,0.0217729393468118,0.9678919641282706,0.767236910316226,0.0259201658890616,0.7017167381974249,0.9367547952306896,0.7282850779510023
DAPT_AL_SELECTED,272,0.25,TEMPLATE_OOD,0.02,0.05,0.8902224824355972,0.0175644028103044,0.968358823826049,0.8000585480093677,0.0193208430913348,0.9653465346534652,0.8571428571428571,0.2855051244509516
DAPT_AL_SELECTED,272,0.25,TEMPLATE_OOD,0.02,0.1,0.8902224824355972,0.0175644028103044,0.968358823826049,0.8000585480093677,0.0193208430913348,0.9282178217821784,0.9098360655737704,0.5490483162518301
DAPT_AL_SELECTED,272,0.25,TEMPLATE_OOD,0.02,0.2,0.8902224824355972,0.0175644028103044,0.968358823826049,0.8000585480093677,0.0193208430913348,0.5836431226765799,0.9379391100702577,0.6896046852122987
DAPT_AL_SELECTED,272,0.25,DOMAIN_TEMPLATE_OOD,0.02,0.05,0.8646170442286947,0.0210355987055016,0.9651907639691496,0.750269687162891,0.0264293419633225,0.9649122807017544,0.8096008629989212,0.2375809935205183
DAPT_AL_SELECTED,272,0.25,DOMAIN_TEMPLATE_OOD,0.02,0.1,0.8646170442286947,0.0210355987055016,0.9651907639691496,0.750269687162891,0.0264293419633225,0.9559471365638766,0.8673139158576052,0.468682505399568
DAPT_AL_SELECTED,272,0.25,DOMAIN_TEMPLATE_OOD,0.02,0.2,0.8646170442286947,0.0210355987055016,0.9651907639691496,0.750269687162891,0.0264293419633225,0.7202643171806168,0.9266450916936354,0.7062634989200864
T0_AL_SELECTED,282,0.25,IID_ORIGINAL,0.005,0.05,0.5491493383742911,0.0075263421976919,0.89730697419015,0.4763705103969754,0.0030105368790767,0.9765625,0.5945179584120983,0.2256317689530685
T0_AL_SELECTED,282,0.25,IID_ORIGINAL,0.005,0.1,0.5491493383742911,0.0075263421976919,0.89730697419015,0.4763705103969754,0.0030105368790767,0.9254901960784314,0.6994328922495274,0.4259927797833935
T0_AL_SELECTED,282,0.25,IID_ORIGINAL,0.005,0.2,0.5491493383742911,0.0075263421976919,0.89730697419015,0.4763705103969754,0.0030105368790767,0.7269155206286837,0.8260869565217391,0.6678700361010831
T0_AL_SELECTED,282,0.25,IID_BALANCED,0.005,0.05,0.5491493383742911,0.0085066162570888,0.9282775776000642,0.4763705103969754,0.0028355387523629,1.0,0.552930056710775,0.1462093862815884
T0_AL_SELECTED,282,0.25,IID_BALANCED,0.005,0.1,0.5491493383742911,0.0085066162570888,0.9282775776000642,0.4763705103969754,0.0028355387523629,0.9813664596273292,0.6257088846880907,0.2851985559566787
T0_AL_SELECTED,282,0.25,IID_BALANCED,0.005,0.2,0.5491493383742911,0.0085066162570888,0.9282775776000642,0.4763705103969754,0.0028355387523629,0.9409937888198758,0.7627599243856332,0.5469314079422383
T0_AL_SELECTED,282,0.25,TEMPORAL,0.005,0.05,0.60025,0.00425,0.9742819376637109,0.56275,0.00325,0.9825783972125436,0.63325,0.1612349914236706
T0_AL_SELECTED,282,0.25,TEMPORAL,0.005,0.1,0.60025,0.00425,0.9742819376637109,0.56275,0.00325,0.9738675958188152,0.7025,0.3196112064036592
T0_AL_SELECTED,282,0.25,TEMPORAL,0.005,0.2,0.60025,0.00425,0.9742819376637109,0.56275,0.00325,0.945121951219512,0.834,0.6203544882790166
T0_AL_SELECTED,282,0.25,DOMAIN_OOD,0.005,0.05,0.505443234836703,0.0025920165889061,0.9704931001566246,0.4608605495075168,0.0041472265422498,0.9932885906040269,0.5375842405391394,0.1423076923076923
T0_AL_SELECTED,282,0.25,DOMAIN_OOD,0.005,0.1,0.505443234836703,0.0025920165889061,0.9704931001566246,0.4608605495075168,0.0041472265422498,0.9932659932659932,0.6137895282529808,0.2836538461538461
T0_AL_SELECTED,282,0.25,DOMAIN_OOD,0.005,0.2,0.505443234836703,0.0025920165889061,0.9704931001566246,0.4608605495075168,0.0041472265422498,0.954468802698145,0.7542768273716952,0.5442307692307692
T0_AL_SELECTED,282,0.25,TEMPLATE_OOD,0.005,0.05,0.5887002341920374,0.0035128805620608,0.974736988580273,0.542447306791569,0.0038056206088992,0.9919678714859438,0.6147540983606558,0.1580294305822137
T0_AL_SELECTED,282,0.25,TEMPLATE_OOD,0.005,0.1,0.5887002341920374,0.0035128805620608,0.974736988580273,0.542447306791569,0.0038056206088992,0.9839034205231388,0.6855971896955504,0.3128598848368522
T0_AL_SELECTED,282,0.25,TEMPLATE_OOD,0.005,0.2,0.5887002341920374,0.0035128805620608,0.974736988580273,0.542447306791569,0.0038056206088992,0.9537223340040242,0.8199648711943794,0.6065259117082533
T0_AL_SELECTED,282,0.25,DOMAIN_TEMPLATE_OOD,0.005,0.05,0.4795037756202804,0.0021574973031283,0.9695466491226956,0.43042071197411,0.0043149946062567,1.0,0.5091693635382956,0.1382575757575757
T0_AL_SELECTED,282,0.25,DOMAIN_TEMPLATE_OOD,0.005,0.1,0.4795037756202804,0.0021574973031283,0.9695466491226956,0.43042071197411,0.0043149946062567,0.9965635738831616,0.5868392664509169,0.2746212121212121
T0_AL_SELECTED,282,0.25,DOMAIN_TEMPLATE_OOD,0.005,0.2,0.4795037756202804,0.0021574973031283,0.9695466491226956,0.43042071197411,0.0043149946062567,0.963855421686747,0.732470334412082,0.5303030303030303
T0_AL_SELECTED,282,0.25,IID_ORIGINAL,0.01,0.05,0.6843100189035917,0.0165579528349222,0.89730697419015,0.6058601134215501,0.0125439036628198,0.9083333333333332,0.7088846880907372,0.2613908872901678
T0_AL_SELECTED,282,0.25,IID_ORIGINAL,0.01,0.1,0.6843100189035917,0.0165579528349222,0.89730697419015,0.6058601134215501,0.0125439036628198,0.8326359832635983,0.7939508506616257,0.4772182254196642
T0_AL_SELECTED,282,0.25,IID_ORIGINAL,0.01,0.2,0.6843100189035917,0.0165579528349222,0.89730697419015,0.6058601134215501,0.0125439036628198,0.559748427672956,0.8582230623818525,0.6402877697841727
T0_AL_SELECTED,282,0.25,IID_BALANCED,0.01,0.05,0.6843100189035917,0.0170132325141776,0.9282775776000642,0.6058601134215501,0.0122873345935727,0.9594594594594594,0.6729678638941399,0.1702637889688249
T0_AL_SELECTED,282,0.25,IID_BALANCED,0.01,0.1,0.6843100189035917,0.0170132325141776,0.9282775776000642,0.6058601134215501,0.0122873345935727,0.9387755102040816,0.7362948960302458,0.3309352517985611
T0_AL_SELECTED,282,0.25,IID_BALANCED,0.01,0.2,0.6843100189035917,0.0170132325141776,0.9282775776000642,0.6058601134215501,0.0122873345935727,0.8020477815699659,0.8279773156899811,0.5635491606714629
T0_AL_SELECTED,282,0.25,TEMPORAL,0.01,0.05,0.76275,0.013,0.9742819376637109,0.6775,0.01,0.9695817490494296,0.74125,0.1976744186046511
T0_AL_SELECTED,282,0.25,TEMPORAL,0.01,0.1,0.76275,0.013,0.9742819376637109,0.6775,0.01,0.9523809523809524,0.8025,0.3875968992248062
T0_AL_SELECTED,282,0.25,TEMPORAL,0.01,0.2,0.76275,0.013,0.9742819376637109,0.6775,0.01,0.901904761904762,0.91425,0.734108527131783
T0_AL_SELECTED,282,0.25,DOMAIN_OOD,0.01,0.05,0.7107309486780715,0.0150336962156557,0.9704931001566246,0.6034214618973561,0.0145152928978745,0.9850746268656716,0.671850699844479,0.1725490196078431
T0_AL_SELECTED,282,0.25,DOMAIN_OOD,0.01,0.1,0.7107309486780715,0.0150336962156557,0.9704931001566246,0.6034214618973561,0.0145152928978745,0.9737827715355806,0.738206324520477,0.3398692810457516
T0_AL_SELECTED,282,0.25,DOMAIN_OOD,0.01,0.2,0.7107309486780715,0.0150336962156557,0.9704931001566246,0.6034214618973561,0.0145152928978745,0.9325842696629212,0.8615863141524106,0.6509803921568628
T0_AL_SELECTED,282,0.25,TEMPLATE_OOD,0.01,0.05,0.7497072599531616,0.0117096018735363,0.974736988580273,0.6627634660421545,0.0102459016393442,0.9779735682819384,0.727751756440281,0.1927083333333333
T0_AL_SELECTED,282,0.25,TEMPLATE_OOD,0.01,0.1,0.7497072599531616,0.0117096018735363,0.974736988580273,0.6627634660421545,0.0102459016393442,0.9625550660792952,0.7906908665105387,0.3793402777777778
T0_AL_SELECTED,282,0.25,TEMPLATE_OOD,0.01,0.2,0.7497072599531616,0.0117096018735363,0.974736988580273,0.6627634660421545,0.0102459016393442,0.9073869900771776,0.903688524590164,0.7144097222222222
T0_AL_SELECTED,282,0.25,DOMAIN_TEMPLATE_OOD,0.01,0.05,0.6898597626752967,0.0124056094929881,0.9695466491226956,0.5814455231930961,0.0134843581445523,1.0,0.6521035598705501,0.1688144329896907
T0_AL_SELECTED,282,0.25,DOMAIN_TEMPLATE_OOD,0.01,0.1,0.6898597626752967,0.0124056094929881,0.9695466491226956,0.5814455231930961,0.0134843581445523,0.9731800766283524,0.7184466019417476,0.327319587628866
T0_AL_SELECTED,282,0.25,DOMAIN_TEMPLATE_OOD,0.01,0.2,0.6898597626752967,0.0124056094929881,0.9695466491226956,0.5814455231930961,0.0134843581445523,0.9424184261036468,0.8462783171521036,0.6327319587628866
T0_AL_SELECTED,282,0.25,IID_ORIGINAL,0.02,0.05,0.7353497164461248,0.0200702458605117,0.89730697419015,0.6559546313799622,0.0195684897139989,0.8620689655172413,0.7504725897920604,0.2747252747252747
T0_AL_SELECTED,282,0.25,IID_ORIGINAL,0.02,0.1,0.7353497164461248,0.0200702458605117,0.89730697419015,0.6559546313799622,0.0195684897139989,0.7198275862068966,0.8137996219281664,0.4587912087912087
T0_AL_SELECTED,282,0.25,IID_ORIGINAL,0.02,0.2,0.7353497164461248,0.0200702458605117,0.89730697419015,0.6559546313799622,0.0195684897139989,0.4741379310344827,0.8638941398865785,0.6043956043956044
T0_AL_SELECTED,282,0.25,IID_BALANCED,0.02,0.05,0.7353497164461248,0.0217391304347826,0.9282775776000642,0.6559546313799622,0.0198487712665406,0.971830985915493,0.72117202268431,0.1895604395604395
T0_AL_SELECTED,282,0.25,IID_BALANCED,0.02,0.1,0.7353497164461248,0.0217391304347826,0.9282775776000642,0.6559546313799622,0.0198487712665406,0.9290780141843972,0.779773156899811,0.3598901098901099
T0_AL_SELECTED,282,0.25,IID_BALANCED,0.02,0.2,0.7353497164461248,0.0217391304347826,0.9282775776000642,0.6559546313799622,0.0198487712665406,0.7295373665480427,0.8497164461247637,0.5631868131868132
T0_AL_SELECTED,282,0.25,TEMPORAL,0.02,0.05,0.8505,0.021,0.9742819376637109,0.76175,0.01675,0.9428571428571428,0.8195,0.2423924449108079
T0_AL_SELECTED,282,0.25,TEMPORAL,0.02,0.1,0.8505,0.021,0.9742819376637109,0.76175,0.01675,0.9202453987730062,0.87425,0.472193074501574
T0_AL_SELECTED,282,0.25,TEMPORAL,0.02,0.2,0.8505,0.021,0.9742819376637109,0.76175,0.01675,0.7597137014314929,0.9475,0.7796432318992654
T0_AL_SELECTED,282,0.25,DOMAIN_OOD,0.02,0.05,0.8232244686365993,0.0259201658890616,0.9704931001566246,0.7086573354069466,0.0254017625712804,0.983739837398374,0.7713841368584758,0.2153024911032028
T0_AL_SELECTED,282,0.25,DOMAIN_OOD,0.02,0.1,0.8232244686365993,0.0259201658890616,0.9704931001566246,0.7086573354069466,0.0254017625712804,0.9510204081632652,0.8294453084499741,0.4145907473309608
T0_AL_SELECTED,282,0.25,DOMAIN_OOD,0.02,0.2,0.8232244686365993,0.0259201658890616,0.9704931001566246,0.7086573354069466,0.0254017625712804,0.8445807770961146,0.922757905650596,0.7348754448398577
T0_AL_SELECTED,282,0.25,TEMPLATE_OOD,0.02,0.05,0.8427985948477752,0.0199063231850117,0.974736988580273,0.7543911007025761,0.0175644028103044,0.9523809523809524,0.8129391100702577,0.2383790226460071
T0_AL_SELECTED,282,0.25,TEMPLATE_OOD,0.02,0.1,0.8427985948477752,0.0199063231850117,0.974736988580273,0.7543911007025761,0.0175644028103044,0.9214285714285714,0.8676814988290398,0.4612634088200238
T0_AL_SELECTED,282,0.25,TEMPLATE_OOD,0.02,0.2,0.8427985948477752,0.0199063231850117,0.974736988580273,0.7543911007025761,0.0175644028103044,0.768772348033373,0.9432084309133488,0.768772348033373
T0_AL_SELECTED,282,0.25,DOMAIN_TEMPLATE_OOD,0.02,0.05,0.8052858683926645,0.0226537216828478,0.9695466491226956,0.6957928802588996,0.0242718446601941,0.9915966386554622,0.7594390507011867,0.2092198581560283
T0_AL_SELECTED,282,0.25,DOMAIN_TEMPLATE_OOD,0.02,0.1,0.8052858683926645,0.0226537216828478,0.9695466491226956,0.6957928802588996,0.0242718446601941,0.953781512605042,0.8182308522114348,0.4024822695035461
T0_AL_SELECTED,282,0.25,DOMAIN_TEMPLATE_OOD,0.02,0.2,0.8052858683926645,0.0226537216828478,0.9695466491226956,0.6957928802588996,0.0242718446601941,0.8463157894736842,0.912621359223301,0.7127659574468085
DAPT_AL_SELECTED,282,0.25,IID_ORIGINAL,0.005,0.05,0.5954631379962193,0.0050175614651279,0.9062800725119484,0.4763705103969754,0.0030105368790767,0.9609375,0.5926275992438563,0.2220216606498194
DAPT_AL_SELECTED,282,0.25,IID_ORIGINAL,0.005,0.1,0.5954631379962193,0.0050175614651279,0.9062800725119484,0.4763705103969754,0.0030105368790767,0.9529411764705882,0.7060491493383743,0.4386281588447653
DAPT_AL_SELECTED,282,0.25,IID_ORIGINAL,0.005,0.2,0.5954631379962193,0.0050175614651279,0.9062800725119484,0.4763705103969754,0.0030105368790767,0.7328094302554028,0.8289224952741021,0.6732851985559567
DAPT_AL_SELECTED,282,0.25,IID_BALANCED,0.005,0.05,0.5954631379962193,0.0075614366729678,0.934849612333869,0.4763705103969754,0.0028355387523629,0.9506172839506172,0.5491493383742911,0.1389891696750902
DAPT_AL_SELECTED,282,0.25,IID_BALANCED,0.005,0.1,0.5954631379962193,0.0075614366729678,0.934849612333869,0.4763705103969754,0.0028355387523629,0.968944099378882,0.6238185255198487,0.2815884476534296
DAPT_AL_SELECTED,282,0.25,IID_BALANCED,0.005,0.2,0.5954631379962193,0.0075614366729678,0.934849612333869,0.4763705103969754,0.0028355387523629,0.9409937888198758,0.7627599243856332,0.5469314079422383
DAPT_AL_SELECTED,282,0.25,TEMPORAL,0.005,0.05,0.64575,0.006,0.9771341188214256,0.56275,0.00325,0.989547038327526,0.63375,0.1623785020011435
DAPT_AL_SELECTED,282,0.25,TEMPORAL,0.005,0.1,0.64575,0.006,0.9771341188214256,0.56275,0.00325,0.980836236933798,0.7035,0.3218982275586049
DAPT_AL_SELECTED,282,0.25,TEMPORAL,0.005,0.2,0.64575,0.006,0.9771341188214256,0.56275,0.00325,0.9668989547038328,0.84025,0.6346483704974271
DAPT_AL_SELECTED,282,0.25,DOMAIN_OOD,0.005,0.05,0.5712804561949196,0.006739243131156,0.9734596511573947,0.4608605495075168,0.0041472265422498,1.0,0.5381026438569206,0.1432692307692307
DAPT_AL_SELECTED,282,0.25,DOMAIN_OOD,0.005,0.1,0.5712804561949196,0.006739243131156,0.9734596511573947,0.4608605495075168,0.0041472265422498,0.98989898989899,0.6132711249351996,0.2826923076923077
DAPT_AL_SELECTED,282,0.25,DOMAIN_OOD,0.005,0.2,0.5712804561949196,0.006739243131156,0.9734596511573947,0.4608605495075168,0.0041472265422498,0.9747048903878583,0.76049766718507,0.5557692307692308
DAPT_AL_SELECTED,282,0.25,TEMPLATE_OOD,0.005,0.05,0.6323185011709602,0.0046838407494145,0.9768031458451848,0.542447306791569,0.0038056206088992,0.9879518072289156,0.6144613583138173,0.1573896353166986
DAPT_AL_SELECTED,282,0.25,TEMPLATE_OOD,0.005,0.1,0.6323185011709602,0.0046838407494145,0.9768031458451848,0.542447306791569,0.0038056206088992,0.9859154929577464,0.6858899297423887,0.3134996801023672
DAPT_AL_SELECTED,282,0.25,TEMPLATE_OOD,0.005,0.2,0.6323185011709602,0.0046838407494145,0.9768031458451848,0.542447306791569,0.0038056206088992,0.9738430583501008,0.8258196721311475,0.619321817018554
DAPT_AL_SELECTED,282,0.25,DOMAIN_TEMPLATE_OOD,0.005,0.05,0.5420711974110033,0.0048543689320388,0.9734513825258184,0.43042071197411,0.0043149946062567,1.0,0.5091693635382956,0.1382575757575757
DAPT_AL_SELECTED,282,0.25,DOMAIN_TEMPLATE_OOD,0.005,0.1,0.5420711974110033,0.0048543689320388,0.9734513825258184,0.43042071197411,0.0043149946062567,0.9965635738831616,0.5868392664509169,0.2746212121212121
DAPT_AL_SELECTED,282,0.25,DOMAIN_TEMPLATE_OOD,0.005,0.2,0.5420711974110033,0.0048543689320388,0.9734513825258184,0.43042071197411,0.0043149946062567,0.9810671256454389,0.7378640776699029,0.5397727272727273
DAPT_AL_SELECTED,282,0.25,IID_ORIGINAL,0.01,0.05,0.6928166351606805,0.0100351229302558,0.9062800725119484,0.6058601134215501,0.0125439036628198,0.9333333333333332,0.7117202268431002,0.2685851318944844
DAPT_AL_SELECTED,282,0.25,IID_ORIGINAL,0.01,0.1,0.6928166351606805,0.0100351229302558,0.9062800725119484,0.6058601134215501,0.0125439036628198,0.7949790794979079,0.7854442344045368,0.4556354916067146
DAPT_AL_SELECTED,282,0.25,IID_ORIGINAL,0.01,0.2,0.6928166351606805,0.0100351229302558,0.9062800725119484,0.6058601134215501,0.0125439036628198,0.559748427672956,0.8582230623818525,0.6402877697841727
DAPT_AL_SELECTED,282,0.25,IID_BALANCED,0.01,0.05,0.6928166351606805,0.0103969754253308,0.934849612333869,0.6058601134215501,0.0122873345935727,0.945945945945946,0.6720226843100189,0.1678657074340527
DAPT_AL_SELECTED,282,0.25,IID_BALANCED,0.01,0.1,0.6928166351606805,0.0103969754253308,0.934849612333869,0.6058601134215501,0.0122873345935727,0.9387755102040816,0.7362948960302458,0.3309352517985611
DAPT_AL_SELECTED,282,0.25,IID_BALANCED,0.01,0.2,0.6928166351606805,0.0103969754253308,0.934849612333869,0.6058601134215501,0.0122873345935727,0.8088737201365188,0.8298676748582231,0.5683453237410072
DAPT_AL_SELECTED,282,0.25,TEMPORAL,0.01,0.05,0.79275,0.00975,0.9771341188214256,0.6775,0.01,0.9809885931558936,0.742,0.2
DAPT_AL_SELECTED,282,0.25,TEMPORAL,0.01,0.1,0.79275,0.00975,0.9771341188214256,0.6775,0.01,0.9676190476190476,0.8045,0.3937984496124031
DAPT_AL_SELECTED,282,0.25,TEMPORAL,0.01,0.2,0.79275,0.00975,0.9771341188214256,0.6775,0.01,0.9161904761904762,0.918,0.7457364341085271
DAPT_AL_SELECTED,282,0.25,DOMAIN_OOD,0.01,0.05,0.7506480041472265,0.0103680663556246,0.9734596511573947,0.6034214618973561,0.0145152928978745,0.9925373134328358,0.6723691031622603,0.1738562091503268
DAPT_AL_SELECTED,282,0.25,DOMAIN_OOD,0.01,0.1,0.7506480041472265,0.0103680663556246,0.9734596511573947,0.6034214618973561,0.0145152928978745,0.9737827715355806,0.738206324520477,0.3398692810457516
DAPT_AL_SELECTED,282,0.25,DOMAIN_OOD,0.01,0.2,0.7506480041472265,0.0103680663556246,0.9734596511573947,0.6034214618973561,0.0145152928978745,0.9550561797752808,0.8678071539657853,0.6666666666666666
DAPT_AL_SELECTED,282,0.25,TEMPLATE_OOD,0.01,0.05,0.7862997658079626,0.0084894613583138,0.9768031458451848,0.6627634660421545,0.0102459016393442,0.986784140969163,0.7283372365339579,0.1944444444444444
DAPT_AL_SELECTED,282,0.25,TEMPLATE_OOD,0.01,0.1,0.7862997658079626,0.0084894613583138,0.9768031458451848,0.6627634660421545,0.0102459016393442,0.973568281938326,0.7921545667447307,0.3836805555555556
DAPT_AL_SELECTED,282,0.25,TEMPLATE_OOD,0.01,0.2,0.7862997658079626,0.0084894613583138,0.9768031458451848,0.6627634660421545,0.0102459016393442,0.9294377067254684,0.909543325526932,0.7317708333333334
DAPT_AL_SELECTED,282,0.25,DOMAIN_TEMPLATE_OOD,0.01,0.05,0.7303128371089536,0.0086299892125134,0.9734513825258184,0.5814455231930961,0.0134843581445523,1.0,0.6521035598705501,0.1688144329896907
DAPT_AL_SELECTED,282,0.25,DOMAIN_TEMPLATE_OOD,0.01,0.1,0.7303128371089536,0.0086299892125134,0.9734513825258184,0.5814455231930961,0.0134843581445523,0.9808429118773946,0.7195253505933118,0.3298969072164948
DAPT_AL_SELECTED,282,0.25,DOMAIN_TEMPLATE_OOD,0.01,0.2,0.7303128371089536,0.0086299892125134,0.9734513825258184,0.5814455231930961,0.0134843581445523,0.961612284069098,0.8516720604099245,0.645618556701031
DAPT_AL_SELECTED,282,0.25,IID_ORIGINAL,0.02,0.05,0.7665406427221172,0.0331159056698444,0.9062800725119484,0.6559546313799622,0.0195684897139989,0.896551724137931,0.7542533081285444,0.2857142857142857
DAPT_AL_SELECTED,282,0.25,IID_ORIGINAL,0.02,0.1,0.7665406427221172,0.0331159056698444,0.9062800725119484,0.6559546313799622,0.0195684897139989,0.6982758620689655,0.8090737240075614,0.445054945054945
DAPT_AL_SELECTED,282,0.25,IID_ORIGINAL,0.02,0.2,0.7665406427221172,0.0331159056698444,0.9062800725119484,0.6559546313799622,0.0195684897139989,0.4698275862068966,0.8620037807183365,0.5989010989010989
DAPT_AL_SELECTED,282,0.25,IID_BALANCED,0.02,0.05,0.7665406427221172,0.0321361058601134,0.934849612333869,0.6559546313799622,0.0198487712665406,0.943661971830986,0.719281663516068,0.184065934065934
DAPT_AL_SELECTED,282,0.25,IID_BALANCED,0.02,0.1,0.7665406427221172,0.0321361058601134,0.934849612333869,0.6559546313799622,0.0198487712665406,0.9290780141843972,0.779773156899811,0.3598901098901099
DAPT_AL_SELECTED,282,0.25,IID_BALANCED,0.02,0.2,0.7665406427221172,0.0321361058601134,0.934849612333869,0.6559546313799622,0.0198487712665406,0.7259786476868327,0.8487712665406427,0.5604395604395604
DAPT_AL_SELECTED,282,0.25,TEMPORAL,0.02,0.05,0.9055,0.0255,0.9771341188214256,0.76175,0.01675,0.9714285714285714,0.82125,0.2497376705141658
DAPT_AL_SELECTED,282,0.25,TEMPORAL,0.02,0.1,0.9055,0.0255,0.9771341188214256,0.76175,0.01675,0.952965235173824,0.87825,0.4889821615949632
DAPT_AL_SELECTED,282,0.25,TEMPORAL,0.02,0.2,0.9055,0.0255,0.9771341188214256,0.76175,0.01675,0.7607361963190185,0.94775,0.7806925498426023
DAPT_AL_SELECTED,282,0.25,DOMAIN_OOD,0.02,0.05,0.8911353032659409,0.0331778123379989,0.9734596511573947,0.7086573354069466,0.0254017625712804,0.991869918699187,0.7719025401762571,0.2170818505338078
DAPT_AL_SELECTED,282,0.25,DOMAIN_OOD,0.02,0.1,0.8911353032659409,0.0331778123379989,0.9734596511573947,0.7086573354069466,0.0254017625712804,0.9551020408163264,0.8299637117677553,0.4163701067615658
DAPT_AL_SELECTED,282,0.25,DOMAIN_OOD,0.02,0.2,0.8911353032659409,0.0331778123379989,0.9734596511573947,0.7086573354069466,0.0254017625712804,0.8568507157464212,0.9258683255572836,0.7455516014234875
DAPT_AL_SELECTED,282,0.25,TEMPLATE_OOD,0.02,0.05,0.9025175644028104,0.0254683840749414,0.9768031458451848,0.7543911007025761,0.0175644028103044,0.9666666666666668,0.8138173302107728,0.2419547079856972
DAPT_AL_SELECTED,282,0.25,TEMPLATE_OOD,0.02,0.1,0.9025175644028104,0.0254683840749414,0.9768031458451848,0.7543911007025761,0.0175644028103044,0.9523809523809524,0.8714871194379391,0.4767580452920143
DAPT_AL_SELECTED,282,0.25,TEMPLATE_OOD,0.02,0.2,0.9025175644028104,0.0254683840749414,0.9768031458451848,0.7543911007025761,0.0175644028103044,0.7699642431466031,0.9435011709601874,0.7699642431466031
DAPT_AL_SELECTED,282,0.25,DOMAIN_TEMPLATE_OOD,0.02,0.05,0.8818770226537217,0.0312837108953613,0.9734513825258184,0.6957928802588996,0.0242718446601941,0.9915966386554622,0.7594390507011867,0.2092198581560283
DAPT_AL_SELECTED,282,0.25,DOMAIN_TEMPLATE_OOD,0.02,0.1,0.8818770226537217,0.0312837108953613,0.9734513825258184,0.6957928802588996,0.0242718446601941,0.957983193277311,0.8187702265372169,0.4042553191489361
DAPT_AL_SELECTED,282,0.25,DOMAIN_TEMPLATE_OOD,0.02,0.2,0.8818770226537217,0.0312837108953613,0.9734513825258184,0.6957928802588996,0.0242718446601941,0.8652631578947368,0.9174757281553398,0.7287234042553191
