strategy,label_budget,scenario,target_fpr,review_fraction_of_stage1_negatives,stage1_recall_mean,stage1_fpr_mean,dapt_recall_mean,dapt_recall_std,dapt_fpr_mean,dapt_ap_mean,review_precision_mean,capture_rate_mean,assisted_recall_mean,assisted_recall_std,review_fraction_all_mean
RANDOM_GLOBAL,0.1,DOMAIN_OOD,0.005,0.05,0.3590979782270606,0.0066355624675997,0.2832555728356661,0.1034113777321671,0.0044582685329186,0.9250676962426274,0.9726798388205324,0.124904483874496,0.4389320891653706,0.0451166777767122,0.0410316226023846
RANDOM_GLOBAL,0.1,DOMAIN_OOD,0.005,0.1,0.3590979782270606,0.0066355624675997,0.2832555728356661,0.1034113777321671,0.0044582685329186,0.9250676962426274,0.9555272243887416,0.2447898649658647,0.5155520995334371,0.0426984854221052,0.0818558838776568
RANDOM_GLOBAL,0.1,DOMAIN_OOD,0.005,0.2,0.3590979782270606,0.0066355624675997,0.2832555728356661,0.1034113777321671,0.0044582685329186,0.9250676962426274,0.9125326984505084,0.4669747567617383,0.6575427682737169,0.0399848466501551,0.1635044064282011
RANDOM_GLOBAL,0.1,DOMAIN_OOD,0.01,0.05,0.4520476931052359,0.0150336962156557,0.3819077242094349,0.0900826103870958,0.0090720580611715,0.9250676962426274,0.9575636607920618,0.1348115993526635,0.5256609642301711,0.049130244478701,0.0384136858475894
RANDOM_GLOBAL,0.1,DOMAIN_OOD,0.01,0.1,0.4520476931052359,0.0150336962156557,0.3819077242094349,0.0900826103870958,0.0090720580611715,0.9250676962426274,0.9317823399268812,0.2620434504190246,0.5951788491446346,0.0452154492182032,0.0767496111975116
RANDOM_GLOBAL,0.1,DOMAIN_OOD,0.01,0.2,0.4520476931052359,0.0150336962156557,0.3819077242094349,0.0900826103870958,0.0090720580611715,0.9250676962426274,0.8798888055281852,0.4944670543296269,0.7221358216692587,0.0406174504010477,0.153369621565578
RANDOM_GLOBAL,0.1,DOMAIN_OOD,0.02,0.05,0.5484707102125453,0.0307931570762052,0.5387765681700363,0.0828606258700069,0.0217729393468118,0.9250676962426274,0.9374106843029232,0.1486670378899546,0.6153965785381026,0.0398766025045606,0.0356661482633488
RANDOM_GLOBAL,0.1,DOMAIN_OOD,0.02,0.1,0.5484707102125453,0.0307931570762052,0.5387765681700363,0.0828606258700069,0.0217729393468118,0.9250676962426274,0.9043705890800962,0.2862227892941587,0.6771902540176258,0.0383221663627698,0.0711249351995852
RANDOM_GLOBAL,0.1,DOMAIN_OOD,0.02,0.2,0.5484707102125453,0.0307931570762052,0.5387765681700363,0.0828606258700069,0.0217729393468118,0.9250676962426274,0.8255387977440474,0.5217271419617455,0.7834110938310006,0.0328783792231889,0.1421461897356143
RANDOM_GLOBAL,0.1,DOMAIN_TEMPLATE_OOD,0.005,0.05,0.3317691477885652,0.0065264293419633,0.2738942826321467,0.0984002355907731,0.0044768069039913,0.9176004083354398,0.9733971455772966,0.1217490651355271,0.412891046386192,0.046603974067937,0.0416666666666666
RANDOM_GLOBAL,0.1,DOMAIN_TEMPLATE_OOD,0.005,0.1,0.3317691477885652,0.0065264293419633,0.2738942826321467,0.0984002355907731,0.0044768069039913,0.9176004083354398,0.9596975968571062,0.2397205531053818,0.4915318230852211,0.0438175388458885,0.0832254584681769
RANDOM_GLOBAL,0.1,DOMAIN_TEMPLATE_OOD,0.005,0.2,0.3317691477885652,0.0065264293419633,0.2738942826321467,0.0984002355907731,0.0044768069039913,0.9176004083354398,0.9131428586385374,0.4558291644223814,0.6355447680690399,0.0411985724047426,0.1663160733549083
RANDOM_GLOBAL,0.1,DOMAIN_TEMPLATE_OOD,0.01,0.05,0.4253505933117584,0.0148327939590075,0.3644552319309601,0.0877680794340701,0.0088457389428263,0.9176004083354398,0.957335375358339,0.130913292245634,0.5003236245954692,0.0517200950720245,0.0391316073354908
RANDOM_GLOBAL,0.1,DOMAIN_TEMPLATE_OOD,0.01,0.1,0.4253505933117584,0.0148327939590075,0.3644552319309601,0.0877680794340701,0.0088457389428263,0.9176004083354398,0.934047980533822,0.2549591396804634,0.5714131607335491,0.0475637231704082,0.0781283710895361
RANDOM_GLOBAL,0.1,DOMAIN_TEMPLATE_OOD,0.01,0.2,0.4253505933117584,0.0148327939590075,0.3644552319309601,0.0877680794340701,0.0088457389428263,0.9176004083354398,0.8794400051437974,0.4795975596000919,0.7001078748651565,0.0428801646692573,0.1560949298813376
RANDOM_GLOBAL,0.1,DOMAIN_TEMPLATE_OOD,0.02,0.05,0.521413160733549,0.0307443365695792,0.5133225458468177,0.0876224802610545,0.021413160733549,0.9176004083354398,0.9434450784577588,0.1438160505908788,0.5900215749730313,0.0439305589428778,0.0363268608414239
RANDOM_GLOBAL,0.1,DOMAIN_TEMPLATE_OOD,0.02,0.1,0.521413160733549,0.0307443365695792,0.5133225458468177,0.0876224802610545,0.021413160733549,0.9176004083354398,0.9071364118749324,0.276202199039667,0.6530744336569579,0.041648639984239,0.0725188781014023
RANDOM_GLOBAL,0.1,DOMAIN_TEMPLATE_OOD,0.02,0.2,0.521413160733549,0.0307443365695792,0.5133225458468177,0.0876224802610545,0.021413160733549,0.9176004083354398,0.8259660185633818,0.5019231916276715,0.7610571736785329,0.0353270739757357,0.1448759439050701
RANDOM_GLOBAL,0.1,IID_BALANCED,0.005,0.05,0.3940453686200378,0.0085066162570888,0.4433837429111532,0.0718093929798657,0.010586011342155,0.8957591648427204,0.9893944779001445,0.1315620909939427,0.4736294896030245,0.0321714534339764,0.0402173913043478
RANDOM_GLOBAL,0.1,IID_BALANCED,0.005,0.1,0.3940453686200378,0.0085066162570888,0.4433837429111532,0.0718093929798657,0.010586011342155,0.8957591648427204,0.9567695118187816,0.2534824007513324,0.5474480151228733,0.0292235642165375,0.0801512287334593
RANDOM_GLOBAL,0.1,IID_BALANCED,0.005,0.2,0.3940453686200378,0.0085066162570888,0.4433837429111532,0.0718093929798657,0.010586011342155,0.8957591648427204,0.8750984156808771,0.4624247328649331,0.6741965973534971,0.0217826928991997,0.1599716446124763
RANDOM_GLOBAL,0.1,IID_BALANCED,0.01,0.05,0.4611531190926276,0.01351606805293,0.5158790170132326,0.0559012444213715,0.0184310018903591,0.8957591648427204,0.9814905264431882,0.1402174620441239,0.536578449905482,0.0286619637489585,0.0384215500945179
RANDOM_GLOBAL,0.1,IID_BALANCED,0.01,0.1,0.4611531190926276,0.01351606805293,0.5158790170132326,0.0559012444213715,0.0184310018903591,0.8957591648427204,0.9209450067131216,0.2615539498584172,0.6020793950850661,0.0229626555239931,0.0764650283553875
RANDOM_GLOBAL,0.1,IID_BALANCED,0.01,0.2,0.4611531190926276,0.01351606805293,0.5158790170132326,0.0559012444213715,0.0184310018903591,0.8957591648427204,0.8239589535359153,0.4669762104828525,0.7130434782608696,0.0159234632660709,0.1526937618147448
RANDOM_GLOBAL,0.1,IID_BALANCED,0.02,0.05,0.5362948960302457,0.023156899810964,0.597069943289225,0.0406733617405049,0.0331758034026465,0.8957591648427204,0.9384285297443192,0.1468751133980392,0.6043478260869566,0.0230541165062234,0.0362476370510397
RANDOM_GLOBAL,0.1,IID_BALANCED,0.02,0.1,0.5362948960302457,0.023156899810964,0.597069943289225,0.0406733617405049,0.0331758034026465,0.8957591648427204,0.8575050490335132,0.267389273500375,0.6603024574669187,0.0191446507797095,0.0722589792060491
RANDOM_GLOBAL,0.1,IID_BALANCED,0.02,0.2,0.5362948960302457,0.023156899810964,0.597069943289225,0.0406733617405049,0.0331758034026465,0.8957591648427204,0.7519355043501964,0.4674927686136244,0.7534971644612476,0.0148833691609393,0.144234404536862
RANDOM_GLOBAL,0.1,IID_ORIGINAL,0.005,0.05,0.3940453686200378,0.0072252885097842,0.4433837429111532,0.0718093929798657,0.0077772202709483,0.8489525588065451,0.9564395526491708,0.1965029540174425,0.5129489603024575,0.0308342053976187,0.0431006227466404
RANDOM_GLOBAL,0.1,IID_ORIGINAL,0.005,0.1,0.3940453686200378,0.0072252885097842,0.4433837429111532,0.0718093929798657,0.0077772202709483,0.8489525588065451,0.8592389928205147,0.3518808507999971,0.6073724007561437,0.0210840733362551,0.0860373647984267
RANDOM_GLOBAL,0.1,IID_ORIGINAL,0.005,0.2,0.3940453686200378,0.0072252885097842,0.4433837429111532,0.0718093929798657,0.0077772202709483,0.8489525588065451,0.6980829953176599,0.5706625665833188,0.740359168241966,0.0198565212263332,0.1718780727630285
RANDOM_GLOBAL,0.1,IID_ORIGINAL,0.01,0.05,0.4611531190926276,0.0124435524335173,0.5158790170132326,0.0559012444213715,0.0148018063221274,0.8489525588065451,0.917324102346945,0.2052960984567279,0.5716446124763706,0.0272878946093671,0.0417568010488364
RANDOM_GLOBAL,0.1,IID_ORIGINAL,0.01,0.1,0.4611531190926276,0.0124435524335173,0.5158790170132326,0.0559012444213715,0.0148018063221274,0.8489525588065451,0.7954661708686838,0.3549330433223303,0.6525519848771266,0.0193149939878182,0.0833824975417895
RANDOM_GLOBAL,0.1,IID_ORIGINAL,0.01,0.2,0.4611531190926276,0.0124435524335173,0.5158790170132326,0.0559012444213715,0.0148018063221274,0.8489525588065451,0.6283197319427506,0.5590785441924789,0.7632325141776938,0.0184424428215591,0.1665355621107833
RANDOM_GLOBAL,0.1,IID_ORIGINAL,0.02,0.05,0.5362948960302457,0.0223783241344706,0.597069943289225,0.0406733617405049,0.029101856497742,0.8489525588065451,0.8343815036775268,0.2081313976307935,0.6328922495274102,0.0196360916426054,0.0401179941002949
RANDOM_GLOBAL,0.1,IID_ORIGINAL,0.02,0.1,0.5362948960302457,0.0223783241344706,0.597069943289225,0.0406733617405049,0.029101856497742,0.8489525588065451,0.7062003083951721,0.3517179386043266,0.6996219281663516,0.0201628465418091,0.0801376597836774
RANDOM_GLOBAL,0.1,IID_ORIGINAL,0.02,0.2,0.5362948960302457,0.0223783241344706,0.597069943289225,0.0406733617405049,0.029101856497742,0.8489525588065451,0.5422570237740483,0.5387591111661063,0.7868620037807184,0.0172924530561595,0.1600458865945591
RANDOM_GLOBAL,0.1,TEMPLATE_OOD,0.005,0.05,0.4415690866510539,0.0058548009367681,0.4213700234192037,0.0953765861609197,0.0043911007025761,0.9427684015800172,0.9831915224033718,0.1375059924750132,0.5180620608899298,0.0455076724382891,0.0388905152224824
RANDOM_GLOBAL,0.1,TEMPLATE_OOD,0.005,0.1,0.4415690866510539,0.0058548009367681,0.4213700234192037,0.0953765861609197,0.0043911007025761,0.9427684015800172,0.9667896834761204,0.2700171073659909,0.5918618266978923,0.0416143702655712,0.0776932084309133
RANDOM_GLOBAL,0.1,TEMPLATE_OOD,0.005,0.2,0.4415690866510539,0.0058548009367681,0.4213700234192037,0.0953765861609197,0.0043911007025761,0.9427684015800172,0.9146577440353708,0.5107605694732265,0.7258196721311475,0.0375471873080652,0.155327868852459
RANDOM_GLOBAL,0.1,TEMPLATE_OOD,0.01,0.05,0.52903981264637,0.0122072599531615,0.5055327868852458,0.0756452780534436,0.0084309133489461,0.9427684015800172,0.9663231753284164,0.1507713707079526,0.5996779859484778,0.0468569541897109,0.0365339578454332
RANDOM_GLOBAL,0.1,TEMPLATE_OOD,0.01,0.1,0.52903981264637,0.0122072599531615,0.5055327868852458,0.0756452780534436,0.0084309133489461,0.9427684015800172,0.9397571306667498,0.2928469463585722,0.666364168618267,0.0425766667754159,0.0730093676814988
RANDOM_GLOBAL,0.1,TEMPLATE_OOD,0.01,0.2,0.52903981264637,0.0122072599531615,0.5055327868852458,0.0756452780534436,0.0084309133489461,0.9427684015800172,0.8696148727956432,0.5414158054715237,0.7830503512880562,0.0368636713108015,0.1459162763466042
RANDOM_GLOBAL,0.1,TEMPLATE_OOD,0.02,0.05,0.6186475409836065,0.0237997658079625,0.6283665105386417,0.0678082468298093,0.0207845433255269,0.9427684015800172,0.9431198417501844,0.1691761156281147,0.6828747072599531,0.0390207951307502,0.0340163934426229
RANDOM_GLOBAL,0.1,TEMPLATE_OOD,0.02,0.1,0.6186475409836065,0.0237997658079625,0.6283665105386417,0.0678082468298093,0.0207845433255269,0.9427684015800172,0.8970454946620203,0.3217291087599488,0.7406615925058547,0.0370144679559735,0.0679596018735363
RANDOM_GLOBAL,0.1,TEMPLATE_OOD,0.02,0.2,0.6186475409836065,0.0237997658079625,0.6283665105386417,0.0678082468298093,0.0207845433255269,0.9427684015800172,0.7901174813760868,0.5651976355280981,0.8336651053864168,0.0283344541572452,0.135831381733021
RANDOM_GLOBAL,0.1,TEMPORAL,0.005,0.05,0.4572,0.0052499999999999,0.426675,0.0968355600719304,0.004725,0.943735364068765,0.9775401849151232,0.139169902580991,0.5325,0.0423762905408201,0.0385
RANDOM_GLOBAL,0.1,TEMPORAL,0.005,0.1,0.4572,0.0052499999999999,0.426675,0.0968355600719304,0.004725,0.943735364068765,0.961387470884138,0.2734335759622249,0.605175,0.0389923514579747,0.076925
RANDOM_GLOBAL,0.1,TEMPORAL,0.005,0.2,0.4572,0.0052499999999999,0.426675,0.0968355600719304,0.004725,0.943735364068765,0.9064117106228664,0.5154637875703425,0.736125,0.0347593412704492,0.1538
RANDOM_GLOBAL,0.1,TEMPORAL,0.01,0.05,0.544925,0.01105,0.516775,0.074229322784942,0.00975,0.943735364068765,0.9578939118640796,0.1529750838766469,0.6142000000000001,0.0420318662181181,0.03615
RANDOM_GLOBAL,0.1,TEMPORAL,0.01,0.1,0.544925,0.01105,0.516775,0.074229322784942,0.00975,0.943735364068765,0.9316380193763372,0.2971931844769775,0.67965,0.0381346663519923,0.0722625
RANDOM_GLOBAL,0.1,TEMPORAL,0.01,0.2,0.544925,0.01105,0.516775,0.074229322784942,0.00975,0.943735364068765,0.8594620941086906,0.5480266203893194,0.7933749999999999,0.0340190408284668,0.14445
RANDOM_GLOBAL,0.1,TEMPORAL,0.02,0.05,0.6347,0.02165,0.6413,0.0619303820610063,0.0229,0.943735364068765,0.9301684317093736,0.1722495190604674,0.6973499999999999,0.0353809035121113,0.03365
RANDOM_GLOBAL,0.1,TEMPORAL,0.02,0.1,0.6347,0.02165,0.6413,0.0619303820610063,0.0229,0.943735364068765,0.8825165223614455,0.3268758246198142,0.753425,0.0343541704568423,0.0672375
RANDOM_GLOBAL,0.1,TEMPORAL,0.02,0.2,0.6347,0.02165,0.6413,0.0619303820610063,0.0229,0.943735364068765,0.7761707945440838,0.5735303867884075,0.8436,0.026864422983236,0.1344
RANDOM_GLOBAL,0.15,DOMAIN_OOD,0.005,0.05,0.3862104717470191,0.0069466044582685,0.394971487817522,0.0605062770131197,0.0041990668740279,0.9486188064456624,0.9907148481970895,0.1309412569376602,0.4659409020217729,0.0716092453246741,0.0402280974598237
RANDOM_GLOBAL,0.15,DOMAIN_OOD,0.005,0.1,0.3862104717470191,0.0069466044582685,0.394971487817522,0.0605062770131197,0.0041990668740279,0.9486188064456624,0.9781111116016478,0.2583132510556162,0.5434940383618455,0.067215943088626,0.0803784344219803
RANDOM_GLOBAL,0.15,DOMAIN_OOD,0.005,0.2,0.3862104717470191,0.0069466044582685,0.394971487817522,0.0605062770131197,0.0041990668740279,0.9486188064456624,0.9503009127068316,0.5015429014964098,0.6919129082426128,0.0561909501829927,0.1607309486780715
RANDOM_GLOBAL,0.15,DOMAIN_OOD,0.01,0.05,0.4712804561949196,0.0136340072576464,0.4953343701399689,0.0662435918832351,0.0089165370658372,0.9486188064456624,0.9875378814712846,0.1432945767683653,0.5464489372731985,0.0625155378881093,0.0380508035251425
RANDOM_GLOBAL,0.15,DOMAIN_OOD,0.01,0.1,0.4712804561949196,0.0136340072576464,0.4953343701399689,0.0662435918832351,0.0089165370658372,0.9486188064456624,0.968007430277984,0.2801622649652827,0.6182477967858995,0.0587677228149404,0.0758942457231726
RANDOM_GLOBAL,0.15,DOMAIN_OOD,0.01,0.2,0.4712804561949196,0.0136340072576464,0.4953343701399689,0.0662435918832351,0.0089165370658372,0.9486188064456624,0.9254463402363085,0.534427811217012,0.7521513737687922,0.047151877789114,0.1516070502851218
RANDOM_GLOBAL,0.15,DOMAIN_OOD,0.02,0.05,0.5829963711767755,0.0304302747537584,0.6493001555209953,0.0524782193301187,0.0195956454121306,0.9486188064456624,0.964752085093196,0.1612235338984098,0.6501296008294453,0.0234608288423006,0.0347848626231207
RANDOM_GLOBAL,0.15,DOMAIN_OOD,0.02,0.1,0.5829963711767755,0.0304302747537584,0.6493001555209953,0.0524782193301187,0.0195956454121306,0.9486188064456624,0.9453302511767566,0.3154152557375256,0.714307931570762,0.0219606343916875,0.0694401244167962
RANDOM_GLOBAL,0.15,DOMAIN_OOD,0.02,0.2,0.5829963711767755,0.0304302747537584,0.6493001555209953,0.0524782193301187,0.0195956454121306,0.9486188064456624,0.8597476697365918,0.5728835118700688,0.8216174183514774,0.0184847920389295,0.1387247278382581
RANDOM_GLOBAL,0.15,DOMAIN_TEMPLATE_OOD,0.005,0.05,0.3557173678532902,0.0069039913700107,0.3785868392664509,0.0569949930528362,0.0042610571736785,0.9429175883505192,0.9912678532569258,0.1274025209976231,0.4372168284789643,0.0710820876350216,0.0411003236245954
RANDOM_GLOBAL,0.15,DOMAIN_TEMPLATE_OOD,0.005,0.1,0.3557173678532902,0.0069039913700107,0.3785868392664509,0.0569949930528362,0.0042610571736785,0.9429175883505192,0.9796504396779222,0.2512161422737143,0.5164509169363538,0.0665467609086277,0.0820118662351672
RANDOM_GLOBAL,0.15,DOMAIN_TEMPLATE_OOD,0.005,0.2,0.3557173678532902,0.0069039913700107,0.3785868392664509,0.0569949930528362,0.0042610571736785,0.9429175883505192,0.9531859262911198,0.4880964294776756,0.6682308522114347,0.0562540099033693,0.1638349514563107
RANDOM_GLOBAL,0.15,DOMAIN_TEMPLATE_OOD,0.01,0.05,0.4423948220064725,0.0137540453074433,0.4728155339805825,0.0639659444137477,0.0088457389428263,0.9429175883505192,0.9879267227755214,0.1382116575041446,0.5189320388349514,0.0628408770017596,0.0387270765911542
RANDOM_GLOBAL,0.15,DOMAIN_TEMPLATE_OOD,0.01,0.1,0.4423948220064725,0.0137540453074433,0.4728155339805825,0.0639659444137477,0.0088457389428263,0.9429175883505192,0.9683423677335524,0.270558537886795,0.5922330097087378,0.0589090713205231,0.0773462783171521
RANDOM_GLOBAL,0.15,DOMAIN_TEMPLATE_OOD,0.01,0.2,0.4423948220064725,0.0137540453074433,0.4728155339805825,0.0639659444137477,0.0088457389428263,0.9429175883505192,0.9276199687167566,0.5173341560554257,0.7293419633225457,0.047524017151338,0.1545307443365696
RANDOM_GLOBAL,0.15,DOMAIN_TEMPLATE_OOD,0.02,0.05,0.5596008629989212,0.0303667745415318,0.6222761596548004,0.0549821219483484,0.0188781014023732,0.9429175883505192,0.9669747642115688,0.1556404398173183,0.6280474649406689,0.0252108378368494,0.0353829557713052
RANDOM_GLOBAL,0.15,DOMAIN_TEMPLATE_OOD,0.02,0.1,0.5596008629989212,0.0303667745415318,0.6222761596548004,0.0549821219483484,0.0188781014023732,0.9429175883505192,0.9451741573349371,0.3037175198813705,0.6931499460625674,0.0232681663637043,0.070631067961165
RANDOM_GLOBAL,0.15,DOMAIN_TEMPLATE_OOD,0.02,0.2,0.5596008629989212,0.0303667745415318,0.6222761596548004,0.0549821219483484,0.0188781014023732,0.9429175883505192,0.8576254744030779,0.5503937339171358,0.801779935275081,0.0187746519159784,0.1411272923408845
RANDOM_GLOBAL,0.15,IID_BALANCED,0.005,0.05,0.426937618147448,0.0092627599243856,0.5074669187145557,0.0571578853144937,0.0098298676748582,0.9091478287126712,0.99137079345477,0.1366585361760112,0.5049149338374291,0.0523242251207568,0.0393194706994328
RANDOM_GLOBAL,0.15,IID_BALANCED,0.005,0.1,0.426937618147448,0.0092627599243856,0.5074669187145557,0.0571578853144937,0.0098298676748582,0.9091478287126712,0.9692017811506488,0.2664862673770377,0.5789224952741021,0.0497859383369483,0.0784026465028355
RANDOM_GLOBAL,0.15,IID_BALANCED,0.005,0.2,0.426937618147448,0.0092627599243856,0.5074669187145557,0.0571578853144937,0.0098298676748582,0.9091478287126712,0.8972972145409914,0.4919455100083642,0.7082230623818526,0.0362169498823843,0.1565689981096408
RANDOM_GLOBAL,0.15,IID_BALANCED,0.01,0.05,0.4871455576559546,0.0138941398865784,0.565406427221172,0.0479239086832242,0.015406427221172,0.9091478287126712,0.9873817936422784,0.1455563266134854,0.561531190926276,0.0406059484969509,0.0376654064272211
RANDOM_GLOBAL,0.15,IID_BALANCED,0.01,0.1,0.4871455576559546,0.0138941398865784,0.565406427221172,0.0479239086832242,0.015406427221172,0.9091478287126712,0.9450286541878508,0.2778654824486121,0.6292060491493384,0.0374273346362595,0.0751417769376181
RANDOM_GLOBAL,0.15,IID_BALANCED,0.01,0.2,0.4871455576559546,0.0138941398865784,0.565406427221172,0.0479239086832242,0.015406427221172,0.9091478287126712,0.8531605684080279,0.500285911239249,0.7435727788279773,0.0243353917456018,0.150094517958412
RANDOM_GLOBAL,0.15,IID_BALANCED,0.02,0.05,0.5689035916824197,0.0237240075614366,0.6496219281663517,0.0304421852890086,0.0264650283553875,0.9091478287126712,0.9612706459865796,0.1580500107104618,0.6369565217391304,0.0186894508268132,0.0353969754253308
RANDOM_GLOBAL,0.15,IID_BALANCED,0.02,0.1,0.5689035916824197,0.0237240075614366,0.6496219281663517,0.0304421852890086,0.0264650283553875,0.9091478287126712,0.8967232772604381,0.2939891543828094,0.6955576559546314,0.0164342302722498,0.0706049149338374
RANDOM_GLOBAL,0.15,IID_BALANCED,0.02,0.2,0.5689035916824197,0.0237240075614366,0.6496219281663517,0.0304421852890086,0.0264650283553875,0.9091478287126712,0.7647718346489345,0.5000192514657273,0.7845935727788279,0.0093933289345976,0.1409262759924385
RANDOM_GLOBAL,0.15,IID_ORIGINAL,0.005,0.05,0.426937618147448,0.0072252885097842,0.5074669187145557,0.0571578853144937,0.007375815353738,0.868314681369235,0.965053153900932,0.2074240412719303,0.545179584120983,0.0519682622242709,0.0424778761061946
RANDOM_GLOBAL,0.15,IID_ORIGINAL,0.005,0.1,0.426937618147448,0.0072252885097842,0.5074669187145557,0.0571578853144937,0.007375815353738,0.868314681369235,0.8891075397389703,0.380950743406469,0.6446124763705103,0.0425062343799175,0.084824647656506
RANDOM_GLOBAL,0.15,IID_ORIGINAL,0.005,0.2,0.426937618147448,0.0072252885097842,0.5074669187145557,0.0571578853144937,0.007375815353738,0.868314681369235,0.7036670549962483,0.6008049255979995,0.7717391304347826,0.0176447586981044,0.1695837430350704
RANDOM_GLOBAL,0.15,IID_ORIGINAL,0.01,0.05,0.4871455576559546,0.0119919719016557,0.565406427221172,0.0479239086832242,0.0125439036628198,0.868314681369235,0.9379861141645638,0.2188739637250689,0.5989603024574669,0.0399320197346965,0.0413307112422156
RANDOM_GLOBAL,0.15,IID_ORIGINAL,0.01,0.1,0.4871455576559546,0.0119919719016557,0.565406427221172,0.0479239086832242,0.0125439036628198,0.868314681369235,0.8387503789489246,0.3897955006842301,0.6868620037807183,0.029896010158142,0.0824975417895771
RANDOM_GLOBAL,0.15,IID_ORIGINAL,0.01,0.2,0.4871455576559546,0.0119919719016557,0.565406427221172,0.0479239086832242,0.0125439036628198,0.868314681369235,0.6345331280069993,0.5875526467345256,0.7892249527410208,0.0108501420023456,0.1647984267453294
RANDOM_GLOBAL,0.15,IID_ORIGINAL,0.02,0.05,0.5689035916824197,0.0227797290516808,0.6496219281663517,0.0304421852890086,0.0240341194179628,0.868314681369235,0.8673535973971106,0.2297891629095292,0.6678638941398866,0.0183828722238224,0.0395607997377908
RANDOM_GLOBAL,0.15,IID_ORIGINAL,0.02,0.1,0.5689035916824197,0.0227797290516808,0.6496219281663517,0.0304421852890086,0.0240341194179628,0.868314681369235,0.7415769106087633,0.3919248737349488,0.7378071833648393,0.0156847925058319,0.0789577187807276
RANDOM_GLOBAL,0.15,IID_ORIGINAL,0.02,0.2,0.5689035916824197,0.0227797290516808,0.6496219281663517,0.0304421852890086,0.0240341194179628,0.868314681369235,0.527171714797771,0.5555812639226068,0.808790170132325,0.0084545302631638,0.1576860045886594
RANDOM_GLOBAL,0.15,TEMPLATE_OOD,0.005,0.05,0.4658957845433255,0.0061182669789227,0.5137587822014051,0.0549166595754672,0.0042447306791569,0.958761586832917,0.9913501677973222,0.1436033708066497,0.5418032786885246,0.0682626158574928,0.0382757611241217
RANDOM_GLOBAL,0.15,TEMPLATE_OOD,0.005,0.1,0.4658957845433255,0.0061182669789227,0.5137587822014051,0.0549166595754672,0.0042447306791569,0.958761586832917,0.981145223819828,0.2839066544356149,0.615983606557377,0.064057664559223,0.076463700234192
RANDOM_GLOBAL,0.15,TEMPLATE_OOD,0.005,0.2,0.4658957845433255,0.0061182669789227,0.5137587822014051,0.0549166595754672,0.0042447306791569,0.958761586832917,0.9460885950414676,0.5469170004407544,0.7553571428571428,0.0536663561192527,0.1528688524590164
RANDOM_GLOBAL,0.15,TEMPLATE_OOD,0.01,0.05,0.5458723653395785,0.0113290398126463,0.5936768149882904,0.0552242544072816,0.0079332552693208,0.958761586832917,0.9884381491793156,0.1590487358020201,0.6173302107728337,0.0611766466114023,0.0361387587822014
RANDOM_GLOBAL,0.15,TEMPLATE_OOD,0.01,0.1,0.5458723653395785,0.0113290398126463,0.5936768149882904,0.0552242544072816,0.0079332552693208,0.958761586832917,0.9679487238109286,0.311003112964302,0.6856850117096018,0.056901960267296,0.0721896955503512
RANDOM_GLOBAL,0.15,TEMPLATE_OOD,0.01,0.2,0.5458723653395785,0.0113290398126463,0.5936768149882904,0.0552242544072816,0.0079332552693208,0.958761586832917,0.9078862083610936,0.5823644597794692,0.8082845433255269,0.0447832635460763,0.1443354800936768
RANDOM_GLOBAL,0.15,TEMPLATE_OOD,0.02,0.05,0.6513758782201405,0.0227751756440281,0.7132025761124121,0.0415179860768247,0.0179156908665105,0.958761586832917,0.9654647931882716,0.1843722214997277,0.7154859484777518,0.0231647023928529,0.0331967213114754
RANDOM_GLOBAL,0.15,TEMPLATE_OOD,0.02,0.1,0.6513758782201405,0.0227751756440281,0.7132025761124121,0.0415179860768247,0.0179156908665105,0.958761586832917,0.9352295188790668,0.3569733637224785,0.7754976580796253,0.0216317310129753,0.066349531615925
RANDOM_GLOBAL,0.15,TEMPLATE_OOD,0.02,0.2,0.6513758782201405,0.0227751756440281,0.7132025761124121,0.0415179860768247,0.0179156908665105,0.958761586832917,0.8116983256527929,0.6186938815823688,0.8668032786885245,0.0167809258172909,0.1326258782201405
RANDOM_GLOBAL,0.15,TEMPORAL,0.005,0.05,0.4854,0.0054,0.5232,0.0571448938129111,0.004575,0.9593083763379034,0.9901888542129564,0.1470874472054111,0.56025,0.0675904743452967,0.0377875
RANDOM_GLOBAL,0.15,TEMPORAL,0.005,0.1,0.4854,0.0054,0.5232,0.0571448938129111,0.004575,0.9593083763379034,0.9765635014903228,0.2899119494271143,0.63295,0.063504571139057,0.075525
RANDOM_GLOBAL,0.15,TEMPORAL,0.005,0.2,0.4854,0.0054,0.5232,0.0571448938129111,0.004575,0.9593083763379034,0.936200832914076,0.5551069520030276,0.7683,0.0531125377539678,0.150975
RANDOM_GLOBAL,0.15,TEMPORAL,0.01,0.05,0.5642750000000001,0.010075,0.6048,0.0538941606814277,0.008725,0.9593083763379034,0.986121513490644,0.1634350982592776,0.6346999999999999,0.0592995924662781,0.0356999999999999
RANDOM_GLOBAL,0.15,TEMPORAL,0.01,0.1,0.5642750000000001,0.010075,0.6048,0.0538941606814277,0.008725,0.9593083763379034,0.9587598214653198,0.3174449457600797,0.7011499999999999,0.0552446830020772,0.07135
RANDOM_GLOBAL,0.15,TEMPORAL,0.01,0.2,0.5642750000000001,0.010075,0.6048,0.0538941606814277,0.008725,0.9593083763379034,0.8936506753435914,0.5905986451877812,0.8195,0.0438390363843813,0.142625
RANDOM_GLOBAL,0.15,TEMPORAL,0.02,0.05,0.66625,0.020675,0.7224999999999999,0.0383057872041984,0.020325,0.9593083763379034,0.9539392534129598,0.188465065714001,0.7289749999999999,0.0220007733449935,0.032875
RANDOM_GLOBAL,0.15,TEMPORAL,0.02,0.1,0.66625,0.020675,0.7224999999999999,0.0383057872041984,0.020325,0.9593083763379034,0.9148780698670042,0.36115024920312,0.78645,0.0207464187003176,0.0656875
RANDOM_GLOBAL,0.15,TEMPORAL,0.02,0.2,0.66625,0.020675,0.7224999999999999,0.0383057872041984,0.020325,0.9593083763379034,0.7949621606480781,0.6267878247652405,0.8752000000000001,0.0156962486671886,0.13135
RANDOM_GLOBAL,0.2,DOMAIN_OOD,0.005,0.05,0.4417314670813893,0.0076723691031622,0.4839813374805598,0.1071537414586016,0.0033177812337998,0.95632444068885,0.9927072300551426,0.1399257005148526,0.518921721099015,0.079018678964945,0.0388802488335925
RANDOM_GLOBAL,0.2,DOMAIN_OOD,0.005,0.1,0.4417314670813893,0.0076723691031622,0.4839813374805598,0.1071537414586016,0.0033177812337998,0.95632444068885,0.9856424609540362,0.2773288119352439,0.5947641264904096,0.074680491759538,0.0776308968377397
RANDOM_GLOBAL,0.2,DOMAIN_OOD,0.005,0.2,0.4417314670813893,0.0076723691031622,0.4839813374805598,0.1071537414586016,0.0033177812337998,0.95632444068885,0.9464618889958922,0.5315908668726134,0.7355624675997927,0.0638272411334143,0.1551321928460342
RANDOM_GLOBAL,0.2,DOMAIN_OOD,0.01,0.05,0.5110419906687402,0.013063763608087,0.6098496630378435,0.0911896175311017,0.0098496630378434,0.95632444068885,0.9910426026262136,0.1505847175302722,0.5843442198030068,0.0390230658477441,0.036988076723691
RANDOM_GLOBAL,0.2,DOMAIN_OOD,0.01,0.1,0.5110419906687402,0.013063763608087,0.6098496630378435,0.0911896175311017,0.0098496630378434,0.95632444068885,0.9828769972587226,0.2983234558105967,0.656298600311042,0.0368005505134795,0.0738983929497148
RANDOM_GLOBAL,0.2,DOMAIN_OOD,0.01,0.2,0.5110419906687402,0.013063763608087,0.6098496630378435,0.0911896175311017,0.0098496630378434,0.95632444068885,0.9198042322690472,0.5576323100089432,0.7827371695178849,0.0316772754720493,0.1476671850699844
RANDOM_GLOBAL,0.2,DOMAIN_OOD,0.02,0.05,0.6071021254536029,0.0295489891135303,0.7217729393468117,0.0707894446739121,0.0224987039917055,0.95632444068885,0.9809553733450824,0.1711924759959261,0.6742353551062726,0.0221282594860565,0.0342146189735614
RANDOM_GLOBAL,0.2,DOMAIN_OOD,0.02,0.1,0.6071021254536029,0.0295489891135303,0.7217729393468117,0.0707894446739121,0.0224987039917055,0.95632444068885,0.9552309126327688,0.3325617403085638,0.7375842405391395,0.01959262801765,0.0682737169517885
RANDOM_GLOBAL,0.2,DOMAIN_OOD,0.02,0.2,0.6071021254536029,0.0295489891135303,0.7217729393468117,0.0707894446739121,0.0224987039917055,0.95632444068885,0.8503351353124335,0.5909948372010115,0.8393468118195957,0.0126380118126643,0.1364437532400207
RANDOM_GLOBAL,0.2,DOMAIN_TEMPLATE_OOD,0.005,0.05,0.409277238403452,0.0076591154261057,0.4658036677454153,0.1043884656892595,0.0030744336569579,0.9520163335593508,0.9925678087598824,0.1349285900329863,0.4881337648327939,0.0799394887053984,0.0397249190938511
RANDOM_GLOBAL,0.2,DOMAIN_TEMPLATE_OOD,0.005,0.1,0.409277238403452,0.0076591154261057,0.4658036677454153,0.1043884656892595,0.0030744336569579,0.9520163335593508,0.9863778560067044,0.2676966021353169,0.5657497303128372,0.0755562491509957,0.0793149946062567
RANDOM_GLOBAL,0.2,DOMAIN_TEMPLATE_OOD,0.005,0.2,0.409277238403452,0.0076591154261057,0.4658036677454153,0.1043884656892595,0.0030744336569579,0.9520163335593508,0.9505713070621308,0.5149171475664716,0.7107335490830636,0.0644732461710744,0.1584681769147788
RANDOM_GLOBAL,0.2,DOMAIN_TEMPLATE_OOD,0.01,0.05,0.482740021574973,0.0129989212513484,0.5886192017259979,0.0961287693055063,0.0094390507011866,0.9520163335593508,0.9923058886030204,0.1453912665387697,0.5576051779935275,0.0414549319281406,0.0377292340884573
RANDOM_GLOBAL,0.2,DOMAIN_TEMPLATE_OOD,0.01,0.1,0.482740021574973,0.0129989212513484,0.5886192017259979,0.0961287693055063,0.0094390507011866,0.9520163335593508,0.9838939698888938,0.2877073559789632,0.6309600862998921,0.0387189124980139,0.0753236245954692
RANDOM_GLOBAL,0.2,DOMAIN_TEMPLATE_OOD,0.01,0.2,0.482740021574973,0.0129989212513484,0.5886192017259979,0.0961287693055063,0.0094390507011866,0.9520163335593508,0.9243639730313276,0.539820307342174,0.7610032362459547,0.0334928342227952,0.1504854368932038
RANDOM_GLOBAL,0.2,DOMAIN_TEMPLATE_OOD,0.02,0.05,0.582470334412082,0.0295037756202804,0.7000539374325782,0.0766094899492886,0.0218985976267529,0.9520163335593508,0.9797664443828896,0.1638766535231716,0.6507551240560949,0.0238970490145101,0.0348435814455231
RANDOM_GLOBAL,0.2,DOMAIN_TEMPLATE_OOD,0.02,0.1,0.582470334412082,0.0295037756202804,0.7000539374325782,0.0766094899492886,0.0218985976267529,0.9520163335593508,0.95856349668008,0.3197983488715968,0.7158036677454154,0.0212297838166238,0.0695253505933117
RANDOM_GLOBAL,0.2,DOMAIN_TEMPLATE_OOD,0.02,0.2,0.582470334412082,0.0295037756202804,0.7000539374325782,0.0766094899492886,0.0218985976267529,0.9520163335593508,0.8521052345438622,0.5674773133955733,0.8194714131607336,0.0135048388154338,0.1389428263214671
RANDOM_GLOBAL,0.2,IID_BALANCED,0.005,0.05,0.4666351606805293,0.0086011342155009,0.5548204158790171,0.0470315890534015,0.0088846880907372,0.9215742135953624,0.995072653250364,0.1434434351264945,0.5429111531190927,0.0362940208534126,0.0383270321361058
RANDOM_GLOBAL,0.2,IID_BALANCED,0.005,0.1,0.4666351606805293,0.0086011342155009,0.5548204158790171,0.0470315890534015,0.0088846880907372,0.9215742135953624,0.9713662703091148,0.279073711530844,0.6151228733459357,0.0331660928718261,0.0764177693761814
RANDOM_GLOBAL,0.2,IID_BALANCED,0.005,0.2,0.4666351606805293,0.0086011342155009,0.5548204158790171,0.0470315890534015,0.0088846880907372,0.9215742135953624,0.8959929808988166,0.5139856480684828,0.7405482041587902,0.0228641005754491,0.1527410207939508
RANDOM_GLOBAL,0.2,IID_BALANCED,0.01,0.05,0.5167296786389415,0.0121928166351606,0.6300567107750472,0.0357650537070533,0.0169187145557655,0.9215742135953624,0.988476096688122,0.1516304061554306,0.5899810964083175,0.0133579436564474,0.0370510396975425
RANDOM_GLOBAL,0.2,IID_BALANCED,0.01,0.1,0.5167296786389415,0.0121928166351606,0.6300567107750472,0.0357650537070533,0.0169187145557655,0.9215742135953624,0.9531790688703504,0.2911152088249558,0.6573724007561437,0.0121226420967681,0.0737712665406427
RANDOM_GLOBAL,0.2,IID_BALANCED,0.01,0.2,0.5167296786389415,0.0121928166351606,0.6300567107750472,0.0357650537070533,0.0169187145557655,0.9215742135953624,0.8567104790341332,0.5222985950718027,0.769187145557656,0.0059076874522164,0.1473062381852551
RANDOM_GLOBAL,0.2,IID_BALANCED,0.02,0.05,0.5897920604914934,0.0226843100189035,0.6998109640831758,0.0198622692424404,0.0284499054820415,0.9215742135953624,0.9754278822319786,0.1661312212668714,0.6578449905482042,0.0216499086863383,0.0348771266540642
RANDOM_GLOBAL,0.2,IID_BALANCED,0.02,0.1,0.5897920604914934,0.0226843100189035,0.6998109640831758,0.0198622692424404,0.0284499054820415,0.9215742135953624,0.9233583806316707,0.3132536708321639,0.7182419659735351,0.0177468496467904,0.0695179584120983
RANDOM_GLOBAL,0.2,IID_BALANCED,0.02,0.2,0.5897920604914934,0.0226843100189035,0.6998109640831758,0.0198622692424404,0.0284499054820415,0.9215742135953624,0.7655805166237372,0.5186638127272325,0.8027410207939509,0.0099535981980345,0.1389413988657845
RANDOM_GLOBAL,0.2,IID_ORIGINAL,0.005,0.05,0.4666351606805293,0.0071249372804816,0.5548204158790171,0.0470315890534015,0.0062719518314099,0.8862087606747984,0.9771338570660176,0.2214418954350231,0.5844045368620038,0.0350639120710902,0.0417895771878072
RANDOM_GLOBAL,0.2,IID_ORIGINAL,0.005,0.1,0.4666351606805293,0.0071249372804816,0.5548204158790171,0.0470315890534015,0.0062719518314099,0.8862087606747984,0.9033103012635012,0.4084136471927871,0.6842155009451796,0.0268650197017112,0.083480825958702
RANDOM_GLOBAL,0.2,IID_ORIGINAL,0.005,0.2,0.4666351606805293,0.0071249372804816,0.5548204158790171,0.0470315890534015,0.0062719518314099,0.8862087606747984,0.6860637019606961,0.6188587438622403,0.797069943289225,0.0122351175872895,0.1668305473615208
RANDOM_GLOBAL,0.2,IID_ORIGINAL,0.01,0.05,0.5167296786389415,0.0109884596086302,0.6300567107750472,0.0357650537070533,0.013647767185148,0.8862087606747984,0.9614313189214844,0.234551931347356,0.6300567107750472,0.0122363344670565,0.040871845296624
RANDOM_GLOBAL,0.2,IID_ORIGINAL,0.01,0.1,0.5167296786389415,0.0109884596086302,0.6300567107750472,0.0357650537070533,0.013647767185148,0.8862087606747984,0.8611382447544225,0.4189043048329899,0.719187145557656,0.0088939562950725,0.0815142576204523
RANDOM_GLOBAL,0.2,IID_ORIGINAL,0.01,0.2,0.5167296786389415,0.0109884596086302,0.6300567107750472,0.0357650537070533,0.013647767185148,0.8862087606747984,0.6228470515660052,0.6051332641476954,0.8092627599243857,0.0086259684731682,0.1628318584070796
RANDOM_GLOBAL,0.2,IID_ORIGINAL,0.02,0.05,0.5897920604914934,0.0218765679879578,0.6998109640831758,0.0198622692424404,0.0254892122428499,0.8862087606747984,0.898347539399057,0.2475166740168299,0.691304347826087,0.018570901468017,0.0391674860701409
RANDOM_GLOBAL,0.2,IID_ORIGINAL,0.02,0.1,0.5897920604914934,0.0218765679879578,0.6998109640831758,0.0198622692424404,0.0254892122428499,0.8862087606747984,0.7632930722118111,0.4197787223977804,0.7620982986767486,0.012704766935767,0.0782366437233693
RANDOM_GLOBAL,0.2,IID_ORIGINAL,0.02,0.2,0.5897920604914934,0.0218765679879578,0.6998109640831758,0.0198622692424404,0.0254892122428499,0.8862087606747984,0.518321373167636,0.5688626748586941,0.8236294896030245,0.0087561705117343,0.1563094067518846
RANDOM_GLOBAL,0.2,TEMPLATE_OOD,0.005,0.05,0.5109777517564403,0.0065573770491803,0.5879098360655738,0.0838870428486602,0.0035128805620608,0.9657838802013964,0.9931738350475356,0.1534647272422123,0.584748243559719,0.0835062898199804,0.0371340749414519
RANDOM_GLOBAL,0.2,TEMPLATE_OOD,0.005,0.1,0.5109777517564403,0.0065573770491803,0.5879098360655738,0.0838870428486602,0.0035128805620608,0.9657838802013964,0.9874880517149084,0.3047068918793018,0.657523419203747,0.0784478330175015,0.0741803278688524
RANDOM_GLOBAL,0.2,TEMPLATE_OOD,0.005,0.2,0.5109777517564403,0.0065573770491803,0.5879098360655738,0.0838870428486602,0.0035128805620608,0.9657838802013964,0.9373532850113389,0.5765096475473588,0.7895491803278689,0.0621370124250958,0.1483167447306791
RANDOM_GLOBAL,0.2,TEMPLATE_OOD,0.01,0.05,0.5779859484777518,0.0103922716627634,0.6858606557377049,0.0747952506474151,0.0090163934426229,0.9657838802013964,0.9933434560045332,0.1675704345448898,0.6482142857142856,0.0430873064370969,0.0353483606557377
RANDOM_GLOBAL,0.2,TEMPLATE_OOD,0.01,0.1,0.5779859484777518,0.0103922716627634,0.6858606557377049,0.0747952506474151,0.0090163934426229,0.9657838802013964,0.9828237019418322,0.3311943373309937,0.7168618266978923,0.0399820465040935,0.0706381733021077
RANDOM_GLOBAL,0.2,TEMPLATE_OOD,0.01,0.2,0.5779859484777518,0.0103922716627634,0.6858606557377049,0.0747952506474151,0.0090163934426229,0.9657838802013964,0.9047943899014272,0.6086632719322347,0.8337529274004684,0.030870915021836,0.1412177985948478
RANDOM_GLOBAL,0.2,TEMPLATE_OOD,0.02,0.05,0.668384074941452,0.0217798594847775,0.7736826697892272,0.0585955521904919,0.019291569086651,0.9657838802013964,0.98293196788242,0.1948040626574453,0.7328747072599532,0.0171797647349657,0.0328015222482435
RANDOM_GLOBAL,0.2,TEMPLATE_OOD,0.02,0.1,0.668384074941452,0.0217798594847775,0.7736826697892272,0.0585955521904919,0.019291569086651,0.9657838802013964,0.9491059389642744,0.3755641556839259,0.7928571428571429,0.0133846207409675,0.0655444964871194
RANDOM_GLOBAL,0.2,TEMPLATE_OOD,0.02,0.2,0.668384074941452,0.0217798594847775,0.7736826697892272,0.0585955521904919,0.019291569086651,0.9657838802013964,0.8139181561878409,0.6433428054523412,0.8818501170960188,0.0117211431543608,0.1310304449648712
RANDOM_GLOBAL,0.2,TEMPORAL,0.005,0.05,0.532125,0.005775,0.5948,0.0827661363924481,0.003975,0.966718911741462,0.9927592247706548,0.158021284480101,0.604825,0.0780663935733908,0.0366125
RANDOM_GLOBAL,0.2,TEMPORAL,0.005,0.1,0.532125,0.005775,0.5948,0.0827661363924481,0.003975,0.966718911741462,0.9855131163802548,0.3132557736877133,0.67635,0.0731832934790751,0.07315
RANDOM_GLOBAL,0.2,TEMPORAL,0.005,0.2,0.532125,0.005775,0.5948,0.0827661363924481,0.003975,0.966718911741462,0.9272505778843444,0.587277900983566,0.803875,0.0570029543581344,0.14625
RANDOM_GLOBAL,0.2,TEMPORAL,0.01,0.05,0.59715,0.009225,0.693625,0.0703611961003127,0.00965,0.966718911741462,0.9903195287118274,0.1726996764678796,0.66625,0.0401979477088072,0.0348875
RANDOM_GLOBAL,0.2,TEMPORAL,0.01,0.1,0.59715,0.009225,0.693625,0.0703611961003127,0.00965,0.966718911741462,0.977885602995294,0.3406802844819864,0.733575,0.0369267386561253,0.0697375
RANDOM_GLOBAL,0.2,TEMPORAL,0.01,0.2,0.59715,0.009225,0.693625,0.0703611961003127,0.00965,0.966718911741462,0.8922945291055241,0.6206649413007248,0.8461500000000001,0.0287588633680509,0.1394125
RANDOM_GLOBAL,0.2,TEMPORAL,0.02,0.05,0.684025,0.019925,0.78015,0.0543406436799892,0.020225,0.966718911741462,0.9771266588432448,0.2011026737658036,0.747475,0.0157142230337854,0.0324625
RANDOM_GLOBAL,0.2,TEMPORAL,0.02,0.1,0.684025,0.019925,0.78015,0.0543406436799892,0.020225,0.966718911741462,0.9366859004491366,0.3846964635172057,0.80555,0.0117773322766896,0.0648375
RANDOM_GLOBAL,0.2,TEMPORAL,0.02,0.2,0.684025,0.019925,0.78015,0.0543406436799892,0.020225,0.966718911741462,0.7962596671246993,0.6535323122662346,0.8906499999999999,0.0110335347413641,0.12965
RANDOM_GLOBAL,0.25,DOMAIN_OOD,0.005,0.05,0.4560912389839295,0.0051840331778123,0.3720580611715915,0.0542546216556917,0.0021772939346811,0.9595170179936388,0.9884134741352852,0.1419758125822406,0.5324520476931053,0.0753977186555911,0.0386210471747019
RANDOM_GLOBAL,0.25,DOMAIN_OOD,0.005,0.1,0.4560912389839295,0.0051840331778123,0.3720580611715915,0.0542546216556917,0.0021772939346811,0.9595170179936388,0.9760432231578926,0.2795136324826569,0.6065318818040436,0.0704541281884473,0.0770347330222913
RANDOM_GLOBAL,0.25,DOMAIN_OOD,0.005,0.2,0.4560912389839295,0.0051840331778123,0.3720580611715915,0.0542546216556917,0.0021772939346811,0.9595170179936388,0.9439047956319648,0.5400466965534851,0.7470191809227579,0.0598540727087264,0.1539917055469155
RANDOM_GLOBAL,0.25,DOMAIN_OOD,0.01,0.05,0.5297045101088648,0.011767755313634,0.5413167444271643,0.0690516332811024,0.0060653188180404,0.9595170179936388,0.9820075223101344,0.1537642553388344,0.6015552099533437,0.0503460700211525,0.036573354069466
RANDOM_GLOBAL,0.25,DOMAIN_OOD,0.01,0.1,0.5297045101088648,0.011767755313634,0.5413167444271643,0.0690516332811024,0.0060653188180404,0.9595170179936388,0.962385597195454,0.3009257671047405,0.6703473302229135,0.0468392689992625,0.0730430274753758
RANDOM_GLOBAL,0.25,DOMAIN_OOD,0.01,0.2,0.5297045101088648,0.011767755313634,0.5413167444271643,0.0690516332811024,0.0060653188180404,0.9595170179936388,0.9215778076211812,0.5755232872692018,0.7989631933644376,0.0384378960251881,0.1459823742871954
RANDOM_GLOBAL,0.25,DOMAIN_OOD,0.02,0.05,0.6226023846552617,0.0286158631415241,0.7100051840331778,0.0826636855879474,0.0169517884914463,0.9595170179936388,0.967737081818931,0.1740256426915806,0.6881285640228098,0.0219983341464303,0.0338517366511145
RANDOM_GLOBAL,0.25,DOMAIN_OOD,0.02,0.1,0.6226023846552617,0.0286158631415241,0.7100051840331778,0.0826636855879474,0.0169517884914463,0.9595170179936388,0.9446741097453278,0.3390816769128592,0.7502851218247797,0.0207174761991733,0.0675738724727838
RANDOM_GLOBAL,0.25,DOMAIN_OOD,0.02,0.2,0.6226023846552617,0.0286158631415241,0.7100051840331778,0.0826636855879474,0.0169517884914463,0.9595170179936388,0.8703896182786943,0.6237398251525426,0.8576464489372733,0.019290672182824,0.1349922239502333
RANDOM_GLOBAL,0.25,DOMAIN_TEMPLATE_OOD,0.005,0.05,0.4235706580366775,0.005177993527508,0.3566343042071197,0.0524577080640107,0.0021035598705501,0.95615438562565,0.988177356455134,0.1364813651423504,0.5014563106796117,0.0766067894560854,0.0394012944983818
RANDOM_GLOBAL,0.25,DOMAIN_TEMPLATE_OOD,0.005,0.1,0.4235706580366775,0.005177993527508,0.3566343042071197,0.0524577080640107,0.0021035598705501,0.95615438562565,0.9790454840811308,0.2699585675593724,0.5777238403451996,0.0715544867012014,0.0786947141316073
RANDOM_GLOBAL,0.25,DOMAIN_TEMPLATE_OOD,0.005,0.2,0.4235706580366775,0.005177993527508,0.3566343042071197,0.0524577080640107,0.0021035598705501,0.95615438562565,0.9494228001252376,0.5228219175693607,0.7223300970873787,0.0611168209020797,0.15722761596548
RANDOM_GLOBAL,0.25,DOMAIN_TEMPLATE_OOD,0.01,0.05,0.5023732470334412,0.0115965480043149,0.5179072276159655,0.0706577164375189,0.0057173678532901,0.95615438562565,0.9846077562769132,0.1485872075966926,0.5758360302049622,0.0533470021316744,0.0372977346278317
RANDOM_GLOBAL,0.25,DOMAIN_TEMPLATE_OOD,0.01,0.1,0.5023732470334412,0.0115965480043149,0.5179072276159655,0.0706577164375189,0.0057173678532901,0.95615438562565,0.9663410353663362,0.2909577709480427,0.6462783171521036,0.0495616886037334,0.0744336569579288
RANDOM_GLOBAL,0.25,DOMAIN_TEMPLATE_OOD,0.01,0.2,0.5023732470334412,0.0115965480043149,0.5179072276159655,0.0706577164375189,0.0057173678532901,0.95615438562565,0.9257306133625712,0.5564133601315728,0.777831715210356,0.0410550519650242,0.1486785329018339
RANDOM_GLOBAL,0.25,DOMAIN_TEMPLATE_OOD,0.02,0.05,0.598975188781014,0.028371089536138,0.6893743257820928,0.0916186740143367,0.0160194174757281,0.95615438562565,0.9716191724423836,0.1671272312941984,0.6658576051779935,0.0236153851776656,0.0344120819848975
RANDOM_GLOBAL,0.25,DOMAIN_TEMPLATE_OOD,0.02,0.1,0.598975188781014,0.028371089536138,0.6893743257820928,0.0916186740143367,0.0160194174757281,0.95615438562565,0.9468598965124844,0.3252338936373352,0.729126213592233,0.0221425405630192,0.0687162891046386
RANDOM_GLOBAL,0.25,DOMAIN_TEMPLATE_OOD,0.02,0.2,0.598975188781014,0.028371089536138,0.6893743257820928,0.0916186740143367,0.0160194174757281,0.95615438562565,0.8742846072985184,0.6000846353395703,0.8393203883495145,0.0199842858343037,0.1374056094929881
RANDOM_GLOBAL,0.25,IID_BALANCED,0.005,0.05,0.483742911153119,0.0080340264650283,0.4889413988657844,0.0556739391803414,0.0064272211720226,0.9174570404408636,0.9863094128655772,0.145062212315801,0.5585066162570889,0.0260661344746655,0.0379017013232514
RANDOM_GLOBAL,0.25,IID_BALANCED,0.005,0.1,0.483742911153119,0.0080340264650283,0.4889413988657844,0.0556739391803414,0.0064272211720226,0.9174570404408636,0.9673873250927878,0.283924771108837,0.6301512287334593,0.0233274117027049,0.0756616257088846
RANDOM_GLOBAL,0.25,IID_BALANCED,0.005,0.2,0.483742911153119,0.0080340264650283,0.4889413988657844,0.0556739391803414,0.0064272211720226,0.9174570404408636,0.8900435733477157,0.5212712896591079,0.752835538752363,0.0140281265664103,0.1510869565217391
RANDOM_GLOBAL,0.25,IID_BALANCED,0.01,0.05,0.5396975425330812,0.0129489603024574,0.5924385633270322,0.0313379260558039,0.0131379962192816,0.9174570404408636,0.9778677629277228,0.1544997353975314,0.6107750472589792,0.0146345220823363,0.0363421550094518
RANDOM_GLOBAL,0.25,IID_BALANCED,0.01,0.1,0.5396975425330812,0.0129489603024574,0.5924385633270322,0.0313379260558039,0.0131379962192816,0.9174570404408636,0.9406545824241648,0.2968223874359136,0.6762759924385633,0.0129615642285596,0.0725897920604915
RANDOM_GLOBAL,0.25,IID_BALANCED,0.01,0.2,0.5396975425330812,0.0129489603024574,0.5924385633270322,0.0313379260558039,0.0131379962192816,0.9174570404408636,0.8393284171137478,0.5286571573644249,0.7830812854442344,0.0076689738151468,0.1449432892249527
RANDOM_GLOBAL,0.25,IID_BALANCED,0.02,0.05,0.6148393194706994,0.0239130434782608,0.6793950850661625,0.0371631770547025,0.0246691871455576,0.9174570404408636,0.958671062534655,0.1711412713156062,0.680718336483932,0.0126558412971658,0.0343572778827977
RANDOM_GLOBAL,0.25,IID_BALANCED,0.02,0.1,0.6148393194706994,0.0239130434782608,0.6793950850661625,0.0371631770547025,0.0246691871455576,0.9174570404408636,0.8939814939104845,0.3171619459801409,0.7369565217391305,0.0109959953920803,0.068289224952741
RANDOM_GLOBAL,0.25,IID_BALANCED,0.02,0.2,0.6148393194706994,0.0239130434782608,0.6793950850661625,0.0371631770547025,0.0246691871455576,0.9174570404408636,0.7106825106889978,0.5031226211064764,0.808695652173913,0.0066267507625128,0.1363421550094518
RANDOM_GLOBAL,0.25,IID_ORIGINAL,0.005,0.05,0.483742911153119,0.0065730055193176,0.4889413988657844,0.0556739391803414,0.0042147516307074,0.8805308143980145,0.9644090405515052,0.2243994873121693,0.5994328922495274,0.0246746387285321,0.0415929203539823
RANDOM_GLOBAL,0.25,IID_ORIGINAL,0.005,0.1,0.483742911153119,0.0065730055193176,0.4889413988657844,0.0556739391803414,0.0042147516307074,0.8805308143980145,0.8779766266997878,0.4070919682235871,0.6938563327032136,0.0177076535531476,0.0829564077351688
RANDOM_GLOBAL,0.25,IID_ORIGINAL,0.005,0.2,0.483742911153119,0.0065730055193176,0.4889413988657844,0.0556739391803414,0.0042147516307074,0.8805308143980145,0.6610495138683583,0.6118446973853575,0.8,0.0065816600771364,0.1657817109144543
RANDOM_GLOBAL,0.25,IID_ORIGINAL,0.01,0.05,0.5396975425330812,0.0110888108379327,0.5924385633270322,0.0313379260558039,0.0113396889111891,0.8805308143980145,0.9366139002668262,0.2372313620148195,0.6488657844990549,0.0133240897629429,0.0404129793510324
RANDOM_GLOBAL,0.25,IID_ORIGINAL,0.01,0.1,0.5396975425330812,0.0110888108379327,0.5924385633270322,0.0313379260558039,0.0113396889111891,0.8805308143980145,0.8259357929399951,0.4174520284223305,0.7318525519848771,0.0110230436341395,0.0806620780072107
RANDOM_GLOBAL,0.25,IID_ORIGINAL,0.01,0.2,0.5396975425330812,0.0110888108379327,0.5924385633270322,0.0313379260558039,0.0113396889111891,0.8805308143980145,0.5829589734964875,0.5888736639613106,0.8108695652173914,0.0072319793411961,0.1612586037364798
RANDOM_GLOBAL,0.25,IID_ORIGINAL,0.02,0.05,0.6148393194706994,0.0219769192172604,0.6793950850661625,0.0371631770547025,0.0226793778223783,0.8805308143980145,0.8301609852980739,0.2412610423757904,0.7077504725897921,0.0114015110050999,0.0388069485414618
RANDOM_GLOBAL,0.25,IID_ORIGINAL,0.02,0.1,0.6148393194706994,0.0219769192172604,0.6793950850661625,0.0371631770547025,0.0226793778223783,0.8805308143980145,0.7199314341511412,0.4171907788084935,0.7755198487712666,0.0095692139561987,0.0773844641101278
RANDOM_GLOBAL,0.25,IID_ORIGINAL,0.02,0.2,0.6148393194706994,0.0219769192172604,0.6793950850661625,0.0371631770547025,0.0226793778223783,0.8805308143980145,0.4669084520429787,0.5402327464947888,0.8230623818525521,0.008321398371377,0.1546050475254015
RANDOM_GLOBAL,0.25,TEMPLATE_OOD,0.005,0.05,0.5278981264637002,0.0050058548009367,0.496867681498829,0.0429325566033215,0.0023711943793911,0.9667061530650208,0.9914910657341306,0.1561923871129993,0.6007611241217798,0.0652960959944634,0.0367388758782201
RANDOM_GLOBAL,0.25,TEMPLATE_OOD,0.005,0.1,0.5278981264637002,0.0050058548009367,0.496867681498829,0.0429325566033215,0.0023711943793911,0.9667061530650208,0.9817021960004116,0.3088902743613516,0.6721018735362998,0.0608718575559744,0.0734192037470726
RANDOM_GLOBAL,0.25,TEMPLATE_OOD,0.005,0.2,0.5278981264637002,0.0050058548009367,0.496867681498829,0.0429325566033215,0.0023711943793911,0.9667061530650208,0.9399375694291144,0.5904783302419185,0.8040690866510539,0.0497034037264033,0.1467652224824356
RANDOM_GLOBAL,0.25,TEMPLATE_OOD,0.01,0.05,0.599092505854801,0.0096604215456674,0.6298302107728337,0.0567770224361035,0.0057669789227166,0.9667061530650208,0.9854972538317238,0.1727726824831391,0.6677985948477752,0.0462415622555083,0.0348507025761124
RANDOM_GLOBAL,0.25,TEMPLATE_OOD,0.01,0.1,0.599092505854801,0.0096604215456674,0.6298302107728337,0.0567770224361035,0.0057669789227166,0.9667061530650208,0.9681827418015811,0.3390744359007699,0.7339578454332553,0.0430520994118804,0.0696282201405152
RANDOM_GLOBAL,0.25,TEMPLATE_OOD,0.01,0.2,0.599092505854801,0.0096604215456674,0.6298302107728337,0.0567770224361035,0.0057669789227166,0.9667061530650208,0.9007338066630456,0.6294897701734011,0.8500878220140515,0.0333142374875582,0.1391832552693208
RANDOM_GLOBAL,0.25,TEMPLATE_OOD,0.02,0.05,0.6842798594847774,0.0213407494145199,0.7614168618266979,0.0703433480251116,0.0147248243559718,0.9667061530650208,0.9719236364285532,0.200210607231118,0.7473360655737704,0.0189784726760487,0.0324355971896955
RANDOM_GLOBAL,0.25,TEMPLATE_OOD,0.02,0.1,0.6842798594847774,0.0213407494145199,0.7614168618266979,0.0703433480251116,0.0147248243559718,0.9667061530650208,0.9368320035507972,0.3854797904897306,0.805708430913349,0.0175144847520653,0.0647980093676815
RANDOM_GLOBAL,0.25,TEMPLATE_OOD,0.02,0.2,0.6842798594847774,0.0213407494145199,0.7614168618266979,0.0703433480251116,0.0147248243559718,0.9667061530650208,0.8320326558285052,0.6833605142076362,0.8999121779859485,0.0144005425144386,0.1295081967213114
RANDOM_GLOBAL,0.25,TEMPORAL,0.005,0.05,0.548975,0.00445,0.502825,0.0441303388334551,0.002825,0.9669815839805658,0.9894324457778326,0.1609348246300389,0.6207,0.0625510680253431,0.0362375
RANDOM_GLOBAL,0.25,TEMPORAL,0.005,0.1,0.548975,0.00445,0.502825,0.0441303388334551,0.002825,0.9669815839805658,0.9750333678589472,0.3166400426380996,0.6902,0.058137504628634,0.0723875
RANDOM_GLOBAL,0.25,TEMPORAL,0.005,0.2,0.548975,0.00445,0.502825,0.0441303388334551,0.002825,0.9669815839805658,0.9275024848175212,0.6013607110948689,0.817675,0.0471852216153414,0.1447
RANDOM_GLOBAL,0.25,TEMPORAL,0.01,0.05,0.61735,0.00865,0.6394,0.0535887374154101,0.00735,0.9669815839805658,0.9812036420233372,0.1779202891978841,0.684875,0.0442777298549859,0.0344
RANDOM_GLOBAL,0.25,TEMPORAL,0.01,0.1,0.61735,0.00865,0.6394,0.0535887374154101,0.00735,0.9669815839805658,0.9555352337801728,0.3463728410708325,0.748825,0.0412892994612405,0.068775
RANDOM_GLOBAL,0.25,TEMPORAL,0.01,0.2,0.61735,0.00865,0.6394,0.0535887374154101,0.00735,0.9669815839805658,0.8857427264352399,0.6405434381521296,0.861125,0.0314777809644269,0.1374625
RANDOM_GLOBAL,0.25,TEMPORAL,0.02,0.05,0.699875,0.019725,0.768875,0.0631454724777988,0.0168,0.9669815839805658,0.9554178284729352,0.204750001251128,0.7612,0.0172899296316285,0.0320875
RANDOM_GLOBAL,0.25,TEMPORAL,0.02,0.1,0.699875,0.019725,0.768875,0.0631454724777988,0.0168,0.9669815839805658,0.9162020154079108,0.3921783644789249,0.817325,0.0161997299360205,0.0640874999999999
RANDOM_GLOBAL,0.25,TEMPORAL,0.02,0.2,0.699875,0.019725,0.768875,0.0631454724777988,0.0168,0.9669815839805658,0.8094734210057348,0.6916727603264877,0.907375,0.0125328734401439,0.1281
UNCERTAINTY_GLOBAL,0.1,DOMAIN_OOD,0.005,0.05,0.3590979782270606,0.0066355624675997,0.2832555728356661,0.1034113777321671,0.0044582685329186,0.9250676962426274,0.9726798388205324,0.124904483874496,0.4389320891653706,0.0451166777767122,0.0410316226023846
UNCERTAINTY_GLOBAL,0.1,DOMAIN_OOD,0.005,0.1,0.3590979782270606,0.0066355624675997,0.2832555728356661,0.1034113777321671,0.0044582685329186,0.9250676962426274,0.9555272243887416,0.2447898649658647,0.5155520995334371,0.0426984854221052,0.0818558838776568
UNCERTAINTY_GLOBAL,0.1,DOMAIN_OOD,0.005,0.2,0.3590979782270606,0.0066355624675997,0.2832555728356661,0.1034113777321671,0.0044582685329186,0.9250676962426274,0.9125326984505084,0.4669747567617383,0.6575427682737169,0.0399848466501551,0.1635044064282011
UNCERTAINTY_GLOBAL,0.1,DOMAIN_OOD,0.01,0.05,0.4520476931052359,0.0150336962156557,0.3819077242094349,0.0900826103870958,0.0090720580611715,0.9250676962426274,0.9575636607920618,0.1348115993526635,0.5256609642301711,0.049130244478701,0.0384136858475894
UNCERTAINTY_GLOBAL,0.1,DOMAIN_OOD,0.01,0.1,0.4520476931052359,0.0150336962156557,0.3819077242094349,0.0900826103870958,0.0090720580611715,0.9250676962426274,0.9317823399268812,0.2620434504190246,0.5951788491446346,0.0452154492182032,0.0767496111975116
UNCERTAINTY_GLOBAL,0.1,DOMAIN_OOD,0.01,0.2,0.4520476931052359,0.0150336962156557,0.3819077242094349,0.0900826103870958,0.0090720580611715,0.9250676962426274,0.8798888055281852,0.4944670543296269,0.7221358216692587,0.0406174504010477,0.153369621565578
UNCERTAINTY_GLOBAL,0.1,DOMAIN_OOD,0.02,0.05,0.5484707102125453,0.0307931570762052,0.5387765681700363,0.0828606258700069,0.0217729393468118,0.9250676962426274,0.9374106843029232,0.1486670378899546,0.6153965785381026,0.0398766025045606,0.0356661482633488
UNCERTAINTY_GLOBAL,0.1,DOMAIN_OOD,0.02,0.1,0.5484707102125453,0.0307931570762052,0.5387765681700363,0.0828606258700069,0.0217729393468118,0.9250676962426274,0.9043705890800962,0.2862227892941587,0.6771902540176258,0.0383221663627698,0.0711249351995852
UNCERTAINTY_GLOBAL,0.1,DOMAIN_OOD,0.02,0.2,0.5484707102125453,0.0307931570762052,0.5387765681700363,0.0828606258700069,0.0217729393468118,0.9250676962426274,0.8255387977440474,0.5217271419617455,0.7834110938310006,0.0328783792231889,0.1421461897356143
UNCERTAINTY_GLOBAL,0.1,DOMAIN_TEMPLATE_OOD,0.005,0.05,0.3317691477885652,0.0065264293419633,0.2738942826321467,0.0984002355907731,0.0044768069039913,0.9176004083354398,0.9733971455772966,0.1217490651355271,0.412891046386192,0.046603974067937,0.0416666666666666
UNCERTAINTY_GLOBAL,0.1,DOMAIN_TEMPLATE_OOD,0.005,0.1,0.3317691477885652,0.0065264293419633,0.2738942826321467,0.0984002355907731,0.0044768069039913,0.9176004083354398,0.9596975968571062,0.2397205531053818,0.4915318230852211,0.0438175388458885,0.0832254584681769
UNCERTAINTY_GLOBAL,0.1,DOMAIN_TEMPLATE_OOD,0.005,0.2,0.3317691477885652,0.0065264293419633,0.2738942826321467,0.0984002355907731,0.0044768069039913,0.9176004083354398,0.9131428586385374,0.4558291644223814,0.6355447680690399,0.0411985724047426,0.1663160733549083
UNCERTAINTY_GLOBAL,0.1,DOMAIN_TEMPLATE_OOD,0.01,0.05,0.4253505933117584,0.0148327939590075,0.3644552319309601,0.0877680794340701,0.0088457389428263,0.9176004083354398,0.957335375358339,0.130913292245634,0.5003236245954692,0.0517200950720245,0.0391316073354908
UNCERTAINTY_GLOBAL,0.1,DOMAIN_TEMPLATE_OOD,0.01,0.1,0.4253505933117584,0.0148327939590075,0.3644552319309601,0.0877680794340701,0.0088457389428263,0.9176004083354398,0.934047980533822,0.2549591396804634,0.5714131607335491,0.0475637231704082,0.0781283710895361
UNCERTAINTY_GLOBAL,0.1,DOMAIN_TEMPLATE_OOD,0.01,0.2,0.4253505933117584,0.0148327939590075,0.3644552319309601,0.0877680794340701,0.0088457389428263,0.9176004083354398,0.8794400051437974,0.4795975596000919,0.7001078748651565,0.0428801646692573,0.1560949298813376
UNCERTAINTY_GLOBAL,0.1,DOMAIN_TEMPLATE_OOD,0.02,0.05,0.521413160733549,0.0307443365695792,0.5133225458468177,0.0876224802610545,0.021413160733549,0.9176004083354398,0.9434450784577588,0.1438160505908788,0.5900215749730313,0.0439305589428778,0.0363268608414239
UNCERTAINTY_GLOBAL,0.1,DOMAIN_TEMPLATE_OOD,0.02,0.1,0.521413160733549,0.0307443365695792,0.5133225458468177,0.0876224802610545,0.021413160733549,0.9176004083354398,0.9071364118749324,0.276202199039667,0.6530744336569579,0.041648639984239,0.0725188781014023
UNCERTAINTY_GLOBAL,0.1,DOMAIN_TEMPLATE_OOD,0.02,0.2,0.521413160733549,0.0307443365695792,0.5133225458468177,0.0876224802610545,0.021413160733549,0.9176004083354398,0.8259660185633818,0.5019231916276715,0.7610571736785329,0.0353270739757357,0.1448759439050701
UNCERTAINTY_GLOBAL,0.1,IID_BALANCED,0.005,0.05,0.3940453686200378,0.0085066162570888,0.4433837429111532,0.0718093929798657,0.010586011342155,0.8957591648427204,0.9893944779001445,0.1315620909939427,0.4736294896030245,0.0321714534339764,0.0402173913043478
UNCERTAINTY_GLOBAL,0.1,IID_BALANCED,0.005,0.1,0.3940453686200378,0.0085066162570888,0.4433837429111532,0.0718093929798657,0.010586011342155,0.8957591648427204,0.9567695118187816,0.2534824007513324,0.5474480151228733,0.0292235642165375,0.0801512287334593
UNCERTAINTY_GLOBAL,0.1,IID_BALANCED,0.005,0.2,0.3940453686200378,0.0085066162570888,0.4433837429111532,0.0718093929798657,0.010586011342155,0.8957591648427204,0.8750984156808771,0.4624247328649331,0.6741965973534971,0.0217826928991997,0.1599716446124763
UNCERTAINTY_GLOBAL,0.1,IID_BALANCED,0.01,0.05,0.4611531190926276,0.01351606805293,0.5158790170132326,0.0559012444213715,0.0184310018903591,0.8957591648427204,0.9814905264431882,0.1402174620441239,0.536578449905482,0.0286619637489585,0.0384215500945179
UNCERTAINTY_GLOBAL,0.1,IID_BALANCED,0.01,0.1,0.4611531190926276,0.01351606805293,0.5158790170132326,0.0559012444213715,0.0184310018903591,0.8957591648427204,0.9209450067131216,0.2615539498584172,0.6020793950850661,0.0229626555239931,0.0764650283553875
UNCERTAINTY_GLOBAL,0.1,IID_BALANCED,0.01,0.2,0.4611531190926276,0.01351606805293,0.5158790170132326,0.0559012444213715,0.0184310018903591,0.8957591648427204,0.8239589535359153,0.4669762104828525,0.7130434782608696,0.0159234632660709,0.1526937618147448
UNCERTAINTY_GLOBAL,0.1,IID_BALANCED,0.02,0.05,0.5362948960302457,0.023156899810964,0.597069943289225,0.0406733617405049,0.0331758034026465,0.8957591648427204,0.9384285297443192,0.1468751133980392,0.6043478260869566,0.0230541165062234,0.0362476370510397
UNCERTAINTY_GLOBAL,0.1,IID_BALANCED,0.02,0.1,0.5362948960302457,0.023156899810964,0.597069943289225,0.0406733617405049,0.0331758034026465,0.8957591648427204,0.8575050490335132,0.267389273500375,0.6603024574669187,0.0191446507797095,0.0722589792060491
UNCERTAINTY_GLOBAL,0.1,IID_BALANCED,0.02,0.2,0.5362948960302457,0.023156899810964,0.597069943289225,0.0406733617405049,0.0331758034026465,0.8957591648427204,0.7519355043501964,0.4674927686136244,0.7534971644612476,0.0148833691609393,0.144234404536862
UNCERTAINTY_GLOBAL,0.1,IID_ORIGINAL,0.005,0.05,0.3940453686200378,0.0072252885097842,0.4433837429111532,0.0718093929798657,0.0077772202709483,0.8489525588065451,0.9564395526491708,0.1965029540174425,0.5129489603024575,0.0308342053976187,0.0431006227466404
UNCERTAINTY_GLOBAL,0.1,IID_ORIGINAL,0.005,0.1,0.3940453686200378,0.0072252885097842,0.4433837429111532,0.0718093929798657,0.0077772202709483,0.8489525588065451,0.8592389928205147,0.3518808507999971,0.6073724007561437,0.0210840733362551,0.0860373647984267
UNCERTAINTY_GLOBAL,0.1,IID_ORIGINAL,0.005,0.2,0.3940453686200378,0.0072252885097842,0.4433837429111532,0.0718093929798657,0.0077772202709483,0.8489525588065451,0.6980829953176599,0.5706625665833188,0.740359168241966,0.0198565212263332,0.1718780727630285
UNCERTAINTY_GLOBAL,0.1,IID_ORIGINAL,0.01,0.05,0.4611531190926276,0.0124435524335173,0.5158790170132326,0.0559012444213715,0.0148018063221274,0.8489525588065451,0.917324102346945,0.2052960984567279,0.5716446124763706,0.0272878946093671,0.0417568010488364
UNCERTAINTY_GLOBAL,0.1,IID_ORIGINAL,0.01,0.1,0.4611531190926276,0.0124435524335173,0.5158790170132326,0.0559012444213715,0.0148018063221274,0.8489525588065451,0.7954661708686838,0.3549330433223303,0.6525519848771266,0.0193149939878182,0.0833824975417895
UNCERTAINTY_GLOBAL,0.1,IID_ORIGINAL,0.01,0.2,0.4611531190926276,0.0124435524335173,0.5158790170132326,0.0559012444213715,0.0148018063221274,0.8489525588065451,0.6283197319427506,0.5590785441924789,0.7632325141776938,0.0184424428215591,0.1665355621107833
UNCERTAINTY_GLOBAL,0.1,IID_ORIGINAL,0.02,0.05,0.5362948960302457,0.0223783241344706,0.597069943289225,0.0406733617405049,0.029101856497742,0.8489525588065451,0.8343815036775268,0.2081313976307935,0.6328922495274102,0.0196360916426054,0.0401179941002949
UNCERTAINTY_GLOBAL,0.1,IID_ORIGINAL,0.02,0.1,0.5362948960302457,0.0223783241344706,0.597069943289225,0.0406733617405049,0.029101856497742,0.8489525588065451,0.7062003083951721,0.3517179386043266,0.6996219281663516,0.0201628465418091,0.0801376597836774
UNCERTAINTY_GLOBAL,0.1,IID_ORIGINAL,0.02,0.2,0.5362948960302457,0.0223783241344706,0.597069943289225,0.0406733617405049,0.029101856497742,0.8489525588065451,0.5422570237740483,0.5387591111661063,0.7868620037807184,0.0172924530561595,0.1600458865945591
UNCERTAINTY_GLOBAL,0.1,TEMPLATE_OOD,0.005,0.05,0.4415690866510539,0.0058548009367681,0.4213700234192037,0.0953765861609197,0.0043911007025761,0.9427684015800172,0.9831915224033718,0.1375059924750132,0.5180620608899298,0.0455076724382891,0.0388905152224824
UNCERTAINTY_GLOBAL,0.1,TEMPLATE_OOD,0.005,0.1,0.4415690866510539,0.0058548009367681,0.4213700234192037,0.0953765861609197,0.0043911007025761,0.9427684015800172,0.9667896834761204,0.2700171073659909,0.5918618266978923,0.0416143702655712,0.0776932084309133
UNCERTAINTY_GLOBAL,0.1,TEMPLATE_OOD,0.005,0.2,0.4415690866510539,0.0058548009367681,0.4213700234192037,0.0953765861609197,0.0043911007025761,0.9427684015800172,0.9146577440353708,0.5107605694732265,0.7258196721311475,0.0375471873080652,0.155327868852459
UNCERTAINTY_GLOBAL,0.1,TEMPLATE_OOD,0.01,0.05,0.52903981264637,0.0122072599531615,0.5055327868852458,0.0756452780534436,0.0084309133489461,0.9427684015800172,0.9663231753284164,0.1507713707079526,0.5996779859484778,0.0468569541897109,0.0365339578454332
UNCERTAINTY_GLOBAL,0.1,TEMPLATE_OOD,0.01,0.1,0.52903981264637,0.0122072599531615,0.5055327868852458,0.0756452780534436,0.0084309133489461,0.9427684015800172,0.9397571306667498,0.2928469463585722,0.666364168618267,0.0425766667754159,0.0730093676814988
UNCERTAINTY_GLOBAL,0.1,TEMPLATE_OOD,0.01,0.2,0.52903981264637,0.0122072599531615,0.5055327868852458,0.0756452780534436,0.0084309133489461,0.9427684015800172,0.8696148727956432,0.5414158054715237,0.7830503512880562,0.0368636713108015,0.1459162763466042
UNCERTAINTY_GLOBAL,0.1,TEMPLATE_OOD,0.02,0.05,0.6186475409836065,0.0237997658079625,0.6283665105386417,0.0678082468298093,0.0207845433255269,0.9427684015800172,0.9431198417501844,0.1691761156281147,0.6828747072599531,0.0390207951307502,0.0340163934426229
UNCERTAINTY_GLOBAL,0.1,TEMPLATE_OOD,0.02,0.1,0.6186475409836065,0.0237997658079625,0.6283665105386417,0.0678082468298093,0.0207845433255269,0.9427684015800172,0.8970454946620203,0.3217291087599488,0.7406615925058547,0.0370144679559735,0.0679596018735363
UNCERTAINTY_GLOBAL,0.1,TEMPLATE_OOD,0.02,0.2,0.6186475409836065,0.0237997658079625,0.6283665105386417,0.0678082468298093,0.0207845433255269,0.9427684015800172,0.7901174813760868,0.5651976355280981,0.8336651053864168,0.0283344541572452,0.135831381733021
UNCERTAINTY_GLOBAL,0.1,TEMPORAL,0.005,0.05,0.4572,0.0052499999999999,0.426675,0.0968355600719304,0.004725,0.943735364068765,0.9775401849151232,0.139169902580991,0.5325,0.0423762905408201,0.0385
UNCERTAINTY_GLOBAL,0.1,TEMPORAL,0.005,0.1,0.4572,0.0052499999999999,0.426675,0.0968355600719304,0.004725,0.943735364068765,0.961387470884138,0.2734335759622249,0.605175,0.0389923514579747,0.076925
UNCERTAINTY_GLOBAL,0.1,TEMPORAL,0.005,0.2,0.4572,0.0052499999999999,0.426675,0.0968355600719304,0.004725,0.943735364068765,0.9064117106228664,0.5154637875703425,0.736125,0.0347593412704492,0.1538
UNCERTAINTY_GLOBAL,0.1,TEMPORAL,0.01,0.05,0.544925,0.01105,0.516775,0.074229322784942,0.00975,0.943735364068765,0.9578939118640796,0.1529750838766469,0.6142000000000001,0.0420318662181181,0.03615
UNCERTAINTY_GLOBAL,0.1,TEMPORAL,0.01,0.1,0.544925,0.01105,0.516775,0.074229322784942,0.00975,0.943735364068765,0.9316380193763372,0.2971931844769775,0.67965,0.0381346663519923,0.0722625
UNCERTAINTY_GLOBAL,0.1,TEMPORAL,0.01,0.2,0.544925,0.01105,0.516775,0.074229322784942,0.00975,0.943735364068765,0.8594620941086906,0.5480266203893194,0.7933749999999999,0.0340190408284668,0.14445
UNCERTAINTY_GLOBAL,0.1,TEMPORAL,0.02,0.05,0.6347,0.02165,0.6413,0.0619303820610063,0.0229,0.943735364068765,0.9301684317093736,0.1722495190604674,0.6973499999999999,0.0353809035121113,0.03365
UNCERTAINTY_GLOBAL,0.1,TEMPORAL,0.02,0.1,0.6347,0.02165,0.6413,0.0619303820610063,0.0229,0.943735364068765,0.8825165223614455,0.3268758246198142,0.753425,0.0343541704568423,0.0672375
UNCERTAINTY_GLOBAL,0.1,TEMPORAL,0.02,0.2,0.6347,0.02165,0.6413,0.0619303820610063,0.0229,0.943735364068765,0.7761707945440838,0.5735303867884075,0.8436,0.026864422983236,0.1344
UNCERTAINTY_GLOBAL,0.15,DOMAIN_OOD,0.005,0.05,0.4640746500777605,0.0041472265422498,0.4922757905650596,0.0783580900464019,0.0031622602384655,0.9575754913073004,0.9946507511631,0.1432969075654906,0.5405909797822706,0.0387597156300401,0.0384655261793675
UNCERTAINTY_GLOBAL,0.15,DOMAIN_OOD,0.005,0.1,0.4640746500777605,0.0041472265422498,0.4922757905650596,0.0783580900464019,0.0031622602384655,0.9575754913073004,0.9864750941359504,0.2834405265503444,0.6154484188698808,0.0365814676367351,0.0767236910316226
UNCERTAINTY_GLOBAL,0.15,DOMAIN_OOD,0.005,0.2,0.4640746500777605,0.0041472265422498,0.4922757905650596,0.0783580900464019,0.0031622602384655,0.9575754913073004,0.9609917299528372,0.5515600726459049,0.7587350959046139,0.0314338463603366,0.1532918610679108
UNCERTAINTY_GLOBAL,0.15,DOMAIN_OOD,0.01,0.05,0.5500777604976672,0.0101607050285121,0.6101607050285122,0.0668595146981275,0.0067910834629341,0.9575754913073004,0.993498612301804,0.1604214046734337,0.62182477967859,0.0413159096831512,0.0361067910834629
UNCERTAINTY_GLOBAL,0.15,DOMAIN_OOD,0.01,0.1,0.5500777604976672,0.0101607050285121,0.6101607050285122,0.0668595146981275,0.0067910834629341,0.9575754913073004,0.9774153983143752,0.3151165525884314,0.691135303265941,0.0377488752176625,0.0721358216692586
UNCERTAINTY_GLOBAL,0.15,DOMAIN_OOD,0.01,0.2,0.5500777604976672,0.0101607050285121,0.6101607050285122,0.0668595146981275,0.0067910834629341,0.9575754913073004,0.9189355834394828,0.5913134681132066,0.8150855365474339,0.0293416583166326,0.1440902021772939
UNCERTAINTY_GLOBAL,0.15,DOMAIN_OOD,0.02,0.05,0.6412130637636081,0.0255054432348367,0.7387247278382582,0.0479098662203682,0.0170036288232244,0.9575754913073004,0.9817825120561452,0.1852507955459853,0.7069466044582685,0.0453734048368288,0.0334629341627786
UNCERTAINTY_GLOBAL,0.15,DOMAIN_OOD,0.02,0.1,0.6412130637636081,0.0255054432348367,0.7387247278382582,0.0479098662203682,0.0170036288232244,0.9575754913073004,0.9572336734703472,0.359992373501824,0.7691550025920166,0.0406975403623547,0.0667703473302229
UNCERTAINTY_GLOBAL,0.15,DOMAIN_OOD,0.02,0.2,0.6412130637636081,0.0255054432348367,0.7387247278382582,0.0479098662203682,0.0170036288232244,0.9575754913073004,0.8361015490538785,0.6268677996298658,0.8647485743908762,0.0326419871191031,0.1334370139968896
UNCERTAINTY_GLOBAL,0.15,DOMAIN_TEMPLATE_OOD,0.005,0.05,0.435059331175836,0.003883495145631,0.4731930960086299,0.0749659384560686,0.0026429341963322,0.9537666705625872,0.9966116804397316,0.1385700144707244,0.5130528586839266,0.0414876689875963,0.0391316073354908
UNCERTAINTY_GLOBAL,0.15,DOMAIN_TEMPLATE_OOD,0.005,0.1,0.435059331175836,0.003883495145631,0.4731930960086299,0.0749659384560686,0.0026429341963322,0.9537666705625872,0.9896262034646164,0.2747765400113786,0.5897518878101402,0.0390782396312445,0.0781553398058252
UNCERTAINTY_GLOBAL,0.15,DOMAIN_TEMPLATE_OOD,0.005,0.2,0.435059331175836,0.003883495145631,0.4731930960086299,0.0749659384560686,0.0026429341963322,0.9537666705625872,0.9655452042553896,0.5358239620292112,0.7367853290183387,0.0339743986580362,0.1562297734627831
UNCERTAINTY_GLOBAL,0.15,DOMAIN_TEMPLATE_OOD,0.01,0.05,0.5213052858683926,0.0093311758360302,0.5900755124056095,0.0706825078651686,0.0059870550161812,0.9537666705625872,0.996315998082104,0.1544466202492323,0.5947680690399137,0.0456706007032894,0.036866235167206
UNCERTAINTY_GLOBAL,0.15,DOMAIN_TEMPLATE_OOD,0.01,0.1,0.5213052858683926,0.0093311758360302,0.5900755124056095,0.0706825078651686,0.0059870550161812,0.9537666705625872,0.9809603719617902,0.3032584666927637,0.6656957928802589,0.0417556092305175,0.0735706580366774
UNCERTAINTY_GLOBAL,0.15,DOMAIN_TEMPLATE_OOD,0.01,0.2,0.5213052858683926,0.0093311758360302,0.5900755124056095,0.0706825078651686,0.0059870550161812,0.9537666705625872,0.9241292630608684,0.5703636709691301,0.793311758360302,0.0317898521613226,0.1470334412081985
UNCERTAINTY_GLOBAL,0.15,DOMAIN_TEMPLATE_OOD,0.02,0.05,0.6183387270765912,0.0238403451995685,0.7196332254584682,0.0496483576495987,0.0159115426105717,0.9537666705625872,0.9803743553330282,0.1768328770371612,0.6851672060409925,0.0473565675180067,0.0340614886731391
UNCERTAINTY_GLOBAL,0.15,DOMAIN_TEMPLATE_OOD,0.02,0.1,0.6183387270765912,0.0238403451995685,0.7196332254584682,0.0496483576495987,0.0159115426105717,0.9537666705625872,0.9614284704112214,0.3460668284419261,0.7492448759439051,0.0427801259287526,0.0680151024811219
UNCERTAINTY_GLOBAL,0.15,DOMAIN_TEMPLATE_OOD,0.02,0.2,0.6183387270765912,0.0238403451995685,0.7196332254584682,0.0496483576495987,0.0159115426105717,0.9537666705625872,0.8353879778523929,0.5991838452038618,0.8457928802588996,0.0346959752612587,0.1358683926645091
UNCERTAINTY_GLOBAL,0.15,IID_BALANCED,0.005,0.05,0.4423440453686201,0.0064272211720226,0.5773156899810964,0.0494087799721492,0.0093572778827977,0.9085148934392324,0.9819831033016726,0.1377284110420957,0.5188090737240076,0.0458657259747296,0.0389413988657845
UNCERTAINTY_GLOBAL,0.15,IID_BALANCED,0.005,0.1,0.4423440453686201,0.0064272211720226,0.5773156899810964,0.0494087799721492,0.0093572778827977,0.9085148934392324,0.9805697728232036,0.2746472357695977,0.5948960302457467,0.0430658135355516,0.0777882797731569
UNCERTAINTY_GLOBAL,0.15,IID_BALANCED,0.005,0.2,0.4423440453686201,0.0064272211720226,0.5773156899810964,0.0494087799721492,0.0093572778827977,0.9085148934392324,0.92870712547902,0.5187594519820844,0.7310964083175804,0.0311805816863441,0.1553402646502835
UNCERTAINTY_GLOBAL,0.15,IID_BALANCED,0.01,0.05,0.530812854442344,0.0104914933837429,0.6429111531190926,0.0352044680402345,0.0153119092627599,0.9085148934392324,0.979330985798896,0.1535260728313097,0.6026465028355388,0.0309695991172361,0.0366729678638941
UNCERTAINTY_GLOBAL,0.15,IID_BALANCED,0.01,0.1,0.530812854442344,0.0104914933837429,0.6429111531190926,0.0352044680402345,0.0153119092627599,0.9085148934392324,0.9603411181964514,0.3001858699870979,0.6713610586011343,0.0278789704705832,0.073156899810964
UNCERTAINTY_GLOBAL,0.15,IID_BALANCED,0.01,0.2,0.530812854442344,0.0104914933837429,0.6429111531190926,0.0352044680402345,0.0153119092627599,0.9085148934392324,0.8512313198396433,0.5304958472078574,0.779773156899811,0.0165878343807034,0.1460775047258979
UNCERTAINTY_GLOBAL,0.15,IID_BALANCED,0.02,0.05,0.6090737240075614,0.0217391304347826,0.7054820415879017,0.0212108070361789,0.0240075614366729,0.9085148934392324,0.9600563084790366,0.1694748089971592,0.6752362948960302,0.0195804064114953,0.0344517958412098
UNCERTAINTY_GLOBAL,0.15,IID_BALANCED,0.02,0.1,0.6090737240075614,0.0217391304347826,0.7054820415879017,0.0212108070361789,0.0240075614366729,0.9085148934392324,0.918662330865012,0.3231069229637228,0.7351606805293006,0.0195986480859349,0.0686200378071833
UNCERTAINTY_GLOBAL,0.15,IID_BALANCED,0.02,0.2,0.6090737240075614,0.0217391304347826,0.7054820415879017,0.0212108070361789,0.0240075614366729,0.9085148934392324,0.7163273505825579,0.5022474171273167,0.8055765595463138,0.0107402608233096,0.1370510396975425
UNCERTAINTY_GLOBAL,0.15,IID_ORIGINAL,0.005,0.05,0.4423440453686201,0.005218263923733,0.5773156899810964,0.0494087799721492,0.0069242348218765,0.8721266557440932,0.9806846094890942,0.215820816093248,0.5620982986767487,0.0457283096863271,0.0423467715503113
UNCERTAINTY_GLOBAL,0.15,IID_ORIGINAL,0.005,0.1,0.4423440453686201,0.005218263923733,0.5773156899810964,0.0494087799721492,0.0069242348218765,0.8721266557440932,0.9316262455172128,0.408050031163282,0.669281663516068,0.0378660799389394,0.0844313339888561
UNCERTAINTY_GLOBAL,0.15,IID_ORIGINAL,0.005,0.2,0.4423440453686201,0.005218263923733,0.5773156899810964,0.0494087799721492,0.0069242348218765,0.8721266557440932,0.7173580767308095,0.6256983142856563,0.7919659735349717,0.0143996488836394,0.1687315634218289
UNCERTAINTY_GLOBAL,0.15,IID_ORIGINAL,0.01,0.05,0.530812854442344,0.0091319618665328,0.6429111531190926,0.0352044680402345,0.0123432012042147,0.8721266557440932,0.9505850208019414,0.2382173901558652,0.6423440453686201,0.0289930403076541,0.040675188462799
UNCERTAINTY_GLOBAL,0.15,IID_ORIGINAL,0.01,0.1,0.530812854442344,0.0091319618665328,0.6429111531190926,0.0352044680402345,0.0123432012042147,0.8721266557440932,0.8650504337924133,0.4321693682847051,0.7333648393194707,0.0243329442557288,0.0811537200917732
UNCERTAINTY_GLOBAL,0.15,IID_ORIGINAL,0.01,0.2,0.530812854442344,0.0091319618665328,0.6429111531190926,0.0352044680402345,0.0123432012042147,0.8721266557440932,0.5891513693855266,0.5869580200928257,0.8065217391304348,0.0137912033776718,0.1621107833497214
UNCERTAINTY_GLOBAL,0.15,IID_ORIGINAL,0.02,0.05,0.6090737240075614,0.0197691921726041,0.7054820415879017,0.0212108070361789,0.0219769192172604,0.8721266557440932,0.9022120573566236,0.2593080225214642,0.7103024574669188,0.0192637915451788,0.0389052769583743
UNCERTAINTY_GLOBAL,0.15,IID_ORIGINAL,0.02,0.1,0.6090737240075614,0.0197691921726041,0.7054820415879017,0.0212108070361789,0.0219769192172604,0.8721266557440932,0.7377379696487922,0.4229439248784139,0.7744801512287335,0.0146507917061292,0.0777122254998361
UNCERTAINTY_GLOBAL,0.15,IID_ORIGINAL,0.02,0.2,0.6090737240075614,0.0197691921726041,0.7054820415879017,0.0212108070361789,0.0219769192172604,0.8721266557440932,0.4648839803178333,0.5322425373250329,0.8173913043478261,0.0121598413692037,0.1552933464437889
UNCERTAINTY_GLOBAL,0.15,TEMPLATE_OOD,0.005,0.05,0.5288056206088994,0.0036885245901639,0.5877341920374708,0.06212499726805,0.0039519906323185,0.9625281237845544,0.9920537472864212,0.1552362155293484,0.6017564402810305,0.0288979225198649,0.0367681498829039
UNCERTAINTY_GLOBAL,0.15,TEMPLATE_OOD,0.005,0.1,0.5288056206088994,0.0036885245901639,0.5877341920374708,0.06212499726805,0.0039519906323185,0.9625281237845544,0.9846839301125077,0.3078626855724117,0.6734777517564403,0.0275953799784989,0.0734631147540983
UNCERTAINTY_GLOBAL,0.15,TEMPLATE_OOD,0.005,0.2,0.5288056206088994,0.0036885245901639,0.5877341920374708,0.06212499726805,0.0039519906323185,0.9625281237845544,0.9499315395571912,0.5935255761947604,0.8077576112412178,0.0245095087869575,0.1468237704918032
UNCERTAINTY_GLOBAL,0.15,TEMPLATE_OOD,0.01,0.05,0.6097775175644028,0.0080210772833723,0.6814988290398126,0.055942206791696,0.0077576112412177,0.9625281237845544,0.9863170140364704,0.176242020847446,0.6781030444964872,0.0369943329046536,0.0346311475409836
UNCERTAINTY_GLOBAL,0.15,TEMPLATE_OOD,0.01,0.1,0.6097775175644028,0.0080210772833723,0.6814988290398126,0.055942206791696,0.0077576112412177,0.9625281237845544,0.9715039437080976,0.3465846371692177,0.7442330210772834,0.0337130269067764,0.0691744730679156
UNCERTAINTY_GLOBAL,0.15,TEMPLATE_OOD,0.01,0.2,0.6097775175644028,0.0080210772833723,0.6814988290398126,0.055942206791696,0.0077576112412177,0.9625281237845544,0.8902608807579444,0.634249751980448,0.8561768149882903,0.0262959765976984,0.1382757611241218
UNCERTAINTY_GLOBAL,0.15,TEMPLATE_OOD,0.02,0.05,0.6927400468384075,0.0179156908665105,0.784572599531616,0.0389018737212254,0.0172423887587822,0.9625281237845544,0.9681668412983372,0.2056422859847098,0.7553571428571428,0.035151580460963,0.0323185011709601
UNCERTAINTY_GLOBAL,0.15,TEMPLATE_OOD,0.02,0.1,0.6927400468384075,0.0179156908665105,0.784572599531616,0.0389018737212254,0.0172423887587822,0.9625281237845544,0.9377107487891754,0.39746749086787,0.8139051522248243,0.0311890062889302,0.0645491803278688
UNCERTAINTY_GLOBAL,0.15,TEMPLATE_OOD,0.02,0.2,0.6927400468384075,0.0179156908665105,0.784572599531616,0.0389018737212254,0.0172423887587822,0.9625281237845544,0.77880942789562,0.6576012642002145,0.8940866510538642,0.0244031212100044,0.1290105386416861
UNCERTAINTY_GLOBAL,0.15,TEMPORAL,0.005,0.05,0.55085,0.0034999999999999,0.597275,0.0618716693828623,0.0049,0.9614724761480112,0.9866421602470083,0.1595068981412566,0.6222749999999999,0.0280665008902467,0.0361999999999999
UNCERTAINTY_GLOBAL,0.15,TEMPORAL,0.005,0.1,0.55085,0.0034999999999999,0.597275,0.0618716693828623,0.0049,0.9614724761480112,0.9776442168470316,0.3157801388138342,0.69225,0.0271669222891858,0.072325
UNCERTAINTY_GLOBAL,0.15,TEMPORAL,0.005,0.2,0.55085,0.0034999999999999,0.597275,0.0618716693828623,0.0049,0.9614724761480112,0.9377675258366585,0.6054453301098615,0.82205,0.0239825746926573,0.1446
UNCERTAINTY_GLOBAL,0.15,TEMPORAL,0.01,0.05,0.62885,0.008,0.690625,0.0514578103887058,0.0094,0.9614724761480112,0.9752683725569258,0.1806873938729139,0.695475,0.035420774271605,0.03415
UNCERTAINTY_GLOBAL,0.15,TEMPORAL,0.01,0.1,0.62885,0.008,0.690625,0.0514578103887058,0.0094,0.9614724761480112,0.9603883278429548,0.3553165999602725,0.75995,0.032190362601941,0.068225
UNCERTAINTY_GLOBAL,0.15,TEMPORAL,0.01,0.2,0.62885,0.008,0.690625,0.0514578103887058,0.0094,0.9614724761480112,0.8701352456425238,0.6428491910001926,0.86635,0.0254171311432969,0.1363625
UNCERTAINTY_GLOBAL,0.15,TEMPORAL,0.02,0.05,0.7095,0.018125,0.79155,0.0364548426900398,0.019325,0.9614724761480112,0.9566853706298492,0.2121725032614932,0.77055,0.0338170732684607,0.0318875
UNCERTAINTY_GLOBAL,0.15,TEMPORAL,0.02,0.1,0.7095,0.018125,0.79155,0.0364548426900398,0.019325,0.9614724761480112,0.9168894015567786,0.4055959734435399,0.826375,0.0298152296094909,0.063675
UNCERTAINTY_GLOBAL,0.15,TEMPORAL,0.02,0.2,0.7095,0.018125,0.79155,0.0364548426900398,0.019325,0.9614724761480112,0.7518151272197,0.6624840131523324,0.9013,0.0229406843838626,0.1273
UNCERTAINTY_GLOBAL,0.2,DOMAIN_OOD,0.005,0.05,0.4815966822187662,0.0039917055469155,0.5782789009849664,0.0811676979906949,0.0043545878693623,0.9656170496568784,0.9944594775870674,0.148825017375664,0.557128045619492,0.0923647531943016,0.0379730430274753
UNCERTAINTY_GLOBAL,0.2,DOMAIN_OOD,0.005,0.1,0.4815966822187662,0.0039917055469155,0.5782789009849664,0.0811676979906949,0.0043545878693623,0.9656170496568784,0.9887467979371228,0.2951728974607696,0.631518921721099,0.0869022242257977,0.0757905650596163
UNCERTAINTY_GLOBAL,0.2,DOMAIN_OOD,0.005,0.2,0.4815966822187662,0.0039917055469155,0.5782789009849664,0.0811676979906949,0.0043545878693623,0.9656170496568784,0.9614299731276028,0.5724192988821474,0.7733022291342665,0.0722519632538898,0.1515033696215655
UNCERTAINTY_GLOBAL,0.2,DOMAIN_OOD,0.01,0.05,0.5727838258164852,0.0092275790565059,0.7242094349403836,0.0489872087191995,0.0093312597200622,0.9656170496568784,0.9917257745103454,0.1681144233813985,0.6433903576982892,0.0638735393938721,0.0355883877656817
UNCERTAINTY_GLOBAL,0.2,DOMAIN_OOD,0.01,0.1,0.5727838258164852,0.0092275790565059,0.7242094349403836,0.0489872087191995,0.0093312597200622,0.9656170496568784,0.9777100180134172,0.3301451158738459,0.7117159149818558,0.0588191460312976,0.0709953343701399
UNCERTAINTY_GLOBAL,0.2,DOMAIN_OOD,0.01,0.2,0.5727838258164852,0.0092275790565059,0.7242094349403836,0.0489872087191995,0.0093312597200622,0.9656170496568784,0.9306295419549734,0.6261093844824718,0.837376879212027,0.0451279277295424,0.1418869880767236
UNCERTAINTY_GLOBAL,0.2,DOMAIN_OOD,0.02,0.05,0.6599792638672888,0.021876620010368,0.8221876620010369,0.0460792868964109,0.0223950233281493,0.9656170496568784,0.988783888334368,0.1949164958791244,0.7254017625712804,0.0466640100123922,0.0330741316744427
UNCERTAINTY_GLOBAL,0.2,DOMAIN_OOD,0.02,0.1,0.6599792638672888,0.021876620010368,0.8221876620010369,0.0460792868964109,0.0223950233281493,0.9656170496568784,0.96361800910599,0.3788792585309779,0.7873509590461378,0.0424512919321211,0.0660445826853291
UNCERTAINTY_GLOBAL,0.2,DOMAIN_OOD,0.02,0.2,0.6599792638672888,0.021876620010368,0.8221876620010369,0.0460792868964109,0.0223950233281493,0.9656170496568784,0.8672603234398668,0.6791502199046427,0.8891653706583723,0.0315529330621466,0.1319077242094349
UNCERTAINTY_GLOBAL,0.2,DOMAIN_TEMPLATE_OOD,0.005,0.05,0.4528586839266451,0.0039913700107874,0.5577669902912621,0.0788247388311705,0.0036677454153182,0.9632155750438354,0.995721017573696,0.1436482974506715,0.5299352750809062,0.0940940705683402,0.0387001078748651
UNCERTAINTY_GLOBAL,0.2,DOMAIN_TEMPLATE_OOD,0.005,0.1,0.4528586839266451,0.0039913700107874,0.5577669902912621,0.0788247388311705,0.0036677454153182,0.9632155750438354,0.991780261842688,0.285430305598388,0.6060949298813376,0.0887306923838644,0.0772384034519956
UNCERTAINTY_GLOBAL,0.2,DOMAIN_TEMPLATE_OOD,0.005,0.2,0.4528586839266451,0.0039913700107874,0.5577669902912621,0.0788247388311705,0.0036677454153182,0.9632155750438354,0.965844840930116,0.55446154999032,0.7514563106796117,0.0741080172053635,0.154395900755124
UNCERTAINTY_GLOBAL,0.2,DOMAIN_TEMPLATE_OOD,0.01,0.05,0.5462243797195254,0.0084142394822006,0.7045846817691478,0.0512667659482248,0.0084681769147788,0.9632155750438354,0.9930305991525952,0.1611740782248805,0.618284789644013,0.0643738983334876,0.0362729234088457
UNCERTAINTY_GLOBAL,0.2,DOMAIN_TEMPLATE_OOD,0.01,0.1,0.5462243797195254,0.0084142394822006,0.7045846817691478,0.0512667659482248,0.0084681769147788,0.9632155750438354,0.9810145174632084,0.3175717048765739,0.6884573894282633,0.0592653247280744,0.072437971952535
UNCERTAINTY_GLOBAL,0.2,DOMAIN_TEMPLATE_OOD,0.01,0.2,0.5462243797195254,0.0084142394822006,0.7045846817691478,0.0512667659482248,0.0084681769147788,0.9632155750438354,0.9364024165704914,0.6041522819134254,0.8176375404530745,0.0466297692053228,0.1446871628910463
UNCERTAINTY_GLOBAL,0.2,DOMAIN_TEMPLATE_OOD,0.02,0.05,0.6381337648327939,0.0202265372168284,0.8067961165048544,0.0519449804820388,0.021143473570658,0.9632155750438354,0.990144448204693,0.1868751295019642,0.7049083063646171,0.0495940605923598,0.0337108953613808
UNCERTAINTY_GLOBAL,0.2,DOMAIN_TEMPLATE_OOD,0.02,0.1,0.6381337648327939,0.0202265372168284,0.8067961165048544,0.0519449804820388,0.021143473570658,0.9632155750438354,0.9652854332615368,0.3631768954495993,0.7680690399137001,0.0454904325667184,0.0672599784250269
UNCERTAINTY_GLOBAL,0.2,DOMAIN_TEMPLATE_OOD,0.02,0.2,0.6381337648327939,0.0202265372168284,0.8067961165048544,0.0519449804820388,0.021143473570658,0.9632155750438354,0.8767908059515301,0.6573374744150096,0.8740560949298815,0.0352063137525721,0.1343311758360302
UNCERTAINTY_GLOBAL,0.2,IID_BALANCED,0.005,0.05,0.4430056710775047,0.0049149338374291,0.6398865784499055,0.049563632854393,0.0083175803402646,0.9242506759929884,0.98263581999862,0.1393675296655203,0.5196597353497164,0.0791218129424005,0.0389886578449905
UNCERTAINTY_GLOBAL,0.2,IID_BALANCED,0.005,0.1,0.4430056710775047,0.0049149338374291,0.6398865784499055,0.049563632854393,0.0083175803402646,0.9242506759929884,0.9790242805515794,0.2772452588005463,0.5954631379962192,0.0746711811686882,0.0778355387523629
UNCERTAINTY_GLOBAL,0.2,IID_BALANCED,0.005,0.2,0.4430056710775047,0.0049149338374291,0.6398865784499055,0.049563632854393,0.0083175803402646,0.9242506759929884,0.9403288287795456,0.5292982721426344,0.7361058601134215,0.0529353074480243,0.1554347826086956
UNCERTAINTY_GLOBAL,0.2,IID_BALANCED,0.01,0.05,0.5265595463137996,0.0080340264650283,0.7164461247637051,0.0184410971980615,0.0133270321361058,0.9242506759929884,0.9794264873340708,0.1539905488769339,0.5988657844990548,0.052298418605209,0.0369092627599243
UNCERTAINTY_GLOBAL,0.2,IID_BALANCED,0.01,0.1,0.5265595463137996,0.0080340264650283,0.7164461247637051,0.0184410971980615,0.0133270321361058,0.9242506759929884,0.9733545174036282,0.3047300292112777,0.6697542533081285,0.048378259877764,0.0735349716446124
UNCERTAINTY_GLOBAL,0.2,IID_BALANCED,0.01,0.2,0.5265595463137996,0.0080340264650283,0.7164461247637051,0.0184410971980615,0.0133270321361058,0.9242506759929884,0.8939783330960539,0.5559949831322887,0.7896975425330812,0.0265819797159093,0.1467863894139886
UNCERTAINTY_GLOBAL,0.2,IID_BALANCED,0.02,0.05,0.6166351606805293,0.0161625708884688,0.7614366729678639,0.0145828818582408,0.0204158790170132,0.9242506759929884,0.9750116736454764,0.1751317026382472,0.683648393194707,0.0232976062873423,0.0343572778827977
UNCERTAINTY_GLOBAL,0.2,IID_BALANCED,0.02,0.1,0.6166351606805293,0.0161625708884688,0.7614366729678639,0.0145828818582408,0.0204158790170132,0.9242506759929884,0.9597051179123076,0.3440053680368645,0.7482986767485823,0.0205637812060786,0.0685727788279773
UNCERTAINTY_GLOBAL,0.2,IID_BALANCED,0.02,0.2,0.6166351606805293,0.0161625708884688,0.7614366729678639,0.0145828818582408,0.0204158790170132,0.9242506759929884,0.7481012105537533,0.5342956898396748,0.8216446124763704,0.0133374927849823,0.1368620037807183
UNCERTAINTY_GLOBAL,0.2,IID_ORIGINAL,0.005,0.05,0.4430056710775047,0.0041144004014049,0.6398865784499055,0.049563632854393,0.0065730055193176,0.8933175206955004,0.9758027516681708,0.2176317341878288,0.5623818525519849,0.0787473200146801,0.042412323828253
UNCERTAINTY_GLOBAL,0.2,IID_ORIGINAL,0.005,0.1,0.4430056710775047,0.0041144004014049,0.6398865784499055,0.049563632854393,0.0065730055193176,0.8933175206955004,0.95351844954933,0.4227107221735969,0.6758979206049149,0.0672007987264072,0.0845952146837102
UNCERTAINTY_GLOBAL,0.2,IID_ORIGINAL,0.005,0.2,0.4430056710775047,0.0041144004014049,0.6398865784499055,0.049563632854393,0.0065730055193176,0.8933175206955004,0.7470504290853337,0.6526255453019677,0.808695652173913,0.0190250247970821,0.168895444116683
UNCERTAINTY_GLOBAL,0.2,IID_ORIGINAL,0.01,0.05,0.5265595463137996,0.0076266934269944,0.7164461247637051,0.0184410971980615,0.0112393376818866,0.8933175206955004,0.970195362751844,0.2432972793819297,0.6406427221172023,0.0520903628926736,0.0407735168797115
UNCERTAINTY_GLOBAL,0.2,IID_ORIGINAL,0.01,0.1,0.5265595463137996,0.0076266934269944,0.7164461247637051,0.0184410971980615,0.0112393376818866,0.8933175206955004,0.9149751973107084,0.4555791015325263,0.7414933837429112,0.038032958503586,0.0813503769255981
UNCERTAINTY_GLOBAL,0.2,IID_ORIGINAL,0.01,0.2,0.5265595463137996,0.0076266934269944,0.7164461247637051,0.0184410971980615,0.0112393376818866,0.8933175206955004,0.632433947465156,0.6255023236689071,0.8239130434782609,0.0160343494210396,0.162569649295313
UNCERTAINTY_GLOBAL,0.2,IID_ORIGINAL,0.02,0.05,0.6166351606805293,0.0157049673858504,0.7614366729678639,0.0145828818582408,0.0206723532363271,0.8933175206955004,0.93892194251502,0.2754185465912974,0.722117202268431,0.0206742655532739,0.0389380530973451
UNCERTAINTY_GLOBAL,0.2,IID_ORIGINAL,0.02,0.1,0.6166351606805293,0.0157049673858504,0.7614366729678639,0.0145828818582408,0.0206723532363271,0.8933175206955004,0.7918250460119173,0.4629006010212189,0.7943289224952741,0.011680183098408,0.0777450016388069
UNCERTAINTY_GLOBAL,0.2,IID_ORIGINAL,0.02,0.2,0.6166351606805293,0.0157049673858504,0.7614366729678639,0.0145828818582408,0.0206723532363271,0.8933175206955004,0.4834088553630981,0.5646363184405202,0.8333648393194707,0.0149449335171289,0.1553261225827597
UNCERTAINTY_GLOBAL,0.2,TEMPLATE_OOD,0.005,0.05,0.5404566744730679,0.0036007025761124,0.6461651053864169,0.0642716904426575,0.0041276346604215,0.9696720168882186,0.9929670242688028,0.1616708004581258,0.6128805620608899,0.090881544497527,0.0364607728337236
UNCERTAINTY_GLOBAL,0.2,TEMPLATE_OOD,0.005,0.1,0.5404566744730679,0.0036007025761124,0.6461651053864169,0.0642716904426575,0.0041276346604215,0.9696720168882186,0.9881437491123508,0.3213114114176546,0.6845140515222482,0.0853569215576871,0.0728629976580796
UNCERTAINTY_GLOBAL,0.2,TEMPLATE_OOD,0.005,0.2,0.5404566744730679,0.0036007025761124,0.6461651053864169,0.0642716904426575,0.0041276346604215,0.9696720168882186,0.9514125261981744,0.6159366059833644,0.818208430913349,0.0684385910829154,0.1456674473067915
UNCERTAINTY_GLOBAL,0.2,TEMPLATE_OOD,0.01,0.05,0.6289519906323184,0.0068208430913348,0.7670667447306792,0.0384453001900772,0.0085480093676814,0.9696720168882186,0.9903075649568523,0.1854603959044517,0.6966334894613583,0.0536390254050983,0.0341627634660421
UNCERTAINTY_GLOBAL,0.2,TEMPLATE_OOD,0.01,0.1,0.6289519906323184,0.0068208430913348,0.7670667447306792,0.0384453001900772,0.0085480093676814,0.9696720168882186,0.9742739998544132,0.3641781028488975,0.7620901639344262,0.0492202052775679,0.0682816159250585
UNCERTAINTY_GLOBAL,0.2,TEMPLATE_OOD,0.01,0.2,0.6289519906323184,0.0068208430913348,0.7670667447306792,0.0384453001900772,0.0085480093676814,0.9696720168882186,0.9096841874918792,0.6764005991071189,0.8778395784543326,0.0338122991272068,0.1364900468384074
UNCERTAINTY_GLOBAL,0.2,TEMPLATE_OOD,0.02,0.05,0.7088700234192038,0.014695550351288,0.8465749414519907,0.0373563140953074,0.0185889929742388,0.9696720168882186,0.9804035822022076,0.2182857295261512,0.7716042154566745,0.0397644969129884,0.031981850117096
UNCERTAINTY_GLOBAL,0.2,TEMPLATE_OOD,0.02,0.1,0.7088700234192038,0.014695550351288,0.8465749414519907,0.0373563140953074,0.0185889929742388,0.9696720168882186,0.9537365253422764,0.4237328063048806,0.8308255269320843,0.0358902030078413,0.0638905152224824
UNCERTAINTY_GLOBAL,0.2,TEMPLATE_OOD,0.02,0.2,0.7088700234192038,0.014695550351288,0.8465749414519907,0.0373563140953074,0.0185889929742388,0.9696720168882186,0.8075546412406684,0.7137863626774645,0.9156030444964872,0.0229526990062012,0.1277224824355972
UNCERTAINTY_GLOBAL,0.2,TEMPORAL,0.005,0.05,0.562525,0.0034,0.656425,0.0642614073314787,0.0048,0.9699005060882792,0.9897565054559307,0.1667662498234397,0.633625,0.0860327981708784,0.0359125
UNCERTAINTY_GLOBAL,0.2,TEMPORAL,0.005,0.1,0.562525,0.0034,0.656425,0.0642614073314787,0.0048,0.9699005060882792,0.9831478487822568,0.330789289100007,0.703725,0.080578589139906,0.071775
UNCERTAINTY_GLOBAL,0.2,TEMPORAL,0.005,0.2,0.562525,0.0034,0.656425,0.0642614073314787,0.0048,0.9699005060882792,0.9436507320236128,0.6316271889009828,0.8338749999999999,0.0633275490779662,0.14345
UNCERTAINTY_GLOBAL,0.2,TEMPORAL,0.01,0.05,0.6472749999999999,0.00695,0.776375,0.0364217673773375,0.009275,0.9699005060882792,0.9845369559547266,0.1913842877105269,0.7136750000000001,0.0504360224552959,0.0337125
UNCERTAINTY_GLOBAL,0.2,TEMPORAL,0.01,0.1,0.6472749999999999,0.00695,0.776375,0.0364217673773375,0.009275,0.9699005060882792,0.9688987912468332,0.3757179977384483,0.777875,0.0460953495485173,0.06735
UNCERTAINTY_GLOBAL,0.2,TEMPORAL,0.01,0.2,0.6472749999999999,0.00695,0.776375,0.0364217673773375,0.009275,0.9699005060882792,0.8960372185762973,0.6908340100603796,0.8891,0.030484103325431,0.134625
UNCERTAINTY_GLOBAL,0.2,TEMPORAL,0.02,0.05,0.7235750000000001,0.015,0.8526,0.0346679086315988,0.019275,0.9699005060882792,0.9710596559554476,0.2247903527493562,0.78495,0.0370807677015098,0.0315875
UNCERTAINTY_GLOBAL,0.2,TEMPORAL,0.02,0.1,0.7235750000000001,0.015,0.8526,0.0346679086315988,0.019275,0.9699005060882792,0.9464316615362652,0.4374860368730709,0.8431749999999999,0.0333487568483943,0.0631375
UNCERTAINTY_GLOBAL,0.2,TEMPORAL,0.02,0.2,0.7235750000000001,0.015,0.8526,0.0346679086315988,0.019275,0.9699005060882792,0.7846967466650501,0.7212172523715026,0.9221,0.0203866105296807,0.1262125
UNCERTAINTY_GLOBAL,0.25,DOMAIN_OOD,0.005,0.05,0.59917055469155,0.0041990668740279,0.5972524624157595,0.1376966672459546,0.0035251425609123,0.9706742814934513,0.988685928038336,0.1781059926517574,0.6684292379471228,0.082423845216861,0.0350181441161223
UNCERTAINTY_GLOBAL,0.25,DOMAIN_OOD,0.005,0.1,0.59917055469155,0.0041990668740279,0.5972524624157595,0.1376966672459546,0.0035251425609123,0.9706742814934513,0.9774175152381068,0.3514903155326265,0.7359253499222395,0.0775814231271753,0.0699326075686884
UNCERTAINTY_GLOBAL,0.25,DOMAIN_OOD,0.005,0.2,0.59917055469155,0.0041990668740279,0.5972524624157595,0.1376966672459546,0.0035251425609123,0.9706742814934513,0.9238248987887996,0.6601137462854767,0.8580611715914982,0.0594269007827517,0.1397615344738206
UNCERTAINTY_GLOBAL,0.25,DOMAIN_OOD,0.01,0.05,0.6884396060134785,0.010108864696734,0.7559357179885952,0.1059440747861136,0.0087091757387247,0.9706742814934513,0.9832872029990428,0.2099309986859799,0.7526697770865733,0.0482554320522639,0.0326594090202177
UNCERTAINTY_GLOBAL,0.25,DOMAIN_OOD,0.01,0.1,0.6884396060134785,0.010108864696734,0.7559357179885952,0.1059440747861136,0.0087091757387247,0.9706742814934513,0.9651803899966752,0.4110695901571435,0.814307931570762,0.0451852919622765,0.0651892172109901
UNCERTAINTY_GLOBAL,0.25,DOMAIN_OOD,0.01,0.2,0.6884396060134785,0.010108864696734,0.7559357179885952,0.1059440747861136,0.0087091757387247,0.9706742814934513,0.8516874917649322,0.7191252871562341,0.910886469673406,0.0267327834712482,0.1302488335925349
UNCERTAINTY_GLOBAL,0.25,DOMAIN_OOD,0.02,0.05,0.7679108346293416,0.0220321410057024,0.8681700362882323,0.0396510202365991,0.0267496111975116,0.9706742814934513,0.9700606545602304,0.2598995922131102,0.8268532918610679,0.0386186309762754,0.0303784344219803
UNCERTAINTY_GLOBAL,0.25,DOMAIN_OOD,0.02,0.1,0.7679108346293416,0.0220321410057024,0.8681700362882323,0.0396510202365991,0.0267496111975116,0.9706742814934513,0.9202501648507844,0.4907346262636962,0.8795749092794194,0.0348536446581133,0.0606272680145152
UNCERTAINTY_GLOBAL,0.25,DOMAIN_OOD,0.02,0.2,0.7679108346293416,0.0220321410057024,0.8681700362882323,0.0396510202365991,0.0267496111975116,0.9706742814934513,0.7016883614772179,0.7351695019522622,0.938724727838258,0.0108240273402126,0.1211508553654743
UNCERTAINTY_GLOBAL,0.25,DOMAIN_TEMPLATE_OOD,0.005,0.05,0.574487594390507,0.0040992448759439,0.5754584681769147,0.1326069937515563,0.0029126213592233,0.9689381876553512,0.9907909630130576,0.1714876206683162,0.6452535059331176,0.0883272189282294,0.0357065803667745
UNCERTAINTY_GLOBAL,0.25,DOMAIN_TEMPLATE_OOD,0.005,0.1,0.574487594390507,0.0040992448759439,0.5754584681769147,0.1326069937515563,0.0029126213592233,0.9689381876553512,0.981877289781834,0.3387091297689131,0.7143473570658037,0.0831399640993961,0.0711974110032362
UNCERTAINTY_GLOBAL,0.25,DOMAIN_TEMPLATE_OOD,0.005,0.2,0.574487594390507,0.0040992448759439,0.5754584681769147,0.1326069937515563,0.0029126213592233,0.9689381876553512,0.9337690264963008,0.6401438759162713,0.8408306364617044,0.0647610920135301,0.1422599784250269
UNCERTAINTY_GLOBAL,0.25,DOMAIN_TEMPLATE_OOD,0.01,0.05,0.6701725997842503,0.0092772384034519,0.7375404530744337,0.1089889729876402,0.0076591154261057,0.9689381876553512,0.9860672458821174,0.2021197434220137,0.7355447680690399,0.0534764249266605,0.0331445523193096
UNCERTAINTY_GLOBAL,0.25,DOMAIN_TEMPLATE_OOD,0.01,0.1,0.6701725997842503,0.0092772384034519,0.7375404530744337,0.1089889729876402,0.0076591154261057,0.9689381876553512,0.9696265417870528,0.3963132978749631,0.7984358144552319,0.0502593783204118,0.0661272923408845
UNCERTAINTY_GLOBAL,0.25,DOMAIN_TEMPLATE_OOD,0.01,0.2,0.6701725997842503,0.0092772384034519,0.7375404530744337,0.1089889729876402,0.0076591154261057,0.9689381876553512,0.8584905675072821,0.6952708169994914,0.8977346278317153,0.0303844345276425,0.1321467098166127
UNCERTAINTY_GLOBAL,0.25,DOMAIN_TEMPLATE_OOD,0.02,0.05,0.7569039913700107,0.0206040992448759,0.8547464940668824,0.0449608395500412,0.0245954692556634,0.9689381876553512,0.9726568172680236,0.2515774364232279,0.8166666666666667,0.0410274852320918,0.0307173678532901
UNCERTAINTY_GLOBAL,0.25,DOMAIN_TEMPLATE_OOD,0.02,0.1,0.7569039913700107,0.0206040992448759,0.8547464940668824,0.0449608395500412,0.0245954692556634,0.9689381876553512,0.9239395517556196,0.4752642436621226,0.8702265372168284,0.0368569824847433,0.0612729234088457
UNCERTAINTY_GLOBAL,0.25,DOMAIN_TEMPLATE_OOD,0.02,0.2,0.7569039913700107,0.0206040992448759,0.8547464940668824,0.0449608395500412,0.0245954692556634,0.9689381876553512,0.7033726762916792,0.7105706750977041,0.929881337648328,0.012582832223605,0.1223570658036677
UNCERTAINTY_GLOBAL,0.25,IID_BALANCED,0.005,0.05,0.5224952741020794,0.0059546313799621,0.6361058601134216,0.0596237781403877,0.0079395085066162,0.9226198627984348,0.9807052941049884,0.1527448673227232,0.5949905482041589,0.0493594341435194,0.0369565217391304
UNCERTAINTY_GLOBAL,0.25,IID_BALANCED,0.005,0.1,0.5224952741020794,0.0059546313799621,0.6361058601134216,0.0596237781403877,0.0079395085066162,0.9226198627984348,0.9741129686617024,0.3025833147469569,0.6661625708884688,0.0459075841915888,0.0737240075614366
UNCERTAINTY_GLOBAL,0.25,IID_BALANCED,0.005,0.2,0.5224952741020794,0.0059546313799621,0.6361058601134216,0.0596237781403877,0.0079395085066162,0.9226198627984348,0.8988166032128188,0.55657379793179,0.7878071833648393,0.0299795641108184,0.1473534971644612
UNCERTAINTY_GLOBAL,0.25,IID_BALANCED,0.01,0.05,0.5968809073724007,0.0092627599243856,0.7184310018903591,0.0387624794045261,0.0123818525519848,0.9226198627984348,0.9701542422018268,0.1689043230325098,0.6649338374291116,0.0162874064594364,0.0350661625708884
UNCERTAINTY_GLOBAL,0.25,IID_BALANCED,0.01,0.1,0.5968809073724007,0.0092627599243856,0.7184310018903591,0.0387624794045261,0.0123818525519848,0.9226198627984348,0.959888211274456,0.3331479645349938,0.7310964083175804,0.0144876158669419,0.0698960302457466
UNCERTAINTY_GLOBAL,0.25,IID_BALANCED,0.01,0.2,0.5968809073724007,0.0092627599243856,0.7184310018903591,0.0387624794045261,0.0123818525519848,0.9226198627984348,0.7859018721659701,0.543660446017639,0.8164461247637051,0.0050957949890751,0.1395557655954631
UNCERTAINTY_GLOBAL,0.25,IID_BALANCED,0.02,0.05,0.6620982986767486,0.0206994328922495,0.7732514177693762,0.0132882822793231,0.0226843100189035,0.9226198627984348,0.9682804070801622,0.1897311078086121,0.7261814744801512,0.0135735598731275,0.0330812854442344
UNCERTAINTY_GLOBAL,0.25,IID_BALANCED,0.02,0.1,0.6620982986767486,0.0206994328922495,0.7732514177693762,0.0132882822793231,0.0226843100189035,0.9226198627984348,0.9266223184471548,0.3623091317493436,0.7844990548204158,0.0111390482228504,0.0660207939508506
UNCERTAINTY_GLOBAL,0.25,IID_BALANCED,0.02,0.2,0.6620982986767486,0.0206994328922495,0.7732514177693762,0.0132882822793231,0.0226843100189035,0.9226198627984348,0.635516936816951,0.4952855626829257,0.8298676748582231,0.0068593387073337,0.1318525519848771
UNCERTAINTY_GLOBAL,0.25,IID_ORIGINAL,0.005,0.05,0.5224952741020794,0.0047666833918715,0.6361058601134216,0.0596237781403877,0.0059207225288509,0.8919977254631295,0.97105987790612,0.2416619794571769,0.6370510396975425,0.0492522310122896,0.0409046214355948
UNCERTAINTY_GLOBAL,0.25,IID_ORIGINAL,0.005,0.1,0.5224952741020794,0.0047666833918715,0.6361058601134216,0.0596237781403877,0.0059207225288509,0.8919977254631295,0.9299169331159168,0.4609188979734923,0.7415879017013232,0.040337998832821,0.0816453621763356
UNCERTAINTY_GLOBAL,0.25,IID_ORIGINAL,0.005,0.2,0.5224952741020794,0.0047666833918715,0.6361058601134216,0.0596237781403877,0.0059207225288509,0.8919977254631295,0.6333436888009236,0.6229719216483398,0.8214555765595464,0.0085409700954421,0.1632251720747295
UNCERTAINTY_GLOBAL,0.25,IID_ORIGINAL,0.01,0.05,0.5968809073724007,0.0079779227295534,0.7184310018903591,0.0387624794045261,0.010787757150025,0.8919977254631295,0.9533366435586564,0.2699377193123664,0.7056710775047259,0.0147251308100762,0.0395607997377908
UNCERTAINTY_GLOBAL,0.25,IID_ORIGINAL,0.01,0.1,0.5968809073724007,0.0079779227295534,0.7184310018903591,0.0387624794045261,0.010787757150025,0.8919977254631295,0.8368064764786343,0.472118797651348,0.7874291115311909,0.0062131530118897,0.0789249426417568
UNCERTAINTY_GLOBAL,0.25,IID_ORIGINAL,0.01,0.2,0.5968809073724007,0.0079779227295534,0.7184310018903591,0.0387624794045261,0.010787757150025,0.8919977254631295,0.5123012913651752,0.5770633535306864,0.8300567107750473,0.0087629696615966,0.1577187807276303
UNCERTAINTY_GLOBAL,0.25,IID_ORIGINAL,0.02,0.05,0.6620982986767486,0.0189162067235323,0.7732514177693762,0.0132882822793231,0.0226793778223783,0.8919977254631295,0.9067629874762748,0.2946486348120706,0.7616257088846881,0.0128117456885859,0.0380530973451327
UNCERTAINTY_GLOBAL,0.25,IID_ORIGINAL,0.02,0.1,0.6620982986767486,0.0189162067235323,0.7732514177693762,0.0132882822793231,0.0226793778223783,0.8919977254631295,0.6747456298964433,0.4369658324057107,0.8100189035916824,0.0049011812180542,0.0759750901343821
UNCERTAINTY_GLOBAL,0.25,IID_ORIGINAL,0.02,0.2,0.6620982986767486,0.0189162067235323,0.7732514177693762,0.0132882822793231,0.0226793778223783,0.8919977254631295,0.400339388078096,0.5172742823112457,0.8374291115311909,0.0089223706732868,0.1517535234349393
UNCERTAINTY_GLOBAL,0.25,TEMPLATE_OOD,0.005,0.05,0.6545081967213114,0.0039519906323185,0.6615046838407495,0.1134668922421616,0.0034543325526932,0.9726711744626536,0.9819280057905307,0.1972630930576675,0.7204918032786886,0.0722126135873907,0.0335919203747072
UNCERTAINTY_GLOBAL,0.25,TEMPLATE_OOD,0.005,0.1,0.6545081967213114,0.0039519906323185,0.6615046838407495,0.1134668922421616,0.0034543325526932,0.9726711744626536,0.9741526628623056,0.3909736176934095,0.7853629976580796,0.0678979951732818,0.0671399297423887
UNCERTAINTY_GLOBAL,0.25,TEMPLATE_OOD,0.005,0.2,0.6545081967213114,0.0039519906323185,0.6615046838407495,0.1134668922421616,0.0034543325526932,0.9726711744626536,0.8853683232376554,0.7019226597314918,0.893179156908665,0.0433438632598026,0.1342066744730679
UNCERTAINTY_GLOBAL,0.25,TEMPLATE_OOD,0.01,0.05,0.7334309133489462,0.0076990632318501,0.7927107728337236,0.0863805779351071,0.0078161592505854,0.9726711744626536,0.9743330494352648,0.2344493276158345,0.7948770491803279,0.0397391663409038,0.0315281030444964
UNCERTAINTY_GLOBAL,0.25,TEMPLATE_OOD,0.01,0.1,0.7334309133489462,0.0076990632318501,0.7927107728337236,0.0863805779351071,0.0078161592505854,0.9726711744626536,0.9546626775157568,0.4587800705270132,0.8537470725995316,0.0371592079381447,0.0629976580796252
UNCERTAINTY_GLOBAL,0.25,TEMPLATE_OOD,0.01,0.2,0.7334309133489462,0.0076990632318501,0.7927107728337236,0.0863805779351071,0.0078161592505854,0.9726711744626536,0.7804126542951944,0.7403248363818804,0.930708430913349,0.0130144453600254,0.1259367681498829
UNCERTAINTY_GLOBAL,0.25,TEMPLATE_OOD,0.02,0.05,0.7998536299765808,0.0157494145199063,0.8815573770491802,0.0329777722659193,0.0202576112412177,0.9726711744626536,0.9559109906612344,0.2894172048374637,0.8567037470725996,0.0304412897609686,0.0297277517564402
UNCERTAINTY_GLOBAL,0.25,TEMPLATE_OOD,0.02,0.1,0.7998536299765808,0.0157494145199063,0.8815573770491802,0.0329777722659193,0.0202576112412177,0.9726711744626536,0.8783205165932912,0.5274855595354294,0.9041861826697892,0.0245549208121009,0.0593091334894613
UNCERTAINTY_GLOBAL,0.25,TEMPLATE_OOD,0.02,0.2,0.7998536299765808,0.0157494145199063,0.8815573770491802,0.0329777722659193,0.0202576112412177,0.9726711744626536,0.6081254689340708,0.7195085777740181,0.9446135831381732,0.0057278721101788,0.1185158079625292
UNCERTAINTY_GLOBAL,0.25,TEMPORAL,0.005,0.05,0.671275,0.003725,0.672375,0.1128671939591935,0.004175,0.9724332647336872,0.9746927455578696,0.2034238041653502,0.7359500000000001,0.0689888074658169,0.0331749999999999
UNCERTAINTY_GLOBAL,0.25,TEMPORAL,0.005,0.1,0.671275,0.003725,0.672375,0.1128671939591935,0.004175,0.9724332647336872,0.9660760275267218,0.4025173436344717,0.799425,0.0645752199204754,0.0663
UNCERTAINTY_GLOBAL,0.25,TEMPORAL,0.005,0.2,0.671275,0.003725,0.672375,0.1128671939591935,0.004175,0.9724332647336872,0.8655141133964662,0.7111631990299633,0.90185,0.0383900305345599,0.1325625
UNCERTAINTY_GLOBAL,0.25,TEMPORAL,0.01,0.05,0.7457,0.007725,0.800825,0.0826054923180723,0.008725,0.9724332647336872,0.965478141872909,0.2411818211259078,0.8059749999999999,0.0378939400754849,0.0312124999999999
UNCERTAINTY_GLOBAL,0.25,TEMPORAL,0.01,0.1,0.7457,0.007725,0.800825,0.0826054923180723,0.008725,0.9724332647336872,0.944572860729478,0.4710399499482866,0.863575,0.0350626522575422,0.062375
UNCERTAINTY_GLOBAL,0.25,TEMPORAL,0.01,0.2,0.7457,0.007725,0.800825,0.0826054923180723,0.008725,0.9724332647336872,0.7568044885157692,0.7445607201939025,0.935125,0.0110762822182254,0.1246874999999999
UNCERTAINTY_GLOBAL,0.25,TEMPORAL,0.02,0.05,0.8088749999999999,0.015825,0.8859,0.0300437643742886,0.02175,0.9724332647336872,0.9454837543615956,0.2968582770490845,0.864575,0.0285574591345627,0.0294499999999999
UNCERTAINTY_GLOBAL,0.25,TEMPORAL,0.02,0.1,0.8088749999999999,0.015825,0.8859,0.0300437643742886,0.02175,0.9724332647336872,0.8622853874931536,0.5370082464611079,0.910475,0.0219736110672172,0.0588249999999999
UNCERTAINTY_GLOBAL,0.25,TEMPORAL,0.02,0.2,0.8088749999999999,0.015825,0.8859,0.0300437643742886,0.02175,0.9724332647336872,0.5859428466556051,0.7201995849939895,0.9472,0.0053304679802892,0.117575
UNCERTAINTY_POST_CASCADE,0.1,DOMAIN_OOD,0.005,0.05,0.3590979782270606,0.0066355624675997,0.2832555728356661,0.1034113777321671,0.0044582685329186,0.9250676962426274,0.9726798388205324,0.124904483874496,0.4389320891653706,0.0451166777767122,0.0410316226023846
UNCERTAINTY_POST_CASCADE,0.1,DOMAIN_OOD,0.005,0.1,0.3590979782270606,0.0066355624675997,0.2832555728356661,0.1034113777321671,0.0044582685329186,0.9250676962426274,0.9555272243887416,0.2447898649658647,0.5155520995334371,0.0426984854221052,0.0818558838776568
UNCERTAINTY_POST_CASCADE,0.1,DOMAIN_OOD,0.005,0.2,0.3590979782270606,0.0066355624675997,0.2832555728356661,0.1034113777321671,0.0044582685329186,0.9250676962426274,0.9125326984505084,0.4669747567617383,0.6575427682737169,0.0399848466501551,0.1635044064282011
UNCERTAINTY_POST_CASCADE,0.1,DOMAIN_OOD,0.01,0.05,0.4520476931052359,0.0150336962156557,0.3819077242094349,0.0900826103870958,0.0090720580611715,0.9250676962426274,0.9575636607920618,0.1348115993526635,0.5256609642301711,0.049130244478701,0.0384136858475894
UNCERTAINTY_POST_CASCADE,0.1,DOMAIN_OOD,0.01,0.1,0.4520476931052359,0.0150336962156557,0.3819077242094349,0.0900826103870958,0.0090720580611715,0.9250676962426274,0.9317823399268812,0.2620434504190246,0.5951788491446346,0.0452154492182032,0.0767496111975116
UNCERTAINTY_POST_CASCADE,0.1,DOMAIN_OOD,0.01,0.2,0.4520476931052359,0.0150336962156557,0.3819077242094349,0.0900826103870958,0.0090720580611715,0.9250676962426274,0.8798888055281852,0.4944670543296269,0.7221358216692587,0.0406174504010477,0.153369621565578
UNCERTAINTY_POST_CASCADE,0.1,DOMAIN_OOD,0.02,0.05,0.5484707102125453,0.0307931570762052,0.5387765681700363,0.0828606258700069,0.0217729393468118,0.9250676962426274,0.9374106843029232,0.1486670378899546,0.6153965785381026,0.0398766025045606,0.0356661482633488
UNCERTAINTY_POST_CASCADE,0.1,DOMAIN_OOD,0.02,0.1,0.5484707102125453,0.0307931570762052,0.5387765681700363,0.0828606258700069,0.0217729393468118,0.9250676962426274,0.9043705890800962,0.2862227892941587,0.6771902540176258,0.0383221663627698,0.0711249351995852
UNCERTAINTY_POST_CASCADE,0.1,DOMAIN_OOD,0.02,0.2,0.5484707102125453,0.0307931570762052,0.5387765681700363,0.0828606258700069,0.0217729393468118,0.9250676962426274,0.8255387977440474,0.5217271419617455,0.7834110938310006,0.0328783792231889,0.1421461897356143
UNCERTAINTY_POST_CASCADE,0.1,DOMAIN_TEMPLATE_OOD,0.005,0.05,0.3317691477885652,0.0065264293419633,0.2738942826321467,0.0984002355907731,0.0044768069039913,0.9176004083354398,0.9733971455772966,0.1217490651355271,0.412891046386192,0.046603974067937,0.0416666666666666
UNCERTAINTY_POST_CASCADE,0.1,DOMAIN_TEMPLATE_OOD,0.005,0.1,0.3317691477885652,0.0065264293419633,0.2738942826321467,0.0984002355907731,0.0044768069039913,0.9176004083354398,0.9596975968571062,0.2397205531053818,0.4915318230852211,0.0438175388458885,0.0832254584681769
UNCERTAINTY_POST_CASCADE,0.1,DOMAIN_TEMPLATE_OOD,0.005,0.2,0.3317691477885652,0.0065264293419633,0.2738942826321467,0.0984002355907731,0.0044768069039913,0.9176004083354398,0.9131428586385374,0.4558291644223814,0.6355447680690399,0.0411985724047426,0.1663160733549083
UNCERTAINTY_POST_CASCADE,0.1,DOMAIN_TEMPLATE_OOD,0.01,0.05,0.4253505933117584,0.0148327939590075,0.3644552319309601,0.0877680794340701,0.0088457389428263,0.9176004083354398,0.957335375358339,0.130913292245634,0.5003236245954692,0.0517200950720245,0.0391316073354908
UNCERTAINTY_POST_CASCADE,0.1,DOMAIN_TEMPLATE_OOD,0.01,0.1,0.4253505933117584,0.0148327939590075,0.3644552319309601,0.0877680794340701,0.0088457389428263,0.9176004083354398,0.934047980533822,0.2549591396804634,0.5714131607335491,0.0475637231704082,0.0781283710895361
UNCERTAINTY_POST_CASCADE,0.1,DOMAIN_TEMPLATE_OOD,0.01,0.2,0.4253505933117584,0.0148327939590075,0.3644552319309601,0.0877680794340701,0.0088457389428263,0.9176004083354398,0.8794400051437974,0.4795975596000919,0.7001078748651565,0.0428801646692573,0.1560949298813376
UNCERTAINTY_POST_CASCADE,0.1,DOMAIN_TEMPLATE_OOD,0.02,0.05,0.521413160733549,0.0307443365695792,0.5133225458468177,0.0876224802610545,0.021413160733549,0.9176004083354398,0.9434450784577588,0.1438160505908788,0.5900215749730313,0.0439305589428778,0.0363268608414239
UNCERTAINTY_POST_CASCADE,0.1,DOMAIN_TEMPLATE_OOD,0.02,0.1,0.521413160733549,0.0307443365695792,0.5133225458468177,0.0876224802610545,0.021413160733549,0.9176004083354398,0.9071364118749324,0.276202199039667,0.6530744336569579,0.041648639984239,0.0725188781014023
UNCERTAINTY_POST_CASCADE,0.1,DOMAIN_TEMPLATE_OOD,0.02,0.2,0.521413160733549,0.0307443365695792,0.5133225458468177,0.0876224802610545,0.021413160733549,0.9176004083354398,0.8259660185633818,0.5019231916276715,0.7610571736785329,0.0353270739757357,0.1448759439050701
UNCERTAINTY_POST_CASCADE,0.1,IID_BALANCED,0.005,0.05,0.3940453686200378,0.0085066162570888,0.4433837429111532,0.0718093929798657,0.010586011342155,0.8957591648427204,0.9893944779001445,0.1315620909939427,0.4736294896030245,0.0321714534339764,0.0402173913043478
UNCERTAINTY_POST_CASCADE,0.1,IID_BALANCED,0.005,0.1,0.3940453686200378,0.0085066162570888,0.4433837429111532,0.0718093929798657,0.010586011342155,0.8957591648427204,0.9567695118187816,0.2534824007513324,0.5474480151228733,0.0292235642165375,0.0801512287334593
UNCERTAINTY_POST_CASCADE,0.1,IID_BALANCED,0.005,0.2,0.3940453686200378,0.0085066162570888,0.4433837429111532,0.0718093929798657,0.010586011342155,0.8957591648427204,0.8750984156808771,0.4624247328649331,0.6741965973534971,0.0217826928991997,0.1599716446124763
UNCERTAINTY_POST_CASCADE,0.1,IID_BALANCED,0.01,0.05,0.4611531190926276,0.01351606805293,0.5158790170132326,0.0559012444213715,0.0184310018903591,0.8957591648427204,0.9814905264431882,0.1402174620441239,0.536578449905482,0.0286619637489585,0.0384215500945179
UNCERTAINTY_POST_CASCADE,0.1,IID_BALANCED,0.01,0.1,0.4611531190926276,0.01351606805293,0.5158790170132326,0.0559012444213715,0.0184310018903591,0.8957591648427204,0.9209450067131216,0.2615539498584172,0.6020793950850661,0.0229626555239931,0.0764650283553875
UNCERTAINTY_POST_CASCADE,0.1,IID_BALANCED,0.01,0.2,0.4611531190926276,0.01351606805293,0.5158790170132326,0.0559012444213715,0.0184310018903591,0.8957591648427204,0.8239589535359153,0.4669762104828525,0.7130434782608696,0.0159234632660709,0.1526937618147448
UNCERTAINTY_POST_CASCADE,0.1,IID_BALANCED,0.02,0.05,0.5362948960302457,0.023156899810964,0.597069943289225,0.0406733617405049,0.0331758034026465,0.8957591648427204,0.9384285297443192,0.1468751133980392,0.6043478260869566,0.0230541165062234,0.0362476370510397
UNCERTAINTY_POST_CASCADE,0.1,IID_BALANCED,0.02,0.1,0.5362948960302457,0.023156899810964,0.597069943289225,0.0406733617405049,0.0331758034026465,0.8957591648427204,0.8575050490335132,0.267389273500375,0.6603024574669187,0.0191446507797095,0.0722589792060491
UNCERTAINTY_POST_CASCADE,0.1,IID_BALANCED,0.02,0.2,0.5362948960302457,0.023156899810964,0.597069943289225,0.0406733617405049,0.0331758034026465,0.8957591648427204,0.7519355043501964,0.4674927686136244,0.7534971644612476,0.0148833691609393,0.144234404536862
UNCERTAINTY_POST_CASCADE,0.1,IID_ORIGINAL,0.005,0.05,0.3940453686200378,0.0072252885097842,0.4433837429111532,0.0718093929798657,0.0077772202709483,0.8489525588065451,0.9564395526491708,0.1965029540174425,0.5129489603024575,0.0308342053976187,0.0431006227466404
UNCERTAINTY_POST_CASCADE,0.1,IID_ORIGINAL,0.005,0.1,0.3940453686200378,0.0072252885097842,0.4433837429111532,0.0718093929798657,0.0077772202709483,0.8489525588065451,0.8592389928205147,0.3518808507999971,0.6073724007561437,0.0210840733362551,0.0860373647984267
UNCERTAINTY_POST_CASCADE,0.1,IID_ORIGINAL,0.005,0.2,0.3940453686200378,0.0072252885097842,0.4433837429111532,0.0718093929798657,0.0077772202709483,0.8489525588065451,0.6980829953176599,0.5706625665833188,0.740359168241966,0.0198565212263332,0.1718780727630285
UNCERTAINTY_POST_CASCADE,0.1,IID_ORIGINAL,0.01,0.05,0.4611531190926276,0.0124435524335173,0.5158790170132326,0.0559012444213715,0.0148018063221274,0.8489525588065451,0.917324102346945,0.2052960984567279,0.5716446124763706,0.0272878946093671,0.0417568010488364
UNCERTAINTY_POST_CASCADE,0.1,IID_ORIGINAL,0.01,0.1,0.4611531190926276,0.0124435524335173,0.5158790170132326,0.0559012444213715,0.0148018063221274,0.8489525588065451,0.7954661708686838,0.3549330433223303,0.6525519848771266,0.0193149939878182,0.0833824975417895
UNCERTAINTY_POST_CASCADE,0.1,IID_ORIGINAL,0.01,0.2,0.4611531190926276,0.0124435524335173,0.5158790170132326,0.0559012444213715,0.0148018063221274,0.8489525588065451,0.6283197319427506,0.5590785441924789,0.7632325141776938,0.0184424428215591,0.1665355621107833
UNCERTAINTY_POST_CASCADE,0.1,IID_ORIGINAL,0.02,0.05,0.5362948960302457,0.0223783241344706,0.597069943289225,0.0406733617405049,0.029101856497742,0.8489525588065451,0.8343815036775268,0.2081313976307935,0.6328922495274102,0.0196360916426054,0.0401179941002949
UNCERTAINTY_POST_CASCADE,0.1,IID_ORIGINAL,0.02,0.1,0.5362948960302457,0.0223783241344706,0.597069943289225,0.0406733617405049,0.029101856497742,0.8489525588065451,0.7062003083951721,0.3517179386043266,0.6996219281663516,0.0201628465418091,0.0801376597836774
UNCERTAINTY_POST_CASCADE,0.1,IID_ORIGINAL,0.02,0.2,0.5362948960302457,0.0223783241344706,0.597069943289225,0.0406733617405049,0.029101856497742,0.8489525588065451,0.5422570237740483,0.5387591111661063,0.7868620037807184,0.0172924530561595,0.1600458865945591
UNCERTAINTY_POST_CASCADE,0.1,TEMPLATE_OOD,0.005,0.05,0.4415690866510539,0.0058548009367681,0.4213700234192037,0.0953765861609197,0.0043911007025761,0.9427684015800172,0.9831915224033718,0.1375059924750132,0.5180620608899298,0.0455076724382891,0.0388905152224824
UNCERTAINTY_POST_CASCADE,0.1,TEMPLATE_OOD,0.005,0.1,0.4415690866510539,0.0058548009367681,0.4213700234192037,0.0953765861609197,0.0043911007025761,0.9427684015800172,0.9667896834761204,0.2700171073659909,0.5918618266978923,0.0416143702655712,0.0776932084309133
UNCERTAINTY_POST_CASCADE,0.1,TEMPLATE_OOD,0.005,0.2,0.4415690866510539,0.0058548009367681,0.4213700234192037,0.0953765861609197,0.0043911007025761,0.9427684015800172,0.9146577440353708,0.5107605694732265,0.7258196721311475,0.0375471873080652,0.155327868852459
UNCERTAINTY_POST_CASCADE,0.1,TEMPLATE_OOD,0.01,0.05,0.52903981264637,0.0122072599531615,0.5055327868852458,0.0756452780534436,0.0084309133489461,0.9427684015800172,0.9663231753284164,0.1507713707079526,0.5996779859484778,0.0468569541897109,0.0365339578454332
UNCERTAINTY_POST_CASCADE,0.1,TEMPLATE_OOD,0.01,0.1,0.52903981264637,0.0122072599531615,0.5055327868852458,0.0756452780534436,0.0084309133489461,0.9427684015800172,0.9397571306667498,0.2928469463585722,0.666364168618267,0.0425766667754159,0.0730093676814988
UNCERTAINTY_POST_CASCADE,0.1,TEMPLATE_OOD,0.01,0.2,0.52903981264637,0.0122072599531615,0.5055327868852458,0.0756452780534436,0.0084309133489461,0.9427684015800172,0.8696148727956432,0.5414158054715237,0.7830503512880562,0.0368636713108015,0.1459162763466042
UNCERTAINTY_POST_CASCADE,0.1,TEMPLATE_OOD,0.02,0.05,0.6186475409836065,0.0237997658079625,0.6283665105386417,0.0678082468298093,0.0207845433255269,0.9427684015800172,0.9431198417501844,0.1691761156281147,0.6828747072599531,0.0390207951307502,0.0340163934426229
UNCERTAINTY_POST_CASCADE,0.1,TEMPLATE_OOD,0.02,0.1,0.6186475409836065,0.0237997658079625,0.6283665105386417,0.0678082468298093,0.0207845433255269,0.9427684015800172,0.8970454946620203,0.3217291087599488,0.7406615925058547,0.0370144679559735,0.0679596018735363
UNCERTAINTY_POST_CASCADE,0.1,TEMPLATE_OOD,0.02,0.2,0.6186475409836065,0.0237997658079625,0.6283665105386417,0.0678082468298093,0.0207845433255269,0.9427684015800172,0.7901174813760868,0.5651976355280981,0.8336651053864168,0.0283344541572452,0.135831381733021
UNCERTAINTY_POST_CASCADE,0.1,TEMPORAL,0.005,0.05,0.4572,0.0052499999999999,0.426675,0.0968355600719304,0.004725,0.943735364068765,0.9775401849151232,0.139169902580991,0.5325,0.0423762905408201,0.0385
UNCERTAINTY_POST_CASCADE,0.1,TEMPORAL,0.005,0.1,0.4572,0.0052499999999999,0.426675,0.0968355600719304,0.004725,0.943735364068765,0.961387470884138,0.2734335759622249,0.605175,0.0389923514579747,0.076925
UNCERTAINTY_POST_CASCADE,0.1,TEMPORAL,0.005,0.2,0.4572,0.0052499999999999,0.426675,0.0968355600719304,0.004725,0.943735364068765,0.9064117106228664,0.5154637875703425,0.736125,0.0347593412704492,0.1538
UNCERTAINTY_POST_CASCADE,0.1,TEMPORAL,0.01,0.05,0.544925,0.01105,0.516775,0.074229322784942,0.00975,0.943735364068765,0.9578939118640796,0.1529750838766469,0.6142000000000001,0.0420318662181181,0.03615
UNCERTAINTY_POST_CASCADE,0.1,TEMPORAL,0.01,0.1,0.544925,0.01105,0.516775,0.074229322784942,0.00975,0.943735364068765,0.9316380193763372,0.2971931844769775,0.67965,0.0381346663519923,0.0722625
UNCERTAINTY_POST_CASCADE,0.1,TEMPORAL,0.01,0.2,0.544925,0.01105,0.516775,0.074229322784942,0.00975,0.943735364068765,0.8594620941086906,0.5480266203893194,0.7933749999999999,0.0340190408284668,0.14445
UNCERTAINTY_POST_CASCADE,0.1,TEMPORAL,0.02,0.05,0.6347,0.02165,0.6413,0.0619303820610063,0.0229,0.943735364068765,0.9301684317093736,0.1722495190604674,0.6973499999999999,0.0353809035121113,0.03365
UNCERTAINTY_POST_CASCADE,0.1,TEMPORAL,0.02,0.1,0.6347,0.02165,0.6413,0.0619303820610063,0.0229,0.943735364068765,0.8825165223614455,0.3268758246198142,0.753425,0.0343541704568423,0.0672375
UNCERTAINTY_POST_CASCADE,0.1,TEMPORAL,0.02,0.2,0.6347,0.02165,0.6413,0.0619303820610063,0.0229,0.943735364068765,0.7761707945440838,0.5735303867884075,0.8436,0.026864422983236,0.1344
UNCERTAINTY_POST_CASCADE,0.15,DOMAIN_OOD,0.005,0.05,0.460082944530845,0.0057024364955935,0.454224987039917,0.125991986986347,0.0031104199066874,0.9574298819868304,0.9930790343735184,0.1434769743490329,0.536547433903577,0.0867471878451782,0.0384914463452566
UNCERTAINTY_POST_CASCADE,0.15,DOMAIN_OOD,0.005,0.1,0.460082944530845,0.0057024364955935,0.454224987039917,0.125991986986347,0.0031104199066874,0.9574298819868304,0.982348547889891,0.2831270142746902,0.6110938310005184,0.0811079133680109,0.0768273716951788
UNCERTAINTY_POST_CASCADE,0.15,DOMAIN_OOD,0.005,0.2,0.460082944530845,0.0057024364955935,0.454224987039917,0.125991986986347,0.0031104199066874,0.9574298819868304,0.9518854238286816,0.5475086418731712,0.7527216174183515,0.0673915451462166,0.1535251425609123
UNCERTAINTY_POST_CASCADE,0.15,DOMAIN_OOD,0.01,0.05,0.547952306894764,0.0104717470191809,0.614307931570762,0.0785528815459611,0.007983411093831,0.9574298819868304,0.9832240067295852,0.1583807217991887,0.6191290824261275,0.0439567770060816,0.0361845515811301
UNCERTAINTY_POST_CASCADE,0.15,DOMAIN_OOD,0.01,0.1,0.547952306894764,0.0104717470191809,0.614307931570762,0.0785528815459611,0.007983411093831,0.9574298819868304,0.9667113922524532,0.3104044993673048,0.6876101607050285,0.039510057463429,0.0721876620010368
UNCERTAINTY_POST_CASCADE,0.15,DOMAIN_OOD,0.01,0.2,0.547952306894764,0.0104717470191809,0.614307931570762,0.0785528815459611,0.007983411093831,0.9574298819868304,0.916404018437223,0.5866583890547857,0.8127527216174183,0.0256431251880771,0.1442457231726283
UNCERTAINTY_POST_CASCADE,0.15,DOMAIN_OOD,0.02,0.05,0.6471228615863142,0.0274753758424053,0.7566096423017108,0.0677672314991693,0.01933644375324,0.9574298819868304,0.976321872825716,0.1848126820914272,0.7120269569725246,0.0302636360294761,0.033229652669777
UNCERTAINTY_POST_CASCADE,0.15,DOMAIN_OOD,0.02,0.1,0.6471228615863142,0.0274753758424053,0.7566096423017108,0.0677672314991693,0.01933644375324,0.9574298819868304,0.9457800990032954,0.3571616299725121,0.7727838258164852,0.0259444043113636,0.0663815448418869
UNCERTAINTY_POST_CASCADE,0.15,DOMAIN_OOD,0.02,0.2,0.6471228615863142,0.0274753758424053,0.7566096423017108,0.0677672314991693,0.01933644375324,0.9574298819868304,0.8334075194444729,0.6281585449597793,0.868481078278901,0.0228019555112307,0.1326334888543286
UNCERTAINTY_POST_CASCADE,0.15,DOMAIN_TEMPLATE_OOD,0.005,0.05,0.4302588996763754,0.0053937432578209,0.435598705501618,0.1215871978092972,0.0026968716289104,0.9539503095789464,0.9936466330162042,0.1385713506287469,0.508252427184466,0.0891816479331322,0.0392394822006472
UNCERTAINTY_POST_CASCADE,0.15,DOMAIN_TEMPLATE_OOD,0.005,0.1,0.4302588996763754,0.0053937432578209,0.435598705501618,0.1215871978092972,0.0026968716289104,0.9539503095789464,0.9837624494040887,0.2737967618695105,0.5844660194174758,0.0834922497152454,0.0783441208198489
UNCERTAINTY_POST_CASCADE,0.15,DOMAIN_TEMPLATE_OOD,0.005,0.2,0.4302588996763754,0.0053937432578209,0.435598705501618,0.1215871978092972,0.0026968716289104,0.9539503095789464,0.954886495159816,0.5302921779317746,0.7295577130528587,0.0693464704554015,0.1565264293419633
UNCERTAINTY_POST_CASCADE,0.15,DOMAIN_TEMPLATE_OOD,0.01,0.05,0.520873786407767,0.0097626752966558,0.5911003236245954,0.078804231837784,0.0071736785329018,0.9539503095789464,0.9851673630847296,0.152801253992559,0.5936353829557712,0.0469570365142009,0.0369201725997842
UNCERTAINTY_POST_CASCADE,0.15,DOMAIN_TEMPLATE_OOD,0.01,0.1,0.520873786407767,0.0097626752966558,0.5911003236245954,0.078804231837784,0.0071736785329018,0.9539503095789464,0.9693577006335092,0.2994525989541403,0.6636461704422869,0.0423447588831265,0.0735976267529665
UNCERTAINTY_POST_CASCADE,0.15,DOMAIN_TEMPLATE_OOD,0.01,0.2,0.520873786407767,0.0097626752966558,0.5911003236245954,0.078804231837784,0.0071736785329018,0.9539503095789464,0.9176139047978978,0.5650759214075263,0.7912081984897519,0.0281549609324214,0.1470604099244876
UNCERTAINTY_POST_CASCADE,0.15,DOMAIN_TEMPLATE_OOD,0.02,0.05,0.6254584681769149,0.0256742179072276,0.7354908306364617,0.0725360768230979,0.0181769147788565,0.9539503095789464,0.9773946926863624,0.1777056372967971,0.6916936353829557,0.0324982169931827,0.0338727076591154
UNCERTAINTY_POST_CASCADE,0.15,DOMAIN_TEMPLATE_OOD,0.02,0.1,0.6254584681769149,0.0256742179072276,0.7354908306364617,0.0725360768230979,0.0181769147788565,0.9539503095789464,0.9473428687103164,0.3431778644679739,0.75361380798274,0.0277715803911124,0.0675836030204962
UNCERTAINTY_POST_CASCADE,0.15,DOMAIN_TEMPLATE_OOD,0.02,0.2,0.6254584681769149,0.0256742179072276,0.7354908306364617,0.0725360768230979,0.0181769147788565,0.9539503095789464,0.835645454079911,0.6038599938026282,0.8513484358144552,0.0247031085850569,0.1349784250269687
UNCERTAINTY_POST_CASCADE,0.15,IID_BALANCED,0.005,0.05,0.4549149338374291,0.0066162570888468,0.5528355387523629,0.0766139169711881,0.0089792060491493,0.9150503531379544,0.9950741888295918,0.1424337925108292,0.5318525519848771,0.0732567363287925,0.0386578449905482
UNCERTAINTY_POST_CASCADE,0.15,IID_BALANCED,0.005,0.1,0.4549149338374291,0.0066162570888468,0.5528355387523629,0.0766139169711881,0.0089792060491493,0.9150503531379544,0.9745593936751744,0.2782302209066311,0.6052930056710775,0.0685328708512511,0.0771266540642722
UNCERTAINTY_POST_CASCADE,0.15,IID_BALANCED,0.005,0.2,0.4549149338374291,0.0066162570888468,0.5528355387523629,0.0766139169711881,0.0089792060491493,0.9150503531379544,0.9116230576012836,0.5188318970368513,0.7362948960302458,0.0527139495643102,0.1540642722117202
UNCERTAINTY_POST_CASCADE,0.15,IID_BALANCED,0.01,0.05,0.5311909262759924,0.0107750472589792,0.6323251417769377,0.0466777958097953,0.0142722117202268,0.9150503531379544,0.9921898277161436,0.15521665847707,0.603875236294896,0.0216748820004608,0.036625708884688
UNCERTAINTY_POST_CASCADE,0.15,IID_BALANCED,0.01,0.1,0.5311909262759924,0.0107750472589792,0.6323251417769377,0.0466777958097953,0.0142722117202268,0.9150503531379544,0.9570619095386896,0.2989679087989683,0.6712665406427221,0.0189182887626402,0.073156899810964
UNCERTAINTY_POST_CASCADE,0.15,IID_BALANCED,0.01,0.2,0.5311909262759924,0.0107750472589792,0.6323251417769377,0.0466777958097953,0.0142722117202268,0.9150503531379544,0.8532275405292825,0.5315996846297913,0.7804347826086957,0.012937034662823,0.1459829867674858
UNCERTAINTY_POST_CASCADE,0.15,IID_BALANCED,0.02,0.05,0.6141776937618147,0.0230623818525519,0.7063327032136105,0.0338921536450935,0.0264650283553875,0.9150503531379544,0.9738167310663934,0.1734220819065575,0.6809073724007562,0.0219784458584567,0.0342627599243856
UNCERTAINTY_POST_CASCADE,0.15,IID_BALANCED,0.02,0.1,0.6141776937618147,0.0230623818525519,0.7063327032136105,0.0338921536450935,0.0264650283553875,0.9150503531379544,0.9201660960451596,0.3262728866602887,0.7398865784499055,0.0189759170915166,0.068289224952741
UNCERTAINTY_POST_CASCADE,0.15,IID_BALANCED,0.02,0.2,0.6141776937618147,0.0230623818525519,0.7063327032136105,0.0338921536450935,0.0264650283553875,0.9150503531379544,0.711572431125115,0.5027235313999284,0.808506616257089,0.0123091271048013,0.1363894139886578
UNCERTAINTY_POST_CASCADE,0.15,IID_ORIGINAL,0.005,0.05,0.4549149338374291,0.0060210737581535,0.5528355387523629,0.0766139169711881,0.0065730055193176,0.8794478152560188,0.9780113384865354,0.2200994879754207,0.5736294896030245,0.0727282780937213,0.0420845624385447
UNCERTAINTY_POST_CASCADE,0.15,IID_ORIGINAL,0.005,0.1,0.4549149338374291,0.0060210737581535,0.5528355387523629,0.0766139169711881,0.0065730055193176,0.8794478152560188,0.922564078691238,0.4133581534453486,0.6785444234404536,0.0630095305134965,0.0839724680432645
UNCERTAINTY_POST_CASCADE,0.15,IID_ORIGINAL,0.005,0.2,0.4549149338374291,0.0060210737581535,0.5528355387523629,0.0766139169711881,0.0065730055193176,0.8794478152560188,0.6942844244237392,0.6166695636782331,0.7920604914933838,0.026755984556474,0.167748279252704
UNCERTAINTY_POST_CASCADE,0.15,IID_ORIGINAL,0.01,0.05,0.5311909262759924,0.0100351229302558,0.6323251417769377,0.0466777958097953,0.0117410938283993,0.8794478152560188,0.9537337039377798,0.2386985209067357,0.6430056710775047,0.0207320401222091,0.0406424123238282
UNCERTAINTY_POST_CASCADE,0.15,IID_ORIGINAL,0.01,0.1,0.5311909262759924,0.0100351229302558,0.6323251417769377,0.0466777958097953,0.0117410938283993,0.8794478152560188,0.866580787778827,0.4323357953708698,0.7339319470699432,0.0150982392306304,0.0810881678138315
UNCERTAINTY_POST_CASCADE,0.15,IID_ORIGINAL,0.01,0.2,0.5311909262759924,0.0100351229302558,0.6323251417769377,0.0466777958097953,0.0117410938283993,0.8794478152560188,0.59674438356692,0.5946903858266145,0.8101134215500945,0.0180298494015663,0.1620124549328089
UNCERTAINTY_POST_CASCADE,0.15,IID_ORIGINAL,0.02,0.05,0.6141776937618147,0.0213246362267937,0.7063327032136105,0.0338921536450935,0.0246362267937782,0.8794478152560188,0.8933952157217548,0.259612118659162,0.7140831758034026,0.0223903181847538,0.0387741724024909
UNCERTAINTY_POST_CASCADE,0.15,IID_ORIGINAL,0.02,0.1,0.6141776937618147,0.0213246362267937,0.7063327032136105,0.0338921536450935,0.0246362267937782,0.8794478152560188,0.735475620033013,0.425846227394356,0.7785444234404537,0.0147106304315616,0.0774500163880694
UNCERTAINTY_POST_CASCADE,0.15,IID_ORIGINAL,0.02,0.2,0.6141776937618147,0.0213246362267937,0.7063327032136105,0.0338921536450935,0.0246362267937782,0.8794478152560188,0.4671147574159194,0.5394141338083098,0.8228733459357278,0.0177398566960154,0.1547689282202556
UNCERTAINTY_POST_CASCADE,0.15,TEMPLATE_OOD,0.005,0.05,0.5230971896955504,0.004771662763466,0.5574941451990633,0.0983415057315784,0.0037177985948477,0.96297450389352,0.9886711209275804,0.155413030047885,0.5960187353629977,0.0844888550871766,0.0368706088992974
UNCERTAINTY_POST_CASCADE,0.15,TEMPLATE_OOD,0.005,0.1,0.5230971896955504,0.004771662763466,0.5574941451990633,0.0983415057315784,0.0037177985948477,0.96297450389352,0.9778872947648092,0.306918790340312,0.6672131147540984,0.079087239170891,0.0736533957845433
UNCERTAINTY_POST_CASCADE,0.15,TEMPLATE_OOD,0.005,0.2,0.5230971896955504,0.004771662763466,0.5574941451990633,0.0983415057315784,0.0037177985948477,0.96297450389352,0.9393911481571926,0.5881392409088768,0.8002049180327869,0.0639373645833967,0.1472482435597189
UNCERTAINTY_POST_CASCADE,0.15,TEMPLATE_OOD,0.01,0.05,0.6080210772833723,0.0081088992974238,0.6845433255269321,0.0598079052350258,0.0084309133489461,0.96297450389352,0.9786035472112288,0.174168274439271,0.675907494145199,0.0375688002441207,0.0346750585480093
UNCERTAINTY_POST_CASCADE,0.15,TEMPLATE_OOD,0.01,0.1,0.6080210772833723,0.0081088992974238,0.6845433255269321,0.0598079052350258,0.0084309133489461,0.96297450389352,0.9601302341191308,0.3410103022854526,0.7410714285714286,0.0336525873614124,0.0692476580796253
UNCERTAINTY_POST_CASCADE,0.15,TEMPLATE_OOD,0.01,0.2,0.6080210772833723,0.0081088992974238,0.6845433255269321,0.0598079052350258,0.0084309133489461,0.96297450389352,0.8889635399051313,0.629582217379832,0.8545374707259953,0.0212551808506918,0.1384367681498829
UNCERTAINTY_POST_CASCADE,0.15,TEMPLATE_OOD,0.02,0.05,0.6987997658079625,0.0190866510538641,0.7972189695550351,0.0525100268844808,0.0195550351288056,0.96297450389352,0.9615608103632464,0.2061836808573495,0.7605679156908665,0.0260436107673616,0.0321135831381733
UNCERTAINTY_POST_CASCADE,0.15,TEMPLATE_OOD,0.02,0.1,0.6987997658079625,0.0190866510538641,0.7972189695550351,0.0525100268844808,0.0195550351288056,0.96297450389352,0.9237610935928832,0.395000897514659,0.8174473067915692,0.0213217134907374,0.0641686182669789
UNCERTAINTY_POST_CASCADE,0.15,TEMPLATE_OOD,0.02,0.2,0.6987997658079625,0.0190866510538641,0.7972189695550351,0.0525100268844808,0.0195550351288056,0.96297450389352,0.7763748064135754,0.6622059054080266,0.8983021077283372,0.0191023691324273,0.1282786885245901
UNCERTAINTY_POST_CASCADE,0.15,TEMPORAL,0.005,0.05,0.5439,0.0045249999999999,0.565625,0.1014445832571765,0.00455,0.9626262776283554,0.9870477220594784,0.1599348507702814,0.6156750000000001,0.0798426447249004,0.03635
UNCERTAINTY_POST_CASCADE,0.15,TEMPORAL,0.005,0.1,0.5439,0.0045249999999999,0.565625,0.1014445832571765,0.00455,0.9626262776283554,0.970469554638919,0.3139430751823152,0.68495,0.0742811662985084,0.072625
UNCERTAINTY_POST_CASCADE,0.15,TEMPORAL,0.005,0.2,0.5439,0.0045249999999999,0.565625,0.1014445832571765,0.00455,0.9626262776283554,0.9268237428554962,0.5979371922585478,0.8135749999999999,0.0588170480293672,0.1452
UNCERTAINTY_POST_CASCADE,0.15,TEMPORAL,0.01,0.05,0.6266,0.007875,0.6934750000000001,0.0582819356900384,0.0098,0.9626262776283554,0.9692261095054509,0.1785437647047714,0.692925,0.0351508752064266,0.0342
UNCERTAINTY_POST_CASCADE,0.15,TEMPORAL,0.01,0.1,0.6266,0.007875,0.6934750000000001,0.0582819356900384,0.0098,0.9626262776283554,0.950330238220644,0.3495751192720698,0.756575,0.0312707819786387,0.0683375
UNCERTAINTY_POST_CASCADE,0.15,TEMPORAL,0.01,0.2,0.6266,0.007875,0.6934750000000001,0.0582819356900384,0.0098,0.9626262776283554,0.8732649090869435,0.640306466637315,0.865575,0.0193846481354017,0.1366
UNCERTAINTY_POST_CASCADE,0.15,TEMPORAL,0.02,0.05,0.7143499999999999,0.019225,0.804125,0.0485043311353624,0.0217,0.9626262776283554,0.9493579171069908,0.2118562949512673,0.77455,0.0240863031617556,0.0317
UNCERTAINTY_POST_CASCADE,0.15,TEMPORAL,0.02,0.1,0.7143499999999999,0.019225,0.804125,0.0485043311353624,0.0217,0.9626262776283554,0.907829359356506,0.4039657538965257,0.829525,0.0187592384647612,0.063375
UNCERTAINTY_POST_CASCADE,0.15,TEMPORAL,0.02,0.2,0.7143499999999999,0.019225,0.804125,0.0485043311353624,0.0217,0.9626262776283554,0.7515594494163003,0.667210664820378,0.9051,0.0177854497334822,0.1266999999999999
UNCERTAINTY_POST_CASCADE,0.2,DOMAIN_OOD,0.005,0.05,0.4904613789528252,0.0041472265422498,0.5345775012960083,0.1326918528104068,0.0034214618973561,0.9656621256936204,0.9885734905329896,0.1489215338746473,0.5652151373768792,0.080240412631698,0.0377916018662519
UNCERTAINTY_POST_CASCADE,0.2,DOMAIN_OOD,0.005,0.1,0.4904613789528252,0.0041472265422498,0.5345775012960083,0.1326918528104068,0.0034214618973561,0.9656621256936204,0.9832758743604952,0.2957664963961477,0.6388284085018144,0.076061955267639,0.0754276827371695
UNCERTAINTY_POST_CASCADE,0.2,DOMAIN_OOD,0.005,0.2,0.4904613789528252,0.0041472265422498,0.5345775012960083,0.1326918528104068,0.0034214618973561,0.9656621256936204,0.9632022758529744,0.5783648525549366,0.7808709175738725,0.0661248443825879,0.1506739243131156
UNCERTAINTY_POST_CASCADE,0.2,DOMAIN_OOD,0.01,0.05,0.5949714878175221,0.010108864696734,0.7057024364955936,0.0956550663393381,0.0082944530844997,0.9656621256936204,0.9806425248748614,0.1715646459095436,0.6636080870917574,0.0545129018495353,0.0349922239502332
UNCERTAINTY_POST_CASCADE,0.2,DOMAIN_OOD,0.01,0.1,0.5949714878175221,0.010108864696734,0.7057024364955936,0.0956550663393381,0.0082944530844997,0.9656621256936204,0.9742980258351708,0.3403005571604399,0.7311041990668741,0.0515915058255081,0.0698548470710212
UNCERTAINTY_POST_CASCADE,0.2,DOMAIN_OOD,0.01,0.2,0.5949714878175221,0.010108864696734,0.7057024364955936,0.0956550663393381,0.0082944530844997,0.9656621256936204,0.9243071842053552,0.6440413955492952,0.8531881804043546,0.0429304168525458,0.1395800933125972
UNCERTAINTY_POST_CASCADE,0.2,DOMAIN_OOD,0.02,0.05,0.7046656298600311,0.0251425609123898,0.8268014515292897,0.0584826190084712,0.0236910316226023,0.9656621256936204,0.9731823451461836,0.213903509894681,0.7667703473302229,0.0469665967392691,0.0319077242094349
UNCERTAINTY_POST_CASCADE,0.2,DOMAIN_OOD,0.02,0.1,0.7046656298600311,0.0251425609123898,0.8268014515292897,0.0584826190084712,0.0236910316226023,0.9656621256936204,0.9552244308007732,0.4188136208205469,0.8262312078797305,0.0447623579207029,0.0636340072576464
UNCERTAINTY_POST_CASCADE,0.2,DOMAIN_OOD,0.02,0.2,0.7046656298600311,0.0251425609123898,0.8268014515292897,0.0584826190084712,0.0236910316226023,0.9656621256936204,0.8111962295988124,0.7067302998611836,0.9113011923276308,0.0331205675871147,0.1271384136858476
UNCERTAINTY_POST_CASCADE,0.2,DOMAIN_TEMPLATE_OOD,0.005,0.05,0.4625674217907227,0.0039913700107874,0.5136461704422869,0.1299473165939917,0.0029126213592233,0.9635043923366926,0.991194768312804,0.1438828668920278,0.5388349514563107,0.0816645108468755,0.0384573894282632
UNCERTAINTY_POST_CASCADE,0.2,DOMAIN_TEMPLATE_OOD,0.005,0.1,0.4625674217907227,0.0039913700107874,0.5136461704422869,0.1299473165939917,0.0029126213592233,0.9635043923366926,0.9856983977187032,0.2857401297925622,0.6139697950377563,0.0772643340984487,0.0767799352750809
UNCERTAINTY_POST_CASCADE,0.2,DOMAIN_TEMPLATE_OOD,0.005,0.2,0.4625674217907227,0.0039913700107874,0.5136461704422869,0.1299473165939917,0.0029126213592233,0.9635043923366926,0.9672260620013582,0.5600165601115007,0.7594929881337649,0.0674275198332978,0.1534250269687163
UNCERTAINTY_POST_CASCADE,0.2,DOMAIN_TEMPLATE_OOD,0.01,0.05,0.5710355987055016,0.0096548004314994,0.6855447680690399,0.0996729118295638,0.0076591154261057,0.9635043923366926,0.9870088293725854,0.1656156440110824,0.6412621359223302,0.0566827700819982,0.035571736785329
UNCERTAINTY_POST_CASCADE,0.2,DOMAIN_TEMPLATE_OOD,0.01,0.1,0.5710355987055016,0.0096548004314994,0.6855447680690399,0.0996729118295638,0.0076591154261057,0.9635043923366926,0.9759614174080684,0.327063232159502,0.7097087378640776,0.0535445356876019,0.0710355987055016
UNCERTAINTY_POST_CASCADE,0.2,DOMAIN_TEMPLATE_OOD,0.01,0.2,0.5710355987055016,0.0096548004314994,0.6855447680690399,0.0996729118295638,0.0076591154261057,0.9635043923366926,0.9316078457976678,0.6234630721635963,0.835814455231931,0.0453082995073303,0.142017259978425
UNCERTAINTY_POST_CASCADE,0.2,DOMAIN_TEMPLATE_OOD,0.02,0.05,0.6885652642934196,0.0238403451995685,0.8117583603020495,0.0668427732012529,0.0223300970873786,0.9635043923366926,0.9790903387518858,0.2067550862606378,0.7518878101402373,0.0498252659494822,0.0323354908306364
UNCERTAINTY_POST_CASCADE,0.2,DOMAIN_TEMPLATE_OOD,0.02,0.1,0.6885652642934196,0.0238403451995685,0.8117583603020495,0.0668427732012529,0.0223300970873786,0.9635043923366926,0.9544680909782476,0.402106039040034,0.8116504854368932,0.0477946390963228,0.0644822006472491
UNCERTAINTY_POST_CASCADE,0.2,DOMAIN_TEMPLATE_OOD,0.02,0.2,0.6885652642934196,0.0238403451995685,0.8117583603020495,0.0668427732012529,0.0223300970873786,0.9635043923366926,0.8223013717126243,0.689039200000901,0.900755124056095,0.0373628938176045,0.1288295577130528
UNCERTAINTY_POST_CASCADE,0.2,IID_BALANCED,0.005,0.05,0.4623818525519849,0.004820415879017,0.6120037807183365,0.0534381834684088,0.0068998109640831,0.925657772553549,0.9839873515502257,0.1426073490610492,0.5382797731568998,0.0718588625753303,0.0385633270321361
UNCERTAINTY_POST_CASCADE,0.2,IID_BALANCED,0.005,0.1,0.4623818525519849,0.004820415879017,0.6120037807183365,0.0534381834684088,0.0068998109640831,0.925657772553549,0.9826589638144368,0.2838031610839288,0.6134215500945179,0.0679171438156912,0.0768431001890359
UNCERTAINTY_POST_CASCADE,0.2,IID_BALANCED,0.005,0.2,0.4623818525519849,0.004820415879017,0.6120037807183365,0.0534381834684088,0.0068998109640831,0.925657772553549,0.9430347687350428,0.5428025286289014,0.7521739130434782,0.0529840394445515,0.1534499054820415
UNCERTAINTY_POST_CASCADE,0.2,IID_BALANCED,0.01,0.05,0.5531190926275993,0.0093572778827977,0.6944234404536862,0.0278433428340542,0.0122873345935727,0.925657772553549,0.981606561410692,0.1604190451580681,0.6241965973534972,0.05428034311593,0.0362003780718336
UNCERTAINTY_POST_CASCADE,0.2,IID_BALANCED,0.01,0.1,0.5531190926275993,0.0093572778827977,0.6944234404536862,0.0278433428340542,0.0122873345935727,0.925657772553549,0.967437079957044,0.3149490668973879,0.6928166351606805,0.0499506520040489,0.072164461247637
UNCERTAINTY_POST_CASCADE,0.2,IID_BALANCED,0.01,0.2,0.5531190926275993,0.0093572778827977,0.6944234404536862,0.0278433428340542,0.0122873345935727,0.925657772553549,0.8535915211298176,0.552162323195585,0.7996219281663516,0.0293733132219449,0.1439981096408317
UNCERTAINTY_POST_CASCADE,0.2,IID_BALANCED,0.02,0.05,0.632703213610586,0.0189981096408317,0.7553875236294896,0.0134689472571649,0.0226843100189035,0.925657772553549,0.972038873035908,0.1803741425588602,0.6987712665406427,0.0258888351685327,0.0339792060491493
UNCERTAINTY_POST_CASCADE,0.2,IID_BALANCED,0.02,0.1,0.632703213610586,0.0189981096408317,0.7553875236294896,0.0134689472571649,0.0226843100189035,0.925657772553549,0.9473576165582938,0.3500507817930484,0.7609640831758033,0.0234902429394717,0.0676748582230623
UNCERTAINTY_POST_CASCADE,0.2,IID_BALANCED,0.02,0.2,0.632703213610586,0.0189981096408317,0.7553875236294896,0.0134689472571649,0.0226843100189035,0.925657772553549,0.7086598209989203,0.520950840325266,0.8244801512287335,0.0115764672161886,0.1350661625708884
UNCERTAINTY_POST_CASCADE,0.2,IID_ORIGINAL,0.005,0.05,0.4623818525519849,0.003963873557451,0.6120037807183365,0.0534381834684088,0.0047666833918715,0.8947370617584183,0.9842585839889552,0.2245232157124241,0.5816635160680529,0.0714181707747709,0.042019010160603
UNCERTAINTY_POST_CASCADE,0.2,IID_ORIGINAL,0.005,0.1,0.4623818525519849,0.003963873557451,0.6120037807183365,0.0534381834684088,0.0047666833918715,0.8947370617584183,0.9516972189864696,0.4325184053393743,0.6926275992438564,0.0633541434252693,0.0838413634873811
UNCERTAINTY_POST_CASCADE,0.2,IID_ORIGINAL,0.005,0.2,0.4623818525519849,0.003963873557451,0.6120037807183365,0.0534381834684088,0.0047666833918715,0.8947370617584183,0.7174072456585325,0.6455242778110479,0.8102079395085067,0.0216030920637605,0.1675188462799082
UNCERTAINTY_POST_CASCADE,0.2,IID_ORIGINAL,0.01,0.05,0.5531190926275993,0.0081786251881585,0.6944234404536862,0.0278433428340542,0.0100852985449071,0.8947370617584183,0.9678324346442524,0.2534229860247506,0.665406427221172,0.0527271292286629,0.0402163225172074
UNCERTAINTY_POST_CASCADE,0.2,IID_ORIGINAL,0.01,0.1,0.5531190926275993,0.0081786251881585,0.6944234404536862,0.0278433428340542,0.0100852985449071,0.8947370617584183,0.8833124183737657,0.4605708284797577,0.7581285444234405,0.0403459955570846,0.0803670927564732
UNCERTAINTY_POST_CASCADE,0.2,IID_ORIGINAL,0.01,0.2,0.5531190926275993,0.0081786251881585,0.6944234404536862,0.0278433428340542,0.0100852985449071,0.8947370617584183,0.5860949882601504,0.606221659263739,0.8256143667296787,0.0118241928196566,0.1606358570960341
UNCERTAINTY_POST_CASCADE,0.2,IID_ORIGINAL,0.02,0.05,0.632703213610586,0.017059708981435,0.7553875236294896,0.0134689472571649,0.0220772704465629,0.8947370617584183,0.9326609339529834,0.2836765503456431,0.7366729678638941,0.0240900299766714,0.0386430678466076
UNCERTAINTY_POST_CASCADE,0.2,IID_ORIGINAL,0.02,0.1,0.632703213610586,0.017059708981435,0.7553875236294896,0.0134689472571649,0.0220772704465629,0.8947370617584183,0.7497647752127643,0.4539844750651465,0.7995274102079395,0.0155720547624316,0.0770894788593903
UNCERTAINTY_POST_CASCADE,0.2,IID_ORIGINAL,0.02,0.2,0.632703213610586,0.017059708981435,0.7553875236294896,0.0134689472571649,0.0220772704465629,0.8947370617584183,0.4588377228584508,0.5536115163298612,0.8367674858223062,0.0119560962554624,0.1539823008849557
UNCERTAINTY_POST_CASCADE,0.2,TEMPLATE_OOD,0.005,0.05,0.5523419203747073,0.003483606557377,0.615983606557377,0.1045897367023463,0.0032201405152224,0.9704281278600928,0.9904470500324796,0.1628887277983238,0.6240632318501171,0.0726155046516443,0.036197306791569
UNCERTAINTY_POST_CASCADE,0.2,TEMPLATE_OOD,0.005,0.1,0.5523419203747073,0.003483606557377,0.615983606557377,0.1045897367023463,0.0032201405152224,0.9704281278600928,0.9834119493483456,0.3230128291486924,0.6945257611241218,0.0686343799437707,0.0722775175644028
UNCERTAINTY_POST_CASCADE,0.2,TEMPLATE_OOD,0.005,0.2,0.5523419203747073,0.003483606557377,0.615983606557377,0.1045897367023463,0.0032201405152224,0.9704281278600928,0.9570812424141172,0.6275624803148059,0.8290983606557377,0.0583989776399068,0.144481850117096
UNCERTAINTY_POST_CASCADE,0.2,TEMPLATE_OOD,0.01,0.05,0.6492974238875878,0.0072014051522248,0.7516100702576113,0.0778317008272979,0.0076990632318501,0.9704281278600928,0.9811007190081484,0.1906895784470785,0.7153395784543325,0.0474706868413388,0.0336504683840749
UNCERTAINTY_POST_CASCADE,0.2,TEMPLATE_OOD,0.01,0.1,0.6492974238875878,0.0072014051522248,0.7516100702576113,0.0778317008272979,0.0076990632318501,0.9704281278600928,0.9700081949902336,0.376777206264535,0.779771662763466,0.044780201699917,0.0672423887587822
UNCERTAINTY_POST_CASCADE,0.2,TEMPLATE_OOD,0.01,0.2,0.6492974238875878,0.0072014051522248,0.7516100702576113,0.0778317008272979,0.0076990632318501,0.9704281278600928,0.8991470185802136,0.6957770766594873,0.8913348946135832,0.0329160984020108,0.1344115925058548
UNCERTAINTY_POST_CASCADE,0.2,TEMPLATE_OOD,0.02,0.05,0.7469847775175644,0.0168032786885245,0.8489754098360656,0.0474823694208074,0.0193793911007025,0.9704281278600928,0.9652270595241236,0.2397787327315636,0.8067622950819672,0.0381812159446029,0.0309572599531615
UNCERTAINTY_POST_CASCADE,0.2,TEMPLATE_OOD,0.02,0.1,0.7469847775175644,0.0168032786885245,0.8489754098360656,0.0474823694208074,0.0193793911007025,0.9704281278600928,0.9355414969596658,0.4646868194193662,0.8627634660421546,0.0367068989995431,0.0618706088992974
UNCERTAINTY_POST_CASCADE,0.2,TEMPLATE_OOD,0.02,0.2,0.7469847775175644,0.0168032786885245,0.8489754098360656,0.0474823694208074,0.0193793911007025,0.9704281278600928,0.7336121773648335,0.7228817225881897,0.9289227166276346,0.0218930937078122,0.1236973067915691
UNCERTAINTY_POST_CASCADE,0.2,TEMPORAL,0.005,0.05,0.5724,0.003175,0.6259,0.103582441669533,0.00385,0.970855795616192,0.987104856281818,0.1674684539000465,0.642825,0.0686681886967239,0.0356625
UNCERTAINTY_POST_CASCADE,0.2,TEMPORAL,0.005,0.1,0.5724,0.003175,0.6259,0.103582441669533,0.00385,0.970855795616192,0.9791424079486508,0.3321466972652873,0.7120249999999999,0.0649972702418254,0.0712874999999999
UNCERTAINTY_POST_CASCADE,0.2,TEMPORAL,0.005,0.2,0.5724,0.003175,0.6259,0.103582441669533,0.00385,0.970855795616192,0.9500205444396214,0.6431489959338701,0.8433999999999999,0.0545018093481512,0.1425125
UNCERTAINTY_POST_CASCADE,0.2,TEMPORAL,0.01,0.05,0.66525,0.006825,0.7605000000000001,0.0728026251052956,0.0083,0.970855795616192,0.9750033873160124,0.1961749035718072,0.7301,0.0450256408431166,0.03325
UNCERTAINTY_POST_CASCADE,0.2,TEMPORAL,0.01,0.1,0.66525,0.006825,0.7605000000000001,0.0728026251052956,0.0083,0.970855795616192,0.9646569936669136,0.3878741062740753,0.79345,0.0425020914518071,0.0664375
UNCERTAINTY_POST_CASCADE,0.2,TEMPORAL,0.01,0.2,0.66525,0.006825,0.7605000000000001,0.0728026251052956,0.0083,0.970855795616192,0.8860042565154457,0.7093655501682584,0.900975,0.0298636833517457,0.132825
UNCERTAINTY_POST_CASCADE,0.2,TEMPORAL,0.02,0.05,0.758325,0.0165,0.854425,0.0432918150462648,0.019925,0.970855795616192,0.9582997395882464,0.2470665675993137,0.81715,0.0361540300504506,0.0306875
UNCERTAINTY_POST_CASCADE,0.2,TEMPORAL,0.02,0.1,0.758325,0.0165,0.854425,0.0432918150462648,0.019925,0.970855795616192,0.9262793449351244,0.4772295842269015,0.87195,0.0344556478195761,0.061325
UNCERTAINTY_POST_CASCADE,0.2,TEMPORAL,0.02,0.2,0.758325,0.0165,0.854425,0.0432918150462648,0.019925,0.970855795616192,0.7118273824967652,0.7269583167111264,0.933275,0.019216402860288,0.1225749999999999
UNCERTAINTY_POST_CASCADE,0.25,DOMAIN_OOD,0.005,0.05,0.5728875064800415,0.0039398652151373,0.624779678589943,0.0986386493229184,0.003369621565578,0.9710583933419056,0.9895363323691952,0.1697402807364473,0.6435977190254017,0.0818498299608331,0.035717988595127
UNCERTAINTY_POST_CASCADE,0.25,DOMAIN_OOD,0.005,0.1,0.5728875064800415,0.0039398652151373,0.624779678589943,0.0986386493229184,0.003369621565578,0.9710583933419056,0.9805061678611308,0.3355176941431935,0.7128045619491965,0.0765179218932566,0.0713063763608087
UNCERTAINTY_POST_CASCADE,0.25,DOMAIN_OOD,0.005,0.2,0.5728875064800415,0.0039398652151373,0.624779678589943,0.0986386493229184,0.003369621565578,0.9710583933419056,0.9464376912323988,0.6447903961395831,0.8430793157076206,0.0606076569532347,0.142457231726283
UNCERTAINTY_POST_CASCADE,0.25,DOMAIN_OOD,0.01,0.05,0.6589424572317263,0.0090202177293934,0.7650077760497667,0.0929448461863211,0.0093831000518403,0.9710583933419056,0.9857964688481876,0.1979888779838702,0.724831518921721,0.0591973311390627,0.0334110938310005
UNCERTAINTY_POST_CASCADE,0.25,DOMAIN_OOD,0.01,0.1,0.6589424572317263,0.0090202177293934,0.7650077760497667,0.0929448461863211,0.0093831000518403,0.9710583933419056,0.9721237076144488,0.3893770836915683,0.7888024883359254,0.0546134607923642,0.0667444271643338
UNCERTAINTY_POST_CASCADE,0.25,DOMAIN_OOD,0.01,0.2,0.6589424572317263,0.0090202177293934,0.7650077760497667,0.0929448461863211,0.0093831000518403,0.9710583933419056,0.8860455391274016,0.7013956479005741,0.8961119751166408,0.0324573656300742,0.1333333333333333
UNCERTAINTY_POST_CASCADE,0.25,DOMAIN_OOD,0.02,0.05,0.7480559875583204,0.022291342664593,0.8670295489891136,0.03551493652318,0.0248315189217211,0.9710583933419056,0.9734340615919784,0.2452380379878284,0.8082426127527216,0.0437480051717041,0.0308968377397615
UNCERTAINTY_POST_CASCADE,0.25,DOMAIN_OOD,0.02,0.1,0.7480559875583204,0.022291342664593,0.8670295489891136,0.03551493652318,0.0248315189217211,0.9710583933419056,0.9448121643426692,0.4727567079381853,0.8646448937273199,0.0380401530291116,0.0616122343182996
UNCERTAINTY_POST_CASCADE,0.25,DOMAIN_OOD,0.02,0.2,0.7480559875583204,0.022291342664593,0.8670295489891136,0.03551493652318,0.0248315189217211,0.9710583933419056,0.7469487652293123,0.7330459646473242,0.9329186106791084,0.0134767138267383,0.1230689476412649
UNCERTAINTY_POST_CASCADE,0.25,DOMAIN_TEMPLATE_OOD,0.005,0.05,0.547950377562028,0.0040992448759439,0.6014023732470334,0.1008679662986651,0.0029665587918015,0.9693466213571204,0.9915707363631414,0.1633931970375612,0.6200647249190938,0.0852189434655046,0.036353829557713
UNCERTAINTY_POST_CASCADE,0.25,DOMAIN_TEMPLATE_OOD,0.005,0.1,0.547950377562028,0.0040992448759439,0.6014023732470334,0.1008679662986651,0.0029665587918015,0.9693466213571204,0.9830398604695268,0.3227928266529068,0.6906148867313916,0.0795374255221173,0.0725188781014023
UNCERTAINTY_POST_CASCADE,0.25,DOMAIN_TEMPLATE_OOD,0.005,0.2,0.547950377562028,0.0040992448759439,0.6014023732470334,0.1008679662986651,0.0029665587918015,0.9693466213571204,0.9542018025590208,0.6243400348836257,0.8249730312837109,0.0642060639007322,0.1449029126213592
UNCERTAINTY_POST_CASCADE,0.25,DOMAIN_TEMPLATE_OOD,0.01,0.05,0.6389967637540452,0.0085760517799352,0.7475728155339806,0.0978392583359157,0.0085760517799352,0.9693466213571204,0.9870215878151054,0.1905018173022318,0.7060409924487594,0.0640733918941482,0.0339536138079827
UNCERTAINTY_POST_CASCADE,0.25,DOMAIN_TEMPLATE_OOD,0.01,0.1,0.6389967637540452,0.0085760517799352,0.7475728155339806,0.0978392583359157,0.0085760517799352,0.9693466213571204,0.9739946352280684,0.3739705252389234,0.7710355987055016,0.0586182141992334,0.0677184466019417
UNCERTAINTY_POST_CASCADE,0.25,DOMAIN_TEMPLATE_OOD,0.01,0.2,0.6389967637540452,0.0085760517799352,0.7475728155339806,0.0978392583359157,0.0085760517799352,0.9693466213571204,0.8974944467685809,0.6818051979815146,0.8828478964401295,0.0366825655144898,0.135329018338727
UNCERTAINTY_POST_CASCADE,0.25,DOMAIN_TEMPLATE_OOD,0.02,0.05,0.7353829557713053,0.021143473570658,0.8548543689320388,0.0399957771672328,0.023462783171521,0.9693466213571204,0.970960942132943,0.2357719107065924,0.7960625674217907,0.0474972444637035,0.0312297734627831
UNCERTAINTY_POST_CASCADE,0.25,DOMAIN_TEMPLATE_OOD,0.02,0.1,0.7353829557713053,0.021143473570658,0.8548543689320388,0.0399957771672328,0.023462783171521,0.9693466213571204,0.9434147113058182,0.454380634851822,0.853074433656958,0.040988663501685,0.0622707659115426
UNCERTAINTY_POST_CASCADE,0.25,DOMAIN_TEMPLATE_OOD,0.02,0.2,0.7353829557713053,0.021143473570658,0.8548543689320388,0.0399957771672328,0.023462783171521,0.9693466213571204,0.7529596118715227,0.7113567439399018,0.9238942826321468,0.0154127517848049,0.1244336569579288
UNCERTAINTY_POST_CASCADE,0.25,IID_BALANCED,0.005,0.05,0.5247637051039697,0.0056710775047258,0.6314744801512286,0.0409200786183167,0.0076559546313799,0.920299711603612,0.9771159905317486,0.1527658176862068,0.597069943289225,0.0365307799467841,0.0370037807183364
UNCERTAINTY_POST_CASCADE,0.25,IID_BALANCED,0.005,0.1,0.5247637051039697,0.0056710775047258,0.6314744801512286,0.0409200786183167,0.0076559546313799,0.920299711603612,0.974878021602081,0.3033550843612425,0.6684310018903592,0.0337122885008145,0.0736767485822306
UNCERTAINTY_POST_CASCADE,0.25,IID_BALANCED,0.005,0.2,0.5247637051039697,0.0056710775047258,0.6314744801512286,0.0409200786183167,0.0076559546313799,0.920299711603612,0.8973571649705339,0.5568200909141305,0.7891304347826087,0.0212727242521171,0.147164461247637
UNCERTAINTY_POST_CASCADE,0.25,IID_BALANCED,0.01,0.05,0.5958412098298677,0.0103024574669187,0.7142722117202268,0.025911830097051,0.0131379962192816,0.920299711603612,0.973094733161424,0.1694456446529377,0.6641776937618148,0.0220499140691795,0.0351134215500945
UNCERTAINTY_POST_CASCADE,0.25,IID_BALANCED,0.01,0.1,0.5958412098298677,0.0103024574669187,0.7142722117202268,0.025911830097051,0.0131379962192816,0.920299711603612,0.956615307884706,0.3316956751110174,0.7296786389413988,0.0198162384291321,0.0699432892249527
UNCERTAINTY_POST_CASCADE,0.25,IID_BALANCED,0.01,0.2,0.5958412098298677,0.0103024574669187,0.7142722117202268,0.025911830097051,0.0131379962192816,0.920299711603612,0.788022637595972,0.5444261449762691,0.8161625708884689,0.0085386453893306,0.1396502835538752
UNCERTAINTY_POST_CASCADE,0.25,IID_BALANCED,0.02,0.05,0.657750472589792,0.0206049149338374,0.7657844990548204,0.0072914409291203,0.0228733459357277,0.920299711603612,0.9744857551103724,0.1897751779101844,0.7225897920604915,0.0154812734741914,0.0332703213610586
UNCERTAINTY_POST_CASCADE,0.25,IID_BALANCED,0.02,0.1,0.657750472589792,0.0206049149338374,0.7657844990548204,0.0072914409291203,0.0228733459357277,0.920299711603612,0.9292429846173438,0.3603512639185771,0.7810018903591682,0.0122107545253071,0.0663043478260869
UNCERTAINTY_POST_CASCADE,0.25,IID_BALANCED,0.02,0.2,0.657750472589792,0.0206049149338374,0.7657844990548204,0.0072914409291203,0.0228733459357277,0.920299711603612,0.6492183577384735,0.5018270703246437,0.829773156899811,0.0089162497409873,0.1323724007561436
UNCERTAINTY_POST_CASCADE,0.25,IID_ORIGINAL,0.005,0.05,0.5247637051039697,0.0046663321625689,0.6314744801512286,0.0409200786183167,0.0055193176116407,0.8895419988873451,0.97349595921749,0.2424537303163314,0.639508506616257,0.0357567265052454,0.040871845296624
UNCERTAINTY_POST_CASCADE,0.25,IID_ORIGINAL,0.005,0.1,0.5247637051039697,0.0046663321625689,0.6314744801512286,0.0409200786183167,0.0055193176116407,0.8895419988873451,0.9317724038080512,0.4628748558053572,0.7441398865784499,0.0292447856800353,0.0816125860373647
UNCERTAINTY_POST_CASCADE,0.25,IID_ORIGINAL,0.005,0.2,0.5247637051039697,0.0046663321625689,0.6314744801512286,0.0409200786183167,0.0055193176116407,0.8895419988873451,0.6297905201944553,0.6229220587024644,0.8214555765595464,0.0084003490987735,0.1631268436578171
UNCERTAINTY_POST_CASCADE,0.25,IID_ORIGINAL,0.01,0.05,0.5958412098298677,0.0087305569493226,0.7142722117202268,0.025911830097051,0.010787757150025,0.8895419988873451,0.9527245368836637,0.2695005174945318,0.7045368620037807,0.0213321352979713,0.0395607997377908
UNCERTAINTY_POST_CASCADE,0.25,IID_ORIGINAL,0.01,0.1,0.5958412098298677,0.0087305569493226,0.7142722117202268,0.025911830097051,0.010787757150025,0.8895419988873451,0.8354416674346871,0.4704428558782785,0.7861058601134215,0.0110410389830459,0.0789249426417568
UNCERTAINTY_POST_CASCADE,0.25,IID_ORIGINAL,0.01,0.2,0.5958412098298677,0.0087305569493226,0.7142722117202268,0.025911830097051,0.010787757150025,0.8895419988873451,0.5158384231650889,0.5799563771666236,0.8306238185255198,0.0113840854852034,0.1577187807276303
UNCERTAINTY_POST_CASCADE,0.25,IID_ORIGINAL,0.02,0.05,0.657750472589792,0.0182137481184144,0.7657844990548204,0.0072914409291203,0.0226793778223783,0.8895419988873451,0.9165463422135088,0.2948424524041645,0.7585066162570888,0.0153201400963001,0.0381186496230744
UNCERTAINTY_POST_CASCADE,0.25,IID_ORIGINAL,0.02,0.1,0.657750472589792,0.0182137481184144,0.7657844990548204,0.0072914409291203,0.0226793778223783,0.8895419988873451,0.6828870969248924,0.4379390505755747,0.807750472589792,0.0079480055750313,0.0761389708292363
UNCERTAINTY_POST_CASCADE,0.25,IID_ORIGINAL,0.02,0.2,0.657750472589792,0.0182137481184144,0.7657844990548204,0.0072914409291203,0.0226793778223783,0.8895419988873451,0.4053973723948368,0.5190846855633527,0.8357277882797731,0.0118204145186112,0.1521468371025893
UNCERTAINTY_POST_CASCADE,0.25,TEMPLATE_OOD,0.005,0.05,0.6333430913348946,0.0036885245901639,0.6848360655737705,0.0785089534928001,0.0033957845433255,0.9733793369356756,0.9874181762732286,0.1890809723962314,0.7008196721311475,0.0724913785665788,0.0341627634660421
UNCERTAINTY_POST_CASCADE,0.25,TEMPLATE_OOD,0.005,0.1,0.6333430913348946,0.0036885245901639,0.6848360655737705,0.0785089534928001,0.0033957845433255,0.9733793369356756,0.979358388138288,0.374194706399011,0.7670374707259953,0.0677023622049605,0.0682230679156908
UNCERTAINTY_POST_CASCADE,0.25,TEMPLATE_OOD,0.005,0.2,0.6333430913348946,0.0036885245901639,0.6848360655737705,0.0785089534928001,0.0033957845433255,0.9733793369356756,0.91719973100775,0.6953425833753862,0.8842505854800937,0.047538435882711,0.1363583138173302
UNCERTAINTY_POST_CASCADE,0.25,TEMPLATE_OOD,0.01,0.05,0.7095433255269321,0.0070550351288056,0.7997950819672132,0.0745749419923398,0.0085187353629976,0.9733793369356756,0.9824135018981645,0.223293772831046,0.7727751756440281,0.0512000026551704,0.0321721311475409
UNCERTAINTY_POST_CASCADE,0.25,TEMPLATE_OOD,0.01,0.1,0.7095433255269321,0.0070550351288056,0.7997950819672132,0.0745749419923398,0.0085187353629976,0.9733793369356756,0.9621346931209598,0.4354828782527774,0.8333138173302107,0.0460507791176291,0.0642564402810304
UNCERTAINTY_POST_CASCADE,0.25,TEMPLATE_OOD,0.01,0.2,0.7095433255269321,0.0070550351288056,0.7997950819672132,0.0745749419923398,0.0085187353629976,0.9733793369356756,0.8241240194688106,0.734037085491587,0.922248243559719,0.0193169986476318,0.1284104215456674
UNCERTAINTY_POST_CASCADE,0.25,TEMPLATE_OOD,0.02,0.05,0.7843091334894614,0.0157201405152224,0.8819379391100703,0.029872572300346,0.0199355971896955,0.9733793369356756,0.9665071239451264,0.2759352724244052,0.8424180327868852,0.0354388934579744,0.0300497658079625
UNCERTAINTY_POST_CASCADE,0.25,TEMPLATE_OOD,0.02,0.1,0.7843091334894614,0.0157201405152224,0.8819379391100703,0.029872572300346,0.0199355971896955,0.9733793369356756,0.909908620132627,0.5144492981235473,0.8938524590163934,0.0272456963800063,0.0600702576112412
UNCERTAINTY_POST_CASCADE,0.25,TEMPLATE_OOD,0.02,0.2,0.7843091334894614,0.0157201405152224,0.8819379391100703,0.029872572300346,0.0199355971896955,0.9733793369356756,0.6537856538526368,0.7276684731108181,0.9420667447306792,0.007350891114399,0.1200380562060889
UNCERTAINTY_POST_CASCADE,0.25,TEMPORAL,0.005,0.05,0.6490750000000001,0.0033,0.6926,0.075138501744741,0.004025,0.9734667704804776,0.9860780237813506,0.1948769959872051,0.715625,0.0693971311046469,0.0337375
UNCERTAINTY_POST_CASCADE,0.25,TEMPORAL,0.005,0.1,0.6490750000000001,0.0033,0.6926,0.075138501744741,0.004025,0.9734667704804776,0.974086520703964,0.3844248830178934,0.780525,0.0646895846416647,0.0674375
UNCERTAINTY_POST_CASCADE,0.25,TEMPORAL,0.005,0.2,0.6490750000000001,0.0033,0.6926,0.075138501744741,0.004025,0.9734667704804776,0.9023868144717152,0.7061771972435285,0.8932249999999999,0.0434888954536417,0.134825
UNCERTAINTY_POST_CASCADE,0.25,TEMPORAL,0.01,0.05,0.722825,0.0068,0.8055249999999999,0.0703436455710266,0.0092,0.9734667704804776,0.9764789318245188,0.2300375910035827,0.78495,0.0493107775012499,0.0318
UNCERTAINTY_POST_CASCADE,0.25,TEMPORAL,0.01,0.1,0.722825,0.0068,0.8055249999999999,0.0703436455710266,0.0092,0.9734667704804776,0.9555182105893862,0.4483388903018115,0.8443999999999999,0.0440887992830631,0.06355
UNCERTAINTY_POST_CASCADE,0.25,TEMPORAL,0.01,0.2,0.722825,0.0068,0.8055249999999999,0.0703436455710266,0.0092,0.9734667704804776,0.8019146970549077,0.7399531150717685,0.92765,0.0170372141697716,0.12705
UNCERTAINTY_POST_CASCADE,0.25,TEMPORAL,0.02,0.05,0.7932,0.015275,0.8852,0.0281305982082777,0.020575,0.9734667704804776,0.9589514224558376,0.2833012186744612,0.850475,0.0332604306947459,0.0298499999999999
UNCERTAINTY_POST_CASCADE,0.25,TEMPORAL,0.02,0.1,0.7932,0.015275,0.8852,0.0281305982082777,0.020575,0.9734667704804776,0.899092136256642,0.5254440845151875,0.9006500000000001,0.0247981294097402,0.059625
UNCERTAINTY_POST_CASCADE,0.25,TEMPORAL,0.02,0.2,0.7932,0.015275,0.8852,0.0281305982082777,0.020575,0.9734667704804776,0.6336929642447882,0.729994617796152,0.945025,0.0066640098872809,0.1192
