strategy,label_budget,scenario,target_fpr,review_fraction_of_stage1_negatives,stage1_recall_mean,stage1_fpr_mean,dapt_recall_mean,dapt_recall_std,dapt_fpr_mean,dapt_ap_mean,review_precision_mean,capture_rate_mean,assisted_recall_mean,assisted_recall_std,review_fraction_all_mean
RANDOM_GLOBAL,0.1,DOMAIN_OOD,0.005,0.05,0.35909797822706063,0.0066355624675997925,0.28325557283566616,0.10341137773216712,0.004458268532918611,0.9250676962426274,0.9726798388205324,0.12490448387449607,0.43893208916537063,0.04511667777671223,0.04103162260238465
RANDOM_GLOBAL,0.1,DOMAIN_OOD,0.005,0.1,0.35909797822706063,0.0066355624675997925,0.28325557283566616,0.10341137773216712,0.004458268532918611,0.9250676962426274,0.9555272243887416,0.2447898649658647,0.5155520995334371,0.04269848542210529,0.08185588387765683
RANDOM_GLOBAL,0.1,DOMAIN_OOD,0.005,0.2,0.35909797822706063,0.0066355624675997925,0.28325557283566616,0.10341137773216712,0.004458268532918611,0.9250676962426274,0.9125326984505084,0.4669747567617383,0.6575427682737169,0.039984846650155156,0.16350440642820113
RANDOM_GLOBAL,0.1,DOMAIN_OOD,0.01,0.05,0.4520476931052359,0.01503369621565578,0.3819077242094349,0.09008261038709581,0.009072058061171593,0.9250676962426274,0.9575636607920618,0.1348115993526635,0.5256609642301711,0.04913024447870109,0.038413685847589425
RANDOM_GLOBAL,0.1,DOMAIN_OOD,0.01,0.1,0.4520476931052359,0.01503369621565578,0.3819077242094349,0.09008261038709581,0.009072058061171593,0.9250676962426274,0.9317823399268812,0.26204345041902466,0.5951788491446346,0.0452154492182032,0.07674961119751167
RANDOM_GLOBAL,0.1,DOMAIN_OOD,0.01,0.2,0.4520476931052359,0.01503369621565578,0.3819077242094349,0.09008261038709581,0.009072058061171593,0.9250676962426274,0.8798888055281852,0.4944670543296269,0.7221358216692587,0.040617450401047785,0.15336962156557804
RANDOM_GLOBAL,0.1,DOMAIN_OOD,0.02,0.05,0.5484707102125453,0.030793157076205287,0.5387765681700363,0.08286062587000695,0.02177293934681182,0.9250676962426274,0.9374106843029232,0.14866703788995467,0.6153965785381026,0.039876602504560696,0.035666148263348886
RANDOM_GLOBAL,0.1,DOMAIN_OOD,0.02,0.1,0.5484707102125453,0.030793157076205287,0.5387765681700363,0.08286062587000695,0.02177293934681182,0.9250676962426274,0.9043705890800962,0.28622278929415873,0.6771902540176258,0.038322166362769874,0.07112493519958527
RANDOM_GLOBAL,0.1,DOMAIN_OOD,0.02,0.2,0.5484707102125453,0.030793157076205287,0.5387765681700363,0.08286062587000695,0.02177293934681182,0.9250676962426274,0.8255387977440474,0.5217271419617455,0.7834110938310006,0.03287837922318896,0.1421461897356143
RANDOM_GLOBAL,0.1,DOMAIN_TEMPLATE_OOD,0.005,0.05,0.33176914778856526,0.006526429341963323,0.2738942826321467,0.09840023559077314,0.00447680690399137,0.9176004083354398,0.9733971455772966,0.12174906513552712,0.412891046386192,0.046603974067937044,0.04166666666666667
RANDOM_GLOBAL,0.1,DOMAIN_TEMPLATE_OOD,0.005,0.1,0.33176914778856526,0.006526429341963323,0.2738942826321467,0.09840023559077314,0.00447680690399137,0.9176004083354398,0.9596975968571062,0.2397205531053818,0.49153182308522114,0.04381753884588856,0.08322545846817692
RANDOM_GLOBAL,0.1,DOMAIN_TEMPLATE_OOD,0.005,0.2,0.33176914778856526,0.006526429341963323,0.2738942826321467,0.09840023559077314,0.00447680690399137,0.9176004083354398,0.9131428586385374,0.4558291644223814,0.6355447680690399,0.041198572404742666,0.1663160733549083
RANDOM_GLOBAL,0.1,DOMAIN_TEMPLATE_OOD,0.01,0.05,0.4253505933117584,0.01483279395900755,0.3644552319309601,0.08776807943407015,0.008845738942826321,0.9176004083354398,0.957335375358339,0.130913292245634,0.5003236245954692,0.051720095072024595,0.03913160733549083
RANDOM_GLOBAL,0.1,DOMAIN_TEMPLATE_OOD,0.01,0.1,0.4253505933117584,0.01483279395900755,0.3644552319309601,0.08776807943407015,0.008845738942826321,0.9176004083354398,0.934047980533822,0.2549591396804634,0.5714131607335491,0.047563723170408245,0.07812837108953614
RANDOM_GLOBAL,0.1,DOMAIN_TEMPLATE_OOD,0.01,0.2,0.4253505933117584,0.01483279395900755,0.3644552319309601,0.08776807943407015,0.008845738942826321,0.9176004083354398,0.8794400051437974,0.4795975596000919,0.7001078748651565,0.04288016466925736,0.15609492988133766
RANDOM_GLOBAL,0.1,DOMAIN_TEMPLATE_OOD,0.02,0.05,0.521413160733549,0.03074433656957929,0.5133225458468177,0.08762248026105454,0.021413160733549083,0.9176004083354398,0.9434450784577588,0.1438160505908788,0.5900215749730313,0.04393055894287785,0.03632686084142395
RANDOM_GLOBAL,0.1,DOMAIN_TEMPLATE_OOD,0.02,0.1,0.521413160733549,0.03074433656957929,0.5133225458468177,0.08762248026105454,0.021413160733549083,0.9176004083354398,0.9071364118749325,0.27620219903966703,0.6530744336569579,0.04164863998423905,0.07251887810140237
RANDOM_GLOBAL,0.1,DOMAIN_TEMPLATE_OOD,0.02,0.2,0.521413160733549,0.03074433656957929,0.5133225458468177,0.08762248026105454,0.021413160733549083,0.9176004083354398,0.8259660185633818,0.5019231916276715,0.7610571736785329,0.0353270739757357,0.14487594390507014
RANDOM_GLOBAL,0.1,IID_BALANCED,0.005,0.05,0.3940453686200378,0.008506616257088848,0.4433837429111532,0.07180939297986573,0.010586011342155009,0.8957591648427204,0.9893944779001445,0.13156209099394275,0.47362948960302453,0.03217145343397642,0.04021739130434783
RANDOM_GLOBAL,0.1,IID_BALANCED,0.005,0.1,0.3940453686200378,0.008506616257088848,0.4433837429111532,0.07180939297986573,0.010586011342155009,0.8957591648427204,0.9567695118187816,0.25348240075133244,0.5474480151228733,0.02922356421653754,0.08015122873345935
RANDOM_GLOBAL,0.1,IID_BALANCED,0.005,0.2,0.3940453686200378,0.008506616257088848,0.4433837429111532,0.07180939297986573,0.010586011342155009,0.8957591648427204,0.8750984156808771,0.46242473286493313,0.6741965973534971,0.021782692899199707,0.15997164461247637
RANDOM_GLOBAL,0.1,IID_BALANCED,0.01,0.05,0.4611531190926276,0.013516068052930059,0.5158790170132326,0.05590124442137154,0.01843100189035917,0.8957591648427204,0.9814905264431882,0.14021746204412391,0.536578449905482,0.02866196374895858,0.03842155009451796
RANDOM_GLOBAL,0.1,IID_BALANCED,0.01,0.1,0.4611531190926276,0.013516068052930059,0.5158790170132326,0.05590124442137154,0.01843100189035917,0.8957591648427204,0.9209450067131216,0.26155394985841723,0.6020793950850661,0.022962655523993184,0.07646502835538752
RANDOM_GLOBAL,0.1,IID_BALANCED,0.01,0.2,0.4611531190926276,0.013516068052930059,0.5158790170132326,0.05590124442137154,0.01843100189035917,0.8957591648427204,0.8239589535359153,0.4669762104828525,0.7130434782608696,0.015923463266070918,0.1526937618147448
RANDOM_GLOBAL,0.1,IID_BALANCED,0.02,0.05,0.5362948960302457,0.023156899810964082,0.597069943289225,0.04067336174050491,0.0331758034026465,0.8957591648427204,0.9384285297443192,0.14687511339803921,0.6043478260869566,0.023054116506223413,0.0362476370510397
RANDOM_GLOBAL,0.1,IID_BALANCED,0.02,0.1,0.5362948960302457,0.023156899810964082,0.597069943289225,0.04067336174050491,0.0331758034026465,0.8957591648427204,0.8575050490335132,0.267389273500375,0.6603024574669187,0.019144650779709574,0.07225897920604915
RANDOM_GLOBAL,0.1,IID_BALANCED,0.02,0.2,0.5362948960302457,0.023156899810964082,0.597069943289225,0.04067336174050491,0.0331758034026465,0.8957591648427204,0.7519355043501964,0.46749276861362443,0.7534971644612476,0.014883369160939361,0.144234404536862
RANDOM_GLOBAL,0.1,IID_ORIGINAL,0.005,0.05,0.3940453686200378,0.007225288509784244,0.4433837429111532,0.07180939297986573,0.007777220270948319,0.8489525588065451,0.9564395526491707,0.19650295401744253,0.5129489603024575,0.03083420539761871,0.04310062274664045
RANDOM_GLOBAL,0.1,IID_ORIGINAL,0.005,0.1,0.3940453686200378,0.007225288509784244,0.4433837429111532,0.07180939297986573,0.007777220270948319,0.8489525588065451,0.8592389928205147,0.3518808507999971,0.6073724007561437,0.021084073336255116,0.08603736479842675
RANDOM_GLOBAL,0.1,IID_ORIGINAL,0.005,0.2,0.3940453686200378,0.007225288509784244,0.4433837429111532,0.07180939297986573,0.007777220270948319,0.8489525588065451,0.6980829953176599,0.5706625665833188,0.740359168241966,0.0198565212263332,0.17187807276302852
RANDOM_GLOBAL,0.1,IID_ORIGINAL,0.01,0.05,0.4611531190926276,0.01244355243351731,0.5158790170132326,0.05590124442137154,0.014801806322127447,0.8489525588065451,0.917324102346945,0.2052960984567279,0.5716446124763706,0.027287894609367105,0.041756801048836445
RANDOM_GLOBAL,0.1,IID_ORIGINAL,0.01,0.1,0.4611531190926276,0.01244355243351731,0.5158790170132326,0.05590124442137154,0.014801806322127447,0.8489525588065451,0.7954661708686838,0.3549330433223303,0.6525519848771266,0.01931499398781822,0.08338249754178959
RANDOM_GLOBAL,0.1,IID_ORIGINAL,0.01,0.2,0.4611531190926276,0.01244355243351731,0.5158790170132326,0.05590124442137154,0.014801806322127447,0.8489525588065451,0.6283197319427506,0.5590785441924789,0.7632325141776938,0.018442442821559185,0.16653556211078335
RANDOM_GLOBAL,0.1,IID_ORIGINAL,0.02,0.05,0.5362948960302457,0.022378324134470648,0.597069943289225,0.04067336174050491,0.029101856497742096,0.8489525588065451,0.8343815036775268,0.20813139763079352,0.6328922495274102,0.019636091642605484,0.040117994100294985
RANDOM_GLOBAL,0.1,IID_ORIGINAL,0.02,0.1,0.5362948960302457,0.022378324134470648,0.597069943289225,0.04067336174050491,0.029101856497742096,0.8489525588065451,0.7062003083951721,0.35171793860432665,0.6996219281663516,0.02016284654180918,0.08013765978367748
RANDOM_GLOBAL,0.1,IID_ORIGINAL,0.02,0.2,0.5362948960302457,0.022378324134470648,0.597069943289225,0.04067336174050491,0.029101856497742096,0.8489525588065451,0.5422570237740483,0.5387591111661063,0.7868620037807184,0.01729245305615953,0.16004588659455915
RANDOM_GLOBAL,0.1,TEMPLATE_OOD,0.005,0.05,0.4415690866510539,0.00585480093676815,0.42137002341920377,0.09537658616091976,0.004391100702576112,0.9427684015800171,0.9831915224033718,0.1375059924750132,0.5180620608899298,0.04550767243828919,0.038890515222482436
RANDOM_GLOBAL,0.1,TEMPLATE_OOD,0.005,0.1,0.4415690866510539,0.00585480093676815,0.42137002341920377,0.09537658616091976,0.004391100702576112,0.9427684015800171,0.9667896834761203,0.27001710736599094,0.5918618266978923,0.04161437026557122,0.07769320843091335
RANDOM_GLOBAL,0.1,TEMPLATE_OOD,0.005,0.2,0.4415690866510539,0.00585480093676815,0.42137002341920377,0.09537658616091976,0.004391100702576112,0.9427684015800171,0.9146577440353709,0.5107605694732265,0.7258196721311475,0.03754718730806521,0.15532786885245903
RANDOM_GLOBAL,0.1,TEMPLATE_OOD,0.01,0.05,0.52903981264637,0.012207259953161593,0.5055327868852458,0.07564527805344363,0.008430913348946136,0.9427684015800171,0.9663231753284164,0.15077137070795263,0.5996779859484778,0.04685695418971098,0.03653395784543325
RANDOM_GLOBAL,0.1,TEMPLATE_OOD,0.01,0.1,0.52903981264637,0.012207259953161593,0.5055327868852458,0.07564527805344363,0.008430913348946136,0.9427684015800171,0.9397571306667498,0.2928469463585722,0.666364168618267,0.04257666677541599,0.07300936768149882
RANDOM_GLOBAL,0.1,TEMPLATE_OOD,0.01,0.2,0.52903981264637,0.012207259953161593,0.5055327868852458,0.07564527805344363,0.008430913348946136,0.9427684015800171,0.8696148727956432,0.5414158054715237,0.7830503512880562,0.036863671310801524,0.14591627634660423
RANDOM_GLOBAL,0.1,TEMPLATE_OOD,0.02,0.05,0.6186475409836065,0.02379976580796253,0.6283665105386417,0.06780824682980933,0.020784543325526934,0.9427684015800171,0.9431198417501843,0.16917611562811474,0.6828747072599531,0.03902079513075028,0.03401639344262295
RANDOM_GLOBAL,0.1,TEMPLATE_OOD,0.02,0.1,0.6186475409836065,0.02379976580796253,0.6283665105386417,0.06780824682980933,0.020784543325526934,0.9427684015800171,0.8970454946620203,0.3217291087599488,0.7406615925058547,0.037014467955973525,0.06795960187353631
RANDOM_GLOBAL,0.1,TEMPLATE_OOD,0.02,0.2,0.6186475409836065,0.02379976580796253,0.6283665105386417,0.06780824682980933,0.020784543325526934,0.9427684015800171,0.7901174813760868,0.5651976355280981,0.8336651053864168,0.02833445415724525,0.13583138173302106
RANDOM_GLOBAL,0.1,TEMPORAL,0.005,0.05,0.4572,0.0052499999999999995,0.426675,0.09683556007193043,0.004725,0.943735364068765,0.9775401849151233,0.139169902580991,0.5325,0.0423762905408201,0.0385
RANDOM_GLOBAL,0.1,TEMPORAL,0.005,0.1,0.4572,0.0052499999999999995,0.426675,0.09683556007193043,0.004725,0.943735364068765,0.9613874708841379,0.27343357596222495,0.605175,0.038992351457974715,0.076925
RANDOM_GLOBAL,0.1,TEMPORAL,0.005,0.2,0.4572,0.0052499999999999995,0.426675,0.09683556007193043,0.004725,0.943735364068765,0.9064117106228663,0.5154637875703425,0.736125,0.034759341270449225,0.1538
RANDOM_GLOBAL,0.1,TEMPORAL,0.01,0.05,0.544925,0.01105,0.516775,0.074229322784942,0.00975,0.943735364068765,0.9578939118640795,0.15297508387664693,0.6142000000000001,0.0420318662181181,0.03615
RANDOM_GLOBAL,0.1,TEMPORAL,0.01,0.1,0.544925,0.01105,0.516775,0.074229322784942,0.00975,0.943735364068765,0.9316380193763371,0.2971931844769775,0.67965,0.038134666351992356,0.0722625
RANDOM_GLOBAL,0.1,TEMPORAL,0.01,0.2,0.544925,0.01105,0.516775,0.074229322784942,0.00975,0.943735364068765,0.8594620941086906,0.5480266203893194,0.7933749999999999,0.034019040828466816,0.14445000000000002
RANDOM_GLOBAL,0.1,TEMPORAL,0.02,0.05,0.6347,0.02165,0.6413,0.06193038206100637,0.0229,0.943735364068765,0.9301684317093736,0.17224951906046743,0.6973499999999999,0.03538090351211134,0.03365
RANDOM_GLOBAL,0.1,TEMPORAL,0.02,0.1,0.6347,0.02165,0.6413,0.06193038206100637,0.0229,0.943735364068765,0.8825165223614455,0.32687582461981424,0.753425,0.03435417045684234,0.0672375
RANDOM_GLOBAL,0.1,TEMPORAL,0.02,0.2,0.6347,0.02165,0.6413,0.06193038206100637,0.0229,0.943735364068765,0.7761707945440838,0.5735303867884075,0.8436,0.026864422983236064,0.13440000000000002
RANDOM_GLOBAL,0.15,DOMAIN_OOD,0.005,0.05,0.38621047174701917,0.006946604458268534,0.394971487817522,0.06050627701311977,0.0041990668740279945,0.9486188064456623,0.9907148481970897,0.13094125693766026,0.46594090202177296,0.07160924532467414,0.04022809745982374
RANDOM_GLOBAL,0.15,DOMAIN_OOD,0.005,0.1,0.38621047174701917,0.006946604458268534,0.394971487817522,0.06050627701311977,0.0041990668740279945,0.9486188064456623,0.9781111116016478,0.25831325105561626,0.5434940383618455,0.06721594308862602,0.0803784344219803
RANDOM_GLOBAL,0.15,DOMAIN_OOD,0.005,0.2,0.38621047174701917,0.006946604458268534,0.394971487817522,0.06050627701311977,0.0041990668740279945,0.9486188064456623,0.9503009127068316,0.5015429014964098,0.6919129082426128,0.05619095018299272,0.16073094867807153
RANDOM_GLOBAL,0.15,DOMAIN_OOD,0.01,0.05,0.47128045619491965,0.01363400725764645,0.4953343701399689,0.06624359188323517,0.008916537065837222,0.9486188064456623,0.9875378814712846,0.14329457676836538,0.5464489372731985,0.06251553788810932,0.03805080352514256
RANDOM_GLOBAL,0.15,DOMAIN_OOD,0.01,0.1,0.47128045619491965,0.01363400725764645,0.4953343701399689,0.06624359188323517,0.008916537065837222,0.9486188064456623,0.968007430277984,0.28016226496528274,0.6182477967858995,0.058767722814940464,0.07589424572317263
RANDOM_GLOBAL,0.15,DOMAIN_OOD,0.01,0.2,0.47128045619491965,0.01363400725764645,0.4953343701399689,0.06624359188323517,0.008916537065837222,0.9486188064456623,0.9254463402363085,0.534427811217012,0.7521513737687922,0.047151877789114026,0.15160705028512184
RANDOM_GLOBAL,0.15,DOMAIN_OOD,0.02,0.05,0.5829963711767755,0.030430274753758424,0.6493001555209953,0.05247821933011875,0.019595645412130637,0.9486188064456623,0.9647520850931961,0.1612235338984098,0.6501296008294453,0.02346082884230064,0.03478486262312079
RANDOM_GLOBAL,0.15,DOMAIN_OOD,0.02,0.1,0.5829963711767755,0.030430274753758424,0.6493001555209953,0.05247821933011875,0.019595645412130637,0.9486188064456623,0.9453302511767566,0.31541525573752566,0.714307931570762,0.021960634391687578,0.06944012441679627
RANDOM_GLOBAL,0.15,DOMAIN_OOD,0.02,0.2,0.5829963711767755,0.030430274753758424,0.6493001555209953,0.05247821933011875,0.019595645412130637,0.9486188064456623,0.8597476697365918,0.5728835118700688,0.8216174183514774,0.01848479203892955,0.13872472783825818
RANDOM_GLOBAL,0.15,DOMAIN_TEMPLATE_OOD,0.005,0.05,0.3557173678532902,0.006903991370010787,0.3785868392664509,0.05699499305283622,0.004261057173678533,0.9429175883505193,0.9912678532569258,0.12740252099762314,0.43721682847896437,0.07108208763502166,0.04110032362459547
RANDOM_GLOBAL,0.15,DOMAIN_TEMPLATE_OOD,0.005,0.1,0.3557173678532902,0.006903991370010787,0.3785868392664509,0.05699499305283622,0.004261057173678533,0.9429175883505193,0.9796504396779222,0.25121614227371436,0.5164509169363538,0.06654676090862773,0.08201186623516721
RANDOM_GLOBAL,0.15,DOMAIN_TEMPLATE_OOD,0.005,0.2,0.3557173678532902,0.006903991370010787,0.3785868392664509,0.05699499305283622,0.004261057173678533,0.9429175883505193,0.9531859262911198,0.4880964294776756,0.6682308522114347,0.056254009903369345,0.1638349514563107
RANDOM_GLOBAL,0.15,DOMAIN_TEMPLATE_OOD,0.01,0.05,0.4423948220064725,0.013754045307443365,0.4728155339805825,0.0639659444137477,0.008845738942826321,0.9429175883505193,0.9879267227755214,0.13821165750414463,0.5189320388349514,0.0628408770017596,0.03872707659115426
RANDOM_GLOBAL,0.15,DOMAIN_TEMPLATE_OOD,0.01,0.1,0.4423948220064725,0.013754045307443365,0.4728155339805825,0.0639659444137477,0.008845738942826321,0.9429175883505193,0.9683423677335525,0.27055853788679507,0.5922330097087378,0.058909071320523115,0.0773462783171521
RANDOM_GLOBAL,0.15,DOMAIN_TEMPLATE_OOD,0.01,0.2,0.4423948220064725,0.013754045307443365,0.4728155339805825,0.0639659444137477,0.008845738942826321,0.9429175883505193,0.9276199687167566,0.5173341560554257,0.7293419633225457,0.047524017151338055,0.1545307443365696
RANDOM_GLOBAL,0.15,DOMAIN_TEMPLATE_OOD,0.02,0.05,0.5596008629989212,0.030366774541531822,0.6222761596548004,0.05498212194834845,0.018878101402373247,0.9429175883505193,0.9669747642115688,0.15564043981731832,0.6280474649406689,0.025210837836849496,0.035382955771305284
RANDOM_GLOBAL,0.15,DOMAIN_TEMPLATE_OOD,0.02,0.1,0.5596008629989212,0.030366774541531822,0.6222761596548004,0.05498212194834845,0.018878101402373247,0.9429175883505193,0.9451741573349371,0.3037175198813705,0.6931499460625674,0.02326816636370438,0.07063106796116506
RANDOM_GLOBAL,0.15,DOMAIN_TEMPLATE_OOD,0.02,0.2,0.5596008629989212,0.030366774541531822,0.6222761596548004,0.05498212194834845,0.018878101402373247,0.9429175883505193,0.8576254744030779,0.5503937339171358,0.801779935275081,0.01877465191597846,0.14112729234088456
RANDOM_GLOBAL,0.15,IID_BALANCED,0.005,0.05,0.426937618147448,0.009262759924385633,0.5074669187145557,0.05715788531449371,0.009829867674858224,0.9091478287126712,0.99137079345477,0.13665853617601123,0.5049149338374291,0.05232422512075685,0.03931947069943289
RANDOM_GLOBAL,0.15,IID_BALANCED,0.005,0.1,0.426937618147448,0.009262759924385633,0.5074669187145557,0.05715788531449371,0.009829867674858224,0.9091478287126712,0.9692017811506487,0.26648626737703773,0.5789224952741021,0.049785938336948325,0.07840264650283554
RANDOM_GLOBAL,0.15,IID_BALANCED,0.005,0.2,0.426937618147448,0.009262759924385633,0.5074669187145557,0.05715788531449371,0.009829867674858224,0.9091478287126712,0.8972972145409914,0.4919455100083642,0.7082230623818526,0.03621694988238438,0.15656899810964084
RANDOM_GLOBAL,0.15,IID_BALANCED,0.01,0.05,0.4871455576559546,0.01389413988657845,0.565406427221172,0.04792390868322422,0.015406427221172022,0.9091478287126712,0.9873817936422785,0.14555632661348544,0.561531190926276,0.04060594849695094,0.037665406427221174
RANDOM_GLOBAL,0.15,IID_BALANCED,0.01,0.1,0.4871455576559546,0.01389413988657845,0.565406427221172,0.04792390868322422,0.015406427221172022,0.9091478287126712,0.9450286541878509,0.2778654824486121,0.6292060491493384,0.037427334636259586,0.07514177693761814
RANDOM_GLOBAL,0.15,IID_BALANCED,0.01,0.2,0.4871455576559546,0.01389413988657845,0.565406427221172,0.04792390868322422,0.015406427221172022,0.9091478287126712,0.8531605684080279,0.500285911239249,0.7435727788279773,0.024335391745601894,0.15009451795841208
RANDOM_GLOBAL,0.15,IID_BALANCED,0.02,0.05,0.5689035916824197,0.023724007561436673,0.6496219281663517,0.03044218528900864,0.02646502835538752,0.9091478287126712,0.9612706459865796,0.15805001071046185,0.6369565217391304,0.0186894508268132,0.03539697542533081
RANDOM_GLOBAL,0.15,IID_BALANCED,0.02,0.1,0.5689035916824197,0.023724007561436673,0.6496219281663517,0.03044218528900864,0.02646502835538752,0.9091478287126712,0.8967232772604381,0.2939891543828094,0.6955576559546314,0.016434230272249842,0.07060491493383743
RANDOM_GLOBAL,0.15,IID_BALANCED,0.02,0.2,0.5689035916824197,0.023724007561436673,0.6496219281663517,0.03044218528900864,0.02646502835538752,0.9091478287126712,0.7647718346489345,0.5000192514657273,0.7845935727788279,0.009393328934597637,0.14092627599243857
RANDOM_GLOBAL,0.15,IID_ORIGINAL,0.005,0.05,0.426937618147448,0.007225288509784244,0.5074669187145557,0.05715788531449371,0.007375815353738083,0.868314681369235,0.9650531539009319,0.2074240412719303,0.545179584120983,0.051968262224270985,0.04247787610619469
RANDOM_GLOBAL,0.15,IID_ORIGINAL,0.005,0.1,0.426937618147448,0.007225288509784244,0.5074669187145557,0.05715788531449371,0.007375815353738083,0.868314681369235,0.8891075397389703,0.380950743406469,0.6446124763705103,0.042506234379917573,0.08482464765650607
RANDOM_GLOBAL,0.15,IID_ORIGINAL,0.005,0.2,0.426937618147448,0.007225288509784244,0.5074669187145557,0.05715788531449371,0.007375815353738083,0.868314681369235,0.7036670549962483,0.6008049255979995,0.7717391304347826,0.017644758698104425,0.16958374303507046
RANDOM_GLOBAL,0.15,IID_ORIGINAL,0.01,0.05,0.4871455576559546,0.011991971901655796,0.565406427221172,0.04792390868322422,0.012543903662819869,0.868314681369235,0.9379861141645638,0.2188739637250689,0.5989603024574669,0.03993201973469654,0.04133071124221567
RANDOM_GLOBAL,0.15,IID_ORIGINAL,0.01,0.1,0.4871455576559546,0.011991971901655796,0.565406427221172,0.04792390868322422,0.012543903662819869,0.868314681369235,0.8387503789489246,0.38979550068423013,0.6868620037807183,0.02989601015814208,0.08249754178957719
RANDOM_GLOBAL,0.15,IID_ORIGINAL,0.01,0.2,0.4871455576559546,0.011991971901655796,0.565406427221172,0.04792390868322422,0.012543903662819869,0.868314681369235,0.6345331280069993,0.5875526467345256,0.7892249527410208,0.010850142002345664,0.1647984267453294
RANDOM_GLOBAL,0.15,IID_ORIGINAL,0.02,0.05,0.5689035916824197,0.022779729051680884,0.6496219281663517,0.03044218528900864,0.024034119417962872,0.868314681369235,0.8673535973971106,0.22978916290952922,0.6678638941398866,0.018382872223822403,0.039560799737790885
RANDOM_GLOBAL,0.15,IID_ORIGINAL,0.02,0.1,0.5689035916824197,0.022779729051680884,0.6496219281663517,0.03044218528900864,0.024034119417962872,0.868314681369235,0.7415769106087633,0.3919248737349488,0.7378071833648393,0.01568479250583194,0.07895771878072763
RANDOM_GLOBAL,0.15,IID_ORIGINAL,0.02,0.2,0.5689035916824197,0.022779729051680884,0.6496219281663517,0.03044218528900864,0.024034119417962872,0.868314681369235,0.527171714797771,0.5555812639226068,0.808790170132325,0.00845453026316387,0.15768600458865945
RANDOM_GLOBAL,0.15,TEMPLATE_OOD,0.005,0.05,0.4658957845433255,0.006118266978922716,0.5137587822014051,0.05491665957546727,0.004244730679156908,0.958761586832917,0.9913501677973222,0.14360337080664975,0.5418032786885246,0.06826261585749284,0.03827576112412178
RANDOM_GLOBAL,0.15,TEMPLATE_OOD,0.005,0.1,0.4658957845433255,0.006118266978922716,0.5137587822014051,0.05491665957546727,0.004244730679156908,0.958761586832917,0.9811452238198279,0.28390665443561497,0.615983606557377,0.06405766455922307,0.07646370023419205
RANDOM_GLOBAL,0.15,TEMPLATE_OOD,0.005,0.2,0.4658957845433255,0.006118266978922716,0.5137587822014051,0.05491665957546727,0.004244730679156908,0.958761586832917,0.9460885950414675,0.5469170004407544,0.7553571428571428,0.053666356119252766,0.1528688524590164
RANDOM_GLOBAL,0.15,TEMPLATE_OOD,0.01,0.05,0.5458723653395785,0.01132903981264637,0.5936768149882904,0.055224254407281646,0.007933255269320844,0.958761586832917,0.9884381491793155,0.15904873580202017,0.6173302107728337,0.061176646611402395,0.0361387587822014
RANDOM_GLOBAL,0.15,TEMPLATE_OOD,0.01,0.1,0.5458723653395785,0.01132903981264637,0.5936768149882904,0.055224254407281646,0.007933255269320844,0.958761586832917,0.9679487238109286,0.311003112964302,0.6856850117096018,0.05690196026729607,0.07218969555035129
RANDOM_GLOBAL,0.15,TEMPLATE_OOD,0.01,0.2,0.5458723653395785,0.01132903981264637,0.5936768149882904,0.055224254407281646,0.007933255269320844,0.958761586832917,0.9078862083610935,0.5823644597794692,0.8082845433255269,0.044783263546076355,0.14433548009367683
RANDOM_GLOBAL,0.15,TEMPLATE_OOD,0.02,0.05,0.6513758782201405,0.022775175644028103,0.7132025761124121,0.04151798607682472,0.01791569086651054,0.958761586832917,0.9654647931882717,0.18437222149972776,0.7154859484777518,0.02316470239285293,0.03319672131147541
RANDOM_GLOBAL,0.15,TEMPLATE_OOD,0.02,0.1,0.6513758782201405,0.022775175644028103,0.7132025761124121,0.04151798607682472,0.01791569086651054,0.958761586832917,0.9352295188790667,0.3569733637224785,0.7754976580796253,0.021631731012975334,0.06634953161592506
RANDOM_GLOBAL,0.15,TEMPLATE_OOD,0.02,0.2,0.6513758782201405,0.022775175644028103,0.7132025761124121,0.04151798607682472,0.01791569086651054,0.958761586832917,0.8116983256527929,0.6186938815823688,0.8668032786885245,0.01678092581729096,0.13262587822014052
RANDOM_GLOBAL,0.15,TEMPORAL,0.005,0.05,0.4854,0.0054,0.5232,0.057144893812911164,0.004575,0.9593083763379034,0.9901888542129565,0.14708744720541111,0.56025,0.06759047434529675,0.0377875
RANDOM_GLOBAL,0.15,TEMPORAL,0.005,0.1,0.4854,0.0054,0.5232,0.057144893812911164,0.004575,0.9593083763379034,0.9765635014903229,0.2899119494271143,0.63295,0.06350457113905704,0.075525
RANDOM_GLOBAL,0.15,TEMPORAL,0.005,0.2,0.4854,0.0054,0.5232,0.057144893812911164,0.004575,0.9593083763379034,0.9362008329140759,0.5551069520030276,0.7683,0.053112537753967876,0.150975
RANDOM_GLOBAL,0.15,TEMPORAL,0.01,0.05,0.5642750000000001,0.010075,0.6048,0.053894160681427786,0.008725,0.9593083763379034,0.9861215134906439,0.16343509825927766,0.6346999999999999,0.0592995924662781,0.035699999999999996
RANDOM_GLOBAL,0.15,TEMPORAL,0.01,0.1,0.5642750000000001,0.010075,0.6048,0.053894160681427786,0.008725,0.9593083763379034,0.9587598214653198,0.31744494576007976,0.7011499999999999,0.05524468300207721,0.07135
RANDOM_GLOBAL,0.15,TEMPORAL,0.01,0.2,0.5642750000000001,0.010075,0.6048,0.053894160681427786,0.008725,0.9593083763379034,0.8936506753435914,0.5905986451877812,0.8195,0.04383903638438136,0.142625
RANDOM_GLOBAL,0.15,TEMPORAL,0.02,0.05,0.66625,0.020675,0.7224999999999999,0.038305787204198444,0.020325,0.9593083763379034,0.9539392534129598,0.188465065714001,0.7289749999999999,0.022000773344993563,0.032875
RANDOM_GLOBAL,0.15,TEMPORAL,0.02,0.1,0.66625,0.020675,0.7224999999999999,0.038305787204198444,0.020325,0.9593083763379034,0.9148780698670042,0.36115024920312,0.78645,0.0207464187003176,0.0656875
RANDOM_GLOBAL,0.15,TEMPORAL,0.02,0.2,0.66625,0.020675,0.7224999999999999,0.038305787204198444,0.020325,0.9593083763379034,0.7949621606480781,0.6267878247652405,0.8752000000000001,0.01569624866718866,0.13135000000000002
RANDOM_GLOBAL,0.2,DOMAIN_OOD,0.005,0.05,0.44173146708138933,0.00767236910316226,0.4839813374805598,0.10715374145860167,0.0033177812337998962,0.9563244406888499,0.9927072300551426,0.1399257005148526,0.518921721099015,0.07901867896494506,0.038880248833592534
RANDOM_GLOBAL,0.2,DOMAIN_OOD,0.005,0.1,0.44173146708138933,0.00767236910316226,0.4839813374805598,0.10715374145860167,0.0033177812337998962,0.9563244406888499,0.9856424609540362,0.27732881193524395,0.5947641264904096,0.07468049175953807,0.07763089683773976
RANDOM_GLOBAL,0.2,DOMAIN_OOD,0.005,0.2,0.44173146708138933,0.00767236910316226,0.4839813374805598,0.10715374145860167,0.0033177812337998962,0.9563244406888499,0.9464618889958922,0.5315908668726134,0.7355624675997927,0.06382724113341438,0.15513219284603422
RANDOM_GLOBAL,0.2,DOMAIN_OOD,0.01,0.05,0.5110419906687402,0.013063763608087092,0.6098496630378435,0.09118961753110173,0.009849663037843442,0.9563244406888499,0.9910426026262135,0.15058471753027225,0.5843442198030068,0.03902306584774414,0.03698807672369103
RANDOM_GLOBAL,0.2,DOMAIN_OOD,0.01,0.1,0.5110419906687402,0.013063763608087092,0.6098496630378435,0.09118961753110173,0.009849663037843442,0.9563244406888499,0.9828769972587226,0.29832345581059677,0.656298600311042,0.0368005505134795,0.07389839294971487
RANDOM_GLOBAL,0.2,DOMAIN_OOD,0.01,0.2,0.5110419906687402,0.013063763608087092,0.6098496630378435,0.09118961753110173,0.009849663037843442,0.9563244406888499,0.9198042322690471,0.5576323100089432,0.7827371695178849,0.031677275472049335,0.14766718506998444
RANDOM_GLOBAL,0.2,DOMAIN_OOD,0.02,0.05,0.6071021254536029,0.02954898911353033,0.7217729393468117,0.0707894446739121,0.02249870399170555,0.9563244406888499,0.9809553733450823,0.1711924759959261,0.6742353551062726,0.022128259486056578,0.03421461897356143
RANDOM_GLOBAL,0.2,DOMAIN_OOD,0.02,0.1,0.6071021254536029,0.02954898911353033,0.7217729393468117,0.0707894446739121,0.02249870399170555,0.9563244406888499,0.9552309126327689,0.3325617403085638,0.7375842405391395,0.019592628017650063,0.0682737169517885
RANDOM_GLOBAL,0.2,DOMAIN_OOD,0.02,0.2,0.6071021254536029,0.02954898911353033,0.7217729393468117,0.0707894446739121,0.02249870399170555,0.9563244406888499,0.8503351353124335,0.5909948372010115,0.8393468118195957,0.012638011812664307,0.13644375324002073
RANDOM_GLOBAL,0.2,DOMAIN_TEMPLATE_OOD,0.005,0.05,0.409277238403452,0.007659115426105717,0.4658036677454153,0.10438846568925958,0.0030744336569579287,0.9520163335593507,0.9925678087598824,0.13492859003298635,0.4881337648327939,0.07993948870539841,0.03972491909385113
RANDOM_GLOBAL,0.2,DOMAIN_TEMPLATE_OOD,0.005,0.1,0.409277238403452,0.007659115426105717,0.4658036677454153,0.10438846568925958,0.0030744336569579287,0.9520163335593507,0.9863778560067044,0.26769660213531693,0.5657497303128372,0.07555624915099571,0.07931499460625674
RANDOM_GLOBAL,0.2,DOMAIN_TEMPLATE_OOD,0.005,0.2,0.409277238403452,0.007659115426105717,0.4658036677454153,0.10438846568925958,0.0030744336569579287,0.9520163335593507,0.9505713070621308,0.5149171475664716,0.7107335490830636,0.06447324617107446,0.15846817691477885
RANDOM_GLOBAL,0.2,DOMAIN_TEMPLATE_OOD,0.01,0.05,0.482740021574973,0.012998921251348435,0.5886192017259979,0.09612876930550636,0.009439050701186624,0.9520163335593507,0.9923058886030203,0.14539126653876977,0.5576051779935275,0.04145493192814067,0.03772923408845739
RANDOM_GLOBAL,0.2,DOMAIN_TEMPLATE_OOD,0.01,0.1,0.482740021574973,0.012998921251348435,0.5886192017259979,0.09612876930550636,0.009439050701186624,0.9520163335593507,0.9838939698888938,0.28770735597896324,0.6309600862998921,0.03871891249801396,0.07532362459546925
RANDOM_GLOBAL,0.2,DOMAIN_TEMPLATE_OOD,0.01,0.2,0.482740021574973,0.012998921251348435,0.5886192017259979,0.09612876930550636,0.009439050701186624,0.9520163335593507,0.9243639730313277,0.539820307342174,0.7610032362459547,0.03349283422279523,0.15048543689320387
RANDOM_GLOBAL,0.2,DOMAIN_TEMPLATE_OOD,0.02,0.05,0.582470334412082,0.029503775620280476,0.7000539374325782,0.07660948994928865,0.021898597626752968,0.9520163335593507,0.9797664443828896,0.16387665352317166,0.6507551240560949,0.02389704901451018,0.03484358144552319
RANDOM_GLOBAL,0.2,DOMAIN_TEMPLATE_OOD,0.02,0.1,0.582470334412082,0.029503775620280476,0.7000539374325782,0.07660948994928865,0.021898597626752968,0.9520163335593507,0.95856349668008,0.3197983488715968,0.7158036677454154,0.021229783816623823,0.06952535059331175
RANDOM_GLOBAL,0.2,DOMAIN_TEMPLATE_OOD,0.02,0.2,0.582470334412082,0.029503775620280476,0.7000539374325782,0.07660948994928865,0.021898597626752968,0.9520163335593507,0.8521052345438622,0.5674773133955733,0.8194714131607336,0.013504838815433882,0.1389428263214671
RANDOM_GLOBAL,0.2,IID_BALANCED,0.005,0.05,0.4666351606805293,0.008601134215500945,0.5548204158790171,0.04703158905340159,0.00888468809073724,0.9215742135953624,0.9950726532503641,0.1434434351264945,0.5429111531190927,0.036294020853412615,0.03832703213610586
RANDOM_GLOBAL,0.2,IID_BALANCED,0.005,0.1,0.4666351606805293,0.008601134215500945,0.5548204158790171,0.04703158905340159,0.00888468809073724,0.9215742135953624,0.9713662703091149,0.27907371153084404,0.6151228733459357,0.03316609287182614,0.07641776937618147
RANDOM_GLOBAL,0.2,IID_BALANCED,0.005,0.2,0.4666351606805293,0.008601134215500945,0.5548204158790171,0.04703158905340159,0.00888468809073724,0.9215742135953624,0.8959929808988166,0.5139856480684828,0.7405482041587902,0.022864100575449183,0.15274102079395085
RANDOM_GLOBAL,0.2,IID_BALANCED,0.01,0.05,0.5167296786389415,0.01219281663516068,0.6300567107750472,0.03576505370705339,0.016918714555765595,0.9215742135953624,0.9884760966881221,0.1516304061554306,0.5899810964083175,0.013357943656447492,0.03705103969754253
RANDOM_GLOBAL,0.2,IID_BALANCED,0.01,0.1,0.5167296786389415,0.01219281663516068,0.6300567107750472,0.03576505370705339,0.016918714555765595,0.9215742135953624,0.9531790688703504,0.2911152088249558,0.6573724007561437,0.012122642096768109,0.07377126654064273
RANDOM_GLOBAL,0.2,IID_BALANCED,0.01,0.2,0.5167296786389415,0.01219281663516068,0.6300567107750472,0.03576505370705339,0.016918714555765595,0.9215742135953624,0.8567104790341332,0.5222985950718027,0.769187145557656,0.005907687452216409,0.14730623818525518
RANDOM_GLOBAL,0.2,IID_BALANCED,0.02,0.05,0.5897920604914934,0.022684310018903593,0.6998109640831758,0.019862269242440403,0.028449905482041588,0.9215742135953624,0.9754278822319786,0.16613122126687144,0.6578449905482042,0.021649908686338364,0.03487712665406427
RANDOM_GLOBAL,0.2,IID_BALANCED,0.02,0.1,0.5897920604914934,0.022684310018903593,0.6998109640831758,0.019862269242440403,0.028449905482041588,0.9215742135953624,0.9233583806316709,0.31325367083216393,0.7182419659735351,0.017746849646790432,0.0695179584120983
RANDOM_GLOBAL,0.2,IID_BALANCED,0.02,0.2,0.5897920604914934,0.022684310018903593,0.6998109640831758,0.019862269242440403,0.028449905482041588,0.9215742135953624,0.7655805166237372,0.5186638127272325,0.8027410207939509,0.009953598198034597,0.13894139886578452
RANDOM_GLOBAL,0.2,IID_ORIGINAL,0.005,0.05,0.4666351606805293,0.007124937280481686,0.5548204158790171,0.04703158905340159,0.006271951831409934,0.8862087606747984,0.9771338570660177,0.2214418954350231,0.5844045368620038,0.03506391207109022,0.04178957718780728
RANDOM_GLOBAL,0.2,IID_ORIGINAL,0.005,0.1,0.4666351606805293,0.007124937280481686,0.5548204158790171,0.04703158905340159,0.006271951831409934,0.8862087606747984,0.9033103012635013,0.40841364719278717,0.6842155009451796,0.026865019701711203,0.08348082595870207
RANDOM_GLOBAL,0.2,IID_ORIGINAL,0.005,0.2,0.4666351606805293,0.007124937280481686,0.5548204158790171,0.04703158905340159,0.006271951831409934,0.8862087606747984,0.6860637019606961,0.6188587438622403,0.797069943289225,0.01223511758728956,0.1668305473615208
RANDOM_GLOBAL,0.2,IID_ORIGINAL,0.01,0.05,0.5167296786389415,0.010988459608630204,0.6300567107750472,0.03576505370705339,0.013647767185148018,0.8862087606747984,0.9614313189214843,0.234551931347356,0.6300567107750472,0.012236334467056551,0.04087184529662406
RANDOM_GLOBAL,0.2,IID_ORIGINAL,0.01,0.1,0.5167296786389415,0.010988459608630204,0.6300567107750472,0.03576505370705339,0.013647767185148018,0.8862087606747984,0.8611382447544225,0.4189043048329899,0.719187145557656,0.008893956295072532,0.08151425762045231
RANDOM_GLOBAL,0.2,IID_ORIGINAL,0.01,0.2,0.5167296786389415,0.010988459608630204,0.6300567107750472,0.03576505370705339,0.013647767185148018,0.8862087606747984,0.6228470515660052,0.6051332641476954,0.8092627599243857,0.008625968473168263,0.16283185840707964
RANDOM_GLOBAL,0.2,IID_ORIGINAL,0.02,0.05,0.5897920604914934,0.02187656798795785,0.6998109640831758,0.019862269242440403,0.025489212242849973,0.8862087606747984,0.898347539399057,0.24751667401682997,0.691304347826087,0.018570901468017043,0.039167486070140936
RANDOM_GLOBAL,0.2,IID_ORIGINAL,0.02,0.1,0.5897920604914934,0.02187656798795785,0.6998109640831758,0.019862269242440403,0.025489212242849973,0.8862087606747984,0.7632930722118111,0.4197787223977804,0.7620982986767486,0.01270476693576701,0.07823664372336939
RANDOM_GLOBAL,0.2,IID_ORIGINAL,0.02,0.2,0.5897920604914934,0.02187656798795785,0.6998109640831758,0.019862269242440403,0.025489212242849973,0.8862087606747984,0.518321373167636,0.5688626748586941,0.8236294896030245,0.008756170511734364,0.15630940675188462
RANDOM_GLOBAL,0.2,TEMPLATE_OOD,0.005,0.05,0.5109777517564403,0.006557377049180328,0.5879098360655738,0.08388704284866025,0.0035128805620608904,0.9657838802013965,0.9931738350475356,0.15346472724221233,0.584748243559719,0.08350628981998043,0.03713407494145199
RANDOM_GLOBAL,0.2,TEMPLATE_OOD,0.005,0.1,0.5109777517564403,0.006557377049180328,0.5879098360655738,0.08388704284866025,0.0035128805620608904,0.9657838802013965,0.9874880517149085,0.3047068918793018,0.657523419203747,0.07844783301750156,0.07418032786885245
RANDOM_GLOBAL,0.2,TEMPLATE_OOD,0.005,0.2,0.5109777517564403,0.006557377049180328,0.5879098360655738,0.08388704284866025,0.0035128805620608904,0.9657838802013965,0.9373532850113389,0.5765096475473588,0.7895491803278689,0.06213701242509585,0.14831674473067916
RANDOM_GLOBAL,0.2,TEMPLATE_OOD,0.01,0.05,0.5779859484777518,0.010392271662763467,0.6858606557377049,0.07479525064741514,0.009016393442622951,0.9657838802013965,0.9933434560045331,0.16757043454488982,0.6482142857142856,0.04308730643709698,0.0353483606557377
RANDOM_GLOBAL,0.2,TEMPLATE_OOD,0.01,0.1,0.5779859484777518,0.010392271662763467,0.6858606557377049,0.07479525064741514,0.009016393442622951,0.9657838802013965,0.9828237019418322,0.33119433733099374,0.7168618266978923,0.0399820465040935,0.07063817330210773
RANDOM_GLOBAL,0.2,TEMPLATE_OOD,0.01,0.2,0.5779859484777518,0.010392271662763467,0.6858606557377049,0.07479525064741514,0.009016393442622951,0.9657838802013965,0.9047943899014271,0.6086632719322347,0.8337529274004684,0.030870915021836007,0.1412177985948478
RANDOM_GLOBAL,0.2,TEMPLATE_OOD,0.02,0.05,0.668384074941452,0.021779859484777515,0.7736826697892272,0.05859555219049194,0.019291569086651052,0.9657838802013965,0.9829319678824199,0.19480406265744538,0.7328747072599532,0.01717976473496576,0.032801522248243564
RANDOM_GLOBAL,0.2,TEMPLATE_OOD,0.02,0.1,0.668384074941452,0.021779859484777515,0.7736826697892272,0.05859555219049194,0.019291569086651052,0.9657838802013965,0.9491059389642744,0.3755641556839259,0.7928571428571429,0.013384620740967551,0.06554449648711944
RANDOM_GLOBAL,0.2,TEMPLATE_OOD,0.02,0.2,0.668384074941452,0.021779859484777515,0.7736826697892272,0.05859555219049194,0.019291569086651052,0.9657838802013965,0.8139181561878409,0.6433428054523412,0.8818501170960188,0.011721143154360817,0.1310304449648712
RANDOM_GLOBAL,0.2,TEMPORAL,0.005,0.05,0.532125,0.005775000000000001,0.5948,0.08276613639244816,0.003975,0.9667189117414619,0.9927592247706547,0.15802128448010105,0.604825,0.07806639357339082,0.0366125
RANDOM_GLOBAL,0.2,TEMPORAL,0.005,0.1,0.532125,0.005775000000000001,0.5948,0.08276613639244816,0.003975,0.9667189117414619,0.9855131163802548,0.31325577368771335,0.67635,0.07318329347907514,0.07315
RANDOM_GLOBAL,0.2,TEMPORAL,0.005,0.2,0.532125,0.005775000000000001,0.5948,0.08276613639244816,0.003975,0.9667189117414619,0.9272505778843444,0.587277900983566,0.803875,0.05700295435813443,0.14625
RANDOM_GLOBAL,0.2,TEMPORAL,0.01,0.05,0.59715,0.009225,0.693625,0.07036119610031276,0.00965,0.9667189117414619,0.9903195287118274,0.17269967646787965,0.66625,0.04019794770880723,0.0348875
RANDOM_GLOBAL,0.2,TEMPORAL,0.01,0.1,0.59715,0.009225,0.693625,0.07036119610031276,0.00965,0.9667189117414619,0.9778856029952939,0.3406802844819864,0.733575,0.0369267386561253,0.0697375
RANDOM_GLOBAL,0.2,TEMPORAL,0.01,0.2,0.59715,0.009225,0.693625,0.07036119610031276,0.00965,0.9667189117414619,0.8922945291055241,0.6206649413007248,0.8461500000000001,0.028758863368050926,0.1394125
RANDOM_GLOBAL,0.2,TEMPORAL,0.02,0.05,0.684025,0.019925,0.78015,0.05434064367998923,0.020225,0.9667189117414619,0.9771266588432447,0.20110267376580362,0.747475,0.015714223033785498,0.0324625
RANDOM_GLOBAL,0.2,TEMPORAL,0.02,0.1,0.684025,0.019925,0.78015,0.05434064367998923,0.020225,0.9667189117414619,0.9366859004491366,0.38469646351720577,0.80555,0.011777332276689636,0.0648375
RANDOM_GLOBAL,0.2,TEMPORAL,0.02,0.2,0.684025,0.019925,0.78015,0.05434064367998923,0.020225,0.9667189117414619,0.7962596671246993,0.6535323122662346,0.8906499999999999,0.011033534741364136,0.12965
RANDOM_GLOBAL,0.25,DOMAIN_OOD,0.005,0.05,0.4560912389839295,0.005184033177812338,0.3720580611715915,0.054254621655691775,0.002177293934681182,0.9595170179936389,0.9884134741352852,0.14197581258224068,0.5324520476931053,0.07539771865559113,0.03862104717470192
RANDOM_GLOBAL,0.25,DOMAIN_OOD,0.005,0.1,0.4560912389839295,0.005184033177812338,0.3720580611715915,0.054254621655691775,0.002177293934681182,0.9595170179936389,0.9760432231578926,0.2795136324826569,0.6065318818040436,0.07045412818844733,0.07703473302229134
RANDOM_GLOBAL,0.25,DOMAIN_OOD,0.005,0.2,0.4560912389839295,0.005184033177812338,0.3720580611715915,0.054254621655691775,0.002177293934681182,0.9595170179936389,0.9439047956319648,0.5400466965534851,0.7470191809227579,0.05985407270872643,0.1539917055469155
RANDOM_GLOBAL,0.25,DOMAIN_OOD,0.01,0.05,0.5297045101088648,0.011767755313634007,0.5413167444271643,0.0690516332811024,0.006065318818040436,0.9595170179936389,0.9820075223101344,0.1537642553388344,0.6015552099533437,0.05034607002115251,0.036573354069466046
RANDOM_GLOBAL,0.25,DOMAIN_OOD,0.01,0.1,0.5297045101088648,0.011767755313634007,0.5413167444271643,0.0690516332811024,0.006065318818040436,0.9595170179936389,0.962385597195454,0.30092576710474056,0.6703473302229135,0.04683926899926254,0.07304302747537585
RANDOM_GLOBAL,0.25,DOMAIN_OOD,0.01,0.2,0.5297045101088648,0.011767755313634007,0.5413167444271643,0.0690516332811024,0.006065318818040436,0.9595170179936389,0.9215778076211812,0.5755232872692018,0.7989631933644376,0.03843789602518816,0.14598237428719543
RANDOM_GLOBAL,0.25,DOMAIN_OOD,0.02,0.05,0.6226023846552617,0.028615863141524107,0.7100051840331778,0.0826636855879474,0.016951788491446344,0.9595170179936389,0.967737081818931,0.17402564269158066,0.6881285640228098,0.02199833414643035,0.033851736651114565
RANDOM_GLOBAL,0.25,DOMAIN_OOD,0.02,0.1,0.6226023846552617,0.028615863141524107,0.7100051840331778,0.0826636855879474,0.016951788491446344,0.9595170179936389,0.9446741097453278,0.3390816769128592,0.7502851218247797,0.020717476199173395,0.06757387247278382
RANDOM_GLOBAL,0.25,DOMAIN_OOD,0.02,0.2,0.6226023846552617,0.028615863141524107,0.7100051840331778,0.0826636855879474,0.016951788491446344,0.9595170179936389,0.8703896182786943,0.6237398251525426,0.8576464489372733,0.019290672182824084,0.1349922239502333
RANDOM_GLOBAL,0.25,DOMAIN_TEMPLATE_OOD,0.005,0.05,0.4235706580366775,0.00517799352750809,0.3566343042071197,0.052457708064010705,0.002103559870550162,0.9561543856256499,0.9881773564551339,0.13648136514235049,0.5014563106796117,0.07660678945608541,0.03940129449838188
RANDOM_GLOBAL,0.25,DOMAIN_TEMPLATE_OOD,0.005,0.1,0.4235706580366775,0.00517799352750809,0.3566343042071197,0.052457708064010705,0.002103559870550162,0.9561543856256499,0.9790454840811307,0.2699585675593724,0.5777238403451996,0.07155448670120147,0.07869471413160734
RANDOM_GLOBAL,0.25,DOMAIN_TEMPLATE_OOD,0.005,0.2,0.4235706580366775,0.00517799352750809,0.3566343042071197,0.052457708064010705,0.002103559870550162,0.9561543856256499,0.9494228001252377,0.5228219175693607,0.7223300970873787,0.061116820902079774,0.15722761596548004
RANDOM_GLOBAL,0.25,DOMAIN_TEMPLATE_OOD,0.01,0.05,0.5023732470334412,0.011596548004314994,0.5179072276159655,0.0706577164375189,0.005717367853290183,0.9561543856256499,0.9846077562769133,0.14858720759669264,0.5758360302049622,0.053347002131674426,0.037297734627831716
RANDOM_GLOBAL,0.25,DOMAIN_TEMPLATE_OOD,0.01,0.1,0.5023732470334412,0.011596548004314994,0.5179072276159655,0.0706577164375189,0.005717367853290183,0.9561543856256499,0.9663410353663362,0.29095777094804276,0.6462783171521036,0.04956168860373342,0.0744336569579288
RANDOM_GLOBAL,0.25,DOMAIN_TEMPLATE_OOD,0.01,0.2,0.5023732470334412,0.011596548004314994,0.5179072276159655,0.0706577164375189,0.005717367853290183,0.9561543856256499,0.9257306133625711,0.5564133601315728,0.777831715210356,0.0410550519650242,0.1486785329018339
RANDOM_GLOBAL,0.25,DOMAIN_TEMPLATE_OOD,0.02,0.05,0.598975188781014,0.028371089536138077,0.6893743257820928,0.0916186740143367,0.016019417475728156,0.9561543856256499,0.9716191724423835,0.16712723129419849,0.6658576051779935,0.02361538517766562,0.03441208198489752
RANDOM_GLOBAL,0.25,DOMAIN_TEMPLATE_OOD,0.02,0.1,0.598975188781014,0.028371089536138077,0.6893743257820928,0.0916186740143367,0.016019417475728156,0.9561543856256499,0.9468598965124844,0.32523389363733524,0.729126213592233,0.022142540563019213,0.06871628910463862
RANDOM_GLOBAL,0.25,DOMAIN_TEMPLATE_OOD,0.02,0.2,0.598975188781014,0.028371089536138077,0.6893743257820928,0.0916186740143367,0.016019417475728156,0.9561543856256499,0.8742846072985184,0.6000846353395703,0.8393203883495145,0.01998428583430376,0.13740560949298813
RANDOM_GLOBAL,0.25,IID_BALANCED,0.005,0.05,0.48374291115311907,0.008034026465028356,0.48894139886578447,0.05567393918034143,0.006427221172022685,0.9174570404408637,0.9863094128655773,0.14506221231580105,0.5585066162570889,0.026066134474665527,0.03790170132325142
RANDOM_GLOBAL,0.25,IID_BALANCED,0.005,0.1,0.48374291115311907,0.008034026465028356,0.48894139886578447,0.05567393918034143,0.006427221172022685,0.9174570404408637,0.9673873250927878,0.283924771108837,0.6301512287334593,0.023327411702704914,0.07566162570888468
RANDOM_GLOBAL,0.25,IID_BALANCED,0.005,0.2,0.48374291115311907,0.008034026465028356,0.48894139886578447,0.05567393918034143,0.006427221172022685,0.9174570404408637,0.8900435733477157,0.5212712896591079,0.752835538752363,0.014028126566410313,0.15108695652173915
RANDOM_GLOBAL,0.25,IID_BALANCED,0.01,0.05,0.5396975425330812,0.012948960302457468,0.5924385633270322,0.0313379260558039,0.013137996219281665,0.9174570404408637,0.9778677629277229,0.15449973539753145,0.6107750472589792,0.01463452208233636,0.0363421550094518
RANDOM_GLOBAL,0.25,IID_BALANCED,0.01,0.1,0.5396975425330812,0.012948960302457468,0.5924385633270322,0.0313379260558039,0.013137996219281665,0.9174570404408637,0.9406545824241649,0.2968223874359136,0.6762759924385633,0.012961564228559673,0.0725897920604915
RANDOM_GLOBAL,0.25,IID_BALANCED,0.01,0.2,0.5396975425330812,0.012948960302457468,0.5924385633270322,0.0313379260558039,0.013137996219281665,0.9174570404408637,0.8393284171137478,0.5286571573644249,0.7830812854442344,0.0076689738151468675,0.14494328922495275
RANDOM_GLOBAL,0.25,IID_BALANCED,0.02,0.05,0.6148393194706994,0.02391304347826087,0.6793950850661625,0.037163177054702574,0.024669187145557655,0.9174570404408637,0.958671062534655,0.17114127131560625,0.680718336483932,0.012655841297165822,0.03435727788279773
RANDOM_GLOBAL,0.25,IID_BALANCED,0.02,0.1,0.6148393194706994,0.02391304347826087,0.6793950850661625,0.037163177054702574,0.024669187145557655,0.9174570404408637,0.8939814939104845,0.31716194598014097,0.7369565217391305,0.01099599539208033,0.06828922495274102
RANDOM_GLOBAL,0.25,IID_BALANCED,0.02,0.2,0.6148393194706994,0.02391304347826087,0.6793950850661625,0.037163177054702574,0.024669187145557655,0.9174570404408637,0.7106825106889978,0.5031226211064764,0.808695652173913,0.006626750762512867,0.1363421550094518
RANDOM_GLOBAL,0.25,IID_ORIGINAL,0.005,0.05,0.48374291115311907,0.006573005519317612,0.48894139886578447,0.05567393918034143,0.004214751630707476,0.8805308143980145,0.9644090405515053,0.22439948731216938,0.5994328922495274,0.02467463872853218,0.0415929203539823
RANDOM_GLOBAL,0.25,IID_ORIGINAL,0.005,0.1,0.48374291115311907,0.006573005519317612,0.48894139886578447,0.05567393918034143,0.004214751630707476,0.8805308143980145,0.8779766266997878,0.4070919682235871,0.6938563327032136,0.017707653553147698,0.0829564077351688
RANDOM_GLOBAL,0.25,IID_ORIGINAL,0.005,0.2,0.48374291115311907,0.006573005519317612,0.48894139886578447,0.05567393918034143,0.004214751630707476,0.8805308143980145,0.6610495138683583,0.6118446973853575,0.8,0.006581660077136468,0.1657817109144543
RANDOM_GLOBAL,0.25,IID_ORIGINAL,0.01,0.05,0.5396975425330812,0.011088810837932764,0.5924385633270322,0.0313379260558039,0.011339688911189163,0.8805308143980145,0.9366139002668262,0.23723136201481956,0.6488657844990549,0.013324089762942939,0.04041297935103245
RANDOM_GLOBAL,0.25,IID_ORIGINAL,0.01,0.1,0.5396975425330812,0.011088810837932764,0.5924385633270322,0.0313379260558039,0.011339688911189163,0.8805308143980145,0.8259357929399951,0.4174520284223305,0.7318525519848771,0.011023043634139537,0.08066207800721074
RANDOM_GLOBAL,0.25,IID_ORIGINAL,0.01,0.2,0.5396975425330812,0.011088810837932764,0.5924385633270322,0.0313379260558039,0.011339688911189163,0.8805308143980145,0.5829589734964875,0.5888736639613106,0.8108695652173914,0.007231979341196148,0.16125860373647985
RANDOM_GLOBAL,0.25,IID_ORIGINAL,0.02,0.05,0.6148393194706994,0.021976919217260412,0.6793950850661625,0.037163177054702574,0.022679377822378326,0.8805308143980145,0.8301609852980739,0.24126104237579046,0.7077504725897921,0.011401511005099988,0.038806948541461814
RANDOM_GLOBAL,0.25,IID_ORIGINAL,0.02,0.1,0.6148393194706994,0.021976919217260412,0.6793950850661625,0.037163177054702574,0.022679377822378326,0.8805308143980145,0.7199314341511412,0.41719077880849353,0.7755198487712666,0.009569213956198745,0.07738446411012782
RANDOM_GLOBAL,0.25,IID_ORIGINAL,0.02,0.2,0.6148393194706994,0.021976919217260412,0.6793950850661625,0.037163177054702574,0.022679377822378326,0.8805308143980145,0.4669084520429787,0.5402327464947888,0.8230623818525521,0.008321398371377018,0.15460504752540152
RANDOM_GLOBAL,0.25,TEMPLATE_OOD,0.005,0.05,0.5278981264637002,0.005005854800936768,0.49686768149882904,0.04293255660332152,0.0023711943793911006,0.9667061530650207,0.9914910657341306,0.15619238711299935,0.6007611241217798,0.0652960959944634,0.03673887587822014
RANDOM_GLOBAL,0.25,TEMPLATE_OOD,0.005,0.1,0.5278981264637002,0.005005854800936768,0.49686768149882904,0.04293255660332152,0.0023711943793911006,0.9667061530650207,0.9817021960004115,0.30889027436135164,0.6721018735362998,0.06087185755597443,0.0734192037470726
RANDOM_GLOBAL,0.25,TEMPLATE_OOD,0.005,0.2,0.5278981264637002,0.005005854800936768,0.49686768149882904,0.04293255660332152,0.0023711943793911006,0.9667061530650207,0.9399375694291143,0.5904783302419185,0.8040690866510539,0.04970340372640336,0.1467652224824356
RANDOM_GLOBAL,0.25,TEMPLATE_OOD,0.01,0.05,0.599092505854801,0.009660421545667448,0.6298302107728337,0.05677702243610355,0.005766978922716628,0.9667061530650207,0.9854972538317238,0.1727726824831391,0.6677985948477752,0.046241562255508344,0.03485070257611241
RANDOM_GLOBAL,0.25,TEMPLATE_OOD,0.01,0.1,0.599092505854801,0.009660421545667448,0.6298302107728337,0.05677702243610355,0.005766978922716628,0.9667061530650207,0.9681827418015813,0.3390744359007699,0.7339578454332553,0.04305209941188044,0.06962822014051522
RANDOM_GLOBAL,0.25,TEMPLATE_OOD,0.01,0.2,0.599092505854801,0.009660421545667448,0.6298302107728337,0.05677702243610355,0.005766978922716628,0.9667061530650207,0.9007338066630457,0.6294897701734011,0.8500878220140515,0.0333142374875582,0.13918325526932085
RANDOM_GLOBAL,0.25,TEMPLATE_OOD,0.02,0.05,0.6842798594847774,0.021340749414519904,0.7614168618266979,0.07034334802511169,0.014724824355971897,0.9667061530650207,0.9719236364285532,0.20021060723111805,0.7473360655737704,0.01897847267604871,0.032435597189695554
RANDOM_GLOBAL,0.25,TEMPLATE_OOD,0.02,0.1,0.6842798594847774,0.021340749414519904,0.7614168618266979,0.07034334802511169,0.014724824355971897,0.9667061530650207,0.9368320035507971,0.3854797904897306,0.805708430913349,0.017514484752065324,0.0647980093676815
RANDOM_GLOBAL,0.25,TEMPLATE_OOD,0.02,0.2,0.6842798594847774,0.021340749414519904,0.7614168618266979,0.07034334802511169,0.014724824355971897,0.9667061530650207,0.8320326558285052,0.6833605142076362,0.8999121779859485,0.014400542514438636,0.12950819672131147
RANDOM_GLOBAL,0.25,TEMPORAL,0.005,0.05,0.548975,0.00445,0.502825,0.04413033883345511,0.0028250000000000003,0.9669815839805658,0.9894324457778326,0.16093482463003891,0.6207,0.06255106802534317,0.0362375
RANDOM_GLOBAL,0.25,TEMPORAL,0.005,0.1,0.548975,0.00445,0.502825,0.04413033883345511,0.0028250000000000003,0.9669815839805658,0.9750333678589472,0.3166400426380996,0.6902,0.05813750462863403,0.07238750000000001
RANDOM_GLOBAL,0.25,TEMPORAL,0.005,0.2,0.548975,0.00445,0.502825,0.04413033883345511,0.0028250000000000003,0.9669815839805658,0.9275024848175212,0.6013607110948689,0.817675,0.04718522161534149,0.1447
RANDOM_GLOBAL,0.25,TEMPORAL,0.01,0.05,0.61735,0.00865,0.6394,0.0535887374154101,0.00735,0.9669815839805658,0.9812036420233371,0.1779202891978841,0.684875,0.04427772985498592,0.0344
RANDOM_GLOBAL,0.25,TEMPORAL,0.01,0.1,0.61735,0.00865,0.6394,0.0535887374154101,0.00735,0.9669815839805658,0.9555352337801729,0.3463728410708325,0.748825,0.041289299461240554,0.068775
RANDOM_GLOBAL,0.25,TEMPORAL,0.01,0.2,0.61735,0.00865,0.6394,0.0535887374154101,0.00735,0.9669815839805658,0.8857427264352399,0.6405434381521296,0.861125,0.03147778096442698,0.1374625
RANDOM_GLOBAL,0.25,TEMPORAL,0.02,0.05,0.699875,0.019725,0.768875,0.06314547247779881,0.0168,0.9669815839805658,0.9554178284729351,0.204750001251128,0.7612,0.017289929631628516,0.032087500000000005
RANDOM_GLOBAL,0.25,TEMPORAL,0.02,0.1,0.699875,0.019725,0.768875,0.06314547247779881,0.0168,0.9669815839805658,0.9162020154079107,0.3921783644789249,0.817325,0.016199729936020514,0.06408749999999999
RANDOM_GLOBAL,0.25,TEMPORAL,0.02,0.2,0.699875,0.019725,0.768875,0.06314547247779881,0.0168,0.9669815839805658,0.8094734210057348,0.6916727603264877,0.907375,0.012532873440143975,0.1281
UNCERTAINTY_GLOBAL,0.1,DOMAIN_OOD,0.005,0.05,0.35909797822706063,0.0066355624675997925,0.28325557283566616,0.10341137773216712,0.004458268532918611,0.9250676962426274,0.9726798388205324,0.12490448387449607,0.43893208916537063,0.04511667777671223,0.04103162260238465
UNCERTAINTY_GLOBAL,0.1,DOMAIN_OOD,0.005,0.1,0.35909797822706063,0.0066355624675997925,0.28325557283566616,0.10341137773216712,0.004458268532918611,0.9250676962426274,0.9555272243887416,0.2447898649658647,0.5155520995334371,0.04269848542210529,0.08185588387765683
UNCERTAINTY_GLOBAL,0.1,DOMAIN_OOD,0.005,0.2,0.35909797822706063,0.0066355624675997925,0.28325557283566616,0.10341137773216712,0.004458268532918611,0.9250676962426274,0.9125326984505084,0.4669747567617383,0.6575427682737169,0.039984846650155156,0.16350440642820113
UNCERTAINTY_GLOBAL,0.1,DOMAIN_OOD,0.01,0.05,0.4520476931052359,0.01503369621565578,0.3819077242094349,0.09008261038709581,0.009072058061171593,0.9250676962426274,0.9575636607920618,0.1348115993526635,0.5256609642301711,0.04913024447870109,0.038413685847589425
UNCERTAINTY_GLOBAL,0.1,DOMAIN_OOD,0.01,0.1,0.4520476931052359,0.01503369621565578,0.3819077242094349,0.09008261038709581,0.009072058061171593,0.9250676962426274,0.9317823399268812,0.26204345041902466,0.5951788491446346,0.0452154492182032,0.07674961119751167
UNCERTAINTY_GLOBAL,0.1,DOMAIN_OOD,0.01,0.2,0.4520476931052359,0.01503369621565578,0.3819077242094349,0.09008261038709581,0.009072058061171593,0.9250676962426274,0.8798888055281852,0.4944670543296269,0.7221358216692587,0.040617450401047785,0.15336962156557804
UNCERTAINTY_GLOBAL,0.1,DOMAIN_OOD,0.02,0.05,0.5484707102125453,0.030793157076205287,0.5387765681700363,0.08286062587000695,0.02177293934681182,0.9250676962426274,0.9374106843029232,0.14866703788995467,0.6153965785381026,0.039876602504560696,0.035666148263348886
UNCERTAINTY_GLOBAL,0.1,DOMAIN_OOD,0.02,0.1,0.5484707102125453,0.030793157076205287,0.5387765681700363,0.08286062587000695,0.02177293934681182,0.9250676962426274,0.9043705890800962,0.28622278929415873,0.6771902540176258,0.038322166362769874,0.07112493519958527
UNCERTAINTY_GLOBAL,0.1,DOMAIN_OOD,0.02,0.2,0.5484707102125453,0.030793157076205287,0.5387765681700363,0.08286062587000695,0.02177293934681182,0.9250676962426274,0.8255387977440474,0.5217271419617455,0.7834110938310006,0.03287837922318896,0.1421461897356143
UNCERTAINTY_GLOBAL,0.1,DOMAIN_TEMPLATE_OOD,0.005,0.05,0.33176914778856526,0.006526429341963323,0.2738942826321467,0.09840023559077314,0.00447680690399137,0.9176004083354398,0.9733971455772966,0.12174906513552712,0.412891046386192,0.046603974067937044,0.04166666666666667
UNCERTAINTY_GLOBAL,0.1,DOMAIN_TEMPLATE_OOD,0.005,0.1,0.33176914778856526,0.006526429341963323,0.2738942826321467,0.09840023559077314,0.00447680690399137,0.9176004083354398,0.9596975968571062,0.2397205531053818,0.49153182308522114,0.04381753884588856,0.08322545846817692
UNCERTAINTY_GLOBAL,0.1,DOMAIN_TEMPLATE_OOD,0.005,0.2,0.33176914778856526,0.006526429341963323,0.2738942826321467,0.09840023559077314,0.00447680690399137,0.9176004083354398,0.9131428586385374,0.4558291644223814,0.6355447680690399,0.041198572404742666,0.1663160733549083
UNCERTAINTY_GLOBAL,0.1,DOMAIN_TEMPLATE_OOD,0.01,0.05,0.4253505933117584,0.01483279395900755,0.3644552319309601,0.08776807943407015,0.008845738942826321,0.9176004083354398,0.957335375358339,0.130913292245634,0.5003236245954692,0.051720095072024595,0.03913160733549083
UNCERTAINTY_GLOBAL,0.1,DOMAIN_TEMPLATE_OOD,0.01,0.1,0.4253505933117584,0.01483279395900755,0.3644552319309601,0.08776807943407015,0.008845738942826321,0.9176004083354398,0.934047980533822,0.2549591396804634,0.5714131607335491,0.047563723170408245,0.07812837108953614
UNCERTAINTY_GLOBAL,0.1,DOMAIN_TEMPLATE_OOD,0.01,0.2,0.4253505933117584,0.01483279395900755,0.3644552319309601,0.08776807943407015,0.008845738942826321,0.9176004083354398,0.8794400051437974,0.4795975596000919,0.7001078748651565,0.04288016466925736,0.15609492988133766
UNCERTAINTY_GLOBAL,0.1,DOMAIN_TEMPLATE_OOD,0.02,0.05,0.521413160733549,0.03074433656957929,0.5133225458468177,0.08762248026105454,0.021413160733549083,0.9176004083354398,0.9434450784577588,0.1438160505908788,0.5900215749730313,0.04393055894287785,0.03632686084142395
UNCERTAINTY_GLOBAL,0.1,DOMAIN_TEMPLATE_OOD,0.02,0.1,0.521413160733549,0.03074433656957929,0.5133225458468177,0.08762248026105454,0.021413160733549083,0.9176004083354398,0.9071364118749325,0.27620219903966703,0.6530744336569579,0.04164863998423905,0.07251887810140237
UNCERTAINTY_GLOBAL,0.1,DOMAIN_TEMPLATE_OOD,0.02,0.2,0.521413160733549,0.03074433656957929,0.5133225458468177,0.08762248026105454,0.021413160733549083,0.9176004083354398,0.8259660185633818,0.5019231916276715,0.7610571736785329,0.0353270739757357,0.14487594390507014
UNCERTAINTY_GLOBAL,0.1,IID_BALANCED,0.005,0.05,0.3940453686200378,0.008506616257088848,0.4433837429111532,0.07180939297986573,0.010586011342155009,0.8957591648427204,0.9893944779001445,0.13156209099394275,0.47362948960302453,0.03217145343397642,0.04021739130434783
UNCERTAINTY_GLOBAL,0.1,IID_BALANCED,0.005,0.1,0.3940453686200378,0.008506616257088848,0.4433837429111532,0.07180939297986573,0.010586011342155009,0.8957591648427204,0.9567695118187816,0.25348240075133244,0.5474480151228733,0.02922356421653754,0.08015122873345935
UNCERTAINTY_GLOBAL,0.1,IID_BALANCED,0.005,0.2,0.3940453686200378,0.008506616257088848,0.4433837429111532,0.07180939297986573,0.010586011342155009,0.8957591648427204,0.8750984156808771,0.46242473286493313,0.6741965973534971,0.021782692899199707,0.15997164461247637
UNCERTAINTY_GLOBAL,0.1,IID_BALANCED,0.01,0.05,0.4611531190926276,0.013516068052930059,0.5158790170132326,0.05590124442137154,0.01843100189035917,0.8957591648427204,0.9814905264431882,0.14021746204412391,0.536578449905482,0.02866196374895858,0.03842155009451796
UNCERTAINTY_GLOBAL,0.1,IID_BALANCED,0.01,0.1,0.4611531190926276,0.013516068052930059,0.5158790170132326,0.05590124442137154,0.01843100189035917,0.8957591648427204,0.9209450067131216,0.26155394985841723,0.6020793950850661,0.022962655523993184,0.07646502835538752
UNCERTAINTY_GLOBAL,0.1,IID_BALANCED,0.01,0.2,0.4611531190926276,0.013516068052930059,0.5158790170132326,0.05590124442137154,0.01843100189035917,0.8957591648427204,0.8239589535359153,0.4669762104828525,0.7130434782608696,0.015923463266070918,0.1526937618147448
UNCERTAINTY_GLOBAL,0.1,IID_BALANCED,0.02,0.05,0.5362948960302457,0.023156899810964082,0.597069943289225,0.04067336174050491,0.0331758034026465,0.8957591648427204,0.9384285297443192,0.14687511339803921,0.6043478260869566,0.023054116506223413,0.0362476370510397
UNCERTAINTY_GLOBAL,0.1,IID_BALANCED,0.02,0.1,0.5362948960302457,0.023156899810964082,0.597069943289225,0.04067336174050491,0.0331758034026465,0.8957591648427204,0.8575050490335132,0.267389273500375,0.6603024574669187,0.019144650779709574,0.07225897920604915
UNCERTAINTY_GLOBAL,0.1,IID_BALANCED,0.02,0.2,0.5362948960302457,0.023156899810964082,0.597069943289225,0.04067336174050491,0.0331758034026465,0.8957591648427204,0.7519355043501964,0.46749276861362443,0.7534971644612476,0.014883369160939361,0.144234404536862
UNCERTAINTY_GLOBAL,0.1,IID_ORIGINAL,0.005,0.05,0.3940453686200378,0.007225288509784244,0.4433837429111532,0.07180939297986573,0.007777220270948319,0.8489525588065451,0.9564395526491707,0.19650295401744253,0.5129489603024575,0.03083420539761871,0.04310062274664045
UNCERTAINTY_GLOBAL,0.1,IID_ORIGINAL,0.005,0.1,0.3940453686200378,0.007225288509784244,0.4433837429111532,0.07180939297986573,0.007777220270948319,0.8489525588065451,0.8592389928205147,0.3518808507999971,0.6073724007561437,0.021084073336255116,0.08603736479842675
UNCERTAINTY_GLOBAL,0.1,IID_ORIGINAL,0.005,0.2,0.3940453686200378,0.007225288509784244,0.4433837429111532,0.07180939297986573,0.007777220270948319,0.8489525588065451,0.6980829953176599,0.5706625665833188,0.740359168241966,0.0198565212263332,0.17187807276302852
UNCERTAINTY_GLOBAL,0.1,IID_ORIGINAL,0.01,0.05,0.4611531190926276,0.01244355243351731,0.5158790170132326,0.05590124442137154,0.014801806322127447,0.8489525588065451,0.917324102346945,0.2052960984567279,0.5716446124763706,0.027287894609367105,0.041756801048836445
UNCERTAINTY_GLOBAL,0.1,IID_ORIGINAL,0.01,0.1,0.4611531190926276,0.01244355243351731,0.5158790170132326,0.05590124442137154,0.014801806322127447,0.8489525588065451,0.7954661708686838,0.3549330433223303,0.6525519848771266,0.01931499398781822,0.08338249754178959
UNCERTAINTY_GLOBAL,0.1,IID_ORIGINAL,0.01,0.2,0.4611531190926276,0.01244355243351731,0.5158790170132326,0.05590124442137154,0.014801806322127447,0.8489525588065451,0.6283197319427506,0.5590785441924789,0.7632325141776938,0.018442442821559185,0.16653556211078335
UNCERTAINTY_GLOBAL,0.1,IID_ORIGINAL,0.02,0.05,0.5362948960302457,0.022378324134470648,0.597069943289225,0.04067336174050491,0.029101856497742096,0.8489525588065451,0.8343815036775268,0.20813139763079352,0.6328922495274102,0.019636091642605484,0.040117994100294985
UNCERTAINTY_GLOBAL,0.1,IID_ORIGINAL,0.02,0.1,0.5362948960302457,0.022378324134470648,0.597069943289225,0.04067336174050491,0.029101856497742096,0.8489525588065451,0.7062003083951721,0.35171793860432665,0.6996219281663516,0.02016284654180918,0.08013765978367748
UNCERTAINTY_GLOBAL,0.1,IID_ORIGINAL,0.02,0.2,0.5362948960302457,0.022378324134470648,0.597069943289225,0.04067336174050491,0.029101856497742096,0.8489525588065451,0.5422570237740483,0.5387591111661063,0.7868620037807184,0.01729245305615953,0.16004588659455915
UNCERTAINTY_GLOBAL,0.1,TEMPLATE_OOD,0.005,0.05,0.4415690866510539,0.00585480093676815,0.42137002341920377,0.09537658616091976,0.004391100702576112,0.9427684015800171,0.9831915224033718,0.1375059924750132,0.5180620608899298,0.04550767243828919,0.038890515222482436
UNCERTAINTY_GLOBAL,0.1,TEMPLATE_OOD,0.005,0.1,0.4415690866510539,0.00585480093676815,0.42137002341920377,0.09537658616091976,0.004391100702576112,0.9427684015800171,0.9667896834761203,0.27001710736599094,0.5918618266978923,0.04161437026557122,0.07769320843091335
UNCERTAINTY_GLOBAL,0.1,TEMPLATE_OOD,0.005,0.2,0.4415690866510539,0.00585480093676815,0.42137002341920377,0.09537658616091976,0.004391100702576112,0.9427684015800171,0.9146577440353709,0.5107605694732265,0.7258196721311475,0.03754718730806521,0.15532786885245903
UNCERTAINTY_GLOBAL,0.1,TEMPLATE_OOD,0.01,0.05,0.52903981264637,0.012207259953161593,0.5055327868852458,0.07564527805344363,0.008430913348946136,0.9427684015800171,0.9663231753284164,0.15077137070795263,0.5996779859484778,0.04685695418971098,0.03653395784543325
UNCERTAINTY_GLOBAL,0.1,TEMPLATE_OOD,0.01,0.1,0.52903981264637,0.012207259953161593,0.5055327868852458,0.07564527805344363,0.008430913348946136,0.9427684015800171,0.9397571306667498,0.2928469463585722,0.666364168618267,0.04257666677541599,0.07300936768149882
UNCERTAINTY_GLOBAL,0.1,TEMPLATE_OOD,0.01,0.2,0.52903981264637,0.012207259953161593,0.5055327868852458,0.07564527805344363,0.008430913348946136,0.9427684015800171,0.8696148727956432,0.5414158054715237,0.7830503512880562,0.036863671310801524,0.14591627634660423
UNCERTAINTY_GLOBAL,0.1,TEMPLATE_OOD,0.02,0.05,0.6186475409836065,0.02379976580796253,0.6283665105386417,0.06780824682980933,0.020784543325526934,0.9427684015800171,0.9431198417501843,0.16917611562811474,0.6828747072599531,0.03902079513075028,0.03401639344262295
UNCERTAINTY_GLOBAL,0.1,TEMPLATE_OOD,0.02,0.1,0.6186475409836065,0.02379976580796253,0.6283665105386417,0.06780824682980933,0.020784543325526934,0.9427684015800171,0.8970454946620203,0.3217291087599488,0.7406615925058547,0.037014467955973525,0.06795960187353631
UNCERTAINTY_GLOBAL,0.1,TEMPLATE_OOD,0.02,0.2,0.6186475409836065,0.02379976580796253,0.6283665105386417,0.06780824682980933,0.020784543325526934,0.9427684015800171,0.7901174813760868,0.5651976355280981,0.8336651053864168,0.02833445415724525,0.13583138173302106
UNCERTAINTY_GLOBAL,0.1,TEMPORAL,0.005,0.05,0.4572,0.0052499999999999995,0.426675,0.09683556007193043,0.004725,0.943735364068765,0.9775401849151233,0.139169902580991,0.5325,0.0423762905408201,0.0385
UNCERTAINTY_GLOBAL,0.1,TEMPORAL,0.005,0.1,0.4572,0.0052499999999999995,0.426675,0.09683556007193043,0.004725,0.943735364068765,0.9613874708841379,0.27343357596222495,0.605175,0.038992351457974715,0.076925
UNCERTAINTY_GLOBAL,0.1,TEMPORAL,0.005,0.2,0.4572,0.0052499999999999995,0.426675,0.09683556007193043,0.004725,0.943735364068765,0.9064117106228663,0.5154637875703425,0.736125,0.034759341270449225,0.1538
UNCERTAINTY_GLOBAL,0.1,TEMPORAL,0.01,0.05,0.544925,0.01105,0.516775,0.074229322784942,0.00975,0.943735364068765,0.9578939118640795,0.15297508387664693,0.6142000000000001,0.0420318662181181,0.03615
UNCERTAINTY_GLOBAL,0.1,TEMPORAL,0.01,0.1,0.544925,0.01105,0.516775,0.074229322784942,0.00975,0.943735364068765,0.9316380193763371,0.2971931844769775,0.67965,0.038134666351992356,0.0722625
UNCERTAINTY_GLOBAL,0.1,TEMPORAL,0.01,0.2,0.544925,0.01105,0.516775,0.074229322784942,0.00975,0.943735364068765,0.8594620941086906,0.5480266203893194,0.7933749999999999,0.034019040828466816,0.14445000000000002
UNCERTAINTY_GLOBAL,0.1,TEMPORAL,0.02,0.05,0.6347,0.02165,0.6413,0.06193038206100637,0.0229,0.943735364068765,0.9301684317093736,0.17224951906046743,0.6973499999999999,0.03538090351211134,0.03365
UNCERTAINTY_GLOBAL,0.1,TEMPORAL,0.02,0.1,0.6347,0.02165,0.6413,0.06193038206100637,0.0229,0.943735364068765,0.8825165223614455,0.32687582461981424,0.753425,0.03435417045684234,0.0672375
UNCERTAINTY_GLOBAL,0.1,TEMPORAL,0.02,0.2,0.6347,0.02165,0.6413,0.06193038206100637,0.0229,0.943735364068765,0.7761707945440838,0.5735303867884075,0.8436,0.026864422983236064,0.13440000000000002
UNCERTAINTY_GLOBAL,0.15,DOMAIN_OOD,0.005,0.05,0.4640746500777605,0.00414722654224987,0.4922757905650596,0.07835809004640194,0.0031622602384655265,0.9575754913073004,0.9946507511631,0.14329690756549068,0.5405909797822706,0.038759715630040145,0.03846552617936755
UNCERTAINTY_GLOBAL,0.15,DOMAIN_OOD,0.005,0.1,0.4640746500777605,0.00414722654224987,0.4922757905650596,0.07835809004640194,0.0031622602384655265,0.9575754913073004,0.9864750941359504,0.2834405265503444,0.6154484188698808,0.03658146763673511,0.0767236910316226
UNCERTAINTY_GLOBAL,0.15,DOMAIN_OOD,0.005,0.2,0.4640746500777605,0.00414722654224987,0.4922757905650596,0.07835809004640194,0.0031622602384655265,0.9575754913073004,0.9609917299528373,0.5515600726459049,0.7587350959046139,0.03143384636033665,0.15329186106791085
UNCERTAINTY_GLOBAL,0.15,DOMAIN_OOD,0.01,0.05,0.5500777604976672,0.010160705028512181,0.6101607050285122,0.06685951469812751,0.006791083462934164,0.9575754913073004,0.9934986123018039,0.16042140467343377,0.62182477967859,0.041315909683151256,0.03610679108346294
UNCERTAINTY_GLOBAL,0.15,DOMAIN_OOD,0.01,0.1,0.5500777604976672,0.010160705028512181,0.6101607050285122,0.06685951469812751,0.006791083462934164,0.9575754913073004,0.9774153983143753,0.31511655258843146,0.691135303265941,0.03774887521766259,0.07213582166925868
UNCERTAINTY_GLOBAL,0.15,DOMAIN_OOD,0.01,0.2,0.5500777604976672,0.010160705028512181,0.6101607050285122,0.06685951469812751,0.006791083462934164,0.9575754913073004,0.9189355834394828,0.5913134681132066,0.8150855365474339,0.02934165831663267,0.14409020217729393
UNCERTAINTY_GLOBAL,0.15,DOMAIN_OOD,0.02,0.05,0.6412130637636081,0.025505443234836705,0.7387247278382582,0.04790986622036825,0.017003628823224468,0.9575754913073004,0.9817825120561452,0.1852507955459853,0.7069466044582685,0.045373404836828814,0.03346293416277864
UNCERTAINTY_GLOBAL,0.15,DOMAIN_OOD,0.02,0.1,0.6412130637636081,0.025505443234836705,0.7387247278382582,0.04790986622036825,0.017003628823224468,0.9575754913073004,0.9572336734703472,0.35999237350182406,0.7691550025920166,0.040697540362354706,0.06677034733022291
UNCERTAINTY_GLOBAL,0.15,DOMAIN_OOD,0.02,0.2,0.6412130637636081,0.025505443234836705,0.7387247278382582,0.04790986622036825,0.017003628823224468,0.9575754913073004,0.8361015490538785,0.6268677996298658,0.8647485743908762,0.03264198711910311,0.1334370139968896
UNCERTAINTY_GLOBAL,0.15,DOMAIN_TEMPLATE_OOD,0.005,0.05,0.43505933117583606,0.003883495145631068,0.47319309600862997,0.07496593845606862,0.0026429341963322547,0.9537666705625873,0.9966116804397315,0.13857001447072442,0.5130528586839266,0.041487668987596385,0.03913160733549083
UNCERTAINTY_GLOBAL,0.15,DOMAIN_TEMPLATE_OOD,0.005,0.1,0.43505933117583606,0.003883495145631068,0.47319309600862997,0.07496593845606862,0.0026429341963322547,0.9537666705625873,0.9896262034646164,0.2747765400113786,0.5897518878101402,0.03907823963124457,0.07815533980582524
UNCERTAINTY_GLOBAL,0.15,DOMAIN_TEMPLATE_OOD,0.005,0.2,0.43505933117583606,0.003883495145631068,0.47319309600862997,0.07496593845606862,0.0026429341963322547,0.9537666705625873,0.9655452042553897,0.5358239620292112,0.7367853290183387,0.03397439865803625,0.15622977346278316
UNCERTAINTY_GLOBAL,0.15,DOMAIN_TEMPLATE_OOD,0.01,0.05,0.5213052858683926,0.009331175836030204,0.5900755124056095,0.0706825078651686,0.00598705501618123,0.9537666705625873,0.9963159980821041,0.15444662024923234,0.5947680690399137,0.045670600703289425,0.03686623516720604
UNCERTAINTY_GLOBAL,0.15,DOMAIN_TEMPLATE_OOD,0.01,0.1,0.5213052858683926,0.009331175836030204,0.5900755124056095,0.0706825078651686,0.00598705501618123,0.9537666705625873,0.9809603719617902,0.3032584666927637,0.6656957928802589,0.04175560923051758,0.07357065803667745
UNCERTAINTY_GLOBAL,0.15,DOMAIN_TEMPLATE_OOD,0.01,0.2,0.5213052858683926,0.009331175836030204,0.5900755124056095,0.0706825078651686,0.00598705501618123,0.9537666705625873,0.9241292630608683,0.5703636709691301,0.793311758360302,0.03178985216132269,0.1470334412081985
UNCERTAINTY_GLOBAL,0.15,DOMAIN_TEMPLATE_OOD,0.02,0.05,0.6183387270765912,0.023840345199568503,0.7196332254584682,0.04964835764959872,0.015911542610571736,0.9537666705625873,0.9803743553330282,0.17683287703716122,0.6851672060409925,0.04735656751800677,0.034061488673139156
UNCERTAINTY_GLOBAL,0.15,DOMAIN_TEMPLATE_OOD,0.02,0.1,0.6183387270765912,0.023840345199568503,0.7196332254584682,0.04964835764959872,0.015911542610571736,0.9537666705625873,0.9614284704112214,0.34606682844192616,0.7492448759439051,0.04278012592875265,0.0680151024811219
UNCERTAINTY_GLOBAL,0.15,DOMAIN_TEMPLATE_OOD,0.02,0.2,0.6183387270765912,0.023840345199568503,0.7196332254584682,0.04964835764959872,0.015911542610571736,0.9537666705625873,0.8353879778523929,0.5991838452038618,0.8457928802588996,0.03469597526125875,0.13586839266450917
UNCERTAINTY_GLOBAL,0.15,IID_BALANCED,0.005,0.05,0.4423440453686201,0.006427221172022685,0.5773156899810964,0.049408779972149236,0.009357277882797731,0.9085148934392325,0.9819831033016726,0.13772841104209574,0.5188090737240076,0.045865725974729675,0.0389413988657845
UNCERTAINTY_GLOBAL,0.15,IID_BALANCED,0.005,0.1,0.4423440453686201,0.006427221172022685,0.5773156899810964,0.049408779972149236,0.009357277882797731,0.9085148934392325,0.9805697728232035,0.27464723576959776,0.5948960302457467,0.04306581353555161,0.0777882797731569
UNCERTAINTY_GLOBAL,0.15,IID_BALANCED,0.005,0.2,0.4423440453686201,0.006427221172022685,0.5773156899810964,0.049408779972149236,0.009357277882797731,0.9085148934392325,0.9287071254790199,0.5187594519820844,0.7310964083175804,0.031180581686344105,0.15534026465028355
UNCERTAINTY_GLOBAL,0.15,IID_BALANCED,0.01,0.05,0.530812854442344,0.010491493383742912,0.6429111531190926,0.03520446804023455,0.015311909262759923,0.9085148934392325,0.9793309857988961,0.15352607283130976,0.6026465028355388,0.03096959911723613,0.03667296786389414
UNCERTAINTY_GLOBAL,0.15,IID_BALANCED,0.01,0.1,0.530812854442344,0.010491493383742912,0.6429111531190926,0.03520446804023455,0.015311909262759923,0.9085148934392325,0.9603411181964514,0.30018586998709795,0.6713610586011343,0.027878970470583273,0.07315689981096409
UNCERTAINTY_GLOBAL,0.15,IID_BALANCED,0.01,0.2,0.530812854442344,0.010491493383742912,0.6429111531190926,0.03520446804023455,0.015311909262759923,0.9085148934392325,0.8512313198396433,0.5304958472078574,0.779773156899811,0.01658783438070346,0.14607750472589792
UNCERTAINTY_GLOBAL,0.15,IID_BALANCED,0.02,0.05,0.6090737240075614,0.021739130434782608,0.7054820415879017,0.021210807036178926,0.024007561436672965,0.9085148934392325,0.9600563084790366,0.16947480899715925,0.6752362948960302,0.01958040641149537,0.03445179584120983
UNCERTAINTY_GLOBAL,0.15,IID_BALANCED,0.02,0.1,0.6090737240075614,0.021739130434782608,0.7054820415879017,0.021210807036178926,0.024007561436672965,0.9085148934392325,0.9186623308650119,0.3231069229637228,0.7351606805293006,0.01959864808593491,0.06862003780718337
UNCERTAINTY_GLOBAL,0.15,IID_BALANCED,0.02,0.2,0.6090737240075614,0.021739130434782608,0.7054820415879017,0.021210807036178926,0.024007561436672965,0.9085148934392325,0.7163273505825579,0.5022474171273167,0.8055765595463138,0.010740260823309627,0.13705103969754254
UNCERTAINTY_GLOBAL,0.15,IID_ORIGINAL,0.005,0.05,0.4423440453686201,0.005218263923733066,0.5773156899810964,0.049408779972149236,0.006924234821876568,0.8721266557440932,0.9806846094890942,0.21582081609324807,0.5620982986767487,0.04572830968632718,0.04234677155031137
UNCERTAINTY_GLOBAL,0.15,IID_ORIGINAL,0.005,0.1,0.4423440453686201,0.005218263923733066,0.5773156899810964,0.049408779972149236,0.006924234821876568,0.8721266557440932,0.9316262455172127,0.408050031163282,0.669281663516068,0.03786607993893946,0.08443133398885612
UNCERTAINTY_GLOBAL,0.15,IID_ORIGINAL,0.005,0.2,0.4423440453686201,0.005218263923733066,0.5773156899810964,0.049408779972149236,0.006924234821876568,0.8721266557440932,0.7173580767308095,0.6256983142856563,0.7919659735349717,0.014399648883639442,0.1687315634218289
UNCERTAINTY_GLOBAL,0.15,IID_ORIGINAL,0.01,0.05,0.530812854442344,0.009131961866532864,0.6429111531190926,0.03520446804023455,0.01234320120421475,0.8721266557440932,0.9505850208019414,0.2382173901558652,0.6423440453686201,0.02899304030765414,0.040675188462799085
UNCERTAINTY_GLOBAL,0.15,IID_ORIGINAL,0.01,0.1,0.530812854442344,0.009131961866532864,0.6429111531190926,0.03520446804023455,0.01234320120421475,0.8721266557440932,0.8650504337924133,0.4321693682847051,0.7333648393194707,0.02433294425572889,0.0811537200917732
UNCERTAINTY_GLOBAL,0.15,IID_ORIGINAL,0.01,0.2,0.530812854442344,0.009131961866532864,0.6429111531190926,0.03520446804023455,0.01234320120421475,0.8721266557440932,0.5891513693855266,0.5869580200928257,0.8065217391304348,0.013791203377671877,0.1621107833497214
UNCERTAINTY_GLOBAL,0.15,IID_ORIGINAL,0.02,0.05,0.6090737240075614,0.019769192172604113,0.7054820415879017,0.021210807036178926,0.021976919217260412,0.8721266557440932,0.9022120573566237,0.25930802252146423,0.7103024574669188,0.01926379154517883,0.0389052769583743
UNCERTAINTY_GLOBAL,0.15,IID_ORIGINAL,0.02,0.1,0.6090737240075614,0.019769192172604113,0.7054820415879017,0.021210807036178926,0.021976919217260412,0.8721266557440932,0.7377379696487922,0.4229439248784139,0.7744801512287335,0.014650791706129221,0.07771222549983611
UNCERTAINTY_GLOBAL,0.15,IID_ORIGINAL,0.02,0.2,0.6090737240075614,0.019769192172604113,0.7054820415879017,0.021210807036178926,0.021976919217260412,0.8721266557440932,0.46488398031783335,0.5322425373250329,0.8173913043478261,0.012159841369203719,0.15529334644378892
UNCERTAINTY_GLOBAL,0.15,TEMPLATE_OOD,0.005,0.05,0.5288056206088994,0.0036885245901639345,0.5877341920374708,0.062124997268050076,0.003951990632318501,0.9625281237845543,0.9920537472864213,0.1552362155293484,0.6017564402810305,0.02889792251986491,0.03676814988290398
UNCERTAINTY_GLOBAL,0.15,TEMPLATE_OOD,0.005,0.1,0.5288056206088994,0.0036885245901639345,0.5877341920374708,0.062124997268050076,0.003951990632318501,0.9625281237845543,0.9846839301125077,0.30786268557241175,0.6734777517564403,0.027595379978498934,0.07346311475409836
UNCERTAINTY_GLOBAL,0.15,TEMPLATE_OOD,0.005,0.2,0.5288056206088994,0.0036885245901639345,0.5877341920374708,0.062124997268050076,0.003951990632318501,0.9625281237845543,0.9499315395571912,0.5935255761947604,0.8077576112412178,0.02450950878695757,0.14682377049180328
UNCERTAINTY_GLOBAL,0.15,TEMPLATE_OOD,0.01,0.05,0.6097775175644028,0.008021077283372365,0.6814988290398126,0.055942206791696,0.0077576112412177985,0.9625281237845543,0.9863170140364705,0.17624202084744606,0.6781030444964872,0.03699433290465365,0.034631147540983606
UNCERTAINTY_GLOBAL,0.15,TEMPLATE_OOD,0.01,0.1,0.6097775175644028,0.008021077283372365,0.6814988290398126,0.055942206791696,0.0077576112412177985,0.9625281237845543,0.9715039437080975,0.3465846371692177,0.7442330210772834,0.033713026906776404,0.06917447306791569
UNCERTAINTY_GLOBAL,0.15,TEMPLATE_OOD,0.01,0.2,0.6097775175644028,0.008021077283372365,0.6814988290398126,0.055942206791696,0.0077576112412177985,0.9625281237845543,0.8902608807579444,0.634249751980448,0.8561768149882903,0.02629597659769849,0.1382757611241218
UNCERTAINTY_GLOBAL,0.15,TEMPLATE_OOD,0.02,0.05,0.6927400468384075,0.01791569086651054,0.784572599531616,0.038901873721225416,0.0172423887587822,0.9625281237845543,0.9681668412983372,0.2056422859847098,0.7553571428571428,0.035151580460963096,0.03231850117096019
UNCERTAINTY_GLOBAL,0.15,TEMPLATE_OOD,0.02,0.1,0.6927400468384075,0.01791569086651054,0.784572599531616,0.038901873721225416,0.0172423887587822,0.9625281237845543,0.9377107487891754,0.39746749086787003,0.8139051522248243,0.03118900628893026,0.06454918032786885
UNCERTAINTY_GLOBAL,0.15,TEMPLATE_OOD,0.02,0.2,0.6927400468384075,0.01791569086651054,0.784572599531616,0.038901873721225416,0.0172423887587822,0.9625281237845543,0.77880942789562,0.6576012642002145,0.8940866510538642,0.02440312121000444,0.12901053864168618
UNCERTAINTY_GLOBAL,0.15,TEMPORAL,0.005,0.05,0.55085,0.0034999999999999996,0.597275,0.0618716693828623,0.0049,0.9614724761480111,0.9866421602470083,0.15950689814125668,0.6222749999999999,0.02806650089024676,0.036199999999999996
UNCERTAINTY_GLOBAL,0.15,TEMPORAL,0.005,0.1,0.55085,0.0034999999999999996,0.597275,0.0618716693828623,0.0049,0.9614724761480111,0.9776442168470316,0.31578013881383427,0.69225,0.02716692228918589,0.072325
UNCERTAINTY_GLOBAL,0.15,TEMPORAL,0.005,0.2,0.55085,0.0034999999999999996,0.597275,0.0618716693828623,0.0049,0.9614724761480111,0.9377675258366583,0.6054453301098615,0.82205,0.023982574692657344,0.1446
UNCERTAINTY_GLOBAL,0.15,TEMPORAL,0.01,0.05,0.62885,0.008,0.690625,0.05145781038870583,0.0094,0.9614724761480111,0.9752683725569258,0.1806873938729139,0.695475,0.03542077427160507,0.03415
UNCERTAINTY_GLOBAL,0.15,TEMPORAL,0.01,0.1,0.62885,0.008,0.690625,0.05145781038870583,0.0094,0.9614724761480111,0.9603883278429548,0.3553165999602725,0.75995,0.03219036260194103,0.06822500000000001
UNCERTAINTY_GLOBAL,0.15,TEMPORAL,0.01,0.2,0.62885,0.008,0.690625,0.05145781038870583,0.0094,0.9614724761480111,0.8701352456425238,0.6428491910001926,0.86635,0.025417131143296967,0.1363625
UNCERTAINTY_GLOBAL,0.15,TEMPORAL,0.02,0.05,0.7095,0.018125,0.79155,0.03645484269003988,0.019325000000000002,0.9614724761480111,0.9566853706298492,0.21217250326149326,0.77055,0.03381707326846077,0.0318875
UNCERTAINTY_GLOBAL,0.15,TEMPORAL,0.02,0.1,0.7095,0.018125,0.79155,0.03645484269003988,0.019325000000000002,0.9614724761480111,0.9168894015567786,0.4055959734435399,0.826375,0.02981522960949093,0.06367500000000001
UNCERTAINTY_GLOBAL,0.15,TEMPORAL,0.02,0.2,0.7095,0.018125,0.79155,0.03645484269003988,0.019325000000000002,0.9614724761480111,0.7518151272197,0.6624840131523324,0.9013,0.022940684383862663,0.1273
UNCERTAINTY_GLOBAL,0.2,DOMAIN_OOD,0.005,0.05,0.4815966822187662,0.0039917055469155,0.5782789009849664,0.08116769799069498,0.004354587869362364,0.9656170496568783,0.9944594775870674,0.14882501737566406,0.557128045619492,0.09236475319430165,0.037973043027475374
UNCERTAINTY_GLOBAL,0.2,DOMAIN_OOD,0.005,0.1,0.4815966822187662,0.0039917055469155,0.5782789009849664,0.08116769799069498,0.004354587869362364,0.9656170496568783,0.9887467979371227,0.2951728974607696,0.631518921721099,0.08690222422579778,0.07579056505961637
UNCERTAINTY_GLOBAL,0.2,DOMAIN_OOD,0.005,0.2,0.4815966822187662,0.0039917055469155,0.5782789009849664,0.08116769799069498,0.004354587869362364,0.9656170496568783,0.9614299731276029,0.5724192988821474,0.7733022291342665,0.07225196325388988,0.15150336962156558
UNCERTAINTY_GLOBAL,0.2,DOMAIN_OOD,0.01,0.05,0.5727838258164852,0.009227579056505963,0.7242094349403836,0.0489872087191995,0.00933125972006221,0.9656170496568783,0.9917257745103454,0.16811442338139854,0.6433903576982892,0.06387353939387215,0.0355883877656817
UNCERTAINTY_GLOBAL,0.2,DOMAIN_OOD,0.01,0.1,0.5727838258164852,0.009227579056505963,0.7242094349403836,0.0489872087191995,0.00933125972006221,0.9656170496568783,0.9777100180134172,0.3301451158738459,0.7117159149818558,0.05881914603129766,0.07099533437013997
UNCERTAINTY_GLOBAL,0.2,DOMAIN_OOD,0.01,0.2,0.5727838258164852,0.009227579056505963,0.7242094349403836,0.0489872087191995,0.00933125972006221,0.9656170496568783,0.9306295419549734,0.6261093844824718,0.837376879212027,0.045127927729542466,0.14188698807672367
UNCERTAINTY_GLOBAL,0.2,DOMAIN_OOD,0.02,0.05,0.6599792638672888,0.021876620010368067,0.8221876620010369,0.04607928689641092,0.0223950233281493,0.9656170496568783,0.9887838883343679,0.1949164958791244,0.7254017625712804,0.04666401001239221,0.03307413167444272
UNCERTAINTY_GLOBAL,0.2,DOMAIN_OOD,0.02,0.1,0.6599792638672888,0.021876620010368067,0.8221876620010369,0.04607928689641092,0.0223950233281493,0.9656170496568783,0.96361800910599,0.3788792585309779,0.7873509590461378,0.04245129193212118,0.06604458268532919
UNCERTAINTY_GLOBAL,0.2,DOMAIN_OOD,0.02,0.2,0.6599792638672888,0.021876620010368067,0.8221876620010369,0.04607928689641092,0.0223950233281493,0.9656170496568783,0.8672603234398668,0.6791502199046427,0.8891653706583723,0.03155293306214664,0.13190772420943495
UNCERTAINTY_GLOBAL,0.2,DOMAIN_TEMPLATE_OOD,0.005,0.05,0.4528586839266451,0.0039913700107874865,0.5577669902912621,0.07882473883117057,0.0036677454153182304,0.9632155750438354,0.9957210175736961,0.1436482974506715,0.5299352750809062,0.09409407056834028,0.03870010787486515
UNCERTAINTY_GLOBAL,0.2,DOMAIN_TEMPLATE_OOD,0.005,0.1,0.4528586839266451,0.0039913700107874865,0.5577669902912621,0.07882473883117057,0.0036677454153182304,0.9632155750438354,0.9917802618426881,0.285430305598388,0.6060949298813376,0.08873069238386443,0.07723840345199569
UNCERTAINTY_GLOBAL,0.2,DOMAIN_TEMPLATE_OOD,0.005,0.2,0.4528586839266451,0.0039913700107874865,0.5577669902912621,0.07882473883117057,0.0036677454153182304,0.9632155750438354,0.9658448409301161,0.55446154999032,0.7514563106796117,0.07410801720536359,0.15439590075512405
UNCERTAINTY_GLOBAL,0.2,DOMAIN_TEMPLATE_OOD,0.01,0.05,0.5462243797195254,0.008414239482200648,0.7045846817691478,0.05126676594822483,0.008468176914778856,0.9632155750438354,0.9930305991525952,0.16117407822488058,0.618284789644013,0.06437389833348767,0.036272923408845734
UNCERTAINTY_GLOBAL,0.2,DOMAIN_TEMPLATE_OOD,0.01,0.1,0.5462243797195254,0.008414239482200648,0.7045846817691478,0.05126676594822483,0.008468176914778856,0.9632155750438354,0.9810145174632083,0.3175717048765739,0.6884573894282633,0.05926532472807445,0.07243797195253507
UNCERTAINTY_GLOBAL,0.2,DOMAIN_TEMPLATE_OOD,0.01,0.2,0.5462243797195254,0.008414239482200648,0.7045846817691478,0.05126676594822483,0.008468176914778856,0.9632155750438354,0.9364024165704914,0.6041522819134254,0.8176375404530745,0.0466297692053228,0.14468716289104638
UNCERTAINTY_GLOBAL,0.2,DOMAIN_TEMPLATE_OOD,0.02,0.05,0.6381337648327939,0.02022653721682848,0.8067961165048544,0.051944980482038855,0.021143473570658038,0.9632155750438354,0.990144448204693,0.18687512950196422,0.7049083063646171,0.04959406059235987,0.0337108953613808
UNCERTAINTY_GLOBAL,0.2,DOMAIN_TEMPLATE_OOD,0.02,0.1,0.6381337648327939,0.02022653721682848,0.8067961165048544,0.051944980482038855,0.021143473570658038,0.9632155750438354,0.9652854332615368,0.3631768954495993,0.7680690399137001,0.045490432566718426,0.06725997842502697
UNCERTAINTY_GLOBAL,0.2,DOMAIN_TEMPLATE_OOD,0.02,0.2,0.6381337648327939,0.02022653721682848,0.8067961165048544,0.051944980482038855,0.021143473570658038,0.9632155750438354,0.8767908059515301,0.6573374744150096,0.8740560949298815,0.035206313752572195,0.13433117583603021
UNCERTAINTY_GLOBAL,0.2,IID_BALANCED,0.005,0.05,0.4430056710775047,0.004914933837429111,0.6398865784499055,0.04956363285439302,0.008317580340264651,0.9242506759929885,0.9826358199986199,0.13936752966552038,0.5196597353497164,0.07912181294240052,0.038988657844990546
UNCERTAINTY_GLOBAL,0.2,IID_BALANCED,0.005,0.1,0.4430056710775047,0.004914933837429111,0.6398865784499055,0.04956363285439302,0.008317580340264651,0.9242506759929885,0.9790242805515794,0.27724525880054635,0.5954631379962192,0.07467118116868822,0.07783553875236296
UNCERTAINTY_GLOBAL,0.2,IID_BALANCED,0.005,0.2,0.4430056710775047,0.004914933837429111,0.6398865784499055,0.04956363285439302,0.008317580340264651,0.9242506759929885,0.9403288287795455,0.5292982721426344,0.7361058601134215,0.0529353074480243,0.15543478260869564
UNCERTAINTY_GLOBAL,0.2,IID_BALANCED,0.01,0.05,0.5265595463137996,0.008034026465028356,0.7164461247637051,0.01844109719806159,0.01332703213610586,0.9242506759929885,0.9794264873340708,0.15399054887693392,0.5988657844990548,0.05229841860520903,0.036909262759924386
UNCERTAINTY_GLOBAL,0.2,IID_BALANCED,0.01,0.1,0.5265595463137996,0.008034026465028356,0.7164461247637051,0.01844109719806159,0.01332703213610586,0.9242506759929885,0.9733545174036282,0.3047300292112777,0.6697542533081285,0.04837825987776409,0.07353497164461248
UNCERTAINTY_GLOBAL,0.2,IID_BALANCED,0.01,0.2,0.5265595463137996,0.008034026465028356,0.7164461247637051,0.01844109719806159,0.01332703213610586,0.9242506759929885,0.8939783330960539,0.5559949831322887,0.7896975425330812,0.026581979715909334,0.14678638941398864
UNCERTAINTY_GLOBAL,0.2,IID_BALANCED,0.02,0.05,0.6166351606805293,0.016162570888468807,0.7614366729678639,0.014582881858240833,0.020415879017013232,0.9242506759929885,0.9750116736454764,0.17513170263824726,0.683648393194707,0.02329760628734231,0.03435727788279773
UNCERTAINTY_GLOBAL,0.2,IID_BALANCED,0.02,0.1,0.6166351606805293,0.016162570888468807,0.7614366729678639,0.014582881858240833,0.020415879017013232,0.9242506759929885,0.9597051179123077,0.3440053680368645,0.7482986767485823,0.020563781206078612,0.06857277882797731
UNCERTAINTY_GLOBAL,0.2,IID_BALANCED,0.02,0.2,0.6166351606805293,0.016162570888468807,0.7614366729678639,0.014582881858240833,0.020415879017013232,0.9242506759929885,0.7481012105537533,0.5342956898396748,0.8216446124763704,0.013337492784982382,0.13686200378071833
UNCERTAINTY_GLOBAL,0.2,IID_ORIGINAL,0.005,0.05,0.4430056710775047,0.004114400401404917,0.6398865784499055,0.04956363285439302,0.006573005519317612,0.8933175206955004,0.9758027516681709,0.21763173418782888,0.5623818525519849,0.07874732001468011,0.04241232382825303
UNCERTAINTY_GLOBAL,0.2,IID_ORIGINAL,0.005,0.1,0.4430056710775047,0.004114400401404917,0.6398865784499055,0.04956363285439302,0.006573005519317612,0.8933175206955004,0.9535184495493301,0.42271072217359695,0.6758979206049149,0.06720079872640723,0.08459521468371026
UNCERTAINTY_GLOBAL,0.2,IID_ORIGINAL,0.005,0.2,0.4430056710775047,0.004114400401404917,0.6398865784499055,0.04956363285439302,0.006573005519317612,0.8933175206955004,0.7470504290853337,0.6526255453019677,0.808695652173913,0.019025024797082114,0.16889544411668306
UNCERTAINTY_GLOBAL,0.2,IID_ORIGINAL,0.01,0.05,0.5265595463137996,0.007626693426994481,0.7164461247637051,0.01844109719806159,0.011239337681886603,0.8933175206955004,0.970195362751844,0.24329727938192974,0.6406427221172023,0.05209036289267369,0.04077351687971157
UNCERTAINTY_GLOBAL,0.2,IID_ORIGINAL,0.01,0.1,0.5265595463137996,0.007626693426994481,0.7164461247637051,0.01844109719806159,0.011239337681886603,0.8933175206955004,0.9149751973107083,0.4555791015325263,0.7414933837429112,0.03803295850358607,0.08135037692559817
UNCERTAINTY_GLOBAL,0.2,IID_ORIGINAL,0.01,0.2,0.5265595463137996,0.007626693426994481,0.7164461247637051,0.01844109719806159,0.011239337681886603,0.8933175206955004,0.632433947465156,0.6255023236689071,0.8239130434782609,0.0160343494210396,0.162569649295313
UNCERTAINTY_GLOBAL,0.2,IID_ORIGINAL,0.02,0.05,0.6166351606805293,0.015704967385850477,0.7614366729678639,0.014582881858240833,0.020672353236327146,0.8933175206955004,0.93892194251502,0.27541854659129744,0.722117202268431,0.02067426555327397,0.03893805309734513
UNCERTAINTY_GLOBAL,0.2,IID_ORIGINAL,0.02,0.1,0.6166351606805293,0.015704967385850477,0.7614366729678639,0.014582881858240833,0.020672353236327146,0.8933175206955004,0.7918250460119173,0.4629006010212189,0.7943289224952741,0.011680183098408084,0.07774500163880696
UNCERTAINTY_GLOBAL,0.2,IID_ORIGINAL,0.02,0.2,0.6166351606805293,0.015704967385850477,0.7614366729678639,0.014582881858240833,0.020672353236327146,0.8933175206955004,0.4834088553630981,0.5646363184405202,0.8333648393194707,0.014944933517128925,0.15532612258275974
UNCERTAINTY_GLOBAL,0.2,TEMPLATE_OOD,0.005,0.05,0.5404566744730679,0.003600702576112412,0.6461651053864169,0.06427169044265756,0.004127634660421546,0.9696720168882186,0.9929670242688028,0.16167080045812585,0.6128805620608899,0.09088154449752704,0.036460772833723655
UNCERTAINTY_GLOBAL,0.2,TEMPLATE_OOD,0.005,0.1,0.5404566744730679,0.003600702576112412,0.6461651053864169,0.06427169044265756,0.004127634660421546,0.9696720168882186,0.9881437491123508,0.3213114114176546,0.6845140515222482,0.08535692155768712,0.07286299765807962
UNCERTAINTY_GLOBAL,0.2,TEMPLATE_OOD,0.005,0.2,0.5404566744730679,0.003600702576112412,0.6461651053864169,0.06427169044265756,0.004127634660421546,0.9696720168882186,0.9514125261981743,0.6159366059833644,0.818208430913349,0.06843859108291547,0.14566744730679157
UNCERTAINTY_GLOBAL,0.2,TEMPLATE_OOD,0.01,0.05,0.6289519906323184,0.006820843091334895,0.7670667447306792,0.03844530019007724,0.008548009367681499,0.9696720168882186,0.9903075649568525,0.18546039590445176,0.6966334894613583,0.05363902540509833,0.034162763466042155
UNCERTAINTY_GLOBAL,0.2,TEMPLATE_OOD,0.01,0.1,0.6289519906323184,0.006820843091334895,0.7670667447306792,0.03844530019007724,0.008548009367681499,0.9696720168882186,0.9742739998544133,0.36417810284889757,0.7620901639344262,0.04922020527756797,0.06828161592505855
UNCERTAINTY_GLOBAL,0.2,TEMPLATE_OOD,0.01,0.2,0.6289519906323184,0.006820843091334895,0.7670667447306792,0.03844530019007724,0.008548009367681499,0.9696720168882186,0.9096841874918793,0.6764005991071189,0.8778395784543326,0.033812299127206874,0.13649004683840749
UNCERTAINTY_GLOBAL,0.2,TEMPLATE_OOD,0.02,0.05,0.7088700234192038,0.014695550351288056,0.8465749414519907,0.037356314095307486,0.018588992974238876,0.9696720168882186,0.9804035822022075,0.21828572952615125,0.7716042154566745,0.03976449691298841,0.03198185011709602
UNCERTAINTY_GLOBAL,0.2,TEMPLATE_OOD,0.02,0.1,0.7088700234192038,0.014695550351288056,0.8465749414519907,0.037356314095307486,0.018588992974238876,0.9696720168882186,0.9537365253422765,0.4237328063048806,0.8308255269320843,0.035890203007841355,0.06389051522248243
UNCERTAINTY_GLOBAL,0.2,TEMPLATE_OOD,0.02,0.2,0.7088700234192038,0.014695550351288056,0.8465749414519907,0.037356314095307486,0.018588992974238876,0.9696720168882186,0.8075546412406684,0.7137863626774645,0.9156030444964871,0.022952699006201213,0.1277224824355972
UNCERTAINTY_GLOBAL,0.2,TEMPORAL,0.005,0.05,0.562525,0.0034000000000000002,0.656425,0.0642614073314787,0.0048000000000000004,0.9699005060882792,0.9897565054559309,0.16676624982343974,0.633625,0.08603279817087849,0.0359125
UNCERTAINTY_GLOBAL,0.2,TEMPORAL,0.005,0.1,0.562525,0.0034000000000000002,0.656425,0.0642614073314787,0.0048000000000000004,0.9699005060882792,0.9831478487822567,0.330789289100007,0.703725,0.08057858913990601,0.071775
UNCERTAINTY_GLOBAL,0.2,TEMPORAL,0.005,0.2,0.562525,0.0034000000000000002,0.656425,0.0642614073314787,0.0048000000000000004,0.9699005060882792,0.9436507320236129,0.6316271889009828,0.8338749999999999,0.06332754907796623,0.14345
UNCERTAINTY_GLOBAL,0.2,TEMPORAL,0.01,0.05,0.6472749999999999,0.0069500000000000004,0.776375,0.036421767377337544,0.009275,0.9699005060882792,0.9845369559547266,0.19138428771052698,0.7136750000000001,0.0504360224552959,0.0337125
UNCERTAINTY_GLOBAL,0.2,TEMPORAL,0.01,0.1,0.6472749999999999,0.0069500000000000004,0.776375,0.036421767377337544,0.009275,0.9699005060882792,0.9688987912468331,0.3757179977384483,0.777875,0.046095349548517385,0.06735
UNCERTAINTY_GLOBAL,0.2,TEMPORAL,0.01,0.2,0.6472749999999999,0.0069500000000000004,0.776375,0.036421767377337544,0.009275,0.9699005060882792,0.8960372185762973,0.6908340100603796,0.8891,0.030484103325431038,0.134625
UNCERTAINTY_GLOBAL,0.2,TEMPORAL,0.02,0.05,0.7235750000000001,0.015,0.8526,0.034667908631598895,0.019275,0.9699005060882792,0.9710596559554476,0.22479035274935627,0.78495,0.03708076770150982,0.031587500000000004
UNCERTAINTY_GLOBAL,0.2,TEMPORAL,0.02,0.1,0.7235750000000001,0.015,0.8526,0.034667908631598895,0.019275,0.9699005060882792,0.9464316615362653,0.43748603687307097,0.8431749999999999,0.03334875684839439,0.0631375
UNCERTAINTY_GLOBAL,0.2,TEMPORAL,0.02,0.2,0.7235750000000001,0.015,0.8526,0.034667908631598895,0.019275,0.9699005060882792,0.7846967466650501,0.7212172523715026,0.9221,0.02038661052968072,0.1262125
UNCERTAINTY_GLOBAL,0.25,DOMAIN_OOD,0.005,0.05,0.59917055469155,0.004199066874027994,0.5972524624157595,0.13769666724595467,0.00352514256091239,0.9706742814934511,0.988685928038336,0.17810599265175747,0.6684292379471228,0.08242384521686104,0.03501814411612234
UNCERTAINTY_GLOBAL,0.25,DOMAIN_OOD,0.005,0.1,0.59917055469155,0.004199066874027994,0.5972524624157595,0.13769666724595467,0.00352514256091239,0.9706742814934511,0.9774175152381067,0.35149031553262655,0.7359253499222395,0.07758142312717534,0.06993260756868844
UNCERTAINTY_GLOBAL,0.25,DOMAIN_OOD,0.005,0.2,0.59917055469155,0.004199066874027994,0.5972524624157595,0.13769666724595467,0.00352514256091239,0.9706742814934511,0.9238248987887996,0.6601137462854767,0.8580611715914982,0.0594269007827517,0.13976153447382061
UNCERTAINTY_GLOBAL,0.25,DOMAIN_OOD,0.01,0.05,0.6884396060134785,0.01010886469673406,0.7559357179885952,0.10594407478611362,0.008709175738724729,0.9706742814934511,0.9832872029990428,0.20993099868597995,0.7526697770865733,0.04825543205226399,0.03265940902021773
UNCERTAINTY_GLOBAL,0.25,DOMAIN_OOD,0.01,0.1,0.6884396060134785,0.01010886469673406,0.7559357179885952,0.10594407478611362,0.008709175738724729,0.9706742814934511,0.9651803899966753,0.4110695901571435,0.814307931570762,0.04518529196227659,0.06518921721099015
UNCERTAINTY_GLOBAL,0.25,DOMAIN_OOD,0.01,0.2,0.6884396060134785,0.01010886469673406,0.7559357179885952,0.10594407478611362,0.008709175738724729,0.9706742814934511,0.8516874917649322,0.7191252871562341,0.9108864696734059,0.026732783471248293,0.13024883359253497
UNCERTAINTY_GLOBAL,0.25,DOMAIN_OOD,0.02,0.05,0.7679108346293416,0.022032141005702437,0.8681700362882323,0.03965102023659915,0.026749611197511663,0.9706742814934511,0.9700606545602304,0.25989959221311026,0.8268532918610679,0.03861863097627543,0.0303784344219803
UNCERTAINTY_GLOBAL,0.25,DOMAIN_OOD,0.02,0.1,0.7679108346293416,0.022032141005702437,0.8681700362882323,0.03965102023659915,0.026749611197511663,0.9706742814934511,0.9202501648507845,0.49073462626369624,0.8795749092794194,0.03485364465811332,0.06062726801451529
UNCERTAINTY_GLOBAL,0.25,DOMAIN_OOD,0.02,0.2,0.7679108346293416,0.022032141005702437,0.8681700362882323,0.03965102023659915,0.026749611197511663,0.9706742814934511,0.7016883614772179,0.7351695019522622,0.9387247278382581,0.010824027340212632,0.12115085536547435
UNCERTAINTY_GLOBAL,0.25,DOMAIN_TEMPLATE_OOD,0.005,0.05,0.574487594390507,0.004099244875943905,0.5754584681769147,0.13260699375155635,0.002912621359223301,0.9689381876553513,0.9907909630130576,0.1714876206683162,0.6452535059331176,0.0883272189282294,0.03570658036677454
UNCERTAINTY_GLOBAL,0.25,DOMAIN_TEMPLATE_OOD,0.005,0.1,0.574487594390507,0.004099244875943905,0.5754584681769147,0.13260699375155635,0.002912621359223301,0.9689381876553513,0.981877289781834,0.33870912976891315,0.7143473570658037,0.08313996409939614,0.07119741100323625
UNCERTAINTY_GLOBAL,0.25,DOMAIN_TEMPLATE_OOD,0.005,0.2,0.574487594390507,0.004099244875943905,0.5754584681769147,0.13260699375155635,0.002912621359223301,0.9689381876553513,0.9337690264963008,0.6401438759162713,0.8408306364617044,0.06476109201353011,0.14225997842502697
UNCERTAINTY_GLOBAL,0.25,DOMAIN_TEMPLATE_OOD,0.01,0.05,0.6701725997842503,0.009277238403451996,0.7375404530744337,0.10898897298764026,0.007659115426105717,0.9689381876553513,0.9860672458821174,0.20211974342201372,0.7355447680690399,0.05347642492666057,0.0331445523193096
UNCERTAINTY_GLOBAL,0.25,DOMAIN_TEMPLATE_OOD,0.01,0.1,0.6701725997842503,0.009277238403451996,0.7375404530744337,0.10898897298764026,0.007659115426105717,0.9689381876553513,0.9696265417870528,0.39631329787496317,0.7984358144552319,0.05025937832041187,0.06612729234088457
UNCERTAINTY_GLOBAL,0.25,DOMAIN_TEMPLATE_OOD,0.01,0.2,0.6701725997842503,0.009277238403451996,0.7375404530744337,0.10898897298764026,0.007659115426105717,0.9689381876553513,0.8584905675072821,0.6952708169994914,0.8977346278317153,0.030384434527642574,0.13214670981661275
UNCERTAINTY_GLOBAL,0.25,DOMAIN_TEMPLATE_OOD,0.02,0.05,0.7569039913700107,0.020604099244875947,0.8547464940668824,0.04496083955004129,0.02459546925566343,0.9689381876553513,0.9726568172680237,0.2515774364232279,0.8166666666666667,0.04102748523209186,0.030717367853290184
UNCERTAINTY_GLOBAL,0.25,DOMAIN_TEMPLATE_OOD,0.02,0.1,0.7569039913700107,0.020604099244875947,0.8547464940668824,0.04496083955004129,0.02459546925566343,0.9689381876553513,0.9239395517556197,0.4752642436621226,0.8702265372168284,0.036856982484743304,0.061272923408845735
UNCERTAINTY_GLOBAL,0.25,DOMAIN_TEMPLATE_OOD,0.02,0.2,0.7569039913700107,0.020604099244875947,0.8547464940668824,0.04496083955004129,0.02459546925566343,0.9689381876553513,0.7033726762916792,0.7105706750977041,0.9298813376483279,0.012582832223605012,0.12235706580366774
UNCERTAINTY_GLOBAL,0.25,IID_BALANCED,0.005,0.05,0.5224952741020794,0.005954631379962193,0.6361058601134216,0.05962377814038776,0.007939508506616257,0.9226198627984349,0.9807052941049884,0.15274486732272327,0.5949905482041589,0.04935943414351949,0.03695652173913044
UNCERTAINTY_GLOBAL,0.25,IID_BALANCED,0.005,0.1,0.5224952741020794,0.005954631379962193,0.6361058601134216,0.05962377814038776,0.007939508506616257,0.9226198627984349,0.9741129686617024,0.3025833147469569,0.6661625708884688,0.045907584191588885,0.07372400756143668
UNCERTAINTY_GLOBAL,0.25,IID_BALANCED,0.005,0.2,0.5224952741020794,0.005954631379962193,0.6361058601134216,0.05962377814038776,0.007939508506616257,0.9226198627984349,0.8988166032128188,0.55657379793179,0.7878071833648393,0.029979564110818428,0.14735349716446125
UNCERTAINTY_GLOBAL,0.25,IID_BALANCED,0.01,0.05,0.5968809073724007,0.009262759924385633,0.7184310018903591,0.03876247940452619,0.012381852551984877,0.9226198627984349,0.9701542422018269,0.16890432303250982,0.6649338374291116,0.016287406459436462,0.03506616257088847
UNCERTAINTY_GLOBAL,0.25,IID_BALANCED,0.01,0.1,0.5968809073724007,0.009262759924385633,0.7184310018903591,0.03876247940452619,0.012381852551984877,0.9226198627984349,0.959888211274456,0.33314796453499385,0.7310964083175804,0.01448761586694191,0.06989603024574668
UNCERTAINTY_GLOBAL,0.25,IID_BALANCED,0.01,0.2,0.5968809073724007,0.009262759924385633,0.7184310018903591,0.03876247940452619,0.012381852551984877,0.9226198627984349,0.7859018721659701,0.543660446017639,0.8164461247637051,0.0050957949890751775,0.13955576559546315
UNCERTAINTY_GLOBAL,0.25,IID_BALANCED,0.02,0.05,0.6620982986767486,0.020699432892249528,0.7732514177693762,0.013288282279323119,0.022684310018903593,0.9226198627984349,0.9682804070801622,0.18973110780861213,0.7261814744801512,0.01357355987312759,0.0330812854442344
UNCERTAINTY_GLOBAL,0.25,IID_BALANCED,0.02,0.1,0.6620982986767486,0.020699432892249528,0.7732514177693762,0.013288282279323119,0.022684310018903593,0.9226198627984349,0.9266223184471549,0.36230913174934365,0.7844990548204158,0.011139048222850475,0.06602079395085066
UNCERTAINTY_GLOBAL,0.25,IID_BALANCED,0.02,0.2,0.6620982986767486,0.020699432892249528,0.7732514177693762,0.013288282279323119,0.022684310018903593,0.9226198627984349,0.635516936816951,0.4952855626829257,0.8298676748582231,0.006859338707333721,0.13185255198487714
UNCERTAINTY_GLOBAL,0.25,IID_ORIGINAL,0.005,0.05,0.5224952741020794,0.004766683391871551,0.6361058601134216,0.05962377814038776,0.005920722528850978,0.8919977254631295,0.97105987790612,0.2416619794571769,0.6370510396975425,0.04925223101228963,0.04090462143559489
UNCERTAINTY_GLOBAL,0.25,IID_ORIGINAL,0.005,0.1,0.5224952741020794,0.004766683391871551,0.6361058601134216,0.05962377814038776,0.005920722528850978,0.8919977254631295,0.9299169331159168,0.4609188979734923,0.7415879017013232,0.04033799883282105,0.08164536217633564
UNCERTAINTY_GLOBAL,0.25,IID_ORIGINAL,0.005,0.2,0.5224952741020794,0.004766683391871551,0.6361058601134216,0.05962377814038776,0.005920722528850978,0.8919977254631295,0.6333436888009236,0.6229719216483398,0.8214555765595464,0.008540970095442135,0.16322517207472959
UNCERTAINTY_GLOBAL,0.25,IID_ORIGINAL,0.01,0.05,0.5968809073724007,0.007977922729553437,0.7184310018903591,0.03876247940452619,0.010787757150025088,0.8919977254631295,0.9533366435586563,0.2699377193123664,0.7056710775047259,0.014725130810076282,0.039560799737790885
UNCERTAINTY_GLOBAL,0.25,IID_ORIGINAL,0.01,0.1,0.5968809073724007,0.007977922729553437,0.7184310018903591,0.03876247940452619,0.010787757150025088,0.8919977254631295,0.8368064764786343,0.472118797651348,0.7874291115311909,0.006213153011889742,0.0789249426417568
UNCERTAINTY_GLOBAL,0.25,IID_ORIGINAL,0.01,0.2,0.5968809073724007,0.007977922729553437,0.7184310018903591,0.03876247940452619,0.010787757150025088,0.8919977254631295,0.5123012913651752,0.5770633535306864,0.8300567107750473,0.008762969661596688,0.1577187807276303
UNCERTAINTY_GLOBAL,0.25,IID_ORIGINAL,0.02,0.05,0.6620982986767486,0.018916206723532364,0.7732514177693762,0.013288282279323119,0.022679377822378326,0.8919977254631295,0.9067629874762749,0.29464863481207065,0.7616257088846881,0.012811745688585932,0.03805309734513274
UNCERTAINTY_GLOBAL,0.25,IID_ORIGINAL,0.02,0.1,0.6620982986767486,0.018916206723532364,0.7732514177693762,0.013288282279323119,0.022679377822378326,0.8919977254631295,0.6747456298964433,0.4369658324057107,0.8100189035916824,0.0049011812180542,0.07597509013438217
UNCERTAINTY_GLOBAL,0.25,IID_ORIGINAL,0.02,0.2,0.6620982986767486,0.018916206723532364,0.7732514177693762,0.013288282279323119,0.022679377822378326,0.8919977254631295,0.400339388078096,0.5172742823112457,0.8374291115311909,0.008922370673286887,0.15175352343493936
UNCERTAINTY_GLOBAL,0.25,TEMPLATE_OOD,0.005,0.05,0.6545081967213114,0.003951990632318501,0.6615046838407495,0.1134668922421616,0.003454332552693208,0.9726711744626536,0.9819280057905309,0.19726309305766757,0.7204918032786886,0.07221261358739071,0.03359192037470726
UNCERTAINTY_GLOBAL,0.25,TEMPLATE_OOD,0.005,0.1,0.6545081967213114,0.003951990632318501,0.6615046838407495,0.1134668922421616,0.003454332552693208,0.9726711744626536,0.9741526628623056,0.39097361769340955,0.7853629976580796,0.0678979951732818,0.06713992974238876
UNCERTAINTY_GLOBAL,0.25,TEMPLATE_OOD,0.005,0.2,0.6545081967213114,0.003951990632318501,0.6615046838407495,0.1134668922421616,0.003454332552693208,0.9726711744626536,0.8853683232376554,0.7019226597314918,0.893179156908665,0.04334386325980261,0.13420667447306792
UNCERTAINTY_GLOBAL,0.25,TEMPLATE_OOD,0.01,0.05,0.7334309133489462,0.007699063231850117,0.7927107728337236,0.08638057793510719,0.00781615925058548,0.9726711744626536,0.9743330494352647,0.2344493276158345,0.7948770491803279,0.03973916634090388,0.031528103044496485
UNCERTAINTY_GLOBAL,0.25,TEMPLATE_OOD,0.01,0.1,0.7334309133489462,0.007699063231850117,0.7927107728337236,0.08638057793510719,0.00781615925058548,0.9726711744626536,0.9546626775157568,0.45878007052701325,0.8537470725995316,0.037159207938144784,0.06299765807962529
UNCERTAINTY_GLOBAL,0.25,TEMPLATE_OOD,0.01,0.2,0.7334309133489462,0.007699063231850117,0.7927107728337236,0.08638057793510719,0.00781615925058548,0.9726711744626536,0.7804126542951944,0.7403248363818804,0.930708430913349,0.013014445360025466,0.12593676814988292
UNCERTAINTY_GLOBAL,0.25,TEMPLATE_OOD,0.02,0.05,0.7998536299765808,0.015749414519906323,0.8815573770491802,0.03297777226591937,0.020257611241217797,0.9726711744626536,0.9559109906612344,0.28941720483746375,0.8567037470725996,0.030441289760968677,0.02972775175644028
UNCERTAINTY_GLOBAL,0.25,TEMPLATE_OOD,0.02,0.1,0.7998536299765808,0.015749414519906323,0.8815573770491802,0.03297777226591937,0.020257611241217797,0.9726711744626536,0.8783205165932912,0.5274855595354294,0.9041861826697893,0.02455492081210096,0.05930913348946136
UNCERTAINTY_GLOBAL,0.25,TEMPLATE_OOD,0.02,0.2,0.7998536299765808,0.015749414519906323,0.8815573770491802,0.03297777226591937,0.020257611241217797,0.9726711744626536,0.6081254689340708,0.7195085777740181,0.9446135831381733,0.005727872110178886,0.11851580796252928
UNCERTAINTY_GLOBAL,0.25,TEMPORAL,0.005,0.05,0.671275,0.003725,0.672375,0.11286719395919356,0.004175,0.9724332647336873,0.9746927455578696,0.20342380416535027,0.7359500000000001,0.06898880746581691,0.033174999999999996
UNCERTAINTY_GLOBAL,0.25,TEMPORAL,0.005,0.1,0.671275,0.003725,0.672375,0.11286719395919356,0.004175,0.9724332647336873,0.9660760275267218,0.4025173436344717,0.799425,0.06457521992047549,0.0663
UNCERTAINTY_GLOBAL,0.25,TEMPORAL,0.005,0.2,0.671275,0.003725,0.672375,0.11286719395919356,0.004175,0.9724332647336873,0.8655141133964662,0.7111631990299633,0.9018499999999999,0.03839003053455994,0.1325625
UNCERTAINTY_GLOBAL,0.25,TEMPORAL,0.01,0.05,0.7457,0.007725,0.800825,0.08260549231807235,0.008725,0.9724332647336873,0.965478141872909,0.24118182112590789,0.8059749999999999,0.037893940075484966,0.031212499999999997
UNCERTAINTY_GLOBAL,0.25,TEMPORAL,0.01,0.1,0.7457,0.007725,0.800825,0.08260549231807235,0.008725,0.9724332647336873,0.9445728607294779,0.47103994994828663,0.863575,0.03506265225754225,0.062375
UNCERTAINTY_GLOBAL,0.25,TEMPORAL,0.01,0.2,0.7457,0.007725,0.800825,0.08260549231807235,0.008725,0.9724332647336873,0.7568044885157692,0.7445607201939025,0.935125,0.011076282218225413,0.12468749999999999
UNCERTAINTY_GLOBAL,0.25,TEMPORAL,0.02,0.05,0.8088749999999999,0.015825,0.8859,0.030043764374288684,0.02175,0.9724332647336873,0.9454837543615955,0.2968582770490845,0.864575,0.028557459134562785,0.029449999999999997
UNCERTAINTY_GLOBAL,0.25,TEMPORAL,0.02,0.1,0.8088749999999999,0.015825,0.8859,0.030043764374288684,0.02175,0.9724332647336873,0.8622853874931536,0.5370082464611079,0.9104749999999999,0.021973611067217284,0.058824999999999995
UNCERTAINTY_GLOBAL,0.25,TEMPORAL,0.02,0.2,0.8088749999999999,0.015825,0.8859,0.030043764374288684,0.02175,0.9724332647336873,0.5859428466556051,0.7201995849939895,0.9471999999999999,0.005330467980289256,0.11757500000000001
UNCERTAINTY_POST_CASCADE,0.1,DOMAIN_OOD,0.005,0.05,0.35909797822706063,0.0066355624675997925,0.28325557283566616,0.10341137773216712,0.004458268532918611,0.9250676962426274,0.9726798388205324,0.12490448387449607,0.43893208916537063,0.04511667777671223,0.04103162260238465
UNCERTAINTY_POST_CASCADE,0.1,DOMAIN_OOD,0.005,0.1,0.35909797822706063,0.0066355624675997925,0.28325557283566616,0.10341137773216712,0.004458268532918611,0.9250676962426274,0.9555272243887416,0.2447898649658647,0.5155520995334371,0.04269848542210529,0.08185588387765683
UNCERTAINTY_POST_CASCADE,0.1,DOMAIN_OOD,0.005,0.2,0.35909797822706063,0.0066355624675997925,0.28325557283566616,0.10341137773216712,0.004458268532918611,0.9250676962426274,0.9125326984505084,0.4669747567617383,0.6575427682737169,0.039984846650155156,0.16350440642820113
UNCERTAINTY_POST_CASCADE,0.1,DOMAIN_OOD,0.01,0.05,0.4520476931052359,0.01503369621565578,0.3819077242094349,0.09008261038709581,0.009072058061171593,0.9250676962426274,0.9575636607920618,0.1348115993526635,0.5256609642301711,0.04913024447870109,0.038413685847589425
UNCERTAINTY_POST_CASCADE,0.1,DOMAIN_OOD,0.01,0.1,0.4520476931052359,0.01503369621565578,0.3819077242094349,0.09008261038709581,0.009072058061171593,0.9250676962426274,0.9317823399268812,0.26204345041902466,0.5951788491446346,0.0452154492182032,0.07674961119751167
UNCERTAINTY_POST_CASCADE,0.1,DOMAIN_OOD,0.01,0.2,0.4520476931052359,0.01503369621565578,0.3819077242094349,0.09008261038709581,0.009072058061171593,0.9250676962426274,0.8798888055281852,0.4944670543296269,0.7221358216692587,0.040617450401047785,0.15336962156557804
UNCERTAINTY_POST_CASCADE,0.1,DOMAIN_OOD,0.02,0.05,0.5484707102125453,0.030793157076205287,0.5387765681700363,0.08286062587000695,0.02177293934681182,0.9250676962426274,0.9374106843029232,0.14866703788995467,0.6153965785381026,0.039876602504560696,0.035666148263348886
UNCERTAINTY_POST_CASCADE,0.1,DOMAIN_OOD,0.02,0.1,0.5484707102125453,0.030793157076205287,0.5387765681700363,0.08286062587000695,0.02177293934681182,0.9250676962426274,0.9043705890800962,0.28622278929415873,0.6771902540176258,0.038322166362769874,0.07112493519958527
UNCERTAINTY_POST_CASCADE,0.1,DOMAIN_OOD,0.02,0.2,0.5484707102125453,0.030793157076205287,0.5387765681700363,0.08286062587000695,0.02177293934681182,0.9250676962426274,0.8255387977440474,0.5217271419617455,0.7834110938310006,0.03287837922318896,0.1421461897356143
UNCERTAINTY_POST_CASCADE,0.1,DOMAIN_TEMPLATE_OOD,0.005,0.05,0.33176914778856526,0.006526429341963323,0.2738942826321467,0.09840023559077314,0.00447680690399137,0.9176004083354398,0.9733971455772966,0.12174906513552712,0.412891046386192,0.046603974067937044,0.04166666666666667
UNCERTAINTY_POST_CASCADE,0.1,DOMAIN_TEMPLATE_OOD,0.005,0.1,0.33176914778856526,0.006526429341963323,0.2738942826321467,0.09840023559077314,0.00447680690399137,0.9176004083354398,0.9596975968571062,0.2397205531053818,0.49153182308522114,0.04381753884588856,0.08322545846817692
UNCERTAINTY_POST_CASCADE,0.1,DOMAIN_TEMPLATE_OOD,0.005,0.2,0.33176914778856526,0.006526429341963323,0.2738942826321467,0.09840023559077314,0.00447680690399137,0.9176004083354398,0.9131428586385374,0.4558291644223814,0.6355447680690399,0.041198572404742666,0.1663160733549083
UNCERTAINTY_POST_CASCADE,0.1,DOMAIN_TEMPLATE_OOD,0.01,0.05,0.4253505933117584,0.01483279395900755,0.3644552319309601,0.08776807943407015,0.008845738942826321,0.9176004083354398,0.957335375358339,0.130913292245634,0.5003236245954692,0.051720095072024595,0.03913160733549083
UNCERTAINTY_POST_CASCADE,0.1,DOMAIN_TEMPLATE_OOD,0.01,0.1,0.4253505933117584,0.01483279395900755,0.3644552319309601,0.08776807943407015,0.008845738942826321,0.9176004083354398,0.934047980533822,0.2549591396804634,0.5714131607335491,0.047563723170408245,0.07812837108953614
UNCERTAINTY_POST_CASCADE,0.1,DOMAIN_TEMPLATE_OOD,0.01,0.2,0.4253505933117584,0.01483279395900755,0.3644552319309601,0.08776807943407015,0.008845738942826321,0.9176004083354398,0.8794400051437974,0.4795975596000919,0.7001078748651565,0.04288016466925736,0.15609492988133766
UNCERTAINTY_POST_CASCADE,0.1,DOMAIN_TEMPLATE_OOD,0.02,0.05,0.521413160733549,0.03074433656957929,0.5133225458468177,0.08762248026105454,0.021413160733549083,0.9176004083354398,0.9434450784577588,0.1438160505908788,0.5900215749730313,0.04393055894287785,0.03632686084142395
UNCERTAINTY_POST_CASCADE,0.1,DOMAIN_TEMPLATE_OOD,0.02,0.1,0.521413160733549,0.03074433656957929,0.5133225458468177,0.08762248026105454,0.021413160733549083,0.9176004083354398,0.9071364118749325,0.27620219903966703,0.6530744336569579,0.04164863998423905,0.07251887810140237
UNCERTAINTY_POST_CASCADE,0.1,DOMAIN_TEMPLATE_OOD,0.02,0.2,0.521413160733549,0.03074433656957929,0.5133225458468177,0.08762248026105454,0.021413160733549083,0.9176004083354398,0.8259660185633818,0.5019231916276715,0.7610571736785329,0.0353270739757357,0.14487594390507014
UNCERTAINTY_POST_CASCADE,0.1,IID_BALANCED,0.005,0.05,0.3940453686200378,0.008506616257088848,0.4433837429111532,0.07180939297986573,0.010586011342155009,0.8957591648427204,0.9893944779001445,0.13156209099394275,0.47362948960302453,0.03217145343397642,0.04021739130434783
UNCERTAINTY_POST_CASCADE,0.1,IID_BALANCED,0.005,0.1,0.3940453686200378,0.008506616257088848,0.4433837429111532,0.07180939297986573,0.010586011342155009,0.8957591648427204,0.9567695118187816,0.25348240075133244,0.5474480151228733,0.02922356421653754,0.08015122873345935
UNCERTAINTY_POST_CASCADE,0.1,IID_BALANCED,0.005,0.2,0.3940453686200378,0.008506616257088848,0.4433837429111532,0.07180939297986573,0.010586011342155009,0.8957591648427204,0.8750984156808771,0.46242473286493313,0.6741965973534971,0.021782692899199707,0.15997164461247637
UNCERTAINTY_POST_CASCADE,0.1,IID_BALANCED,0.01,0.05,0.4611531190926276,0.013516068052930059,0.5158790170132326,0.05590124442137154,0.01843100189035917,0.8957591648427204,0.9814905264431882,0.14021746204412391,0.536578449905482,0.02866196374895858,0.03842155009451796
UNCERTAINTY_POST_CASCADE,0.1,IID_BALANCED,0.01,0.1,0.4611531190926276,0.013516068052930059,0.5158790170132326,0.05590124442137154,0.01843100189035917,0.8957591648427204,0.9209450067131216,0.26155394985841723,0.6020793950850661,0.022962655523993184,0.07646502835538752
UNCERTAINTY_POST_CASCADE,0.1,IID_BALANCED,0.01,0.2,0.4611531190926276,0.013516068052930059,0.5158790170132326,0.05590124442137154,0.01843100189035917,0.8957591648427204,0.8239589535359153,0.4669762104828525,0.7130434782608696,0.015923463266070918,0.1526937618147448
UNCERTAINTY_POST_CASCADE,0.1,IID_BALANCED,0.02,0.05,0.5362948960302457,0.023156899810964082,0.597069943289225,0.04067336174050491,0.0331758034026465,0.8957591648427204,0.9384285297443192,0.14687511339803921,0.6043478260869566,0.023054116506223413,0.0362476370510397
UNCERTAINTY_POST_CASCADE,0.1,IID_BALANCED,0.02,0.1,0.5362948960302457,0.023156899810964082,0.597069943289225,0.04067336174050491,0.0331758034026465,0.8957591648427204,0.8575050490335132,0.267389273500375,0.6603024574669187,0.019144650779709574,0.07225897920604915
UNCERTAINTY_POST_CASCADE,0.1,IID_BALANCED,0.02,0.2,0.5362948960302457,0.023156899810964082,0.597069943289225,0.04067336174050491,0.0331758034026465,0.8957591648427204,0.7519355043501964,0.46749276861362443,0.7534971644612476,0.014883369160939361,0.144234404536862
UNCERTAINTY_POST_CASCADE,0.1,IID_ORIGINAL,0.005,0.05,0.3940453686200378,0.007225288509784244,0.4433837429111532,0.07180939297986573,0.007777220270948319,0.8489525588065451,0.9564395526491707,0.19650295401744253,0.5129489603024575,0.03083420539761871,0.04310062274664045
UNCERTAINTY_POST_CASCADE,0.1,IID_ORIGINAL,0.005,0.1,0.3940453686200378,0.007225288509784244,0.4433837429111532,0.07180939297986573,0.007777220270948319,0.8489525588065451,0.8592389928205147,0.3518808507999971,0.6073724007561437,0.021084073336255116,0.08603736479842675
UNCERTAINTY_POST_CASCADE,0.1,IID_ORIGINAL,0.005,0.2,0.3940453686200378,0.007225288509784244,0.4433837429111532,0.07180939297986573,0.007777220270948319,0.8489525588065451,0.6980829953176599,0.5706625665833188,0.740359168241966,0.0198565212263332,0.17187807276302852
UNCERTAINTY_POST_CASCADE,0.1,IID_ORIGINAL,0.01,0.05,0.4611531190926276,0.01244355243351731,0.5158790170132326,0.05590124442137154,0.014801806322127447,0.8489525588065451,0.917324102346945,0.2052960984567279,0.5716446124763706,0.027287894609367105,0.041756801048836445
UNCERTAINTY_POST_CASCADE,0.1,IID_ORIGINAL,0.01,0.1,0.4611531190926276,0.01244355243351731,0.5158790170132326,0.05590124442137154,0.014801806322127447,0.8489525588065451,0.7954661708686838,0.3549330433223303,0.6525519848771266,0.01931499398781822,0.08338249754178959
UNCERTAINTY_POST_CASCADE,0.1,IID_ORIGINAL,0.01,0.2,0.4611531190926276,0.01244355243351731,0.5158790170132326,0.05590124442137154,0.014801806322127447,0.8489525588065451,0.6283197319427506,0.5590785441924789,0.7632325141776938,0.018442442821559185,0.16653556211078335
UNCERTAINTY_POST_CASCADE,0.1,IID_ORIGINAL,0.02,0.05,0.5362948960302457,0.022378324134470648,0.597069943289225,0.04067336174050491,0.029101856497742096,0.8489525588065451,0.8343815036775268,0.20813139763079352,0.6328922495274102,0.019636091642605484,0.040117994100294985
UNCERTAINTY_POST_CASCADE,0.1,IID_ORIGINAL,0.02,0.1,0.5362948960302457,0.022378324134470648,0.597069943289225,0.04067336174050491,0.029101856497742096,0.8489525588065451,0.7062003083951721,0.35171793860432665,0.6996219281663516,0.02016284654180918,0.08013765978367748
UNCERTAINTY_POST_CASCADE,0.1,IID_ORIGINAL,0.02,0.2,0.5362948960302457,0.022378324134470648,0.597069943289225,0.04067336174050491,0.029101856497742096,0.8489525588065451,0.5422570237740483,0.5387591111661063,0.7868620037807184,0.01729245305615953,0.16004588659455915
UNCERTAINTY_POST_CASCADE,0.1,TEMPLATE_OOD,0.005,0.05,0.4415690866510539,0.00585480093676815,0.42137002341920377,0.09537658616091976,0.004391100702576112,0.9427684015800171,0.9831915224033718,0.1375059924750132,0.5180620608899298,0.04550767243828919,0.038890515222482436
UNCERTAINTY_POST_CASCADE,0.1,TEMPLATE_OOD,0.005,0.1,0.4415690866510539,0.00585480093676815,0.42137002341920377,0.09537658616091976,0.004391100702576112,0.9427684015800171,0.9667896834761203,0.27001710736599094,0.5918618266978923,0.04161437026557122,0.07769320843091335
UNCERTAINTY_POST_CASCADE,0.1,TEMPLATE_OOD,0.005,0.2,0.4415690866510539,0.00585480093676815,0.42137002341920377,0.09537658616091976,0.004391100702576112,0.9427684015800171,0.9146577440353709,0.5107605694732265,0.7258196721311475,0.03754718730806521,0.15532786885245903
UNCERTAINTY_POST_CASCADE,0.1,TEMPLATE_OOD,0.01,0.05,0.52903981264637,0.012207259953161593,0.5055327868852458,0.07564527805344363,0.008430913348946136,0.9427684015800171,0.9663231753284164,0.15077137070795263,0.5996779859484778,0.04685695418971098,0.03653395784543325
UNCERTAINTY_POST_CASCADE,0.1,TEMPLATE_OOD,0.01,0.1,0.52903981264637,0.012207259953161593,0.5055327868852458,0.07564527805344363,0.008430913348946136,0.9427684015800171,0.9397571306667498,0.2928469463585722,0.666364168618267,0.04257666677541599,0.07300936768149882
UNCERTAINTY_POST_CASCADE,0.1,TEMPLATE_OOD,0.01,0.2,0.52903981264637,0.012207259953161593,0.5055327868852458,0.07564527805344363,0.008430913348946136,0.9427684015800171,0.8696148727956432,0.5414158054715237,0.7830503512880562,0.036863671310801524,0.14591627634660423
UNCERTAINTY_POST_CASCADE,0.1,TEMPLATE_OOD,0.02,0.05,0.6186475409836065,0.02379976580796253,0.6283665105386417,0.06780824682980933,0.020784543325526934,0.9427684015800171,0.9431198417501843,0.16917611562811474,0.6828747072599531,0.03902079513075028,0.03401639344262295
UNCERTAINTY_POST_CASCADE,0.1,TEMPLATE_OOD,0.02,0.1,0.6186475409836065,0.02379976580796253,0.6283665105386417,0.06780824682980933,0.020784543325526934,0.9427684015800171,0.8970454946620203,0.3217291087599488,0.7406615925058547,0.037014467955973525,0.06795960187353631
UNCERTAINTY_POST_CASCADE,0.1,TEMPLATE_OOD,0.02,0.2,0.6186475409836065,0.02379976580796253,0.6283665105386417,0.06780824682980933,0.020784543325526934,0.9427684015800171,0.7901174813760868,0.5651976355280981,0.8336651053864168,0.02833445415724525,0.13583138173302106
UNCERTAINTY_POST_CASCADE,0.1,TEMPORAL,0.005,0.05,0.4572,0.0052499999999999995,0.426675,0.09683556007193043,0.004725,0.943735364068765,0.9775401849151233,0.139169902580991,0.5325,0.0423762905408201,0.0385
UNCERTAINTY_POST_CASCADE,0.1,TEMPORAL,0.005,0.1,0.4572,0.0052499999999999995,0.426675,0.09683556007193043,0.004725,0.943735364068765,0.9613874708841379,0.27343357596222495,0.605175,0.038992351457974715,0.076925
UNCERTAINTY_POST_CASCADE,0.1,TEMPORAL,0.005,0.2,0.4572,0.0052499999999999995,0.426675,0.09683556007193043,0.004725,0.943735364068765,0.9064117106228663,0.5154637875703425,0.736125,0.034759341270449225,0.1538
UNCERTAINTY_POST_CASCADE,0.1,TEMPORAL,0.01,0.05,0.544925,0.01105,0.516775,0.074229322784942,0.00975,0.943735364068765,0.9578939118640795,0.15297508387664693,0.6142000000000001,0.0420318662181181,0.03615
UNCERTAINTY_POST_CASCADE,0.1,TEMPORAL,0.01,0.1,0.544925,0.01105,0.516775,0.074229322784942,0.00975,0.943735364068765,0.9316380193763371,0.2971931844769775,0.67965,0.038134666351992356,0.0722625
UNCERTAINTY_POST_CASCADE,0.1,TEMPORAL,0.01,0.2,0.544925,0.01105,0.516775,0.074229322784942,0.00975,0.943735364068765,0.8594620941086906,0.5480266203893194,0.7933749999999999,0.034019040828466816,0.14445000000000002
UNCERTAINTY_POST_CASCADE,0.1,TEMPORAL,0.02,0.05,0.6347,0.02165,0.6413,0.06193038206100637,0.0229,0.943735364068765,0.9301684317093736,0.17224951906046743,0.6973499999999999,0.03538090351211134,0.03365
UNCERTAINTY_POST_CASCADE,0.1,TEMPORAL,0.02,0.1,0.6347,0.02165,0.6413,0.06193038206100637,0.0229,0.943735364068765,0.8825165223614455,0.32687582461981424,0.753425,0.03435417045684234,0.0672375
UNCERTAINTY_POST_CASCADE,0.1,TEMPORAL,0.02,0.2,0.6347,0.02165,0.6413,0.06193038206100637,0.0229,0.943735364068765,0.7761707945440838,0.5735303867884075,0.8436,0.026864422983236064,0.13440000000000002
UNCERTAINTY_POST_CASCADE,0.15,DOMAIN_OOD,0.005,0.05,0.460082944530845,0.005702436495593572,0.45422498703991704,0.12599198698634706,0.003110419906687403,0.9574298819868303,0.9930790343735183,0.14347697434903295,0.536547433903577,0.08674718784517825,0.03849144634525661
UNCERTAINTY_POST_CASCADE,0.15,DOMAIN_OOD,0.005,0.1,0.460082944530845,0.005702436495593572,0.45422498703991704,0.12599198698634706,0.003110419906687403,0.9574298819868303,0.982348547889891,0.2831270142746902,0.6110938310005184,0.0811079133680109,0.07682737169517885
UNCERTAINTY_POST_CASCADE,0.15,DOMAIN_OOD,0.005,0.2,0.460082944530845,0.005702436495593572,0.45422498703991704,0.12599198698634706,0.003110419906687403,0.9574298819868303,0.9518854238286816,0.5475086418731712,0.7527216174183515,0.06739154514621663,0.15352514256091238
UNCERTAINTY_POST_CASCADE,0.15,DOMAIN_OOD,0.01,0.05,0.547952306894764,0.010471747019180922,0.614307931570762,0.07855288154596114,0.007983411093831001,0.9574298819868303,0.9832240067295851,0.1583807217991887,0.6191290824261275,0.04395677700608168,0.03618455158113012
UNCERTAINTY_POST_CASCADE,0.15,DOMAIN_OOD,0.01,0.1,0.547952306894764,0.010471747019180922,0.614307931570762,0.07855288154596114,0.007983411093831001,0.9574298819868303,0.9667113922524532,0.3104044993673048,0.6876101607050285,0.039510057463429005,0.07218766200103681
UNCERTAINTY_POST_CASCADE,0.15,DOMAIN_OOD,0.01,0.2,0.547952306894764,0.010471747019180922,0.614307931570762,0.07855288154596114,0.007983411093831001,0.9574298819868303,0.916404018437223,0.5866583890547857,0.8127527216174183,0.025643125188077102,0.14424572317262832
UNCERTAINTY_POST_CASCADE,0.15,DOMAIN_OOD,0.02,0.05,0.6471228615863142,0.027475375842405392,0.7566096423017108,0.06776723149916936,0.01933644375324002,0.9574298819868303,0.9763218728257161,0.18481268209142726,0.7120269569725246,0.030263636029476133,0.033229652669777086
UNCERTAINTY_POST_CASCADE,0.15,DOMAIN_OOD,0.02,0.1,0.6471228615863142,0.027475375842405392,0.7566096423017108,0.06776723149916936,0.01933644375324002,0.9574298819868303,0.9457800990032954,0.3571616299725121,0.7727838258164852,0.025944404311363613,0.06638154484188699
UNCERTAINTY_POST_CASCADE,0.15,DOMAIN_OOD,0.02,0.2,0.6471228615863142,0.027475375842405392,0.7566096423017108,0.06776723149916936,0.01933644375324002,0.9574298819868303,0.8334075194444729,0.6281585449597793,0.868481078278901,0.022801955511230727,0.13263348885432866
UNCERTAINTY_POST_CASCADE,0.15,DOMAIN_TEMPLATE_OOD,0.005,0.05,0.43025889967637543,0.005393743257820928,0.43559870550161806,0.1215871978092972,0.002696871628910464,0.9539503095789463,0.9936466330162042,0.13857135062874698,0.508252427184466,0.08918164793313225,0.03923948220064725
UNCERTAINTY_POST_CASCADE,0.15,DOMAIN_TEMPLATE_OOD,0.005,0.1,0.43025889967637543,0.005393743257820928,0.43559870550161806,0.1215871978092972,0.002696871628910464,0.9539503095789463,0.9837624494040889,0.2737967618695105,0.5844660194174758,0.08349224971524545,0.07834412081984897
UNCERTAINTY_POST_CASCADE,0.15,DOMAIN_TEMPLATE_OOD,0.005,0.2,0.43025889967637543,0.005393743257820928,0.43559870550161806,0.1215871978092972,0.002696871628910464,0.9539503095789463,0.954886495159816,0.5302921779317746,0.7295577130528587,0.06934647045540153,0.1565264293419633
UNCERTAINTY_POST_CASCADE,0.15,DOMAIN_TEMPLATE_OOD,0.01,0.05,0.520873786407767,0.009762675296655879,0.5911003236245954,0.07880423183778405,0.007173678532901834,0.9539503095789463,0.9851673630847297,0.15280125399255906,0.5936353829557712,0.0469570365142009,0.03692017259978425
UNCERTAINTY_POST_CASCADE,0.15,DOMAIN_TEMPLATE_OOD,0.01,0.1,0.520873786407767,0.009762675296655879,0.5911003236245954,0.07880423183778405,0.007173678532901834,0.9539503095789463,0.9693577006335093,0.2994525989541403,0.6636461704422869,0.04234475888312658,0.07359762675296656
UNCERTAINTY_POST_CASCADE,0.15,DOMAIN_TEMPLATE_OOD,0.01,0.2,0.520873786407767,0.009762675296655879,0.5911003236245954,0.07880423183778405,0.007173678532901834,0.9539503095789463,0.9176139047978978,0.5650759214075263,0.7912081984897519,0.028154960932421418,0.1470604099244876
UNCERTAINTY_POST_CASCADE,0.15,DOMAIN_TEMPLATE_OOD,0.02,0.05,0.6254584681769149,0.025674217907227615,0.7354908306364617,0.07253607682309798,0.018176914778856527,0.9539503095789463,0.9773946926863625,0.17770563729679714,0.6916936353829557,0.032498216993182796,0.033872707659115424
UNCERTAINTY_POST_CASCADE,0.15,DOMAIN_TEMPLATE_OOD,0.02,0.1,0.6254584681769149,0.025674217907227615,0.7354908306364617,0.07253607682309798,0.018176914778856527,0.9539503095789463,0.9473428687103164,0.34317786446797394,0.75361380798274,0.027771580391112417,0.06758360302049622
UNCERTAINTY_POST_CASCADE,0.15,DOMAIN_TEMPLATE_OOD,0.02,0.2,0.6254584681769149,0.025674217907227615,0.7354908306364617,0.07253607682309798,0.018176914778856527,0.9539503095789463,0.835645454079911,0.6038599938026282,0.8513484358144552,0.02470310858505691,0.13497842502696872
UNCERTAINTY_POST_CASCADE,0.15,IID_BALANCED,0.005,0.05,0.4549149338374291,0.006616257088846882,0.5528355387523629,0.0766139169711881,0.008979206049149337,0.9150503531379544,0.9950741888295918,0.14243379251082927,0.5318525519848771,0.07325673632879252,0.03865784499054821
UNCERTAINTY_POST_CASCADE,0.15,IID_BALANCED,0.005,0.1,0.4549149338374291,0.006616257088846882,0.5528355387523629,0.0766139169711881,0.008979206049149337,0.9150503531379544,0.9745593936751744,0.2782302209066311,0.6052930056710775,0.06853287085125116,0.07712665406427222
UNCERTAINTY_POST_CASCADE,0.15,IID_BALANCED,0.005,0.2,0.4549149338374291,0.006616257088846882,0.5528355387523629,0.0766139169711881,0.008979206049149337,0.9150503531379544,0.9116230576012837,0.5188318970368513,0.7362948960302458,0.05271394956431022,0.15406427221172023
UNCERTAINTY_POST_CASCADE,0.15,IID_BALANCED,0.01,0.05,0.5311909262759924,0.010775047258979206,0.6323251417769377,0.04667779580979539,0.014272211720226843,0.9150503531379544,0.9921898277161436,0.15521665847707009,0.603875236294896,0.021674882000460804,0.036625708884688093
UNCERTAINTY_POST_CASCADE,0.15,IID_BALANCED,0.01,0.1,0.5311909262759924,0.010775047258979206,0.6323251417769377,0.04667779580979539,0.014272211720226843,0.9150503531379544,0.9570619095386897,0.2989679087989683,0.6712665406427221,0.018918288762640234,0.07315689981096409
UNCERTAINTY_POST_CASCADE,0.15,IID_BALANCED,0.01,0.2,0.5311909262759924,0.010775047258979206,0.6323251417769377,0.04667779580979539,0.014272211720226843,0.9150503531379544,0.8532275405292825,0.5315996846297913,0.7804347826086957,0.012937034662823099,0.14598298676748583
UNCERTAINTY_POST_CASCADE,0.15,IID_BALANCED,0.02,0.05,0.6141776937618147,0.023062381852551987,0.7063327032136105,0.03389215364509354,0.02646502835538752,0.9150503531379544,0.9738167310663934,0.17342208190655758,0.6809073724007562,0.02197844585845673,0.034262759924385634
UNCERTAINTY_POST_CASCADE,0.15,IID_BALANCED,0.02,0.1,0.6141776937618147,0.023062381852551987,0.7063327032136105,0.03389215364509354,0.02646502835538752,0.9150503531379544,0.9201660960451596,0.32627288666028875,0.7398865784499055,0.01897591709151662,0.06828922495274102
UNCERTAINTY_POST_CASCADE,0.15,IID_BALANCED,0.02,0.2,0.6141776937618147,0.023062381852551987,0.7063327032136105,0.03389215364509354,0.02646502835538752,0.9150503531379544,0.711572431125115,0.5027235313999284,0.808506616257089,0.012309127104801306,0.13638941398865784
UNCERTAINTY_POST_CASCADE,0.15,IID_ORIGINAL,0.005,0.05,0.4549149338374291,0.006021073758153537,0.5528355387523629,0.0766139169711881,0.006573005519317612,0.8794478152560188,0.9780113384865354,0.2200994879754207,0.5736294896030245,0.07272827809372137,0.042084562438544734
UNCERTAINTY_POST_CASCADE,0.15,IID_ORIGINAL,0.005,0.1,0.4549149338374291,0.006021073758153537,0.5528355387523629,0.0766139169711881,0.006573005519317612,0.8794478152560188,0.9225640786912381,0.41335815344534865,0.6785444234404536,0.06300953051349653,0.0839724680432645
UNCERTAINTY_POST_CASCADE,0.15,IID_ORIGINAL,0.005,0.2,0.4549149338374291,0.006021073758153537,0.5528355387523629,0.0766139169711881,0.006573005519317612,0.8794478152560188,0.6942844244237392,0.6166695636782331,0.7920604914933838,0.026755984556474065,0.16774827925270402
UNCERTAINTY_POST_CASCADE,0.15,IID_ORIGINAL,0.01,0.05,0.5311909262759924,0.010035122930255897,0.6323251417769377,0.04667779580979539,0.011741093828399397,0.8794478152560188,0.9537337039377798,0.23869852090673574,0.6430056710775047,0.0207320401222091,0.04064241232382825
UNCERTAINTY_POST_CASCADE,0.15,IID_ORIGINAL,0.01,0.1,0.5311909262759924,0.010035122930255897,0.6323251417769377,0.04667779580979539,0.011741093828399397,0.8794478152560188,0.866580787778827,0.43233579537086986,0.7339319470699432,0.015098239230630438,0.08108816781383153
UNCERTAINTY_POST_CASCADE,0.15,IID_ORIGINAL,0.01,0.2,0.5311909262759924,0.010035122930255897,0.6323251417769377,0.04667779580979539,0.011741093828399397,0.8794478152560188,0.59674438356692,0.5946903858266145,0.8101134215500945,0.018029849401566374,0.1620124549328089
UNCERTAINTY_POST_CASCADE,0.15,IID_ORIGINAL,0.02,0.05,0.6141776937618147,0.02132463622679378,0.7063327032136105,0.03389215364509354,0.024636226793778224,0.8794478152560188,0.8933952157217548,0.25961211865916206,0.7140831758034026,0.02239031818475381,0.03877417240249099
UNCERTAINTY_POST_CASCADE,0.15,IID_ORIGINAL,0.02,0.1,0.6141776937618147,0.02132463622679378,0.7063327032136105,0.03389215364509354,0.024636226793778224,0.8794478152560188,0.735475620033013,0.42584622739435607,0.7785444234404537,0.014710630431561665,0.07745001638806949
UNCERTAINTY_POST_CASCADE,0.15,IID_ORIGINAL,0.02,0.2,0.6141776937618147,0.02132463622679378,0.7063327032136105,0.03389215364509354,0.024636226793778224,0.8794478152560188,0.46711475741591946,0.5394141338083098,0.8228733459357278,0.01773985669601548,0.15476892822025565
UNCERTAINTY_POST_CASCADE,0.15,TEMPLATE_OOD,0.005,0.05,0.5230971896955504,0.0047716627634660416,0.5574941451990633,0.09834150573157843,0.0037177985948477752,0.96297450389352,0.9886711209275804,0.15541303004788504,0.5960187353629977,0.08448885508717667,0.03687060889929743
UNCERTAINTY_POST_CASCADE,0.15,TEMPLATE_OOD,0.005,0.1,0.5230971896955504,0.0047716627634660416,0.5574941451990633,0.09834150573157843,0.0037177985948477752,0.96297450389352,0.9778872947648092,0.306918790340312,0.6672131147540984,0.07908723917089107,0.07365339578454332
UNCERTAINTY_POST_CASCADE,0.15,TEMPLATE_OOD,0.005,0.2,0.5230971896955504,0.0047716627634660416,0.5574941451990633,0.09834150573157843,0.0037177985948477752,0.96297450389352,0.9393911481571926,0.5881392409088768,0.8002049180327869,0.06393736458339677,0.14724824355971897
UNCERTAINTY_POST_CASCADE,0.15,TEMPLATE_OOD,0.01,0.05,0.6080210772833723,0.008108899297423889,0.6845433255269321,0.05980790523502589,0.008430913348946136,0.96297450389352,0.9786035472112289,0.17416827443927105,0.675907494145199,0.037568800244120716,0.03467505854800937
UNCERTAINTY_POST_CASCADE,0.15,TEMPLATE_OOD,0.01,0.1,0.6080210772833723,0.008108899297423889,0.6845433255269321,0.05980790523502589,0.008430913348946136,0.96297450389352,0.9601302341191309,0.3410103022854526,0.7410714285714286,0.03365258736141242,0.0692476580796253
UNCERTAINTY_POST_CASCADE,0.15,TEMPLATE_OOD,0.01,0.2,0.6080210772833723,0.008108899297423889,0.6845433255269321,0.05980790523502589,0.008430913348946136,0.96297450389352,0.8889635399051313,0.629582217379832,0.8545374707259953,0.02125518085069181,0.1384367681498829
UNCERTAINTY_POST_CASCADE,0.15,TEMPLATE_OOD,0.02,0.05,0.6987997658079625,0.019086651053864166,0.7972189695550351,0.05251002688448088,0.01955503512880562,0.96297450389352,0.9615608103632465,0.20618368085734953,0.7605679156908665,0.02604361076736165,0.0321135831381733
UNCERTAINTY_POST_CASCADE,0.15,TEMPLATE_OOD,0.02,0.1,0.6987997658079625,0.019086651053864166,0.7972189695550351,0.05251002688448088,0.01955503512880562,0.96297450389352,0.9237610935928832,0.39500089751465906,0.8174473067915692,0.021321713490737488,0.06416861826697892
UNCERTAINTY_POST_CASCADE,0.15,TEMPLATE_OOD,0.02,0.2,0.6987997658079625,0.019086651053864166,0.7972189695550351,0.05251002688448088,0.01955503512880562,0.96297450389352,0.7763748064135754,0.6622059054080266,0.8983021077283372,0.0191023691324273,0.12827868852459018
UNCERTAINTY_POST_CASCADE,0.15,TEMPORAL,0.005,0.05,0.5439,0.0045249999999999995,0.565625,0.10144458325717652,0.00455,0.9626262776283554,0.9870477220594784,0.15993485077028144,0.6156750000000001,0.0798426447249004,0.03635
UNCERTAINTY_POST_CASCADE,0.15,TEMPORAL,0.005,0.1,0.5439,0.0045249999999999995,0.565625,0.10144458325717652,0.00455,0.9626262776283554,0.970469554638919,0.31394307518231523,0.68495,0.07428116629850849,0.072625
UNCERTAINTY_POST_CASCADE,0.15,TEMPORAL,0.005,0.2,0.5439,0.0045249999999999995,0.565625,0.10144458325717652,0.00455,0.9626262776283554,0.9268237428554962,0.5979371922585478,0.8135749999999999,0.05881704802936723,0.1452
UNCERTAINTY_POST_CASCADE,0.15,TEMPORAL,0.01,0.05,0.6266,0.007875,0.6934750000000001,0.05828193569003845,0.0098,0.9626262776283554,0.9692261095054509,0.17854376470477146,0.692925,0.03515087520642661,0.0342
UNCERTAINTY_POST_CASCADE,0.15,TEMPORAL,0.01,0.1,0.6266,0.007875,0.6934750000000001,0.05828193569003845,0.0098,0.9626262776283554,0.9503302382206439,0.3495751192720698,0.756575,0.031270781978638716,0.06833750000000001
UNCERTAINTY_POST_CASCADE,0.15,TEMPORAL,0.01,0.2,0.6266,0.007875,0.6934750000000001,0.05828193569003845,0.0098,0.9626262776283554,0.8732649090869435,0.640306466637315,0.865575,0.019384648135401715,0.1366
UNCERTAINTY_POST_CASCADE,0.15,TEMPORAL,0.02,0.05,0.7143499999999999,0.019225,0.804125,0.048504331135362434,0.0217,0.9626262776283554,0.9493579171069909,0.21185629495126732,0.77455,0.024086303161755654,0.0317
UNCERTAINTY_POST_CASCADE,0.15,TEMPORAL,0.02,0.1,0.7143499999999999,0.019225,0.804125,0.048504331135362434,0.0217,0.9626262776283554,0.9078293593565061,0.4039657538965257,0.829525,0.018759238464761255,0.063375
UNCERTAINTY_POST_CASCADE,0.15,TEMPORAL,0.02,0.2,0.7143499999999999,0.019225,0.804125,0.048504331135362434,0.0217,0.9626262776283554,0.7515594494163003,0.667210664820378,0.9051,0.017785449733482225,0.12669999999999998
UNCERTAINTY_POST_CASCADE,0.2,DOMAIN_OOD,0.005,0.05,0.49046137895282527,0.00414722654224987,0.5345775012960083,0.13269185281040685,0.0034214618973561427,0.9656621256936205,0.9885734905329897,0.1489215338746473,0.5652151373768792,0.08024041263169807,0.037791601866251946
UNCERTAINTY_POST_CASCADE,0.2,DOMAIN_OOD,0.005,0.1,0.49046137895282527,0.00414722654224987,0.5345775012960083,0.13269185281040685,0.0034214618973561427,0.9656621256936205,0.9832758743604952,0.2957664963961477,0.6388284085018144,0.07606195526763909,0.07542768273716952
UNCERTAINTY_POST_CASCADE,0.2,DOMAIN_OOD,0.005,0.2,0.49046137895282527,0.00414722654224987,0.5345775012960083,0.13269185281040685,0.0034214618973561427,0.9656621256936205,0.9632022758529744,0.5783648525549366,0.7808709175738725,0.06612484438258798,0.1506739243131156
UNCERTAINTY_POST_CASCADE,0.2,DOMAIN_OOD,0.01,0.05,0.5949714878175221,0.01010886469673406,0.7057024364955936,0.09565506633933817,0.00829445308449974,0.9656621256936205,0.9806425248748614,0.17156464590954362,0.6636080870917574,0.05451290184953534,0.034992223950233284
UNCERTAINTY_POST_CASCADE,0.2,DOMAIN_OOD,0.01,0.1,0.5949714878175221,0.01010886469673406,0.7057024364955936,0.09565506633933817,0.00829445308449974,0.9656621256936205,0.9742980258351709,0.3403005571604399,0.7311041990668741,0.0515915058255081,0.06985484707102126
UNCERTAINTY_POST_CASCADE,0.2,DOMAIN_OOD,0.01,0.2,0.5949714878175221,0.01010886469673406,0.7057024364955936,0.09565506633933817,0.00829445308449974,0.9656621256936205,0.9243071842053553,0.6440413955492952,0.8531881804043546,0.04293041685254588,0.1395800933125972
UNCERTAINTY_POST_CASCADE,0.2,DOMAIN_OOD,0.02,0.05,0.7046656298600311,0.02514256091238984,0.8268014515292897,0.05848261900847125,0.023691031622602384,0.9656621256936205,0.9731823451461837,0.21390350989468104,0.7667703473302229,0.04696659673926915,0.03190772420943494
UNCERTAINTY_POST_CASCADE,0.2,DOMAIN_OOD,0.02,0.1,0.7046656298600311,0.02514256091238984,0.8268014515292897,0.05848261900847125,0.023691031622602384,0.9656621256936205,0.9552244308007731,0.41881362082054696,0.8262312078797305,0.044762357920702926,0.06363400725764645
UNCERTAINTY_POST_CASCADE,0.2,DOMAIN_OOD,0.02,0.2,0.7046656298600311,0.02514256091238984,0.8268014515292897,0.05848261900847125,0.023691031622602384,0.9656621256936205,0.8111962295988124,0.7067302998611836,0.9113011923276308,0.033120567587114735,0.1271384136858476
UNCERTAINTY_POST_CASCADE,0.2,DOMAIN_TEMPLATE_OOD,0.005,0.05,0.46256742179072274,0.0039913700107874865,0.5136461704422869,0.12994731659399175,0.002912621359223301,0.9635043923366926,0.9911947683128041,0.1438828668920278,0.5388349514563107,0.08166451084687551,0.03845738942826321
UNCERTAINTY_POST_CASCADE,0.2,DOMAIN_TEMPLATE_OOD,0.005,0.1,0.46256742179072274,0.0039913700107874865,0.5136461704422869,0.12994731659399175,0.002912621359223301,0.9635043923366926,0.9856983977187033,0.2857401297925622,0.6139697950377563,0.07726433409844871,0.0767799352750809
UNCERTAINTY_POST_CASCADE,0.2,DOMAIN_TEMPLATE_OOD,0.005,0.2,0.46256742179072274,0.0039913700107874865,0.5136461704422869,0.12994731659399175,0.002912621359223301,0.9635043923366926,0.9672260620013582,0.5600165601115007,0.7594929881337649,0.06742751983329781,0.1534250269687163
UNCERTAINTY_POST_CASCADE,0.2,DOMAIN_TEMPLATE_OOD,0.01,0.05,0.5710355987055016,0.009654800431499461,0.6855447680690399,0.09967291182956385,0.007659115426105717,0.9635043923366926,0.9870088293725854,0.16561564401108247,0.6412621359223302,0.05668277008199824,0.03557173678532902
UNCERTAINTY_POST_CASCADE,0.2,DOMAIN_TEMPLATE_OOD,0.01,0.1,0.5710355987055016,0.009654800431499461,0.6855447680690399,0.09967291182956385,0.007659115426105717,0.9635043923366926,0.9759614174080683,0.32706323215950206,0.7097087378640776,0.053544535687601945,0.0710355987055016
UNCERTAINTY_POST_CASCADE,0.2,DOMAIN_TEMPLATE_OOD,0.01,0.2,0.5710355987055016,0.009654800431499461,0.6855447680690399,0.09967291182956385,0.007659115426105717,0.9635043923366926,0.9316078457976678,0.6234630721635963,0.835814455231931,0.04530829950733033,0.14201725997842501
UNCERTAINTY_POST_CASCADE,0.2,DOMAIN_TEMPLATE_OOD,0.02,0.05,0.6885652642934196,0.0238403451995685,0.8117583603020495,0.06684277320125294,0.02233009708737864,0.9635043923366926,0.9790903387518858,0.20675508626063782,0.7518878101402373,0.04982526594948225,0.03233549083063646
UNCERTAINTY_POST_CASCADE,0.2,DOMAIN_TEMPLATE_OOD,0.02,0.1,0.6885652642934196,0.0238403451995685,0.8117583603020495,0.06684277320125294,0.02233009708737864,0.9635043923366926,0.9544680909782475,0.402106039040034,0.8116504854368932,0.04779463909632287,0.06448220064724919
UNCERTAINTY_POST_CASCADE,0.2,DOMAIN_TEMPLATE_OOD,0.02,0.2,0.6885652642934196,0.0238403451995685,0.8117583603020495,0.06684277320125294,0.02233009708737864,0.9635043923366926,0.8223013717126243,0.689039200000901,0.900755124056095,0.03736289381760458,0.12882955771305288
UNCERTAINTY_POST_CASCADE,0.2,IID_BALANCED,0.005,0.05,0.4623818525519849,0.0048204158790170135,0.6120037807183365,0.05343818346840888,0.006899810964083176,0.925657772553549,0.9839873515502257,0.14260734906104927,0.5382797731568998,0.0718588625753303,0.03856332703213611
UNCERTAINTY_POST_CASCADE,0.2,IID_BALANCED,0.005,0.1,0.4623818525519849,0.0048204158790170135,0.6120037807183365,0.05343818346840888,0.006899810964083176,0.925657772553549,0.9826589638144367,0.28380316108392883,0.6134215500945179,0.06791714381569128,0.07684310018903592
UNCERTAINTY_POST_CASCADE,0.2,IID_BALANCED,0.005,0.2,0.4623818525519849,0.0048204158790170135,0.6120037807183365,0.05343818346840888,0.006899810964083176,0.925657772553549,0.9430347687350429,0.5428025286289014,0.7521739130434782,0.052984039444551545,0.15344990548204157
UNCERTAINTY_POST_CASCADE,0.2,IID_BALANCED,0.01,0.05,0.5531190926275993,0.009357277882797731,0.6944234404536862,0.02784334283405424,0.012287334593572778,0.925657772553549,0.981606561410692,0.1604190451580681,0.6241965973534972,0.054280343115930094,0.03620037807183365
UNCERTAINTY_POST_CASCADE,0.2,IID_BALANCED,0.01,0.1,0.5531190926275993,0.009357277882797731,0.6944234404536862,0.02784334283405424,0.012287334593572778,0.925657772553549,0.967437079957044,0.3149490668973879,0.6928166351606805,0.049950652004048954,0.07216446124763706
UNCERTAINTY_POST_CASCADE,0.2,IID_BALANCED,0.01,0.2,0.5531190926275993,0.009357277882797731,0.6944234404536862,0.02784334283405424,0.012287334593572778,0.925657772553549,0.8535915211298176,0.552162323195585,0.7996219281663516,0.029373313221944947,0.14399810964083176
UNCERTAINTY_POST_CASCADE,0.2,IID_BALANCED,0.02,0.05,0.632703213610586,0.01899810964083176,0.7553875236294896,0.013468947257164902,0.022684310018903593,0.925657772553549,0.972038873035908,0.1803741425588602,0.6987712665406427,0.025888835168532704,0.03397920604914934
UNCERTAINTY_POST_CASCADE,0.2,IID_BALANCED,0.02,0.1,0.632703213610586,0.01899810964083176,0.7553875236294896,0.013468947257164902,0.022684310018903593,0.925657772553549,0.9473576165582938,0.3500507817930484,0.7609640831758033,0.02349024293947176,0.06767485822306238
UNCERTAINTY_POST_CASCADE,0.2,IID_BALANCED,0.02,0.2,0.632703213610586,0.01899810964083176,0.7553875236294896,0.013468947257164902,0.022684310018903593,0.925657772553549,0.7086598209989203,0.520950840325266,0.8244801512287335,0.01157646721618868,0.13506616257088846
UNCERTAINTY_POST_CASCADE,0.2,IID_ORIGINAL,0.005,0.05,0.4623818525519849,0.003963873557451079,0.6120037807183365,0.05343818346840888,0.004766683391871551,0.8947370617584183,0.9842585839889552,0.22452321571242417,0.5816635160680529,0.07141817077477099,0.04201901016060308
UNCERTAINTY_POST_CASCADE,0.2,IID_ORIGINAL,0.005,0.1,0.4623818525519849,0.003963873557451079,0.6120037807183365,0.05343818346840888,0.004766683391871551,0.8947370617584183,0.9516972189864695,0.43251840533937436,0.6926275992438564,0.0633541434252693,0.08384136348738118
UNCERTAINTY_POST_CASCADE,0.2,IID_ORIGINAL,0.005,0.2,0.4623818525519849,0.003963873557451079,0.6120037807183365,0.05343818346840888,0.004766683391871551,0.8947370617584183,0.7174072456585325,0.6455242778110479,0.8102079395085067,0.021603092063760532,0.16751884627990823
UNCERTAINTY_POST_CASCADE,0.2,IID_ORIGINAL,0.01,0.05,0.5531190926275993,0.008178625188158557,0.6944234404536862,0.02784334283405424,0.010085298544907176,0.8947370617584183,0.9678324346442524,0.2534229860247506,0.665406427221172,0.052727129228662954,0.04021632251720747
UNCERTAINTY_POST_CASCADE,0.2,IID_ORIGINAL,0.01,0.1,0.5531190926275993,0.008178625188158557,0.6944234404536862,0.02784334283405424,0.010085298544907176,0.8947370617584183,0.8833124183737657,0.4605708284797577,0.7581285444234405,0.04034599555708461,0.08036709275647329
UNCERTAINTY_POST_CASCADE,0.2,IID_ORIGINAL,0.01,0.2,0.5531190926275993,0.008178625188158557,0.6944234404536862,0.02784334283405424,0.010085298544907176,0.8947370617584183,0.5860949882601504,0.606221659263739,0.8256143667296787,0.011824192819656692,0.1606358570960341
UNCERTAINTY_POST_CASCADE,0.2,IID_ORIGINAL,0.02,0.05,0.632703213610586,0.017059708981435023,0.7553875236294896,0.013468947257164902,0.02207727044656297,0.8947370617584183,0.9326609339529834,0.2836765503456431,0.7366729678638941,0.024090029976671444,0.03864306784660767
UNCERTAINTY_POST_CASCADE,0.2,IID_ORIGINAL,0.02,0.1,0.632703213610586,0.017059708981435023,0.7553875236294896,0.013468947257164902,0.02207727044656297,0.8947370617584183,0.7497647752127643,0.4539844750651465,0.7995274102079395,0.015572054762431623,0.07708947885939037
UNCERTAINTY_POST_CASCADE,0.2,IID_ORIGINAL,0.02,0.2,0.632703213610586,0.017059708981435023,0.7553875236294896,0.013468947257164902,0.02207727044656297,0.8947370617584183,0.4588377228584508,0.5536115163298612,0.8367674858223062,0.011956096255462461,0.15398230088495574
UNCERTAINTY_POST_CASCADE,0.2,TEMPLATE_OOD,0.005,0.05,0.5523419203747073,0.003483606557377049,0.615983606557377,0.10458973670234631,0.0032201405152224825,0.9704281278600927,0.9904470500324795,0.1628887277983238,0.6240632318501171,0.07261550465164439,0.03619730679156909
UNCERTAINTY_POST_CASCADE,0.2,TEMPLATE_OOD,0.005,0.1,0.5523419203747073,0.003483606557377049,0.615983606557377,0.10458973670234631,0.0032201405152224825,0.9704281278600927,0.9834119493483456,0.3230128291486924,0.6945257611241218,0.06863437994377074,0.07227751756440282
UNCERTAINTY_POST_CASCADE,0.2,TEMPLATE_OOD,0.005,0.2,0.5523419203747073,0.003483606557377049,0.615983606557377,0.10458973670234631,0.0032201405152224825,0.9704281278600927,0.9570812424141172,0.6275624803148059,0.8290983606557377,0.058398977639906834,0.14448185011709602
UNCERTAINTY_POST_CASCADE,0.2,TEMPLATE_OOD,0.01,0.05,0.6492974238875878,0.007201405152224824,0.7516100702576113,0.07783170082729798,0.007699063231850117,0.9704281278600927,0.9811007190081484,0.19068957844707854,0.7153395784543325,0.04747068684133882,0.03365046838407494
UNCERTAINTY_POST_CASCADE,0.2,TEMPLATE_OOD,0.01,0.1,0.6492974238875878,0.007201405152224824,0.7516100702576113,0.07783170082729798,0.007699063231850117,0.9704281278600927,0.9700081949902337,0.376777206264535,0.779771662763466,0.04478020169991708,0.0672423887587822
UNCERTAINTY_POST_CASCADE,0.2,TEMPLATE_OOD,0.01,0.2,0.6492974238875878,0.007201405152224824,0.7516100702576113,0.07783170082729798,0.007699063231850117,0.9704281278600927,0.8991470185802136,0.6957770766594873,0.8913348946135832,0.03291609840201087,0.1344115925058548
UNCERTAINTY_POST_CASCADE,0.2,TEMPLATE_OOD,0.02,0.05,0.7469847775175644,0.01680327868852459,0.8489754098360656,0.047482369420807455,0.019379391100702574,0.9704281278600927,0.9652270595241237,0.2397787327315636,0.8067622950819672,0.03818121594460299,0.030957259953161592
UNCERTAINTY_POST_CASCADE,0.2,TEMPLATE_OOD,0.02,0.1,0.7469847775175644,0.01680327868852459,0.8489754098360656,0.047482369420807455,0.019379391100702574,0.9704281278600927,0.9355414969596658,0.46468681941936624,0.8627634660421546,0.03670689899954318,0.06187060889929742
UNCERTAINTY_POST_CASCADE,0.2,TEMPLATE_OOD,0.02,0.2,0.7469847775175644,0.01680327868852459,0.8489754098360656,0.047482369420807455,0.019379391100702574,0.9704281278600927,0.7336121773648335,0.7228817225881897,0.9289227166276346,0.0218930937078122,0.1236973067915691
UNCERTAINTY_POST_CASCADE,0.2,TEMPORAL,0.005,0.05,0.5724,0.003175,0.6259,0.10358244166953305,0.00385,0.9708557956161921,0.9871048562818181,0.16746845390004658,0.642825,0.06866818869672396,0.0356625
UNCERTAINTY_POST_CASCADE,0.2,TEMPORAL,0.005,0.1,0.5724,0.003175,0.6259,0.10358244166953305,0.00385,0.9708557956161921,0.9791424079486509,0.33214669726528734,0.7120249999999999,0.06499727024182546,0.07128749999999999
UNCERTAINTY_POST_CASCADE,0.2,TEMPORAL,0.005,0.2,0.5724,0.003175,0.6259,0.10358244166953305,0.00385,0.9708557956161921,0.9500205444396214,0.6431489959338701,0.8433999999999999,0.05450180934815124,0.1425125
UNCERTAINTY_POST_CASCADE,0.2,TEMPORAL,0.01,0.05,0.66525,0.006825,0.7605000000000001,0.0728026251052956,0.0083,0.9708557956161921,0.9750033873160124,0.19617490357180728,0.7301,0.045025640843116624,0.03325
UNCERTAINTY_POST_CASCADE,0.2,TEMPORAL,0.01,0.1,0.66525,0.006825,0.7605000000000001,0.0728026251052956,0.0083,0.9708557956161921,0.9646569936669135,0.38787410627407537,0.79345,0.04250209145180715,0.06643750000000001
UNCERTAINTY_POST_CASCADE,0.2,TEMPORAL,0.01,0.2,0.66525,0.006825,0.7605000000000001,0.0728026251052956,0.0083,0.9708557956161921,0.8860042565154457,0.7093655501682584,0.9009750000000001,0.0298636833517457,0.132825
UNCERTAINTY_POST_CASCADE,0.2,TEMPORAL,0.02,0.05,0.758325,0.0165,0.854425,0.043291815046264816,0.019925,0.9708557956161921,0.9582997395882465,0.24706656759931372,0.81715,0.03615403005045066,0.0306875
UNCERTAINTY_POST_CASCADE,0.2,TEMPORAL,0.02,0.1,0.758325,0.0165,0.854425,0.043291815046264816,0.019925,0.9708557956161921,0.9262793449351243,0.47722958422690154,0.87195,0.034455647819576184,0.061325
UNCERTAINTY_POST_CASCADE,0.2,TEMPORAL,0.02,0.2,0.758325,0.0165,0.854425,0.043291815046264816,0.019925,0.9708557956161921,0.7118273824967652,0.7269583167111264,0.9332750000000001,0.019216402860288098,0.12257499999999999
UNCERTAINTY_POST_CASCADE,0.25,DOMAIN_OOD,0.005,0.05,0.5728875064800415,0.0039398652151373765,0.624779678589943,0.0986386493229184,0.0033696215655780195,0.9710583933419057,0.9895363323691951,0.16974028073644737,0.6435977190254017,0.08184982996083313,0.03571798859512701
UNCERTAINTY_POST_CASCADE,0.25,DOMAIN_OOD,0.005,0.1,0.5728875064800415,0.0039398652151373765,0.624779678589943,0.0986386493229184,0.0033696215655780195,0.9710583933419057,0.9805061678611307,0.33551769414319355,0.7128045619491965,0.07651792189325667,0.07130637636080871
UNCERTAINTY_POST_CASCADE,0.25,DOMAIN_OOD,0.005,0.2,0.5728875064800415,0.0039398652151373765,0.624779678589943,0.0986386493229184,0.0033696215655780195,0.9710583933419057,0.9464376912323988,0.6447903961395831,0.8430793157076206,0.06060765695323473,0.14245723172628305
UNCERTAINTY_POST_CASCADE,0.25,DOMAIN_OOD,0.01,0.05,0.6589424572317263,0.00902021772939347,0.7650077760497667,0.0929448461863211,0.009383100051840332,0.9710583933419057,0.9857964688481875,0.1979888779838702,0.724831518921721,0.05919733113906271,0.03341109383100052
UNCERTAINTY_POST_CASCADE,0.25,DOMAIN_OOD,0.01,0.1,0.6589424572317263,0.00902021772939347,0.7650077760497667,0.0929448461863211,0.009383100051840332,0.9710583933419057,0.9721237076144487,0.3893770836915683,0.7888024883359254,0.05461346079236427,0.06674442716433385
UNCERTAINTY_POST_CASCADE,0.25,DOMAIN_OOD,0.01,0.2,0.6589424572317263,0.00902021772939347,0.7650077760497667,0.0929448461863211,0.009383100051840332,0.9710583933419057,0.8860455391274016,0.7013956479005741,0.8961119751166408,0.0324573656300742,0.13333333333333333
UNCERTAINTY_POST_CASCADE,0.25,DOMAIN_OOD,0.02,0.05,0.7480559875583204,0.022291342664593053,0.8670295489891136,0.03551493652318001,0.0248315189217211,0.9710583933419057,0.9734340615919784,0.24523803798782842,0.8082426127527216,0.043748005171704143,0.030896837739761533
UNCERTAINTY_POST_CASCADE,0.25,DOMAIN_OOD,0.02,0.1,0.7480559875583204,0.022291342664593053,0.8670295489891136,0.03551493652318001,0.0248315189217211,0.9710583933419057,0.9448121643426692,0.47275670793818536,0.8646448937273199,0.03804015302911166,0.06161223431829963
UNCERTAINTY_POST_CASCADE,0.25,DOMAIN_OOD,0.02,0.2,0.7480559875583204,0.022291342664593053,0.8670295489891136,0.03551493652318001,0.0248315189217211,0.9710583933419057,0.7469487652293123,0.7330459646473242,0.9329186106791084,0.013476713826738332,0.1230689476412649
UNCERTAINTY_POST_CASCADE,0.25,DOMAIN_TEMPLATE_OOD,0.005,0.05,0.547950377562028,0.004099244875943905,0.6014023732470334,0.10086796629866517,0.00296655879180151,0.9693466213571205,0.9915707363631414,0.16339319703756125,0.6200647249190938,0.0852189434655046,0.036353829557713054
UNCERTAINTY_POST_CASCADE,0.25,DOMAIN_TEMPLATE_OOD,0.005,0.1,0.547950377562028,0.004099244875943905,0.6014023732470334,0.10086796629866517,0.00296655879180151,0.9693466213571205,0.9830398604695268,0.3227928266529068,0.6906148867313916,0.0795374255221173,0.07251887810140237
UNCERTAINTY_POST_CASCADE,0.25,DOMAIN_TEMPLATE_OOD,0.005,0.2,0.547950377562028,0.004099244875943905,0.6014023732470334,0.10086796629866517,0.00296655879180151,0.9693466213571205,0.9542018025590208,0.6243400348836257,0.8249730312837109,0.0642060639007322,0.14490291262135924
UNCERTAINTY_POST_CASCADE,0.25,DOMAIN_TEMPLATE_OOD,0.01,0.05,0.6389967637540452,0.008576051779935274,0.7475728155339806,0.09783925833591572,0.008576051779935274,0.9693466213571205,0.9870215878151054,0.1905018173022318,0.7060409924487594,0.06407339189414826,0.033953613807982744
UNCERTAINTY_POST_CASCADE,0.25,DOMAIN_TEMPLATE_OOD,0.01,0.1,0.6389967637540452,0.008576051779935274,0.7475728155339806,0.09783925833591572,0.008576051779935274,0.9693466213571205,0.9739946352280683,0.37397052523892343,0.7710355987055016,0.05861821419923345,0.06771844660194175
UNCERTAINTY_POST_CASCADE,0.25,DOMAIN_TEMPLATE_OOD,0.01,0.2,0.6389967637540452,0.008576051779935274,0.7475728155339806,0.09783925833591572,0.008576051779935274,0.9693466213571205,0.8974944467685809,0.6818051979815146,0.8828478964401295,0.03668256551448984,0.13532901833872707
UNCERTAINTY_POST_CASCADE,0.25,DOMAIN_TEMPLATE_OOD,0.02,0.05,0.7353829557713053,0.021143473570658038,0.8548543689320388,0.03999577716723286,0.023462783171521034,0.9693466213571205,0.970960942132943,0.2357719107065924,0.7960625674217907,0.04749724446370356,0.031229773462783172
UNCERTAINTY_POST_CASCADE,0.25,DOMAIN_TEMPLATE_OOD,0.02,0.1,0.7353829557713053,0.021143473570658038,0.8548543689320388,0.03999577716723286,0.023462783171521034,0.9693466213571205,0.9434147113058182,0.45438063485182206,0.853074433656958,0.040988663501685056,0.06227076591154261
UNCERTAINTY_POST_CASCADE,0.25,DOMAIN_TEMPLATE_OOD,0.02,0.2,0.7353829557713053,0.021143473570658038,0.8548543689320388,0.03999577716723286,0.023462783171521034,0.9693466213571205,0.7529596118715227,0.7113567439399018,0.9238942826321468,0.015412751784804972,0.12443365695792881
UNCERTAINTY_POST_CASCADE,0.25,IID_BALANCED,0.005,0.05,0.5247637051039697,0.005671077504725898,0.6314744801512286,0.04092007861831674,0.007655954631379962,0.9202997116036119,0.9771159905317486,0.1527658176862068,0.597069943289225,0.03653077994678412,0.03700378071833649
UNCERTAINTY_POST_CASCADE,0.25,IID_BALANCED,0.005,0.1,0.5247637051039697,0.005671077504725898,0.6314744801512286,0.04092007861831674,0.007655954631379962,0.9202997116036119,0.974878021602081,0.30335508436124253,0.6684310018903592,0.03371228850081453,0.07367674858223063
UNCERTAINTY_POST_CASCADE,0.25,IID_BALANCED,0.005,0.2,0.5247637051039697,0.005671077504725898,0.6314744801512286,0.04092007861831674,0.007655954631379962,0.9202997116036119,0.8973571649705339,0.5568200909141305,0.7891304347826087,0.021272724252117126,0.14716446124763705
UNCERTAINTY_POST_CASCADE,0.25,IID_BALANCED,0.01,0.05,0.5958412098298677,0.010302457466918715,0.7142722117202268,0.025911830097051093,0.013137996219281665,0.9202997116036119,0.9730947331614239,0.16944564465293777,0.6641776937618148,0.022049914069179506,0.03511342155009452
UNCERTAINTY_POST_CASCADE,0.25,IID_BALANCED,0.01,0.1,0.5958412098298677,0.010302457466918715,0.7142722117202268,0.025911830097051093,0.013137996219281665,0.9202997116036119,0.9566153078847061,0.3316956751110174,0.7296786389413988,0.019816238429132185,0.06994328922495274
UNCERTAINTY_POST_CASCADE,0.25,IID_BALANCED,0.01,0.2,0.5958412098298677,0.010302457466918715,0.7142722117202268,0.025911830097051093,0.013137996219281665,0.9202997116036119,0.788022637595972,0.5444261449762691,0.8161625708884689,0.008538645389330612,0.13965028355387524
UNCERTAINTY_POST_CASCADE,0.25,IID_BALANCED,0.02,0.05,0.657750472589792,0.02060491493383743,0.7657844990548204,0.007291440929120348,0.02287334593572779,0.9202997116036119,0.9744857551103724,0.18977517791018442,0.7225897920604915,0.015481273474191473,0.033270321361058605
UNCERTAINTY_POST_CASCADE,0.25,IID_BALANCED,0.02,0.1,0.657750472589792,0.02060491493383743,0.7657844990548204,0.007291440929120348,0.02287334593572779,0.9202997116036119,0.9292429846173438,0.36035126391857714,0.7810018903591682,0.012210754525307127,0.06630434782608695
UNCERTAINTY_POST_CASCADE,0.25,IID_BALANCED,0.02,0.2,0.657750472589792,0.02060491493383743,0.7657844990548204,0.007291440929120348,0.02287334593572779,0.9202997116036119,0.6492183577384735,0.5018270703246437,0.829773156899811,0.008916249740987313,0.13237240075614368
UNCERTAINTY_POST_CASCADE,0.25,IID_ORIGINAL,0.005,0.05,0.5247637051039697,0.004666332162568992,0.6314744801512286,0.04092007861831674,0.0055193176116407425,0.8895419988873451,0.9734959592174899,0.24245373031633144,0.639508506616257,0.03575672650524541,0.04087184529662406
UNCERTAINTY_POST_CASCADE,0.25,IID_ORIGINAL,0.005,0.1,0.5247637051039697,0.004666332162568992,0.6314744801512286,0.04092007861831674,0.0055193176116407425,0.8895419988873451,0.9317724038080513,0.4628748558053572,0.7441398865784499,0.029244785680035395,0.08161258603736479
UNCERTAINTY_POST_CASCADE,0.25,IID_ORIGINAL,0.005,0.2,0.5247637051039697,0.004666332162568992,0.6314744801512286,0.04092007861831674,0.0055193176116407425,0.8895419988873451,0.6297905201944553,0.6229220587024644,0.8214555765595464,0.008400349098773546,0.1631268436578171
UNCERTAINTY_POST_CASCADE,0.25,IID_ORIGINAL,0.01,0.05,0.5958412098298677,0.00873055694932263,0.7142722117202268,0.025911830097051093,0.010787757150025088,0.8895419988873451,0.9527245368836637,0.2695005174945318,0.7045368620037807,0.021332135297971344,0.039560799737790885
UNCERTAINTY_POST_CASCADE,0.25,IID_ORIGINAL,0.01,0.1,0.5958412098298677,0.00873055694932263,0.7142722117202268,0.025911830097051093,0.010787757150025088,0.8895419988873451,0.8354416674346871,0.47044285587827855,0.7861058601134215,0.011041038983045903,0.0789249426417568
UNCERTAINTY_POST_CASCADE,0.25,IID_ORIGINAL,0.01,0.2,0.5958412098298677,0.00873055694932263,0.7142722117202268,0.025911830097051093,0.010787757150025088,0.8895419988873451,0.5158384231650889,0.5799563771666236,0.8306238185255198,0.011384085485203478,0.1577187807276303
UNCERTAINTY_POST_CASCADE,0.25,IID_ORIGINAL,0.02,0.05,0.657750472589792,0.01821374811841445,0.7657844990548204,0.007291440929120348,0.022679377822378326,0.8895419988873451,0.9165463422135087,0.29484245240416457,0.7585066162570888,0.015320140096300198,0.0381186496230744
UNCERTAINTY_POST_CASCADE,0.25,IID_ORIGINAL,0.02,0.1,0.657750472589792,0.01821374811841445,0.7657844990548204,0.007291440929120348,0.022679377822378326,0.8895419988873451,0.6828870969248924,0.43793905057557475,0.807750472589792,0.00794800557503139,0.07613897082923632
UNCERTAINTY_POST_CASCADE,0.25,IID_ORIGINAL,0.02,0.2,0.657750472589792,0.01821374811841445,0.7657844990548204,0.007291440929120348,0.022679377822378326,0.8895419988873451,0.40539737239483686,0.5190846855633527,0.8357277882797731,0.011820414518611298,0.1521468371025893
UNCERTAINTY_POST_CASCADE,0.25,TEMPLATE_OOD,0.005,0.05,0.6333430913348946,0.0036885245901639345,0.6848360655737705,0.07850895349280011,0.003395784543325527,0.9733793369356757,0.9874181762732286,0.18908097239623142,0.7008196721311475,0.07249137856657889,0.034162763466042155
UNCERTAINTY_POST_CASCADE,0.25,TEMPLATE_OOD,0.005,0.1,0.6333430913348946,0.0036885245901639345,0.6848360655737705,0.07850895349280011,0.003395784543325527,0.9733793369356757,0.9793583881382881,0.37419470639901103,0.7670374707259953,0.06770236220496059,0.06822306791569087
UNCERTAINTY_POST_CASCADE,0.25,TEMPLATE_OOD,0.005,0.2,0.6333430913348946,0.0036885245901639345,0.6848360655737705,0.07850895349280011,0.003395784543325527,0.9733793369356757,0.9171997310077501,0.6953425833753862,0.8842505854800937,0.04753843588271105,0.1363583138173302
UNCERTAINTY_POST_CASCADE,0.25,TEMPLATE_OOD,0.01,0.05,0.7095433255269321,0.00705503512880562,0.7997950819672132,0.0745749419923398,0.008518735362997657,0.9733793369356757,0.9824135018981645,0.22329377283104607,0.7727751756440281,0.051200002655170454,0.032172131147540986
UNCERTAINTY_POST_CASCADE,0.25,TEMPLATE_OOD,0.01,0.1,0.7095433255269321,0.00705503512880562,0.7997950819672132,0.0745749419923398,0.008518735362997657,0.9733793369356757,0.9621346931209598,0.4354828782527774,0.8333138173302107,0.046050779117629156,0.06425644028103045
UNCERTAINTY_POST_CASCADE,0.25,TEMPLATE_OOD,0.01,0.2,0.7095433255269321,0.00705503512880562,0.7997950819672132,0.0745749419923398,0.008518735362997657,0.9733793369356757,0.8241240194688106,0.734037085491587,0.922248243559719,0.019316998647631853,0.12841042154566745
UNCERTAINTY_POST_CASCADE,0.25,TEMPLATE_OOD,0.02,0.05,0.7843091334894614,0.015720140515222483,0.8819379391100703,0.029872572300346043,0.01993559718969555,0.9733793369356757,0.9665071239451264,0.2759352724244052,0.8424180327868852,0.035438893457974414,0.03004976580796253
UNCERTAINTY_POST_CASCADE,0.25,TEMPLATE_OOD,0.02,0.1,0.7843091334894614,0.015720140515222483,0.8819379391100703,0.029872572300346043,0.01993559718969555,0.9733793369356757,0.909908620132627,0.5144492981235473,0.8938524590163934,0.027245696380006346,0.06007025761124122
UNCERTAINTY_POST_CASCADE,0.25,TEMPLATE_OOD,0.02,0.2,0.7843091334894614,0.015720140515222483,0.8819379391100703,0.029872572300346043,0.01993559718969555,0.9733793369356757,0.6537856538526368,0.7276684731108181,0.9420667447306792,0.007350891114399011,0.12003805620608898
UNCERTAINTY_POST_CASCADE,0.25,TEMPORAL,0.005,0.05,0.6490750000000001,0.0033,0.6926,0.075138501744741,0.004025,0.9734667704804776,0.9860780237813506,0.19487699598720518,0.715625,0.06939713110464693,0.0337375
UNCERTAINTY_POST_CASCADE,0.25,TEMPORAL,0.005,0.1,0.6490750000000001,0.0033,0.6926,0.075138501744741,0.004025,0.9734667704804776,0.974086520703964,0.38442488301789346,0.780525,0.06468958464166476,0.0674375
UNCERTAINTY_POST_CASCADE,0.25,TEMPORAL,0.005,0.2,0.6490750000000001,0.0033,0.6926,0.075138501744741,0.004025,0.9734667704804776,0.9023868144717152,0.7061771972435285,0.8932249999999999,0.043488895453641714,0.134825
UNCERTAINTY_POST_CASCADE,0.25,TEMPORAL,0.01,0.05,0.722825,0.0068000000000000005,0.8055249999999999,0.07034364557102668,0.0092,0.9734667704804776,0.9764789318245188,0.2300375910035827,0.78495,0.049310777501249924,0.0318
UNCERTAINTY_POST_CASCADE,0.25,TEMPORAL,0.01,0.1,0.722825,0.0068000000000000005,0.8055249999999999,0.07034364557102668,0.0092,0.9734667704804776,0.9555182105893862,0.4483388903018115,0.8443999999999999,0.044088799283063106,0.06355
UNCERTAINTY_POST_CASCADE,0.25,TEMPORAL,0.01,0.2,0.722825,0.0068000000000000005,0.8055249999999999,0.07034364557102668,0.0092,0.9734667704804776,0.8019146970549077,0.7399531150717685,0.9276500000000001,0.017037214169771605,0.12705
UNCERTAINTY_POST_CASCADE,0.25,TEMPORAL,0.02,0.05,0.7932,0.015275,0.8852,0.028130598208277704,0.020575,0.9734667704804776,0.9589514224558376,0.28330121867446123,0.850475,0.03326043069474599,0.029849999999999998
UNCERTAINTY_POST_CASCADE,0.25,TEMPORAL,0.02,0.1,0.7932,0.015275,0.8852,0.028130598208277704,0.020575,0.9734667704804776,0.899092136256642,0.5254440845151875,0.9006500000000001,0.024798129409740206,0.059625
UNCERTAINTY_POST_CASCADE,0.25,TEMPORAL,0.02,0.2,0.7932,0.015275,0.8852,0.028130598208277704,0.020575,0.9734667704804776,0.6336929642447882,0.729994617796152,0.945025,0.0066640098872809035,0.1192
