representation,classifier,label_budget,scenario,target_fpr,n_test,prevalence_phish,average_precision_mean,average_precision_std,roc_auc_mean,recall_mean,recall_std,precision_mean,f1_mean,calibration_empirical_fpr_mean,empirical_fpr_mean,empirical_fpr_std,fp_mean,fn_mean
BASE,LOGREG,0.1,DOMAIN_OOD,0.005,3858,0.5,0.8913701860833619,0.006759737071066187,0.885701232531434,0.2420943494038362,0.11395679408670571,0.969521029934806,0.37656833436726667,0.00468384074941452,0.006946604458268534,0.002581627703056243,13.4,1462.0
BASE,LOGREG,0.1,DOMAIN_OOD,0.01,3858,0.5,0.8913701860833619,0.006759737071066187,0.885701232531434,0.2932089165370658,0.10041420077033411,0.9665758268198108,0.4423619694992631,0.00936768149882904,0.009849663037843442,0.002932532011141722,19.0,1363.4
BASE,LOGREG,0.1,DOMAIN_OOD,0.02,3858,0.5,0.8913701860833619,0.006759737071066187,0.885701232531434,0.43784344219803006,0.06307884195133015,0.948267322277571,0.5970141168111387,0.01990632318501171,0.023639191290824264,0.0014478216737966777,45.6,1084.4
BASE,LOGREG,0.1,DOMAIN_TEMPLATE_OOD,0.005,3708,0.5,0.8823737537086807,0.007732055481709717,0.8754490422178234,0.23678532901833874,0.1115312121856513,0.9686859796855902,0.3700005302744661,0.00468384074941452,0.006903991370010787,0.002424186089993984,12.8,1415.0
BASE,LOGREG,0.1,DOMAIN_TEMPLATE_OOD,0.01,3708,0.5,0.8823737537086807,0.007732055481709717,0.8754490422178234,0.28662351672060404,0.10135545403992996,0.9658312485737891,0.4342415141094415,0.00936768149882904,0.009708737864077669,0.002750280212293843,18.0,1322.6
BASE,LOGREG,0.1,DOMAIN_TEMPLATE_OOD,0.02,3708,0.5,0.8823737537086807,0.007732055481709717,0.8754490422178234,0.4210355987055016,0.06041064685960458,0.9464205570105222,0.5807985241845872,0.01990632318501171,0.023624595469255664,0.001844944053558475,43.8,1073.4
BASE,LOGREG,0.1,IID_BALANCED,0.005,2116,0.5,0.9043203832549063,0.004728005220220526,0.8933001239989851,0.296219281663516,0.08229741111525074,0.9815454405142685,0.44949764029521405,0.00468384074941452,0.006238185255198488,0.004310682136480673,6.6,744.6
BASE,LOGREG,0.1,IID_BALANCED,0.01,2116,0.5,0.9043203832549063,0.004728005220220526,0.8933001239989851,0.35425330812854444,0.07821439585211654,0.9795950236898772,0.5158666775170981,0.00936768149882904,0.007750472589792059,0.004402954517524429,8.2,683.2
BASE,LOGREG,0.1,IID_BALANCED,0.02,2116,0.5,0.9043203832549063,0.004728005220220526,0.8933001239989851,0.4720226843100189,0.07186659775613558,0.9607912940981198,0.6304998786269117,0.01990632318501171,0.01890359168241966,0.0020050286801130833,20.0,558.6
BASE,LOGREG,0.1,IID_ORIGINAL,0.005,3051,0.3467715503113733,0.8492621271716265,0.007277028504035554,0.8933443801888842,0.296219281663516,0.08229741111525074,0.9659021558265474,0.44766190146052426,0.00468384074941452,0.006021073758153537,0.004257542084414737,12.0,744.6
BASE,LOGREG,0.1,IID_ORIGINAL,0.01,3051,0.3467715503113733,0.8492621271716265,0.007277028504035554,0.8933443801888842,0.35425330812854444,0.07821439585211654,0.9592641159606273,0.5129919764149388,0.00936768149882904,0.008128449573507276,0.0033919606183954987,16.2,683.2
BASE,LOGREG,0.1,IID_ORIGINAL,0.02,3051,0.3467715503113733,0.8492621271716265,0.007277028504035554,0.8933443801888842,0.4720226843100189,0.07186659775613558,0.9282498513073028,0.6232742653431511,0.01990632318501171,0.01916708479678876,0.0020504582781437583,38.2,558.6
BASE,LOGREG,0.1,TEMPLATE_OOD,0.005,6832,0.5,0.9135861694684728,0.003981682047261954,0.9062889063177003,0.27453161592505854,0.12447346723120081,0.9805671279385194,0.41699550283462194,0.00468384074941452,0.005035128805620609,0.0020741205601777927,17.2,2478.2
BASE,LOGREG,0.1,TEMPLATE_OOD,0.01,6832,0.5,0.9135861694684728,0.003981682047261954,0.9062889063177003,0.33138173302107726,0.11072212641146328,0.9769929084277477,0.4864628981830414,0.00936768149882904,0.007494145199063232,0.002096721847713113,25.6,2284.0
BASE,LOGREG,0.1,TEMPLATE_OOD,0.02,6832,0.5,0.9135861694684728,0.003981682047261954,0.9062889063177003,0.47535128805620613,0.06585980970338634,0.9628161257704624,0.6343810872473707,0.01990632318501171,0.018208430913348946,0.001773434570358428,62.2,1792.2
BASE,LOGREG,0.1,TEMPORAL,0.005,8000,0.5,0.9184423060985731,0.004470983192591601,0.9111462999999999,0.28064999999999996,0.12051356251476429,0.9812849756274031,0.425257587907932,0.00468384074941452,0.0053,0.0026422055181230695,21.2,2877.4
BASE,LOGREG,0.1,TEMPORAL,0.01,8000,0.5,0.9184423060985731,0.004470983192591601,0.9111462999999999,0.3383,0.10653541077970273,0.9780408020685087,0.49488669013353803,0.00936768149882904,0.0076,0.0029293770668864056,30.4,2646.8
BASE,LOGREG,0.1,TEMPORAL,0.02,8000,0.5,0.9184423060985731,0.004470983192591601,0.9111462999999999,0.48600000000000004,0.06437997553587607,0.9638737014773519,0.6441860574049627,0.01990632318501171,0.01815,0.0018924190867775554,72.6,2056.0
BASE,LOGREG,0.25,DOMAIN_OOD,0.005,3858,0.5,0.9172233240515129,0.010082443950270385,0.9115982866085055,0.2401244167962675,0.07418730036251095,0.9870043471176768,0.3816894038974633,0.00468384074941452,0.0032141005702436497,0.0017732121696720654,6.2,1465.8
BASE,LOGREG,0.25,DOMAIN_OOD,0.01,3858,0.5,0.9172233240515129,0.010082443950270385,0.9115982866085055,0.3954380508035252,0.04535273579986108,0.972918806974848,0.5611457691549873,0.00936768149882904,0.010990150336962157,0.0013910220699843165,21.2,1166.2
BASE,LOGREG,0.25,DOMAIN_OOD,0.02,3858,0.5,0.9172233240515129,0.010082443950270385,0.9115982866085055,0.5406946604458269,0.023577379556800105,0.9538198841327749,0.6899670505197089,0.01990632318501171,0.026127527216174184,0.0069994047303556855,50.4,886.0
BASE,LOGREG,0.25,DOMAIN_TEMPLATE_OOD,0.005,3708,0.5,0.9111673116082027,0.009718917199288848,0.9051927143154718,0.23149946062567422,0.07437344155342407,0.9859118671630702,0.3702795604622612,0.00468384074941452,0.003344120819848975,0.0018449440535584759,6.2,1424.8
BASE,LOGREG,0.25,DOMAIN_TEMPLATE_OOD,0.01,3708,0.5,0.9111673116082027,0.009718917199288848,0.9051927143154718,0.3856526429341963,0.04471767741376031,0.9725146317845986,0.5511100206570764,0.00936768149882904,0.010895361380798274,0.001447293189320253,20.2,1139.0
BASE,LOGREG,0.25,DOMAIN_TEMPLATE_OOD,0.02,3708,0.5,0.9111673116082027,0.009718917199288848,0.9051927143154718,0.5212513484358146,0.02172480336602605,0.9525574989710075,0.673584456830687,0.01990632318501171,0.02599784250269687,0.0074386740056350854,48.2,887.6
BASE,LOGREG,0.25,IID_BALANCED,0.005,2116,0.5,0.9133360321767947,0.004958709384813107,0.9044423440453686,0.20189035916824194,0.0695095887960431,0.9853020170376583,0.3308042370817103,0.00468384074941452,0.0032136105860113423,0.0025537346098499615,3.4,844.4
BASE,LOGREG,0.25,IID_BALANCED,0.01,2116,0.5,0.9133360321767947,0.004958709384813107,0.9044423440453686,0.3493383742911153,0.06176153748532956,0.9774762221828107,0.5123052349723116,0.00936768149882904,0.007939508506616257,0.003636178461563581,8.4,688.4
BASE,LOGREG,0.25,IID_BALANCED,0.02,2116,0.5,0.9133360321767947,0.004958709384813107,0.9044423440453686,0.5077504725897921,0.036043454020403265,0.9630622124158718,0.6643296961921517,0.01990632318501171,0.01947069943289225,0.0037570145395750074,20.6,520.8
BASE,LOGREG,0.25,IID_ORIGINAL,0.005,3051,0.3467715503113733,0.8624693895918666,0.008362110372716204,0.9041113652035433,0.20189035916824194,0.0695095887960431,0.9694628318998021,0.3298267348759957,0.00468384074941452,0.0035122930255895636,0.002271797576050531,7.0,844.4
BASE,LOGREG,0.25,IID_ORIGINAL,0.01,3051,0.3467715503113733,0.8624693895918666,0.008362110372716204,0.9041113652035433,0.3493383742911153,0.06176153748532956,0.9585838781935031,0.5096821327665503,0.00936768149882904,0.007927747114902158,0.003607762772152042,15.8,688.4
BASE,LOGREG,0.25,IID_ORIGINAL,0.02,3051,0.3467715503113733,0.8624693895918666,0.008362110372716204,0.9041113652035433,0.5077504725897921,0.036043454020403265,0.9357936025479818,0.6577391534068849,0.01990632318501171,0.018464626191670847,0.002337343642519241,36.8,520.8
BASE,LOGREG,0.25,TEMPLATE_OOD,0.005,6832,0.5,0.9327185303405475,0.0053316433768846585,0.9271712981752765,0.26024590163934425,0.08004446510528435,0.9880709726778653,0.4067870997738868,0.00468384074941452,0.003278688524590164,0.0019572031206612156,11.2,2527.0
BASE,LOGREG,0.25,TEMPLATE_OOD,0.01,6832,0.5,0.9327185303405475,0.0053316433768846585,0.9271712981752765,0.4274590163934426,0.04047833821463468,0.9786804073109883,0.5941114527353237,0.00936768149882904,0.00936768149882904,0.0017685957221303535,32.0,1955.8
BASE,LOGREG,0.25,TEMPLATE_OOD,0.02,6832,0.5,0.9327185303405475,0.0053316433768846585,0.9271712981752765,0.5699648711943794,0.01044881047867378,0.963705929220399,0.716241828835985,0.01990632318501171,0.02148711943793911,0.004122337025893393,73.4,1469.0
BASE,LOGREG,0.25,TEMPORAL,0.005,8000,0.5,0.9363120404935282,0.005982222050341951,0.9313946124999999,0.26665,0.07849494410470016,0.9883183267870613,0.4150020390298791,0.00468384074941452,0.0034500000000000004,0.002654006405418043,13.8,2933.4
BASE,LOGREG,0.25,TEMPORAL,0.01,8000,0.5,0.9363120404935282,0.005982222050341951,0.9313946124999999,0.43289999999999995,0.041960025619629894,0.9790467709055755,0.5993363851780599,0.00936768149882904,0.0094,0.002913331426391443,37.6,2268.4
BASE,LOGREG,0.25,TEMPORAL,0.02,8000,0.5,0.9363120404935282,0.005982222050341951,0.9313946124999999,0.577,0.01293493332027654,0.9651809229371029,0.7221812461414968,0.01990632318501171,0.020800000000000003,0.003068998207884781,83.2,1692.0
BASE,LOGREG,1.0,DOMAIN_OOD,0.005,3858,0.5,0.925876188699382,0.0,0.9218968562829595,0.2332814930015552,0.0,0.9825327510917031,0.3770423125261835,0.00468384074941452,0.00414722654224987,0.0,8.0,1479.0
BASE,LOGREG,1.0,DOMAIN_OOD,0.01,3858,0.5,0.925876188699382,0.0,0.9218968562829595,0.40435458786936235,0.0,0.9737827715355806,0.5714285714285714,0.00936768149882904,0.01088646967340591,0.0,21.0,1149.0
BASE,LOGREG,1.0,DOMAIN_OOD,0.02,3858,0.5,0.925876188699382,0.0,0.9218968562829595,0.5002592016588906,0.0,0.9601990049751243,0.6578050443081118,0.01990632318501171,0.020736132711249352,0.0,40.0,964.0
BASE,LOGREG,1.0,DOMAIN_TEMPLATE_OOD,0.005,3708,0.5,0.9213074954291287,0.0,0.9175894796986951,0.22168284789644016,0.0,0.9809069212410503,0.3616366036075671,0.00468384074941452,0.004314994606256742,0.0,8.0,1443.0
BASE,LOGREG,1.0,DOMAIN_TEMPLATE_OOD,0.01,3708,0.5,0.9213074954291287,0.0,0.9175894796986951,0.3888888888888889,0.0,0.9743243243243244,0.5558982266769468,0.00936768149882904,0.010248112189859764,0.0,19.0,1133.0
BASE,LOGREG,1.0,DOMAIN_TEMPLATE_OOD,0.02,3708,0.5,0.9213074954291287,0.0,0.9175894796986951,0.47518878101402373,0.0,0.9596949891067539,0.6356421356421357,0.01990632318501171,0.019956850053937433,0.0,37.0,973.0
BASE,LOGREG,1.0,IID_BALANCED,0.005,2116,0.5,0.9337571554560868,0.0,0.9207058651162626,0.29773156899810965,0.0,0.9936908517350158,0.4581818181818182,0.00468384074941452,0.001890359168241966,0.0,2.0,743.0
BASE,LOGREG,1.0,IID_BALANCED,0.01,2116,0.5,0.9337571554560868,0.0,0.9207058651162626,0.4631379962192817,0.0,0.9879032258064516,0.6306306306306306,0.00936768149882904,0.005671077504725898,0.0,6.0,568.0
BASE,LOGREG,1.0,IID_BALANCED,0.02,2116,0.5,0.9337571554560868,0.0,0.9207058651162626,0.556710775047259,0.0,0.976782752902156,0.7092113184828417,0.01990632318501171,0.01323251417769376,0.0,14.0,469.0
BASE,LOGREG,1.0,IID_ORIGINAL,0.005,3051,0.3467715503113733,0.8961567104863788,0.0,0.9208311320244673,0.29773156899810965,0.0,0.987460815047022,0.45751633986928103,0.00468384074941452,0.002007024586051179,0.0,4.0,743.0
BASE,LOGREG,1.0,IID_ORIGINAL,0.01,3051,0.3467715503113733,0.8961567104863788,0.0,0.9208311320244673,0.4631379962192817,0.0,0.9780439121756487,0.6286080821039127,0.00936768149882904,0.0055193176116407425,0.0,11.0,568.0
BASE,LOGREG,1.0,IID_ORIGINAL,0.02,3051,0.3467715503113733,0.8961567104863788,0.0,0.9208311320244673,0.556710775047259,0.0,0.9655737704918032,0.7062350119904077,0.01990632318501171,0.010536879076768691,0.0,21.0,469.0
BASE,LOGREG,1.0,TEMPLATE_OOD,0.005,6832,0.5,0.9457954310921128,0.0,0.9402790594200594,0.3190866510538642,0.0,0.9900090826521344,0.48262120876688075,0.00468384074941452,0.0032201405152224825,0.0,11.0,2326.0
BASE,LOGREG,1.0,TEMPLATE_OOD,0.01,6832,0.5,0.9457954310921128,0.0,0.9402790594200594,0.48829039812646363,0.0,0.9840707964601771,0.6527098415182939,0.00936768149882904,0.007903981264637002,0.0,27.0,1748.0
BASE,LOGREG,1.0,TEMPLATE_OOD,0.02,6832,0.5,0.9457954310921128,0.0,0.9402790594200594,0.5711358313817331,0.0,0.9745254745254746,0.7201919527500923,0.01990632318501171,0.014929742388758781,0.0,51.0,1465.0
BASE,LOGREG,1.0,TEMPORAL,0.005,8000,0.5,0.9499098889746074,0.0,0.9445268124999998,0.322,0.0,0.99153194765204,0.4861294583883752,0.00468384074941452,0.00275,0.0,11.0,2712.0
BASE,LOGREG,1.0,TEMPORAL,0.01,8000,0.5,0.9499098889746074,0.0,0.9445268124999998,0.49450000000000005,0.0,0.9850597609561753,0.6584553928095872,0.00936768149882904,0.0075,0.0,30.0,2022.0
BASE,LOGREG,1.0,TEMPORAL,0.02,8000,0.5,0.9499098889746074,0.0,0.9445268124999998,0.58225,0.0,0.9769295302013423,0.7296365914786967,0.01990632318501171,0.013750000000000002,0.0,55.0,1671.0
BASE,MLP,0.1,DOMAIN_OOD,0.005,3858,0.5,0.8501685349785608,0.04043458528629583,0.8564060433625968,0.16982892690513218,0.040612193684951,0.9397396838089754,0.2863746984668109,0.00468384074941452,0.009849663037843442,0.003965022949916628,19.0,1601.4
BASE,MLP,0.1,DOMAIN_OOD,0.01,3858,0.5,0.8501685349785608,0.04043458528629583,0.8564060433625968,0.23898392949714875,0.08447508919195405,0.9214584324086127,0.3745027526969858,0.00936768149882904,0.018040435458786936,0.008158884321517774,34.8,1468.0
BASE,MLP,0.1,DOMAIN_OOD,0.02,3858,0.5,0.8501685349785608,0.04043458528629583,0.8564060433625968,0.31902540176257127,0.11430152481960441,0.9065227209288492,0.46422767262121345,0.01990632318501171,0.028615863141524107,0.009189055248738406,55.2,1313.6
BASE,MLP,0.1,DOMAIN_TEMPLATE_OOD,0.005,3708,0.5,0.8395424357104435,0.04003780719936001,0.8444381022867843,0.1565264293419633,0.03294027499517992,0.9373751347030153,0.2673900475853941,0.00468384074941452,0.009708737864077669,0.004398464517340909,18.0,1563.8
BASE,MLP,0.1,DOMAIN_TEMPLATE_OOD,0.01,3708,0.5,0.8395424357104435,0.04003780719936001,0.8444381022867843,0.22384034519956852,0.07787750930842459,0.9179909932028505,0.3554107459462227,0.00936768149882904,0.018122977346278317,0.008801888311051321,33.6,1439.0
BASE,MLP,0.1,DOMAIN_TEMPLATE_OOD,0.02,3708,0.5,0.8395424357104435,0.04003780719936001,0.8444381022867843,0.3005393743257821,0.10712753540041783,0.9016692590406313,0.4436884703225335,0.01990632318501171,0.02901833872707659,0.009926539349847704,53.8,1296.8
BASE,MLP,0.1,IID_BALANCED,0.005,2116,0.5,0.8922951891536162,0.016428136066316865,0.8868729028269625,0.29697542533081284,0.04683362454910225,0.9796020621993714,0.4542973890758354,0.00468384074941452,0.005860113421550095,0.0022565853282255806,6.2,743.8
BASE,MLP,0.1,IID_BALANCED,0.01,2116,0.5,0.8922951891536162,0.016428136066316865,0.8868729028269625,0.36238185255198485,0.05490427716439444,0.9622061871926075,0.524746009314916,0.00936768149882904,0.01379962192816635,0.005849432305015426,14.6,674.6
BASE,MLP,0.1,IID_BALANCED,0.02,2116,0.5,0.8922951891536162,0.016428136066316865,0.8868729028269625,0.429867674858223,0.06951858488792573,0.9459704101296712,0.5885649460467286,0.01990632318501171,0.024196597353497166,0.008703867246292128,25.6,603.2
BASE,MLP,0.1,IID_ORIGINAL,0.005,3051,0.3467715503113733,0.8280976021477422,0.026529310543956665,0.8870911137943104,0.29697542533081284,0.04683362454910225,0.9585512135850788,0.4522142229946528,0.00468384074941452,0.006422478675363772,0.0027801094184034254,12.8,743.8
BASE,MLP,0.1,IID_ORIGINAL,0.01,3051,0.3467715503113733,0.8280976021477422,0.026529310543956665,0.8870911137943104,0.36238185255198485,0.05490427716439444,0.9322849198307589,0.5202956614267936,0.00936768149882904,0.013647767185148018,0.00558055703498215,27.2,674.6
BASE,MLP,0.1,IID_ORIGINAL,0.02,3051,0.3467715503113733,0.8280976021477422,0.026529310543956665,0.8870911137943104,0.429867674858223,0.06951858488792573,0.8990738532181194,0.5791582074965038,0.01990632318501171,0.025388861013547415,0.007396437034236154,50.6,603.2
BASE,MLP,0.1,TEMPLATE_OOD,0.005,6832,0.5,0.8914671279370303,0.025324453229419983,0.8876775379259471,0.2597775175644028,0.04613354661540284,0.9723937399466687,0.4084415062839586,0.00468384074941452,0.007025761124121781,0.002360145710860231,24.0,2528.6
BASE,MLP,0.1,TEMPLATE_OOD,0.01,6832,0.5,0.8914671279370303,0.025324453229419983,0.8876775379259471,0.3312646370023419,0.07790230128034381,0.960003502883682,0.48861450061294515,0.00936768149882904,0.013407494145199062,0.00548213872248319,45.8,2284.4
BASE,MLP,0.1,TEMPLATE_OOD,0.02,6832,0.5,0.8914671279370303,0.025324453229419983,0.8876775379259471,0.4055035128805621,0.09559282682265974,0.9475938881842083,0.5628451690028233,0.01990632318501171,0.021721311475409837,0.006320745040555005,74.2,2030.8
BASE,MLP,0.1,TEMPORAL,0.005,8000,0.5,0.8981841040991352,0.023581080431246765,0.8940503124999999,0.266,0.05033419563279025,0.9739682785315337,0.4159569112129816,0.00468384074941452,0.0068000000000000005,0.0020186629238186354,27.2,2936.0
BASE,MLP,0.1,TEMPORAL,0.01,8000,0.5,0.8981841040991352,0.023581080431246765,0.8940503124999999,0.34185,0.08274218241018301,0.9626973329095755,0.5001128121499893,0.00936768149882904,0.0129,0.004611805503270925,51.6,2632.6
BASE,MLP,0.1,TEMPORAL,0.02,8000,0.5,0.8981841040991352,0.023581080431246765,0.8940503124999999,0.41914999999999997,0.10240584089787065,0.9519772623633355,0.5761945377801873,0.01990632318501171,0.0205,0.0053677276383959725,82.0,2323.4
BASE,MLP,0.25,DOMAIN_OOD,0.005,3858,0.5,0.9020449490067406,0.012783584137402383,0.8962696460479741,0.25184033177812337,0.04557735223247816,0.9758338549396651,0.39863245906561534,0.00468384074941452,0.006220839813374806,0.0023183701166405286,12.0,1443.2
BASE,MLP,0.25,DOMAIN_OOD,0.01,3858,0.5,0.9020449490067406,0.012783584137402383,0.8962696460479741,0.38320373250388806,0.08558162093761246,0.964855491310353,0.5439039057708348,0.00936768149882904,0.014204250907205807,0.006553241303498387,27.4,1189.8
BASE,MLP,0.25,DOMAIN_OOD,0.02,3858,0.5,0.9020449490067406,0.012783584137402383,0.8962696460479741,0.502954898911353,0.05702601439718256,0.9493334922975322,0.6559959546394456,0.01990632318501171,0.026853291861067906,0.004389624288235675,51.8,958.8
BASE,MLP,0.25,DOMAIN_TEMPLATE_OOD,0.005,3708,0.5,0.8934021804234842,0.01342371901396077,0.8874310944934944,0.23549083063646173,0.044121017663076655,0.9735974373665929,0.3775698099989792,0.00468384074941452,0.006364617044228695,0.002332443183434698,11.8,1417.4
BASE,MLP,0.25,DOMAIN_TEMPLATE_OOD,0.01,3708,0.5,0.8934021804234842,0.01342371901396077,0.8874310944934944,0.36235167206040997,0.08664087840080706,0.9626977067485815,0.5215904154284587,0.00936768149882904,0.01413160733549083,0.006142713474652831,26.2,1182.2
BASE,MLP,0.25,DOMAIN_TEMPLATE_OOD,0.02,3708,0.5,0.8934021804234842,0.01342371901396077,0.8874310944934944,0.4766990291262136,0.05196697385969802,0.9474827714322223,0.6329241883855703,0.01990632318501171,0.026429341963322545,0.004264128452222734,49.0,970.2
BASE,MLP,0.25,IID_BALANCED,0.005,2116,0.5,0.9159996071273568,0.005206768864075761,0.9094010527406635,0.3517958412098299,0.02750293941800874,0.9854907027698598,0.5180528985206426,0.00468384074941452,0.005103969754253308,0.0022762938712272774,5.4,685.8
BASE,MLP,0.25,IID_BALANCED,0.01,2116,0.5,0.9159996071273568,0.005206768864075761,0.9094010527406635,0.4381852551984878,0.04995879892374155,0.9747773404847478,0.6030450519194652,0.00936768149882904,0.011720226843100189,0.007696106988968727,12.4,594.4
BASE,MLP,0.25,IID_BALANCED,0.02,2116,0.5,0.9159996071273568,0.005206768864075761,0.9094010527406635,0.5338374291115312,0.027785707736889504,0.9543006600117623,0.6842627405682753,0.01990632318501171,0.02570888468809074,0.006893982052480328,27.2,493.2
BASE,MLP,0.25,IID_ORIGINAL,0.005,3051,0.3467715503113733,0.8647285049808426,0.008353200498698357,0.9094059833234848,0.3517958412098299,0.02750293941800874,0.9724601504835511,0.5162622441092124,0.00468384074941452,0.005218263923733066,0.001040463690583428,10.4,685.8
BASE,MLP,0.25,IID_ORIGINAL,0.01,3051,0.3467715503113733,0.8647285049808426,0.008353200498698357,0.9094059833234848,0.4381852551984878,0.04995879892374155,0.9534617419628226,0.5987209168423187,0.00936768149882904,0.011741093828399399,0.006746708003601249,23.4,594.4
BASE,MLP,0.25,IID_ORIGINAL,0.02,3051,0.3467715503113733,0.8647285049808426,0.008353200498698357,0.9094059833234848,0.5338374291115312,0.027785707736889504,0.9204440007566228,0.6753363155661342,0.01990632318501171,0.024586051179126944,0.0043016628699152635,49.0,493.2
BASE,MLP,0.25,TEMPLATE_OOD,0.005,6832,0.5,0.9254155200882155,0.009104147384468032,0.9186767635702493,0.3334894613583138,0.049429050717684185,0.9842728352094268,0.49650536240359716,0.00468384074941452,0.0052693208430913355,0.0006209954167329163,18.0,2276.8
BASE,MLP,0.25,TEMPLATE_OOD,0.01,6832,0.5,0.9254155200882155,0.009104147384468032,0.9186767635702493,0.4529274004683841,0.0665423304464757,0.9758040079974893,0.6162606929345362,0.00936768149882904,0.011416861826697893,0.004297399957817095,39.0,1868.8
BASE,MLP,0.25,TEMPLATE_OOD,0.02,6832,0.5,0.9254155200882155,0.009104147384468032,0.9186767635702493,0.559543325526932,0.04346110267424671,0.9634006268326469,0.7070963607944579,0.01990632318501171,0.021311475409836068,0.002900934225254683,72.8,1504.6
BASE,MLP,0.25,TEMPORAL,0.005,8000,0.5,0.9301436310549281,0.00895177120113568,0.9241305562500001,0.3438,0.045666043183091774,0.985044668242851,0.5083248158722035,0.00468384074941452,0.00515,0.0004541475531146239,20.6,2624.8
BASE,MLP,0.25,TEMPORAL,0.01,8000,0.5,0.9301436310549281,0.00895177120113568,0.9241305562500001,0.46609999999999996,0.06928509940817,0.9769176305865204,0.6284982913198147,0.00936768149882904,0.0113,0.004754603032851429,45.2,2135.6
BASE,MLP,0.25,TEMPORAL,0.02,8000,0.5,0.9301436310549281,0.00895177120113568,0.9241305562500001,0.577,0.044978119680573574,0.9644192124665623,0.7211332669840194,0.01990632318501171,0.0214,0.0036597472590330607,85.6,1692.0
BASE,MLP,1.0,DOMAIN_OOD,0.005,3858,0.5,0.9401218536106688,0.003755872672648116,0.9364435919948206,0.2553654743390358,0.046266733747874,0.9907775783987894,0.4042949852599159,0.00468384074941452,0.002488335925349922,0.001484481188520099,4.8,1436.4
BASE,MLP,1.0,DOMAIN_OOD,0.01,3858,0.5,0.9401218536106688,0.003755872672648116,0.9364435919948206,0.4560912389839295,0.04543266092283102,0.9812853632598761,0.6216800923329963,0.00936768149882904,0.008709175738724729,0.0019875883372401054,16.8,1049.2
BASE,MLP,1.0,DOMAIN_OOD,0.02,3858,0.5,0.9401218536106688,0.003755872672648116,0.9364435919948206,0.6387765681700363,0.02687559995786491,0.9569671333524814,0.7658923949058053,0.01990632318501171,0.02871954380508035,0.0014006486351587667,55.4,696.8
BASE,MLP,1.0,DOMAIN_TEMPLATE_OOD,0.005,3708,0.5,0.935238070877522,0.004379621187282347,0.9316880088999673,0.22934196332254583,0.049507100612054426,0.9901265368887648,0.37030729553112834,0.00468384074941452,0.0023732470334412083,0.0012989853914554797,4.4,1428.8
BASE,MLP,1.0,DOMAIN_TEMPLATE_OOD,0.01,3708,0.5,0.935238070877522,0.004379621187282347,0.9316880088999673,0.42114347357065807,0.046696236855476386,0.9818829264075278,0.588260565929571,0.00936768149882904,0.007766990291262136,0.0017725649110199547,14.4,1073.2
BASE,MLP,1.0,DOMAIN_TEMPLATE_OOD,0.02,3708,0.5,0.935238070877522,0.004379621187282347,0.9316880088999673,0.6074433656957929,0.027522364467243106,0.9572950919480396,0.7429828549928756,0.01990632318501171,0.02707659115426106,0.0013961358258408598,50.2,727.8
BASE,MLP,1.0,IID_BALANCED,0.005,2116,0.5,0.9392832207023762,0.003360884730734979,0.930960616921752,0.3835538752362949,0.024478144008330656,0.9922720092611913,0.5528664845008968,0.00468384074941452,0.0030245746691871457,0.0012323634036299903,3.2,652.2
BASE,MLP,1.0,IID_BALANCED,0.01,2116,0.5,0.9392832207023762,0.003360884730734979,0.930960616921752,0.5179584120982986,0.0210182948562732,0.9849676966225701,0.6786831529825277,0.00936768149882904,0.007939508506616257,0.001842494205067857,8.4,510.0
BASE,MLP,1.0,IID_BALANCED,0.02,2116,0.5,0.9392832207023762,0.003360884730734979,0.930960616921752,0.6408317580340265,0.009380639528014727,0.9691384513149224,0.7714777448919663,0.01990632318501171,0.020415879017013232,0.0033148729521266878,21.6,380.0
BASE,MLP,1.0,IID_ORIGINAL,0.005,3051,0.3467715503113733,0.9030768501692332,0.005750565847478979,0.9307345558225053,0.3835538752362949,0.024478144008330656,0.9890156581147334,0.5523329504881577,0.00468384074941452,0.002308078273958856,0.001401328654668233,4.6,652.2
BASE,MLP,1.0,IID_ORIGINAL,0.01,3051,0.3467715503113733,0.9030768501692332,0.005750565847478979,0.9307345558225053,0.5179584120982986,0.0210182948562732,0.9721537064032247,0.6755822186477388,0.00936768149882904,0.00792774711490216,0.002227028702576232,15.8,510.0
BASE,MLP,1.0,IID_ORIGINAL,0.02,3051,0.3467715503113733,0.9030768501692332,0.005750565847478979,0.9307345558225053,0.6408317580340265,0.009380639528014727,0.9401332968889928,0.7621130750829002,0.01990632318501171,0.021675865529352734,0.0024167776374896723,43.2,380.0
BASE,MLP,1.0,TEMPLATE_OOD,0.005,6832,0.5,0.95221716440645,0.002820100660455705,0.9483099061312243,0.331440281030445,0.03854531663431942,0.9930728427698273,0.49598719769583627,0.00468384074941452,0.00234192037470726,0.0007463436056195529,8.0,2283.8
BASE,MLP,1.0,TEMPLATE_OOD,0.01,6832,0.5,0.95221716440645,0.002820100660455705,0.9483099061312243,0.49882903981264637,0.0333832771100441,0.9864721450453162,0.662071821717603,0.00936768149882904,0.006850117096018736,0.0011998771388711477,23.4,1712.0
BASE,MLP,1.0,TEMPLATE_OOD,0.02,6832,0.5,0.95221716440645,0.002820100660455705,0.9483099061312243,0.65403981264637,0.019309085557435362,0.9679411372925152,0.7804858038334834,0.01990632318501171,0.021662763466042158,0.0015764533978730988,74.0,1181.8
BASE,MLP,1.0,TEMPORAL,0.005,8000,0.5,0.9561774612227051,0.002760008115143644,0.9524380812500001,0.34825,0.03691332753897973,0.9937054556426148,0.5148377564629398,0.00468384074941452,0.00225,0.0008838834764831844,9.0,2607.0
BASE,MLP,1.0,TEMPORAL,0.01,8000,0.5,0.9561774612227051,0.002760008115143644,0.9524380812500001,0.5199499999999999,0.03060504451883711,0.9870486597718916,0.6806734953189868,0.00936768149882904,0.00685,0.0014426538046253508,27.4,1920.2
BASE,MLP,1.0,TEMPORAL,0.02,8000,0.5,0.9561774612227051,0.002760008115143644,0.9524380812500001,0.6713,0.0189344263182173,0.9700294492677974,0.7933535528291978,0.01990632318501171,0.020749999999999998,0.001677050983124842,83.0,1314.8
BASE,XGBOOST,0.1,DOMAIN_OOD,0.005,3858,0.5,0.8443448481791782,0.016303959626071615,0.8500245495816896,0.10565059616381545,0.05102442427212017,0.948679213493379,0.18715254379244933,0.00468384074941452,0.005391394504924832,0.0028535736536076488,10.4,1725.2
BASE,XGBOOST,0.1,DOMAIN_OOD,0.01,3858,0.5,0.8443448481791782,0.016303959626071615,0.8500245495816896,0.15686884396060136,0.05463390562956658,0.9371728996729185,0.26585010768274225,0.00936768149882904,0.010160705028512183,0.0029462461873266616,19.6,1626.4
BASE,XGBOOST,0.1,DOMAIN_OOD,0.02,3858,0.5,0.8443448481791782,0.016303959626071615,0.8500245495816896,0.28906168999481596,0.04358998235602032,0.9117002289480567,0.43747326679935794,0.01990632318501171,0.028097459823742878,0.006703257594710053,54.2,1371.4
BASE,XGBOOST,0.1,DOMAIN_TEMPLATE_OOD,0.005,3708,0.5,0.8340188382831494,0.016390455051944888,0.8381748433952538,0.10409924487594391,0.046801407992524406,0.9502908047931431,0.18508029107117388,0.00468384074941452,0.005285868392664509,0.002838769658455397,9.8,1661.0
BASE,XGBOOST,0.1,DOMAIN_TEMPLATE_OOD,0.01,3708,0.5,0.8340188382831494,0.016390455051944888,0.8381748433952538,0.15382955771305284,0.05164125396609035,0.9357466633189423,0.26156135083606114,0.00936768149882904,0.010248112189859764,0.0029046196370736267,19.0,1568.8
BASE,XGBOOST,0.1,DOMAIN_TEMPLATE_OOD,0.02,3708,0.5,0.8340188382831494,0.016390455051944888,0.8381748433952538,0.27626752966558793,0.04105520943602496,0.9074471476067772,0.42220781744121194,0.01990632318501171,0.02826321467098166,0.0065684189550683485,52.4,1341.8
BASE,XGBOOST,0.1,IID_BALANCED,0.005,2116,0.5,0.8774604087583606,0.007487205523384062,0.8771591725301153,0.23402646502835536,0.08150112064948363,0.9666396195911391,0.3709106352676129,0.00468384074941452,0.007561436672967864,0.005045878190941073,8.0,810.4
BASE,XGBOOST,0.1,IID_BALANCED,0.01,2116,0.5,0.8774604087583606,0.007487205523384062,0.8771591725301153,0.30170132325141774,0.09886596522156346,0.9595708979285767,0.45164020145701417,0.00936768149882904,0.01172022684310019,0.004800916861701435,12.4,738.8
BASE,XGBOOST,0.1,IID_BALANCED,0.02,2116,0.5,0.8774604087583606,0.007487205523384062,0.8771591725301153,0.41493383742911155,0.04684602183949439,0.931874409617634,0.5729829832140215,0.01990632318501171,0.030245746691871456,0.003897075260508185,32.0,619.0
BASE,XGBOOST,0.1,IID_ORIGINAL,0.005,3051,0.3467715503113733,0.8104732261592126,0.010741565932519282,0.8781347191540902,0.23402646502835536,0.08150112064948363,0.9452146140160359,0.36927095232022383,0.00468384074941452,0.006823883592574009,0.0038638481300910096,13.6,810.4
BASE,XGBOOST,0.1,IID_ORIGINAL,0.01,3051,0.3467715503113733,0.8104732261592126,0.010741565932519282,0.8781347191540902,0.30170132325141774,0.09886596522156346,0.9303147888902158,0.44842973983971995,0.00936768149882904,0.011138986452584043,0.003941261793608727,22.2,738.8
BASE,XGBOOST,0.1,IID_ORIGINAL,0.02,3051,0.3467715503113733,0.8104732261592126,0.010741565932519282,0.8781347191540902,0.41493383742911155,0.04684602183949439,0.8907306107039048,0.5649007140414058,0.01990632318501171,0.026994480682388362,0.0032978779177430966,53.8,619.0
BASE,XGBOOST,0.1,TEMPLATE_OOD,0.005,6832,0.5,0.8828193591221976,0.010466477461433227,0.8788629174459356,0.18618266978922718,0.07684189245816053,0.9723342853083944,0.307155642142235,0.00468384074941452,0.00468384074941452,0.002028162538136859,16.0,2780.0
BASE,XGBOOST,0.1,TEMPLATE_OOD,0.01,6832,0.5,0.8828193591221976,0.010466477461433227,0.8788629174459356,0.2505854800936768,0.06544589876237245,0.9653867922984614,0.3946038080560831,0.00936768149882904,0.008723653395784544,0.0027414601331248608,29.8,2560.0
BASE,XGBOOST,0.1,TEMPLATE_OOD,0.02,6832,0.5,0.8828193591221976,0.010466477461433227,0.8788629174459356,0.3840749414519906,0.042395288323160425,0.9459054471180458,0.5452257735637497,0.01990632318501171,0.022014051522248244,0.004744737325767335,75.2,2104.0
BASE,XGBOOST,0.1,TEMPORAL,0.005,8000,0.5,0.888523289185757,0.008976243612449671,0.8856551749999999,0.18655,0.07507775136483512,0.9699013386708455,0.3076557915515637,0.00468384074941452,0.00555,0.0021894634045811316,22.2,3253.8
BASE,XGBOOST,0.1,TEMPORAL,0.01,8000,0.5,0.888523289185757,0.008976243612449671,0.8856551749999999,0.25275,0.062593430166432,0.9646575464823295,0.3974741393531246,0.00936768149882904,0.0092,0.0025823923017233453,36.8,2989.0
BASE,XGBOOST,0.1,TEMPORAL,0.02,8000,0.5,0.888523289185757,0.008976243612449671,0.8856551749999999,0.39215,0.040125817748676476,0.9475030849141618,0.5537616203082325,0.01990632318501171,0.02175,0.0036142080737002393,87.0,2431.4
BASE,XGBOOST,0.25,DOMAIN_OOD,0.005,3858,0.5,0.8880644103474532,0.006537093072344853,0.8859604341903247,0.15800933125972008,0.0376001467923117,0.9803461035485121,0.27071090007428217,0.00468384074941452,0.003110419906687403,0.0013216743166388765,6.0,1624.2
BASE,XGBOOST,0.25,DOMAIN_OOD,0.01,3858,0.5,0.8880644103474532,0.006537093072344853,0.8859604341903247,0.24893727319854847,0.0734610609583245,0.9735003421222315,0.3918546390720189,0.00936768149882904,0.006946604458268534,0.0036399149158200016,13.4,1448.8
BASE,XGBOOST,0.25,DOMAIN_OOD,0.02,3858,0.5,0.8880644103474532,0.006537093072344853,0.8859604341903247,0.4256091238983929,0.039270548332678054,0.9424420418730103,0.585596166046256,0.01990632318501171,0.02592016588906169,0.004863054183331704,50.0,1108.0
BASE,XGBOOST,0.25,DOMAIN_TEMPLATE_OOD,0.005,3708,0.5,0.8782780049800379,0.007008013561110707,0.8762992695463554,0.1517799352750809,0.030003469560853566,0.9795591516514769,0.2619000913969116,0.00468384074941452,0.003128371089536138,0.0013961358258408616,5.8,1572.6
BASE,XGBOOST,0.25,DOMAIN_TEMPLATE_OOD,0.01,3708,0.5,0.8782780049800379,0.007008013561110707,0.8762992695463554,0.23441208198489752,0.06591697144117714,0.971324173232666,0.37381276341702835,0.00936768149882904,0.007119741100323625,0.0037251988457026987,13.2,1419.4
BASE,XGBOOST,0.25,DOMAIN_TEMPLATE_OOD,0.02,3708,0.5,0.8782780049800379,0.007008013561110707,0.8762992695463554,0.40129449838187703,0.03934660844112907,0.9389934935496201,0.5614297050845326,0.01990632318501171,0.02599784250269687,0.004875299477228336,48.2,1110.0
BASE,XGBOOST,0.25,IID_BALANCED,0.005,2116,0.5,0.9023111623884759,0.0070516077639019795,0.9013039547457307,0.25954631379962195,0.0515040488720819,0.9809063271483642,0.4084671120648742,0.00468384074941452,0.004725897920604915,0.001157603848196209,5.0,783.4
BASE,XGBOOST,0.25,IID_BALANCED,0.01,2116,0.5,0.9023111623884759,0.0070516077639019795,0.9013039547457307,0.3474480151228733,0.03281420678687822,0.9731399593744768,0.5113623906261362,0.00936768149882904,0.009640831758034027,0.004601384289088123,10.2,690.4
BASE,XGBOOST,0.25,IID_BALANCED,0.02,2116,0.5,0.9023111623884759,0.0070516077639019795,0.9013039547457307,0.47145557655954634,0.023933768673748815,0.9512739805496512,0.6301567775292733,0.01990632318501171,0.024196597353497166,0.0062195402179062755,25.6,559.2
BASE,XGBOOST,0.25,IID_ORIGINAL,0.005,3051,0.3467715503113733,0.8468054235813354,0.010127070248287885,0.9016440338917782,0.25954631379962195,0.0515040488720819,0.9740089917493628,0.40794529664649415,0.00468384074941452,0.0034119417962870046,0.0011979263809647085,6.8,783.4
BASE,XGBOOST,0.25,IID_ORIGINAL,0.01,3051,0.3467715503113733,0.8468054235813354,0.010127070248287885,0.9016440338917782,0.3474480151228733,0.03281420678687822,0.9606549877246913,0.509581357577585,0.00936768149882904,0.007626693426994481,0.0035015246005755947,15.2,690.4
BASE,XGBOOST,0.25,IID_ORIGINAL,0.02,3051,0.3467715503113733,0.8468054235813354,0.010127070248287885,0.9016440338917782,0.47145557655954634,0.023933768673748815,0.9186310660451408,0.6227580560854089,0.01990632318501171,0.022277972905168086,0.00558281226119463,44.4,559.2
BASE,XGBOOST,0.25,TEMPLATE_OOD,0.005,6832,0.5,0.9137777603898858,0.004579425184638524,0.908654170483028,0.2542740046838407,0.04184114554403239,0.9881205026052701,0.4030754489763284,0.00468384074941452,0.002985948477751756,0.0009117336945197562,10.2,2547.4
BASE,XGBOOST,0.25,TEMPLATE_OOD,0.01,6832,0.5,0.9137777603898858,0.004579425184638524,0.908654170483028,0.3399297423887588,0.06729405403276661,0.9824440817444794,0.5019781741984206,0.00936768149882904,0.006206088992974239,0.002662164530302028,21.2,2254.8
BASE,XGBOOST,0.25,TEMPLATE_OOD,0.02,6832,0.5,0.9137777603898858,0.004579425184638524,0.908654170483028,0.49502341920374704,0.03278884550011568,0.9597771761632039,0.6526645000333173,0.01990632318501171,0.020725995316159252,0.0027257855613547492,70.8,1725.0
BASE,XGBOOST,0.25,TEMPORAL,0.005,8000,0.5,0.9195224279945544,0.005297437639837459,0.9154718374999999,0.25565,0.040867392258376364,0.9875611452194175,0.40481429404994407,0.00468384074941452,0.0032,0.0013393095235978872,12.8,2977.4
BASE,XGBOOST,0.25,TEMPORAL,0.01,8000,0.5,0.9195224279945544,0.005297437639837459,0.9154718374999999,0.34645000000000004,0.0695987158645905,0.982260702349335,0.5089392503865954,0.00936768149882904,0.0064,0.00300312337408905,25.6,2614.2
BASE,XGBOOST,0.25,TEMPORAL,0.02,8000,0.5,0.9195224279945544,0.005297437639837459,0.9154718374999999,0.5095000000000001,0.03235689648282109,0.9621168288163762,0.6657246354022838,0.01990632318501171,0.020050000000000002,0.002791728855028726,80.2,1962.0
BASE,XGBOOST,1.0,DOMAIN_OOD,0.005,3858,0.5,0.9192938435167815,0.0005316783319763851,0.9182366171187042,0.26168999481596683,0.023943275343153787,0.9870716900303982,0.4132467405682359,0.00468384074941452,0.0034214618973561427,0.00028394119103430064,6.6,1424.2
BASE,XGBOOST,1.0,DOMAIN_OOD,0.01,3858,0.5,0.9192938435167815,0.0005316783319763851,0.9182366171187042,0.38724727838258166,0.04607523660388651,0.9734576995910634,0.5527462541162256,0.00936768149882904,0.010679108346293417,0.0032082422906720164,20.6,1182.0
BASE,XGBOOST,1.0,DOMAIN_OOD,0.02,3858,0.5,0.9192938435167815,0.0005316783319763851,0.9182366171187042,0.5212026956972525,0.02281151319795345,0.9539908598650058,0.6738449448885007,0.01990632318501171,0.025194401244167962,0.002806089912436362,48.6,923.6
BASE,XGBOOST,1.0,DOMAIN_TEMPLATE_OOD,0.005,3708,0.5,0.9114663826356676,0.000940945103123846,0.9107432659668182,0.23538295577130527,0.020075306624989367,0.9873282899086562,0.3797956922347007,0.00468384074941452,0.00302049622437972,0.0002954274851699925,5.6,1417.6
BASE,XGBOOST,1.0,DOMAIN_TEMPLATE_OOD,0.01,3708,0.5,0.9114663826356676,0.000940945103123846,0.9107432659668182,0.3567421790722761,0.04715378051405562,0.9731054605026461,0.5206315533189281,0.00936768149882904,0.009924487594390508,0.002658847366529932,18.4,1192.6
BASE,XGBOOST,1.0,DOMAIN_TEMPLATE_OOD,0.02,3708,0.5,0.9114663826356676,0.000940945103123846,0.9107432659668182,0.48975188781014023,0.023698735462583838,0.95284731736742,0.646678260536511,0.01990632318501171,0.024271844660194174,0.00231993669553469,45.0,946.0
BASE,XGBOOST,1.0,IID_BALANCED,0.005,2116,0.5,0.9310621276364002,0.0009323615724935976,0.9249536343852401,0.41001890359168247,0.014800437906286108,0.9931157208834873,0.5802887593210346,0.00468384074941452,0.002835538752362949,0.0009451795841209831,3.0,624.2
BASE,XGBOOST,1.0,IID_BALANCED,0.01,2116,0.5,0.9310621276364002,0.0009323615724935976,0.9249536343852401,0.4867674858223062,0.020588866645361043,0.9823040624175781,0.6506919372741298,0.00936768149882904,0.00888468809073724,0.0036970902108899705,9.4,543.0
BASE,XGBOOST,1.0,IID_BALANCED,0.02,2116,0.5,0.9310621276364002,0.0009323615724935976,0.9249536343852401,0.568241965973535,0.012740656179398565,0.9628907749569742,0.7146251880628496,0.01990632318501171,0.021928166351606805,0.002787879244565713,23.2,456.8
BASE,XGBOOST,1.0,IID_ORIGINAL,0.005,3051,0.3467715503113733,0.8905193102235135,0.0011279177180776243,0.9249151804472554,0.41001890359168247,0.014800437906286108,0.9895132727246614,0.5796661401185815,0.00468384074941452,0.002308078273958856,0.0002748231598119248,4.6,624.2
BASE,XGBOOST,1.0,IID_ORIGINAL,0.01,3051,0.3467715503113733,0.8905193102235135,0.0011279177180776243,0.9249151804472554,0.4867674858223062,0.020588866645361043,0.9729892163705633,0.6486427580713052,0.00936768149882904,0.007225288509784244,0.0017597268355996167,14.4,543.0
BASE,XGBOOST,1.0,IID_ORIGINAL,0.02,3051,0.3467715503113733,0.8905193102235135,0.0011279177180776243,0.9249151804472554,0.568241965973535,0.012740656179398565,0.9345246445006966,0.7066443739005746,0.01990632318501171,0.02117410938283994,0.0026880271421934514,42.2,456.8
BASE,XGBOOST,1.0,TEMPLATE_OOD,0.005,6832,0.5,0.9383280443886786,0.0009882530880752109,0.9350758707473853,0.3546838407494145,0.01827176346996699,0.9919771285489893,0.5223188351280943,0.00468384074941452,0.0028688524590163933,0.0003206806542770292,9.8,2204.4
BASE,XGBOOST,1.0,TEMPLATE_OOD,0.01,6832,0.5,0.9383280443886786,0.0009882530880752109,0.9350758707473853,0.4596018735362998,0.03577003078360709,0.9833247181672335,0.6257353887852213,0.00936768149882904,0.007845433255269322,0.0019129167743213746,26.8,1846.0
BASE,XGBOOST,1.0,TEMPLATE_OOD,0.02,6832,0.5,0.9383280443886786,0.0009882530880752109,0.9350758707473853,0.5668032786885246,0.02005151794022557,0.9681529532311386,0.7148228744886409,0.01990632318501171,0.018676814988290397,0.0018444946138200667,63.8,1479.8
BASE,XGBOOST,1.0,TEMPORAL,0.005,8000,0.5,0.9442041942821561,0.0009213065775119707,0.9411511750000001,0.36585,0.020767011099337332,0.992668082428866,0.5343832550598272,0.00468384074941452,0.0027,0.00027386127875258327,10.8,2536.6
BASE,XGBOOST,1.0,TEMPORAL,0.01,8000,0.5,0.9442041942821561,0.0009213065775119707,0.9411511750000001,0.47685000000000005,0.03596986586018917,0.9850541384330954,0.6419414705084179,0.00936768149882904,0.007300000000000001,0.0020340845606807993,29.2,2092.6
BASE,XGBOOST,1.0,TEMPORAL,0.02,8000,0.5,0.9442041942821561,0.0009213065775119707,0.9411511750000001,0.5868,0.019455397708605257,0.9719022157993026,0.7316079465778101,0.01990632318501171,0.016999999999999998,0.0019284060775676887,68.0,1652.8
CONTRASTIVE,LOGREG,0.1,DOMAIN_OOD,0.005,3858,0.5,0.8016004626320721,0.019857414368964373,0.7937765265150263,0.09725246241575945,0.05385110186780048,0.9427076526273644,0.1725103827938787,0.00468384074941452,0.006324520476931053,0.00426542300274219,12.2,1741.4
CONTRASTIVE,LOGREG,0.1,DOMAIN_OOD,0.01,3858,0.5,0.8016004626320721,0.019857414368964373,0.7937765265150263,0.15127008812856402,0.02458292364925248,0.9342043598798518,0.2597632063702718,0.00936768149882904,0.010575427682737169,0.0030581402185075428,20.4,1637.2
CONTRASTIVE,LOGREG,0.1,DOMAIN_OOD,0.02,3858,0.5,0.8016004626320721,0.019857414368964373,0.7937765265150263,0.2276827371695179,0.045077843887463054,0.9165447029955717,0.3631833799668993,0.01990632318501171,0.020217729393468116,0.0036839477458662246,39.0,1489.8
CONTRASTIVE,LOGREG,0.1,DOMAIN_TEMPLATE_OOD,0.005,3708,0.5,0.7938516957952879,0.019699613066746134,0.7835848667972336,0.09687162891046386,0.05548298063291708,0.9430207419312348,0.17168509490952225,0.00468384074941452,0.006256742179072276,0.004391845304384527,11.6,1674.4
CONTRASTIVE,LOGREG,0.1,DOMAIN_TEMPLATE_OOD,0.01,3708,0.5,0.7938516957952879,0.019699613066746134,0.7835848667972336,0.14724919093851133,0.02998504080318181,0.9341213283468033,0.25346769952093817,0.00936768149882904,0.010248112189859764,0.003432557190225959,19.0,1581.0
CONTRASTIVE,LOGREG,0.1,DOMAIN_TEMPLATE_OOD,0.02,3708,0.5,0.7938516957952879,0.019699613066746134,0.7835848667972336,0.22125134843581443,0.049083656361631006,0.9167863352377538,0.35458028412999043,0.01990632318501171,0.01941747572815534,0.0046241715748334,36.0,1443.8
CONTRASTIVE,LOGREG,0.1,IID_BALANCED,0.005,2116,0.5,0.8390373889966428,0.01183092607816149,0.839082371775401,0.1385633270321361,0.06755092093006689,0.9437796067920203,0.23662447050198657,0.00468384074941452,0.007183364839319471,0.003033422785610815,7.6,911.4
CONTRASTIVE,LOGREG,0.1,IID_BALANCED,0.01,2116,0.5,0.8390373889966428,0.01183092607816149,0.839082371775401,0.21550094517958412,0.018485451054449847,0.9417983203850253,0.35047483292314646,0.00936768149882904,0.013232514177693763,0.0027556483434996695,14.0,830.0
CONTRASTIVE,LOGREG,0.1,IID_BALANCED,0.02,2116,0.5,0.8390373889966428,0.01183092607816149,0.839082371775401,0.30812854442344045,0.03903374262174727,0.9200881592927047,0.46050660221044304,0.01990632318501171,0.026843100189035917,0.0062195402179062755,28.4,732.0
CONTRASTIVE,LOGREG,0.1,IID_ORIGINAL,0.005,3051,0.3467715503113733,0.7505672648928471,0.022981739293325545,0.8364407752274738,0.1385633270321361,0.06755092093006689,0.9188029936999669,0.23550021056311116,0.00468384074941452,0.006322127446061214,0.00386384813009101,12.6,911.4
CONTRASTIVE,LOGREG,0.1,IID_ORIGINAL,0.01,3051,0.3467715503113733,0.7505672648928471,0.022981739293325545,0.8364407752274738,0.21550094517958412,0.018485451054449847,0.9097773863563337,0.34828136879831256,0.00936768149882904,0.011239337681886603,0.0036286371764705557,22.4,830.0
CONTRASTIVE,LOGREG,0.1,IID_ORIGINAL,0.02,3051,0.3467715503113733,0.7505672648928471,0.022981739293325545,0.8364407752274738,0.30812854442344045,0.03903374262174727,0.8686224632197701,0.4537997196090332,0.01990632318501171,0.024786753637732063,0.006783921236790995,49.4,732.0
CONTRASTIVE,LOGREG,0.1,TEMPLATE_OOD,0.005,6832,0.5,0.8428299748052993,0.017932205614894836,0.8292016423607874,0.14777517564402812,0.08508025007759322,0.9687173921010764,0.24843306464345466,0.00468384074941452,0.0050936768149882905,0.003122865422270395,17.4,2911.2
CONTRASTIVE,LOGREG,0.1,TEMPLATE_OOD,0.01,6832,0.5,0.8428299748052993,0.017932205614894836,0.8292016423607874,0.21697892271662766,0.04564604975197812,0.96029603250756,0.35221020989160245,0.00936768149882904,0.008782201405152224,0.0024404759953941843,30.0,2674.8
CONTRASTIVE,LOGREG,0.1,TEMPLATE_OOD,0.02,6832,0.5,0.8428299748052993,0.017932205614894836,0.8292016423607874,0.30216627634660426,0.0619732822502624,0.9439199048003802,0.4551101780624517,0.01990632318501171,0.017681498829039813,0.003706371085601032,60.4,2383.8
CONTRASTIVE,LOGREG,0.1,TEMPORAL,0.005,8000,0.5,0.843133397730233,0.01736049459623451,0.8303782999999999,0.14515,0.08175259934705441,0.9681971603355368,0.2449491014475127,0.00468384074941452,0.005200000000000001,0.0032083874454311156,20.8,3419.4
CONTRASTIVE,LOGREG,0.1,TEMPORAL,0.01,8000,0.5,0.843133397730233,0.01736049459623451,0.8303782999999999,0.21589999999999998,0.041215743351297206,0.9576366923709086,0.3509094059831511,0.00936768149882904,0.0094,0.0020509144301993684,37.6,3136.4
CONTRASTIVE,LOGREG,0.1,TEMPORAL,0.02,8000,0.5,0.843133397730233,0.01736049459623451,0.8303782999999999,0.30435,0.05728290539070099,0.9407876379554988,0.45760091719287227,0.01990632318501171,0.019,0.003703883097507263,76.0,2782.6
CONTRASTIVE,LOGREG,0.25,DOMAIN_OOD,0.005,3858,0.5,0.8428458136200756,0.0048173026388638514,0.8318351773065655,0.16993260756868844,0.06624151833667681,0.9624801330664908,0.28431723820209104,0.00468384074941452,0.006946604458268534,0.0034112356405105447,13.4,1601.2
CONTRASTIVE,LOGREG,0.25,DOMAIN_OOD,0.01,3858,0.5,0.8428458136200756,0.0048173026388638514,0.8318351773065655,0.21461897356143078,0.0613131100614997,0.9556533047416421,0.34697846860811055,0.00936768149882904,0.010264385692068428,0.004771000669712198,19.8,1515.0
CONTRASTIVE,LOGREG,0.25,DOMAIN_OOD,0.02,3858,0.5,0.8428458136200756,0.0048173026388638514,0.8318351773065655,0.3030585795749093,0.043990423875922856,0.938264046723958,0.4567099352291136,0.01990632318501171,0.019906687402799376,0.004042216420864267,38.4,1344.4
CONTRASTIVE,LOGREG,0.25,DOMAIN_TEMPLATE_OOD,0.005,3708,0.5,0.8358848965392645,0.004500140129837499,0.8235138695423988,0.16267529665587918,0.06991360772924547,0.9604107056048825,0.27317708503956134,0.00468384074941452,0.006903991370010787,0.0032897412474599576,12.8,1552.4
CONTRASTIVE,LOGREG,0.25,DOMAIN_TEMPLATE_OOD,0.01,3708,0.5,0.8358848965392645,0.004500140129837499,0.8235138695423988,0.20927723840345197,0.06395396658156458,0.9552473721220925,0.3395187289162973,0.00936768149882904,0.010032362459546926,0.004554440524829461,18.6,1466.0
CONTRASTIVE,LOGREG,0.25,DOMAIN_TEMPLATE_OOD,0.02,3708,0.5,0.8358848965392645,0.004500140129837499,0.8235138695423988,0.29503775620280476,0.04779325259909743,0.9375734495461444,0.4471070879745035,0.01990632318501171,0.019633225458468177,0.004118362280220296,36.4,1307.0
CONTRASTIVE,LOGREG,0.25,IID_BALANCED,0.005,2116,0.5,0.864328081814096,0.010396149320273626,0.8639439896226786,0.18903591682419657,0.05884834131771197,0.9587621242889522,0.3123724051243074,0.00468384074941452,0.008317580340264651,0.003301370358520412,8.8,858.0
CONTRASTIVE,LOGREG,0.25,IID_BALANCED,0.01,2116,0.5,0.864328081814096,0.010396149320273626,0.8639439896226786,0.24801512287334596,0.056764309955245985,0.9558932860008937,0.39103530234378087,0.00936768149882904,0.011720226843100189,0.004463409812142758,12.4,795.6
CONTRASTIVE,LOGREG,0.25,IID_BALANCED,0.02,2116,0.5,0.864328081814096,0.010396149320273626,0.8639439896226786,0.3620037807183365,0.04085100715496089,0.9389873601932829,0.5216167797877317,0.01990632318501171,0.02325141776937618,0.0031772658438509655,24.6,675.0
CONTRASTIVE,LOGREG,0.25,IID_ORIGINAL,0.005,3051,0.3467715503113733,0.7860558232766022,0.01770659485078087,0.8624640874440503,0.18903591682419657,0.05884834131771197,0.932198695351705,0.31077825681255805,0.00468384074941452,0.007526342197691922,0.003458115592596644,15.0,858.0
CONTRASTIVE,LOGREG,0.25,IID_ORIGINAL,0.01,3051,0.3467715503113733,0.7860558232766022,0.01770659485078087,0.8624640874440503,0.24801512287334596,0.056764309955245985,0.9224018651706718,0.3879032651423368,0.00936768149882904,0.011440040140491721,0.005291089343287132,22.8,795.6
CONTRASTIVE,LOGREG,0.25,IID_ORIGINAL,0.02,3051,0.3467715503113733,0.7860558232766022,0.01770659485078087,0.8624640874440503,0.3620037807183365,0.04085100715496089,0.886718942568888,0.5132310302759715,0.01990632318501171,0.024385348720521827,0.004781185850304703,48.6,675.0
CONTRASTIVE,LOGREG,0.25,TEMPLATE_OOD,0.005,6832,0.5,0.873641942405125,0.0048757332063163825,0.8608681456323459,0.22827868852459016,0.08508855945069044,0.9748326022620415,0.363416965855646,0.00468384074941452,0.006147540983606557,0.0028154836155842135,21.0,2636.2
CONTRASTIVE,LOGREG,0.25,TEMPLATE_OOD,0.01,6832,0.5,0.873641942405125,0.0048757332063163825,0.8608681456323459,0.27956674473067916,0.07297011775753588,0.9674959349129667,0.4296088844147959,0.00936768149882904,0.009601873536299765,0.0037682819683913403,32.8,2461.0
CONTRASTIVE,LOGREG,0.25,TEMPLATE_OOD,0.02,6832,0.5,0.873641942405125,0.0048757332063163825,0.8608681456323459,0.3737704918032787,0.04285488326032867,0.9523784099675033,0.5356712337284228,0.01990632318501171,0.01873536299765808,0.003561336376052822,64.0,2139.2
CONTRASTIVE,LOGREG,0.25,TEMPORAL,0.005,8000,0.5,0.8746711857455015,0.006284889397469536,0.8627271249999999,0.22824999999999998,0.08144841158672157,0.9733589750112024,0.36383996760004,0.00468384074941452,0.00645,0.0027351873793215707,25.8,3087.0
CONTRASTIVE,LOGREG,0.25,TEMPORAL,0.01,8000,0.5,0.8746711857455015,0.006284889397469536,0.8627271249999999,0.28135,0.07282526175716775,0.9652843942424084,0.4316137457103002,0.00936768149882904,0.01025,0.0035575623676894264,41.0,2874.6
CONTRASTIVE,LOGREG,0.25,TEMPORAL,0.02,8000,0.5,0.8746711857455015,0.006284889397469536,0.8627271249999999,0.3792,0.042389341231021734,0.948864326992026,0.5407675690537983,0.01990632318501171,0.0204,0.003625431008859498,81.6,2483.2
CONTRASTIVE,LOGREG,1.0,DOMAIN_OOD,0.005,3858,0.5,0.8561409332269347,0.010212596648616672,0.8447448980003177,0.167651632970451,0.047782614857670755,0.9690912911398485,0.28341470049283995,0.00468384074941452,0.0052877138413685845,0.0018474369809440602,10.2,1605.6
CONTRASTIVE,LOGREG,1.0,DOMAIN_OOD,0.01,3858,0.5,0.8561409332269347,0.010212596648616672,0.8447448980003177,0.2136858475894246,0.03735454740471577,0.9650773036563616,0.3486461185360392,0.00936768149882904,0.00767236910316226,0.0026280542987323122,14.8,1516.8
CONTRASTIVE,LOGREG,1.0,DOMAIN_OOD,0.02,3858,0.5,0.8561409332269347,0.010212596648616672,0.8447448980003177,0.33561430793157077,0.04623768194554952,0.9479003301554385,0.4942871392948165,0.01990632318501171,0.01835147744945568,0.002683707435053351,35.4,1281.6
CONTRASTIVE,LOGREG,1.0,DOMAIN_TEMPLATE_OOD,0.005,3708,0.5,0.8496867463585218,0.009492508728645058,0.8375331799578507,0.15911542610571736,0.04773538965377981,0.9688929811509096,0.2708815564185967,0.00468384074941452,0.004962243797195254,0.001764339507421373,9.2,1559.0
CONTRASTIVE,LOGREG,1.0,DOMAIN_TEMPLATE_OOD,0.01,3708,0.5,0.8496867463585218,0.009492508728645058,0.8375331799578507,0.20366774541531824,0.0326813665017331,0.9645892312273674,0.335326160450277,0.00936768149882904,0.00744336569579288,0.0025979707829109594,13.8,1476.4
CONTRASTIVE,LOGREG,1.0,DOMAIN_TEMPLATE_OOD,0.02,3708,0.5,0.8496867463585218,0.009492508728645058,0.8375331799578507,0.31920172599784247,0.04449004531107929,0.9472368725892807,0.4761060090269047,0.01990632318501171,0.017691477885652642,0.0025125813805506178,32.8,1262.2
CONTRASTIVE,LOGREG,1.0,IID_BALANCED,0.005,2116,0.5,0.8711262205677317,0.010464078059757496,0.8639766867614108,0.25160680529300566,0.04157393647634073,0.9649113651564558,0.3976277651647353,0.00468384074941452,0.009262759924385633,0.0034984414977923908,9.8,791.8
CONTRASTIVE,LOGREG,1.0,IID_BALANCED,0.01,2116,0.5,0.8711262205677317,0.010464078059757496,0.8639766867614108,0.3022684310018904,0.03165575618029703,0.957810101404494,0.458831802574475,0.00936768149882904,0.01323251417769376,0.0017682690863770993,14.0,738.2
CONTRASTIVE,LOGREG,1.0,IID_BALANCED,0.02,2116,0.5,0.8711262205677317,0.010464078059757496,0.8639766867614108,0.41379962192816633,0.03159219459515813,0.9345400344424745,0.5730890218283075,0.01990632318501171,0.028922495274102077,0.004152340763041361,30.6,620.2
CONTRASTIVE,LOGREG,1.0,IID_ORIGINAL,0.005,3051,0.3467715503113733,0.8021659623827171,0.015361889876111494,0.8648143739382735,0.25160680529300566,0.04157393647634073,0.9454238671545173,0.3959677432752724,0.00468384074941452,0.00772704465629704,0.0022043033252873855,15.4,791.8
CONTRASTIVE,LOGREG,1.0,IID_ORIGINAL,0.01,3051,0.3467715503113733,0.8021659623827171,0.015361889876111494,0.8648143739382735,0.3022684310018904,0.03165575618029703,0.9321915486109331,0.4559084670759561,0.00936768149882904,0.01154039136979428,0.0010643855211036844,23.0,738.2
CONTRASTIVE,LOGREG,1.0,IID_ORIGINAL,0.02,3051,0.3467715503113733,0.8021659623827171,0.015361889876111494,0.8648143739382735,0.41379962192816633,0.03159219459515813,0.8911589908242219,0.564662622288363,0.01990632318501171,0.026793778223783243,0.0038475242373669466,53.4,620.2
CONTRASTIVE,LOGREG,1.0,TEMPLATE_OOD,0.005,6832,0.5,0.8877418999383802,0.008056669647852358,0.8758335721415683,0.23185011709601872,0.07116443705450036,0.9798940720352791,0.37030402464379575,0.00468384074941452,0.004742388758782201,0.0020533580698770706,16.2,2624.0
CONTRASTIVE,LOGREG,1.0,TEMPLATE_OOD,0.01,6832,0.5,0.8877418999383802,0.008056669647852358,0.8758335721415683,0.2866510538641686,0.05046154055765162,0.9750737469424937,0.4411786831442964,0.00936768149882904,0.007142857142857143,0.0017392799505284483,24.4,2436.8
CONTRASTIVE,LOGREG,1.0,TEMPLATE_OOD,0.02,6832,0.5,0.8877418999383802,0.008056669647852358,0.8758335721415683,0.4091334894613583,0.05175193639203607,0.9596509925412295,0.5721335657922106,0.01990632318501171,0.01715456674473068,0.0024193153994607,58.6,2018.4
CONTRASTIVE,LOGREG,1.0,TEMPORAL,0.005,8000,0.5,0.8902880062450705,0.00814158887911161,0.879000625,0.23769999999999997,0.06976845633952353,0.9783498035665191,0.37809321333640805,0.00468384074941452,0.00515,0.002020210385083692,20.6,3049.2
CONTRASTIVE,LOGREG,1.0,TEMPORAL,0.01,8000,0.5,0.8902880062450705,0.00814158887911161,0.879000625,0.2935,0.0514547738310062,0.9745485737286856,0.44924165696822316,0.00936768149882904,0.00745,0.0019316443772081854,29.8,2826.0
CONTRASTIVE,LOGREG,1.0,TEMPORAL,0.02,8000,0.5,0.8902880062450705,0.00814158887911161,0.879000625,0.42225,0.05132616291911952,0.9588645533713483,0.5848411558343495,0.01990632318501171,0.01805,0.002527350391220022,72.2,2311.0
CONTRASTIVE,MLP,0.1,DOMAIN_OOD,0.005,3858,0.5,0.7982482775871034,0.026238908196260718,0.7910740300899668,0.08284085018144116,0.026396351700679475,0.9294820390141318,0.15118636294176174,0.00468384074941452,0.006324520476931052,0.0025237245089970105,12.2,1769.2
CONTRASTIVE,MLP,0.1,DOMAIN_OOD,0.01,3858,0.5,0.7982482775871034,0.026238908196260718,0.7910740300899668,0.13302229134266458,0.051175887012291185,0.9206259338624531,0.22959251874412762,0.00936768149882904,0.011197511664074651,0.003820038035653819,21.6,1672.4
CONTRASTIVE,MLP,0.1,DOMAIN_OOD,0.02,3858,0.5,0.7982482775871034,0.026238908196260718,0.7910740300899668,0.19917055469155004,0.042230624665607244,0.908929050323621,0.32521682546470376,0.01990632318501171,0.019595645412130637,0.003075665520827647,37.8,1544.8
CONTRASTIVE,MLP,0.1,DOMAIN_TEMPLATE_OOD,0.005,3708,0.5,0.7910862482190717,0.02650956165171456,0.7811114834946802,0.08101402373247032,0.029796221153561363,0.927409379748584,0.14782368930569864,0.00468384074941452,0.006364617044228695,0.002734367174894623,11.8,1703.8
CONTRASTIVE,MLP,0.1,DOMAIN_TEMPLATE_OOD,0.01,3708,0.5,0.7910862482190717,0.02650956165171456,0.7811114834946802,0.12815533980582522,0.04964236736891992,0.9204828723708689,0.22224816638501194,0.00936768149882904,0.010787486515641855,0.0038329747582394537,20.0,1616.4
CONTRASTIVE,MLP,0.1,DOMAIN_TEMPLATE_OOD,0.02,3708,0.5,0.7910862482190717,0.02650956165171456,0.7811114834946802,0.19104638619201725,0.03964933294702257,0.909402646831736,0.31434390418682334,0.01990632318501171,0.018770226537216828,0.003245223075834158,34.8,1499.8
CONTRASTIVE,MLP,0.1,IID_BALANCED,0.005,2116,0.5,0.8396561269271064,0.01563278321021591,0.8424299870283483,0.1438563327032136,0.038453827266151056,0.9447368686137517,0.24825407283493695,0.00468384074941452,0.007939508506616257,0.0018424942050678569,8.4,905.8
CONTRASTIVE,MLP,0.1,IID_BALANCED,0.01,2116,0.5,0.8396561269271064,0.01563278321021591,0.8424299870283483,0.20340264650283552,0.051633111280134626,0.9377259997618144,0.331948250792432,0.00936768149882904,0.013043478260869565,0.0034984414977923908,13.8,842.8
CONTRASTIVE,MLP,0.1,IID_BALANCED,0.02,2116,0.5,0.8396561269271064,0.01563278321021591,0.8424299870283483,0.2914933837429111,0.036768579201454765,0.9238593576931091,0.44205818834592703,0.01990632318501171,0.024196597353497162,0.006074203785655812,25.6,749.6
CONTRASTIVE,MLP,0.1,IID_ORIGINAL,0.005,3051,0.3467715503113733,0.7538946441797683,0.021685616051534115,0.8406337113735504,0.1438563327032136,0.038453827266151056,0.9157000352256629,0.24723123410511158,0.00468384074941452,0.00672353236327145,0.0019626299263028548,13.4,905.8
CONTRASTIVE,MLP,0.1,IID_ORIGINAL,0.01,3051,0.3467715503113733,0.7538946441797683,0.021685616051534115,0.8406337113735504,0.20340264650283552,0.051633111280134626,0.900183413142865,0.32959121373226646,0.00936768149882904,0.011540391369794279,0.0025337443397797483,23.0,842.8
CONTRASTIVE,MLP,0.1,IID_ORIGINAL,0.02,3051,0.3467715503113733,0.7538946441797683,0.021685616051534115,0.8406337113735504,0.2914933837429111,0.036768579201454765,0.8756532223317606,0.43626569666722476,0.01990632318501171,0.02207727044656297,0.004431390299211162,44.0,749.6
CONTRASTIVE,MLP,0.1,TEMPLATE_OOD,0.005,6832,0.5,0.8421351777128112,0.02322581414201944,0.8261823321440911,0.15076112412177983,0.05281423130428103,0.967857083027208,0.25790911548936346,0.00468384074941452,0.0049180327868852455,0.0019129167743213746,16.8,2901.0
CONTRASTIVE,MLP,0.1,TEMPLATE_OOD,0.01,6832,0.5,0.8421351777128112,0.02322581414201944,0.8261823321440911,0.20761124121779856,0.07001244059135049,0.9592009228809314,0.33686204922642815,0.00936768149882904,0.00860655737704918,0.0026395349130795905,29.4,2706.8
CONTRASTIVE,MLP,0.1,TEMPLATE_OOD,0.02,6832,0.5,0.8421351777128112,0.02322581414201944,0.8261823321440911,0.27658079625292736,0.05826608057565566,0.9471646105117095,0.4255513196639379,0.01990632318501171,0.015281030444964872,0.003023878573446541,52.2,2471.2
CONTRASTIVE,MLP,0.1,TEMPORAL,0.005,8000,0.5,0.8397085117929265,0.023839154702171704,0.8243891624999999,0.14945,0.050743349317915555,0.9637924865669039,0.25600827614234856,0.00468384074941452,0.0055,0.0021139418156609704,22.0,3402.2
CONTRASTIVE,MLP,0.1,TEMPORAL,0.01,8000,0.5,0.8397085117929265,0.023839154702171704,0.8243891624999999,0.2081,0.06938290495503918,0.9553470698673138,0.3373152659073363,0.00936768149882904,0.00955,0.003129496764657219,38.2,3167.6
CONTRASTIVE,MLP,0.1,TEMPORAL,0.02,8000,0.5,0.8397085117929265,0.023839154702171704,0.8243891624999999,0.2794,0.05932105444106671,0.9430461863511355,0.42839680454955387,0.01990632318501171,0.01675,0.0035881750236018313,67.0,2882.4
CONTRASTIVE,MLP,0.25,DOMAIN_OOD,0.005,3858,0.5,0.8417031697244466,0.011454566511491706,0.8327008759108002,0.15717988595127008,0.05371468941716424,0.9552805841421671,0.26700367130411423,0.00468384074941452,0.0066355624675997925,0.0013910220699843174,12.8,1625.8
CONTRASTIVE,MLP,0.25,DOMAIN_OOD,0.01,3858,0.5,0.8417031697244466,0.011454566511491706,0.8327008759108002,0.21586314152410577,0.02804796706123309,0.9551809907863626,0.351470094054992,0.00936768149882904,0.010057024364955935,0.0031872319645286466,19.4,1512.6
CONTRASTIVE,MLP,0.25,DOMAIN_OOD,0.02,3858,0.5,0.8417031697244466,0.011454566511491706,0.8327008759108002,0.3123898392949715,0.03634669067525273,0.939003779748154,0.4679073102812457,0.01990632318501171,0.020217729393468116,0.002617808433997429,39.0,1326.4
CONTRASTIVE,MLP,0.25,DOMAIN_TEMPLATE_OOD,0.005,3708,0.5,0.8348395159373648,0.01175728190052365,0.8238870095155638,0.1551240560949299,0.05823069833267238,0.9536056500223495,0.2633748052858512,0.00468384074941452,0.006580366774541532,0.0015909256961976939,12.2,1566.4
CONTRASTIVE,MLP,0.25,DOMAIN_TEMPLATE_OOD,0.01,3708,0.5,0.8348395159373648,0.01175728190052365,0.8238870095155638,0.2145631067961165,0.029961746170485068,0.9562260007883847,0.3497559571106298,0.00936768149882904,0.009600862998921251,0.0029394663632014485,17.8,1456.2
CONTRASTIVE,MLP,0.25,DOMAIN_TEMPLATE_OOD,0.02,3708,0.5,0.8348395159373648,0.01175728190052365,0.8238870095155638,0.3028047464940669,0.037231677853049344,0.940701062000177,0.4571719211005993,0.01990632318501171,0.018985976267529667,0.0026533708470871296,35.2,1292.6
CONTRASTIVE,MLP,0.25,IID_BALANCED,0.005,2116,0.5,0.8640765499817391,0.007022251289138457,0.8696411533692346,0.18733459357277882,0.04332594343390145,0.9523108377294518,0.31121016754354497,0.00468384074941452,0.00945179584120983,0.0032052599164108077,10.0,859.8
CONTRASTIVE,MLP,0.25,IID_BALANCED,0.01,2116,0.5,0.8640765499817391,0.007022251289138457,0.8696411533692346,0.25822306238185255,0.018234863500728452,0.9433651657411903,0.4051918991077789,0.00936768149882904,0.015500945179584122,0.0022762938712272774,16.4,784.8
CONTRASTIVE,MLP,0.25,IID_BALANCED,0.02,2116,0.5,0.8640765499817391,0.007022251289138457,0.8696411533692346,0.3661625708884688,0.04274574016077932,0.9291118431384053,0.5240228528858455,0.01990632318501171,0.028166351606805296,0.005955381475245127,29.8,670.6
CONTRASTIVE,MLP,0.25,IID_ORIGINAL,0.005,3051,0.3467715503113733,0.7885606157901437,0.012872735246825022,0.8687840333416486,0.18733459357277882,0.04332594343390145,0.931255934704758,0.3100703784876214,0.00468384074941452,0.007325639739086803,0.0018298627725850947,14.6,859.8
CONTRASTIVE,MLP,0.25,IID_ORIGINAL,0.01,3051,0.3467715503113733,0.7885606157901437,0.012872735246825022,0.8687840333416486,0.25822306238185255,0.018234863500728452,0.9128503335105556,0.4022532489760272,0.00936768149882904,0.013146011038635223,0.0028026573093364654,26.2,784.8
CONTRASTIVE,MLP,0.25,IID_ORIGINAL,0.02,3051,0.3467715503113733,0.7885606157901437,0.012872735246825022,0.8687840333416486,0.3661625708884688,0.04274574016077932,0.8820443294112998,0.5162414475383377,0.01990632318501171,0.026091319618665332,0.0042870063950414105,52.0,670.6
CONTRASTIVE,MLP,0.25,TEMPLATE_OOD,0.005,6832,0.5,0.8761059970441176,0.00917836603478034,0.8627040096473957,0.22827868852459016,0.07673179569599216,0.9749077769428254,0.3645741469476942,0.00468384074941452,0.0055620608899297425,0.0013885879655306118,19.0,2636.2
CONTRASTIVE,MLP,0.25,TEMPLATE_OOD,0.01,6832,0.5,0.8761059970441176,0.00917836603478034,0.8627040096473957,0.30023419203747076,0.03261300181507946,0.9722955314015355,0.458039774828028,0.00936768149882904,0.008489461358313816,0.0016943555185582884,29.0,2390.4
CONTRASTIVE,MLP,0.25,TEMPLATE_OOD,0.02,6832,0.5,0.8761059970441176,0.00917836603478034,0.8627040096473957,0.3939110070257611,0.03558965373054016,0.9577222040029577,0.5574686909977865,0.01990632318501171,0.017388758782201405,0.001858380591112867,59.4,2070.4
CONTRASTIVE,MLP,0.25,TEMPORAL,0.005,8000,0.5,0.8752912858915476,0.010183366062596351,0.86255129375,0.2251,0.07303051588206123,0.973396268754143,0.360751895070786,0.00468384074941452,0.0059499999999999996,0.0014832396974191326,23.8,3099.6
CONTRASTIVE,MLP,0.25,TEMPORAL,0.01,8000,0.5,0.8752912858915476,0.010183366062596351,0.86255129375,0.30095,0.028968948893599827,0.9682923662541245,0.4585996877479036,0.00936768149882904,0.0098,0.0016900443781155566,39.2,2796.2
CONTRASTIVE,MLP,0.25,TEMPORAL,0.02,8000,0.5,0.8752912858915476,0.010183366062596351,0.86255129375,0.39985,0.03571528034329283,0.9523925035382023,0.5625111537119377,0.01990632318501171,0.019950000000000002,0.0022248595461286974,79.8,2400.6
CONTRASTIVE,MLP,1.0,DOMAIN_OOD,0.005,3858,0.5,0.8621583648685249,0.006619155392303597,0.852092626767617,0.18320373250388805,0.030973459464437497,0.9772934489891296,0.3076674963344749,0.00468384074941452,0.00414722654224987,0.000518403317781234,8.0,1575.6
CONTRASTIVE,MLP,1.0,DOMAIN_OOD,0.01,3858,0.5,0.8621583648685249,0.006619155392303597,0.852092626767617,0.27247278382581647,0.04184898881527408,0.957378698460244,0.4228756381261798,0.00936768149882904,0.012130637636080872,0.004025561152580026,23.4,1403.4
CONTRASTIVE,MLP,1.0,DOMAIN_OOD,0.02,3858,0.5,0.8621583648685249,0.006619155392303597,0.852092626767617,0.3571798859512701,0.052067929619449324,0.9444820687538031,0.5166711476272731,0.01990632318501171,0.020943494038361845,0.004299935998616426,40.4,1240.0
CONTRASTIVE,MLP,1.0,DOMAIN_TEMPLATE_OOD,0.005,3708,0.5,0.8549691891545377,0.0070089276069505895,0.8444081952313957,0.17713052858683925,0.032736955794820236,0.9766456835420427,0.2988662031881504,0.00468384074941452,0.004099244875943904,0.0004824310631067505,7.6,1525.6
CONTRASTIVE,MLP,1.0,DOMAIN_TEMPLATE_OOD,0.01,3708,0.5,0.8549691891545377,0.0070089276069505895,0.8444081952313957,0.26170442286947143,0.03861407883675601,0.9589386889955229,0.4100317812739111,0.00936768149882904,0.01121898597626753,0.004025481803030267,20.8,1368.8
CONTRASTIVE,MLP,1.0,DOMAIN_TEMPLATE_OOD,0.02,3708,0.5,0.8549691891545377,0.0070089276069505895,0.8444081952313957,0.34120819848975187,0.046814770811518164,0.9455859791091153,0.5000631431419873,0.01990632318501171,0.019633225458468177,0.004118362280220297,36.4,1221.4
CONTRASTIVE,MLP,1.0,IID_BALANCED,0.005,2116,0.5,0.8882114042052176,0.007874160315094468,0.8882475227003905,0.2608695652173913,0.030119953438805636,0.9644159658194409,0.41002458240801004,0.00468384074941452,0.00945179584120983,0.002988920283713024,10.0,782.0
CONTRASTIVE,MLP,1.0,IID_BALANCED,0.01,2116,0.5,0.8882114042052176,0.007874160315094468,0.8882475227003905,0.3657844990548204,0.014019278803583482,0.9492597734936007,0.5279154507180766,0.00936768149882904,0.019659735349716448,0.005917760242910597,20.8,671.0
CONTRASTIVE,MLP,1.0,IID_BALANCED,0.02,2116,0.5,0.8882114042052176,0.007874160315094468,0.8882475227003905,0.4568998109640832,0.027012961327631393,0.9361189275557973,0.6136028448364124,0.01990632318501171,0.031379962192816635,0.0063192872024373445,33.2,574.6
CONTRASTIVE,MLP,1.0,IID_ORIGINAL,0.005,3051,0.3467715503113733,0.8267814490385668,0.01077108882865688,0.8892286518884147,0.2608695652173913,0.030119953438805636,0.9492334874036817,0.40861472610283417,0.00468384074941452,0.007325639739086803,0.0015707451924233341,14.6,782.0
CONTRASTIVE,MLP,1.0,IID_ORIGINAL,0.01,3051,0.3467715503113733,0.8267814490385668,0.01077108882865688,0.8892286518884147,0.3657844990548204,0.014019278803583482,0.9253501791904067,0.5241239792016107,0.00936768149882904,0.015755143000501758,0.004023446100698336,31.4,671.0
CONTRASTIVE,MLP,1.0,IID_ORIGINAL,0.02,3051,0.3467715503113733,0.8267814490385668,0.01077108882865688,0.8892286518884147,0.4568998109640832,0.027012961327631393,0.9007904475864235,0.6057530479270549,0.01990632318501171,0.026894129453085797,0.005694434905814795,53.6,574.6
CONTRASTIVE,MLP,1.0,TEMPLATE_OOD,0.005,6832,0.5,0.8962770815908423,0.0021977392911203793,0.8841285961777885,0.27576112412177983,0.030964785156760075,0.9845167729530695,0.4301149034292739,0.00468384074941452,0.004332552693208431,0.0007289168382897384,14.8,2474.0
CONTRASTIVE,MLP,1.0,TEMPLATE_OOD,0.01,6832,0.5,0.8962770815908423,0.0021977392911203793,0.8841285961777885,0.36668618266978925,0.026788993413391166,0.9729455499653001,0.5321637971019555,0.00936768149882904,0.010245901639344263,0.0022957241131964464,35.0,2163.4
CONTRASTIVE,MLP,1.0,TEMPLATE_OOD,0.02,6832,0.5,0.8962770815908423,0.0021977392911203793,0.8841285961777885,0.447248243559719,0.03938055490581453,0.9621892143211346,0.6098235296977161,0.01990632318501171,0.01762295081967213,0.0030939174685281853,60.2,1888.2
CONTRASTIVE,MLP,1.0,TEMPORAL,0.005,8000,0.5,0.8962339461750191,0.002135159073515334,0.8847395875,0.27945,0.031147532004959858,0.9816707463225395,0.43432836814790193,0.00468384074941452,0.0052,0.0008177713616898062,20.8,2882.2
CONTRASTIVE,MLP,1.0,TEMPORAL,0.01,8000,0.5,0.8962339461750191,0.002135159073515334,0.8847395875,0.3748,0.030490469822552758,0.9682290254120114,0.5398166830945589,0.00936768149882904,0.01235,0.002897196921163627,49.4,2500.8
CONTRASTIVE,MLP,1.0,TEMPORAL,0.02,8000,0.5,0.8962339461750191,0.002135159073515334,0.8847395875,0.45885,0.04392273044791273,0.9562359662532879,0.6191013362889402,0.01990632318501171,0.0211,0.004400284081738359,84.4,2164.6
CONTRASTIVE,XGBOOST,0.1,DOMAIN_OOD,0.005,3858,0.5,0.7900165808706953,0.010516679180716684,0.776412245927954,0.0640746500777605,0.018950460006249226,0.9509444070069538,0.11955403180452118,0.00468384074941452,0.0033177812337998962,0.0014006486351587659,6.4,1805.4
CONTRASTIVE,XGBOOST,0.1,DOMAIN_OOD,0.01,3858,0.5,0.7900165808706953,0.010516679180716684,0.776412245927954,0.11135303265940902,0.013279627266063644,0.9301293192212444,0.1986673011184868,0.00936768149882904,0.008398133748055989,0.0020211082104321337,16.2,1714.2
CONTRASTIVE,XGBOOST,0.1,DOMAIN_OOD,0.02,3858,0.5,0.7900165808706953,0.010516679180716684,0.776412245927954,0.19564541213063763,0.0216386040770288,0.9177562388604574,0.3220346024264226,0.01990632318501171,0.01762571280456195,0.003419104706654463,34.0,1551.6
CONTRASTIVE,XGBOOST,0.1,DOMAIN_TEMPLATE_OOD,0.005,3708,0.5,0.7825826954743009,0.00920017356363493,0.7690388663713199,0.0546925566343042,0.013573598980228177,0.9443297814267394,0.10312999398382347,0.00468384074941452,0.0032362459546925572,0.0015255809734337597,6.0,1752.6
CONTRASTIVE,XGBOOST,0.1,DOMAIN_TEMPLATE_OOD,0.01,3708,0.5,0.7825826954743009,0.00920017356363493,0.7690388663713199,0.0982740021574973,0.006890493817765395,0.9252016283856692,0.17760719422567206,0.00936768149882904,0.007982740021574973,0.001996413756561138,14.8,1671.8
CONTRASTIVE,XGBOOST,0.1,DOMAIN_TEMPLATE_OOD,0.02,3708,0.5,0.7825826954743009,0.00920017356363493,0.7690388663713199,0.1802588996763754,0.024059359978886627,0.9131919626168458,0.3004817215381495,0.01990632318501171,0.01715210355987055,0.0033984863003286643,31.8,1519.8
CONTRASTIVE,XGBOOST,0.1,IID_BALANCED,0.005,2116,0.5,0.8092001390492273,0.0037019944346179823,0.8096751369527697,0.09073724007561437,0.01860587871930957,0.9351098160315822,0.1649939389519777,0.00468384074941452,0.006238185255198488,0.002276293871227277,6.6,962.0
CONTRASTIVE,XGBOOST,0.1,IID_BALANCED,0.01,2116,0.5,0.8092001390492273,0.0037019944346179823,0.8096751369527697,0.1555765595463138,0.01191076295049025,0.9204136683575165,0.2659578269129649,0.00936768149882904,0.013610586011342154,0.003931310839902726,14.4,893.4
CONTRASTIVE,XGBOOST,0.1,IID_BALANCED,0.02,2116,0.5,0.8092001390492273,0.0037019944346179823,0.8096751369527697,0.24631379962192815,0.014544713846254323,0.9066900431780572,0.3871367959843482,0.01990632318501171,0.02551984877126654,0.005089947832830344,27.0,797.4
CONTRASTIVE,XGBOOST,0.1,IID_ORIGINAL,0.005,3051,0.3467715503113733,0.7074878386842255,0.006540938959643341,0.8068655227132393,0.09073724007561437,0.01860587871930957,0.907492417295329,0.1645222655565071,0.00468384074941452,0.004917210235825389,0.0016412872286799926,9.8,962.0
CONTRASTIVE,XGBOOST,0.1,IID_ORIGINAL,0.01,3051,0.3467715503113733,0.7074878386842255,0.006540938959643341,0.8068655227132393,0.1555765595463138,0.01191076295049025,0.8772917788003729,0.2640779992131694,0.00936768149882904,0.011640742599096839,0.002592676504317875,23.2,893.4
CONTRASTIVE,XGBOOST,0.1,IID_ORIGINAL,0.02,3051,0.3467715503113733,0.7074878386842255,0.006540938959643341,0.8068655227132393,0.24631379962192815,0.014544713846254323,0.8472110485414447,0.3813310420114143,0.01990632318501171,0.023783241344706475,0.004674687285038481,47.4,797.4
CONTRASTIVE,XGBOOST,0.1,TEMPLATE_OOD,0.005,6832,0.5,0.830051741714707,0.00964094686581477,0.8118080674220776,0.1101288056206089,0.029354689744618273,0.9714830517300047,0.19682446970032536,0.00468384074941452,0.003161592505854801,0.0012827226171081172,10.8,3039.8
CONTRASTIVE,XGBOOST,0.1,TEMPLATE_OOD,0.01,6832,0.5,0.830051741714707,0.00964094686581477,0.8118080674220776,0.17207259953161594,0.023787177897683698,0.960311824551783,0.2913467156394465,0.00936768149882904,0.006967213114754099,0.001248871721762385,23.8,2828.2
CONTRASTIVE,XGBOOST,0.1,TEMPLATE_OOD,0.02,6832,0.5,0.830051741714707,0.00964094686581477,0.8118080674220776,0.2622950819672131,0.03487970324921576,0.9410988415587843,0.4092387641619286,0.01990632318501171,0.01639344262295082,0.0032201405152224817,56.0,2520.0
CONTRASTIVE,XGBOOST,0.1,TEMPORAL,0.005,8000,0.5,0.8282569026865059,0.01208664837715756,0.8115813874999999,0.11145000000000001,0.02935898499607914,0.9699818909231158,0.19888145221506187,0.00468384074941452,0.0035000000000000005,0.0015103807466993215,14.0,3554.2
CONTRASTIVE,XGBOOST,0.1,TEMPORAL,0.01,8000,0.5,0.8282569026865059,0.01208664837715756,0.8115813874999999,0.17370000000000002,0.021834176192382447,0.9566900051064359,0.2935439276836164,0.00936768149882904,0.00785,0.0014534441853748638,31.4,3305.2
CONTRASTIVE,XGBOOST,0.1,TEMPORAL,0.02,8000,0.5,0.8282569026865059,0.01208664837715756,0.8115813874999999,0.2676,0.034221521006524536,0.9345341039844015,0.41501815839357914,0.01990632318501171,0.0189,0.0048881233617821054,75.6,2929.6
CONTRASTIVE,XGBOOST,0.25,DOMAIN_OOD,0.005,3858,0.5,0.8223814861199001,0.009197245089359792,0.8091698532749303,0.11435977190254018,0.032532854442138354,0.9636196304818296,0.20313781156305355,0.00468384074941452,0.004561949196474858,0.0022417572120725406,8.8,1708.4
CONTRASTIVE,XGBOOST,0.25,DOMAIN_OOD,0.01,3858,0.5,0.8223814861199001,0.009197245089359792,0.8091698532749303,0.1618455158113012,0.023813848243420976,0.951851955490181,0.2760997948871054,0.00936768149882904,0.008087091757387248,0.0029462461873266607,15.6,1616.8
CONTRASTIVE,XGBOOST,0.25,DOMAIN_OOD,0.02,3858,0.5,0.8223814861199001,0.009197245089359792,0.8091698532749303,0.2361845515811301,0.03601616144250519,0.9373615447472554,0.376142541509486,0.01990632318501171,0.015863141524105753,0.003975176674480211,30.6,1473.4
CONTRASTIVE,XGBOOST,0.25,DOMAIN_TEMPLATE_OOD,0.005,3708,0.5,0.8156986555646542,0.00958941129487574,0.8012332296477833,0.10819848975188781,0.02388094674614583,0.9642826714917472,0.19382327795836976,0.00468384074941452,0.004207119741100324,0.001996413756561138,7.8,1653.4
CONTRASTIVE,XGBOOST,0.25,DOMAIN_TEMPLATE_OOD,0.01,3708,0.5,0.8156986555646542,0.00958941129487574,0.8012332296477833,0.15296655879180152,0.02289197667361871,0.9522962309621528,0.2630879780420838,0.00936768149882904,0.007551240560949299,0.0025867483944513056,14.0,1570.4
CONTRASTIVE,XGBOOST,0.25,DOMAIN_TEMPLATE_OOD,0.02,3708,0.5,0.8156986555646542,0.00958941129487574,0.8012332296477833,0.22373247033441207,0.03481451324224066,0.937236675464316,0.36015060601444615,0.01990632318501171,0.01499460625674218,0.004043509129232214,27.8,1439.2
CONTRASTIVE,XGBOOST,0.25,IID_BALANCED,0.005,2116,0.5,0.8347783125825357,0.007102022565219365,0.8406241401367206,0.1448015122873346,0.05097577036961494,0.9332282552563145,0.24735094114093864,0.00468384074941452,0.011342155009451797,0.006125463798117071,12.0,904.8
CONTRASTIVE,XGBOOST,0.25,IID_BALANCED,0.01,2116,0.5,0.8347783125825357,0.007102022565219365,0.8406241401367206,0.19886578449905482,0.031635995149855475,0.9312696792133313,0.3266852128935335,0.00936768149882904,0.014933837429111533,0.005019250679528074,15.8,847.6
CONTRASTIVE,XGBOOST,0.25,IID_BALANCED,0.02,2116,0.5,0.8347783125825357,0.007102022565219365,0.8406241401367206,0.28223062381852554,0.037179333071826096,0.917542286916831,0.43065073664124326,0.01990632318501171,0.02533081285444234,0.0034984414977923908,26.8,759.4
CONTRASTIVE,XGBOOST,0.25,IID_ORIGINAL,0.005,3051,0.3467715503113733,0.7456273017414738,0.014835267413342026,0.8393327496900778,0.1448015122873346,0.05097577036961494,0.8996313249449018,0.2460726629348831,0.00468384074941452,0.009031610637230306,0.00459867104360847,18.0,904.8
CONTRASTIVE,XGBOOST,0.25,IID_ORIGINAL,0.01,3051,0.3467715503113733,0.7456273017414738,0.014835267413342026,0.8393327496900778,0.19886578449905482,0.031635995149855475,0.8878439384907282,0.3238202867757067,0.00936768149882904,0.01354741595584546,0.004272299640222379,27.0,847.6
CONTRASTIVE,XGBOOST,0.25,IID_ORIGINAL,0.02,3051,0.3467715503113733,0.7456273017414738,0.014835267413342026,0.8393327496900778,0.28223062381852554,0.037179333071826096,0.8684651745286516,0.4248897814222891,0.01990632318501171,0.022779729051680884,0.004496250239281458,45.4,759.4
CONTRASTIVE,XGBOOST,0.25,TEMPLATE_OOD,0.005,6832,0.5,0.8594322725089996,0.007393047753137865,0.8414904341876499,0.18870023419203746,0.04586901187696359,0.9804238234422419,0.314381881669951,0.00468384074941452,0.003922716627634661,0.0017878725391806173,13.4,2771.4
CONTRASTIVE,XGBOOST,0.25,TEMPLATE_OOD,0.01,6832,0.5,0.8594322725089996,0.007393047753137865,0.8414904341876499,0.242271662763466,0.019632798445108065,0.9716679450278793,0.3875026727329209,0.00936768149882904,0.007084309133489461,0.0014548915269073973,24.2,2588.4
CONTRASTIVE,XGBOOST,0.25,TEMPLATE_OOD,0.02,6832,0.5,0.8594322725089996,0.007393047753137865,0.8414904341876499,0.3166861826697892,0.01868314591003059,0.9582335468246284,0.47576473637613326,0.01990632318501171,0.013875878220140515,0.0033029069572759573,47.4,2334.2
CONTRASTIVE,XGBOOST,0.25,TEMPORAL,0.005,8000,0.5,0.8582219165162261,0.00991975936684403,0.84237830625,0.19065,0.05019169503015414,0.9747849984668957,0.31639175299545624,0.00468384074941452,0.0052,0.002558075448457297,20.8,3237.4
CONTRASTIVE,XGBOOST,0.25,TEMPORAL,0.01,8000,0.5,0.8582219165162261,0.00991975936684403,0.84237830625,0.24474999999999997,0.02393350162429227,0.9655946424892973,0.38999664014339747,0.00936768149882904,0.008799999999999999,0.003188847754283669,35.2,3021.0
CONTRASTIVE,XGBOOST,0.25,TEMPORAL,0.02,8000,0.5,0.8582219165162261,0.00991975936684403,0.84237830625,0.3221,0.021811407565767056,0.9515721041875456,0.4809321718674596,0.01990632318501171,0.01645,0.003541715685935278,65.8,2711.6
CONTRASTIVE,XGBOOST,1.0,DOMAIN_OOD,0.005,3858,0.5,0.8442116687074211,0.0029794765297039053,0.8315892246282693,0.13447382063245206,0.04607027856117562,0.971619879002041,0.23387552190037714,0.00468384074941452,0.004043545878693624,0.002054081156677963,7.8,1669.6
CONTRASTIVE,XGBOOST,1.0,DOMAIN_OOD,0.01,3858,0.5,0.8442116687074211,0.0029794765297039053,0.8315892246282693,0.20767236910316225,0.03780543053579547,0.9603395549721035,0.3401176842361675,0.00936768149882904,0.008709175738724729,0.0033274870991977634,16.8,1528.4
CONTRASTIVE,XGBOOST,1.0,DOMAIN_OOD,0.02,3858,0.5,0.8442116687074211,0.0029794765297039053,0.8315892246282693,0.29186106791083466,0.051942615527728574,0.9462971875431769,0.44403879621589953,0.01990632318501171,0.016692586832555728,0.0038689700688533516,32.2,1366.0
CONTRASTIVE,XGBOOST,1.0,DOMAIN_TEMPLATE_OOD,0.005,3708,0.5,0.8383189132867589,0.003759087459250558,0.8250554793332938,0.12297734627831716,0.04431412277549888,0.9720180475939622,0.21608640845382396,0.00468384074941452,0.0036677454153182304,0.0022369408148142094,6.8,1626.0
CONTRASTIVE,XGBOOST,1.0,DOMAIN_TEMPLATE_OOD,0.01,3708,0.5,0.8383189132867589,0.003759087459250558,0.8250554793332938,0.19277238403451996,0.03724534967046007,0.9612136579363169,0.31977281944530295,0.00936768149882904,0.007874865156418555,0.0030654309036424647,14.6,1496.6
CONTRASTIVE,XGBOOST,1.0,DOMAIN_TEMPLATE_OOD,0.02,3708,0.5,0.8383189132867589,0.003759087459250558,0.8250554793332938,0.27626752966558793,0.05111180097737441,0.9485113774177341,0.42581137368486843,0.01990632318501171,0.015102481121898598,0.00361823297330063,28.0,1341.8
CONTRASTIVE,XGBOOST,1.0,IID_BALANCED,0.005,2116,0.5,0.867313464495779,0.007889085921595549,0.8704601898935467,0.1767485822306238,0.05145806271764159,0.9621182858176798,0.295797265117823,0.00468384074941452,0.007372400756143667,0.004141569432931313,7.8,871.0
CONTRASTIVE,XGBOOST,1.0,IID_BALANCED,0.01,2116,0.5,0.867313464495779,0.007889085921595549,0.8704601898935467,0.277882797731569,0.04290948757208381,0.9516745746617783,0.4285955415022558,0.00936768149882904,0.014366729678638942,0.0054049067884672205,15.2,764.0
CONTRASTIVE,XGBOOST,1.0,IID_BALANCED,0.02,2116,0.5,0.867313464495779,0.007889085921595549,0.8704601898935467,0.3686200378071834,0.04887592995783706,0.9287066982704519,0.526037274061643,0.01990632318501171,0.028733459357277884,0.007725072492137071,30.4,668.0
CONTRASTIVE,XGBOOST,1.0,IID_ORIGINAL,0.005,3051,0.3467715503113733,0.795442340462485,0.008827499346442702,0.8716199514937442,0.1767485822306238,0.05145806271764159,0.9412487293819023,0.29455967086134344,0.00468384074941452,0.006322127446061214,0.0037312578911346127,12.6,871.0
CONTRASTIVE,XGBOOST,1.0,IID_ORIGINAL,0.01,3051,0.3467715503113733,0.795442340462485,0.008827499346442702,0.8716199514937442,0.277882797731569,0.04290948757208381,0.9219348039558668,0.42536609793275204,0.00936768149882904,0.012744606121424987,0.004251624719380805,25.4,764.0
CONTRASTIVE,XGBOOST,1.0,IID_ORIGINAL,0.02,3051,0.3467715503113733,0.795442340462485,0.008827499346442702,0.8716199514937442,0.3686200378071834,0.04887592995783706,0.8903403901350119,0.519520768990856,0.01990632318501171,0.024485699949824385,0.006419734110009816,48.8,668.0
CONTRASTIVE,XGBOOST,1.0,TEMPLATE_OOD,0.005,6832,0.5,0.8833749853007962,0.0024000676251744106,0.8670525704907064,0.21809133489461358,0.04697314855322648,0.9851431964220673,0.3551048911327115,0.00468384074941452,0.003395784543325527,0.0016765598434749828,11.6,2671.0
CONTRASTIVE,XGBOOST,1.0,TEMPLATE_OOD,0.01,6832,0.5,0.8833749853007962,0.0024000676251744106,0.8670525704907064,0.30040983606557375,0.032374852232021564,0.9779061746439538,0.4588298540869758,0.00936768149882904,0.006850117096018736,0.0025148397652124746,23.4,2389.8
CONTRASTIVE,XGBOOST,1.0,TEMPLATE_OOD,0.02,6832,0.5,0.8833749853007962,0.0024000676251744106,0.8670525704907064,0.3848946135831382,0.04747283304144196,0.9651551950152697,0.5488569746508265,0.01990632318501171,0.01411007025761124,0.004126492608627909,48.2,2101.2
CONTRASTIVE,XGBOOST,1.0,TEMPORAL,0.005,8000,0.5,0.8827960962474242,0.002768491619561102,0.8677096375,0.21935000000000002,0.05007201064467054,0.9836735399466059,0.3564045500470683,0.00468384074941452,0.0038,0.0020417516989095423,15.2,3122.6
CONTRASTIVE,XGBOOST,1.0,TEMPORAL,0.01,8000,0.5,0.8827960962474242,0.002768491619561102,0.8677096375,0.30575,0.03422946464670459,0.9732876457517345,0.46439803174398764,0.00936768149882904,0.00855,0.003479403684541361,34.2,2777.0
CONTRASTIVE,XGBOOST,1.0,TEMPORAL,0.02,8000,0.5,0.8827960962474242,0.002768491619561102,0.8677096375,0.39465,0.04865137459517461,0.9593924392830887,0.5577017649432037,0.01990632318501171,0.016999999999999998,0.005190134873006674,68.0,2421.4
DAPT,LOGREG,0.1,DOMAIN_OOD,0.005,3858,0.5,0.8895999363737875,0.004493062218879636,0.8840744297093206,0.17076205287713841,0.07312206972825396,0.9748180249631766,0.2852520606876152,0.00468384074941452,0.004043545878693624,0.0021184879981029085,7.8,1599.6
DAPT,LOGREG,0.1,DOMAIN_OOD,0.01,3858,0.5,0.8895999363737875,0.004493062218879636,0.8840744297093206,0.2765163297045101,0.06558734210032209,0.9710738339399267,0.427037816928509,0.00936768149882904,0.007983411093831,0.002968962377040198,15.4,1395.6
DAPT,LOGREG,0.1,DOMAIN_OOD,0.02,3858,0.5,0.8895999363737875,0.004493062218879636,0.8840744297093206,0.4202177293934681,0.06508243451817491,0.9589243441008417,0.5819888704170965,0.01990632318501171,0.017833074131674443,0.0038200380356538184,34.4,1118.4
DAPT,LOGREG,0.1,DOMAIN_TEMPLATE_OOD,0.005,3708,0.5,0.8785704502733459,0.004349562272935374,0.8718917318046987,0.16213592233009708,0.07354364481754272,0.9721676803229814,0.27242957755199504,0.00468384074941452,0.004207119741100324,0.0022041873507769746,7.8,1553.4
DAPT,LOGREG,0.1,DOMAIN_TEMPLATE_OOD,0.01,3708,0.5,0.8785704502733459,0.004349562272935374,0.8718917318046987,0.25771305285868396,0.06618213092247661,0.9683949952179415,0.4035028304500976,0.00936768149882904,0.00819848975188781,0.0030368259461185003,15.2,1376.2
DAPT,LOGREG,0.1,DOMAIN_TEMPLATE_OOD,0.02,3708,0.5,0.8785704502733459,0.004349562272935374,0.8718917318046987,0.3947141316073355,0.06811232141434925,0.9566095051258902,0.5561019493069793,0.01990632318501171,0.017691477885652642,0.003970908806754253,32.8,1122.2
DAPT,LOGREG,0.1,IID_BALANCED,0.005,2116,0.5,0.8976623473615714,0.006053392185779921,0.8873990944857972,0.22778827977315688,0.0983441075763294,0.9779706175459912,0.36103113993567837,0.00468384074941452,0.005482041587901701,0.00391993220289749,5.8,817.0
DAPT,LOGREG,0.1,IID_BALANCED,0.01,2116,0.5,0.8976623473615714,0.006053392185779921,0.8873990944857972,0.3604914933837429,0.0863265170016574,0.9684901693019766,0.5202844331815338,0.00936768149882904,0.01172022684310019,0.003931310839902726,12.4,676.6
DAPT,LOGREG,0.1,IID_BALANCED,0.02,2116,0.5,0.8976623473615714,0.006053392185779921,0.8873990944857972,0.49319470699432894,0.05059757398914923,0.9528660796437467,0.6486894395797276,0.01990632318501171,0.02438563327032136,0.0030917631821920847,25.8,536.2
DAPT,LOGREG,0.1,IID_ORIGINAL,0.005,3051,0.3467715503113733,0.8432266468988437,0.005233508264981692,0.8880694908550437,0.22778827977315688,0.0983441075763294,0.9676352542128821,0.36017691078892644,0.00468384074941452,0.004315102860010035,0.0028516351707742744,8.6,817.0
DAPT,LOGREG,0.1,IID_ORIGINAL,0.01,3051,0.3467715503113733,0.8432266468988437,0.005233508264981692,0.8880694908550437,0.3604914933837429,0.0863265170016574,0.951873277713025,0.5178287241514321,0.00936768149882904,0.00963371801304566,0.0027113409104076863,19.2,676.6
DAPT,LOGREG,0.1,IID_ORIGINAL,0.02,3051,0.3467715503113733,0.8432266468988437,0.005233508264981692,0.8880694908550437,0.49319470699432894,0.05059757398914923,0.9258785410584265,0.6422764439789074,0.01990632318501171,0.02097340692423482,0.0030807990833936275,41.8,536.2
DAPT,LOGREG,0.1,TEMPLATE_OOD,0.005,6832,0.5,0.9136520067192901,0.002407720029618678,0.9051773853857586,0.21727166276346604,0.08174982673831477,0.9847475025030356,0.34976191019804165,0.00468384074941452,0.003161592505854801,0.0015545571484018449,10.8,2673.8
DAPT,LOGREG,0.1,TEMPLATE_OOD,0.01,6832,0.5,0.9136520067192901,0.002407720029618678,0.9051773853857586,0.3344262295081967,0.07323025533583669,0.9814783220841742,0.49502661625577715,0.00936768149882904,0.006206088992974239,0.0017244351844289392,21.2,2273.6
DAPT,LOGREG,0.1,TEMPLATE_OOD,0.02,6832,0.5,0.9136520067192901,0.002407720029618678,0.9051773853857586,0.48120608899297423,0.056599756960388374,0.9709550800727378,0.6419035484288144,0.01990632318501171,0.014285714285714285,0.002710020330452721,48.8,1772.2
DAPT,LOGREG,0.1,TEMPORAL,0.005,8000,0.5,0.9174002415280766,0.003177040989457009,0.9082323499999999,0.2259,0.08366331334581484,0.9864174915511347,0.36113571290900953,0.00468384074941452,0.00295,0.0011510864433221337,11.8,3096.4
DAPT,LOGREG,0.1,TEMPORAL,0.01,8000,0.5,0.9174002415280766,0.003177040989457009,0.9082323499999999,0.3478,0.07477286439611633,0.9817564362467677,0.5096997497188259,0.00936768149882904,0.00645,0.0017624556732014568,25.8,2608.8
DAPT,LOGREG,0.1,TEMPORAL,0.02,8000,0.5,0.9174002415280766,0.003177040989457009,0.9082323499999999,0.49924999999999997,0.0555858007948073,0.970525304673496,0.657774103419513,0.01990632318501171,0.015200000000000002,0.003515145800674561,60.8,2003.0
DAPT,LOGREG,0.25,DOMAIN_OOD,0.005,3858,0.5,0.9161586521123984,0.007561916059325838,0.9125696276928956,0.2536029030585796,0.0756161923002414,0.9836535740655936,0.3984286982236326,0.00468384074941452,0.0037325038880248835,0.0013418537175266753,7.2,1439.8
DAPT,LOGREG,0.25,DOMAIN_OOD,0.01,3858,0.5,0.9161586521123984,0.007561916059325838,0.9125696276928956,0.3347848626231208,0.0724851310075575,0.9804535060127462,0.49556876240200226,0.00936768149882904,0.006324520476931053,0.0006759152312288909,12.2,1283.2
DAPT,LOGREG,0.25,DOMAIN_OOD,0.02,3858,0.5,0.9161586521123984,0.007561916059325838,0.9125696276928956,0.48035251425609127,0.05446023625865374,0.9685613723539899,0.6408416759361433,0.01990632318501171,0.015448418869880767,0.0030316623156482012,29.8,1002.4
DAPT,LOGREG,0.25,DOMAIN_TEMPLATE_OOD,0.005,3708,0.5,0.9076916320079258,0.007921672253275377,0.90409872121155,0.24271844660194178,0.07761838306879965,0.9817493626566355,0.3840336377846401,0.00468384074941452,0.003883495145631068,0.0013961358258408614,7.2,1404.0
DAPT,LOGREG,0.25,DOMAIN_TEMPLATE_OOD,0.01,3708,0.5,0.9076916320079258,0.007921672253275377,0.90409872121155,0.3156418554476807,0.07698933221732361,0.9782093174114015,0.4730913663646019,0.00936768149882904,0.006580366774541532,0.0007032580803886353,12.2,1268.8
DAPT,LOGREG,0.25,DOMAIN_TEMPLATE_OOD,0.02,3708,0.5,0.9076916320079258,0.007921672253275377,0.90409872121155,0.4538295577130529,0.055046050228901196,0.9664622478134713,0.6161767341959667,0.01990632318501171,0.015533980582524271,0.0034198203849293103,28.8,1012.6
DAPT,LOGREG,0.25,IID_BALANCED,0.005,2116,0.5,0.9090616300759787,0.00693086617645756,0.9006464385132986,0.2340264650283554,0.05529744864446497,0.9800390365510498,0.3751590714182931,0.00468384074941452,0.004914933837429111,0.003862536246068535,5.2,810.4
DAPT,LOGREG,0.25,IID_BALANCED,0.01,2116,0.5,0.9090616300759787,0.00693086617645756,0.9006464385132986,0.34347826086956523,0.09000968553468722,0.9759107237014815,0.5028590375282393,0.00936768149882904,0.008128544423440454,0.004893073385839238,8.6,694.6
DAPT,LOGREG,0.25,IID_BALANCED,0.02,2116,0.5,0.9090616300759787,0.00693086617645756,0.9006464385132986,0.48052930056710774,0.06066698315901249,0.9564595941799825,0.6379287317371053,0.01990632318501171,0.021739130434782608,0.006683428933710279,23.0,549.6
DAPT,LOGREG,0.25,IID_ORIGINAL,0.005,3051,0.3467715503113733,0.8562240427746561,0.014024515203614286,0.9005260377294064,0.2340264650283554,0.05529744864446497,0.9635475093372179,0.37400102730826384,0.00468384074941452,0.004716507777220271,0.003896290749285936,9.4,810.4
DAPT,LOGREG,0.25,IID_ORIGINAL,0.01,3051,0.3467715503113733,0.8562240427746561,0.014024515203614286,0.9005260377294064,0.34347826086956523,0.09000968553468722,0.9554824502238688,0.5002569517408496,0.00936768149882904,0.008128449573507276,0.005219228750204052,16.2,694.6
DAPT,LOGREG,0.25,IID_ORIGINAL,0.02,3051,0.3467715503113733,0.8562240427746561,0.014024515203614286,0.9005260377294064,0.48052930056710774,0.06066698315901249,0.9254375426955503,0.6310102369975243,0.01990632318501171,0.02037129954841947,0.006709288369471862,40.6,549.6
DAPT,LOGREG,0.25,TEMPLATE_OOD,0.005,6832,0.5,0.9319862680362092,0.0032583229953479756,0.9277974842180893,0.28296252927400467,0.07964912811386997,0.9863576223132137,0.4347128443661873,0.00468384074941452,0.0035714285714285713,0.0009575777068967287,12.2,2449.4
DAPT,LOGREG,0.25,TEMPLATE_OOD,0.01,6832,0.5,0.9319862680362092,0.0032583229953479756,0.9277974842180893,0.37640515222482435,0.07141699286122728,0.9840188255159429,0.5413002759391903,0.00936768149882904,0.005971896955503512,0.0010675985087125566,20.4,2130.2
DAPT,LOGREG,0.25,TEMPLATE_OOD,0.02,6832,0.5,0.9319862680362092,0.0032583229953479756,0.9277974842180893,0.5271662763466043,0.039638667076799326,0.9738266513744585,0.6833279866220618,0.01990632318501171,0.014168618266978922,0.002663773575193753,48.4,1615.2
DAPT,LOGREG,0.25,TEMPORAL,0.005,8000,0.5,0.9349460420648683,0.0043865401317520585,0.9307789750000002,0.29225,0.07831307362120324,0.9852582058970336,0.44589475402621287,0.00468384074941452,0.0042499999999999994,0.0021650635094610966,17.0,2831.0
DAPT,LOGREG,0.25,TEMPORAL,0.01,8000,0.5,0.9349460420648683,0.0043865401317520585,0.9307789750000002,0.3901,0.06880738514142215,0.9834513838240145,0.5556519386134472,0.00936768149882904,0.00655,0.0024710827586303134,26.2,2439.6
DAPT,LOGREG,0.25,TEMPORAL,0.02,8000,0.5,0.9349460420648683,0.0043865401317520585,0.9307789750000002,0.54375,0.03982893106775527,0.9734035451678057,0.6969717945945788,0.01990632318501171,0.015,0.004430011286667338,60.0,1825.0
DAPT,LOGREG,1.0,DOMAIN_OOD,0.005,3858,0.5,0.9328698712265873,0.003643412810641928,0.9306985867664451,0.25588387765681697,0.04835149718068118,0.984772593045021,0.4041959099371081,0.00468384074941452,0.00414722654224987,0.001974021022774471,8.0,1435.4
DAPT,LOGREG,1.0,DOMAIN_OOD,0.01,3858,0.5,0.9328698712265873,0.003643412810641928,0.9306985867664451,0.41648522550544326,0.04835288668335497,0.9778111260265037,0.5827429682456147,0.00936768149882904,0.009538621047174702,0.0021248213096857647,18.4,1125.6
DAPT,LOGREG,1.0,DOMAIN_OOD,0.02,3858,0.5,0.9328698712265873,0.003643412810641928,0.9306985867664451,0.5240020736132711,0.03362116297695514,0.9700451825259485,0.6799237834982822,0.01990632318501171,0.016174183514774496,0.0017349093344407997,31.2,918.2
DAPT,LOGREG,1.0,DOMAIN_TEMPLATE_OOD,0.005,3708,0.5,0.9272798801342734,0.003980648085253872,0.925332905092229,0.2279395900755124,0.04851161591760204,0.9841099633648124,0.367969710228666,0.00468384074941452,0.0038834951456310682,0.001922171486645681,7.2,1431.4
DAPT,LOGREG,1.0,DOMAIN_TEMPLATE_OOD,0.01,3708,0.5,0.9272798801342734,0.003980648085253872,0.925332905092229,0.38813376483279394,0.05042875924923138,0.9769250213669384,0.5539182435834075,0.00936768149882904,0.009277238403451996,0.0023324431834346984,17.2,1134.4
DAPT,LOGREG,1.0,DOMAIN_TEMPLATE_OOD,0.02,3708,0.5,0.9272798801342734,0.003980648085253872,0.925332905092229,0.4969795037756203,0.036730163914429376,0.9690512037944377,0.6563632457698286,0.01990632318501171,0.015857605177993526,0.0017310470912493213,29.4,932.6
DAPT,LOGREG,1.0,IID_BALANCED,0.005,2116,0.5,0.9337228219152083,0.0040473815621536674,0.9251537480211978,0.29584120982986767,0.07143769592547722,0.9895057936041516,0.45164341319094703,0.00468384074941452,0.0032136105860113423,0.0014334358117299717,3.4,745.0
DAPT,LOGREG,1.0,IID_BALANCED,0.01,2116,0.5,0.9337228219152083,0.0040473815621536674,0.9251537480211978,0.46994328922495276,0.04880916890078998,0.981746525590937,0.6344610288987208,0.00936768149882904,0.008695652173913044,0.002622766904633574,9.2,560.8
DAPT,LOGREG,1.0,IID_BALANCED,0.02,2116,0.5,0.9337228219152083,0.0040473815621536674,0.9251537480211978,0.5746691871455576,0.01745386135408257,0.9725397441340629,0.722306689493967,0.01990632318501171,0.01625708884688091,0.002622766904633574,17.2,450.0
DAPT,LOGREG,1.0,IID_ORIGINAL,0.005,3051,0.3467715503113733,0.8982989767383971,0.004757909599931824,0.9260403852045485,0.29584120982986767,0.07143769592547722,0.9872871220818983,0.4513611210853082,0.00468384074941452,0.0021073758153537384,0.001087781404349162,4.2,745.0
DAPT,LOGREG,1.0,IID_ORIGINAL,0.01,3051,0.3467715503113733,0.8982989767383971,0.004757909599931824,0.9260403852045485,0.46994328922495276,0.04880916890078998,0.9723814280967564,0.6324186376901937,0.00936768149882904,0.007124937280481686,0.0018571756671672604,14.2,560.8
DAPT,LOGREG,1.0,IID_ORIGINAL,0.02,3051,0.3467715503113733,0.8982989767383971,0.004757909599931824,0.9260403852045485,0.5746691871455576,0.01745386135408257,0.9551763311070498,0.7174460038110063,0.01990632318501171,0.01435022579026593,0.0021755628086983243,28.6,450.0
DAPT,LOGREG,1.0,TEMPLATE_OOD,0.005,6832,0.5,0.950111967621545,0.002416640912602752,0.9459900269567649,0.3248829039812646,0.058102225620936344,0.9921811068875923,0.4870292094197682,0.00468384074941452,0.0026932084309133487,0.0015267452939584658,9.2,2306.2
DAPT,LOGREG,1.0,TEMPLATE_OOD,0.01,6832,0.5,0.950111967621545,0.002416640912602752,0.9459900269567649,0.4926229508196721,0.043273772018406945,0.9849901313996646,0.6557937812207604,0.00936768149882904,0.007611241217798595,0.0021211031537162525,26.0,1733.2
DAPT,LOGREG,1.0,TEMPLATE_OOD,0.02,6832,0.5,0.950111967621545,0.002416640912602752,0.9459900269567649,0.5914519906323185,0.0303664712778334,0.9774399080130222,0.7365995104511754,0.01990632318501171,0.01364168618266979,0.0013824026877186876,46.6,1395.6
DAPT,LOGREG,1.0,TEMPORAL,0.005,8000,0.5,0.9534945494668043,0.001913520741804108,0.9492149125000001,0.3405,0.058341666071513594,0.9929156280227052,0.5047278794552831,0.00468384074941452,0.00255,0.0014512925273699993,10.2,2638.0
DAPT,LOGREG,1.0,TEMPORAL,0.01,8000,0.5,0.9534945494668043,0.001913520741804108,0.9492149125000001,0.5089499999999999,0.043336762684815296,0.985873956129727,0.6703723771917585,0.00936768149882904,0.0073999999999999995,0.002110983183258455,29.6,1964.2
DAPT,LOGREG,1.0,TEMPORAL,0.02,8000,0.5,0.9534945494668043,0.001913520741804108,0.9492149125000001,0.6067,0.027258255630175636,0.9788849570548818,0.7488122699893303,0.01990632318501171,0.0131,0.001526843148460247,52.4,1573.2
DAPT,MLP,0.1,DOMAIN_OOD,0.005,3858,0.5,0.8594988546156701,0.034292134612699046,0.8626723543223523,0.12825298081907724,0.06554327952419776,0.9454915507911341,0.22154393890978202,0.00468384074941452,0.004665629860031105,0.0011591850583202643,9.0,1681.6
DAPT,MLP,0.1,DOMAIN_OOD,0.01,3858,0.5,0.8594988546156701,0.034292134612699046,0.8626723543223523,0.20767236910316225,0.07173529421720112,0.9478416894338016,0.33661427647157094,0.00936768149882904,0.009123898392949716,0.0026075223099967433,17.6,1528.4
DAPT,MLP,0.1,DOMAIN_OOD,0.02,3858,0.5,0.8594988546156701,0.034292134612699046,0.8626723543223523,0.32763089683773977,0.12923171906289976,0.9304054567255013,0.47361363286665076,0.01990632318501171,0.021358216692586834,0.005707147307215297,41.2,1297.0
DAPT,MLP,0.1,DOMAIN_TEMPLATE_OOD,0.005,3708,0.5,0.8460420357585869,0.036504293601109704,0.8487737816366024,0.11618122977346279,0.06011858589267541,0.931935714212407,0.20303333729059814,0.00468384074941452,0.0048543689320388345,0.001206077657766877,9.0,1638.6
DAPT,MLP,0.1,DOMAIN_TEMPLATE_OOD,0.01,3708,0.5,0.8460420357585869,0.036504293601109704,0.8487737816366024,0.1913700107874865,0.06550056637013003,0.9436626855998869,0.3147223028508716,0.00936768149882904,0.009277238403451996,0.002734367174894623,17.2,1499.2
DAPT,MLP,0.1,DOMAIN_TEMPLATE_OOD,0.02,3708,0.5,0.8460420357585869,0.036504293601109704,0.8487737816366024,0.3004314994606257,0.12203038670210423,0.924778181240859,0.4431984396072931,0.01990632318501171,0.021359223300970873,0.0065351159572215566,39.6,1297.0
DAPT,MLP,0.1,IID_BALANCED,0.005,2116,0.5,0.8816703410823201,0.017592594188378913,0.8798775018671317,0.19810964083175803,0.10071286536341649,0.9655570533333517,0.3196860496665238,0.00468384074941452,0.006994328922495274,0.004463409812142757,7.4,848.4
DAPT,MLP,0.1,IID_BALANCED,0.01,2116,0.5,0.8816703410823201,0.017592594188378913,0.8798775018671317,0.31190926275992437,0.0731980414104031,0.9537805557457373,0.4665732193643116,0.00936768149882904,0.014366729678638942,0.0041415694329313135,15.2,728.0
DAPT,MLP,0.1,IID_BALANCED,0.02,2116,0.5,0.8816703410823201,0.017592594188378913,0.8798775018671317,0.4321361058601134,0.10485829292419914,0.9365601894917521,0.5852416801332223,0.01990632318501171,0.028544423440453687,0.01005628436920256,30.2,600.8
DAPT,MLP,0.1,IID_ORIGINAL,0.005,3051,0.3467715503113733,0.8182579941857255,0.02853250371304293,0.8815422504284844,0.19810964083175803,0.10071286536341649,0.942893491019662,0.31865792497851714,0.00468384074941452,0.005920722528850978,0.0035372918679407056,11.8,848.4
DAPT,MLP,0.1,IID_ORIGINAL,0.01,3051,0.3467715503113733,0.8182579941857255,0.02853250371304293,0.8815422504284844,0.31190926275992437,0.0731980414104031,0.932772773936507,0.46448969617953006,0.00936768149882904,0.011038635223281485,0.003600777745711823,22.0,728.0
DAPT,MLP,0.1,IID_ORIGINAL,0.02,3051,0.3467715503113733,0.8182579941857255,0.02853250371304293,0.8815422504284844,0.4321361058601134,0.10485829292419914,0.9002029575344723,0.5780751256071381,0.01990632318501171,0.024786753637732063,0.008666012836192493,49.4,600.8
DAPT,MLP,0.1,TEMPLATE_OOD,0.005,6832,0.5,0.894810271478708,0.025913418173123013,0.8911378521107448,0.19677985948477753,0.10762674513008852,0.9658802120540362,0.31645454385707855,0.00468384074941452,0.0036299765807962527,0.001005595084152088,12.4,2743.8
DAPT,MLP,0.1,TEMPLATE_OOD,0.01,6832,0.5,0.894810271478708,0.025913418173123013,0.8911378521107448,0.28793911007025763,0.09481311890341576,0.97172537610143,0.43770136866437176,0.00936768149882904,0.006791569086651054,0.0016740021610650814,23.2,2432.4
DAPT,MLP,0.1,TEMPLATE_OOD,0.02,6832,0.5,0.894810271478708,0.025913418173123013,0.8911378521107448,0.39877049180327867,0.13477005897238178,0.9555568596314705,0.5517237622620466,0.01990632318501171,0.017388758782201405,0.005510204462507018,59.4,2053.8
DAPT,MLP,0.1,TEMPORAL,0.005,8000,0.5,0.9005173962992084,0.024301757391793927,0.8959024,0.20380000000000004,0.10885747562753788,0.972087996086277,0.32606354411333693,0.00468384074941452,0.0036499999999999996,0.001526843148460247,14.6,3184.8
DAPT,MLP,0.1,TEMPORAL,0.01,8000,0.5,0.9005173962992084,0.024301757391793927,0.8959024,0.2984,0.09613054275307092,0.9735163479951993,0.4500132611126223,0.00936768149882904,0.006900000000000001,0.0016826318670463845,27.6,2806.4
DAPT,MLP,0.1,TEMPORAL,0.02,8000,0.5,0.9005173962992084,0.024301757391793927,0.8959024,0.41875,0.13745942583177043,0.9590235959217015,0.5717719123386538,0.01990632318501171,0.016999999999999998,0.004766418991234405,68.0,2325.0
DAPT,MLP,0.25,DOMAIN_OOD,0.005,3858,0.5,0.904501713828736,0.012023644326391388,0.9010218914545687,0.25152928978745465,0.029317071204970263,0.9823897630499998,0.3997810223282074,0.00468384074941452,0.004561949196474858,0.0024425544819885424,8.8,1443.8
DAPT,MLP,0.25,DOMAIN_OOD,0.01,3858,0.5,0.904501713828736,0.012023644326391388,0.9010218914545687,0.3556246759979264,0.054895704893263605,0.9739277515870526,0.5192030502029945,0.00936768149882904,0.009227579056505963,0.0015723951154072676,17.8,1243.0
DAPT,MLP,0.25,DOMAIN_OOD,0.02,3858,0.5,0.904501713828736,0.012023644326391388,0.9010218914545687,0.46936236391912906,0.06112940176398808,0.9580494597449329,0.6282170040961488,0.01990632318501171,0.020425090720580612,0.003187231964528646,39.4,1023.6
DAPT,MLP,0.25,DOMAIN_TEMPLATE_OOD,0.005,3708,0.5,0.8944554356587728,0.013086939744287323,0.8909427879194116,0.23646170442286946,0.027544025431794586,0.9805911617447333,0.3803620509029989,0.00468384074941452,0.004746494066882417,0.002541363320256687,8.8,1415.6
DAPT,MLP,0.25,DOMAIN_TEMPLATE_OOD,0.01,3708,0.5,0.8944554356587728,0.013086939744287323,0.8909427879194116,0.329126213592233,0.05136305123193057,0.9707805575881331,0.48990609016005954,0.00936768149882904,0.009600862998921251,0.0016360033320499576,17.8,1243.8
DAPT,MLP,0.25,DOMAIN_TEMPLATE_OOD,0.02,3708,0.5,0.8944554356587728,0.013086939744287323,0.8909427879194116,0.43851132686084143,0.0612124513570428,0.9537009904592771,0.5988076004431313,0.01990632318501171,0.021143473570658038,0.003222733386470262,39.2,1041.0
DAPT,MLP,0.25,IID_BALANCED,0.005,2116,0.5,0.9036878232379177,0.0057983975983467145,0.89742148219882,0.3149338374291115,0.06549555757077234,0.9759704806434064,0.47318874547902345,0.00468384074941452,0.007561436672967864,0.0030627318990585346,8.0,724.8
DAPT,MLP,0.25,IID_BALANCED,0.01,2116,0.5,0.9036878232379177,0.0057983975983467145,0.89742148219882,0.4128544423440454,0.048159659211065735,0.9646317138127276,0.5771507821640313,0.00936768149882904,0.014744801512287334,0.00381599796563069,15.6,621.2
DAPT,MLP,0.25,IID_BALANCED,0.02,2116,0.5,0.9036878232379177,0.0057983975983467145,0.89742148219882,0.5230623818525519,0.023022448304940688,0.9419592442689801,0.6723492406469227,0.01990632318501171,0.03232514177693761,0.007241580835303576,34.2,504.6
DAPT,MLP,0.25,IID_ORIGINAL,0.005,3051,0.3467715503113733,0.8507626262807403,0.006713511184661539,0.8984304233057667,0.3149338374291115,0.06549555757077234,0.9631365541938312,0.4717253981832991,0.00468384074941452,0.006221776216758655,0.0028071451541795012,12.4,724.8
DAPT,MLP,0.25,IID_ORIGINAL,0.01,3051,0.3467715503113733,0.8507626262807403,0.006713511184661539,0.8984304233057667,0.4128544423440454,0.048159659211065735,0.9441061599567979,0.5735486586384808,0.00936768149882904,0.012644254892122429,0.00297689853972731,25.2,621.2
DAPT,MLP,0.25,IID_ORIGINAL,0.02,3051,0.3467715503113733,0.8507626262807403,0.006713511184661539,0.8984304233057667,0.5230623818525519,0.023022448304940688,0.9102105772810564,0.6640678166724222,0.01990632318501171,0.027496236828901156,0.006983248739671575,54.8,504.6
DAPT,MLP,0.25,TEMPLATE_OOD,0.005,6832,0.5,0.9258848956539325,0.009059642294611267,0.9204161330616634,0.3368852459016393,0.033072759437526,0.9866012269378361,0.50151151500369,0.00468384074941452,0.004625292740046838,0.0014548915269073977,15.8,2265.2
DAPT,MLP,0.25,TEMPLATE_OOD,0.01,6832,0.5,0.9258848956539325,0.009059642294611267,0.9204161330616634,0.4268149882903981,0.03336337649598937,0.9807629632224508,0.5941622774571191,0.00936768149882904,0.008372365339578455,0.0011070064637698494,28.6,1958.0
DAPT,MLP,0.25,TEMPLATE_OOD,0.02,6832,0.5,0.9258848956539325,0.009059642294611267,0.9204161330616634,0.5314402810304449,0.04629857602723472,0.9676361421941337,0.6850494992404331,0.01990632318501171,0.017857142857142856,0.0027383323966436923,61.0,1600.6
DAPT,MLP,0.25,TEMPORAL,0.005,8000,0.5,0.9307900321158182,0.008835954245231885,0.92554805625,0.34995000000000004,0.03329808553055265,0.9868319050068297,0.5159450958979882,0.00468384074941452,0.0047,0.0017446346322367904,18.8,2600.2
DAPT,MLP,0.25,TEMPORAL,0.01,8000,0.5,0.9307900321158182,0.008835954245231885,0.92554805625,0.44539999999999996,0.03621403388190826,0.9809950629507229,0.6118970109930343,0.00936768149882904,0.0087,0.0022458294681475706,34.8,2218.4
DAPT,MLP,0.25,TEMPORAL,0.02,8000,0.5,0.9307900321158182,0.008835954245231885,0.92554805625,0.5532,0.04716838188871865,0.9688014129338338,0.7031823523832201,0.01990632318501171,0.018,0.003980420832022663,72.0,1787.2
DAPT,MLP,1.0,DOMAIN_OOD,0.005,3858,0.5,0.9351990657801246,0.005828655756045559,0.933732146461165,0.288646967340591,0.06365435476611248,0.9890107138366085,0.443636360633848,0.00468384074941452,0.0034214618973561427,0.0019943373832733377,6.6,1372.2
DAPT,MLP,1.0,DOMAIN_OOD,0.01,3858,0.5,0.9351990657801246,0.005828655756045559,0.933732146461165,0.4376360808709176,0.030632767439524776,0.9789490926027048,0.6043484390024225,0.00936768149882904,0.009434940383618456,0.0018834527863748004,18.2,1084.8
DAPT,MLP,1.0,DOMAIN_OOD,0.02,3858,0.5,0.9351990657801246,0.005828655756045559,0.933732146461165,0.5663037843442198,0.04395986775212703,0.9567133276422709,0.7106257284837605,0.01990632318501171,0.025712804561949198,0.00397517667448021,49.6,836.6
DAPT,MLP,1.0,DOMAIN_TEMPLATE_OOD,0.005,3708,0.5,0.9287759693604144,0.0063091804335932,0.9277762649695285,0.2613807982740021,0.06222542584370321,0.9882031829709478,0.4101164102534023,0.00468384074941452,0.003344120819848975,0.001996413756561138,6.2,1369.4
DAPT,MLP,1.0,DOMAIN_TEMPLATE_OOD,0.01,3708,0.5,0.9287759693604144,0.0063091804335932,0.9277762649695285,0.3989212513484358,0.029334228627098027,0.9775543782100534,0.5661120370927716,0.00936768149882904,0.009169363538295578,0.0017477725723861546,17.0,1114.4
DAPT,MLP,1.0,DOMAIN_TEMPLATE_OOD,0.02,3708,0.5,0.9287759693604144,0.0063091804335932,0.9277762649695285,0.5329018338727076,0.0418197753880317,0.9557797422600371,0.6834811442294377,0.01990632318501171,0.02470334412081985,0.0031543023769608283,45.8,866.0
DAPT,MLP,1.0,IID_BALANCED,0.005,2116,0.5,0.9380483668070759,0.004946776071066784,0.931150903548801,0.40926275992438566,0.09029062661292721,0.9878027585258206,0.5736361689246802,0.00468384074941452,0.005103969754253308,0.0023723819277903842,5.4,625.0
DAPT,MLP,1.0,IID_BALANCED,0.01,2116,0.5,0.9380483668070759,0.004946776071066784,0.931150903548801,0.532703213610586,0.019308054884311438,0.9757367429845111,0.6890041028555658,0.00936768149882904,0.01323251417769376,0.0013366857867420556,14.0,494.4
DAPT,MLP,1.0,IID_BALANCED,0.02,2116,0.5,0.9380483668070759,0.004946776071066784,0.931150903548801,0.6198487712665407,0.015039942745494214,0.9646830991567027,0.7546671104496877,0.01990632318501171,0.022684310018903593,0.00283553875236295,24.0,402.2
DAPT,MLP,1.0,IID_ORIGINAL,0.005,3051,0.3467715503113733,0.9032753157188791,0.006909177238880075,0.931490509789936,0.40926275992438566,0.09029062661292721,0.9853917111336798,0.5731544943604959,0.00468384074941452,0.003311590566984446,0.001897407968006928,6.6,625.0
DAPT,MLP,1.0,IID_ORIGINAL,0.01,3051,0.3467715503113733,0.9032753157188791,0.006909177238880075,0.931490509789936,0.532703213610586,0.019308054884311438,0.964062388946975,0.6860703080771193,0.00936768149882904,0.010536879076768691,0.0017015378783555616,21.0,494.4
DAPT,MLP,1.0,IID_ORIGINAL,0.02,3051,0.3467715503113733,0.9032753157188791,0.006909177238880075,0.931490509789936,0.6198487712665407,0.015039942745494214,0.9413883843317157,0.7474508481455395,0.01990632318501171,0.020471650777722027,0.002802657309336466,40.8,402.2
DAPT,MLP,1.0,TEMPLATE_OOD,0.005,6832,0.5,0.9502071322891714,0.004864259613654422,0.9470535234383999,0.3759953161592506,0.05840754520448723,0.9930061683903704,0.5432627010100853,0.00468384074941452,0.0027517564402810306,0.0013026109754851866,9.4,2131.6
DAPT,MLP,1.0,TEMPLATE_OOD,0.01,6832,0.5,0.9502071322891714,0.004864259613654422,0.9470535234383999,0.49777517564402807,0.02577575696824343,0.9835934160473208,0.6607012357693105,0.00936768149882904,0.008313817330210773,0.0016765598434749823,28.4,1715.6
DAPT,MLP,1.0,TEMPLATE_OOD,0.02,6832,0.5,0.9502071322891714,0.004864259613654422,0.9470535234383999,0.6117096018735364,0.0382194526057967,0.968652214654244,0.7492957797835537,0.01990632318501171,0.01984777517564403,0.002717914376682708,67.8,1326.4
DAPT,MLP,1.0,TEMPORAL,0.005,8000,0.5,0.9546861717407549,0.004585926227861605,0.9516745312499999,0.39459999999999995,0.05838492956234512,0.9935859579768067,0.562753565098128,0.00468384074941452,0.00265,0.0013874436925511607,10.6,2421.6
DAPT,MLP,1.0,TEMPORAL,0.01,8000,0.5,0.9546861717407549,0.004585926227861605,0.9516745312499999,0.5225,0.02459293597763389,0.9846780725922647,0.6824417287959914,0.00936768149882904,0.008150000000000001,0.001842213342694054,32.6,1910.0
DAPT,MLP,1.0,TEMPORAL,0.02,8000,0.5,0.9546861717407549,0.004585926227861605,0.9516745312499999,0.6339,0.03615444301880478,0.9702685956706191,0.7663067672502339,0.01990632318501171,0.0195,0.0031274990007992003,78.0,1464.4
DAPT,XGBOOST,0.1,DOMAIN_OOD,0.005,3858,0.5,0.8406104164352008,0.016969505760094473,0.8440400146088152,0.0909279419388284,0.0389589664513766,0.9478751917322745,0.16415211918692824,0.00468384074941452,0.004354587869362364,0.002392531002429098,8.4,1753.6
DAPT,XGBOOST,0.1,DOMAIN_OOD,0.01,3858,0.5,0.8406104164352008,0.016969505760094473,0.8440400146088152,0.15396578538102643,0.05571690238778493,0.9417353699341703,0.26159597863526424,0.00936768149882904,0.008501814411612236,0.0027577887150379244,16.4,1632.0
DAPT,XGBOOST,0.1,DOMAIN_OOD,0.02,3858,0.5,0.8406104164352008,0.016969505760094473,0.8440400146088152,0.25381026438569204,0.06564775192480955,0.9236119770392366,0.39473008003259896,0.01990632318501171,0.02021772939346812,0.0038620177360682577,39.0,1439.4
DAPT,XGBOOST,0.1,DOMAIN_TEMPLATE_OOD,0.005,3708,0.5,0.8268072404132912,0.016479064639619338,0.8282475629240954,0.08640776699029126,0.03616101608351781,0.9438699835425389,0.15676771414338225,0.00468384074941452,0.0044228694714131605,0.002269221571517004,8.2,1693.8
DAPT,XGBOOST,0.1,DOMAIN_TEMPLATE_OOD,0.01,3708,0.5,0.8268072404132912,0.016479064639619338,0.8282475629240954,0.14541531823085221,0.05207770145466991,0.9368642130451018,0.24900499492191258,0.00936768149882904,0.008737864077669903,0.0027343671748946224,16.2,1584.4
DAPT,XGBOOST,0.1,DOMAIN_TEMPLATE_OOD,0.02,3708,0.5,0.8268072404132912,0.016479064639619338,0.8282475629240954,0.2419633225458468,0.06318580878679755,0.9188631776722002,0.3797024193500333,0.01990632318501171,0.020604099244875947,0.00411482872119971,38.2,1405.4
DAPT,XGBOOST,0.1,IID_BALANCED,0.005,2116,0.5,0.8683740415299169,0.010930149881278061,0.8627831518612356,0.20018903591682422,0.075621455244301,0.9718706703854825,0.3266621401450098,0.00468384074941452,0.005482041587901701,0.002353478184874997,5.8,846.2
DAPT,XGBOOST,0.1,IID_BALANCED,0.01,2116,0.5,0.8683740415299169,0.010930149881278061,0.8627831518612356,0.2947069943289225,0.0814375198513886,0.9564566157559045,0.44527587269934515,0.00936768149882904,0.01323251417769376,0.003721175743861914,14.0,746.2
DAPT,XGBOOST,0.1,IID_BALANCED,0.02,2116,0.5,0.8683740415299169,0.010930149881278061,0.8627831518612356,0.39338374291115313,0.08006290386099478,0.9312294673367575,0.5492302643582516,0.01990632318501171,0.028544423440453687,0.005446071943624927,30.2,641.8
DAPT,XGBOOST,0.1,IID_ORIGINAL,0.005,3051,0.3467715503113733,0.800752014098794,0.015425493893377091,0.8647276810993487,0.20018903591682422,0.075621455244301,0.9520719186947921,0.32540580564514376,0.00468384074941452,0.005218263923733066,0.002056588211933688,10.4,846.2
DAPT,XGBOOST,0.1,IID_ORIGINAL,0.01,3051,0.3467715503113733,0.800752014098794,0.015425493893377091,0.8647276810993487,0.2947069943289225,0.0814375198513886,0.9352699012092207,0.4427394360057038,0.00936768149882904,0.010837932764676367,0.0031254212749417835,21.6,746.2
DAPT,XGBOOST,0.1,IID_ORIGINAL,0.02,3051,0.3467715503113733,0.800752014098794,0.015425493893377091,0.8647276810993487,0.39338374291115313,0.08006290386099478,0.8943184150454677,0.5426266561128286,0.01990632318501171,0.02428499749121927,0.00431043283390156,48.4,641.8
DAPT,XGBOOST,0.1,TEMPLATE_OOD,0.005,6832,0.5,0.8819982290417745,0.010101690364108545,0.875031699222285,0.1500585480093677,0.06981515636703461,0.9760436347198607,0.2550265076627668,0.00468384074941452,0.0031030444964871193,0.0016637321122228129,10.6,2903.4
DAPT,XGBOOST,0.1,TEMPLATE_OOD,0.01,6832,0.5,0.8819982290417745,0.010101690364108545,0.875031699222285,0.22740046838407496,0.08361672476044892,0.9697558980441571,0.3622034270361292,0.00936768149882904,0.006381733021077284,0.002204315058198677,21.8,2639.2
DAPT,XGBOOST,0.1,TEMPLATE_OOD,0.02,6832,0.5,0.8819982290417745,0.010101690364108545,0.875031699222285,0.335480093676815,0.0791059225649134,0.9557389341313783,0.49219558716584044,0.01990632318501171,0.015339578454332554,0.0034113951128705417,52.4,2270.0
DAPT,XGBOOST,0.1,TEMPORAL,0.005,8000,0.5,0.8864501697084701,0.008205418050743742,0.87879423125,0.15445,0.07128779699219215,0.9791530361298356,0.26152623587827656,0.00468384074941452,0.00285,0.0014097872179871687,11.4,3382.2
DAPT,XGBOOST,0.1,TEMPORAL,0.01,8000,0.5,0.8864501697084701,0.008205418050743742,0.87879423125,0.23235,0.08367078343125514,0.9715585679127965,0.36874915580329687,0.00936768149882904,0.0064,0.0018758331482304066,25.6,3070.6
DAPT,XGBOOST,0.1,TEMPORAL,0.02,8000,0.5,0.8864501697084701,0.008205418050743742,0.87879423125,0.3436,0.08112347841408182,0.95659740957593,0.5008934495044504,0.01990632318501171,0.01565,0.004017928570793662,62.6,2625.6
DAPT,XGBOOST,0.25,DOMAIN_OOD,0.005,3858,0.5,0.888988160906474,0.00814794261095345,0.887004631230884,0.1339554173146708,0.03176167059797524,0.9816798889275382,0.23460047202013148,0.00468384074941452,0.002592016588906169,0.001511392404055288,5.0,1670.6
DAPT,XGBOOST,0.25,DOMAIN_OOD,0.01,3858,0.5,0.888988160906474,0.00814794261095345,0.887004631230884,0.22934162778641784,0.02876461140448165,0.969900052816762,0.3703682247504678,0.00936768149882904,0.0068429237947122854,0.0027283975877533994,13.2,1486.6
DAPT,XGBOOST,0.25,DOMAIN_OOD,0.02,3858,0.5,0.888988160906474,0.00814794261095345,0.887004631230884,0.37687921202695696,0.06869675311838601,0.9497299451601442,0.5369781607093723,0.01990632318501171,0.019284603421461897,0.0029187533976691026,37.2,1202.0
DAPT,XGBOOST,0.25,DOMAIN_TEMPLATE_OOD,0.005,3708,0.5,0.8770958739955494,0.00847065712540232,0.8746327367050337,0.12513484358144553,0.029648421040586435,0.9794781384932817,0.22090068868831123,0.00468384074941452,0.002696871628910464,0.0015725328734750002,5.0,1622.0
DAPT,XGBOOST,0.25,DOMAIN_TEMPLATE_OOD,0.01,3708,0.5,0.8770958739955494,0.00847065712540232,0.8746327367050337,0.2120819848975189,0.03229812015026601,0.9671163483167045,0.34705692980689484,0.00936768149882904,0.0069039913700107884,0.0026258169244095116,12.8,1460.8
DAPT,XGBOOST,0.25,DOMAIN_TEMPLATE_OOD,0.02,3708,0.5,0.8770958739955494,0.00847065712540232,0.8746327367050337,0.3528586839266451,0.06265965191949067,0.9464293772439994,0.5117861917618768,0.01990632318501171,0.019309600862998922,0.0031311597138511315,35.8,1199.8
DAPT,XGBOOST,0.25,IID_BALANCED,0.005,2116,0.5,0.8940930915247967,0.00747708531586135,0.8886875046901632,0.22419659735349717,0.04903287058411637,0.9789760794104785,0.3626476229740694,0.00468384074941452,0.004914933837429111,0.0018180892307817905,5.2,820.8
DAPT,XGBOOST,0.25,IID_BALANCED,0.01,2116,0.5,0.8940930915247967,0.00747708531586135,0.8886875046901632,0.3525519848771267,0.02895552680915008,0.9648782392333544,0.5159698473841202,0.00936768149882904,0.01266540642722117,0.0025537346098499615,13.4,685.0
DAPT,XGBOOST,0.25,IID_BALANCED,0.02,2116,0.5,0.8940930915247967,0.00747708531586135,0.8886875046901632,0.46748582230623814,0.03480263662728718,0.9417598401705802,0.6241950391245238,0.01990632318501171,0.028922495274102077,0.0046110816323820325,30.6,563.4
DAPT,XGBOOST,0.25,IID_ORIGINAL,0.005,3051,0.3467715503113733,0.837512395909138,0.010521517772155603,0.8901709859745403,0.22419659735349717,0.04903287058411637,0.9711425035325508,0.36215846695829834,0.00468384074941452,0.0035122930255895636,0.0010035122930255895,7.0,820.8
DAPT,XGBOOST,0.25,IID_ORIGINAL,0.01,3051,0.3467715503113733,0.837512395909138,0.010521517772155603,0.8901709859745403,0.3525519848771267,0.02895552680915008,0.9494785704668735,0.5137771509168807,0.00936768149882904,0.009834420471650777,0.0017597268355996176,19.6,685.0
DAPT,XGBOOST,0.25,IID_ORIGINAL,0.02,3051,0.3467715503113733,0.837512395909138,0.010521517772155603,0.8901709859745403,0.46748582230623814,0.03480263662728718,0.9107816661068675,0.6171675659773616,0.01990632318501171,0.024385348720521827,0.004454057405152464,48.6,563.4
DAPT,XGBOOST,0.25,TEMPLATE_OOD,0.005,6832,0.5,0.9152599929425225,0.004848943564795704,0.9089578368635818,0.20948477751756442,0.025626544626644363,0.9904819845998881,0.34519497466431215,0.00468384074941452,0.002107728337236534,0.001379299647469525,7.2,2700.4
DAPT,XGBOOST,0.25,TEMPLATE_OOD,0.01,6832,0.5,0.9152599929425225,0.004848943564795704,0.9089578368635818,0.3152224824355972,0.02911652607303226,0.9835299591257864,0.4768535806657842,0.00936768149882904,0.005210772833723653,0.0013636785361653533,17.8,2339.2
DAPT,XGBOOST,0.25,TEMPLATE_OOD,0.02,6832,0.5,0.9152599929425225,0.004848943564795704,0.9089578368635818,0.4509367681498829,0.05266335675370812,0.9688507153940733,0.6139622650975403,0.01990632318501171,0.01446135831381733,0.0022159474084046324,49.4,1875.6
DAPT,XGBOOST,0.25,TEMPORAL,0.005,8000,0.5,0.9191198908740346,0.005681385853758571,0.9131079187500001,0.21444999999999997,0.03152102472953568,0.9902899468985961,0.3516291684975547,0.00468384074941452,0.0021999999999999997,0.0013157697366940769,8.8,3142.2
DAPT,XGBOOST,0.25,TEMPORAL,0.01,8000,0.5,0.9191198908740346,0.005681385853758571,0.9131079187500001,0.32455,0.028208708761657274,0.982675028616597,0.4873963222075709,0.00936768149882904,0.0057,0.0010368220676663863,22.8,2701.8
DAPT,XGBOOST,0.25,TEMPORAL,0.02,8000,0.5,0.9191198908740346,0.005681385853758571,0.9131079187500001,0.46735,0.05407997549925483,0.9684481779338079,0.6288913594748519,0.01990632318501171,0.0153,0.002780512542679856,61.2,2130.6
DAPT,XGBOOST,1.0,DOMAIN_OOD,0.005,3858,0.5,0.9205078501469824,0.002756990915060529,0.9180985643533625,0.28802488335925347,0.056291057658058044,0.9857202638598889,0.4432583464911417,0.00468384074941452,0.004354587869362364,0.0023356931728499347,8.4,1373.4
DAPT,XGBOOST,1.0,DOMAIN_OOD,0.01,3858,0.5,0.9205078501469824,0.002756990915060529,0.9180985643533625,0.41731467081389323,0.026463968933333807,0.9740405259977347,0.5839181976435435,0.00936768149882904,0.011093831000518403,0.0022477432232948466,21.4,1124.0
DAPT,XGBOOST,1.0,DOMAIN_OOD,0.02,3858,0.5,0.9205078501469824,0.002756990915060529,0.9180985643533625,0.5118714359771903,0.03029800196733464,0.961844327172549,0.6677923622509979,0.01990632318501171,0.020217729393468116,0.0010996995041781452,39.0,941.6
DAPT,XGBOOST,1.0,DOMAIN_TEMPLATE_OOD,0.005,3708,0.5,0.9115058233289546,0.0033524237677037857,0.9092010743265966,0.25825242718446606,0.049202055936304105,0.9838623113718304,0.4070272312405058,0.00468384074941452,0.0044228694714131605,0.0022692215715170044,8.2,1375.2
DAPT,XGBOOST,1.0,DOMAIN_TEMPLATE_OOD,0.01,3708,0.5,0.9115058233289546,0.0033524237677037857,0.9092010743265966,0.3797195253505933,0.026186054140104338,0.9725288929215733,0.5457945454850838,0.00936768149882904,0.010679611650485438,0.0027343671748946232,19.8,1150.0
DAPT,XGBOOST,1.0,DOMAIN_TEMPLATE_OOD,0.02,3708,0.5,0.9115058233289546,0.0033524237677037857,0.9092010743265966,0.47756202804746495,0.028358473985668098,0.9603213923392973,0.6375627928039335,0.01990632318501171,0.019633225458468177,0.0014573091786522449,36.4,968.6
DAPT,XGBOOST,1.0,IID_BALANCED,0.005,2116,0.5,0.9257769967590388,0.005435746260720445,0.917775451059709,0.40510396975425333,0.050937200170526255,0.9872773410884939,0.573077149090343,0.00468384074941452,0.005103969754253308,0.0031772658438509664,5.4,629.4
DAPT,XGBOOST,1.0,IID_BALANCED,0.01,2116,0.5,0.9257769967590388,0.005435746260720445,0.917775451059709,0.5,0.026742068716058803,0.9736905291569851,0.6604325830175262,0.00936768149882904,0.013421550094517959,0.00391993220289749,14.2,529.0
DAPT,XGBOOST,1.0,IID_BALANCED,0.02,2116,0.5,0.9257769967590388,0.005435746260720445,0.917775451059709,0.5714555765595464,0.008626543825409916,0.9597151433537082,0.7163255579181762,0.01990632318501171,0.02400756143667297,0.004463409812142757,25.4,453.4
DAPT,XGBOOST,1.0,IID_ORIGINAL,0.005,3051,0.3467715503113733,0.8834025395197644,0.00825800595012623,0.9180073546638188,0.40510396975425333,0.050937200170526255,0.9838237218501454,0.5724518972009806,0.00468384074941452,0.0035122930255895636,0.0021581347885204784,7.0,629.4
DAPT,XGBOOST,1.0,IID_ORIGINAL,0.01,3051,0.3467715503113733,0.8834025395197644,0.00825800595012623,0.9180073546638188,0.5,0.026742068716058803,0.9603347280958703,0.657318153389134,0.00936768149882904,0.010938283993978927,0.0034653881886265946,21.8,529.0
DAPT,XGBOOST,1.0,IID_ORIGINAL,0.02,3051,0.3467715503113733,0.8834025395197644,0.00825800595012623,0.9180073546638188,0.5714555765595464,0.008626543825409916,0.9325378954783441,0.7086112040812198,0.01990632318501171,0.021976919217260412,0.004082457723393474,43.8,453.4
DAPT,XGBOOST,1.0,TEMPLATE_OOD,0.005,6832,0.5,0.9392179862129357,0.0030483389826688537,0.9345816919552018,0.37382903981264637,0.05003243426406483,0.9906597222325807,0.5411727053973114,0.00468384074941452,0.0036299765807962527,0.001443062944246632,12.4,2139.0
DAPT,XGBOOST,1.0,TEMPLATE_OOD,0.01,6832,0.5,0.9392179862129357,0.0030483389826688537,0.9345816919552018,0.4822599531615925,0.022822086147469157,0.9832717719528828,0.646874554476219,0.00936768149882904,0.00819672131147541,0.0016429994379862157,28.0,1768.6
DAPT,XGBOOST,1.0,TEMPLATE_OOD,0.02,6832,0.5,0.9392179862129357,0.0030483389826688537,0.9345816919552018,0.5647540983606557,0.02790367046461889,0.9739952309656118,0.7146540971046987,0.01990632318501171,0.015046838407494146,0.0007347716860662258,51.4,1486.8
DAPT,XGBOOST,1.0,TEMPORAL,0.005,8000,0.5,0.9439161427061953,0.0026015529508022434,0.9394287437500001,0.3865,0.055227653852033216,0.9915856003348485,0.5542476185159068,0.00468384074941452,0.0034000000000000002,0.001526843148460247,13.6,2454.0
DAPT,XGBOOST,1.0,TEMPORAL,0.01,8000,0.5,0.9439161427061953,0.0026015529508022434,0.9394287437500001,0.50275,0.022643983748448455,0.9841448156901865,0.6652764796652797,0.00936768149882904,0.0081,0.0015268431484602473,32.4,1989.0
DAPT,XGBOOST,1.0,TEMPORAL,0.02,8000,0.5,0.9439161427061953,0.0026015529508022434,0.9394287437500001,0.5871000000000001,0.027831299825915486,0.9747918661644936,0.7325449757987255,0.01990632318501171,0.01515,0.0011805718953117597,60.6,1651.6
