model,seed,label_budget,scenario,target_fpr,review_fraction,direct_recall,direct_fpr,direct_ap,stage1_recall,stage1_fpr,review_precision,assisted_recall,capture_rate
T0_AL_SELECTED,42,0.25,IID_ORIGINAL,0.005,0.05,0.6162570888468809,0.004515805318615153,0.904285689768303,0.4612476370510397,0.0030105368790767687,0.9765625,0.5793950850661626,0.21929824561403508
T0_AL_SELECTED,42,0.25,IID_ORIGINAL,0.005,0.1,0.6162570888468809,0.004515805318615153,0.904285689768303,0.4612476370510397,0.0030105368790767687,0.96484375,0.6947069943289225,0.43333333333333335
T0_AL_SELECTED,42,0.25,IID_ORIGINAL,0.005,0.2,0.6162570888468809,0.004515805318615153,0.904285689768303,0.4612476370510397,0.0030105368790767687,0.736328125,0.8175803402646503,0.6614035087719298
T0_AL_SELECTED,42,0.25,IID_BALANCED,0.005,0.05,0.6162570888468809,0.005671077504725898,0.9340298579795779,0.4612476370510397,0.002835538752362949,0.975609756097561,0.5368620037807184,0.14035087719298245
T0_AL_SELECTED,42,0.25,IID_BALANCED,0.005,0.1,0.6162570888468809,0.005671077504725898,0.9340298579795779,0.4612476370510397,0.002835538752362949,0.9754601226993865,0.611531190926276,0.2789473684210526
T0_AL_SELECTED,42,0.25,IID_BALANCED,0.005,0.2,0.6162570888468809,0.005671077504725898,0.9340298579795779,0.4612476370510397,0.002835538752362949,0.9507692307692308,0.7533081285444234,0.5421052631578948
T0_AL_SELECTED,42,0.25,TEMPORAL,0.005,0.05,0.65975,0.004,0.973901765503776,0.53475,0.00175,0.9965870307167235,0.60775,0.1569048898441698
T0_AL_SELECTED,42,0.25,TEMPORAL,0.005,0.1,0.65975,0.004,0.973901765503776,0.53475,0.00175,0.9897610921501706,0.67975,0.31166039763567976
T0_AL_SELECTED,42,0.25,TEMPORAL,0.005,0.2,0.65975,0.004,0.973901765503776,0.53475,0.00175,0.9658411614005123,0.8175,0.6077377753895755
T0_AL_SELECTED,42,0.25,DOMAIN_OOD,0.005,0.05,0.576464489372732,0.005184033177812338,0.9648597152260461,0.45049248315189216,0.002592016588906169,1.0,0.5282529808190772,0.14150943396226415
T0_AL_SELECTED,42,0.25,DOMAIN_OOD,0.005,0.1,0.576464489372732,0.005184033177812338,0.9648597152260461,0.45049248315189216,0.002592016588906169,0.9899665551839465,0.6039398652151374,0.2792452830188679
T0_AL_SELECTED,42,0.25,DOMAIN_OOD,0.005,0.2,0.576464489372732,0.005184033177812338,0.9648597152260461,0.45049248315189216,0.002592016588906169,0.9631490787269682,0.7485743908761016,0.5424528301886793
T0_AL_SELECTED,42,0.25,TEMPLATE_OOD,0.005,0.05,0.6484192037470726,0.004098360655737705,0.9719887875392785,0.5152224824355972,0.0020491803278688526,0.9960629921259843,0.5892857142857143,0.1527777777777778
T0_AL_SELECTED,42,0.25,TEMPLATE_OOD,0.005,0.1,0.6484192037470726,0.004098360655737705,0.9719887875392785,0.5152224824355972,0.0020491803278688526,0.9921104536489151,0.6624707259953162,0.303743961352657
T0_AL_SELECTED,42,0.25,TEMPLATE_OOD,0.005,0.2,0.6484192037470726,0.004098360655737705,0.9719887875392785,0.5152224824355972,0.0020491803278688526,0.9684106614017769,0.802400468384075,0.592391304347826
T0_AL_SELECTED,42,0.25,DOMAIN_TEMPLATE_OOD,0.005,0.05,0.5507011866235167,0.0048543689320388345,0.963020995733191,0.42340884573894283,0.002696871628910464,1.0,0.5021574973031284,0.13657623947614594
T0_AL_SELECTED,42,0.25,DOMAIN_TEMPLATE_OOD,0.005,0.1,0.5507011866235167,0.0048543689320388345,0.963020995733191,0.42340884573894283,0.002696871628910464,0.9931506849315068,0.5798274002157497,0.27128157156220767
T0_AL_SELECTED,42,0.25,DOMAIN_TEMPLATE_OOD,0.005,0.2,0.5507011866235167,0.0048543689320388345,0.963020995733191,0.42340884573894283,0.002696871628910464,0.9674657534246576,0.7281553398058253,0.5285313376987839
T0_AL_SELECTED,42,0.25,IID_ORIGINAL,0.01,0.05,0.6824196597353497,0.009031610637230306,0.904285689768303,0.5642722117202268,0.006522829904666332,0.959349593495935,0.6758034026465028,0.2559652928416486
T0_AL_SELECTED,42,0.25,IID_ORIGINAL,0.01,0.1,0.6824196597353497,0.009031610637230306,0.904285689768303,0.5642722117202268,0.006522829904666332,0.9020408163265307,0.7731568998109641,0.4793926247288503
T0_AL_SELECTED,42,0.25,IID_ORIGINAL,0.01,0.2,0.6824196597353497,0.009031610637230306,0.904285689768303,0.5642722117202268,0.006522829904666332,0.5950920245398773,0.8393194706994329,0.631236442516269
T0_AL_SELECTED,42,0.25,IID_BALANCED,0.01,0.05,0.6824196597353497,0.011342155009451797,0.9340298579795779,0.5642722117202268,0.007561436672967864,0.9868421052631579,0.6351606805293005,0.16268980477223427
T0_AL_SELECTED,42,0.25,IID_BALANCED,0.01,0.1,0.6824196597353497,0.011342155009451797,0.9340298579795779,0.5642722117202268,0.007561436672967864,0.9802631578947368,0.7051039697542533,0.3232104121475054
T0_AL_SELECTED,42,0.25,IID_BALANCED,0.01,0.2,0.6824196597353497,0.011342155009451797,0.9340298579795779,0.5642722117202268,0.007561436672967864,0.8613861386138614,0.8109640831758034,0.5661605206073753
T0_AL_SELECTED,42,0.25,TEMPORAL,0.01,0.05,0.765,0.00925,0.973901765503776,0.657,0.00475,0.996268656716418,0.72375,0.1946064139941691
T0_AL_SELECTED,42,0.25,TEMPORAL,0.01,0.1,0.765,0.00925,0.973901765503776,0.657,0.00475,0.9738805970149254,0.7875,0.380466472303207
T0_AL_SELECTED,42,0.25,TEMPORAL,0.01,0.2,0.765,0.00925,0.973901765503776,0.657,0.00475,0.8739495798319328,0.891,0.6822157434402333
T0_AL_SELECTED,42,0.25,DOMAIN_OOD,0.01,0.05,0.7081389320891653,0.012960082944530845,0.9648597152260461,0.5909797822706065,0.00673924313115604,0.9926470588235294,0.6609642301710731,0.17110266159695817
T0_AL_SELECTED,42,0.25,DOMAIN_OOD,0.01,0.1,0.7081389320891653,0.012960082944530845,0.9648597152260461,0.5909797822706065,0.00673924313115604,0.977859778597786,0.7283566614826334,0.3358681875792142
T0_AL_SELECTED,42,0.25,DOMAIN_OOD,0.01,0.2,0.7081389320891653,0.012960082944530845,0.9648597152260461,0.5909797822706065,0.00673924313115604,0.9038817005545287,0.8444790046656299,0.6197718631178707
T0_AL_SELECTED,42,0.25,TEMPLATE_OOD,0.01,0.05,0.7543911007025761,0.00936768149882904,0.9719887875392785,0.6443208430913349,0.0055620608899297425,1.0,0.711943793911007,0.19012345679012346
T0_AL_SELECTED,42,0.25,TEMPLATE_OOD,0.01,0.1,0.7543911007025761,0.00936768149882904,0.9719887875392785,0.6443208430913349,0.0055620608899297425,0.9761904761904762,0.7763466042154566,0.37119341563786007
T0_AL_SELECTED,42,0.25,TEMPLATE_OOD,0.01,0.2,0.7543911007025761,0.00936768149882904,0.9719887875392785,0.6443208430913349,0.0055620608899297425,0.886240520043337,0.8837822014051522,0.6732510288065844
T0_AL_SELECTED,42,0.25,DOMAIN_TEMPLATE_OOD,0.01,0.05,0.68554476806904,0.011866235167206042,0.963020995733191,0.5609492988133765,0.007011866235167206,1.0,0.6326860841423948,0.16339066339066338
T0_AL_SELECTED,42,0.25,DOMAIN_TEMPLATE_OOD,0.01,0.1,0.68554476806904,0.011866235167206042,0.963020995733191,0.5609492988133765,0.007011866235167206,0.9849624060150376,0.7022653721682848,0.32186732186732187
T0_AL_SELECTED,42,0.25,DOMAIN_TEMPLATE_OOD,0.01,0.2,0.68554476806904,0.011866235167206042,0.963020995733191,0.5609492988133765,0.007011866235167206,0.9190207156308852,0.8241639697950378,0.5995085995085995
T0_AL_SELECTED,42,0.25,IID_ORIGINAL,0.02,0.05,0.7448015122873346,0.021073758153537382,0.904285689768303,0.6502835538752363,0.015554440541896638,0.9487179487179487,0.7551984877126654,0.3
T0_AL_SELECTED,42,0.25,IID_ORIGINAL,0.02,0.1,0.7448015122873346,0.021073758153537382,0.904285689768303,0.6502835538752363,0.015554440541896638,0.7307692307692307,0.8119092627599244,0.46216216216216216
T0_AL_SELECTED,42,0.25,IID_ORIGINAL,0.02,0.2,0.7448015122873346,0.021073758153537382,0.904285689768303,0.6502835538752363,0.015554440541896638,0.45610278372591007,0.8516068052930057,0.5756756756756757
T0_AL_SELECTED,42,0.25,IID_BALANCED,0.02,0.05,0.7448015122873346,0.021739130434782608,0.9340298579795779,0.6502835538752363,0.017958412098298678,1.0,0.717391304347826,0.1918918918918919
T0_AL_SELECTED,42,0.25,IID_BALANCED,0.02,0.1,0.7448015122873346,0.021739130434782608,0.9340298579795779,0.6502835538752363,0.017958412098298678,0.9432624113475178,0.775992438563327,0.35945945945945945
T0_AL_SELECTED,42,0.25,IID_BALANCED,0.02,0.2,0.7448015122873346,0.021739130434782608,0.9340298579795779,0.6502835538752363,0.017958412098298678,0.7021276595744681,0.8374291115311909,0.5351351351351351
T0_AL_SELECTED,42,0.25,TEMPORAL,0.02,0.05,0.8465,0.021,0.973901765503776,0.75175,0.0125,0.9758064516129032,0.81225,0.24370594159113795
T0_AL_SELECTED,42,0.25,TEMPORAL,0.02,0.1,0.8465,0.021,0.973901765503776,0.75175,0.0125,0.9171717171717172,0.86525,0.45720040281973817
T0_AL_SELECTED,42,0.25,TEMPORAL,0.02,0.2,0.8465,0.021,0.973901765503776,0.75175,0.0125,0.7077856420626896,0.92675,0.7049345417925479
T0_AL_SELECTED,42,0.25,DOMAIN_OOD,0.02,0.05,0.8175220321410057,0.027475375842405392,0.9648597152260461,0.6941420425090721,0.01918092275790565,0.976,0.7573872472783826,0.20677966101694914
T0_AL_SELECTED,42,0.25,DOMAIN_OOD,0.02,0.1,0.8175220321410057,0.027475375842405392,0.9648597152260461,0.6941420425090721,0.01918092275790565,0.9196787148594378,0.8128564022809746,0.38813559322033897
T0_AL_SELECTED,42,0.25,DOMAIN_OOD,0.02,0.2,0.8175220321410057,0.027475375842405392,0.9648597152260461,0.6941420425090721,0.01918092275790565,0.7887323943661971,0.8973561430793157,0.6644067796610169
T0_AL_SELECTED,42,0.25,TEMPLATE_OOD,0.02,0.05,0.8401639344262295,0.021370023419203747,0.9719887875392785,0.7403395784543325,0.01405152224824356,0.9812206572769953,0.8015222482435597,0.23562570462232243
T0_AL_SELECTED,42,0.25,TEMPLATE_OOD,0.02,0.1,0.8401639344262295,0.021370023419203747,0.9719887875392785,0.7403395784543325,0.01405152224824356,0.9178403755868545,0.8548009367681498,0.44081172491544535
T0_AL_SELECTED,42,0.25,TEMPLATE_OOD,0.02,0.2,0.8401639344262295,0.021370023419203747,0.9719887875392785,0.7403395784543325,0.01405152224824356,0.7226792009400705,0.9203747072599532,0.6933483652762119
T0_AL_SELECTED,42,0.25,DOMAIN_TEMPLATE_OOD,0.02,0.05,0.8004314994606256,0.025889967637540454,0.963020995733191,0.6704422869471414,0.018878101402373247,0.9836065573770492,0.7351672060409924,0.19639934533551553
T0_AL_SELECTED,42,0.25,DOMAIN_TEMPLATE_OOD,0.02,0.1,0.8004314994606256,0.025889967637540454,0.963020995733191,0.6704422869471414,0.018878101402373247,0.9300411522633745,0.7923408845738943,0.3698854337152209
T0_AL_SELECTED,42,0.25,DOMAIN_TEMPLATE_OOD,0.02,0.2,0.8004314994606256,0.025889967637540454,0.963020995733191,0.6704422869471414,0.018878101402373247,0.8209876543209876,0.8856526429341963,0.6530278232405892
DAPT_AL_SELECTED,42,0.25,IID_ORIGINAL,0.005,0.05,0.6521739130434783,0.004515805318615153,0.8860255218305951,0.4612476370510397,0.0030105368790767687,0.984375,0.5803402646502835,0.22105263157894736
DAPT_AL_SELECTED,42,0.25,IID_ORIGINAL,0.005,0.1,0.6521739130434783,0.004515805318615153,0.8860255218305951,0.4612476370510397,0.0030105368790767687,0.97265625,0.6965973534971645,0.4368421052631579
DAPT_AL_SELECTED,42,0.25,IID_ORIGINAL,0.005,0.2,0.6521739130434783,0.004515805318615153,0.8860255218305951,0.4612476370510397,0.0030105368790767687,0.712890625,0.8062381852551985,0.6403508771929824
DAPT_AL_SELECTED,42,0.25,IID_BALANCED,0.005,0.05,0.6521739130434783,0.006616257088846881,0.9182054308202754,0.4612476370510397,0.002835538752362949,0.975609756097561,0.5368620037807184,0.14035087719298245
DAPT_AL_SELECTED,42,0.25,IID_BALANCED,0.005,0.1,0.6521739130434783,0.006616257088846881,0.9182054308202754,0.4612476370510397,0.002835538752362949,0.9877300613496932,0.6134215500945179,0.2824561403508772
DAPT_AL_SELECTED,42,0.25,IID_BALANCED,0.005,0.2,0.6521739130434783,0.006616257088846881,0.9182054308202754,0.4612476370510397,0.002835538752362949,0.9446153846153846,0.7514177693761814,0.5385964912280702
DAPT_AL_SELECTED,42,0.25,TEMPORAL,0.005,0.05,0.7105,0.003,0.9720059399969443,0.53475,0.00175,0.9965870307167235,0.60775,0.1569048898441698
DAPT_AL_SELECTED,42,0.25,TEMPORAL,0.005,0.1,0.7105,0.003,0.9720059399969443,0.53475,0.00175,0.9965870307167235,0.68075,0.3138097796883396
DAPT_AL_SELECTED,42,0.25,TEMPORAL,0.005,0.2,0.7105,0.003,0.9720059399969443,0.53475,0.00175,0.9812126387702819,0.822,0.6174099946265449
DAPT_AL_SELECTED,42,0.25,DOMAIN_OOD,0.005,0.05,0.6443753240020736,0.002592016588906169,0.9691127494375248,0.45049248315189216,0.002592016588906169,1.0,0.5282529808190772,0.14150943396226415
DAPT_AL_SELECTED,42,0.25,DOMAIN_OOD,0.005,0.1,0.6443753240020736,0.002592016588906169,0.9691127494375248,0.45049248315189216,0.002592016588906169,0.9966555183946488,0.6049766718506998,0.2811320754716981
DAPT_AL_SELECTED,42,0.25,DOMAIN_OOD,0.005,0.2,0.6443753240020736,0.002592016588906169,0.9691127494375248,0.45049248315189216,0.002592016588906169,0.9916247906197655,0.7573872472783826,0.5584905660377358
DAPT_AL_SELECTED,42,0.25,TEMPLATE_OOD,0.005,0.05,0.697599531615925,0.0026346604215456673,0.9724659748350754,0.5152224824355972,0.0020491803278688526,0.9960629921259843,0.5892857142857143,0.1527777777777778
DAPT_AL_SELECTED,42,0.25,TEMPLATE_OOD,0.005,0.1,0.697599531615925,0.0026346604215456673,0.9724659748350754,0.5152224824355972,0.0020491803278688526,0.9960552268244576,0.663056206088993,0.30495169082125606
DAPT_AL_SELECTED,42,0.25,TEMPLATE_OOD,0.005,0.2,0.697599531615925,0.0026346604215456673,0.9724659748350754,0.5152224824355972,0.0020491803278688526,0.9861796643632774,0.8076697892271663,0.6032608695652174
DAPT_AL_SELECTED,42,0.25,DOMAIN_TEMPLATE_OOD,0.005,0.05,0.6062567421790723,0.002157497303128371,0.9668298759118074,0.42340884573894283,0.002696871628910464,1.0,0.5021574973031284,0.13657623947614594
DAPT_AL_SELECTED,42,0.25,DOMAIN_TEMPLATE_OOD,0.005,0.1,0.6062567421790723,0.002157497303128371,0.9668298759118074,0.42340884573894283,0.002696871628910464,0.9965753424657534,0.5803667745415318,0.2722170252572498
DAPT_AL_SELECTED,42,0.25,DOMAIN_TEMPLATE_OOD,0.005,0.2,0.6062567421790723,0.002157497303128371,0.9668298759118074,0.42340884573894283,0.002696871628910464,0.9948630136986302,0.7367853290183387,0.5434985968194574
DAPT_AL_SELECTED,42,0.25,IID_ORIGINAL,0.01,0.05,0.6984877126654064,0.007526342197691922,0.8860255218305951,0.5642722117202268,0.006522829904666332,0.975609756097561,0.6776937618147448,0.2603036876355748
DAPT_AL_SELECTED,42,0.25,IID_ORIGINAL,0.01,0.1,0.6984877126654064,0.007526342197691922,0.8860255218305951,0.5642722117202268,0.006522829904666332,0.8938775510204081,0.7712665406427222,0.4750542299349241
DAPT_AL_SELECTED,42,0.25,IID_ORIGINAL,0.01,0.2,0.6984877126654064,0.007526342197691922,0.8860255218305951,0.5642722117202268,0.006522829904666332,0.5521472392638037,0.8194706994328923,0.5856832971800434
DAPT_AL_SELECTED,42,0.25,IID_BALANCED,0.01,0.05,0.6984877126654064,0.010396975425330813,0.9182054308202754,0.5642722117202268,0.007561436672967864,0.9736842105263158,0.6342155009451795,0.16052060737527116
DAPT_AL_SELECTED,42,0.25,IID_BALANCED,0.01,0.1,0.6984877126654064,0.010396975425330813,0.9182054308202754,0.5642722117202268,0.007561436672967864,0.9802631578947368,0.7051039697542533,0.3232104121475054
DAPT_AL_SELECTED,42,0.25,IID_BALANCED,0.01,0.2,0.6984877126654064,0.010396975425330813,0.9182054308202754,0.5642722117202268,0.007561436672967864,0.8382838283828383,0.8043478260869565,0.5509761388286334
DAPT_AL_SELECTED,42,0.25,TEMPORAL,0.01,0.05,0.786,0.00475,0.9720059399969443,0.657,0.00475,1.0,0.724,0.19533527696793002
DAPT_AL_SELECTED,42,0.25,TEMPORAL,0.01,0.1,0.786,0.00475,0.9720059399969443,0.657,0.00475,0.9906716417910447,0.78975,0.3870262390670554
DAPT_AL_SELECTED,42,0.25,TEMPORAL,0.01,0.2,0.786,0.00475,0.9720059399969443,0.657,0.00475,0.8982259570494865,0.8975,0.7011661807580175
DAPT_AL_SELECTED,42,0.25,DOMAIN_OOD,0.01,0.05,0.7366511145671333,0.004665629860031105,0.9691127494375248,0.5909797822706065,0.00673924313115604,1.0,0.6614826334888543,0.17237008871989862
DAPT_AL_SELECTED,42,0.25,DOMAIN_OOD,0.01,0.1,0.7366511145671333,0.004665629860031105,0.9691127494375248,0.5909797822706065,0.00673924313115604,0.988929889298893,0.7299118714359772,0.3396704689480355
DAPT_AL_SELECTED,42,0.25,DOMAIN_OOD,0.01,0.2,0.7366511145671333,0.004665629860031105,0.9691127494375248,0.5909797822706065,0.00673924313115604,0.9297597042513863,0.8517366511145671,0.6375158428390367
DAPT_AL_SELECTED,42,0.25,TEMPLATE_OOD,0.01,0.05,0.7740046838407494,0.004098360655737705,0.9724659748350754,0.6443208430913349,0.0055620608899297425,1.0,0.711943793911007,0.19012345679012346
DAPT_AL_SELECTED,42,0.25,TEMPLATE_OOD,0.01,0.1,0.7740046838407494,0.004098360655737705,0.9724659748350754,0.6443208430913349,0.0055620608899297425,0.9935064935064936,0.7786885245901639,0.37777777777777777
DAPT_AL_SELECTED,42,0.25,TEMPLATE_OOD,0.01,0.2,0.7740046838407494,0.004098360655737705,0.9724659748350754,0.6443208430913349,0.0055620608899297425,0.9089924160346695,0.8899297423887588,0.6905349794238683
DAPT_AL_SELECTED,42,0.25,DOMAIN_TEMPLATE_OOD,0.01,0.05,0.7098166127292341,0.0037756202804746495,0.9668298759118074,0.5609492988133765,0.007011866235167206,1.0,0.6326860841423948,0.16339066339066338
DAPT_AL_SELECTED,42,0.25,DOMAIN_TEMPLATE_OOD,0.01,0.1,0.7098166127292341,0.0037756202804746495,0.9668298759118074,0.5609492988133765,0.007011866235167206,0.9924812030075187,0.703344120819849,0.32432432432432434
DAPT_AL_SELECTED,42,0.25,DOMAIN_TEMPLATE_OOD,0.01,0.2,0.7098166127292341,0.0037756202804746495,0.9668298759118074,0.5609492988133765,0.007011866235167206,0.943502824858757,0.831175836030205,0.6154791154791155
DAPT_AL_SELECTED,42,0.25,IID_ORIGINAL,0.02,0.05,0.7589792060491494,0.027094831911690917,0.8860255218305951,0.6502835538752363,0.015554440541896638,0.9572649572649573,0.7561436672967864,0.3027027027027027
DAPT_AL_SELECTED,42,0.25,IID_ORIGINAL,0.02,0.1,0.7589792060491494,0.027094831911690917,0.8860255218305951,0.6502835538752363,0.015554440541896638,0.6837606837606838,0.8015122873345936,0.43243243243243246
DAPT_AL_SELECTED,42,0.25,IID_ORIGINAL,0.02,0.2,0.7589792060491494,0.027094831911690917,0.8860255218305951,0.6502835538752363,0.015554440541896638,0.3961456102783726,0.8251417769376181,0.5
DAPT_AL_SELECTED,42,0.25,IID_BALANCED,0.02,0.05,0.7589792060491494,0.02835538752362949,0.9182054308202754,0.6502835538752363,0.017958412098298678,1.0,0.717391304347826,0.1918918918918919
DAPT_AL_SELECTED,42,0.25,IID_BALANCED,0.02,0.1,0.7589792060491494,0.02835538752362949,0.9182054308202754,0.6502835538752363,0.017958412098298678,0.9290780141843972,0.774102079395085,0.35405405405405405
DAPT_AL_SELECTED,42,0.25,IID_BALANCED,0.02,0.2,0.7589792060491494,0.02835538752362949,0.9182054308202754,0.6502835538752363,0.017958412098298678,0.6418439716312057,0.8213610586011342,0.4891891891891892
DAPT_AL_SELECTED,42,0.25,TEMPORAL,0.02,0.05,0.8715,0.021,0.9720059399969443,0.75175,0.0125,0.9919354838709677,0.81325,0.24773413897280966
DAPT_AL_SELECTED,42,0.25,TEMPORAL,0.02,0.1,0.8715,0.021,0.9720059399969443,0.75175,0.0125,0.9494949494949495,0.86925,0.473313192346425
DAPT_AL_SELECTED,42,0.25,TEMPORAL,0.02,0.2,0.8715,0.021,0.9720059399969443,0.75175,0.0125,0.731041456016178,0.9325,0.7280966767371602
DAPT_AL_SELECTED,42,0.25,DOMAIN_OOD,0.02,0.05,0.8455158113011924,0.02592016588906169,0.9691127494375248,0.6941420425090721,0.01918092275790565,0.992,0.7584240539139451,0.21016949152542372
DAPT_AL_SELECTED,42,0.25,DOMAIN_OOD,0.02,0.1,0.8455158113011924,0.02592016588906169,0.9691127494375248,0.6941420425090721,0.01918092275790565,0.9799196787148594,0.8206324520476931,0.4135593220338983
DAPT_AL_SELECTED,42,0.25,DOMAIN_OOD,0.02,0.2,0.8455158113011924,0.02592016588906169,0.9691127494375248,0.6941420425090721,0.01918092275790565,0.8289738430583501,0.9077242094349404,0.6983050847457627
DAPT_AL_SELECTED,42,0.25,TEMPLATE_OOD,0.02,0.05,0.8662177985948478,0.020491803278688523,0.9724659748350754,0.7403395784543325,0.01405152224824356,0.9953051643192489,0.802400468384075,0.23900789177001128
DAPT_AL_SELECTED,42,0.25,TEMPLATE_OOD,0.02,0.1,0.8662177985948478,0.020491803278688523,0.9724659748350754,0.7403395784543325,0.01405152224824356,0.9553990610328639,0.8594847775175644,0.4588500563697858
DAPT_AL_SELECTED,42,0.25,TEMPLATE_OOD,0.02,0.2,0.8662177985948478,0.020491803278688523,0.9724659748350754,0.7403395784543325,0.01405152224824356,0.7567567567567568,0.9288641686182669,0.7260428410372041
DAPT_AL_SELECTED,42,0.25,DOMAIN_TEMPLATE_OOD,0.02,0.05,0.8290183387270766,0.02481121898597627,0.9668298759118074,0.6704422869471414,0.018878101402373247,0.9918032786885246,0.7357065803667745,0.19803600654664485
DAPT_AL_SELECTED,42,0.25,DOMAIN_TEMPLATE_OOD,0.02,0.1,0.8290183387270766,0.02481121898597627,0.9668298759118074,0.6704422869471414,0.018878101402373247,0.9876543209876543,0.7998921251348435,0.39279869067103107
DAPT_AL_SELECTED,42,0.25,DOMAIN_TEMPLATE_OOD,0.02,0.2,0.8290183387270766,0.02481121898597627,0.9668298759118074,0.6704422869471414,0.018878101402373247,0.8477366255144033,0.8926645091693636,0.67430441898527
T0_AL_SELECTED,52,0.25,IID_ORIGINAL,0.005,0.05,0.5189035916824196,0.0015052684395383843,0.8939646980940221,0.5604914933837429,0.006021073758153537,0.983739837398374,0.6748582230623819,0.26021505376344084
T0_AL_SELECTED,52,0.25,IID_ORIGINAL,0.005,0.1,0.5189035916824196,0.0015052684395383843,0.8939646980940221,0.5604914933837429,0.006021073758153537,0.9020408163265307,0.7693761814744802,0.4752688172043011
T0_AL_SELECTED,52,0.25,IID_ORIGINAL,0.005,0.2,0.5189035916824196,0.0015052684395383843,0.8939646980940221,0.5604914933837429,0.006021073758153537,0.5693877551020409,0.8241965973534972,0.6
T0_AL_SELECTED,52,0.25,IID_BALANCED,0.005,0.05,0.5189035916824196,0.001890359168241966,0.9253167382264856,0.5604914933837429,0.006616257088846881,1.0,0.6323251417769377,0.16344086021505377
T0_AL_SELECTED,52,0.25,IID_BALANCED,0.005,0.1,0.5189035916824196,0.001890359168241966,0.9253167382264856,0.5604914933837429,0.006616257088846881,0.9868421052631579,0.7022684310018904,0.3225806451612903
T0_AL_SELECTED,52,0.25,IID_BALANCED,0.005,0.2,0.5189035916824196,0.001890359168241966,0.9253167382264856,0.5604914933837429,0.006616257088846881,0.8552631578947368,0.8062381852551985,0.5591397849462365
T0_AL_SELECTED,52,0.25,TEMPORAL,0.005,0.05,0.5435,0.002,0.9717711121826373,0.6685,0.0035,0.9699248120300752,0.733,0.19457013574660634
T0_AL_SELECTED,52,0.25,TEMPORAL,0.005,0.1,0.5435,0.002,0.9717711121826373,0.6685,0.0035,0.9699248120300752,0.7975,0.3891402714932127
T0_AL_SELECTED,52,0.25,TEMPORAL,0.005,0.2,0.5435,0.002,0.9717711121826373,0.6685,0.0035,0.889934148635936,0.905,0.7134238310708899
T0_AL_SELECTED,52,0.25,DOMAIN_OOD,0.005,0.05,0.43182996371176774,0.0015552099533437014,0.9681814298610071,0.589942975635044,0.00414722654224987,0.9779411764705882,0.6588906168999482,0.168141592920354
T0_AL_SELECTED,52,0.25,DOMAIN_OOD,0.005,0.1,0.43182996371176774,0.0015552099533437014,0.9681814298610071,0.589942975635044,0.00414722654224987,0.9852941176470589,0.7288750648004148,0.3388116308470291
T0_AL_SELECTED,52,0.25,DOMAIN_OOD,0.005,0.2,0.43182996371176774,0.0015552099533437014,0.9681814298610071,0.589942975635044,0.00414722654224987,0.9318600368324125,0.8522550544323484,0.6396965865992414
T0_AL_SELECTED,52,0.25,TEMPLATE_OOD,0.005,0.05,0.5322014051522248,0.00117096018735363,0.9729987126430828,0.6528103044496487,0.004098360655737705,0.9826086956521739,0.7189695550351288,0.1905564924114671
T0_AL_SELECTED,52,0.25,TEMPLATE_OOD,0.005,0.1,0.5322014051522248,0.00117096018735363,0.9729987126430828,0.6528103044496487,0.004098360655737705,0.9803921568627451,0.7845433255269321,0.3794266441821248
T0_AL_SELECTED,52,0.25,TEMPLATE_OOD,0.005,0.2,0.5322014051522248,0.00117096018735363,0.9729987126430828,0.6528103044496487,0.004098360655737705,0.9074074074074074,0.8966627634660421,0.7023608768971332
T0_AL_SELECTED,52,0.25,DOMAIN_TEMPLATE_OOD,0.005,0.05,0.41316073354908306,0.0010787486515641855,0.9676672250250431,0.5668824163969794,0.004314994606256742,0.9849624060150376,0.6375404530744336,0.16313823163138233
T0_AL_SELECTED,52,0.25,DOMAIN_TEMPLATE_OOD,0.005,0.1,0.41316073354908306,0.0010787486515641855,0.9676672250250431,0.5668824163969794,0.004314994606256742,0.9924528301886792,0.7087378640776699,0.3275217932752179
T0_AL_SELECTED,52,0.25,DOMAIN_TEMPLATE_OOD,0.005,0.2,0.41316073354908306,0.0010787486515641855,0.9676672250250431,0.5668824163969794,0.004314994606256742,0.9358490566037736,0.8344120819848975,0.6176836861768369
T0_AL_SELECTED,52,0.25,IID_ORIGINAL,0.01,0.05,0.7022684310018904,0.01154039136979428,0.8939646980940221,0.6020793950850661,0.008529854490717512,0.9666666666666667,0.7117202268431002,0.2755344418052256
T0_AL_SELECTED,52,0.25,IID_ORIGINAL,0.01,0.1,0.7022684310018904,0.01154039136979428,0.8939646980940221,0.6020793950850661,0.008529854490717512,0.8125,0.7863894139886578,0.46318289786223277
T0_AL_SELECTED,52,0.25,IID_ORIGINAL,0.01,0.2,0.7022684310018904,0.01154039136979428,0.8939646980940221,0.6020793950850661,0.008529854490717512,0.4979166666666667,0.8279773156899811,0.5676959619952494
T0_AL_SELECTED,52,0.25,IID_BALANCED,0.01,0.05,0.7022684310018904,0.015122873345935728,0.9253167382264856,0.6020793950850661,0.010396975425330813,0.9864864864864865,0.6710775047258979,0.17339667458432304
T0_AL_SELECTED,52,0.25,IID_BALANCED,0.01,0.1,0.7022684310018904,0.015122873345935728,0.9253167382264856,0.6020793950850661,0.010396975425330813,0.9659863945578231,0.7362948960302458,0.33729216152019004
T0_AL_SELECTED,52,0.25,IID_BALANCED,0.01,0.2,0.7022684310018904,0.015122873345935728,0.9253167382264856,0.6020793950850661,0.010396975425330813,0.782312925170068,0.8194706994328923,0.5463182897862233
T0_AL_SELECTED,52,0.25,TEMPORAL,0.01,0.05,0.78875,0.009,0.9717711121826373,0.719,0.006,0.9803921568627451,0.7815,0.22241992882562278
T0_AL_SELECTED,52,0.25,TEMPORAL,0.01,0.1,0.78875,0.009,0.9717711121826373,0.719,0.006,0.9588235294117647,0.84125,0.43505338078291816
T0_AL_SELECTED,52,0.25,TEMPORAL,0.01,0.2,0.78875,0.009,0.9717711121826373,0.719,0.006,0.8284313725490197,0.93025,0.751779359430605
T0_AL_SELECTED,52,0.25,DOMAIN_OOD,0.01,0.05,0.742871954380508,0.00933125972006221,0.9681814298610071,0.6485225505443235,0.007776049766718507,0.9846153846153847,0.7148781752203214,0.1887905604719764
T0_AL_SELECTED,52,0.25,DOMAIN_OOD,0.01,0.1,0.742871954380508,0.00933125972006221,0.9681814298610071,0.6485225505443235,0.007776049766718507,0.9730769230769231,0.7796785899429757,0.37315634218289084
T0_AL_SELECTED,52,0.25,DOMAIN_OOD,0.01,0.2,0.742871954380508,0.00933125972006221,0.9681814298610071,0.6485225505443235,0.007776049766718507,0.9017341040462428,0.8911353032659409,0.6902654867256637
T0_AL_SELECTED,52,0.25,TEMPLATE_OOD,0.01,0.05,0.7804449648711944,0.00819672131147541,0.9729987126430828,0.7049180327868853,0.006147540983606557,0.9864253393665159,0.7687353629976581,0.21626984126984128
T0_AL_SELECTED,52,0.25,TEMPLATE_OOD,0.01,0.1,0.7804449648711944,0.00819672131147541,0.9729987126430828,0.7049180327868853,0.006147540983606557,0.963718820861678,0.8293325526932084,0.42162698412698413
T0_AL_SELECTED,52,0.25,TEMPLATE_OOD,0.01,0.2,0.7804449648711944,0.00819672131147541,0.9729987126430828,0.7049180327868853,0.006147540983606557,0.8467650397275823,0.9233021077283372,0.7400793650793651
T0_AL_SELECTED,52,0.25,DOMAIN_TEMPLATE_OOD,0.01,0.05,0.7162891046386192,0.008629989212513484,0.9676672250250431,0.6321467098166127,0.007551240560949299,0.984251968503937,0.6995685005393744,0.18328445747800587
T0_AL_SELECTED,52,0.25,DOMAIN_TEMPLATE_OOD,0.01,0.1,0.7162891046386192,0.008629989212513484,0.9676672250250431,0.6321467098166127,0.007551240560949299,0.9762845849802372,0.7653721682847896,0.3621700879765396
T0_AL_SELECTED,52,0.25,DOMAIN_TEMPLATE_OOD,0.01,0.2,0.7162891046386192,0.008629989212513484,0.9676672250250431,0.6321467098166127,0.007551240560949299,0.9089108910891089,0.8797195253505933,0.6730205278592375
T0_AL_SELECTED,52,0.25,IID_ORIGINAL,0.02,0.05,0.7533081285444234,0.023582538886101356,0.8939646980940221,0.6512287334593573,0.015052684395383844,0.9316239316239316,0.7542533081285444,0.2953929539295393
T0_AL_SELECTED,52,0.25,IID_ORIGINAL,0.02,0.1,0.7533081285444234,0.023582538886101356,0.8939646980940221,0.6512287334593573,0.015052684395383844,0.7008547008547008,0.8062381852551985,0.4444444444444444
T0_AL_SELECTED,52,0.25,IID_ORIGINAL,0.02,0.2,0.7533081285444234,0.023582538886101356,0.8939646980940221,0.6512287334593573,0.015052684395383844,0.4197002141327623,0.8364839319470699,0.5311653116531165
T0_AL_SELECTED,52,0.25,IID_BALANCED,0.02,0.05,0.7533081285444234,0.027410207939508508,0.9253167382264856,0.6512287334593573,0.017013232514177693,1.0,0.718336483931947,0.19241192411924118
T0_AL_SELECTED,52,0.25,IID_BALANCED,0.02,0.1,0.7533081285444234,0.027410207939508508,0.9253167382264856,0.6512287334593573,0.017013232514177693,0.9219858156028369,0.774102079395085,0.3523035230352303
T0_AL_SELECTED,52,0.25,IID_BALANCED,0.02,0.2,0.7533081285444234,0.027410207939508508,0.9253167382264856,0.6512287334593573,0.017013232514177693,0.6595744680851063,0.8270321361058601,0.5040650406504065
T0_AL_SELECTED,52,0.25,TEMPORAL,0.02,0.05,0.87475,0.023,0.9717711121826373,0.78025,0.01175,0.9834710743801653,0.83975,0.2707622298065984
T0_AL_SELECTED,52,0.25,TEMPORAL,0.02,0.1,0.87475,0.023,0.9717711121826373,0.78025,0.01175,0.9214876033057852,0.89175,0.5073947667804323
T0_AL_SELECTED,52,0.25,TEMPORAL,0.02,0.2,0.87475,0.023,0.9717711121826373,0.78025,0.01175,0.6732161323681489,0.943,0.7406143344709898
T0_AL_SELECTED,52,0.25,DOMAIN_OOD,0.02,0.05,0.8527734577501296,0.026438569206842923,0.9681814298610071,0.7278382581648523,0.015552099533437015,0.9918032786885246,0.7905650596163816,0.23047619047619047
T0_AL_SELECTED,52,0.25,DOMAIN_OOD,0.02,0.1,0.8527734577501296,0.026438569206842923,0.9681814298610071,0.7278382581648523,0.015552099533437015,0.9506172839506173,0.8475894245723172,0.44
T0_AL_SELECTED,52,0.25,DOMAIN_OOD,0.02,0.2,0.8527734577501296,0.026438569206842923,0.9681814298610071,0.7278382581648523,0.015552099533437015,0.8020618556701031,0.9294971487817522,0.7409523809523809
T0_AL_SELECTED,52,0.25,TEMPLATE_OOD,0.02,0.05,0.870023419203747,0.02078454332552693,0.9729987126430828,0.7699063231850117,0.0117096018735363,0.9904306220095693,0.830503512880562,0.2633587786259542
T0_AL_SELECTED,52,0.25,TEMPLATE_OOD,0.02,0.1,0.870023419203747,0.02078454332552693,0.9729987126430828,0.7699063231850117,0.0117096018735363,0.9328537170263789,0.8837822014051522,0.494910941475827
T0_AL_SELECTED,52,0.25,TEMPLATE_OOD,0.02,0.2,0.870023419203747,0.02078454332552693,0.9729987126430828,0.7699063231850117,0.0117096018735363,0.6986794717887155,0.9402810304449649,0.7404580152671756
T0_AL_SELECTED,52,0.25,DOMAIN_TEMPLATE_OOD,0.02,0.05,0.8360302049622438,0.023732470334412083,0.9676672250250431,0.7189859762675297,0.014563106796116505,0.9915254237288136,0.7820927723840345,0.22456813819577734
T0_AL_SELECTED,52,0.25,DOMAIN_TEMPLATE_OOD,0.02,0.1,0.8360302049622438,0.023732470334412083,0.9676672250250431,0.7189859762675297,0.014563106796116505,0.948936170212766,0.8392664509169363,0.42802303262955854
T0_AL_SELECTED,52,0.25,DOMAIN_TEMPLATE_OOD,0.02,0.2,0.8360302049622438,0.023732470334412083,0.9676672250250431,0.7189859762675297,0.014563106796116505,0.8,0.9217907227615966,0.7216890595009597
DAPT_AL_SELECTED,52,0.25,IID_ORIGINAL,0.005,0.05,0.5604914933837429,0.0035122930255895636,0.8995778015463685,0.5604914933837429,0.006021073758153537,0.959349593495935,0.6720226843100189,0.2537634408602151
DAPT_AL_SELECTED,52,0.25,IID_ORIGINAL,0.005,0.1,0.5604914933837429,0.0035122930255895636,0.8995778015463685,0.5604914933837429,0.006021073758153537,0.9020408163265307,0.7693761814744802,0.4752688172043011
DAPT_AL_SELECTED,52,0.25,IID_ORIGINAL,0.005,0.2,0.5604914933837429,0.0035122930255895636,0.8995778015463685,0.5604914933837429,0.006021073758153537,0.5653061224489796,0.8223062381852552,0.5956989247311828
DAPT_AL_SELECTED,52,0.25,IID_BALANCED,0.005,0.05,0.5604914933837429,0.006616257088846881,0.9293409724249897,0.5604914933837429,0.006616257088846881,0.9736842105263158,0.6304347826086957,0.15913978494623657
DAPT_AL_SELECTED,52,0.25,IID_BALANCED,0.005,0.1,0.5604914933837429,0.006616257088846881,0.9293409724249897,0.5604914933837429,0.006616257088846881,0.9671052631578947,0.6994328922495274,0.3161290322580645
DAPT_AL_SELECTED,52,0.25,IID_BALANCED,0.005,0.2,0.5604914933837429,0.006616257088846881,0.9293409724249897,0.5604914933837429,0.006616257088846881,0.8421052631578947,0.8024574669187146,0.5505376344086022
DAPT_AL_SELECTED,52,0.25,TEMPORAL,0.005,0.05,0.56875,0.002,0.9753433226595991,0.6685,0.0035,0.9736842105263158,0.73325,0.19532428355957768
DAPT_AL_SELECTED,52,0.25,TEMPORAL,0.005,0.1,0.56875,0.002,0.9753433226595991,0.6685,0.0035,0.981203007518797,0.799,0.3936651583710407
DAPT_AL_SELECTED,52,0.25,TEMPORAL,0.005,0.2,0.56875,0.002,0.9753433226595991,0.6685,0.0035,0.9143932267168391,0.9115,0.7330316742081447
DAPT_AL_SELECTED,52,0.25,DOMAIN_OOD,0.005,0.05,0.46241575946086055,0.0015552099533437014,0.9732682362044629,0.589942975635044,0.00414722654224987,0.9779411764705882,0.6588906168999482,0.168141592920354
DAPT_AL_SELECTED,52,0.25,DOMAIN_OOD,0.005,0.1,0.46241575946086055,0.0015552099533437014,0.9732682362044629,0.589942975635044,0.00414722654224987,0.9852941176470589,0.7288750648004148,0.3388116308470291
DAPT_AL_SELECTED,52,0.25,DOMAIN_OOD,0.005,0.2,0.46241575946086055,0.0015552099533437014,0.9732682362044629,0.589942975635044,0.00414722654224987,0.9650092081031307,0.8615863141524106,0.6624525916561315
DAPT_AL_SELECTED,52,0.25,TEMPLATE_OOD,0.005,0.05,0.5579625292740047,0.0014637002341920376,0.9750851760419392,0.6528103044496487,0.004098360655737705,0.9826086956521739,0.7189695550351288,0.1905564924114671
DAPT_AL_SELECTED,52,0.25,TEMPLATE_OOD,0.005,0.1,0.5579625292740047,0.0014637002341920376,0.9750851760419392,0.6528103044496487,0.004098360655737705,0.9847494553376906,0.7851288056206089,0.3811129848229342
DAPT_AL_SELECTED,52,0.25,TEMPLATE_OOD,0.005,0.2,0.5579625292740047,0.0014637002341920376,0.9750851760419392,0.6528103044496487,0.004098360655737705,0.9324618736383442,0.9033957845433255,0.7217537942664418
DAPT_AL_SELECTED,52,0.25,DOMAIN_TEMPLATE_OOD,0.005,0.05,0.43635382955771307,0.0010787486515641855,0.9717552680280985,0.5668824163969794,0.004314994606256742,0.9924812030075187,0.6380798274002157,0.1643835616438356
DAPT_AL_SELECTED,52,0.25,DOMAIN_TEMPLATE_OOD,0.005,0.1,0.43635382955771307,0.0010787486515641855,0.9717552680280985,0.5668824163969794,0.004314994606256742,0.9886792452830189,0.7081984897518878,0.32627646326276466
DAPT_AL_SELECTED,52,0.25,DOMAIN_TEMPLATE_OOD,0.005,0.2,0.43635382955771307,0.0010787486515641855,0.9717552680280985,0.5668824163969794,0.004314994606256742,0.9716981132075472,0.8446601941747572,0.6413449564134496
DAPT_AL_SELECTED,52,0.25,IID_ORIGINAL,0.01,0.05,0.6909262759924386,0.007526342197691922,0.8995778015463685,0.6020793950850661,0.008529854490717512,0.9583333333333334,0.7107750472589792,0.27315914489311166
DAPT_AL_SELECTED,52,0.25,IID_ORIGINAL,0.01,0.1,0.6909262759924386,0.007526342197691922,0.8995778015463685,0.6020793950850661,0.008529854490717512,0.8291666666666667,0.7901701323251418,0.47268408551068886
DAPT_AL_SELECTED,52,0.25,IID_ORIGINAL,0.01,0.2,0.6909262759924386,0.007526342197691922,0.8995778015463685,0.6020793950850661,0.008529854490717512,0.49375,0.8260869565217391,0.5629453681710214
DAPT_AL_SELECTED,52,0.25,IID_BALANCED,0.01,0.05,0.6909262759924386,0.011342155009451797,0.9293409724249897,0.6020793950850661,0.010396975425330813,0.972972972972973,0.6701323251417769,0.171021377672209
DAPT_AL_SELECTED,52,0.25,IID_BALANCED,0.01,0.1,0.6909262759924386,0.011342155009451797,0.9293409724249897,0.6020793950850661,0.010396975425330813,0.9659863945578231,0.7362948960302458,0.33729216152019004
DAPT_AL_SELECTED,52,0.25,IID_BALANCED,0.01,0.2,0.6909262759924386,0.011342155009451797,0.9293409724249897,0.6020793950850661,0.010396975425330813,0.7482993197278912,0.8100189035916824,0.5225653206650831
DAPT_AL_SELECTED,52,0.25,TEMPORAL,0.01,0.05,0.77225,0.0055,0.9753433226595991,0.719,0.006,0.9803921568627451,0.7815,0.22241992882562278
DAPT_AL_SELECTED,52,0.25,TEMPORAL,0.01,0.1,0.77225,0.0055,0.9753433226595991,0.719,0.006,0.9764705882352941,0.8435,0.4430604982206406
DAPT_AL_SELECTED,52,0.25,TEMPORAL,0.01,0.2,0.77225,0.0055,0.9753433226595991,0.719,0.006,0.8264705882352941,0.92975,0.75
DAPT_AL_SELECTED,52,0.25,DOMAIN_OOD,0.01,0.05,0.71850699844479,0.005184033177812338,0.9732682362044629,0.6485225505443235,0.007776049766718507,0.9846153846153847,0.7148781752203214,0.1887905604719764
DAPT_AL_SELECTED,52,0.25,DOMAIN_OOD,0.01,0.1,0.71850699844479,0.005184033177812338,0.9732682362044629,0.6485225505443235,0.007776049766718507,0.9884615384615385,0.7817522032141005,0.37905604719764013
DAPT_AL_SELECTED,52,0.25,DOMAIN_OOD,0.01,0.2,0.71850699844479,0.005184033177812338,0.9732682362044629,0.6485225505443235,0.007776049766718507,0.9248554913294798,0.8973561430793157,0.7079646017699115
DAPT_AL_SELECTED,52,0.25,TEMPLATE_OOD,0.01,0.05,0.765807962529274,0.00468384074941452,0.9750851760419392,0.7049180327868853,0.006147540983606557,0.9864253393665159,0.7687353629976581,0.21626984126984128
DAPT_AL_SELECTED,52,0.25,TEMPLATE_OOD,0.01,0.1,0.765807962529274,0.00468384074941452,0.9750851760419392,0.7049180327868853,0.006147540983606557,0.9795918367346939,0.8313817330210773,0.42857142857142855
DAPT_AL_SELECTED,52,0.25,TEMPLATE_OOD,0.01,0.2,0.765807962529274,0.00468384074941452,0.9750851760419392,0.7049180327868853,0.006147540983606557,0.8501702610669694,0.9241803278688525,0.7430555555555556
DAPT_AL_SELECTED,52,0.25,DOMAIN_TEMPLATE_OOD,0.01,0.05,0.6974110032362459,0.004314994606256742,0.9717552680280985,0.6321467098166127,0.007551240560949299,0.984251968503937,0.6995685005393744,0.18328445747800587
DAPT_AL_SELECTED,52,0.25,DOMAIN_TEMPLATE_OOD,0.01,0.1,0.6974110032362459,0.004314994606256742,0.9717552680280985,0.6321467098166127,0.007551240560949299,0.9881422924901185,0.7669902912621359,0.36656891495601174
DAPT_AL_SELECTED,52,0.25,DOMAIN_TEMPLATE_OOD,0.01,0.2,0.6974110032362459,0.004314994606256742,0.9717552680280985,0.6321467098166127,0.007551240560949299,0.9405940594059405,0.8883495145631068,0.6964809384164223
DAPT_AL_SELECTED,52,0.25,IID_ORIGINAL,0.02,0.05,0.7665406427221172,0.022579026593075764,0.8995778015463685,0.6512287334593573,0.015052684395383844,0.9487179487179487,0.7561436672967864,0.3008130081300813
DAPT_AL_SELECTED,52,0.25,IID_ORIGINAL,0.02,0.1,0.7665406427221172,0.022579026593075764,0.8995778015463685,0.6512287334593573,0.015052684395383844,0.7008547008547008,0.8062381852551985,0.4444444444444444
DAPT_AL_SELECTED,52,0.25,IID_ORIGINAL,0.02,0.2,0.7665406427221172,0.022579026593075764,0.8995778015463685,0.6512287334593573,0.015052684395383844,0.41113490364025695,0.832703213610586,0.5203252032520326
DAPT_AL_SELECTED,52,0.25,IID_BALANCED,0.02,0.05,0.7665406427221172,0.024574669187145556,0.9293409724249897,0.6512287334593573,0.017013232514177693,0.9577464788732394,0.7155009451795841,0.1842818428184282
DAPT_AL_SELECTED,52,0.25,IID_BALANCED,0.02,0.1,0.7665406427221172,0.024574669187145556,0.9293409724249897,0.6512287334593573,0.017013232514177693,0.9432624113475178,0.776937618147448,0.3604336043360434
DAPT_AL_SELECTED,52,0.25,IID_BALANCED,0.02,0.2,0.7665406427221172,0.024574669187145556,0.9293409724249897,0.6512287334593573,0.017013232514177693,0.6453900709219859,0.8232514177693762,0.4932249322493225
DAPT_AL_SELECTED,52,0.25,TEMPORAL,0.02,0.05,0.891,0.0195,0.9753433226595991,0.78025,0.01175,0.9834710743801653,0.83975,0.2707622298065984
DAPT_AL_SELECTED,52,0.25,TEMPORAL,0.02,0.1,0.891,0.0195,0.9753433226595991,0.78025,0.01175,0.9586776859504132,0.89625,0.5278725824800911
DAPT_AL_SELECTED,52,0.25,TEMPORAL,0.02,0.2,0.891,0.0195,0.9753433226595991,0.78025,0.01175,0.6670113753877973,0.9415,0.7337883959044369
DAPT_AL_SELECTED,52,0.25,DOMAIN_OOD,0.02,0.05,0.871435977190254,0.02436495593571799,0.9732682362044629,0.7278382581648523,0.015552099533437015,0.9918032786885246,0.7905650596163816,0.23047619047619047
DAPT_AL_SELECTED,52,0.25,DOMAIN_OOD,0.02,0.1,0.871435977190254,0.02436495593571799,0.9732682362044629,0.7278382581648523,0.015552099533437015,0.9753086419753086,0.8506998444790047,0.4514285714285714
DAPT_AL_SELECTED,52,0.25,DOMAIN_OOD,0.02,0.2,0.871435977190254,0.02436495593571799,0.9732682362044629,0.7278382581648523,0.015552099533437015,0.8,0.928978745463971,0.7390476190476191
DAPT_AL_SELECTED,52,0.25,TEMPLATE_OOD,0.02,0.05,0.8890515222482436,0.019320843091334895,0.9750851760419392,0.7699063231850117,0.0117096018735363,0.9856459330143541,0.8302107728337237,0.26208651399491095
DAPT_AL_SELECTED,52,0.25,TEMPLATE_OOD,0.02,0.1,0.8890515222482436,0.019320843091334895,0.9750851760419392,0.7699063231850117,0.0117096018735363,0.9664268585131894,0.8878805620608899,0.5127226463104325
DAPT_AL_SELECTED,52,0.25,TEMPLATE_OOD,0.02,0.2,0.8890515222482436,0.019320843091334895,0.9750851760419392,0.7699063231850117,0.0117096018735363,0.687875150060024,0.9376463700234192,0.7290076335877863
DAPT_AL_SELECTED,52,0.25,DOMAIN_TEMPLATE_OOD,0.02,0.05,0.8624595469255664,0.022653721682847898,0.9717552680280985,0.7189859762675297,0.014563106796116505,0.9830508474576272,0.7815533980582524,0.22264875239923224
DAPT_AL_SELECTED,52,0.25,DOMAIN_TEMPLATE_OOD,0.02,0.1,0.8624595469255664,0.022653721682847898,0.9717552680280985,0.7189859762675297,0.014563106796116505,0.9787234042553191,0.843042071197411,0.44145873320537427
DAPT_AL_SELECTED,52,0.25,DOMAIN_TEMPLATE_OOD,0.02,0.2,0.8624595469255664,0.022653721682847898,0.9717552680280985,0.7189859762675297,0.014563106796116505,0.7936170212765957,0.9201725997842503,0.7159309021113244
T0_AL_SELECTED,62,0.25,IID_ORIGINAL,0.005,0.05,0.611531190926276,0.005017561465127948,0.9219299279372094,0.55765595463138,0.006522829904666332,0.967479674796748,0.6701323251417769,0.25427350427350426
T0_AL_SELECTED,62,0.25,IID_ORIGINAL,0.005,0.1,0.611531190926276,0.005017561465127948,0.9219299279372094,0.55765595463138,0.006522829904666332,0.9020408163265307,0.7665406427221172,0.4722222222222222
T0_AL_SELECTED,62,0.25,IID_ORIGINAL,0.005,0.2,0.611531190926276,0.005017561465127948,0.9219299279372094,0.55765595463138,0.006522829904666332,0.636734693877551,0.8525519848771267,0.6666666666666666
T0_AL_SELECTED,62,0.25,IID_BALANCED,0.005,0.05,0.611531190926276,0.006616257088846881,0.9473330320087623,0.55765595463138,0.008506616257088847,0.9868421052631579,0.6285444234404537,0.16025641025641027
T0_AL_SELECTED,62,0.25,IID_BALANCED,0.005,0.1,0.611531190926276,0.006616257088846881,0.9473330320087623,0.55765595463138,0.008506616257088847,0.9736842105263158,0.6975425330812854,0.3162393162393162
T0_AL_SELECTED,62,0.25,IID_BALANCED,0.005,0.2,0.611531190926276,0.006616257088846881,0.9473330320087623,0.55765595463138,0.008506616257088847,0.8848684210526315,0.8119092627599244,0.5747863247863247
T0_AL_SELECTED,62,0.25,TEMPORAL,0.005,0.05,0.6305,0.00325,0.980665708010557,0.676,0.00375,0.9811320754716981,0.741,0.2006172839506173
T0_AL_SELECTED,62,0.25,TEMPORAL,0.005,0.1,0.6305,0.00325,0.980665708010557,0.676,0.00375,0.9640831758034026,0.8035,0.39351851851851855
T0_AL_SELECTED,62,0.25,TEMPORAL,0.005,0.2,0.6305,0.00325,0.980665708010557,0.676,0.00375,0.9044465468306528,0.915,0.7376543209876543
T0_AL_SELECTED,62,0.25,DOMAIN_OOD,0.005,0.05,0.5386210471747019,0.003110419906687403,0.9775319640423403,0.6070502851218248,0.002592016588906169,0.9851851851851852,0.6759979263867288,0.17546174142480211
T0_AL_SELECTED,62,0.25,DOMAIN_OOD,0.005,0.1,0.5386210471747019,0.003110419906687403,0.9775319640423403,0.6070502851218248,0.002592016588906169,0.966542750929368,0.7418351477449455,0.34300791556728233
T0_AL_SELECTED,62,0.25,DOMAIN_OOD,0.005,0.2,0.5386210471747019,0.003110419906687403,0.9775319640423403,0.6070502851218248,0.002592016588906169,0.9348230912476723,0.8672887506480041,0.662269129287599
T0_AL_SELECTED,62,0.25,TEMPLATE_OOD,0.005,0.05,0.6209016393442623,0.002927400468384075,0.9802338868949617,0.6618852459016393,0.00351288056206089,0.9824561403508771,0.7274590163934426,0.19393939393939394
T0_AL_SELECTED,62,0.25,TEMPLATE_OOD,0.005,0.1,0.6209016393442623,0.002927400468384075,0.9802338868949617,0.6618852459016393,0.00351288056206089,0.9671052631578947,0.7909836065573771,0.38181818181818183
T0_AL_SELECTED,62,0.25,TEMPLATE_OOD,0.005,0.2,0.6209016393442623,0.002927400468384075,0.9802338868949617,0.6618852459016393,0.00351288056206089,0.9122807017543859,0.9054449648711944,0.7203463203463204
T0_AL_SELECTED,62,0.25,DOMAIN_TEMPLATE_OOD,0.005,0.05,0.5264293419633226,0.002696871628910464,0.9762500137071193,0.5825242718446602,0.002696871628910464,0.9924242424242424,0.6531823085221143,0.16925064599483206
T0_AL_SELECTED,62,0.25,DOMAIN_TEMPLATE_OOD,0.005,0.1,0.5264293419633226,0.002696871628910464,0.9762500137071193,0.5825242718446602,0.002696871628910464,0.9695817490494296,0.7200647249190939,0.32945736434108525
T0_AL_SELECTED,62,0.25,DOMAIN_TEMPLATE_OOD,0.005,0.2,0.5264293419633226,0.002696871628910464,0.9762500137071193,0.5825242718446602,0.002696871628910464,0.940952380952381,0.8489751887810141,0.6382428940568475
T0_AL_SELECTED,62,0.25,IID_ORIGINAL,0.01,0.05,0.7466918714555766,0.013547415955845458,0.9219299279372094,0.611531190926276,0.01154039136979428,0.95,0.719281663516068,0.2773722627737226
T0_AL_SELECTED,62,0.25,IID_ORIGINAL,0.01,0.1,0.7466918714555766,0.013547415955845458,0.9219299279372094,0.611531190926276,0.01154039136979428,0.8200836820083682,0.7967863894139886,0.4768856447688564
T0_AL_SELECTED,62,0.25,IID_ORIGINAL,0.01,0.2,0.7466918714555766,0.013547415955845458,0.9219299279372094,0.611531190926276,0.01154039136979428,0.5534591194968553,0.8610586011342155,0.6423357664233577
T0_AL_SELECTED,62,0.25,IID_BALANCED,0.01,0.05,0.7466918714555766,0.015122873345935728,0.9473330320087623,0.611531190926276,0.015122873345935728,0.9863013698630136,0.6795841209829868,0.17518248175182483
T0_AL_SELECTED,62,0.25,IID_BALANCED,0.01,0.1,0.7466918714555766,0.015122873345935728,0.9473330320087623,0.611531190926276,0.015122873345935728,0.9657534246575342,0.7448015122873346,0.34306569343065696
T0_AL_SELECTED,62,0.25,IID_BALANCED,0.01,0.2,0.7466918714555766,0.015122873345935728,0.9473330320087623,0.611531190926276,0.015122873345935728,0.8213058419243986,0.8374291115311909,0.5815085158150851
T0_AL_SELECTED,62,0.25,TEMPORAL,0.01,0.05,0.84275,0.014,0.980665708010557,0.7405,0.00825,0.9760956175298805,0.80175,0.23603082851637766
T0_AL_SELECTED,62,0.25,TEMPORAL,0.01,0.1,0.84275,0.014,0.980665708010557,0.7405,0.00825,0.9321357285429142,0.85725,0.44990366088631983
T0_AL_SELECTED,62,0.25,TEMPORAL,0.01,0.2,0.84275,0.014,0.980665708010557,0.7405,0.00825,0.7972027972027972,0.94,0.7687861271676301
T0_AL_SELECTED,62,0.25,DOMAIN_OOD,0.01,0.05,0.8076723691031623,0.015552099533437015,0.9775319640423403,0.6811819595645412,0.008812856402280975,0.9763779527559056,0.7454639709694142,0.2016260162601626
T0_AL_SELECTED,62,0.25,DOMAIN_OOD,0.01,0.1,0.8076723691031623,0.015552099533437015,0.9775319640423403,0.6811819595645412,0.008812856402280975,0.9407114624505929,0.8045619491964748,0.38699186991869916
T0_AL_SELECTED,62,0.25,DOMAIN_OOD,0.01,0.2,0.8076723691031623,0.015552099533437015,0.9775319640423403,0.6811819595645412,0.008812856402280975,0.8774703557312253,0.911353032659409,0.7219512195121951
T0_AL_SELECTED,62,0.25,TEMPLATE_OOD,0.01,0.05,0.8357728337236534,0.013173302107728338,0.9802338868949617,0.7271662763466042,0.007903981264637002,0.9815668202764977,0.789519906323185,0.22854077253218885
T0_AL_SELECTED,62,0.25,TEMPLATE_OOD,0.01,0.1,0.8357728337236534,0.013173302107728338,0.9802338868949617,0.7271662763466042,0.007903981264637002,0.9330254041570438,0.8454332552693209,0.4334763948497854
T0_AL_SELECTED,62,0.25,TEMPLATE_OOD,0.01,0.2,0.8357728337236534,0.013173302107728338,0.9802338868949617,0.7271662763466042,0.007903981264637002,0.8219653179190751,0.935304449648712,0.7628755364806867
T0_AL_SELECTED,62,0.25,DOMAIN_TEMPLATE_OOD,0.01,0.05,0.7928802588996764,0.015102481121898598,0.9762500137071193,0.6601941747572816,0.007551240560949299,0.9838709677419355,0.7259978425026968,0.19365079365079366
T0_AL_SELECTED,62,0.25,DOMAIN_TEMPLATE_OOD,0.01,0.1,0.7928802588996764,0.015102481121898598,0.9762500137071193,0.6601941747572816,0.007551240560949299,0.9433198380566802,0.7858683926645091,0.36984126984126986
T0_AL_SELECTED,62,0.25,DOMAIN_TEMPLATE_OOD,0.01,0.2,0.7928802588996764,0.015102481121898598,0.9762500137071193,0.6601941747572816,0.007551240560949299,0.888663967611336,0.8969795037756203,0.6968253968253968
T0_AL_SELECTED,62,0.25,IID_ORIGINAL,0.02,0.05,0.7854442344045368,0.02408429503261415,0.9219299279372094,0.6540642722117203,0.020572002007024585,0.9051724137931034,0.7533081285444234,0.28688524590163933
T0_AL_SELECTED,62,0.25,IID_ORIGINAL,0.02,0.1,0.7854442344045368,0.02408429503261415,0.9219299279372094,0.6540642722117203,0.020572002007024585,0.7241379310344828,0.8128544423440454,0.45901639344262296
T0_AL_SELECTED,62,0.25,IID_ORIGINAL,0.02,0.2,0.7854442344045368,0.02408429503261415,0.9219299279372094,0.6540642722117203,0.020572002007024585,0.4827586206896552,0.8657844990548205,0.6120218579234973
T0_AL_SELECTED,62,0.25,IID_BALANCED,0.02,0.05,0.7854442344045368,0.027410207939508508,0.9473330320087623,0.6540642722117203,0.02551984877126654,0.9714285714285714,0.718336483931947,0.18579234972677597
T0_AL_SELECTED,62,0.25,IID_BALANCED,0.02,0.1,0.7854442344045368,0.027410207939508508,0.9473330320087623,0.6540642722117203,0.02551984877126654,0.95,0.779773156899811,0.3633879781420765
T0_AL_SELECTED,62,0.25,IID_BALANCED,0.02,0.2,0.7854442344045368,0.027410207939508508,0.9473330320087623,0.6540642722117203,0.02551984877126654,0.7392857142857143,0.8497164461247637,0.5655737704918032
T0_AL_SELECTED,62,0.25,TEMPORAL,0.02,0.05,0.899,0.02325,0.980665708010557,0.79425,0.01825,0.957983193277311,0.85125,0.2770352369380316
T0_AL_SELECTED,62,0.25,TEMPORAL,0.02,0.1,0.899,0.02325,0.980665708010557,0.79425,0.01825,0.9031578947368422,0.9015,0.5212636695018226
T0_AL_SELECTED,62,0.25,TEMPORAL,0.02,0.2,0.899,0.02325,0.980665708010557,0.79425,0.01825,0.6747368421052632,0.9545,0.778857837181045
T0_AL_SELECTED,62,0.25,DOMAIN_OOD,0.02,0.05,0.8849144634525661,0.029030585795749093,0.9775319640423403,0.7490927941938829,0.024883359253499222,0.957983193277311,0.8081907724209435,0.23553719008264462
T0_AL_SELECTED,62,0.25,DOMAIN_OOD,0.02,0.1,0.8849144634525661,0.029030585795749093,0.9775319640423403,0.7490927941938829,0.024883359253499222,0.9113924050632911,0.8610679108346293,0.4462809917355372
T0_AL_SELECTED,62,0.25,DOMAIN_OOD,0.02,0.2,0.8849144634525661,0.029030585795749093,0.9775319640423403,0.7490927941938829,0.024883359253499222,0.7801268498942917,0.9403836184551582,0.762396694214876
T0_AL_SELECTED,62,0.25,TEMPLATE_OOD,0.02,0.05,0.8940281030444965,0.022540983606557378,0.9802338868949617,0.7836651053864169,0.01756440281030445,0.9560975609756097,0.8410421545667447,0.2652232746955345
T0_AL_SELECTED,62,0.25,TEMPLATE_OOD,0.02,0.1,0.8940281030444965,0.022540983606557378,0.9802338868949617,0.7836651053864169,0.01756440281030445,0.9121951219512195,0.8931498829039812,0.5060893098782138
T0_AL_SELECTED,62,0.25,TEMPLATE_OOD,0.02,0.2,0.8940281030444965,0.022540983606557378,0.9802338868949617,0.7836651053864169,0.01756440281030445,0.6935286935286935,0.9499414519906323,0.7686062246278755
T0_AL_SELECTED,62,0.25,DOMAIN_TEMPLATE_OOD,0.02,0.05,0.872168284789644,0.028047464940668825,0.9762500137071193,0.7357065803667745,0.021574973031283712,0.9568965517241379,0.7955771305285868,0.22653061224489796
T0_AL_SELECTED,62,0.25,DOMAIN_TEMPLATE_OOD,0.02,0.1,0.872168284789644,0.028047464940668825,0.9762500137071193,0.7357065803667745,0.021574973031283712,0.9090909090909091,0.8489751887810141,0.42857142857142855
T0_AL_SELECTED,62,0.25,DOMAIN_TEMPLATE_OOD,0.02,0.2,0.872168284789644,0.028047464940668825,0.9762500137071193,0.7357065803667745,0.021574973031283712,0.7960954446854663,0.9336569579288025,0.7489795918367347
DAPT_AL_SELECTED,62,0.25,IID_ORIGINAL,0.005,0.05,0.6172022684310019,0.0055193176116407425,0.8839048260293891,0.55765595463138,0.006522829904666332,0.959349593495935,0.6691871455576559,0.25213675213675213
DAPT_AL_SELECTED,62,0.25,IID_ORIGINAL,0.005,0.1,0.6172022684310019,0.0055193176116407425,0.8839048260293891,0.55765595463138,0.006522829904666332,0.9020408163265307,0.7665406427221172,0.4722222222222222
DAPT_AL_SELECTED,62,0.25,IID_ORIGINAL,0.005,0.2,0.6172022684310019,0.0055193176116407425,0.8839048260293891,0.55765595463138,0.006522829904666332,0.5755102040816327,0.8241965973534972,0.6025641025641025
DAPT_AL_SELECTED,62,0.25,IID_BALANCED,0.005,0.05,0.6172022684310019,0.00945179584120983,0.9145970826020678,0.55765595463138,0.008506616257088847,0.9736842105263158,0.6275992438563327,0.1581196581196581
DAPT_AL_SELECTED,62,0.25,IID_BALANCED,0.005,0.1,0.6172022684310019,0.00945179584120983,0.9145970826020678,0.55765595463138,0.008506616257088847,0.9539473684210527,0.6947069943289225,0.30982905982905984
DAPT_AL_SELECTED,62,0.25,IID_BALANCED,0.005,0.2,0.6172022684310019,0.00945179584120983,0.9145970826020678,0.55765595463138,0.008506616257088847,0.8519736842105263,0.8024574669187146,0.5534188034188035
DAPT_AL_SELECTED,62,0.25,TEMPORAL,0.005,0.05,0.58525,0.00325,0.9699997381846902,0.676,0.00375,0.9735849056603774,0.7405,0.19907407407407407
DAPT_AL_SELECTED,62,0.25,TEMPORAL,0.005,0.1,0.58525,0.00325,0.9699997381846902,0.676,0.00375,0.945179584120983,0.801,0.38580246913580246
DAPT_AL_SELECTED,62,0.25,TEMPORAL,0.005,0.2,0.58525,0.00325,0.9699997381846902,0.676,0.00375,0.8817407757805109,0.909,0.7191358024691358
DAPT_AL_SELECTED,62,0.25,DOMAIN_OOD,0.005,0.05,0.4738206324520477,0.002073613271124935,0.9682766146536317,0.6070502851218248,0.002592016588906169,0.9777777777777777,0.6754795230689477,0.1741424802110818
DAPT_AL_SELECTED,62,0.25,DOMAIN_OOD,0.005,0.1,0.4738206324520477,0.002073613271124935,0.9682766146536317,0.6070502851218248,0.002592016588906169,0.9553903345724907,0.7402799377916018,0.3390501319261214
DAPT_AL_SELECTED,62,0.25,DOMAIN_OOD,0.005,0.2,0.4738206324520477,0.002073613271124935,0.9682766146536317,0.6070502851218248,0.002592016588906169,0.9180633147113594,0.8626231207879731,0.6503957783641161
DAPT_AL_SELECTED,62,0.25,TEMPLATE_OOD,0.005,0.05,0.5731850117096019,0.0026346604215456673,0.970228348655819,0.6618852459016393,0.00351288056206089,0.9780701754385965,0.7271662763466042,0.19307359307359306
DAPT_AL_SELECTED,62,0.25,TEMPLATE_OOD,0.005,0.1,0.5731850117096019,0.0026346604215456673,0.970228348655819,0.6618852459016393,0.00351288056206089,0.9473684210526315,0.7883489461358314,0.37402597402597404
DAPT_AL_SELECTED,62,0.25,TEMPLATE_OOD,0.005,0.2,0.5731850117096019,0.0026346604215456673,0.970228348655819,0.6618852459016393,0.00351288056206089,0.893640350877193,0.9004683840749415,0.7056277056277056
DAPT_AL_SELECTED,62,0.25,DOMAIN_TEMPLATE_OOD,0.005,0.05,0.45307443365695793,0.0016181229773462784,0.9660296947551761,0.5825242718446602,0.002696871628910464,0.9848484848484849,0.6526429341963322,0.16795865633074936
DAPT_AL_SELECTED,62,0.25,DOMAIN_TEMPLATE_OOD,0.005,0.1,0.45307443365695793,0.0016181229773462784,0.9660296947551761,0.5825242718446602,0.002696871628910464,0.9619771863117871,0.7189859762675297,0.3268733850129199
DAPT_AL_SELECTED,62,0.25,DOMAIN_TEMPLATE_OOD,0.005,0.2,0.45307443365695793,0.0016181229773462784,0.9660296947551761,0.5825242718446602,0.002696871628910464,0.9314285714285714,0.8462783171521036,0.6317829457364341
DAPT_AL_SELECTED,62,0.25,IID_ORIGINAL,0.01,0.05,0.6739130434782609,0.009533366783743101,0.8839048260293891,0.611531190926276,0.01154039136979428,0.9166666666666666,0.7155009451795841,0.26763990267639903
DAPT_AL_SELECTED,62,0.25,IID_ORIGINAL,0.01,0.1,0.6739130434782609,0.009533366783743101,0.8839048260293891,0.611531190926276,0.01154039136979428,0.7824267782426778,0.7882797731568998,0.45498783454987834
DAPT_AL_SELECTED,62,0.25,IID_ORIGINAL,0.01,0.2,0.6739130434782609,0.009533366783743101,0.8839048260293891,0.611531190926276,0.01154039136979428,0.4863731656184486,0.8308128544423441,0.5644768856447688
DAPT_AL_SELECTED,62,0.25,IID_BALANCED,0.01,0.05,0.6739130434782609,0.012287334593572778,0.9145970826020678,0.611531190926276,0.015122873345935728,0.9863013698630136,0.6795841209829868,0.17518248175182483
DAPT_AL_SELECTED,62,0.25,IID_BALANCED,0.01,0.1,0.6739130434782609,0.012287334593572778,0.9145970826020678,0.611531190926276,0.015122873345935728,0.9383561643835616,0.7410207939508506,0.3333333333333333
DAPT_AL_SELECTED,62,0.25,IID_BALANCED,0.01,0.2,0.6739130434782609,0.012287334593572778,0.9145970826020678,0.611531190926276,0.015122873345935728,0.7525773195876289,0.8185255198487713,0.5328467153284672
DAPT_AL_SELECTED,62,0.25,TEMPORAL,0.01,0.05,0.65825,0.0065,0.9699997381846902,0.7405,0.00825,0.952191235059761,0.80025,0.2302504816955684
DAPT_AL_SELECTED,62,0.25,TEMPORAL,0.01,0.1,0.65825,0.0065,0.9699997381846902,0.7405,0.00825,0.9261477045908184,0.8565,0.44701348747591524
DAPT_AL_SELECTED,62,0.25,TEMPORAL,0.01,0.2,0.65825,0.0065,0.9699997381846902,0.7405,0.00825,0.7782217782217782,0.93525,0.7504816955684007
DAPT_AL_SELECTED,62,0.25,DOMAIN_OOD,0.01,0.05,0.5666148263348886,0.006220839813374806,0.9682766146536317,0.6811819595645412,0.008812856402280975,0.9606299212598425,0.7444271643338517,0.1983739837398374
DAPT_AL_SELECTED,62,0.25,DOMAIN_OOD,0.01,0.1,0.5666148263348886,0.006220839813374806,0.9682766146536317,0.6811819595645412,0.008812856402280975,0.9367588932806324,0.8040435458786936,0.3853658536585366
DAPT_AL_SELECTED,62,0.25,DOMAIN_OOD,0.01,0.2,0.5666148263348886,0.006220839813374806,0.9682766146536317,0.6811819595645412,0.008812856402280975,0.8537549407114624,0.9051321928460342,0.7024390243902439
DAPT_AL_SELECTED,62,0.25,TEMPLATE_OOD,0.01,0.05,0.6434426229508197,0.006147540983606557,0.970228348655819,0.7271662763466042,0.007903981264637002,0.9539170506912442,0.7877634660421545,0.22210300429184548
DAPT_AL_SELECTED,62,0.25,TEMPLATE_OOD,0.01,0.1,0.6434426229508197,0.006147540983606557,0.970228348655819,0.7271662763466042,0.007903981264637002,0.9399538106235565,0.8463114754098361,0.4366952789699571
DAPT_AL_SELECTED,62,0.25,TEMPLATE_OOD,0.01,0.2,0.6434426229508197,0.006147540983606557,0.970228348655819,0.7271662763466042,0.007903981264637002,0.8023121387283237,0.930327868852459,0.7446351931330472
DAPT_AL_SELECTED,62,0.25,DOMAIN_TEMPLATE_OOD,0.01,0.05,0.5447680690399137,0.005933117583603021,0.9660296947551761,0.6601941747572816,0.007551240560949299,0.967741935483871,0.7249190938511327,0.19047619047619047
DAPT_AL_SELECTED,62,0.25,DOMAIN_TEMPLATE_OOD,0.01,0.1,0.5447680690399137,0.005933117583603021,0.9660296947551761,0.6601941747572816,0.007551240560949299,0.9473684210526315,0.7864077669902912,0.37142857142857144
DAPT_AL_SELECTED,62,0.25,DOMAIN_TEMPLATE_OOD,0.01,0.2,0.5447680690399137,0.005933117583603021,0.9660296947551761,0.6601941747572816,0.007551240560949299,0.8623481781376519,0.889967637540453,0.6761904761904762
DAPT_AL_SELECTED,62,0.25,IID_ORIGINAL,0.02,0.05,0.775047258979206,0.025087807325639738,0.8839048260293891,0.6540642722117203,0.020572002007024585,0.8879310344827587,0.7514177693761814,0.2814207650273224
DAPT_AL_SELECTED,62,0.25,IID_ORIGINAL,0.02,0.1,0.775047258979206,0.025087807325639738,0.8839048260293891,0.6540642722117203,0.020572002007024585,0.6724137931034483,0.8015122873345936,0.4262295081967213
DAPT_AL_SELECTED,62,0.25,IID_ORIGINAL,0.02,0.2,0.775047258979206,0.025087807325639738,0.8839048260293891,0.6540642722117203,0.020572002007024585,0.4051724137931034,0.831758034026465,0.5136612021857924
DAPT_AL_SELECTED,62,0.25,IID_BALANCED,0.02,0.05,0.775047258979206,0.02551984877126654,0.9145970826020678,0.6540642722117203,0.02551984877126654,0.9571428571428572,0.717391304347826,0.1830601092896175
DAPT_AL_SELECTED,62,0.25,IID_BALANCED,0.02,0.1,0.775047258979206,0.02551984877126654,0.9145970826020678,0.6540642722117203,0.02551984877126654,0.9285714285714286,0.776937618147448,0.3551912568306011
DAPT_AL_SELECTED,62,0.25,IID_BALANCED,0.02,0.2,0.775047258979206,0.02551984877126654,0.9145970826020678,0.6540642722117203,0.02551984877126654,0.65,0.8260869565217391,0.4972677595628415
DAPT_AL_SELECTED,62,0.25,TEMPORAL,0.02,0.05,0.8685,0.026,0.9699997381846902,0.79425,0.01825,0.9243697478991597,0.84925,0.267314702308627
DAPT_AL_SELECTED,62,0.25,TEMPORAL,0.02,0.1,0.8685,0.026,0.9699997381846902,0.79425,0.01825,0.8821052631578947,0.899,0.5091130012150669
DAPT_AL_SELECTED,62,0.25,TEMPORAL,0.02,0.2,0.8685,0.026,0.9699997381846902,0.79425,0.01825,0.6473684210526316,0.948,0.74726609963548
DAPT_AL_SELECTED,62,0.25,DOMAIN_OOD,0.02,0.05,0.8506998444790047,0.03162260238465526,0.9682766146536317,0.7490927941938829,0.024883359253499222,0.9243697478991597,0.8061171591498185,0.22727272727272727
DAPT_AL_SELECTED,62,0.25,DOMAIN_OOD,0.02,0.1,0.8506998444790047,0.03162260238465526,0.9682766146536317,0.7490927941938829,0.024883359253499222,0.9324894514767933,0.8636599274235355,0.45661157024793386
DAPT_AL_SELECTED,62,0.25,DOMAIN_OOD,0.02,0.2,0.8506998444790047,0.03162260238465526,0.9682766146536317,0.7490927941938829,0.024883359253499222,0.7632135306553911,0.9362363919129082,0.7458677685950413
DAPT_AL_SELECTED,62,0.25,TEMPLATE_OOD,0.02,0.05,0.8629976580796253,0.02429742388758782,0.970228348655819,0.7836651053864169,0.01756440281030445,0.9219512195121952,0.8389929742388759,0.2557510148849797
DAPT_AL_SELECTED,62,0.25,TEMPLATE_OOD,0.02,0.1,0.8629976580796253,0.02429742388758782,0.970228348655819,0.7836651053864169,0.01756440281030445,0.8902439024390244,0.8905152224824356,0.4939106901217862
DAPT_AL_SELECTED,62,0.25,TEMPLATE_OOD,0.02,0.2,0.8629976580796253,0.02429742388758782,0.970228348655819,0.7836651053864169,0.01756440281030445,0.6678876678876678,0.9437939110070258,0.7401894451962111
DAPT_AL_SELECTED,62,0.25,DOMAIN_TEMPLATE_OOD,0.02,0.05,0.8333333333333334,0.030744336569579287,0.9660296947551761,0.7357065803667745,0.021574973031283712,0.9310344827586207,0.7939590075512406,0.22040816326530613
DAPT_AL_SELECTED,62,0.25,DOMAIN_TEMPLATE_OOD,0.02,0.1,0.8333333333333334,0.030744336569579287,0.9660296947551761,0.7357065803667745,0.021574973031283712,0.9307359307359307,0.8516720604099245,0.4387755102040816
DAPT_AL_SELECTED,62,0.25,DOMAIN_TEMPLATE_OOD,0.02,0.2,0.8333333333333334,0.030744336569579287,0.9660296947551761,0.7357065803667745,0.021574973031283712,0.7635574837310195,0.9255663430420712,0.7183673469387755
T0_AL_SELECTED,72,0.25,IID_ORIGINAL,0.005,0.05,0.5236294896030246,0.002508780732563974,0.8946732313718471,0.5349716446124764,0.006021073758153537,0.9758064516129032,0.6493383742911153,0.2459349593495935
T0_AL_SELECTED,72,0.25,IID_ORIGINAL,0.005,0.1,0.5236294896030246,0.002508780732563974,0.8946732313718471,0.5349716446124764,0.006021073758153537,0.9395161290322581,0.7551984877126654,0.4735772357723577
T0_AL_SELECTED,72,0.25,IID_ORIGINAL,0.005,0.2,0.5236294896030246,0.002508780732563974,0.8946732313718471,0.5349716446124764,0.006021073758153537,0.6282828282828283,0.8289224952741021,0.6321138211382114
T0_AL_SELECTED,72,0.25,IID_BALANCED,0.005,0.05,0.5236294896030246,0.002835538752362949,0.9250855318242301,0.5349716446124764,0.007561436672967864,0.9871794871794872,0.6077504725897921,0.1565040650406504
T0_AL_SELECTED,72,0.25,IID_BALANCED,0.005,0.1,0.5236294896030246,0.002835538752362949,0.9250855318242301,0.5349716446124764,0.007561436672967864,0.9870967741935484,0.6795841209829868,0.31097560975609756
T0_AL_SELECTED,72,0.25,IID_BALANCED,0.005,0.2,0.5236294896030246,0.002835538752362949,0.9250855318242301,0.5349716446124764,0.007561436672967864,0.9061488673139159,0.7996219281663516,0.5691056910569106
T0_AL_SELECTED,72,0.25,TEMPORAL,0.005,0.05,0.602,0.003,0.9764553101668578,0.67075,0.00475,0.9811320754716981,0.73575,0.19741837509491267
T0_AL_SELECTED,72,0.25,TEMPORAL,0.005,0.1,0.602,0.003,0.9764553101668578,0.67075,0.00475,0.9735849056603774,0.79975,0.3917995444191344
T0_AL_SELECTED,72,0.25,TEMPORAL,0.005,0.2,0.602,0.003,0.9764553101668578,0.67075,0.00475,0.9245283018867925,0.91575,0.7441154138192863
T0_AL_SELECTED,72,0.25,DOMAIN_OOD,0.005,0.05,0.5075168481078279,0.00414722654224987,0.9719847943310503,0.5894245723172629,0.007257646448937273,0.9779411764705882,0.6583722135821669,0.16792929292929293
T0_AL_SELECTED,72,0.25,DOMAIN_OOD,0.005,0.1,0.5075168481078279,0.00414722654224987,0.9719847943310503,0.5894245723172629,0.007257646448937273,0.974169741697417,0.7262830482115086,0.3333333333333333
T0_AL_SELECTED,72,0.25,DOMAIN_OOD,0.005,0.2,0.5075168481078279,0.00414722654224987,0.9719847943310503,0.5894245723172629,0.007257646448937273,0.9538745387453874,0.8574390876101607,0.6527777777777778
T0_AL_SELECTED,72,0.25,TEMPLATE_OOD,0.005,0.05,0.5986533957845434,0.002927400468384075,0.9753230354246202,0.6554449648711944,0.0055620608899297425,0.9781659388646288,0.7210187353629977,0.1903143585386576
T0_AL_SELECTED,72,0.25,TEMPLATE_OOD,0.005,0.1,0.5986533957845434,0.002927400468384075,0.9753230354246202,0.6554449648711944,0.0055620608899297425,0.9781659388646288,0.7865925058548009,0.3806287170773152
T0_AL_SELECTED,72,0.25,TEMPLATE_OOD,0.005,0.2,0.5986533957845434,0.002927400468384075,0.9753230354246202,0.6554449648711944,0.0055620608899297425,0.9420765027322404,0.9077868852459017,0.7323704333050127
T0_AL_SELECTED,72,0.25,DOMAIN_TEMPLATE_OOD,0.005,0.05,0.5032362459546925,0.003236245954692557,0.9700589536426903,0.5652642934196332,0.007551240560949299,0.9849624060150376,0.6359223300970874,0.16253101736972705
T0_AL_SELECTED,72,0.25,DOMAIN_TEMPLATE_OOD,0.005,0.1,0.5032362459546925,0.003236245954692557,0.9700589536426903,0.5652642934196332,0.007551240560949299,0.9811320754716981,0.7055016181229773,0.3225806451612903
T0_AL_SELECTED,72,0.25,DOMAIN_TEMPLATE_OOD,0.005,0.2,0.5032362459546925,0.003236245954692557,0.9700589536426903,0.5652642934196332,0.007551240560949299,0.9566037735849057,0.8387270765911543,0.6290322580645161
T0_AL_SELECTED,72,0.25,IID_ORIGINAL,0.01,0.05,0.6814744801512287,0.007526342197691922,0.8946732313718471,0.5718336483931947,0.007526342197691922,0.9672131147540983,0.6833648393194707,0.26048565121412803
T0_AL_SELECTED,72,0.25,IID_ORIGINAL,0.01,0.1,0.6814744801512287,0.007526342197691922,0.8946732313718471,0.5718336483931947,0.007526342197691922,0.8975409836065574,0.77882797731569,0.48344370860927155
T0_AL_SELECTED,72,0.25,IID_ORIGINAL,0.01,0.2,0.6814744801512287,0.007526342197691922,0.8946732313718471,0.5718336483931947,0.007526342197691922,0.5646817248459959,0.831758034026465,0.6070640176600441
T0_AL_SELECTED,72,0.25,IID_BALANCED,0.01,0.05,0.6814744801512287,0.008506616257088847,0.9250855318242301,0.5718336483931947,0.00945179584120983,0.9868421052631579,0.6427221172022685,0.16556291390728478
T0_AL_SELECTED,72,0.25,IID_BALANCED,0.01,0.1,0.6814744801512287,0.008506616257088847,0.9250855318242301,0.5718336483931947,0.00945179584120983,0.9867549668874173,0.7126654064272212,0.32891832229580575
T0_AL_SELECTED,72,0.25,IID_BALANCED,0.01,0.2,0.6814744801512287,0.008506616257088847,0.9250855318242301,0.5718336483931947,0.00945179584120983,0.8704318936877077,0.8194706994328923,0.5783664459161147
T0_AL_SELECTED,72,0.25,TEMPORAL,0.01,0.05,0.787,0.0085,0.9764553101668578,0.7125,0.0075,0.96875,0.7745,0.21565217391304348
T0_AL_SELECTED,72,0.25,TEMPORAL,0.01,0.1,0.787,0.0085,0.9764553101668578,0.7125,0.0075,0.96875,0.8365,0.43130434782608695
T0_AL_SELECTED,72,0.25,TEMPORAL,0.01,0.2,0.787,0.0085,0.9764553101668578,0.7125,0.0075,0.8623046875,0.93325,0.7678260869565218
T0_AL_SELECTED,72,0.25,DOMAIN_OOD,0.01,0.05,0.7454639709694142,0.012441679626749611,0.9719847943310503,0.6443753240020736,0.011404872991187144,0.9769230769230769,0.7102125453602903,0.18513119533527697
T0_AL_SELECTED,72,0.25,DOMAIN_OOD,0.01,0.1,0.7454639709694142,0.012441679626749611,0.9719847943310503,0.6443753240020736,0.011404872991187144,0.9692307692307692,0.7750129600829445,0.3673469387755102
T0_AL_SELECTED,72,0.25,DOMAIN_OOD,0.01,0.2,0.7454639709694142,0.012441679626749611,0.9719847943310503,0.6443753240020736,0.011404872991187144,0.9402697495183044,0.8973561430793157,0.7113702623906706
T0_AL_SELECTED,72,0.25,TEMPLATE_OOD,0.01,0.05,0.7792740046838408,0.008782201405152224,0.9753230354246202,0.6964285714285714,0.008489461358313818,0.9684684684684685,0.759367681498829,0.2073288331726133
T0_AL_SELECTED,72,0.25,TEMPLATE_OOD,0.01,0.1,0.7792740046838408,0.008782201405152224,0.9753230354246202,0.6964285714285714,0.008489461358313818,0.9706546275395034,0.8223067915690867,0.4146576663452266
T0_AL_SELECTED,72,0.25,TEMPLATE_OOD,0.01,0.2,0.7792740046838408,0.008782201405152224,0.9753230354246202,0.6964285714285714,0.008489461358313818,0.8937853107344633,0.9279859484777517,0.7627772420443587
T0_AL_SELECTED,72,0.25,DOMAIN_TEMPLATE_OOD,0.01,0.05,0.7259978425026968,0.011866235167206042,0.9700589536426903,0.6240560949298813,0.011326860841423949,0.9763779527559056,0.6909385113268608,0.17790530846484937
T0_AL_SELECTED,72,0.25,DOMAIN_TEMPLATE_OOD,0.01,0.1,0.7259978425026968,0.011866235167206042,0.9700589536426903,0.6240560949298813,0.011326860841423949,0.9762845849802372,0.7572815533980582,0.35437589670014347
T0_AL_SELECTED,72,0.25,DOMAIN_TEMPLATE_OOD,0.01,0.2,0.7259978425026968,0.011866235167206042,0.9700589536426903,0.6240560949298813,0.011326860841423949,0.9426877470355731,0.8813376483279396,0.6843615494978479
T0_AL_SELECTED,72,0.25,IID_ORIGINAL,0.02,0.05,0.7533081285444234,0.01806322127446061,0.8946732313718471,0.6436672967863895,0.01655795283492223,0.9401709401709402,0.7476370510396976,0.2917771883289125
T0_AL_SELECTED,72,0.25,IID_ORIGINAL,0.02,0.1,0.7533081285444234,0.01806322127446061,0.8946732313718471,0.6436672967863895,0.01655795283492223,0.7606837606837606,0.8119092627599244,0.47214854111405835
T0_AL_SELECTED,72,0.25,IID_ORIGINAL,0.02,0.2,0.7533081285444234,0.01806322127446061,0.8946732313718471,0.6436672967863895,0.01655795283492223,0.4337606837606838,0.8355387523629489,0.5384615384615384
T0_AL_SELECTED,72,0.25,IID_BALANCED,0.02,0.05,0.7533081285444234,0.01984877126654064,0.9250855318242301,0.6436672967863895,0.017958412098298678,0.9859154929577465,0.7098298676748582,0.1856763925729443
T0_AL_SELECTED,72,0.25,IID_BALANCED,0.02,0.1,0.7533081285444234,0.01984877126654064,0.9250855318242301,0.6436672967863895,0.017958412098298678,0.9507042253521126,0.7712665406427222,0.35809018567639256
T0_AL_SELECTED,72,0.25,IID_BALANCED,0.02,0.2,0.7533081285444234,0.01984877126654064,0.9250855318242301,0.6436672967863895,0.017958412098298678,0.7007042253521126,0.831758034026465,0.5278514588859416
T0_AL_SELECTED,72,0.25,TEMPORAL,0.02,0.05,0.88225,0.0155,0.9764553101668578,0.79225,0.0165,0.9497907949790795,0.849,0.273164861612515
T0_AL_SELECTED,72,0.25,TEMPORAL,0.02,0.1,0.88225,0.0155,0.9764553101668578,0.79225,0.0165,0.9287211740041929,0.903,0.53309265944645
T0_AL_SELECTED,72,0.25,TEMPORAL,0.02,0.2,0.88225,0.0155,0.9764553101668578,0.79225,0.0165,0.6505771248688352,0.94725,0.7460890493381468
T0_AL_SELECTED,72,0.25,DOMAIN_OOD,0.02,0.05,0.8683255572835666,0.018144116122343183,0.9719847943310503,0.7439087610160705,0.025401762571280455,0.9411764705882353,0.8019699326075687,0.22672064777327935
T0_AL_SELECTED,72,0.25,DOMAIN_OOD,0.02,0.1,0.8683255572835666,0.018144116122343183,0.9719847943310503,0.7439087610160705,0.025401762571280455,0.9369747899159664,0.8595127008812856,0.451417004048583
T0_AL_SELECTED,72,0.25,DOMAIN_OOD,0.02,0.2,0.8683255572835666,0.018144116122343183,0.9719847943310503,0.7439087610160705,0.025401762571280455,0.8,0.9409020217729394,0.7692307692307693
T0_AL_SELECTED,72,0.25,TEMPLATE_OOD,0.02,0.05,0.8785128805620609,0.01522248243559719,0.9753230354246202,0.78307962529274,0.017857142857142856,0.9609756097560975,0.8407494145199064,0.2658569500674764
T0_AL_SELECTED,72,0.25,TEMPLATE_OOD,0.02,0.1,0.8785128805620609,0.01522248243559719,0.9753230354246202,0.78307962529274,0.017857142857142856,0.9292682926829269,0.8946135831381733,0.5141700404858299
T0_AL_SELECTED,72,0.25,TEMPLATE_OOD,0.02,0.2,0.8785128805620609,0.01522248243559719,0.9753230354246202,0.78307962529274,0.017857142857142856,0.6792682926829269,0.9461358313817331,0.7516869095816464
T0_AL_SELECTED,72,0.25,DOMAIN_TEMPLATE_OOD,0.02,0.05,0.8516720604099245,0.017259978425026967,0.9700589536426903,0.7335490830636462,0.02481121898597627,0.9568965517241379,0.7934196332254585,0.22469635627530365
T0_AL_SELECTED,72,0.25,DOMAIN_TEMPLATE_OOD,0.02,0.1,0.8516720604099245,0.017259978425026967,0.9700589536426903,0.7335490830636462,0.02481121898597627,0.9393939393939394,0.8505933117583603,0.4392712550607287
T0_AL_SELECTED,72,0.25,DOMAIN_TEMPLATE_OOD,0.02,0.2,0.8516720604099245,0.017259978425026967,0.9700589536426903,0.7335490830636462,0.02481121898597627,0.8026030368763557,0.9331175836030206,0.7489878542510121
DAPT_AL_SELECTED,72,0.25,IID_ORIGINAL,0.005,0.05,0.6824196597353497,0.0055193176116407425,0.900197632048287,0.5349716446124764,0.006021073758153537,0.9919354838709677,0.6512287334593573,0.25
DAPT_AL_SELECTED,72,0.25,IID_ORIGINAL,0.005,0.1,0.6824196597353497,0.0055193176116407425,0.900197632048287,0.5349716446124764,0.006021073758153537,0.9475806451612904,0.7570888468809074,0.47764227642276424
DAPT_AL_SELECTED,72,0.25,IID_ORIGINAL,0.005,0.2,0.6824196597353497,0.0055193176116407425,0.900197632048287,0.5349716446124764,0.006021073758153537,0.6262626262626263,0.8279773156899811,0.6300813008130082
DAPT_AL_SELECTED,72,0.25,IID_BALANCED,0.005,0.05,0.6824196597353497,0.005671077504725898,0.9290518181651148,0.5349716446124764,0.007561436672967864,0.9871794871794872,0.6077504725897921,0.1565040650406504
DAPT_AL_SELECTED,72,0.25,IID_BALANCED,0.005,0.1,0.6824196597353497,0.005671077504725898,0.9290518181651148,0.5349716446124764,0.007561436672967864,0.9870967741935484,0.6795841209829868,0.31097560975609756
DAPT_AL_SELECTED,72,0.25,IID_BALANCED,0.005,0.2,0.6824196597353497,0.005671077504725898,0.9290518181651148,0.5349716446124764,0.007561436672967864,0.919093851132686,0.8034026465028355,0.5772357723577236
DAPT_AL_SELECTED,72,0.25,TEMPORAL,0.005,0.05,0.77625,0.00425,0.9745084299647528,0.67075,0.00475,0.9849056603773585,0.736,0.19817767653758542
DAPT_AL_SELECTED,72,0.25,TEMPORAL,0.005,0.1,0.77625,0.00425,0.9745084299647528,0.67075,0.00475,0.9792452830188679,0.8005,0.3940774487471526
DAPT_AL_SELECTED,72,0.25,TEMPORAL,0.005,0.2,0.77625,0.00425,0.9745084299647528,0.67075,0.00475,0.9264150943396227,0.91625,0.7456340167046317
DAPT_AL_SELECTED,72,0.25,DOMAIN_OOD,0.005,0.05,0.7293934681181959,0.00414722654224987,0.9716883755258034,0.5894245723172629,0.007257646448937273,0.9852941176470589,0.6588906168999482,0.1691919191919192
DAPT_AL_SELECTED,72,0.25,DOMAIN_OOD,0.005,0.1,0.7293934681181959,0.00414722654224987,0.9716883755258034,0.5894245723172629,0.007257646448937273,0.981549815498155,0.7273198548470711,0.33585858585858586
DAPT_AL_SELECTED,72,0.25,DOMAIN_OOD,0.005,0.2,0.7293934681181959,0.00414722654224987,0.9716883755258034,0.5894245723172629,0.007257646448937273,0.9649446494464945,0.8605495075168481,0.6603535353535354
DAPT_AL_SELECTED,72,0.25,TEMPLATE_OOD,0.005,0.05,0.7734192037470726,0.004098360655737705,0.9742995555167234,0.6554449648711944,0.0055620608899297425,0.9868995633187773,0.7216042154566745,0.19201359388275277
DAPT_AL_SELECTED,72,0.25,TEMPLATE_OOD,0.005,0.1,0.7734192037470726,0.004098360655737705,0.9742995555167234,0.6554449648711944,0.0055620608899297425,0.982532751091703,0.7871779859484778,0.3823279524214104
DAPT_AL_SELECTED,72,0.25,TEMPLATE_OOD,0.005,0.2,0.7734192037470726,0.004098360655737705,0.9742995555167234,0.6554449648711944,0.0055620608899297425,0.9486338797814208,0.9095433255269321,0.7374681393372983
DAPT_AL_SELECTED,72,0.25,DOMAIN_TEMPLATE_OOD,0.005,0.05,0.7114347357065803,0.004314994606256742,0.9703215547440703,0.5652642934196332,0.007551240560949299,0.9849624060150376,0.6359223300970874,0.16253101736972705
DAPT_AL_SELECTED,72,0.25,DOMAIN_TEMPLATE_OOD,0.005,0.1,0.7114347357065803,0.004314994606256742,0.9703215547440703,0.5652642934196332,0.007551240560949299,0.9811320754716981,0.7055016181229773,0.3225806451612903
DAPT_AL_SELECTED,72,0.25,DOMAIN_TEMPLATE_OOD,0.005,0.2,0.7114347357065803,0.004314994606256742,0.9703215547440703,0.5652642934196332,0.007551240560949299,0.9716981132075472,0.843042071197411,0.6389578163771712
DAPT_AL_SELECTED,72,0.25,IID_ORIGINAL,0.01,0.05,0.7485822306238186,0.011038635223281485,0.900197632048287,0.5718336483931947,0.007526342197691922,0.9836065573770492,0.6852551984877127,0.26490066225165565
DAPT_AL_SELECTED,72,0.25,IID_ORIGINAL,0.01,0.1,0.7485822306238186,0.011038635223281485,0.900197632048287,0.5718336483931947,0.007526342197691922,0.9221311475409836,0.7844990548204159,0.4966887417218543
DAPT_AL_SELECTED,72,0.25,IID_ORIGINAL,0.01,0.2,0.7485822306238186,0.011038635223281485,0.900197632048287,0.5718336483931947,0.007526342197691922,0.5687885010266941,0.833648393194707,0.6114790286975718
DAPT_AL_SELECTED,72,0.25,IID_BALANCED,0.01,0.05,0.7485822306238186,0.011342155009451797,0.9290518181651148,0.5718336483931947,0.00945179584120983,0.9868421052631579,0.6427221172022685,0.16556291390728478
DAPT_AL_SELECTED,72,0.25,IID_BALANCED,0.01,0.1,0.7485822306238186,0.011342155009451797,0.9290518181651148,0.5718336483931947,0.00945179584120983,0.9801324503311258,0.7117202268431002,0.32671081677704195
DAPT_AL_SELECTED,72,0.25,IID_BALANCED,0.01,0.2,0.7485822306238186,0.011342155009451797,0.9290518181651148,0.5718336483931947,0.00945179584120983,0.8637873754152824,0.8175803402646503,0.5739514348785872
DAPT_AL_SELECTED,72,0.25,TEMPORAL,0.01,0.05,0.87025,0.01075,0.9745084299647528,0.7125,0.0075,0.984375,0.7755,0.21913043478260869
DAPT_AL_SELECTED,72,0.25,TEMPORAL,0.01,0.1,0.87025,0.01075,0.9745084299647528,0.7125,0.0075,0.978515625,0.83775,0.4356521739130435
DAPT_AL_SELECTED,72,0.25,TEMPORAL,0.01,0.2,0.87025,0.01075,0.9745084299647528,0.7125,0.0075,0.8681640625,0.93475,0.7730434782608696
DAPT_AL_SELECTED,72,0.25,DOMAIN_OOD,0.01,0.05,0.8455158113011924,0.011923276308968377,0.9716883755258034,0.6443753240020736,0.011404872991187144,0.9846153846153847,0.7107309486780715,0.18658892128279883
DAPT_AL_SELECTED,72,0.25,DOMAIN_OOD,0.01,0.1,0.8455158113011924,0.011923276308968377,0.9716883755258034,0.6443753240020736,0.011404872991187144,0.9807692307692307,0.7765681700362882,0.3717201166180758
DAPT_AL_SELECTED,72,0.25,DOMAIN_OOD,0.01,0.2,0.8455158113011924,0.011923276308968377,0.9716883755258034,0.6443753240020736,0.011404872991187144,0.9460500963391136,0.8989113530326595,0.7157434402332361
DAPT_AL_SELECTED,72,0.25,TEMPLATE_OOD,0.01,0.05,0.8697306791569087,0.009953161592505855,0.9742995555167234,0.6964285714285714,0.008489461358313818,0.9864864864864865,0.7605386416861827,0.2111861137897782
DAPT_AL_SELECTED,72,0.25,TEMPLATE_OOD,0.01,0.1,0.8697306791569087,0.009953161592505855,0.9742995555167234,0.6964285714285714,0.008489461358313818,0.981941309255079,0.8237704918032787,0.41947926711668276
DAPT_AL_SELECTED,72,0.25,TEMPLATE_OOD,0.01,0.2,0.8697306791569087,0.009953161592505855,0.9742995555167234,0.6964285714285714,0.008489461358313818,0.8994350282485876,0.9294496487119438,0.7675988428158148
DAPT_AL_SELECTED,72,0.25,DOMAIN_TEMPLATE_OOD,0.01,0.05,0.8408845738942826,0.011326860841423949,0.9703215547440703,0.6240560949298813,0.011326860841423949,0.984251968503937,0.6914778856526429,0.1793400286944046
DAPT_AL_SELECTED,72,0.25,DOMAIN_TEMPLATE_OOD,0.01,0.1,0.8408845738942826,0.011326860841423949,0.9703215547440703,0.6240560949298813,0.011326860841423949,0.9802371541501976,0.7578209277238404,0.35581061692969873
DAPT_AL_SELECTED,72,0.25,DOMAIN_TEMPLATE_OOD,0.01,0.2,0.8408845738942826,0.011326860841423949,0.9703215547440703,0.6240560949298813,0.011326860841423949,0.9545454545454546,0.8845738942826321,0.6929698708751794
DAPT_AL_SELECTED,72,0.25,IID_ORIGINAL,0.02,0.05,0.775047258979206,0.014550928248871048,0.900197632048287,0.6436672967863895,0.01655795283492223,0.9487179487179487,0.7485822306238186,0.29442970822281167
DAPT_AL_SELECTED,72,0.25,IID_ORIGINAL,0.02,0.1,0.775047258979206,0.014550928248871048,0.900197632048287,0.6436672967863895,0.01655795283492223,0.7564102564102564,0.8109640831758034,0.46949602122015915
DAPT_AL_SELECTED,72,0.25,IID_ORIGINAL,0.02,0.2,0.775047258979206,0.014550928248871048,0.900197632048287,0.6436672967863895,0.01655795283492223,0.43803418803418803,0.8374291115311909,0.5437665782493368
DAPT_AL_SELECTED,72,0.25,IID_BALANCED,0.02,0.05,0.775047258979206,0.015122873345935728,0.9290518181651148,0.6436672967863895,0.017958412098298678,0.9859154929577465,0.7098298676748582,0.1856763925729443
DAPT_AL_SELECTED,72,0.25,IID_BALANCED,0.02,0.1,0.775047258979206,0.015122873345935728,0.9290518181651148,0.6436672967863895,0.017958412098298678,0.971830985915493,0.774102079395085,0.3660477453580902
DAPT_AL_SELECTED,72,0.25,IID_BALANCED,0.02,0.2,0.775047258979206,0.015122873345935728,0.9290518181651148,0.6436672967863895,0.017958412098298678,0.704225352112676,0.832703213610586,0.5305039787798409
DAPT_AL_SELECTED,72,0.25,TEMPORAL,0.02,0.05,0.89675,0.01525,0.9745084299647528,0.79225,0.0165,0.9623430962343096,0.84975,0.2767749699157641
DAPT_AL_SELECTED,72,0.25,TEMPORAL,0.02,0.1,0.89675,0.01525,0.9745084299647528,0.79225,0.0165,0.9412997903563941,0.9045,0.5403128760529483
DAPT_AL_SELECTED,72,0.25,TEMPORAL,0.02,0.2,0.89675,0.01525,0.9745084299647528,0.79225,0.0165,0.6526757607555089,0.94775,0.7484957882069796
DAPT_AL_SELECTED,72,0.25,DOMAIN_OOD,0.02,0.05,0.8812856402280974,0.01762571280456195,0.9716883755258034,0.7439087610160705,0.025401762571280455,0.9663865546218487,0.8035251425609123,0.23279352226720648
DAPT_AL_SELECTED,72,0.25,DOMAIN_OOD,0.02,0.1,0.8812856402280974,0.01762571280456195,0.9716883755258034,0.7439087610160705,0.025401762571280455,0.9621848739495799,0.8626231207879731,0.46356275303643724
DAPT_AL_SELECTED,72,0.25,DOMAIN_OOD,0.02,0.2,0.8812856402280974,0.01762571280456195,0.9716883755258034,0.7439087610160705,0.025401762571280455,0.8021052631578948,0.9414204250907205,0.771255060728745
DAPT_AL_SELECTED,72,0.25,TEMPLATE_OOD,0.02,0.05,0.8963700234192038,0.01405152224824356,0.9742995555167234,0.78307962529274,0.017857142857142856,0.9658536585365853,0.8410421545667447,0.26720647773279355
DAPT_AL_SELECTED,72,0.25,TEMPLATE_OOD,0.02,0.1,0.8963700234192038,0.01405152224824356,0.9742995555167234,0.78307962529274,0.017857142857142856,0.9536585365853658,0.8975409836065574,0.5276653171390013
DAPT_AL_SELECTED,72,0.25,TEMPLATE_OOD,0.02,0.2,0.8963700234192038,0.01405152224824356,0.9742995555167234,0.78307962529274,0.017857142857142856,0.6792682926829269,0.9461358313817331,0.7516869095816464
DAPT_AL_SELECTED,72,0.25,DOMAIN_TEMPLATE_OOD,0.02,0.05,0.8727076591154261,0.016181229773462782,0.9703215547440703,0.7335490830636462,0.02481121898597627,0.9568965517241379,0.7934196332254585,0.22469635627530365
DAPT_AL_SELECTED,72,0.25,DOMAIN_TEMPLATE_OOD,0.02,0.1,0.8727076591154261,0.016181229773462782,0.9703215547440703,0.7335490830636462,0.02481121898597627,0.961038961038961,0.8532901833872708,0.4493927125506073
DAPT_AL_SELECTED,72,0.25,DOMAIN_TEMPLATE_OOD,0.02,0.2,0.8727076591154261,0.016181229773462782,0.9703215547440703,0.7335490830636462,0.02481121898597627,0.8004338394793926,0.9325782092772384,0.7469635627530364
T0_AL_SELECTED,82,0.25,IID_ORIGINAL,0.005,0.05,0.6578449905482041,0.008028098344204716,0.8900960515140621,0.5699432892249527,0.0055193176116407425,0.9672131147540983,0.6814744801512287,0.25934065934065936
T0_AL_SELECTED,82,0.25,IID_ORIGINAL,0.005,0.1,0.6578449905482041,0.008028098344204716,0.8900960515140621,0.5699432892249527,0.0055193176116407425,0.8934426229508197,0.775992438563327,0.47912087912087914
T0_AL_SELECTED,82,0.25,IID_ORIGINAL,0.005,0.2,0.6578449905482041,0.008028098344204716,0.8900960515140621,0.5699432892249527,0.0055193176116407425,0.5942622950819673,0.8440453686200378,0.6373626373626373
T0_AL_SELECTED,82,0.25,IID_BALANCED,0.005,0.05,0.6578449905482041,0.00945179584120983,0.9222304212824782,0.5699432892249527,0.006616257088846881,0.9736842105263158,0.6398865784499055,0.16263736263736264
T0_AL_SELECTED,82,0.25,IID_BALANCED,0.005,0.1,0.6578449905482041,0.00945179584120983,0.9222304212824782,0.5699432892249527,0.006616257088846881,0.9801324503311258,0.7098298676748582,0.3252747252747253
T0_AL_SELECTED,82,0.25,IID_BALANCED,0.005,0.2,0.6578449905482041,0.00945179584120983,0.9222304212824782,0.5699432892249527,0.006616257088846881,0.8841059602649006,0.8223062381852552,0.5868131868131868
T0_AL_SELECTED,82,0.25,TEMPORAL,0.005,0.05,0.82375,0.00675,0.9723939880266261,0.723,0.00375,0.9764705882352941,0.78525,0.22472924187725632
T0_AL_SELECTED,82,0.25,TEMPORAL,0.005,0.1,0.82375,0.00675,0.9723939880266261,0.723,0.00375,0.9803921568627451,0.848,0.45126353790613716
T0_AL_SELECTED,82,0.25,TEMPORAL,0.005,0.2,0.82375,0.00675,0.9723939880266261,0.723,0.00375,0.8331697742885181,0.93525,0.766245487364621
T0_AL_SELECTED,82,0.25,DOMAIN_OOD,0.005,0.05,0.7962674961119751,0.007776049766718507,0.9706383013687515,0.6620010368066356,0.004665629860031105,0.9689922480620154,0.7268014515292898,0.19171779141104295
T0_AL_SELECTED,82,0.25,DOMAIN_OOD,0.005,0.1,0.7962674961119751,0.007776049766718507,0.9706383013687515,0.6620010368066356,0.004665629860031105,0.9806201550387597,0.7931570762052877,0.3880368098159509
T0_AL_SELECTED,82,0.25,DOMAIN_OOD,0.005,0.2,0.7962674961119751,0.007776049766718507,0.9706383013687515,0.6620010368066356,0.004665629860031105,0.9223300970873787,0.9082426127527217,0.7285276073619632
T0_AL_SELECTED,82,0.25,TEMPLATE_OOD,0.005,0.05,0.8158665105386417,0.006147540983606557,0.9726334006346595,0.710480093676815,0.0038056206088992973,0.9772727272727273,0.7734192037470726,0.21739130434782608
T0_AL_SELECTED,82,0.25,TEMPLATE_OOD,0.005,0.1,0.8158665105386417,0.006147540983606557,0.9726334006346595,0.710480093676815,0.0038056206088992973,0.9795454545454545,0.8366510538641686,0.435793731041456
T0_AL_SELECTED,82,0.25,TEMPLATE_OOD,0.005,0.2,0.8158665105386417,0.006147540983606557,0.9726334006346595,0.710480093676815,0.0038056206088992973,0.8543799772468714,0.930327868852459,0.7593528816986855
T0_AL_SELECTED,82,0.25,DOMAIN_TEMPLATE_OOD,0.005,0.05,0.7815533980582524,0.006472491909385114,0.9695548136509081,0.6429341963322546,0.0048543689320388345,0.9761904761904762,0.709277238403452,0.18580060422960726
T0_AL_SELECTED,82,0.25,DOMAIN_TEMPLATE_OOD,0.005,0.1,0.7815533980582524,0.006472491909385114,0.9695548136509081,0.6429341963322546,0.0048543689320388345,0.9840637450199203,0.7761596548004315,0.3731117824773414
T0_AL_SELECTED,82,0.25,DOMAIN_TEMPLATE_OOD,0.005,0.2,0.7815533980582524,0.006472491909385114,0.9695548136509081,0.6429341963322546,0.0048543689320388345,0.9422310756972112,0.8980582524271845,0.7145015105740181
T0_AL_SELECTED,82,0.25,IID_ORIGINAL,0.01,0.05,0.7400756143667296,0.015052684395383844,0.8900960515140621,0.6077504725897921,0.009031610637230306,0.9666666666666667,0.717391304347826,0.27951807228915665
T0_AL_SELECTED,82,0.25,IID_ORIGINAL,0.01,0.1,0.7400756143667296,0.015052684395383844,0.8900960515140621,0.6077504725897921,0.009031610637230306,0.8451882845188284,0.7986767485822306,0.4867469879518072
T0_AL_SELECTED,82,0.25,IID_ORIGINAL,0.01,0.2,0.7400756143667296,0.015052684395383844,0.8900960515140621,0.6077504725897921,0.009031610637230306,0.5334728033472803,0.8487712665406427,0.6144578313253012
T0_AL_SELECTED,82,0.25,IID_BALANCED,0.01,0.05,0.7400756143667296,0.015122873345935728,0.9222304212824782,0.6077504725897921,0.010396975425330813,0.972972972972973,0.6758034026465028,0.17349397590361446
T0_AL_SELECTED,82,0.25,IID_BALANCED,0.01,0.1,0.7400756143667296,0.015122873345935728,0.9222304212824782,0.6077504725897921,0.010396975425330813,0.9727891156462585,0.7429111531190926,0.344578313253012
T0_AL_SELECTED,82,0.25,IID_BALANCED,0.01,0.2,0.7400756143667296,0.015122873345935728,0.9222304212824782,0.6077504725897921,0.010396975425330813,0.8361774744027304,0.8393194706994329,0.5903614457831325
T0_AL_SELECTED,82,0.25,TEMPORAL,0.01,0.05,0.8825,0.01325,0.9723939880266261,0.77125,0.00625,0.9755102040816327,0.831,0.2612021857923497
T0_AL_SELECTED,82,0.25,TEMPORAL,0.01,0.1,0.8825,0.01325,0.9723939880266261,0.77125,0.00625,0.9591002044989775,0.8885,0.512568306010929
T0_AL_SELECTED,82,0.25,TEMPORAL,0.01,0.2,0.8825,0.01325,0.9723939880266261,0.77125,0.00625,0.7116564417177914,0.94525,0.760655737704918
T0_AL_SELECTED,82,0.25,DOMAIN_OOD,0.01,0.05,0.8657335406946605,0.017107309486780714,0.9706383013687515,0.720580611715915,0.008812856402280975,0.975609756097561,0.782789009849663,0.22263450834879406
T0_AL_SELECTED,82,0.25,DOMAIN_OOD,0.01,0.1,0.8657335406946605,0.017107309486780714,0.9706383013687515,0.720580611715915,0.008812856402280975,0.975609756097561,0.844997407983411,0.4452690166975881
T0_AL_SELECTED,82,0.25,DOMAIN_OOD,0.01,0.2,0.8657335406946605,0.017107309486780714,0.9706383013687515,0.720580611715915,0.008812856402280975,0.8228105906313645,0.9300155520995335,0.7495361781076066
T0_AL_SELECTED,82,0.25,TEMPLATE_OOD,0.01,0.05,0.8788056206088993,0.013173302107728338,0.9726334006346595,0.7608313817330211,0.006147540983606557,0.981042654028436,0.8214285714285714,0.2533659730722154
T0_AL_SELECTED,82,0.25,TEMPLATE_OOD,0.01,0.1,0.8788056206088993,0.013173302107728338,0.9726334006346595,0.7608313817330211,0.006147540983606557,0.9644549763033176,0.879976580796253,0.4981640146878825
T0_AL_SELECTED,82,0.25,TEMPLATE_OOD,0.01,0.2,0.8788056206088993,0.013173302107728338,0.9726334006346595,0.7608313817330211,0.006147540983606557,0.7425860023724793,0.9440866510538641,0.7662178702570379
T0_AL_SELECTED,82,0.25,DOMAIN_TEMPLATE_OOD,0.01,0.05,0.8565264293419633,0.01564185544768069,0.9695548136509081,0.7044228694714132,0.008090614886731391,0.9833333333333333,0.7680690399137001,0.21532846715328466
T0_AL_SELECTED,82,0.25,DOMAIN_TEMPLATE_OOD,0.01,0.1,0.8565264293419633,0.01564185544768069,0.9695548136509081,0.7044228694714132,0.008090614886731391,0.9790794979079498,0.8306364617044228,0.42700729927007297
T0_AL_SELECTED,82,0.25,DOMAIN_TEMPLATE_OOD,0.01,0.2,0.8565264293419633,0.01564185544768069,0.9695548136509081,0.7044228694714132,0.008090614886731391,0.8472803347280334,0.9228694714131608,0.7390510948905109
T0_AL_SELECTED,82,0.25,IID_ORIGINAL,0.02,0.05,0.7703213610586012,0.025589563472152535,0.8900960515140621,0.6805293005671077,0.021575514300050176,0.9043478260869565,0.77882797731569,0.3076923076923077
T0_AL_SELECTED,82,0.25,IID_ORIGINAL,0.02,0.1,0.7703213610586012,0.025589563472152535,0.8900960515140621,0.6805293005671077,0.021575514300050176,0.7074235807860262,0.833648393194707,0.47928994082840237
T0_AL_SELECTED,82,0.25,IID_ORIGINAL,0.02,0.2,0.7703213610586012,0.025589563472152535,0.8900960515140621,0.6805293005671077,0.021575514300050176,0.3951965065502183,0.8516068052930057,0.5355029585798816
T0_AL_SELECTED,82,0.25,IID_BALANCED,0.02,0.05,0.7703213610586012,0.023629489603024575,0.9222304212824782,0.6805293005671077,0.022684310018903593,0.9855072463768116,0.7448015122873346,0.20118343195266272
T0_AL_SELECTED,82,0.25,IID_BALANCED,0.02,0.1,0.7703213610586012,0.023629489603024575,0.9222304212824782,0.6805293005671077,0.022684310018903593,0.9202898550724637,0.8005671077504726,0.3757396449704142
T0_AL_SELECTED,82,0.25,IID_BALANCED,0.02,0.2,0.7703213610586012,0.023629489603024575,0.9222304212824782,0.6805293005671077,0.022684310018903593,0.6472727272727272,0.8487712665406427,0.5266272189349113
T0_AL_SELECTED,82,0.25,TEMPORAL,0.02,0.05,0.9095,0.02175,0.9723939880266261,0.8365,0.0175,0.9739130434782609,0.8925,0.3425076452599388
T0_AL_SELECTED,82,0.25,TEMPORAL,0.02,0.1,0.9095,0.02175,0.9723939880266261,0.8365,0.0175,0.8322440087145969,0.932,0.5840978593272171
T0_AL_SELECTED,82,0.25,TEMPORAL,0.02,0.2,0.9095,0.02175,0.9723939880266261,0.8365,0.0175,0.4961832061068702,0.95025,0.6957186544342507
T0_AL_SELECTED,82,0.25,DOMAIN_OOD,0.02,0.05,0.8983929497148782,0.027993779160186624,0.9706383013687515,0.8087091757387247,0.02695697252462416,0.9734513274336283,0.8657335406946605,0.2981029810298103
T0_AL_SELECTED,82,0.25,DOMAIN_OOD,0.02,0.1,0.8983929497148782,0.027993779160186624,0.9706383013687515,0.8087091757387247,0.02695697252462416,0.9111111111111111,0.9149818558838777,0.5555555555555556
T0_AL_SELECTED,82,0.25,DOMAIN_OOD,0.02,0.2,0.8983929497148782,0.027993779160186624,0.9706383013687515,0.8087091757387247,0.02695697252462416,0.6155555555555555,0.9523068947641264,0.7506775067750677
T0_AL_SELECTED,82,0.25,TEMPLATE_OOD,0.02,0.05,0.906615925058548,0.021370023419203747,0.9726334006346595,0.8302107728337237,0.017857142857142856,0.9746192893401016,0.8864168618266979,0.3310344827586207
T0_AL_SELECTED,82,0.25,TEMPLATE_OOD,0.02,0.1,0.906615925058548,0.021370023419203747,0.9726334006346595,0.8302107728337237,0.017857142857142856,0.8578680203045685,0.9291569086651054,0.5827586206896552
T0_AL_SELECTED,82,0.25,TEMPLATE_OOD,0.02,0.2,0.906615925058548,0.021370023419203747,0.9726334006346595,0.8302107728337237,0.017857142857142856,0.5209656925031766,0.9502341920374707,0.7068965517241379
T0_AL_SELECTED,82,0.25,DOMAIN_TEMPLATE_OOD,0.02,0.05,0.8915857605177994,0.026429341963322545,0.9695548136509081,0.7998921251348435,0.02535059331175836,0.981651376146789,0.8576051779935275,0.2884097035040431
T0_AL_SELECTED,82,0.25,DOMAIN_TEMPLATE_OOD,0.02,0.1,0.8915857605177994,0.026429341963322545,0.9695548136509081,0.7998921251348435,0.02535059331175836,0.908256880733945,0.906688241639698,0.5336927223719676
T0_AL_SELECTED,82,0.25,DOMAIN_TEMPLATE_OOD,0.02,0.2,0.8915857605177994,0.026429341963322545,0.9695548136509081,0.7998921251348435,0.02535059331175836,0.6192660550458715,0.9455231930960086,0.7277628032345014
DAPT_AL_SELECTED,82,0.25,IID_ORIGINAL,0.005,0.05,0.5822306238185255,0.0035122930255895636,0.8862346867099351,0.5699432892249527,0.0055193176116407425,0.9672131147540983,0.6814744801512287,0.25934065934065936
DAPT_AL_SELECTED,82,0.25,IID_ORIGINAL,0.005,0.1,0.5822306238185255,0.0035122930255895636,0.8862346867099351,0.5699432892249527,0.0055193176116407425,0.9139344262295082,0.780718336483932,0.4901098901098901
DAPT_AL_SELECTED,82,0.25,IID_ORIGINAL,0.005,0.2,0.5822306238185255,0.0035122930255895636,0.8862346867099351,0.5699432892249527,0.0055193176116407425,0.5737704918032787,0.834593572778828,0.6153846153846154
DAPT_AL_SELECTED,82,0.25,IID_BALANCED,0.005,0.05,0.5822306238185255,0.003780718336483932,0.9165279814285326,0.5699432892249527,0.006616257088846881,0.9736842105263158,0.6398865784499055,0.16263736263736264
DAPT_AL_SELECTED,82,0.25,IID_BALANCED,0.005,0.1,0.5822306238185255,0.003780718336483932,0.9165279814285326,0.5699432892249527,0.006616257088846881,0.9801324503311258,0.7098298676748582,0.3252747252747253
DAPT_AL_SELECTED,82,0.25,IID_BALANCED,0.005,0.2,0.5822306238185255,0.003780718336483932,0.9165279814285326,0.5699432892249527,0.006616257088846881,0.8708609271523179,0.8185255198487713,0.578021978021978
DAPT_AL_SELECTED,82,0.25,TEMPORAL,0.005,0.05,0.71625,0.00225,0.9770452375393083,0.723,0.00375,0.9882352941176471,0.786,0.22743682310469315
DAPT_AL_SELECTED,82,0.25,TEMPORAL,0.005,0.1,0.71625,0.00225,0.9770452375393083,0.723,0.00375,0.984313725490196,0.8485,0.45306859205776173
DAPT_AL_SELECTED,82,0.25,TEMPORAL,0.005,0.2,0.71625,0.00225,0.9770452375393083,0.723,0.00375,0.844946025515211,0.93825,0.7770758122743683
DAPT_AL_SELECTED,82,0.25,DOMAIN_OOD,0.005,0.05,0.6749611197511665,0.002592016588906169,0.9752241260739405,0.6620010368066356,0.004665629860031105,0.9922480620155039,0.7283566614826334,0.19631901840490798
DAPT_AL_SELECTED,82,0.25,DOMAIN_OOD,0.005,0.1,0.6749611197511665,0.002592016588906169,0.9752241260739405,0.6620010368066356,0.004665629860031105,0.9844961240310077,0.7936754795230689,0.3895705521472393
DAPT_AL_SELECTED,82,0.25,DOMAIN_OOD,0.005,0.2,0.6749611197511665,0.002592016588906169,0.9752241260739405,0.6620010368066356,0.004665629860031105,0.9359223300970874,0.9118714359771902,0.7392638036809815
DAPT_AL_SELECTED,82,0.25,TEMPLATE_OOD,0.005,0.05,0.7101873536299765,0.0020491803278688526,0.9772820824429261,0.710480093676815,0.0038056206088992973,0.990909090909091,0.7742974238875878,0.2204246713852376
DAPT_AL_SELECTED,82,0.25,TEMPLATE_OOD,0.005,0.1,0.7101873536299765,0.0020491803278688526,0.9772820824429261,0.710480093676815,0.0038056206088992973,0.9863636363636363,0.8375292740046838,0.43882709807886755
DAPT_AL_SELECTED,82,0.25,TEMPLATE_OOD,0.005,0.2,0.7101873536299765,0.0020491803278688526,0.9772820824429261,0.710480093676815,0.0038056206088992973,0.8691695108077361,0.9341334894613583,0.7724974721941354
DAPT_AL_SELECTED,82,0.25,DOMAIN_TEMPLATE_OOD,0.005,0.05,0.6537216828478964,0.002157497303128371,0.9737422145076922,0.6429341963322546,0.0048543689320388345,0.9920634920634921,0.7103559870550162,0.18882175226586104
DAPT_AL_SELECTED,82,0.25,DOMAIN_TEMPLATE_OOD,0.005,0.1,0.6537216828478964,0.002157497303128371,0.9737422145076922,0.6429341963322546,0.0048543689320388345,0.9880478087649402,0.7766990291262136,0.37462235649546827
DAPT_AL_SELECTED,82,0.25,DOMAIN_TEMPLATE_OOD,0.005,0.2,0.6537216828478964,0.002157497303128371,0.9737422145076922,0.6429341963322546,0.0048543689320388345,0.9462151394422311,0.8991370010787486,0.7175226586102719
DAPT_AL_SELECTED,82,0.25,IID_ORIGINAL,0.01,0.05,0.7381852551984878,0.011038635223281485,0.8862346867099351,0.6077504725897921,0.009031610637230306,0.9666666666666667,0.717391304347826,0.27951807228915665
DAPT_AL_SELECTED,82,0.25,IID_ORIGINAL,0.01,0.1,0.7381852551984878,0.011038635223281485,0.8862346867099351,0.6077504725897921,0.009031610637230306,0.8451882845188284,0.7986767485822306,0.4867469879518072
DAPT_AL_SELECTED,82,0.25,IID_ORIGINAL,0.01,0.2,0.7381852551984878,0.011038635223281485,0.8862346867099351,0.6077504725897921,0.009031610637230306,0.5062761506276151,0.8364839319470699,0.5831325301204819
DAPT_AL_SELECTED,82,0.25,IID_BALANCED,0.01,0.05,0.7381852551984878,0.013232514177693762,0.9165279814285326,0.6077504725897921,0.010396975425330813,0.972972972972973,0.6758034026465028,0.17349397590361446
DAPT_AL_SELECTED,82,0.25,IID_BALANCED,0.01,0.1,0.7381852551984878,0.013232514177693762,0.9165279814285326,0.6077504725897921,0.010396975425330813,0.9659863945578231,0.7419659735349716,0.3421686746987952
DAPT_AL_SELECTED,82,0.25,IID_BALANCED,0.01,0.2,0.7381852551984878,0.013232514177693762,0.9165279814285326,0.6077504725897921,0.010396975425330813,0.7952218430034129,0.8279773156899811,0.5614457831325301
DAPT_AL_SELECTED,82,0.25,TEMPORAL,0.01,0.05,0.8785,0.009,0.9770452375393083,0.77125,0.00625,0.9836734693877551,0.8315,0.2633879781420765
DAPT_AL_SELECTED,82,0.25,TEMPORAL,0.01,0.1,0.8785,0.009,0.9770452375393083,0.77125,0.00625,0.9713701431492843,0.89,0.5191256830601093
DAPT_AL_SELECTED,82,0.25,TEMPORAL,0.01,0.2,0.8785,0.009,0.9770452375393083,0.77125,0.00625,0.7106339468302658,0.945,0.7595628415300546
DAPT_AL_SELECTED,82,0.25,DOMAIN_OOD,0.01,0.05,0.8636599274235355,0.01088646967340591,0.9752241260739405,0.720580611715915,0.008812856402280975,0.975609756097561,0.782789009849663,0.22263450834879406
DAPT_AL_SELECTED,82,0.25,DOMAIN_OOD,0.01,0.1,0.8636599274235355,0.01088646967340591,0.9752241260739405,0.720580611715915,0.008812856402280975,0.9796747967479674,0.8455158113011924,0.44712430426716143
DAPT_AL_SELECTED,82,0.25,DOMAIN_OOD,0.01,0.2,0.8636599274235355,0.01088646967340591,0.9752241260739405,0.720580611715915,0.008812856402280975,0.8533604887983707,0.937791601866252,0.7773654916512059
DAPT_AL_SELECTED,82,0.25,TEMPLATE_OOD,0.01,0.05,0.8755854800936768,0.008489461358313818,0.9772820824429261,0.7608313817330211,0.006147540983606557,0.985781990521327,0.8217213114754098,0.25458996328029376
DAPT_AL_SELECTED,82,0.25,TEMPLATE_OOD,0.01,0.1,0.8755854800936768,0.008489461358313818,0.9772820824429261,0.7608313817330211,0.006147540983606557,0.9715639810426541,0.8808548009367682,0.5018359853121175
DAPT_AL_SELECTED,82,0.25,TEMPLATE_OOD,0.01,0.2,0.8755854800936768,0.008489461358313818,0.9772820824429261,0.7608313817330211,0.006147540983606557,0.7378410438908659,0.9429156908665105,0.7613219094247246
DAPT_AL_SELECTED,82,0.25,DOMAIN_TEMPLATE_OOD,0.01,0.05,0.8478964401294499,0.009708737864077669,0.9737422145076922,0.7044228694714132,0.008090614886731391,0.975,0.767529665587918,0.21350364963503649
DAPT_AL_SELECTED,82,0.25,DOMAIN_TEMPLATE_OOD,0.01,0.1,0.8478964401294499,0.009708737864077669,0.9737422145076922,0.7044228694714132,0.008090614886731391,0.9790794979079498,0.8306364617044228,0.42700729927007297
DAPT_AL_SELECTED,82,0.25,DOMAIN_TEMPLATE_OOD,0.01,0.2,0.8478964401294499,0.009708737864077669,0.9737422145076922,0.7044228694714132,0.008090614886731391,0.8723849372384938,0.9293419633225458,0.7609489051094891
DAPT_AL_SELECTED,82,0.25,IID_ORIGINAL,0.02,0.05,0.775992438563327,0.023582538886101356,0.8862346867099351,0.6805293005671077,0.021575514300050176,0.9391304347826087,0.782608695652174,0.31952662721893493
DAPT_AL_SELECTED,82,0.25,IID_ORIGINAL,0.02,0.1,0.775992438563327,0.023582538886101356,0.8862346867099351,0.6805293005671077,0.021575514300050176,0.6506550218340611,0.8213610586011342,0.4408284023668639
DAPT_AL_SELECTED,82,0.25,IID_ORIGINAL,0.02,0.2,0.775992438563327,0.023582538886101356,0.8862346867099351,0.6805293005671077,0.021575514300050176,0.38427947598253276,0.8468809073724007,0.5207100591715976
DAPT_AL_SELECTED,82,0.25,IID_BALANCED,0.02,0.05,0.775992438563327,0.022684310018903593,0.9165279814285326,0.6805293005671077,0.022684310018903593,1.0,0.7457466918714556,0.20414201183431951
DAPT_AL_SELECTED,82,0.25,IID_BALANCED,0.02,0.1,0.775992438563327,0.022684310018903593,0.9165279814285326,0.6805293005671077,0.022684310018903593,0.9202898550724637,0.8005671077504726,0.3757396449704142
DAPT_AL_SELECTED,82,0.25,IID_BALANCED,0.02,0.2,0.775992438563327,0.022684310018903593,0.9165279814285326,0.6805293005671077,0.022684310018903593,0.6072727272727273,0.8383742911153119,0.4940828402366864
DAPT_AL_SELECTED,82,0.25,TEMPORAL,0.02,0.05,0.913,0.02075,0.9770452375393083,0.8365,0.0175,0.9782608695652174,0.89275,0.3440366972477064
DAPT_AL_SELECTED,82,0.25,TEMPORAL,0.02,0.1,0.913,0.02075,0.9770452375393083,0.8365,0.0175,0.8583877995642701,0.935,0.6024464831804281
DAPT_AL_SELECTED,82,0.25,TEMPORAL,0.02,0.2,0.913,0.02075,0.9770452375393083,0.8365,0.0175,0.5125408942202835,0.954,0.7186544342507645
DAPT_AL_SELECTED,82,0.25,DOMAIN_OOD,0.02,0.05,0.9056505961638155,0.024883359253499222,0.9752241260739405,0.8087091757387247,0.02695697252462416,0.9734513274336283,0.8657335406946605,0.2981029810298103
DAPT_AL_SELECTED,82,0.25,DOMAIN_OOD,0.02,0.1,0.9056505961638155,0.024883359253499222,0.9752241260739405,0.8087091757387247,0.02695697252462416,0.9333333333333333,0.9175738724727839,0.5691056910569106
DAPT_AL_SELECTED,82,0.25,DOMAIN_OOD,0.02,0.2,0.9056505961638155,0.024883359253499222,0.9752241260739405,0.8087091757387247,0.02695697252462416,0.5955555555555555,0.9476412649040954,0.7262872628726287
DAPT_AL_SELECTED,82,0.25,TEMPLATE_OOD,0.02,0.05,0.9101288056206089,0.019613583138173303,0.9772820824429261,0.8302107728337237,0.017857142857142856,0.9847715736040609,0.8870023419203747,0.33448275862068966
DAPT_AL_SELECTED,82,0.25,TEMPLATE_OOD,0.02,0.1,0.9101288056206089,0.019613583138173303,0.9772820824429261,0.8302107728337237,0.017857142857142856,0.8781725888324873,0.9314988290398126,0.596551724137931
DAPT_AL_SELECTED,82,0.25,TEMPLATE_OOD,0.02,0.2,0.9101288056206089,0.019613583138173303,0.9772820824429261,0.8302107728337237,0.017857142857142856,0.531130876747141,0.952576112412178,0.7206896551724138
DAPT_AL_SELECTED,82,0.25,DOMAIN_TEMPLATE_OOD,0.02,0.05,0.8969795037756203,0.02319309600862999,0.9737422145076922,0.7998921251348435,0.02535059331175836,0.9724770642201835,0.8570658036677454,0.2857142857142857
DAPT_AL_SELECTED,82,0.25,DOMAIN_TEMPLATE_OOD,0.02,0.1,0.8969795037756203,0.02319309600862999,0.9737422145076922,0.7998921251348435,0.02535059331175836,0.9311926605504587,0.9093851132686084,0.5471698113207547
DAPT_AL_SELECTED,82,0.25,DOMAIN_TEMPLATE_OOD,0.02,0.2,0.8969795037756203,0.02319309600862999,0.9737422145076922,0.7998921251348435,0.02535059331175836,0.6032110091743119,0.941747572815534,0.7088948787061995
T0_AL_SELECTED,242,0.25,IID_ORIGINAL,0.005,0.05,0.6512287334593573,0.007526342197691922,0.9065602887209476,0.4896030245746692,0.004014049172102358,0.9763779527559056,0.6068052930056711,0.22962962962962963
T0_AL_SELECTED,242,0.25,IID_ORIGINAL,0.005,0.1,0.6512287334593573,0.007526342197691922,0.9065602887209476,0.4896030245746692,0.004014049172102358,0.9446640316205533,0.7155009451795841,0.4425925925925926
T0_AL_SELECTED,242,0.25,IID_ORIGINAL,0.005,0.2,0.6512287334593573,0.007526342197691922,0.9065602887209476,0.4896030245746692,0.004014049172102358,0.6851485148514852,0.8166351606805293,0.6407407407407407
T0_AL_SELECTED,242,0.25,IID_BALANCED,0.005,0.05,0.6512287334593573,0.00945179584120983,0.935304300270343,0.4896030245746692,0.004725897920604915,0.975,0.5633270321361059,0.14444444444444443
T0_AL_SELECTED,242,0.25,IID_BALANCED,0.005,0.1,0.6512287334593573,0.00945179584120983,0.935304300270343,0.4896030245746692,0.004725897920604915,0.975,0.6370510396975425,0.28888888888888886
T0_AL_SELECTED,242,0.25,IID_BALANCED,0.005,0.2,0.6512287334593573,0.00945179584120983,0.935304300270343,0.4896030245746692,0.004725897920604915,0.9404388714733543,0.7731568998109641,0.5555555555555556
T0_AL_SELECTED,242,0.25,TEMPORAL,0.005,0.05,0.69525,0.005,0.9765623932589033,0.55275,0.00275,0.9930795847750865,0.6245,0.16042481833426495
T0_AL_SELECTED,242,0.25,TEMPORAL,0.005,0.1,0.69525,0.005,0.9765623932589033,0.55275,0.00275,0.9913494809688581,0.696,0.320290665176076
T0_AL_SELECTED,242,0.25,TEMPORAL,0.005,0.2,0.69525,0.005,0.9765623932589033,0.55275,0.00275,0.9593425605536332,0.83,0.6198993851313583
T0_AL_SELECTED,242,0.25,DOMAIN_OOD,0.005,0.05,0.6226023846552617,0.005184033177812338,0.9712449111033867,0.46604458268532917,0.0036288232244686366,1.0,0.5427682737169518,0.1436893203883495
T0_AL_SELECTED,242,0.25,DOMAIN_OOD,0.005,0.1,0.6226023846552617,0.005184033177812338,0.9712449111033867,0.46604458268532917,0.0036288232244686366,0.9932432432432432,0.6184551581130119,0.2854368932038835
T0_AL_SELECTED,242,0.25,DOMAIN_OOD,0.005,0.2,0.6226023846552617,0.005184033177812338,0.9712449111033867,0.46604458268532917,0.0036288232244686366,0.9729272419627749,0.7641264904095386,0.558252427184466
T0_AL_SELECTED,242,0.25,TEMPLATE_OOD,0.005,0.05,0.6841334894613583,0.00468384074941452,0.9764938098168527,0.5327868852459017,0.0032201405152224825,0.9920318725099602,0.6056791569086651,0.15601503759398497
T0_AL_SELECTED,242,0.25,TEMPLATE_OOD,0.005,0.1,0.6841334894613583,0.00468384074941452,0.9764938098168527,0.5327868852459017,0.0032201405152224825,0.9940119760479041,0.6785714285714286,0.31203007518796994
T0_AL_SELECTED,242,0.25,TEMPLATE_OOD,0.005,0.2,0.6841334894613583,0.00468384074941452,0.9764938098168527,0.5327868852459017,0.0032201405152224825,0.964035964035964,0.8152810304449649,0.6046365914786967
T0_AL_SELECTED,242,0.25,DOMAIN_TEMPLATE_OOD,0.005,0.05,0.5954692556634305,0.0048543689320388345,0.9690976943631515,0.43473570658036675,0.0037756202804746495,1.0,0.5129449838187702,0.1383587786259542
T0_AL_SELECTED,242,0.25,DOMAIN_TEMPLATE_OOD,0.005,0.1,0.5954692556634305,0.0048543689320388345,0.9690976943631515,0.43473570658036675,0.0037756202804746495,0.996551724137931,0.5906148867313916,0.27576335877862596
T0_AL_SELECTED,242,0.25,DOMAIN_TEMPLATE_OOD,0.005,0.2,0.5954692556634305,0.0048543689320388345,0.9690976943631515,0.43473570658036675,0.0037756202804746495,0.9740932642487047,0.7389428263214671,0.5381679389312977
T0_AL_SELECTED,242,0.25,IID_ORIGINAL,0.01,0.05,0.7400756143667296,0.014049172102358254,0.9065602887209476,0.5661625708884688,0.007526342197691922,0.9508196721311475,0.6758034026465028,0.25272331154684097
T0_AL_SELECTED,242,0.25,IID_ORIGINAL,0.01,0.1,0.7400756143667296,0.014049172102358254,0.9065602887209476,0.5661625708884688,0.007526342197691922,0.8934426229508197,0.7722117202268431,0.4749455337690632
T0_AL_SELECTED,242,0.25,IID_ORIGINAL,0.01,0.2,0.7400756143667296,0.014049172102358254,0.9065602887209476,0.5661625708884688,0.007526342197691922,0.5799180327868853,0.833648393194707,0.616557734204793
T0_AL_SELECTED,242,0.25,IID_BALANCED,0.01,0.05,0.7400756143667296,0.01606805293005671,0.935304300270343,0.5661625708884688,0.010396975425330813,0.9736842105263158,0.6361058601134215,0.16122004357298475
T0_AL_SELECTED,242,0.25,IID_BALANCED,0.01,0.1,0.7400756143667296,0.01606805293005671,0.935304300270343,0.5661625708884688,0.010396975425330813,0.9602649006622517,0.7032136105860114,0.3159041394335512
T0_AL_SELECTED,242,0.25,IID_BALANCED,0.01,0.2,0.7400756143667296,0.01606805293005671,0.935304300270343,0.5661625708884688,0.010396975425330813,0.8278145695364238,0.8024574669187146,0.5446623093681917
T0_AL_SELECTED,242,0.25,TEMPORAL,0.01,0.05,0.81525,0.01375,0.9765623932589033,0.64525,0.00525,0.9888888888888889,0.712,0.18816067653276955
T0_AL_SELECTED,242,0.25,TEMPORAL,0.01,0.1,0.81525,0.01375,0.9765623932589033,0.64525,0.00525,0.9833333333333333,0.778,0.37420718816067655
T0_AL_SELECTED,242,0.25,TEMPORAL,0.01,0.2,0.81525,0.01375,0.9765623932589033,0.64525,0.00525,0.9018518518518519,0.88875,0.6863988724453841
T0_AL_SELECTED,242,0.25,DOMAIN_OOD,0.01,0.05,0.7765681700362882,0.01762571280456195,0.9712449111033867,0.5660964230171073,0.00673924313115604,1.0,0.6376360808709176,0.16487455197132617
T0_AL_SELECTED,242,0.25,DOMAIN_OOD,0.01,0.1,0.7765681700362882,0.01762571280456195,0.9712449111033867,0.5660964230171073,0.00673924313115604,0.9963768115942029,0.7086573354069466,0.32855436081242534
T0_AL_SELECTED,242,0.25,DOMAIN_OOD,0.01,0.2,0.7765681700362882,0.01762571280456195,0.9712449111033867,0.5660964230171073,0.00673924313115604,0.9382940108892922,0.8341109383100052,0.6176821983273596
T0_AL_SELECTED,242,0.25,TEMPLATE_OOD,0.01,0.05,0.8059133489461359,0.013173302107728338,0.9764938098168527,0.627927400468384,0.00585480093676815,0.9957264957264957,0.6961358313817331,0.18332022029897718
T0_AL_SELECTED,242,0.25,TEMPLATE_OOD,0.01,0.1,0.8059133489461359,0.013173302107728338,0.9764938098168527,0.627927400468384,0.00585480093676815,0.987152034261242,0.7628805620608899,0.3627065302911094
T0_AL_SELECTED,242,0.25,TEMPLATE_OOD,0.01,0.2,0.8059133489461359,0.013173302107728338,0.9764938098168527,0.627927400468384,0.00585480093676815,0.9197002141327623,0.8793911007025761,0.6758457907159717
T0_AL_SELECTED,242,0.25,DOMAIN_TEMPLATE_OOD,0.01,0.05,0.7513484358144552,0.016720604099244876,0.9690976943631515,0.5388349514563107,0.007011866235167206,1.0,0.6116504854368932,0.15789473684210525
T0_AL_SELECTED,242,0.25,DOMAIN_TEMPLATE_OOD,0.01,0.1,0.7513484358144552,0.016720604099244876,0.9690976943631515,0.5388349514563107,0.007011866235167206,1.0,0.6844660194174758,0.3157894736842105
T0_AL_SELECTED,242,0.25,DOMAIN_TEMPLATE_OOD,0.01,0.2,0.7513484358144552,0.016720604099244876,0.9690976943631515,0.5388349514563107,0.007011866235167206,0.9425925925925925,0.8133764832793959,0.5953216374269006
T0_AL_SELECTED,242,0.25,IID_ORIGINAL,0.02,0.05,0.7665406427221172,0.02308078273958856,0.9065602887209476,0.6408317580340265,0.01806322127446061,0.9145299145299145,0.7419659735349716,0.28157894736842104
T0_AL_SELECTED,242,0.25,IID_ORIGINAL,0.02,0.1,0.7665406427221172,0.02308078273958856,0.9065602887209476,0.6408317580340265,0.01806322127446061,0.7222222222222222,0.8005671077504726,0.44473684210526315
T0_AL_SELECTED,242,0.25,IID_ORIGINAL,0.02,0.2,0.7665406427221172,0.02308078273958856,0.9065602887209476,0.6408317580340265,0.01806322127446061,0.47863247863247865,0.8525519848771267,0.5894736842105263
T0_AL_SELECTED,242,0.25,IID_BALANCED,0.02,0.05,0.7665406427221172,0.022684310018903593,0.935304300270343,0.6408317580340265,0.023629489603024575,0.9577464788732394,0.7051039697542533,0.17894736842105263
T0_AL_SELECTED,242,0.25,IID_BALANCED,0.02,0.1,0.7665406427221172,0.022684310018903593,0.935304300270343,0.6408317580340265,0.023629489603024575,0.9577464788732394,0.7693761814744802,0.35789473684210527
T0_AL_SELECTED,242,0.25,IID_BALANCED,0.02,0.2,0.7665406427221172,0.022684310018903593,0.935304300270343,0.6408317580340265,0.023629489603024575,0.7102473498233216,0.8308128544423441,0.5289473684210526
T0_AL_SELECTED,242,0.25,TEMPORAL,0.02,0.05,0.866,0.02475,0.9765623932589033,0.7455,0.01275,0.9919678714859438,0.80725,0.24263261296660119
T0_AL_SELECTED,242,0.25,TEMPORAL,0.02,0.1,0.866,0.02475,0.9765623932589033,0.7455,0.01275,0.9537223340040242,0.864,0.4656188605108055
T0_AL_SELECTED,242,0.25,TEMPORAL,0.02,0.2,0.866,0.02475,0.9765623932589033,0.7455,0.01275,0.772635814889336,0.9375,0.7544204322200393
T0_AL_SELECTED,242,0.25,DOMAIN_OOD,0.02,0.05,0.8465526179367548,0.03317781233799896,0.9712449111033867,0.6905132192846034,0.01762571280456195,1.0,0.7553136340072576,0.20938023450586266
T0_AL_SELECTED,242,0.25,DOMAIN_OOD,0.02,0.1,0.8465526179367548,0.03317781233799896,0.9712449111033867,0.6905132192846034,0.01762571280456195,0.972,0.8164852255054432,0.40703517587939697
T0_AL_SELECTED,242,0.25,DOMAIN_OOD,0.02,0.2,0.8465526179367548,0.03317781233799896,0.9712449111033867,0.6905132192846034,0.01762571280456195,0.8336673346693386,0.9061689994815967,0.6968174204355109
T0_AL_SELECTED,242,0.25,TEMPLATE_OOD,0.02,0.05,0.8603629976580797,0.024004683840749413,0.9764938098168527,0.732728337236534,0.01288056206088993,0.9953488372093023,0.7953747072599532,0.2343921139101862
T0_AL_SELECTED,242,0.25,TEMPLATE_OOD,0.02,0.1,0.8603629976580797,0.024004683840749413,0.9764938098168527,0.732728337236534,0.01288056206088993,0.958041958041958,0.8530444964871194,0.45016429353778753
T0_AL_SELECTED,242,0.25,TEMPLATE_OOD,0.02,0.2,0.8603629976580797,0.024004683840749413,0.9764938098168527,0.732728337236534,0.01288056206088993,0.7992998833138857,0.9332552693208431,0.7502738225629791
T0_AL_SELECTED,242,0.25,DOMAIN_TEMPLATE_OOD,0.02,0.05,0.8290183387270766,0.03128371089536138,0.9690976943631515,0.6725997842502697,0.016720604099244876,1.0,0.738403451995685,0.20098846787479407
T0_AL_SELECTED,242,0.25,DOMAIN_TEMPLATE_OOD,0.02,0.1,0.8290183387270766,0.03128371089536138,0.9690976943631515,0.6725997842502697,0.016720604099244876,0.9711934156378601,0.7998921251348435,0.38879736408566723
T0_AL_SELECTED,242,0.25,DOMAIN_TEMPLATE_OOD,0.02,0.2,0.8290183387270766,0.03128371089536138,0.9690976943631515,0.6725997842502697,0.016720604099244876,0.845679012345679,0.8942826321467098,0.6771004942339374
DAPT_AL_SELECTED,242,0.25,IID_ORIGINAL,0.005,0.05,0.6776937618147448,0.005017561465127948,0.887390609946303,0.4896030245746692,0.004014049172102358,0.984251968503937,0.6077504725897921,0.23148148148148148
DAPT_AL_SELECTED,242,0.25,IID_ORIGINAL,0.005,0.1,0.6776937618147448,0.005017561465127948,0.887390609946303,0.4896030245746692,0.004014049172102358,0.9604743083003953,0.719281663516068,0.45
DAPT_AL_SELECTED,242,0.25,IID_ORIGINAL,0.005,0.2,0.6776937618147448,0.005017561465127948,0.887390609946303,0.4896030245746692,0.004014049172102358,0.6831683168316832,0.8156899810964083,0.6388888888888888
DAPT_AL_SELECTED,242,0.25,IID_BALANCED,0.005,0.05,0.6776937618147448,0.006616257088846881,0.9181687793939355,0.4896030245746692,0.004725897920604915,0.975,0.5633270321361059,0.14444444444444443
DAPT_AL_SELECTED,242,0.25,IID_BALANCED,0.005,0.1,0.6776937618147448,0.006616257088846881,0.9181687793939355,0.4896030245746692,0.004725897920604915,0.98125,0.6379962192816635,0.29074074074074074
DAPT_AL_SELECTED,242,0.25,IID_BALANCED,0.005,0.2,0.6776937618147448,0.006616257088846881,0.9181687793939355,0.4896030245746692,0.004725897920604915,0.9373040752351097,0.7722117202268431,0.5537037037037037
DAPT_AL_SELECTED,242,0.25,TEMPORAL,0.005,0.05,0.807,0.00475,0.9757331159827606,0.55275,0.00275,1.0,0.625,0.16154276131917272
DAPT_AL_SELECTED,242,0.25,TEMPORAL,0.005,0.1,0.807,0.00475,0.9757331159827606,0.55275,0.00275,0.9930795847750865,0.69625,0.3208496366685299
DAPT_AL_SELECTED,242,0.25,TEMPORAL,0.005,0.2,0.807,0.00475,0.9757331159827606,0.55275,0.00275,0.9852941176470589,0.8375,0.6366685299049748
DAPT_AL_SELECTED,242,0.25,DOMAIN_OOD,0.005,0.05,0.7677553136340073,0.004665629860031105,0.9723970857065575,0.46604458268532917,0.0036288232244686366,1.0,0.5427682737169518,0.1436893203883495
DAPT_AL_SELECTED,242,0.25,DOMAIN_OOD,0.005,0.1,0.7677553136340073,0.004665629860031105,0.9723970857065575,0.46604458268532917,0.0036288232244686366,0.9932432432432432,0.6184551581130119,0.2854368932038835
DAPT_AL_SELECTED,242,0.25,DOMAIN_OOD,0.005,0.2,0.7677553136340073,0.004665629860031105,0.9723970857065575,0.46604458268532917,0.0036288232244686366,0.9915397631133672,0.7698289269051322,0.5689320388349515
DAPT_AL_SELECTED,242,0.25,TEMPLATE_OOD,0.005,0.05,0.8059133489461359,0.004098360655737705,0.9752517404740284,0.5327868852459017,0.0032201405152224825,1.0,0.6062646370023419,0.15726817042606517
DAPT_AL_SELECTED,242,0.25,TEMPLATE_OOD,0.005,0.1,0.8059133489461359,0.004098360655737705,0.9752517404740284,0.5327868852459017,0.0032201405152224825,0.998003992015968,0.6791569086651054,0.3132832080200501
DAPT_AL_SELECTED,242,0.25,TEMPLATE_OOD,0.005,0.2,0.8059133489461359,0.004098360655737705,0.9752517404740284,0.5327868852459017,0.0032201405152224825,0.989010989010989,0.822599531615925,0.6203007518796992
DAPT_AL_SELECTED,242,0.25,DOMAIN_TEMPLATE_OOD,0.005,0.05,0.7524271844660194,0.004314994606256742,0.9716469563267709,0.43473570658036675,0.0037756202804746495,1.0,0.5129449838187702,0.1383587786259542
DAPT_AL_SELECTED,242,0.25,DOMAIN_TEMPLATE_OOD,0.005,0.1,0.7524271844660194,0.004314994606256742,0.9716469563267709,0.43473570658036675,0.0037756202804746495,0.996551724137931,0.5906148867313916,0.27576335877862596
DAPT_AL_SELECTED,242,0.25,DOMAIN_TEMPLATE_OOD,0.005,0.2,0.7524271844660194,0.004314994606256742,0.9716469563267709,0.43473570658036675,0.0037756202804746495,0.9930915371329879,0.7448759439050702,0.5486641221374046
DAPT_AL_SELECTED,242,0.25,IID_ORIGINAL,0.01,0.05,0.7372400756143668,0.015554440541896638,0.887390609946303,0.5661625708884688,0.007526342197691922,0.9672131147540983,0.6776937618147448,0.2570806100217865
DAPT_AL_SELECTED,242,0.25,IID_ORIGINAL,0.01,0.1,0.7372400756143668,0.015554440541896638,0.887390609946303,0.5661625708884688,0.007526342197691922,0.889344262295082,0.7712665406427222,0.47276688453159044
DAPT_AL_SELECTED,242,0.25,IID_ORIGINAL,0.01,0.2,0.7372400756143668,0.015554440541896638,0.887390609946303,0.5661625708884688,0.007526342197691922,0.5717213114754098,0.8298676748582231,0.6078431372549019
DAPT_AL_SELECTED,242,0.25,IID_BALANCED,0.01,0.05,0.7372400756143668,0.015122873345935728,0.9181687793939355,0.5661625708884688,0.010396975425330813,0.9736842105263158,0.6361058601134215,0.16122004357298475
DAPT_AL_SELECTED,242,0.25,IID_BALANCED,0.01,0.1,0.7372400756143668,0.015122873345935728,0.9181687793939355,0.5661625708884688,0.010396975425330813,0.9735099337748344,0.7051039697542533,0.3202614379084967
DAPT_AL_SELECTED,242,0.25,IID_BALANCED,0.01,0.2,0.7372400756143668,0.015122873345935728,0.9181687793939355,0.5661625708884688,0.010396975425330813,0.847682119205298,0.8081285444234405,0.5577342047930284
DAPT_AL_SELECTED,242,0.25,TEMPORAL,0.01,0.05,0.887,0.01525,0.9757331159827606,0.64525,0.00525,0.9925925925925926,0.71225,0.18886539816772374
DAPT_AL_SELECTED,242,0.25,TEMPORAL,0.01,0.1,0.887,0.01525,0.9757331159827606,0.64525,0.00525,0.987037037037037,0.7785,0.37561663143058494
DAPT_AL_SELECTED,242,0.25,TEMPORAL,0.01,0.2,0.887,0.01525,0.9757331159827606,0.64525,0.00525,0.95,0.90175,0.7230443974630021
DAPT_AL_SELECTED,242,0.25,DOMAIN_OOD,0.01,0.05,0.8698807672369103,0.01762571280456195,0.9723970857065575,0.5660964230171073,0.00673924313115604,1.0,0.6376360808709176,0.16487455197132617
DAPT_AL_SELECTED,242,0.25,DOMAIN_OOD,0.01,0.1,0.8698807672369103,0.01762571280456195,0.9723970857065575,0.5660964230171073,0.00673924313115604,0.9927536231884058,0.7081389320891653,0.32735961768219835
DAPT_AL_SELECTED,242,0.25,DOMAIN_OOD,0.01,0.2,0.8698807672369103,0.01762571280456195,0.9723970857065575,0.5660964230171073,0.00673924313115604,0.9764065335753176,0.844997407983411,0.6427718040621266
DAPT_AL_SELECTED,242,0.25,TEMPLATE_OOD,0.01,0.05,0.8864168618266979,0.014929742388758781,0.9752517404740284,0.627927400468384,0.00585480093676815,1.0,0.6964285714285714,0.1841070023603462
DAPT_AL_SELECTED,242,0.25,TEMPLATE_OOD,0.01,0.1,0.8864168618266979,0.014929742388758781,0.9752517404740284,0.627927400468384,0.00585480093676815,0.9914346895074947,0.7634660421545667,0.36428009441384734
DAPT_AL_SELECTED,242,0.25,TEMPLATE_OOD,0.01,0.2,0.8864168618266979,0.014929742388758781,0.9752517404740284,0.627927400468384,0.00585480093676815,0.9646680942184154,0.8916861826697893,0.7088906372934697
DAPT_AL_SELECTED,242,0.25,DOMAIN_TEMPLATE_OOD,0.01,0.05,0.8635382955771306,0.016181229773462782,0.9716469563267709,0.5388349514563107,0.007011866235167206,1.0,0.6116504854368932,0.15789473684210525
DAPT_AL_SELECTED,242,0.25,DOMAIN_TEMPLATE_OOD,0.01,0.1,0.8635382955771306,0.016181229773462782,0.9716469563267709,0.5388349514563107,0.007011866235167206,1.0,0.6844660194174758,0.3157894736842105
DAPT_AL_SELECTED,242,0.25,DOMAIN_TEMPLATE_OOD,0.01,0.2,0.8635382955771306,0.016181229773462782,0.9716469563267709,0.5388349514563107,0.007011866235167206,0.9851851851851852,0.825782092772384,0.6222222222222222
DAPT_AL_SELECTED,242,0.25,IID_ORIGINAL,0.02,0.05,0.7627599243856332,0.023582538886101356,0.887390609946303,0.6408317580340265,0.01806322127446061,0.9487179487179487,0.7457466918714556,0.29210526315789476
DAPT_AL_SELECTED,242,0.25,IID_ORIGINAL,0.02,0.1,0.7627599243856332,0.023582538886101356,0.887390609946303,0.6408317580340265,0.01806322127446061,0.7393162393162394,0.8043478260869565,0.45526315789473687
DAPT_AL_SELECTED,242,0.25,IID_ORIGINAL,0.02,0.2,0.7627599243856332,0.023582538886101356,0.887390609946303,0.6408317580340265,0.01806322127446061,0.4465811965811966,0.8383742911153119,0.55
DAPT_AL_SELECTED,242,0.25,IID_BALANCED,0.02,0.05,0.7627599243856332,0.020793950850661626,0.9181687793939355,0.6408317580340265,0.023629489603024575,0.971830985915493,0.7060491493383743,0.18157894736842106
DAPT_AL_SELECTED,242,0.25,IID_BALANCED,0.02,0.1,0.7627599243856332,0.020793950850661626,0.9181687793939355,0.6408317580340265,0.023629489603024575,0.9507042253521126,0.7684310018903592,0.35526315789473684
DAPT_AL_SELECTED,242,0.25,IID_BALANCED,0.02,0.2,0.7627599243856332,0.020793950850661626,0.9181687793939355,0.6408317580340265,0.023629489603024575,0.7102473498233216,0.8308128544423441,0.5289473684210526
DAPT_AL_SELECTED,242,0.25,TEMPORAL,0.02,0.05,0.90575,0.02275,0.9757331159827606,0.7455,0.01275,0.9839357429718876,0.80675,0.2406679764243615
DAPT_AL_SELECTED,242,0.25,TEMPORAL,0.02,0.1,0.90575,0.02275,0.9757331159827606,0.7455,0.01275,0.9818913480885312,0.8675,0.4793713163064833
DAPT_AL_SELECTED,242,0.25,TEMPORAL,0.02,0.2,0.90575,0.02275,0.9757331159827606,0.7455,0.01275,0.7816901408450704,0.93975,0.7632612966601179
DAPT_AL_SELECTED,242,0.25,DOMAIN_OOD,0.02,0.05,0.8916537065837221,0.029030585795749093,0.9723970857065575,0.6905132192846034,0.01762571280456195,1.0,0.7553136340072576,0.20938023450586266
DAPT_AL_SELECTED,242,0.25,DOMAIN_OOD,0.02,0.1,0.8916537065837221,0.029030585795749093,0.9723970857065575,0.6905132192846034,0.01762571280456195,0.996,0.8195956454121306,0.41708542713567837
DAPT_AL_SELECTED,242,0.25,DOMAIN_OOD,0.02,0.2,0.8916537065837221,0.029030585795749093,0.9723970857065575,0.6905132192846034,0.01762571280456195,0.87374749498998,0.9165370658372214,0.7303182579564489
DAPT_AL_SELECTED,242,0.25,TEMPLATE_OOD,0.02,0.05,0.9039812646370023,0.022540983606557378,0.9752517404740284,0.732728337236534,0.01288056206088993,0.9953488372093023,0.7953747072599532,0.2343921139101862
DAPT_AL_SELECTED,242,0.25,TEMPLATE_OOD,0.02,0.1,0.9039812646370023,0.022540983606557378,0.9752517404740284,0.732728337236534,0.01288056206088993,0.9883449883449883,0.8568501170960188,0.4644030668127054
DAPT_AL_SELECTED,242,0.25,TEMPLATE_OOD,0.02,0.2,0.9039812646370023,0.022540983606557378,0.9752517404740284,0.732728337236534,0.01288056206088993,0.8039673278879813,0.9344262295081968,0.7546549835706462
DAPT_AL_SELECTED,242,0.25,DOMAIN_TEMPLATE_OOD,0.02,0.05,0.8845738942826321,0.026429341963322545,0.9716469563267709,0.6725997842502697,0.016720604099244876,1.0,0.738403451995685,0.20098846787479407
DAPT_AL_SELECTED,242,0.25,DOMAIN_TEMPLATE_OOD,0.02,0.1,0.8845738942826321,0.026429341963322545,0.9716469563267709,0.6725997842502697,0.016720604099244876,0.9958847736625515,0.8031283710895362,0.3986820428336079
DAPT_AL_SELECTED,242,0.25,DOMAIN_TEMPLATE_OOD,0.02,0.2,0.8845738942826321,0.026429341963322545,0.9716469563267709,0.6725997842502697,0.016720604099244876,0.897119341563786,0.9077669902912622,0.7182866556836903
T0_AL_SELECTED,252,0.25,IID_ORIGINAL,0.005,0.05,0.6001890359168242,0.004014049172102358,0.8825678386957351,0.552930056710775,0.004014049172102358,0.983739837398374,0.667296786389414,0.2558139534883721
T0_AL_SELECTED,252,0.25,IID_ORIGINAL,0.005,0.1,0.6001890359168242,0.004014049172102358,0.8825678386957351,0.552930056710775,0.004014049172102358,0.9227642276422764,0.7674858223062382,0.4799154334038055
T0_AL_SELECTED,252,0.25,IID_ORIGINAL,0.005,0.2,0.6001890359168242,0.004014049172102358,0.8825678386957351,0.552930056710775,0.004014049172102358,0.5772357723577236,0.8213610586011342,0.6004228329809725
T0_AL_SELECTED,252,0.25,IID_BALANCED,0.005,0.05,0.6001890359168242,0.005671077504725898,0.9140105200087695,0.552930056710775,0.005671077504725898,1.0,0.6257088846880907,0.16279069767441862
T0_AL_SELECTED,252,0.25,IID_BALANCED,0.005,0.1,0.6001890359168242,0.005671077504725898,0.9140105200087695,0.552930056710775,0.005671077504725898,0.9869281045751634,0.6956521739130435,0.3192389006342495
T0_AL_SELECTED,252,0.25,IID_BALANCED,0.005,0.2,0.6001890359168242,0.005671077504725898,0.9140105200087695,0.552930056710775,0.005671077504725898,0.8819672131147541,0.8071833648393195,0.5687103594080338
T0_AL_SELECTED,252,0.25,TEMPORAL,0.005,0.05,0.64075,0.00225,0.9724882911740128,0.74475,0.0035,0.9800796812749004,0.80625,0.24094025465230168
T0_AL_SELECTED,252,0.25,TEMPORAL,0.005,0.1,0.64075,0.00225,0.9724882911740128,0.74475,0.0035,0.9481037924151696,0.8635,0.465230166503428
T0_AL_SELECTED,252,0.25,TEMPORAL,0.005,0.2,0.64075,0.00225,0.9724882911740128,0.74475,0.0035,0.7684630738522954,0.93725,0.7541625857002938
T0_AL_SELECTED,252,0.25,DOMAIN_OOD,0.005,0.05,0.5536547433903577,0.002592016588906169,0.9702962006037826,0.7008812856402281,0.0036288232244686366,0.976,0.7641264904095386,0.21143847487001732
T0_AL_SELECTED,252,0.25,DOMAIN_OOD,0.005,0.1,0.5536547433903577,0.002592016588906169,0.9702962006037826,0.7008812856402281,0.0036288232244686366,0.944,0.8232244686365993,0.4090121317157712
T0_AL_SELECTED,252,0.25,DOMAIN_OOD,0.005,0.2,0.5536547433903577,0.002592016588906169,0.9702962006037826,0.7008812856402281,0.0036288232244686366,0.852,0.9217210990150337,0.7383015597920277
T0_AL_SELECTED,252,0.25,TEMPLATE_OOD,0.005,0.05,0.6334894613583139,0.00234192037470726,0.9723820924191258,0.7344847775175644,0.004098360655737705,0.9861111111111112,0.7968384074941453,0.2348401323042999
T0_AL_SELECTED,252,0.25,TEMPLATE_OOD,0.005,0.1,0.6334894613583139,0.00234192037470726,0.9723820924191258,0.7344847775175644,0.004098360655737705,0.9582366589327146,0.8553864168618267,0.4553472987872106
T0_AL_SELECTED,252,0.25,TEMPLATE_OOD,0.005,0.2,0.6334894613583139,0.00234192037470726,0.9723820924191258,0.7344847775175644,0.004098360655737705,0.7911832946635731,0.9341334894613583,0.7519294377067255
T0_AL_SELECTED,252,0.25,DOMAIN_TEMPLATE_OOD,0.005,0.05,0.5426105717367853,0.002696871628910464,0.9673465313856664,0.6779935275080906,0.0037756202804746495,0.983739837398374,0.7432578209277239,0.20268006700167504
T0_AL_SELECTED,252,0.25,DOMAIN_TEMPLATE_OOD,0.005,0.1,0.5426105717367853,0.002696871628910464,0.9673465313856664,0.6779935275080906,0.0037756202804746495,0.9510204081632653,0.8036677454153183,0.39028475711892796
T0_AL_SELECTED,252,0.25,DOMAIN_TEMPLATE_OOD,0.005,0.2,0.5426105717367853,0.002696871628910464,0.9673465313856664,0.6779935275080906,0.0037756202804746495,0.8834355828220859,0.9110032362459547,0.7236180904522613
T0_AL_SELECTED,252,0.25,IID_ORIGINAL,0.01,0.05,0.6918714555765595,0.008028098344204716,0.8825678386957351,0.6389413988657845,0.009031610637230306,0.9661016949152542,0.7466918714555766,0.29842931937172773
T0_AL_SELECTED,252,0.25,IID_ORIGINAL,0.01,0.1,0.6918714555765595,0.008028098344204716,0.8825678386957351,0.6389413988657845,0.009031610637230306,0.75,0.8062381852551985,0.46335078534031415
T0_AL_SELECTED,252,0.25,IID_ORIGINAL,0.01,0.2,0.6918714555765595,0.008028098344204716,0.8825678386957351,0.6389413988657845,0.009031610637230306,0.4258474576271186,0.8289224952741021,0.5261780104712042
T0_AL_SELECTED,252,0.25,IID_BALANCED,0.01,0.05,0.6918714555765595,0.008506616257088847,0.9140105200087695,0.6389413988657845,0.010396975425330813,0.9861111111111112,0.7060491493383743,0.18586387434554974
T0_AL_SELECTED,252,0.25,IID_BALANCED,0.01,0.1,0.6918714555765595,0.008506616257088847,0.9140105200087695,0.6389413988657845,0.010396975425330813,0.9790209790209791,0.7712665406427222,0.36649214659685864
T0_AL_SELECTED,252,0.25,IID_BALANCED,0.01,0.2,0.6918714555765595,0.008506616257088847,0.9140105200087695,0.6389413988657845,0.010396975425330813,0.6783216783216783,0.8223062381852552,0.5078534031413613
T0_AL_SELECTED,252,0.25,TEMPORAL,0.01,0.05,0.755,0.0065,0.9724882911740128,0.8155,0.0085,0.9364406779661016,0.87075,0.2994579945799458
T0_AL_SELECTED,252,0.25,TEMPORAL,0.01,0.1,0.755,0.0065,0.9724882911740128,0.8155,0.0085,0.8789808917197452,0.919,0.5609756097560976
T0_AL_SELECTED,252,0.25,TEMPORAL,0.01,0.2,0.755,0.0065,0.9724882911740128,0.8155,0.0085,0.565356004250797,0.9485,0.7208672086720868
T0_AL_SELECTED,252,0.25,DOMAIN_OOD,0.01,0.05,0.7122861586314152,0.007776049766718507,0.9702962006037826,0.776049766718507,0.011404872991187144,0.9572649572649573,0.8341109383100052,0.25925925925925924
T0_AL_SELECTED,252,0.25,DOMAIN_OOD,0.01,0.1,0.7122861586314152,0.007776049766718507,0.9702962006037826,0.776049766718507,0.011404872991187144,0.9102564102564102,0.8864696734059098,0.4930555555555556
T0_AL_SELECTED,252,0.25,DOMAIN_OOD,0.01,0.2,0.7122861586314152,0.007776049766718507,0.9702962006037826,0.776049766718507,0.011404872991187144,0.6794871794871795,0.9409020217729394,0.7361111111111112
T0_AL_SELECTED,252,0.25,TEMPLATE_OOD,0.01,0.05,0.7485362997658079,0.00585480093676815,0.9723820924191258,0.8062060889929742,0.00819672131147541,0.9507389162561576,0.8627049180327869,0.29154078549848944
T0_AL_SELECTED,252,0.25,TEMPLATE_OOD,0.01,0.1,0.7485362997658079,0.00585480093676815,0.9723820924191258,0.8062060889929742,0.00819672131147541,0.891358024691358,0.9118852459016393,0.5453172205438066
T0_AL_SELECTED,252,0.25,TEMPLATE_OOD,0.01,0.2,0.7485362997658079,0.00585480093676815,0.9723820924191258,0.8062060889929742,0.00819672131147541,0.5888888888888889,0.9458430913348946,0.7205438066465257
T0_AL_SELECTED,252,0.25,DOMAIN_TEMPLATE_OOD,0.01,0.05,0.6877022653721683,0.007551240560949299,0.9673465313856664,0.7653721682847896,0.009708737864077669,0.9649122807017544,0.8247033441208198,0.25287356321839083
T0_AL_SELECTED,252,0.25,DOMAIN_TEMPLATE_OOD,0.01,0.1,0.6877022653721683,0.007551240560949299,0.9673465313856664,0.7653721682847896,0.009708737864077669,0.9035087719298246,0.8764832793959008,0.4735632183908046
T0_AL_SELECTED,252,0.25,DOMAIN_TEMPLATE_OOD,0.01,0.2,0.6877022653721683,0.007551240560949299,0.9673465313856664,0.7653721682847896,0.009708737864077669,0.6857142857142857,0.9336569579288025,0.7172413793103448
T0_AL_SELECTED,252,0.25,IID_ORIGINAL,0.02,0.05,0.7835538752362949,0.02408429503261415,0.8825678386957351,0.6890359168241966,0.019568489713998997,0.8869565217391304,0.7854442344045368,0.3100303951367781
T0_AL_SELECTED,252,0.25,IID_ORIGINAL,0.02,0.1,0.7835538752362949,0.02408429503261415,0.8825678386957351,0.6890359168241966,0.019568489713998997,0.6026200873362445,0.8194706994328923,0.4194528875379939
T0_AL_SELECTED,252,0.25,IID_ORIGINAL,0.02,0.2,0.7835538752362949,0.02408429503261415,0.8825678386957351,0.6890359168241966,0.019568489713998997,0.3304157549234136,0.831758034026465,0.45896656534954405
T0_AL_SELECTED,252,0.25,IID_BALANCED,0.02,0.05,0.7835538752362949,0.024574669187145556,0.9140105200087695,0.6890359168241966,0.020793950850661626,0.9855072463768116,0.7533081285444234,0.2066869300911854
T0_AL_SELECTED,252,0.25,IID_BALANCED,0.02,0.1,0.7835538752362949,0.024574669187145556,0.9140105200087695,0.6890359168241966,0.020793950850661626,0.8905109489051095,0.8043478260869565,0.3708206686930091
T0_AL_SELECTED,252,0.25,IID_BALANCED,0.02,0.2,0.7835538752362949,0.024574669187145556,0.9140105200087695,0.6890359168241966,0.020793950850661626,0.5531135531135531,0.831758034026465,0.45896656534954405
T0_AL_SELECTED,252,0.25,TEMPORAL,0.02,0.05,0.906,0.0225,0.9724882911740128,0.8585,0.01675,0.8933333333333333,0.90875,0.3551236749116608
T0_AL_SELECTED,252,0.25,TEMPORAL,0.02,0.1,0.906,0.0225,0.9724882911740128,0.8585,0.01675,0.7066666666666667,0.938,0.5618374558303887
T0_AL_SELECTED,252,0.25,TEMPORAL,0.02,0.2,0.906,0.0225,0.9724882911740128,0.8585,0.01675,0.41333333333333333,0.9515,0.657243816254417
T0_AL_SELECTED,252,0.25,DOMAIN_OOD,0.02,0.05,0.8952825298081908,0.029030585795749093,0.9702962006037826,0.8356661482633488,0.02436495593571799,0.9181818181818182,0.8880248833592534,0.3186119873817035
T0_AL_SELECTED,252,0.25,DOMAIN_OOD,0.02,0.1,0.8952825298081908,0.029030585795749093,0.9702962006037826,0.8356661482633488,0.02436495593571799,0.8181818181818182,0.928978745463971,0.5678233438485805
T0_AL_SELECTED,252,0.25,DOMAIN_OOD,0.02,0.2,0.8952825298081908,0.029030585795749093,0.9702962006037826,0.8356661482633488,0.02436495593571799,0.49318181818181817,0.9481596682218766,0.6845425867507886
T0_AL_SELECTED,252,0.25,TEMPLATE_OOD,0.02,0.05,0.9028103044496487,0.021370023419203747,0.9723820924191258,0.8542154566744731,0.01668618266978923,0.9015544041450777,0.905152224824356,0.3493975903614458
T0_AL_SELECTED,252,0.25,TEMPLATE_OOD,0.02,0.1,0.9028103044496487,0.021370023419203747,0.9723820924191258,0.8542154566744731,0.01668618266978923,0.7227979274611399,0.9358899297423887,0.5602409638554217
T0_AL_SELECTED,252,0.25,TEMPLATE_OOD,0.02,0.2,0.9028103044496487,0.021370023419203747,0.9723820924191258,0.8542154566744731,0.01668618266978923,0.42357512953367876,0.9499414519906323,0.6566265060240963
T0_AL_SELECTED,252,0.25,DOMAIN_TEMPLATE_OOD,0.02,0.05,0.8872707659115426,0.02696871628910464,0.9673465313856664,0.8295577130528586,0.022653721682847898,0.9158878504672897,0.8824163969795038,0.310126582278481
T0_AL_SELECTED,252,0.25,DOMAIN_TEMPLATE_OOD,0.02,0.1,0.8872707659115426,0.02696871628910464,0.9673465313856664,0.8295577130528586,0.022653721682847898,0.8028169014084507,0.9217907227615966,0.5411392405063291
T0_AL_SELECTED,252,0.25,DOMAIN_TEMPLATE_OOD,0.02,0.2,0.8872707659115426,0.02696871628910464,0.9673465313856664,0.8295577130528586,0.022653721682847898,0.48826291079812206,0.941747572815534,0.6582278481012658
DAPT_AL_SELECTED,252,0.25,IID_ORIGINAL,0.005,0.05,0.6521739130434783,0.0030105368790767687,0.8861846542315226,0.552930056710775,0.004014049172102358,0.991869918699187,0.668241965973535,0.25792811839323465
DAPT_AL_SELECTED,252,0.25,IID_ORIGINAL,0.005,0.1,0.6521739130434783,0.0030105368790767687,0.8861846542315226,0.552930056710775,0.004014049172102358,0.9308943089430894,0.7693761814744802,0.48414376321353064
DAPT_AL_SELECTED,252,0.25,IID_ORIGINAL,0.005,0.2,0.6521739130434783,0.0030105368790767687,0.8861846542315226,0.552930056710775,0.004014049172102358,0.5772357723577236,0.8213610586011342,0.6004228329809725
DAPT_AL_SELECTED,252,0.25,IID_BALANCED,0.005,0.05,0.6521739130434783,0.004725897920604915,0.917571871430648,0.552930056710775,0.005671077504725898,1.0,0.6257088846880907,0.16279069767441862
DAPT_AL_SELECTED,252,0.25,IID_BALANCED,0.005,0.1,0.6521739130434783,0.004725897920604915,0.917571871430648,0.552930056710775,0.005671077504725898,0.9803921568627451,0.6947069943289225,0.3171247357293869
DAPT_AL_SELECTED,252,0.25,IID_BALANCED,0.005,0.2,0.6521739130434783,0.004725897920604915,0.917571871430648,0.552930056710775,0.005671077504725898,0.8721311475409836,0.8043478260869565,0.5623678646934461
DAPT_AL_SELECTED,252,0.25,TEMPORAL,0.005,0.05,0.71925,0.00275,0.974364412142577,0.74475,0.0035,0.9880478087649402,0.80675,0.24289911851126347
DAPT_AL_SELECTED,252,0.25,TEMPORAL,0.005,0.1,0.71925,0.00275,0.974364412142577,0.74475,0.0035,0.9520958083832335,0.864,0.4671890303623898
DAPT_AL_SELECTED,252,0.25,TEMPORAL,0.005,0.2,0.71925,0.00275,0.974364412142577,0.74475,0.0035,0.7724550898203593,0.93825,0.7580803134182175
DAPT_AL_SELECTED,252,0.25,DOMAIN_OOD,0.005,0.05,0.6583722135821669,0.002592016588906169,0.9702064713422539,0.7008812856402281,0.0036288232244686366,0.984,0.7646448937273198,0.21317157712305027
DAPT_AL_SELECTED,252,0.25,DOMAIN_OOD,0.005,0.1,0.6583722135821669,0.002592016588906169,0.9702064713422539,0.7008812856402281,0.0036288232244686366,0.952,0.8242612752721618,0.4124783362218371
DAPT_AL_SELECTED,252,0.25,DOMAIN_OOD,0.005,0.2,0.6583722135821669,0.002592016588906169,0.9702064713422539,0.7008812856402281,0.0036288232244686366,0.856,0.9227579056505961,0.7417677642980935
DAPT_AL_SELECTED,252,0.25,TEMPLATE_OOD,0.005,0.05,0.710480093676815,0.00234192037470726,0.9732632804519199,0.7344847775175644,0.004098360655737705,0.9907407407407407,0.7971311475409836,0.23594266813671444
DAPT_AL_SELECTED,252,0.25,TEMPLATE_OOD,0.005,0.1,0.710480093676815,0.00234192037470726,0.9732632804519199,0.7344847775175644,0.004098360655737705,0.962877030162413,0.8559718969555035,0.45755237045203967
DAPT_AL_SELECTED,252,0.25,TEMPLATE_OOD,0.005,0.2,0.710480093676815,0.00234192037470726,0.9732632804519199,0.7344847775175644,0.004098360655737705,0.7877030162412993,0.9332552693208431,0.7486218302094818
DAPT_AL_SELECTED,252,0.25,DOMAIN_TEMPLATE_OOD,0.005,0.05,0.6283710895361381,0.002696871628910464,0.9678145296183917,0.6779935275080906,0.0037756202804746495,0.983739837398374,0.7432578209277239,0.20268006700167504
DAPT_AL_SELECTED,252,0.25,DOMAIN_TEMPLATE_OOD,0.005,0.1,0.6283710895361381,0.002696871628910464,0.9678145296183917,0.6779935275080906,0.0037756202804746495,0.9551020408163265,0.8042071197411004,0.39195979899497485
DAPT_AL_SELECTED,252,0.25,DOMAIN_TEMPLATE_OOD,0.005,0.2,0.6283710895361381,0.002696871628910464,0.9678145296183917,0.6779935275080906,0.0037756202804746495,0.8732106339468303,0.9083063646170443,0.7152428810720268
DAPT_AL_SELECTED,252,0.25,IID_ORIGINAL,0.01,0.05,0.7372400756143668,0.010536879076768691,0.8861846542315226,0.6389413988657845,0.009031610637230306,0.9745762711864406,0.7476370510396976,0.3010471204188482
DAPT_AL_SELECTED,252,0.25,IID_ORIGINAL,0.01,0.1,0.7372400756143668,0.010536879076768691,0.8861846542315226,0.6389413988657845,0.009031610637230306,0.75,0.8062381852551985,0.46335078534031415
DAPT_AL_SELECTED,252,0.25,IID_ORIGINAL,0.01,0.2,0.7372400756143668,0.010536879076768691,0.8861846542315226,0.6389413988657845,0.009031610637230306,0.423728813559322,0.8279773156899811,0.5235602094240838
DAPT_AL_SELECTED,252,0.25,IID_BALANCED,0.01,0.05,0.7372400756143668,0.012287334593572778,0.917571871430648,0.6389413988657845,0.010396975425330813,0.9861111111111112,0.7060491493383743,0.18586387434554974
DAPT_AL_SELECTED,252,0.25,IID_BALANCED,0.01,0.1,0.7372400756143668,0.012287334593572778,0.917571871430648,0.6389413988657845,0.010396975425330813,0.965034965034965,0.7693761814744802,0.3612565445026178
DAPT_AL_SELECTED,252,0.25,IID_BALANCED,0.01,0.2,0.7372400756143668,0.012287334593572778,0.917571871430648,0.6389413988657845,0.010396975425330813,0.6748251748251748,0.8213610586011342,0.5052356020942408
DAPT_AL_SELECTED,252,0.25,TEMPORAL,0.01,0.05,0.854,0.01075,0.974364412142577,0.8155,0.0085,0.9745762711864406,0.873,0.3116531165311653
DAPT_AL_SELECTED,252,0.25,TEMPORAL,0.01,0.1,0.854,0.01075,0.974364412142577,0.8155,0.0085,0.8853503184713376,0.91975,0.5650406504065041
DAPT_AL_SELECTED,252,0.25,TEMPORAL,0.01,0.2,0.854,0.01075,0.974364412142577,0.8155,0.0085,0.5674814027630181,0.949,0.7235772357723578
DAPT_AL_SELECTED,252,0.25,DOMAIN_OOD,0.01,0.05,0.8294453084499741,0.012441679626749611,0.9702064713422539,0.776049766718507,0.011404872991187144,0.9914529914529915,0.8361845515811301,0.26851851851851855
DAPT_AL_SELECTED,252,0.25,DOMAIN_OOD,0.01,0.1,0.8294453084499741,0.012441679626749611,0.9702064713422539,0.776049766718507,0.011404872991187144,0.9273504273504274,0.8885432866770347,0.5023148148148148
DAPT_AL_SELECTED,252,0.25,DOMAIN_OOD,0.01,0.2,0.8294453084499741,0.012441679626749611,0.9702064713422539,0.776049766718507,0.011404872991187144,0.6773504273504274,0.9403836184551582,0.7337962962962963
DAPT_AL_SELECTED,252,0.25,TEMPLATE_OOD,0.01,0.05,0.8486533957845434,0.01053864168618267,0.9732632804519199,0.8062060889929742,0.00819672131147541,0.9802955665024631,0.8644613583138173,0.30060422960725075
DAPT_AL_SELECTED,252,0.25,TEMPLATE_OOD,0.01,0.1,0.8486533957845434,0.01053864168618267,0.9732632804519199,0.8062060889929742,0.00819672131147541,0.8987654320987655,0.9127634660421545,0.5498489425981873
DAPT_AL_SELECTED,252,0.25,TEMPLATE_OOD,0.01,0.2,0.8486533957845434,0.01053864168618267,0.9732632804519199,0.8062060889929742,0.00819672131147541,0.5901234567901235,0.9461358313817331,0.7220543806646526
DAPT_AL_SELECTED,252,0.25,DOMAIN_TEMPLATE_OOD,0.01,0.05,0.8096008629989212,0.011866235167206042,0.9678145296183917,0.7653721682847896,0.009708737864077669,0.9912280701754386,0.8263214670981661,0.2597701149425287
DAPT_AL_SELECTED,252,0.25,DOMAIN_TEMPLATE_OOD,0.01,0.1,0.8096008629989212,0.011866235167206042,0.9678145296183917,0.7653721682847896,0.009708737864077669,0.9122807017543859,0.877562028047465,0.4781609195402299
DAPT_AL_SELECTED,252,0.25,DOMAIN_TEMPLATE_OOD,0.01,0.2,0.8096008629989212,0.011866235167206042,0.9678145296183917,0.7653721682847896,0.009708737864077669,0.6835164835164835,0.9331175836030206,0.7149425287356321
DAPT_AL_SELECTED,252,0.25,IID_ORIGINAL,0.02,0.05,0.7608695652173914,0.01806322127446061,0.8861846542315226,0.6890359168241966,0.019568489713998997,0.8956521739130435,0.7863894139886578,0.3130699088145897
DAPT_AL_SELECTED,252,0.25,IID_ORIGINAL,0.02,0.1,0.7608695652173914,0.01806322127446061,0.8861846542315226,0.6890359168241966,0.019568489713998997,0.6026200873362445,0.8194706994328923,0.4194528875379939
DAPT_AL_SELECTED,252,0.25,IID_ORIGINAL,0.02,0.2,0.7608695652173914,0.01806322127446061,0.8861846542315226,0.6890359168241966,0.019568489713998997,0.3304157549234136,0.831758034026465,0.45896656534954405
DAPT_AL_SELECTED,252,0.25,IID_BALANCED,0.02,0.05,0.7608695652173914,0.017013232514177693,0.917571871430648,0.6890359168241966,0.020793950850661626,0.9710144927536232,0.7523629489603024,0.20364741641337386
DAPT_AL_SELECTED,252,0.25,IID_BALANCED,0.02,0.1,0.7608695652173914,0.017013232514177693,0.917571871430648,0.6890359168241966,0.020793950850661626,0.8759124087591241,0.8024574669187146,0.364741641337386
DAPT_AL_SELECTED,252,0.25,IID_BALANCED,0.02,0.2,0.7608695652173914,0.017013232514177693,0.917571871430648,0.6890359168241966,0.020793950850661626,0.5531135531135531,0.831758034026465,0.45896656534954405
DAPT_AL_SELECTED,252,0.25,TEMPORAL,0.02,0.05,0.892,0.018,0.974364412142577,0.8585,0.01675,0.9333333333333333,0.911,0.3710247349823322
DAPT_AL_SELECTED,252,0.25,TEMPORAL,0.02,0.1,0.892,0.018,0.974364412142577,0.8585,0.01675,0.72,0.9395,0.5724381625441696
DAPT_AL_SELECTED,252,0.25,TEMPORAL,0.02,0.2,0.892,0.018,0.974364412142577,0.8585,0.01675,0.4177777777777778,0.9525,0.6643109540636042
DAPT_AL_SELECTED,252,0.25,DOMAIN_OOD,0.02,0.05,0.87817522032141,0.02332814930015552,0.9702064713422539,0.8356661482633488,0.02436495593571799,0.9454545454545454,0.8895800933125972,0.3280757097791798
DAPT_AL_SELECTED,252,0.25,DOMAIN_OOD,0.02,0.1,0.87817522032141,0.02332814930015552,0.9702064713422539,0.8356661482633488,0.02436495593571799,0.8454545454545455,0.9320891653706583,0.5867507886435331
DAPT_AL_SELECTED,252,0.25,DOMAIN_OOD,0.02,0.2,0.87817522032141,0.02332814930015552,0.9702064713422539,0.8356661482633488,0.02436495593571799,0.5068181818181818,0.9512700881285641,0.7034700315457413
DAPT_AL_SELECTED,252,0.25,TEMPLATE_OOD,0.02,0.05,0.8890515222482436,0.018149882903981264,0.9732632804519199,0.8542154566744731,0.01668618266978923,0.9430051813471503,0.9074941451990632,0.3654618473895582
DAPT_AL_SELECTED,252,0.25,TEMPLATE_OOD,0.02,0.1,0.8890515222482436,0.018149882903981264,0.9732632804519199,0.8542154566744731,0.01668618266978923,0.7357512953367875,0.9373536299765808,0.570281124497992
DAPT_AL_SELECTED,252,0.25,TEMPLATE_OOD,0.02,0.2,0.8890515222482436,0.018149882903981264,0.9732632804519199,0.8542154566744731,0.01668618266978923,0.4274611398963731,0.9508196721311475,0.6626506024096386
DAPT_AL_SELECTED,252,0.25,DOMAIN_TEMPLATE_OOD,0.02,0.05,0.8646170442286947,0.022653721682847898,0.9678145296183917,0.8295577130528586,0.022653721682847898,0.9439252336448598,0.88403451995685,0.31962025316455694
DAPT_AL_SELECTED,252,0.25,DOMAIN_TEMPLATE_OOD,0.02,0.1,0.8646170442286947,0.022653721682847898,0.9678145296183917,0.8295577130528586,0.022653721682847898,0.8262910798122066,0.924487594390507,0.5569620253164557
DAPT_AL_SELECTED,252,0.25,DOMAIN_TEMPLATE_OOD,0.02,0.2,0.8646170442286947,0.022653721682847898,0.9678145296183917,0.8295577130528586,0.022653721682847898,0.49765258215962443,0.9439050701186623,0.6708860759493671
T0_AL_SELECTED,262,0.25,IID_ORIGINAL,0.005,0.05,0.5226843100189036,0.010035122930255895,0.8902932165623925,0.5311909262759924,0.004515805318615153,0.9274193548387096,0.6398865784499055,0.2318548387096774
T0_AL_SELECTED,262,0.25,IID_ORIGINAL,0.005,0.1,0.5226843100189036,0.010035122930255895,0.8902932165623925,0.5311909262759924,0.004515805318615153,0.8911290322580645,0.7400756143667296,0.44556451612903225
T0_AL_SELECTED,262,0.25,IID_ORIGINAL,0.005,0.2,0.5226843100189036,0.010035122930255895,0.8902932165623925,0.5311909262759924,0.004515805318615153,0.6209677419354839,0.8223062381852552,0.6209677419354839
T0_AL_SELECTED,262,0.25,IID_BALANCED,0.005,0.05,0.5226843100189036,0.012287334593572778,0.9225274185709788,0.5311909262759924,0.005671077504725898,0.9743589743589743,0.6030245746691871,0.1532258064516129
T0_AL_SELECTED,262,0.25,IID_BALANCED,0.005,0.1,0.5226843100189036,0.012287334593572778,0.9225274185709788,0.5311909262759924,0.005671077504725898,0.9290322580645162,0.667296786389414,0.2903225806451613
T0_AL_SELECTED,262,0.25,IID_BALANCED,0.005,0.2,0.5226843100189036,0.012287334593572778,0.9225274185709788,0.5311909262759924,0.005671077504725898,0.8774193548387097,0.7882797731568998,0.5483870967741935
T0_AL_SELECTED,262,0.25,TEMPORAL,0.005,0.05,0.53725,0.006,0.9696125657617019,0.66075,0.00175,0.917910447761194,0.72225,0.1812822402358143
T0_AL_SELECTED,262,0.25,TEMPORAL,0.005,0.1,0.53725,0.006,0.9696125657617019,0.66075,0.00175,0.9327102803738317,0.7855,0.367722918201916
T0_AL_SELECTED,262,0.25,TEMPORAL,0.005,0.2,0.53725,0.006,0.9696125657617019,0.66075,0.00175,0.8813084112149533,0.8965,0.6949152542372882
T0_AL_SELECTED,262,0.25,DOMAIN_OOD,0.005,0.05,0.44841886988076723,0.0010368066355624676,0.9715385310790213,0.5790565059616382,0.0015552099533437014,0.9854014598540146,0.6490409538621047,0.16625615763546797
T0_AL_SELECTED,262,0.25,DOMAIN_OOD,0.005,0.1,0.44841886988076723,0.0010368066355624676,0.9715385310790213,0.5790565059616382,0.0015552099533437014,0.9781021897810219,0.7179885951270089,0.33004926108374383
T0_AL_SELECTED,262,0.25,DOMAIN_OOD,0.005,0.2,0.44841886988076723,0.0010368066355624676,0.9715385310790213,0.5790565059616382,0.0015552099533437014,0.9434306569343066,0.847071021254536,0.6366995073891626
T0_AL_SELECTED,262,0.25,TEMPLATE_OOD,0.005,0.05,0.5304449648711944,0.00351288056206089,0.9709001334299938,0.6451990632318502,0.0020491803278688526,0.9525862068965517,0.7098946135831382,0.18234323432343233
T0_AL_SELECTED,262,0.25,TEMPLATE_OOD,0.005,0.1,0.5304449648711944,0.00351288056206089,0.9709001334299938,0.6451990632318502,0.0020491803278688526,0.9503239740820735,0.7740046838407494,0.36303630363036304
T0_AL_SELECTED,262,0.25,TEMPLATE_OOD,0.005,0.2,0.5304449648711944,0.00351288056206089,0.9709001334299938,0.6451990632318502,0.0020491803278688526,0.8951351351351351,0.8875878220140515,0.6831683168316832
T0_AL_SELECTED,262,0.25,DOMAIN_TEMPLATE_OOD,0.005,0.05,0.43581445523193096,0.0005393743257820927,0.9695878675201961,0.5533980582524272,0.0016181229773462784,0.9925373134328358,0.6251348435814456,0.1606280193236715
T0_AL_SELECTED,262,0.25,DOMAIN_TEMPLATE_OOD,0.005,0.1,0.43581445523193096,0.0005393743257820927,0.9695878675201961,0.5533980582524272,0.0016181229773462784,0.9850746268656716,0.6957928802588996,0.3188405797101449
T0_AL_SELECTED,262,0.25,DOMAIN_TEMPLATE_OOD,0.005,0.2,0.43581445523193096,0.0005393743257820927,0.9695878675201961,0.5533980582524272,0.0016181229773462784,0.9496268656716418,0.8279395900755124,0.6147342995169082
T0_AL_SELECTED,262,0.25,IID_ORIGINAL,0.01,0.05,0.6398865784499055,0.013045659809332665,0.8902932165623925,0.5945179584120983,0.008028098344204716,0.859504132231405,0.6928166351606805,0.24242424242424243
T0_AL_SELECTED,262,0.25,IID_ORIGINAL,0.01,0.1,0.6398865784499055,0.013045659809332665,0.8902932165623925,0.5945179584120983,0.008028098344204716,0.7966804979253111,0.775992438563327,0.44755244755244755
T0_AL_SELECTED,262,0.25,IID_ORIGINAL,0.01,0.2,0.6398865784499055,0.013045659809332665,0.8902932165623925,0.5945179584120983,0.008028098344204716,0.5103734439834025,0.8270321361058601,0.5734265734265734
T0_AL_SELECTED,262,0.25,IID_BALANCED,0.01,0.05,0.6398865784499055,0.017013232514177693,0.9225274185709788,0.5945179584120983,0.010396975425330813,0.918918918918919,0.6587901701323251,0.1585081585081585
T0_AL_SELECTED,262,0.25,IID_BALANCED,0.01,0.1,0.6398865784499055,0.017013232514177693,0.9225274185709788,0.5945179584120983,0.010396975425330813,0.9324324324324325,0.724952741020794,0.32167832167832167
T0_AL_SELECTED,262,0.25,IID_BALANCED,0.01,0.2,0.6398865784499055,0.017013232514177693,0.9225274185709788,0.5945179584120983,0.010396975425330813,0.777027027027027,0.8119092627599244,0.5361305361305362
T0_AL_SELECTED,262,0.25,TEMPORAL,0.01,0.05,0.6965,0.01075,0.9696125657617019,0.74625,0.005,0.916,0.8035,0.22561576354679802
T0_AL_SELECTED,262,0.25,TEMPORAL,0.01,0.1,0.6965,0.01075,0.9696125657617019,0.74625,0.005,0.91,0.86,0.4482758620689655
T0_AL_SELECTED,262,0.25,TEMPORAL,0.01,0.2,0.6965,0.01075,0.9696125657617019,0.74625,0.005,0.7547547547547547,0.93475,0.7428571428571429
T0_AL_SELECTED,262,0.25,DOMAIN_OOD,0.01,0.05,0.6272680145152929,0.004665629860031105,0.9715385310790213,0.6801451529289787,0.005184033177812338,0.9921259842519685,0.7454639709694142,0.20421393841166938
T0_AL_SELECTED,262,0.25,DOMAIN_OOD,0.01,0.1,0.6272680145152929,0.004665629860031105,0.9715385310790213,0.6801451529289787,0.005184033177812338,0.9763779527559056,0.8087091757387247,0.4019448946515397
T0_AL_SELECTED,262,0.25,DOMAIN_OOD,0.01,0.2,0.6272680145152929,0.004665629860031105,0.9715385310790213,0.6801451529289787,0.005184033177812338,0.8759842519685039,0.9108346293416277,0.7212317666126418
T0_AL_SELECTED,262,0.25,TEMPLATE_OOD,0.01,0.05,0.6809133489461359,0.00819672131147541,0.9709001334299938,0.734192037470726,0.004976580796252928,0.9583333333333334,0.7947892271662763,0.22797356828193832
T0_AL_SELECTED,262,0.25,TEMPLATE_OOD,0.01,0.1,0.6809133489461359,0.00819672131147541,0.9709001334299938,0.734192037470726,0.004976580796252928,0.9303944315545244,0.8515807962529274,0.44162995594713655
T0_AL_SELECTED,262,0.25,TEMPLATE_OOD,0.01,0.2,0.6809133489461359,0.00819672131147541,0.9709001334299938,0.734192037470726,0.004976580796252928,0.7807424593967517,0.9312060889929742,0.7411894273127754
T0_AL_SELECTED,262,0.25,DOMAIN_TEMPLATE_OOD,0.01,0.05,0.5954692556634305,0.0037756202804746495,0.9695878675201961,0.662891046386192,0.0048543689320388345,1.0,0.7297734627831716,0.1984
T0_AL_SELECTED,262,0.25,DOMAIN_TEMPLATE_OOD,0.01,0.1,0.5954692556634305,0.0037756202804746495,0.9695878675201961,0.662891046386192,0.0048543689320388345,0.979757085020243,0.7934196332254585,0.3872
T0_AL_SELECTED,262,0.25,DOMAIN_TEMPLATE_OOD,0.01,0.2,0.5954692556634305,0.0037756202804746495,0.9695878675201961,0.662891046386192,0.0048543689320388345,0.8825910931174089,0.8980582524271845,0.6976
T0_AL_SELECTED,262,0.25,IID_ORIGINAL,0.02,0.05,0.7580340264650284,0.029101856497742096,0.8902932165623925,0.6465028355387523,0.013547415955845458,0.8632478632478633,0.7419659735349716,0.2700534759358289
T0_AL_SELECTED,262,0.25,IID_ORIGINAL,0.02,0.1,0.7580340264650284,0.029101856497742096,0.8902932165623925,0.6465028355387523,0.013547415955845458,0.6923076923076923,0.7996219281663516,0.43315508021390375
T0_AL_SELECTED,262,0.25,IID_ORIGINAL,0.02,0.2,0.7580340264650284,0.029101856497742096,0.8902932165623925,0.6465028355387523,0.013547415955845458,0.4465811965811966,0.8440453686200378,0.5588235294117647
T0_AL_SELECTED,262,0.25,IID_BALANCED,0.02,0.05,0.7580340264650284,0.03213610586011342,0.9225274185709788,0.6465028355387523,0.017013232514177693,0.8873239436619719,0.7060491493383743,0.16844919786096257
T0_AL_SELECTED,262,0.25,IID_BALANCED,0.02,0.1,0.7580340264650284,0.03213610586011342,0.9225274185709788,0.6465028355387523,0.017013232514177693,0.9014084507042254,0.7674858223062382,0.3422459893048128
T0_AL_SELECTED,262,0.25,IID_BALANCED,0.02,0.2,0.7580340264650284,0.03213610586011342,0.9225274185709788,0.6465028355387523,0.017013232514177693,0.6643109540636042,0.8241965973534972,0.5026737967914439
T0_AL_SELECTED,262,0.25,TEMPORAL,0.02,0.05,0.8415,0.02875,0.9696125657617019,0.803,0.01225,0.8734177215189873,0.85475,0.2626903553299492
T0_AL_SELECTED,262,0.25,TEMPORAL,0.02,0.1,0.8415,0.02875,0.9696125657617019,0.803,0.01225,0.8481012658227848,0.9035,0.5101522842639594
T0_AL_SELECTED,262,0.25,TEMPORAL,0.02,0.2,0.8415,0.02875,0.9696125657617019,0.803,0.01225,0.6160337552742616,0.949,0.7411167512690355
T0_AL_SELECTED,262,0.25,DOMAIN_OOD,0.02,0.05,0.8190772420943494,0.02695697252462416,0.9715385310790213,0.7547952306894764,0.01762571280456195,0.9831932773109243,0.8154484188698807,0.24735729386892177
T0_AL_SELECTED,262,0.25,DOMAIN_OOD,0.02,0.1,0.8190772420943494,0.02695697252462416,0.9715385310790213,0.7547952306894764,0.01762571280456195,0.9367088607594937,0.8698807672369103,0.4693446088794926
T0_AL_SELECTED,262,0.25,DOMAIN_OOD,0.02,0.2,0.8190772420943494,0.02695697252462416,0.9715385310790213,0.7547952306894764,0.01762571280456195,0.7468354430379747,0.9383100051840332,0.7484143763213531
T0_AL_SELECTED,262,0.25,TEMPLATE_OOD,0.02,0.05,0.8319672131147541,0.026346604215456676,0.9709001334299938,0.794496487119438,0.0117096018735363,0.9117647058823529,0.8489461358313818,0.26495726495726496
T0_AL_SELECTED,262,0.25,TEMPLATE_OOD,0.02,0.1,0.8319672131147541,0.026346604215456676,0.9709001334299938,0.794496487119438,0.0117096018735363,0.8676470588235294,0.8981264637002342,0.5042735042735043
T0_AL_SELECTED,262,0.25,TEMPLATE_OOD,0.02,0.2,0.8319672131147541,0.026346604215456676,0.9709001334299938,0.794496487119438,0.0117096018735363,0.6421568627450981,0.9478922716627635,0.7464387464387464
T0_AL_SELECTED,262,0.25,DOMAIN_TEMPLATE_OOD,0.02,0.05,0.7950377562028047,0.02535059331175836,0.9695878675201961,0.7470334412081985,0.016181229773462782,0.9826086956521739,0.807982740021575,0.24093816631130063
T0_AL_SELECTED,262,0.25,DOMAIN_TEMPLATE_OOD,0.02,0.1,0.7950377562028047,0.02535059331175836,0.9695878675201961,0.7470334412081985,0.016181229773462782,0.9391304347826087,0.8635382955771306,0.4605543710021322
T0_AL_SELECTED,262,0.25,DOMAIN_TEMPLATE_OOD,0.02,0.2,0.7950377562028047,0.02535059331175836,0.9695878675201961,0.7470334412081985,0.016181229773462782,0.7363834422657952,0.9293419633225458,0.720682302771855
DAPT_AL_SELECTED,262,0.25,IID_ORIGINAL,0.005,0.05,0.6493383742911153,0.012543903662819869,0.8819244079164996,0.5311909262759924,0.004515805318615153,0.9596774193548387,0.6436672967863895,0.2399193548387097
DAPT_AL_SELECTED,262,0.25,IID_ORIGINAL,0.005,0.1,0.6493383742911153,0.012543903662819869,0.8819244079164996,0.5311909262759924,0.004515805318615153,0.8951612903225806,0.7410207939508506,0.4475806451612903
DAPT_AL_SELECTED,262,0.25,IID_ORIGINAL,0.005,0.2,0.6493383742911153,0.012543903662819869,0.8819244079164996,0.5311909262759924,0.004515805318615153,0.6189516129032258,0.8213610586011342,0.6189516129032258
DAPT_AL_SELECTED,262,0.25,IID_BALANCED,0.005,0.05,0.6493383742911153,0.01606805293005671,0.9141137166827109,0.5311909262759924,0.005671077504725898,0.9743589743589743,0.6030245746691871,0.1532258064516129
DAPT_AL_SELECTED,262,0.25,IID_BALANCED,0.005,0.1,0.6493383742911153,0.01606805293005671,0.9141137166827109,0.5311909262759924,0.005671077504725898,0.9612903225806452,0.6720226843100189,0.3004032258064516
DAPT_AL_SELECTED,262,0.25,IID_BALANCED,0.005,0.2,0.6493383742911153,0.01606805293005671,0.9141137166827109,0.5311909262759924,0.005671077504725898,0.867741935483871,0.7854442344045368,0.5423387096774194
DAPT_AL_SELECTED,262,0.25,TEMPORAL,0.005,0.05,0.70075,0.008,0.9703496554880213,0.66075,0.00175,0.9738805970149254,0.726,0.19233603537214444
DAPT_AL_SELECTED,262,0.25,TEMPORAL,0.005,0.1,0.70075,0.008,0.9703496554880213,0.66075,0.00175,0.9514018691588785,0.788,0.3750921149594694
DAPT_AL_SELECTED,262,0.25,TEMPORAL,0.005,0.2,0.70075,0.008,0.9703496554880213,0.66075,0.00175,0.8822429906542056,0.89675,0.6956521739130435
DAPT_AL_SELECTED,262,0.25,DOMAIN_OOD,0.005,0.05,0.6350440642820114,0.0036288232244686366,0.9690586591892181,0.5790565059616382,0.0015552099533437014,0.9781021897810219,0.6485225505443235,0.16502463054187191
DAPT_AL_SELECTED,262,0.25,DOMAIN_OOD,0.005,0.1,0.6350440642820114,0.0036288232244686366,0.9690586591892181,0.5790565059616382,0.0015552099533437014,0.9854014598540146,0.7190254017625712,0.33251231527093594
DAPT_AL_SELECTED,262,0.25,DOMAIN_OOD,0.005,0.2,0.6350440642820114,0.0036288232244686366,0.9690586591892181,0.5790565059616382,0.0015552099533437014,0.9288321167883211,0.8429237947122862,0.6268472906403941
DAPT_AL_SELECTED,262,0.25,TEMPLATE_OOD,0.005,0.05,0.6899882903981265,0.00585480093676815,0.9707552412670922,0.6451990632318502,0.0020491803278688526,0.9698275862068966,0.7110655737704918,0.18564356435643564
DAPT_AL_SELECTED,262,0.25,TEMPLATE_OOD,0.005,0.1,0.6899882903981265,0.00585480093676815,0.9707552412670922,0.6451990632318502,0.0020491803278688526,0.9697624190064795,0.7766393442622951,0.3704620462046205
DAPT_AL_SELECTED,262,0.25,TEMPLATE_OOD,0.005,0.2,0.6899882903981265,0.00585480093676815,0.9707552412670922,0.6451990632318502,0.0020491803278688526,0.8983783783783784,0.8884660421545667,0.6856435643564357
DAPT_AL_SELECTED,262,0.25,DOMAIN_TEMPLATE_OOD,0.005,0.05,0.6116504854368932,0.003236245954692557,0.9666839731842292,0.5533980582524272,0.0016181229773462784,0.9776119402985075,0.6240560949298813,0.15821256038647344
DAPT_AL_SELECTED,262,0.25,DOMAIN_TEMPLATE_OOD,0.005,0.1,0.6116504854368932,0.003236245954692557,0.9666839731842292,0.5533980582524272,0.0016181229773462784,0.9850746268656716,0.6957928802588996,0.3188405797101449
DAPT_AL_SELECTED,262,0.25,DOMAIN_TEMPLATE_OOD,0.005,0.2,0.6116504854368932,0.003236245954692557,0.9666839731842292,0.5533980582524272,0.0016181229773462784,0.9309701492537313,0.8225458468176915,0.6026570048309179
DAPT_AL_SELECTED,262,0.25,IID_ORIGINAL,0.01,0.05,0.725897920604915,0.015052684395383844,0.8819244079164996,0.5945179584120983,0.008028098344204716,0.9008264462809917,0.6975425330812854,0.2540792540792541
DAPT_AL_SELECTED,262,0.25,IID_ORIGINAL,0.01,0.1,0.725897920604915,0.015052684395383844,0.8819244079164996,0.5945179584120983,0.008028098344204716,0.8049792531120332,0.777882797731569,0.4522144522144522
DAPT_AL_SELECTED,262,0.25,IID_ORIGINAL,0.01,0.2,0.725897920604915,0.015052684395383844,0.8819244079164996,0.5945179584120983,0.008028098344204716,0.5103734439834025,0.8270321361058601,0.5734265734265734
DAPT_AL_SELECTED,262,0.25,IID_BALANCED,0.01,0.05,0.725897920604915,0.020793950850661626,0.9141137166827109,0.5945179584120983,0.010396975425330813,0.9594594594594594,0.6616257088846881,0.1655011655011655
DAPT_AL_SELECTED,262,0.25,IID_BALANCED,0.01,0.1,0.725897920604915,0.020793950850661626,0.9141137166827109,0.5945179584120983,0.010396975425330813,0.9121621621621622,0.722117202268431,0.3146853146853147
DAPT_AL_SELECTED,262,0.25,IID_BALANCED,0.01,0.2,0.725897920604915,0.020793950850661626,0.9141137166827109,0.5945179584120983,0.010396975425330813,0.7871621621621622,0.8147448015122873,0.5431235431235432
DAPT_AL_SELECTED,262,0.25,TEMPORAL,0.01,0.05,0.75375,0.0135,0.9703496554880213,0.74625,0.005,0.936,0.80475,0.23054187192118228
DAPT_AL_SELECTED,262,0.25,TEMPORAL,0.01,0.1,0.75375,0.0135,0.9703496554880213,0.74625,0.005,0.904,0.85925,0.44532019704433495
DAPT_AL_SELECTED,262,0.25,TEMPORAL,0.01,0.2,0.75375,0.0135,0.9703496554880213,0.74625,0.005,0.7587587587587588,0.93575,0.7467980295566502
DAPT_AL_SELECTED,262,0.25,DOMAIN_OOD,0.01,0.05,0.702954898911353,0.008812856402280975,0.9690586591892181,0.6801451529289787,0.005184033177812338,0.984251968503937,0.744945567651633,0.2025931928687196
DAPT_AL_SELECTED,262,0.25,DOMAIN_OOD,0.01,0.1,0.702954898911353,0.008812856402280975,0.9690586591892181,0.6801451529289787,0.005184033177812338,0.9724409448818898,0.8081907724209435,0.40032414910858993
DAPT_AL_SELECTED,262,0.25,DOMAIN_OOD,0.01,0.2,0.702954898911353,0.008812856402280975,0.9690586591892181,0.6801451529289787,0.005184033177812338,0.8622047244094488,0.9072058061171592,0.7098865478119936
DAPT_AL_SELECTED,262,0.25,TEMPLATE_OOD,0.01,0.05,0.7444379391100703,0.011416861826697893,0.9707552412670922,0.734192037470726,0.004976580796252928,0.9629629629629629,0.7950819672131147,0.2290748898678414
DAPT_AL_SELECTED,262,0.25,TEMPLATE_OOD,0.01,0.1,0.7444379391100703,0.011416861826697893,0.9707552412670922,0.734192037470726,0.004976580796252928,0.9211136890951276,0.8504098360655737,0.43722466960352424
DAPT_AL_SELECTED,262,0.25,TEMPLATE_OOD,0.01,0.2,0.7444379391100703,0.011416861826697893,0.9707552412670922,0.734192037470726,0.004976580796252928,0.7784222737819025,0.9306206088992974,0.7389867841409692
DAPT_AL_SELECTED,262,0.25,DOMAIN_TEMPLATE_OOD,0.01,0.05,0.6790722761596548,0.008090614886731391,0.9666839731842292,0.662891046386192,0.0048543689320388345,0.9838709677419355,0.7286947141316074,0.1952
DAPT_AL_SELECTED,262,0.25,DOMAIN_TEMPLATE_OOD,0.01,0.1,0.6790722761596548,0.008090614886731391,0.9666839731842292,0.662891046386192,0.0048543689320388345,0.979757085020243,0.7934196332254585,0.3872
DAPT_AL_SELECTED,262,0.25,DOMAIN_TEMPLATE_OOD,0.01,0.2,0.6790722761596548,0.008090614886731391,0.9666839731842292,0.662891046386192,0.0048543689320388345,0.8663967611336032,0.8937432578209277,0.6848
DAPT_AL_SELECTED,262,0.25,IID_ORIGINAL,0.02,0.05,0.7589792060491494,0.019568489713998997,0.8819244079164996,0.6465028355387523,0.013547415955845458,0.8376068376068376,0.7391304347826086,0.2620320855614973
DAPT_AL_SELECTED,262,0.25,IID_ORIGINAL,0.02,0.1,0.7589792060491494,0.019568489713998997,0.8819244079164996,0.6465028355387523,0.013547415955845458,0.6752136752136753,0.7958412098298677,0.42245989304812837
DAPT_AL_SELECTED,262,0.25,IID_ORIGINAL,0.02,0.2,0.7589792060491494,0.019568489713998997,0.8819244079164996,0.6465028355387523,0.013547415955845458,0.4188034188034188,0.831758034026465,0.5240641711229946
DAPT_AL_SELECTED,262,0.25,IID_BALANCED,0.02,0.05,0.7589792060491494,0.022684310018903593,0.9141137166827109,0.6465028355387523,0.017013232514177693,0.971830985915493,0.7117202268431002,0.18449197860962566
DAPT_AL_SELECTED,262,0.25,IID_BALANCED,0.02,0.1,0.7589792060491494,0.022684310018903593,0.9141137166827109,0.6465028355387523,0.017013232514177693,0.9084507042253521,0.7684310018903592,0.3449197860962567
DAPT_AL_SELECTED,262,0.25,IID_BALANCED,0.02,0.2,0.7589792060491494,0.022684310018903593,0.9141137166827109,0.6465028355387523,0.017013232514177693,0.6713780918727915,0.8260869565217391,0.5080213903743316
DAPT_AL_SELECTED,262,0.25,TEMPORAL,0.02,0.05,0.816,0.01975,0.9703496554880213,0.803,0.01225,0.8987341772151899,0.85625,0.2703045685279188
DAPT_AL_SELECTED,262,0.25,TEMPORAL,0.02,0.1,0.816,0.01975,0.9703496554880213,0.803,0.01225,0.8333333333333334,0.90175,0.501269035532995
DAPT_AL_SELECTED,262,0.25,TEMPORAL,0.02,0.2,0.816,0.01975,0.9703496554880213,0.803,0.01225,0.609704641350211,0.9475,0.733502538071066
DAPT_AL_SELECTED,262,0.25,DOMAIN_OOD,0.02,0.05,0.7801969932607569,0.01658890616899948,0.9690586591892181,0.7547952306894764,0.01762571280456195,0.9831932773109243,0.8154484188698807,0.24735729386892177
DAPT_AL_SELECTED,262,0.25,DOMAIN_OOD,0.02,0.1,0.7801969932607569,0.01658890616899948,0.9690586591892181,0.7547952306894764,0.01762571280456195,0.919831223628692,0.8678071539657853,0.4608879492600423
DAPT_AL_SELECTED,262,0.25,DOMAIN_OOD,0.02,0.2,0.7801969932607569,0.01658890616899948,0.9690586591892181,0.7547952306894764,0.01762571280456195,0.740506329113924,0.9367547952306895,0.7420718816067653
DAPT_AL_SELECTED,262,0.25,TEMPLATE_OOD,0.02,0.05,0.8088407494145199,0.017857142857142856,0.9707552412670922,0.794496487119438,0.0117096018735363,0.9411764705882353,0.8507025761124122,0.27350427350427353
DAPT_AL_SELECTED,262,0.25,TEMPLATE_OOD,0.02,0.1,0.8088407494145199,0.017857142857142856,0.9707552412670922,0.794496487119438,0.0117096018735363,0.8504901960784313,0.8960772833723654,0.4943019943019943
DAPT_AL_SELECTED,262,0.25,TEMPLATE_OOD,0.02,0.2,0.8088407494145199,0.017857142857142856,0.9707552412670922,0.794496487119438,0.0117096018735363,0.6299019607843137,0.9449648711943794,0.7321937321937322
DAPT_AL_SELECTED,262,0.25,DOMAIN_TEMPLATE_OOD,0.02,0.05,0.7583603020496225,0.01564185544768069,0.9666839731842292,0.7470334412081985,0.016181229773462782,0.9739130434782609,0.8074433656957929,0.23880597014925373
DAPT_AL_SELECTED,262,0.25,DOMAIN_TEMPLATE_OOD,0.02,0.1,0.7583603020496225,0.01564185544768069,0.9666839731842292,0.7470334412081985,0.016181229773462782,0.908695652173913,0.8597626752966558,0.44562899786780386
DAPT_AL_SELECTED,262,0.25,DOMAIN_TEMPLATE_OOD,0.02,0.2,0.7583603020496225,0.01564185544768069,0.9666839731842292,0.7470334412081985,0.016181229773462782,0.7407407407407407,0.93042071197411,0.7249466950959488
T0_AL_SELECTED,272,0.25,IID_ORIGINAL,0.005,0.05,0.6446124763705104,0.007024586051179127,0.8912301177974485,0.5132325141776938,0.004014049172102358,0.992,0.6304347826086957,0.2407766990291262
T0_AL_SELECTED,272,0.25,IID_ORIGINAL,0.005,0.1,0.6446124763705104,0.007024586051179127,0.8912301177974485,0.5132325141776938,0.004014049172102358,0.936,0.7344045368620038,0.45436893203883494
T0_AL_SELECTED,272,0.25,IID_ORIGINAL,0.005,0.2,0.6446124763705104,0.007024586051179127,0.8912301177974485,0.5132325141776938,0.004014049172102358,0.67,0.8298676748582231,0.6504854368932039
T0_AL_SELECTED,272,0.25,IID_BALANCED,0.005,0.05,0.6446124763705104,0.008506616257088847,0.9227936061791538,0.5132325141776938,0.005671077504725898,0.9873417721518988,0.5869565217391305,0.15145631067961166
T0_AL_SELECTED,272,0.25,IID_BALANCED,0.005,0.1,0.6446124763705104,0.008506616257088847,0.9227936061791538,0.5132325141776938,0.005671077504725898,0.9808917197452229,0.6587901701323251,0.29902912621359223
T0_AL_SELECTED,272,0.25,IID_BALANCED,0.005,0.2,0.6446124763705104,0.008506616257088847,0.9227936061791538,0.5132325141776938,0.005671077504725898,0.9299363057324841,0.7892249527410208,0.566990291262136
T0_AL_SELECTED,272,0.25,TEMPORAL,0.005,0.05,0.7255,0.005,0.971768723287294,0.69675,0.00425,1.0,0.76175,0.21434460016488047
T0_AL_SELECTED,272,0.25,TEMPORAL,0.005,0.1,0.7255,0.005,0.971768723287294,0.69675,0.00425,0.9692307692307692,0.82275,0.4154987633965375
T0_AL_SELECTED,272,0.25,TEMPORAL,0.005,0.2,0.7255,0.005,0.971768723287294,0.69675,0.00425,0.8576923076923076,0.91975,0.7353668590272052
T0_AL_SELECTED,272,0.25,DOMAIN_OOD,0.005,0.05,0.6588906168999482,0.004665629860031105,0.9677291485912212,0.623120787973043,0.005184033177812338,1.0,0.6920684292379471,0.1829436038514443
T0_AL_SELECTED,272,0.25,DOMAIN_OOD,0.005,0.1,0.6588906168999482,0.004665629860031105,0.9677291485912212,0.623120787973043,0.005184033177812338,0.9735849056603774,0.7568688439606014,0.35488308115543327
T0_AL_SELECTED,272,0.25,DOMAIN_OOD,0.005,0.2,0.6588906168999482,0.004665629860031105,0.9677291485912212,0.623120787973043,0.005184033177812338,0.9018867924528302,0.8709175738724728,0.657496561210454
T0_AL_SELECTED,272,0.25,TEMPLATE_OOD,0.005,0.05,0.7180913348946136,0.004976580796252928,0.9705814643258166,0.6826697892271663,0.00468384074941452,1.0,0.7485362997658079,0.20756457564575645
T0_AL_SELECTED,272,0.25,TEMPLATE_OOD,0.005,0.1,0.7180913348946136,0.004976580796252928,0.9705814643258166,0.6826697892271663,0.00468384074941452,0.9755011135857461,0.8108899297423887,0.4040590405904059
T0_AL_SELECTED,272,0.25,TEMPLATE_OOD,0.005,0.2,0.7180913348946136,0.004976580796252928,0.9705814643258166,0.6826697892271663,0.00468384074941452,0.8729096989966555,0.9118852459016393,0.7223247232472325
T0_AL_SELECTED,272,0.25,DOMAIN_TEMPLATE_OOD,0.005,0.05,0.6380798274002157,0.004314994606256742,0.9643276408500698,0.6019417475728155,0.005393743257820928,1.0,0.6720604099244876,0.17615176151761516
T0_AL_SELECTED,272,0.25,DOMAIN_TEMPLATE_OOD,0.005,0.1,0.6380798274002157,0.004314994606256742,0.9643276408500698,0.6019417475728155,0.005393743257820928,0.9768339768339769,0.738403451995685,0.3428184281842818
T0_AL_SELECTED,272,0.25,DOMAIN_TEMPLATE_OOD,0.005,0.2,0.6380798274002157,0.004314994606256742,0.9643276408500698,0.6019417475728155,0.005393743257820928,0.90715667311412,0.854908306364617,0.6355013550135501
T0_AL_SELECTED,272,0.25,IID_ORIGINAL,0.01,0.05,0.7164461247637051,0.014550928248871048,0.8912301177974485,0.5954631379962193,0.007024586051179127,0.9504132231404959,0.7041587901701323,0.26869158878504673
T0_AL_SELECTED,272,0.25,IID_ORIGINAL,0.01,0.1,0.7164461247637051,0.014550928248871048,0.8912301177974485,0.5954631379962193,0.007024586051179127,0.8257261410788381,0.7835538752362949,0.4649532710280374
T0_AL_SELECTED,272,0.25,IID_ORIGINAL,0.01,0.2,0.7164461247637051,0.014550928248871048,0.8912301177974485,0.5954631379962193,0.007024586051179127,0.5373443983402489,0.8402646502835539,0.6051401869158879
T0_AL_SELECTED,272,0.25,IID_BALANCED,0.01,0.05,0.7164461247637051,0.014177693761814745,0.9227936061791538,0.5954631379962193,0.006616257088846881,0.972972972972973,0.6635160680529301,0.16822429906542055
T0_AL_SELECTED,272,0.25,IID_BALANCED,0.01,0.1,0.7164461247637051,0.014177693761814745,0.9227936061791538,0.5954631379962193,0.006616257088846881,0.9662162162162162,0.7306238185255198,0.3341121495327103
T0_AL_SELECTED,272,0.25,IID_BALANCED,0.01,0.2,0.7164461247637051,0.014177693761814745,0.9227936061791538,0.5954631379962193,0.006616257088846881,0.8175675675675675,0.8241965973534972,0.5654205607476636
T0_AL_SELECTED,272,0.25,TEMPORAL,0.01,0.05,0.8265,0.0105,0.971768723287294,0.7435,0.0065,0.988,0.80525,0.24074074074074073
T0_AL_SELECTED,272,0.25,TEMPORAL,0.01,0.1,0.8265,0.0105,0.971768723287294,0.7435,0.0065,0.946,0.86175,0.46101364522417154
T0_AL_SELECTED,272,0.25,TEMPORAL,0.01,0.2,0.8265,0.0105,0.971768723287294,0.7435,0.0065,0.766,0.935,0.746588693957115
T0_AL_SELECTED,272,0.25,DOMAIN_OOD,0.01,0.05,0.7905650596163816,0.012960082944530845,0.9677291485912212,0.6780715396578538,0.008812856402280975,1.0,0.7439087610160705,0.20450885668276972
T0_AL_SELECTED,272,0.25,DOMAIN_OOD,0.01,0.1,0.7905650596163816,0.012960082944530845,0.9677291485912212,0.6780715396578538,0.008812856402280975,0.9606299212598425,0.8045619491964748,0.392914653784219
T0_AL_SELECTED,272,0.25,DOMAIN_OOD,0.01,0.2,0.7905650596163816,0.012960082944530845,0.9677291485912212,0.6780715396578538,0.008812856402280975,0.8579881656804734,0.9035769828926905,0.7004830917874396
T0_AL_SELECTED,272,0.25,TEMPLATE_OOD,0.01,0.05,0.8223067915690867,0.01053864168618267,0.9705814643258166,0.7306791569086651,0.00702576112412178,0.9907407407407407,0.7933255269320844,0.2326086956521739
T0_AL_SELECTED,272,0.25,TEMPLATE_OOD,0.01,0.1,0.8223067915690867,0.01053864168618267,0.9705814643258166,0.7306791569086651,0.00702576112412178,0.9490740740740741,0.8507025761124122,0.44565217391304346
T0_AL_SELECTED,272,0.25,TEMPLATE_OOD,0.01,0.2,0.8223067915690867,0.01053864168618267,0.9705814643258166,0.7306791569086651,0.00702576112412178,0.7867902665121669,0.9294496487119438,0.7380434782608696
T0_AL_SELECTED,272,0.25,DOMAIN_TEMPLATE_OOD,0.01,0.05,0.7745415318230853,0.012405609492988134,0.9643276408500698,0.6596548004314995,0.009169363538295576,1.0,0.7265372168284789,0.196513470681458
T0_AL_SELECTED,272,0.25,DOMAIN_TEMPLATE_OOD,0.01,0.1,0.7745415318230853,0.012405609492988134,0.9643276408500698,0.6596548004314995,0.009169363538295576,0.9595141700404858,0.7874865156418555,0.375594294770206
T0_AL_SELECTED,272,0.25,DOMAIN_TEMPLATE_OOD,0.01,0.2,0.7745415318230853,0.012405609492988134,0.9643276408500698,0.6596548004314995,0.009169363538295576,0.8582995951417004,0.8883495145631068,0.6719492868462758
T0_AL_SELECTED,272,0.25,IID_ORIGINAL,0.02,0.05,0.7391304347826086,0.020572002007024585,0.8912301177974485,0.665406427221172,0.02207727044656297,0.9137931034482759,0.7655954631379962,0.2994350282485876
T0_AL_SELECTED,272,0.25,IID_ORIGINAL,0.02,0.1,0.7391304347826086,0.020572002007024585,0.8912301177974485,0.665406427221172,0.02207727044656297,0.683982683982684,0.8147448015122873,0.4463276836158192
T0_AL_SELECTED,272,0.25,IID_ORIGINAL,0.02,0.2,0.7391304347826086,0.020572002007024585,0.8912301177974485,0.665406427221172,0.02207727044656297,0.40997830802603036,0.8440453686200378,0.5338983050847458
T0_AL_SELECTED,272,0.25,IID_BALANCED,0.02,0.05,0.7391304347826086,0.01890359168241966,0.9227936061791538,0.665406427221172,0.023629489603024575,0.9714285714285714,0.7296786389413988,0.192090395480226
T0_AL_SELECTED,272,0.25,IID_BALANCED,0.02,0.1,0.7391304347826086,0.01890359168241966,0.9227936061791538,0.665406427221172,0.023629489603024575,0.920863309352518,0.7863894139886578,0.3615819209039548
T0_AL_SELECTED,272,0.25,IID_BALANCED,0.02,0.2,0.7391304347826086,0.01890359168241966,0.9227936061791538,0.665406427221172,0.023629489603024575,0.6690647482014388,0.8412098298676749,0.5254237288135594
T0_AL_SELECTED,272,0.25,TEMPORAL,0.02,0.05,0.8595,0.01675,0.971768723287294,0.80825,0.01775,0.9446808510638298,0.86375,0.2894393741851369
T0_AL_SELECTED,272,0.25,TEMPORAL,0.02,0.1,0.8595,0.01675,0.971768723287294,0.80825,0.01775,0.8595744680851064,0.90925,0.5267275097783573
T0_AL_SELECTED,272,0.25,TEMPORAL,0.02,0.2,0.8595,0.01675,0.971768723287294,0.80825,0.01775,0.5914893617021276,0.94725,0.7249022164276402
T0_AL_SELECTED,272,0.25,DOMAIN_OOD,0.02,0.05,0.8294453084499741,0.02021772939346812,0.9677291485912212,0.767236910316226,0.02592016588906169,0.9401709401709402,0.8242612752721618,0.24498886414253898
T0_AL_SELECTED,272,0.25,DOMAIN_OOD,0.02,0.1,0.8294453084499741,0.02021772939346812,0.9677291485912212,0.767236910316226,0.02592016588906169,0.9098712446351931,0.8771384136858476,0.47216035634743875
T0_AL_SELECTED,272,0.25,DOMAIN_OOD,0.02,0.2,0.8294453084499741,0.02021772939346812,0.9677291485912212,0.767236910316226,0.02592016588906169,0.7081545064377682,0.9383100051840332,0.734966592427617
T0_AL_SELECTED,272,0.25,TEMPLATE_OOD,0.02,0.05,0.8550936768149883,0.01639344262295082,0.9705814643258166,0.8000585480093677,0.019320843091334895,0.9554455445544554,0.8565573770491803,0.28257686676427524
T0_AL_SELECTED,272,0.25,TEMPLATE_OOD,0.02,0.1,0.8550936768149883,0.01639344262295082,0.9705814643258166,0.8000585480093677,0.019320843091334895,0.8737623762376238,0.9033957845433255,0.5168374816983895
T0_AL_SELECTED,272,0.25,TEMPLATE_OOD,0.02,0.2,0.8550936768149883,0.01639344262295082,0.9705814643258166,0.8000585480093677,0.019320843091334895,0.6071871127633209,0.9435011709601874,0.7174231332357247
T0_AL_SELECTED,272,0.25,DOMAIN_TEMPLATE_OOD,0.02,0.05,0.8133764832793959,0.019417475728155338,0.9643276408500698,0.750269687162891,0.026429341963322545,0.9473684210526315,0.8085221143473571,0.23326133909287258
T0_AL_SELECTED,272,0.25,DOMAIN_TEMPLATE_OOD,0.02,0.1,0.8133764832793959,0.019417475728155338,0.9643276408500698,0.750269687162891,0.026429341963322545,0.9118942731277533,0.8619201725997843,0.4470842332613391
T0_AL_SELECTED,272,0.25,DOMAIN_TEMPLATE_OOD,0.02,0.2,0.8133764832793959,0.019417475728155338,0.9643276408500698,0.750269687162891,0.026429341963322545,0.7224669603524229,0.9271844660194175,0.7084233261339092
DAPT_AL_SELECTED,272,0.25,IID_ORIGINAL,0.005,0.05,0.6455576559546313,0.007024586051179127,0.8776997761026022,0.5132325141776938,0.004014049172102358,0.976,0.6285444234404537,0.23689320388349513
DAPT_AL_SELECTED,272,0.25,IID_ORIGINAL,0.005,0.1,0.6455576559546313,0.007024586051179127,0.8776997761026022,0.5132325141776938,0.004014049172102358,0.94,0.7353497164461248,0.4563106796116505
DAPT_AL_SELECTED,272,0.25,IID_ORIGINAL,0.005,0.2,0.6455576559546313,0.007024586051179127,0.8776997761026022,0.5132325141776938,0.004014049172102358,0.632,0.8119092627599244,0.6135922330097088
DAPT_AL_SELECTED,272,0.25,IID_BALANCED,0.005,0.05,0.6455576559546313,0.00945179584120983,0.9105698507539763,0.5132325141776938,0.005671077504725898,0.9873417721518988,0.5869565217391305,0.15145631067961166
DAPT_AL_SELECTED,272,0.25,IID_BALANCED,0.005,0.1,0.6455576559546313,0.00945179584120983,0.9105698507539763,0.5132325141776938,0.005671077504725898,0.9808917197452229,0.6587901701323251,0.29902912621359223
DAPT_AL_SELECTED,272,0.25,IID_BALANCED,0.005,0.2,0.6455576559546313,0.00945179584120983,0.9105698507539763,0.5132325141776938,0.005671077504725898,0.9267515923566879,0.7882797731568998,0.5650485436893203
DAPT_AL_SELECTED,272,0.25,TEMPORAL,0.005,0.05,0.69625,0.004,0.9681837340246973,0.69675,0.00425,0.9923076923076923,0.76125,0.21269579554822754
DAPT_AL_SELECTED,272,0.25,TEMPORAL,0.005,0.1,0.69625,0.004,0.9681837340246973,0.69675,0.00425,0.9769230769230769,0.82375,0.41879637262984337
DAPT_AL_SELECTED,272,0.25,TEMPORAL,0.005,0.2,0.69625,0.004,0.9681837340246973,0.69675,0.00425,0.8682692307692308,0.9225,0.7444352844187964
DAPT_AL_SELECTED,272,0.25,DOMAIN_OOD,0.005,0.05,0.6303784344219803,0.003110419906687403,0.9678919641282706,0.623120787973043,0.005184033177812338,1.0,0.6920684292379471,0.1829436038514443
DAPT_AL_SELECTED,272,0.25,DOMAIN_OOD,0.005,0.1,0.6303784344219803,0.003110419906687403,0.9678919641282706,0.623120787973043,0.005184033177812338,0.9811320754716981,0.7579056505961638,0.3576341127922971
DAPT_AL_SELECTED,272,0.25,DOMAIN_OOD,0.005,0.2,0.6303784344219803,0.003110419906687403,0.9678919641282706,0.623120787973043,0.005184033177812338,0.9377358490566038,0.8807672369103162,0.6836313617606602
DAPT_AL_SELECTED,272,0.25,TEMPLATE_OOD,0.005,0.05,0.6973067915690867,0.004098360655737705,0.968358823826049,0.6826697892271663,0.00468384074941452,0.9911111111111112,0.7479508196721312,0.20571955719557194
DAPT_AL_SELECTED,272,0.25,TEMPLATE_OOD,0.005,0.1,0.6973067915690867,0.004098360655737705,0.968358823826049,0.6826697892271663,0.00468384074941452,0.9799554565701559,0.8114754098360656,0.4059040590405904
DAPT_AL_SELECTED,272,0.25,TEMPLATE_OOD,0.005,0.2,0.6973067915690867,0.004098360655737705,0.968358823826049,0.6826697892271663,0.00468384074941452,0.8929765886287625,0.9171545667447307,0.738929889298893
DAPT_AL_SELECTED,272,0.25,DOMAIN_TEMPLATE_OOD,0.005,0.05,0.6186623516720604,0.003236245954692557,0.9651907639691495,0.6019417475728155,0.005393743257820928,1.0,0.6720604099244876,0.17615176151761516
DAPT_AL_SELECTED,272,0.25,DOMAIN_TEMPLATE_OOD,0.005,0.1,0.6186623516720604,0.003236245954692557,0.9651907639691495,0.6019417475728155,0.005393743257820928,0.9806949806949807,0.7389428263214671,0.34417344173441733
DAPT_AL_SELECTED,272,0.25,DOMAIN_TEMPLATE_OOD,0.005,0.2,0.6186623516720604,0.003236245954692557,0.9651907639691495,0.6019417475728155,0.005393743257820928,0.9477756286266924,0.866235167206041,0.6639566395663956
DAPT_AL_SELECTED,272,0.25,IID_ORIGINAL,0.01,0.05,0.6994328922495274,0.010035122930255895,0.8776997761026022,0.5954631379962193,0.007024586051179127,0.9504132231404959,0.7041587901701323,0.26869158878504673
DAPT_AL_SELECTED,272,0.25,IID_ORIGINAL,0.01,0.1,0.6994328922495274,0.010035122930255895,0.8776997761026022,0.5954631379962193,0.007024586051179127,0.8423236514522822,0.7873345935727788,0.4742990654205608
DAPT_AL_SELECTED,272,0.25,IID_ORIGINAL,0.01,0.2,0.6994328922495274,0.010035122930255895,0.8776997761026022,0.5954631379962193,0.007024586051179127,0.4854771784232365,0.8166351606805293,0.5467289719626168
DAPT_AL_SELECTED,272,0.25,IID_BALANCED,0.01,0.05,0.6994328922495274,0.014177693761814745,0.9105698507539763,0.5954631379962193,0.006616257088846881,0.972972972972973,0.6635160680529301,0.16822429906542055
DAPT_AL_SELECTED,272,0.25,IID_BALANCED,0.01,0.1,0.6994328922495274,0.014177693761814745,0.9105698507539763,0.5954631379962193,0.006616257088846881,0.9459459459459459,0.7277882797731569,0.32710280373831774
DAPT_AL_SELECTED,272,0.25,IID_BALANCED,0.01,0.2,0.6994328922495274,0.014177693761814745,0.9105698507539763,0.5954631379962193,0.006616257088846881,0.7635135135135135,0.8090737240075614,0.5280373831775701
DAPT_AL_SELECTED,272,0.25,TEMPORAL,0.01,0.05,0.8025,0.00625,0.9681837340246973,0.7435,0.0065,0.98,0.80475,0.2387914230019493
DAPT_AL_SELECTED,272,0.25,TEMPORAL,0.01,0.1,0.8025,0.00625,0.9681837340246973,0.7435,0.0065,0.968,0.8645,0.47173489278752434
DAPT_AL_SELECTED,272,0.25,TEMPORAL,0.01,0.2,0.8025,0.00625,0.9681837340246973,0.7435,0.0065,0.745,0.92975,0.7261208576998051
DAPT_AL_SELECTED,272,0.25,DOMAIN_OOD,0.01,0.05,0.7662001036806636,0.005702436495593572,0.9678919641282706,0.6780715396578538,0.008812856402280975,0.984251968503937,0.742871954380508,0.20128824476650564
DAPT_AL_SELECTED,272,0.25,DOMAIN_OOD,0.01,0.1,0.7662001036806636,0.005702436495593572,0.9678919641282706,0.6780715396578538,0.008812856402280975,0.9803149606299213,0.807153965785381,0.40096618357487923
DAPT_AL_SELECTED,272,0.25,DOMAIN_OOD,0.01,0.2,0.7662001036806636,0.005702436495593572,0.9678919641282706,0.6780715396578538,0.008812856402280975,0.8816568047337278,0.9097978227060654,0.7198067632850241
DAPT_AL_SELECTED,272,0.25,TEMPLATE_OOD,0.01,0.05,0.8035714285714286,0.006440281030444965,0.968358823826049,0.7306791569086651,0.00702576112412178,0.9814814814814815,0.7927400468384075,0.23043478260869565
DAPT_AL_SELECTED,272,0.25,TEMPLATE_OOD,0.01,0.1,0.8035714285714286,0.006440281030444965,0.968358823826049,0.7306791569086651,0.00702576112412178,0.9699074074074074,0.8533372365339579,0.45543478260869563
DAPT_AL_SELECTED,272,0.25,TEMPLATE_OOD,0.01,0.2,0.8035714285714286,0.006440281030444965,0.968358823826049,0.7306791569086651,0.00702576112412178,0.779837775202781,0.9276932084309133,0.7315217391304348
DAPT_AL_SELECTED,272,0.25,DOMAIN_TEMPLATE_OOD,0.01,0.05,0.7524271844660194,0.005933117583603021,0.9651907639691495,0.6596548004314995,0.009169363538295576,0.9838709677419355,0.7254584681769147,0.19334389857369255
DAPT_AL_SELECTED,272,0.25,DOMAIN_TEMPLATE_OOD,0.01,0.1,0.7524271844660194,0.005933117583603021,0.9651907639691495,0.6596548004314995,0.009169363538295576,0.979757085020243,0.7901833872707659,0.38351822503961963
DAPT_AL_SELECTED,272,0.25,DOMAIN_TEMPLATE_OOD,0.01,0.2,0.7524271844660194,0.005933117583603021,0.9651907639691495,0.6596548004314995,0.009169363538295576,0.9048582995951417,0.9007551240560949,0.7083993660855784
DAPT_AL_SELECTED,272,0.25,IID_ORIGINAL,0.02,0.05,0.7570888468809074,0.019568489713998997,0.8776997761026022,0.665406427221172,0.02207727044656297,0.9051724137931034,0.7646502835538752,0.2966101694915254
DAPT_AL_SELECTED,272,0.25,IID_ORIGINAL,0.02,0.1,0.7570888468809074,0.019568489713998997,0.8776997761026022,0.665406427221172,0.02207727044656297,0.6493506493506493,0.8071833648393195,0.423728813559322
DAPT_AL_SELECTED,272,0.25,IID_ORIGINAL,0.02,0.2,0.7570888468809074,0.019568489713998997,0.8776997761026022,0.665406427221172,0.02207727044656297,0.35357917570498915,0.8194706994328923,0.4604519774011299
DAPT_AL_SELECTED,272,0.25,IID_BALANCED,0.02,0.05,0.7570888468809074,0.01984877126654064,0.9105698507539763,0.665406427221172,0.023629489603024575,0.9857142857142858,0.7306238185255198,0.19491525423728814
DAPT_AL_SELECTED,272,0.25,IID_BALANCED,0.02,0.1,0.7570888468809074,0.01984877126654064,0.9105698507539763,0.665406427221172,0.023629489603024575,0.935251798561151,0.7882797731568998,0.3672316384180791
DAPT_AL_SELECTED,272,0.25,IID_BALANCED,0.02,0.2,0.7570888468809074,0.01984877126654064,0.9105698507539763,0.665406427221172,0.023629489603024575,0.5827338129496403,0.8185255198487713,0.4576271186440678
DAPT_AL_SELECTED,272,0.25,TEMPORAL,0.02,0.05,0.892,0.01725,0.9681837340246973,0.80825,0.01775,0.9617021276595744,0.86475,0.29465449804432853
DAPT_AL_SELECTED,272,0.25,TEMPORAL,0.02,0.1,0.892,0.01725,0.9681837340246973,0.80825,0.01775,0.9127659574468086,0.9155,0.559322033898305
DAPT_AL_SELECTED,272,0.25,TEMPORAL,0.02,0.2,0.892,0.01725,0.9681837340246973,0.80825,0.01775,0.5563829787234043,0.939,0.681877444589309
DAPT_AL_SELECTED,272,0.25,DOMAIN_OOD,0.02,0.05,0.8745463970969414,0.02177293934681182,0.9678919641282706,0.767236910316226,0.02592016588906169,0.9658119658119658,0.8258164852255054,0.2516703786191537
DAPT_AL_SELECTED,272,0.25,DOMAIN_OOD,0.02,0.1,0.8745463970969414,0.02177293934681182,0.9678919641282706,0.767236910316226,0.02592016588906169,0.9484978540772532,0.8818040435458787,0.4922048997772829
DAPT_AL_SELECTED,272,0.25,DOMAIN_OOD,0.02,0.2,0.8745463970969414,0.02177293934681182,0.9678919641282706,0.767236910316226,0.02592016588906169,0.7017167381974249,0.9367547952306895,0.7282850779510023
DAPT_AL_SELECTED,272,0.25,TEMPLATE_OOD,0.02,0.05,0.8902224824355972,0.01756440281030445,0.968358823826049,0.8000585480093677,0.019320843091334895,0.9653465346534653,0.8571428571428571,0.28550512445095166
DAPT_AL_SELECTED,272,0.25,TEMPLATE_OOD,0.02,0.1,0.8902224824355972,0.01756440281030445,0.968358823826049,0.8000585480093677,0.019320843091334895,0.9282178217821783,0.9098360655737705,0.5490483162518301
DAPT_AL_SELECTED,272,0.25,TEMPLATE_OOD,0.02,0.2,0.8902224824355972,0.01756440281030445,0.968358823826049,0.8000585480093677,0.019320843091334895,0.5836431226765799,0.9379391100702577,0.6896046852122987
DAPT_AL_SELECTED,272,0.25,DOMAIN_TEMPLATE_OOD,0.02,0.05,0.8646170442286947,0.021035598705501618,0.9651907639691495,0.750269687162891,0.026429341963322545,0.9649122807017544,0.8096008629989212,0.23758099352051837
DAPT_AL_SELECTED,272,0.25,DOMAIN_TEMPLATE_OOD,0.02,0.1,0.8646170442286947,0.021035598705501618,0.9651907639691495,0.750269687162891,0.026429341963322545,0.9559471365638766,0.8673139158576052,0.468682505399568
DAPT_AL_SELECTED,272,0.25,DOMAIN_TEMPLATE_OOD,0.02,0.2,0.8646170442286947,0.021035598705501618,0.9651907639691495,0.750269687162891,0.026429341963322545,0.7202643171806168,0.9266450916936354,0.7062634989200864
T0_AL_SELECTED,282,0.25,IID_ORIGINAL,0.005,0.05,0.5491493383742911,0.007526342197691922,0.89730697419015,0.4763705103969754,0.0030105368790767687,0.9765625,0.5945179584120983,0.22563176895306858
T0_AL_SELECTED,282,0.25,IID_ORIGINAL,0.005,0.1,0.5491493383742911,0.007526342197691922,0.89730697419015,0.4763705103969754,0.0030105368790767687,0.9254901960784314,0.6994328922495274,0.4259927797833935
T0_AL_SELECTED,282,0.25,IID_ORIGINAL,0.005,0.2,0.5491493383742911,0.007526342197691922,0.89730697419015,0.4763705103969754,0.0030105368790767687,0.7269155206286837,0.8260869565217391,0.6678700361010831
T0_AL_SELECTED,282,0.25,IID_BALANCED,0.005,0.05,0.5491493383742911,0.008506616257088847,0.9282775776000642,0.4763705103969754,0.002835538752362949,1.0,0.552930056710775,0.14620938628158844
T0_AL_SELECTED,282,0.25,IID_BALANCED,0.005,0.1,0.5491493383742911,0.008506616257088847,0.9282775776000642,0.4763705103969754,0.002835538752362949,0.9813664596273292,0.6257088846880907,0.2851985559566787
T0_AL_SELECTED,282,0.25,IID_BALANCED,0.005,0.2,0.5491493383742911,0.008506616257088847,0.9282775776000642,0.4763705103969754,0.002835538752362949,0.9409937888198758,0.7627599243856332,0.5469314079422383
T0_AL_SELECTED,282,0.25,TEMPORAL,0.005,0.05,0.60025,0.00425,0.9742819376637107,0.56275,0.00325,0.9825783972125436,0.63325,0.16123499142367068
T0_AL_SELECTED,282,0.25,TEMPORAL,0.005,0.1,0.60025,0.00425,0.9742819376637107,0.56275,0.00325,0.9738675958188153,0.7025,0.31961120640365925
T0_AL_SELECTED,282,0.25,TEMPORAL,0.005,0.2,0.60025,0.00425,0.9742819376637107,0.56275,0.00325,0.9451219512195121,0.834,0.6203544882790166
T0_AL_SELECTED,282,0.25,DOMAIN_OOD,0.005,0.05,0.505443234836703,0.002592016588906169,0.9704931001566246,0.46086054950751687,0.00414722654224987,0.9932885906040269,0.5375842405391394,0.1423076923076923
T0_AL_SELECTED,282,0.25,DOMAIN_OOD,0.005,0.1,0.505443234836703,0.002592016588906169,0.9704931001566246,0.46086054950751687,0.00414722654224987,0.9932659932659933,0.6137895282529808,0.28365384615384615
T0_AL_SELECTED,282,0.25,DOMAIN_OOD,0.005,0.2,0.505443234836703,0.002592016588906169,0.9704931001566246,0.46086054950751687,0.00414722654224987,0.954468802698145,0.7542768273716952,0.5442307692307692
T0_AL_SELECTED,282,0.25,TEMPLATE_OOD,0.005,0.05,0.5887002341920374,0.00351288056206089,0.974736988580273,0.542447306791569,0.0038056206088992973,0.9919678714859438,0.6147540983606558,0.1580294305822137
T0_AL_SELECTED,282,0.25,TEMPLATE_OOD,0.005,0.1,0.5887002341920374,0.00351288056206089,0.974736988580273,0.542447306791569,0.0038056206088992973,0.9839034205231388,0.6855971896955504,0.31285988483685223
T0_AL_SELECTED,282,0.25,TEMPLATE_OOD,0.005,0.2,0.5887002341920374,0.00351288056206089,0.974736988580273,0.542447306791569,0.0038056206088992973,0.9537223340040242,0.8199648711943794,0.6065259117082533
T0_AL_SELECTED,282,0.25,DOMAIN_TEMPLATE_OOD,0.005,0.05,0.47950377562028046,0.002157497303128371,0.9695466491226957,0.43042071197411,0.004314994606256742,1.0,0.5091693635382956,0.13825757575757575
T0_AL_SELECTED,282,0.25,DOMAIN_TEMPLATE_OOD,0.005,0.1,0.47950377562028046,0.002157497303128371,0.9695466491226957,0.43042071197411,0.004314994606256742,0.9965635738831615,0.5868392664509169,0.2746212121212121
T0_AL_SELECTED,282,0.25,DOMAIN_TEMPLATE_OOD,0.005,0.2,0.47950377562028046,0.002157497303128371,0.9695466491226957,0.43042071197411,0.004314994606256742,0.963855421686747,0.732470334412082,0.5303030303030303
T0_AL_SELECTED,282,0.25,IID_ORIGINAL,0.01,0.05,0.6843100189035917,0.01655795283492223,0.89730697419015,0.6058601134215501,0.012543903662819869,0.9083333333333333,0.7088846880907372,0.26139088729016785
T0_AL_SELECTED,282,0.25,IID_ORIGINAL,0.01,0.1,0.6843100189035917,0.01655795283492223,0.89730697419015,0.6058601134215501,0.012543903662819869,0.8326359832635983,0.7939508506616257,0.47721822541966424
T0_AL_SELECTED,282,0.25,IID_ORIGINAL,0.01,0.2,0.6843100189035917,0.01655795283492223,0.89730697419015,0.6058601134215501,0.012543903662819869,0.559748427672956,0.8582230623818525,0.6402877697841727
T0_AL_SELECTED,282,0.25,IID_BALANCED,0.01,0.05,0.6843100189035917,0.017013232514177693,0.9282775776000642,0.6058601134215501,0.012287334593572778,0.9594594594594594,0.6729678638941399,0.17026378896882494
T0_AL_SELECTED,282,0.25,IID_BALANCED,0.01,0.1,0.6843100189035917,0.017013232514177693,0.9282775776000642,0.6058601134215501,0.012287334593572778,0.9387755102040817,0.7362948960302458,0.33093525179856115
T0_AL_SELECTED,282,0.25,IID_BALANCED,0.01,0.2,0.6843100189035917,0.017013232514177693,0.9282775776000642,0.6058601134215501,0.012287334593572778,0.8020477815699659,0.8279773156899811,0.5635491606714629
T0_AL_SELECTED,282,0.25,TEMPORAL,0.01,0.05,0.76275,0.013,0.9742819376637107,0.6775,0.01,0.9695817490494296,0.74125,0.19767441860465115
T0_AL_SELECTED,282,0.25,TEMPORAL,0.01,0.1,0.76275,0.013,0.9742819376637107,0.6775,0.01,0.9523809523809523,0.8025,0.3875968992248062
T0_AL_SELECTED,282,0.25,TEMPORAL,0.01,0.2,0.76275,0.013,0.9742819376637107,0.6775,0.01,0.9019047619047619,0.91425,0.734108527131783
T0_AL_SELECTED,282,0.25,DOMAIN_OOD,0.01,0.05,0.7107309486780715,0.01503369621565578,0.9704931001566246,0.6034214618973561,0.014515292897874546,0.9850746268656716,0.671850699844479,0.17254901960784313
T0_AL_SELECTED,282,0.25,DOMAIN_OOD,0.01,0.1,0.7107309486780715,0.01503369621565578,0.9704931001566246,0.6034214618973561,0.014515292897874546,0.9737827715355806,0.738206324520477,0.33986928104575165
T0_AL_SELECTED,282,0.25,DOMAIN_OOD,0.01,0.2,0.7107309486780715,0.01503369621565578,0.9704931001566246,0.6034214618973561,0.014515292897874546,0.9325842696629213,0.8615863141524106,0.6509803921568628
T0_AL_SELECTED,282,0.25,TEMPLATE_OOD,0.01,0.05,0.7497072599531616,0.0117096018735363,0.974736988580273,0.6627634660421545,0.010245901639344262,0.9779735682819384,0.727751756440281,0.19270833333333334
T0_AL_SELECTED,282,0.25,TEMPLATE_OOD,0.01,0.1,0.7497072599531616,0.0117096018735363,0.974736988580273,0.6627634660421545,0.010245901639344262,0.9625550660792952,0.7906908665105387,0.3793402777777778
T0_AL_SELECTED,282,0.25,TEMPLATE_OOD,0.01,0.2,0.7497072599531616,0.0117096018735363,0.974736988580273,0.6627634660421545,0.010245901639344262,0.9073869900771775,0.9036885245901639,0.7144097222222222
T0_AL_SELECTED,282,0.25,DOMAIN_TEMPLATE_OOD,0.01,0.05,0.6898597626752967,0.012405609492988134,0.9695466491226957,0.5814455231930961,0.01348435814455232,1.0,0.6521035598705501,0.16881443298969073
T0_AL_SELECTED,282,0.25,DOMAIN_TEMPLATE_OOD,0.01,0.1,0.6898597626752967,0.012405609492988134,0.9695466491226957,0.5814455231930961,0.01348435814455232,0.9731800766283525,0.7184466019417476,0.327319587628866
T0_AL_SELECTED,282,0.25,DOMAIN_TEMPLATE_OOD,0.01,0.2,0.6898597626752967,0.012405609492988134,0.9695466491226957,0.5814455231930961,0.01348435814455232,0.9424184261036468,0.8462783171521036,0.6327319587628866
T0_AL_SELECTED,282,0.25,IID_ORIGINAL,0.02,0.05,0.7353497164461248,0.02007024586051179,0.89730697419015,0.6559546313799622,0.019568489713998997,0.8620689655172413,0.7504725897920604,0.27472527472527475
T0_AL_SELECTED,282,0.25,IID_ORIGINAL,0.02,0.1,0.7353497164461248,0.02007024586051179,0.89730697419015,0.6559546313799622,0.019568489713998997,0.7198275862068966,0.8137996219281664,0.45879120879120877
T0_AL_SELECTED,282,0.25,IID_ORIGINAL,0.02,0.2,0.7353497164461248,0.02007024586051179,0.89730697419015,0.6559546313799622,0.019568489713998997,0.47413793103448276,0.8638941398865785,0.6043956043956044
T0_AL_SELECTED,282,0.25,IID_BALANCED,0.02,0.05,0.7353497164461248,0.021739130434782608,0.9282775776000642,0.6559546313799622,0.01984877126654064,0.971830985915493,0.72117202268431,0.18956043956043955
T0_AL_SELECTED,282,0.25,IID_BALANCED,0.02,0.1,0.7353497164461248,0.021739130434782608,0.9282775776000642,0.6559546313799622,0.01984877126654064,0.9290780141843972,0.779773156899811,0.3598901098901099
T0_AL_SELECTED,282,0.25,IID_BALANCED,0.02,0.2,0.7353497164461248,0.021739130434782608,0.9282775776000642,0.6559546313799622,0.01984877126654064,0.7295373665480427,0.8497164461247637,0.5631868131868132
T0_AL_SELECTED,282,0.25,TEMPORAL,0.02,0.05,0.8505,0.021,0.9742819376637107,0.76175,0.01675,0.9428571428571428,0.8195,0.24239244491080797
T0_AL_SELECTED,282,0.25,TEMPORAL,0.02,0.1,0.8505,0.021,0.9742819376637107,0.76175,0.01675,0.9202453987730062,0.87425,0.472193074501574
T0_AL_SELECTED,282,0.25,TEMPORAL,0.02,0.2,0.8505,0.021,0.9742819376637107,0.76175,0.01675,0.7597137014314929,0.9475,0.7796432318992654
T0_AL_SELECTED,282,0.25,DOMAIN_OOD,0.02,0.05,0.8232244686365993,0.02592016588906169,0.9704931001566246,0.7086573354069466,0.025401762571280455,0.983739837398374,0.7713841368584758,0.21530249110320285
T0_AL_SELECTED,282,0.25,DOMAIN_OOD,0.02,0.1,0.8232244686365993,0.02592016588906169,0.9704931001566246,0.7086573354069466,0.025401762571280455,0.9510204081632653,0.8294453084499741,0.41459074733096085
T0_AL_SELECTED,282,0.25,DOMAIN_OOD,0.02,0.2,0.8232244686365993,0.02592016588906169,0.9704931001566246,0.7086573354069466,0.025401762571280455,0.8445807770961146,0.9227579056505961,0.7348754448398577
T0_AL_SELECTED,282,0.25,TEMPLATE_OOD,0.02,0.05,0.8427985948477752,0.01990632318501171,0.974736988580273,0.7543911007025761,0.01756440281030445,0.9523809523809523,0.8129391100702577,0.23837902264600716
T0_AL_SELECTED,282,0.25,TEMPLATE_OOD,0.02,0.1,0.8427985948477752,0.01990632318501171,0.974736988580273,0.7543911007025761,0.01756440281030445,0.9214285714285714,0.8676814988290398,0.4612634088200238
T0_AL_SELECTED,282,0.25,TEMPLATE_OOD,0.02,0.2,0.8427985948477752,0.01990632318501171,0.974736988580273,0.7543911007025761,0.01756440281030445,0.768772348033373,0.9432084309133489,0.768772348033373
T0_AL_SELECTED,282,0.25,DOMAIN_TEMPLATE_OOD,0.02,0.05,0.8052858683926645,0.022653721682847898,0.9695466491226957,0.6957928802588996,0.024271844660194174,0.9915966386554622,0.7594390507011867,0.20921985815602837
T0_AL_SELECTED,282,0.25,DOMAIN_TEMPLATE_OOD,0.02,0.1,0.8052858683926645,0.022653721682847898,0.9695466491226957,0.6957928802588996,0.024271844660194174,0.9537815126050421,0.8182308522114348,0.4024822695035461
T0_AL_SELECTED,282,0.25,DOMAIN_TEMPLATE_OOD,0.02,0.2,0.8052858683926645,0.022653721682847898,0.9695466491226957,0.6957928802588996,0.024271844660194174,0.8463157894736842,0.912621359223301,0.7127659574468085
DAPT_AL_SELECTED,282,0.25,IID_ORIGINAL,0.005,0.05,0.5954631379962193,0.005017561465127948,0.9062800725119485,0.4763705103969754,0.0030105368790767687,0.9609375,0.5926275992438563,0.22202166064981949
DAPT_AL_SELECTED,282,0.25,IID_ORIGINAL,0.005,0.1,0.5954631379962193,0.005017561465127948,0.9062800725119485,0.4763705103969754,0.0030105368790767687,0.9529411764705882,0.7060491493383743,0.43862815884476536
DAPT_AL_SELECTED,282,0.25,IID_ORIGINAL,0.005,0.2,0.5954631379962193,0.005017561465127948,0.9062800725119485,0.4763705103969754,0.0030105368790767687,0.7328094302554028,0.8289224952741021,0.6732851985559567
DAPT_AL_SELECTED,282,0.25,IID_BALANCED,0.005,0.05,0.5954631379962193,0.007561436672967864,0.934849612333869,0.4763705103969754,0.002835538752362949,0.9506172839506173,0.5491493383742911,0.13898916967509026
DAPT_AL_SELECTED,282,0.25,IID_BALANCED,0.005,0.1,0.5954631379962193,0.007561436672967864,0.934849612333869,0.4763705103969754,0.002835538752362949,0.968944099378882,0.6238185255198487,0.2815884476534296
DAPT_AL_SELECTED,282,0.25,IID_BALANCED,0.005,0.2,0.5954631379962193,0.007561436672967864,0.934849612333869,0.4763705103969754,0.002835538752362949,0.9409937888198758,0.7627599243856332,0.5469314079422383
DAPT_AL_SELECTED,282,0.25,TEMPORAL,0.005,0.05,0.64575,0.006,0.9771341188214256,0.56275,0.00325,0.9895470383275261,0.63375,0.1623785020011435
DAPT_AL_SELECTED,282,0.25,TEMPORAL,0.005,0.1,0.64575,0.006,0.9771341188214256,0.56275,0.00325,0.980836236933798,0.7035,0.3218982275586049
DAPT_AL_SELECTED,282,0.25,TEMPORAL,0.005,0.2,0.64575,0.006,0.9771341188214256,0.56275,0.00325,0.9668989547038328,0.84025,0.6346483704974271
DAPT_AL_SELECTED,282,0.25,DOMAIN_OOD,0.005,0.05,0.5712804561949196,0.00673924313115604,0.9734596511573947,0.46086054950751687,0.00414722654224987,1.0,0.5381026438569206,0.14326923076923076
DAPT_AL_SELECTED,282,0.25,DOMAIN_OOD,0.005,0.1,0.5712804561949196,0.00673924313115604,0.9734596511573947,0.46086054950751687,0.00414722654224987,0.98989898989899,0.6132711249351996,0.2826923076923077
DAPT_AL_SELECTED,282,0.25,DOMAIN_OOD,0.005,0.2,0.5712804561949196,0.00673924313115604,0.9734596511573947,0.46086054950751687,0.00414722654224987,0.9747048903878583,0.76049766718507,0.5557692307692308
DAPT_AL_SELECTED,282,0.25,TEMPLATE_OOD,0.005,0.05,0.6323185011709602,0.00468384074941452,0.9768031458451849,0.542447306791569,0.0038056206088992973,0.9879518072289156,0.6144613583138173,0.15738963531669867
DAPT_AL_SELECTED,282,0.25,TEMPLATE_OOD,0.005,0.1,0.6323185011709602,0.00468384074941452,0.9768031458451849,0.542447306791569,0.0038056206088992973,0.9859154929577465,0.6858899297423887,0.31349968010236723
DAPT_AL_SELECTED,282,0.25,TEMPLATE_OOD,0.005,0.2,0.6323185011709602,0.00468384074941452,0.9768031458451849,0.542447306791569,0.0038056206088992973,0.9738430583501007,0.8258196721311475,0.619321817018554
DAPT_AL_SELECTED,282,0.25,DOMAIN_TEMPLATE_OOD,0.005,0.05,0.5420711974110033,0.0048543689320388345,0.9734513825258184,0.43042071197411,0.004314994606256742,1.0,0.5091693635382956,0.13825757575757575
DAPT_AL_SELECTED,282,0.25,DOMAIN_TEMPLATE_OOD,0.005,0.1,0.5420711974110033,0.0048543689320388345,0.9734513825258184,0.43042071197411,0.004314994606256742,0.9965635738831615,0.5868392664509169,0.2746212121212121
DAPT_AL_SELECTED,282,0.25,DOMAIN_TEMPLATE_OOD,0.005,0.2,0.5420711974110033,0.0048543689320388345,0.9734513825258184,0.43042071197411,0.004314994606256742,0.9810671256454389,0.7378640776699029,0.5397727272727273
DAPT_AL_SELECTED,282,0.25,IID_ORIGINAL,0.01,0.05,0.6928166351606805,0.010035122930255895,0.9062800725119485,0.6058601134215501,0.012543903662819869,0.9333333333333333,0.7117202268431002,0.2685851318944844
DAPT_AL_SELECTED,282,0.25,IID_ORIGINAL,0.01,0.1,0.6928166351606805,0.010035122930255895,0.9062800725119485,0.6058601134215501,0.012543903662819869,0.7949790794979079,0.7854442344045368,0.4556354916067146
DAPT_AL_SELECTED,282,0.25,IID_ORIGINAL,0.01,0.2,0.6928166351606805,0.010035122930255895,0.9062800725119485,0.6058601134215501,0.012543903662819869,0.559748427672956,0.8582230623818525,0.6402877697841727
DAPT_AL_SELECTED,282,0.25,IID_BALANCED,0.01,0.05,0.6928166351606805,0.010396975425330813,0.934849612333869,0.6058601134215501,0.012287334593572778,0.9459459459459459,0.6720226843100189,0.16786570743405277
DAPT_AL_SELECTED,282,0.25,IID_BALANCED,0.01,0.1,0.6928166351606805,0.010396975425330813,0.934849612333869,0.6058601134215501,0.012287334593572778,0.9387755102040817,0.7362948960302458,0.33093525179856115
DAPT_AL_SELECTED,282,0.25,IID_BALANCED,0.01,0.2,0.6928166351606805,0.010396975425330813,0.934849612333869,0.6058601134215501,0.012287334593572778,0.8088737201365188,0.8298676748582231,0.5683453237410072
DAPT_AL_SELECTED,282,0.25,TEMPORAL,0.01,0.05,0.79275,0.00975,0.9771341188214256,0.6775,0.01,0.9809885931558935,0.742,0.2
DAPT_AL_SELECTED,282,0.25,TEMPORAL,0.01,0.1,0.79275,0.00975,0.9771341188214256,0.6775,0.01,0.9676190476190476,0.8045,0.3937984496124031
DAPT_AL_SELECTED,282,0.25,TEMPORAL,0.01,0.2,0.79275,0.00975,0.9771341188214256,0.6775,0.01,0.9161904761904762,0.918,0.7457364341085271
DAPT_AL_SELECTED,282,0.25,DOMAIN_OOD,0.01,0.05,0.7506480041472265,0.010368066355624676,0.9734596511573947,0.6034214618973561,0.014515292897874546,0.9925373134328358,0.6723691031622603,0.1738562091503268
DAPT_AL_SELECTED,282,0.25,DOMAIN_OOD,0.01,0.1,0.7506480041472265,0.010368066355624676,0.9734596511573947,0.6034214618973561,0.014515292897874546,0.9737827715355806,0.738206324520477,0.33986928104575165
DAPT_AL_SELECTED,282,0.25,DOMAIN_OOD,0.01,0.2,0.7506480041472265,0.010368066355624676,0.9734596511573947,0.6034214618973561,0.014515292897874546,0.9550561797752809,0.8678071539657853,0.6666666666666666
DAPT_AL_SELECTED,282,0.25,TEMPLATE_OOD,0.01,0.05,0.7862997658079626,0.008489461358313818,0.9768031458451849,0.6627634660421545,0.010245901639344262,0.986784140969163,0.7283372365339579,0.19444444444444445
DAPT_AL_SELECTED,282,0.25,TEMPLATE_OOD,0.01,0.1,0.7862997658079626,0.008489461358313818,0.9768031458451849,0.6627634660421545,0.010245901639344262,0.973568281938326,0.7921545667447307,0.3836805555555556
DAPT_AL_SELECTED,282,0.25,TEMPLATE_OOD,0.01,0.2,0.7862997658079626,0.008489461358313818,0.9768031458451849,0.6627634660421545,0.010245901639344262,0.9294377067254685,0.9095433255269321,0.7317708333333334
DAPT_AL_SELECTED,282,0.25,DOMAIN_TEMPLATE_OOD,0.01,0.05,0.7303128371089536,0.008629989212513484,0.9734513825258184,0.5814455231930961,0.01348435814455232,1.0,0.6521035598705501,0.16881443298969073
DAPT_AL_SELECTED,282,0.25,DOMAIN_TEMPLATE_OOD,0.01,0.1,0.7303128371089536,0.008629989212513484,0.9734513825258184,0.5814455231930961,0.01348435814455232,0.9808429118773946,0.7195253505933118,0.32989690721649484
DAPT_AL_SELECTED,282,0.25,DOMAIN_TEMPLATE_OOD,0.01,0.2,0.7303128371089536,0.008629989212513484,0.9734513825258184,0.5814455231930961,0.01348435814455232,0.9616122840690979,0.8516720604099245,0.645618556701031
DAPT_AL_SELECTED,282,0.25,IID_ORIGINAL,0.02,0.05,0.7665406427221172,0.03311590566984446,0.9062800725119485,0.6559546313799622,0.019568489713998997,0.896551724137931,0.7542533081285444,0.2857142857142857
DAPT_AL_SELECTED,282,0.25,IID_ORIGINAL,0.02,0.1,0.7665406427221172,0.03311590566984446,0.9062800725119485,0.6559546313799622,0.019568489713998997,0.6982758620689655,0.8090737240075614,0.44505494505494503
DAPT_AL_SELECTED,282,0.25,IID_ORIGINAL,0.02,0.2,0.7665406427221172,0.03311590566984446,0.9062800725119485,0.6559546313799622,0.019568489713998997,0.4698275862068966,0.8620037807183365,0.5989010989010989
DAPT_AL_SELECTED,282,0.25,IID_BALANCED,0.02,0.05,0.7665406427221172,0.03213610586011342,0.934849612333869,0.6559546313799622,0.01984877126654064,0.9436619718309859,0.719281663516068,0.18406593406593408
DAPT_AL_SELECTED,282,0.25,IID_BALANCED,0.02,0.1,0.7665406427221172,0.03213610586011342,0.934849612333869,0.6559546313799622,0.01984877126654064,0.9290780141843972,0.779773156899811,0.3598901098901099
DAPT_AL_SELECTED,282,0.25,IID_BALANCED,0.02,0.2,0.7665406427221172,0.03213610586011342,0.934849612333869,0.6559546313799622,0.01984877126654064,0.7259786476868327,0.8487712665406427,0.5604395604395604
DAPT_AL_SELECTED,282,0.25,TEMPORAL,0.02,0.05,0.9055,0.0255,0.9771341188214256,0.76175,0.01675,0.9714285714285714,0.82125,0.2497376705141658
DAPT_AL_SELECTED,282,0.25,TEMPORAL,0.02,0.1,0.9055,0.0255,0.9771341188214256,0.76175,0.01675,0.9529652351738241,0.87825,0.48898216159496327
DAPT_AL_SELECTED,282,0.25,TEMPORAL,0.02,0.2,0.9055,0.0255,0.9771341188214256,0.76175,0.01675,0.7607361963190185,0.94775,0.7806925498426023
DAPT_AL_SELECTED,282,0.25,DOMAIN_OOD,0.02,0.05,0.8911353032659409,0.03317781233799896,0.9734596511573947,0.7086573354069466,0.025401762571280455,0.991869918699187,0.7719025401762571,0.21708185053380782
DAPT_AL_SELECTED,282,0.25,DOMAIN_OOD,0.02,0.1,0.8911353032659409,0.03317781233799896,0.9734596511573947,0.7086573354069466,0.025401762571280455,0.9551020408163265,0.8299637117677553,0.41637010676156583
DAPT_AL_SELECTED,282,0.25,DOMAIN_OOD,0.02,0.2,0.8911353032659409,0.03317781233799896,0.9734596511573947,0.7086573354069466,0.025401762571280455,0.8568507157464212,0.9258683255572836,0.7455516014234875
DAPT_AL_SELECTED,282,0.25,TEMPLATE_OOD,0.02,0.05,0.9025175644028103,0.025468384074941453,0.9768031458451849,0.7543911007025761,0.01756440281030445,0.9666666666666667,0.8138173302107728,0.24195470798569726
DAPT_AL_SELECTED,282,0.25,TEMPLATE_OOD,0.02,0.1,0.9025175644028103,0.025468384074941453,0.9768031458451849,0.7543911007025761,0.01756440281030445,0.9523809523809523,0.8714871194379391,0.4767580452920143
DAPT_AL_SELECTED,282,0.25,TEMPLATE_OOD,0.02,0.2,0.9025175644028103,0.025468384074941453,0.9768031458451849,0.7543911007025761,0.01756440281030445,0.7699642431466031,0.9435011709601874,0.7699642431466031
DAPT_AL_SELECTED,282,0.25,DOMAIN_TEMPLATE_OOD,0.02,0.05,0.8818770226537217,0.03128371089536138,0.9734513825258184,0.6957928802588996,0.024271844660194174,0.9915966386554622,0.7594390507011867,0.20921985815602837
DAPT_AL_SELECTED,282,0.25,DOMAIN_TEMPLATE_OOD,0.02,0.1,0.8818770226537217,0.03128371089536138,0.9734513825258184,0.6957928802588996,0.024271844660194174,0.957983193277311,0.8187702265372169,0.40425531914893614
DAPT_AL_SELECTED,282,0.25,DOMAIN_TEMPLATE_OOD,0.02,0.2,0.8818770226537217,0.03128371089536138,0.9734513825258184,0.6957928802588996,0.024271844660194174,0.8652631578947368,0.9174757281553398,0.7287234042553191
