representation,classifier,seed,label_budget,n_train,scenario,n_test,threshold,target_fpr,calibration_fpr,calibration_recall,fit_seconds,predict_seconds,average_precision,roc_auc,precision,recall,f1,empirical_fpr,tp,fp,tn,fn,iid_ap,iid_recall,iid_f1,iid_fpr,drop_ap,drop_recall,drop_f1,fpr_increase,ap_retention
BASE,LOGREG,42,0.1,400,TEMPORAL,8000,0.993382889160526,0.005,0.0046838407494145,0.2362030905077262,0.025866785999824,0.0596101760002056,0.918040854089804,0.911405125,0.99002849002849,0.17375,0.295618885580604,0.00175,695,7,3993,3305,0.8524317978918843,0.2589792060491493,0.4104868913857677,0.0015052684395383,-0.06560905619791968,0.08522920604914933,0.11486800580516371,0.00024473156046170004,1.076966927278141
BASE,LOGREG,42,0.1,400,DOMAIN_OOD,3858,0.993382889160526,0.005,0.0046838407494145,0.2362030905077262,0.025866785999824,0.0269160560001182,0.8895582305703407,0.8885655922630253,0.9776785714285714,0.1135303265940902,0.2034370645610775,0.0025920165889061,219,5,1924,1710,0.8524317978918843,0.2589792060491493,0.4104868913857677,0.0015052684395383,-0.03712643267845639,0.14544887945505913,0.20704982682469023,0.0010867481493678,1.0435535520498793
BASE,LOGREG,42,0.1,400,TEMPLATE_OOD,6832,0.993382889160526,0.005,0.0046838407494145,0.2362030905077262,0.025866785999824,0.0482987630002753,0.9166973883424776,0.9108258628632856,0.9893617021276596,0.1633489461358313,0.2804020100502513,0.0017564402810304,558,6,3410,2858,0.8524317978918843,0.2589792060491493,0.4104868913857677,0.0015052684395383,-0.06426559045059332,0.095630259913318,0.13008488133551643,0.0002511718414921001,1.0753908882910352
BASE,LOGREG,42,0.1,400,DOMAIN_TEMPLATE_OOD,3708,0.993382889160526,0.005,0.0046838407494145,0.2362030905077262,0.025866785999824,0.0220924199993532,0.8796824802823101,0.8767224194691439,0.9753694581280788,0.1067961165048543,0.1925133689839572,0.0026968716289104,198,5,1849,1656,0.8524317978918843,0.2589792060491493,0.4104868913857677,0.0015052684395383,-0.02725068239042583,0.15218308954429502,0.2179735224018105,0.0011916031893720999,1.0319681673745846
BASE,XGBOOST,42,0.1,400,TEMPORAL,8000,0.9927988648414612,0.005,0.00468384074941452,0.11037527593818984,2.281039025000041,0.01766297200003919,0.8975444058416377,0.8924003125,0.9793956043956044,0.17825,0.30160744500846026,0.00375,713,15,3985,3287,0.7946255207140211,0.10113421550094517,0.18197278911564627,0.0055193176116407425,-0.1029188851276166,-0.07711578449905482,-0.119634655892814,-0.0017693176116407427,1.1295187260473807
BASE,XGBOOST,42,0.1,400,DOMAIN_OOD,3858,0.9927988648414612,0.005,0.00468384074941452,0.11037527593818984,2.281039025000041,0.008867217999977584,0.8586989145683616,0.8607276834627728,0.9805194805194806,0.0782789009849663,0.14498319731156986,0.0015552099533437014,151,3,1926,1778,0.7946255207140211,0.10113421550094517,0.18197278911564627,0.0055193176116407425,-0.06407339385434041,0.022855314515978872,0.036989591804076405,-0.003964107658297042,1.0806334457981748
BASE,XGBOOST,42,0.1,400,TEMPLATE_OOD,6832,0.9927988648414612,0.005,0.00468384074941452,0.11037527593818984,2.281039025000041,0.015156453000031433,0.8943356991801402,0.8875502011473764,0.988835725677831,0.18149882903981265,0.3067029433588919,0.0020491803278688526,620,7,3409,2796,0.7946255207140211,0.10113421550094517,0.18197278911564627,0.0055193176116407425,-0.09971017846611907,-0.08036461353886748,-0.12473015424324566,-0.00347013728377189,1.125480714961839
BASE,XGBOOST,42,0.1,400,DOMAIN_TEMPLATE_OOD,3708,0.9927988648414612,0.005,0.00468384074941452,0.11037527593818984,2.281039025000041,0.00868809999997211,0.8464937847397371,0.8491491617296751,0.9784172661870504,0.07335490830636461,0.1364776718514802,0.0016181229773462784,136,3,1851,1718,0.7946255207140211,0.10113421550094517,0.18197278911564627,0.0055193176116407425,-0.05186826402571598,0.027779307194580563,0.04549511726416608,-0.0039011946342944644,1.0652738462000428
BASE,MLP,42,0.1,400,TEMPORAL,8000,0.9951568841934204,0.005,0.00468384074941452,0.32671081677704195,0.32744471800003794,0.0657652820000294,0.9094466636506398,0.90061934375,0.9736024844720497,0.3135,0.4742813918305598,0.0085,1254,34,3966,2746,0.8472223446253704,0.34120982986767484,0.5041899441340782,0.006522829904666332,-0.06222431902526937,0.02770982986767484,0.029908552303518465,0.0019771700953336684,1.0734450872548504
BASE,MLP,42,0.1,400,DOMAIN_OOD,3858,0.9951568841934204,0.005,0.00468384074941452,0.32671081677704195,0.32744471800003794,0.027894551000031242,0.8702722232146491,0.868718458087401,0.9521410579345088,0.19595645412130638,0.3250214961306965,0.009849663037843442,378,19,1910,1551,0.8472223446253704,0.34120982986767484,0.5041899441340782,0.006522829904666332,-0.02304987858927876,0.14525337574636846,0.17916844800338178,0.0033268331331771095,1.0272064101419223
BASE,MLP,42,0.1,400,TEMPLATE_OOD,6832,0.9951568841934204,0.005,0.00468384074941452,0.32671081677704195,0.32744471800003794,0.04790049500002169,0.9054913172079063,0.8970196475190452,0.9765698219306467,0.3050351288056206,0.4648672763774258,0.007318501170960188,1042,25,3391,2374,0.8472223446253704,0.34120982986767484,0.5041899441340782,0.006522829904666332,-0.05826897258253594,0.036174701062054226,0.03932266775665244,0.0007956712662938554,1.0687764822920265
BASE,MLP,42,0.1,400,DOMAIN_TEMPLATE_OOD,3708,0.9951568841934204,0.005,0.00468384074941452,0.32671081677704195,0.32744471800003794,0.026160294999954203,0.8580664870002435,0.8553734949012544,0.9484240687679083,0.17853290183387271,0.30049931911030414,0.009708737864077669,331,18,1836,1523,0.8472223446253704,0.34120982986767484,0.5041899441340782,0.006522829904666332,-0.010844142374873078,0.16267692803380213,0.2036906250237741,0.003185907959411337,1.0127996416096274
DAPT,LOGREG,42,0.1,400,TEMPORAL,8000,0.9936045756149189,0.005,0.00468384074941452,0.17218543046357615,0.034703792999948746,0.061062970999955724,0.9151393528299777,0.9021093750000001,0.9899777282850779,0.22225,0.3630053082890976,0.00225,889,9,3991,3111,0.8367207193567879,0.14839319470699433,0.2575881870385562,0.002007024586051179,-0.07841863347318978,-0.07385680529300567,-0.10541712125054142,0.00024297541394882084,1.0937213955135143
DAPT,LOGREG,42,0.1,400,DOMAIN_OOD,3858,0.9936045756149189,0.005,0.00468384074941452,0.17218543046357615,0.034703792999948746,0.0254795880000529,0.8904571013486733,0.8825498025955638,0.9745454545454545,0.13893208916537067,0.24319419237749546,0.0036288232244686366,268,7,1922,1661,0.8367207193567879,0.14839319470699433,0.2575881870385562,0.002007024586051179,-0.05373638199188535,0.00946110554162366,0.014393994661060727,0.0016217986384174576,1.0642226022957746
DAPT,LOGREG,42,0.1,400,TEMPLATE_OOD,6832,0.9936045756149189,0.005,0.00468384074941452,0.17218543046357615,0.034703792999948746,0.04770656499999859,0.9151737023189007,0.9035352988279429,0.9875346260387812,0.20872365339578455,0.34461092315128083,0.0026346604215456673,713,9,3407,2703,0.8367207193567879,0.14839319470699433,0.2575881870385562,0.002007024586051179,-0.07845298296211278,-0.06033045868879022,-0.08702273611272465,0.0006276358354944883,1.093762448027368
DAPT,LOGREG,42,0.1,400,DOMAIN_TEMPLATE_OOD,3708,0.9936045756149189,0.005,0.00468384074941452,0.17218543046357615,0.034703792999948746,0.022335515000008854,0.8782175371202539,0.8682826949864372,0.9711934156378601,0.1272923408845739,0.22508345255126372,0.0037756202804746495,236,7,1847,1618,0.8367207193567879,0.14839319470699433,0.2575881870385562,0.002007024586051179,-0.04149681776346592,0.02110085382242044,0.032504734487292464,0.0017685956944234705,1.0495945861067786
DAPT,XGBOOST,42,0.1,400,TEMPORAL,8000,0.9880515933036804,0.005,0.00468384074941452,0.20088300220750552,1.8330853199998955,0.018126758999983394,0.891378540247235,0.8793841874999999,0.9919517102615694,0.2465,0.394873848618342,0.002,986,8,3992,3014,0.8018627007784181,0.22495274102079396,0.36363636363636365,0.006522829904666332,-0.0895158394688168,-0.021547258979206035,-0.03123748498197837,-0.004522829904666332,1.1116348713837396
DAPT,XGBOOST,42,0.1,400,DOMAIN_OOD,3858,0.9880515933036804,0.005,0.00468384074941452,0.20088300220750552,1.8330853199998955,0.008924575000037294,0.851344216428065,0.851068558502849,0.9750889679715302,0.14204250907205807,0.24796380090497738,0.0036288232244686366,274,7,1922,1655,0.8018627007784181,0.22495274102079396,0.36363636363636365,0.006522829904666332,-0.04948151564964687,0.0829102319487359,0.11567256273138626,-0.0028940066801976957,1.0617082146377579
DAPT,XGBOOST,42,0.1,400,TEMPLATE_OOD,6832,0.9880515933036804,0.005,0.00468384074941452,0.20088300220750552,1.8330853199998955,0.015166739000051166,0.8881451739096473,0.8766595172737195,0.9914738124238733,0.2382903981264637,0.3842341279206986,0.0020491803278688526,814,7,3409,2602,0.8018627007784181,0.22495274102079396,0.36363636363636365,0.006522829904666332,-0.08628247313122916,-0.013337657105669726,-0.020597764284334963,-0.004473649576797479,1.107602552216819
DAPT,XGBOOST,42,0.1,400,DOMAIN_TEMPLATE_OOD,3708,0.9880515933036804,0.005,0.00468384074941452,0.20088300220750552,1.8330853199998955,0.008216345999926489,0.8351875191355482,0.8331451050761699,0.9715447154471545,0.12891046386192018,0.2276190476190476,0.0037756202804746495,239,7,1847,1615,0.8018627007784181,0.22495274102079396,0.36363636363636365,0.006522829904666332,-0.03332481835713008,0.09604227715887378,0.13601731601731604,-0.0027472096241916827,1.0415592573700954
DAPT,MLP,42,0.1,400,TEMPORAL,8000,0.9953034520149231,0.005,0.00468384074941452,0.24503311258278146,0.4706542860000127,0.059856022999952074,0.9117350075317493,0.9030664374999999,0.9808459696727854,0.30725,0.4679230915667238,0.006,1229,24,3976,2771,0.8263416780141808,0.23724007561436672,0.377160030052592,0.011038635223281485,-0.0853933295175685,-0.0700099243856333,-0.09076306151413177,-0.005038635223281485,1.1033390082934955
DAPT,MLP,42,0.1,400,DOMAIN_OOD,3858,0.9953034520149231,0.005,0.00468384074941452,0.24503311258278146,0.4706542860000127,0.026628574000028493,0.8779480183053615,0.8752026650606644,0.9733333333333334,0.18921721099015035,0.3168402777777778,0.005184033177812338,365,10,1919,1564,0.8263416780141808,0.23724007561436672,0.377160030052592,0.011038635223281485,-0.05160634029118072,0.04802286462421637,0.06031975227481423,-0.005854602045469147,1.062451576223528
DAPT,MLP,42,0.1,400,TEMPLATE_OOD,6832,0.9953034520149231,0.005,0.00468384074941452,0.24503311258278146,0.4706542860000127,0.04660310700000991,0.9091005888383092,0.9009964902045204,0.9854085603112841,0.2965456674473068,0.45589558955895587,0.004391100702576112,1013,15,3401,2403,0.8263416780141808,0.23724007561436672,0.377160030052592,0.011038635223281485,-0.08275891082412845,-0.0593055918329401,-0.07873555950636385,-0.006647534520705373,1.1001509581641944
DAPT,MLP,42,0.1,400,DOMAIN_TEMPLATE_OOD,3708,0.9953034520149231,0.005,0.00468384074941452,0.24503311258278146,0.4706542860000127,0.02569826399997055,0.864587006552688,0.8601430592939374,0.9694189602446484,0.1709816612729234,0.2906923429619441,0.005393743257820928,317,10,1844,1537,0.8263416780141808,0.23724007561436672,0.377160030052592,0.011038635223281485,-0.03824532853850726,0.0662584143414433,0.08646768709064795,-0.005644891965460557,1.0462827055152493
CONTRASTIVE,LOGREG,42,0.1,400,TEMPORAL,8000,0.9992507666442012,0.005,0.00468384074941452,0.04415011037527594,0.019942944000035823,0.07317361200000505,0.8609343798085001,0.8532411875,0.9871794871794872,0.0385,0.0741097208854668,0.0005,154,2,3998,3846,0.7667500650449167,0.035916824196597356,0.06909090909090909,0.002007024586051179,-0.09418431476358335,-0.002583175803402643,-0.005018811794557709,-0.001507024586051179,1.122835744080525
CONTRASTIVE,LOGREG,42,0.1,400,DOMAIN_OOD,3858,0.9992507666442012,0.005,0.00468384074941452,0.04415011037527594,0.019942944000035823,0.029116113999975823,0.8261878870507886,0.8211454805254766,0.9629629629629629,0.02695697252462416,0.052445789208270296,0.0010368066355624676,52,2,1927,1877,0.7667500650449167,0.035916824196597356,0.06909090909090909,0.002007024586051179,-0.05943782200587189,0.008959851671973197,0.016645119882638795,-0.0009702179504887114,1.0775191613480855
CONTRASTIVE,LOGREG,42,0.1,400,TEMPLATE_OOD,6832,0.9992507666442012,0.005,0.00468384074941452,0.04415011037527594,0.019942944000035823,0.044902094999997644,0.8603166219008598,0.8522724546012977,0.9849624060150376,0.03834894613583138,0.07382361228515075,0.000585480093676815,131,2,3414,3285,0.7667500650449167,0.035916824196597356,0.06909090909090909,0.002007024586051179,-0.09356655685594306,-0.0024321219392340263,-0.004732703194241655,-0.001421544492374364,1.1220300605392997
CONTRASTIVE,LOGREG,42,0.1,400,DOMAIN_TEMPLATE_OOD,3708,0.9992507666442012,0.005,0.00468384074941452,0.04415011037527594,0.019942944000035823,0.01977785799999765,0.8164009076024514,0.8104992383592314,0.9615384615384616,0.02696871628910464,0.05246589716684155,0.0010787486515641855,50,2,1852,1804,0.7667500650449167,0.035916824196597356,0.06909090909090909,0.002007024586051179,-0.04965084255753471,0.008948107907492717,0.01662501192406754,-0.0009282759344869935,1.064754924480673
CONTRASTIVE,XGBOOST,42,0.1,400,TEMPORAL,8000,0.9926749467849731,0.005,0.00468384074941452,0.09933774834437085,2.736205357000017,0.020818888000007973,0.8361877752091628,0.8249835624999999,0.9754768392370572,0.0895,0.1639569498511564,0.00225,358,9,3991,3642,0.7172357504813407,0.09829867674858223,0.1776259607173356,0.004515805318615153,-0.11895202472782207,0.00879867674858223,0.013669010866179193,-0.002265805318615153,1.1658478744931395
CONTRASTIVE,XGBOOST,42,0.1,400,DOMAIN_OOD,3858,0.9926749467849731,0.005,0.00468384074941452,0.09933774834437085,2.736205357000017,0.01075845900004424,0.7988854037897182,0.7892909537949192,0.9508196721311475,0.06013478486262312,0.11311555338859093,0.003110419906687403,116,6,1923,1813,0.7172357504813407,0.09829867674858223,0.1776259607173356,0.004515805318615153,-0.08164965330837748,0.0381638918859591,0.06451040732874468,-0.00140538541192775,1.1138393523378916
CONTRASTIVE,XGBOOST,42,0.1,400,TEMPLATE_OOD,6832,0.9926749467849731,0.005,0.00468384074941452,0.09933774834437085,2.736205357000017,0.018269716999952834,0.8327292439824844,0.8205095596421852,0.9735973597359736,0.08635831381733021,0.15864479698843775,0.00234192037470726,295,8,3408,3121,0.7172357504813407,0.09829867674858223,0.1776259607173356,0.004515805318615153,-0.11549349350114368,0.011940362931252016,0.018981163728897854,-0.002173884943907893,1.1610258459978262
CONTRASTIVE,XGBOOST,42,0.1,400,DOMAIN_TEMPLATE_OOD,3708,0.9926749467849731,0.005,0.00468384074941452,0.09933774834437085,2.736205357000017,0.009648844000025747,0.7873499788848858,0.7800295346718196,0.9494949494949495,0.05070118662351672,0.09626216077828981,0.002696871628910464,94,5,1849,1760,0.7172357504813407,0.09829867674858223,0.1776259607173356,0.004515805318615153,-0.07011422840354509,0.047597490125065506,0.0813637999390458,-0.0018189336897046888,1.0977561817805248
CONTRASTIVE,MLP,42,0.1,400,TEMPORAL,8000,0.9996737837791443,0.005,0.00468384074941452,0.10375275938189846,0.4533132099999193,0.07525458399993568,0.8734970463876485,0.86703803125,0.9761499148211243,0.14325,0.249836494440811,0.0035,573,14,3986,3427,0.7718509251397644,0.12287334593572778,0.21739130434782608,0.004014049172102358,-0.10164612124788408,-0.020376654064272207,-0.03244519009298491,-0.0005140491721023579,1.1316913900562837
CONTRASTIVE,MLP,42,0.1,400,DOMAIN_OOD,3858,0.9996737837791443,0.005,0.00468384074941452,0.10375275938189846,0.4533132099999193,0.04320874999996249,0.8381014388604534,0.8374718257605869,0.9483870967741935,0.07620528771384137,0.14107485604606526,0.00414722654224987,147,8,1921,1782,0.7718509251397644,0.12287334593572778,0.21739130434782608,0.004014049172102358,-0.06625051372068902,0.04666805822188641,0.07631644830176082,0.00013317737014751242,1.0858333022127202
CONTRASTIVE,MLP,42,0.1,400,TEMPLATE_OOD,6832,0.9996737837791443,0.005,0.00468384074941452,0.10375275938189846,0.4533132099999193,0.0682386169999063,0.8730392203236037,0.8653704721273082,0.9779116465863453,0.14256440281030444,0.24885028104241186,0.0032201405152224825,487,11,3405,2929,0.7718509251397644,0.12287334593572778,0.21739130434782608,0.004014049172102358,-0.10118829518383932,-0.01969105687457666,-0.03145897669458578,-0.0007939086568798754,1.1310982365740074
CONTRASTIVE,MLP,42,0.1,400,DOMAIN_TEMPLATE_OOD,3708,0.9996737837791443,0.005,0.00468384074941452,0.10375275938189846,0.4533132099999193,0.040356353999982275,0.829448874281036,0.8266289744672879,0.9473684210526315,0.06796116504854369,0.1268243583291394,0.0037756202804746495,126,7,1847,1728,0.7718509251397644,0.12287334593572778,0.21739130434782608,0.004014049172102358,-0.05759794914127159,0.054912180887184095,0.09056694601868667,-0.00023842889162770846,1.074623152302165
BASE,LOGREG,42,0.25,1000,TEMPORAL,8000,0.9976651294435303,0.005,0.00468384074941452,0.152317880794702,0.3258866209999951,0.05400793800004067,0.9364627804978285,0.9299934999999998,0.9941927990708479,0.214,0.3521909072207365,0.00125,856,5,3995,3144,0.8692856163366288,0.19281663516068054,0.32252964426877473,0.0015052684395383843,-0.06717716416119968,-0.021183364839319457,-0.029661262951961753,-0.0002552684395383843,1.0772785870359847
BASE,LOGREG,42,0.25,1000,DOMAIN_OOD,3858,0.9976651294435303,0.005,0.00468384074941452,0.152317880794702,0.3258866209999951,0.023402653000061946,0.9163930765037394,0.9099695488439928,0.9914529914529915,0.18040435458786935,0.30526315789473685,0.0015552099533437014,348,3,1926,1581,0.8692856163366288,0.19281663516068054,0.32252964426877473,0.0015052684395383843,-0.04710746016711054,0.012412280572811185,0.01726648637403788,4.994151380531705e-05,1.0541910038332767
BASE,LOGREG,42,0.25,1000,TEMPLATE_OOD,6832,0.9976651294435303,0.005,0.00468384074941452,0.152317880794702,0.3258866209999951,0.04274984900007439,0.9314459231083095,0.9244958632472071,0.9931787175989086,0.21311475409836064,0.35092793444203424,0.0014637002341920376,728,5,3411,2688,0.8692856163366288,0.19281663516068054,0.32252964426877473,0.0015052684395383843,-0.06216030677168072,-0.020298118937680104,-0.02839829017325951,-4.156820534634677e-05,1.071507345345985
BASE,LOGREG,42,0.25,1000,DOMAIN_TEMPLATE_OOD,3708,0.9976651294435303,0.005,0.00468384074941452,0.152317880794702,0.3258866209999951,0.020904214999973192,0.9084288200381455,0.9020168643208829,0.9911504424778761,0.18122977346278318,0.3064295485636115,0.0016181229773462784,336,3,1851,1518,0.8692856163366288,0.19281663516068054,0.32252964426877473,0.0015052684395383843,-0.03914320370151669,0.011586861697897355,0.016100095705163242,0.00011285453780789404,1.0450291629884263
BASE,XGBOOST,42,0.25,1000,TEMPORAL,8000,0.9927963018417358,0.005,0.00468384074941452,0.2980132450331126,3.9780903110000736,0.06150288599997111,0.9256401476110678,0.92030809375,0.9951124144672532,0.2545,0.40533545689826794,0.00125,1018,5,3995,2982,0.8545625272379214,0.2948960302457467,0.45348837209302323,0.0030105368790767687,-0.07107762037314647,0.04039603024574667,0.048152915194755286,-0.0017605368790767687,1.0831742770220458
BASE,XGBOOST,42,0.25,1000,DOMAIN_OOD,3858,0.9927963018417358,0.005,0.00468384074941452,0.2980132450331126,3.9780903110000736,0.03417436100005489,0.8937490233996681,0.8905103437452047,0.992619926199262,0.1394504924831519,0.24454545454545454,0.0010368066355624676,269,2,1927,1660,0.8545625272379214,0.2948960302457467,0.45348837209302323,0.0030105368790767687,-0.03918649616174674,0.1554455377625948,0.2089429175475687,-0.001973730243514301,1.0458556219266992
BASE,XGBOOST,42,0.25,1000,TEMPLATE_OOD,6832,0.9927963018417358,0.005,0.00468384074941452,0.2980132450331126,3.9780903110000736,0.054059834999975465,0.9188520663073494,0.9129441576079504,0.994343891402715,0.25731850117096017,0.4088372093023256,0.0014637002341920376,879,5,3411,2537,0.8545625272379214,0.2948960302457467,0.45348837209302323,0.0030105368790767687,-0.06428953906942803,0.03757752907478651,0.04465116279069764,-0.0015468366448847311,1.0752309363215606
BASE,XGBOOST,42,0.25,1000,DOMAIN_TEMPLATE_OOD,3708,0.9927963018417358,0.005,0.00468384074941452,0.2980132450331126,3.9780903110000736,0.042732870000008916,0.8842646063958204,0.8807716543954645,0.9922178988326849,0.13754045307443366,0.24159166271909047,0.0010787486515641855,255,2,1852,1599,0.8545625272379214,0.2948960302457467,0.45348837209302323,0.0030105368790767687,-0.02970207915789902,0.15735557717131302,0.21189670937393276,-0.0019317882275125832,1.0347570578058234
BASE,MLP,42,0.25,1000,TEMPORAL,8000,0.990768313407898,0.005,0.00468384074941452,0.3841059602649007,0.6168722169999228,0.06040305100009391,0.932125377759016,0.9282448750000002,0.9862490450725745,0.32275,0.48634394424562066,0.0045,1291,18,3982,2709,0.8740764355475602,0.3771266540642722,0.5443383356070941,0.004515805318615153,-0.058048942211455845,0.05437665406427222,0.05799439136147344,-1.580531861515317e-05,1.0664117459877425
BASE,MLP,42,0.25,1000,DOMAIN_OOD,3858,0.990768313407898,0.005,0.00468384074941452,0.3841059602649007,0.6168722169999228,0.02814908099992408,0.8971163480498583,0.8974511433762755,0.972636815920398,0.20269569725246242,0.3354783354783355,0.005702436495593572,391,11,1918,1538,0.8740764355475602,0.3771266540642722,0.5443383356070941,0.004515805318615153,-0.023039912502298088,0.17443095681180978,0.2088600001287586,0.0011866311769784194,1.026359150716453
BASE,MLP,42,0.25,1000,TEMPLATE_OOD,6832,0.990768313407898,0.005,0.00468384074941452,0.3841059602649007,0.6168722169999228,0.04820106899990151,0.9256942404195135,0.9213884139385397,0.9836214740673339,0.3164519906323185,0.4788482834994463,0.005269320843091335,1081,18,3398,2335,0.8740764355475602,0.3771266540642722,0.5443383356070941,0.004515805318615153,-0.05161780487195333,0.06067466343195371,0.0654900521076478,0.0007535155244761818,1.0590541087400642
BASE,MLP,42,0.25,1000,DOMAIN_TEMPLATE_OOD,3708,0.990768313407898,0.005,0.00468384074941452,0.3841059602649007,0.6168722169999228,0.026007162000041717,0.8880807092531171,0.8888557234772712,0.9693593314763231,0.18770226537216828,0.3145051965657479,0.005933117583603021,348,11,1843,1506,0.8740764355475602,0.3771266540642722,0.5443383356070941,0.004515805318615153,-0.014004273705556902,0.18942438869210393,0.22983313904134622,0.001417312264987868,1.016021795275586
DAPT,LOGREG,42,0.25,1000,TEMPORAL,8000,0.995419042603774,0.005,0.00468384074941452,0.26490066225165565,0.3726662999999917,0.05548265699997046,0.935913994398004,0.9278168750000001,0.9935275080906149,0.307,0.4690603514132926,0.002,1228,8,3992,2772,0.8644483335481177,0.2391304347826087,0.38479087452471483,0.002007024586051179,-0.07146566084988637,-0.06786956521739129,-0.08426947688857778,-7.024586051178946e-06,1.0826719863714196
DAPT,LOGREG,42,0.25,1000,DOMAIN_OOD,3858,0.995419042603774,0.005,0.00468384074941452,0.26490066225165565,0.3726662999999917,0.023834942000007686,0.9152257751992586,0.909447920622213,0.9900398406374502,0.2576464489372732,0.4088852324146442,0.002592016588906169,497,5,1924,1432,0.8644483335481177,0.2391304347826087,0.38479087452471483,0.002007024586051179,-0.05077744165114095,-0.018516014154664473,-0.024094357889929363,0.00058499200285499,1.0587397067939568
DAPT,LOGREG,42,0.25,1000,TEMPLATE_OOD,6832,0.995419042603774,0.005,0.00468384074941452,0.26490066225165565,0.3726662999999917,0.04302720099997259,0.9326864021861703,0.9250019881642525,0.9922928709055877,0.3015222482435597,0.4625056129321958,0.00234192037470726,1030,8,3408,2386,0.8644483335481177,0.2391304347826087,0.38479087452471483,0.002007024586051179,-0.0682380686380526,-0.06239181346095102,-0.07771473840748094,0.00033489578865608096,1.078938284672226
DAPT,LOGREG,42,0.25,1000,DOMAIN_TEMPLATE_OOD,3708,0.995419042603774,0.005,0.00468384074941452,0.26490066225165565,0.3726662999999917,0.021051413000009234,0.9056939559715602,0.8993205745412992,0.9892933618843683,0.24919093851132687,0.3981042654028436,0.002696871628910464,462,5,1849,1392,0.8644483335481177,0.2391304347826087,0.38479087452471483,0.002007024586051179,-0.04124562242344254,-0.010060503728718168,-0.013313390878128772,0.0006898470428592851,1.0477132303027878
DAPT,XGBOOST,42,0.25,1000,TEMPORAL,8000,0.996089518070221,0.005,0.00468384074941452,0.2097130242825607,3.802845314000024,0.020969943999944007,0.9276769982674257,0.9232642812500002,0.9941520467836257,0.2125,0.35015447991761073,0.00125,850,5,3995,3150,0.8459863347139167,0.20793950850661624,0.34294621979734996,0.002508780732563974,-0.08169066355350896,-0.00456049149338375,-0.007208260120260768,-0.0012587807325639738,1.0965626277889393
DAPT,XGBOOST,42,0.25,1000,DOMAIN_OOD,3858,0.996089518070221,0.005,0.00468384074941452,0.2097130242825607,3.802845314000024,0.010450570999978481,0.8973448272398755,0.8980766403810116,0.9835390946502057,0.12389839294971487,0.22007366482504603,0.002073613271124935,239,4,1925,1690,0.8459863347139167,0.20793950850661624,0.34294621979734996,0.002508780732563974,-0.05135849252595881,0.08404111555690137,0.12287255497230393,-0.00043516746143903865,1.0607084185861306
DAPT,XGBOOST,42,0.25,1000,TEMPLATE_OOD,6832,0.996089518070221,0.005,0.00468384074941452,0.2097130242825607,3.802845314000024,0.016892204999976457,0.9214239201167851,0.9171061909378103,0.9929478138222849,0.20608899297423888,0.3413333333333333,0.0014637002341920376,704,5,3411,2712,0.8459863347139167,0.20793950850661624,0.34294621979734996,0.002508780732563974,-0.07543758540286838,0.0018505155323773614,0.0016128864640166385,-0.0010450804983719363,1.0891711630642105
DAPT,XGBOOST,42,0.25,1000,DOMAIN_TEMPLATE_OOD,3708,0.996089518070221,0.005,0.00468384074941452,0.2097130242825607,3.802845314000024,0.00956677400006356,0.8846748125109842,0.8859070565522634,0.9800995024875622,0.10625674217907227,0.19172749391727495,0.002157497303128371,197,4,1850,1657,0.8459863347139167,0.20793950850661624,0.34294621979734996,0.002508780732563974,-0.03868847779706752,0.10168276632754397,0.151218725880075,-0.00035128342943560294,1.0457317999234002
DAPT,MLP,42,0.25,1000,TEMPORAL,8000,0.9433161616325378,0.005,0.00468384074941452,0.34216335540838855,0.4756644099999221,0.06606955300003392,0.9337253208821631,0.9292800625,0.985239852398524,0.4005,0.5694987557767508,0.006,1602,24,3976,2398,0.8516855034330265,0.32514177693761814,0.48450704225352115,0.009031610637230306,-0.08203981744913658,-0.07535822306238188,-0.08499171352322965,-0.0030316106372303055,1.0963264222749423
DAPT,MLP,42,0.25,1000,DOMAIN_OOD,3858,0.9433161616325378,0.005,0.00468384074941452,0.34216335540838855,0.4756644099999221,0.029298073000063596,0.9015195446682549,0.9004426449480132,0.9716814159292035,0.2846034214618974,0.44025661587810744,0.00829445308449974,549,16,1913,1380,0.8516855034330265,0.32514177693761814,0.48450704225352115,0.009031610637230306,-0.04983404123522839,0.040538355475720766,0.04425042637541371,-0.0007371575527305649,1.058512257205687
DAPT,MLP,42,0.25,1000,TEMPLATE_OOD,6832,0.9433161616325378,0.005,0.00468384074941452,0.34216335540838855,0.4756644099999221,0.04632067400007145,0.9266647436538664,0.9218266670414471,0.9828741623231572,0.3864168618266979,0.5547383904181551,0.006733021077283372,1320,23,3393,2096,0.8516855034330265,0.32514177693761814,0.48450704225352115,0.009031610637230306,-0.0749792402208399,-0.061275084889079734,-0.07023134816463394,-0.0022985895599469336,1.088036299688804
DAPT,MLP,42,0.25,1000,DOMAIN_TEMPLATE_OOD,3708,0.9433161616325378,0.005,0.00468384074941452,0.34216335540838855,0.4756644099999221,0.027031781999994564,0.8903806586209242,0.8890689712554797,0.9690522243713733,0.2702265372168285,0.42260649514972587,0.008629989212513484,501,16,1838,1353,0.8516855034330265,0.32514177693761814,0.48450704225352115,0.009031610637230306,-0.03869515518789768,0.054915239720789655,0.06190054710379528,-0.00040162142471682205,1.045433619607147
CONTRASTIVE,LOGREG,42,0.25,1000,TEMPORAL,8000,0.9978094214877402,0.005,0.00468384074941452,0.09492273730684327,0.35407043899999735,0.055598618999965765,0.8790239872030081,0.8751383125,0.985655737704918,0.12025,0.214349376114082,0.00175,481,7,3993,3519,0.7916962040312597,0.12098298676748583,0.21494542401343408,0.002508780732563974,-0.08732778317174839,0.0007329867674858298,0.0005960478993520812,-0.0007587807325639738,1.1103046632370872
CONTRASTIVE,LOGREG,42,0.25,1000,DOMAIN_OOD,3858,0.9978094214877402,0.005,0.00468384074941452,0.09492273730684327,0.35407043899999735,0.025041186000066773,0.8494756824506255,0.8450296570233975,0.9831460674157303,0.09072058061171591,0.16611295681063123,0.0015552099533437014,175,3,1926,1754,0.7916962040312597,0.12098298676748583,0.21494542401343408,0.002508780732563974,-0.057779478419365815,0.030262406155769916,0.04883246720280285,-0.0009535707792202724,1.0729818813392775
CONTRASTIVE,LOGREG,42,0.25,1000,TEMPLATE_OOD,6832,0.9978094214877402,0.005,0.00468384074941452,0.09492273730684327,0.35407043899999735,0.0425369460000411,0.8775711361146558,0.8731789443807624,0.9875,0.11563231850117096,0.2070230607966457,0.0014637002341920376,395,5,3411,3021,0.7916962040312597,0.12098298676748583,0.21494542401343408,0.002508780732563974,-0.08587493208339603,0.005350668266314862,0.00792236321678838,-0.0010450804983719363,1.1084695513836331
CONTRASTIVE,LOGREG,42,0.25,1000,DOMAIN_TEMPLATE_OOD,3708,0.9978094214877402,0.005,0.00468384074941452,0.09492273730684327,0.35407043899999735,0.020485574999952405,0.843040450503255,0.8377341507152674,0.9805194805194806,0.081445523193096,0.150398406374502,0.0016181229773462784,151,3,1851,1703,0.7916962040312597,0.12098298676748583,0.21494542401343408,0.002508780732563974,-0.051344246471995314,0.03953746357438982,0.06454701763893209,-0.0008906577552176954,1.064853470574387
CONTRASTIVE,XGBOOST,42,0.25,1000,TEMPORAL,8000,0.9883657097816467,0.005,0.00468384074941452,0.1390728476821192,5.818751691999978,0.02333415900000091,0.8697488108756875,0.8595488749999999,0.9800266311584553,0.184,0.3098295095769312,0.00375,736,15,3985,3264,0.7706134527409534,0.14839319470699433,0.25590872045639773,0.006021073758153537,-0.09913535813473406,-0.03560680529300567,-0.05392078912053344,-0.0022710737581535375,1.128644728147588
CONTRASTIVE,XGBOOST,42,0.25,1000,DOMAIN_OOD,3858,0.9883657097816467,0.005,0.00468384074941452,0.1390728476821192,5.818751691999978,0.012470295999946757,0.8293680109665564,0.8206977563536656,0.9629629629629629,0.10782789009849664,0.19393939393939394,0.00414722654224987,208,8,1921,1721,0.7706134527409534,0.14839319470699433,0.25590872045639773,0.006021073758153537,-0.05875455822560305,0.04056530460849769,0.06196932651700379,-0.001873847215903667,1.0762438781942127
CONTRASTIVE,XGBOOST,42,0.25,1000,TEMPLATE_OOD,6832,0.9883657097816467,0.005,0.00468384074941452,0.1390728476821192,5.818751691999978,0.02105009800004609,0.8669380482052752,0.8544901575585891,0.9815100154083205,0.1864754098360656,0.3134071340713407,0.00351288056206089,637,12,3404,2779,0.7706134527409534,0.14839319470699433,0.25590872045639773,0.006021073758153537,-0.09632459546432182,-0.038082215129071256,-0.057498413614942956,-0.0025081931960926475,1.1249972928991963
CONTRASTIVE,XGBOOST,42,0.25,1000,DOMAIN_TEMPLATE_OOD,3708,0.9883657097816467,0.005,0.00468384074941452,0.1390728476821192,5.818751691999978,0.011409646000061002,0.8217936412876471,0.8125505481602506,0.9655172413793104,0.10571736785329018,0.19056878949927078,0.0037756202804746495,196,7,1847,1658,0.7706134527409534,0.14839319470699433,0.25590872045639773,0.006021073758153537,-0.051180188546693706,0.04267582685370415,0.06533993095712695,-0.002245453477678888,1.0664148651501653
CONTRASTIVE,MLP,42,0.25,1000,TEMPORAL,8000,0.9917106032371521,0.005,0.00468384074941452,0.1545253863134658,0.545882243000051,0.058919420000052014,0.8902414883062039,0.883052125,0.9726477024070022,0.22225,0.36182336182336183,0.00625,889,25,3975,3111,0.8022099344901275,0.17107750472589792,0.28936850519584334,0.006021073758153537,-0.08803155381607641,-0.05117249527410209,-0.0724548566275185,0.00022892624184646295,1.1097363047143363
CONTRASTIVE,MLP,42,0.25,1000,DOMAIN_OOD,3858,0.9917106032371521,0.005,0.00468384074941452,0.1545253863134658,0.545882243000051,0.026870591999909266,0.8586762471060783,0.8534678870778366,0.9587020648967551,0.168481078278901,0.2865961199294533,0.007257646448937273,325,14,1915,1604,0.8022099344901275,0.17107750472589792,0.28936850519584334,0.006021073758153537,-0.05646631261595081,0.0025964264469969245,0.002772385266390065,0.0012365726907837358,1.070388448445032
CONTRASTIVE,MLP,42,0.25,1000,TEMPLATE_OOD,6832,0.9917106032371521,0.005,0.00468384074941452,0.1545253863134658,0.545882243000051,0.047538794000047346,0.8891847796678004,0.8810974083936183,0.9735182849936949,0.2259953161592506,0.36683297695414585,0.006147540983606557,772,21,3395,2644,0.8022099344901275,0.17107750472589792,0.28936850519584334,0.006021073758153537,-0.08697484517767295,-0.05491781143335267,-0.07746447175830251,0.00012646722545301987,1.1084190577033342
CONTRASTIVE,MLP,42,0.25,1000,DOMAIN_TEMPLATE_OOD,3708,0.9917106032371521,0.005,0.00468384074941452,0.1545253863134658,0.545882243000051,0.026560509999967508,0.8524460777896993,0.8442869378317268,0.9584664536741214,0.16181229773462782,0.2768804799261652,0.007011866235167206,300,13,1841,1554,0.8022099344901275,0.17107750472589792,0.28936850519584334,0.006021073758153537,-0.05023614329957182,0.009265206991270092,0.012488025269678127,0.000990792477013669,1.0626221904513078
BASE,LOGREG,42,1.0,4000,TEMPORAL,8000,0.994125237692969,0.005,0.00468384074941452,0.3333333333333333,0.5465704199999664,0.0663858740000478,0.9499098889746075,0.9445268124999998,0.99153194765204,0.322,0.4861294583883752,0.00275,1288,11,3989,2712,0.8961567104863788,0.29773156899810965,0.45751633986928103,0.002007024586051179,-0.05375317848822869,-0.024268431001890356,-0.02861311851909415,0.0007429754139488209,1.0599818958662428
BASE,LOGREG,42,1.0,4000,DOMAIN_OOD,3858,0.994125237692969,0.005,0.00468384074941452,0.3333333333333333,0.5465704199999664,0.02134785299995201,0.925876188699382,0.9218968562829595,0.982532751091703,0.2332814930015552,0.3770423125261835,0.00414722654224987,450,8,1921,1479,0.8961567104863788,0.29773156899810965,0.45751633986928103,0.002007024586051179,-0.029719478213003248,0.06445007599655445,0.08047402734309755,0.0021402019561986914,1.0331632602481695
BASE,LOGREG,42,1.0,4000,TEMPLATE_OOD,6832,0.994125237692969,0.005,0.00468384074941452,0.3333333333333333,0.5465704199999664,0.04268897199995081,0.9457954310921128,0.9402790594200594,0.9900090826521344,0.3190866510538642,0.4826212087668807,0.0032201405152224825,1090,11,3405,2326,0.8961567104863788,0.29773156899810965,0.45751633986928103,0.002007024586051179,-0.049638720605734044,-0.021355082055754537,-0.025104868897599664,0.0012131159291713036,1.0553906699853792
BASE,LOGREG,42,1.0,4000,DOMAIN_TEMPLATE_OOD,3708,0.994125237692969,0.005,0.00468384074941452,0.3333333333333333,0.5465704199999664,0.02061768300006861,0.9213074954291286,0.9175894796986951,0.9809069212410502,0.22168284789644013,0.3616366036075671,0.004314994606256742,411,8,1846,1443,0.8961567104863788,0.29773156899810965,0.45751633986928103,0.002007024586051179,-0.025150784942749804,0.07604872110166952,0.09587973626171392,0.002307970020205563,1.028065163880879
BASE,XGBOOST,42,1.0,4000,TEMPORAL,8000,0.9923814535140991,0.005,0.00468384074941452,0.40176600441501104,10.855397261999997,0.02675635500008866,0.9446516721337634,0.9415663124999999,0.9934782608695653,0.34275,0.5096654275092937,0.00225,1371,9,3991,2629,0.8920507255590171,0.3941398865784499,0.5635135135135135,0.002508780732563974,-0.05260094657474634,0.051389886578449895,0.053848086004219864,-0.000258780732563974,1.058966317797436
BASE,XGBOOST,42,1.0,4000,DOMAIN_OOD,3858,0.9923814535140991,0.005,0.00468384074941452,0.40176600441501104,10.855397261999997,0.013777565000054892,0.9195105381638496,0.9178995877766463,0.987012987012987,0.2363919129082426,0.38143036386449186,0.003110419906687403,456,6,1923,1473,0.8920507255590171,0.3941398865784499,0.5635135135135135,0.002508780732563974,-0.027459812604832545,0.1577479736702073,0.18208314964902167,0.000601639174123429,1.0307827927471551
BASE,XGBOOST,42,1.0,4000,TEMPLATE_OOD,6832,0.9923814535140991,0.005,0.00468384074941452,0.40176600441501104,10.855397261999997,0.023791322000079163,0.9387830009192383,0.9357218784450088,0.992988606485539,0.3316744730679157,0.49725696730305025,0.00234192037470726,1133,8,3408,2283,0.8920507255590171,0.3941398865784499,0.5635135135135135,0.002508780732563974,-0.046732275360221176,0.062465413510534196,0.06625654621046329,-0.0001668603578567139,1.0523874640995732
BASE,XGBOOST,42,1.0,4000,DOMAIN_TEMPLATE_OOD,3708,0.9923814535140991,0.005,0.00468384074941452,0.40176600441501104,10.855397261999997,0.013045178999959717,0.9113305524347777,0.9102762155123358,0.9873737373737373,0.21089536138079829,0.34755555555555556,0.002696871628910464,391,5,1849,1463,0.8920507255590171,0.3941398865784499,0.5635135135135135,0.002508780732563974,-0.019279826875760575,0.1832445251976516,0.21595795795795797,0.00018809089634649022,1.021612926623291
BASE,MLP,42,1.0,4000,TEMPORAL,8000,0.999825119972229,0.005,0.00468384074941452,0.37969094922737306,2.8458034129999987,0.053287103999991814,0.9537058038224173,0.9494044687500001,0.995114006514658,0.3055,0.46748278500382556,0.0015,1222,6,3994,2778,0.9023499071207232,0.34688090737240074,0.5143658023826209,0.0010035122930255895,-0.05135589670169416,0.041380907372400744,0.0468830173787953,0.0004964877069744105,1.0569135058323038
BASE,MLP,42,1.0,4000,DOMAIN_OOD,3858,0.999825119972229,0.005,0.00468384074941452,0.37969094922737306,2.8458034129999987,0.026490534999993542,0.934763519200416,0.9300886499235026,0.9927360774818402,0.21254536029030585,0.35012809564474806,0.0015552099533437014,410,3,1926,1519,0.9023499071207232,0.34688090737240074,0.5143658023826209,0.0010035122930255895,-0.032413612079692844,0.13433554708209489,0.1642377067378728,0.0005516976603181119,1.0359213336466342
BASE,MLP,42,1.0,4000,TEMPLATE_OOD,6832,0.999825119972229,0.005,0.00468384074941452,0.37969094922737306,2.8458034129999987,0.04627723699991293,0.949315865088425,0.9449604578125257,0.9939698492462311,0.28951990632318503,0.44842439356155067,0.001756440281030445,989,6,3410,2427,0.9023499071207232,0.34688090737240074,0.5143658023826209,0.0010035122930255895,-0.046965957967701866,0.05736100104921571,0.06594140882107019,0.0007529279880048555,1.052048498699982
BASE,MLP,42,1.0,4000,DOMAIN_TEMPLATE_OOD,3708,0.999825119972229,0.005,0.00468384074941452,0.37969094922737306,2.8458034129999987,0.025059228000031908,0.928845857332534,0.9247516085224634,0.9913793103448276,0.18608414239482202,0.3133514986376022,0.0016181229773462784,345,3,1851,1509,0.9023499071207232,0.34688090737240074,0.5143658023826209,0.0010035122930255895,-0.026495950211810837,0.16079676497757872,0.20101430374501866,0.0006146106843206889,1.0293632769314023
DAPT,LOGREG,42,1.0,4000,TEMPORAL,8000,0.9936721263883593,0.005,0.00468384074941452,0.32450331125827814,0.6458043239999824,0.050819994999983464,0.9542373482735207,0.9491515625,0.9933993399339934,0.37625,0.5457842248413418,0.0025,1505,10,3990,2495,0.892491563283498,0.31096408317580343,0.4723618090452261,0.0030105368790767687,-0.0617457849900227,-0.06528591682419654,-0.07342241579611569,-0.0005105368790767686,1.0691836063557378
DAPT,LOGREG,42,1.0,4000,DOMAIN_OOD,3858,0.9936721263883593,0.005,0.00468384074941452,0.32450331125827814,0.6458043239999824,0.021863950000010846,0.933296576736056,0.9300846187935045,0.9842381786339754,0.2913426645930534,0.4496,0.004665629860031105,562,9,1920,1367,0.892491563283498,0.31096408317580343,0.4723618090452261,0.0030105368790767687,-0.04080501345255805,0.019621418582750016,0.022761809045226122,0.001655092980954336,1.0457203352179996
DAPT,LOGREG,42,1.0,4000,TEMPLATE_OOD,6832,0.9936721263883593,0.005,0.00468384074941452,0.32450331125827814,0.6458043239999824,0.042908541999963745,0.9514612117848026,0.9463619850654585,0.9927594529364441,0.36124121779859486,0.5297274093153037,0.0026346604215456673,1234,9,3407,2182,0.892491563283498,0.31096408317580343,0.4723618090452261,0.0030105368790767687,-0.058969648501304595,-0.05027713462279143,-0.05736560027007759,-0.00037587645753110136,1.0660730598778478
DAPT,LOGREG,42,1.0,4000,DOMAIN_TEMPLATE_OOD,3708,0.9936721263883593,0.005,0.00468384074941452,0.32450331125827814,0.6458043239999824,0.020207209999966835,0.9278258325752489,0.9243671515798955,0.9836065573770492,0.2588996763754045,0.4099060631938514,0.004314994606256742,480,8,1846,1374,0.892491563283498,0.31096408317580343,0.4723618090452261,0.0030105368790767687,-0.035334269291750875,0.05206440680039892,0.0624557458513747,0.001304457727179973,1.0395905919398893
DAPT,XGBOOST,42,1.0,4000,TEMPORAL,8000,0.9924296140670776,0.005,0.00468384074941452,0.39514348785871967,9.909874748999982,0.02567922200000794,0.9458439026341031,0.9404168125,0.9907894736842106,0.3765,0.5456521739130434,0.0035,1506,14,3986,2494,0.887243232261043,0.3705103969754253,0.5388316151202749,0.002508780732563974,-0.05860067037306016,-0.005989603024574686,-0.00682055879276855,0.0009912192674360262,1.0660480331010502
DAPT,XGBOOST,42,1.0,4000,DOMAIN_OOD,3858,0.9924296140670776,0.005,0.00468384074941452,0.39514348785871967,9.909874748999982,0.01316262000000279,0.9237560906904485,0.9211712528832657,0.9852670349907919,0.2773457750129601,0.43284789644012944,0.00414722654224987,535,8,1921,1394,0.887243232261043,0.3705103969754253,0.5388316151202749,0.002508780732563974,-0.03651285842940555,0.09316462196246522,0.10598371868014544,0.0016384458096858965,1.0411531551910027
DAPT,XGBOOST,42,1.0,4000,TEMPLATE_OOD,6832,0.9924296140670776,0.005,0.00468384074941452,0.39514348785871967,9.909874748999982,0.021981792000019595,0.9410828370306565,0.9355790219877255,0.9888089528377298,0.36211943793911006,0.5301049925005357,0.004098360655737705,1237,14,3402,2179,0.887243232261043,0.3705103969754253,0.5388316151202749,0.002508780732563974,-0.05383960476961358,0.00839095903631526,0.008726622619739222,0.0015895799231737313,1.0606818996324257
DAPT,XGBOOST,42,1.0,4000,DOMAIN_TEMPLATE_OOD,3708,0.9924296140670776,0.005,0.00468384074941452,0.39514348785871967,9.909874748999982,0.011995744000046216,0.9145825178167845,0.911956596367631,0.9824945295404814,0.24217907227615965,0.3885763738641281,0.004314994606256742,449,8,1846,1405,0.887243232261043,0.3705103969754253,0.5388316151202749,0.002508780732563974,-0.0273392855557415,0.12833132469926567,0.1502552412561468,0.001806213873692768,1.0308137436969458
DAPT,MLP,42,1.0,4000,TEMPORAL,8000,0.9988442063331604,0.005,0.00468384074941452,0.47019867549668876,2.6359380439999995,0.05431442500002959,0.9586253205567101,0.95523778125,0.9944320712694877,0.4465,0.6162870945479642,0.0025,1786,10,3990,2214,0.90888159529546,0.4735349716446125,0.6406649616368286,0.002508780732563974,-0.04974372526125015,0.027034971644612493,0.02437786708886447,-8.78073256397379e-06,1.0547306992668053
DAPT,MLP,42,1.0,4000,DOMAIN_OOD,3858,0.9988442063331604,0.005,0.00468384074941452,0.47019867549668876,2.6359380439999995,0.025998230000027434,0.9410772840307625,0.9391203966846912,0.9895366218236173,0.3431829963711768,0.5096227867590454,0.0036288232244686366,662,7,1922,1267,0.90888159529546,0.4735349716446125,0.6406649616368286,0.002508780732563974,-0.03219568873530254,0.13035197527343573,0.13104217487778325,0.0011200424919046627,1.0354234136789142
DAPT,MLP,42,1.0,4000,TEMPLATE_OOD,6832,0.9988442063331604,0.005,0.00468384074941452,0.47019867549668876,2.6359380439999995,0.04651097399994342,0.9547263428092307,0.9511178967690276,0.9932157394843962,0.42857142857142855,0.5987730061349693,0.002927400468384075,1464,10,3406,1952,0.90888159529546,0.4735349716446125,0.6406649616368286,0.002508780732563974,-0.04584474751377077,0.044963543073183954,0.04189195550185931,0.0004186197358201013,1.0504408360242652
DAPT,MLP,42,1.0,4000,DOMAIN_TEMPLATE_OOD,3708,0.9988442063331604,0.005,0.00468384074941452,0.47019867549668876,2.6359380439999995,0.026349814000013794,0.9350070084339457,0.9335981911468135,0.9882943143812709,0.3187702265372168,0.4820554649265905,0.0037756202804746495,591,7,1847,1263,0.90888159529546,0.4735349716446125,0.6406649616368286,0.002508780732563974,-0.02612541313848571,0.15476474510739568,0.1586094967102381,0.0012668395479106757,1.0287445727515176
CONTRASTIVE,LOGREG,42,1.0,4000,TEMPORAL,8000,0.9975478759643961,0.005,0.00468384074941452,0.16556291390728478,0.49533972299991547,0.06533675800005767,0.8822079271877098,0.8796741874999999,0.9752577319587629,0.11825,0.2109253065774805,0.003,473,12,3988,3527,0.7883658418804522,0.1890359168241966,0.31570639305445936,0.004515805318615153,-0.09384208530725757,0.0707859168241966,0.10478108647697887,-0.0015158053186151528,1.119033677414816
CONTRASTIVE,LOGREG,42,1.0,4000,DOMAIN_OOD,3858,0.9975478759643961,0.005,0.00468384074941452,0.16556291390728478,0.49533972299991547,0.02067854000006264,0.8472312965917519,0.8451312414993546,0.9647058823529412,0.08501814411612234,0.15626488804192473,0.003110419906687403,164,6,1923,1765,0.7883658418804522,0.1890359168241966,0.31570639305445936,0.004515805318615153,-0.05886545471129967,0.10401777270807426,0.15944150501253462,-0.00140538541192775,1.0746676879998893
CONTRASTIVE,LOGREG,42,1.0,4000,TEMPLATE_OOD,6832,0.9975478759643961,0.005,0.00468384074941452,0.16556291390728478,0.49533972299991547,0.041214311000089765,0.8797376071739582,0.8765714210301159,0.9792207792207792,0.11036299765807962,0.19836885030255197,0.00234192037470726,377,8,3408,3039,0.7883658418804522,0.1890359168241966,0.31570639305445936,0.004515805318615153,-0.09137176529350599,0.07867291916611698,0.11733754275190739,-0.002173884943907893,1.1159002083037504
CONTRASTIVE,LOGREG,42,1.0,4000,DOMAIN_TEMPLATE_OOD,3708,0.9975478759643961,0.005,0.00468384074941452,0.16556291390728478,0.49533972299991547,0.02019429399990713,0.8405246075540739,0.8389766899522767,0.9594594594594594,0.07659115426105717,0.14185814185814186,0.003236245954692557,142,6,1848,1712,0.7883658418804522,0.1890359168241966,0.31570639305445936,0.004515805318615153,-0.052158765673621654,0.11244476256313943,0.1738482511963175,-0.001279559363922596,1.0661606108519488
CONTRASTIVE,XGBOOST,42,1.0,4000,TEMPORAL,8000,0.9932432174682617,0.005,0.00468384074941452,0.15673289183222958,13.498694037000064,0.027728042000035202,0.8833332474920208,0.87530471875,0.983358547655068,0.1625,0.278910105127655,0.00275,650,11,3989,3350,0.8011755647846421,0.15595463137996218,0.2682926829268293,0.0035122930255895636,-0.08215768270737867,-0.0065453686200378225,-0.010617422200825732,-0.0007622930255895637,1.1025464159400105
CONTRASTIVE,XGBOOST,42,1.0,4000,DOMAIN_OOD,3858,0.9932432174682617,0.005,0.00468384074941452,0.15673289183222958,13.498694037000064,0.013927233999993405,0.8444085545405939,0.8384771895821626,0.972972972972973,0.09331259720062209,0.17029328287606432,0.002592016588906169,180,5,1924,1749,0.8011755647846421,0.15595463137996218,0.2682926829268293,0.0035122930255895636,-0.0432329897559518,0.0626420341793401,0.09799940005076496,-0.0009202764366833946,1.0539619424958035
CONTRASTIVE,XGBOOST,42,1.0,4000,TEMPLATE_OOD,6832,0.9932432174682617,0.005,0.00468384074941452,0.15673289183222958,13.498694037000064,0.023077808000039113,0.8829338144122586,0.8733497808220303,0.9841269841269841,0.16334894613583137,0.2801908109465227,0.0026346604215456673,558,9,3407,2858,0.8011755647846421,0.15595463137996218,0.2682926829268293,0.0035122930255895636,-0.08175824962761646,-0.007394314755869186,-0.011898128019693421,-0.0008776326040438962,1.1020478572004293
CONTRASTIVE,XGBOOST,42,1.0,4000,DOMAIN_TEMPLATE_OOD,3708,0.9932432174682617,0.005,0.00468384074941452,0.15673289183222958,13.498694037000064,0.012825009999914982,0.8391582450824123,0.8319444589906777,0.9761904761904762,0.08845738942826321,0.16221562809099901,0.002157497303128371,164,4,1850,1690,0.8011755647846421,0.15595463137996218,0.2682926829268293,0.0035122930255895636,-0.03798268029777019,0.06749724195169897,0.10607705483583027,-0.0013547957224611927,1.0474086853959157
CONTRASTIVE,MLP,42,1.0,4000,TEMPORAL,8000,0.9946629405021667,0.005,0.00468384074941452,0.24944812362030905,1.8972950070000252,0.05284158599999955,0.8978108834849071,0.8939816562499999,0.9797047970479705,0.2655,0.4177812745869394,0.0055,1062,22,3978,2938,0.8360249625369713,0.28166351606805295,0.4340859431900947,0.008529854490717512,-0.06178592094793578,0.01616351606805294,0.01630466860315527,-0.003029854490717512,1.0739043972568025
CONTRASTIVE,MLP,42,1.0,4000,DOMAIN_OOD,3858,0.9946629405021667,0.005,0.00468384074941452,0.24944812362030905,1.8972950070000252,0.026032334999968043,0.8661387413633311,0.8638192914294683,0.9808219178082191,0.1855883877656817,0.3121185701830863,0.0036288232244686366,358,7,1922,1571,0.8360249625369713,0.28166351606805295,0.4340859431900947,0.008529854490717512,-0.030113778826359794,0.09607512830237125,0.12196737300700838,-0.0049010312662488755,1.0360201909940316
CONTRASTIVE,MLP,42,1.0,4000,TEMPLATE_OOD,6832,0.9946629405021667,0.005,0.00468384074941452,0.24944812362030905,1.8972950070000252,0.04711507900003653,0.8975110628075794,0.8926770940168596,0.9812154696132597,0.25995316159250587,0.4110159685258042,0.004976580796252928,888,17,3399,2528,0.8360249625369713,0.28166351606805295,0.4340859431900947,0.008529854490717512,-0.06148610027060808,0.02171035447554709,0.023069974664290505,-0.003553273694464584,1.0735457707913703
CONTRASTIVE,MLP,42,1.0,4000,DOMAIN_TEMPLATE_OOD,3708,0.9946629405021667,0.005,0.00468384074941452,0.24944812362030905,1.8972950070000252,0.02551316599999609,0.8593304181439184,0.8561077887514561,0.9796511627906976,0.18176914778856526,0.30664240218380345,0.0037756202804746495,337,7,1847,1517,0.8360249625369713,0.28166351606805295,0.4340859431900947,0.008529854490717512,-0.02330545560694708,0.0998943682794877,0.12744354100629124,-0.004754234210242863,1.0278765068643707
BASE,LOGREG,52,0.1,400,TEMPORAL,8000,0.9896670797277426,0.005,0.00468384074941452,0.3620309050772627,0.027604319000033684,0.05368707100001302,0.9123922244125747,0.899298375,0.9822090437361009,0.33125,0.49541970461768553,0.006,1325,24,3976,2675,0.8437476644542399,0.34120982986767484,0.5024356297842728,0.009031610637230306,-0.06864455995833485,0.009959829867674852,0.007015925166587278,-0.0030316106372303055,1.0813567407060451
BASE,LOGREG,52,0.1,400,DOMAIN_OOD,3858,0.9896670797277426,0.005,0.00468384074941452,0.3620309050772627,0.027604319000033684,0.02118722600005185,0.8854540099057087,0.869720059520978,0.9794303797468354,0.32089165370658373,0.48340491995314333,0.00673924313115604,619,13,1916,1310,0.8437476644542399,0.34120982986767484,0.5024356297842728,0.009031610637230306,-0.041706345451468785,0.020318176161091106,0.019030709831129478,-0.002292367506074266,1.0494298795818837
BASE,LOGREG,52,0.1,400,TEMPLATE_OOD,6832,0.9896670797277426,0.005,0.00468384074941452,0.3620309050772627,0.027604319000033684,0.04226521199996114,0.907010480456393,0.8927236273439771,0.9852045256744996,0.33138173302107726,0.495947426067908,0.004976580796252928,1132,17,3399,2284,0.8437476644542399,0.34120982986767484,0.5024356297842728,0.009031610637230306,-0.06326281600215311,0.009828096846597578,0.0064882037163648265,-0.004055029840977378,1.0749783598430145
BASE,LOGREG,52,0.1,400,DOMAIN_TEMPLATE_OOD,3708,0.9896670797277426,0.005,0.00468384074941452,0.3620309050772627,0.027604319000033684,0.020858060000023215,0.8744923072350446,0.8574152041883842,0.978688524590164,0.3220064724919094,0.48457792207792205,0.007011866235167206,597,13,1841,1257,0.8437476644542399,0.34120982986767484,0.5024356297842728,0.009031610637230306,-0.030744642780804687,0.01920335737576545,0.017857707706350756,-0.0020197444020630994,1.0364381960105231
BASE,XGBOOST,52,0.1,400,TEMPORAL,8000,0.9863870739936829,0.005,0.00468384074941452,0.3200883002207506,1.8022545700000592,0.017430899999908434,0.885069317176889,0.8805584999999999,0.9641693811074918,0.222,0.3609022556390977,0.00825,888,33,3967,3112,0.809268802589942,0.30623818525519847,0.46186742694226657,0.010536879076768691,-0.07580051458694692,0.08423818525519847,0.10096517130316884,-0.0022868790767686907,1.0936654351982418
BASE,XGBOOST,52,0.1,400,DOMAIN_OOD,3858,0.9863870739936829,0.005,0.00468384074941452,0.3200883002207506,1.8022545700000592,0.008938688000057482,0.8353349361519611,0.8391743063298684,0.9318181818181818,0.12752721617418353,0.2243502051983584,0.00933125972006221,246,18,1911,1683,0.809268802589942,0.30623818525519847,0.46186742694226657,0.010536879076768691,-0.026066133562019034,0.17871096908101494,0.23751722174390816,-0.0012056193567064818,1.0322094877234835
BASE,XGBOOST,52,0.1,400,TEMPLATE_OOD,6832,0.9863870739936829,0.005,0.00468384074941452,0.3200883002207506,1.8022545700000592,0.01576787700003024,0.8805041419073664,0.8725721258000647,0.9719387755102041,0.2230679156908665,0.3628571428571429,0.006440281030444965,762,22,3394,2654,0.809268802589942,0.30623818525519847,0.46186742694226657,0.010536879076768691,-0.07123533931742432,0.08317026956433196,0.09901028408512369,-0.004096598046323726,1.0880243240434406
BASE,XGBOOST,52,0.1,400,DOMAIN_TEMPLATE_OOD,3708,0.9863870739936829,0.005,0.00468384074941452,0.3200883002207506,1.8022545700000592,0.008644534000040949,0.8273468804900992,0.8279619912745875,0.932806324110672,0.1272923408845739,0.22401518747033697,0.009169363538295576,236,17,1837,1618,0.809268802589942,0.30623818525519847,0.46186742694226657,0.010536879076768691,-0.01807807790015714,0.17894584437062458,0.2378522394719296,-0.0013675155384731148,1.0223387801955308
BASE,MLP,52,0.1,400,TEMPORAL,8000,0.9404241442680359,0.005,0.00468384074941452,0.23178807947019867,0.18393334800009598,0.05465736700000434,0.8572965922936038,0.86055296875,0.9577464788732394,0.187,0.3129052499477097,0.00825,748,33,3967,3252,0.7819568944027632,0.22495274102079396,0.3611532625189681,0.011038635223281485,-0.0753396978908406,0.03795274102079396,0.048248012571258436,-0.0027886352232814847,1.0963476355667698
BASE,MLP,52,0.1,400,DOMAIN_OOD,3858,0.9404241442680359,0.005,0.00468384074941452,0.23178807947019867,0.18393334800009598,0.026526797999963492,0.7786720859720466,0.8060744291718367,0.8818565400843882,0.10834629341627787,0.19298245614035087,0.014515292897874546,209,28,1901,1720,0.7819568944027632,0.22495274102079396,0.3611532625189681,0.011038635223281485,0.003284808430716546,0.11660644760451609,0.16817080637861725,0.0034766576745930613,0.9957992461550896
BASE,MLP,52,0.1,400,TEMPLATE_OOD,6832,0.9404241442680359,0.005,0.00468384074941452,0.23178807947019867,0.18393334800009598,0.045562588999928266,0.8471495790833004,0.8521391104816021,0.9530102790014684,0.18998829039812645,0.3168171833048572,0.00936768149882904,649,32,3384,2767,0.7819568944027632,0.22495274102079396,0.3611532625189681,0.011038635223281485,-0.06519268468053718,0.03496445062266751,0.044336079214110924,-0.0016709537244524453,1.083371200058706
BASE,MLP,52,0.1,400,DOMAIN_TEMPLATE_OOD,3708,0.9404241442680359,0.005,0.00468384074941452,0.23178807947019867,0.18393334800009598,0.02558471500003634,0.7687763665460199,0.7941824376926649,0.8794642857142857,0.10625674217907227,0.18960538979788258,0.014563106796116505,197,27,1827,1657,0.7819568944027632,0.22495274102079396,0.3611532625189681,0.011038635223281485,0.013180527856743285,0.11869599884172169,0.17154787272108554,0.0035244715728350202,0.9831441759116272
DAPT,LOGREG,52,0.1,400,TEMPORAL,8000,0.9873432834078375,0.005,0.00468384074941452,0.3576158940397351,0.026293301000009706,0.05351580599995032,0.9176635575753527,0.90537775,0.9849564528899446,0.311,0.47273418202546075,0.00475,1244,19,3981,2756,0.8404614155647995,0.33175803402646503,0.49228611500701264,0.008529854490717512,-0.0772021420105532,0.020758034026465033,0.01955193298155189,-0.003779854490717512,1.091856854557294
DAPT,LOGREG,52,0.1,400,DOMAIN_OOD,3858,0.9873432834078375,0.005,0.00468384074941452,0.3576158940397351,0.026293301000009706,0.0207895160000362,0.8909412746337857,0.8794979684448518,0.9732824427480916,0.2643856920684292,0.4158173664900122,0.007257646448937273,510,14,1915,1419,0.8404614155647995,0.33175803402646503,0.49228611500701264,0.008529854490717512,-0.05047985906898622,0.06737234195803582,0.07646874851700042,-0.0012722080417802385,1.0600620779659031
DAPT,LOGREG,52,0.1,400,TEMPLATE_OOD,6832,0.9873432834078375,0.005,0.00468384074941452,0.3576158940397351,0.026293301000009706,0.0421288249999634,0.9124132383376444,0.9002777088395153,0.9822263797942001,0.3073770491803279,0.4682274247491639,0.0055620608899297425,1050,19,3397,2366,0.8404614155647995,0.33175803402646503,0.49228611500701264,0.008529854490717512,-0.07195182277284495,0.024380984846137155,0.024058690257848736,-0.002967793600787769,1.0856099059877633
DAPT,LOGREG,52,0.1,400,DOMAIN_TEMPLATE_OOD,3708,0.9873432834078375,0.005,0.00468384074941452,0.3576158940397351,0.026293301000009706,0.020146731999943768,0.8803314113576302,0.867212383150109,0.9719438877755511,0.261596548004315,0.4122396940076498,0.007551240560949299,485,14,1840,1369,0.8404614155647995,0.33175803402646503,0.49228611500701264,0.008529854490717512,-0.03986999579283068,0.07016148602215005,0.08004642099936282,-0.0009786139297682126,1.0474382226887091
DAPT,XGBOOST,52,0.1,400,TEMPORAL,8000,0.9941793084144592,0.005,0.00468384074941452,0.22737306843267108,1.754861099999971,0.01745315200003006,0.8790830884991583,0.8715313124999999,0.9738805970149254,0.1305,0.23015873015873015,0.0035,522,14,3986,3478,0.7832710096587919,0.22306238185255198,0.361132364192808,0.006522829904666332,-0.09581207884036635,0.09256238185255197,0.13097363403407783,-0.003022829904666332,1.122323024417952
DAPT,XGBOOST,52,0.1,400,DOMAIN_OOD,3858,0.9941793084144592,0.005,0.00468384074941452,0.22737306843267108,1.754861099999971,0.00952073799999198,0.8284054644917719,0.833144542078413,0.9430379746835443,0.07724209434940384,0.14278869190225205,0.004665629860031105,149,9,1920,1780,0.7832710096587919,0.22306238185255198,0.361132364192808,0.006522829904666332,-0.04513445483297995,0.14582028750314813,0.21834367229055593,-0.0018572000446352276,1.0576230375903244
DAPT,XGBOOST,52,0.1,400,TEMPLATE_OOD,6832,0.9941793084144592,0.005,0.00468384074941452,0.22737306843267108,1.754861099999971,0.015393491000054382,0.8727746593828793,0.8663478862386127,0.9683972911963883,0.12558548009367682,0.22233739310702255,0.004098360655737705,429,14,3402,2987,0.7832710096587919,0.22306238185255198,0.361132364192808,0.006522829904666332,-0.08950364972408742,0.09747690175887516,0.13879497108578542,-0.002424469248928627,1.114269069862648
DAPT,XGBOOST,52,0.1,400,DOMAIN_TEMPLATE_OOD,3708,0.9941793084144592,0.005,0.00468384074941452,0.22737306843267108,1.754861099999971,0.0085650059999125,0.8163162432644318,0.8200837513920746,0.9387755102040817,0.0744336569579288,0.13793103448275862,0.0048543689320388345,138,9,1845,1716,0.7832710096587919,0.22306238185255198,0.361132364192808,0.006522829904666332,-0.03304523360563982,0.14862872489462317,0.22320132971004936,-0.0016684609726274977,1.0421887612309755
DAPT,MLP,52,0.1,400,TEMPORAL,8000,0.9954718947410583,0.005,0.00468384074941452,0.10375275938189846,0.1985928699999704,0.05762796699991668,0.8624409615611266,0.8680693125000001,0.9171270718232044,0.0415,0.07940684046878738,0.00375,166,15,3985,3834,0.7675908984564984,0.12003780718336483,0.21166666666666667,0.007526342197691922,-0.09485006310462818,0.07853780718336484,0.1322598261978793,-0.003776342197691922,1.123568509339228
DAPT,MLP,52,0.1,400,DOMAIN_OOD,3858,0.9954718947410583,0.005,0.00468384074941452,0.10375275938189846,0.1985928699999704,0.026923181000029217,0.8067973749353841,0.828493155544376,0.84,0.03265940902021773,0.06287425149700598,0.006220839813374806,63,12,1917,1866,0.7675908984564984,0.12003780718336483,0.21166666666666667,0.007526342197691922,-0.03920647647888564,0.0873783981631471,0.14879241516966069,-0.0013055023843171164,1.0510773076618334
DAPT,MLP,52,0.1,400,TEMPLATE_OOD,6832,0.9954718947410583,0.005,0.00468384074941452,0.10375275938189846,0.1985928699999704,0.046089881000057176,0.8545138990633533,0.864041787099145,0.8872180451127819,0.03454332552693208,0.06649760495914342,0.004391100702576112,118,15,3401,3298,0.7675908984564984,0.12003780718336483,0.21166666666666667,0.007526342197691922,-0.08692300060685487,0.08549448165643275,0.14516906170752325,-0.00313524149511581,1.1132413122428144
DAPT,MLP,52,0.1,400,DOMAIN_TEMPLATE_OOD,3708,0.9954718947410583,0.005,0.00468384074941452,0.10375275938189846,0.1985928699999704,0.025328384999966147,0.7903226163909116,0.8126736092928319,0.7857142857142857,0.023732470334412083,0.04607329842931937,0.006472491909385114,44,12,1842,1810,0.7675908984564984,0.12003780718336483,0.21166666666666667,0.007526342197691922,-0.022731717934413198,0.09630533684895275,0.1655933682373473,-0.0010538502883068084,1.0296143661683888
CONTRASTIVE,LOGREG,52,0.1,400,TEMPORAL,8000,0.9946445363295277,0.005,0.00468384074941452,0.19426048565121412,0.021362259000056838,0.05552724400001807,0.860148564704037,0.844552625,0.9659574468085106,0.227,0.36761133603238866,0.008,908,32,3968,3092,0.7683285843302379,0.18714555765595464,0.31058823529411766,0.009533366783743101,-0.09181998037379913,-0.039854442344045365,-0.05702310073827099,-0.0015333667837431012,1.1195061361069103
CONTRASTIVE,LOGREG,52,0.1,400,DOMAIN_OOD,3858,0.9946445363295277,0.005,0.00468384074941452,0.19426048565121412,0.021362259000056838,0.02345971300007932,0.8133263986380718,0.8040938006326726,0.9285714285714286,0.15500259201658892,0.26565970679697914,0.011923276308968377,299,23,1906,1630,0.7683285843302379,0.18714555765595464,0.31058823529411766,0.009533366783743101,-0.044997814307833894,0.03214296563936572,0.04492852849713852,0.0023899095252252756,1.0585658469898775
CONTRASTIVE,LOGREG,52,0.1,400,TEMPLATE_OOD,6832,0.9946445363295277,0.005,0.00468384074941452,0.19426048565121412,0.021362259000056838,0.04177380299995548,0.8595331931176086,0.8431854299096688,0.9659781287970839,0.23272833723653397,0.3750884642604388,0.00819672131147541,795,28,3388,2621,0.7683285843302379,0.18714555765595464,0.31058823529411766,0.009533366783743101,-0.09120460878737069,-0.045582779580579325,-0.06450022896632113,-0.0013366454722676911,1.1187052136904094
CONTRASTIVE,LOGREG,52,0.1,400,DOMAIN_TEMPLATE_OOD,3708,0.9946445363295277,0.005,0.00468384074941452,0.19426048565121412,0.021362259000056838,0.019741840999927263,0.8064327547712811,0.7950287375382421,0.9267515923566879,0.156957928802589,0.26845018450184505,0.012405609492988134,291,23,1831,1563,0.7683285843302379,0.18714555765595464,0.31058823529411766,0.009533366783743101,-0.038104170441043195,0.03018762885336565,0.04213805079227262,0.002872242709245033,1.04959358693424
CONTRASTIVE,XGBOOST,52,0.1,400,TEMPORAL,8000,0.9882669448852539,0.005,0.00468384074941452,0.11920529801324503,2.597858229999929,0.019118857999956163,0.8388952846138729,0.8214343125,0.9727427597955707,0.14275,0.24896446479180293,0.004,571,16,3984,3429,0.7062944130080372,0.10396975425330812,0.18596787827557057,0.007526342197691922,-0.13260087160583567,-0.038780245746691866,-0.06299658651623236,-0.003526342197691922,1.1877416402617456
CONTRASTIVE,XGBOOST,52,0.1,400,DOMAIN_OOD,3858,0.9882669448852539,0.005,0.00468384074941452,0.11920529801324503,2.597858229999929,0.009790104999979121,0.7997970455234621,0.7857803770504007,0.9605263157894737,0.07568688439606014,0.1403171552138395,0.003110419906687403,146,6,1923,1783,0.7062944130080372,0.10396975425330812,0.18596787827557057,0.007526342197691922,-0.0935026325154249,0.028282869857247983,0.04565072306173107,-0.004415922291004519,1.1323847828799984
CONTRASTIVE,XGBOOST,52,0.1,400,TEMPLATE_OOD,6832,0.9882669448852539,0.005,0.00468384074941452,0.11920529801324503,2.597858229999929,0.01610637900000711,0.842407343271328,0.8239532829390825,0.9757085020242915,0.1411007025761124,0.2465473145780051,0.00351288056206089,482,12,3404,2934,0.7062944130080372,0.10396975425330812,0.18596787827557057,0.007526342197691922,-0.13611293026329085,-0.03713094832280428,-0.060579436302434536,-0.004013461635631032,1.1927141539794992
CONTRASTIVE,XGBOOST,52,0.1,400,DOMAIN_TEMPLATE_OOD,3708,0.9882669448852539,0.005,0.00468384074941452,0.11920529801324503,2.597858229999929,0.008917926000094667,0.7934749956700451,0.7794796870581582,0.9621212121212122,0.06850053937432578,0.12789526686807653,0.002696871628910464,127,5,1849,1727,0.7062944130080372,0.10396975425330812,0.18596787827557057,0.007526342197691922,-0.0871805826620079,0.035469214878982344,0.058072611407494035,-0.004829470568781458,1.1234337707567508
CONTRASTIVE,MLP,52,0.1,400,TEMPORAL,8000,0.9989771246910095,0.005,0.00468384074941452,0.16777041942604856,0.2988816729999826,0.05735992199993234,0.852529140659419,0.833299125,0.959902794653706,0.1975,0.32759693137051626,0.00825,790,33,3967,3210,0.7722224022499815,0.1947069943289225,0.32162373145979706,0.008529854490717512,-0.08030673840943747,-0.002793005671077514,-0.005973199910719207,-0.0002798544907175113,1.1039943132644847
CONTRASTIVE,MLP,52,0.1,400,DOMAIN_OOD,3858,0.9989771246910095,0.005,0.00468384074941452,0.16777041942604856,0.2988816729999826,0.02653928699999142,0.809005051402679,0.7987079422129453,0.9205020920502092,0.11404872991187144,0.2029520295202952,0.009849663037843442,220,19,1910,1709,0.7722224022499815,0.1947069943289225,0.32162373145979706,0.008529854490717512,-0.036782649152697466,0.08065826441705105,0.11867170193950186,0.00131980854712593,1.0476321964313984
CONTRASTIVE,MLP,52,0.1,400,TEMPLATE_OOD,6832,0.9989771246910095,0.005,0.00468384074941452,0.16777041942604856,0.2988816729999826,0.04722048400003587,0.8575747398565369,0.8380137176477686,0.9630681818181818,0.19847775175644028,0.329126213592233,0.007611241217798595,678,26,3390,2738,0.7722224022499815,0.1947069943289225,0.32162373145979706,0.008529854490717512,-0.08535233760655536,-0.0037707574275177846,-0.007502482132435928,-0.000918613272918917,1.110528181205141
CONTRASTIVE,MLP,52,0.1,400,DOMAIN_TEMPLATE_OOD,3708,0.9989771246910095,0.005,0.00468384074941452,0.16777041942604856,0.2988816729999826,0.02614335900000242,0.8063138627065608,0.7932111857041948,0.9208333333333333,0.1192017259978425,0.2110792741165234,0.010248112189859764,221,19,1835,1633,0.7722224022499815,0.1947069943289225,0.32162373145979706,0.008529854490717512,-0.03409146045657929,0.07550526833108,0.11054445734327364,0.0017182576991422518,1.0441472046877285
BASE,LOGREG,52,0.25,1000,TEMPORAL,8000,0.9966238494672616,0.005,0.00468384074941452,0.3620309050772627,0.35311367099996005,0.06421349499998996,0.938939723257684,0.9337995625000001,0.9794156706507304,0.36875,0.535779150018162,0.00775,1475,31,3969,2525,0.8620038661892473,0.32325141776937616,0.4837340876944837,0.007024586051179127,-0.07693585706843675,-0.04549858223062386,-0.05204506232367828,0.0007254139488208728,1.0892523341090745
BASE,LOGREG,52,0.25,1000,DOMAIN_OOD,3858,0.9966238494672616,0.005,0.00468384074941452,0.3620309050772627,0.35311367099996005,0.026342359999944165,0.9263392427658415,0.9188337349682523,0.9823529411764705,0.3462934162778642,0.512073591414335,0.006220839813374806,668,12,1917,1261,0.8620038661892473,0.32325141776937616,0.4837340876944837,0.007024586051179127,-0.06433537657659416,-0.023041998508488037,-0.028339503719851222,-0.0008037462378043215,1.0746346728826268
BASE,LOGREG,52,0.25,1000,TEMPLATE_OOD,6832,0.9966238494672616,0.005,0.00468384074941452,0.3620309050772627,0.35311367099996005,0.04270070799998393,0.9365696938112558,0.9298741046405123,0.9825949367088608,0.3635831381733021,0.5307692307692308,0.006440281030444965,1242,22,3394,2174,0.8620038661892473,0.32325141776937616,0.4837340876944837,0.007024586051179127,-0.07456582762200847,-0.040331720403925964,-0.04703514307474704,-0.000584305020734162,1.0865028923265154
BASE,LOGREG,52,0.25,1000,DOMAIN_TEMPLATE_OOD,3708,0.9966238494672616,0.005,0.00468384074941452,0.3620309050772627,0.35311367099996005,0.01970446100006029,0.92000824818065,0.9114716249538884,0.9814241486068112,0.3419633225458468,0.5072,0.006472491909385114,634,12,1842,1220,0.8620038661892473,0.32325141776937616,0.4837340876944837,0.007024586051179127,-0.058004381991402676,-0.018711904776470667,-0.023465912305516257,-0.0005520941417940135,1.0672901645416382
BASE,XGBOOST,52,0.25,1000,TEMPORAL,8000,0.9964566230773926,0.005,0.00468384074941452,0.2185430463576159,3.772799641000006,0.020195865000005142,0.9219367671890218,0.9198029374999999,0.984144960362401,0.21725,0.35592873233667827,0.0035,869,14,3986,3131,0.8443584659968062,0.21361058601134217,0.35038759689922483,0.0030105368790767687,-0.07757830119221565,-0.0036394139886578303,-0.005541135437453437,0.0004894631209232314,1.0918783956297882
BASE,XGBOOST,52,0.25,1000,DOMAIN_OOD,3858,0.9964566230773926,0.005,0.00468384074941452,0.2185430463576159,3.772799641000006,0.010950552999929641,0.8956006921218126,0.8943658508465777,0.9781021897810219,0.13893208916537067,0.24330458465728552,0.003110419906687403,268,6,1923,1661,0.8443584659968062,0.21361058601134217,0.35038759689922483,0.0030105368790767687,-0.051242226125006396,0.0746784968459715,0.10708301224193931,9.98830276106341e-05,1.0606877625896869
BASE,XGBOOST,52,0.25,1000,TEMPLATE_OOD,6832,0.9964566230773926,0.005,0.00468384074941452,0.2185430463576159,3.772799641000006,0.01782155499995497,0.9180200706898105,0.9143617958470677,0.9850948509485095,0.21282201405152223,0.35002407318247475,0.0032201405152224825,727,11,3405,2689,0.8443584659968062,0.21361058601134217,0.35038759689922483,0.0030105368790767687,-0.07366160469300431,0.0007885719598199337,0.00036352371675008044,0.00020960363614571384,1.0872397301139667
BASE,XGBOOST,52,0.25,1000,DOMAIN_TEMPLATE_OOD,3708,0.9964566230773926,0.005,0.00468384074941452,0.2185430463576159,3.772799641000006,0.009918063999975857,0.8870930807902543,0.8857640670802452,0.9766536964980544,0.1353829557713053,0.23780198957839888,0.003236245954692557,251,6,1848,1603,0.8443584659968062,0.21361058601134217,0.35038759689922483,0.0030105368790767687,-0.04273461479344809,0.07822763024003687,0.11258560732082595,0.0002257090756157881,1.0506119338105977
BASE,MLP,52,0.25,1000,TEMPORAL,8000,0.9994234442710876,0.005,0.00468384074941452,0.3487858719646799,0.5773583299999245,0.05691259499997159,0.9317732443237148,0.9268218437500001,0.9811151079136691,0.27275,0.42683881064162754,0.00525,1091,21,3979,2909,0.8621751127598687,0.32892249527410206,0.4908321579689704,0.006021073758153537,-0.06959813156384609,0.05617249527410206,0.06399334732734285,-0.0007710737581535371,1.0807238930164185
BASE,MLP,52,0.25,1000,DOMAIN_OOD,3858,0.9994234442710876,0.005,0.00468384074941452,0.3487858719646799,0.5773583299999245,0.026716961999909472,0.9098049013512496,0.9033848323627717,0.9773299748110831,0.2011404872991187,0.3336199484092863,0.004665629860031105,388,9,1920,1541,0.8621751127598687,0.32892249527410206,0.4908321579689704,0.006021073758153537,-0.047629788591380895,0.12778200797498335,0.15721220955968407,-0.0013554438981224328,1.0552437525584744
BASE,MLP,52,0.25,1000,TEMPLATE_OOD,6832,0.9994234442710876,0.005,0.00468384074941452,0.3487858719646799,0.5773583299999245,0.04597238600001674,0.9281080017633704,0.9225346934662066,0.9818799546998868,0.2538056206088993,0.4033496161898116,0.00468384074941452,867,16,3400,2549,0.8621751127598687,0.32892249527410206,0.4908321579689704,0.006021073758153537,-0.0659328890035017,0.07511687466520278,0.08748254177915882,-0.0013372330087390175,1.0764727350949008
BASE,MLP,52,0.25,1000,DOMAIN_TEMPLATE_OOD,3708,0.9994234442710876,0.005,0.00468384074941452,0.3487858719646799,0.5773583299999245,0.025726193999958014,0.9018134782599003,0.8954102561417107,0.9747191011235955,0.1871628910463862,0.31402714932126696,0.0048543689320388345,347,9,1845,1507,0.8621751127598687,0.32892249527410206,0.4908321579689704,0.006021073758153537,-0.039638365500031636,0.14175960422771586,0.17680500864770343,-0.0011667048261147029,1.0459748430607643
DAPT,LOGREG,52,0.25,1000,TEMPORAL,8000,0.995595580206804,0.005,0.00468384074941452,0.2869757174392936,0.5962344829999893,0.06187831800002641,0.9380569234925584,0.9336759375,0.9837712519319938,0.31825,0.4809217982621836,0.00525,1273,21,3979,2727,0.8598284310005399,0.2599243856332703,0.407709414381023,0.008028098344204716,-0.07822849249201858,-0.05832561436672967,-0.07321238388116064,-0.0027780983442047156,1.0909815140690196
DAPT,LOGREG,52,0.25,1000,DOMAIN_OOD,3858,0.995595580206804,0.005,0.00468384074941452,0.2869757174392936,0.5962344829999893,0.02348867499995322,0.926137321545783,0.919580300243937,0.992633517495396,0.279419388284085,0.436084142394822,0.002073613271124935,539,4,1925,1390,0.8598284310005399,0.2599243856332703,0.407709414381023,0.008028098344204716,-0.06630889054524314,-0.01949500265081472,-0.028374728013799033,-0.005954485073079781,1.0771187461992653
DAPT,LOGREG,52,0.25,1000,TEMPLATE_OOD,6832,0.995595580206804,0.005,0.00468384074941452,0.2869757174392936,0.5962344829999893,0.04337539400000878,0.9359254761483851,0.9304690113750417,0.9895238095238095,0.30415690866510536,0.4652933273622929,0.0032201405152224825,1039,11,3405,2377,0.8598284310005399,0.2599243856332703,0.407709414381023,0.008028098344204716,-0.07609704514784521,-0.04423252303183506,-0.057583912981269914,-0.004807957828982233,1.0885025923826395
DAPT,LOGREG,52,0.25,1000,DOMAIN_TEMPLATE_OOD,3708,0.995595580206804,0.005,0.00468384074941452,0.2869757174392936,0.5962344829999893,0.020748525000044538,0.9188787362090894,0.9123862920953442,0.9922779922779923,0.2772384034519957,0.433389544688027,0.002157497303128371,514,4,1850,1340,0.8598284310005399,0.2599243856332703,0.407709414381023,0.008028098344204716,-0.05905030520854959,-0.01731401781872538,-0.025680130307004,-0.005870601041076345,1.068676846542322
DAPT,XGBOOST,52,0.25,1000,TEMPORAL,8000,0.994575560092926,0.005,0.00468384074941452,0.2671081677704194,3.5642612880000115,0.021315724000032787,0.9167196273981256,0.911519,0.9851162790697674,0.26475,0.4173399014778325,0.004,1059,16,3984,2941,0.8292225782653115,0.2618147448015123,0.41189591078066917,0.005017561465127948,-0.08749704913281409,-0.0029352551984876962,-0.005443990697163337,-0.0010175614651279476,1.1055169642339613
DAPT,XGBOOST,52,0.25,1000,DOMAIN_OOD,3858,0.994575560092926,0.005,0.00468384074941452,0.2671081677704194,3.5642612880000115,0.010498613999970985,0.8885612381482978,0.8868843423117347,0.9751381215469613,0.18299637117677553,0.30816237450894807,0.004665629860031105,353,9,1920,1576,0.8292225782653115,0.2618147448015123,0.41189591078066917,0.005017561465127948,-0.059338659882986255,0.07881837362473676,0.1037335362717211,-0.00035193160509684306,1.0715593875978624
DAPT,XGBOOST,52,0.25,1000,TEMPLATE_OOD,6832,0.994575560092926,0.005,0.00468384074941452,0.2671081677704194,3.5642612880000115,0.017585277999955906,0.9119906604314003,0.9072782751235405,0.9827981651376146,0.2508782201405152,0.39972014925373134,0.004391100702576112,857,15,3401,2559,0.8292225782653115,0.2618147448015123,0.41189591078066917,0.005017561465127948,-0.08276808216608877,0.010936524660997093,0.012175761526937834,-0.0006264607625518356,1.099814072042316
DAPT,XGBOOST,52,0.25,1000,DOMAIN_TEMPLATE_OOD,3708,0.994575560092926,0.005,0.00468384074941452,0.2671081677704194,3.5642612880000115,0.009343822000005275,0.8779138593975788,0.8760852944564888,0.9721362229102167,0.16936353829557713,0.28847037207165827,0.0048543689320388345,314,9,1845,1540,0.8292225782653115,0.2618147448015123,0.41189591078066917,0.005017561465127948,-0.04869128113226728,0.09245120650593516,0.1234255387090109,-0.00016319253308911316,1.058719193626067
DAPT,MLP,52,0.25,1000,TEMPORAL,8000,0.9975656867027283,0.005,0.00468384074941452,0.3068432671081678,0.5755923929999653,0.05825926900001832,0.9286748912133302,0.9247343437500001,0.9794721407624634,0.334,0.4981357196122297,0.007,1336,28,3972,2664,0.8398244384438828,0.2892249527410208,0.44251626898047725,0.009533366783743101,-0.08885045276944747,-0.04477504725897924,-0.05561945063175244,-0.0025333667837431012,1.1057964601912267
DAPT,MLP,52,0.25,1000,DOMAIN_OOD,3858,0.9975656867027283,0.005,0.00468384074941452,0.3068432671081678,0.5755923929999653,0.026655479000055493,0.9097361680880964,0.9047067742602136,0.9858870967741935,0.2534992223950233,0.40329896907216495,0.0036288232244686366,489,7,1922,1440,0.8398244384438828,0.2892249527410208,0.44251626898047725,0.009533366783743101,-0.06991172964421366,0.035725730345997464,0.0392172999083123,-0.005904543559274465,1.083245648071106
DAPT,MLP,52,0.25,1000,TEMPLATE_OOD,6832,0.9975656867027283,0.005,0.00468384074941452,0.3068432671081678,0.5755923929999653,0.047487380999996276,0.9251190511333787,0.9205940052048769,0.9835315645013724,0.31469555035128804,0.4768241295187403,0.005269320843091335,1075,18,3398,2341,0.8398244384438828,0.2892249527410208,0.44251626898047725,0.009533366783743101,-0.0852946126894959,-0.025470597610267265,-0.03430786053826307,-0.004264045940651767,1.1015624323192343
DAPT,MLP,52,0.25,1000,DOMAIN_TEMPLATE_OOD,3708,0.9975656867027283,0.005,0.00468384074941452,0.3068432671081678,0.5755923929999653,0.025841033000006064,0.900573898751755,0.8960502904009988,0.9844444444444445,0.2389428263214671,0.3845486111111111,0.0037756202804746495,443,7,1847,1411,0.8398244384438828,0.2892249527410208,0.44251626898047725,0.009533366783743101,-0.060749460307872205,0.05028212641955368,0.05796765786936614,-0.005757746503268452,1.0723359044188274
CONTRASTIVE,LOGREG,52,0.25,1000,TEMPORAL,8000,0.9920207679133567,0.005,0.00468384074941452,0.24061810154525387,0.3418025560000615,0.05719209699998373,0.8801844751321866,0.8663755625,0.9730831973898858,0.29825,0.4565633371603521,0.00825,1193,33,3967,2807,0.7993991468727634,0.2381852551984877,0.37809452363090773,0.01154039136979428,-0.0807853282594232,-0.060064744801512304,-0.07846881352944435,-0.0032903913697942804,1.1010575612639244
CONTRASTIVE,LOGREG,52,0.25,1000,DOMAIN_OOD,3858,0.9920207679133567,0.005,0.00468384074941452,0.24061810154525387,0.3418025560000615,0.024263329000064005,0.844287479512609,0.8317597145529974,0.9571428571428572,0.208398133748056,0.34227330779054915,0.00933125972006221,402,18,1911,1527,0.7993991468727634,0.2381852551984877,0.37809452363090773,0.01154039136979428,-0.044888332639845596,0.02978712145043172,0.03582121584035858,-0.0022091316497320716,1.05615259012403
CONTRASTIVE,LOGREG,52,0.25,1000,TEMPLATE_OOD,6832,0.9920207679133567,0.005,0.00468384074941452,0.24061810154525387,0.3418025560000615,0.04272215900004994,0.8783359253562848,0.8645270020128448,0.9731027857829011,0.2965456674473068,0.4545658514695984,0.00819672131147541,1013,28,3388,2403,0.7993991468727634,0.2381852551984877,0.37809452363090773,0.01154039136979428,-0.07893677848352143,-0.058360412248819105,-0.07647132783869065,-0.0033436700583188705,1.0987451372600545
CONTRASTIVE,LOGREG,52,0.25,1000,DOMAIN_TEMPLATE_OOD,3708,0.9920207679133567,0.005,0.00468384074941452,0.24061810154525387,0.3418025560000615,0.023313670999982605,0.8358973852926684,0.8236542697849136,0.9549071618037135,0.1941747572815534,0.3227252353204841,0.009169363538295576,360,17,1837,1494,0.7993991468727634,0.2381852551984877,0.37809452363090773,0.01154039136979428,-0.03649823841990507,0.044010497916934316,0.05536928831042365,-0.0023710278314987045,1.045657089531163
CONTRASTIVE,XGBOOST,52,0.25,1000,TEMPORAL,8000,0.9841529130935669,0.005,0.00468384074941452,0.17218543046357615,5.558603193000067,0.02412130499999421,0.8558539475831007,0.836733375,0.9711359404096834,0.26075,0.411115490737091,0.00775,1043,31,3969,2957,0.7463928719677544,0.17391304347826086,0.2909090909090909,0.01154039136979428,-0.10946107561534635,-0.08683695652173912,-0.12020639982800013,-0.003790391369794281,1.1466534310902092
CONTRASTIVE,XGBOOST,52,0.25,1000,DOMAIN_OOD,3858,0.9841529130935669,0.005,0.00468384074941452,0.17218543046357615,5.558603193000067,0.012410777000013695,0.8168562112421537,0.8012596475018685,0.9629629629629629,0.16174183514774496,0.2769640479360852,0.006220839813374806,312,12,1917,1617,0.7463928719677544,0.17391304347826086,0.2909090909090909,0.01154039136979428,-0.0704633392743993,0.012171208330515909,0.013945042973005695,-0.005319551556419475,1.0944051610362155
CONTRASTIVE,XGBOOST,52,0.25,1000,TEMPLATE_OOD,6832,0.9841529130935669,0.005,0.00468384074941452,0.17218543046357615,5.558603193000067,0.021022165000090354,0.8569775418100625,0.8372136529295944,0.9746835443037974,0.24795081967213115,0.39533255542590434,0.006440281030444965,847,22,3394,2569,0.7463928719677544,0.17391304347826086,0.2909090909090909,0.01154039136979428,-0.11058466984230808,-0.07403777619387028,-0.10442346451681345,-0.005100110339349316,1.1481587967885705
CONTRASTIVE,XGBOOST,52,0.25,1000,DOMAIN_TEMPLATE_OOD,3708,0.9841529130935669,0.005,0.00468384074941452,0.17218543046357615,5.558603193000067,0.011447707000002083,0.8073407768073101,0.7925596599207057,0.9601449275362319,0.1429341963322546,0.24882629107981222,0.005933117583603021,265,11,1843,1589,0.7463928719677544,0.17391304347826086,0.2909090909090909,0.01154039136979428,-0.0609479048395557,0.030978847146006266,0.04208279982927868,-0.00560727378619126,1.081656600871436
CONTRASTIVE,MLP,52,0.25,1000,TEMPORAL,8000,0.99086594581604,0.005,0.00468384074941452,0.2229580573951435,0.5198749229999748,0.05845009500001197,0.8816295857921419,0.86700678125,0.9754098360655737,0.2975,0.4559386973180077,0.0075,1190,30,3970,2810,0.8011190241305566,0.2448015122873346,0.3880149812734082,0.009031610637230306,-0.08051056166158532,-0.05269848771266539,-0.06792371604459946,-0.001531610637230306,1.100497627988503
CONTRASTIVE,MLP,52,0.25,1000,DOMAIN_OOD,3858,0.99086594581604,0.005,0.00468384074941452,0.2229580573951435,0.5198749229999748,0.02653533399995922,0.8479003469964791,0.8382699895002501,0.9585365853658536,0.20373250388802489,0.3360410431808465,0.008812856402280975,393,17,1912,1536,0.8011190241305566,0.2448015122873346,0.3880149812734082,0.009031610637230306,-0.046781322865922514,0.041069008399309714,0.05197393809256173,-0.00021875423494933065,1.0583949718541432
CONTRASTIVE,MLP,52,0.25,1000,TEMPLATE_OOD,6832,0.99086594581604,0.005,0.00468384074941452,0.2229580573951435,0.5198749229999748,0.04610581099996125,0.8822411408842583,0.8684451852831969,0.976145038167939,0.2994730679156909,0.4583333333333333,0.007318501170960188,1023,25,3391,2393,0.8011190241305566,0.2448015122873346,0.3880149812734082,0.009031610637230306,-0.08112211675370173,-0.054671555628356294,-0.0703183520599251,-0.001713109466270118,1.101261004058345
CONTRASTIVE,MLP,52,0.25,1000,DOMAIN_TEMPLATE_OOD,3708,0.99086594581604,0.005,0.00468384074941452,0.2229580573951435,0.5198749229999748,0.025111178999964068,0.8397159770783035,0.8301247252216555,0.9558441558441558,0.19848975188781015,0.32871817775792767,0.009169363538295576,368,17,1837,1486,0.8011190241305566,0.2448015122873346,0.3880149812734082,0.009031610637230306,-0.0385969529477469,0.04631176039952445,0.059296803515480556,0.00013775290106527067,1.048178799635467
BASE,LOGREG,52,1.0,4000,TEMPORAL,8000,0.994125237692969,0.005,0.00468384074941452,0.3333333333333333,0.822650101000022,0.04920683000000281,0.9499098889746075,0.9445268124999998,0.99153194765204,0.322,0.4861294583883752,0.00275,1288,11,3989,2712,0.8961567104863788,0.29773156899810965,0.45751633986928103,0.002007024586051179,-0.05375317848822869,-0.024268431001890356,-0.02861311851909415,0.0007429754139488209,1.0599818958662428
BASE,LOGREG,52,1.0,4000,DOMAIN_OOD,3858,0.994125237692969,0.005,0.00468384074941452,0.3333333333333333,0.822650101000022,0.021089904000064053,0.925876188699382,0.9218968562829595,0.982532751091703,0.2332814930015552,0.3770423125261835,0.00414722654224987,450,8,1921,1479,0.8961567104863788,0.29773156899810965,0.45751633986928103,0.002007024586051179,-0.029719478213003248,0.06445007599655445,0.08047402734309755,0.0021402019561986914,1.0331632602481695
BASE,LOGREG,52,1.0,4000,TEMPLATE_OOD,6832,0.994125237692969,0.005,0.00468384074941452,0.3333333333333333,0.822650101000022,0.042360488000099394,0.9457954310921128,0.9402790594200594,0.9900090826521344,0.3190866510538642,0.4826212087668807,0.0032201405152224825,1090,11,3405,2326,0.8961567104863788,0.29773156899810965,0.45751633986928103,0.002007024586051179,-0.049638720605734044,-0.021355082055754537,-0.025104868897599664,0.0012131159291713036,1.0553906699853792
BASE,LOGREG,52,1.0,4000,DOMAIN_TEMPLATE_OOD,3708,0.994125237692969,0.005,0.00468384074941452,0.3333333333333333,0.822650101000022,0.020106651999981295,0.9213074954291286,0.9175894796986951,0.9809069212410502,0.22168284789644013,0.3616366036075671,0.004314994606256742,411,8,1846,1443,0.8961567104863788,0.29773156899810965,0.45751633986928103,0.002007024586051179,-0.025150784942749804,0.07604872110166952,0.09587973626171392,0.002307970020205563,1.028065163880879
BASE,XGBOOST,52,1.0,4000,TEMPORAL,8000,0.9896005988121033,0.005,0.00468384074941452,0.4282560706401766,10.565416679000009,0.02653490599993802,0.9441699403286538,0.9411905625000001,0.9924137931034482,0.35975,0.5280733944954128,0.00275,1439,11,3989,2561,0.8912620757406201,0.40737240075614367,0.5773610180843939,0.002007024586051179,-0.05290786458803365,0.04762240075614366,0.04928762358898109,0.0007429754139488209,1.0593628586115575
BASE,XGBOOST,52,1.0,4000,DOMAIN_OOD,3858,0.9896005988121033,0.005,0.00468384074941452,0.4282560706401766,10.565416679000009,0.013667879999957222,0.9188753519141308,0.918137693188546,0.9858012170385395,0.25194401244167963,0.40132122213047067,0.0036288232244686366,486,7,1922,1443,0.8912620757406201,0.40737240075614367,0.5773610180843939,0.002007024586051179,-0.027613276173510726,0.15542838831446404,0.17603979595392322,0.0016217986384174576,1.0309822182780128
BASE,XGBOOST,52,1.0,4000,TEMPLATE_OOD,6832,0.9896005988121033,0.005,0.00468384074941452,0.4282560706401766,10.565416679000009,0.023293249000062133,0.9381736411108883,0.9349935418940488,0.9917423616845582,0.3515807962529274,0.5191268640587854,0.002927400468384075,1201,10,3406,2215,0.8912620757406201,0.40737240075614367,0.5773610180843939,0.002007024586051179,-0.04691156537026819,0.0557916045032163,0.0582341540256085,0.0009203758823328962,1.0526349843072653
BASE,XGBOOST,52,1.0,4000,DOMAIN_TEMPLATE_OOD,3708,0.9896005988121033,0.005,0.00468384074941452,0.4282560706401766,10.565416679000009,0.012587140000050567,0.9103052578122457,0.9097240405013679,0.9861751152073732,0.2308522114347357,0.3741258741258741,0.003236245954692557,428,6,1848,1426,0.8912620757406201,0.40737240075614367,0.5773610180843939,0.002007024586051179,-0.019043182071625586,0.17652018932140798,0.20323514395851977,0.0012292213686413778,1.0213665347039491
BASE,MLP,52,1.0,4000,TEMPORAL,8000,0.9997069835662842,0.005,0.00468384074941452,0.41501103752759383,2.484370533999936,0.05950425000003179,0.9558876777966643,0.9527709062499999,0.9960876369327074,0.31825,0.482379689276241,0.00125,1273,5,3995,2727,0.9058724732529388,0.3771266540642722,0.546949965729952,0.0010035122930255895,-0.05001520454372543,0.05887665406427223,0.06457027645371105,0.00024648770697441053,1.0552121915837926
BASE,MLP,52,1.0,4000,DOMAIN_OOD,3858,0.9997069835662842,0.005,0.00468384074941452,0.41501103752759383,2.484370533999936,0.028033464000031927,0.9401941310269034,0.9377851520582545,0.9975490196078431,0.21099015033696217,0.34830979888746255,0.0005184033177812338,407,1,1928,1522,0.9058724732529388,0.3771266540642722,0.546949965729952,0.0010035122930255895,-0.034321657773964565,0.16613650372731004,0.19864016684248947,-0.0004851089752443557,1.0378879575076583
BASE,MLP,52,1.0,4000,TEMPLATE_OOD,6832,0.9997069835662842,0.005,0.00468384074941452,0.41501103752759383,2.484370533999936,0.04964513699997042,0.951508045225544,0.9484688821443653,0.995164410058027,0.3012295081967213,0.46247191011235955,0.0014637002341920376,1029,5,3411,2387,0.9058724732529388,0.3771266540642722,0.546949965729952,0.0010035122930255895,-0.04563557197260515,0.07589714586755092,0.08447805561759247,0.0004601879411664481,1.050377479523945
BASE,MLP,52,1.0,4000,DOMAIN_TEMPLATE_OOD,3708,0.9997069835662842,0.005,0.00468384074941452,0.41501103752759383,2.484370533999936,0.02478372899997794,0.9348670648853273,0.9329110270920684,0.9971098265895953,0.18608414239482202,0.31363636363636366,0.0005393743257820927,345,1,1853,1509,0.9058724732529388,0.3771266540642722,0.546949965729952,0.0010035122930255895,-0.02899459163238849,0.1910425116694502,0.23331360209358837,-0.00046413796724349677,1.0320073658141642
DAPT,LOGREG,52,1.0,4000,TEMPORAL,8000,0.9930763086283355,0.005,0.00468384074941452,0.2847682119205298,0.8089351159999296,0.05669089000002714,0.9515694533474055,0.9473672500000001,0.9916376306620209,0.35575,0.5236430542778289,0.003,1423,12,3988,2577,0.8951593321812998,0.26937618147448017,0.4234769687964339,0.0015052684395383843,-0.056410121166105665,-0.08637381852551984,-0.100166085481395,0.0014947315604616157,1.0630168497809735
DAPT,LOGREG,52,1.0,4000,DOMAIN_OOD,3858,0.9930763086283355,0.005,0.00468384074941452,0.2847682119205298,0.8089351159999296,0.028159584000036375,0.9311754984575011,0.9288728611160157,0.9801084990958409,0.2809745982374287,0.43674456083803387,0.005702436495593572,542,11,1918,1387,0.8951593321812998,0.26937618147448017,0.4234769687964339,0.0015052684395383843,-0.0360161662762013,-0.011598416762948538,-0.013267592041599996,0.004197168056055188,1.0402343638516711
DAPT,LOGREG,52,1.0,4000,TEMPLATE_OOD,6832,0.9930763086283355,0.005,0.00468384074941452,0.2847682119205298,0.8089351159999296,0.04262618500001736,0.9479178184241971,0.9437828561282079,0.9906937394247038,0.3427985948477752,0.5093518921270117,0.0032201405152224825,1171,11,3405,2245,0.8951593321812998,0.26937618147448017,0.4234769687964339,0.0015052684395383843,-0.05275848624289725,-0.07342241337329503,-0.08587492333057783,0.0017148720756840982,1.0589375369794076
DAPT,LOGREG,52,1.0,4000,DOMAIN_TEMPLATE_OOD,3708,0.9930763086283355,0.005,0.00468384074941452,0.2847682119205298,0.8089351159999296,0.02011647599999833,0.9247397461113124,0.9228619073719144,0.9797979797979798,0.261596548004315,0.4129416773094934,0.005393743257820928,485,10,1844,1369,0.8951593321812998,0.26937618147448017,0.4234769687964339,0.0015052684395383843,-0.02958041393001254,0.007779633470165193,0.01053529148694049,0.0038884748182825436,1.0330448590173682
DAPT,XGBOOST,52,1.0,4000,TEMPORAL,8000,0.9814761281013489,0.005,0.00468384074941452,0.41721854304635764,10.07231962100002,0.026273310999954447,0.9429739100897158,0.9378437500000001,0.9920454545454546,0.4365,0.60625,0.0035,1746,14,3986,2254,0.8729400437669985,0.3657844990548204,0.5308641975308642,0.006522829904666332,-0.07003386632271724,-0.07071550094517959,-0.07538580246913573,-0.003022829904666332,1.0802275789990112
DAPT,XGBOOST,52,1.0,4000,DOMAIN_OOD,3858,0.9814761281013489,0.005,0.00468384074941452,0.41721854304635764,10.07231962100002,0.013826667999978781,0.920326908134049,0.9152866093117491,0.9896142433234422,0.34577501296008295,0.5124855935459086,0.0036288232244686366,667,7,1922,1262,0.8729400437669985,0.3657844990548204,0.5308641975308642,0.006522829904666332,-0.04738686436705053,0.02000948609473746,0.01837860398495561,-0.0028940066801976957,1.0542842142543514
DAPT,XGBOOST,52,1.0,4000,TEMPLATE_OOD,6832,0.9814761281013489,0.005,0.00468384074941452,0.41721854304635764,10.07231962100002,0.02334190400006264,0.9373264473293066,0.9319765026408305,0.9909596662030598,0.41715456674473067,0.5871446229913473,0.0038056206088992973,1425,13,3403,1991,0.8729400437669985,0.3657844990548204,0.5308641975308642,0.006522829904666332,-0.06438640356230807,-0.05137006768991026,-0.05628042546048306,-0.002717209295767035,1.0737581051780618
DAPT,XGBOOST,52,1.0,4000,DOMAIN_TEMPLATE_OOD,3708,0.9814761281013489,0.005,0.00468384074941452,0.41721854304635764,10.07231962100002,0.012402197999904274,0.9111941407703126,0.9070393877083165,0.9877622377622378,0.3047464940668824,0.46578730420445175,0.0037756202804746495,565,7,1847,1289,0.8729400437669985,0.3657844990548204,0.5308641975308642,0.006522829904666332,-0.03825409700331406,0.06103800498793799,0.06507689332641248,-0.0027472096241916827,1.0438221356397355
DAPT,MLP,52,1.0,4000,TEMPORAL,8000,0.987502932548523,0.005,0.00468384074941452,0.293598233995585,1.7688342290000492,0.05275950099996862,0.948200058768874,0.9443125625,0.9968228752978554,0.31375,0.4772770488686062,0.001,1255,4,3996,2745,0.8937121731384589,0.2514177693761815,0.400904295403165,0.0015052684395383843,-0.05448788563041518,-0.062332230623818485,-0.0763727534654412,-0.0005052684395383843,1.0609680468366784
DAPT,MLP,52,1.0,4000,DOMAIN_OOD,3858,0.987502932548523,0.005,0.00468384074941452,0.293598233995585,1.7688342290000492,0.02573648600002798,0.9318032441757099,0.9289365529699888,0.994750656167979,0.1964748574390876,0.3281385281385281,0.0010368066355624676,379,2,1927,1550,0.8937121731384589,0.2514177693761815,0.400904295403165,0.0015052684395383843,-0.03809107103725107,0.054942911937093886,0.0727657672646369,-0.00046846180397591675,1.0426211840703548
DAPT,MLP,52,1.0,4000,TEMPLATE_OOD,6832,0.987502932548523,0.005,0.00468384074941452,0.293598233995585,1.7688342290000492,0.049610389999998006,0.9435736065507954,0.9395824306610576,0.99609375,0.29859484777517564,0.4594594594594595,0.00117096018735363,1020,4,3412,2396,0.8937121731384589,0.2514177693761815,0.400904295403165,0.0015052684395383843,-0.04986143341233651,-0.047177078398994154,-0.05855516405629446,-0.0003343082521847544,1.0557913777063566
DAPT,MLP,52,1.0,4000,DOMAIN_TEMPLATE_OOD,3708,0.987502932548523,0.005,0.00468384074941452,0.293598233995585,1.7688342290000492,0.026290180999922086,0.9246180369941708,0.9224365755141513,0.9937304075235109,0.1709816612729234,0.2917625402669121,0.0010787486515641855,317,2,1852,1537,0.8937121731384589,0.2514177693761815,0.400904295403165,0.0015052684395383843,-0.030905863855711924,0.08043610810325807,0.1091417551362529,-0.0004265197879741989,1.0345814511479456
CONTRASTIVE,LOGREG,52,1.0,4000,TEMPORAL,8000,0.9922129561882762,0.005,0.00468384074941452,0.26269315673289184,0.6458979740000359,0.05028891400002067,0.9035782353718118,0.8868119374999999,0.9884238646482636,0.2775,0.4333398399375366,0.00325,1110,13,3987,2890,0.8277023716391747,0.2826086956521739,0.4364963503649635,0.006522829904666332,-0.0758758637326371,0.005108695652173867,0.003156510427426873,-0.0032728299046663324,1.0916704679513884
CONTRASTIVE,LOGREG,52,1.0,4000,DOMAIN_OOD,3858,0.9922129561882762,0.005,0.00468384074941452,0.26269315673289184,0.6458979740000359,0.020774412000037046,0.8717338247472637,0.8531448591939729,0.9802816901408451,0.18040435458786935,0.30472854640980734,0.0036288232244686366,348,7,1922,1581,0.8277023716391747,0.2826086956521739,0.4364963503649635,0.006522829904666332,-0.04403145310808898,0.10220434106430454,0.13176780395515614,-0.0028940066801976957,1.0531972054409962
CONTRASTIVE,LOGREG,52,1.0,4000,TEMPLATE_OOD,6832,0.9922129561882762,0.005,0.00468384074941452,0.26269315673289184,0.6458979740000359,0.042738307000036,0.9002383038434262,0.8835782431757977,0.9871106337271751,0.2690281030444965,0.4228203358638141,0.00351288056206089,919,12,3404,2497,0.8277023716391747,0.2826086956521739,0.4364963503649635,0.006522829904666332,-0.07253593220425147,0.01358059260767741,0.013676014501149358,-0.0030099493426054423,1.087635283756167
CONTRASTIVE,LOGREG,52,1.0,4000,DOMAIN_TEMPLATE_OOD,3708,0.9922129561882762,0.005,0.00468384074941452,0.26269315673289184,0.6458979740000359,0.019964886000025217,0.8631437575705647,0.8440992914238898,0.9808917197452229,0.16612729234088458,0.28413284132841327,0.003236245954692557,308,6,1848,1546,0.8277023716391747,0.2826086956521739,0.4364963503649635,0.006522829904666332,-0.03544138593139001,0.11648140331128931,0.15236350903655022,-0.0032865839499737755,1.0428189976805335
CONTRASTIVE,XGBOOST,52,1.0,4000,TEMPORAL,8000,0.9926556944847107,0.005,0.00468384074941452,0.1368653421633554,13.368003889999954,0.027186905000007755,0.884937052253555,0.8649441249999998,0.9889746416758545,0.22425,0.36560016303240267,0.0025,897,10,3990,3103,0.8077588990721344,0.15973534971644612,0.27324171382376716,0.005017561465127948,-0.07717815318142063,-0.06451465028355388,-0.0923584492086355,-0.0025175614651279476,1.0955460265062689
CONTRASTIVE,XGBOOST,52,1.0,4000,DOMAIN_OOD,3858,0.9926556944847107,0.005,0.00468384074941452,0.1368653421633554,13.368003889999954,0.014111483999954544,0.844532864588156,0.8260032609154266,0.9774436090225563,0.13478486262312078,0.23690205011389523,0.003110419906687403,260,6,1923,1669,0.8077588990721344,0.15973534971644612,0.27324171382376716,0.005017561465127948,-0.036773965516021634,0.02495048709332534,0.03633966370987193,-0.001907141558440545,1.0455259181400087
CONTRASTIVE,XGBOOST,52,1.0,4000,TEMPLATE_OOD,6832,0.9926556944847107,0.005,0.00468384074941452,0.1368653421633554,13.368003889999954,0.02324905000000399,0.8856506253866095,0.8646986525730959,0.9883268482490273,0.2230679156908665,0.3639837592548364,0.0026346604215456673,762,9,3407,2654,0.8077588990721344,0.15973534971644612,0.27324171382376716,0.005017561465127948,-0.07789172631447516,-0.06333256597442039,-0.09074204543106923,-0.0023829010435822803,1.0964294251712345
CONTRASTIVE,XGBOOST,52,1.0,4000,DOMAIN_TEMPLATE_OOD,3708,0.9926556944847107,0.005,0.00468384074941452,0.1368653421633554,13.368003889999954,0.012662688999967031,0.8385467179052856,0.8198440294695047,0.9779735682819384,0.11974110032362459,0.21335896203748198,0.002696871628910464,222,5,1849,1632,0.8077588990721344,0.15973534971644612,0.27324171382376716,0.005017561465127948,-0.03078781883315118,0.039994249392821535,0.05988275178628519,-0.0023206898362174836,1.038115109432427
CONTRASTIVE,MLP,52,1.0,4000,TEMPORAL,8000,0.9814363718032837,0.005,0.00468384074941452,0.3068432671081678,1.7685139090000348,0.05277879400000529,0.8978995933092259,0.88143121875,0.9827067669172932,0.32675,0.49043151969981236,0.00575,1307,23,3977,2693,0.8381966829303285,0.3005671077504726,0.45755395683453237,0.007024586051179127,-0.05970291037889741,-0.026182892249527412,-0.032877562865279986,-0.0012745860511791272,1.071227805591137
CONTRASTIVE,MLP,52,1.0,4000,DOMAIN_OOD,3858,0.9814363718032837,0.005,0.00468384074941452,0.3068432671081678,1.7685139090000348,0.026173758000027192,0.8675742037334084,0.8516225701356153,0.9788235294117648,0.21565578019699327,0.35344095157179267,0.004665629860031105,416,9,1920,1513,0.8381966829303285,0.3005671077504726,0.45755395683453237,0.007024586051179127,-0.02937752080307998,0.0849113275534793,0.1041130052627397,-0.0023589561911480225,1.0350484813425609
CONTRASTIVE,MLP,52,1.0,4000,TEMPLATE_OOD,6832,0.9814363718032837,0.005,0.00468384074941452,0.3068432671081678,1.7685139090000348,0.046064907999948446,0.8991747445430667,0.883273934069731,0.9848214285714286,0.32289227166276346,0.486331569664903,0.004976580796252928,1103,17,3399,2313,0.8381966829303285,0.3005671077504726,0.45755395683453237,0.007024586051179127,-0.06097806161273822,-0.02232516391229089,-0.028777612830370614,-0.0020480052549261994,1.0727491087170131
CONTRASTIVE,MLP,52,1.0,4000,DOMAIN_TEMPLATE_OOD,3708,0.9814363718032837,0.005,0.00468384074941452,0.3068432671081678,1.7685139090000348,0.02522346400007791,0.8575827292290572,0.8417067269928049,0.979002624671916,0.2011866235167206,0.3337807606263982,0.004314994606256742,373,8,1846,1481,0.8381966829303285,0.3005671077504726,0.45755395683453237,0.007024586051179127,-0.019386046298728754,0.09938048423375198,0.12377319620813415,-0.0027095914449223853,1.0231282784739202
BASE,LOGREG,62,0.1,400,TEMPORAL,8000,0.9928123341141797,0.005,0.00468384074941452,0.3487858719646799,0.025357652000025155,0.06388279700001931,0.9184294318654724,0.9120857499999999,0.9829721362229102,0.3175,0.4799697656840514,0.0055,1270,22,3978,2730,0.8502201747584918,0.34120982986767484,0.5048951048951049,0.0055193176116407425,-0.06820925710698067,0.023709829867674836,0.0249253392110535,-1.931761164074286e-05,1.0802254041152997
BASE,LOGREG,62,0.1,400,DOMAIN_OOD,3858,0.9928123341141797,0.005,0.00468384074941452,0.3487858719646799,0.025357652000025155,0.021494734000043536,0.8855641610722524,0.8804993011364294,0.9684014869888475,0.2700881285640228,0.42237535468179976,0.008812856402280975,521,17,1912,1408,0.8502201747584918,0.34120982986767484,0.5048951048951049,0.0055193176116407425,-0.03534398631376068,0.07112170130365203,0.08251975021330515,0.0032935387906402325,1.0415703924266444
BASE,LOGREG,62,0.1,400,TEMPLATE_OOD,6832,0.9928123341141797,0.005,0.00468384074941452,0.3487858719646799,0.025357652000025155,0.04202521699994577,0.9127579057506428,0.9064513873273039,0.9804651162790697,0.3085480093676815,0.4693832108661768,0.006147540983606557,1054,21,3395,2362,0.8502201747584918,0.34120982986767484,0.5048951048951049,0.0055193176116407425,-0.06253773099215099,0.03266182049999333,0.035511894028928126,0.0006282233719658147,1.073554748344939
BASE,LOGREG,62,0.1,400,DOMAIN_TEMPLATE_OOD,3708,0.9928123341141797,0.005,0.00468384074941452,0.3487858719646799,0.025357652000025155,0.019544923000012204,0.8780934277212462,0.8728065735009525,0.9683794466403162,0.26429341963322545,0.4152542372881356,0.008629989212513484,490,16,1838,1364,0.8502201747584918,0.34120982986767484,0.5048951048951049,0.0055193176116407425,-0.027873252962754447,0.0769164102344494,0.08964086760696932,0.003110671600872741,1.0327835704094788
BASE,XGBOOST,62,0.1,400,TEMPORAL,8000,0.9944495558738708,0.005,0.00468384074941452,0.20088300220750552,2.0460223340000994,0.018487491999962913,0.8745946672473406,0.8690326874999998,0.9751552795031055,0.11775,0.21012714699977694,0.003,471,12,3988,3529,0.8075275314042074,0.22117202268431002,0.3611111111111111,0.002007024586051179,-0.06706713584313317,0.10342202268431003,0.15098396411133416,0.000992975413948821,1.0830524449445214
BASE,XGBOOST,62,0.1,400,DOMAIN_OOD,3858,0.9944495558738708,0.005,0.00468384074941452,0.20088300220750552,2.0460223340000994,0.009912203999988378,0.8205223580859157,0.8310749599372863,0.9354838709677419,0.06013478486262312,0.1130053580126644,0.00414722654224987,116,8,1921,1813,0.8075275314042074,0.22117202268431002,0.3611111111111111,0.002007024586051179,-0.01299482668170826,0.16103723782168688,0.2481057530984467,0.0021402019561986914,1.0160921159667604
BASE,XGBOOST,62,0.1,400,TEMPLATE_OOD,6832,0.9944495558738708,0.005,0.00468384074941452,0.20088300220750552,2.0460223340000994,0.018206484000074852,0.8669573839613183,0.8621178953978796,0.9728395061728395,0.11533957845433256,0.20622873593300184,0.0032201405152224825,394,11,3405,3022,0.8075275314042074,0.22117202268431002,0.3611111111111111,0.002007024586051179,-0.05942985255711086,0.10583244422997747,0.15488237517810927,0.0012131159291713036,1.0735948314403205
BASE,XGBOOST,62,0.1,400,DOMAIN_TEMPLATE_OOD,3708,0.9944495558738708,0.005,0.00468384074941452,0.20088300220750552,2.0460223340000994,0.010314984000046934,0.8084818929786752,0.8170168235914301,0.9411764705882353,0.06040992448759439,0.11353269133299544,0.0037756202804746495,112,7,1847,1742,0.8075275314042074,0.22117202268431002,0.3611111111111111,0.002007024586051179,-0.0009543615744678213,0.16076209819671564,0.24757841977811568,0.0017685956944234705,1.0011818316247476
BASE,MLP,62,0.1,400,TEMPORAL,8000,0.9913244843482971,0.005,0.00468384074941452,0.3686534216335541,0.27767138100000466,0.05745361200001753,0.9027186686156339,0.8938602499999999,0.9860594795539034,0.26525,0.4180457052797478,0.00375,1061,15,3985,2939,0.8362381618436692,0.33648393194706994,0.5007032348804501,0.004014049172102358,-0.06648050677196471,0.07123393194706995,0.08265752960070227,-0.0002640491721023581,1.0794994892667824
BASE,MLP,62,0.1,400,DOMAIN_OOD,3858,0.9913244843482971,0.005,0.00468384074941452,0.3686534216335541,0.27767138100000466,0.027456551999989642,0.8575769392740427,0.8538121455796914,0.9706744868035191,0.1715914981855884,0.2916299559471366,0.005184033177812338,331,10,1919,1598,0.8362381618436692,0.33648393194706994,0.5007032348804501,0.004014049172102358,-0.02133877743037349,0.16489243376148155,0.2090732789333135,0.00116998400570998,1.0255175838702786
BASE,MLP,62,0.1,400,TEMPLATE_OOD,6832,0.9913244843482971,0.005,0.00468384074941452,0.3686534216335541,0.27767138100000466,0.04582777400003124,0.895623829678643,0.8864090634238108,0.9850230414746544,0.2502927400468384,0.39915966386554624,0.0038056206088992973,855,13,3403,2561,0.8362381618436692,0.33648393194706994,0.5007032348804501,0.004014049172102358,-0.05938566783497379,0.08619119190023156,0.10154357101490386,-0.00020842856320306066,1.0710152568307156
BASE,MLP,62,0.1,400,DOMAIN_TEMPLATE_OOD,3708,0.9913244843482971,0.005,0.00468384074941452,0.3686534216335541,0.27767138100000466,0.026269694000006893,0.8469133235837831,0.8421041300828903,0.9724137931034482,0.15210355987055016,0.2630597014925373,0.004314994606256742,282,8,1846,1572,0.8362381618436692,0.33648393194706994,0.5007032348804501,0.004014049172102358,-0.010675161740113959,0.18438037207651978,0.23764353338791278,0.00030094543415438383,1.0127656955006432
DAPT,LOGREG,62,0.1,400,TEMPORAL,8000,0.9910168246075871,0.005,0.00468384074941452,0.3355408388520971,0.028955776999964655,0.07195206599999437,0.9172683850667207,0.9047348749999999,0.9876190476190476,0.25925,0.41069306930693067,0.00325,1037,13,3987,2963,0.8447922241366416,0.33553875236294894,0.4982456140350877,0.006021073758153537,-0.07247616093007914,0.07628875236294896,0.08755254472815704,-0.0027710737581535375,1.0857916998515795
DAPT,LOGREG,62,0.1,400,DOMAIN_OOD,3858,0.9910168246075871,0.005,0.00468384074941452,0.3355408388520971,0.028955776999964655,0.023118143000033342,0.8823391287185185,0.8722572527419075,0.9779951100244498,0.20736132711249353,0.3421727972626176,0.004665629860031105,400,9,1920,1529,0.8447922241366416,0.33553875236294894,0.4982456140350877,0.006021073758153537,-0.03754690458187693,0.12817742525045542,0.1560728167724701,-0.0013554438981224328,1.0444451351576407
DAPT,LOGREG,62,0.1,400,TEMPLATE_OOD,6832,0.9910168246075871,0.005,0.00468384074941452,0.3355408388520971,0.028955776999964655,0.04293288200005918,0.9100590359997753,0.8981961351458079,0.9844868735083532,0.24151053864168617,0.38787023977433005,0.0038056206088992973,825,13,3403,2591,0.8447922241366416,0.33553875236294894,0.4982456140350877,0.006021073758153537,-0.06526681186313377,0.09402821372126277,0.11037537426075766,-0.00221545314925424,1.0772578274259508
DAPT,LOGREG,62,0.1,400,DOMAIN_TEMPLATE_OOD,3708,0.9910168246075871,0.005,0.00468384074941452,0.3355408388520971,0.028955776999964655,0.01997369000002891,0.8720204556612519,0.8601068391733551,0.9754098360655737,0.1925566343042071,0.3216216216216216,0.0048543689320388345,357,9,1845,1497,0.8447922241366416,0.33553875236294894,0.4982456140350877,0.006021073758153537,-0.02722823152461029,0.14298211805874184,0.1766239924134661,-0.0011667048261147029,1.0322306843584372
DAPT,XGBOOST,62,0.1,400,TEMPORAL,8000,0.9911448955535889,0.005,0.00468384074941452,0.30022075055187636,1.9119089810000105,0.017174024000041754,0.8788812495487968,0.86855725,0.9707174231332357,0.16575,0.28315182575272263,0.005,663,20,3980,3337,0.8129530012469524,0.29678638941398866,0.4531024531024531,0.007024586051179127,-0.0659282483018444,0.13103638941398865,0.1699506273497305,-0.002024586051179127,1.0810972444910345
DAPT,XGBOOST,62,0.1,400,DOMAIN_OOD,3858,0.9911448955535889,0.005,0.00468384074941452,0.30022075055187636,1.9119089810000105,0.009222739999927398,0.827995800396789,0.827045173648987,0.9223300970873787,0.09849663037843442,0.17798594847775176,0.00829445308449974,190,16,1913,1739,0.8129530012469524,0.29678638941398866,0.4531024531024531,0.007024586051179127,-0.015042799149836639,0.19828975903555424,0.2751165046247014,0.0012698670333206137,1.01850389767522
DAPT,XGBOOST,62,0.1,400,TEMPLATE_OOD,6832,0.9911448955535889,0.005,0.00468384074941452,0.30022075055187636,1.9119089810000105,0.015269981999949778,0.8741530567568649,0.8639588326596426,0.9667250437828371,0.16159250585480095,0.2768999247554552,0.0055620608899297425,552,19,3397,2864,0.8129530012469524,0.29678638941398866,0.4531024531024531,0.007024586051179127,-0.06120005550991259,0.1351938835591877,0.1762025283469979,-0.0014625251612493846,1.0752811729780696
DAPT,XGBOOST,62,0.1,400,DOMAIN_TEMPLATE_OOD,3708,0.9911448955535889,0.005,0.00468384074941452,0.30022075055187636,1.9119089810000105,0.008450407000054838,0.8162984892678954,0.8093180842261811,0.9222797927461139,0.09600862998921252,0.17391304347826086,0.008090614886731391,178,15,1839,1676,0.8129530012469524,0.29678638941398866,0.4531024531024531,0.007024586051179127,-0.0033454880209430327,0.20077775942477616,0.27918940962419225,0.0010660288355522638,1.004115229313148
DAPT,MLP,62,0.1,400,TEMPORAL,8000,0.9856083989143372,0.005,0.00468384074941452,0.34216335540838855,0.22982700499994735,0.05604563000008511,0.8907261849840948,0.8823901875000001,0.9848320693391116,0.22725,0.3692870201096892,0.0035,909,14,3986,3091,0.8294513824992022,0.3553875236294896,0.5204152249134948,0.0055193176116407425,-0.06127480248489259,0.1281375236294896,0.15112820480380557,-0.0020193176116407425,1.0738738927654408
DAPT,MLP,62,0.1,400,DOMAIN_OOD,3858,0.9856083989143372,0.005,0.00468384074941452,0.34216335540838855,0.22982700499994735,0.025030971999967733,0.8427640129600927,0.8398835164675691,0.967741935483871,0.13996889580093314,0.24456521739130435,0.004665629860031105,270,9,1920,1659,0.8294513824992022,0.3553875236294896,0.5204152249134948,0.0055193176116407425,-0.013312630460890484,0.21541862782855647,0.27585000752219047,-0.0008536877516096379,1.0160499225654172
DAPT,MLP,62,0.1,400,TEMPLATE_OOD,6832,0.9856083989143372,0.005,0.00468384074941452,0.34216335540838855,0.22982700499994735,0.04548945100009405,0.8830188557989804,0.873872402360568,0.9808743169398907,0.2101873536299766,0.3461909353905497,0.004098360655737705,718,14,3402,2698,0.8294513824992022,0.3553875236294896,0.5204152249134948,0.0055193176116407425,-0.05356747329977818,0.14520016999951302,0.1742242895229451,-0.0014209569559030374,1.064581812062782
DAPT,MLP,62,0.1,400,DOMAIN_TEMPLATE_OOD,3708,0.9856083989143372,0.005,0.00468384074941452,0.34216335540838855,0.22982700499994735,0.024841759999958413,0.8277158346823756,0.8253759619423993,0.9628099173553719,0.1256742179072276,0.22232824427480916,0.0048543689320388345,233,9,1845,1621,0.8294513824992022,0.3553875236294896,0.5204152249134948,0.0055193176116407425,0.0017355478168266103,0.229713305722262,0.29808698063868566,-0.000664948679601908,0.9979075954860702
CONTRASTIVE,LOGREG,62,0.1,400,TEMPORAL,8000,0.9974019863911575,0.005,0.00468384074941452,0.08609271523178808,0.0169573580000133,0.056613852999930714,0.8412689281460776,0.82456725,0.9670886075949368,0.0955,0.1738339021615472,0.00325,382,13,3987,3618,0.7619641670504729,0.11058601134215501,0.19796954314720813,0.0035122930255895636,-0.07930476109560469,0.015086011342155009,0.024135640985660928,-0.0002622930255895637,1.1040793839460845
CONTRASTIVE,LOGREG,62,0.1,400,DOMAIN_OOD,3858,0.9974019863911575,0.005,0.00468384074941452,0.08609271523178808,0.0169573580000133,0.023078414999986308,0.7960954474196011,0.7815611276521811,0.9435483870967742,0.060653188180404355,0.11397954213346323,0.0036288232244686366,117,7,1922,1812,0.7619641670504729,0.11058601134215501,0.19796954314720813,0.0035122930255895636,-0.03413128036912827,0.049932823161750656,0.0839900010137449,0.00011653019887907304,1.044793812944313
CONTRASTIVE,LOGREG,62,0.1,400,TEMPLATE_OOD,6832,0.9974019863911575,0.005,0.00468384074941452,0.08609271523178808,0.0169573580000133,0.041557004999958735,0.8391096737565418,0.8200918737556835,0.967930029154519,0.09718969555035128,0.17664272412875764,0.0032201405152224825,332,11,3405,3084,0.7619641670504729,0.11058601134215501,0.19796954314720813,0.0035122930255895636,-0.0771455067060689,0.013396315791803726,0.021326819018450488,-0.000292152510367081,1.1012455835091242
CONTRASTIVE,LOGREG,62,0.1,400,DOMAIN_TEMPLATE_OOD,3708,0.9974019863911575,0.005,0.00468384074941452,0.08609271523178808,0.0169573580000133,0.020037629999933415,0.789547047218567,0.7695012620311894,0.95,0.061488673139158574,0.11550151975683891,0.003236245954692557,114,6,1848,1740,0.7619641670504729,0.11058601134215501,0.19796954314720813,0.0035122930255895636,-0.02758288016809418,0.049097338202996436,0.08246802339036922,-0.00027604707089700677,1.036199707756424
CONTRASTIVE,XGBOOST,62,0.1,400,TEMPORAL,8000,0.9943422675132751,0.005,0.00468384074941452,0.05739514348785872,2.7440147239999533,0.019172324999999546,0.8354588239261294,0.8174657499999999,0.9733333333333334,0.073,0.13581395348837208,0.002,292,8,3992,3708,0.7094222562985943,0.06899810964083176,0.1284080914687775,0.0030105368790767687,-0.126036567627535,-0.004001890359168231,-0.007405862019594589,-0.0010105368790767687,1.1776608592534579
CONTRASTIVE,XGBOOST,62,0.1,400,DOMAIN_OOD,3858,0.9943422675132751,0.005,0.00468384074941452,0.05739514348785872,2.7440147239999533,0.010633732999963286,0.7927463480214154,0.7796702589409791,0.9452054794520548,0.03576982892690513,0.06893106893106893,0.002073613271124935,69,4,1925,1860,0.7094222562985943,0.06899810964083176,0.1284080914687775,0.0030105368790767687,-0.08332409172282107,0.03322828071392663,0.05947702253770856,-0.0009369236079518335,1.1174534503013254
CONTRASTIVE,XGBOOST,62,0.1,400,TEMPLATE_OOD,6832,0.9943422675132751,0.005,0.00468384074941452,0.05739514348785872,2.7440147239999533,0.01692326399995636,0.8344977589826416,0.815370669229799,0.9694656488549618,0.0743559718969555,0.13811854268624252,0.00234192037470726,254,8,3408,3162,0.7094222562985943,0.06899810964083176,0.1284080914687775,0.0030105368790767687,-0.1250755026840472,-0.005357862256123738,-0.009710451217465027,-0.0006686165043695087,1.176306144293566
CONTRASTIVE,XGBOOST,62,0.1,400,DOMAIN_TEMPLATE_OOD,3708,0.9943422675132751,0.005,0.00468384074941452,0.05739514348785872,2.7440147239999533,0.009656973999994989,0.7855123957794793,0.7682051926561306,0.9402985074626866,0.03398058252427184,0.06559083810515356,0.002157497303128371,63,4,1850,1791,0.7094222562985943,0.06899810964083176,0.1284080914687775,0.0030105368790767687,-0.07609013948088494,0.03501752711655992,0.06281725336362393,-0.0008530395759483978,1.1072564876634752
CONTRASTIVE,MLP,62,0.1,400,TEMPORAL,8000,0.9858248829841614,0.005,0.00468384074941452,0.10596026490066225,0.21956012700002248,0.05778781399999389,0.8123860904966672,0.7943502499999999,0.9607250755287009,0.0795,0.14684830293234818,0.00325,318,13,3987,3682,0.7193387952683561,0.10207939508506617,0.18258664412510567,0.008529854490717512,-0.09304729522831112,0.022579395085066165,0.03573834119275748,-0.005279854490717512,1.1293511427999638
CONTRASTIVE,MLP,62,0.1,400,DOMAIN_OOD,3858,0.9858248829841614,0.005,0.00468384074941452,0.10596026490066225,0.21956012700002248,0.025970706999942195,0.7736194373746347,0.7650216700111608,0.9326923076923077,0.05028512182477968,0.0954254795868175,0.0036288232244686366,97,7,1922,1832,0.7193387952683561,0.10207939508506617,0.18258664412510567,0.008529854490717512,-0.05428064210627859,0.05179427326028649,0.08716116453828816,-0.0049010312662488755,1.0754590777854942
CONTRASTIVE,MLP,62,0.1,400,TEMPLATE_OOD,6832,0.9858248829841614,0.005,0.00468384074941452,0.10596026490066225,0.21956012700002248,0.045602151000025515,0.8138941618197745,0.7947941118801727,0.9652777777777778,0.08138173302107728,0.15010799136069114,0.002927400468384075,278,10,3406,3138,0.7193387952683561,0.10207939508506617,0.18258664412510567,0.008529854490717512,-0.09455536655141838,0.02069766206398889,0.03247865276441453,-0.005602454022333437,1.1314476115752157
CONTRASTIVE,MLP,62,0.1,400,DOMAIN_TEMPLATE_OOD,3708,0.9858248829841614,0.005,0.00468384074941452,0.10596026490066225,0.21956012700002248,0.024866313000075024,0.7643035304912107,0.7497050023914007,0.93,0.05016181229773463,0.09518935516888434,0.0037756202804746495,93,7,1847,1761,0.7193387952683561,0.10207939508506617,0.18258664412510567,0.008529854490717512,-0.0449647352228546,0.05191758278733154,0.08739728895622133,-0.004754234210242863,1.0625084251240475
BASE,LOGREG,62,0.25,1000,TEMPORAL,8000,0.9986783643166323,0.005,0.00468384074941452,0.1390728476821192,0.30948803800004043,0.052435825999964436,0.9298274500182462,0.9253274375,0.9919759277833501,0.24725,0.3958375025015009,0.002,989,8,3992,3011,0.8621631846084108,0.1502835538752363,0.26044226044226043,0.002007024586051179,-0.06766426540983539,-0.09696644612476371,-0.13539524205924047,-7.024586051178946e-06,1.0784819702555126
BASE,LOGREG,62,0.25,1000,DOMAIN_OOD,3858,0.9986783643166323,0.005,0.00468384074941452,0.1390728476821192,0.30948803800004043,0.024158839000051557,0.9010605181257381,0.8973155630373327,0.9887387387387387,0.22757905650596164,0.36999578592498944,0.002592016588906169,439,5,1924,1490,0.8621631846084108,0.1502835538752363,0.26044226044226043,0.002007024586051179,-0.03889733351732727,-0.07729550263072535,-0.10955352548272901,0.00058499200285499,1.0451159759680462
BASE,LOGREG,62,0.25,1000,TEMPLATE_OOD,6832,0.9986783643166323,0.005,0.00468384074941452,0.1390728476821192,0.30948803800004043,0.041683570999907715,0.9263277616319344,0.9215257858047815,0.9903961584633854,0.24151053864168617,0.38832666509767005,0.00234192037470726,825,8,3408,2591,0.8621631846084108,0.1502835538752363,0.26044226044226043,0.002007024586051179,-0.06416457702352363,-0.09122698476644989,-0.12788440465540962,0.00033489578865608096,1.0744227753736282
BASE,LOGREG,62,0.25,1000,DOMAIN_TEMPLATE_OOD,3708,0.9986783643166323,0.005,0.00468384074941452,0.1390728476821192,0.30948803800004043,0.019892553999966367,0.8968117348118001,0.8932207571256178,0.9875930521091811,0.21467098166127294,0.3526805494018609,0.002696871628910464,398,5,1849,1456,0.8621631846084108,0.1502835538752363,0.26044226044226043,0.002007024586051179,-0.034648550203389306,-0.06438742778603665,-0.09223828895960046,0.0006898470428592851,1.0401879259308973
BASE,XGBOOST,62,0.25,1000,TEMPORAL,8000,0.9925633668899536,0.005,0.00468384074941452,0.2980132450331126,3.791799042999969,0.021452483999951255,0.9185938713307445,0.9110270625,0.9894394800974817,0.3045,0.4656853374115848,0.00325,1218,13,3987,2782,0.8495635672980375,0.29584120982986767,0.45494186046511625,0.002508780732563974,-0.06903030403270705,-0.008658790170132324,-0.010743476946468544,0.000741219267436026,1.0812538421960018
BASE,XGBOOST,62,0.25,1000,DOMAIN_OOD,3858,0.9925633668899536,0.005,0.00468384074941452,0.2980132450331126,3.791799042999969,0.010566974999960621,0.8846979755026226,0.8782940042853599,0.9765013054830287,0.19388284085018145,0.3235294117647059,0.004665629860031105,374,9,1920,1555,0.8495635672980375,0.29584120982986767,0.45494186046511625,0.002508780732563974,-0.03513440820458513,0.10195836897968621,0.13141244870041036,0.0021568491274671308,1.0413558320495393
BASE,XGBOOST,62,0.25,1000,TEMPLATE_OOD,6832,0.9925633668899536,0.005,0.00468384074941452,0.2980132450331126,3.791799042999969,0.01769839700000375,0.911678703349172,0.9033431667480216,0.9876425855513308,0.30415690866510536,0.4650850492390331,0.0038056206088992973,1039,13,3403,2377,0.8495635672980375,0.29584120982986767,0.45494186046511625,0.002508780732563974,-0.0621151360511345,-0.008315698835237695,-0.010143188773916845,0.0012968398763353235,1.0731141711369359
BASE,XGBOOST,62,0.25,1000,DOMAIN_TEMPLATE_OOD,3708,0.9925633668899536,0.005,0.00468384074941452,0.2980132450331126,3.791799042999969,0.00966559000005418,0.8746033024966917,0.8678890739169748,0.9742120343839542,0.18338727076591155,0.30866999546073537,0.0048543689320388345,340,9,1845,1514,0.8495635672980375,0.29584120982986767,0.45494186046511625,0.002508780732563974,-0.02503973519865421,0.11245393906395612,0.14627186500438089,0.0023455881994748607,1.0294736452485727
BASE,MLP,62,0.25,1000,TEMPORAL,8000,0.9820255637168884,0.005,0.00468384074941452,0.3973509933774834,0.45503820299995823,0.0595413839999992,0.9157362715187515,0.902927375,0.9869451697127938,0.378,0.5466377440347071,0.005,1512,20,3980,2488,0.8527395629635568,0.3553875236294896,0.521497919556172,0.004014049172102358,-0.06299670855519468,-0.022612476370510393,-0.025139824478535133,0.0009859508278976421,1.0738756723521306
BASE,MLP,62,0.25,1000,DOMAIN_OOD,3858,0.9820255637168884,0.005,0.00468384074941452,0.3973509933774834,0.45503820299995823,0.02766419500005668,0.8817100173567283,0.8682454721676004,0.973404255319149,0.2846034214618974,0.4404332129963899,0.007776049766718507,549,15,1914,1380,0.8527395629635568,0.3553875236294896,0.521497919556172,0.004014049172102358,-0.028970454393171474,0.07078410216759223,0.0810647065597821,0.0037620005946161494,1.0339733907648068
BASE,MLP,62,0.25,1000,TEMPLATE_OOD,6832,0.9820255637168884,0.005,0.00468384074941452,0.3973509933774834,0.45503820299995823,0.04805854200003523,0.9105415885372715,0.8971975110925855,0.9849445324881141,0.3638758782201405,0.5314236853356135,0.0055620608899297425,1243,19,3397,2173,0.8527395629635568,0.3553875236294896,0.521497919556172,0.004014049172102358,-0.05780202557371472,-0.008488354590650893,-0.009925765779441487,0.0015480117178273845,1.0677839144378773
BASE,MLP,62,0.25,1000,DOMAIN_TEMPLATE_OOD,3708,0.9820255637168884,0.005,0.00468384074941452,0.3973509933774834,0.45503820299995823,0.025123123000071246,0.8721632965405901,0.8572848699392202,0.9720558882235529,0.2626752966558792,0.41358811040339705,0.007551240560949299,487,14,1840,1367,0.8527395629635568,0.3553875236294896,0.521497919556172,0.004014049172102358,-0.01942373357703331,0.09271222697361042,0.10790980915277493,0.003537191388846941,1.0227780373054691
DAPT,LOGREG,62,0.25,1000,TEMPORAL,8000,0.9942080713275112,0.005,0.00468384074941452,0.32671081677704195,0.5909224370000175,0.0528002959999867,0.932502746913793,0.9250895,0.9900709219858156,0.349,0.5160813308687615,0.0035,1396,14,3986,2604,0.8550317848784235,0.30907372400756145,0.4698275862068966,0.0035122930255895636,-0.07747096203536952,-0.03992627599243853,-0.04625374466186494,-1.229302558956348e-05,1.090605944019245
DAPT,LOGREG,62,0.25,1000,DOMAIN_OOD,3858,0.9942080713275112,0.005,0.00468384074941452,0.32671081677704195,0.5909224370000175,0.023444096999924113,0.905880238633723,0.8988656668926787,0.983739837398374,0.31363400725764645,0.47562893081761004,0.005184033177812338,605,10,1919,1324,0.8550317848784235,0.30907372400756145,0.4698275862068966,0.0035122930255895636,-0.05084845375529956,-0.004560283250085007,-0.005801344610713466,0.0016717401522227744,1.0594696649347717
DAPT,LOGREG,62,0.25,1000,TEMPLATE_OOD,6832,0.9942080713275112,0.005,0.00468384074941452,0.32671081677704195,0.5909224370000175,0.04270003099998121,0.9278775715725875,0.9209966084660147,0.9892650701899257,0.3507025761124122,0.5178301275124271,0.0038056206088992973,1198,13,3403,2218,0.8550317848784235,0.30907372400756145,0.4698275862068966,0.0035122930255895636,-0.07284578669416408,-0.04162885210485073,-0.0480025413055305,0.00029332758330973376,1.0851965833112531
DAPT,LOGREG,62,0.25,1000,DOMAIN_TEMPLATE_OOD,3708,0.9942080713275112,0.005,0.00468384074941452,0.32671081677704195,0.5909224370000175,0.020314909000035186,0.8976479495640595,0.8901497563796869,0.9828767123287672,0.30960086299892126,0.47087776866283837,0.005393743257820928,574,10,1844,1280,0.8550317848784235,0.30907372400756145,0.4698275862068966,0.0035122930255895636,-0.042616164685636004,-0.0005271389913598101,-0.001050182455941795,0.0018814502322313646,1.0498416145917846
DAPT,XGBOOST,62,0.25,1000,TEMPORAL,8000,0.9972030520439148,0.005,0.00468384074941452,0.24282560706401765,3.597422069000004,0.020569870000031187,0.9120691488455537,0.9003524375000002,0.9957924263674615,0.1775,0.30129429238277106,0.00075,710,3,3997,3290,0.8262683381364451,0.21833648393194707,0.3567567567567568,0.0030105368790767687,-0.08580081070910861,0.04083648393194708,0.05546246437398572,-0.0022605368790767685,1.1038413391255226
DAPT,XGBOOST,62,0.25,1000,DOMAIN_OOD,3858,0.9972030520439148,0.005,0.00468384074941452,0.24282560706401765,3.597422069000004,0.0101823999999624,0.8810010182242027,0.8705397226206322,0.9838709677419355,0.09486780715396578,0.17304964539007092,0.0015552099533437014,183,3,1926,1746,0.8262683381364451,0.21833648393194707,0.3567567567567568,0.0030105368790767687,-0.05473268008775767,0.12346867677798129,0.18370711136668585,-0.0014553269257330673,1.066240805270599
DAPT,XGBOOST,62,0.25,1000,TEMPLATE_OOD,6832,0.9972030520439148,0.005,0.00468384074941452,0.24282560706401765,3.597422069000004,0.017516218000082517,0.9093961500314885,0.8967782826648532,0.9951690821256038,0.18091334894613584,0.30616794649492196,0.0008782201405152225,618,3,3413,2798,0.8262683381364451,0.21833648393194707,0.3567567567567568,0.0030105368790767687,-0.08312781189504348,0.037423134985811235,0.050588810261834816,-0.002132316738561546,1.1006063140244837
DAPT,XGBOOST,62,0.25,1000,DOMAIN_TEMPLATE_OOD,3708,0.9972030520439148,0.005,0.00468384074941452,0.24282560706401765,3.597422069000004,0.009618625999905817,0.8681639993771044,0.855591688398739,0.9826589595375722,0.09169363538295577,0.16773556980759743,0.0016181229773462784,170,3,1851,1684,0.8262683381364451,0.21833648393194707,0.3567567567567568,0.0030105368790767687,-0.041895661240659354,0.1266428485489913,0.18902118694915934,-0.0013924139017304903,1.050704667366476
DAPT,MLP,62,0.25,1000,TEMPORAL,8000,0.9941484332084656,0.005,0.00468384074941452,0.41280353200883,0.5512790729999324,0.05676269599996431,0.9164563160254998,0.904406875,0.9912280701754386,0.31075,0.47316330414921964,0.00275,1243,11,3989,2757,0.8507119927827643,0.3818525519848771,0.5496598639455782,0.004014049172102358,-0.06574432324273549,0.07110255198487708,0.07649655979635855,-0.0012640491721023581,1.0772815286495248
DAPT,MLP,62,0.25,1000,DOMAIN_OOD,3858,0.9941484332084656,0.005,0.00468384074941452,0.41280353200883,0.5512790729999324,0.02613357999996424,0.8860006459471634,0.8752166396446586,0.9882075471698113,0.21721099015033696,0.3561410964725882,0.002592016588906169,419,5,1924,1510,0.8507119927827643,0.3818525519848771,0.5496598639455782,0.004014049172102358,-0.03528865316439911,0.16464156183454015,0.19351876747299002,-0.001422032583196189,1.0414813161960563
DAPT,MLP,62,0.25,1000,TEMPLATE_OOD,6832,0.9941484332084656,0.005,0.00468384074941452,0.41280353200883,0.5512790729999324,0.04683652999995047,0.9111131460727355,0.8990091400709705,0.9903474903474904,0.3003512880562061,0.4609164420485175,0.002927400468384075,1026,10,3406,2390,0.8507119927827643,0.3818525519848771,0.5496598639455782,0.004014049172102358,-0.0604011532899712,0.08150126392867102,0.08874342189706069,-0.0010866487037182828,1.0710007074102634
DAPT,MLP,62,0.25,1000,DOMAIN_TEMPLATE_OOD,3708,0.9941484332084656,0.005,0.00468384074941452,0.41280353200883,0.5512790729999324,0.025539986000012505,0.8745533666984876,0.8625012946147519,0.987012987012987,0.20496224379719524,0.3394372487717731,0.002696871628910464,380,5,1849,1474,0.8507119927827643,0.3818525519848771,0.5496598639455782,0.004014049172102358,-0.023841373915723274,0.17689030818768187,0.21022261517380508,-0.001317177543191894,1.028025200206401
CONTRASTIVE,LOGREG,62,0.25,1000,TEMPORAL,8000,0.9889472725766256,0.005,0.00468384074941452,0.23620309050772628,0.20188562900000306,0.05785321600001225,0.8709854719228646,0.8457145,0.974124809741248,0.32,0.4817463304478735,0.0085,1280,34,3966,2720,0.8040745133378999,0.2599243856332703,0.407709414381023,0.008028098344204716,-0.06691095858496465,-0.0600756143667297,-0.07403691606685053,0.00047190165579528466,1.083214873093293
CONTRASTIVE,LOGREG,62,0.25,1000,DOMAIN_OOD,3858,0.9889472725766256,0.005,0.00468384074941452,0.23620309050772628,0.20188562900000306,0.023657449999973323,0.8400773628249211,0.8114804432415553,0.9636711281070746,0.26127527216174184,0.4110929853181077,0.009849663037843442,504,19,1910,1425,0.8040745133378999,0.2599243856332703,0.407709414381023,0.008028098344204716,-0.03600284948702115,-0.00135088652847154,-0.00338357093708469,0.0018215646936387258,1.0447755138234203
CONTRASTIVE,LOGREG,62,0.25,1000,TEMPLATE_OOD,6832,0.9889472725766256,0.005,0.00468384074941452,0.23620309050772628,0.20188562900000306,0.04675553799995669,0.8682813249956562,0.8418315928897763,0.9746503496503497,0.32640515222482436,0.48903508771929827,0.008489461358313818,1115,29,3387,2301,0.8040745133378999,0.2599243856332703,0.407709414381023,0.008028098344204716,-0.06420681165775632,-0.06648076659155405,-0.08132567333827528,0.00046136301410910213,1.0798518179505765
CONTRASTIVE,LOGREG,62,0.25,1000,DOMAIN_TEMPLATE_OOD,3708,0.9889472725766256,0.005,0.00468384074941452,0.23620309050772628,0.20188562900000306,0.034257842999977584,0.8308533655679932,0.7978527432450202,0.9647058823529412,0.26537216828478966,0.41624365482233505,0.009708737864077669,492,18,1836,1362,0.8040745133378999,0.2599243856332703,0.407709414381023,0.008028098344204716,-0.026778852230093242,-0.005447782651519351,-0.008534240441312069,0.0016806395198729531,1.033303943584691
CONTRASTIVE,XGBOOST,62,0.25,1000,TEMPORAL,8000,0.9968312978744507,0.005,0.00468384074941452,0.046357615894039736,5.463288036999984,0.023655975999986367,0.8672875379725654,0.8462998125000001,0.9878787878787879,0.12225,0.2175750834260289,0.0015,489,6,3994,3511,0.7403050682840606,0.057655954631379965,0.10854092526690391,0.002508780732563974,-0.1269824696885048,-0.06459404536862004,-0.109034158159125,-0.0010087807325639738,1.1715272191541726
CONTRASTIVE,XGBOOST,62,0.25,1000,DOMAIN_OOD,3858,0.9968312978744507,0.005,0.00468384074941452,0.046357615894039736,5.463288036999984,0.012051384999949732,0.8349902474594446,0.8144782602502902,0.9858156028368794,0.0720580611715915,0.13429951690821257,0.0010368066355624676,139,2,1927,1790,0.7403050682840606,0.057655954631379965,0.10854092526690391,0.002508780732563974,-0.094685179175384,-0.014402106540211533,-0.025758591641308656,-0.0014719740970015062,1.1279002173993662
CONTRASTIVE,XGBOOST,62,0.25,1000,TEMPLATE_OOD,6832,0.9968312978744507,0.005,0.00468384074941452,0.046357615894039736,5.463288036999984,0.020204672000090795,0.8676602075650022,0.8451554264543764,0.988399071925754,0.12470725995316159,0.22147127631920976,0.0014637002341920376,426,5,3411,2990,0.7403050682840606,0.057655954631379965,0.10854092526690391,0.002508780732563974,-0.12735513928094155,-0.06705130532178163,-0.11293035105230585,-0.0010450804983719363,1.1720306191826237
CONTRASTIVE,XGBOOST,62,0.25,1000,DOMAIN_TEMPLATE_OOD,3708,0.9968312978744507,0.005,0.00468384074941452,0.046357615894039736,5.463288036999984,0.011235224000074595,0.8295757817939666,0.8060510002571775,0.9859154929577465,0.07551240560949299,0.1402805611222445,0.0010787486515641855,140,2,1852,1714,0.7403050682840606,0.057655954631379965,0.10854092526690391,0.002508780732563974,-0.08927071350990601,-0.017856450978113024,-0.03173963585534058,-0.0014300320809997884,1.1205863870644908
CONTRASTIVE,MLP,62,0.25,1000,TEMPORAL,8000,0.9959235787391663,0.005,0.00468384074941452,0.18763796909492272,0.599006423999981,0.05793906400003834,0.8680854852064264,0.84272753125,0.9757462686567164,0.2615,0.41246056782334384,0.0065,1046,26,3974,2954,0.783842870971318,0.2107750472589792,0.34307692307692306,0.009533366783743101,-0.08424261423510837,-0.05072495274102082,-0.06938364474642078,-0.0030333667837431017,1.1074738539507505
CONTRASTIVE,MLP,62,0.25,1000,DOMAIN_OOD,3858,0.9959235787391663,0.005,0.00468384074941452,0.18763796909492272,0.599006423999981,0.02621239899997363,0.8339482999008877,0.8085809858047789,0.9717948717948718,0.1964748574390876,0.326865028029323,0.005702436495593572,379,11,1918,1550,0.783842870971318,0.2107750472589792,0.34307692307692306,0.009533366783743101,-0.050105428929569706,0.01430018981989159,0.016211895047600067,-0.003830930288149529,1.0639227972660903
CONTRASTIVE,MLP,62,0.25,1000,TEMPLATE_OOD,6832,0.9959235787391663,0.005,0.00468384074941452,0.18763796909492272,0.599006423999981,0.04604016700000102,0.8678809869513178,0.8413400364176844,0.9796791443850268,0.2681498829039813,0.42105263157894735,0.0055620608899297425,916,19,3397,2500,0.783842870971318,0.2107750472589792,0.34307692307692306,0.009533366783743101,-0.08403811597999977,-0.05737483564500209,-0.07797570850202429,-0.003971305893813359,1.1072129620517719
CONTRASTIVE,MLP,62,0.25,1000,DOMAIN_TEMPLATE_OOD,3708,0.9959235787391663,0.005,0.00468384074941452,0.18763796909492272,0.599006423999981,0.02610934000006182,0.8252236895640325,0.7956198964540937,0.9744245524296675,0.20550161812297735,0.3394209354120267,0.005393743257820928,381,10,1844,1473,0.783842870971318,0.2107750472589792,0.34307692307692306,0.009533366783743101,-0.041380818592714474,0.005273429136001845,0.003655987664896332,-0.004139623525922173,1.052792236971469
BASE,LOGREG,62,1.0,4000,TEMPORAL,8000,0.994125237692969,0.005,0.00468384074941452,0.3333333333333333,0.7093426309999131,0.07092336400000931,0.9499098889746075,0.9445268124999998,0.99153194765204,0.322,0.4861294583883752,0.00275,1288,11,3989,2712,0.8961567104863788,0.29773156899810965,0.45751633986928103,0.002007024586051179,-0.05375317848822869,-0.024268431001890356,-0.02861311851909415,0.0007429754139488209,1.0599818958662428
BASE,LOGREG,62,1.0,4000,DOMAIN_OOD,3858,0.994125237692969,0.005,0.00468384074941452,0.3333333333333333,0.7093426309999131,0.021155725000085113,0.925876188699382,0.9218968562829595,0.982532751091703,0.2332814930015552,0.3770423125261835,0.00414722654224987,450,8,1921,1479,0.8961567104863788,0.29773156899810965,0.45751633986928103,0.002007024586051179,-0.029719478213003248,0.06445007599655445,0.08047402734309755,0.0021402019561986914,1.0331632602481695
BASE,LOGREG,62,1.0,4000,TEMPLATE_OOD,6832,0.994125237692969,0.005,0.00468384074941452,0.3333333333333333,0.7093426309999131,0.041359164000027704,0.9457954310921128,0.9402790594200594,0.9900090826521344,0.3190866510538642,0.4826212087668807,0.0032201405152224825,1090,11,3405,2326,0.8961567104863788,0.29773156899810965,0.45751633986928103,0.002007024586051179,-0.049638720605734044,-0.021355082055754537,-0.025104868897599664,0.0012131159291713036,1.0553906699853792
BASE,LOGREG,62,1.0,4000,DOMAIN_TEMPLATE_OOD,3708,0.994125237692969,0.005,0.00468384074941452,0.3333333333333333,0.7093426309999131,0.02031645599993226,0.9213074954291286,0.9175894796986951,0.9809069212410502,0.22168284789644013,0.3616366036075671,0.004314994606256742,411,8,1846,1443,0.8961567104863788,0.29773156899810965,0.45751633986928103,0.002007024586051179,-0.025150784942749804,0.07604872110166952,0.09587973626171392,0.002307970020205563,1.028065163880879
BASE,XGBOOST,62,1.0,4000,TEMPORAL,8000,0.9872643351554871,0.005,0.00468384074941452,0.4613686534216336,10.74354977300004,0.02981834100000924,0.9439454823909516,0.9410411249999999,0.9929532351057014,0.3875,0.5574536953785291,0.00275,1550,11,3989,2450,0.8902611260546913,0.42627599243856334,0.5957727873183619,0.002508780732563974,-0.05368435633626023,0.038775992438563334,0.03831909193983285,0.000241219267436026,1.0603018089469654
BASE,XGBOOST,62,1.0,4000,DOMAIN_OOD,3858,0.9872643351554871,0.005,0.00468384074941452,0.4613686534216336,10.74354977300004,0.013481909000006453,0.918630512238359,0.9179802103766123,0.9874776386404294,0.28615863141524106,0.4437299035369775,0.0036288232244686366,552,7,1922,1377,0.8902611260546913,0.42627599243856334,0.5957727873183619,0.002508780732563974,-0.02836938618366769,0.14011736102332228,0.15204288378138442,0.0011200424919046627,1.031866365219596
BASE,XGBOOST,62,1.0,4000,TEMPLATE_OOD,6832,0.9872643351554871,0.005,0.00468384074941452,0.4613686534216336,10.74354977300004,0.02425809900000786,0.9379855713501095,0.934822919694618,0.9921875,0.37177985948477754,0.540885860306644,0.002927400468384075,1270,10,3406,2146,0.8902611260546913,0.42627599243856334,0.5957727873183619,0.002508780732563974,-0.047724445295418194,0.0544961329537858,0.054886927011717934,0.0004186197358201013,1.0536072438733963
BASE,XGBOOST,62,1.0,4000,DOMAIN_TEMPLATE_OOD,3708,0.9872643351554871,0.005,0.00468384074941452,0.4613686534216336,10.74354977300004,0.01281009499996344,0.9108628087132487,0.910580522710161,0.9874739039665971,0.2551240560949299,0.405486498071153,0.003236245954692557,473,6,1848,1381,0.8902611260546913,0.42627599243856334,0.5957727873183619,0.002508780732563974,-0.02060168265855733,0.17115193634363346,0.19028628924720892,0.0007274652221285829,1.0231411684230856
BASE,MLP,62,1.0,4000,TEMPORAL,8000,0.9989727139472961,0.005,0.00468384074941452,0.445916114790287,2.2825057920000518,0.05876129299997501,0.9583723105512812,0.95490459375,0.9925093632958801,0.3975,0.567654409139593,0.003,1590,12,3988,2410,0.9061689845490597,0.40737240075614367,0.575818303273213,0.004014049172102358,-0.05220332600222155,0.009872400756143651,0.008163894133620064,-0.001014049172102358,1.0576088200902172
BASE,MLP,62,1.0,4000,DOMAIN_OOD,3858,0.9989727139472961,0.005,0.00468384074941452,0.445916114790287,2.2825057920000518,0.028765790999955243,0.9440218339907891,0.940445429115132,0.988835725677831,0.321410057024365,0.48513302034428796,0.0036288232244686366,620,7,1922,1309,0.9061689845490597,0.40737240075614367,0.575818303273213,0.004014049172102358,-0.0378528494417294,0.08596234373177869,0.09068528292892508,-0.0003852259476337214,1.0417723957530574
BASE,MLP,62,1.0,4000,TEMPLATE_OOD,6832,0.9989727139472961,0.005,0.00468384074941452,0.445916114790287,2.2825057920000518,0.04867104699997071,0.9546068170837135,0.9507198782832132,0.9924981245311327,0.38729508196721313,0.5571699305116866,0.002927400468384075,1323,10,3406,2093,0.9061689845490597,0.40737240075614367,0.575818303273213,0.004014049172102358,-0.048437832534653835,0.020077318788930543,0.01864837276152642,-0.0010866487037182828,1.0534534213381384
BASE,MLP,62,1.0,4000,DOMAIN_TEMPLATE_OOD,3708,0.9989727139472961,0.005,0.00468384074941452,0.445916114790287,2.2825057920000518,0.02471085399997719,0.9401959447910853,0.9358743857125733,0.9895470383275261,0.3063646170442287,0.46787479406919275,0.003236245954692557,568,6,1848,1286,0.9061689845490597,0.40737240075614367,0.575818303273213,0.004014049172102358,-0.03402696024202556,0.10100778371191499,0.1079435092040203,-0.0007778032174098012,1.0375503474762586
DAPT,LOGREG,62,1.0,4000,TEMPORAL,8000,0.9854148467137493,0.005,0.00468384074941452,0.4216335540838852,0.6612187260000155,0.0808103150000079,0.9545465207892715,0.9501795000000001,0.9884146341463415,0.40525,0.574822695035461,0.00475,1621,19,3981,2379,0.898384276037489,0.390359168241966,0.5588633288227334,0.0035122930255895636,-0.05616224475178244,-0.014890831758034018,-0.015959366212727644,0.0012377069744104363,1.0625147236542225
DAPT,LOGREG,62,1.0,4000,DOMAIN_OOD,3858,0.9854148467137493,0.005,0.00468384074941452,0.4216335540838852,0.6612187260000155,0.027862518000006276,0.935074339323443,0.9324723914624967,0.9796954314720813,0.3001555209953344,0.4595238095238095,0.006220839813374806,579,12,1917,1350,0.898384276037489,0.390359168241966,0.5588633288227334,0.0035122930255895636,-0.03669006328595392,0.0902036472466316,0.09933951929892387,0.002708546787785242,1.0408400550461359
DAPT,LOGREG,62,1.0,4000,TEMPLATE_OOD,6832,0.9854148467137493,0.005,0.00468384074941452,0.4216335540838852,0.6612187260000155,0.042742645999965134,0.95110664549115,0.9468683670727093,0.9872468117029257,0.38524590163934425,0.5542219414613603,0.004976580796252928,1316,17,3399,2100,0.898384276037489,0.390359168241966,0.5588633288227334,0.0035122930255895636,-0.05272236945366093,0.0051132666026217355,0.004641387361373095,0.0014642877706633642,1.0586857660579323
DAPT,LOGREG,62,1.0,4000,DOMAIN_TEMPLATE_OOD,3708,0.9854148467137493,0.005,0.00468384074941452,0.4216335540838852,0.6612187260000155,0.020197762000066177,0.9296296108537839,0.9272452692740498,0.9784313725490196,0.2691477885652643,0.42216582064297803,0.005933117583603021,499,11,1843,1355,0.898384276037489,0.390359168241966,0.5588633288227334,0.0035122930255895636,-0.03124533481629488,0.1212113796767017,0.13669750817975534,0.0024208245580134573,1.034779476499866
DAPT,XGBOOST,62,1.0,4000,TEMPORAL,8000,0.9954735040664673,0.005,0.00468384074941452,0.38852097130242824,10.194875885999977,0.02663890300004823,0.939817755904865,0.9346774375000001,0.9966694421315571,0.29925,0.46029609690444145,0.001,1197,4,3996,2803,0.8779713239494096,0.3676748582230624,0.5365517241379311,0.0015052684395383843,-0.06184643195545547,0.06842485822306238,0.07625562723348961,-0.0005052684395383843,1.0704424282073923
DAPT,XGBOOST,62,1.0,4000,DOMAIN_OOD,3858,0.9954735040664673,0.005,0.00468384074941452,0.38852097130242824,10.194875885999977,0.014026392999994641,0.9162154600783343,0.911841336873203,0.9949109414758269,0.20269569725246242,0.3367786391042205,0.0010368066355624676,391,2,1927,1538,0.8779713239494096,0.3676748582230624,0.5365517241379311,0.0015052684395383843,-0.038244136128924744,0.16497916097059998,0.19977308503371055,-0.00046846180397591675,1.043559664291642
DAPT,XGBOOST,62,1.0,4000,TEMPLATE_OOD,6832,0.9954735040664673,0.005,0.00468384074941452,0.38852097130242824,10.194875885999977,0.023056353000015406,0.9347872705819936,0.9292164678959464,0.996039603960396,0.29449648711943793,0.45458653411658384,0.00117096018735363,1006,4,3412,2410,0.8779713239494096,0.3676748582230624,0.5365517241379311,0.0015052684395383843,-0.05681594663258405,0.07317837110362446,0.08196519002134722,-0.0003343082521847544,1.0647127589281695
DAPT,XGBOOST,62,1.0,4000,DOMAIN_TEMPLATE_OOD,3708,0.9954735040664673,0.005,0.00468384074941452,0.38852097130242824,10.194875885999977,0.013010550999979387,0.9060130242250123,0.9009317153267259,0.9941690962099126,0.18392664509169362,0.31042330450614475,0.0010787486515641855,341,2,1852,1513,0.8779713239494096,0.3676748582230624,0.5365517241379311,0.0015052684395383843,-0.02804170027560271,0.18374821313136877,0.22612841963178631,-0.0004265197879741989,1.0319391983663677
DAPT,MLP,62,1.0,4000,TEMPORAL,8000,0.9997193813323975,0.005,0.00468384074941452,0.445916114790287,2.9524954920000255,0.05974598600005265,0.9546195533771514,0.9510711875000001,0.9950773558368495,0.35375,0.5219476208041313,0.00175,1415,7,3993,2585,0.9059421652010946,0.42533081285444235,0.5952380952380952,0.002007024586051179,-0.048677388176056824,0.07158081285444234,0.07329047443396397,-0.00025702458605117895,1.0537312314691212
DAPT,MLP,62,1.0,4000,DOMAIN_OOD,3858,0.9997193813323975,0.005,0.00468384074941452,0.445916114790287,2.9524954920000255,0.029298807000031957,0.9355940361381393,0.9340836341228166,0.9918200408997955,0.2514256091238984,0.4011579818031431,0.002073613271124935,485,4,1925,1444,0.9059421652010946,0.42533081285444235,0.5952380952380952,0.002007024586051179,-0.02965187093704469,0.17390520373054397,0.19408011343495213,6.658868507375621e-05,1.0327304237246346
DAPT,MLP,62,1.0,4000,TEMPLATE_OOD,6832,0.9997193813323975,0.005,0.00468384074941452,0.445916114790287,2.9524954920000255,0.04961341800003538,0.9500423375620535,0.946654982202502,0.9947043248014121,0.32991803278688525,0.49549351505825456,0.001756440281030445,1127,6,3410,2289,0.9059421652010946,0.42533081285444235,0.5952380952380952,0.002007024586051179,-0.04410017236095887,0.0954127800675571,0.09974458017984067,-0.000250584305020734,1.0486787943589864
DAPT,MLP,62,1.0,4000,DOMAIN_TEMPLATE_OOD,3708,0.9997193813323975,0.005,0.00468384074941452,0.445916114790287,2.9524954920000255,0.025203338999972402,0.9298233388797028,0.9285253377926266,0.9929078014184397,0.22653721682847897,0.3689064558629776,0.0016181229773462784,420,3,1851,1434,0.9059421652010946,0.42533081285444235,0.5952380952380952,0.002007024586051179,-0.023881173678608203,0.1987935960259634,0.22633163937511763,-0.0003889016087049006,1.0263605940819713
CONTRASTIVE,LOGREG,62,1.0,4000,TEMPORAL,8000,0.9895298303376985,0.005,0.00468384074941452,0.2671081677704194,0.5226020129999824,0.07764073900000312,0.8863034169911015,0.8698228125,0.9752679307502061,0.29575,0.4538653366583541,0.0075,1183,30,3970,2817,0.7986082305349789,0.2674858223062382,0.4167893961708395,0.008529854490717512,-0.08769518645612262,-0.028264177693761827,-0.037075940487514614,-0.001029854490717512,1.1098100208626407
CONTRASTIVE,LOGREG,62,1.0,4000,DOMAIN_OOD,3858,0.9895298303376985,0.005,0.00468384074941452,0.2671081677704194,0.5226020129999824,0.029208389000018542,0.8466745387487071,0.830321944853604,0.9656862745098039,0.2042509072058061,0.3371844244758237,0.007257646448937273,394,14,1915,1535,0.7986082305349789,0.2674858223062382,0.4167893961708395,0.008529854490717512,-0.04806630821372826,0.06323491510043208,0.07960497169501579,-0.0012722080417802385,1.0601875943371246
CONTRASTIVE,LOGREG,62,1.0,4000,TEMPLATE_OOD,6832,0.9895298303376985,0.005,0.00468384074941452,0.2671081677704194,0.5226020129999824,0.04214845600006356,0.8824630071767086,0.8655460218890029,0.974559686888454,0.29156908665105385,0.44885083370887785,0.007611241217798595,996,26,3390,2420,0.7986082305349789,0.2674858223062382,0.4167893961708395,0.008529854490717512,-0.08385477664172969,-0.02408326434481567,-0.03206143753803836,-0.000918613272918917,1.105001142532123
CONTRASTIVE,LOGREG,62,1.0,4000,DOMAIN_TEMPLATE_OOD,3708,0.9895298303376985,0.005,0.00468384074941452,0.2671081677704194,0.5226020129999824,0.02005340999994587,0.8407054877711282,0.8231253687470108,0.9659685863874345,0.19902912621359223,0.3300536672629696,0.007011866235167206,369,13,1841,1485,0.7986082305349789,0.2674858223062382,0.4167893961708395,0.008529854490717512,-0.04209725723614932,0.06845669609264596,0.0867357289078699,-0.0015179882555503054,1.052713277457645
CONTRASTIVE,XGBOOST,62,1.0,4000,TEMPORAL,8000,0.9828534126281738,0.005,0.00468384074941452,0.20750551876379691,13.485626507999996,0.0269746500000565,0.8854172391506159,0.8677520000000001,0.9791847354726799,0.28225,0.43819134484766153,0.006,1129,24,3976,2871,0.7873022253359577,0.222117202268431,0.357958872810358,0.010035122930255895,-0.09811501381465815,-0.06013279773156899,-0.08023247203730355,-0.004035122930255895,1.1246217915525267
CONTRASTIVE,XGBOOST,62,1.0,4000,DOMAIN_OOD,3858,0.9828534126281738,0.005,0.00468384074941452,0.20750551876379691,13.485626507999996,0.013558858000010332,0.8481873426609292,0.8316788232110316,0.9725,0.20165889061689996,0.3340489480463718,0.005702436495593572,389,11,1918,1540,0.7873022253359577,0.222117202268431,0.357958872810358,0.010035122930255895,-0.06088511732497148,0.020458311651531058,0.02390992476398618,-0.004332686434662323,1.0773338565110628
CONTRASTIVE,XGBOOST,62,1.0,4000,TEMPLATE_OOD,6832,0.9828534126281738,0.005,0.00468384074941452,0.20750551876379691,13.485626507999996,0.023282019000021137,0.8854162364843974,0.8661210469810069,0.983419689119171,0.2778103044496487,0.4332344213649852,0.00468384074941452,949,16,3400,2467,0.7873022253359577,0.222117202268431,0.357958872810358,0.010035122930255895,-0.09811401114843965,-0.0556931021812177,-0.0752755485546272,-0.0053512821808413755,1.124620518005741
CONTRASTIVE,XGBOOST,62,1.0,4000,DOMAIN_TEMPLATE_OOD,3708,0.9828534126281738,0.005,0.00468384074941452,0.20750551876379691,13.485626507999996,0.012746590000006108,0.843174051966882,0.8250041602226854,0.9753424657534246,0.19201725997842503,0.32086525461919785,0.0048543689320388345,356,9,1845,1498,0.7873022253359577,0.222117202268431,0.357958872810358,0.010035122930255895,-0.05587182663092427,0.030099942290005982,0.03709361819116014,-0.005180753998217061,1.0709661738947616
CONTRASTIVE,MLP,62,1.0,4000,TEMPORAL,8000,0.9902929663658142,0.005,0.00468384074941452,0.23178807947019867,1.7433114149999938,0.06079656199995043,0.8961554977657479,0.88007059375,0.9840737636211232,0.2935,0.4521471211245908,0.00475,1174,19,3981,2826,0.8162530822062976,0.22495274102079396,0.3622526636225266,0.009031610637230306,-0.07990241555945032,-0.06854725897920602,-0.0898944575020642,-0.004281610637230306,1.0978892665782989
CONTRASTIVE,MLP,62,1.0,4000,DOMAIN_OOD,3858,0.9902929663658142,0.005,0.00468384074941452,0.23178807947019867,1.7433114149999938,0.030565347999981896,0.866638797518571,0.8491225976816703,0.9829683698296837,0.20943494038361846,0.3452991452991453,0.0036288232244686366,404,7,1922,1525,0.8162530822062976,0.22495274102079396,0.3622526636225266,0.009031610637230306,-0.05038571531227343,0.015517800637175505,0.016953518323381322,-0.0054027874127616695,1.061728055195924
CONTRASTIVE,MLP,62,1.0,4000,TEMPLATE_OOD,6832,0.9902929663658142,0.005,0.00468384074941452,0.23178807947019867,1.7433114149999938,0.05049288099996829,0.8955348688921942,0.878248334741045,0.9851632047477745,0.29156908665105385,0.44996611700926137,0.004391100702576112,996,15,3401,2420,0.8162530822062976,0.22495274102079396,0.3622526636225266,0.009031610637230306,-0.0792817866858967,-0.0666163456302599,-0.08771345338673475,-0.004640509934654194,1.097128927797248
CONTRASTIVE,MLP,62,1.0,4000,DOMAIN_TEMPLATE_OOD,3708,0.9902929663658142,0.005,0.00468384074941452,0.23178807947019867,1.7433114149999938,0.02563862500005598,0.8597325748284164,0.8405590291960355,0.9827586206896551,0.215210355987055,0.3530973451327434,0.0037756202804746495,399,7,1847,1455,0.8162530822062976,0.22495274102079396,0.3622526636225266,0.009031610637230306,-0.04347949262211881,0.009742385033738948,0.009155318489783237,-0.005255990356755657,1.0532671711383872
BASE,LOGREG,72,0.1,400,TEMPORAL,8000,0.998500342985107,0.005,0.00468384074941452,0.1434878587196468,0.028623116999938247,0.06478047299992795,0.925013646181051,0.9322469374999999,0.9714285714285714,0.1445,0.2515778019586507,0.00425,578,17,3983,3422,0.8407499282741737,0.16918714555765596,0.2882447665056361,0.002508780732563974,-0.08426371790687726,0.02468714555765597,0.03666696454698537,0.0017412192674360265,1.1002244723111037
BASE,LOGREG,72,0.1,400,DOMAIN_OOD,3858,0.998500342985107,0.005,0.00468384074941452,0.1434878587196468,0.028623116999938247,0.023832747000028576,0.9012352664105068,0.913931343406321,0.9452554744525548,0.13426645930533956,0.2351339083068543,0.007776049766718507,259,15,1914,1670,0.8407499282741737,0.16918714555765596,0.2882447665056361,0.002508780732563974,-0.060485338136333056,0.034920686252316396,0.05311085819878178,0.005267269034154533,1.0719421270252056
BASE,LOGREG,72,0.1,400,TEMPLATE_OOD,6832,0.998500342985107,0.005,0.00468384074941452,0.1434878587196468,0.028623116999938247,0.04267549900009726,0.9162784283597804,0.9251240203149251,0.9643605870020965,0.13466042154566746,0.23632160287695864,0.004976580796252928,460,17,3399,2956,0.8407499282741737,0.16918714555765596,0.2882447665056361,0.002508780732563974,-0.07552850008560663,0.0345267240119885,0.05192316362867744,0.002467800063688954,1.089834679190096
BASE,LOGREG,72,0.1,400,DOMAIN_TEMPLATE_OOD,3708,0.998500342985107,0.005,0.00468384074941452,0.1434878587196468,0.028623116999938247,0.020125158000041665,0.8943362936326795,0.9067665003741291,0.9431818181818182,0.1343042071197411,0.23512747875354106,0.008090614886731391,249,15,1839,1605,0.8407499282741737,0.16918714555765596,0.2882447665056361,0.002508780732563974,-0.053586365358505805,0.03488293843791487,0.05311728775209501,0.0055818341541674175,1.0637363900446637
BASE,XGBOOST,72,0.1,400,TEMPORAL,8000,0.9925349354743958,0.005,0.00468384074941452,0.26490066225165565,2.0547093789999735,0.017798609999999826,0.8926100362029488,0.9047052499999999,0.9539078156312625,0.119,0.2116025783507446,0.00575,476,23,3977,3524,0.8200907226720282,0.2504725897920605,0.3975993998499625,0.005017561465127948,-0.07251931353092056,0.1314725897920605,0.1859968214992179,0.0007324385348720522,1.0884284037437193
BASE,XGBOOST,72,0.1,400,DOMAIN_OOD,3858,0.9925349354743958,0.005,0.00468384074941452,0.26490066225165565,2.0547093789999735,0.009119911999960095,0.8492352701699688,0.8709259048744693,0.9254658385093167,0.07724209434940384,0.14258373205741626,0.006220839813374806,149,12,1917,1780,0.8200907226720282,0.2504725897920605,0.3975993998499625,0.005017561465127948,-0.0291445474979406,0.17323049544265667,0.25501566779254625,0.001203278348246858,1.0355381992409103
BASE,XGBOOST,72,0.1,400,TEMPLATE_OOD,6832,0.9925349354743958,0.005,0.00468384074941452,0.26490066225165565,2.0547093789999735,0.015851333000000523,0.8825154662309138,0.895825677758338,0.944578313253012,0.11475409836065574,0.20464630644740275,0.006733021077283372,392,23,3393,3024,0.8200907226720282,0.2504725897920605,0.3975993998499625,0.005017561465127948,-0.06242474355888561,0.13571849143140474,0.19295309340255976,0.0017154596121554243,1.0761193144040122
BASE,XGBOOST,72,0.1,400,DOMAIN_TEMPLATE_OOD,3708,0.9925349354743958,0.005,0.00468384074941452,0.26490066225165565,2.0547093789999735,0.008691808999969908,0.8401710716920899,0.8602284456826197,0.9289940828402367,0.08468176914778856,0.15521502718734553,0.006472491909385114,157,12,1842,1697,0.8200907226720282,0.2504725897920605,0.3975993998499625,0.005017561465127948,-0.020080349020061727,0.16579082064427192,0.24238437266261698,0.0014549304442571659,1.024485521497714
BASE,MLP,72,0.1,400,TEMPORAL,8000,0.9986127018928528,0.005,0.00468384074941452,0.2803532008830022,0.24594270500006132,0.05709702299998298,0.9174490261676487,0.92357390625,0.9708920187793427,0.2585,0.40829220138203354,0.00775,1034,31,3969,2966,0.8437032626911638,0.29111531190926276,0.44702467343976776,0.006021073758153537,-0.07374576347648487,0.032615311909262756,0.038732472057734224,0.0017289262418464625,1.0874072280356695
BASE,MLP,72,0.1,400,DOMAIN_OOD,3858,0.9986127018928528,0.005,0.00468384074941452,0.2803532008830022,0.24594270500006132,0.026119124000047123,0.8712317389426518,0.8917677875626742,0.9244712990936556,0.15863141524105753,0.27079646017699116,0.012960082944530845,306,25,1904,1623,0.8437032626911638,0.29111531190926276,0.44702467343976776,0.006021073758153537,-0.02752847625148802,0.13248389666820523,0.1762282132627766,0.006939009186377308,1.0326281495743899
BASE,MLP,72,0.1,400,TEMPLATE_OOD,6832,0.9986127018928528,0.005,0.00468384074941452,0.2803532008830022,0.24594270500006132,0.04514816400001109,0.9093181388167847,0.9163899804748559,0.9656699889258029,0.25526932084309134,0.4037971752720537,0.009074941451990632,872,31,3385,2544,0.8437032626911638,0.29111531190926276,0.44702467343976776,0.006021073758153537,-0.06561487612562089,0.03584599106617142,0.04322749816771404,0.0030538676938370946,1.077770086980971
BASE,MLP,72,0.1,400,DOMAIN_TEMPLATE_OOD,3708,0.9986127018928528,0.005,0.00468384074941452,0.2803532008830022,0.24594270500006132,0.025622287000032884,0.8621875935591705,0.882750378492987,0.919093851132686,0.15318230852211434,0.26259824318076747,0.01348435814455232,284,25,1829,1570,0.8437032626911638,0.29111531190926276,0.44702467343976776,0.006021073758153537,-0.018484330868006715,0.13793300338714842,0.1844264302590003,0.0074632843863987825,1.0219085686702778
DAPT,LOGREG,72,0.1,400,TEMPORAL,8000,0.9970574629277877,0.005,0.00468384074941452,0.12582781456953643,0.030677650000029644,0.08806610999999975,0.9225213574727441,0.92564925,0.9804469273743017,0.08775,0.16108306562643415,0.00175,351,7,3993,3649,0.8433749936810653,0.13705103969754254,0.24006622516556292,0.002508780732563974,-0.07914636379167883,0.04930103969754254,0.07898315953912877,-0.0007587807325639738,1.093844807333248
DAPT,LOGREG,72,0.1,400,DOMAIN_OOD,3858,0.9970574629277877,0.005,0.00468384074941452,0.12582781456953643,0.030677650000029644,0.02717962899998838,0.8896127834535545,0.903322215476798,0.9571428571428572,0.06946604458268534,0.12953117448042534,0.003110419906687403,134,6,1923,1795,0.8433749936810653,0.13705103969754254,0.24006622516556292,0.002508780732563974,-0.04623778977248927,0.0675849951148572,0.11053505068513758,0.000601639174123429,1.0548247103825974
DAPT,LOGREG,72,0.1,400,TEMPLATE_OOD,6832,0.9970574629277877,0.005,0.00468384074941452,0.12582781456953643,0.030677650000029644,0.05347387900008016,0.914617562814465,0.9198686680396426,0.9766666666666667,0.0857728337236534,0.15769644779332614,0.0020491803278688526,293,7,3409,3123,0.8433749936810653,0.13705103969754254,0.24006622516556292,0.002508780732563974,-0.07124256913339977,0.05127820597388914,0.08236977737223677,-0.0004596004046951213,1.0844731817604034
DAPT,LOGREG,72,0.1,400,DOMAIN_TEMPLATE_OOD,3708,0.9970574629277877,0.005,0.00468384074941452,0.12582781456953643,0.030677650000029644,0.02000686599990331,0.8782842397749882,0.8929170317771191,0.952,0.06418554476806904,0.12026275896917635,0.003236245954692557,119,6,1848,1735,0.8433749936810653,0.13705103969754254,0.24006622516556292,0.002508780732563974,-0.034909246093922874,0.0728654949294735,0.11980346619638657,0.0007274652221285829,1.041392318192356
DAPT,XGBOOST,72,0.1,400,TEMPORAL,8000,0.9973386526107788,0.005,0.00468384074941452,0.09050772626931568,1.9210390939999797,0.017410935000043537,0.884996898704869,0.8930410000000001,0.9716981132075472,0.0515,0.09781576448243115,0.0015,206,6,3994,3794,0.7872256486890885,0.09640831758034027,0.17480719794344474,0.0035122930255895636,-0.09777125001578046,0.04490831758034027,0.07699143346101359,-0.0020122930255895635,1.1241972364322632
DAPT,XGBOOST,72,0.1,400,DOMAIN_OOD,3858,0.9973386526107788,0.005,0.00468384074941452,0.09050772626931568,1.9210390939999797,0.009058463999963351,0.8299142443524469,0.8591332371774458,0.918918918918919,0.0352514256091239,0.06789815277084374,0.003110419906687403,68,6,1923,1861,0.7872256486890885,0.09640831758034027,0.17480719794344474,0.0035122930255895636,-0.042688595663358364,0.06115689197121637,0.106909045172601,-0.00040187311890216076,1.0542266321409175
DAPT,XGBOOST,72,0.1,400,TEMPLATE_OOD,6832,0.9973386526107788,0.005,0.00468384074941452,0.09050772626931568,1.9210390939999797,0.015551523999988603,0.8784002128951791,0.8899325703810145,0.9651162790697675,0.04859484777517564,0.09253065774804906,0.001756440281030445,166,6,3410,3250,0.7872256486890885,0.09640831758034027,0.17480719794344474,0.0035122930255895636,-0.0911745642060906,0.04781346980516463,0.08227654019539568,-0.0017558527445591186,1.1158175732179423
DAPT,XGBOOST,72,0.1,400,DOMAIN_TEMPLATE_OOD,3708,0.9973386526107788,0.005,0.00468384074941452,0.09050772626931568,1.9210390939999797,0.008614072000000306,0.8141975561256012,0.8449228991457288,0.9076923076923077,0.03182308522114347,0.061490359562272015,0.003236245954692557,59,6,1848,1795,0.7872256486890885,0.09640831758034027,0.17480719794344474,0.0035122930255895636,-0.026971907436512677,0.0645852323591968,0.11331683838117272,-0.00027604707089700677,1.0342619774665969
DAPT,MLP,72,0.1,400,TEMPORAL,8000,0.996471107006073,0.005,0.00468384074941452,0.1346578366445916,0.25938420600004974,0.060799115000008896,0.9219385096379451,0.922202,0.9887459807073955,0.15375,0.2661185633924708,0.00175,615,7,3993,3385,0.8356786661899009,0.11436672967863894,0.20456466610312765,0.002007024586051179,-0.08625984344804416,-0.03938327032136106,-0.06155389728934316,-0.00025702458605117895,1.1032213061526717
DAPT,MLP,72,0.1,400,DOMAIN_OOD,3858,0.996471107006073,0.005,0.00468384074941452,0.1346578366445916,0.25938420600004974,0.02843534799990266,0.8832482522288178,0.8939772499147416,0.968421052631579,0.09538621047174702,0.17366682397357244,0.003110419906687403,184,6,1923,1745,0.8356786661899009,0.11436672967863894,0.20456466610312765,0.002007024586051179,-0.04756958603891681,0.01898051920689192,0.03089784212955521,0.0011033953206362238,1.0569232983483954
DAPT,MLP,72,0.1,400,TEMPLATE_OOD,6832,0.996471107006073,0.005,0.00468384074941452,0.1346578366445916,0.25938420600004974,0.04737292499999057,0.9152335206793778,0.9169112737140005,0.9869888475836431,0.15544496487119439,0.26858877086494687,0.0020491803278688526,531,7,3409,2885,0.8356786661899009,0.11436672967863894,0.20456466610312765,0.002007024586051179,-0.07955485448947686,-0.04107823519255545,-0.06402410476181922,4.215574181767358e-05,1.095197900470752
DAPT,MLP,72,0.1,400,DOMAIN_TEMPLATE_OOD,3708,0.996471107006073,0.005,0.00468384074941452,0.1346578366445916,0.25938420600004974,0.025960144000009677,0.8721081000366391,0.8827061579441633,0.9672131147540983,0.09546925566343042,0.17378497790868924,0.003236245954692557,177,6,1848,1677,0.8356786661899009,0.11436672967863894,0.20456466610312765,0.002007024586051179,-0.036429433846738135,0.018897474015208512,0.03077968819443841,0.0012292213686413778,1.04359263353321
CONTRASTIVE,LOGREG,72,0.1,400,TEMPORAL,8000,0.9911401084279545,0.005,0.00468384074941452,0.1368653421633554,0.021350437000023703,0.08114807499998733,0.821520760175747,0.8161858124999999,0.9510961214165261,0.141,0.24559111691704769,0.00725,564,29,3971,3436,0.714158115630779,0.15500945179584122,0.26366559485530544,0.011038635223281485,-0.10736264454496802,0.014009451795841232,0.018074477938257755,-0.0037886352232814847,1.150334557845275
CONTRASTIVE,LOGREG,72,0.1,400,DOMAIN_OOD,3858,0.9911401084279545,0.005,0.00468384074941452,0.1368653421633554,0.021350437000023703,0.023583606999977746,0.7733443184442788,0.7760239674865179,0.9205607476635514,0.10212545360290305,0.1838544097060196,0.008812856402280975,197,17,1912,1732,0.714158115630779,0.15500945179584122,0.26366559485530544,0.011038635223281485,-0.05918620281349973,0.05288399819293817,0.07981118514928584,-0.00222577882100051,1.0828754886601317
CONTRASTIVE,LOGREG,72,0.1,400,TEMPLATE_OOD,6832,0.9911401084279545,0.005,0.00468384074941452,0.1368653421633554,0.021350437000023703,0.04308581700001923,0.8170254753112712,0.8116944506907844,0.9517102615694165,0.13846604215456673,0.24175824175824176,0.00702576112412178,473,24,3392,2943,0.714158115630779,0.15500945179584122,0.26366559485530544,0.011038635223281485,-0.10286735968049221,0.016543409641274487,0.02190735309706368,-0.004012874099159705,1.1440400345932284
CONTRASTIVE,LOGREG,72,0.1,400,DOMAIN_TEMPLATE_OOD,3708,0.9911401084279545,0.005,0.00468384074941452,0.1368653421633554,0.021350437000023703,0.019981081999958406,0.764440500316359,0.7670432395508588,0.918918918918919,0.09169363538295577,0.16674840608141245,0.008090614886731391,170,15,1839,1684,0.714158115630779,0.15500945179584122,0.26366559485530544,0.011038635223281485,-0.050282384685579995,0.06331581641288545,0.09691718877389299,-0.002948020336550094,1.0704079160973592
CONTRASTIVE,XGBOOST,72,0.1,400,TEMPORAL,8000,0.9850609302520752,0.005,0.00468384074941452,0.10375275938189846,2.739367785000013,0.02087270399999852,0.8188591472067708,0.8070685,0.9540918163672655,0.1195,0.21239724505665408,0.00575,478,23,3977,3522,0.6994203602177599,0.10964083175803403,0.19611158072696533,0.004515805318615153,-0.11943878698901089,-0.009859168241965963,-0.016285664329688754,0.001234194681384847,1.1707682443671277
CONTRASTIVE,XGBOOST,72,0.1,400,DOMAIN_OOD,3858,0.9850609302520752,0.005,0.00468384074941452,0.10375275938189846,2.739367785000013,0.010269188000052054,0.7833336128847823,0.7732521624996876,0.9378531073446328,0.08605495075168482,0.157644824311491,0.005702436495593572,166,11,1918,1763,0.6994203602177599,0.10964083175803403,0.19611158072696533,0.004515805318615153,-0.08391325266702243,0.023585881006349216,0.03846675641547434,0.0011866311769784194,1.119975421706192
CONTRASTIVE,XGBOOST,72,0.1,400,TEMPLATE_OOD,6832,0.9850609302520752,0.005,0.00468384074941452,0.10375275938189846,2.739367785000013,0.01765861199999108,0.8191994438126784,0.8060304106861772,0.9556650246305419,0.11358313817330211,0.2030350601779173,0.005269320843091335,388,18,3398,3028,0.6994203602177599,0.10964083175803403,0.19611158072696533,0.004515805318615153,-0.11977908359491851,-0.0039423064152680765,-0.00692347945095198,0.0007535155244761818,1.1712547852590767
CONTRASTIVE,XGBOOST,72,0.1,400,DOMAIN_TEMPLATE_OOD,3708,0.9850609302520752,0.005,0.00468384074941452,0.10375275938189846,2.739367785000013,0.009784292000063033,0.7761022761184407,0.7699457949167315,0.916030534351145,0.06472491909385113,0.12090680100755667,0.005933117583603021,120,11,1843,1734,0.6994203602177599,0.10964083175803403,0.19611158072696533,0.004515805318615153,-0.07668191590068085,0.044915912664182905,0.07520477971940866,0.001417312264987868,1.1096363792967172
CONTRASTIVE,MLP,72,0.1,400,TEMPORAL,8000,0.9990769028663635,0.005,0.00468384074941452,0.12141280353200883,0.33100435799997285,0.060789167999928395,0.834229493955926,0.82331765625,0.951310861423221,0.127,0.22408469342743714,0.0065,508,26,3974,3492,0.7493475464179592,0.1266540642722117,0.2222222222222222,0.007024586051179127,-0.08488194753796685,-0.0003459357277882935,-0.0018624712052149328,-0.0005245860511791274,1.1132744718304886
CONTRASTIVE,MLP,72,0.1,400,DOMAIN_OOD,3858,0.9990769028663635,0.005,0.00468384074941452,0.12141280353200883,0.33100435799997285,0.03188214799990874,0.7925326923902565,0.788064012194437,0.9103448275862069,0.06842923794712286,0.12729026036644167,0.00673924313115604,132,13,1916,1797,0.7493475464179592,0.1266540642722117,0.2222222222222222,0.007024586051179127,-0.04318514597229728,0.05822482632508885,0.09493196185578054,-0.0002853429200230873,1.0576303294495744
CONTRASTIVE,MLP,72,0.1,400,TEMPLATE_OOD,6832,0.9990769028663635,0.005,0.00468384074941452,0.12141280353200883,0.33100435799997285,0.04950246300006711,0.8342894953557086,0.8236361193227627,0.9590909090909091,0.12353629976580796,0.21887966804979253,0.005269320843091335,422,18,3398,2994,0.7493475464179592,0.1266540642722117,0.2222222222222222,0.007024586051179127,-0.08494194893774942,0.0031177645064037474,0.0033425541724296792,-0.0017552652080877924,1.1133545433541352
CONTRASTIVE,MLP,72,0.1,400,DOMAIN_TEMPLATE_OOD,3708,0.9990769028663635,0.005,0.00468384074941452,0.12141280353200883,0.33100435799997285,0.027145042000029207,0.781608076299622,0.777585040188333,0.905511811023622,0.06202804746494067,0.11610297829379101,0.006472491909385114,115,12,1842,1739,0.7493475464179592,0.1266540642722117,0.2222222222222222,0.007024586051179127,-0.032260529881662836,0.06462601680727104,0.1061192439284312,-0.0005520941417940135,1.0430514919757528
BASE,LOGREG,72,0.25,1000,TEMPORAL,8000,0.9989858339222909,0.005,0.00468384074941452,0.16556291390728478,0.4372663130000092,0.05163526399996954,0.944772042320277,0.944207,0.9889349930843707,0.17875,0.30277366080880797,0.002,715,8,3992,3285,0.8698071635488769,0.17391304347826086,0.2951082598235766,0.002508780732563974,-0.07496487877140012,-0.0048369565217391275,-0.007665400985231385,-0.0005087807325639738,1.0861856304626625
BASE,LOGREG,72,0.25,1000,DOMAIN_OOD,3858,0.9989858339222909,0.005,0.00468384074941452,0.16556291390728478,0.4372663130000092,0.024817218000066532,0.9250716547003521,0.926298581499102,0.981651376146789,0.16640746500777606,0.2845744680851064,0.003110419906687403,321,6,1923,1608,0.8698071635488769,0.17391304347826086,0.2951082598235766,0.002508780732563974,-0.05526449115147525,0.007505578470484803,0.010533791738470188,0.000601639174123429,1.063536486554091
BASE,LOGREG,72,0.25,1000,TEMPLATE_OOD,6832,0.9989858339222909,0.005,0.00468384074941452,0.16556291390728478,0.4372663130000092,0.04254937199993947,0.939581767222561,0.939665128010355,0.986013986013986,0.16510538641686182,0.28284854563691075,0.00234192037470726,564,8,3408,2852,0.8698071635488769,0.17391304347826086,0.2951082598235766,0.002508780732563974,-0.06977460367368415,0.008807657061399049,0.012259714186665827,-0.0001668603578567139,1.080218474390345
BASE,LOGREG,72,0.25,1000,DOMAIN_TEMPLATE_OOD,3708,0.9989858339222909,0.005,0.00468384074941452,0.16556291390728478,0.4372663130000092,0.020551340999986678,0.9203942810768461,0.9214483044328774,0.9794520547945206,0.15426105717367852,0.26654240447343897,0.003236245954692557,286,6,1848,1568,0.8698071635488769,0.17391304347826086,0.2951082598235766,0.002508780732563974,-0.05058711752796918,0.019651986304582342,0.028565855350137614,0.0007274652221285829,1.0581590031077348
BASE,XGBOOST,72,0.25,1000,TEMPORAL,8000,0.9952511191368103,0.005,0.00468384074941452,0.2958057395143488,3.7651436940000167,0.020287983000002896,0.9201493909109851,0.92200278125,0.986159169550173,0.21375,0.3513457982329977,0.003,855,12,3988,3145,0.8550983615104757,0.2996219281663516,0.45908761766835626,0.0030105368790767687,-0.06505102940050944,0.08587192816635159,0.10774181943535854,-1.0536879076768636e-05,1.0760743235264782
BASE,XGBOOST,72,0.25,1000,DOMAIN_OOD,3858,0.9952511191368103,0.005,0.00468384074941452,0.2958057395143488,3.7651436940000167,0.010493733000089378,0.8798253907739193,0.8895894992825931,0.9696969696969697,0.11612234318299637,0.2074074074074074,0.0036288232244686366,224,7,1922,1705,0.8550983615104757,0.2996219281663516,0.45908761766835626,0.0030105368790767687,-0.024727029263443612,0.18349958498335522,0.2516802102609489,0.0006182863453918679,1.0289171753525115
BASE,XGBOOST,72,0.25,1000,TEMPLATE_OOD,6832,0.9952511191368103,0.005,0.00468384074941452,0.2958057395143488,3.7651436940000167,0.01761086199996953,0.9123696786644295,0.9145236341311584,0.9836734693877551,0.21165105386416863,0.34834979523006504,0.00351288056206089,723,12,3404,2693,0.8550983615104757,0.2996219281663516,0.45908761766835626,0.0030105368790767687,-0.05727131715395384,0.08797087430218295,0.11073782243829122,0.0005023436829841212,1.0669762915377219
BASE,XGBOOST,72,0.25,1000,DOMAIN_TEMPLATE_OOD,3708,0.9952511191368103,0.005,0.00468384074941452,0.2958057395143488,3.7651436940000167,0.009584875000086868,0.8707785635239498,0.8813533582597586,0.9691629955947136,0.1186623516720604,0.21143680922633348,0.0037756202804746495,220,7,1847,1634,0.8550983615104757,0.2996219281663516,0.45908761766835626,0.0030105368790767687,-0.015680202013474087,0.18095957649429117,0.24765080844202278,0.0007650834013978808,1.018337307986155
BASE,MLP,72,0.25,1000,TEMPORAL,8000,0.9943991899490356,0.005,0.00468384074941452,0.4105960264900662,0.5463181430000077,0.057927543000005244,0.9404459686642013,0.9363860312500001,0.9861660079051383,0.37425,0.5425878941645523,0.00525,1497,21,3979,2503,0.8710656647793592,0.3790170132325142,0.5459496255956433,0.005017561465127948,-0.06938030388484207,0.004767013232514161,0.003361731431090975,0.00023243853487205264,1.0796499123891148
BASE,MLP,72,0.25,1000,DOMAIN_OOD,3858,0.9943991899490356,0.005,0.00468384074941452,0.4105960264900662,0.5463181430000077,0.026380492000043887,0.9119091733156228,0.9105302790267562,0.968365553602812,0.2856402280974598,0.4411529223378703,0.00933125972006221,551,18,1911,1378,0.8710656647793592,0.3790170132325142,0.5459496255956433,0.005017561465127948,-0.04084350853626362,0.09337678513505437,0.10479670325777302,0.0043136982549342616,1.0468891269484366
BASE,MLP,72,0.25,1000,TEMPLATE_OOD,6832,0.9943991899490356,0.005,0.00468384074941452,0.4105960264900662,0.5463181430000077,0.046273507999899266,0.9353758454933137,0.931061304359153,0.9836065573770492,0.36885245901639346,0.5365126676602087,0.006147540983606557,1260,21,3395,2156,0.8710656647793592,0.3790170132325142,0.5459496255956433,0.005017561465127948,-0.06431018071395445,0.010164554216120725,0.009436957935434642,0.0011299795184786096,1.0738293142690272
BASE,MLP,72,0.25,1000,DOMAIN_TEMPLATE_OOD,3708,0.9943991899490356,0.005,0.00468384074941452,0.4105960264900662,0.5463181430000077,0.025804038000046603,0.9041990061073157,0.9031497249598233,0.9659090909090909,0.2750809061488673,0.4282115869017632,0.009708737864077669,510,18,1836,1344,0.8710656647793592,0.3790170132325142,0.5459496255956433,0.005017561465127948,-0.033133341327956534,0.10393610708364687,0.11773803869388011,0.004691176398949721,1.0380377079107455
DAPT,LOGREG,72,0.25,1000,TEMPORAL,8000,0.9977443476658041,0.005,0.00468384074941452,0.18543046357615894,0.4621317659999704,0.0780979239999624,0.939561744848182,0.94104925,0.9810126582278481,0.155,0.26770293609671847,0.003,620,12,3988,3380,0.8689076283521502,0.16918714555765596,0.28917609046849757,0.0005017561465127947,-0.07065411649603182,0.014187145557655961,0.021473154371779102,0.002498243853487205,1.0813137256373553
DAPT,LOGREG,72,0.25,1000,DOMAIN_OOD,3858,0.9977443476658041,0.005,0.00468384074941452,0.18543046357615894,0.4621317659999704,0.023767758000076356,0.9134673400235803,0.9218232209749906,0.967479674796748,0.12337998963193364,0.2188505747126437,0.00414722654224987,238,8,1921,1691,0.8689076283521502,0.16918714555765596,0.28917609046849757,0.0005017561465127947,-0.044559711671430136,0.04580715592572232,0.07032551575585388,0.0036454703957370755,1.051282449615428
DAPT,LOGREG,72,0.25,1000,TEMPLATE_OOD,6832,0.9977443476658041,0.005,0.00468384074941452,0.18543046357615894,0.4621317659999704,0.04247874900011084,0.9338931499474105,0.9367324143443994,0.9763313609467456,0.1449063231850117,0.2523578893703798,0.00351288056206089,495,12,3404,2921,0.8689076283521502,0.16918714555765596,0.28917609046849757,0.0005017561465127947,-0.06498552159526028,0.024280822372644256,0.036818201098117787,0.003011124415548095,1.0747899080118595
DAPT,LOGREG,72,0.25,1000,DOMAIN_TEMPLATE_OOD,3708,0.9977443476658041,0.005,0.00468384074941452,0.18543046357615894,0.4621317659999704,0.02030292000006284,0.9049071300453214,0.9140250707237855,0.9620853080568721,0.10949298813376483,0.19661016949152543,0.004314994606256742,203,8,1846,1651,0.8689076283521502,0.16918714555765596,0.28917609046849757,0.0005017561465127947,-0.03599950169317123,0.05969415742389113,0.09256592097697214,0.003813238459743947,1.0414307580213593
DAPT,XGBOOST,72,0.25,1000,TEMPORAL,8000,0.9956239461898804,0.005,0.00468384074941452,0.2869757174392936,3.4496574180000152,0.019414927999946485,0.9194809938092624,0.9179341250000002,0.9904076738609112,0.2065,0.341745966073645,0.002,826,8,3992,3174,0.8506150353210512,0.27882797731569,0.43350477590007347,0.004014049172102358,-0.0688659584882112,0.07232797731568999,0.09175880982642848,-0.002014049172102358,1.0809601942460596
DAPT,XGBOOST,72,0.25,1000,DOMAIN_OOD,3858,0.9956239461898804,0.005,0.00468384074941452,0.2869757174392936,3.4496574180000152,0.009877254999992147,0.8809007146887394,0.8916717122977145,0.9734848484848485,0.1332296526697771,0.23438212494300045,0.0036288232244686366,257,7,1922,1672,0.8506150353210512,0.27882797731569,0.43350477590007347,0.004014049172102358,-0.030285679367688223,0.14559832464591288,0.19912265095707302,-0.0003852259476337214,1.0356044486754896
DAPT,XGBOOST,72,0.25,1000,TEMPLATE_OOD,6832,0.9956239461898804,0.005,0.00468384074941452,0.2869757174392936,3.4496574180000152,0.016536212000005435,0.9149316622633499,0.9144481781559709,0.9884393063583815,0.20023419203747073,0.3330087633885102,0.00234192037470726,684,8,3408,2732,0.8506150353210512,0.27882797731569,0.43350477590007347,0.004014049172102358,-0.06431662694229867,0.07859378527821925,0.10049601251156326,-0.001672128797395098,1.075611909349831
DAPT,XGBOOST,72,0.25,1000,DOMAIN_TEMPLATE_OOD,3708,0.9956239461898804,0.005,0.00468384074941452,0.2869757174392936,3.4496574180000152,0.009407286000055137,0.8687326700830855,0.8802673364916115,0.9704641350210971,0.12405609492988134,0.21999043519846964,0.0037756202804746495,230,7,1847,1624,0.8506150353210512,0.27882797731569,0.43350477590007347,0.004014049172102358,-0.018117634762034318,0.15477188238580863,0.21351434070160383,-0.00023842889162770846,1.021299452760315
DAPT,MLP,72,0.25,1000,TEMPORAL,8000,0.9796397686004639,0.005,0.00468384074941452,0.39072847682119205,0.5900706880000826,0.05651322300002448,0.9386520149561229,0.9368723124999999,0.9885714285714285,0.346,0.5125925925925926,0.004,1384,16,3984,2616,0.8579316103592832,0.3620037807183365,0.5282758620689655,0.004515805318615153,-0.08072040459683971,0.016003780718336524,0.015683269476372885,-0.0005158053186151527,1.094087225161264
DAPT,MLP,72,0.25,1000,DOMAIN_OOD,3858,0.9796397686004639,0.005,0.00468384074941452,0.39072847682119205,0.5900706880000826,0.025453356000070926,0.906808964017693,0.9129208734867473,0.9755011135857461,0.22706065318818042,0.368376787216148,0.005702436495593572,438,11,1918,1491,0.8579316103592832,0.3620037807183365,0.5282758620689655,0.004515805318615153,-0.04887735365840973,0.13494312753015608,0.15989907485281746,0.0011866311769784194,1.0569711537239441
DAPT,MLP,72,0.25,1000,TEMPLATE_OOD,6832,0.9796397686004639,0.005,0.00468384074941452,0.39072847682119205,0.5900706880000826,0.047377586999914456,0.9331810867838117,0.9319745316159251,0.9871134020618557,0.3363583138173302,0.5017467248908297,0.004391100702576112,1149,15,3401,2267,0.8579316103592832,0.3620037807183365,0.5282758620689655,0.004515805318615153,-0.0752494764245285,0.025645466901006275,0.026529137178135764,-0.00012470461603904075,1.087710343710282
DAPT,MLP,72,0.25,1000,DOMAIN_TEMPLATE_OOD,3708,0.9796397686004639,0.005,0.00468384074941452,0.39072847682119205,0.5900706880000826,0.027168461999963256,0.8972413665739544,0.9042095635082721,0.9729064039408867,0.21305285868392665,0.3495575221238938,0.005933117583603021,395,11,1843,1459,0.8579316103592832,0.3620037807183365,0.5282758620689655,0.004515805318615153,-0.03930975621467114,0.14895092203440985,0.1787183399450717,0.001417312264987868,1.0458192188514992
CONTRASTIVE,LOGREG,72,0.25,1000,TEMPORAL,8000,0.9946551509309843,0.005,0.00468384074941452,0.16997792494481237,0.26642827199998464,0.05382359299994732,0.8777443194767145,0.8701076249999999,0.9663760896637609,0.194,0.3231313762231938,0.00675,776,27,3973,3224,0.7717363743621909,0.1776937618147448,0.2972332015810277,0.009533366783743101,-0.1060079451145236,-0.0163062381852552,-0.02589817464216615,-0.0027833667837431015,1.1373628983111428
CONTRASTIVE,LOGREG,72,0.25,1000,DOMAIN_OOD,3858,0.9946551509309843,0.005,0.00468384074941452,0.16997792494481237,0.26642827199998464,0.02316931999996541,0.8437344968059506,0.8392702472238278,0.9488817891373802,0.15396578538102643,0.2649420160570919,0.00829445308449974,297,16,1913,1632,0.7717363743621909,0.1776937618147448,0.2972332015810277,0.009533366783743101,-0.0719981224437597,0.02372797643371838,0.032291185523935784,-0.0012389136992433606,1.0932936749330537
CONTRASTIVE,LOGREG,72,0.25,1000,TEMPLATE_OOD,6832,0.9946551509309843,0.005,0.00468384074941452,0.16997792494481237,0.26642827199998464,0.043604146999996374,0.8754429136881272,0.8676271670990352,0.9663608562691132,0.18501170960187355,0.31056511056511055,0.006440281030444965,632,22,3394,2784,0.7717363743621909,0.1776937618147448,0.2972332015810277,0.009533366783743101,-0.10370653932593632,-0.007317947787128742,-0.013331908984082874,-0.0030930857532981363,1.1343807843859188
CONTRASTIVE,LOGREG,72,0.25,1000,DOMAIN_TEMPLATE_OOD,3708,0.9946551509309843,0.005,0.00468384074941452,0.16997792494481237,0.26642827199998464,0.020004414000027282,0.8358664718708799,0.832232183482694,0.9429657794676806,0.133764832793959,0.23429381199811053,0.008090614886731391,248,15,1839,1606,0.7717363743621909,0.1776937618147448,0.2972332015810277,0.009533366783743101,-0.06413009750868903,0.043928929020785795,0.06293938958291714,-0.0014427518970117105,1.0830984512835617
CONTRASTIVE,XGBOOST,72,0.25,1000,TEMPORAL,8000,0.9899430871009827,0.005,0.00468384074941452,0.16997792494481237,5.373974956999973,0.02376122399994074,0.8509640144256254,0.8379102812499999,0.967479674796748,0.1785,0.30139299282397636,0.006,714,24,3976,3286,0.7384488914314971,0.18714555765595464,0.3096168881939015,0.01154039136979428,-0.11251512299412836,0.00864555765595465,0.008223895369925127,-0.005540391369794281,1.152366838517444
CONTRASTIVE,XGBOOST,72,0.25,1000,DOMAIN_OOD,3858,0.9899430871009827,0.005,0.00468384074941452,0.16997792494481237,5.373974956999973,0.012550638999982766,0.816072292218059,0.8058027310099511,0.9484126984126984,0.12389839294971487,0.21916552040348464,0.00673924313115604,239,13,1916,1690,0.7384488914314971,0.18714555765595464,0.3096168881939015,0.01154039136979428,-0.07762340078656194,0.06324716470623977,0.09045136779041685,-0.004801148238638241,1.1051168221487713
CONTRASTIVE,XGBOOST,72,0.25,1000,TEMPLATE_OOD,6832,0.9899430871009827,0.005,0.00468384074941452,0.16997792494481237,5.373974956999973,0.021052570000051674,0.8523446319499849,0.8375769642377241,0.9751655629139073,0.172423887587822,0.2930348258706468,0.004391100702576112,589,15,3401,2827,0.7384488914314971,0.18714555765595464,0.3096168881939015,0.01154039136979428,-0.11389574051848783,0.01472167006813263,0.01658206232325471,-0.007149290667218169,1.1542364567677783
CONTRASTIVE,XGBOOST,72,0.25,1000,DOMAIN_TEMPLATE_OOD,3708,0.9899430871009827,0.005,0.00468384074941452,0.16997792494481237,5.373974956999973,0.011156228000004376,0.8105257348775485,0.8006910042603008,0.9481132075471698,0.10841423948220065,0.19457889641819942,0.005933117583603021,201,11,1843,1653,0.7384488914314971,0.18714555765595464,0.3096168881939015,0.01154039136979428,-0.07207684344605148,0.07873131817375399,0.11503799177570206,-0.00560727378619126,1.0976057304471392
CONTRASTIVE,MLP,72,0.25,1000,TEMPORAL,8000,0.9998149871826172,0.005,0.00468384074941452,0.11699779249448124,0.6211302329999171,0.05935485300005894,0.8683847932890226,0.8610915625,0.9675925925925926,0.1045,0.18862815884476533,0.0035,418,14,3986,3582,0.7720865346205507,0.12948960302457466,0.22719734660033167,0.0055193176116407425,-0.09629825866847197,0.02498960302457466,0.038569187755566336,-0.0020193176116407425,1.1247246964562057
CONTRASTIVE,MLP,72,0.25,1000,DOMAIN_OOD,3858,0.9998149871826172,0.005,0.00468384074941452,0.11699779249448124,0.6211302329999171,0.02754597900002409,0.8308823628551516,0.8294790355709596,0.9246575342465754,0.06998444790046657,0.13012048192771083,0.005702436495593572,135,11,1918,1794,0.7720865346205507,0.12948960302457466,0.22719734660033167,0.0055193176116407425,-0.058795828234600944,0.05950515512410809,0.09707686467262083,0.00018311888395282968,1.0761518632927547
CONTRASTIVE,MLP,72,0.25,1000,TEMPLATE_OOD,6832,0.9998149871826172,0.005,0.00468384074941452,0.11699779249448124,0.6211302329999171,0.04636975299990809,0.8702607291626663,0.8618042453476957,0.9660056657223796,0.09982435597189696,0.18094985407269834,0.00351288056206089,341,12,3404,3075,0.7720865346205507,0.12948960302457466,0.22719734660033167,0.0055193176116407425,-0.09817419454211562,0.0296652470526777,0.04624749252763333,-0.0020064370495798526,1.1271543928561898
CONTRASTIVE,MLP,72,0.25,1000,DOMAIN_TEMPLATE_OOD,3708,0.9998149871826172,0.005,0.00468384074941452,0.11699779249448124,0.6211302329999171,0.02660820199992031,0.8237199104803565,0.8215901592987087,0.9173553719008265,0.059870550161812294,0.11240506329113924,0.005393743257820928,111,10,1844,1743,0.7720865346205507,0.12948960302457466,0.22719734660033167,0.0055193176116407425,-0.051633375859805875,0.06961905286276236,0.11479228330919243,-0.00012557435381981442,1.066875115086914
BASE,LOGREG,72,1.0,4000,TEMPORAL,8000,0.994125237692969,0.005,0.00468384074941452,0.3333333333333333,0.6015505799999801,0.0642877469999803,0.9499098889746075,0.9445268124999998,0.99153194765204,0.322,0.4861294583883752,0.00275,1288,11,3989,2712,0.8961567104863788,0.29773156899810965,0.45751633986928103,0.002007024586051179,-0.05375317848822869,-0.024268431001890356,-0.02861311851909415,0.0007429754139488209,1.0599818958662428
BASE,LOGREG,72,1.0,4000,DOMAIN_OOD,3858,0.994125237692969,0.005,0.00468384074941452,0.3333333333333333,0.6015505799999801,0.021350811000047543,0.925876188699382,0.9218968562829595,0.982532751091703,0.2332814930015552,0.3770423125261835,0.00414722654224987,450,8,1921,1479,0.8961567104863788,0.29773156899810965,0.45751633986928103,0.002007024586051179,-0.029719478213003248,0.06445007599655445,0.08047402734309755,0.0021402019561986914,1.0331632602481695
BASE,LOGREG,72,1.0,4000,TEMPLATE_OOD,6832,0.994125237692969,0.005,0.00468384074941452,0.3333333333333333,0.6015505799999801,0.04397043100004794,0.9457954310921128,0.9402790594200594,0.9900090826521344,0.3190866510538642,0.4826212087668807,0.0032201405152224825,1090,11,3405,2326,0.8961567104863788,0.29773156899810965,0.45751633986928103,0.002007024586051179,-0.049638720605734044,-0.021355082055754537,-0.025104868897599664,0.0012131159291713036,1.0553906699853792
BASE,LOGREG,72,1.0,4000,DOMAIN_TEMPLATE_OOD,3708,0.994125237692969,0.005,0.00468384074941452,0.3333333333333333,0.6015505799999801,0.020335792999958358,0.9213074954291286,0.9175894796986951,0.9809069212410502,0.22168284789644013,0.3616366036075671,0.004314994606256742,411,8,1846,1443,0.8961567104863788,0.29773156899810965,0.45751633986928103,0.002007024586051179,-0.025150784942749804,0.07604872110166952,0.09587973626171392,0.002307970020205563,1.028065163880879
BASE,XGBOOST,72,1.0,4000,TEMPORAL,8000,0.988169252872467,0.005,0.00468384074941452,0.45253863134657835,10.802303974999973,0.026433387000110997,0.9453749255893922,0.9421221562500001,0.9929577464788732,0.38775,0.5577130528586839,0.00275,1551,11,3989,2449,0.8892955810397788,0.42438563327032136,0.593915343915344,0.002508780732563974,-0.056079344549613386,0.03663563327032138,0.03620229105666006,0.000241219267436026,1.0630604106725061
BASE,XGBOOST,72,1.0,4000,DOMAIN_OOD,3858,0.988169252872467,0.005,0.00468384074941452,0.45253863134657835,10.802303974999973,0.012945527999931983,0.9199436676020775,0.918286173143483,0.9875666074600356,0.288232244686366,0.4462279293739968,0.0036288232244686366,556,7,1922,1373,0.8892955810397788,0.42438563327032136,0.593915343915344,0.002508780732563974,-0.03064808656229867,0.13615338858395537,0.14768741454134715,0.0011200424919046627,1.0344633294213206
BASE,XGBOOST,72,1.0,4000,TEMPLATE_OOD,6832,0.988169252872467,0.005,0.00468384074941452,0.45253863134657835,10.802303974999973,0.023121506999927988,0.9396827179748242,0.936204522456658,0.9922420480993018,0.3744145199063232,0.5436769394261424,0.002927400468384075,1279,10,3406,2137,0.8892955810397788,0.42438563327032136,0.593915343915344,0.002508780732563974,-0.050387136935045373,0.049971113363998176,0.05023840448920158,0.0004186197358201013,1.0566596056579207
BASE,XGBOOST,72,1.0,4000,DOMAIN_TEMPLATE_OOD,3708,0.988169252872467,0.005,0.00468384074941452,0.45253863134657835,10.802303974999973,0.0125746319999962,0.9124643096248397,0.9109049037097549,0.9875518672199171,0.25674217907227614,0.4075342465753425,0.003236245954692557,476,6,1848,1378,0.8892955810397788,0.42438563327032136,0.593915343915344,0.002508780732563974,-0.023168728585060916,0.16764345419804522,0.18638109734000147,0.0007274652221285829,1.0260528997096463
BASE,MLP,72,1.0,4000,TEMPORAL,8000,0.9977352023124695,0.005,0.00468384074941452,0.41721854304635764,2.029886766000004,0.05872177400010514,0.9533543411988284,0.94774221875,0.993844049247606,0.36325,0.532039545953863,0.00225,1453,9,3991,2547,0.8933882161115583,0.3818525519848771,0.5500340367597005,0.0035122930255895636,-0.05996612508727017,0.01860255198487709,0.017994490805837482,-0.0012622930255895637,1.0671221357141587
BASE,MLP,72,1.0,4000,DOMAIN_OOD,3858,0.9977352023124695,0.005,0.00468384074941452,0.41721854304635764,2.029886766000004,0.030237522999982502,0.9384129244635855,0.9322211176926026,0.9906716417910447,0.27527216174183516,0.4308316430020284,0.002592016588906169,531,5,1924,1398,0.8933882161115583,0.3818525519848771,0.5500340367597005,0.0035122930255895636,-0.04502470835202721,0.10658039024304194,0.11920239375767211,-0.0009202764366833946,1.050397696701212
BASE,MLP,72,1.0,4000,TEMPLATE_OOD,6832,0.9977352023124695,0.005,0.00468384074941452,0.41721854304635764,2.029886766000004,0.05019390600000406,0.9499608498549342,0.9441220009570612,0.993214588634436,0.3427985948477752,0.5096844396082698,0.00234192037470726,1171,8,3408,2245,0.8933882161115583,0.3818525519848771,0.5500340367597005,0.0035122930255895636,-0.056572633743375955,0.03905395713710191,0.040349597151430716,-0.0011703726508823036,1.063323684735407
BASE,MLP,72,1.0,4000,DOMAIN_TEMPLATE_OOD,3708,0.9977352023124695,0.005,0.00468384074941452,0.41721854304635764,2.029886766000004,0.02550650500006668,0.9339594439194417,0.9281613910388221,0.9889135254988913,0.2405609492988134,0.38698481561822123,0.002696871628910464,446,5,1849,1408,0.8933882161115583,0.3818525519848771,0.5500340367597005,0.0035122930255895636,-0.04057122780788347,0.14129160268606372,0.1630492211414793,-0.0008154213966790995,1.045412763540209
DAPT,LOGREG,72,1.0,4000,TEMPORAL,8000,0.9943872366658331,0.005,0.00468384074941452,0.36423841059602646,0.6202724390000185,0.05761347300006037,0.9514064166989107,0.9466101874999999,0.9959481361426256,0.30725,0.4696217042414979,0.00125,1229,5,3995,2771,0.9007683851735581,0.31379962192816635,0.4766690595836324,0.0015052684395383843,-0.05063803152535262,0.006549621928166327,0.00704735534213452,-0.0002552684395383843,1.0562164840139185
DAPT,LOGREG,72,1.0,4000,DOMAIN_OOD,3858,0.9943872366658331,0.005,0.00468384074941452,0.36423841059602646,0.6202724390000185,0.027627053999935924,0.9276714404979072,0.92552111089343,0.9900249376558603,0.20580611715914982,0.3407725321888412,0.002073613271124935,397,4,1925,1532,0.9007683851735581,0.31379962192816635,0.4766690595836324,0.0015052684395383843,-0.026903055324349112,0.10799350476901654,0.13589652739479124,0.0005683448315865508,1.029866784588766
DAPT,LOGREG,72,1.0,4000,TEMPLATE_OOD,6832,0.9943872366658331,0.005,0.00468384074941452,0.36423841059602646,0.6202724390000185,0.04156063200002791,0.9472330428058566,0.9428487617164575,0.9950835791543756,0.2962529274004684,0.456575682382134,0.0014637002341920376,1012,5,3411,2404,0.9007683851735581,0.31379962192816635,0.4766690595836324,0.0015052684395383843,-0.04646465763229857,0.01754669452769797,0.020093377201498452,-4.156820534634677e-05,1.0515833574946636
DAPT,LOGREG,72,1.0,4000,DOMAIN_TEMPLATE_OOD,3708,0.9943872366658331,0.005,0.00468384074941452,0.36423841059602646,0.6202724390000185,0.01988435999999183,0.9220500045301339,0.9202686049231436,0.9880597014925373,0.17853290183387271,0.30242119689355873,0.002157497303128371,331,4,1850,1523,0.9007683851735581,0.31379962192816635,0.4766690595836324,0.0015052684395383843,-0.0212816193565758,0.13526672009429364,0.1742478626900737,0.0006522288635899866,1.0236260727028905
DAPT,XGBOOST,72,1.0,4000,TEMPORAL,8000,0.9865362644195557,0.005,0.00468384074941452,0.48344370860927155,10.033324340000036,0.026503558999934285,0.9448297159722747,0.9406458437499999,0.9904580152671756,0.38925,0.5588657573582196,0.00375,1557,15,3985,2443,0.8942471490556444,0.45652173913043476,0.625242718446602,0.002007024586051179,-0.05058256691663032,0.06727173913043477,0.06637696108838231,0.0017429754139488209,1.0565644150725526
DAPT,XGBOOST,72,1.0,4000,DOMAIN_OOD,3858,0.9865362644195557,0.005,0.00468384074941452,0.48344370860927155,10.033324340000036,0.013660283000035633,0.9205524382403131,0.9197885752938493,0.9802158273381295,0.28252980819077245,0.4386317907444668,0.005702436495593572,545,11,1918,1384,0.8942471490556444,0.45652173913043476,0.625242718446602,0.002007024586051179,-0.02630528918466868,0.1739919309396623,0.18661092770213517,0.0036954119095423932,1.0294161286535248
DAPT,XGBOOST,72,1.0,4000,TEMPLATE_OOD,6832,0.9865362644195557,0.005,0.00468384074941452,0.48344370860927155,10.033324340000036,0.022613959000068462,0.9409230329115832,0.9368293802000778,0.9893536121673003,0.38085480093676816,0.5499894314098499,0.004098360655737705,1301,14,3402,2115,0.8942471490556444,0.45652173913043476,0.625242718446602,0.002007024586051179,-0.04667588385593879,0.0756669381936666,0.07525328703675205,0.002091336069686526,1.0521957312418946
DAPT,XGBOOST,72,1.0,4000,DOMAIN_TEMPLATE_OOD,3708,0.9865362644195557,0.005,0.00468384074941452,0.48344370860927155,10.033324340000036,0.012353921999988415,0.9120035379358054,0.9114535876247629,0.9777327935222672,0.2605177993527508,0.41141396933560476,0.005933117583603021,483,11,1843,1371,0.8942471490556444,0.45652173913043476,0.625242718446602,0.002007024586051179,-0.017756388880160956,0.19600393977768393,0.2138287491109972,0.003926092997551842,1.0198562432085048
DAPT,MLP,72,1.0,4000,TEMPORAL,8000,0.9905256628990173,0.005,0.00468384074941452,0.47902869757174393,1.894998421000082,0.057630585999959294,0.9525932219962845,0.949862,0.9916815210932858,0.41725,0.5873658279077951,0.0035,1669,14,3986,2331,0.8984376816851006,0.4603024574669187,0.6255619781631342,0.006021073758153537,-0.05415554031118386,0.043052457466918714,0.03819615025533907,-0.0025210737581535373,1.0602774587655432
DAPT,MLP,72,1.0,4000,DOMAIN_OOD,3858,0.9905256628990173,0.005,0.00468384074941452,0.47902869757174393,1.894998421000082,0.030528935999996065,0.9272215660435278,0.9263617358690753,0.9867768595041322,0.3094867807153966,0.4711917916337806,0.00414722654224987,597,8,1921,1332,0.8984376816851006,0.4603024574669187,0.6255619781631342,0.006021073758153537,-0.02878388435842716,0.15081567675152213,0.15437018652935358,-0.001873847215903667,1.0320377082853875
DAPT,MLP,72,1.0,4000,TEMPLATE_OOD,6832,0.9905256628990173,0.005,0.00468384074941452,0.47902869757174393,1.894998421000082,0.055416553999975804,0.9476323346577309,0.9446291970832945,0.9912980420594634,0.400175644028103,0.5701772679874869,0.00351288056206089,1367,12,3404,2049,0.8984376816851006,0.4603024574669187,0.6255619781631342,0.006021073758153537,-0.04919465297263026,0.06012681343881571,0.05538471017564728,-0.0025081931960926475,1.0547557765835927
DAPT,MLP,72,1.0,4000,DOMAIN_TEMPLATE_OOD,3708,0.9905256628990173,0.005,0.00468384074941452,0.47902869757174393,1.894998421000082,0.02783611099994232,0.9202464015581905,0.9196230430952521,0.9847908745247148,0.27939590075512405,0.43529411764705883,0.004314994606256742,518,8,1846,1336,0.8984376816851006,0.4603024574669187,0.6255619781631342,0.006021073758153537,-0.021808719873089855,0.18090655671179467,0.19026786051607536,-0.0017060791518967956,1.0242740485151798
CONTRASTIVE,LOGREG,72,1.0,4000,TEMPORAL,8000,0.9909853386121262,0.005,0.00468384074941452,0.27593818984547464,0.4431838699999844,0.05853366000008009,0.8914912735945059,0.882427625,0.9732673267326732,0.24575,0.39241516966067863,0.00675,983,27,3973,3017,0.8033348806848571,0.2882797731568998,0.44170890658942796,0.009031610637230306,-0.08815639290964872,0.04252977315689979,0.04929373692874933,-0.0022816106372303057,1.1097380370618213
CONTRASTIVE,LOGREG,72,1.0,4000,DOMAIN_OOD,3858,0.9909853386121262,0.005,0.00468384074941452,0.27593818984547464,0.4431838699999844,0.027714393999985987,0.8583016170848797,0.8466668332867067,0.9666666666666667,0.19543805080352514,0.32514014661492024,0.00673924313115604,377,13,1916,1552,0.8033348806848571,0.2882797731568998,0.44170890658942796,0.009031610637230306,-0.05496673640002259,0.09284172235337465,0.11656875997450772,-0.002292367506074266,1.0684231915252609
CONTRASTIVE,LOGREG,72,1.0,4000,TEMPLATE_OOD,6832,0.9909853386121262,0.005,0.00468384074941452,0.27593818984547464,0.4431838699999844,0.041922438000028706,0.890505382370871,0.8807785308425977,0.9754901960784313,0.23302107728337237,0.3761814744801512,0.00585480093676815,796,20,3396,2620,0.8033348806848571,0.2882797731568998,0.44170890658942796,0.009031610637230306,-0.08717050168601381,0.055258695873527414,0.06552743210927675,-0.0031768097004621553,1.1085107889398496
CONTRASTIVE,LOGREG,72,1.0,4000,DOMAIN_TEMPLATE_OOD,3708,0.9909853386121262,0.005,0.00468384074941452,0.27593818984547464,0.4431838699999844,0.02000616700001956,0.8533993984828314,0.8423496704987263,0.9654178674351584,0.18069039913700108,0.3044070876874148,0.006472491909385114,335,12,1842,1519,0.8033348806848571,0.2882797731568998,0.44170890658942796,0.009031610637230306,-0.05006451779797427,0.10758937401989871,0.13730181890201315,-0.002559118727845192,1.0623208564718283
CONTRASTIVE,XGBOOST,72,1.0,4000,TEMPORAL,8000,0.9830925464630127,0.005,0.00468384074941452,0.22737306843267108,13.482238099000028,0.026680134999992333,0.8785852948359811,0.8633479374999999,0.9766536964980544,0.251,0.39936356404136836,0.006,1004,24,3976,2996,0.7880616799528858,0.23534971644612476,0.375,0.010536879076768691,-0.09052361488309535,-0.01565028355387524,-0.024363564041368357,-0.004536879076768691,1.1148686926237896
CONTRASTIVE,XGBOOST,72,1.0,4000,DOMAIN_OOD,3858,0.9830925464630127,0.005,0.00468384074941452,0.22737306843267108,13.482238099000028,0.01391075499998351,0.8397894417804294,0.8268024996230894,0.9576547231270358,0.15241057542768274,0.2629695885509839,0.00673924313115604,294,13,1916,1635,0.7880616799528858,0.23534971644612476,0.375,0.010536879076768691,-0.05172776182754357,0.08293914101844202,0.1120304114490161,-0.0037976359456126513,1.0656392299529602
CONTRASTIVE,XGBOOST,72,1.0,4000,TEMPLATE_OOD,6832,0.9830925464630127,0.005,0.00468384074941452,0.22737306843267108,13.482238099000028,0.02323187899992263,0.8797064000832864,0.8636073903493136,0.977906976744186,0.2461943793911007,0.39335827876520113,0.0055620608899297425,841,19,3397,2575,0.7880616799528858,0.23534971644612476,0.375,0.010536879076768691,-0.09164472013040059,-0.010844662944975936,-0.01835827876520113,-0.004974818186838949,1.1162913036653166
CONTRASTIVE,XGBOOST,72,1.0,4000,DOMAIN_TEMPLATE_OOD,3708,0.9830925464630127,0.005,0.00468384074941452,0.22737306843267108,13.482238099000028,0.012819940999975188,0.8326506057645011,0.8215872500520756,0.9501915708812261,0.133764832793959,0.23451536643026005,0.007011866235167206,248,13,1841,1606,0.7880616799528858,0.23534971644612476,0.375,0.010536879076768691,-0.04458892581161533,0.10158488365216575,0.14048463356973995,-0.003525012841601485,1.05658050244783
CONTRASTIVE,MLP,72,1.0,4000,TEMPORAL,8000,0.9991040229797363,0.005,0.00468384074941452,0.23841059602649006,2.2609998469999937,0.05740374699996664,0.8926565745659827,0.8790289062500001,0.9777571825764597,0.26375,0.4154361094703682,0.006,1055,24,3976,2945,0.8151528565038624,0.2448015122873346,0.38918106686701726,0.007024586051179127,-0.07750371806212031,-0.018948487712665385,-0.02625504260335093,-0.001024586051179127,1.0950787541793434
CONTRASTIVE,MLP,72,1.0,4000,DOMAIN_OOD,3858,0.9991040229797363,0.005,0.00468384074941452,0.23841059602649006,2.2609998469999937,0.030054776000042693,0.8526005745005969,0.8397160902016398,0.9722222222222222,0.16329704510108864,0.2796271637816245,0.004665629860031105,315,9,1920,1614,0.8151528565038624,0.2448015122873346,0.38918106686701726,0.007024586051179127,-0.03744771799673452,0.08150446718624596,0.10955390308539276,-0.0023589561911480225,1.0459395041039854
CONTRASTIVE,MLP,72,1.0,4000,TEMPLATE_OOD,6832,0.9991040229797363,0.005,0.00468384074941452,0.23841059602649006,2.2609998469999937,0.05113794900000812,0.8933361577665259,0.8787894667743474,0.983926521239954,0.2508782201405152,0.39981338931653837,0.004098360655737705,857,14,3402,2559,0.8151528565038624,0.2448015122873346,0.38918106686701726,0.007024586051179127,-0.07818330126266348,-0.006076707853180596,-0.010632322449521114,-0.002926225395441422,1.0959124422356643
CONTRASTIVE,MLP,72,1.0,4000,DOMAIN_TEMPLATE_OOD,3708,0.9991040229797363,0.005,0.00468384074941452,0.23841059602649006,2.2609998469999937,0.02575021999996352,0.8428125298427696,0.8312418759287771,0.967741935483871,0.14563106796116504,0.25316455696202533,0.0048543689320388345,270,9,1845,1584,0.8151528565038624,0.2448015122873346,0.38918106686701726,0.007024586051179127,-0.027659673338907176,0.09917044432616956,0.13601650990499192,-0.0021702171191402926,1.0339318854350064
BASE,LOGREG,82,0.1,400,TEMPORAL,8000,0.9784205129150582,0.005,0.00468384074941452,0.36423841059602646,0.02198790199997802,0.06962736299999506,0.9183353739439633,0.9006953125,0.9797866367209432,0.43625,0.6037017816986681,0.009,1745,36,3964,2255,0.8591610704793429,0.3705103969754253,0.5322471147318398,0.01154039136979428,-0.05917430346462038,-0.06573960302457471,-0.07145466696682823,-0.0025403913697942815,1.0688745166626392
BASE,LOGREG,82,0.1,400,DOMAIN_OOD,3858,0.9784205129150582,0.005,0.00468384074941452,0.36423841059602646,0.02198790199997802,0.023494092999953864,0.895039262458001,0.8757898663304167,0.9768392370572208,0.37169517884914466,0.5384904243334585,0.008812856402280975,717,17,1912,1212,0.8591610704793429,0.3705103969754253,0.5322471147318398,0.01154039136979428,-0.03587819197865816,-0.0011847818737193427,-0.006243309601618674,-0.002727534967513306,1.041759564313873
BASE,LOGREG,82,0.1,400,TEMPLATE_OOD,6832,0.9784205129150582,0.005,0.00468384074941452,0.36423841059602646,0.02198790199997802,0.04304272000001674,0.9151866444330703,0.8963196337390102,0.9834437086092715,0.43471896955503514,0.6029232643118149,0.007318501170960188,1485,25,3391,1931,0.8591610704793429,0.3705103969754253,0.5322471147318398,0.01154039136979428,-0.056025573953727426,-0.06420857257960982,-0.07067614957997503,-0.004221890198834093,1.065209628181209
BASE,LOGREG,82,0.1,400,DOMAIN_TEMPLATE_OOD,3708,0.9784205129150582,0.005,0.00468384074941452,0.36423841059602646,0.02198790199997802,0.020380329999966307,0.8852642596721233,0.8635345135565073,0.977810650887574,0.3565264293419633,0.5225296442687747,0.008090614886731391,661,15,1839,1193,0.8591610704793429,0.3705103969754253,0.5322471147318398,0.01154039136979428,-0.02610318919278043,0.013983967633461991,0.009717470463065148,-0.00344977648306289,1.0303821833759494
BASE,XGBOOST,82,0.1,400,TEMPORAL,8000,0.9813677072525024,0.005,0.00468384074941452,0.3068432671081678,1.8281378970000333,0.017551463000017975,0.8927980194599684,0.8815791249999999,0.976878612716763,0.29575,0.454039531759739,0.007,1183,28,3972,2817,0.8208535534158641,0.29111531190926276,0.4438040345821326,0.011038635223281485,-0.07194446604410432,-0.004634688090737249,-0.010235497177606412,-0.004038635223281485,1.0876459214249823
BASE,XGBOOST,82,0.1,400,DOMAIN_OOD,3858,0.9813677072525024,0.005,0.00468384074941452,0.3068432671081678,1.8281378970000333,0.009665655000162587,0.8579327619196836,0.8482198933040512,0.970108695652174,0.18506998444790046,0.3108402263822377,0.005702436495593572,357,11,1918,1572,0.8208535534158641,0.29111531190926276,0.4438040345821326,0.011038635223281485,-0.037079208503819516,0.1060453274613623,0.1329638081998949,-0.005336198727687913,1.045171527064139
BASE,XGBOOST,82,0.1,400,TEMPLATE_OOD,6832,0.9813677072525024,0.005,0.00468384074941452,0.3068432671081678,1.8281378970000333,0.015025735000108398,0.8897841043312493,0.8762486871260194,0.9834791059280855,0.2962529274004684,0.4553430821147357,0.004976580796252928,1012,17,3399,2404,0.8208535534158641,0.29111531190926276,0.4438040345821326,0.011038635223281485,-0.06893055091538525,-0.005137615491205616,-0.011539047532603097,-0.006062054427028557,1.0839742370956922
BASE,XGBOOST,82,0.1,400,DOMAIN_TEMPLATE_OOD,3708,0.9813677072525024,0.005,0.00468384074941452,0.3068432671081678,1.8281378970000333,0.008573931000000812,0.8476005615151454,0.8365177946979562,0.9700598802395209,0.17475728155339806,0.2961608775137112,0.005393743257820928,324,10,1844,1530,0.8208535534158641,0.29111531190926276,0.4438040345821326,0.011038635223281485,-0.026747008099281322,0.1163580303558647,0.1476431570684214,-0.005644891965460557,1.032584384861316
BASE,MLP,82,0.1,400,TEMPORAL,8000,0.9676997065544128,0.005,0.00468384074941452,0.304635761589404,0.2281035470000461,0.05726251500004764,0.9040095697681501,0.89164509375,0.9815409309791332,0.30575,0.46626000762485703,0.00575,1223,23,3977,2777,0.831367347175744,0.29111531190926276,0.448,0.004515805318615153,-0.07264222259240605,-0.014634688090737258,-0.018260007624857022,0.001234194681384847,1.0873768050178787
BASE,MLP,82,0.1,400,DOMAIN_OOD,3858,0.9676997065544128,0.005,0.00468384074941452,0.304635761589404,0.2281035470000461,0.026039671000035014,0.873089687489414,0.8616573964113805,0.9695550351288056,0.21461897356143078,0.35144312393887944,0.00673924313115604,414,13,1916,1515,0.831367347175744,0.29111531190926276,0.448,0.004515805318615153,-0.04172234031366995,0.07649633834783198,0.09655687606112057,0.002223437812540887,1.0501852044771856
BASE,MLP,82,0.1,400,TEMPLATE_OOD,6832,0.9676997065544128,0.005,0.00468384074941452,0.304635761589404,0.2281035470000461,0.04653620499993849,0.899752774898517,0.8864298877304214,0.9816955684007708,0.29830210772833726,0.4575662325999102,0.0055620608899297425,1019,19,3397,2397,0.831367347175744,0.29111531190926276,0.448,0.004515805318615153,-0.068385427722773,-0.0071867958190744985,-0.009566232599910185,0.0010462555713145897,1.0822565716047023
BASE,MLP,82,0.1,400,DOMAIN_TEMPLATE_OOD,3708,0.9676997065544128,0.005,0.00468384074941452,0.304635761589404,0.2281035470000461,0.026276365999819973,0.8617684078630009,0.8477800702641247,0.967479674796748,0.1925566343042071,0.32118758434547906,0.006472491909385114,357,12,1842,1497,0.831367347175744,0.29111531190926276,0.448,0.004515805318615153,-0.030401060687256898,0.09855867760505566,0.12681241565452095,0.0019566865907699607,1.0365675423632321
DAPT,LOGREG,82,0.1,400,TEMPORAL,8000,0.9918944312011548,0.005,0.00468384074941452,0.2229580573951435,0.03585444600003029,0.05741011199984314,0.9144085546955879,0.9032905,0.9890873015873016,0.24925,0.3981629392971246,0.00275,997,11,3989,3003,0.8507838817549243,0.18620037807183365,0.3126984126984127,0.002508780732563974,-0.06362467294066365,-0.06304962192816635,-0.0854645265987119,0.000241219267436026,1.0747835899399318
DAPT,LOGREG,82,0.1,400,DOMAIN_OOD,3858,0.9918944312011548,0.005,0.00468384074941452,0.2229580573951435,0.03585444600003029,0.023584226000139097,0.8946493937144051,0.8827449092874816,0.9911242603550295,0.17366511145671332,0.29554477282752534,0.0015552099533437014,335,3,1926,1594,0.8507838817549243,0.18620037807183365,0.3126984126984127,0.002508780732563974,-0.04386551195948085,0.012535266615120333,0.01715363987088736,-0.0009535707792202724,1.051558936294137
DAPT,LOGREG,82,0.1,400,TEMPLATE_OOD,6832,0.9918944312011548,0.005,0.00468384074941452,0.2229580573951435,0.03585444600003029,0.04393316499999855,0.9159964941256646,0.9040091160758849,0.992822966507177,0.2429742388758782,0.39040451552210725,0.001756440281030445,830,6,3410,2586,0.8507838817549243,0.18620037807183365,0.3126984126984127,0.002508780732563974,-0.06521261237074039,-0.05677386080404456,-0.07770610282369456,-0.0007523404515335289,1.0766500327159765
DAPT,LOGREG,82,0.1,400,DOMAIN_TEMPLATE_OOD,3708,0.9918944312011548,0.005,0.00468384074941452,0.2229580573951435,0.03585444600003029,0.020299279000028037,0.8839986074526058,0.8709397099364736,0.9902912621359223,0.1650485436893204,0.2829403606102635,0.0016181229773462784,306,3,1851,1548,0.8507838817549243,0.18620037807183365,0.3126984126984127,0.002508780732563974,-0.03321472569768158,0.02115183438251325,0.02975805208814919,-0.0008906577552176954,1.0390401445184516
DAPT,XGBOOST,82,0.1,400,TEMPORAL,8000,0.9929362535476685,0.005,0.00468384074941452,0.15673289183222958,1.85373244099992,0.017640940999854138,0.8979110715422922,0.88145740625,0.9875173370319001,0.178,0.30163101037915696,0.00225,712,9,3991,3288,0.8184477101207194,0.15973534971644612,0.27435064935064934,0.002508780732563974,-0.07946336142157284,-0.018264650283553868,-0.027280361028507616,-0.000258780732563974,1.0970903338587779
DAPT,XGBOOST,82,0.1,400,DOMAIN_OOD,3858,0.9929362535476685,0.005,0.00468384074941452,0.15673289183222958,1.85373244099992,0.009229634999883274,0.8653923565069316,0.8498085616363807,0.98,0.10160705028512182,0.18412400187881633,0.002073613271124935,196,4,1925,1733,0.8184477101207194,0.15973534971644612,0.27435064935064934,0.002508780732563974,-0.04694464638621221,0.058128299431324304,0.09022664747183301,-0.00043516746143903865,1.057358149831329
DAPT,XGBOOST,82,0.1,400,TEMPLATE_OOD,6832,0.9929362535476685,0.005,0.00468384074941452,0.15673289183222958,1.85373244099992,0.015341070999966178,0.8965180422643011,0.8782596895584355,0.9885057471264368,0.1762295081967213,0.2991304347826087,0.0020491803278688526,602,7,3409,2814,0.8184477101207194,0.15973534971644612,0.27435064935064934,0.002508780732563974,-0.07807033214358172,-0.01649415848027519,-0.024779785431959356,-0.0004596004046951213,1.0953882956457492
DAPT,XGBOOST,82,0.1,400,DOMAIN_TEMPLATE_OOD,3708,0.9929362535476685,0.005,0.00468384074941452,0.15673289183222958,1.85373244099992,0.008735054999988279,0.8520363942729798,0.8337679747803227,0.9790575916230366,0.10086299892125135,0.18288508557457211,0.002157497303128371,187,4,1850,1667,0.8184477101207194,0.15973534971644612,0.27435064935064934,0.002508780732563974,-0.03358868415226046,0.058872350795194775,0.09146556377607723,-0.00035128342943560294,1.0410394992091874
DAPT,MLP,82,0.1,400,TEMPORAL,8000,0.984957754611969,0.005,0.00468384074941452,0.18763796909492272,0.254825105000009,0.056849125000098866,0.9157463177811258,0.9037840625,0.9888888888888889,0.28925,0.4475822050290135,0.00325,1157,13,3987,2843,0.8322273457688453,0.16351606805293006,0.27948303715670436,0.0035122930255895636,-0.08351897201228053,-0.12573393194706994,-0.16809916787230916,-0.0002622930255895637,1.10035595734375
DAPT,MLP,82,0.1,400,DOMAIN_OOD,3858,0.984957754611969,0.005,0.00468384074941452,0.18763796909492272,0.254825105000009,0.026745021000124325,0.8867366146486945,0.8758051846244101,0.977961432506887,0.184033177812338,0.30977312390924955,0.00414722654224987,355,8,1921,1574,0.8322273457688453,0.16351606805293006,0.27948303715670436,0.0035122930255895636,-0.05450926887984919,-0.02051710975940793,-0.030290086752545187,0.0006349335166603068,1.0654980506912943
DAPT,MLP,82,0.1,400,TEMPLATE_OOD,6832,0.984957754611969,0.005,0.00468384074941452,0.18763796909492272,0.254825105000009,0.047752563000130976,0.9121844930135194,0.8998673071754905,0.9889112903225806,0.28717798594847777,0.44509981851179675,0.0032201405152224825,981,11,3405,2435,0.8322273457688453,0.16351606805293006,0.27948303715670436,0.0035122930255895636,-0.07995714724467418,-0.1236619178955477,-0.1656167813550924,-0.000292152510367081,1.0960760874431572
DAPT,MLP,82,0.1,400,DOMAIN_TEMPLATE_OOD,3708,0.984957754611969,0.005,0.00468384074941452,0.18763796909492272,0.254825105000009,0.026744615000097838,0.8754766211303203,0.8629701197096804,0.9745222929936306,0.1650485436893204,0.2822878228782288,0.004314994606256742,306,8,1846,1548,0.8322273457688453,0.16351606805293006,0.27948303715670436,0.0035122930255895636,-0.04324927536147505,-0.0015324756363903347,-0.0028047857215244276,0.0008027015806671783,1.0519681017228768
CONTRASTIVE,LOGREG,82,0.1,400,TEMPORAL,8000,0.9931691091915917,0.005,0.00468384074941452,0.17218543046357615,0.02479597299998204,0.0715857259999666,0.8317943558168035,0.813344625,0.9696641386782232,0.22375,0.36359943124111316,0.007,895,28,3972,3105,0.7416353924078287,0.20415879017013233,0.3361867704280156,0.0055193176116407425,-0.09015896340897478,-0.019591209829867673,-0.027412660813097567,0.0014806823883592576,1.1215677735069525
CONTRASTIVE,LOGREG,82,0.1,400,DOMAIN_OOD,3858,0.9931691091915917,0.005,0.00468384074941452,0.17218543046357615,0.02479597299998204,0.024975596999865957,0.7990482616076198,0.7860582562782834,0.9578947368421052,0.14152410575427682,0.24661246612466126,0.006220839813374806,273,12,1917,1656,0.7416353924078287,0.20415879017013233,0.3361867704280156,0.0055193176116407425,-0.05741286919979105,0.06263468441585551,0.08957430430335434,0.000701522201734063,1.077413874509672
CONTRASTIVE,LOGREG,82,0.1,400,TEMPLATE_OOD,6832,0.9931691091915917,0.005,0.00468384074941452,0.17218543046357615,0.02479597299998204,0.04356979599992883,0.8381649099402146,0.8187640028465027,0.9730061349693252,0.23214285714285715,0.37485228078468447,0.006440281030444965,793,22,3394,2623,0.7416353924078287,0.20415879017013233,0.3361867704280156,0.0055193176116407425,-0.09652951753238592,-0.02798406697272482,-0.038665510356668875,0.0009209634188042225,1.1301576468984154
CONTRASTIVE,LOGREG,82,0.1,400,DOMAIN_TEMPLATE_OOD,3708,0.9931691091915917,0.005,0.00468384074941452,0.17218543046357615,0.02479597299998204,0.02019665099987833,0.7924372690677814,0.7758518565066466,0.9578947368421052,0.14724919093851133,0.2552594670406732,0.006472491909385114,273,12,1842,1581,0.7416353924078287,0.20415879017013233,0.3361867704280156,0.0055193176116407425,-0.05080187665995273,0.056909599231621005,0.08092730338734239,0.000953174297744371,1.0684998008185895
CONTRASTIVE,XGBOOST,82,0.1,400,TEMPORAL,8000,0.9880094528198242,0.005,0.00468384074941452,0.08609271523178808,2.6247094559998914,0.018804241999987426,0.8118834824765929,0.7869548125,0.9742647058823529,0.1325,0.23327464788732394,0.0035,530,14,3986,3470,0.7050664134153954,0.07277882797731569,0.13449781659388646,0.005017561465127948,-0.10681706906119748,-0.059721172022684316,-0.09877683129343748,-0.0015175614651279476,1.1514993013832093
CONTRASTIVE,XGBOOST,82,0.1,400,DOMAIN_OOD,3858,0.9880094528198242,0.005,0.00468384074941452,0.08609271523178808,2.6247094559998914,0.009835295999891969,0.7753204941340982,0.7540674773537835,0.9603174603174603,0.06272680145152928,0.11776155717761558,0.002592016588906169,121,5,1924,1808,0.7050664134153954,0.07277882797731569,0.13449781659388646,0.005017561465127948,-0.07025408071870276,0.010052026525786406,0.016736259416270882,-0.0024255448762217787,1.0996417917262384
CONTRASTIVE,XGBOOST,82,0.1,400,TEMPLATE_OOD,6832,0.9880094528198242,0.005,0.00468384074941452,0.08609271523178808,2.6247094559998914,0.016422622999925807,0.8214249185244022,0.7931764146131444,0.9829787234042553,0.13524590163934427,0.2377766340710242,0.00234192037470726,462,8,3408,2954,0.7050664134153954,0.07277882797731569,0.13449781659388646,0.005017561465127948,-0.1163585051090068,-0.06246707366202858,-0.10327881747713774,-0.0026756410904206877,1.1650319783995344
CONTRASTIVE,XGBOOST,82,0.1,400,DOMAIN_TEMPLATE_OOD,3708,0.9880094528198242,0.005,0.00468384074941452,0.08609271523178808,2.6247094559998914,0.009469668999827263,0.7704738309186535,0.74753412255376,0.9537037037037037,0.05555555555555555,0.10499490316004077,0.002696871628910464,103,5,1849,1751,0.7050664134153954,0.07277882797731569,0.13449781659388646,0.005017561465127948,-0.06540741750325807,0.01722327242176014,0.029502913433845687,-0.0023206898362174836,1.092767739689116
CONTRASTIVE,MLP,82,0.1,400,TEMPORAL,8000,0.9258036017417908,0.005,0.00468384074941452,0.18101545253863136,0.2099618659999578,0.05880581400015217,0.8259007874649719,0.80394075,0.970873786407767,0.2,0.33167495854063017,0.006,800,24,3976,3200,0.7567135518227799,0.17296786389413987,0.29233226837060705,0.0055193176116407425,-0.06918723564219198,-0.02703213610586014,-0.03934269017002312,0.0004806823883592576,1.091431209967805
CONTRASTIVE,MLP,82,0.1,400,DOMAIN_OOD,3858,0.9258036017417908,0.005,0.00468384074941452,0.18101545253863136,0.2099618659999578,0.026448104999872157,0.7779827679074933,0.7661047002707039,0.9354838709677419,0.10523587350959046,0.1891891891891892,0.007257646448937273,203,14,1915,1726,0.7567135518227799,0.17296786389413987,0.29233226837060705,0.0055193176116407425,-0.021269216084713438,0.06773199038454941,0.10314307918141785,0.0017383288372965306,1.028107354537896
CONTRASTIVE,MLP,82,0.1,400,TEMPLATE_OOD,6832,0.9258036017417908,0.005,0.00468384074941452,0.18101545253863136,0.2099618659999578,0.04583135999996557,0.8318782712084326,0.8090972397424436,0.9739368998628258,0.20784543325526933,0.3425814234016888,0.0055620608899297425,710,19,3397,2706,0.7567135518227799,0.17296786389413987,0.29233226837060705,0.0055193176116407425,-0.07516471938565272,-0.03487756936112946,-0.05024915503108174,4.274327828899995e-05,1.0993304787585674
CONTRASTIVE,MLP,82,0.1,400,DOMAIN_TEMPLATE_OOD,3708,0.9258036017417908,0.005,0.00468384074941452,0.18101545253863136,0.2099618659999578,0.02530042000012145,0.7737568973169286,0.7584272147221844,0.9333333333333333,0.10571736785329018,0.18992248062015504,0.007551240560949299,196,14,1840,1658,0.7567135518227799,0.17296786389413987,0.29233226837060705,0.0055193176116407425,-0.017043345494148765,0.06725049604084969,0.10240978775045201,0.0020319229493085565,1.0225228495684986
BASE,LOGREG,82,0.25,1000,TEMPORAL,8000,0.9950471713070675,0.005,0.00468384074941452,0.20750551876379691,0.3152106580000691,0.060114713000075426,0.9315582063736056,0.9236455625,0.9870722433460076,0.3245,0.48842897460018814,0.00425,1298,17,3983,2702,0.8490871172761691,0.16918714555765596,0.28731942215088285,0.004515805318615153,-0.0824710890974365,-0.15531285444234405,-0.20110955244930528,-0.0002658053186151525,1.097129125409416
BASE,LOGREG,82,0.25,1000,DOMAIN_OOD,3858,0.9950471713070675,0.005,0.00468384074941452,0.20750551876379691,0.3152106580000691,0.02370929900007468,0.9172521281618927,0.9055740046938479,0.9908256880733946,0.27993779160186627,0.43654001616814875,0.002592016588906169,540,5,1924,1389,0.8490871172761691,0.16918714555765596,0.28731942215088285,0.004515805318615153,-0.06816501088572358,-0.11075064604421031,-0.1492205940172659,-0.0019237887297089838,1.0802803499179139
BASE,LOGREG,82,0.25,1000,TEMPLATE_OOD,6832,0.9950471713070675,0.005,0.00468384074941452,0.20750551876379691,0.3152106580000691,0.04161543200007145,0.9296675059286768,0.920295609173527,0.9881710646041856,0.31791569086651056,0.48106312292358805,0.0038056206088992973,1086,13,3403,2330,0.8490871172761691,0.16918714555765596,0.28731942215088285,0.004515805318615153,-0.0805803886525076,-0.1487285453088546,-0.1937437007727052,-0.0007101847097158555,1.0949023804659828
BASE,LOGREG,82,0.25,1000,DOMAIN_TEMPLATE_OOD,3708,0.9950471713070675,0.005,0.00468384074941452,0.20750551876379691,0.3152106580000691,0.020045471999992515,0.9101934739335718,0.8978060207440923,0.9899396378269618,0.26537216828478966,0.41854529987239475,0.002696871628910464,492,5,1849,1362,0.8490871172761691,0.16918714555765596,0.28731942215088285,0.004515805318615153,-0.061106356657402605,-0.0961850227271337,-0.1312258777215119,-0.0018189336897046888,1.0719671225885854
BASE,XGBOOST,82,0.25,1000,TEMPORAL,8000,0.9948142170906067,0.005,0.00468384074941452,0.20750551876379691,3.7980458930001078,0.01985122899986891,0.9112919629309527,0.9042183125000001,0.9829497016197783,0.28825,0.4457761453701914,0.005,1153,20,3980,2847,0.8304441958634358,0.1937618147448015,0.3218210361067504,0.0055193176116407425,-0.08084776706751695,-0.0944881852551985,-0.123955109263441,-0.0005193176116407424,1.0973548463222833
BASE,XGBOOST,82,0.25,1000,DOMAIN_OOD,3858,0.9948142170906067,0.005,0.00468384074941452,0.20750551876379691,3.7980458930001078,0.010341095999820027,0.8864489699392435,0.8770424727918881,0.9848101265822785,0.20165889061689996,0.3347676419965577,0.003110419906687403,389,6,1923,1540,0.8304441958634358,0.1937618147448015,0.3218210361067504,0.0055193176116407425,-0.05600477407580773,-0.007897075872098452,-0.012946605889807283,-0.0024088977049533397,1.067439539411288
BASE,XGBOOST,82,0.25,1000,TEMPLATE_OOD,6832,0.9948142170906067,0.005,0.00468384074941452,0.20750551876379691,3.7980458930001078,0.01773036300005515,0.907968282938667,0.8980980980809417,0.9898477157360406,0.2854215456674473,0.4430811179277437,0.002927400468384075,975,10,3406,2441,0.8304441958634358,0.1937618147448015,0.3218210361067504,0.0055193176116407425,-0.07752408707523128,-0.09165973092264582,-0.12126008182099329,-0.0025919171432566674,1.093352554526108
BASE,XGBOOST,82,0.25,1000,DOMAIN_TEMPLATE_OOD,3708,0.9948142170906067,0.005,0.00468384074941452,0.20750551876379691,3.7980458930001078,0.009658003999902576,0.8746504716934739,0.8657181940793339,0.9855491329479769,0.18392664509169362,0.31,0.002696871628910464,341,5,1849,1513,0.8304441958634358,0.1937618147448015,0.3218210361067504,0.0055193176116407425,-0.04420627583003811,0.009835169653107878,0.011821036106750393,-0.0028224459827302785,1.0532320847688936
BASE,MLP,82,0.25,1000,TEMPORAL,8000,0.994618833065033,0.005,0.00468384074941452,0.3620309050772627,0.5698144589998719,0.05671946699999353,0.9306372930089575,0.92627265625,0.9847480106100795,0.37125,0.5392156862745098,0.00575,1485,23,3977,2515,0.8635857488538683,0.31852551984877125,0.4786931818181818,0.006522829904666332,-0.06705154415508918,-0.05272448015122877,-0.06052250445632795,-0.0007728299046663323,1.0776431804763782
BASE,MLP,82,0.25,1000,DOMAIN_OOD,3858,0.994618833065033,0.005,0.00468384074941452,0.3620309050772627,0.5698144589998719,0.025564701000121204,0.9096843049602445,0.901736503306467,0.9874326750448833,0.28512182477967857,0.4424778761061947,0.0036288232244686366,550,7,1922,1379,0.8635857488538683,0.31852551984877125,0.4786931818181818,0.006522829904666332,-0.046098556106376254,0.03340369506909269,0.03621530571198711,-0.0028940066801976957,1.0533804039350547
BASE,MLP,82,0.25,1000,TEMPLATE_OOD,6832,0.994618833065033,0.005,0.00468384074941452,0.3620309050772627,0.5698144589998719,0.04625512200004778,0.9273579242276084,0.921201894994762,0.9873116574147502,0.3644613583138173,0.5323925593329057,0.00468384074941452,1245,16,3400,2171,0.8635857488538683,0.31852551984877125,0.4786931818181818,0.006522829904666332,-0.06377217537374014,-0.045935838465046064,-0.05369937751472392,-0.0018389891552518123,1.0738457940724209
BASE,MLP,82,0.25,1000,DOMAIN_TEMPLATE_OOD,3708,0.994618833065033,0.005,0.00468384074941452,0.3620309050772627,0.5698144589998719,0.024880327000118996,0.9007544119564976,0.8924548979494465,0.9859437751004017,0.26483279395900755,0.4175170068027211,0.0037756202804746495,491,7,1847,1363,0.8635857488538683,0.31852551984877125,0.4786931818181818,0.006522829904666332,-0.03716866310262934,0.053692725889763704,0.06117617501546074,-0.0027472096241916827,1.043039921805054
DAPT,LOGREG,82,0.25,1000,TEMPORAL,8000,0.991375404455067,0.005,0.00468384074941452,0.25165562913907286,0.4804066110000349,0.08189985200010597,0.9286948006718043,0.9262633125000002,0.9779086892488954,0.332,0.49570735349010825,0.0075,1328,30,3970,2672,0.8329040360940492,0.19281663516068054,0.3185011709601874,0.009533366783743101,-0.09579076457775515,-0.13918336483931948,-0.17720618252992087,-0.0020333667837431017,1.1150081647184367
DAPT,LOGREG,82,0.25,1000,DOMAIN_OOD,3858,0.991375404455067,0.005,0.00468384074941452,0.25165562913907286,0.4804066110000349,0.02450427500002661,0.9200825851596475,0.9131310297306587,0.984375,0.2939346811819596,0.45269461077844314,0.004665629860031105,567,9,1920,1362,0.8329040360940492,0.19281663516068054,0.3185011709601874,0.009533366783743101,-0.0871785490655983,-0.10111804602127905,-0.13419343981825577,-0.004867736923711997,1.1046681793912623
DAPT,LOGREG,82,0.25,1000,TEMPLATE_OOD,6832,0.991375404455067,0.005,0.00468384074941452,0.25165562913907286,0.4804066110000349,0.04433474999996179,0.9295487403264926,0.925787398740738,0.984375,0.3135245901639344,0.4755772646536412,0.004976580796252928,1071,17,3399,2345,0.8329040360940492,0.19281663516068054,0.3185011709601874,0.009533366783743101,-0.09664470423244342,-0.12070795500325388,-0.15707609369345382,-0.004556785987490174,1.1160334204714197
DAPT,LOGREG,82,0.25,1000,DOMAIN_TEMPLATE_OOD,3708,0.991375404455067,0.005,0.00468384074941452,0.25165562913907286,0.4804066110000349,0.02031214099997669,0.9113303882495987,0.9046119123176339,0.9822134387351779,0.2680690399137001,0.4211864406779661,0.0048543689320388345,497,9,1845,1357,0.8329040360940492,0.19281663516068054,0.3185011709601874,0.009533366783743101,-0.0784263521555495,-0.07525240475301959,-0.10268526971777875,-0.004678997851704267,1.0941601298071917
DAPT,XGBOOST,82,0.25,1000,TEMPORAL,8000,0.9978009462356567,0.005,0.00468384074941452,0.16997792494481237,3.5599544709998554,0.019914319999998042,0.919652686049805,0.9124697499999999,0.985981308411215,0.211,0.34761120263591433,0.003,844,12,3988,3156,0.8354696931089647,0.15406427221172023,0.2656886715566422,0.0030105368790767687,-0.0841829929408403,-0.056935727788279766,-0.08192253107927211,-1.0536879076768636e-05,1.1007612767227701
DAPT,XGBOOST,82,0.25,1000,DOMAIN_OOD,3858,0.9978009462356567,0.005,0.00468384074941452,0.16997792494481237,3.5599544709998554,0.010599637000041184,0.8971330062312546,0.8878507385433271,0.9923664122137404,0.13478486262312078,0.23733455043359197,0.0010368066355624676,260,2,1927,1669,0.8354696931089647,0.15406427221172023,0.2656886715566422,0.0030105368790767687,-0.0616633131222899,0.019279409588599444,0.028354121123050247,-0.001973730243514301,1.0738067623887435
DAPT,XGBOOST,82,0.25,1000,TEMPLATE_OOD,6832,0.9978009462356567,0.005,0.00468384074941452,0.16997792494481237,3.5599544709998554,0.01745787400000154,0.9185575718695889,0.9091782574357343,0.9930555555555556,0.20930913348946137,0.34574468085106386,0.0014637002341920376,715,5,3411,2701,0.8354696931089647,0.15406427221172023,0.2656886715566422,0.0030105368790767687,-0.08308787876062418,-0.05524486127774114,-0.08005600929442164,-0.0015468366448847311,1.099450500055168
DAPT,XGBOOST,82,0.25,1000,DOMAIN_TEMPLATE_OOD,3708,0.9978009462356567,0.005,0.00468384074941452,0.16997792494481237,3.5599544709998554,0.009765130999994653,0.8859940286089942,0.8753123076260664,0.9920318725099602,0.1343042071197411,0.2365795724465558,0.0010787486515641855,249,2,1852,1605,0.8354696931089647,0.15406427221172023,0.2656886715566422,0.0030105368790767687,-0.05052433550002955,0.01976006509197914,0.02910909911008641,-0.0019317882275125832,1.0604741691012363
DAPT,MLP,82,0.25,1000,TEMPORAL,8000,0.9949688911437988,0.005,0.00468384074941452,0.2737306843267108,0.7012460720000036,0.05810717700001078,0.936441617501975,0.9324466874999999,0.989648033126294,0.3585,0.5263351073591485,0.00375,1434,15,3985,2566,0.8536595863847449,0.21644612476370512,0.35366795366795367,0.004014049172102358,-0.08278203111723004,-0.14205387523629487,-0.17266715369119479,-0.0002640491721023581,1.0969731171974682
DAPT,MLP,82,0.25,1000,DOMAIN_OOD,3858,0.9949688911437988,0.005,0.00468384074941452,0.2737306843267108,0.7012460720000036,0.02692258399997627,0.9184432464224718,0.9118225249332109,0.9906716417910447,0.27527216174183516,0.4308316430020284,0.002592016588906169,531,5,1924,1398,0.8536595863847449,0.21644612476370512,0.35366795366795367,0.004014049172102358,-0.06478366003772684,-0.05882603697813005,-0.07716368933407475,-0.001422032583196189,1.0758893370038591
DAPT,MLP,82,0.25,1000,TEMPLATE_OOD,6832,0.9949688911437988,0.005,0.00468384074941452,0.2737306843267108,0.7012460720000036,0.0474590139999691,0.9333464506258704,0.9286763213750968,0.9891395154553049,0.34660421545667447,0.5133318881422068,0.0038056206088992973,1184,13,3403,2232,0.8536595863847449,0.21644612476370512,0.35366795366795367,0.004014049172102358,-0.07968686424112548,-0.13015809069296935,-0.1596639344742531,-0.00020842856320306066,1.0933473547442956
DAPT,MLP,82,0.25,1000,DOMAIN_TEMPLATE_OOD,3708,0.9949688911437988,0.005,0.00468384074941452,0.2737306843267108,0.7012460720000036,0.024744265999970594,0.9095278876487428,0.9028838198175553,0.9895397489539749,0.2551240560949299,0.4056603773584906,0.002696871628910464,473,5,1849,1381,0.8536595863847449,0.21644612476370512,0.35366795366795367,0.004014049172102358,-0.05586830126399789,-0.03867793133122477,-0.051992423690536915,-0.001317177543191894,1.0654456438550648
CONTRASTIVE,LOGREG,82,0.25,1000,TEMPORAL,8000,0.9967431782855319,0.005,0.00468384074941452,0.17439293598233996,0.29273200800002996,0.0548132330000044,0.8654176749927333,0.8562996249999999,0.9675550405561993,0.20875,0.34340941805469877,0.007,835,28,3972,3165,0.7633728777788968,0.14839319470699433,0.25590872045639773,0.006021073758153537,-0.10204479721383641,-0.06035680529300566,-0.08750069759830104,0.0009789262418464627,1.1336762153650848
CONTRASTIVE,LOGREG,82,0.25,1000,DOMAIN_OOD,3858,0.9967431782855319,0.005,0.00468384074941452,0.17439293598233996,0.29273200800002996,0.02383766100001594,0.8366540465062722,0.8316358244910497,0.9595588235294118,0.13530326594090203,0.2371649250340754,0.005702436495593572,261,11,1918,1668,0.7633728777788968,0.14839319470699433,0.25590872045639773,0.006021073758153537,-0.07328116872737533,0.013089928766092301,0.018743795422322324,-0.0003186372625599652,1.0959965579869613
CONTRASTIVE,LOGREG,82,0.25,1000,TEMPLATE_OOD,6832,0.9967431782855319,0.005,0.00468384074941452,0.17439293598233996,0.29273200800002996,0.04166699000006702,0.8685784118709017,0.857176021779311,0.9725490196078431,0.21779859484777517,0.35589571872757714,0.006147540983606557,744,21,3395,2672,0.7633728777788968,0.14839319470699433,0.25590872045639773,0.006021073758153537,-0.10520553409200484,-0.06940540014078084,-0.0999869982711794,0.00012646722545301987,1.1378167042011107
CONTRASTIVE,LOGREG,82,0.25,1000,DOMAIN_TEMPLATE_OOD,3708,0.9967431782855319,0.005,0.00468384074941452,0.17439293598233996,0.29273200800002996,0.020190547999845876,0.8337668094615254,0.8260960004840987,0.9589552238805971,0.13861920172599784,0.24222431668237512,0.005933117583603021,257,11,1843,1597,0.7633728777788968,0.14839319470699433,0.25590872045639773,0.006021073758153537,-0.07039393168262853,0.009773992980996488,0.013684403774022608,-8.795617455051655e-05,1.0922143473153594
CONTRASTIVE,XGBOOST,82,0.25,1000,TEMPORAL,8000,0.9880892038345337,0.005,0.00468384074941452,0.18101545253863136,5.425185102000114,0.02456993199984936,0.8472552717241512,0.8313991875,0.9674039580908033,0.20775,0.3420456884132538,0.007,831,28,3972,3169,0.7323762242831038,0.15689981096408318,0.2653876898481215,0.013547415955845458,-0.11487904744104738,-0.050850189035916815,-0.07665799856513228,-0.006547415955845458,1.1568579694862409
CONTRASTIVE,XGBOOST,82,0.25,1000,DOMAIN_OOD,3858,0.9880892038345337,0.005,0.00468384074941452,0.18101545253863136,5.425185102000114,0.012172729999974763,0.8146206687132871,0.8036108712588763,0.9579439252336449,0.10627268014515293,0.19132057862809146,0.004665629860031105,205,9,1920,1724,0.7323762242831038,0.15689981096408318,0.2653876898481215,0.013547415955845458,-0.0822444444301833,0.05062713081893025,0.07406711122003004,-0.008881786095814354,1.1122980808268172
CONTRASTIVE,XGBOOST,82,0.25,1000,TEMPLATE_OOD,6832,0.9880892038345337,0.005,0.00468384074941452,0.18101545253863136,5.425185102000114,0.02004147500019826,0.8532409330146726,0.833015969757965,0.9823609226594301,0.21194379391100704,0.3486636166626535,0.0038056206088992973,724,13,3403,2692,0.7323762242831038,0.15689981096408318,0.2653876898481215,0.013547415955845458,-0.12086470873156885,-0.055043982946923864,-0.083275926814532,-0.00974179534694616,1.1650309017743972
CONTRASTIVE,XGBOOST,82,0.25,1000,DOMAIN_TEMPLATE_OOD,3708,0.9880892038345337,0.005,0.00468384074941452,0.18101545253863136,5.425185102000114,0.011236099999905491,0.8092573430567989,0.7943139356404822,0.9617224880382775,0.10841423948220065,0.19486185167232187,0.004314994606256742,201,8,1846,1653,0.7323762242831038,0.15689981096408318,0.2653876898481215,0.013547415955845458,-0.07688111877369508,0.048485571481882525,0.07052583817579963,-0.009232421349588717,1.1049748970878337
CONTRASTIVE,MLP,82,0.25,1000,TEMPORAL,8000,0.9994068741798401,0.005,0.00468384074941452,0.19205298013245034,0.8412263120001171,0.05684838199999831,0.8681150768639436,0.85887846875,0.9755849440488301,0.23975,0.3849086895444511,0.006,959,24,3976,3041,0.7835447147381658,0.18052930056710775,0.30269413629160064,0.006522829904666332,-0.08457036212577784,-0.05922069943289224,-0.08221455325285049,-0.0005228299046663321,1.1079330388362563
CONTRASTIVE,MLP,82,0.25,1000,DOMAIN_OOD,3858,0.9994068741798401,0.005,0.00468384074941452,0.19205298013245034,0.8412263120001171,0.02582677100008368,0.8371085917636363,0.8337064816001759,0.9627118644067797,0.1472265422498704,0.25539568345323743,0.005702436495593572,284,11,1918,1645,0.7835447147381658,0.18052930056710775,0.30269413629160064,0.006522829904666332,-0.0535638770254705,0.03330275831723736,0.0472984528383632,-0.00082039340907276,1.068360970367045
CONTRASTIVE,MLP,82,0.25,1000,TEMPLATE_OOD,6832,0.9994068741798401,0.005,0.00468384074941452,0.19205298013245034,0.8412263120001171,0.04749775599998429,0.8709623485545449,0.8608331727947831,0.9791907514450867,0.24795081967213115,0.39570193879934595,0.005269320843091335,847,18,3398,2569,0.7835447147381658,0.18052930056710775,0.30269413629160064,0.006522829904666332,-0.08741763381637913,-0.06742151910502339,-0.09300780250774532,-0.0012535090615749976,1.111566873175312
CONTRASTIVE,MLP,82,0.25,1000,DOMAIN_TEMPLATE_OOD,3708,0.9994068741798401,0.005,0.00468384074941452,0.19205298013245034,0.8412263120001171,0.025867434000019784,0.8330919247744324,0.8278133287716346,0.9619377162629758,0.1499460625674218,0.2594493700419972,0.005933117583603021,278,11,1843,1576,0.7835447147381658,0.18052930056710775,0.30269413629160064,0.006522829904666332,-0.04954721003626661,0.030583237999685958,0.04324476624960344,-0.0005897123210633114,1.063234693699419
BASE,LOGREG,82,1.0,4000,TEMPORAL,8000,0.994125237692969,0.005,0.00468384074941452,0.3333333333333333,0.6918143929999587,0.05009100000006583,0.9499098889746075,0.9445268124999998,0.99153194765204,0.322,0.4861294583883752,0.00275,1288,11,3989,2712,0.8961567104863788,0.29773156899810965,0.45751633986928103,0.002007024586051179,-0.05375317848822869,-0.024268431001890356,-0.02861311851909415,0.0007429754139488209,1.0599818958662428
BASE,LOGREG,82,1.0,4000,DOMAIN_OOD,3858,0.994125237692969,0.005,0.00468384074941452,0.3333333333333333,0.6918143929999587,0.020778422000148566,0.925876188699382,0.9218968562829595,0.982532751091703,0.2332814930015552,0.3770423125261835,0.00414722654224987,450,8,1921,1479,0.8961567104863788,0.29773156899810965,0.45751633986928103,0.002007024586051179,-0.029719478213003248,0.06445007599655445,0.08047402734309755,0.0021402019561986914,1.0331632602481695
BASE,LOGREG,82,1.0,4000,TEMPLATE_OOD,6832,0.994125237692969,0.005,0.00468384074941452,0.3333333333333333,0.6918143929999587,0.04135029700000814,0.9457954310921128,0.9402790594200594,0.9900090826521344,0.3190866510538642,0.4826212087668807,0.0032201405152224825,1090,11,3405,2326,0.8961567104863788,0.29773156899810965,0.45751633986928103,0.002007024586051179,-0.049638720605734044,-0.021355082055754537,-0.025104868897599664,0.0012131159291713036,1.0553906699853792
BASE,LOGREG,82,1.0,4000,DOMAIN_TEMPLATE_OOD,3708,0.994125237692969,0.005,0.00468384074941452,0.3333333333333333,0.6918143929999587,0.020102655999835406,0.9213074954291286,0.9175894796986951,0.9809069212410502,0.22168284789644013,0.3616366036075671,0.004314994606256742,411,8,1846,1443,0.8961567104863788,0.29773156899810965,0.45751633986928103,0.002007024586051179,-0.025150784942749804,0.07604872110166952,0.09587973626171392,0.002307970020205563,1.028065163880879
BASE,XGBOOST,82,1.0,4000,TEMPORAL,8000,0.9907761812210083,0.005,0.00468384074941452,0.423841059602649,10.727464699999928,0.026743803000044863,0.9428789509680193,0.93983571875,0.9915373765867419,0.3515,0.5190107050572167,0.003,1406,12,3988,2594,0.88972704272346,0.39792060491493386,0.5677680377612947,0.002007024586051179,-0.05315190824455929,0.04642060491493388,0.048757332704078005,0.000992975413948821,1.0597395669596161
BASE,XGBOOST,82,1.0,4000,DOMAIN_OOD,3858,0.9907761812210083,0.005,0.00468384074941452,0.423841059602649,10.727464699999928,0.013196845000038593,0.9195091476654903,0.918879421108233,0.9875,0.24572317262830481,0.39352428393524286,0.003110419906687403,474,6,1923,1455,0.88972704272346,0.39792060491493386,0.5677680377612947,0.002007024586051179,-0.029782104942030263,0.15219743228662905,0.17424375382605184,0.0011033953206362238,1.0334733053081842
BASE,XGBOOST,82,1.0,4000,TEMPLATE_OOD,6832,0.9907761812210083,0.005,0.00468384074941452,0.423841059602649,10.727464699999928,0.023911070999929507,0.9370152905883329,0.9336364912465928,0.9907251264755481,0.3439695550351288,0.5106475445458496,0.0032201405152224825,1175,11,3405,2241,0.88972704272346,0.39792060491493386,0.5677680377612947,0.002007024586051179,-0.047288247864872845,0.053951049879805035,0.0571204932154451,0.0012131159291713036,1.0531491632761023
BASE,XGBOOST,82,1.0,4000,DOMAIN_TEMPLATE_OOD,3708,0.9907761812210083,0.005,0.00468384074941452,0.423841059602649,10.727464699999928,0.012568967999868619,0.9123689845932259,0.9122306474004718,0.9880668257756563,0.22330097087378642,0.36427628684557856,0.002696871628910464,414,5,1849,1440,0.88972704272346,0.39792060491493386,0.5677680377612947,0.002007024586051179,-0.02264194186976587,0.17461963404114744,0.20349175091571614,0.0006898470428592851,1.0254481889192204
BASE,MLP,82,1.0,4000,TEMPORAL,8000,0.999718427658081,0.005,0.00468384074941452,0.4326710816777042,2.643008749000046,0.06177475399999821,0.9595671727443342,0.95736821875,0.9909722222222223,0.35675,0.5246323529411765,0.00325,1427,13,3987,2573,0.9076046698118866,0.4045368620037807,0.574496644295302,0.002007024586051179,-0.05196250293244764,0.047786862003780683,0.04986429135412551,0.0012429754139488209,1.0572523529911075
BASE,MLP,82,1.0,4000,DOMAIN_OOD,3858,0.999718427658081,0.005,0.00468384074941452,0.4326710816777042,2.643008749000046,0.029720616000076916,0.9432168593716501,0.941677611184612,0.9840954274353877,0.25660964230171074,0.40707236842105265,0.00414722654224987,495,8,1921,1434,0.9076046698118866,0.4045368620037807,0.574496644295302,0.002007024586051179,-0.03561218955976353,0.14792721970206996,0.16742427587424935,0.0021402019561986914,1.0392375565532785
BASE,MLP,82,1.0,4000,TEMPLATE_OOD,6832,0.999718427658081,0.005,0.00468384074941452,0.4326710816777042,2.643008749000046,0.051279510999847844,0.955694244779633,0.9532783114589561,0.9905172413793103,0.3363583138173302,0.5021853146853147,0.0032201405152224825,1149,11,3405,2267,0.9076046698118866,0.4045368620037807,0.574496644295302,0.002007024586051179,-0.04808957496774646,0.06817854818645047,0.07231132960998732,0.0012131159291713036,1.0529851559464911
BASE,MLP,82,1.0,4000,DOMAIN_TEMPLATE_OOD,3708,0.999718427658081,0.005,0.00468384074941452,0.4326710816777042,2.643008749000046,0.02550611700007721,0.9383220434592217,0.9367416321339092,0.9836829836829837,0.22761596548004315,0.36968900569426194,0.0037756202804746495,422,7,1847,1432,0.9076046698118866,0.4045368620037807,0.574496644295302,0.002007024586051179,-0.030717373647335067,0.17692089652373755,0.20480763860104007,0.0017685956944234705,1.0338444420451272
DAPT,LOGREG,82,1.0,4000,TEMPORAL,8000,0.9967431637660024,0.005,0.00468384074941452,0.2229580573951435,0.5619985860000725,0.06176219400003902,0.9557130082249132,0.9527660625000001,0.9951783992285439,0.258,0.4097677188802859,0.00125,1032,5,3995,2968,0.9046913270161407,0.1947069943289225,0.325434439178515,0.0010035122930255895,-0.051021681208772485,-0.06329300567107751,-0.0843332797017709,0.00024648770697441053,1.0563967838368171
DAPT,LOGREG,82,1.0,4000,DOMAIN_OOD,3858,0.9967431637660024,0.005,0.00468384074941452,0.2229580573951435,0.5619985860000725,0.028764938999984224,0.9371315011180287,0.9365419515667792,0.9897959183673469,0.2011404872991187,0.33433864713485567,0.002073613271124935,388,4,1925,1541,0.9046913270161407,0.1947069943289225,0.325434439178515,0.0010035122930255895,-0.03244017410188793,-0.006433492970196214,-0.00890420795634067,0.0010701009780993457,1.0358577264235331
DAPT,LOGREG,82,1.0,4000,TEMPLATE_OOD,6832,0.9967431637660024,0.005,0.00468384074941452,0.2229580573951435,0.5619985860000725,0.04209709599990674,0.9528411196017188,0.9500881648009917,0.9951219512195122,0.2388758782201405,0.38526912181303113,0.00117096018735363,816,4,3412,2600,0.9046913270161407,0.1947069943289225,0.325434439178515,0.0010035122930255895,-0.048149792585578055,-0.04416888389121801,-0.059834682634516134,0.00016744789432804048,1.053222343519514
DAPT,LOGREG,82,1.0,4000,DOMAIN_TEMPLATE_OOD,3708,0.9967431637660024,0.005,0.00468384074941452,0.2229580573951435,0.5619985860000725,0.02077251800005797,0.9321542066008885,0.9319215923121411,0.9906542056074766,0.1715210355987055,0.2924137931034483,0.0016181229773462784,318,3,1851,1536,0.9046913270161407,0.1947069943289225,0.325434439178515,0.0010035122930255895,-0.0274628795847478,0.023185958730217004,0.03302064607506672,0.0006146106843206889,1.0303560770006783
DAPT,XGBOOST,82,1.0,4000,TEMPORAL,8000,0.9833492636680603,0.005,0.00468384074941452,0.4878587196467991,10.312148243000138,0.02626761900000929,0.9461154289300173,0.9435598749999999,0.9879656160458453,0.431,0.6001740644038294,0.00525,1724,21,3979,2276,0.8846109485657262,0.46502835538752363,0.6307692307692307,0.005017561465127948,-0.061504480364291125,0.034028355387523634,0.030595166365401383,0.00023243853487205264,1.0695271525454348
DAPT,XGBOOST,82,1.0,4000,DOMAIN_OOD,3858,0.9833492636680603,0.005,0.00468384074941452,0.4878587196467991,10.312148243000138,0.013115874000050098,0.921688353591767,0.922405047404745,0.9785932721712538,0.33177812337998963,0.49554781262098335,0.007257646448937273,640,14,1915,1289,0.8846109485657262,0.46502835538752363,0.6307692307692307,0.005017561465127948,-0.037077405026040844,0.133250232007534,0.1352214181482474,0.0022400849838093255,1.0419137984739582
DAPT,XGBOOST,82,1.0,4000,TEMPLATE_OOD,6832,0.9833492636680603,0.005,0.00468384074941452,0.4878587196467991,10.312148243000138,0.02236864099995728,0.9419703432111385,0.939307087051429,0.9881367759944173,0.41451990632318503,0.5840379459682409,0.004976580796252928,1416,17,3399,2000,0.8846109485657262,0.46502835538752363,0.6307692307692307,0.005017561465127948,-0.05735939464541229,0.0505084490643386,0.04673128480098987,-4.0980668875019964e-05,1.0648413799743408
DAPT,XGBOOST,82,1.0,4000,DOMAIN_TEMPLATE_OOD,3708,0.9833492636680603,0.005,0.00468384074941452,0.4878587196467991,10.312148243000138,0.012804871000071216,0.9137358958968577,0.9146240846055469,0.9771528998242531,0.2998921251348436,0.45893520429219975,0.007011866235167206,556,13,1841,1298,0.8846109485657262,0.46502835538752363,0.6307692307692307,0.005017561465127948,-0.029124947331131468,0.16513623025268004,0.171834026477031,0.0019943047700392586,1.0329240186076756
DAPT,MLP,82,1.0,4000,TEMPORAL,8000,0.9968841075897217,0.005,0.00468384074941452,0.47902869757174393,2.211372205999851,0.05795041299984405,0.9593927040047541,0.9578891249999999,0.9899159663865547,0.44175,0.6108902333621434,0.0045,1767,18,3982,2233,0.9094029632742819,0.43572778827977315,0.6034031413612565,0.004515805318615153,-0.04998974073047213,-0.006022211720226822,-0.00748709200088693,-1.580531861515317e-05,1.0549698458761179
DAPT,MLP,82,1.0,4000,DOMAIN_OOD,3858,0.9968841075897217,0.005,0.00468384074941452,0.47902869757174393,2.211372205999851,0.03033083099990108,0.9402991985124833,0.940158412659253,0.9821693907875185,0.3426645930533955,0.5080707148347425,0.006220839813374806,661,12,1917,1268,0.9094029632742819,0.43572778827977315,0.6034031413612565,0.004515805318615153,-0.030896235238201397,0.09306319522637763,0.09533242652651397,0.0017050344947596528,1.033974196792762
DAPT,MLP,82,1.0,4000,TEMPLATE_OOD,6832,0.9968841075897217,0.005,0.00468384074941452,0.47902869757174393,2.211372205999851,0.05135149200009437,0.9550610398660467,0.9532831104761175,0.9897189856065799,0.42271662763466045,0.5924102564102565,0.004391100702576112,1444,15,3401,1972,0.9094029632742819,0.43572778827977315,0.6034031413612565,0.004515805318615153,-0.045658076591764796,0.013011160645112707,0.010992884951000037,-0.00012470461603904075,1.0502066503361438
DAPT,MLP,82,1.0,4000,DOMAIN_TEMPLATE_OOD,3708,0.9968841075897217,0.005,0.00468384074941452,0.47902869757174393,2.211372205999851,0.025580474999969738,0.934185060936062,0.9346981772987994,0.9812925170068028,0.3112189859762675,0.4725634725634726,0.005933117583603021,577,11,1843,1277,0.9094029632742819,0.43572778827977315,0.6034031413612565,0.004515805318615153,-0.024782097661780078,0.12450880230350564,0.13083966879778391,0.001417312264987868,1.02725095327659
CONTRASTIVE,LOGREG,82,1.0,4000,TEMPORAL,8000,0.9923336099943415,0.005,0.00468384074941452,0.24503311258278146,0.5022827259999758,0.05780225299986341,0.887859178080224,0.8762665624999999,0.97953216374269,0.25125,0.39992041384799043,0.00525,1005,21,3979,2995,0.7928184871741224,0.23062381852551986,0.3691376701966717,0.010035122930255895,-0.09504069090610157,-0.020626181474480115,-0.030782743651318722,-0.004785122930255895,1.11987698627571
CONTRASTIVE,LOGREG,82,1.0,4000,DOMAIN_OOD,3858,0.9923336099943415,0.005,0.00468384074941452,0.24503311258278146,0.5022827259999758,0.028395401999887326,0.8567633889620714,0.8484596111679501,0.9681159420289855,0.1731467081389321,0.2937554969217238,0.005702436495593572,334,11,1918,1595,0.7928184871741224,0.23062381852551986,0.3691376701966717,0.010035122930255895,-0.06394490178794898,0.05747711038658776,0.0753821732749479,-0.004332686434662323,1.0806551598157992
CONTRASTIVE,LOGREG,82,1.0,4000,TEMPLATE_OOD,6832,0.9923336099943415,0.005,0.00468384074941452,0.24503311258278146,0.5022827259999758,0.043153920000122525,0.8857651991269366,0.8726936437703273,0.9830890642615558,0.25526932084309134,0.40529862886358353,0.004391100702576112,872,15,3401,2544,0.7928184871741224,0.23062381852551986,0.3691376701966717,0.010035122930255895,-0.09294671195281423,-0.024645502317571483,-0.036160958666911824,-0.005644022227679783,1.1172358029693634
CONTRASTIVE,LOGREG,82,1.0,4000,DOMAIN_TEMPLATE_OOD,3708,0.9923336099943415,0.005,0.00468384074941452,0.24503311258278146,0.5022827259999758,0.020620750000034604,0.8506604804140104,0.8391148791673504,0.9727272727272728,0.17313915857605178,0.29395604395604397,0.0048543689320388345,321,9,1845,1533,0.7928184871741224,0.23062381852551986,0.3691376701966717,0.010035122930255895,-0.057841993239888034,0.05748465994946808,0.07518162624062774,-0.005180753998217061,1.0729574223805713
CONTRASTIVE,XGBOOST,82,1.0,4000,TEMPORAL,8000,0.9946367740631104,0.005,0.00468384074941452,0.09050772626931568,13.396271782999975,0.027736068999956842,0.8817076475049482,0.8671994062500001,0.9901960784313726,0.17675,0.2999575731862537,0.00175,707,7,3993,3293,0.7929133331668048,0.11058601134215501,0.19830508474576272,0.002508780732563974,-0.08879431433814344,-0.06616398865784498,-0.10165248844049099,-0.0007587807325639738,1.111984892451624
CONTRASTIVE,XGBOOST,82,1.0,4000,DOMAIN_OOD,3858,0.9946367740631104,0.005,0.00468384074941452,0.09050772626931568,13.396271782999975,0.013933048999888342,0.8441401399669972,0.8349843498096365,0.9775280898876404,0.09020217729393468,0.16516373991457048,0.002073613271124935,174,4,1925,1755,0.7929133331668048,0.11058601134215501,0.19830508474576272,0.002508780732563974,-0.051226806800192426,0.020383834048220334,0.03314134483119224,-0.00043516746143903865,1.0646058082988696
CONTRASTIVE,XGBOOST,82,1.0,4000,TEMPLATE_OOD,6832,0.9946367740631104,0.005,0.00468384074941452,0.09050772626931568,13.396271782999975,0.02318469500005449,0.8831678501374296,0.867485981728085,0.9919354838709677,0.18003512880562061,0.3047571853320119,0.0014637002341920376,615,5,3411,2801,0.7929133331668048,0.11058601134215501,0.19830508474576272,0.002508780732563974,-0.09025451697062481,-0.0694491174634656,-0.10645210058624918,-0.0010450804983719363,1.1138264589525297
CONTRASTIVE,XGBOOST,82,1.0,4000,DOMAIN_TEMPLATE_OOD,3708,0.9946367740631104,0.005,0.00468384074941452,0.09050772626931568,13.396271782999975,0.012982269000076485,0.8380649457147131,0.8268974979315256,0.9803921568627451,0.08090614886731391,0.14947683109118087,0.0016181229773462784,150,3,1851,1704,0.7929133331668048,0.11058601134215501,0.19830508474576272,0.002508780732563974,-0.04515161254790834,0.0296798624748411,0.04882825365458185,-0.0008906577552176954,1.0569439441352033
CONTRASTIVE,MLP,82,1.0,4000,TEMPORAL,8000,0.999319851398468,0.005,0.00468384074941452,0.2671081677704194,2.216381733000162,0.05859370799998942,0.8966471817492311,0.8891855625,0.9841112214498511,0.24775,0.3958458158577991,0.004,991,16,3984,3009,0.828279661015374,0.2523629489603025,0.4,0.005017561465127948,-0.0683675207338571,0.004612948960302482,0.004154184142200923,-0.0010175614651279476,1.082541590662804
CONTRASTIVE,MLP,82,1.0,4000,DOMAIN_OOD,3858,0.999319851398468,0.005,0.00468384074941452,0.2671081677704194,2.216381733000162,0.029452908999928695,0.8578395072267172,0.8561825843896911,0.9716312056737588,0.14204250907205807,0.24785165083672547,0.00414722654224987,274,8,1921,1655,0.828279661015374,0.2523629489603025,0.4,0.005017561465127948,-0.02955984621134322,0.11032043988824441,0.15214834916327455,-0.0008703349228780773,1.03568824347939
CONTRASTIVE,MLP,82,1.0,4000,TEMPLATE_OOD,6832,0.999319851398468,0.005,0.00468384074941452,0.2671081677704194,2.216381733000162,0.051346147999993264,0.8958285739448453,0.8876541512869592,0.9874572405929305,0.2535128805620609,0.4034474726298626,0.0032201405152224825,866,11,3405,2550,0.828279661015374,0.2523629489603025,0.4,0.005017561465127948,-0.0675489129294713,-0.0011499316017584138,-0.003447472629862558,-0.0017974209499054651,1.081553267705094
CONTRASTIVE,MLP,82,1.0,4000,DOMAIN_TEMPLATE_OOD,3708,0.999319851398468,0.005,0.00468384074941452,0.2671081677704194,2.216381733000162,0.026315346000046702,0.8553876937285273,0.8524255552879048,0.9740740740740741,0.1418554476806904,0.24764595103578155,0.0037756202804746495,263,7,1847,1591,0.828279661015374,0.2523629489603025,0.4,0.005017561465127948,-0.02710803271315332,0.11050750127961209,0.15235404896421847,-0.0012419411846532982,1.0327281158635744
